rank,ticker,benchmark,score,signal,abs_score,rel_score,sector_score,as_of,close,ret_20d_pct,rel_ret_20d_pct,money_flow_20d,up_vol_pct,pullback_vol_ratio,mf_pos_days_pct,vs_vwap_10d_pct,dist_days,ext_atr,composite,flags,mf_z,up_vol_z,pullback_z,consistency_z,vwap_z,last_hour_z,trade_size_z,own_mf_z,own_up_vol_z,own_pullback_z,own_consistency_z,own_vwap_z,own_last_hour_z,own_trade_size_z,date,fwd_5,xs_bench_5,xs_spy_5,fwd_10,xs_bench_10,xs_spy_10,fwd_15,xs_bench_15,xs_spy_15
1,AER,XLI,97.9,Strong,97.0,98.9,28.2,2025-09-02,123.69,14.03,14.4,0.086,56.0,,75.0,0.26,1,4.17,2.507,extended >3 ATR above 20d avg,2.3,2.37,,2.47,3.0,2.45,3.0,1.66,0.73,,2.7,3.0,2.49,3.0,2025-09-02,-2.457757296466967,-2.2688361710368365,-3.653340892681489,-3.4440941062333197,-4.321227902873215,-6.13336855418285,-1.7301317810655692,-3.821758526899177,-5.2190907716018415
2,SHC,XLV,97.8,Strong,98.3,97.4,70.2,2025-09-02,16.16,43.1,39.73,0.149,61.3,0.54,75.0,0.27,2,2.39,2.069,,2.42,2.12,-2.04,2.7,1.93,1.4,0.7,2.93,2.02,-2.22,3.0,1.99,1.72,0.7,2025-09-02,-1.862197392923648,-2.9423523392883566,-3.05778098913817,1.1793916821849937,1.313479882423374,-1.5098827657645364,-0.6828057107386654,-1.0254755557922879,-4.171764701274938
3,HALO,XBI,97.6,Strong,98.1,97.1,95.9,2025-09-02,73.32,22.2,15.18,0.118,61.3,,80.0,0.1,1,3.19,2.005,extended >3 ATR above 20d avg,2.31,3.0,,3.0,0.12,0.17,1.55,3.0,3.0,,3.0,0.39,0.32,1.55,2025-09-02,3.637106661217815,1.5969512208032999,2.4415230650032926,3.351042092357992,2.6386068591973677,0.6617676444084619,5.63955864323662,1.6348090750155642,2.150599652700347
4,BE,XLI,96.5,Strong,95.2,97.8,28.2,2025-09-02,51.31,42.15,42.52,0.084,56.0,,65.0,0.79,2,1.9,2.142,,3.0,2.0,,2.47,3.0,0.36,0.51,3.0,0.37,,2.7,2.69,0.39,0.51,2025-09-02,6.042208730847065,6.231129856277196,4.846625134632543,41.27397128264432,40.39683748600442,38.58469683469479,49.108605570010596,47.01697882417699,45.61964657947432
5,ZM,IGV,96.0,Strong,93.3,98.8,6.7,2025-09-02,81.92,13.67,16.99,0.046,59.4,0.66,60.0,0.28,3,2.76,2.44,,3.0,3.0,-3.0,3.0,2.71,0.14,1.7,1.39,2.75,-1.21,1.35,3.0,0.35,1.7,2025-09-02,4.249360769511767,1.324076625669779,3.053777173297245,3.74406428832339,-1.2680467606797752,1.0547898403738598,0.5479118470717248,-7.845976731277427,-2.941047143464548
6,INTC,SMH,92.9,Strong,90.7,95.2,29.5,2025-09-02,24.23,24.38,25.7,0.012,53.8,0.73,55.0,-0.0,4,0.85,1.739,4 distribution days in 20,1.52,3.0,-3.0,3.0,0.23,1.77,-0.78,1.67,1.72,-2.34,3.0,0.96,0.97,-0.78,2025-09-02,1.4736405147363962,-2.1602478505374334,0.278056918521874,4.81527604815275,-2.1034239902456786,2.12600160020322,21.83478621834787,9.885891046078534,18.345827227811597
7,GOOG,QQQ,92.6,Strong,90.4,94.9,31.0,2025-09-02,211.18,8.26,7.99,0.049,56.3,0.81,65.0,0.21,1,1.62,1.717,,1.96,3.0,-2.78,2.02,-0.28,-0.25,-0.33,1.39,2.2,-2.15,1.35,1.08,-0.21,-0.33,2025-09-02,6.0945880058508095,4.129819555226222,4.899004409636287,11.147555516156181,7.304595641957911,8.458281068206652,11.55090643145249,6.361585442707506,8.061947440916217
8,AVNT,XLB,92.4,Strong,88.8,96.1,27.5,2025-09-02,35.27,7.79,3.53,0.07,56.6,1.0,60.0,0.11,1,1.02,1.855,,3.0,2.43,-2.53,0.67,1.71,1.19,-1.56,3.0,1.37,0.22,1.01,1.81,1.65,-1.56,2025-09-02,1.3382687927107284,2.433240859749841,0.14268519649620615,-1.2813211845102424,-0.3204273297616411,-3.9705956324597724,-5.096810933940777,-3.979492498186588,-8.585769924477049
9,BWA,XLY,91.7,Strong,92.7,90.8,87.1,2025-09-02,42.14,11.9,6.69,0.088,57.7,0.94,75.0,0.1,1,1.94,1.392,,3.0,1.3,-0.95,2.7,0.18,0.3,-1.67,3.0,1.83,0.54,3.0,1.16,1.42,-1.67,2025-09-02,1.0294805802526952,-1.2229295862679068,-0.16610301596182708,0.6785212915301875,-4.395974764560973,-2.0107531564193426,1.123069723912029,-2.2949846143877073,-2.3658892666242437
10,NESR,OIH,91.3,Strong,98.2,84.9,89.9,2025-09-02,9.38,47.25,39.21,0.09,63.0,,65.0,0.37,1,4.08,1.113,extended >3 ATR above 20d avg,0.12,2.38,,1.35,1.09,0.05,1.48,2.42,2.58,,3.0,2.03,0.93,1.48,2025-09-02,4.385026737967923,4.132278603489881,3.189443141753401,11.55080213903743,9.059427670610875,8.8615276910879,10.962566844919785,7.632710470050163,7.473607854383512
11,PH,XLI,84.6,Strong,79.5,90.1,28.2,2025-09-02,743.67,4.6,4.97,0.116,58.1,1.17,65.0,0.14,4,0.62,1.354,4 distribution days in 20,3.0,3.0,0.91,1.12,2.22,1.39,0.24,3.0,1.5,1.18,1.35,1.22,1.42,0.24,2025-09-02,0.9209764504705786,1.109897575900709,-0.2746071457439436,0.6934252514507966,-0.18370854518909852,-1.9958491964987335,1.6224804427149797,-0.46914630311862826,-1.866478547821293
12,PAY,IGV,80.8,Strong,68.4,95.5,6.7,2025-09-02,37.55,28.29,31.61,0.147,55.2,0.88,80.0,0.23,4,0.84,1.777,4 distribution days in 20,3.0,1.91,-3.0,3.0,-0.3,1.23,0.32,1.36,0.83,0.39,2.02,0.75,1.44,0.32,2025-09-02,-5.049293898214769,-7.974578042056757,-6.244877494429291,-11.830535571542756,-16.84264662054592,-14.519810019492287,-13.749000799360523,-22.142889377709675,-17.237959789896795
13,AXTA,XLB,79.9,Strong,71.8,88.9,27.5,2025-09-02,31.04,10.46,6.2,0.005,52.6,0.98,50.0,0.02,2,1.09,1.288,,3.0,2.46,-1.11,1.01,0.86,-0.94,-2.8,3.0,1.41,1.64,1.35,0.96,-0.47,-2.8,2025-09-02,1.4867485455720697,2.5817206126111825,0.29116494935754744,-0.42016806722690037,0.5407257875217009,-3.1094425151764304,-5.591467356173241,-4.4741489204190525,-9.080426346709514
14,GOOGL,QQQ,79.6,Strong,72.0,88.0,31.0,2025-09-02,210.58,8.35,8.08,0.048,55.1,0.81,60.0,0.23,1,1.63,1.246,,1.87,2.76,-2.08,1.35,-0.38,-0.31,-3.0,1.29,1.09,-1.44,0.67,0.98,-0.27,-3.0,2025-09-02,6.037886517900715,4.073118067276127,4.842302921686192,11.153010070538127,7.310050196339856,8.463735622588597,11.365955370214277,6.1766343814692934,7.876996379678004
15,FLYW,IGV,79.5,Strong,66.7,94.7,6.7,2025-09-02,13.13,27.34,30.66,0.008,58.0,0.72,40.0,0.09,2,1.78,1.687,,2.38,2.97,-3.0,2.02,-0.55,0.2,-3.0,0.72,1.89,-1.45,-0.67,0.5,0.41,-3.0,2025-09-02,-0.1908396946564861,-3.1161238384984746,-1.3864232908710084,1.8702290076336059,-3.141882041369559,-0.8190454403159242,-0.3053435114503733,-8.699232089799526,-3.794302501986646
16,TER,SMH,77.8,Strong,69.3,87.3,29.5,2025-09-02,120.27,14.09,15.4,0.014,55.6,0.77,50.0,0.08,0,2.46,1.215,,0.96,2.78,-1.49,1.35,0.25,-0.33,0.01,1.1,0.65,-0.67,1.35,0.99,-1.12,0.01,2025-09-02,-4.508401264348693,-8.142289629622523,-5.7039848605632155,-5.4233904508401265,-12.342090489238554,-8.112664898789657,11.819996672766608,-0.1288984995027267,8.331037682230335
17,TMO,XLV,77.6,Strong,82.4,73.0,70.2,2025-09-02,484.88,4.37,0.99,0.005,55.5,0.92,50.0,0.08,0,0.56,0.748,,0.19,3.0,-1.2,-0.54,0.58,0.86,-3.0,0.7,3.0,-1.38,0.13,0.64,1.17,-3.0,2025-09-02,-0.9012353317247257,-1.9813902780894344,-2.096818927939248,-1.171399698900788,-1.0373114986624077,-3.860674146850318,-3.4482047474684974,-3.79087459252212,-6.93716373800477
18,SLB,OIH,76.5,Strong,91.1,64.3,89.9,2025-09-02,34.77,9.31,1.26,0.059,55.0,1.18,60.0,0.26,2,2.13,0.544,heavy selling into close today,0.74,1.58,0.76,0.67,1.28,0.66,-1.78,3.0,1.78,1.53,2.7,2.22,1.54,-1.78,2025-09-02,1.2467381849811554,0.993990050503113,0.05115458876663315,-0.28993911278631934,-2.781313581212874,-2.9792135607358494,-2.3485068135691622,-5.678363188438784,-5.837465804105435
19,CVX,SPY,76.5,Strong,71.4,81.9,,2025-09-02,155.69,8.36,6.9,0.022,54.5,0.89,60.0,0.17,0,2.92,1.003,,0.77,3.0,-1.66,0.0,-0.25,-0.37,0.08,0.73,0.8,-1.05,0.67,1.12,-0.05,0.08,2025-09-02,-3.2287403365166,-4.424323932731122,-4.424323932731122,-0.27285129604366354,-2.9621257439931936,-2.9621257439931936,-1.5981290196842801,-5.087088010220553,-5.087088010220553
20,SNDK,XLK,76.3,Strong,64.0,90.9,2.6,2025-09-02,51.04,20.07,20.97,0.045,57.2,1.3,75.0,0.39,5,2.54,1.401,5 distribution days in 20,3.0,3.0,-0.1,3.0,0.35,1.5,-0.73,1.31,2.2,2.28,3.0,1.57,0.78,-0.73,2025-09-02,35.78582434514637,34.1747860348095,34.59024074893185,76.29044684129428,71.99691411948744,73.60117239334475,104.96918335901388,97.53065718927674,101.48022436847761
21,A,XLV,76.1,Strong,80.8,71.6,70.2,2025-09-02,124.21,8.98,5.61,-0.009,55.3,0.82,55.0,0.21,2,2.25,0.713,,-0.43,1.34,-1.09,-0.34,2.75,1.46,-0.77,0.09,1.24,-1.27,0.34,2.81,1.78,-0.77,2025-09-02,1.0647737355812037,-0.015381210783504962,-0.13080986063331856,1.7423570218601192,1.8764452220984995,-0.9469174260894109,0.7905138339920903,0.4478439889384678,-2.6984451565441825
22,PANW,IGV,73.9,Strong,61.9,88.2,6.7,2025-09-02,190.5,11.4,14.72,0.006,57.5,0.83,55.0,-0.02,4,2.31,1.254,4 distribution days in 20,0.62,3.0,-3.0,2.7,-0.66,-1.73,2.51,-1.04,2.86,-2.25,0.0,0.38,-1.52,2.51,2025-09-02,4.562053453294523,1.6367693094525348,3.366469857080001,6.551997883037863,1.5398868340346983,3.8627234350883333,7.58401693569728,-0.8098716426518724,4.095057945161007
23,IREN,XLF,72.3,Strong,81.1,64.5,78.3,2025-09-02,29.12,76.65,73.37,0.03,52.6,0.5,55.0,0.66,1,3.6,0.548,extended >3 ATR above 20d avg,2.09,-0.39,-3.0,-1.35,-0.4,0.09,-1.2,2.51,-0.66,-3.0,0.0,0.99,0.62,-1.2,2025-09-02,0.532800532800537,0.8566100566100632,-0.6627830634139853,21.37862137862139,21.24528804528805,18.68934693067186,39.0942390942391,38.2942390942391,35.605280103702825
24,LITE,XLK,70.8,Strong,53.0,94.6,2.6,2025-09-02,132.5,19.15,20.06,0.079,56.3,0.92,65.0,0.39,4,2.01,1.686,4 distribution days in 20,3.0,3.0,-1.72,2.7,-0.14,-0.49,1.95,1.82,0.64,0.66,0.67,1.09,-1.21,1.95,2025-09-02,14.651654828472104,13.040616518135238,13.456071232257582,29.076620825147348,24.78308810334051,26.38734637719782,23.961009520930943,16.522483351193795,20.47205053039467
25,UBER,IGV,70.4,Strong,53.3,93.1,6.7,2025-09-02,92.81,4.92,8.24,0.002,52.5,1.11,55.0,0.22,2,-0.11,1.548,,1.71,1.84,-2.62,3.0,0.47,-0.16,-1.56,0.06,0.76,1.28,2.02,1.51,0.05,-1.56,2025-09-02,2.900269541778977,-0.025014602063011537,1.7046859455644547,5.514824797843665,0.5027137488404998,2.825550349894135,5.43396226415096,-2.959926314198192,1.9450032736146872
26,MPC,XLE,69.5,Moderate,93.3,51.8,94.6,2025-09-02,177.2,7.83,1.82,0.073,56.2,0.94,60.0,0.41,1,3.84,0.285,extended >3 ATR above 20d avg,1.17,-1.25,-0.88,-0.0,2.55,-0.41,-1.07,3.0,1.05,-1.29,0.67,3.0,1.6,-1.07,2025-09-02,1.8018526886579345,4.250455137260389,0.6062690924434122,1.6775869859918746,1.7006870090918946,-1.0116874619576555,6.049480343425229,5.887780181725066,2.560521352888956
27,CGNX,XLK,64.3,Moderate,43.0,96.3,2.6,2025-09-02,44.0,7.03,7.94,0.034,53.0,0.97,60.0,0.12,2,1.14,1.877,,3.0,2.26,-2.25,2.7,0.29,-0.02,-0.27,0.53,-0.69,0.13,0.67,1.52,-0.74,-0.27,2025-09-02,0.2045919527165152,-1.40644635762035,-0.9909916434980071,-0.022732439190731313,-4.316265160997568,-2.7120068871402614,4.864741986815191,-2.5737841829219565,1.375782996278918
28,FIVE,XRT,62.6,Moderate,62.5,62.8,57.5,2025-09-02,149.65,9.75,3.71,0.1,56.3,0.77,65.0,0.16,3,1.88,0.512,,0.89,1.13,0.8,0.67,1.25,0.65,1.23,1.34,0.4,0.06,0.67,0.92,0.3,1.23,2025-09-02,-3.405405405405404,-6.232429842396304,-4.600989001619926,0.7297297297297334,-2.9837345730972853,-1.9595447182197967,4.648648648648646,1.402362112951483,1.1596896581123728
29,EXLS,XLK,60.0,Moderate,38.2,94.1,2.6,2025-09-02,43.31,1.79,2.69,0.014,52.6,1.17,60.0,0.02,0,0.31,1.639,,3.0,3.0,-1.01,2.7,-0.84,0.33,-1.92,0.66,0.59,1.36,0.67,0.39,-0.39,-1.92,2025-09-02,1.846722068328699,0.2356837579918336,0.6511384721141766,-2.2853185595567926,-6.5788512813636295,-4.974593007506323,-0.3693444136657509,-7.807870583402899,-3.8583034042020237
30,NTAP,IGV,56.1,Moderate,37.5,84.0,6.7,2025-09-02,113.39,11.76,15.08,0.038,50.9,0.87,60.0,0.24,4,2.07,1.08,4 distribution days in 20,2.34,-0.32,-3.0,3.0,0.72,-0.66,0.27,0.68,-1.4,-0.57,1.35,1.77,-0.45,0.27,2025-09-02,6.691941456533246,3.7666573126912573,5.4963578603187235,6.912361135602185,1.9002500865990202,4.223086687652655,6.9476282842532155,-1.4462602940959366,3.4586692937169428
31,SITM,SMH,48.5,Weak,36.8,63.9,29.5,2025-09-02,232.32,16.11,17.43,0.068,54.2,1.17,60.0,0.03,3,0.77,0.536,,1.05,2.11,1.94,2.02,-0.25,0.31,0.8,1.19,-0.03,2.75,2.02,0.49,-0.49,0.8,2025-09-02,6.936041486603273,3.302153121329443,5.74045789038875,24.8401037165082,17.92140367810977,22.15082926855867,37.5799481417459,25.631052969476567,34.09098915120963
32,FCX,COPX,48.1,Weak,87.8,26.3,97.7,2025-09-02,44.47,11.12,-3.83,0.049,52.6,0.82,55.0,0.36,1,2.6,-0.265,,1.24,-0.36,3.0,0.67,0.31,0.61,-2.28,3.0,0.29,0.14,2.02,2.11,1.95,-2.28,2025-09-02,-3.060084878266711,-5.054386872568706,-4.255668474481233,0.1340183158364816,-6.337288155469989,-2.5552561321130485,0.29037301764573975,-6.832134104861387,-3.198585972890533
33,CTVA,XLB,46.8,Weak,34.4,63.6,27.5,2025-09-02,73.22,3.01,-1.25,0.063,55.6,1.24,75.0,0.23,3,1.35,0.529,,0.53,1.66,-0.59,0.67,1.58,-0.07,-2.12,0.38,0.61,2.16,1.01,1.67,0.4,-2.12,2025-09-02,-1.3465237702665611,-0.25155170322744835,-2.5421073664810834,-4.850233580654029,-3.889339725905428,-7.539508028603559,-5.427315196482551,-4.309996760728362,-8.916274187018825
34,EXPE,XLY,45.1,Weak,70.3,28.9,87.1,2025-09-02,210.53,14.86,9.66,0.022,55.2,0.54,40.0,0.14,2,1.7,-0.199,,-1.06,1.72,-3.0,-3.0,-0.22,-1.96,-2.75,0.86,2.25,-2.45,-1.35,0.77,-0.84,-2.75,2025-09-02,2.4996442631503912,0.24723409662978924,1.304060666935869,5.919461177251817,0.8449651211606568,3.230186729302287,4.178722193236251,0.7606678549365142,0.6897632026999778
35,TTC,XLI,42.3,Weak,30.5,58.6,28.2,2025-09-02,79.95,9.43,9.8,0.017,55.0,0.82,45.0,0.07,5,1.69,0.424,5 distribution days in 20,1.16,1.62,-1.48,-0.56,1.44,0.12,-0.52,0.52,-0.01,-1.2,-0.34,0.45,0.15,-0.52,2025-09-02,-2.962591011800153,-2.7736698863700227,-4.158174608014676,-2.0336429826763647,-2.9107767793162598,-4.722917430625895,-4.971127290986688,-7.062754036820296,-8.460086281522962
36,FIGS,XLY,40.2,Weak,62.3,25.9,87.1,2025-09-02,6.72,8.21,3.01,0.012,54.2,0.9,60.0,0.02,2,-0.33,-0.277,,-1.33,-0.37,-1.99,-0.67,-0.8,-0.64,-0.09,0.6,0.16,-0.5,1.35,0.19,0.48,-0.09,2025-09-02,-0.894187779433675,-3.146597945954277,-2.0897713756481973,9.165424739195238,4.090928683104078,6.476150291245708,2.3845007451564815,-1.033553593143255,-1.1044582453797913
37,QCOM,SMH,38.5,None,27.6,53.7,29.5,2025-09-02,154.67,7.64,8.95,-0.025,51.3,1.04,40.0,0.18,1,1.17,0.324,,-0.89,1.95,-0.28,-0.67,1.76,1.51,-3.0,-0.74,-0.18,0.53,-0.67,2.49,0.71,-3.0,2025-09-02,0.10949375241531278,-3.524394612858517,-1.0860898437992095,3.542444931083355,-3.3762551073150737,0.8531704831338249,6.9947185366482145,-4.9541766356211205,3.5057595461119417
38,FTI,OIH,35.3,None,60.2,20.7,89.9,2025-09-02,37.43,5.32,-2.72,-0.003,54.0,0.75,55.0,0.2,0,2.33,-0.421,,-1.97,-0.72,-2.92,-1.35,0.58,-0.46,-2.59,0.34,-0.53,-2.15,0.67,1.52,0.42,-2.59,2025-09-02,2.066115702479343,1.8133675680013006,0.8705321062648208,0.387396694214881,-2.103977774211674,-2.301877753734649,2.556818181818188,-0.7730381930514341,-0.9321408087180849
39,AMRX,XPH,34.4,None,89.7,13.2,94.9,2025-09-02,9.58,20.05,8.14,0.128,56.9,0.81,65.0,0.18,1,1.8,-0.693,,-2.2,-1.41,-0.93,-0.67,0.62,-0.03,-0.94,2.19,1.4,-0.51,2.02,1.82,0.68,-0.94,2025-09-02,3.721174004192873,3.2748403166264595,2.525590407978351,2.2012578616352307,5.028037882889214,-0.48801658631429934,3.1446540880503138,4.207353344160836,-0.344304902485959
40,BTSG,XLV,32.2,None,38.2,27.2,70.2,2025-09-02,23.88,23.16,19.79,0.07,50.9,0.66,55.0,0.16,1,1.78,-0.243,,0.67,0.09,-0.35,-1.35,0.13,-2.63,-0.02,1.18,-0.01,-0.53,-0.67,0.19,-2.31,-0.02,2025-09-02,10.189075630252109,9.108920683887401,8.993492034037587,13.949579831932768,14.083668032171149,11.260305383983237,17.605042016806706,17.262372171753086,14.116083026270434
41,GLW,XLK,30.8,None,11.3,83.9,2.6,2025-09-02,67.88,8.3,9.2,0.013,52.0,0.82,40.0,0.05,1,2.17,1.074,,2.77,1.57,-2.1,0.0,-0.86,0.94,-3.0,-0.11,-1.38,0.28,-2.02,0.37,0.22,-3.0,2025-09-02,5.358978123623559,3.7479398132866937,4.163394527409037,14.56467479077963,10.271142068972793,11.875400342830101,17.926882983409186,10.488356813672038,14.437923992872914
42,MRK,XLV,27.2,None,32.7,22.6,70.2,2025-09-02,82.22,6.99,3.62,-0.026,49.3,0.89,50.0,-0.09,1,1.26,-0.365,,-0.1,-0.15,0.12,0.45,-1.48,-0.48,-2.45,0.41,-0.25,-0.06,1.12,-1.42,-0.16,-2.45,2025-09-02,-0.8767657087189518,-1.9569206550836604,-2.072349304933474,-4.042864101315158,-3.9087759010767775,-6.732138549264688,-5.406721870433506,-5.749391715487128,-8.89568086096978
43,CDE,GDX,27.1,None,92.9,7.9,98.8,2025-09-02,13.64,48.42,30.51,0.12,57.1,,75.0,0.29,2,4.13,-0.977,extended >3 ATR above 20d avg,-1.89,-0.17,,-0.67,-0.72,-0.77,-2.09,3.0,1.1,,3.0,0.38,0.74,-2.09,2025-09-02,3.918722786647333,1.7956458635704164,2.7231391904328106,17.9245283018868,12.524528301886793,15.23525385393727,30.696661828737316,17.312046444121922,27.207702838201044
44,EOG,XOP,26.8,None,79.6,9.0,98.0,2025-09-02,121.88,7.74,-0.69,0.036,54.5,1.24,70.0,0.22,2,3.19,-0.909,extended >3 ATR above 20d avg,-1.94,0.5,3.0,0.67,0.14,-0.34,-3.0,1.36,1.93,2.12,3.0,2.7,0.66,-3.0,2025-09-02,-6.079681934896053,-2.8369799399796225,-7.275265531110575,-3.2800463844943284,-3.3339630447423385,-5.9693208324438585,-7.421519092189188,-8.022304734952812,-10.910478082725461
45,WAY,XLV,25.9,None,31.3,21.5,70.2,2025-09-02,37.04,6.87,3.5,-0.011,51.8,0.97,50.0,-0.05,2,1.29,-0.397,,-0.58,0.67,1.68,-0.67,0.48,-1.64,1.32,-0.07,0.57,1.5,0.0,0.54,-1.32,1.32,2025-09-02,10.690121786197547,9.60996683983284,9.494538189983025,3.488497970230031,3.6225861704684115,0.7992235222805011,2.2056833558863342,1.8630135108327117,-1.2832756346499385
46,ADI,SMH,24.1,None,15.9,36.5,29.5,2025-09-02,245.28,12.16,13.48,0.012,50.0,0.65,50.0,0.14,2,1.73,-0.026,,-1.09,-0.68,-2.3,-0.67,1.58,-1.5,0.81,-0.95,-2.82,-1.49,-0.67,2.32,-2.3,0.81,2025-09-02,0.004080300310094209,-3.6298080649637354,-1.191503295904428,-1.640280724661336,-8.558980763059765,-4.329555172610866,-0.5508405418638951,-12.49973571413323,-4.039799532400168
47,SSRM,GDX,22.7,None,95.2,5.4,98.8,2025-09-02,19.92,58.6,40.69,0.139,63.6,0.7,75.0,0.55,2,5.01,-1.177,extended >3 ATR above 20d avg,-1.89,-0.19,2.21,-2.02,-0.01,-1.33,0.96,3.0,1.07,-1.84,2.7,1.09,0.18,0.96,2025-09-02,5.174129353233825,3.0510524301569086,3.978545757019303,7.064676616915411,1.664676616915406,4.375402168965881,14.875621890547253,1.4910065059318587,11.386662900010979
48,RGLD,GDX,18.5,None,89.7,3.8,98.8,2025-09-02,181.46,16.95,-0.96,0.057,57.8,0.74,70.0,0.12,0,2.69,-1.364,,-3.0,-0.22,1.45,-3.0,-0.18,-0.23,0.43,0.84,1.05,-2.6,1.69,0.93,1.28,0.43,2025-09-02,0.2790544977019138,-1.8440224253750026,-0.9165290985126084,3.3869555701466325,-2.0130444298533723,0.6976811221971024,4.109214270080996,-9.275401114534397,0.6202552795447236
49,PSX,XLE,17.0,None,56.6,5.1,94.6,2025-09-02,129.98,11.28,5.28,0.0,51.7,0.88,55.0,0.21,0,3.46,-1.207,extended >3 ATR above 20d avg,-2.3,-2.21,0.13,0.0,0.86,-1.92,-2.2,0.15,0.09,-0.29,0.67,3.0,0.09,-2.2,2025-09-02,0.5950516755402369,3.0436541241426918,-0.6005319206742854,1.1744440964610137,1.1975441195610337,-1.5148303514885164,0.6185405574694602,0.4568403957692979,-2.8704184330668125
50,CHRD,XOP,16.3,None,60.1,4.4,98.0,2025-09-02,107.04,7.29,-1.15,-0.007,55.4,1.57,55.0,0.25,4,3.14,-1.293,4 distribution days in 20; extended >3 ATR above 20d avg,-1.99,1.41,3.0,-1.57,-0.45,-0.99,0.09,1.31,2.84,3.0,1.12,2.11,0.0,0.09,2025-09-02,-6.368821292775673,-3.1261192978592423,-7.564404888990195,-3.0133079847908806,-3.0672246450388907,-5.70258243274041,-7.034220532319402,-7.635006175083026,-10.523179522855674
51,GTES,XLI,15.7,None,10.0,24.7,28.2,2025-09-02,25.05,1.68,2.05,0.038,54.0,1.37,60.0,-0.02,5,0.49,-0.308,5 distribution days in 20,1.56,1.63,3.0,0.79,0.47,-0.68,-1.84,0.92,-0.01,3.0,1.01,-0.53,-0.65,-1.84,2025-09-02,0.21903624054162574,0.40795736597175614,-0.9765473556728965,0.5774591796097184,-0.2996746170301767,-2.1118152683398117,1.1150935882118684,-0.9765331576217395,-2.3738654023244044
52,REGN,XBI,14.7,None,41.6,5.2,95.9,2025-09-02,574.72,1.22,-5.8,-0.046,52.8,0.84,45.0,-0.12,2,0.29,-1.2,,-3.0,-0.96,0.54,-1.35,0.32,-0.33,-1.39,-1.24,0.1,-2.18,0.0,0.58,-0.18,-1.39,2025-09-02,-4.338364823322161,-6.378520263736676,-5.533948419536683,-1.1968498497461177,-1.909285082906742,-3.886124297695648,-2.410970260094647,-6.415719828315702,-5.89992925063092
53,COP,XOP,11.3,None,47.6,2.7,98.0,2025-09-02,95.97,7.46,-0.98,0.03,57.2,1.11,50.0,0.21,3,2.22,-1.547,,-2.64,0.88,3.0,-2.36,-0.7,0.71,-3.0,0.66,2.31,3.0,0.34,1.86,1.7,-3.0,2025-09-02,-5.905969360802965,-2.6632673658865347,-7.101552957017487,-3.1801373481246786,-3.2340540083726887,-5.869411796074209,-4.2577918647649255,-4.858577507528549,-7.746750855301198
54,NEM,GDX,10.5,None,79.0,1.4,98.8,2025-09-02,74.91,15.94,-1.97,0.067,58.7,0.87,75.0,0.2,0,3.63,-1.883,extended >3 ATR above 20d avg,-3.0,0.53,2.47,-2.7,-0.77,-2.84,-3.0,1.29,1.8,-1.58,2.02,0.33,-1.33,-3.0,2025-09-02,-0.1725511016724357,-2.295628024749352,-1.368134697886958,3.9421290151314015,-1.4578709848686033,1.2528545671818714,11.34855322537829,-2.0360621592371047,7.8595942348420165
55,SOFI,XLF,9.9,None,14.8,6.6,78.3,2025-09-02,24.89,14.04,10.76,0.028,53.6,0.98,55.0,0.11,4,0.8,-1.072,4 distribution days in 20,0.09,-0.14,1.26,0.0,-1.47,-3.0,-1.37,0.51,-0.41,1.11,1.35,-0.07,-2.54,-1.37,2025-09-02,3.507373455559981,3.8311829793695074,2.311789859345459,9.286568353925873,9.153235020592533,6.5972939059763425,15.902750099641283,15.102750099641282,12.41379110910501
56,PARR,XLE,9.1,None,35.8,2.3,94.6,2025-09-02,35.39,15.92,9.92,0.073,55.5,1.03,65.0,0.74,5,3.12,-1.631,5 distribution days in 20; extended >3 ATR above 20d avg,-2.41,-2.53,1.46,0.67,-0.84,-0.05,1.35,0.04,-0.23,1.04,1.35,1.3,1.96,1.35,2025-09-02,4.382929642445221,6.831532091047676,3.187346046230699,2.1626297577854725,2.1857297808854925,-0.5266446901640576,7.410611303344861,7.248911141644698,3.921652312808588
1,MPC,XLE,98.0,Strong,99.2,96.8,51.8,2025-09-09,180.23,16.2,12.24,0.157,60.8,,75.0,0.37,0,2.83,1.958,,3.0,1.77,,1.35,3.0,1.82,-0.97,3.0,2.75,,3.0,3.0,3.0,-0.97,2025-09-09,0.011111728429336054,-2.2814904932676683,-0.9519178603058398,4.311350630590582,1.8296678132897037,2.562079493564351,5.322517917662073,2.6753895792078097,3.1312766795254854
2,DOCN,IGV,98.0,Strong,98.9,97.2,3.5,2025-09-09,34.29,16.0,14.07,0.029,54.6,0.43,65.0,0.19,1,2.09,2.031,,3.0,2.96,-3.0,3.0,-1.97,-0.08,1.06,3.0,2.75,-3.0,2.7,0.95,2.28,1.06,2025-09-09,3.8296656187482014,4.350361056044116,2.8666360300130256,5.630180051443268,2.9472747474101,3.880908914417036,-2.3435267219205524,-3.817359569859846,-4.53476796005714
3,MDB,IGV,97.9,Strong,98.6,97.3,3.5,2025-09-09,331.12,64.68,62.75,0.062,58.5,0.47,60.0,0.78,2,4.16,2.051,extended >3 ATR above 20d avg,3.0,2.57,-3.0,3.0,0.32,-1.37,0.99,3.0,2.37,-3.0,2.02,3.0,0.99,0.99,2025-09-09,-2.020958083832336,-1.500262646536421,-2.983987672567512,-4.4580838323353245,-7.140989136368492,-6.207354969361556,-7.056886227544911,-8.530719075484205,-9.248127465681499
4,GOOG,QQQ,97.3,Strong,98.2,96.5,7.0,2025-09-09,239.36,19.18,17.83,0.077,58.1,0.64,70.0,0.46,2,4.38,1.911,extended >3 ATR above 20d avg,2.69,3.0,-2.76,2.7,0.06,-1.39,0.15,1.93,3.0,-2.88,2.02,3.0,1.15,0.15,2025-09-09,5.078779751927587,3.8071114195706857,4.115750163192411,5.460107274555814,2.8754155421230942,3.710836137529583,1.789306067717078,-1.1710275298291828,-0.40193517041950955
5,GOOGL,QQQ,95.5,Strong,96.6,94.5,7.0,2025-09-09,239.02,19.33,17.98,0.078,57.4,0.64,70.0,0.48,1,4.38,1.673,extended >3 ATR above 20d avg,2.29,2.45,-3.0,2.7,0.06,-1.42,-1.03,1.52,2.18,-3.0,2.02,3.0,1.12,-1.03,2025-09-09,5.149404062447549,3.877735730090648,4.186374473712373,5.350847742152087,2.766156009719367,3.6015766051258558,1.7542387107604585,-1.2060948867858023,-0.4370025273761291
6,NESR,OIH,94.4,Strong,98.9,90.2,38.0,2025-09-09,9.76,44.59,35.72,0.138,63.8,,70.0,0.58,1,3.03,1.36,extended >3 ATR above 20d avg,0.79,1.93,,2.02,2.19,0.39,0.02,3.0,2.95,,3.0,2.48,1.51,0.02,2025-09-09,6.974358974358963,4.921069316707061,6.011329385623787,6.41025641025641,3.5220688178783544,4.660985273230178,5.230769230769239,3.189463753998578,3.0395279926326513
7,HALO,XBI,94.4,Strong,98.4,90.5,83.7,2025-09-09,76.08,20.97,9.5,0.131,62.1,,85.0,0.21,1,2.73,1.379,,1.54,3.0,,3.0,-0.97,-1.75,0.78,3.0,3.0,,3.0,0.8,0.9,0.78,2025-09-09,-0.5635648754914735,0.9563844595306903,-1.5265944642266494,1.6382699868938477,-0.0611178112906563,-0.11100115013238376,-3.9056356487549237,-9.183237506470787,-6.096876886891511
8,AXTA,XLB,91.9,Strong,93.0,90.9,4.5,2025-09-09,31.4,10.7,7.98,0.061,55.6,0.95,55.0,0.23,2,0.48,1.398,,3.0,3.0,-1.06,1.01,1.52,-1.4,-3.0,3.0,3.0,1.02,2.02,2.37,1.09,-3.0,2025-09-09,-1.0597302504817052,-1.2858722676685086,-2.022759839216881,-6.197816313423243,-6.265658918579287,-7.947087450449475,-8.140655105973027,-7.6883710715994535,-10.331896344109614
9,SNDK,XLK,91.3,Strong,93.9,88.7,2.6,2025-09-09,70.5,62.55,62.15,0.097,64.8,1.05,85.0,1.17,3,6.54,1.281,extended >3 ATR above 20d avg,3.0,3.0,0.69,3.0,-0.11,-1.83,0.96,2.44,3.0,1.06,3.0,3.0,0.0,0.96,2025-09-09,26.387738193869104,25.785462931767825,25.42470860513393,46.94835680751173,43.31239874371518,45.199085670485495,54.8191107428887,50.521393440487024,52.62786950475211
10,PANW,IGV,90.4,Strong,93.7,87.3,3.5,2025-09-09,197.57,17.48,15.55,0.037,59.3,0.72,70.0,0.16,1,2.82,1.216,,-0.35,3.0,-3.0,3.0,-0.89,-2.5,1.26,-0.4,3.0,-2.9,2.02,2.03,-0.13,1.26,2025-09-09,1.697226852553424,2.217922289849339,0.7341972638182481,2.682224579481751,-0.0006807245514162119,0.9329534424555197,2.853967772894883,1.3801349249555894,0.6627265347582956
11,LLY,SPY,89.6,Strong,98.4,81.5,,2025-09-09,745.72,18.34,16.06,0.084,58.5,0.56,60.0,0.31,0,2.16,0.992,,-0.0,2.45,-3.0,0.67,-1.21,0.74,-1.08,1.79,3.0,-3.0,2.02,2.49,3.0,-1.08,2025-09-09,2.1764864137745477,1.2134568250393718,1.2134568250393718,-0.11702986279257255,-1.866300999818804,-1.866300999818804,1.9101425881086875,-0.2810986500279,-0.2810986500279
12,NTAP,IGV,86.6,Strong,88.6,84.6,3.5,2025-09-09,121.01,16.28,14.35,0.11,58.2,0.92,75.0,0.44,4,2.98,1.103,4 distribution days in 20,1.77,1.31,-2.31,3.0,0.12,-1.1,0.66,1.72,1.1,-0.37,3.0,3.0,1.26,0.66,2025-09-09,-0.23037683067302916,0.2903186066228858,-1.193406419408205,-0.1974658548625996,-2.880371158895767,-1.946736991888831,-4.212604903735395,-5.6864377516746885,-6.403846141871982
13,AVNT,XLB,86.5,Strong,86.2,86.9,4.5,2025-09-09,35.59,12.63,9.91,0.133,57.9,0.96,65.0,0.19,1,0.38,1.194,,3.0,2.28,-1.87,0.34,0.73,-1.5,-2.99,3.0,1.43,0.21,1.35,1.59,0.99,-2.99,2025-09-09,-1.979078314956162,-2.2052203321429653,-2.942107903691338,-5.767599660729427,-5.8354422658854705,-7.516870797755659,-9.669211195928751,-9.216927161555178,-11.860452434065339
14,ESTC,IGV,86.0,Strong,84.7,87.4,3.5,2025-09-09,91.19,25.73,23.8,0.09,59.2,1.34,75.0,0.68,3,2.47,1.217,,1.65,1.64,-0.6,2.7,0.93,-0.14,1.67,1.6,1.44,1.34,1.35,3.0,2.22,1.67,2025-09-09,-5.182993644532107,-4.6622982072361925,-6.146023233267283,-4.887135656366437,-7.570040960399605,-6.636406793392669,-7.462195923734383,-8.936028771673676,-9.65343716187097
15,P,XLK,85.1,Strong,80.8,89.7,2.6,2025-09-09,79.21,38.14,37.74,0.03,50.4,0.67,65.0,0.6,3,3.53,1.333,extended >3 ATR above 20d avg,3.0,-0.19,-3.0,3.0,-0.23,-1.43,2.13,0.46,-1.24,-3.0,2.02,3.0,0.4,2.13,2025-09-09,8.363410080896072,7.76113481879479,7.400380492160896,9.881767268201624,6.245809204405073,8.132496131175394,4.256378344741751,-0.041338957659919906,2.065137106605164
16,BE,XLI,84.7,Strong,89.1,80.5,2.0,2025-09-09,55.02,46.14,46.2,0.119,55.4,,80.0,0.42,1,1.78,0.959,,3.0,1.28,,3.0,-1.63,-2.31,-1.89,3.0,0.02,,3.0,1.14,0.17,-1.89,2025-09-09,21.902544486944954,21.011796123357662,20.93951489820978,28.662897056377833,26.55749183335334,26.913625919351603,40.828205554631644,37.91977718564587,38.63696431649505
17,ZM,IGV,84.1,Strong,83.8,84.5,3.5,2025-09-09,85.62,22.72,20.79,0.061,61.0,0.89,65.0,0.13,4,2.92,1.1,4 distribution days in 20,2.1,3.0,-1.75,3.0,-0.9,-3.0,0.22,2.05,3.0,0.19,2.02,2.02,-1.63,0.22,2025-09-09,0.029349612585094498,0.5500450498810094,-0.9336799761500814,-3.0523597088518484,-5.735265012885016,-4.80163084587808,-3.169758159192304,-4.643591007131597,-5.360999397328891
18,BWA,XLY,83.9,Strong,93.8,75.1,37.6,2025-09-09,43.18,13.99,8.94,0.091,57.4,0.97,65.0,0.21,1,1.47,0.802,heavy selling into close today,3.0,0.04,-0.63,1.35,0.02,-0.54,-1.27,3.0,1.84,0.69,3.0,1.38,2.01,-1.27,2025-09-09,0.9383063570255645,-1.6545397836555953,-0.024723231709611326,1.384001876612695,0.4084756058613692,-0.3652692604135366,1.9000703729767698,0.22284976712361182,-0.2911708651598177
19,ATRO,ITA,83.2,Strong,80.1,86.4,0.3,2025-09-09,31.75,21.55,21.6,0.123,60.8,1.06,80.0,0.43,6,1.61,1.176,6 distribution days in 20,3.0,3.0,0.53,3.0,-0.62,0.79,2.57,2.85,2.89,2.53,3.0,0.74,0.94,2.57,2025-09-09,1.5253203172666208,-1.7200013951148119,0.5622907285314449,7.596095179987805,2.0898147390752353,5.846824042961574,15.37522879804758,8.330881194868912,13.183987559910992
20,AER,XLI,80.8,Strong,77.2,84.5,2.0,2025-09-09,120.65,10.14,10.2,0.086,52.6,0.85,70.0,0.06,3,0.8,1.1,,2.31,1.39,-1.39,3.0,-1.55,-2.1,3.0,1.48,0.14,-0.13,2.02,1.23,0.37,3.0,2025-09-09,-1.0357971494862395,-1.9265455130735298,-1.9988267382214153,0.7209148160424173,-1.3844904069820752,-1.0283563209838142,-0.34802784222738303,-3.2564562112131545,-2.5392690803639706
21,FCX,COPX,80.8,Strong,89.0,73.3,64.3,2025-09-09,43.4,5.78,-7.49,0.077,55.5,1.16,65.0,0.34,2,0.14,0.756,heavy selling into close today,3.0,0.71,3.0,1.35,0.87,2.56,-1.12,3.0,1.19,2.16,3.0,2.06,1.92,-1.12,2025-09-09,2.304883614787756,-1.6490206172806054,1.3418540260525802,2.4646280237334617,-2.125079903943883,0.7153568867072302,-11.433135554541296,-27.1494081553758,-13.624376792677884
22,FLYW,IGV,79.2,Strong,78.8,79.6,3.5,2025-09-09,13.07,12.04,10.11,0.018,59.1,0.89,55.0,0.13,0,0.86,0.93,,0.99,2.91,-1.83,2.7,-2.51,-1.48,-2.63,0.94,2.71,0.11,1.35,0.4,0.88,-2.63,2025-09-09,2.732871439568907,3.253566876864822,1.769841850833731,0.5388760585065544,-2.144029245526613,-1.210395078519677,4.234026173979966,2.760193326040672,2.042784935843378
23,AMRX,XPH,73.8,Strong,92.4,59.0,29.5,2025-09-09,9.89,11.81,2.56,0.111,55.8,0.8,70.0,0.54,0,1.81,0.432,,0.38,-0.39,-0.85,1.35,1.79,-0.4,-0.79,2.05,1.12,-0.58,2.02,3.0,1.77,-0.79,2025-09-09,-1.015228426395931,2.2433411885003807,-1.9782580151311069,-0.10152284263958977,1.4008047070853347,-1.8507939796658213,1.6751269035533145,0.5325115840442152,-0.516114334583273
24,EXLS,XLK,72.8,Strong,71.2,74.5,2.6,2025-09-09,44.12,4.9,4.49,0.067,54.3,1.22,60.0,0.2,1,0.72,0.787,,3.0,2.1,1.09,2.7,-2.65,-1.56,-0.79,2.4,1.05,1.46,0.67,1.43,0.27,-0.79,2025-09-09,-3.4223134839151292,-4.024588746016411,-4.385343072650305,-1.5286333561487564,-5.1645914199453085,-3.277904493174988,0.4563084645220261,-3.841408837879645,-1.7349327736145614
25,LITE,XLK,70.9,Strong,62.6,80.3,2.6,2025-09-09,151.73,31.84,31.43,0.087,59.9,0.81,65.0,0.54,3,3.85,0.951,extended >3 ATR above 20d avg,3.0,2.26,-0.23,2.02,-2.2,-2.75,3.0,0.68,1.21,0.14,0.0,1.88,-0.92,3.0,2025-09-09,7.097178683385574,6.494903421284293,6.1341490946503985,2.8526645768025105,-0.7832934869940411,1.103393439776279,1.9686520376175354,-2.329065264784136,-0.22258920051905218
26,DDOG,IGV,68.8,Moderate,68.0,69.6,3.5,2025-09-09,140.5,9.09,7.16,0.06,56.0,0.87,60.0,0.41,1,2.05,0.664,,0.15,0.78,-2.06,0.67,0.12,0.72,-0.95,0.1,0.57,-0.12,-0.67,3.0,3.0,-0.95,2025-09-09,-4.772180557520878,-4.251485120224963,-5.735210146256054,-2.745153530493838,-5.428058834527006,-4.49442466752007,0.7145889344842171,-0.7592439134550766,-1.4766523036523704
27,CGNX,XLK,68.1,Moderate,58.7,79.0,2.6,2025-09-09,44.08,9.76,9.36,0.052,54.8,0.98,65.0,0.19,1,0.58,0.912,,3.0,1.38,-0.14,3.0,-2.44,-1.89,-0.17,0.45,0.33,0.23,1.01,1.64,-0.06,-0.17,2025-09-09,-0.27210884353742193,-0.8743841056387036,-1.2351384322725978,4.603174603174609,0.9672165393780574,2.8539034661483775,2.063492063492056,-2.234225238909615,-0.1277491746445314
28,SMTC,SMH,68.0,Moderate,78.3,59.0,9.2,2025-09-09,61.6,26.88,25.42,0.049,59.5,0.75,55.0,0.55,3,2.4,0.432,,0.06,2.22,-1.69,-0.67,-0.49,1.21,-2.4,0.9,1.73,-0.67,0.67,1.7,2.46,-2.4,2025-09-09,-0.2949617346938771,-2.5074692432035306,-1.257991323429053,-2.2799744897959218,-9.301265286031645,-4.029245626822153,13.871173469387754,5.30146112873504,11.679932231251167
29,CIEN,XLK,65.6,Moderate,61.1,70.5,2.6,2025-09-09,122.19,30.85,30.45,0.089,53.5,0.81,65.0,0.44,5,4.9,0.686,5 distribution days in 20; extended >3 ATR above 20d avg,3.0,-0.15,-1.08,3.0,-1.6,1.09,-0.36,1.07,-1.2,-0.71,2.02,2.48,2.92,-0.36,2025-09-09,11.033034488328886,10.430759226227604,10.070004899593709,12.704951134803322,9.06899307100677,10.95567999777709,17.720701074226632,13.42298377182496,15.529459836090044
30,EXPE,XLY,59.6,Moderate,88.2,40.3,37.6,2025-09-09,216.1,13.22,8.17,0.06,57.2,0.87,55.0,0.33,1,1.42,0.054,,-0.35,1.63,-1.86,-1.57,0.31,-1.39,-2.87,1.75,3.0,-0.53,0.45,1.67,1.15,-2.87,2025-09-09,3.5808710979173375,0.9880249572361777,2.6178415091821616,1.8785657961871927,0.903039525435867,0.12929465916096117,-1.6837515654714919,-3.36097217132465,-3.8749928036080794
31,SLB,OIH,58.7,Moderate,84.4,40.8,38.0,2025-09-09,34.92,11.32,2.45,0.078,56.0,1.32,65.0,0.08,3,1.24,0.064,,0.94,1.38,3.0,1.35,0.64,0.54,-1.43,3.0,2.4,3.0,3.0,0.93,1.66,-1.43,2025-09-09,-1.3765414396329168,-3.429831097284819,-2.3395710283680926,-3.4126756524232804,-6.300863244801336,-5.161946789449512,-3.814166905649552,-5.855472382420213,-6.0054081437861395
32,IREN,XLF,58.3,Moderate,72.9,46.7,12.3,2025-09-09,30.19,68.05,65.18,0.035,53.7,0.59,50.0,-0.13,3,2.75,0.185,,2.61,-0.1,-3.0,-3.0,-2.62,1.05,-1.37,2.93,0.13,-2.16,-0.67,-1.01,1.78,-1.37,2025-09-09,18.807040417209908,18.020997472424625,17.844010828474733,36.14732724902217,34.690272034298225,34.398056111995935,52.884615384615394,51.23584237848042,50.6933741464788
33,GLW,XLK,56.7,Moderate,46.0,70.0,2.6,2025-09-09,71.76,11.81,11.41,0.02,51.7,0.61,45.0,0.18,1,3.29,0.673,extended >3 ATR above 20d avg,2.71,-0.64,-2.28,0.67,-1.38,-1.4,0.86,0.1,-1.69,-1.9,-1.35,2.7,0.43,0.86,2025-09-09,7.568238213399492,6.96596295129821,6.605208624664316,10.725117176730059,7.089159112933507,8.975846039703828,12.10366694237659,7.805949639974918,9.912425704240002
34,IOT,IGV,46.5,Weak,49.0,44.2,3.5,2025-09-09,38.58,18.76,16.83,-0.01,53.1,0.83,50.0,0.14,5,1.67,0.133,5 distribution days in 20,0.11,1.12,-3.0,2.02,-1.59,-2.64,-0.44,0.06,0.91,-1.78,0.67,1.32,-0.28,-0.44,2025-09-09,1.4131551901336081,1.933850627429523,0.4501256013984323,-1.3103802672148168,-3.9932855712479842,-3.0596514042410483,-4.265159301130539,-5.738992149069833,-6.456400539267126
35,A,XLV,46.3,Weak,82.2,26.1,46.3,2025-09-09,125.29,10.64,4.28,-0.008,54.8,0.75,50.0,0.4,3,1.35,-0.271,,-1.75,1.17,-1.34,-1.35,1.34,-1.88,0.47,0.09,1.44,-2.32,0.0,3.0,1.12,0.47,2025-09-09,0.9686199167467047,2.111603472531687,0.005590328011528811,0.024015369836694056,0.695057328394344,-1.7252557671895374,2.121357668908086,1.1701003869967197,-0.06988356922850159
36,INSW,XLE,34.1,None,78.6,14.8,51.8,2025-09-09,39.91,12.93,8.97,0.058,52.3,0.71,55.0,0.32,1,2.53,-0.626,,-1.91,-0.82,-2.01,-1.35,1.99,-2.07,-3.0,1.95,0.16,-1.67,0.67,2.33,0.28,-3.0,2025-09-09,3.902927195396555,1.6103249736995506,2.939897606661379,3.7778333750312587,1.29615055773038,2.028562238005027,-1.1258443832874554,-3.7729727217417186,-3.317085621424043
37,FIVE,XRT,33.3,None,66.6,16.7,30.6,2025-09-09,142.96,8.43,1.46,0.117,58.7,0.93,70.0,0.06,4,-0.15,-0.553,4 distribution days in 20; heavy selling into close today,0.99,0.18,1.62,0.67,-1.5,-2.41,1.32,2.1,1.5,0.73,1.35,0.03,-0.16,1.32,2025-09-09,4.478239540262119,3.16768489481396,3.515209951526943,8.542995304506263,7.68879450881237,6.793724167480032,8.381806713855223,8.452014998432789,6.1905654757186355
38,PSX,XLE,30.9,None,84.3,11.3,51.8,2025-09-09,128.48,12.82,8.86,0.014,55.6,,50.0,0.11,2,1.54,-0.782,,-3.0,1.86,,-2.02,1.7,-1.23,-2.69,0.74,2.85,,0.0,2.04,1.12,-2.69,2025-09-09,0.8192244675041094,-1.473377754192895,-0.14380512123106648,0.2652726847156117,-2.216410132585267,-1.4839984523106198,3.0818444253725596,0.43471608691829644,0.8906031872359721
39,FTI,OIH,27.9,None,61.2,12.7,38.0,2025-09-09,39.52,13.56,4.69,0.009,54.4,0.64,50.0,0.01,1,3.22,-0.716,extended >3 ATR above 20d avg,-1.95,-1.26,-3.0,-2.02,0.25,-2.13,-0.9,0.64,-0.24,-3.0,0.0,0.54,-1.01,-0.9,2025-09-09,-2.3857358111501803,-4.4390254688020825,-3.348765399885356,-0.2762430939226457,-3.164430686300701,-2.025514230948877,-1.25565042692114,-3.2969559036918006,-3.4468916650577275
40,TER,SMH,27.6,None,32.6,23.4,9.2,2025-09-09,114.8,9.98,8.52,0.026,55.8,0.96,50.0,-0.18,2,-0.03,-0.344,heavy selling into close today,0.61,1.22,0.58,-0.67,-3.0,-2.18,0.14,1.45,0.74,1.6,0.67,-3.0,-0.94,0.14,2025-09-09,-0.9063970716402192,-3.1189045801498727,-1.869426660375395,17.16053686595782,10.139246069722095,15.411265728931589,19.696705595258845,11.12699325460613,17.505464357122257
41,WAY,XLV,27.4,None,69.4,10.8,46.3,2025-09-09,40.9,18.62,12.25,-0.022,53.6,0.68,50.0,0.31,1,3.29,-0.804,extended >3 ATR above 20d avg,-2.21,0.85,0.66,-1.12,-1.23,-1.8,1.1,-0.38,1.12,-0.32,0.22,2.13,1.21,1.1,2025-09-09,-6.506112469437653,-5.363128913652671,-7.469142058172829,-7.6650366748166165,-6.993994716258967,-9.414307811842848,-7.261613691931535,-8.2128709738429,-9.452854930068122
42,TTC,XLI,26.4,None,21.3,32.8,2.0,2025-09-09,77.3,7.17,7.23,0.019,55.1,1.05,45.0,0.14,6,-0.24,-0.108,6 distribution days in 20,1.2,1.42,-1.39,0.67,-1.97,-1.73,0.05,0.36,0.16,-0.13,-0.67,0.8,0.75,0.05,2025-09-09,1.3506493506493689,0.4599009870620785,0.387619761914193,-1.6883116883116833,-3.7937169113361757,-3.437582825337915,-2.870129870129867,-5.778558239115639,-5.061371108266455
43,SOFI,XLF,23.4,None,37.1,14.8,12.3,2025-09-09,25.97,15.83,12.96,0.049,54.2,0.99,65.0,0.34,4,1.0,-0.626,4 distribution days in 20,0.55,-0.01,0.31,0.0,-0.72,-2.65,-0.56,0.87,0.22,1.15,2.7,0.89,-1.92,-0.56,2025-09-09,4.298212248003064,3.5121693032177825,3.335182659267888,10.612400152149103,9.155344937425157,8.863129015122873,0.4754659566374997,-1.173307049497474,-1.7157752814990879
44,PARR,XLE,22.4,None,64.3,7.8,51.8,2025-09-09,36.2,32.89,28.93,0.121,56.8,0.75,70.0,0.31,3,2.3,-0.983,,-2.69,-0.81,-0.65,-0.0,0.15,-2.12,-0.11,1.16,0.18,-0.31,2.02,0.49,0.23,-0.11,2025-09-09,-1.5833333333333366,-3.875935555030341,-2.5463629220685124,3.472222222222232,0.9905394049213534,1.7229510851960006,-1.6388888888889008,-4.286017227343164,-3.8301301270254884
45,SSRM,GDX,20.9,None,92.8,4.7,91.7,2025-09-09,21.14,35.95,20.08,0.135,61.8,0.84,75.0,0.57,2,4.15,-1.255,extended >3 ATR above 20d avg,-2.06,-0.37,1.98,-0.67,-0.12,-2.82,-0.25,3.0,0.71,-1.08,2.7,1.25,0.62,-0.25,2025-09-09,0.9380863039399667,-1.3461776554509086,-0.02494328479520913,8.302063789868663,-1.7307818356911984,6.552792652842432,14.446529080675408,1.21869987792833,12.25528784253882
46,RGLD,GDX,17.0,None,85.0,3.4,91.7,2025-09-09,183.27,8.38,-7.49,0.062,56.8,0.93,70.0,0.03,2,1.95,-1.427,,-3.0,0.15,1.68,-1.69,-1.12,-1.89,0.1,0.93,1.22,-1.38,1.69,0.26,1.55,0.1,2025-09-09,2.7963658125238045,0.5121018531329291,1.8333362237886286,3.514498667101895,-6.5183469584579665,1.7652275300756637,8.215004624340349,-5.012824578406729,6.023763386203761
47,BTSG,XLV,15.2,None,44.4,5.2,46.3,2025-09-09,26.23,26.81,20.45,0.037,53.4,0.48,50.0,0.25,1,3.08,-1.199,extended >3 ATR above 20d avg,-2.31,0.91,-0.61,-2.7,-2.94,-3.0,0.06,-0.47,1.18,-1.59,-1.35,0.41,-1.21,0.06,2025-09-09,2.7856736782262637,3.928657234011246,1.8226440894910878,6.083001705514479,6.754043664072129,4.333730568488248,12.033352283494402,11.082095001583035,9.842111045357814
48,CDE,GDX,12.6,None,79.8,2.0,91.7,2025-09-09,14.32,23.34,7.48,0.103,55.7,0.99,70.0,0.44,2,3.46,-1.699,extended >3 ATR above 20d avg,-2.84,-0.9,3.0,-0.0,-0.53,-2.13,-2.31,2.88,0.18,1.31,3.0,0.85,1.31,-2.31,2025-09-09,12.146307798481715,9.86204383909084,11.18327820974654,24.29261559696343,14.259769971403568,22.5433444599372,29.2615596963423,16.033730493595222,27.070318458205712
49,CRDO,SMH,10.5,None,15.9,7.0,9.2,2025-09-09,149.02,25.64,24.18,0.131,51.9,0.98,80.0,0.18,4,3.17,-1.042,4 distribution days in 20; extended >3 ATR above 20d avg,0.2,-0.65,0.07,-0.34,-2.91,-2.19,-0.89,1.04,-1.14,1.09,1.01,-0.72,-0.94,-0.89,2025-09-09,5.258101703599349,3.045594195089696,4.2950721148641735,3.8939413346996465,-3.1273494615360775,2.144670197673415,-6.718329704111681,-15.288042044764396,-8.90957094224827
50,NEM,GDX,8.0,None,58.8,1.1,91.7,2025-09-09,75.21,10.59,-5.28,0.055,57.1,0.91,70.0,0.08,2,2.44,-1.981,,-3.0,-0.64,1.57,-2.02,-1.6,-3.0,-3.0,0.76,0.44,-1.49,1.35,-0.22,-0.54,-3.0,2025-09-09,2.219031458034193,-0.06523250135668235,1.2560018692990171,9.502675890875857,-0.5301697346840051,7.753404753849625,8.993603968150365,-4.234225234596712,6.802362730013778
51,AU,GDX,3.6,None,33.3,0.4,91.7,2025-09-09,58.2,10.6,-5.26,0.09,51.7,0.8,65.0,0.23,2,3.02,-2.46,extended >3 ATR above 20d avg,-3.0,-3.0,1.18,-3.0,-1.45,-3.0,-1.78,1.4,-2.36,-1.88,0.13,-0.08,-1.07,-1.78,2025-09-09,4.64958425250297,2.3653202931120942,3.6865546637677937,10.72458849482436,0.6917428692644982,8.97531735779813,12.166977770235853,-1.0608514325112246,9.975736532099265
1,SNDK,XLK,98.7,Strong,98.8,98.6,3.5,2025-09-16,91.53,101.25,98.97,0.103,68.5,,80.0,1.31,1,6.61,2.386,extended >3 ATR above 20d avg,3.0,3.0,,3.0,2.13,-1.04,3.0,2.37,2.97,,2.92,3.0,0.01,3.0,2025-09-16,17.1897368131263,14.120891142786872,16.423376792853837,23.466578570642007,19.739594913169547,22.26251793758869,33.102081268582765,28.007057974934906,31.438818940015505
2,INOD,XLK,97.9,Strong,98.0,97.9,3.5,2025-09-16,65.92,66.41,64.13,0.058,52.7,0.46,65.0,1.64,0,5.39,2.176,extended >3 ATR above 20d avg,3.0,2.3,-3.0,3.0,1.8,-1.58,1.8,3.0,1.22,-3.0,3.0,3.0,-0.54,1.8,2025-09-16,12.101427269966592,9.032581599627166,11.33506724969413,16.945034922563007,13.218051265090548,15.74097428950969,32.76647433950806,27.6714510458602,31.103212010940798
3,SMTC,SMH,96.0,Strong,95.3,96.8,2.0,2025-09-16,62.53,23.95,20.46,0.087,60.2,0.67,70.0,0.18,2,2.15,1.957,,2.77,3.0,-3.0,2.7,-1.69,2.17,-3.0,1.87,3.0,-1.51,2.7,-0.07,2.79,-3.0,2025-09-16,-0.6484033068568595,-5.606675275438089,-1.4147633271293203,15.77241043929325,9.295565405747208,14.568349806239933,14.978116388393591,5.022299009895791,13.314854059826331
4,LRCX,SMH,95.9,Strong,96.0,95.9,2.0,2025-09-16,119.66,21.84,18.35,0.101,60.7,,70.0,0.56,3,4.74,1.832,extended >3 ATR above 20d avg,3.0,1.86,,2.7,1.62,0.86,-0.2,2.72,1.17,,2.7,3.0,1.49,-0.2,2025-09-16,9.19013497750376,4.231863008922531,8.423774957231299,11.039826695550747,4.562981662004706,9.83576606249743,16.380603232794535,6.424785854296735,14.717340904227274
5,FCX,COPX,94.9,Strong,91.5,98.5,15.3,2025-09-16,44.83,8.52,-6.49,0.118,57.5,1.09,70.0,0.35,2,0.61,2.332,,3.0,1.59,,2.7,3.0,3.0,-0.49,3.0,1.96,1.67,3.0,2.12,0.54,-0.49,2025-09-16,0.6275212909009342,-1.1119452726862322,-0.13883872937152653,-13.021066786194524,-25.58388085654628,-14.22512741924784,-9.771402958314656,-25.909787187151146,-11.434665286881916
6,CDNA,XLV,94.5,Strong,95.2,93.9,3.3,2025-09-16,14.18,19.56,18.8,0.056,57.0,0.79,65.0,-0.05,2,1.43,1.615,,3.0,3.0,0.18,3.0,-1.02,0.24,0.62,3.0,2.24,-0.55,2.7,0.36,0.83,0.62,2025-09-16,9.732016925246834,9.404294595438989,8.965656904974374,2.4682651622002894,0.5019311833532658,1.2642045291469728,3.4555712270804007,-2.2125354316414825,1.7923088985131397
7,AME,XLI,94.3,Strong,95.3,93.4,2.3,2025-09-16,186.06,2.65,2.14,0.113,56.5,0.94,70.0,0.21,0,0.22,1.572,,3.0,3.0,0.38,1.69,3.0,0.13,-3.0,3.0,2.92,-0.68,1.01,3.0,1.32,-3.0,2025-09-16,-0.8180505801208326,-1.9881495370611901,-1.5844106003932934,-0.16040207453350552,-2.1261683221933114,-1.364462707586822,-3.598353205368121,-5.570805732781858,-5.261615533935382
8,GOOG,QQQ,94.3,Strong,96.2,92.4,5.9,2025-09-16,250.76,23.18,20.74,0.079,55.4,0.67,75.0,0.38,2,4.36,1.496,extended >3 ATR above 20d avg,1.49,1.9,-1.8,3.0,1.67,-1.1,-0.14,1.67,1.63,-2.28,3.0,3.0,0.52,-0.14,2025-09-16,0.34288903951198435,-0.9657130195367847,-0.4234709807604764,-3.1497946652844777,-4.8293658386019285,-4.353855298337795,-1.7264064431242843,-4.107075208545885,-3.3896687716915452
9,HALO,XBI,94.0,Strong,98.2,90.0,25.5,2025-09-16,75.87,10.0,6.1,0.1,60.9,0.65,75.0,0.37,1,1.11,1.348,,1.17,3.0,-1.61,3.0,0.35,-1.9,-1.02,3.0,3.0,-2.26,3.0,1.67,0.85,-1.02,2025-09-16,2.443857331571997,-0.46119446806487385,1.6774973112995362,-3.143989431968308,-9.669675643652587,-4.348050065021624,-12.747688243064736,-23.032853254279107,-14.410950571631997
10,MPC,XLE,93.5,Strong,98.4,88.9,59.5,2025-09-16,180.01,13.09,7.52,0.148,59.6,0.89,75.0,0.15,1,1.42,1.291,,2.17,1.36,-1.29,-0.0,2.13,1.88,-1.23,3.0,2.78,-1.92,3.0,1.54,2.54,-1.23,2025-09-16,4.409965521076642,4.086041411867947,3.643605500804181,5.422088755422094,4.936202591609051,4.218028122368778,4.760315871426979,4.135605089381622,3.097053542859718
11,QCOM,SMH,93.1,Strong,91.6,94.6,2.0,2025-09-16,160.76,3.88,0.39,0.078,52.6,0.89,60.0,0.24,2,1.59,1.677,,3.0,1.05,-2.71,1.35,0.45,2.64,-2.2,3.0,0.36,-0.96,1.35,2.07,3.0,-2.2,2025-09-16,2.9754525167369206,-1.9828194518443087,2.20909249646446,1.0414083808579333,-5.435436652688108,-0.16265225219538326,0.471113315150018,-9.484704063347781,-1.192149013417243
12,VCYT,XLV,91.4,Strong,92.6,90.2,3.3,2025-09-16,32.29,7.42,6.66,0.038,54.4,0.64,45.0,0.31,0,1.38,1.363,,2.14,2.73,-1.15,1.35,-0.2,0.22,-0.68,2.72,1.78,-1.88,0.67,1.17,0.81,-0.68,2025-09-16,5.493827160493825,5.16610483068598,4.727467140221364,5.956790123456779,3.9904561446097553,4.752729490403462,6.820987654320998,1.1528809955991148,5.157725325753737
13,DOCN,IGV,91.0,Strong,96.7,85.7,9.9,2025-09-16,36.33,14.57,11.54,0.052,55.7,0.74,60.0,0.1,3,2.31,1.146,,3.0,3.0,3.0,3.0,-0.37,0.66,1.26,3.0,3.0,-1.49,2.02,0.54,1.58,1.26,2025-09-16,1.3991769547325061,-1.7845761492050416,0.6328169344600454,-6.255144032921811,-8.223927289395727,-7.459204665975127,5.102880658436204,3.6662009847930666,3.439618329868943
14,INGM,XLK,90.9,Strong,87.6,94.4,3.5,2025-09-16,20.45,7.46,5.19,0.066,58.0,0.88,60.0,0.5,1,1.52,1.66,,3.0,2.47,-0.17,2.92,1.81,0.21,-2.32,1.21,1.38,-0.96,1.57,3.0,1.26,-2.32,2025-09-16,1.3170731707317085,-1.7517724996077177,0.5507131504592477,3.5609756097561007,-0.16600804771635946,2.356914976702784,1.609756097560977,-3.485267196086883,-0.05350623100628393
15,FORM,SMH,90.8,Strong,88.0,93.6,2.0,2025-09-16,31.91,11.5,8.01,0.012,57.0,0.88,55.0,0.19,0,2.99,1.594,,1.74,3.0,-2.6,1.35,0.43,0.01,-1.1,0.84,2.51,-0.84,1.35,2.05,0.63,-1.1,2025-09-16,15.95312499999999,10.99485303141876,15.186764979727528,13.84375,7.3669049664539585,12.639689366946683,21.343749999999993,11.387932621502193,19.680487671432733
16,KEYS,XLK,90.0,Strong,91.3,88.7,3.5,2025-09-16,172.07,4.63,2.35,0.149,62.6,1.24,75.0,0.19,2,1.99,1.28,,3.0,3.0,1.73,2.7,-0.06,-0.59,-0.11,2.51,3.0,0.94,1.35,1.87,0.45,-0.11,2025-09-16,3.0406579404610223,-0.0281877298784039,2.2742979201885616,1.2915556585196386,-2.4354279989528216,0.08749502546632204,-1.4710992702420933,-6.566122563889953,-3.1343615988093543
17,GOOGL,QQQ,89.4,Strong,92.1,86.7,5.9,2025-09-16,250.55,23.59,21.16,0.076,54.9,0.67,75.0,0.39,1,4.36,1.189,extended >3 ATR above 20d avg,1.0,1.01,-2.97,1.8,1.71,-1.06,-0.89,1.18,0.74,-3.0,1.8,3.0,0.56,-0.89,2025-09-16,0.1635942861702988,-1.1450077728784702,-0.6027657341021619,-3.2559253052429904,-4.935496478560442,-4.459985938296307,-2.170616870162001,-4.551285635583602,-3.833879198729262
18,BE,XLI,89.1,Strong,88.3,89.9,2.3,2025-09-16,73.3,57.53,57.02,0.116,57.7,0.96,85.0,0.81,2,4.08,1.342,extended >3 ATR above 20d avg,3.0,3.0,1.76,3.0,0.91,0.04,-2.43,2.33,1.22,0.7,3.0,2.13,1.24,-2.43,2025-09-16,4.901694915254229,3.7315959583138714,4.135334894981768,14.820338983050863,12.854572735391057,13.616278349997547,16.718644067796617,14.746191540382881,15.055381739229357
19,NESR,OIH,85.8,Strong,94.6,77.9,12.2,2025-09-16,10.43,44.86,36.07,0.109,63.6,,55.0,0.34,2,3.14,0.881,extended >3 ATR above 20d avg,1.29,1.97,,-0.67,1.23,0.38,-0.26,2.55,2.97,,0.67,0.9,0.69,-0.26,2025-09-16,-0.622605363984674,-1.8050842482903007,-1.3889653842571348,-1.724137931034475,-2.0737745446663736,-2.9281985640877917,-2.2509578544061215,-4.187708983850236,-3.9142201829733825
20,SITM,SMH,84.3,Strong,79.5,89.4,2.0,2025-09-16,288.88,27.42,23.93,0.097,52.9,0.75,70.0,0.46,1,4.32,1.317,extended >3 ATR above 20d avg,2.52,0.47,-2.31,1.69,-0.55,1.23,-0.13,1.62,-0.21,-0.55,1.69,1.07,1.85,-0.13,2025-09-16,10.189671881489692,5.231399912908463,9.423311861217233,4.347224145092077,-2.1296208884539647,3.14316351203876,4.52720476256403,-5.42861261593377,2.863942433996769
21,TSLA,QQQ,84.3,Strong,89.1,79.7,5.9,2025-09-16,421.56,25.78,23.35,0.028,56.1,0.67,50.0,0.15,0,4.72,0.933,extended >3 ATR above 20d avg,1.26,1.92,-1.8,1.35,-0.69,-0.76,-1.18,1.44,1.65,-2.28,1.35,0.65,0.86,-1.18,2025-09-16,2.424533974744425,1.115931915695656,1.6581739544719643,6.924834636199639,5.245263462882188,5.720774003146323,4.117859290438974,1.7371905250173736,2.4545969618717134
22,GLW,XLK,84.2,Strong,75.2,94.2,3.5,2025-09-16,78.03,20.62,18.35,0.042,54.4,,55.0,0.26,1,4.53,1.644,extended >3 ATR above 20d avg,3.0,0.58,,1.35,2.53,-0.23,3.0,0.91,-0.5,,0.0,3.0,0.81,3.0,2025-09-16,3.3187548237715525,0.24990915343212627,2.5523948034990918,4.605093902752766,0.8781102452803058,3.4010332696994494,8.489837921276067,3.3948146276282065,6.826575592708806
23,PANW,IGV,80.5,Strong,94.5,68.6,9.9,2025-09-16,201.33,14.15,11.13,0.068,58.2,0.7,75.0,0.01,0,2.27,0.64,,0.31,3.0,3.0,3.0,0.08,-0.41,0.74,0.33,3.0,-2.3,2.7,0.99,0.51,0.74,2025-09-16,0.251516496523152,-2.9322366074143957,-0.5148435237493088,0.4191941608719274,-1.5495890956019887,-0.7848664721813892,4.068649208462793,2.631969534819656,2.4053868798955325
24,CIEN,XLK,78.1,Strong,71.7,85.0,3.5,2025-09-16,137.47,49.57,47.29,0.104,53.1,0.83,65.0,0.51,4,4.9,1.117,4 distribution days in 20; extended >3 ATR above 20d avg,3.0,-0.05,0.11,2.7,1.1,2.93,0.12,1.48,-1.13,-0.68,1.35,3.0,3.0,0.12,2025-09-16,-0.00716589036189319,-3.0760115607013194,-0.7735259106343539,4.442852024364008,0.7158683668915478,3.2387913913106914,8.548907201719791,3.453883908071931,6.88564487315253
25,LITE,XLK,77.9,Strong,69.5,87.3,3.5,2025-09-16,170.82,43.55,41.27,0.069,60.3,0.79,70.0,0.47,2,4.21,1.214,extended >3 ATR above 20d avg,2.65,2.38,0.21,1.69,-0.31,-1.74,2.66,-0.09,1.3,-0.58,0.34,1.62,-0.69,2.66,2025-09-16,-2.762136210064603,-5.830981880404029,-3.5284962303370637,-3.597889870191462,-7.324873527663922,-4.801950503244779,-6.887558532392868,-11.982581826040729,-8.55082086096013
26,NOW,IGV,74.1,Strong,88.0,62.4,9.9,2025-09-16,186.37,4.51,1.49,0.017,56.1,0.86,60.0,0.19,1,0.83,0.502,,0.77,1.89,3.0,3.0,0.91,-0.89,0.13,0.79,1.98,-1.04,2.02,1.82,0.03,0.13,2025-09-16,-1.099546303709631,-4.283299407647179,-1.8659063239820917,-1.7560715238857716,-3.7248547803596876,-2.960132156939088,-3.4480918067787636,-4.884771480421901,-5.111354135346025
27,FLS,XLI,71.8,Strong,66.8,77.1,2.3,2025-09-16,55.39,5.73,5.22,0.036,55.5,0.55,40.0,0.12,3,1.56,0.858,,2.67,3.0,0.28,0.34,0.16,-0.77,-1.8,1.61,1.25,-0.78,-0.34,1.38,0.42,-1.8,2025-09-16,0.16239624684228904,-1.0077027100980684,-0.6039637734301717,-5.232767953807283,-7.198534201467089,-6.436828586860599,-7.217610970768673,-9.190063498182411,-8.880873299335935
28,ESTC,IGV,70.3,Strong,79.5,62.1,9.9,2025-09-16,86.53,10.15,7.12,0.068,56.5,1.11,65.0,0.36,3,0.47,0.496,,1.47,1.1,3.0,2.7,1.17,1.12,-0.32,1.49,1.19,-0.07,0.67,2.08,2.04,-0.32,2025-09-16,-0.8000000000000007,-3.9837531039375484,-1.5663600202724615,-3.485714285714281,-5.4544975421881965,-4.689774918767597,-8.068571428571436,-9.505251102214574,-9.731833757138698
29,MU,SMH,70.0,Strong,64.9,75.5,2.0,2025-09-16,158.55,28.56,25.07,0.016,55.6,0.63,50.0,0.47,1,5.18,0.812,extended >3 ATR above 20d avg,0.43,0.56,-3.0,-0.67,1.91,0.35,-0.48,-0.47,-0.13,-2.38,-0.67,3.0,0.97,-0.48,2025-09-16,5.779390236140269,0.82111826755904,5.013030215867809,6.3840621220800475,-0.09278291146599393,5.180001489026731,18.051047037107736,8.095229658609936,16.387784708540476
30,P,XLK,69.5,Moderate,59.6,81.1,3.5,2025-09-16,87.07,48.86,46.59,0.042,48.5,0.71,60.0,0.29,3,3.69,0.977,extended >3 ATR above 20d avg,3.0,-0.69,-2.58,2.02,0.18,-0.83,-0.18,0.64,-1.78,-3.0,0.67,2.11,0.22,-0.18,2025-09-16,1.4827586206896726,-1.5860870496497537,0.7163986004172118,-3.7126436781609207,-7.43962733563338,-4.916704311214238,1.028735632183908,-4.066287661463952,-0.6345266963833529
31,BWA,XLY,64.1,Moderate,93.4,44.0,42.3,2025-09-16,43.03,4.9,-0.42,0.094,57.8,1.05,65.0,0.26,2,0.42,0.129,,1.64,-2.79,-0.48,2.02,0.97,-0.35,-1.09,3.0,2.02,1.05,3.0,1.45,1.73,-1.09,2025-09-16,0.3715745471435161,1.8822998622257336,-0.39478547312894463,0.8824895494658591,1.7087978709749208,-0.32157108358745745,-2.740362285183462,-0.33655625897530683,-4.403624613750723
32,A,XLV,62.0,Moderate,65.6,58.6,3.3,2025-09-16,126.13,7.55,6.79,-0.013,52.0,0.69,45.0,0.09,3,1.08,0.424,,-0.47,1.79,-1.78,0.34,0.16,-1.13,0.83,0.11,0.85,-2.51,-0.34,1.54,-0.54,0.83,2025-09-16,-1.3812154696132617,-1.7089377994211064,-2.1475754898857224,0.6866614048934405,-1.279672573953583,-0.517399228159876,8.705603788476711,3.0374971297548283,7.0423414599094505
33,ALAB,SMH,59.8,Moderate,51.3,69.7,2.0,2025-09-16,238.8,28.08,24.59,0.053,53.4,0.96,55.0,0.65,1,3.42,0.666,extended >3 ATR above 20d avg,2.36,0.5,-1.43,0.67,-0.29,-0.48,-3.0,1.47,-0.19,0.32,0.67,1.33,0.15,-3.0,2025-09-16,-5.692389656161623,-10.650661624742852,-6.458749676434084,-19.654932174910854,-26.131777208456896,-20.85899280796417,-12.970779886070238,-22.926597264568038,-14.6340422146375
34,SANM,XLK,57.8,Moderate,46.9,71.2,3.5,2025-09-16,117.35,-0.06,-2.33,0.018,51.2,0.9,60.0,0.03,4,0.13,0.703,4 distribution days in 20,3.0,1.6,-0.06,2.7,-1.63,-1.71,-0.17,0.43,0.51,-0.86,1.35,0.31,-0.66,-0.17,2025-09-16,0.5648750427935667,-2.5039706275458595,-0.20148497747889405,-1.5320095857583094,-5.258993243230769,-2.736070218811626,7.608695652173902,2.5136723585260423,5.9454333236066415
35,KLAC,SMH,57.0,Moderate,48.4,67.2,2.0,2025-09-16,98.52,12.22,8.73,0.069,54.2,1.32,65.0,0.41,3,3.81,0.608,extended >3 ATR above 20d avg,1.59,0.5,-0.75,1.35,1.14,-0.11,-1.72,0.69,-0.18,1.0,1.35,2.76,0.51,-1.72,2025-09-16,8.181910465942522,3.223638497361293,7.415550445670061,8.81128819409196,2.334443160545918,7.607227561038643,9.481270936960694,-0.4745464415371057,7.818008608393433
36,AMRX,XPH,56.3,Moderate,49.3,64.2,1.6,2025-09-16,9.75,5.18,5.29,0.069,57.4,0.96,60.0,0.04,4,0.54,0.541,4 distribution days in 20,1.27,3.0,0.74,2.08,0.01,-2.39,0.31,1.23,1.34,1.07,1.57,0.26,-0.94,0.31,2025-09-16,0.0,-1.4603312990409734,-0.7663600202724608,1.778455284552849,-2.4063747067287533,0.5743946514995324,5.386178861788604,0.5038772052934126,3.722916533221343
37,NTAP,IGV,55.1,Moderate,70.4,43.1,9.9,2025-09-16,121.26,13.3,10.27,0.062,56.3,0.79,55.0,0.25,3,1.99,0.11,,0.98,0.67,3.0,2.25,0.62,-0.18,0.7,1.0,0.76,-0.92,0.22,1.54,0.74,0.7,2025-09-16,0.1982488022468143,-2.9855043016907334,-0.5681112180256465,-3.8328101767718503,-5.801593433245767,-5.036870809825167,-3.808029076490993,-5.24470875013413,-5.471291405058254
38,IREN,XLF,53.6,Weak,71.8,40.0,12.5,2025-09-16,36.45,76.04,74.03,0.069,54.4,0.69,60.0,0.9,5,3.39,0.047,5 distribution days in 20; extended >3 ATR above 20d avg,3.0,0.8,0.62,-2.7,1.01,1.77,-1.39,3.0,0.45,-0.65,0.67,1.46,1.69,-1.39,2025-09-16,16.350974930362128,15.857241546389456,15.584614910089666,30.654596100278564,29.97096526093179,29.450535467225247,71.61559888579387,71.0838860107464,69.95233655722662
39,LLY,SPY,52.6,Weak,89.9,30.8,,2025-09-16,759.58,9.46,6.87,0.047,54.0,0.76,60.0,0.28,0,2.04,-0.154,,-2.36,0.78,-1.98,-0.0,0.91,-1.01,-2.31,1.11,1.59,-2.17,2.02,2.03,0.54,-2.31,2025-09-16,-1.8739014946280719,-2.6402615149005326,-2.6402615149005326,0.1176144097474685,-1.086446223305848,-1.086446223305848,10.82581173765378,9.16254940908652,9.16254940908652
40,FLYW,IGV,50.2,Weak,55.8,45.1,9.9,2025-09-16,13.35,5.37,2.34,0.014,55.2,1.04,50.0,0.16,2,0.72,0.152,,0.86,1.62,3.0,2.7,-0.56,-1.03,-1.47,0.88,1.71,1.23,0.67,0.35,-0.11,-1.47,2025-09-16,-2.464525765496639,-5.648278869434186,-3.2308857857691,1.120238984316635,-0.8485442721572811,-0.08382164873668163,-5.227781926811059,-6.664461600454197,-6.89104425537832
41,COHR,XLK,49.4,Weak,39.0,62.6,3.5,2025-09-16,104.46,15.5,13.23,0.019,53.1,1.13,45.0,0.46,3,2.02,0.508,,3.0,0.7,2.77,0.67,0.67,1.8,-0.1,0.59,-0.39,1.97,-0.67,2.6,2.85,-0.1,2025-09-16,4.792485382919587,1.7236397125801606,4.026125362647126,3.287644972682835,-0.43933868478962523,2.0835843396295184,8.86609795840123,3.77107466475337,7.202835629833969
42,SNX,XLK,47.8,Weak,36.2,63.1,3.5,2025-09-16,148.11,1.44,-0.84,-0.015,53.1,0.66,45.0,0.06,3,0.28,0.518,,2.11,1.23,-1.64,1.12,-1.67,-2.64,-0.26,-0.63,0.15,-2.44,-0.22,0.26,-1.59,-0.26,2025-09-16,1.375590020229267,-1.6932556501101592,0.6092299999568063,9.19082939986513,5.46384574239267,7.986768766811814,5.879973027646668,0.7849497339988076,4.216710699079407
43,CDE,GDX,47.0,Weak,93.5,23.6,71.9,2025-09-16,16.25,37.83,19.11,0.126,58.0,,75.0,0.3,2,3.79,-0.338,extended >3 ATR above 20d avg; heavy selling into close today,-0.54,-0.12,,0.67,0.12,-0.65,-3.0,3.0,1.41,,3.0,0.51,0.95,-3.0,2025-09-16,13.057124921531704,4.274837098653462,12.290764901259244,17.576898932831142,5.6359395232370435,16.372838299777825,17.953546767106076,5.171258944227851,16.290284438538816
44,ATRO,ITA,45.3,Weak,35.2,58.3,3.9,2025-09-16,33.28,14.6,11.2,0.057,54.8,0.89,70.0,0.15,7,1.05,0.417,7 distribution days in 20,2.83,2.51,3.0,2.81,-0.68,0.27,3.0,0.99,0.9,1.08,1.8,-0.01,0.32,3.0,2025-09-16,7.793398533007356,5.613656725658811,7.0270385127348955,15.586797066014668,11.917482269589641,14.382736432961352,21.48533007334963,15.998736230251321,19.82206774478237
45,BTSG,XLV,44.4,Weak,50.7,38.8,3.3,2025-09-16,27.12,17.4,16.64,0.021,55.1,0.64,50.0,0.3,3,2.01,0.022,,-1.77,3.0,-0.41,-0.67,-0.82,-1.21,2.49,-1.19,2.5,-1.14,-1.35,0.56,-0.62,2.49,2025-09-16,4.013377926421402,3.6856555966135573,3.2470179061489413,9.847640282422887,7.8813063035758635,8.64357964936957,5.648457822370867,-0.019648836351016108,3.985195493803606
46,MDB,IGV,44.2,Weak,64.6,30.3,9.9,2025-09-16,327.25,44.12,41.09,0.003,53.7,0.41,55.0,-0.13,2,2.06,-0.167,,1.6,0.4,3.0,2.7,-1.02,-2.45,-1.86,1.62,0.49,-1.8,0.67,-0.11,-1.53,-1.86,2025-09-16,-2.689598389900283,-5.873351493837831,-3.4559584101727436,-5.336504741865644,-7.30528799833956,-6.540565374918961,-2.8969597170127814,-4.333639390655919,-4.560222045580042
47,EXPE,XLY,43.4,Weak,90.5,20.8,42.3,2025-09-16,223.31,9.08,3.76,0.076,55.9,0.87,65.0,0.42,1,1.96,-0.418,,-1.1,-2.09,-1.89,-0.22,1.97,-0.6,-2.82,1.69,2.72,-0.36,1.12,2.45,1.49,-2.82,2025-09-16,-1.6302400573271258,-0.11951474224490832,-2.3966000775995866,-5.069867431028308,-4.243559109519246,-6.273928064081624,-3.860623432461485,-1.4568174062533301,-5.523885761028746
48,AAOI,XLK,42.3,Weak,31.1,57.6,3.5,2025-09-16,28.93,10.69,8.42,-0.062,52.0,0.88,30.0,1.24,3,1.9,0.403,,2.28,0.71,0.66,0.0,-0.12,0.22,0.49,-0.46,-0.37,-0.13,-1.35,1.81,1.26,0.49,2025-09-16,-1.5433181339880808,-4.612163804327507,-2.3096781542605416,-9.08453174324798,-12.811515400720442,-10.288592376301297,9.891266222378103,4.796242928730243,8.228003893810843
49,SSRM,GDX,40.7,Weak,88.9,18.6,71.9,2025-09-16,21.52,28.4,9.69,0.157,61.5,1.04,80.0,0.19,2,2.21,-0.487,,0.62,-0.85,1.72,0.0,-0.32,-0.33,-1.35,3.0,0.68,-0.17,3.0,0.07,1.27,-1.35,2025-09-16,10.109680495946606,1.3273926730683634,9.343320475674144,16.356700047687166,4.415740638093068,15.15263941463385,10.872675250357666,-1.9096125725205582,9.209412921790406
50,ZM,IGV,38.6,None,47.7,31.3,9.9,2025-09-16,85.2,15.72,12.7,0.017,59.9,0.85,60.0,0.09,4,2.12,-0.143,4 distribution days in 20,0.25,2.31,3.0,2.7,0.62,-3.0,-0.35,0.27,2.4,0.17,0.67,1.53,-2.49,-0.35,2025-09-16,-3.336064614304113,-6.519817718241661,-4.102424634576574,-3.453119513051628,-5.421902769525544,-4.6571801461049445,-6.964766475477003,-8.40144614912014,-8.628028804044263
51,TSM,SMH,37.1,None,29.1,47.2,2.0,2025-09-16,260.01,8.86,5.37,0.047,51.5,1.15,50.0,0.16,4,3.45,0.193,4 distribution days in 20; extended >3 ATR above 20d avg,2.61,0.19,0.58,0.67,0.04,-0.14,-1.33,1.71,-0.49,2.33,0.67,1.66,0.48,-1.33,2025-09-16,7.106036885715383,2.147764917134154,6.3396768654429225,5.7237771583489305,-0.7530678751971109,4.519716525295614,11.386459964107075,1.4306425856092755,9.723197635539815
52,ARQT,XBI,36.0,None,68.2,19.0,25.5,2025-09-16,16.98,1.43,-2.48,-0.035,54.0,0.72,45.0,0.46,2,0.87,-0.476,,-3.0,0.54,-1.41,-0.34,-0.24,-3.0,3.0,-0.56,0.49,-2.07,0.67,1.08,-0.92,3.0,2025-09-16,2.6853473438412268,-0.21970445579564402,1.918987323568766,9.982486865148864,3.456800653464586,8.778426232095548,20.02335084646818,9.738185835253809,18.36008851790092
53,IOT,IGV,31.4,None,54.5,18.1,9.9,2025-09-16,39.47,16.43,13.41,-0.004,50.0,0.76,50.0,0.2,5,1.42,-0.506,5 distribution days in 20,0.22,-0.03,3.0,2.7,0.56,-0.42,-0.07,0.24,0.06,-2.57,0.67,1.47,0.5,-0.07,2025-09-16,-2.660922453117087,-5.844675557054635,-3.427282473389548,-5.575266092245323,-7.5440493487192395,-6.77932672529864,-1.8626457171819544,-3.299325390825092,-3.5259080457492153
54,SOFI,XLF,25.3,None,45.6,14.0,12.5,2025-09-16,27.42,13.22,11.2,0.033,53.0,0.97,60.0,0.57,4,1.7,-0.658,4 distribution days in 20,-0.07,0.23,2.12,-1.35,1.26,0.45,-0.29,0.64,-0.12,0.85,2.02,1.71,0.37,-0.29,2025-09-16,6.793977230995218,6.300243847022546,6.027617210722758,-2.9930224017627682,-3.67665324110954,-4.197083034816085,3.3419023136246784,2.810189438577204,1.6786399850574174
55,CRDO,SMH,22.1,None,20.0,24.5,2.0,2025-09-16,164.35,38.4,34.91,0.084,53.5,,80.0,0.1,4,3.36,-0.313,4 distribution days in 20; extended >3 ATR above 20d avg,1.29,0.22,,1.35,-3.0,-1.85,-0.27,0.39,-0.47,,1.35,-1.48,-1.23,-0.27,2025-09-16,-1.0431281644604495,-6.001400133041679,-1.8094881847329103,-11.151101079729154,-17.627946113275193,-12.35516171278247,-16.33014091380468,-26.28595829230248,-17.99340324237194
56,FTI,OIH,18.0,None,34.3,9.4,12.2,2025-09-16,38.87,11.47,2.68,0.028,54.2,0.79,55.0,-0.31,4,1.09,-0.882,4 distribution days in 20,-0.08,-1.04,-0.51,-0.67,-1.62,-1.89,0.51,1.18,-0.04,-1.36,0.67,-1.95,-1.59,0.51,2025-09-16,2.5038719669592036,1.321393082653577,1.7375119466867428,1.4971605575632374,1.147523943931339,0.29309992450992084,-1.7036654620547376,-3.6404165914988518,-3.3669277906219985
57,INSW,XLE,17.4,None,66.0,4.6,59.5,2025-09-16,41.53,15.3,9.74,0.056,53.1,0.69,50.0,0.19,1,2.71,-1.262,,-3.0,-1.0,-1.52,-3.0,1.39,-1.93,-3.0,1.79,0.42,-2.14,0.0,0.79,-1.27,-3.0,2025-09-16,-0.28846153846154854,-0.6123856476702438,-1.0548215587340093,-4.999999999999993,-5.485886163813036,-6.2040606330533095,-8.55769230769231,-9.182403089737667,-10.22095463625957
58,RGLD,GDX,14.3,None,68.1,3.0,71.9,2025-09-16,188.95,11.04,-7.68,0.02,53.8,0.91,55.0,0.01,3,2.17,-1.495,heavy selling into close today,-3.0,-0.88,0.35,-2.7,-0.3,-0.53,0.04,0.79,0.65,-1.55,0.67,0.09,1.06,0.04,2025-09-16,1.3314160941577446,-7.4508717287204975,0.5650560738852839,5.9327901155669105,-6.008169294027188,4.728729482513594,4.8357032539809275,-7.946584568897297,3.1724409254136665
59,ANET,XLK,11.2,None,5.8,21.6,3.5,2025-09-16,142.15,3.01,0.74,0.044,53.8,0.97,60.0,-0.17,3,0.59,-0.394,,1.8,0.46,1.18,0.67,-3.0,-1.13,-3.0,-0.94,-0.62,0.38,-0.67,-3.0,-0.08,-3.0,2025-09-16,1.0130753321414998,-2.0557703381979264,0.24671531186903906,2.1558523504048965,-1.5711313070675637,0.95179171735158,1.8473726644933075,-3.2476506291545526,0.18411033592604653
60,NEM,GDX,7.7,None,49.3,1.2,71.9,2025-09-16,78.31,14.94,-3.77,0.076,56.4,0.96,70.0,0.14,3,2.58,-1.935,,-2.55,-1.52,1.1,-2.02,-0.22,-2.74,-2.43,1.47,0.01,-0.8,1.35,0.17,-1.14,-2.43,2025-09-16,8.31504196255648,-0.4672458603217624,7.548681942284019,7.811491284699801,-4.129468124894298,6.607430651646484,11.220142027114255,-1.5621457957639695,9.556879698546993
61,APH,XLK,6.3,None,4.1,9.8,3.5,2025-09-16,59.1,7.32,5.04,-0.004,50.8,0.99,45.0,0.2,2,2.25,-0.86,,-0.67,-1.21,0.33,-1.35,-0.75,-2.53,2.02,-3.0,-2.29,-0.46,-2.7,1.19,-1.48,2.02,2025-09-16,5.3601623266824605,2.2913166563430343,4.59380230641,3.905985796415279,0.1790021389428187,2.7019251633619623,4.565437943862016,-0.5295853497858438,2.9021756152947553
62,DASH,XLY,4.7,None,11.1,2.0,42.3,2025-09-16,262.99,3.84,-1.49,0.054,50.0,1.06,65.0,0.16,1,1.94,-1.699,,-3.0,-3.0,0.31,-0.67,-0.86,-1.26,-1.25,-0.83,-1.82,1.84,0.67,-0.37,0.83,-1.25,2025-09-16,1.0567529554871502,2.5674782705693677,0.29039293521468945,3.3869312350325087,4.21323955654157,2.182870601979192,5.234348272322942,7.638154298531097,3.571085943755681
63,AU,GDX,3.0,None,22.1,0.4,71.9,2025-09-16,61.67,23.98,5.27,0.084,53.9,1.01,70.0,0.16,3,3.22,-2.528,extended >3 ATR above 20d avg; heavy selling into close today,-3.0,-2.73,1.58,-3.0,-0.9,-2.92,-1.36,0.93,-1.2,-0.31,0.34,-0.51,-1.33,-1.36,2025-09-16,6.862102849656071,-1.9201849732221712,6.09574282938361,8.254176220111354,-3.6867831894827443,7.050115587058038,14.755977726826064,1.9736899039478395,13.092715398258804
64,AVGO,QQQ,1.6,None,1.9,1.3,5.9,2025-09-16,356.64,17.68,15.24,-0.057,51.6,0.82,40.0,-0.23,5,2.51,-1.934,5 distribution days in 20,-3.0,-1.52,-1.77,-2.7,-3.0,-2.25,1.65,-3.0,-1.79,-2.25,-2.7,-2.88,-0.63,1.65,2025-09-16,-5.342523561682377,-6.651125620731146,-6.108883581954838,-7.91672527781685,-9.5962964511343,-9.120785910870167,-6.05429736953157,-8.434966134953171,-7.717559698098831
1,CAT,XLI,97.0,Strong,95.6,98.5,1.8,2025-09-23,467.22,9.06,7.68,0.137,59.4,0.83,70.0,0.21,0,3.54,2.338,extended >3 ATR above 20d avg; heavy selling into close today,3.0,3.0,-0.88,3.0,1.75,3.0,0.15,3.0,1.84,-0.24,2.02,1.25,3.0,0.15,2025-09-23,1.001109972677594,0.433977290008114,0.7592407341853846,3.007599043715836,2.4338717949688116,2.3108939416439656,11.603483606557386,11.689212965565567,11.950314967414112
2,MNST,XLP,96.9,Strong,94.8,99.0,0.5,2025-09-23,32.25,3.5,6.19,0.114,57.6,0.94,70.0,0.02,1,0.65,2.541,,3.0,3.0,-3.0,2.02,2.37,3.0,-1.01,3.0,2.7,-0.78,3.0,0.71,-0.66,-1.01,2025-09-23,4.5341614906832195,4.481695593516366,4.29229225219101,5.8385093167701685,6.0352564311458075,5.141804214698298,6.552795031055902,5.608408882052762,6.899626391912628
3,INOD,XLK,96.0,Strong,96.5,95.6,21.2,2025-09-23,73.83,95.27,88.12,0.091,57.3,,70.0,0.25,0,3.75,1.791,extended >3 ATR above 20d avg,3.0,2.8,,2.7,-0.78,-0.75,0.8,3.0,3.0,,3.0,0.17,-1.54,0.8,2025-09-23,3.549341220758273,3.1916106634140684,3.3074719822660636,17.558483463296582,15.877149843778817,16.86177836122471,1.8822264049475734,1.7176703485692446,2.2290577658042987
4,CDNA,XLV,95.2,Strong,93.9,96.5,4.5,2025-09-23,15.56,22.04,21.02,0.082,58.5,0.85,65.0,0.23,2,2.93,1.906,,3.0,3.0,0.55,2.7,2.72,0.52,0.27,3.0,2.54,-0.4,2.7,1.43,-1.51,0.27,2025-09-23,-6.197546804389931,-7.928987690174294,-6.43941604288214,-5.293737895416395,-10.71842393242316,-5.990442997488266,-7.424144609425443,-11.451788214983893,-7.077313248568718
5,MPC,XLE,94.6,Strong,93.7,95.6,13.5,2025-09-23,187.75,10.85,9.04,0.13,56.4,,70.0,0.12,1,2.18,1.79,,2.66,2.67,,0.67,1.29,1.89,-0.76,3.0,1.8,,2.02,0.87,-0.07,-0.76,2025-09-23,0.6423869186663822,1.2602358889181042,0.4005176801741728,0.010617965597781165,0.4911671646824489,-0.6860871364740895,-4.3746018262900925,-0.41579175764019416,-4.027770465433367
6,LRCX,SMH,94.6,Strong,94.1,95.2,5.4,2025-09-23,131.05,30.27,20.8,0.143,60.2,,85.0,0.45,2,5.27,1.741,extended >3 ATR above 20d avg,3.0,0.87,,3.0,1.95,-0.1,0.23,3.0,1.0,,3.0,2.12,-1.4,0.23,2025-09-23,2.990726429675439,1.4489037080774425,2.7488571911832294,7.944358578052557,3.084808016254792,7.2476534759806865,6.39103554868623,2.64883829525302,6.737866909542955
7,ACMR,SMH,94.3,Strong,94.3,94.4,5.4,2025-09-23,38.99,35.43,25.96,0.065,58.1,0.7,60.0,0.68,4,5.35,1.659,4 distribution days in 20; extended >3 ATR above 20d avg,1.61,2.5,,-0.0,2.98,2.86,2.69,2.25,2.63,-0.58,1.35,3.0,1.56,2.69,2025-09-23,0.33333333333334103,-1.2084893882646552,0.0914640948411316,3.743589743589748,-1.1159608182080172,3.0468846415178774,-2.3076923076922995,-6.04988956112551,-1.9608609468355742
8,CORT,XBI,93.5,Strong,96.0,91.0,26.5,2025-09-23,83.32,21.1,12.07,0.138,61.4,0.82,75.0,0.41,4,3.17,1.406,4 distribution days in 20; extended >3 ATR above 20d avg,2.06,3.0,0.77,2.7,2.31,0.92,0.8,3.0,3.0,-0.65,3.0,1.73,1.04,0.8,2025-09-23,-0.2879424115176943,-3.2825727295680784,-0.5298116500099037,8.362327534493108,1.732835589016024,7.665622432421237,-13.46130773845231,-21.515830662863713,-13.114476377595585
9,GLW,XLK,93.4,Strong,95.8,91.1,21.2,2025-09-23,80.32,21.86,14.72,0.098,54.5,,70.0,0.28,2,3.88,1.413,extended >3 ATR above 20d avg,2.43,-0.89,,0.67,3.0,2.61,2.79,3.0,-0.4,,2.02,3.0,1.82,2.79,2025-09-23,0.9058195805931035,0.5480890232488989,0.6639503421008941,4.653182777019471,2.9718491575017048,3.9564776749476005,4.0948008437771355,3.9302447873988067,4.44163220463386
10,QCOM,SMH,93.2,Strong,91.3,95.1,5.4,2025-09-23,166.12,9.04,-0.43,0.13,53.6,0.96,80.0,0.2,2,2.23,1.737,,3.0,0.7,,2.7,1.46,2.67,-2.33,3.0,0.83,-0.13,3.0,1.62,1.37,-2.33,2025-09-23,-1.5700483091787398,-3.111871030776736,-1.8119175476709493,-2.1256038647342934,-6.985154426532059,-2.822308966806164,-4.341787439613521,-8.08398469304673,-3.9949560787567955
11,BE,XLI,93.0,Strong,89.7,96.4,1.8,2025-09-23,77.36,56.8,55.43,0.133,58.0,1.11,85.0,1.1,2,2.26,1.898,heavy selling into close today,2.37,3.0,0.75,3.0,3.0,3.0,-2.55,2.24,1.64,1.38,3.0,2.69,1.86,-2.55,2025-09-23,21.719131809688097,21.151999127018616,21.477262571195887,23.731493459824637,23.157766211077615,23.034788357752767,64.00747448612908,64.09320384513727,64.35430584698581
12,HALO,XBI,91.4,Strong,95.6,87.4,26.5,2025-09-23,77.55,7.41,-1.62,0.129,60.1,0.77,75.0,0.25,1,1.16,1.22,,1.67,3.0,0.18,1.35,1.67,-0.09,-1.35,3.0,3.0,-1.24,2.02,1.1,0.03,-1.35,2025-09-23,-5.915565250866184,-8.910195568916567,-6.157434489358393,-15.244450147568344,-21.87394209304543,-15.941155249640214,-14.436032336712435,-22.490555261123838,-14.089200975855709
13,ONTO,SMH,91.4,Strong,95.4,87.5,5.4,2025-09-23,136.71,26.36,16.9,0.042,55.2,0.55,55.0,0.11,2,4.32,1.225,extended >3 ATR above 20d avg; heavy selling into close today,1.5,2.15,,0.67,0.98,0.44,0.26,2.14,2.28,-3.0,2.02,1.14,-0.86,0.26,2025-09-23,-5.369176677409914,-6.910999399007911,-5.611045915902124,-1.0108409024318976,-5.870391464229662,-1.7075460045037683,-4.585408731321428,-8.327605984754637,-4.238577370464702
14,TSM,SMH,88.7,Strong,90.0,87.4,5.4,2025-09-23,280.5,20.32,10.85,0.097,54.7,,60.0,0.13,2,4.14,1.22,extended >3 ATR above 20d avg,3.0,0.67,,0.67,0.8,1.06,-0.64,3.0,0.8,,2.02,0.96,-0.24,-0.64,2025-09-23,-0.4136244290184443,-1.9554471506164406,-0.6554936675106537,4.920332338236877,0.060781776439111646,4.223627236165006,5.610905297989444,1.8687080445562332,5.957736658846169
15,SNDK,XLK,88.5,Strong,93.6,83.6,21.2,2025-09-23,106.42,127.49,120.35,0.07,66.7,,70.0,0.47,0,5.05,1.066,extended >3 ATR above 20d avg,0.78,1.79,,1.35,0.57,-0.56,2.48,1.36,2.28,,2.7,1.52,-1.35,2.48,2025-09-23,7.642089093702009,7.2843585363578045,7.4002198552098,16.04262672811061,14.361293108592843,15.345921626038738,22.196620583717362,22.03206452733903,22.543451944574088
16,BTSG,XLV,88.2,Strong,88.2,88.2,4.5,2025-09-23,27.99,16.29,15.27,0.07,54.0,0.62,65.0,0.31,3,1.87,1.255,,-0.28,3.0,-1.02,0.67,1.89,1.97,2.68,0.93,2.7,-1.96,0.67,0.6,-0.06,2.68,2025-09-23,6.599350883519639,4.867909997735276,6.35748164502743,2.5243418680129803,-2.9003441689937848,1.8276367659411097,7.897583844212042,3.869940238653591,8.244415205068767
17,VCYT,XLV,88.2,Strong,86.2,90.3,4.5,2025-09-23,34.18,15.65,14.63,0.078,55.9,0.86,60.0,-0.25,1,2.0,1.368,,2.36,2.36,1.01,2.7,0.54,1.56,-0.96,3.0,1.65,0.07,2.7,-0.75,-0.47,-0.96,2025-09-23,1.4180206794682348,-0.31342020631612844,1.1761514409760254,2.2451994091580385,-3.1794866278487266,1.5484943070861679,0.3545051698670587,-3.673138435691392,0.701336530723784
18,GOOG,QQQ,86.3,Strong,88.1,84.6,14.9,2025-09-23,251.67,20.75,15.75,0.135,54.4,0.72,80.0,0.15,3,3.16,1.1,extended >3 ATR above 20d avg,2.28,-0.03,-2.06,2.7,0.47,1.2,-2.07,3.0,0.77,-1.49,3.0,0.45,0.1,-2.07,2025-09-23,-3.411666467851604,-3.537343026659845,-3.6535357063438134,-1.9921269235357308,-2.8081867120639648,-2.6888320256076015,-2.3619229392818797,-2.1072184467638255,-2.0150915784251544
19,NESR,OIH,81.0,Strong,92.5,70.9,25.1,2025-09-23,10.38,20.5,16.45,0.114,63.8,,60.0,0.19,2,1.39,0.696,heavy selling into close today,0.76,1.97,,-1.69,1.38,0.64,0.74,2.12,3.0,,1.01,0.35,-0.39,0.74,2025-09-23,-2.0992366412213803,-0.11166853439918967,-2.3411058797135897,-2.62404580152672,-2.186627337863156,-3.3207509035985905,-0.1908396946564861,6.055802926784693,0.1559916662002392
20,KEYS,XLK,78.5,Strong,89.3,69.0,21.2,2025-09-23,177.91,7.67,0.53,0.131,61.0,0.9,75.0,0.06,0,2.51,0.649,,1.71,2.54,1.16,0.67,-0.82,-0.29,-0.4,2.29,3.0,-0.24,2.02,0.13,-1.08,-0.4,2025-09-23,-1.5536166619758096,-1.9113472193200143,-1.795485900468019,-4.238671545173089,-5.920005164690855,-4.93537664724496,-7.210807768083316,-7.375363824461645,-6.863976407226591
21,SITM,SMH,77.9,Strong,81.4,74.5,5.4,2025-09-23,318.36,37.53,28.07,0.103,55.6,0.76,75.0,0.58,2,4.13,0.786,extended >3 ATR above 20d avg,0.69,0.39,,0.34,1.39,2.58,-0.52,1.33,0.52,-0.57,1.69,1.55,1.28,-0.52,2025-09-23,-5.492163009404383,-7.033985731002379,-5.734032247896592,-5.3291536050156685,-10.188704166813434,-6.025858707087539,-9.736677115987458,-13.47887436942067,-9.389845755130732
22,GOOGL,QQQ,77.6,Strong,87.5,68.8,14.9,2025-09-23,251.03,20.82,15.82,0.121,53.2,0.71,80.0,0.14,2,3.1,0.645,extended >3 ATR above 20d avg,1.08,-0.89,-3.0,0.9,0.31,1.01,-2.62,2.91,-0.1,-2.7,2.25,0.29,-0.08,-2.62,2025-09-23,-3.4062387952671136,-3.5319153540753545,-3.648108033759323,-2.3226166288195627,-3.1386764173477966,-3.0193217308914333,-2.4779889247440345,-2.2232844322259804,-2.1311575638873093
23,EXPE,XLY,76.8,Strong,78.1,75.5,6.7,2025-09-23,219.64,3.94,1.49,0.084,56.1,1.04,70.0,0.15,3,0.49,0.812,,0.85,0.62,0.09,2.02,2.73,1.9,-1.68,1.54,2.76,1.01,2.02,0.76,0.39,-1.68,2025-09-23,-3.9470702859473294,-4.284851066220929,-4.188939524439538,-2.723523813839668,-1.4652904073205075,-3.4202289159115384,0.3806589024335061,2.2468977134451618,0.7274902632902314
24,DOCN,IGV,75.9,Strong,89.2,64.6,38.1,2025-09-23,36.96,18.96,9.89,0.085,53.0,0.94,70.0,-0.25,4,1.56,0.551,4 distribution days in 20; heavy selling into close today,3.0,0.93,3.0,3.0,-0.94,1.64,0.37,3.0,2.75,0.24,3.0,-0.78,0.66,0.37,2025-09-23,-7.798165137614676,-6.282105180441233,-8.040034376106885,3.372908796546148,5.402887383269917,2.6762036944742773,9.147328656233134,11.888228013834844,9.49416001708986
25,FORM,SMH,75.0,Strong,79.7,70.5,5.4,2025-09-23,37.1,27.07,17.61,-0.002,55.4,0.94,55.0,-0.07,2,4.37,0.686,extended >3 ATR above 20d avg; heavy selling into close today,-0.05,2.28,,-0.0,-0.08,0.46,1.13,0.59,2.41,-0.74,1.35,0.08,-0.84,1.13,2025-09-23,-0.7627349496050151,-2.3045576712030114,-1.0046041880972245,5.774993189866517,0.9154426280687522,5.078288087794647,9.670389539634971,5.928192286201761,10.017220900491697
26,INGM,XLK,73.0,Strong,86.1,61.9,21.2,2025-09-23,20.77,7.39,0.25,0.096,61.3,0.88,65.0,0.23,1,1.4,0.493,,0.91,1.23,0.37,-0.0,0.5,1.87,-2.22,1.5,1.72,-1.03,1.35,1.45,1.09,-2.22,2025-09-23,2.214732787674545,1.8570022303303402,1.9728635491823354,0.288878189696673,-1.3924554298210934,-0.40782691237519764,3.033220991815111,2.868664935436782,3.3800523526718362
27,IREN,XLF,68.9,Moderate,77.6,61.2,16.2,2025-09-23,41.77,80.71,79.42,0.064,54.8,0.66,55.0,1.2,4,3.5,0.477,4 distribution days in 20; extended >3 ATR above 20d avg,3.0,1.17,0.54,-2.7,2.41,2.64,-2.17,3.0,0.61,-1.12,0.0,1.87,1.64,-2.17,2025-09-23,8.113403249971185,8.056788794413539,7.871534011478976,42.00760631554685,42.101963741476276,41.31090121347498,60.193615304828874,61.26928996042427,60.5404466656856
28,PANW,IGV,68.2,Moderate,93.5,49.7,38.1,2025-09-23,203.28,10.17,1.11,0.116,57.1,1.09,80.0,-0.05,1,1.44,0.244,,-0.52,0.97,3.0,3.0,0.21,1.66,0.3,1.48,2.8,-0.74,3.0,0.37,0.68,0.3,2025-09-23,0.4687422904228633,1.9848022475963067,0.22687305193065388,4.119998026348259,6.1499766130720275,3.4232929242763888,2.402921004588743,5.143820362190454,2.749752365445468
29,TSLA,QQQ,67.7,Moderate,80.3,57.1,14.9,2025-09-23,425.83,22.87,17.87,0.024,56.3,0.72,50.0,-0.03,0,3.08,0.393,extended >3 ATR above 20d avg,-0.71,1.11,-3.0,-0.0,-0.23,0.21,-3.0,1.12,1.91,-2.6,1.35,-0.25,-0.89,-3.0,2025-09-23,3.4198771635957748,3.294200604787534,3.1780079251035653,0.7049134561697423,-0.11114633235849158,0.008208354097871684,-0.13726037595384044,0.11744411656421372,0.20957098490288484
30,KLAC,SMH,63.8,Moderate,70.7,57.6,5.4,2025-09-23,106.57,21.91,12.44,0.111,55.6,,75.0,0.15,2,4.35,0.404,extended >3 ATR above 20d avg,0.91,-0.06,,1.35,0.6,0.56,-2.55,1.55,0.08,,2.7,0.76,-0.74,-2.55,2025-09-23,1.0654346596266295,-0.47638806197136674,0.8235654211344201,1.687723929851015,-3.1718266319467503,0.9910188277791443,-3.8563077503300014,-7.598505003763211,-3.509476389473276
31,AMAT,SMH,62.8,Moderate,73.0,54.1,5.4,2025-09-23,199.78,24.03,14.57,0.048,55.9,0.77,45.0,0.19,2,5.74,0.333,extended >3 ATR above 20d avg,0.86,0.19,,-1.35,1.33,0.13,1.66,1.5,0.32,-1.38,0.0,1.49,-1.17,1.66,2025-09-23,2.838670572785129,1.2968478511871329,2.5968013342929197,6.27841196080412,1.4188613990063548,5.581706858732249,9.622184058995863,5.879986805562653,9.969015419852589
32,SMTC,SMH,58.0,Moderate,73.0,46.1,5.4,2025-09-23,61.29,20.27,10.81,0.054,56.4,0.57,60.0,-0.06,1,0.4,0.172,,0.74,0.74,,-0.0,-1.12,1.33,-3.0,1.38,0.88,-2.19,1.35,-0.95,0.03,-3.0,2025-09-23,16.680280999836626,15.13845827823863,16.438411761344415,15.879758209442919,11.020207647645154,15.183053107371048,10.48848227413821,6.746285020705,10.835313634994936
33,ETSY,XLY,56.5,Moderate,58.4,54.6,6.7,2025-09-23,62.64,9.19,6.74,0.12,56.1,1.0,75.0,0.41,4,1.71,0.343,4 distribution days in 20,1.23,-1.87,0.52,3.0,3.0,2.45,-2.26,1.92,0.26,1.44,3.0,1.05,0.94,-2.26,2025-09-23,4.982600442897822,4.644819662624222,4.740731204405613,13.018032268269542,14.276265674788702,12.32132716619767,13.714014552356858,15.580253363368513,14.060845913213583
34,FLS,XLI,56.0,Moderate,39.8,78.9,1.8,2025-09-23,55.51,6.28,4.91,0.04,56.0,0.69,50.0,-0.11,4,0.64,0.91,4 distribution days in 20; heavy selling into close today,1.53,2.77,-0.87,1.69,-0.57,0.08,-0.41,1.4,1.08,-0.23,0.34,-1.08,-1.17,-0.41,2025-09-23,-5.7937219730941685,-6.3608546557636485,-6.035591211586378,-7.766816143497756,-8.340543392244781,-8.463521245569627,-9.165919282511215,-9.080189923503035,-8.81908792165449
35,NOW,IGV,53.5,Weak,88.2,32.4,38.1,2025-09-23,185.29,5.33,-3.73,0.052,56.0,0.88,70.0,-0.04,0,0.02,-0.119,,-0.69,0.21,3.0,3.0,0.2,0.52,-0.48,1.31,2.03,-0.97,3.0,0.36,-0.46,-0.48,2025-09-23,-4.399314392562193,-2.8832544353887495,-4.641183631054402,-6.0458110424349565,-4.0158324557111875,-6.742516144506827,-5.329039630187493,-2.5881402725857816,-4.982208269330767
36,ARQT,XBI,52.6,Weak,73.8,37.5,26.5,2025-09-23,17.59,12.11,3.08,0.008,55.7,0.82,60.0,-0.17,2,1.13,-0.005,,-2.51,0.54,-0.04,3.0,-0.57,-1.61,3.0,0.09,0.74,-1.46,3.0,-1.14,-1.49,3.0,2025-09-23,6.8027210884353595,3.8080907703849753,6.56085184994315,16.5532879818594,9.923796036382313,15.856582879787528,15.75963718820863,7.705114263797229,16.106468549065355
37,MU,SMH,49.7,Weak,57.4,43.1,5.4,2025-09-23,166.19,43.05,33.58,0.093,59.5,,65.0,-0.01,0,3.7,0.112,extended >3 ATR above 20d avg,0.61,0.91,,0.0,-0.86,-0.4,-1.5,1.25,1.04,,1.35,-0.69,-1.7,-1.5,2025-09-23,1.3215324927254857,-0.2202902288725106,1.0796632542332762,12.433317167798252,7.573766606000487,11.736612065726382,13.275945683802126,9.533748430368917,13.622777044658852
38,EXEL,XBI,46.4,Weak,71.2,30.3,26.5,2025-09-23,39.78,4.93,-4.1,0.066,51.9,1.18,65.0,0.11,3,1.23,-0.167,,-0.17,0.94,2.31,0.67,1.56,-0.28,-0.36,2.44,1.13,0.9,1.35,0.98,-0.17,-0.36,2025-09-23,4.105793450881601,1.1111631328312166,3.8639242123893913,-0.2015113350126052,-6.831003280489689,-0.8982164370844758,-0.45340050377833396,-8.507923428189734,-0.10656914292160868
39,AAOI,XLK,46.3,Weak,65.2,32.9,21.2,2025-09-23,28.07,15.37,8.23,-0.012,51.7,0.88,40.0,1.12,3,0.82,-0.107,heavy selling into close today,0.62,-0.83,1.02,-1.35,0.69,2.43,2.04,1.21,-0.34,-0.38,0.0,1.65,1.64,2.04,2025-09-23,-7.395498392282951,-7.753228949627156,-7.63736763077516,11.932833154698109,10.251499535180344,11.236128052626238,1.6791711325473413,1.5146150761690125,2.0260024934040666
40,ALAB,SMH,45.7,Weak,49.3,42.4,5.4,2025-09-23,230.12,32.22,22.75,0.071,55.9,0.99,60.0,0.64,3,1.13,0.097,,0.91,0.58,,-0.67,0.88,0.87,-3.0,1.55,0.71,0.36,0.67,1.04,-0.43,-3.0,2025-09-23,-7.765049046129235,-9.30687176772723,-8.006918284621445,-0.09174096116298935,-4.951291522960755,-0.78844606323486,-24.03377949236668,-27.77597674579989,-23.686948131509954
41,ATRO,ITA,44.0,Weak,49.0,39.6,15.9,2025-09-23,35.27,16.71,10.73,0.097,55.2,0.92,80.0,-0.12,6,1.35,0.039,6 distribution days in 20,2.21,1.45,3.0,3.0,-1.74,-0.31,2.44,1.73,1.02,1.11,2.7,-0.85,-0.16,2.44,2025-09-23,6.057206954570948,4.628982519302549,5.815337716078739,11.469433538979267,8.263215418988977,10.772728436907396,11.974200785193512,9.870727382230182,12.321032146050237
42,AMRX,XPH,42.4,Weak,31.2,57.7,2.7,2025-09-23,9.84,6.15,5.43,0.097,60.0,1.06,65.0,-0.26,6,0.48,0.405,6 distribution days in 20,2.33,3.0,0.94,1.69,-1.01,-1.31,0.75,1.89,1.9,1.75,1.35,-1.78,-1.0,0.75,2025-09-23,2.1834506682991472,-0.39165662783817723,1.9415814298069378,5.805530047954277,2.5437274728469905,5.108824945882406,-0.8264462809917328,-2.0067037917213426,-0.4796149201350075
43,INSW,XLE,42.2,Weak,55.3,32.2,13.5,2025-09-23,41.48,10.91,9.1,0.045,53.1,0.71,55.0,0.07,1,1.45,-0.123,,-0.6,0.97,-0.44,-1.35,0.17,0.89,-3.0,1.51,0.11,-2.06,0.0,-0.25,-1.06,-3.0,2025-09-23,-4.379385434309202,-3.76153646405748,-4.6212546728014114,-7.960319380595204,-7.479770181510537,-8.657024482667076,-10.065327849020079,-6.106517780370181,-9.718496488163353
44,CIEN,XLK,41.5,Weak,60.3,28.5,21.2,2025-09-23,139.54,53.76,46.62,0.122,56.4,0.89,65.0,0.19,4,3.23,-0.211,4 distribution days in 20; extended >3 ATR above 20d avg,1.4,-0.28,0.31,0.0,-0.52,0.46,-1.39,1.99,0.21,-1.09,1.35,0.43,-0.33,-1.39,2025-09-23,4.570239632658923,4.212509075314719,4.328370394166714,8.68130291289999,6.999969293382224,7.98459781082812,18.273783900129146,18.109227843750816,18.620615260985872
45,COHR,XLK,39.2,None,57.9,26.5,21.2,2025-09-23,109.33,20.87,13.73,0.058,55.0,0.96,60.0,0.26,1,1.82,-0.261,,0.68,-0.3,1.97,-1.01,0.59,1.32,-1.02,1.27,0.19,0.57,0.34,1.54,0.53,-1.02,2025-09-23,-2.0630737071707705,-2.420804264514975,-2.30494294566298,3.226392801963107,1.5450591824453408,2.5296876998912365,-0.5998364082522967,-0.7643924646306255,-0.2530050473955714
46,CDE,GDX,37.8,None,96.1,14.9,96.5,2025-09-23,18.01,48.47,25.29,0.166,61.9,,80.0,0.51,3,3.64,-0.622,extended >3 ATR above 20d avg,-1.1,0.58,,0.0,-0.81,-0.13,-3.0,3.0,3.0,,3.0,0.94,0.65,-3.0,2025-09-23,3.824833702882491,0.5427963884333531,3.5829644643902814,4.157427937915736,0.09914113415707693,3.4607228358438658,16.241685144124162,10.235965411045054,16.588516504980888
47,LLY,SPY,36.3,None,68.8,19.2,,2025-09-23,742.53,7.42,3.9,0.041,51.2,0.83,60.0,-0.03,0,0.07,-0.47,,-2.93,-1.1,-1.99,-0.0,0.72,0.91,-2.09,0.96,0.49,-1.45,2.02,0.28,-0.9,-2.09,2025-09-23,2.1974612510285985,1.955592012536389,1.955592012536389,13.128111046660651,12.43140594458878,12.43140594458878,8.899111033171003,9.245942394027729,9.245942394027729
48,ENTG,SMH,36.0,None,43.9,29.5,5.4,2025-09-23,95.45,10.44,0.97,0.012,52.6,0.84,55.0,0.09,1,2.58,-0.185,,-0.18,-0.03,,-1.21,0.03,1.41,-1.33,0.46,0.1,-0.25,0.13,0.2,0.12,-1.33,2025-09-23,-3.4898344162649364,-5.031657137862933,-3.731703654757146,-3.6575141479773587,-8.517064709775124,-4.35421925004923,-5.019911968140855,-8.762109221574065,-4.673080607284129
49,META,QQQ,35.5,None,49.6,25.4,14.9,2025-09-23,752.68,0.31,-4.68,0.017,54.1,1.05,45.0,-0.12,3,-0.08,-0.29,,-0.76,0.78,0.65,-0.67,-0.15,1.72,-1.63,1.07,1.58,1.21,0.67,-0.17,0.62,-1.63,2025-09-23,-3.0505735555143576,-3.1762501143225985,-3.292442794006567,-5.8852359127877785,-6.701295701316012,-6.581941014859649,-6.433623864148153,-6.178919371630099,-6.086792503291427
50,NTAP,IGV,30.1,None,74.2,12.2,38.1,2025-09-23,121.3,11.16,2.1,0.086,57.4,0.63,60.0,-0.02,2,1.23,-0.738,,-0.72,-0.64,3.0,0.67,-0.74,0.64,-0.68,1.28,1.19,-1.82,0.67,-0.58,-0.34,-0.68,2025-09-23,-3.8645747316267465,-2.348514774453303,-4.106443970118956,-3.8398018166804215,-1.809823229956653,-4.536506918752292,-1.7506193228736477,0.9902800347280638,-1.4037879620169225
51,SOFI,XLF,28.2,None,38.9,20.5,16.2,2025-09-23,29.08,11.2,9.92,0.067,52.0,0.97,60.0,0.08,3,1.98,-0.429,,1.22,0.12,2.46,-0.67,0.25,-0.25,-0.78,1.51,-0.45,0.79,2.02,-0.29,-1.25,-0.78,2025-09-23,-10.457627118644075,-10.514241574201721,-10.699496357136283,-4.610169491525418,-4.515812065595992,-5.306874593597288,-5.525423728813561,-4.449749073218167,-5.178592367956835
52,PLTR,IGV,28.0,None,65.0,12.1,38.1,2025-09-23,182.56,16.19,7.13,0.083,55.6,0.9,65.0,0.54,2,2.64,-0.743,,-0.34,-1.41,3.0,1.35,1.05,0.03,-3.0,1.66,0.42,-0.55,1.35,1.21,-0.95,-3.0,2025-09-23,-0.8102229472539468,0.7058370099194966,-1.0520921857461563,-0.9434475258292663,1.0865310608945022,-1.640152627901137,-2.2680804785209285,0.472818879080783,-1.9212491176642033
53,P,XLK,23.2,None,38.3,14.0,21.2,2025-09-23,88.29,49.49,42.35,0.057,48.1,0.78,55.0,0.09,3,3.34,-0.659,extended >3 ATR above 20d avg,0.56,-2.71,-0.77,-1.35,-0.14,0.66,-0.75,1.14,-2.22,-2.16,0.0,0.82,-0.13,-0.75,2025-09-23,-5.22683561488857,-5.584566172232774,-5.468704853380779,-0.5600181015952055,-2.241351721112972,-1.2567232036670761,4.655504016291423,4.490947959913094,5.002335377148148
54,CGNX,XLK,21.0,None,35.4,12.5,21.2,2025-09-23,46.13,5.46,-1.68,0.016,53.8,0.74,60.0,0.04,0,1.81,-0.722,,-1.31,-0.81,0.51,-1.01,-0.64,0.17,0.02,-0.73,-0.32,-0.89,0.34,0.32,-0.62,0.02,2025-09-23,-2.3855996530036894,-2.743330210347894,-2.627468891495899,-1.0193016699197588,-2.700635289437525,-1.7160067719916294,-2.5374105400130187,-2.7019665963913475,-2.1905791791562934
55,CRDO,SMH,19.6,None,25.8,14.9,5.4,2025-09-23,162.22,40.56,31.09,0.065,52.9,0.87,80.0,0.2,3,1.41,-0.623,,-0.71,-0.69,,-0.0,-1.18,0.67,-0.81,-0.07,-0.55,-0.16,1.35,-1.02,-0.63,-0.81,2025-09-23,-8.39046480910749,-9.932287530705487,-8.632334047599699,-13.73042329706271,-18.589973858860475,-14.427128399134581,-18.359645260708213,-22.101842514141424,-18.012813899851487
56,SSRM,GDX,19.5,None,88.3,4.3,96.5,2025-09-23,23.09,31.87,8.69,0.167,61.0,1.02,80.0,0.29,1,2.12,-1.3,,-1.25,-2.22,0.82,-1.35,-1.74,0.09,-1.17,3.0,0.66,-0.26,3.0,0.0,0.87,-1.17,2025-09-23,5.354058721934374,2.072021407485236,5.112189483442164,0.38860103626943143,-3.669685767489228,-0.3081040658024392,1.8134715025906578,-4.192248230488449,2.160302863447383
57,DASH,XLY,19.0,None,18.9,19.1,6.7,2025-09-23,265.85,8.36,5.91,0.07,50.9,0.94,65.0,0.04,1,1.58,-0.471,,-0.28,-3.0,-0.16,0.67,0.37,1.0,-0.91,0.41,-1.26,0.76,0.67,-1.59,-0.5,-0.91,2025-09-23,2.1866546438232604,1.8488738635496604,1.944785405331051,4.012623985572561,5.270857392091721,3.3159188835006903,1.623083859332719,3.4893226703443747,1.9699152201894443
58,VST,XLU,18.9,None,13.4,26.7,5.2,2025-09-23,203.12,7.62,6.23,0.028,50.3,0.97,60.0,-0.06,3,0.44,-0.256,heavy selling into close today,0.94,-0.1,3.0,1.35,-1.42,3.0,-2.28,-0.84,-0.95,0.18,0.67,-0.8,-0.03,-2.28,2025-09-23,-3.6963729031619597,-5.350652452430715,-3.938242141654169,-1.7516947894502422,-6.834408766913668,-2.448399891522113,1.1034687515463437,-5.753400104843021,1.450300112403069
59,LITE,XLK,17.1,None,29.5,9.9,21.2,2025-09-23,164.05,33.02,25.88,0.046,56.1,0.71,60.0,0.03,2,1.56,-0.855,,-1.3,-0.1,0.26,-2.02,-2.03,-0.92,1.31,-0.71,0.39,-1.13,-0.67,-1.08,-1.71,1.31,2025-09-23,0.10155408524388232,-0.25617647210032235,-0.1403151532483271,-3.3143560547776563,-4.995689674295423,-4.011061156849527,-3.5543929835359367,-3.7189490399142655,-3.2075616226792114
60,CRWD,IGV,14.3,None,41.0,5.0,38.1,2025-09-23,121.06,15.61,6.55,0.02,54.0,0.71,50.0,0.11,3,2.64,-1.218,,-3.0,-1.09,0.47,-0.67,0.69,-1.39,0.51,-1.01,0.74,-3.0,-0.67,0.85,-2.37,0.51,2025-09-23,1.6086235489220613,3.1246835060955047,1.3667543104298518,0.4643449419568846,2.494323528680653,-0.23236016011498606,1.3598673300165842,4.100766687618296,1.7066986908733095
61,APH,XLK,13.6,None,24.1,7.7,21.2,2025-09-23,62.31,14.58,7.44,0.04,58.6,0.93,55.0,0.15,2,3.21,-0.993,extended >3 ATR above 20d avg,-2.17,0.57,0.57,-2.7,-0.38,-1.99,1.22,-1.58,1.06,-0.82,-1.35,0.57,-2.78,1.22,2025-09-23,-1.459268762026933,-1.8169993193711376,-1.7011380005191423,-0.8338678640153918,-2.515201483533158,-1.5305729660872625,-2.3572803078896754,-2.521836364268004,-2.01044894703295
62,NEM,GDX,10.5,None,79.4,1.4,96.5,2025-09-23,83.89,19.52,-3.66,0.127,56.7,0.85,85.0,0.38,5,3.43,-1.873,5 distribution days in 20; extended >3 ATR above 20d avg,-2.38,-2.67,0.23,-1.35,0.67,-1.25,-1.21,3.0,0.21,-0.85,3.0,2.42,-0.47,-1.21,2025-09-23,-0.29850746268657025,-3.580544777135708,-0.5403767011787797,2.853731343283572,-1.2045554604750874,2.1570262412117014,7.080597014925383,1.074877281846276,7.4274283757821085
63,NBIS,IGV,9.1,None,30.8,2.7,38.1,2025-09-23,107.78,53.92,44.85,-0.009,51.0,0.61,35.0,0.28,4,3.27,-1.547,4 distribution days in 20; extended >3 ATR above 20d avg,-1.89,-2.07,3.0,-1.01,0.83,2.01,-1.13,0.11,-0.24,-1.09,-1.01,0.99,1.03,-1.13,2025-09-23,2.8451001053740654,4.361160062547508,2.603230866881856,7.829752141842672,9.85973072856644,7.133047039770801,17.41421175608191,20.155111113683624,17.761043116938637
64,RGLD,GDX,8.4,None,58.7,1.2,96.5,2025-09-23,190.27,9.94,-13.24,0.025,54.9,0.98,55.0,0.12,4,1.33,-1.972,4 distribution days in 20,-3.0,-1.91,0.44,-3.0,-0.99,-0.77,0.71,0.93,0.97,-0.65,0.67,0.76,0.01,0.71,2025-09-23,4.540915541073209,1.2588782266240717,4.299046302581,3.458243548641393,-0.6000432551172663,2.7615384465695225,4.2833867661743685,-1.7223329669047382,4.630218127031094
65,ANET,XLK,8.3,None,14.6,4.7,21.2,2025-09-23,144.08,8.3,1.16,0.052,56.4,0.98,60.0,-0.07,2,0.36,-1.251,,-1.23,-0.0,1.87,-2.02,-3.0,0.54,-2.09,-0.64,0.48,0.48,-0.67,-2.55,-0.25,-2.09,2025-09-23,0.7119159524467733,0.35418539510256863,0.4700467139545639,0.4077965164501096,-1.2735371030676568,-0.288908585621761,-4.050317943046733,-4.214873999425062,-3.7034865821900076
66,DGX,XLV,8.3,None,7.7,9.0,4.5,2025-09-23,183.77,4.66,3.64,0.006,46.4,0.86,60.0,-0.08,1,1.87,-0.908,,-2.58,-1.86,-0.98,0.0,-0.12,-0.33,-1.57,-1.38,-2.57,-1.92,0.0,-1.42,-2.36,-1.57,2025-09-23,2.1880285916953124,0.4565877059109491,1.946159353203103,-2.0134228187919434,-7.438108855798708,-2.710127920863814,-0.08730288645167894,-4.11494649201013,0.25952847440504634
67,NWSA,XLC,7.4,None,60.1,0.9,91.8,2025-09-23,30.36,1.81,-4.77,0.114,59.1,0.96,70.0,0.07,4,1.45,-2.082,4 distribution days in 20,-2.41,-2.54,3.0,-1.69,-0.63,0.01,0.97,1.76,1.12,0.21,1.01,0.42,-0.6,0.97,2025-09-23,0.3292723081988802,0.38912182940270545,0.08740306970667078,-10.503786631544287,-8.511652568616789,-11.200491733616158,-12.87454725057623,-9.6426731055694,-12.527715889719504
68,AU,GDX,2.9,None,28.5,0.3,96.5,2025-09-23,65.25,27.52,4.33,0.101,56.5,1.11,75.0,0.31,4,3.16,-2.616,4 distribution days in 20; extended >3 ATR above 20d avg,-3.0,-2.34,1.51,-3.0,-1.26,-2.7,-1.65,0.97,0.54,0.43,0.67,0.49,-1.92,-1.65,2025-09-23,1.2561274509803821,-2.0259098634687556,1.0142582124881727,7.337622549019596,3.279335745260936,6.640917446947725,5.759803921568629,-0.2459158115104776,6.106635282425355
69,AVGO,QQQ,1.3,None,1.4,1.3,14.9,2025-09-23,336.46,15.45,10.45,-0.068,50.3,0.81,35.0,-0.17,5,0.43,-1.919,5 distribution days in 20,-3.0,-3.0,-3.0,-3.0,-1.94,-0.6,-0.28,-3.0,-2.23,-3.0,-3.0,-1.96,-1.7,-0.28,2025-09-23,-2.947368421052632,-3.0730449798608728,-3.1892376595448413,-0.9844329132690843,-1.8004927017973182,-1.681138015340955,1.2868791697553617,1.5415836622734158,1.633710530612087
70,ORCL,IGV,1.2,None,3.5,0.4,38.1,2025-09-23,310.59,33.51,24.44,-0.009,51.8,0.67,45.0,-0.1,6,2.08,-2.564,6 distribution days in 20,-3.0,-3.0,3.0,-2.02,-0.91,1.35,0.56,-1.23,-1.34,-0.2,-2.02,-0.75,0.37,0.56,2025-09-23,-9.876743431722346,-8.360683474548903,-10.118612670214556,-8.74797275381123,-6.717994167087461,-9.4446778558831,-3.9474537787869024,-1.2065544211851909,-3.600622417930177
1,GLW,XLK,97.7,Strong,98.5,96.9,53.7,2025-09-30,81.32,19.8,11.16,0.112,58.2,,75.0,0.33,1,2.62,1.977,,3.0,1.15,,3.0,2.29,1.32,-0.51,3.0,1.95,,3.0,3.0,1.92,-0.51,2025-09-30,4.432887568103028,2.5547513673861877,3.5320415959972262,3.875681030212963,3.5172580911448703,4.0204870663382515,5.6587419514611215,2.8487061091672317,4.436274151750719
2,MNST,XLP,97.7,Strong,96.4,99.0,0.5,2025-09-30,33.66,7.4,9.56,0.106,58.8,0.9,75.0,0.08,1,2.12,2.55,,3.0,3.0,-3.0,3.0,2.22,2.0,-1.23,3.0,3.0,-0.94,3.0,1.14,0.11,-1.23,2025-09-30,1.7009847806624956,1.8060130069983193,0.8001388085566941,2.387347060578948,1.3501933255126497,2.532153096704237,2.8349746344374926,1.5089932769476677,1.6125068347270899
3,INOD,XLK,94.1,Strong,97.5,90.8,53.7,2025-09-30,77.02,105.69,97.05,0.126,58.8,,80.0,0.61,0,2.76,1.395,,2.17,3.0,,2.7,-2.08,-0.32,-0.91,3.0,3.0,,3.0,0.77,0.28,-0.91,2025-09-30,13.67654706188246,11.79841086116562,12.775701089776657,-1.4820592823712953,-1.8404822214393879,-1.3372532462460063,0.06500260010400272,-2.745033242189887,-1.1574651996064
4,BTSG,XLV,93.6,Strong,95.6,91.6,6.0,2025-09-30,29.56,23.79,22.09,0.112,55.6,0.94,75.0,0.56,5,2.42,1.445,5 distribution days in 20,2.39,3.0,0.04,2.02,0.25,3.0,2.33,2.82,3.0,-0.72,2.02,1.48,3.0,2.33,2025-09-30,-1.931700586409102,-5.042391770361432,-2.8325465585149034,3.2080027595722704,1.4636899461410557,3.3528087956975594,11.245256985167295,7.531324286570017,10.022789185456892
5,CAT,XLI,93.1,Strong,89.8,96.6,1.1,2025-09-30,473.17,14.81,11.94,0.133,61.7,0.94,65.0,0.21,2,3.03,1.924,extended >3 ATR above 20d avg,3.0,3.0,0.58,2.02,1.19,2.98,0.65,3.0,2.15,0.89,0.67,0.99,1.62,0.65,2025-09-30,2.722550981310401,2.0824559568944023,1.8217050092045994,11.294648558899922,11.31444531223238,11.439454595025211,11.01366597130573,9.977635880240655,9.791198171595328
6,TSM,SMH,91.7,Strong,95.9,87.7,13.9,2025-09-30,276.88,22.52,8.58,0.122,57.1,,70.0,0.31,0,2.42,1.231,,2.63,0.45,,1.35,1.29,1.7,-1.97,3.0,1.61,,3.0,2.07,0.33,-1.97,2025-09-30,5.623144326164087,1.7876887692349186,4.722298354058285,6.318343109566227,3.589328398229852,6.463149145691515,5.77521906003331,-0.6223578963271859,4.552751260322907
7,MRVL,SMH,91.7,Strong,96.5,87.1,13.9,2025-09-30,83.87,30.09,16.16,0.09,55.6,0.98,70.0,0.4,2,3.67,1.205,extended >3 ATR above 20d avg,1.01,2.84,,0.67,1.06,-1.49,2.37,2.89,3.0,-1.5,2.7,1.84,-2.86,2.37,2025-09-30,5.53326036726256,1.697804810333392,4.632414395156759,4.633345494345131,1.9043307830087564,4.778151530470421,2.3349142648668497,-4.062662691493646,1.112446465156447
8,ACMR,SMH,87.2,Strong,92.9,81.8,13.9,2025-09-30,39.13,41.93,28.0,0.098,58.1,0.9,65.0,0.43,5,3.53,1.003,5 distribution days in 20; extended >3 ATR above 20d avg,1.99,1.5,,-0.0,0.77,2.11,2.95,3.0,2.66,-0.52,2.02,1.55,0.75,2.95,2025-09-30,4.710144927536231,0.8746893706070624,3.809298955430429,-1.3975155279503104,-4.126530239286685,-1.2527094918250214,0.8022774327122173,-5.595299523648278,-0.42019036699818546
9,ETSY,XLY,87.1,Strong,90.0,84.2,5.9,2025-09-30,66.37,28.29,23.95,0.169,62.4,0.98,85.0,0.61,2,1.47,1.088,heavy selling into close today,1.76,0.64,0.85,3.0,2.37,0.97,-0.91,3.0,1.92,1.32,3.0,1.35,0.23,-0.91,2025-09-30,7.475932611311675,8.917267742801894,6.575086639205874,8.137785800240671,10.185998881832049,8.28259183636596,8.258122743682295,8.283409324936509,7.035654943971892
10,AAPL,QQQ,84.4,Strong,91.5,77.9,27.4,2025-09-30,253.62,10.81,4.55,0.087,54.6,0.97,60.0,0.23,3,2.36,0.881,,3.0,0.91,-0.09,-0.0,0.45,1.52,-0.06,3.0,1.66,0.19,2.02,1.48,1.98,-0.06,2025-09-30,0.5667060212514841,-0.6530318612835595,-0.33413995085431747,-2.817788272333721,-2.9624744211585785,-2.672982236208432,3.057851239669418,0.6755769752975427,1.8353834399590152
11,QCOM,SMH,81.5,Strong,91.7,72.5,13.9,2025-09-30,163.0,5.39,-8.55,0.108,54.5,0.87,75.0,0.02,2,0.57,0.735,,2.18,0.26,,1.35,-0.85,1.24,-2.16,3.0,1.42,-1.47,3.0,-0.07,-0.12,-2.16,2025-09-30,-0.2707359094265338,-4.1061914663557015,-1.1715818815323353,-2.5289195175978385,-5.2579342289342135,-2.3841134814725495,1.753630322421862,-4.643946633938634,0.5311625227114591
12,VEEV,XLV,79.5,Strong,82.1,76.9,6.0,2025-09-30,297.97,10.44,8.75,0.044,56.4,0.6,60.0,0.27,0,2.83,0.851,,-0.3,2.15,-1.93,0.67,0.2,0.91,-1.11,0.12,1.88,-2.69,0.67,1.42,-0.31,-1.11,2025-09-30,4.0043473830791765,0.8936561991268466,3.103501410973375,-2.2959616886866097,-4.040274502117825,-2.1511556525613207,-1.5181876846788844,-5.232120383276162,-2.740655484389287
13,CORT,XBI,78.8,Strong,91.9,67.5,23.1,2025-09-30,83.11,16.43,8.59,0.084,57.8,0.82,65.0,0.4,4,2.15,0.615,4 distribution days in 20,-0.41,3.0,0.22,1.35,0.92,0.87,0.46,2.27,3.0,-0.87,2.02,1.4,0.51,0.46,2025-09-30,8.727579150114373,5.136086373228332,7.826733178008571,-13.16961598651739,-18.145538939968432,-13.024809950392102,-9.257252919224745,-18.657333176046563,-10.479720718935148
14,LRCX,SMH,76.0,Strong,83.5,69.1,13.9,2025-09-30,133.27,38.25,24.31,0.126,56.9,,85.0,0.16,2,3.63,0.653,extended >3 ATR above 20d avg,2.44,-1.01,,2.7,-0.67,-0.66,-0.15,3.0,0.15,,3.0,0.11,-2.02,-0.15,2025-09-30,5.978755690440063,2.1433001335108948,5.077909718334261,4.453717754172981,1.7247030428366061,4.59852379029827,9.50682852807283,3.109251571712335,8.284360728362428
15,MPC,XLE,75.7,Strong,71.8,79.9,3.0,2025-09-30,189.57,6.98,7.44,0.05,53.8,0.86,50.0,0.12,1,1.63,0.939,,1.66,2.03,-0.3,0.0,1.17,0.77,-1.3,1.9,0.78,-2.22,-0.67,0.55,-0.85,-1.3,2025-09-30,-0.2911131106759224,-0.9158238927212792,-1.191959082781724,-4.663102736463243,-1.7709231899569966,-4.518296700337954,-4.800719843328216,-2.3018767151468222,-6.023187643038619
16,BE,XLI,75.3,Strong,64.5,88.0,1.1,2025-09-30,84.68,65.04,62.17,0.166,56.2,1.3,90.0,1.78,4,2.08,1.246,4 distribution days in 20,2.72,2.77,2.02,3.0,3.0,1.6,-2.84,2.24,0.84,2.33,3.0,3.0,0.24,-2.84,2025-09-30,4.124833676061446,3.484738651645447,3.223987703955644,38.018628281117685,38.03842503445014,38.163434317242974,26.261037861376547,25.22500777031147,25.038570061666142
17,TSLA,QQQ,69.8,Moderate,93.6,52.0,27.4,2025-09-30,444.54,34.97,28.71,0.053,58.9,,55.0,0.09,1,2.44,0.29,,-1.02,2.35,,1.35,-0.73,0.3,-3.0,1.64,3.0,,3.0,0.31,0.75,-3.0,2025-09-30,-2.445235734246831,-3.6649736167818747,-3.3460817063526327,-3.261065536825025,-3.4057516856498826,-3.1162595006997362,-0.27494816550979184,-2.657222429881667,-1.4974159652201946
18,MU,SMH,63.8,Moderate,86.3,47.2,13.9,2025-09-30,167.14,41.28,27.35,0.117,61.3,,80.0,0.14,2,2.24,0.194,,-0.26,0.55,,1.35,-0.66,0.86,-1.86,1.62,1.71,,3.0,0.12,-0.51,-1.86,2025-09-30,12.16812821288178,8.33267265595261,11.267282240775977,13.0087692772906,10.279754565954224,13.153575313415889,22.213486543695193,15.815909587334698,20.99101874398479
19,ATRO,ITA,63.5,Moderate,60.9,66.2,8.6,2025-09-30,37.82,24.98,19.18,0.103,56.7,0.89,75.0,0.31,5,2.51,0.586,5 distribution days in 20,3.0,1.92,3.0,2.7,0.19,0.59,0.57,1.73,1.54,0.83,1.69,0.31,0.63,0.57,2025-09-30,6.912318450779997,4.625366115681295,6.011472478674196,7.396449704142016,6.202419853395735,7.541255740267305,7.907477138246355,5.466456435309408,6.685009338535952
20,AIR,ITA,63.0,Moderate,75.8,52.4,8.6,2025-09-30,89.66,17.43,11.63,0.016,57.2,0.37,55.0,0.51,2,4.08,0.298,extended >3 ATR above 20d avg,-0.09,3.0,3.0,-1.01,3.0,-0.58,1.38,-1.35,2.67,-3.0,-2.02,3.0,-0.54,1.38,2025-09-30,-1.8080831954620624,-4.095035530560764,-2.708929167567864,-1.9262585677145005,-3.1202884184607815,-1.7814525315892116,0.212715670054342,-2.228305032882605,-1.0097521296560608
21,NESR,OIH,59.5,Moderate,80.0,44.3,18.0,2025-09-30,10.26,9.38,7.38,0.11,62.0,1.02,60.0,0.12,2,0.25,0.136,,1.46,0.85,1.73,-1.35,0.3,1.12,-0.15,2.21,2.42,1.02,0.67,-0.09,0.64,-0.15,2025-09-30,-0.24437927663734094,-1.9972517130123935,-1.1452252487431425,2.2482893450635366,6.432438986254074,2.3930953811888256,13.19648093841641,13.027860100017907,11.974013138706008
22,FORM,SMH,56.6,Moderate,73.8,43.4,13.9,2025-09-30,36.43,28.14,14.2,0.021,55.5,1.17,55.0,0.03,4,2.39,0.117,4 distribution days in 20,-0.66,2.23,,-0.67,-0.29,0.24,1.98,1.22,3.0,0.39,1.35,0.48,-1.13,1.98,2025-09-30,7.443276148312106,3.6078205913829375,6.542430176206304,11.400110680686204,8.671095969349828,11.544916716811493,20.448256779192043,14.050679822831547,19.225788979481642
23,CDNA,XLV,56.3,Moderate,60.4,52.5,6.0,2025-09-30,14.53,4.91,3.22,0.009,53.4,0.86,50.0,-0.18,1,0.59,0.301,,0.8,1.17,0.38,0.67,-1.47,-0.39,0.81,1.22,0.9,-0.38,0.67,-0.25,-1.61,0.81,2025-09-30,0.4794520547945158,-2.631239129157814,-0.4213939173112857,-1.7808219178082174,-3.525134731239432,-1.6360158816829284,4.041095890410951,0.32716319181367304,2.818628090700548
24,VCYT,XLV,54.4,Weak,58.4,50.6,6.0,2025-09-30,34.33,14.02,12.32,0.067,52.0,0.91,55.0,-0.16,1,1.34,0.261,,1.86,0.66,1.18,2.02,-2.08,-0.73,-1.09,2.28,0.39,0.42,2.02,-0.85,-1.95,-1.09,2025-09-30,0.9332166812481724,-2.1774745027041575,0.032370709142370835,-0.9332166812481835,-2.677529494679398,-0.7884106451228945,5.278506853310017,1.564574154712739,4.056039053599614
25,INTC,SMH,51.5,Weak,80.5,32.9,13.9,2025-09-30,33.55,38.46,24.53,0.031,52.4,0.43,75.0,-0.18,3,3.01,-0.106,extended >3 ATR above 20d avg,0.06,-0.57,,3.0,-1.6,-0.39,-1.39,1.93,0.59,-3.0,3.0,-0.82,-1.75,-1.39,2025-09-30,10.86762075134169,7.032165194412522,9.966774779235887,6.290995825879553,3.561981114543178,6.435801862004842,13.625521765056646,7.227944808696151,12.403053965346244
26,EXEL,XBI,48.9,Weak,77.0,31.0,23.1,2025-09-30,41.33,11.16,3.32,0.079,56.7,0.99,65.0,0.12,3,2.25,-0.151,,-0.53,1.92,1.33,0.67,0.22,-1.4,-0.7,2.15,2.66,0.24,1.35,0.7,-1.76,-0.7,2025-09-30,-4.067796610169494,-7.6592893870555345,-4.9686425822752955,-4.309927360774801,-9.28585031422584,-4.165121324649512,-12.518159806295392,-21.91824006311721,-13.740627606005795
27,SOFI,XLF,43.6,Weak,43.0,44.3,7.5,2025-09-30,26.41,6.13,5.31,0.076,51.6,0.94,65.0,0.03,2,-0.54,0.135,,3.0,-0.17,3.0,2.02,0.15,-0.75,-3.0,2.09,-0.66,0.37,2.02,-0.49,-1.77,-3.0,2025-09-30,5.31437125748504,5.0112261267537095,4.413525285379238,4.303892215568861,4.985968759714366,4.44869825169415,7.541167664670656,9.227412454363726,6.318699864960253
28,SSRM,GDX,42.9,Weak,88.5,20.8,78.7,2025-09-30,24.4,22.49,4.56,0.177,60.9,1.02,85.0,0.33,1,2.1,-0.418,,-0.02,-1.25,-0.36,-0.67,-0.47,0.01,-1.08,3.0,0.6,-0.16,3.0,-0.04,1.22,-1.08,2025-09-30,-5.44936966246442,-5.266482660504911,-6.350215634570222,-4.107360715738107,-5.7925338052221225,-3.962554679612818,-10.085400569337132,-4.481220295006637,-11.307868369047535
29,CIEN,XLK,39.1,None,85.3,17.9,53.7,2025-09-30,145.75,55.85,47.21,0.122,59.6,0.74,70.0,0.22,2,3.23,-0.512,extended >3 ATR above 20d avg,0.23,0.81,-0.04,-0.67,-2.56,-2.44,-1.87,2.02,1.6,-2.13,2.02,0.29,-1.84,-1.87,2025-09-30,5.02305265712204,3.1449164564052,4.122206685016239,14.292647415675797,13.934224476607703,14.437453451801085,17.665615141955836,14.855579299661947,16.44314734224543
30,UBER,IGV,39.1,None,80.4,19.0,47.9,2025-09-30,97.94,5.53,-1.66,0.076,51.5,1.09,65.0,-0.01,2,0.64,-0.476,,0.77,-1.81,3.0,2.7,-1.99,0.14,0.65,2.63,0.46,0.52,3.0,-0.66,-0.11,0.65,2025-09-30,0.34367786611952944,0.6661179532654993,-0.5571681059862721,-3.32905873300845,-2.2833070990215143,-3.184252696883161,-4.560143626570912,-4.751864759468516,-5.782611426281314
31,AMAT,SMH,37.5,None,68.7,20.5,13.9,2025-09-30,203.6,29.9,15.97,0.048,56.6,0.88,45.0,0.08,1,3.7,-0.428,extended >3 ATR above 20d avg,-0.42,-0.44,,-2.02,-0.27,0.51,1.5,1.46,0.72,-0.8,0.0,0.51,-0.86,1.5,2025-09-30,3.385416666666652,-0.4500388902625163,2.4845706945608503,6.6381682389937025,3.9091535276573275,6.782974275118992,10.436320754716967,4.038743798356471,9.213852955006564
32,ONTO,SMH,37.4,None,78.9,17.7,13.9,2025-09-30,129.19,24.34,10.41,0.021,54.8,0.53,45.0,-0.12,3,1.77,-0.519,,-0.96,1.27,,-1.35,-1.36,-0.18,-0.22,0.91,2.43,-3.0,0.67,-0.58,-1.55,-0.22,2025-09-30,5.520418521121262,1.6849629641920938,4.61957254901546,1.7100023424689637,-1.0190123688674113,1.8548083785942526,4.92699305067541,-1.4705839056850856,3.7045252509650073
33,SITM,SMH,37.1,None,66.5,20.7,13.9,2025-09-30,301.48,29.77,15.83,0.13,57.5,0.82,80.0,0.29,3,1.62,-0.421,,-0.58,-0.06,,-0.34,-0.18,1.57,-3.0,1.29,1.1,-0.61,1.69,0.6,0.2,-3.0,2025-09-30,1.5160173451208347,-2.3194382118083334,0.6151713730150332,-3.210191939224849,-5.939206650561224,-3.06538590309956,-2.5883222965477737,-8.985899252908268,-3.8107900962581764
34,IREN,XLF,32.5,None,26.5,39.9,7.5,2025-09-30,46.91,61.07,60.26,0.063,56.5,0.95,65.0,0.59,6,2.64,0.046,6 distribution days in 20,3.0,1.54,3.0,1.35,1.29,0.42,-2.79,2.63,1.05,2.72,1.35,0.64,-0.6,-2.79,2025-09-30,32.181935207037114,31.878790076305783,31.28108923493131,49.109633125938636,49.79170967008414,49.254439162063925,18.42952156189659,20.11576635158966,17.207053762186185
35,TER,SMH,31.1,None,39.5,24.5,13.9,2025-09-30,137.34,14.19,0.26,0.044,56.0,0.97,50.0,0.56,5,2.89,-0.314,5 distribution days in 20,-0.27,-0.28,,-1.35,3.0,2.05,-1.65,1.61,0.89,2.48,0.67,3.0,0.68,-1.65,2025-09-30,3.08123249299721,-0.754223063931958,2.1803865208914086,0.7739938080495445,-1.9550209032868304,0.9187998441748335,5.462184873949583,-0.935392082410913,4.23971707423918
36,PDFS,IGV,29.2,None,80.2,10.6,47.9,2025-09-30,25.83,33.38,26.19,0.094,58.1,0.92,75.0,0.47,2,3.7,-0.816,extended >3 ATR above 20d avg,-1.34,-1.53,3.0,1.35,-0.08,1.21,-0.52,0.52,0.75,-1.16,2.02,1.25,0.95,-0.52,2025-09-30,-0.3529411764705892,-0.030501089324619368,-1.2537871485763907,4.0000000000000036,5.045751633986939,4.144806036125292,11.843137254901958,11.651416122004353,10.620669455191555
37,KLAC,SMH,28.8,None,63.5,13.1,13.9,2025-09-30,107.19,27.39,13.46,0.081,56.3,0.82,70.0,0.0,1,3.05,-0.695,extended >3 ATR above 20d avg,-0.76,-0.87,,0.0,-1.21,0.71,-3.0,1.12,0.29,-1.44,2.02,-0.44,-0.65,-3.0,2025-09-30,0.8509444548344902,-2.984511102094678,-0.04990151727131131,-4.647465868711431,-7.376480580047806,-4.502659832586142,6.742098372919392,0.3445214165588961,5.519630573208989
38,PANW,IGV,26.5,None,74.6,9.4,47.9,2025-09-30,203.62,6.89,-0.31,0.074,55.1,1.11,65.0,0.02,1,0.76,-0.88,,-1.32,-0.79,3.0,0.67,-0.42,-0.02,0.1,0.54,1.49,-0.57,1.35,0.92,-0.27,0.1,2025-09-30,4.5170876671619675,4.839527754307937,3.616241695056166,2.7934621099554136,3.839213743942349,2.9382681460807025,6.20604259534423,6.014321462446626,4.983574795633827
39,CRWD,IGV,24.6,None,78.6,7.7,47.9,2025-09-30,122.54,18.55,11.35,0.031,55.3,0.77,60.0,0.25,1,2.1,-0.99,,-2.23,-0.94,1.9,0.67,0.09,-1.36,0.35,-0.37,1.33,-3.0,1.35,1.42,-1.61,0.35,2025-09-30,-0.6396588486140775,-0.3172187614681077,-1.540504820719879,0.24602263408233238,1.2917742680692679,0.39082867020762135,3.3213055601115204,3.129584427213916,2.0988377604011177
40,WK,IGV,21.2,None,61.7,7.3,47.9,2025-09-30,86.07,11.39,4.19,0.02,53.4,1.06,55.0,-0.03,3,1.85,-1.017,,-1.21,-0.82,3.0,0.67,-0.84,0.15,0.46,0.65,1.45,0.4,1.35,0.49,-0.1,0.46,2025-09-30,-0.5111524163568748,-0.18871232921090497,-1.4119983884626763,1.6031598513011058,2.6489114852880413,1.7479658874263948,5.831784386617089,5.640063253719485,4.6093165869066866
41,SNDK,XLK,21.2,None,62.2,7.2,53.7,2025-09-30,112.12,119.67,111.03,0.048,62.6,,60.0,-0.24,3,2.98,-1.025,heavy selling into close today,-1.36,0.88,,-2.02,-3.0,-1.48,2.1,0.44,1.67,,0.67,-0.37,-0.87,2.1,2025-09-30,6.907836546966206,5.029700346249366,6.006990574860405,12.577392534937193,12.218969595869101,12.722198571062481,32.08031133911198,29.27027549681809,30.85784353940158
42,RGLD,GDX,19.9,None,74.6,5.3,78.7,2025-09-30,198.91,9.62,-8.31,0.039,56.5,0.96,60.0,0.12,4,2.08,-1.19,4 distribution days in 20,-3.0,-0.44,-0.69,-3.0,0.2,-0.56,3.0,1.18,1.4,-0.5,1.01,0.63,0.64,3.0,2025-09-30,-1.5405391887160613,-1.3576521867565527,-2.441385160821863,-0.7552643425198902,-2.4404374320039057,-0.6104583063946012,-8.217876256689848,-2.6136959823593537,-9.440344056400251
43,COHR,XLK,19.7,None,63.5,6.1,53.7,2025-09-30,107.76,22.76,14.12,0.06,55.3,0.91,65.0,0.34,0,0.8,-1.113,,-0.54,-0.4,2.03,-2.02,-1.34,-0.56,-1.34,1.25,0.39,-0.05,0.67,1.51,0.04,-1.34,2025-09-30,8.150828413635502,6.2726922129186615,7.2499824415297,4.14206817749001,3.7836452384219177,4.286874213615299,15.05427537611883,12.244239533824942,13.831807576408428
44,NVDA,QQQ,19.3,None,45.2,8.2,27.4,2025-09-30,186.13,9.28,3.02,0.057,52.9,0.94,70.0,0.22,2,1.97,-0.959,,-2.73,-1.57,-1.27,-0.67,-0.29,-0.41,-1.64,-0.07,-0.83,-0.98,1.35,0.75,0.05,-1.64,2025-09-30,-0.14071548411539458,-1.3604533666504381,-1.0415614562211961,-2.7764247442766843,-2.9211108931015417,-2.6316187081513953,-2.186502137792945,-4.56877640216482,-3.4089699375033478
45,CDE,GDX,19.2,None,76.9,4.8,78.7,2025-09-30,18.73,37.32,19.39,0.113,57.3,1.01,70.0,0.05,3,2.46,-1.245,,-1.52,-0.16,0.68,-1.35,-1.21,-1.18,-3.0,3.0,1.68,0.87,3.0,-0.78,0.03,-3.0,2025-09-30,-0.15940488841658107,0.023482113542927507,-1.0602508605223826,11.42401700318809,9.738843913704075,11.56882303931338,-1.965993623804474,3.6381866505260207,-3.1884614235148767
46,SNX,XLK,18.7,None,60.3,5.8,53.7,2025-09-30,161.93,11.65,3.01,0.049,52.8,0.75,55.0,0.5,5,2.56,-1.141,5 distribution days in 20; heavy selling into close today,-1.35,-0.74,0.7,-2.02,0.54,-0.61,2.64,0.45,0.05,-1.38,0.67,3.0,-0.01,2.64,2025-09-30,-1.5548589341692676,-3.4329951348861076,-2.455704906275069,-3.8244514106583027,-4.182874349726395,-3.6796453745330138,-4.2319749216300995,-7.042010763923989,-5.454442721340502
47,KEYS,XLK,13.7,None,45.7,4.1,53.7,2025-09-30,174.89,6.73,-1.91,0.071,56.2,1.26,70.0,0.01,2,0.8,-1.327,,-0.8,0.45,3.0,-1.35,-3.0,-2.32,-0.05,1.0,1.24,1.66,1.35,-0.39,-1.72,-0.05,2025-09-30,-2.229885057471259,-4.108021258188099,-3.1307310295770607,-5.264367816091953,-5.622790755160046,-5.119561779966665,-3.7988505747126533,-6.608886417006543,-5.021318374423056
48,DELL,XLK,11.4,None,39.2,3.3,53.7,2025-09-30,139.99,17.2,8.55,0.043,50.3,0.81,55.0,0.14,2,3.05,-1.445,extended >3 ATR above 20d avg,-0.91,-3.0,1.12,-2.02,-2.36,1.43,-0.84,0.89,-3.0,-0.96,0.67,0.49,2.04,-0.84,2025-09-30,7.078692058929215,5.2005558582123745,6.177846086823413,5.569529284944297,5.211106345876204,5.714335321069585,6.424721523535748,3.614685681241858,5.202253723825345
49,PLTR,IGV,11.3,None,42.8,3.0,47.9,2025-09-30,182.41,16.12,8.92,0.069,55.4,1.0,65.0,0.32,3,1.82,-1.481,,-0.84,-1.97,3.0,0.67,-0.81,-0.7,-3.0,1.02,0.31,-0.09,1.35,0.52,-0.96,-3.0,2025-09-30,0.49928279819044796,0.8217228853364178,-0.40156317391535357,-0.8446430541763084,0.20110857981062713,-0.6998370180510194,0.13792342491447673,-0.05379770798312755,-1.084544374795926
50,NBIS,IGV,8.7,None,37.8,2.0,47.9,2025-09-30,112.24,70.79,63.59,0.027,54.4,0.69,45.0,0.5,5,2.94,-1.686,5 distribution days in 20,-0.78,-1.49,3.0,-1.35,0.35,0.47,-2.44,1.08,0.79,-0.68,-0.67,1.69,0.22,-2.44,2025-09-30,5.3394799265989334,5.661920013744903,4.438633954493132,14.702591415655885,15.74834304964282,14.847397451781173,-6.655328290739826,-6.84704942363743,-7.877796090450229
51,ENTG,SMH,7.0,None,21.4,2.3,13.9,2025-09-30,92.09,12.77,-1.16,0.0,53.1,0.73,45.0,-0.33,0,0.99,-1.619,,-1.66,-0.84,,-2.7,-3.0,-0.08,-1.86,0.22,0.32,-0.55,-0.67,-2.31,-1.44,-1.86,2025-09-30,0.3383540711634936,-3.4971014857656746,-0.5624919009423079,-1.0805500982318361,-3.809564809568211,-0.9357440621065471,0.8513425016372089,-5.546234454723287,-0.37112529807319383
52,DGX,XLV,7.0,None,8.1,6.0,6.0,2025-09-30,187.28,6.68,4.99,-0.008,49.0,0.88,55.0,0.03,0,2.36,-1.123,,-2.9,-1.59,-0.95,-0.67,-1.43,-0.33,-1.03,-2.47,-1.86,-1.72,-0.67,-0.21,-1.55,-1.03,2025-09-30,-4.167778430012259,-7.278469613964589,-5.06862440211806,-2.284006617215417,-4.028319430646632,-2.1392005810901282,-2.7376060622231635,-6.451538760820441,-3.9600738619335663
53,APH,XLK,4.8,None,14.4,1.6,53.7,2025-09-30,61.45,13.44,4.8,0.019,56.0,0.86,50.0,0.31,4,1.7,-1.794,4 distribution days in 20,-3.0,-0.54,0.29,-3.0,-0.87,-1.62,-0.19,-2.33,0.25,-1.8,-2.02,1.98,-1.02,-0.19,2025-09-30,0.9138381201044377,-0.9642980806124024,0.012992147998636128,-0.6364229765013052,-0.9948459155693978,-0.4916169403760162,0.8322454308093974,-1.9777904114844924,-0.39022236890100537
54,NWSA,XLC,3.4,None,9.4,1.2,48.7,2025-09-30,30.47,6.8,-0.04,0.056,59.2,1.4,55.0,-0.17,5,1.26,-1.969,5 distribution days in 20; heavy selling into close today,-1.27,-2.67,3.0,0.0,-0.62,-1.23,-0.07,0.54,1.17,3.0,0.0,-1.06,-1.67,-0.07,2025-09-30,-10.385756676557856,-9.153635359997448,-11.286602648663656,-12.759643916913943,-10.278168817827272,-12.614837880788654,-13.715792944279581,-12.992029373712633,-14.938260743989984
55,NEM,GDX,3.4,None,23.4,0.5,78.7,2025-09-30,83.5,11.47,-6.46,0.093,52.2,0.9,75.0,0.17,7,1.8,-2.361,7 distribution days in 20,-2.7,-3.0,-0.67,-2.7,-0.17,-0.46,-1.21,1.97,-1.95,-0.47,2.02,0.26,0.75,-1.21,2025-09-30,2.3283440247089393,2.511231026668448,1.4274980526031378,6.533618436683297,4.848445347199282,6.678424472808587,1.5799477310525,7.184128005382995,0.3574799313420973
56,DASH,XLY,2.9,None,3.7,2.2,5.9,2025-09-30,271.98,11.45,7.11,0.051,49.8,1.04,60.0,0.01,3,1.69,-1.647,,-2.19,-2.7,1.19,0.0,-1.19,-1.03,-0.8,-0.89,-1.42,1.66,0.0,-2.21,-1.77,-0.8,2025-09-30,2.723562152133563,4.16489728362378,1.8227161800277614,0.363636363636366,2.411849445227743,0.508442399761655,-2.831168831168829,-2.805882249914615,-4.0536366308792315
57,AU,GDX,2.1,None,11.0,0.4,78.7,2025-09-30,66.1,20.93,3.0,0.065,54.2,1.22,70.0,0.09,4,2.26,-2.456,4 distribution days in 20,-3.0,-2.58,1.02,-3.0,-1.48,-1.34,-1.48,-0.1,-0.74,1.21,0.67,-1.05,-0.14,-1.48,2025-09-30,3.930584396321546,4.113471398281055,3.0297384242157444,2.4028478196380876,0.717674730154072,2.5476538557633766,-6.956392761791763,-1.3522124874612684,-8.178860561502166
1,INOD,XLK,95.3,Strong,96.5,94.1,62.3,2025-10-07,87.44,62.99,55.17,0.095,56.3,,75.0,0.84,0,2.41,1.632,,2.48,1.93,,3.0,1.5,-0.05,-2.36,3.0,2.89,,3.0,1.15,-0.45,-2.36,2025-10-07,-15.044843049327362,-13.331841083587404,-13.84285834183041,-13.710762331838566,-14.398771318078385,-13.861575971424124,-15.269058295964133,-20.71696618700597,-17.765024031105213
2,MRVL,SMH,94.9,Strong,93.2,96.6,26.2,2025-10-07,86.78,30.12,16.96,0.051,52.8,0.69,75.0,0.45,0,2.53,1.931,,2.65,1.05,-3.0,3.0,2.83,-0.47,-0.36,1.75,1.51,-3.0,3.0,1.43,-1.77,-0.36,2025-10-07,-2.5594563986409913,-1.57640656099316,-1.357471691144041,-4.699886749716864,-7.2528373886992625,-4.85070038930242,0.03397508493772072,-7.809571043931163,-2.4619906502033606
3,MNST,XLP,92.2,Strong,86.8,98.0,2.7,2025-10-07,34.08,7.58,10.07,0.046,55.0,0.89,65.0,0.16,1,2.12,2.209,,3.0,3.0,-2.91,3.0,1.64,-0.41,-1.46,1.4,1.47,-1.02,2.7,1.89,-0.71,-1.46,2025-10-07,0.2337131171487261,-0.9894882507323732,1.4356978246456764,0.6719252118025265,-0.8406356194482933,0.5211115722169701,1.22699386503069,0.8324127786174307,-1.2689718701103914
4,GLW,XLK,91.0,Strong,94.3,87.8,62.3,2025-10-07,84.34,17.53,9.72,0.09,59.0,0.68,70.0,0.16,1,2.4,1.235,,3.0,1.39,0.24,1.35,1.69,-0.05,-0.09,3.0,2.34,-0.35,2.7,1.33,-0.46,-0.09,2025-10-07,-0.7571276469892307,0.9558743187507268,0.44485706050771956,0.9464095587365495,0.2584005724967309,0.7955959191509931,1.3959540991363983,-4.051953791905438,-1.100011636004683
5,AAPL,QQQ,88.5,Strong,87.6,89.5,48.8,2025-10-07,255.54,9.44,5.19,0.079,55.9,0.89,60.0,0.09,2,1.82,1.322,,3.0,2.2,-1.23,1.35,-0.06,0.1,-2.66,3.0,1.82,0.01,2.02,0.61,0.33,-2.66,2025-10-07,-3.380546208623525,-2.164110216722026,-2.1785615011265747,2.4610689412317033,1.4703291224524628,2.310255301646147,4.8751858517881,0.3363694290724695,2.3792201166470184
6,ETSY,XLY,86.3,Strong,83.7,88.9,18.4,2025-10-07,71.45,27.54,27.32,0.144,58.0,0.94,80.0,0.13,2,1.55,1.291,,3.0,1.86,0.01,3.0,-0.37,-1.42,0.45,3.0,1.22,0.95,3.0,-0.17,-0.99,0.45,2025-10-07,0.19512195121951237,1.2087505713217372,1.3971066587164627,0.3066202090592274,-0.724044186170758,0.155806569473671,4.278745644599291,2.4303640432364437,1.7827799094582097
7,FORM,SMH,84.1,Strong,80.6,87.8,26.2,2025-10-07,38.83,31.94,18.77,0.004,56.2,1.0,55.0,0.18,5,1.6,1.236,5 distribution days in 20; heavy selling into close today,1.9,3.0,0.7,1.35,2.65,2.01,1.58,1.0,3.0,-0.48,1.35,1.25,0.71,1.58,2025-10-07,3.204306588054351,4.187356425702182,4.406291295551301,11.586772622404528,9.03382198342213,11.43595898281897,8.715713919507806,0.8721677906389225,6.219748184366725
8,ATI,XLI,82.5,Strong,71.7,94.9,6.4,2025-10-07,83.51,11.54,8.44,0.043,55.8,0.99,55.0,0.23,2,1.19,1.715,,2.35,2.8,-0.14,2.7,2.03,0.95,-1.37,0.67,1.56,-0.74,0.67,1.16,-0.07,-1.37,2025-10-07,2.058257101588845,2.9608668209949562,3.2602418090857954,1.540683678382293,1.396789375288554,1.3898700387967367,18.47616754935004,18.443464298646916,15.98020181420896
9,MU,SMH,79.6,Strong,73.0,86.9,26.2,2025-10-07,185.47,37.36,24.2,0.075,57.5,,65.0,0.05,2,2.32,1.194,,2.1,1.01,,1.35,1.04,2.2,-3.0,1.2,1.47,,1.35,-0.36,0.9,-3.0,2025-10-07,-0.9960792624774784,-0.013029424829646974,0.20590544501947194,7.067924128430647,4.5149734894482485,6.917110488845091,17.457878563102682,9.614332434233798,14.961912827961601
10,INTC,SMH,78.7,Strong,75.3,82.2,26.2,2025-10-07,37.19,52.12,38.95,0.002,51.2,0.5,65.0,0.55,4,2.65,1.016,4 distribution days in 20,1.84,-0.62,-2.21,3.0,3.0,0.58,-1.89,0.94,-0.16,-3.0,3.0,1.92,-0.72,-1.89,2025-10-07,-2.382256297918961,-1.3992064602711296,-1.1802715904220107,4.353778751369108,1.8008281123867098,4.202965111783552,13.636363636363624,5.792817507494741,11.140397901222542
11,LRCX,SMH,77.0,Strong,76.0,78.1,26.2,2025-10-07,139.68,33.19,20.03,0.086,54.5,1.03,70.0,0.03,3,1.99,0.887,heavy selling into close today,3.0,-0.89,-1.48,2.7,0.46,-0.39,-0.8,2.66,-0.43,-2.66,2.7,-0.95,-1.69,-0.8,2025-10-07,0.28409090909089496,1.2671407467387263,1.4860756165878453,5.1354895104895215,2.582538871507123,4.984675870903965,12.856934731934743,5.013388603065859,10.360968996793662
12,CORT,XBI,74.5,Strong,85.6,64.9,68.8,2025-10-07,90.32,25.83,16.59,0.086,59.3,0.88,65.0,0.07,4,3.58,0.557,4 distribution days in 20; extended >3 ATR above 20d avg,0.35,3.0,-0.78,1.12,-1.61,0.68,-0.6,2.34,3.0,-0.99,1.35,-0.26,0.29,-0.6,2025-10-07,-20.736263736263737,-21.496976302464986,-19.534279028766786,-17.164835164835168,-22.17205711957758,-17.315648804420725,-21.357142857142865,-28.80057087832727,-23.853108592283945
13,ATRO,ITA,68.1,Moderate,66.6,69.6,31.9,2025-10-07,39.75,25.2,16.25,0.11,54.1,0.92,75.0,0.35,3,2.71,0.665,,1.88,0.31,3.0,2.36,1.73,2.85,0.61,1.26,0.64,0.46,1.69,0.48,0.89,0.61,2025-10-07,-0.37425149700598404,1.3924338647438805,0.8277332104909663,0.09980039920158834,0.6559791241969148,-0.05101324038396804,5.089820359281427,3.678341578200861,2.593854624140346
14,AMAT,SMH,66.5,Moderate,62.7,70.5,26.2,2025-10-07,210.41,29.37,16.2,0.026,57.1,0.86,45.0,-0.03,2,1.84,0.687,heavy selling into close today,1.54,1.18,0.26,0.0,0.73,0.5,0.58,0.64,1.64,-0.92,0.0,-0.67,-0.8,0.58,2025-10-07,3.981410502108096,4.964460339755927,5.183395209605046,7.684936757378291,5.131986118395893,7.534123117792735,8.46588731314679,0.6223411842779072,5.969921578005709
15,IREN,XLF,65.5,Moderate,56.2,76.3,11.6,2025-10-07,61.61,104.07,102.91,0.078,58.0,0.96,70.0,1.02,4,3.76,0.834,4 distribution days in 20; extended >3 ATR above 20d avg,3.0,2.99,3.0,3.0,1.54,-0.28,-2.91,3.0,1.46,2.65,2.7,1.04,-1.26,-2.91,2025-10-07,15.987983978638187,17.249991889732563,17.18996868613514,-7.877169559412545,-5.6168568828256165,-8.0279831989981,4.1555407209612705,5.907283045316147,1.6595749858201891
16,CAT,XLI,63.9,Moderate,49.2,83.0,6.4,2025-10-07,482.57,16.51,13.41,0.089,59.4,1.05,60.0,0.02,2,1.89,1.041,,3.0,2.69,2.72,2.02,-0.14,0.51,-0.4,2.25,1.45,2.12,0.0,-1.01,-0.51,-0.4,2025-10-07,7.445387476623999,8.34799719603011,8.64737218412095,7.174123014323586,7.030228711229847,7.023309374738029,7.145352541049288,7.1126492903461624,4.649386805908207
17,TSLA,QQQ,59.0,Moderate,66.5,52.3,48.8,2025-10-07,432.87,24.73,20.48,0.042,57.2,0.95,55.0,0.08,3,0.45,0.297,,-0.73,3.0,-0.24,0.67,-0.59,0.81,-3.0,1.09,2.67,1.0,1.35,0.08,1.04,-3.0,2025-10-07,-1.912618253279097,-0.6961822613775981,-0.7106335457821467,1.1151227091997562,0.12438289042051576,0.9643090696141998,5.23970568072758,0.7008892580119497,2.7437399455864986
18,A,XLV,58.1,Moderate,70.7,47.7,59.4,2025-10-07,137.73,9.93,5.37,-0.026,51.5,0.69,45.0,0.26,1,2.91,0.205,,-0.03,1.26,-0.27,-0.67,-1.55,1.41,0.26,0.39,0.7,-1.82,-0.67,1.72,0.61,0.26,2025-10-07,-1.6413417431192845,-0.07334849322476744,-0.4393570356223342,3.770068807339433,3.4325635338195326,3.6192551677538765,3.913417431192645,3.343877282127816,1.4174516960515637
19,ACMR,SMH,56.1,Moderate,52.0,60.6,26.2,2025-10-07,40.46,44.95,31.78,0.016,55.2,0.78,55.0,-0.05,3,1.74,0.466,,1.36,0.89,0.29,0.67,0.14,0.13,1.11,0.46,1.35,-0.89,0.67,-1.26,-1.17,1.11,2025-10-07,-5.925925925925924,-4.942876088278092,-4.7239412184289735,-3.827160493827153,-6.380111132809551,-3.9779741334127094,-0.07407407407408195,-7.917620202942965,-2.5700398092151633
20,VEEV,XLV,49.0,Weak,62.3,38.5,59.4,2025-10-07,306.22,8.4,3.85,0.011,53.9,0.71,50.0,0.35,1,2.58,0.015,,-0.88,1.43,-0.97,-0.67,-1.52,-0.28,0.35,-0.45,0.87,-2.52,-0.67,1.75,-1.08,0.35,2025-10-07,-6.679426458184645,-5.111433208290128,-5.477441750687695,-5.93654707065464,-6.274052344174541,-6.087360710240197,-5.472652955297475,-6.042193104362304,-7.968618690438556
21,TER,SMH,47.3,Weak,40.5,55.3,26.2,2025-10-07,139.84,21.81,8.64,0.041,57.9,1.03,55.0,0.07,3,1.84,0.356,,2.43,1.16,3.0,0.9,1.61,1.4,-3.0,1.53,1.62,2.54,0.9,0.21,0.1,-3.0,2025-10-07,-2.579633720515928,-1.5965838828680967,-1.3776490130189778,1.9525404403905045,-0.6004101985918942,1.801726800804948,2.608137960521617,-5.235408168347266,0.11217222538053573
22,TSM,SMH,45.4,Weak,41.2,50.0,26.2,2025-10-07,291.71,17.5,4.33,0.013,53.7,0.83,50.0,-0.1,1,1.94,0.249,,1.26,0.26,0.13,0.67,-0.03,0.46,-3.0,0.36,0.72,-1.05,0.67,-1.43,-0.85,-3.0,2025-10-07,0.3485868562250083,1.3316366938728397,1.5505715637219586,-0.16404087351765684,-2.7169915125000554,-0.3148545131032132,2.2111342742900053,-5.632411854578878,-0.284831460851076
23,ONTO,SMH,44.9,Weak,41.5,48.5,26.2,2025-10-07,135.14,29.68,16.51,-0.019,55.2,0.58,35.0,-0.38,3,1.1,0.221,,0.91,1.81,-1.5,-0.67,-0.99,-2.02,-0.52,0.01,2.27,-2.68,-0.67,-2.39,-3.0,-0.52,2025-10-07,-3.2603044931303504,-2.277254655482519,-2.0583197856334,-0.20051986632009244,-2.753470505302491,-0.3513335059056488,-2.963238024507986,-10.806784153376869,-5.459203759649068
24,DELL,XLK,39.9,None,49.0,32.5,62.3,2025-10-07,149.0,24.42,16.6,0.03,50.2,0.55,45.0,0.41,2,2.67,-0.116,,-0.23,-3.0,-2.14,-1.35,2.14,1.98,-0.52,0.4,-3.0,-2.72,0.0,1.78,1.58,-0.52,2025-10-07,-3.848671292053929,-2.1356693263139714,-2.6466865845569787,-3.0697735305668217,-3.7577825168066403,-3.220587170152378,6.964262338002358,1.5163544469605217,4.468296602861277
25,WK,IGV,37.4,None,56.7,24.7,73.2,2025-10-07,85.64,10.93,7.4,0.047,54.9,1.38,55.0,0.15,5,0.89,-0.308,5 distribution days in 20; heavy selling into close today,-0.04,-0.22,3.0,0.67,2.03,3.0,1.19,0.75,2.0,1.74,0.67,1.55,2.1,1.19,2025-10-07,1.4028985507246405,2.2931839657547526,2.604883258221591,5.623188405797097,5.274056870491162,5.472374766211541,3.142028985507239,1.3265450019164016,0.6460632503661579
26,CRWD,IGV,35.7,None,66.5,19.2,73.2,2025-10-07,121.16,14.43,10.9,0.03,52.2,0.78,55.0,-0.01,1,0.61,-0.468,,-0.97,-1.07,0.59,0.67,0.62,0.16,-1.99,-0.18,1.15,-3.0,0.67,0.14,-0.95,-1.99,2025-10-07,-0.3830168690408309,0.5072685459892812,0.8189678384561194,2.6729687881998254,2.32383725289389,2.522155148614269,11.433461005623036,9.617977022032198,8.937495270481953
27,PDFS,IGV,33.5,None,66.4,16.9,73.2,2025-10-07,25.41,26.42,22.89,0.109,55.5,0.78,75.0,0.16,3,1.52,-0.546,,-0.02,-1.79,1.62,1.57,0.27,1.73,-3.0,0.77,0.43,-2.44,1.57,-0.21,0.62,-3.0,2025-10-07,4.163393558523176,5.053678973553288,5.365378266020127,12.018853102906512,11.669721567600575,11.868039463320954,12.333071484681856,10.517587501091018,9.837105749540775
28,CDE,GDX,27.1,None,61.3,12.0,85.1,2025-10-07,18.79,31.22,16.11,0.079,55.7,0.94,60.0,-0.15,2,1.35,-0.744,,-0.72,-0.06,-0.4,-3.0,-0.36,0.17,-3.0,2.14,0.9,0.08,2.02,-1.69,-0.69,-3.0,2025-10-07,8.372093023255811,8.717759391198454,9.574077730752762,-4.651162790697683,2.8382751813929463,-4.801976430283239,-5.736434108527144,4.006236484226667,-8.232399843668226
29,CDNA,XLV,25.6,None,33.5,19.5,59.4,2025-10-07,14.67,8.99,4.44,-0.016,52.5,0.8,45.0,-0.37,1,0.14,-0.46,,-0.6,1.23,0.95,0.0,-3.0,-1.04,-0.22,-0.17,0.67,-0.6,0.0,-0.87,-1.84,-0.22,2025-10-07,-2.976995940460081,-1.409002690565564,-1.7750112329631307,2.7740189445196295,2.4365136709997293,2.623205304934073,-0.7442489851150147,-1.3137891341798436,-3.240214720256096
30,SNX,XLK,22.9,None,34.6,15.1,62.3,2025-10-07,157.02,6.3,-1.51,-0.007,50.1,0.63,50.0,0.34,4,0.58,-0.613,4 distribution days in 20,-1.81,-1.73,-1.73,-2.02,2.83,0.2,1.83,-1.18,-0.77,-2.31,-0.67,2.48,-0.21,1.83,2025-10-07,-2.292993630573248,-0.5799916648332903,-1.0910089230762976,-2.7070063694267565,-3.395015355666575,-2.857820009012313,-1.4331210191082855,-6.881028910150122,-3.929086754249367
31,CIEN,XLK,22.1,None,33.6,14.5,62.3,2025-10-07,151.48,23.97,16.16,0.07,57.7,0.89,55.0,0.17,3,2.05,-0.637,,-0.28,-0.08,-0.5,-1.35,0.22,-2.35,-1.21,0.34,0.88,-1.08,0.0,-0.14,-2.75,-1.21,2025-10-07,7.95677799607073,9.669779961810686,9.15876270356768,11.142763588736093,10.454754602496275,10.991949949150538,19.914865749836295,14.466957858794459,17.418900014695215
32,MPC,XLE,21.4,None,20.7,22.2,31.9,2025-10-07,188.38,4.52,1.54,0.008,51.3,0.88,35.0,-0.02,1,0.57,-0.377,,0.57,0.4,0.39,-2.02,-0.26,-0.04,-3.0,0.38,-0.09,-1.62,-2.7,-0.5,-1.14,-3.0,2025-10-07,-4.1200894282976686,-0.6028480489873256,-2.9181047208007183,-4.258490365165546,-1.1320535835563472,-4.409304004751102,0.6600660066006458,3.0278820985546684,-1.8358997285404355
33,PANW,IGV,20.6,None,46.3,9.2,73.2,2025-10-07,211.02,6.81,3.28,0.032,53.9,0.93,55.0,0.12,1,1.45,-0.892,,-0.91,-1.65,3.0,0.0,2.27,-0.87,-0.07,-0.11,0.56,-0.64,0.0,1.79,-1.98,-0.07,2025-10-07,-2.380056444026346,-1.489771028996234,-1.1780717365293958,0.8607714016933166,0.5116398663873811,0.7099577621077602,4.120413922859845,2.304929939269007,1.6244481877187633
34,ARQT,XBI,20.1,None,34.2,11.8,68.8,2025-10-07,20.56,14.67,5.43,-0.024,52.7,0.79,50.0,0.19,4,2.26,-0.757,4 distribution days in 20,-2.76,-0.9,-1.8,0.45,-1.41,-0.57,2.33,-0.76,-0.44,-2.01,0.67,-0.05,-0.96,2.33,2025-10-07,-0.8737864077669855,-1.6344989739682347,0.32819829972996484,0.24271844660193054,-4.764503508140483,0.09190480701637416,21.796116504854357,14.35268848366995,19.300150769713277
35,MSFT,QQQ,19.9,None,25.0,15.8,48.8,2025-10-07,519.69,5.12,0.87,0.046,50.4,1.04,60.0,0.16,1,1.37,-0.587,,-1.91,0.74,0.4,-1.01,0.76,-0.21,-3.0,-0.08,0.37,1.64,-0.34,1.43,0.02,-3.0,2025-10-07,-1.8284811467987105,-0.6120451548972117,-0.6264964393017602,-1.0539295967322504,-2.044669415511491,-1.2047432363178068,3.579892487620673,-0.9589239350949574,1.0839267524795915
36,NVDA,QQQ,19.2,None,24.2,15.2,48.8,2025-10-07,184.51,8.32,4.06,0.041,52.0,0.84,65.0,-0.02,1,0.85,-0.609,,-2.42,-0.74,-2.84,0.0,-1.87,-0.4,-3.0,-0.6,-1.11,-1.6,0.67,-1.2,-0.17,-3.0,2025-10-07,-3.481624758220514,-2.265188766319015,-2.2796400507235637,-2.895981087470456,-3.8867209062496966,-3.0467947270560125,7.753062540296596,3.2142461175809656,5.2570968051555145
37,RGLD,GDX,18.9,None,40.5,8.8,85.1,2025-10-07,196.85,7.41,-7.7,0.025,55.1,1.09,50.0,0.03,5,0.8,-0.919,5 distribution days in 20; heavy selling into close today,-1.99,0.04,-0.42,-3.0,0.97,0.16,3.0,0.87,1.01,0.06,0.34,-0.36,-0.7,3.0,2025-10-07,-0.9830829881730674,-0.6374166202304243,0.21890171932388292,-8.428564299615749,-0.9391263275251198,-8.579377939201304,-10.439642696741346,-0.6969721039875356,-12.935608431882429
38,COHR,XLK,18.4,None,28.6,11.9,62.3,2025-10-07,113.58,14.48,6.67,-0.008,50.1,0.98,50.0,0.09,1,0.9,-0.753,,-0.43,-1.39,0.61,-1.35,0.28,-0.26,-1.28,0.2,-0.43,0.02,0.0,-0.08,-0.66,-1.28,2025-10-07,-4.630275549354723,-2.917273583614765,-3.4282908418577724,5.362748517614224,4.674739531374406,5.211934878028668,16.995116846878243,11.547208955836407,14.499151111737163
39,ENTG,SMH,18.3,None,15.8,21.1,26.2,2025-10-07,91.93,13.58,0.41,-0.044,49.1,0.7,35.0,-0.13,0,-0.09,-0.408,,0.25,-0.64,0.45,-1.35,-0.01,0.61,-1.88,-0.65,-0.18,-0.73,-1.35,-1.41,-0.69,-1.88,2025-10-07,-1.3175087108014072,-0.3344588731535758,-0.11552400330445689,0.6097560975609762,-1.9431945414214224,0.45894245797541977,-0.3702090592334506,-8.213755188102335,-2.866174794374532
40,KLAC,SMH,16.4,None,14.2,19.0,26.2,2025-10-07,107.85,18.13,4.96,-0.032,50.7,0.77,50.0,-0.12,1,0.96,-0.474,,-0.53,-0.9,-0.72,-0.67,-0.01,-0.09,-3.0,-1.43,-0.44,-1.9,-0.67,-1.41,-1.39,-3.0,2025-10-07,-3.547105561861519,-2.5640557242136874,-2.3451208543645685,7.973893303064705,5.420942664082307,7.823079663479149,13.50737797956867,5.663831850699786,11.01141224442759
41,PLTR,IGV,14.9,None,31.1,7.1,73.2,2025-10-07,182.16,12.22,8.69,0.078,55.0,1.1,65.0,-0.18,3,0.69,-1.037,,0.47,-2.06,3.0,1.35,-1.06,0.45,-3.0,1.26,0.16,0.43,1.35,-1.54,-0.66,-3.0,2025-10-07,-1.7068635493573847,-0.8165781343272727,-0.5048788418604344,-0.7328411266065094,-1.0819726619124448,-0.8836547661920657,3.691550451189496,1.8760664675986582,1.1955847160484145
42,SNDK,XLK,12.7,None,20.3,7.9,62.3,2025-10-07,120.87,71.45,63.63,-0.007,55.9,0.73,45.0,-0.86,4,1.78,-0.979,4 distribution days in 20,-1.35,-0.94,-0.97,-2.02,-1.25,-0.37,1.58,-0.72,0.02,-1.56,-0.67,-1.6,-0.78,1.58,2025-10-07,4.610832579929314,6.323834545669271,5.812817287426264,22.733623736336007,22.04561475009619,22.58281009675045,44.234404536862,38.786496645820165,41.73843880172092
43,VCYT,XLV,10.6,None,15.0,7.5,59.4,2025-10-07,34.61,8.16,3.6,0.023,49.0,1.09,40.0,0.08,2,0.75,-1.004,,0.42,-0.2,3.0,0.0,-3.0,-1.26,-1.69,0.84,-0.76,1.81,0.0,-0.1,-2.06,-1.69,2025-10-07,-2.6368586987675635,-1.0688654488730465,-1.4348739912706132,3.4680424190312475,3.1305371455113473,3.317228779445691,2.0349670392662667,1.4654268902014378,-0.4609986958748147
44,NBIS,IGV,10.1,None,17.1,6.0,73.2,2025-10-07,117.68,23.04,19.51,0.039,55.0,1.12,60.0,-0.39,5,1.43,-1.123,5 distribution days in 20,0.87,-0.98,3.0,1.35,-0.42,-1.1,-3.0,1.66,1.23,2.27,1.35,-0.91,-2.2,-3.0,2025-10-07,5.7260726072607016,6.616358022290814,6.928057314757652,-13.960396039603962,-14.309527574909897,-14.111209679189518,0.5280528052805211,-1.2874311783103165,-1.9679129298605602
45,SMTC,SMH,9.2,None,7.2,11.8,26.2,2025-10-07,70.93,15.15,1.98,-0.035,47.2,0.56,50.0,0.17,3,1.84,-0.754,heavy selling into close today,-0.84,-3.0,-0.74,0.0,1.09,0.52,-1.5,-1.74,-3.0,-1.92,0.0,-0.32,-0.78,-1.5,2025-10-07,-4.4774011299435035,-3.494351292295672,-3.275416422446553,-4.307909604519766,-6.860860243502165,-4.458723244105323,-0.5225988700564788,-8.366144998925362,-3.01856460519756
46,AIR,ITA,8.9,None,7.6,10.4,31.9,2025-10-07,83.09,12.41,3.46,-0.032,54.2,0.87,45.0,0.48,4,0.9,-0.826,4 distribution days in 20,-1.82,1.15,3.0,-3.0,3.0,1.28,1.69,-2.44,1.48,2.44,-3.0,3.0,-0.68,1.69,2025-10-07,-0.5035367461935003,1.2631486155563643,0.69844796130345,1.6664668504975388,2.2226455754928653,1.5156532109119825,1.3667425968109326,-0.04473618426963366,-1.1292231383301488
47,APH,XLK,5.1,None,6.6,4.0,62.3,2025-10-07,61.84,6.79,-1.03,0.005,54.2,0.86,45.0,0.08,3,0.81,-1.336,,-3.0,-1.18,-1.62,-3.0,-0.11,-0.54,-1.26,-3.0,-0.22,-2.2,-2.7,-0.46,-0.94,-1.26,2025-10-07,-1.4884322925093008,0.2245696732306568,-0.28644758501235046,-0.03235722375021233,-0.720366209990031,-0.1831708633357687,10.321954376314512,4.874046485272675,7.8259886411734305
48,NEM,GDX,4.3,None,11.8,1.6,85.1,2025-10-07,86.14,14.53,-0.58,0.08,51.7,0.99,75.0,0.11,5,1.58,-1.824,5 distribution days in 20,-1.36,-3.0,-0.34,-3.0,1.0,-1.02,-1.32,1.5,-2.78,0.14,2.02,-0.33,-1.88,-1.32,2025-10-07,1.9322573312116509,2.277923699154294,3.134242038708601,-2.807456240054551,4.681981732036078,-2.9582698796401075,-10.68424641964083,-0.9415758268870196,-13.180212154781913
49,DDOG,IGV,3.2,None,9.2,1.1,73.2,2025-10-07,154.52,9.98,6.45,-0.003,53.7,0.85,45.0,0.18,3,2.44,-2.006,,-3.0,-2.47,2.49,-2.02,1.55,-0.75,-1.42,-2.32,-0.26,-1.56,-2.02,1.07,-1.85,-1.42,2025-10-07,2.314932587127938,3.20521800215805,3.5169172946248883,-0.6359704909692176,-0.9851020262751531,-0.786784130554774,0.019079114729070312,-1.7964048688617673,-2.476886620412011
50,DASH,XLY,1.6,None,1.1,2.4,18.4,2025-10-07,276.84,7.9,7.68,0.008,50.0,1.12,45.0,0.24,4,1.38,-1.607,4 distribution days in 20,-2.61,-0.59,1.05,-1.35,0.32,-2.3,-1.0,-2.94,-1.23,1.98,-2.02,0.52,-1.87,-1.0,2025-10-07,-2.6104489972275213,-1.5968203771252965,-1.408464289730571,-5.710582220141869,-6.741246615371854,-5.861395859727425,-5.869009469628783,-7.7173910709916305,-8.364975204769864
51,AU,GDX,1.5,None,3.7,0.6,85.1,2025-10-07,70.07,20.4,5.29,0.047,50.5,1.3,70.0,-0.06,3,2.49,-2.318,,-3.0,-2.97,1.3,-3.0,-1.4,-0.14,-1.76,-0.57,-2.0,1.78,0.67,-2.73,-1.0,-1.76,2025-10-07,-5.086609843277412,-4.740943475334769,-3.8846251357804613,-13.761341765191093,-6.2719037931004635,-13.912155404776648,-14.764916139675554,-5.022245546921743,-17.260881874816636
1,BTSG,XLV,72.5,Strong,74.3,70.8,90.8,2025-10-14,29.92,10.32,5.9,0.168,50.9,1.08,85.0,0.46,7,1.15,0.694,7 distribution days in 20,3.0,0.61,0.97,3.0,0.68,2.22,1.82,3.0,0.6,0.15,3.0,0.86,1.58,1.82,2025-10-14,1.2558869701726705,-0.8988843090885545,0.5888868034226169,6.703296703296702,4.312288041259338,3.6790573108732127,0.5337519623233922,-1.5780670655239692,-0.7456756302607781
2,ETSY,XLY,65.0,Moderate,52.0,81.2,47.4,2025-10-14,71.89,20.99,24.06,0.092,56.8,1.04,65.0,-0.34,2,0.87,0.981,,3.0,3.0,0.83,2.02,-1.22,-2.02,-1.41,2.68,1.51,1.81,2.02,-1.84,-2.84,-1.41,2025-10-14,-1.2892607324098138,-2.882408484015808,-1.9562608991598673,2.6196680839390973,0.2042505250525961,-0.4045713084843916,-20.07955013029762,-21.244432357278342,-21.35897772288179
3,INOD,XLK,64.4,Moderate,60.5,68.5,73.3,2025-10-14,75.78,14.97,11.49,0.039,53.9,0.94,55.0,-0.66,1,-0.4,0.639,,0.38,0.07,-3.0,0.67,1.96,-0.67,-3.0,1.55,1.58,-1.26,2.02,-2.36,-2.48,-3.0,2025-10-14,-4.692917285785048,-5.6929172857850485,-5.359917452535101,-6.414066369489857,-12.188714256813793,-9.438305761913346,-17.26102030708273,-20.218766785955967,-18.5404478996669
4,MRVL,SMH,60.2,Moderate,65.0,55.8,81.9,2025-10-14,86.04,25.26,16.74,0.037,49.3,0.7,70.0,-0.33,1,0.77,0.367,,0.2,-1.61,-1.18,2.02,3.0,-0.42,-1.6,1.09,-0.78,-3.0,2.7,-1.33,-1.53,-1.6,2025-10-14,-4.407588322162892,-5.351759093919862,-5.074588488912946,0.34079291150743707,-5.81097814174143,-2.683446480916052,-0.6475065318641504,-3.6178325933232114,-1.9269341244483207
5,MNST,XLP,57.0,Moderate,62.9,51.6,88.7,2025-10-14,34.31,3.69,3.86,0.041,54.1,0.95,55.0,0.02,2,1.51,0.283,,1.55,0.98,-0.17,0.67,-0.72,-2.58,-0.43,1.22,0.88,-0.39,1.35,0.11,-1.63,-0.43,2025-10-14,0.6425233644859807,0.36968979296458926,-0.024476802264072894,1.1974299065420357,2.028922695940505,-1.8268094858814532,-2.336448598130858,1.5611738521744578,-3.6158761907150283
6,ATRO,ITA,51.0,Weak,39.0,66.6,65.2,2025-10-14,39.93,19.98,15.61,0.089,54.8,1.0,65.0,-0.13,1,1.71,0.595,,1.08,0.16,0.03,0.9,0.96,1.21,-0.25,0.7,0.57,0.48,0.45,-1.49,-0.49,-0.25,2025-10-14,-1.4008355861391042,-1.9727773520684,-2.0678357528891578,3.514376996805102,0.9524560287582196,0.490137604381613,-2.3347259768984885,-2.2260097734573936,-3.6141535694826588
7,NBIS,IGV,49.4,Weak,66.4,36.7,88.1,2025-10-14,128.14,43.33,42.6,0.076,56.4,0.77,70.0,-0.41,3,1.34,-0.023,,1.91,-1.2,1.16,2.92,0.55,-1.19,-3.0,2.39,1.77,-0.26,3.0,-1.03,-3.0,-3.0,2025-10-14,-20.940106141015924,-21.19298371339121,-21.607106307765978,-7.626990144048518,-9.344813652942829,-10.651229536472007,-16.181349507202437,-13.84441194180306,-17.460777099786608
8,IREN,XLF,46.2,Weak,25.3,84.5,11.5,2025-10-14,69.5,90.67,90.96,0.052,55.4,1.05,65.0,0.4,4,2.98,1.097,4 distribution days in 20,3.0,3.0,3.0,3.0,2.84,0.93,-2.93,2.23,0.67,3.0,1.35,0.2,-1.24,-2.93,2025-10-14,-22.786403692824166,-21.436593806892603,-23.45340385957422,-12.701077073716604,-11.864575172575908,-15.725316466140093,-6.826129528605396,-4.944000251038849,-8.105557121189566
9,AMAT,SMH,43.4,Weak,50.4,37.4,81.9,2025-10-14,217.03,25.78,17.26,0.013,54.5,0.99,50.0,-0.12,3,1.13,-0.008,,-0.74,0.97,1.54,-0.0,3.0,-0.25,1.01,0.15,1.8,-0.73,0.67,-1.35,-1.36,1.01,2025-10-14,0.9159482758620552,-0.02822249589491399,0.2489481091120016,1.6478089080459668,-4.5039621452029,-1.3764304843775221,2.851113505747116,-0.119212555711945,1.5716859131629457
10,ARMK,XLI,42.0,Weak,20.6,85.7,19.8,2025-10-14,39.46,6.19,4.85,0.006,54.8,1.11,50.0,0.01,3,1.57,1.146,,0.44,1.82,-3.0,0.67,2.42,-0.53,0.49,-1.11,1.55,0.52,-1.35,0.31,-1.39,0.49,2025-10-14,0.25342118601114905,-0.4437179129694435,-0.41357898073890453,-1.6218955904713672,-2.207229362256946,-4.646134982894856,-5.473897617840862,-4.710990679333771,-6.753325210425032
11,LLY,SPY,41.6,Weak,26.1,66.4,,2025-10-14,807.28,6.28,5.66,-0.014,50.7,0.67,50.0,-0.07,2,0.93,0.59,,-1.6,2.05,-3.0,-1.35,3.0,-0.36,-1.3,-1.08,-0.25,-1.89,0.0,-0.25,-1.94,-1.3,2025-10-14,-1.5902701229858374,-2.257270289735891,-2.257270289735891,0.9586207750709175,-2.0656186173525715,-2.0656186173525715,11.690467048959018,10.411039456374848,10.411039456374848
12,RKLB,ITA,41.5,Weak,30.7,56.2,65.2,2025-10-14,68.01,43.94,39.57,0.056,55.2,0.9,60.0,-0.2,2,2.95,0.374,,1.84,0.08,2.77,1.57,1.82,1.05,-1.5,1.45,0.49,3.0,1.12,-0.63,-0.65,-1.5,2025-10-14,-6.65524135961153,-7.227183125540826,-7.322241526361584,-8.96886603827477,-11.530787006321653,-11.99310543069826,-19.215938303341908,-19.107222099900813,-20.495365895926078
13,INTC,SMH,41.1,Weak,50.0,33.8,81.9,2025-10-14,35.65,41.19,32.67,0.016,50.3,0.55,65.0,-0.03,5,0.8,-0.086,5 distribution days in 20,0.08,-1.43,0.26,2.7,3.0,1.17,-2.24,0.97,-0.6,-2.01,3.0,-0.17,0.06,-2.24,2025-10-14,4.697802197802203,3.753631426045234,4.03080203105215,14.010989010989006,7.859217957740139,10.986749618565517,1.7857142857142794,-1.1846117757447816,0.5062866931301091
14,TSM,SMH,38.2,None,44.2,33.0,81.9,2025-10-14,293.63,12.93,4.41,0.05,55.2,0.94,60.0,-0.36,3,1.01,-0.104,,0.75,0.71,2.03,1.35,1.63,-0.97,-3.0,1.64,1.54,-0.25,2.02,-3.0,-2.08,-3.0,2025-10-14,-3.841342988808427,-4.785513760565396,-4.508343155558481,-1.5536537195523503,-7.7054247728012175,-4.57789311197584,-3.9795918367347083,-6.949917898193769,-5.259019429318879
15,PDFS,IGV,37.8,None,57.1,25.0,88.1,2025-10-14,26.52,32.93,32.2,0.109,56.3,0.75,70.0,0.03,3,1.32,-0.3,,0.3,-2.44,-1.32,0.22,0.58,1.65,-3.0,0.78,0.53,-2.74,1.35,-1.01,-0.87,-3.0,2025-10-14,5.747126436781613,5.494248864406326,5.08012627003156,6.0437523173896945,4.325928808495383,3.0195129249662056,3.5595105672969973,5.896448132696374,2.280082974712827
16,MU,SMH,36.6,None,43.4,30.8,81.9,2025-10-14,186.86,17.86,9.33,0.073,53.1,1.04,55.0,-0.15,2,1.25,-0.156,,0.56,-0.73,1.77,-0.0,3.0,0.46,-3.0,1.45,0.1,-0.51,0.67,-1.3,-0.65,-3.0,2025-10-14,5.1186017478152435,4.174430976058274,4.45160158106519,15.319392426133982,9.167621372885115,12.295153033710493,13.269870994590093,10.299544933131031,11.990443402005923
17,CAT,XLI,36.5,None,16.3,81.8,19.8,2025-10-14,522.84,19.74,18.41,0.051,56.9,0.89,55.0,-0.11,3,3.16,1.003,extended >3 ATR above 20d avg,1.95,1.07,-2.99,1.35,-0.4,-1.21,-0.06,0.4,0.8,0.55,-0.67,-2.51,-2.07,-0.06,2025-10-14,-1.4940596490565228,-2.1911987480371153,-2.1610598158065764,-1.5205031826681425,-2.1058369544537214,-4.5447425750916315,2.7803486768789076,3.5432556153859984,1.5009210842947374
18,FORM,SMH,34.0,None,42.7,27.0,81.9,2025-10-14,40.26,26.17,17.65,-0.008,50.3,0.94,45.0,-0.15,6,1.27,-0.248,6 distribution days in 20,-0.12,0.25,1.11,-0.67,3.0,2.43,0.66,0.77,1.07,-1.17,0.0,-0.54,1.33,0.66,2025-10-14,4.76534296028881,3.8211721885318406,4.098342793538756,2.0697954271961416,-4.081975626052725,-0.9544439652273473,24.452466907340554,21.482140845881492,23.173039314756384
19,A,XLV,31.9,None,39.5,25.7,90.8,2025-10-14,137.23,8.8,4.38,-0.044,48.7,0.74,40.0,0.02,2,1.44,-0.28,,-0.58,-0.24,-0.34,-1.01,0.25,-0.04,-0.65,0.04,-0.25,-1.17,-0.34,0.43,-0.68,-0.65,2025-10-14,5.027203482045706,2.8724322027844806,4.360203315295652,5.172288719622786,2.7812800575854224,2.1480493271992973,5.339136742836437,3.2273177149890753,4.059709150252266
20,CIEN,XLK,29.8,None,28.6,31.1,73.3,2025-10-14,164.85,19.92,16.44,0.074,59.0,1.09,55.0,0.28,3,2.31,-0.147,,-0.91,-0.14,-2.02,-2.02,3.0,-0.44,-1.38,0.26,1.36,0.0,-0.67,0.24,-2.25,-1.38,2025-10-14,0.4290194686076054,-0.5709805313923955,-0.23798069814244815,8.3555239955027,2.5808761081787646,5.331284603079212,8.10107106929403,5.143324590420794,6.821643476709859
21,GLW,XLK,29.1,None,24.9,34.1,73.3,2025-10-14,83.89,7.51,4.04,0.045,53.9,1.19,60.0,-0.14,1,1.01,-0.079,,0.34,-1.52,-0.25,0.0,1.93,-0.38,-0.57,1.5,-0.01,1.78,1.35,-2.39,-2.19,-0.57,2025-10-14,0.011720581340846081,-0.9882794186591548,-0.6552795854092075,0.4571026722925531,-5.317545215031383,-2.567136720130936,-0.9728082512892589,-3.9305547301624943,-2.252235843873429
22,RGLD,GDX,27.7,None,39.9,19.2,94.5,2025-10-14,198.42,5.01,-8.61,0.035,57.2,1.12,60.0,-0.08,5,0.58,-0.468,5 distribution days in 20,-1.43,0.43,-0.31,-0.79,-0.01,0.65,3.0,0.6,1.32,0.39,1.01,-1.59,-0.1,3.0,2025-10-14,-8.588223572780718,-0.10291455555682205,-9.255223739530772,-10.595795556441168,0.11849015784454231,-13.620034948864657,-16.294709574574085,-2.173635613074598,-17.574137167158256
23,WK,IGV,26.4,None,47.7,14.6,88.1,2025-10-14,87.46,10.49,9.75,0.056,54.5,1.43,55.0,0.15,6,0.65,-0.632,6 distribution days in 20,0.43,-1.25,3.0,-0.67,3.0,3.0,1.78,0.91,1.73,1.96,0.45,1.75,2.11,1.78,2025-10-14,3.2177656922728115,2.964888119897524,2.550765525522758,0.793111262179913,-0.9247122467143987,-2.231128130243576,-7.239972807613871,-4.903035242214493,-8.519400400198041
24,DELL,XLK,25.6,None,25.0,26.3,73.3,2025-10-14,146.9,16.49,13.02,0.019,53.0,0.64,45.0,-0.15,4,0.86,-0.265,4 distribution days in 20,-1.04,-3.0,-3.0,-1.35,3.0,1.19,2.2,0.12,-1.6,-2.03,0.0,-1.0,-0.61,2.2,2025-10-14,-1.4507220336727245,-2.4507220336727253,-2.117722200422778,8.750915019631321,2.9762671323073855,5.7266756272078325,1.9897517801290787,-0.9679946987441568,0.7103241875449084
25,ARQT,XBI,24.2,None,54.6,10.7,91.5,2025-10-14,20.42,20.26,8.1,-0.001,50.7,0.64,60.0,0.19,2,1.25,-0.813,,-2.57,-2.28,,1.35,0.15,0.34,1.34,-0.52,-1.22,-3.0,2.02,0.03,-1.7,1.34,2025-10-14,0.48661800486617945,-3.311211806670089,-0.18038216188387413,22.09245742092456,15.886479884278849,19.06821802850107,16.739659367396587,14.341030012742118,15.460231774812417
26,CDE,GDX,16.5,None,25.2,10.8,94.5,2025-10-14,20.97,29.05,15.43,0.035,54.7,1.11,45.0,0.06,2,1.83,-0.805,,-1.5,-0.6,0.89,-1.8,0.75,1.32,-2.78,0.54,0.3,1.59,0.0,-0.83,0.57,-2.78,2025-10-14,-14.424860853432275,-5.939551836208379,-15.091861020182328,-15.398886827458258,-4.684601113172548,-18.423126219881745,-36.08534322820037,-21.964269266700885,-37.36477082078454
27,TER,SMH,15.2,None,14.2,16.3,81.9,2025-10-14,136.71,20.24,11.72,0.018,53.4,1.04,55.0,-0.27,2,0.22,-0.567,,-0.06,-0.88,3.0,-0.0,2.32,0.72,-3.0,0.83,-0.06,2.2,0.67,-3.0,-0.38,-3.0,2025-10-14,1.9598061573546266,1.0156353855976574,1.292805990604573,2.6154503990878153,-3.5363206541610515,-0.40878899333567364,24.82183580387687,21.851509742417807,23.5424082112927
28,AMD,SMH,13.9,None,17.5,11.0,81.9,2025-10-14,218.02,35.89,27.37,0.052,53.1,0.87,60.0,-0.67,5,2.68,-0.797,5 distribution days in 20,0.49,-1.16,2.51,0.45,1.3,1.08,-1.64,1.38,-0.33,0.23,1.12,-3.0,-0.03,-1.64,2025-10-14,6.899261354706887,5.955090582949918,6.2322611879568335,15.834848791001566,9.683077737752699,12.810609398578077,12.305516265912297,9.335190204453237,11.026088673328127
29,SNDK,XLK,13.5,None,12.9,14.2,73.3,2025-10-14,127.28,39.06,35.58,0.006,53.3,0.82,50.0,-0.13,5,1.14,-0.651,5 distribution days in 20,-1.97,-2.39,-3.0,-1.8,3.0,1.05,0.76,-0.8,-0.89,-1.45,-0.45,-0.48,-0.75,0.76,2025-10-14,10.820037105751389,9.820037105751389,10.153036939001336,30.233766233766236,24.4591183464423,27.209526841342747,44.20037105751391,41.24262457864068,42.92094346492974
30,NVDA,QQQ,13.0,None,10.3,16.4,67.0,2025-10-14,179.64,2.98,1.7,0.057,51.4,1.01,65.0,-0.55,3,-0.42,-0.564,,-2.12,-0.48,-3.0,-0.67,-1.06,0.24,-3.0,-0.04,-1.34,-0.43,0.67,-3.0,-0.64,-3.0,2025-10-14,-1.9689737470167223,-3.194896099723077,-2.635973913766776,8.781731395096548,3.999469842816028,5.757492002673059,7.528748101540472,5.0070407925814076,6.249320508956302
31,NEM,GDX,12.5,None,19.5,8.0,94.5,2025-10-14,89.68,14.52,0.9,0.078,53.7,1.07,70.0,0.07,4,1.91,-0.972,4 distribution days in 20,-1.02,-2.5,-0.16,-0.45,0.92,0.89,-1.39,1.01,-1.61,0.54,1.35,-0.66,0.15,-1.39,2025-10-14,-6.44420131291028,2.0411077043136157,-7.111201479660334,-14.02625820568929,-3.31197249140358,-17.050497598112777,-14.48577680525165,-0.36470284375216266,-15.76520439783582
32,WAT,XLV,12.5,None,16.6,9.4,90.8,2025-10-14,333.06,9.89,5.47,-0.058,50.9,0.57,40.0,-0.09,2,2.12,-0.883,,-2.22,-0.15,-0.69,-1.35,-0.32,-2.43,-0.3,-1.6,-0.16,-1.52,-0.67,-0.14,-3.0,-0.3,2025-10-14,5.201337228563707,3.046565949302482,4.534337061813654,4.24660422251002,1.855595560472656,1.2223648300865309,10.646628316718388,8.534809288871028,9.367200724134218
33,DDOG,IGV,6.1,None,10.4,3.6,88.1,2025-10-14,160.88,19.53,18.79,-0.002,55.9,0.77,40.0,0.07,3,1.99,-1.398,,-2.6,-2.38,-0.48,-3.0,1.79,0.28,-1.11,-2.12,0.6,-1.9,-2.7,0.21,-2.24,-1.11,2025-10-14,-3.4840622683469102,-3.7369398407221976,-4.151062435096964,-2.847788485297742,-4.565611994192054,-5.872027877721231,-2.699530516431925,-0.36259295103254763,-3.9789581090160953
34,TMO,XLV,5.9,None,7.9,4.4,90.8,2025-10-14,523.89,9.32,4.9,-0.011,48.9,0.81,45.0,0.03,7,1.52,-1.294,7 distribution days in 20,-0.56,-0.91,0.16,-0.67,0.01,-0.66,-0.73,0.07,-0.91,-0.67,0.0,0.19,-1.31,-0.73,2025-10-14,6.282141969526056,4.127370690264831,5.6151418027760025,6.236259009310419,3.845250347273055,3.2120196168869297,7.712160896247133,5.600341868399772,6.432733303662963
35,AU,GDX,1.0,None,1.3,0.7,94.5,2025-10-14,69.04,11.95,-1.67,0.027,50.7,1.39,60.0,-0.09,4,0.99,-2.229,4 distribution days in 20,-3.0,-2.51,1.24,-2.47,-1.31,0.11,-1.42,-1.91,-1.62,1.94,-0.67,-2.89,-0.63,-1.42,2025-10-14,-8.55685131195335,-0.07154229472945417,-9.223851478703404,-9.620991253644306,1.0932944606414043,-12.645230646067795,-12.857142857142845,1.263931104356642,-14.136570449727015
1,KO,XLP,95.8,Strong,96.9,94.8,72.7,2025-10-21,69.4,6.77,5.55,0.045,56.5,0.85,55.0,0.15,1,4.03,1.699,extended >3 ATR above 20d avg,2.43,2.12,-3.0,0.0,3.0,1.22,-3.0,3.0,2.17,-3.0,0.0,3.0,2.51,-3.0,2025-10-21,-1.5411205530750482,-0.29904525225992185,-3.773438011482355,-3.6439579432521962,0.6515524720667405,-4.144875540051151,0.5041048538095838,3.014132024206806,-1.1204927574302248
2,FORM,SMH,75.2,Strong,68.9,82.1,38.8,2025-10-21,43.53,17.32,9.97,0.054,50.5,1.12,55.0,0.02,5,1.86,1.012,5 distribution days in 20,2.81,1.31,1.42,2.02,3.0,1.97,0.4,2.36,1.19,0.17,1.35,0.14,1.43,0.4,2025-10-21,-2.729357798165144,-8.645097997111883,-4.961675256572451,18.600917431192656,15.859548209425547,18.0999998343937,19.128440366972477,16.761559149886462,17.50384275573267
3,AAOI,XLK,69.1,Moderate,61.1,78.2,49.6,2025-10-21,33.4,18.99,16.09,0.003,49.7,0.87,50.0,-0.28,2,1.06,0.888,,1.52,-1.21,-2.4,0.34,2.78,1.25,-0.74,2.03,-0.52,-0.46,1.35,-0.59,-0.03,-0.74,2025-10-21,14.029666254635353,9.265768647046603,11.797348796228047,-8.85352286773794,-10.827436517734446,-9.354440464536896,-26.63782447466008,-28.297864929427455,-28.262422085899885
4,MNST,XLP,68.6,Moderate,71.0,66.3,72.7,2025-10-21,34.46,6.85,5.63,0.074,55.6,0.98,65.0,0.01,2,0.78,0.587,,0.45,0.92,-1.21,1.57,0.0,-1.38,0.22,1.33,0.97,0.01,1.57,-0.13,-0.09,0.22,2025-10-21,0.8733624454148492,2.1154377462299756,-1.3589550129924577,-2.6491994177583855,1.6463109975605512,-3.150117014557341,4.687045123726352,7.197072294123574,3.0624475124865436
5,INTC,SMH,67.5,Moderate,60.8,74.9,38.8,2025-10-21,38.11,29.85,22.5,0.039,53.5,0.76,70.0,-0.12,4,1.03,0.797,4 distribution days in 20,1.59,0.93,0.65,3.0,3.0,0.62,-2.14,1.13,0.8,-0.6,3.0,-0.44,0.08,-2.14,2025-10-21,9.686797938416802,3.771057739470063,7.4544804800094955,-2.074798467027894,-4.816167688795003,-2.5757160638268495,0.17179859918063922,-2.195082617905375,-1.4527990120591694
6,WK,IGV,65.2,Moderate,60.7,70.0,67.1,2025-10-21,91.1,9.25,10.43,0.109,58.1,1.63,60.0,0.14,7,1.45,0.673,7 distribution days in 20,2.57,2.74,3.0,1.01,2.94,3.0,0.81,2.34,3.0,3.0,1.35,1.38,2.04,0.81,2025-10-21,-1.7667844522968323,-3.2810129789698994,-3.9991019107041392,-9.595848056537104,-7.06343138261839,-10.09676565333606,3.0918727915194344,6.468428356744393,1.4672751802796258
7,BTSG,XLV,43.4,Weak,55.2,34.2,84.7,2025-10-21,32.25,15.22,9.28,0.114,50.6,0.88,65.0,0.55,6,2.01,-0.078,6 distribution days in 20,1.68,-0.03,-0.42,0.0,1.54,-1.15,1.12,3.0,0.3,-0.08,1.35,1.21,-1.35,1.12,2025-10-21,5.2167182662538725,5.759100576246223,2.9844008078465656,-0.866873065015461,-0.05329960002692369,-1.3677906618144164,5.015479876161,1.9350265001788047,3.390882264921191
8,MU,SMH,41.8,Weak,32.0,54.7,38.8,2025-10-21,202.08,21.6,14.25,0.05,53.1,1.07,50.0,-0.03,2,1.82,0.343,,1.34,0.23,0.87,0.67,2.99,-0.58,-3.0,0.88,0.11,-0.38,0.0,-0.88,-1.12,-3.0,2025-10-21,9.720366245978717,3.8046260470319773,7.48804878757141,7.770353872803759,5.02898465103665,7.269436276004804,19.232863152684978,16.865981935598963,17.60826554144517
9,FIGS,XLY,40.2,Weak,44.8,36.0,67.6,2025-10-21,8.17,18.92,18.41,-0.005,53.6,0.71,60.0,0.03,1,3.33,-0.038,extended >3 ATR above 20d avg,-1.53,0.86,-3.0,-1.35,0.35,-0.51,-2.95,-0.36,0.04,-3.0,0.0,0.05,-1.04,-2.95,2025-10-21,0.4962779156327368,-0.5089594555448329,-1.73603954277457,-8.436724565756826,-8.20864549834679,-8.937642162555782,19.602977667493793,19.265082752812248,17.978380056253982
10,A,XLV,39.3,None,50.9,30.3,84.7,2025-10-21,144.78,15.87,9.93,-0.007,49.4,0.7,50.0,-0.18,1,2.57,-0.166,,0.01,-0.62,-1.51,-0.9,-0.3,-0.94,-0.47,1.34,-0.29,-1.18,0.45,-0.63,-1.14,-0.47,2025-10-21,0.3947095076518137,0.9370918176441645,-1.8376079507554932,0.5539782563534379,1.3675517213419752,0.05306065955448247,2.9014611176511274,-0.1789922583310677,1.2768635064113187
11,VSH,SMH,39.1,None,29.8,51.4,38.8,2025-10-21,16.93,13.32,5.97,0.023,59.5,0.89,55.0,-0.04,4,1.63,0.278,4 distribution days in 20,0.32,1.55,0.97,0.67,3.0,-1.02,0.7,-0.13,1.43,-0.28,0.0,-0.73,-1.56,0.7,2025-10-21,2.9976019184652314,-2.918138280481508,0.7652844600579245,-5.1558752997601935,-7.897244521527303,-5.656792896559149,-16.127098321342924,-18.49397953842894,-17.751695932582734
12,AMD,SMH,35.5,None,26.4,47.8,38.8,2025-10-21,238.07,47.94,40.6,0.029,53.1,0.73,55.0,-0.09,4,2.33,0.206,4 distribution days in 20,1.17,0.02,0.35,2.02,2.59,-1.72,-1.1,0.72,-0.11,-0.9,1.35,-1.28,-2.26,-1.1,2025-10-21,8.917036098796727,3.0012958998499872,6.68471864038942,5.598480050664989,2.8571108288978797,5.097562453866034,0.29554570403209635,-2.071335513053918,-1.3290519072077123
13,AMAT,SMH,30.6,None,22.2,42.2,38.8,2025-10-21,224.76,12.5,5.16,-0.005,50.3,1.1,45.0,-0.08,3,1.11,0.093,,-0.08,0.16,0.91,0.67,2.79,-0.43,0.54,-0.54,0.04,-0.34,0.0,-1.08,-0.97,0.54,2025-10-21,0.7252180103221262,-5.190522188624613,-1.5070994480851807,1.917600996618618,-0.8237682251484912,1.4166833998196626,1.2591208400071219,-1.1077603770788924,-0.36547677123268674
14,ARQT,XBI,29.2,None,43.6,19.5,85.9,2025-10-21,20.65,17.4,4.22,0.005,50.0,0.55,55.0,0.08,2,0.69,-0.459,,-2.29,-3.0,-3.0,-0.0,0.3,0.94,0.19,-0.45,-1.87,-3.0,0.67,-0.33,0.26,0.19,2025-10-21,22.74951076320939,19.815931427416043,20.517193304802085,17.3679060665362,18.12436363111185,16.866988469737244,17.514677103718192,12.763754594493106,15.890079492478383
15,TMO,XLV,27.3,None,37.3,20.0,84.7,2025-10-21,555.93,18.75,12.81,0.023,50.9,0.86,50.0,-0.19,4,3.0,-0.443,4 distribution days in 20; extended >3 ATR above 20d avg,-0.17,-0.64,-0.64,-0.67,-0.34,0.91,-0.68,1.17,-0.31,-0.3,0.67,-0.67,0.72,-0.68,2025-10-21,0.3865956101526624,0.9289779201450132,-1.8457218482546445,1.7812302411706282,2.5948037061591656,1.2803126443716728,5.5803450456146875,2.4998916696324924,3.955747434374879
16,ATRO,ITA,26.4,None,13.3,52.5,22.3,2025-10-21,40.12,13.75,10.36,0.044,53.8,1.01,60.0,-0.35,3,0.95,0.3,,1.62,0.9,1.69,1.82,0.48,-0.79,-0.42,-0.0,0.18,0.44,0.13,-2.89,-1.88,-0.42,2025-10-21,4.077094143810234,2.0072851307328055,1.8447766854029268,-1.8038052878675437,-1.2157913636978157,-2.304722884666499,-1.8285149493451947,-0.6665994351858218,-3.4531125605850033
17,RKLB,ITA,24.9,None,13.4,46.4,22.3,2025-10-21,65.36,23.55,20.16,0.021,50.6,0.85,60.0,-1.92,2,1.13,0.178,,2.0,0.41,2.5,2.36,-0.84,0.23,-3.0,0.38,-0.32,1.24,0.67,-3.0,-0.86,-3.0,2025-10-21,1.2228045100841634,-0.8470045029932649,-1.0095129483231435,-10.171510242972847,-9.58349631880312,-10.672427839771803,-18.62791805621724,-17.46600254205787,-20.252515667457047
18,PDFS,IGV,20.4,None,20.8,20.1,67.1,2025-10-21,28.52,9.9,11.09,0.095,52.6,1.17,70.0,0.08,4,1.91,-0.44,4 distribution days in 20,0.86,-1.33,0.96,1.01,0.82,0.61,-2.85,0.63,-0.11,0.36,1.35,-0.74,-1.03,-2.85,2025-10-21,1.382488479262678,-0.13174004741038914,-0.849828979144629,-0.992555831265518,1.5398608426531957,-1.4934734280644735,-7.266926621765335,-3.890371056540376,-8.891524233005143
19,WAT,XLV,19.9,None,28.1,14.1,84.7,2025-10-21,349.3,16.7,10.76,-0.03,49.1,0.56,45.0,-0.07,2,2.73,-0.653,,-2.13,-0.9,-2.04,-1.35,0.12,-1.68,-0.02,-0.8,-0.57,-1.7,0.0,-0.21,-1.87,-0.02,2025-10-21,-1.7067075594933812,-1.1643252495010303,-3.939025017900688,4.327824160845117,5.141397625833655,3.826906564046162,9.6580905321747,6.577637156192505,8.033492920934892
20,IREN,XLF,18.8,None,5.1,69.2,5.3,2025-10-21,55.2,32.15,34.1,0.053,48.8,0.96,65.0,-1.01,5,-0.07,0.654,5 distribution days in 20,3.0,1.92,3.0,3.0,1.27,1.76,-2.78,1.3,-1.29,3.0,1.35,-2.09,-0.65,-2.78,2025-10-21,16.328052190121145,15.943140719759331,14.095734731713838,24.156570363466923,24.830165436600105,23.655652766667966,6.943150046598334,6.173327105874704,5.318552435358526
21,BE,XLI,18.3,None,5.5,60.8,7.0,2025-10-21,104.38,34.92,33.73,0.053,52.3,0.82,55.0,-0.47,3,1.14,0.469,,2.04,-0.9,-3.0,2.25,0.23,-3.0,-2.52,-0.28,-1.81,-1.07,-0.45,-2.24,-3.0,-2.52,2025-10-21,12.509932459276918,12.85527682625418,10.277615000869611,28.16845450933649,29.849564824055996,27.667536912537535,26.152165276122364,26.777694695552878,24.527567664882554
22,CSCO,XLK,16.1,None,11.4,22.8,49.6,2025-10-21,69.68,5.32,2.42,-0.01,54.1,1.0,40.0,-0.19,2,1.36,-0.36,,-0.86,0.31,-1.97,-3.0,0.97,-0.48,-3.0,-0.35,1.0,-0.03,-2.02,-2.4,-1.77,-3.0,2025-10-21,2.5057273768613886,-2.2581702307273632,0.2734099184540817,2.0761741122566013,0.10226046226009533,1.575256515457646,1.2600229095074411,-0.40001754525993416,-0.3645747017323675
23,CAT,XLI,14.1,None,3.1,64.1,7.0,2025-10-21,521.52,11.62,10.43,-0.01,50.8,0.88,55.0,-0.17,3,1.76,0.539,,0.26,0.39,-2.83,2.02,-0.28,-1.47,-0.5,-2.06,-0.51,0.58,-0.67,-2.75,-2.55,-0.5,2025-10-21,-0.22199257473111134,0.12335179224615134,-2.4543100331384182,4.135568568913395,5.816678883632898,3.6346509721144393,8.035748459448078,8.661277878878593,6.411150848208269
24,SANM,XLK,13.4,None,9.5,19.0,49.6,2025-10-21,129.64,10.33,7.43,-0.059,50.1,0.8,35.0,-0.11,3,0.62,-0.475,,-3.0,-1.15,-3.0,-2.81,2.93,0.78,1.01,-2.64,-0.47,-1.29,-1.8,-0.44,-0.5,1.01,2025-10-21,3.9344009855251105,-0.8294966220636413,1.7020835271178036,25.962426855558984,23.988513205562477,25.461509258760028,30.073914382506928,28.41387392773955,28.44931677126712
25,SNDK,XLK,12.1,None,9.4,15.5,49.6,2025-10-21,149.33,40.32,37.42,0.003,51.8,1.08,45.0,0.55,5,1.96,-0.599,5 distribution days in 20,-1.28,-1.79,-2.41,-2.23,3.0,0.57,0.64,-0.77,-1.1,-0.47,-1.21,0.83,-0.71,0.64,2025-10-21,17.69953051643194,12.935632908843186,15.467213058024631,30.321931589537222,28.348017939540718,29.821013992738266,82.018779342723,80.35873888795562,80.39418173148319
26,NEM,GDX,9.9,None,8.8,11.2,69.5,2025-10-21,85.51,1.93,3.88,0.048,53.8,1.3,60.0,0.07,4,-0.4,-0.786,4 distribution days in 20,-0.7,-1.77,0.26,-1.35,0.37,2.83,-1.01,-0.01,-2.02,1.61,-0.67,-0.77,3.0,-1.01,2025-10-21,-4.554840276934291,-5.312307762999757,-6.787157735341598,-5.064982387950934,-1.9779450862502106,-5.56589998474989,8.235151220697201,-0.5829136642534927,6.6105536094573925
27,CIEN,XLK,8.8,None,6.5,11.8,49.6,2025-10-21,169.72,21.62,18.73,0.028,55.8,1.0,45.0,-0.03,2,1.71,-0.757,,-2.09,-0.15,-2.01,-3.0,2.01,-2.62,-1.96,-1.59,0.53,-0.07,-2.02,-1.36,-3.0,-1.96,2025-10-21,7.433701009152793,2.6698034015640415,5.201383550745486,7.181412813893462,5.207499163896956,6.680495217094506,21.579441445670035,19.91940099090266,19.95484383443023
28,P,XLK,8.4,None,5.8,12.3,49.6,2025-10-21,90.86,2.91,0.01,-0.013,46.2,0.93,50.0,-0.34,0,0.55,-0.734,,-1.53,-2.34,-1.83,-2.36,1.72,0.14,-1.31,-1.03,-1.65,0.11,-1.35,-1.65,-1.15,-1.31,2025-10-21,4.469273743016755,-0.29462386457199674,2.236956284609448,4.184467082922549,2.2105534329260434,3.683549486123594,-4.151604775988615,-5.811645230755991,-5.776202387228424
29,DOCN,IGV,6.8,None,6.9,6.7,67.1,2025-10-21,39.71,7.44,8.63,-0.092,46.0,0.57,35.0,-0.69,2,0.48,-1.07,,-2.17,-2.69,-1.13,-1.35,-1.0,-0.73,2.06,-2.4,-1.46,-1.73,-1.01,-2.56,-2.37,2.06,2025-10-21,1.068158697863697,-0.4460698288093701,-1.16415876054361,-1.2970498474058956,1.2353668265128182,-1.797967444204851,27.13631739572737,30.51287296095233,25.51171978448756
30,MTSI,SMH,5.5,None,3.7,8.3,38.8,2025-10-21,139.43,8.21,0.86,-0.044,47.7,0.84,35.0,-0.04,4,1.62,-0.95,4 distribution days in 20,-1.14,-2.61,-0.36,-1.35,3.0,-0.7,0.48,-1.6,-2.73,-1.61,-2.02,-0.53,-1.24,0.48,2025-10-21,6.852681798467541,0.9369415995208019,4.6203643400602346,4.185340465519727,1.4439712437526175,3.6844228687207714,22.878415498048298,20.511534280962284,21.25381788680849
31,TSM,SMH,4.7,None,3.2,6.8,38.8,2025-10-21,292.13,4.15,-3.2,-0.027,52.2,1.03,40.0,-0.42,5,0.27,-1.062,5 distribution days in 20,-0.81,0.38,1.56,0.0,0.16,-1.52,-1.92,-1.27,0.25,0.31,-0.67,-3.0,-2.06,-1.92,2025-10-21,2.9110178239625473,-3.0047223749841923,0.6787003655552404,0.3750602160897287,-2.3663090056773806,-0.1258573807092267,-0.6124836556328006,-2.979364872718815,-2.237081266872609
32,CDE,GDX,4.0,None,4.3,3.8,69.5,2025-10-21,18.45,2.44,4.4,-0.004,51.7,1.21,40.0,-0.07,3,-0.77,-1.369,,-1.0,-1.07,2.15,-1.35,-0.02,-1.0,-1.99,-0.31,-1.32,3.0,-0.67,-1.16,0.29,-1.99,2025-10-21,3.5775127768313375,2.8200452907658713,1.3451953184240306,-21.749006246450886,-18.661968944750164,-22.249923843249842,-13.742191936399772,-22.560256821350464,-15.36678954763958
33,DDOG,IGV,1.8,None,1.9,1.7,67.1,2025-10-21,156.24,13.66,14.85,-0.046,50.8,0.77,40.0,-0.35,3,0.54,-1.774,,-3.0,-3.0,-1.3,-3.0,-0.59,0.15,-1.72,-3.0,-1.82,-1.9,-2.7,-2.15,-1.49,-1.72,2025-10-21,-0.17138504506790664,-1.6856135717409737,-2.4037025034752135,-0.019042782785327894,2.513373891133386,-0.5199603795842833,25.59984765773773,28.976403222962688,23.97525004649792
34,GLW,XLK,1.8,None,1.2,2.8,49.6,2025-10-21,85.33,6.24,3.34,-0.051,52.8,1.2,40.0,-0.14,0,0.89,-1.519,,-3.0,-1.28,0.28,-2.36,1.31,-2.54,-1.7,-3.0,-0.6,2.22,-1.35,-2.06,-3.0,-1.7,2025-10-21,0.4453298956990537,-4.318567711889698,-1.7869875627082532,-0.9844134536505345,-2.9583271036470404,-1.4853310504494899,2.156334231805923,0.4962937770385478,0.5317366205661145
1,KO,XLP,87.1,Strong,84.2,90.1,62.4,2025-10-28,68.36,5.8,5.74,0.047,53.7,0.88,50.0,-0.01,1,2.11,1.357,,3.0,1.95,-2.32,-0.0,1.39,-0.18,-3.0,3.0,1.65,-2.79,-0.67,-0.17,-0.4,-3.0,2025-10-28,-1.7765379533108083,0.6505824793497927,0.1652238689805574,2.4519160182058464,3.0586961263710077,3.2973089204279327,1.8793128762296218,2.9082008857270525,6.029957194778379
2,FORM,SMH,66.5,Moderate,60.7,72.9,54.8,2025-10-28,42.41,16.42,5.14,0.033,49.5,1.07,55.0,-0.07,4,0.62,0.745,4 distribution days in 20,2.86,0.93,0.54,2.02,-0.36,0.42,0.68,1.82,0.7,-0.08,1.35,-0.42,0.31,0.68,2025-10-28,16.8587570621469,21.413971369216178,18.800518884438265,17.37853107344631,22.281637642630667,18.2239239756684,10.011299435028253,19.80120512361031,14.16194375357701
3,MU,SMH,57.8,Moderate,51.4,64.9,54.8,2025-10-28,221.69,32.64,21.36,0.048,56.0,0.79,45.0,0.5,0,2.42,0.557,,1.85,1.08,-0.24,0.0,1.69,-0.79,-3.0,0.81,0.85,-0.86,-0.67,1.63,-0.9,-3.0,2025-10-28,-4.79625743266876,-0.24104312559948227,-2.8544956103773944,5.329660720531648,10.232767289716005,6.175053622753735,-0.20111927247289385,9.588786416109162,3.949525046075863
4,MNST,XLP,52.0,Weak,48.2,56.0,62.4,2025-10-28,34.65,2.94,2.88,0.05,53.8,0.92,65.0,0.06,2,0.35,0.371,,-0.07,0.49,0.32,1.48,1.6,0.46,-1.53,0.47,0.19,-0.15,0.81,0.03,0.24,-1.53,2025-10-28,-2.9036004645760727,-0.4764800319154716,-0.961838642284707,4.413472706155641,5.020252814320802,5.258865608377727,5.807200929152145,6.836088938649576,9.957845247700902
5,AMD,SMH,47.6,Weak,41.2,55.0,54.8,2025-10-28,257.97,59.47,48.19,0.025,55.7,0.73,50.0,0.32,4,3.0,0.351,4 distribution days in 20; extended >3 ATR above 20d avg,1.48,0.73,-0.7,0.9,0.93,-0.76,-1.2,0.44,0.5,-1.32,0.22,0.87,-0.87,-1.2,2025-10-28,-5.325914149443555,-0.7706998423742775,-3.3841523271521896,-10.080248315542429,-5.177141746358072,-9.234855413320343,-12.854871678401093,-3.0649659898190365,-8.704227359852336
6,CSCO,XLK,43.8,Weak,45.5,42.2,79.4,2025-10-28,71.59,6.83,-0.24,0.025,55.5,1.03,45.0,0.09,2,2.02,0.093,,-0.19,0.14,-2.85,-2.02,0.39,0.68,-3.0,0.64,1.73,0.01,-1.35,0.67,-0.16,-3.0,2025-10-28,-0.4468649629939869,3.0960525008840944,1.4948968592973788,-1.2428431783270466,2.596966810457013,-0.3974502761049603,6.507471023600053,14.972206789252873,10.658115342148811
7,TMO,XLV,42.6,Weak,50.7,35.8,86.5,2025-10-28,555.69,15.08,10.6,-0.012,51.1,0.68,45.0,-0.05,1,1.14,-0.042,,-0.57,-0.27,-2.01,-1.35,-0.61,1.07,-0.83,0.2,-0.2,-1.31,0.0,-0.17,1.1,-0.83,2025-10-28,1.2689853509481264,1.4020106257503606,3.210747173239492,5.048979958659117,1.2612602919224392,5.894372860881203,3.16886851801923,-1.8930932547175816,7.319512836567987
8,CRM,IGV,30.1,None,21.9,41.4,41.3,2025-10-28,252.14,7.31,5.85,-0.016,49.4,0.7,50.0,-0.47,2,0.89,0.076,,0.76,-1.27,-3.0,0.34,-0.83,-3.0,0.52,-0.37,-1.25,-3.0,0.0,-2.57,-3.0,0.52,2025-10-28,0.9844725468224791,4.532526284335403,2.926234369113845,-2.9614214823115104,1.4219750040818768,-2.116028580089424,-7.415559468544897,2.6343888607696098,-3.26491514999614
9,PDFS,IGV,23.2,None,14.3,37.8,41.3,2025-10-28,28.6,10.72,9.27,0.055,49.9,1.07,65.0,0.04,3,1.51,-0.0,,0.8,-0.53,-0.17,0.67,0.9,0.58,-3.0,-0.33,-0.5,-0.11,0.34,-0.84,-1.11,-3.0,2025-10-28,-2.4109014675052443,1.1371522700076797,-0.4691396452138785,-8.595387840670865,-4.211991354277478,-7.749994938448779,-16.282320055904965,-6.232371726590458,-12.131675737356208
10,A,XLV,20.0,None,25.6,15.7,86.5,2025-10-28,144.98,13.65,9.17,-0.06,46.9,0.74,45.0,-0.11,1,1.2,-0.589,,-1.3,-1.02,-1.66,-0.67,-0.98,-1.6,-0.23,-0.53,-0.95,-0.95,0.67,-0.54,-1.56,-0.23,2025-10-28,0.38714137573452323,0.5201666505367575,2.328903198025889,2.7307293466989124,-1.056990320037765,3.5761222489209987,-1.1545108883512012,-6.216472661088012,2.9961334301975557
11,CAT,XLI,19.1,None,4.1,89.1,2.7,2025-10-28,521.38,10.19,9.9,-0.026,47.4,0.92,60.0,-0.12,2,1.01,1.301,,1.67,0.47,-3.0,3.0,0.29,-0.59,-0.8,-2.36,-1.15,0.78,-0.22,-1.99,-1.71,-0.8,2025-10-28,-1.9178427873609794,-0.5065392917712908,0.023919034930386385,1.7556192433172857,2.108445117214719,2.601012145539372,-1.9917446240919956,1.216357303382698,2.1588996944567613
12,HQY,XLV,18.1,None,23.2,14.1,86.5,2025-10-28,95.15,0.41,-4.07,-0.02,50.6,1.05,45.0,0.06,6,0.95,-0.655,6 distribution days in 20,-0.9,0.63,-0.22,-1.8,0.33,0.16,2.82,-0.13,0.7,0.48,-0.45,0.77,0.2,2.82,2025-10-28,-0.11560693641617936,0.017418338386054888,1.8261548858751864,4.939569101418795,1.1518494346821173,5.7849620036408815,7.9663688912243735,2.904407118487562,12.11701320977313
13,FIGS,XLY,16.7,None,18.3,15.2,73.3,2025-10-28,8.1,21.08,20.45,-0.022,50.2,0.82,55.0,-0.15,2,1.96,-0.611,,-1.93,-0.14,-3.0,-2.7,-0.62,-1.32,-1.35,-0.82,-1.58,-2.65,-0.67,-1.22,-1.23,-1.35,2025-10-28,-8.436724565756826,-7.290089145602819,-6.494962743465461,19.602977667493793,20.188849779981243,20.44837056971588,12.903225806451601,19.7160815145199,17.05387012500036
14,VSH,SMH,15.9,None,12.6,20.0,54.8,2025-10-28,17.18,14.3,3.03,-0.001,55.1,0.89,55.0,-0.07,6,1.38,-0.442,6 distribution days in 20,0.37,0.04,-0.15,0.67,-0.91,-0.96,2.28,-0.67,-0.19,-0.77,0.0,-0.97,-1.07,2.28,2025-10-28,-9.028177113283498,-4.47296280621422,-7.086415290992132,-19.551466359977,-14.648359790792643,-18.70607345775491,-29.844738355376656,-20.0548326667946,-25.6940940368279
15,BTSG,XLV,15.9,None,20.5,12.4,86.5,2025-10-28,33.98,14.97,10.49,0.043,52.3,0.94,60.0,0.44,4,2.43,-0.729,4 distribution days in 20,-1.08,0.65,-0.28,-0.67,0.11,-3.0,0.22,-0.31,0.72,0.42,0.67,0.55,-3.0,0.22,2025-10-28,-7.026713124274087,-6.893687849471853,-5.084951301982722,-1.5098722415795462,-5.297591908316224,-0.66447933935746,-8.391405342624846,-13.453367115361658,-4.24076102407609
16,SOFI,XLF,15.7,None,3.1,79.6,2.1,2025-10-28,31.66,19.88,21.5,0.024,51.8,1.06,50.0,0.15,6,2.11,0.932,6 distribution days in 20,3.0,3.0,-0.54,1.35,1.76,-0.07,-2.91,-0.44,-0.6,1.23,-0.67,0.06,-1.75,-2.91,2025-10-28,-6.852791878172592,-6.794697377785297,-4.911030055881227,-1.7766497461928932,-3.170917755488012,-0.9312568439708069,-16.734454314720814,-14.643052300778136,-12.583809996172057
17,WAT,XLV,15.6,None,21.8,11.2,86.5,2025-10-28,346.13,15.45,10.97,-0.069,46.8,0.49,45.0,-0.17,1,1.0,-0.787,,-2.74,-1.24,-3.0,-1.35,-1.4,-0.64,-0.79,-1.96,-1.17,-2.85,0.0,-0.96,-0.6,-0.79,2025-10-28,6.650796876360787,6.7838221511630215,8.592558698652153,12.099747438093278,8.3120277713566,12.945140340315364,9.426074839608667,4.364113066871855,13.576719158157424
18,ROST,XRT,14.7,None,3.0,72.1,2.1,2025-10-28,159.36,5.47,6.32,-0.062,45.0,0.71,35.0,-0.1,2,1.96,0.725,,0.62,3.0,-3.0,-2.7,0.27,-0.73,-1.4,-2.29,-1.72,-1.11,-3.0,-1.43,-1.59,-1.4,2025-10-28,2.1129441624365475,7.907803753107657,4.054705984727914,2.3984771573604124,6.872537128802591,3.2438700595824987,0.6091370558375608,7.808089935418727,4.759781374386318
19,SNDK,XLK,13.7,None,17.0,11.0,79.4,2025-10-28,175.49,56.52,49.44,0.025,52.9,0.94,50.0,0.55,4,2.36,-0.797,4 distribution days in 20,-1.75,-2.33,-3.0,-2.02,0.58,0.52,0.52,-0.93,-0.74,-1.25,-1.35,0.87,-0.31,0.52,2025-10-28,4.037050918241691,7.579968382119773,5.978812740533057,45.30706216201743,49.14687215080149,46.15245506423952,31.027466937945047,39.49220270359787,35.17811125649381
20,NESR,OIH,13.1,None,7.5,23.0,40.9,2025-10-28,12.34,20.27,13.32,-0.02,49.4,0.76,35.0,0.41,4,2.54,-0.353,4 distribution days in 20,0.21,-0.1,1.4,0.67,0.57,-0.35,0.56,-0.59,-0.76,1.31,-1.35,0.96,-1.38,0.56,2025-10-28,-5.521472392638027,-5.997075064726332,-3.5797105703466614,1.9938650306748684,-3.0489755153605635,2.8392579328969547,9.202453987730074,8.051568132371377,13.35309830627883
21,ATRO,ITA,12.9,None,8.2,20.2,41.2,2025-10-28,42.12,11.37,7.45,0.027,52.7,1.1,55.0,-0.2,3,1.39,-0.436,,0.96,-1.12,1.27,0.34,-0.58,0.22,-0.85,-0.52,-0.46,0.57,-1.01,-2.09,-0.88,-0.85,2025-10-28,-5.425987624940509,-2.822060995758102,-3.4842258026491435,-5.449785816277974,-2.283595383980075,-4.604392914055888,-2.1418372203712677,4.679067932177349,2.0088070981774893
22,MTSI,SMH,9.1,None,7.4,11.2,54.8,2025-10-28,147.82,18.67,7.4,-0.027,46.2,0.78,35.0,-0.0,2,2.34,-0.785,,0.02,-3.0,-1.45,-1.35,0.06,-2.01,-0.1,-1.02,-3.0,-2.07,-2.02,0.0,-2.13,-0.1,2025-10-28,-3.4498928188638867,1.1053214882053912,-1.508130996572521,13.87325830653805,18.776364875722408,14.718651208760136,5.915058949624874,15.704964638206931,10.065703268173632
23,SHC,XLV,9.0,None,11.8,6.8,86.5,2025-10-28,16.56,5.28,0.8,-0.05,52.6,0.72,45.0,-0.08,1,0.72,-1.061,,-1.77,-0.94,-1.14,-2.36,-1.22,-1.36,-1.18,-0.99,-0.87,-0.44,-1.01,-0.78,-1.32,-1.18,2025-10-28,-0.33353547604608735,-0.2005102012438531,1.6082263462452784,-2.1528198908429164,-5.940539557579594,-1.30742698862083,-7.671315949060031,-12.733277721796842,-3.5206716305112744
24,GOOGL,QQQ,8.7,None,13.3,5.7,90.0,2025-10-28,266.8,10.04,4.61,0.076,52.2,1.19,60.0,0.1,2,2.43,-1.149,,-1.69,-1.56,-0.14,-1.35,-0.66,-0.39,-3.0,0.92,-1.65,1.09,0.0,-0.32,-1.26,-3.0,2025-10-28,3.6346621748081676,6.206546906317312,5.576423997099534,8.766610518435346,10.979664374681697,9.612003420657432,6.142616507580012,12.318617519261787,10.293260826128769
25,P,XLK,7.2,None,7.7,6.8,79.4,2025-10-28,95.37,13.85,6.77,-0.02,48.3,1.02,50.0,-0.24,1,1.18,-1.058,,-2.06,-2.5,-2.37,-1.35,-1.59,-0.83,-0.88,-1.24,-0.91,0.49,-0.67,-1.3,-1.66,-0.88,2025-10-28,-1.184415584415588,2.3585018794624935,0.7573462378757778,-9.090909090909093,-5.251099102125034,-8.245516188687008,-14.63896103896104,-6.17422527330822,-10.488316720412284
26,GOOG,QQQ,5.0,None,7.7,3.2,90.0,2025-10-28,267.74,10.22,4.8,0.059,51.0,1.27,55.0,0.07,3,2.46,-1.455,,-2.17,-1.25,0.73,-1.35,-0.83,-0.71,-1.83,0.44,-1.34,1.96,0.0,-0.49,-1.58,-1.83,2025-10-28,3.519838751819626,6.091723483328771,5.461600574110992,8.614833339554329,10.827887195800677,9.460226241776414,6.087865327908637,12.263866339590411,10.238509646457395
27,APH,XLK,4.0,None,4.9,3.3,79.4,2025-10-28,68.19,10.97,3.89,-0.016,50.7,0.77,45.0,-0.03,1,2.33,-1.44,,-3.0,-2.95,-3.0,-2.25,-1.46,-0.99,-1.89,-2.81,-1.36,-1.8,-1.57,-1.17,-1.83,-1.89,2025-10-28,-1.7939814814814992,1.7489359823965822,0.14778034080986657,3.067129629629606,6.9069396184136655,3.912522531851692,-4.846643518518534,3.6180922471342862,-0.6959991999697772
28,CIEN,XLK,3.7,None,4.0,3.5,79.4,2025-10-28,183.11,25.63,18.55,0.053,53.0,1.2,50.0,-0.12,3,2.0,-1.402,,-1.7,-1.85,-1.83,-2.02,-2.52,-1.19,-2.17,-0.88,-0.26,1.03,-1.35,-2.23,-2.03,-2.17,2025-10-28,-1.0936654033567805,2.449252060521301,0.8480964189345852,12.192744991878723,16.03255498066278,13.038137894100808,1.2615051434759161,9.726240909128737,5.412149462024673
29,ABNB,XLY,3.2,None,2.7,3.9,73.3,2025-10-28,128.01,5.43,4.8,-0.037,47.1,1.18,35.0,-0.22,4,1.43,-1.353,4 distribution days in 20,-3.0,0.83,-1.17,-3.0,-1.1,-1.77,-0.95,-1.9,-0.62,0.41,-1.69,-1.71,-1.67,-0.95,2025-10-28,-4.301243450379289,-3.1546080302252815,-2.359481628087923,-4.172206146867918,-3.586334034380467,-3.3268132446458316,-9.752091968405407,-2.9392362603371076,-5.601447649856651
1,REGN,XBI,88.9,Strong,83.1,95.1,59.2,2025-11-04,624.57,7.64,3.46,0.06,54.4,1.11,55.0,0.22,4,1.63,1.728,4 distribution days in 20,3.0,0.8,-2.9,2.02,3.0,2.33,-1.55,3.0,1.15,0.67,1.35,3.0,1.73,-1.55,2025-11-04,6.90737083519144,0.9146517088962858,5.733261151781721,15.017200738994706,7.960353917376105,17.215661217624124,24.918774288080535,12.139907490731526,24.914281521434845
2,CRWD,IGV,82.9,Strong,78.3,87.8,79.9,2025-11-04,133.46,10.15,12.23,0.076,56.1,0.95,60.0,0.04,1,1.14,1.237,,1.99,2.25,-0.82,1.01,1.24,0.82,-2.31,1.62,2.01,-0.59,1.35,0.2,-0.35,-2.31,2025-11-04,4.7228698202602,5.500349713021602,3.5487601368504818,-3.421824471685353,3.235905644489801,-1.223363993055937,-3.7076032187711605,4.102941910808832,-3.7120959854168523
3,TSLA,QQQ,81.4,Strong,79.9,83.0,88.2,2025-11-04,444.23,2.62,0.18,0.105,53.3,0.93,75.0,0.14,1,0.09,1.043,,1.59,1.99,1.42,2.02,1.8,2.29,-3.0,2.89,-0.09,0.87,3.0,0.64,1.76,-3.0,2025-11-04,-2.798363012941052,-3.285684531434896,-3.9724726963507706,-11.23548280057516,-7.650420829522054,-9.037022321945743,-7.242561663532799,-5.691254829660697,-7.2470544301784905
4,FLYW,IGV,75.7,Strong,69.8,82.2,79.9,2025-11-04,13.83,8.98,11.06,0.036,52.0,0.69,70.0,-0.13,2,1.26,1.016,,1.47,0.12,-1.59,2.36,0.42,0.57,-0.44,1.09,-0.12,-1.36,2.7,-0.61,-0.6,-0.44,2025-11-04,-8.405603735823885,-7.628123843062483,-9.579713419233602,-9.939959973315549,-3.282229857140395,-7.741499494686133,-8.07204803202135,-0.26150290244135643,-8.076540798667041
5,FTI,OIH,75.7,Strong,67.6,84.8,71.6,2025-11-04,41.73,9.59,2.93,0.015,49.3,0.73,55.0,0.1,1,2.39,1.11,,1.76,0.4,-0.03,1.35,2.32,2.13,-0.08,1.16,-0.49,-1.01,0.67,1.52,0.54,-0.08,2025-11-04,4.780299372283903,0.24601221280706742,3.606189688874184,5.456301303718014,4.795126363332125,7.65476178234743,8.522452921294054,7.286814508113903,8.517960154648362
6,INSW,XLE,73.8,Strong,64.6,84.2,63.2,2025-11-04,42.21,10.96,13.51,0.04,58.3,0.97,50.0,0.44,4,1.35,1.088,4 distribution days in 20,2.55,2.16,1.53,0.67,2.64,3.0,-0.38,1.14,1.5,0.4,-0.67,2.65,2.04,-0.38,2025-11-04,7.6179245283019,2.6403354742797314,6.443814844892182,10.636792452830178,6.2253746656162114,12.835252931459594,8.938679245283021,7.334527322659756,8.93418647863733
7,TMO,XLV,64.0,Moderate,58.6,69.9,83.1,2025-11-04,563.41,4.86,4.31,0.016,50.7,0.75,55.0,-0.04,0,1.09,0.672,,1.55,-0.25,-2.24,0.67,-0.29,0.43,-1.34,1.18,-0.35,-0.79,1.35,-0.16,0.24,-1.34,2025-11-04,4.665198158992823,0.4543018496782292,3.491088475583104,2.7919554433281535,-2.698378475828256,4.9904159219575694,6.6423109296370075,-3.1292180686055335,6.637818162991316
8,AMD,SMH,62.6,Moderate,41.5,94.3,11.6,2025-11-04,250.11,18.26,13.74,0.06,54.1,0.93,60.0,-0.0,3,0.87,1.656,,3.0,3.0,0.21,2.02,2.87,1.5,-2.56,0.98,0.14,-0.13,0.67,-0.38,0.72,-2.56,2025-11-04,-2.3673502938637903,-1.7481552474241546,-3.541459977273509,-5.379967942131437,0.3461660653102605,-3.1815074635020206,-15.280917348238876,-11.497578807607756,-15.285410114884568
9,FORM,SMH,60.7,Moderate,39.0,94.5,11.6,2025-11-04,51.71,33.17,28.65,0.03,46.2,0.97,55.0,-0.07,5,2.04,1.671,5 distribution days in 20; heavy selling into close today,3.0,3.0,-0.19,2.7,2.85,0.1,2.23,1.44,-0.64,-0.52,1.35,-0.4,-0.68,2.23,2025-11-04,-0.05772561092938222,0.5614694355102534,-1.2318352943391009,-6.330575331922262,-0.6044413244805646,-4.132114853292846,2.347508177794877,6.130846718425998,2.343015411149185
10,PLTR,IGV,59.6,Moderate,52.0,68.4,79.9,2025-11-04,190.74,4.71,6.79,0.121,55.9,1.2,75.0,0.12,3,0.61,0.637,,2.47,0.46,0.78,2.36,0.67,0.76,-3.0,2.1,0.22,1.01,2.7,-0.36,-0.41,-3.0,2025-11-04,1.0305242554091931,1.8080041481705944,-0.14358542800052554,-11.490239644500877,-4.832509528325723,-9.29177916587146,-13.474051737819392,-5.663506608239399,-13.478544504465084
11,ATI,XLI,54.2,Weak,31.2,94.0,4.9,2025-11-04,95.99,14.94,16.01,0.0,53.2,0.65,50.0,-0.02,5,1.8,1.628,5 distribution days in 20,2.15,3.0,-3.0,2.02,1.22,0.49,0.49,-0.29,0.81,-2.04,0.0,-1.44,-0.22,0.49,2025-11-04,2.202505219206685,0.8602233400120562,1.0283955357969665,2.4739039665970797,4.035469519125501,4.672364445226496,3.674321503131517,3.867025337273333,3.669828736485825
12,FLS,XLI,53.0,Weak,31.9,88.2,4.9,2025-11-04,68.65,33.51,34.57,0.109,51.9,1.06,60.0,0.28,8,4.9,1.255,8 distribution days in 20; extended >3 ATR above 20d avg,3.0,3.0,0.27,3.0,3.0,1.33,0.98,2.29,-0.18,3.0,2.7,3.0,0.62,0.98,2025-11-04,-1.0532390708411499,-2.395520950035779,-2.2273487542508685,-6.535853412206027,-4.974287859677606,-4.337392933576611,0.24527485211369715,0.4379786862555135,0.2407820854680054
13,QCOM,SMH,43.7,Weak,21.0,90.9,11.6,2025-11-04,169.3,4.45,-0.07,-0.015,49.7,0.56,50.0,-0.58,4,0.38,1.398,4 distribution days in 20,2.09,3.0,-3.0,1.35,0.47,-1.34,0.5,0.03,-0.67,-3.0,0.0,-2.78,-2.12,0.5,2025-11-04,-0.4381097026695535,0.18108534377008212,-1.6122193860792722,-5.543548104445362,0.18258590299633504,-3.345087625815946,-6.554121151936442,-2.770782611305322,-6.558613918582134
14,MU,SMH,39.5,None,17.8,87.6,11.6,2025-11-04,217.75,17.4,12.88,0.037,51.5,0.86,45.0,-0.02,1,0.94,1.229,,2.41,3.0,-0.08,0.67,2.56,-0.86,-3.0,0.35,-0.61,-0.42,-0.67,-0.69,-1.65,-3.0,2025-11-04,6.8289654560773405,7.448160502516976,5.654855772667622,1.2194581171566687,6.945592124598366,3.4179185957860847,-0.5276927852423396,3.2556457553887808,-0.5321855518880314
15,BTSG,XLV,37.8,None,32.4,44.0,83.1,2025-11-04,32.02,12.63,12.08,0.043,52.2,0.96,60.0,0.25,2,0.34,0.129,,-0.06,0.64,-1.07,-0.45,-0.36,-0.01,-1.01,-0.43,0.54,0.39,0.22,-0.23,-0.21,-1.01,2025-11-04,5.178294573643427,0.9673982643288337,4.0041848902337085,-2.170542635658912,-7.660876554815321,0.027917842970504037,12.310077519379847,2.5385485211373062,12.305584752734156
16,LRCX,SMH,37.8,None,15.7,91.1,11.6,2025-11-04,155.07,11.02,6.49,0.005,49.0,1.07,65.0,-0.11,2,1.32,1.413,,1.05,1.86,-3.0,2.02,2.08,-0.17,-3.0,-1.01,-2.73,-3.0,0.67,-1.17,-0.96,-3.0,2025-11-04,0.9426151200560673,1.561810166495703,-0.23149456335365137,-9.196866441627915,-3.4707324341862176,-6.998405962998499,-3.674925164002285,0.10841337662883532,-3.679417930647977
17,AAPL,QQQ,35.9,None,34.8,37.1,88.2,2025-11-04,269.26,5.37,2.93,0.028,51.5,1.1,60.0,0.12,3,1.93,-0.013,,-0.39,1.27,1.48,0.0,1.72,2.01,-3.0,0.91,-0.81,0.93,1.35,0.56,1.49,-3.0,2025-11-04,2.5932292055900197,2.1059076870961757,1.419119522180301,-0.34377101860848525,3.24129095244462,1.8546894600209307,3.1836185636350045,4.734925397507106,3.1791257969893127
18,SLB,OIH,34.1,None,24.8,47.0,71.6,2025-11-04,35.26,5.03,-1.62,-0.033,52.2,0.98,45.0,-0.05,3,1.56,0.189,,0.05,1.29,0.88,0.34,0.82,0.94,-0.4,-0.55,0.4,-0.1,-0.34,0.02,-0.65,-0.4,2025-11-04,3.7591859807800887,-0.7751011786967466,2.58507629737037,-0.5652911249293457,-1.2264660653152348,1.6331693537000702,-0.9327303561334266,-2.168368769313578,-0.9372231227791183
19,CRDO,SMH,33.8,None,13.8,82.7,11.6,2025-11-04,164.13,19.66,15.14,0.06,52.3,1.06,60.0,-0.58,2,0.85,1.031,,1.19,3.0,-0.05,0.67,1.09,-0.69,0.15,-0.87,-0.39,-0.39,-0.67,-2.16,-1.47,0.15,2025-11-04,-7.398540145985399,-6.779345099545764,-8.572649829395118,-18.51094890510948,-12.784814897667783,-16.312488426480066,-9.94452554744526,-6.1611870068141386,-9.949018314090951
20,ROK,XLI,32.7,None,11.5,92.8,4.9,2025-11-04,355.16,4.53,5.59,0.028,51.8,0.95,50.0,-0.08,3,0.78,1.527,,2.42,2.6,-3.0,0.67,1.73,0.38,-2.99,-0.02,-0.64,-0.19,-1.35,-0.93,-0.34,-2.99,2025-11-04,9.876192639709224,8.533910760514594,8.702082956299506,2.8992503407542003,4.460815893282621,5.097710819383616,10.086324398000901,10.279028232142718,10.08183163135521
21,CAT,XLI,31.9,None,11.0,92.3,4.9,2025-11-04,544.15,12.76,13.82,0.019,46.8,0.84,70.0,-0.19,3,0.9,1.495,,1.61,2.02,-3.0,2.47,0.52,0.32,-0.95,-0.84,-1.22,-0.26,0.45,-2.15,-0.39,-0.95,2025-11-04,2.905630798957315,1.563348919762686,1.7315211155475962,-0.8840846533841318,0.6774808991442893,1.3143758252452842,2.6522539601523842,2.8449577942942006,2.6477611935066925
22,AME,XLI,31.8,None,11.8,85.9,4.9,2025-11-04,196.89,9.2,10.26,-0.025,50.0,0.83,45.0,-0.02,4,2.21,1.152,4 distribution days in 20,0.3,2.72,-3.0,0.0,2.78,0.39,-0.11,-2.15,-0.52,-2.53,-2.02,0.12,-0.32,-0.11,2025-11-04,-0.14734274972055816,-1.489624628915187,-1.3214524331302768,-4.145920130068081,-2.58435457753966,-1.947459651438665,-0.38613961995731527,-0.19343578581549892,-0.39063238660300703
23,CRM,IGV,30.4,None,26.3,35.1,79.9,2025-11-04,252.34,6.14,8.22,-0.015,49.2,0.74,50.0,-0.16,1,0.42,-0.056,,0.0,-1.07,-3.0,-0.34,0.2,-3.0,0.11,-0.37,-1.31,-2.86,0.0,-0.83,-3.0,0.11,2025-11-04,-3.9911308203991136,-3.2136509276377123,-5.165240503808832,-8.3980044345898,-1.740274318414647,-6.199543955960385,-8.124802027241051,-0.3142568976610578,-8.129294793886743
24,MDB,IGV,30.0,None,23.6,38.1,79.9,2025-11-04,355.97,11.79,13.87,-0.001,46.6,0.9,55.0,-0.03,2,1.65,0.008,,0.8,-2.17,-0.09,0.34,1.42,1.51,-1.21,0.43,-2.4,0.14,0.67,0.39,0.34,-1.21,2025-11-04,4.6990838618745645,5.476563754635966,3.524974178464846,-4.763918252290333,1.893811863884821,-2.565457773660917,-6.489076814658201,1.321468314921792,-6.493569581303893
25,SOFI,XLF,27.5,None,9.3,81.1,11.7,2025-11-04,29.36,4.34,6.85,0.051,51.4,1.11,55.0,0.16,5,0.41,0.979,5 distribution days in 20,2.7,3.0,-0.48,1.01,0.83,0.51,-2.03,0.58,-0.58,1.62,0.0,0.13,-0.54,-2.03,2025-11-04,4.878048780487809,3.5622593068036057,3.7039390970780905,-11.093157181571812,-8.92597451903312,-8.894696702942396,-4.014227642276413,-4.072277177880124,-4.018720408922105
26,CSCO,XLK,27.3,None,20.7,35.9,78.7,2025-11-04,71.29,4.84,1.97,0.014,52.9,0.97,40.0,0.04,4,1.16,-0.041,4 distribution days in 20,-0.61,1.27,-2.81,-2.47,0.73,0.32,-1.54,0.22,0.7,-0.55,-2.02,0.11,-0.27,-1.54,2025-11-04,-0.5903851560303597,-0.44651012177439053,-1.7644948394400783,7.211132977227996,12.157693678790071,9.409593455857411,5.6648861400056205,10.077053857188412,5.660393373359929
27,SNDK,XLK,24.8,None,20.1,30.5,78.7,2025-11-04,194.31,60.76,57.89,0.052,51.3,0.97,55.0,0.98,4,1.95,-0.162,4 distribution days in 20,-1.02,-0.82,-3.0,-1.46,2.1,0.16,-0.03,-0.19,-1.39,-1.36,-1.01,1.49,-0.43,-0.03,2025-11-04,34.43134535367545,34.57522038793142,33.25723567026573,21.220527045769778,26.167087747331852,23.418987524399192,9.228254408559543,13.640422125742335,9.223761641913852
28,ROST,XRT,23.6,None,8.3,67.0,13.0,2025-11-04,160.93,7.95,12.99,-0.02,45.9,0.68,45.0,0.03,1,2.28,0.604,,-0.24,3.0,-3.0,-2.02,1.25,-2.13,-1.35,-1.04,-1.7,-1.33,-2.02,-0.22,-1.9,-1.35,2025-11-04,0.30455590776308217,-0.6384844543644075,-0.8695537756466365,-1.448194418546822,0.48818179168831355,0.7502660600825939,8.788613338305694,5.142190604746032,8.784120571660003
29,BE,XLI,20.7,None,5.4,79.7,4.9,2025-11-04,129.04,49.91,50.97,0.009,52.1,0.76,50.0,0.38,3,1.34,0.934,,1.1,1.31,-3.0,1.35,2.08,-2.36,-1.39,-1.34,-1.93,-1.25,-0.67,-0.58,-3.0,-1.39,2025-11-04,-4.7186796699174804,-6.060961549112109,-5.892789353327199,-21.275318829707434,-19.713753277179013,-19.076858351078016,-29.227306826706677,-29.03460299256486,-29.23179959335237
30,PH,XLI,19.3,None,4.4,84.4,4.9,2025-11-04,763.36,2.52,3.58,0.025,45.6,1.37,50.0,-0.13,4,1.04,1.094,4 distribution days in 20,2.15,1.0,-2.08,1.57,1.13,1.13,-1.15,-0.3,-2.24,1.24,-0.45,-1.54,0.41,-1.15,2025-11-04,12.18190665316483,10.8396247739702,11.007796969755113,6.833335525191031,8.394901077719453,9.031796003820446,11.39678322965847,11.589487063800286,11.392290463012777
31,PARR,XLE,19.2,None,11.5,32.2,63.2,2025-11-04,40.51,15.18,17.74,0.007,45.0,0.96,60.0,-0.06,2,1.35,-0.122,,0.22,-1.12,1.65,2.02,0.01,0.58,-0.24,-1.19,-1.78,0.52,0.67,0.02,-1.46,-0.24,2025-11-04,10.42084168336672,5.443252629344552,9.246731999957003,15.881763527054105,11.470345739840138,18.08022400568352,12.788076152304594,11.18392422968133,12.783583385658902
32,A,XLV,19.1,None,15.6,23.3,83.1,2025-11-04,145.21,5.43,4.89,-0.057,45.4,0.95,45.0,-0.17,2,0.85,-0.346,,-0.02,-1.63,-1.55,0.0,-0.93,-1.0,-0.93,-0.4,-1.73,-0.1,0.67,-0.8,-1.19,-0.93,2025-11-04,4.427266338720992,0.2163700294063986,3.2531566553112734,0.4778636683063775,-5.012470250850032,2.6763241469357935,9.796205200281083,0.024676202038541817,9.791712433635391
33,KLAC,SMH,16.3,None,4.2,63.2,11.6,2025-11-04,118.7,10.06,5.54,-0.015,48.8,1.18,45.0,-0.25,5,1.36,0.52,5 distribution days in 20,1.26,3.0,-0.16,-0.67,1.94,0.44,-1.5,-0.8,-1.02,-0.49,-2.02,-1.31,-0.35,-1.5,2025-11-04,-1.035836605129059,-0.41664155868942343,-2.2099462885387777,-6.457271740038417,-0.7311377325967197,-4.258811261409001,-4.677971765098987,-0.8946332244678668,-4.682464531744679
34,GOOGL,QQQ,15.4,None,14.8,16.1,88.2,2025-11-04,276.86,12.92,10.48,0.067,53.5,1.05,60.0,-0.0,2,2.39,-0.575,,-0.95,1.16,1.26,-1.35,0.03,-0.26,-3.0,0.35,-0.92,0.72,0.0,-1.13,-0.78,-3.0,2025-11-04,4.562956565547527,4.075635047053683,3.388846882137808,2.0403756882219737,5.625437659275079,4.23883616685139,16.071107272661855,17.622414106533956,16.066614506016165
35,AMAT,SMH,13.9,None,3.4,57.0,11.6,2025-11-04,229.07,8.87,4.34,-0.056,41.4,0.96,35.0,-0.34,1,0.55,0.391,,-0.07,0.92,-0.43,0.0,1.03,-0.08,0.68,-2.13,-3.0,-0.76,-1.35,-2.23,-0.87,0.68,2025-11-04,-0.5809889917875122,0.038206054652123456,-1.7550986751972308,-2.1754324654901236,3.5507015419515735,0.02302801313929237,5.521579591123538,9.304918131754658,5.517086824477846
36,COHR,XLK,13.6,None,9.8,18.9,78.7,2025-11-04,128.73,13.34,10.47,-0.006,51.1,1.06,45.0,-0.09,4,0.84,-0.477,4 distribution days in 20,-1.43,-0.41,-2.15,-0.99,-0.04,0.03,-0.08,-0.6,-0.98,0.11,-0.54,-0.66,-0.57,-0.08,2025-11-04,19.971907979652247,20.115783013908217,18.79779829624253,4.889530028092026,9.836090729654101,7.087990506721442,13.013438615139306,17.425606332322097,13.008945848493614
37,TER,SMH,13.3,None,3.1,57.3,11.6,2025-11-04,175.15,25.25,20.73,-0.064,47.6,0.71,35.0,-0.16,2,3.23,0.397,extended >3 ATR above 20d avg,0.68,1.84,-0.66,-0.67,1.84,-2.99,-0.33,-1.38,-2.75,-1.0,-2.02,-1.41,-3.0,-0.33,2025-11-04,0.20943001075450773,0.8286250571941434,-0.9646796726552109,-7.511179034357829,-1.7850450269161318,-5.312718555728413,-5.230089998301912,-1.4467514576707914,-5.2345827649476036
38,WAT,XLV,12.0,None,11.0,13.2,83.1,2025-11-04,367.38,15.48,14.93,-0.063,44.8,0.58,40.0,-0.26,2,1.98,-0.692,,-1.47,-1.64,-3.0,-1.01,-1.65,-1.21,-1.58,-1.84,-1.74,-2.41,-0.34,-1.52,-1.4,-1.58,2025-11-04,5.347155913245105,1.1362596039305117,4.1730462298353865,2.8345382621743243,-2.655795656982085,5.03299874080374,12.593097803846675,2.8215688056041337,12.588605037200983
39,MTSI,SMH,11.3,None,3.8,33.4,11.6,2025-11-04,144.13,12.66,8.14,-0.067,45.5,0.77,35.0,-0.3,1,0.84,-0.094,,0.61,-1.28,-1.13,0.0,1.77,-3.0,-0.23,-1.45,-3.0,-1.47,-1.35,-1.48,-3.0,-0.23,2025-11-04,17.542525238556216,18.16172028499585,16.3684155551465,9.327893790623708,15.054027798065405,11.526354269253124,14.548471857281143,18.331810397912264,14.543979090635451
40,EMR,XLI,9.9,None,1.6,60.7,4.9,2025-11-04,135.68,4.8,5.87,-0.07,44.1,0.93,30.0,-0.08,2,1.68,0.467,,-0.08,0.22,-3.0,-0.34,1.59,-0.83,-1.47,-2.52,-3.0,-0.36,-2.36,-1.08,-1.54,-1.47,2025-11-04,0.03137500980470165,-1.3109068693899273,-1.142734673605017,-1.6942505294532895,-0.13268497692486836,0.5042099491761265,1.5295317279786724,1.7222355621204888,1.5250389613329807
41,BWA,XLY,9.8,None,7.5,12.8,81.7,2025-11-04,43.58,4.06,3.05,0.055,51.4,1.1,70.0,0.05,3,0.96,-0.711,,-2.24,0.79,0.32,-2.02,1.57,-0.5,-0.35,-0.7,-1.99,1.03,0.67,-0.96,-0.92,-0.35,2025-11-04,4.2415859843245585,4.081370114521032,3.06747630091484,-0.806823420931313,5.306676874203188,1.391637057698103,-0.6685108344859358,1.7347272125669444,-0.6730036011316276
42,GOOG,QQQ,9.1,None,8.7,9.5,88.2,2025-11-04,277.34,12.52,10.08,0.047,51.0,1.08,55.0,-0.01,3,2.41,-0.878,,-1.37,0.75,1.93,-1.57,0.07,-0.04,-0.85,-0.07,-1.32,1.38,-0.22,-1.09,-0.56,-0.85,2025-11-04,4.402267508610791,3.914945990116947,3.2281578252010723,1.9733065442020692,5.558368515255174,4.171767022831485,15.818742824339838,17.37004965821194,15.814250057694146
43,ESTC,IGV,7.9,None,5.7,10.9,79.9,2025-11-04,88.5,10.02,12.1,0.013,50.0,0.97,45.0,-0.13,4,1.06,-0.799,4 distribution days in 20,-0.31,-0.94,-1.16,-3.0,0.24,-0.04,-0.24,-0.69,-1.17,-0.93,-2.7,-0.8,-1.21,-0.24,2025-11-04,7.17524370890954,7.952723601670941,6.001134025499821,0.3967354341419149,7.054465550317069,2.595195912771331,-21.197007481296758,-13.386462351716766,-21.201500247942448
44,CIEN,XLK,6.6,None,4.6,9.4,78.7,2025-11-04,182.68,20.6,17.73,0.04,50.8,1.22,55.0,0.0,3,0.97,-0.883,,-2.39,-0.33,-1.09,-1.12,-0.86,0.33,-2.08,-1.56,-0.9,1.17,-0.67,-1.47,-0.26,-2.08,2025-11-04,12.625686178596652,12.769561212852622,11.451576495186934,1.6522637099842363,6.598824411546311,3.8507241886136523,6.609054839936945,11.021222557119737,6.6045620732912536
45,PSX,XLE,6.4,None,5.4,7.5,63.2,2025-11-04,131.85,2.55,5.1,-0.087,51.6,0.91,25.0,0.13,3,0.86,-1.008,,-2.91,0.44,0.86,-3.0,1.28,0.47,0.88,-3.0,-0.22,-0.27,-3.0,1.29,-1.57,0.88,2025-11-04,3.588734100545099,-1.38885495347707,2.4146244171353803,2.604482132041186,-1.806935655172781,4.802942610670602,-0.5299818291944369,-2.1341337518177017,-0.5344745958401287
46,NESR,OIH,5.1,None,3.2,8.1,71.6,2025-11-04,12.32,20.73,14.07,0.011,46.6,0.61,50.0,-0.11,6,1.07,-0.961,6 distribution days in 20,0.04,-0.64,1.26,0.0,0.05,-0.98,1.13,-0.56,-1.53,0.27,-0.67,-0.75,-2.57,1.13,2025-11-04,9.016393442622972,4.482106283146137,7.842283759213253,16.72131147540985,16.060136535023958,18.919771954039263,17.58196721311476,16.346328799934607,17.57747444646907
47,ZM,IGV,4.8,None,3.4,6.7,79.9,2025-11-04,83.84,5.49,7.57,-0.059,50.8,0.88,35.0,-0.25,2,0.58,-1.07,,-1.86,-0.56,0.4,-3.0,-0.55,0.06,-0.22,-2.23,-0.79,0.63,-2.7,-1.58,-1.11,-0.22,2025-11-04,0.4869937047155215,1.2644735974769228,-0.6871159786941972,-3.4148948806271506,3.2428352355480032,-1.2164344019977347,2.506235894999409,10.316781024579402,2.5017431283537173
48,APH,XLK,4.0,None,2.9,5.6,78.7,2025-11-04,67.88,9.77,6.9,-0.006,49.3,0.84,45.0,-0.03,3,1.33,-1.161,,-2.81,-1.48,-3.0,-2.47,-0.36,-1.28,-1.35,-1.98,-2.05,-0.99,-2.02,-0.97,-1.87,-1.35,2025-11-04,4.965374981582427,5.109250015838396,3.791265298172708,-3.0941505819950033,1.8524101195670717,-0.8956901033655873,0.8103727714748654,5.222540488657657,0.8058800048291737
49,PDFS,IGV,3.5,None,2.5,5.0,79.9,2025-11-04,27.93,9.92,12.0,0.0,44.8,1.3,55.0,-0.31,3,0.18,-1.227,heavy selling into close today,-1.04,-1.23,0.58,-0.84,-1.04,-1.06,-2.65,-1.42,-1.46,0.81,-0.51,-2.08,-2.23,-2.65,2025-11-04,-8.17830817830817,-7.400828285546768,-9.352417861717889,-15.900315900315897,-9.242585784140743,-13.701855421686481,-5.300105300105296,2.5104398294746977,-5.304598066750987
50,LITE,XLK,2.2,None,1.2,3.9,78.7,2025-11-04,188.32,19.88,17.01,-0.008,51.9,0.92,40.0,-0.02,4,0.98,-1.356,4 distribution days in 20,-3.0,-1.78,-2.55,-3.0,-0.15,0.05,-0.61,-3.0,-2.35,-0.3,-3.0,-0.77,-0.54,-0.61,2025-11-04,15.542334096109833,15.686209130365803,14.368224412700116,13.189931350114414,18.136492051676488,15.38839182874383,33.36338672768879,37.77555444487158,33.3588939610431
1,LLY,SPY,95.7,Strong,93.5,98.0,,2025-11-11,982.53,21.71,18.58,0.115,57.8,0.66,80.0,0.24,3,3.97,2.206,extended >3 ATR above 20d avg,3.0,2.95,-2.41,3.0,1.01,1.34,0.52,3.0,1.77,-1.44,3.0,0.72,-0.44,0.52,2025-11-11,3.9021177424257925,7.5052293193221935,7.5052293193221935,11.890769074880936,13.322566792861078,13.322566792861078,4.1949538960381005,4.341085828079372,4.341085828079372
2,REGN,XBI,93.4,Strong,91.7,95.2,69.8,2025-11-11,671.25,17.8,9.29,0.058,58.7,0.91,55.0,0.07,1,2.64,1.74,,2.7,2.14,-3.0,2.02,0.63,0.55,-3.0,3.0,3.0,-0.21,1.35,1.6,-0.07,-3.0,2025-11-11,6.920036125135098,5.621678944424979,10.5231477020315,16.12454288379257,9.411947935903521,17.556340601772714,6.674266763395176,-0.47111391139726955,6.820398695436447
3,CRWD,IGV,78.3,Strong,78.4,78.3,74.3,2025-11-11,139.25,13.92,16.13,0.08,56.8,1.0,65.0,0.32,1,1.89,0.892,,1.69,1.85,-0.01,1.69,0.85,0.06,-3.0,1.72,1.83,0.24,2.02,1.35,-0.52,-3.0,2025-11-11,-8.454519532363857,-2.1484556644054793,-4.851407955467456,-8.725406330196762,-1.2621842275774462,-7.293608612216619,-6.529797547761618,-2.23306270743151,-6.383665615720346
4,PAA,XLE,70.8,Strong,72.4,69.2,73.0,2025-11-11,15.8,7.7,1.67,0.039,54.9,1.09,55.0,-0.01,3,1.38,0.654,,1.39,3.0,1.4,0.67,-0.64,1.0,-0.21,1.09,3.0,-0.08,0.67,0.06,-0.71,-0.21,2025-11-11,1.332487309644681,1.1740804302601937,4.935598886541081,4.441624365482233,6.97613443563384,5.873422083462376,6.218274111675126,5.199944172774917,6.364406043716397
5,FORM,SMH,70.7,Strong,52.0,96.2,1.3,2025-11-11,51.94,29.01,23.75,0.025,49.2,0.92,60.0,0.25,6,0.98,1.869,6 distribution days in 20,3.0,3.0,-0.81,3.0,3.0,2.29,1.52,1.26,0.09,-0.68,2.02,1.29,-0.29,1.52,2025-11-11,-7.240853658536583,-0.7102988852332839,-3.6377420816401824,1.3528963414634054,5.957233147996788,2.7846940594435488,9.070121951219523,6.769361602022128,9.216253883260794
6,ROK,XLI,70.5,Strong,51.6,96.2,2.0,2025-11-11,386.94,13.99,13.33,0.047,54.2,0.64,60.0,-0.07,2,2.67,1.859,,3.0,3.0,-3.0,2.7,-0.73,-0.69,-2.18,0.73,0.34,-2.73,0.0,-0.8,-1.7,-2.18,2025-11-11,-6.701853759011323,-3.6711540142970294,-3.0987421821149224,-0.18537590113284486,1.4968915597560861,1.2464218168472985,2.1446961894953764,2.3410698230621807,2.2908281215366477
7,AMZN,QQQ,68.0,Moderate,63.0,73.4,61.3,2025-11-11,249.08,15.08,11.16,0.051,52.8,0.99,70.0,-0.27,1,2.23,0.758,,1.57,2.37,0.63,2.7,-0.99,-1.85,-0.88,2.36,0.37,-0.69,2.7,-1.86,-3.0,-0.88,2025-11-11,-11.067604283202803,-6.504316400516929,-7.464492706306402,-8.270736774812203,-5.720569550731934,-6.83893905683206,-7.155985296467959,-6.9453472722847955,-7.009853364426688
8,INSW,XLE,65.5,Moderate,64.9,66.2,73.0,2025-11-11,45.63,22.76,16.73,0.037,57.0,0.77,50.0,0.2,2,2.33,0.586,,1.31,1.78,1.08,-0.67,0.03,2.16,-0.12,1.01,1.26,-0.4,-0.67,0.73,0.45,-0.12,2025-11-11,2.356535020728767,2.19812814134428,5.959646597625168,0.7855116735762557,3.3200217437278634,2.217309391556399,-1.9637791839406504,-2.982109122840859,-1.8176472518993791
9,AAPL,QQQ,59.2,Moderate,52.9,66.3,61.3,2025-11-11,274.56,11.18,7.26,0.082,53.0,0.96,75.0,-0.01,3,2.12,0.588,,0.69,1.64,1.7,3.0,0.46,2.29,-3.0,1.49,-0.37,0.38,3.0,-0.41,0.78,-3.0,2025-11-11,-2.7990378307456876,1.764250051940186,0.804073746150713,0.6414461695458895,3.191613393626158,2.073243887526033,3.280122457905099,3.490760482088262,3.4262543899463704
10,FLS,XLI,56.0,Moderate,33.5,93.5,2.0,2025-11-11,68.58,35.43,34.77,0.058,50.7,0.84,50.0,0.32,6,2.93,1.583,6 distribution days in 20,3.0,3.0,-0.36,3.0,3.0,0.6,0.96,1.58,-0.39,1.57,1.35,2.94,-0.41,0.96,2025-11-11,-5.678509027373336,-2.647809282659042,-2.075397450476935,1.1648223645893907,2.8470898254783217,2.596620082569534,2.009318578916708,2.205692212483512,2.155450510957979
11,AER,XLI,56.0,Moderate,32.7,96.0,2.0,2025-11-11,135.27,10.02,9.36,-0.048,52.4,0.94,55.0,0.11,3,3.11,1.835,extended >3 ATR above 20d avg,1.83,3.0,-2.41,2.7,0.7,0.34,1.19,-1.16,0.63,-0.48,0.0,0.63,-0.67,1.19,2025-11-11,-3.262150220913107,-0.23145047619881343,0.3409613559832936,-3.159057437407964,-1.4767899765190329,-1.7272597194278205,1.222385861561115,1.4187594951279192,1.3685177936023862
12,PH,XLI,51.2,Weak,27.2,96.5,2.0,2025-11-11,853.02,16.81,16.15,0.073,47.8,0.95,55.0,-0.04,3,3.55,1.901,extended >3 ATR above 20d avg,3.0,2.93,-3.0,2.7,-0.65,0.29,-0.65,0.54,-1.3,-1.55,0.0,-0.72,-0.73,-0.65,2025-11-11,-5.06602781348604,-2.0353280687717468,-1.4629162365896398,-1.0108682949631964,0.6713991659257346,0.4209294230169469,0.9898328853570115,1.1862065189238158,1.1359648173982828
13,SNDK,XLK,50.4,Weak,41.1,61.8,50.3,2025-11-11,271.39,113.22,109.12,0.071,51.8,0.83,60.0,1.88,3,3.61,0.491,extended >3 ATR above 20d avg,-0.06,-0.52,-2.9,-0.67,3.0,0.96,-0.57,0.37,-1.39,-2.05,-0.67,3.0,-0.84,-0.57,2025-11-11,-9.870359457866817,-4.264154532026575,-6.267247880970416,-18.786829699469653,-13.71130922049294,-17.35503198148951,-28.436210960518558,-26.578815396496246,-28.290079028477287
14,SANM,XLK,48.5,Weak,38.1,61.7,50.3,2025-11-11,168.94,34.56,30.45,-0.017,49.9,0.68,45.0,0.46,4,2.83,0.489,4 distribution days in 20,-0.65,1.23,-2.6,-0.34,3.0,0.7,-1.63,-0.22,0.36,-1.75,-0.34,2.4,-1.09,-1.63,2025-11-11,-8.322108345534406,-2.7159034196941647,-4.718996768638005,-9.622254758418746,-4.546734279442033,-8.190457040438602,-7.672035139092237,-5.814639575069925,-7.525903207050966
15,PAY,IGV,46.3,Weak,46.4,46.3,74.3,2025-11-11,37.74,27.93,30.15,0.051,53.1,0.97,60.0,0.25,3,3.65,0.177,extended >3 ATR above 20d avg,0.15,0.87,0.11,-0.11,0.45,1.21,-0.38,0.18,0.85,0.36,0.22,0.95,0.63,-0.38,2025-11-11,-9.172141918528244,-2.8660780505698655,-5.5690303416318425,-9.98685939553219,-2.5236372929128734,-8.555061677552047,-8.488830486202358,-4.192095645872251,-8.342698554161087
16,FTI,OIH,44.8,Weak,50.6,39.7,82.2,2025-11-11,43.4,20.99,2.58,0.036,49.4,0.8,50.0,-0.01,1,2.34,0.041,,1.33,-0.29,0.61,-0.67,0.69,0.2,-1.1,1.78,-0.53,-0.49,0.0,0.61,-0.72,-1.1,2025-11-11,1.416299048061287,4.760618215450696,5.019410624957688,4.364987230090556,7.157701887505996,5.796784948070699,8.103087996285119,4.120434050057886,8.24921992832639
17,GOOG,QQQ,44.8,Weak,32.6,61.6,61.3,2025-11-11,290.99,18.51,14.58,0.038,54.8,,60.0,0.19,2,2.64,0.487,,-1.21,2.12,,0.0,1.62,1.17,-1.16,-0.42,0.12,,0.0,0.76,-0.35,-1.16,2025-11-11,-2.4371824797473463,2.1261054029385273,1.1659290971490543,10.809419195386516,13.359586419466785,12.24121691336666,9.745297267609487,9.95593529179265,9.891429199650759
18,COHR,XLK,42.7,Weak,32.5,56.2,50.3,2025-11-11,158.01,44.48,40.37,0.023,54.5,0.88,55.0,0.15,4,2.47,0.374,4 distribution days in 20,-0.22,1.08,-1.74,0.13,0.8,0.75,0.39,0.21,0.21,-0.89,0.13,0.12,-1.05,0.39,2025-11-11,-14.192546583850929,-8.586341658010687,-10.589435006954528,-7.546583850931676,-2.471063371954963,-6.114786132951533,6.136645962732912,7.9940415267552245,6.282777894774183
19,ATI,XLI,42.6,Weak,19.8,91.8,2.0,2025-11-11,97.91,15.47,14.81,-0.031,50.1,0.64,45.0,0.16,5,1.42,1.457,5 distribution days in 20,2.28,3.0,-3.0,2.43,0.18,-0.23,-0.67,-0.72,-0.05,-2.16,-0.27,0.11,-1.24,-0.67,2025-11-11,0.08155775308389401,3.1122574977981876,3.6846693299802946,1.253950453664987,2.936217914553918,2.6857481716451304,0.24467325925170424,0.4410468928185085,0.39080519129297553
20,MTSI,SMH,42.0,Weak,18.0,97.8,1.3,2025-11-11,169.99,29.23,23.97,-0.024,48.5,0.65,40.0,0.32,1,2.86,2.138,heavy selling into close today,3.0,3.0,-2.21,1.35,3.0,-0.3,0.69,-0.52,-3.0,-2.07,-0.67,2.27,-2.88,0.69,2025-11-11,-7.925692988586064,-1.3951382152827652,-4.322581411689663,-3.5290006988120237,1.0753361077213586,-2.0972029808318804,6.836710924761236,4.535950575563841,6.982842856802507
21,AME,XLI,40.9,Weak,18.3,91.6,2.0,2025-11-11,196.53,6.46,5.8,-0.007,48.4,0.74,45.0,0.06,4,1.31,1.442,4 distribution days in 20,1.62,3.0,-3.0,0.67,0.86,0.65,0.39,-1.38,-0.89,-3.0,-2.02,0.79,-0.36,0.39,2025-11-11,-4.325777169227651,-1.2950774245133574,-0.7226655923312504,-0.5730513717734143,1.1092160891155167,0.8587463462067291,0.4107713372889066,0.6071449708557108,0.5569032693301779
22,TMO,XLV,39.8,None,80.4,19.7,98.1,2025-11-11,584.44,11.56,5.66,0.039,54.2,0.69,60.0,0.11,0,1.9,-0.452,,0.74,-0.63,,-0.0,-1.14,-1.16,-2.58,2.0,1.14,-1.12,2.02,0.41,-0.58,-2.58,2025-11-11,-1.4186589722451237,-2.4623597331366542,2.184452604651277,2.273976367133823,-2.8704583510669845,3.7057740851139664,-0.6217367408628771,-3.3286251658847688,-0.47560480882160583
23,SLB,OIH,39.4,None,45.1,34.5,82.2,2025-11-11,36.71,15.51,-2.9,0.019,54.9,1.12,50.0,0.06,2,2.12,-0.07,,0.29,1.46,1.97,-0.9,0.28,0.22,-0.42,0.74,1.22,0.87,-0.22,0.2,-0.7,-0.42,2025-11-11,-3.3781928041746734,-0.03387363678526434,0.22491877272172722,-3.7352375720955733,-0.9425229146801328,-2.30343985411543,1.4281790716836218,-2.5544748745436108,1.574311003724893
24,KLAC,SMH,39.3,None,16.3,94.8,1.3,2025-11-11,118.47,16.18,10.92,-0.008,51.4,1.01,50.0,-0.2,3,0.28,1.702,,3.0,3.0,-1.31,1.35,2.22,0.78,-2.02,-0.45,0.04,-1.18,-0.67,-1.13,-1.8,-2.02,2025-11-11,-6.807589880159782,-0.27703510685648247,-3.204478303263381,-5.034953395472696,-0.43061658893931387,-3.603155677492553,0.474367509986684,-1.826392839210711,0.6204994420279553
25,CRDO,SMH,39.0,None,15.7,96.8,1.3,2025-11-11,158.58,22.17,16.91,0.015,51.0,0.84,55.0,-0.15,0,0.02,1.962,,2.17,3.0,-1.97,1.01,2.6,1.71,-0.67,-1.93,-0.66,-1.84,-1.01,-0.75,-0.87,-0.67,2025-11-11,-14.60130958937641,-8.07075481607311,-10.998198012480009,-5.623890826754785,-1.0195540202214026,-4.192093108774642,15.79462701181078,13.493866662613385,15.940758943852051
26,MU,SMH,38.6,None,15.7,95.0,1.3,2025-11-11,240.91,28.93,23.66,0.061,50.7,0.87,55.0,-0.29,2,1.57,1.722,,3.0,3.0,-0.51,2.02,1.63,1.05,-3.0,0.56,-1.17,-0.38,0.0,-1.72,-1.53,-3.0,2025-11-11,-6.703179923158675,-0.17262514985537614,-3.1000683462622747,-8.313578026649227,-3.7092412201158442,-6.881780308669083,-4.373416169377908,-6.674176518575303,-4.227284237336637
27,AMRX,XPH,36.4,None,36.3,36.6,74.0,2025-11-11,11.96,23.05,15.33,0.054,56.3,0.94,60.0,0.31,2,2.88,-0.025,,-1.23,1.12,0.1,0.0,0.14,-0.45,0.77,-0.8,0.14,-0.02,0.0,1.22,-0.67,0.77,2025-11-11,-3.8237738985868575,-5.708714012468663,-0.22066232169045685,3.449709060681627,-2.4799983809048687,4.8815067786617705,1.3300083125519446,-4.3444468219463905,1.476140244593216
28,CAT,XLI,35.8,None,13.8,93.0,2.0,2025-11-11,564.53,7.97,7.31,0.024,48.1,0.94,70.0,-0.01,2,1.03,1.544,,2.14,3.0,-1.3,3.0,-0.43,0.49,-3.0,-0.86,-0.89,0.63,0.67,-0.5,-0.52,-3.0,2025-11-11,-4.107366453274075,-1.0766667085597814,-0.5042548763776744,-0.686030721478581,0.99623673941035,0.7457669965015623,3.7017441757931646,3.898117809359969,3.847876107834436
29,LRCX,SMH,33.4,None,11.4,97.8,1.3,2025-11-11,158.49,15.12,9.86,-0.0,48.5,1.03,60.0,-0.12,2,0.75,2.145,,3.0,3.0,-3.0,2.29,2.11,0.28,-3.0,-1.08,-2.55,-3.0,0.27,-1.24,-2.3,-3.0,2025-11-11,-11.210064146478171,-4.679509373174872,-7.60695256958177,-5.810549915924512,-1.20621310939113,-4.378752197944369,-0.8096157439123064,-3.1103760931097013,-0.6634838118710351
30,GOOGL,QQQ,30.1,None,24.8,36.6,61.3,2025-11-11,290.57,18.7,14.78,0.044,56.9,1.15,65.0,0.19,2,2.63,-0.025,,-1.35,2.9,2.58,0.34,1.44,0.68,-3.0,-0.55,0.89,1.26,0.34,0.58,-0.84,-3.0,2025-11-11,-2.5299051285576857,2.033382754128188,1.073206448338715,10.872404784820567,13.422572008900836,12.30420250280071,9.545579540767225,9.756217564950388,9.691711472808496
31,TER,SMH,29.8,None,9.3,95.5,1.3,2025-11-11,177.04,29.5,24.24,-0.037,50.5,0.65,40.0,0.24,3,1.68,1.782,,2.78,3.0,-1.67,0.67,3.0,1.05,-1.12,-1.33,-2.06,-1.53,-1.35,1.34,-1.53,-1.12,2025-11-11,-9.146510981373357,-2.615956208070058,-5.543399404476956,-6.905754795663044,-2.3014179891296616,-5.4739570776829005,8.340283569641361,6.039523220443966,8.486415501682632
32,ARQT,XBI,28.5,None,32.0,25.4,69.8,2025-11-11,24.02,17.63,9.11,0.016,49.0,0.52,55.0,0.21,3,0.79,-0.288,,-0.92,-3.0,-3.0,1.35,-0.87,1.19,-0.83,0.05,-2.05,-1.94,0.67,0.1,0.56,-0.83,2025-11-11,13.388773388773378,12.09041620806326,16.99188496566978,27.754677754677747,21.0420828067887,29.18647547265789,24.53222453222452,17.386843857432076,24.678356464265793
33,PARR,XLE,28.4,None,27.9,29.0,73.0,2025-11-11,44.08,22.0,15.98,0.028,47.7,0.91,65.0,-0.04,3,1.92,-0.197,,-0.12,-0.26,1.49,2.02,-0.81,0.97,-0.49,-0.42,-0.78,0.01,2.02,-0.11,-0.73,-0.49,2025-11-11,6.663592344938896,6.505185465554408,10.266703921835296,3.816001844593031,6.350511914744638,5.247799562573174,2.9974636845746083,1.9791337456743996,3.1435956166158796
34,APH,XLK,22.4,None,15.4,32.7,50.3,2025-11-11,71.24,17.0,12.89,0.014,50.9,0.83,50.0,0.2,3,1.96,-0.11,,-1.29,-0.29,-1.97,-0.9,1.15,1.41,-1.53,-0.86,-1.16,-1.12,-0.9,0.47,-0.38,-1.53,2025-11-11,-8.001119037627635,-2.3949141117873936,-4.398007460731234,-4.294306896069367,0.7812135829073465,-2.8625091780892236,-3.6648482305217334,-1.8074526664994206,-3.518716298480462
35,ROST,XRT,20.7,None,7.4,58.0,18.5,2025-11-11,161.38,4.81,9.47,-0.035,44.9,0.75,35.0,0.08,0,1.32,0.411,,-0.88,3.0,-1.27,-1.35,1.4,-1.15,-1.14,-1.3,-2.31,-1.01,-1.35,0.34,-1.9,-1.14,2025-11-11,-1.929737753587335,1.4164017928248618,1.6733738233090656,8.257050964868885,6.100649923847691,9.688848682849027,9.190994557149912,4.208964565825091,9.337126489191183
36,MDB,IGV,20.2,None,20.2,20.2,74.3,2025-11-11,371.42,18.35,20.57,0.005,45.6,0.88,55.0,0.22,3,1.82,-0.438,,0.59,-2.71,-0.15,0.34,1.13,0.37,-1.24,0.62,-2.73,0.1,0.67,1.63,-0.2,-1.24,2025-11-11,-9.393228293664091,-3.087164425705713,-5.79011671676769,-11.034528997653359,-3.571306895034043,-9.602731279673215,8.867582970164257,13.164317810494364,9.013714902205528
37,BIIB,XLV,20.2,None,40.3,10.1,98.1,2025-11-11,159.64,9.87,3.98,0.003,56.5,1.03,55.0,0.34,3,1.87,-0.845,,-1.68,0.23,,-1.8,0.67,-1.82,1.67,-0.42,2.0,2.18,0.22,2.22,-1.25,1.67,2025-11-11,5.518750000000017,4.475049239108486,9.121861576896418,13.718750000000002,8.574315281799194,15.150547717980146,12.937500000000002,10.23061157497811,13.083631932041273
38,TKR,XLI,16.4,None,3.4,79.1,2.0,2025-11-11,77.15,5.24,4.58,-0.05,48.3,0.93,35.0,-0.17,6,0.46,0.917,6 distribution days in 20,2.42,1.7,-2.26,1.69,-0.93,1.09,0.3,-0.58,-2.53,-0.33,-1.01,-1.0,0.08,0.3,2025-11-11,-5.28150826446282,-2.2508085197485266,-1.6783966875664196,3.964359504132231,5.646626965021162,5.396157222112374,5.5526859504132275,5.749059583980031,5.698817882454499
39,ESTC,IGV,14.8,None,14.8,14.8,74.3,2025-11-11,94.55,15.64,17.86,0.047,51.0,1.05,50.0,0.08,1,2.35,-0.627,,0.17,-0.84,-0.57,-2.36,-0.57,-1.37,-0.55,0.2,-0.86,-0.32,-2.02,-0.07,-1.94,-0.55,2025-11-11,-6.620980495519246,-0.31491662756086836,-3.017868918622846,-26.7053241960991,-19.242102093479783,-25.273526478118956,-20.896151818661036,-16.59941697833093,-20.750019886619764
40,TWLO,IGV,12.7,None,13.2,12.2,74.3,2025-11-11,130.67,20.85,23.06,-0.064,46.7,0.73,40.0,0.04,2,2.11,-0.737,,-2.75,-1.48,-3.0,-1.01,-0.35,-1.21,-0.71,-2.72,-1.5,-3.0,-0.67,0.15,-1.78,-0.71,2025-11-11,-8.227511215877115,-1.921447347918737,-4.624399638980714,-2.2355714394342585,5.227650663185058,-0.8037737214541152,-2.6005626948520932,1.6961721454780143,-2.454430762810822
41,CIEN,XLK,9.8,None,6.3,15.3,50.3,2025-11-11,207.22,25.7,21.6,0.031,48.7,1.08,60.0,0.18,3,2.32,-0.607,,-2.61,-0.64,-0.67,0.0,0.46,1.4,-1.38,-2.18,-1.51,0.18,0.0,-0.21,-0.4,-1.38,2025-11-11,-10.912641707154425,-5.306436781314183,-7.309530130258024,-6.568543393350479,-1.4930229143737659,-5.136745675370336,-7.945127179194056,-6.0877316151717435,-7.798995247152785
42,NESR,OIH,6.2,None,7.6,5.0,82.2,2025-11-11,13.3,27.15,8.74,0.067,50.5,0.66,60.0,0.08,6,1.52,-1.221,6 distribution days in 20,-0.37,-0.91,1.73,-0.45,-0.16,-0.53,1.15,0.08,-1.15,0.63,0.22,-0.23,-1.45,1.15,2025-11-11,7.715582450832059,11.059901618221469,11.31869402772846,8.509833585476546,11.302548242891987,9.941631303456688,11.422087745839637,7.439433799612404,11.568219677880908
43,BE,XLI,6.1,None,1.3,28.5,2.0,2025-11-11,127.01,11.31,10.65,-0.027,47.9,0.82,45.0,-0.4,3,0.4,-0.209,,0.6,-1.37,-2.8,1.01,-1.59,-2.73,-1.02,-2.39,-3.0,-0.87,-1.69,-1.66,-3.0,-1.02,2025-11-11,-19.487494245818638,-16.456794501104344,-15.884382668922237,-27.620070584624823,-25.937803123735893,-26.18827286664468,-21.34417676845175,-21.147803134884946,-21.198044836410478
44,BWA,XLY,5.7,None,4.0,8.0,56.9,2025-11-11,45.22,9.62,7.41,0.062,51.6,1.13,65.0,-0.01,3,1.68,-0.97,,-1.44,-0.09,1.11,-2.36,0.15,-0.08,0.32,-0.55,-2.95,1.0,0.34,-1.4,-2.06,0.32,2025-11-11,-5.115766262403532,1.4389966414991129,-1.512654685507131,-4.98346196251378,-2.121523229823885,-3.5516642445336366,-5.446527012127889,-4.926174515275184,-5.300395080086617
45,LITE,XLK,5.2,None,3.3,8.2,50.3,2025-11-11,252.46,61.11,57.0,0.013,52.6,0.75,50.0,-0.51,3,2.82,-0.954,,-2.56,-1.17,-2.48,-2.02,-1.93,0.44,0.18,-2.13,-2.05,-1.63,-2.02,-2.6,-1.36,0.18,2025-11-11,-5.768498056846749,-0.162293131006507,-2.165386479950348,11.026061114074537,16.10158159305125,12.45785883205468,15.541415834793892,17.398811398816203,15.687547766835163
46,KEYS,XLK,5.1,None,3.2,8.1,50.3,2025-11-11,182.47,10.7,6.59,-0.079,45.4,0.86,30.0,0.08,5,1.57,-0.963,5 distribution days in 20,-2.27,-1.41,-2.39,-3.0,0.9,1.04,1.46,-1.84,-2.28,-1.54,-3.0,0.23,-0.76,1.46,2025-11-11,-5.246896850777826,0.35930807506241536,-1.6437852738814258,5.940701393029424,11.016221872006138,7.372499111009567,11.995230093772014,13.852625657794327,12.141362025813285
47,VCYT,XLV,3.9,None,15.1,1.0,98.1,2025-11-11,42.66,25.58,19.69,-0.013,49.0,0.8,50.0,-0.01,3,2.24,-2.058,,-2.88,-2.47,,-1.35,-1.85,-0.48,-0.58,-1.62,-0.7,0.13,0.67,-0.3,0.09,-0.58,2025-11-11,-8.954171562867208,-9.997872323758738,-5.351059985970807,15.957696827262069,10.813262109061261,17.38949454524221,12.220916568742668,9.514028143720775,12.36704850078394
48,PSX,XLE,3.0,None,3.0,3.1,73.0,2025-11-11,136.82,7.66,1.64,-0.053,51.1,0.97,30.0,-0.08,3,1.53,-1.467,,-2.23,0.23,1.79,-3.0,-1.07,-0.55,0.08,-2.53,-0.29,0.31,-3.0,-0.37,-2.26,0.08,2025-11-11,-0.4042037186742009,-0.5626105980586882,3.1989078582221997,-3.44675534651282,-0.9122452763612121,-2.0149576285326765,0.6687734254427813,-0.34955651345742744,0.8149053574840526
49,DDOG,IGV,2.7,None,2.7,2.7,74.3,2025-11-11,197.87,22.99,25.21,-0.053,43.6,0.52,45.0,0.29,4,4.13,-1.536,4 distribution days in 20; extended >3 ATR above 20d avg,-3.0,-3.0,-2.08,-2.36,0.33,-0.19,-0.05,-3.0,-3.0,-1.83,-2.02,0.83,-0.76,-0.05,2025-11-11,-11.351079859367152,-5.045015991408774,-7.747968282470751,-20.14615770969361,-12.682935607074295,-18.71435999171347,-21.73782019085887,-17.441085350528763,-21.591688258817598
50,WAT,XLV,1.2,None,4.6,0.3,98.1,2025-11-11,386.15,15.94,10.05,-0.067,47.1,0.91,35.0,0.03,1,2.88,-2.74,,-3.0,-3.0,,-2.7,-1.46,-3.0,-2.82,-1.94,-1.57,-0.26,-0.67,0.09,-3.0,-2.82,2025-11-11,-2.2230292340017055,-3.266729994893236,1.3800823428946951,7.055588700682214,1.911153982481406,8.487386418662357,3.141293351664043,0.43440492664215125,3.287425283705314
1,LLY,SPY,96.5,Strong,95.2,97.9,,2025-11-18,1025.41,29.05,30.71,0.126,59.4,,80.0,0.09,2,3.27,2.16,extended >3 ATR above 20d avg,3.0,3.0,,3.0,0.44,1.23,-0.97,3.0,2.21,,3.0,-0.07,0.03,-0.97,2025-11-18,7.764299446661904,5.611935977180504,5.611935977180504,0.3523016717251082,-3.132477278863832,-3.132477278863832,-3.5161853828962975,-7.553205422669896,-7.553205422669896
2,REGN,XBI,82.9,Strong,77.1,89.2,61.7,2025-11-18,722.17,25.25,20.08,0.026,54.3,0.82,50.0,0.12,2,3.7,1.304,extended >3 ATR above 20d avg,2.11,0.32,-3.0,3.0,0.29,0.17,-3.0,2.15,1.68,-0.9,0.67,1.38,-1.4,-3.0,2025-11-18,8.14455306299724,2.458758801275751,5.99218959351584,-0.6563073062445746,-6.770722981541999,-4.141086256833515,-0.2288802790684774,-6.553232973260215,-4.265900318842075
3,MTSI,SMH,81.4,Strong,67.2,98.7,8.0,2025-11-18,158.11,13.4,16.98,0.001,50.1,0.66,45.0,0.58,1,0.37,2.402,,3.0,3.0,-2.68,1.35,3.0,2.21,-0.55,0.25,-1.63,-1.88,0.67,3.0,1.99,-0.55,2025-11-18,4.761904761904767,3.2759405328985025,2.6095412924233674,16.01846581926265,7.186565522668987,12.533686868673712,17.74489344210459,5.983007226220359,13.707873402330993
4,BIIB,XLV,65.9,Moderate,82.5,52.6,93.7,2025-11-18,168.83,15.47,10.31,0.054,57.3,0.93,70.0,0.4,4,2.14,0.302,4 distribution days in 20,0.58,0.12,0.6,0.67,1.48,1.96,1.6,1.42,2.4,1.58,2.02,2.55,1.25,1.6,2025-11-18,7.707334398863419,3.586510234030449,5.554970929382019,6.9673829396791565,5.260374871398832,3.482603989090216,5.1204640975552,5.347176106623685,1.0834440577816018
5,EXEL,XBI,60.8,Moderate,51.1,72.4,61.7,2025-11-18,42.64,18.02,12.85,0.05,51.7,1.03,65.0,0.34,2,1.58,0.733,,-0.11,-1.46,-2.93,3.0,0.17,1.54,-0.7,-0.07,-0.1,-0.75,0.67,1.26,-0.03,-0.7,2025-11-18,0.559570995570069,-5.1262232661514195,-1.5927924739113308,2.634646770809046,-3.4797689044883784,-0.8501321797798944,-4.266728841221723,-10.59108153541346,-8.303748880995322
6,INSW,XLE,59.1,Moderate,61.5,56.7,86.2,2025-11-18,46.91,20.9,15.87,0.073,55.8,0.82,50.0,0.11,2,2.1,0.385,,2.09,1.6,1.29,-0.67,-0.54,-0.85,1.19,2.17,0.77,-0.19,-0.67,-0.13,-1.2,1.19,2025-11-18,0.5879790940766405,1.6447215705296614,-1.5643843754047593,-2.155923344947741,-4.705888885953935,-5.6407022955366815,-6.2935540069686375,-9.4637814363277,-10.330574046742235
7,CDNA,XLV,52.9,Weak,72.3,38.7,93.7,2025-11-18,15.76,3.75,-1.41,0.026,50.6,0.79,65.0,0.86,4,0.48,0.019,4 distribution days in 20,0.02,-1.94,-1.67,-0.0,2.64,3.0,-2.34,0.86,0.33,-0.7,1.35,3.0,2.9,-2.34,2025-11-18,13.362887903736542,9.242063738903571,11.210524434255142,19.44268524382522,17.735677175544897,15.957906293236281,23.812539582013947,24.039251591082433,19.77551954224035
8,AER,XLI,50.6,Weak,28.5,89.7,5.4,2025-11-18,131.37,10.16,13.41,-0.013,53.9,0.95,55.0,-0.14,3,0.64,1.331,,1.06,3.0,-2.58,2.02,-0.54,-0.04,-0.48,-0.44,0.9,-0.68,0.0,-1.34,-0.97,-0.48,2025-11-18,-0.31079442086112685,-1.5919812044079773,-2.4631578903425266,4.199514857489395,1.387647022020766,0.7147359069004544,5.427531837477284,1.3816788368029798,1.3905117977036863
9,PAA,XLE,48.5,Weak,51.0,46.1,86.2,2025-11-18,15.97,4.93,-0.1,0.005,52.1,1.05,55.0,-0.08,3,1.05,0.172,,0.46,2.8,1.49,0.67,-0.76,-0.82,-0.65,0.54,1.97,0.01,0.67,-0.35,-1.17,-0.65,2025-11-18,3.4569453174104314,4.513687793863452,1.3045818479290316,5.2168447517284555,2.6668792107222616,1.7320658011395151,4.588309239472044,1.418081810112981,0.5512891996984459
10,PAY,IGV,48.5,Weak,41.5,56.6,72.5,2025-11-18,34.56,14.86,24.01,0.043,51.6,0.85,55.0,0.13,3,0.48,0.383,heavy selling into close today,0.19,1.27,-0.31,-0.34,1.01,2.19,-1.71,0.09,0.6,0.14,0.0,0.98,1.1,-1.71,2025-11-18,-1.1544011544011523,-0.14682030803324642,-3.306764623882552,0.49062049062049695,-1.8891895084198973,-2.9941584599684434,0.5483405483405646,-5.065324167137808,-3.4886794914330332
11,SANM,XLK,46.4,Weak,38.2,56.3,69.8,2025-11-18,156.54,20.75,24.01,0.012,51.2,0.75,55.0,0.2,4,0.43,0.376,4 distribution days in 20,-0.15,1.15,-2.5,0.34,1.67,-1.1,-0.9,0.38,0.56,-1.03,0.34,1.34,-1.83,-0.9,2025-11-18,-1.1529592621060791,-1.6644497887251974,-3.305322731587479,0.980015372790155,-2.939010633981698,-2.5047635777987853,8.474250576479614,1.8825064658247515,4.437230536706016
12,ROK,XLI,43.5,Weak,22.3,84.8,5.4,2025-11-18,362.37,3.75,6.99,0.051,52.1,0.68,60.0,-0.15,6,-0.22,1.111,6 distribution days in 20,2.3,3.0,-3.0,2.02,-0.44,0.27,-2.73,0.8,-0.35,-3.0,0.0,-1.24,-0.66,-2.73,2025-11-18,6.473318502650294,5.192131719103443,4.320955033168894,8.958831122462986,6.146963286994357,5.474052171874045,11.592650572629148,7.546797571954844,7.555630532855551
13,FTI,OIH,43.4,Weak,41.4,45.4,80.9,2025-11-18,43.68,20.17,11.09,0.042,47.4,0.77,50.0,-0.09,1,1.52,0.158,,1.22,-0.16,0.35,0.67,0.49,-0.85,-1.05,1.95,-1.23,-0.59,0.0,-0.17,-0.85,-1.05,2025-11-18,4.9988320485867765,2.4741339146680197,2.8464685791053768,8.759635599159065,-0.9110559485906684,5.2748566485701245,7.801915440317675,-3.1677150024192358,3.764895400544077
14,AU,GDX,37.8,None,20.3,70.3,31.8,2025-11-18,75.33,20.09,16.21,0.103,49.3,1.11,70.0,0.15,2,2.4,0.681,,0.82,1.56,-0.4,0.0,0.82,1.03,-1.18,0.42,-1.21,0.3,0.0,0.1,-1.5,-1.18,2025-11-18,2.627151546525175,1.5145861014989936,0.4747880770437751,2.717742979163984,-2.6094821517260502,-0.7670359714249564,1.1906302575384942,-7.081621051362031,-2.8463897822351036
15,PR,XOP,37.3,None,37.3,37.4,83.4,2025-11-18,13.35,12.18,4.82,-0.021,47.9,0.76,55.0,-0.11,1,2.09,-0.008,,-0.7,0.27,-0.87,1.35,-0.5,-1.8,-0.32,-0.41,-0.29,-1.54,0.67,-0.67,-1.22,-0.32,2025-11-18,4.842428900845519,5.2481717223186735,2.6900654313641192,9.37740199846273,4.992258427925899,5.89262304787379,11.606456571867785,8.196656322179896,7.569436532094187
16,CSCO,XLK,32.4,None,29.8,35.2,69.8,2025-11-18,76.27,9.46,12.72,0.036,51.0,0.7,50.0,0.08,5,2.13,-0.055,5 distribution days in 20,0.32,0.26,-3.0,-0.67,0.65,-1.63,-0.42,0.85,-0.33,-3.0,-0.67,0.32,-2.36,-0.42,2025-11-18,-1.3387583672397896,-1.850248893858908,-3.4911218367211894,0.6168788554928417,-3.3021471512790113,-2.8679000950960987,3.8193988712429405,-2.772345239411922,-0.21762116853065727
17,PARR,XLE,29.9,None,32.0,27.9,86.2,2025-11-18,46.26,31.64,26.61,0.04,46.4,0.81,65.0,-0.1,4,1.76,-0.225,4 distribution days in 20,-0.05,0.2,0.97,1.35,-0.76,0.93,-0.14,0.03,-0.63,-0.51,1.35,-0.35,0.58,-0.14,2025-11-18,-0.09984468604393726,0.9568977904090836,-2.252208155525337,-0.8875083203904954,-3.4374738613966893,-4.372287270979436,-4.725981806079438,-7.8962092354385005,-8.763001845853037
18,PH,XLI,28.1,None,10.2,77.6,5.4,2025-11-18,812.35,8.05,11.29,0.021,44.4,0.71,55.0,-0.08,7,0.76,0.871,7 distribution days in 20,1.67,3.0,-3.0,2.02,0.12,-0.79,-1.25,0.18,-1.42,-3.0,0.0,-0.68,-1.72,-1.25,2025-11-18,4.285679109622764,3.0044923260759138,2.1333156401413644,6.393430513148823,3.5815626776801945,2.908651562559883,8.865606224761159,4.819753224086854,4.828586184987561
19,DOCN,IGV,27.1,None,21.0,35.0,72.5,2025-11-18,44.03,10.88,20.03,-0.0,48.5,0.65,30.0,0.32,3,0.18,-0.059,,0.27,-0.07,-1.01,-3.0,1.01,1.95,0.17,0.17,-0.75,-0.56,-3.0,0.98,0.86,0.17,2025-11-18,1.4221218961625315,2.4297027425304374,-0.7302415733188683,3.566591422121901,1.1867814230815066,0.08181247153296045,14.35665914221218,8.742994426733809,10.319639102438583
20,GOOG,QQQ,25.7,None,18.0,36.6,64.3,2025-11-18,284.22,13.38,15.85,0.028,51.0,0.8,60.0,0.05,2,0.77,-0.024,,-1.12,1.21,0.93,0.67,0.13,0.42,-0.7,-0.96,-0.88,-0.16,0.0,-0.32,-0.71,-0.7,2025-11-18,12.500871262284807,10.518640663913681,10.348507792803407,11.420506029135002,6.989934581332612,7.935727078546061,11.598243535233866,6.494588692398829,7.561223495460268
21,SNDK,XLK,21.3,None,16.0,28.4,69.8,2025-11-18,244.72,63.88,67.14,0.073,50.0,0.97,60.0,0.85,5,1.0,-0.213,5 distribution days in 20,-0.1,-1.18,-2.49,-0.67,1.14,1.28,-1.04,0.43,-1.77,-1.03,-0.67,0.81,0.55,-1.04,2025-11-18,-12.185894627852345,-12.697385154471464,-14.338258097333746,-22.619569113137672,-26.538595119909523,-26.10434806372661,-7.323483732228908,-13.91522784288377,-11.360503772002506
22,GOOGL,QQQ,19.0,None,12.9,28.0,64.3,2025-11-18,283.56,13.52,15.99,0.028,52.5,0.87,65.0,0.06,2,0.75,-0.222,,-1.43,1.12,1.03,1.01,-0.02,0.04,-2.15,-1.27,-0.97,-0.06,0.34,-0.47,-1.1,-2.15,2025-11-18,12.645805685548673,10.663575087177547,10.493442216067272,11.297757910176731,6.867186462374342,7.812978959587791,11.594607808898537,6.4909529660635,7.55758776912494
23,MU,SMH,17.3,None,4.6,64.9,8.0,2025-11-18,228.26,12.96,16.54,0.057,50.4,1.07,55.0,-0.39,5,-0.1,0.557,5 distribution days in 20; heavy selling into close today,2.93,3.0,-0.37,0.67,-1.26,-0.67,-3.0,0.13,-1.39,0.43,0.0,-1.96,-0.88,-3.0,2025-11-18,-1.0454806122899174,-2.531444841296182,-3.197844081771317,3.207022806475801,-5.624877490117863,-0.2777561441131393,16.24685694119723,4.484970725312998,12.209836901423632
24,AMRX,XPH,7.4,None,8.2,6.7,86.1,2025-11-18,11.57,12.55,6.19,0.036,48.5,0.68,60.0,-0.14,2,1.0,-1.063,,-1.9,-2.16,-1.95,-1.08,-1.69,-1.75,-0.41,-1.51,-3.0,-2.84,-0.67,-1.3,-2.24,-0.41,2025-11-18,7.655709342560546,4.124717210532136,5.503345873079146,5.449826989619377,2.168307127788638,1.965048039030437,5.666089965397925,-2.355403030188329,1.6290699256243268
25,DDOG,IGV,5.3,None,4.4,6.4,72.5,2025-11-18,176.5,12.97,22.12,-0.02,45.6,0.5,50.0,0.2,6,0.52,-1.091,6 distribution days in 20,-1.38,-2.84,-2.36,-1.01,0.68,0.66,0.07,-1.48,-3.0,-1.91,-0.67,0.65,-0.43,0.07,2025-11-18,-10.438823794502028,-9.431242948134122,-12.591187263983429,-12.223974763406954,-14.603784762447347,-15.708753713995893,-14.865930599369094,-20.479595314847465,-18.90295063914269
26,HALO,XBI,5.2,None,3.2,8.6,61.7,2025-11-18,70.09,4.8,-0.37,-0.05,50.4,1.48,40.0,-0.34,4,0.97,-0.932,4 distribution days in 20,-1.45,-1.77,0.41,1.77,-3.0,-0.25,3.0,-1.41,-0.41,2.58,-0.9,-1.95,-1.82,3.0,2025-11-18,3.2326669502339422,-2.4531273114875463,1.0803034807525425,-8.322699560470726,-14.43711523576815,-11.807478511059667,-11.18672905146746,-17.511081745659197,-15.223749091241057
27,PSX,XLE,5.1,None,5.6,4.6,86.2,2025-11-18,135.52,8.5,3.47,-0.01,47.4,1.01,40.0,-0.26,4,0.58,-1.262,4 distribution days in 20,-0.33,-0.57,1.93,-1.35,-1.98,-0.16,-0.5,-0.25,-1.4,0.45,-1.35,-1.57,-0.51,-0.5,2025-11-18,-1.1957584417537803,-0.13901596530075944,-3.34812191123518,3.015717831089715,0.4657522900835209,-0.4690611194992256,5.94871023539143,2.7784828060323674,1.9116901956178323
28,LITE,XLK,5.0,None,3.5,7.1,69.8,2025-11-18,247.32,51.74,55.0,0.038,53.1,0.85,50.0,-0.54,4,1.39,-1.035,4 distribution days in 20,-1.58,-1.19,-2.62,-2.02,-2.42,-0.41,-0.07,-1.05,-1.78,-1.15,-2.02,-2.75,-1.14,-0.07,2025-11-18,12.526645041705287,12.015154515086168,10.374281572223886,17.10302749459376,13.184001487821908,13.618248544004821,41.268921841211004,34.67717773055614,37.2319018014374
29,WAT,XLV,1.2,None,1.7,0.8,93.7,2025-11-18,376.94,7.91,2.76,-0.125,46.3,0.98,25.0,-0.05,2,1.06,-2.147,,-3.0,-3.0,-0.72,-2.7,-1.43,-2.76,-3.0,-3.0,-1.83,0.25,-1.35,-0.36,-3.0,-3.0,2025-11-18,9.947518448464177,5.826694283631206,7.795154978982777,5.9274848815835,4.220476813303176,2.44270593099456,5.503902815888306,5.730614824956792,1.4668827761147085
1,LLY,SPY,97.4,Strong,96.4,98.5,,2025-11-25,1104.25,35.47,37.21,0.134,60.3,,80.0,0.2,2,4.16,2.356,extended >3 ATR above 20d avg,3.0,3.0,,3.0,2.89,1.0,-2.07,3.0,3.0,,3.0,0.36,-0.15,-2.07,2025-11-25,-6.236892495668833,-7.152845594096502,-7.152845594096502,-9.851372298714335,-11.305858082048161,-11.305858082048161,-5.481900246193138,-4.55102934485948,-4.55102934485948
2,FRSH,IGV,70.9,Strong,62.6,80.3,83.1,2025-11-25,12.36,9.38,20.95,0.013,50.2,1.02,55.0,0.07,3,1.73,0.951,,1.43,0.72,-0.87,0.34,2.49,1.8,0.23,1.22,0.32,-0.57,0.67,0.78,0.44,0.23,2025-11-25,1.0551948051948035,-1.5806878306878325,0.13924170676713477,9.172077922077904,3.294252044252022,7.717592138744078,0.48701298701299134,-0.2152477152477239,1.4178838883466494
3,PAA,XLE,62.1,Moderate,62.4,61.9,90.3,2025-11-25,16.46,5.65,4.24,-0.003,52.7,0.96,55.0,-0.13,2,2.34,0.492,,-0.02,3.0,0.31,0.67,-0.95,-0.16,-0.97,0.37,2.32,-0.25,0.67,-0.82,-0.5,-0.97,2025-11-25,1.5160703456640334,-2.129158351805205,0.6001172472363647,0.9096422073984423,-3.3624729539667664,-0.5448435759353831,1.576713159490617,0.4622483347866524,2.507584060824275
4,MRK,XLV,58.3,Moderate,71.8,47.4,94.2,2025-11-25,102.65,21.41,12.23,0.055,55.3,0.89,60.0,-0.25,4,4.46,0.198,4 distribution days in 20; extended >3 ATR above 20d avg,0.53,-0.14,-1.83,0.67,-0.81,0.41,0.86,2.08,3.0,-0.32,1.35,-1.67,-1.64,0.86,2025-11-25,-2.184824328314139,-0.23702283692818016,-3.1007774267418076,-6.65288849522685,-2.840854553339467,-8.107374278560675,-4.340124003542956,-1.569488878832237,-3.4092531022092976
5,TMO,XLV,51.9,Weak,66.9,40.2,94.2,2025-11-25,595.48,7.16,-2.01,0.038,54.3,0.85,55.0,-0.02,1,1.62,0.051,,0.6,-2.23,-1.75,0.0,0.83,1.37,-2.08,2.15,1.06,-0.24,0.67,-0.04,-0.68,-2.08,2025-11-25,-2.152701445844263,-0.2048999544583041,-3.0686545442719315,-3.3364335841718162,0.4756003577155665,-4.790919367505642,-5.130633296694009,-2.3599981719832908,-4.199762395360351
6,CDNA,XLV,43.5,Weak,58.8,32.2,94.2,2025-11-25,17.9,22.02,12.84,0.068,53.2,0.81,65.0,0.13,4,2.15,-0.121,4 distribution days in 20,-0.16,-2.33,-1.97,0.67,1.81,2.59,-3.0,1.4,0.95,-0.46,1.35,0.95,0.54,-3.0,2025-11-25,6.373378454596712,8.32117994598267,5.457425356169043,10.265087422447827,14.077121364335209,8.810601639114001,9.842075578116184,12.612710702826902,10.772946479449843
7,PR,XOP,40.2,Weak,46.9,34.5,95.7,2025-11-25,13.64,14.91,11.36,0.036,52.4,0.88,50.0,-0.06,2,1.72,-0.071,,-0.2,0.52,-1.15,-1.01,-0.48,-0.84,-0.71,0.77,0.47,-0.82,-0.67,-0.23,-0.38,-0.71,2025-11-25,4.325513196480935,-0.4520557258248292,3.409560098053266,6.451612903225801,2.6530540059827024,4.997127119891975,2.859237536656889,4.668448062972685,3.790108437990547
8,CART,XLY,38.0,None,17.2,84.1,28.8,2025-11-25,42.18,11.59,14.79,-0.024,51.6,0.75,50.0,-0.57,4,1.87,1.082,4 distribution days in 20,1.16,2.97,-2.36,0.22,0.61,-0.14,0.72,-0.46,0.29,-1.19,0.45,-2.85,-2.02,0.72,2025-11-25,1.1511986707809063,-0.8890905854174402,0.23524557235323762,3.228103489200085,0.9898114781808021,1.7736177058662594,8.355091383812008,5.445311769486927,9.285962285145665
9,REGN,XBI,37.1,None,27.9,49.4,80.6,2025-11-25,784.34,20.31,12.03,-0.009,52.5,0.84,45.0,-0.13,3,4.15,0.238,extended >3 ATR above 20d avg,-0.61,-1.2,-2.38,2.49,1.32,0.52,-3.0,0.63,0.28,-0.84,0.0,-0.08,-2.02,-3.0,2025-11-25,-7.94439688765668,-8.17574448742534,-8.860349986084348,-7.548326923814031,-7.9779724662415346,-9.002812707147857,-4.577802194994196,-4.090319752624538,-3.646931293660538
10,KO,XLP,36.2,None,20.1,65.1,60.0,2025-11-25,70.72,3.45,3.92,-0.032,54.0,0.88,45.0,0.04,2,1.96,0.561,,1.05,0.48,-0.28,1.35,1.78,-0.57,-2.05,-1.85,0.82,-1.4,-1.35,0.5,-1.79,-2.05,2025-11-25,-1.7816742081448012,-2.755614718805488,-2.69762730657247,-2.5876696832579205,-2.7850900570404846,-4.042155466591746,-1.9796380090497778,-4.019648538136378,-1.0487671077161198
11,CORT,XBI,36.0,None,26.9,48.2,80.6,2025-11-25,80.28,12.18,3.9,0.049,52.7,1.08,60.0,-0.25,1,1.56,0.214,,-0.87,-1.15,-0.8,2.49,0.68,2.2,-2.58,0.37,0.32,0.74,0.0,-0.72,-0.34,-2.58,2025-11-25,4.210264075734926,3.9789164759662654,3.2943109773072576,6.278026905829592,5.848381363402089,4.823541122495767,2.5037369207772775,2.9912193631469353,3.4346078221109355
12,BIIB,XLV,32.9,None,47.2,22.9,94.2,2025-11-25,181.95,21.98,12.81,0.057,54.2,0.89,75.0,-0.11,5,3.51,-0.356,5 distribution days in 20; extended >3 ATR above 20d avg,-0.02,-2.75,-0.24,2.02,0.16,1.66,2.35,1.53,0.54,1.27,2.7,-0.7,-0.4,2.35,2025-11-25,-0.6924598812926064,1.2553416100933523,-1.608412979720275,-2.4071224444932926,1.4049114973940902,-3.861608227827118,-5.457243350186857,-2.6866082254761388,-4.526372448853199
13,INSW,XLE,32.0,None,29.0,35.3,90.3,2025-11-25,46.19,8.5,7.09,0.008,51.0,0.71,45.0,0.05,1,0.68,-0.052,,-0.47,0.38,-0.87,-0.67,-0.84,-0.92,1.67,-0.08,-1.05,-1.42,-0.67,-0.71,-1.26,1.67,2025-11-25,-2.219804134929282,-5.86503283239852,-3.1357572333569506,-6.354733405875956,-10.626848567241165,-7.809219189209782,-6.789989118607187,-7.904453943311151,-5.8591182172735286
14,DHR,XLV,29.1,None,34.1,24.9,94.2,2025-11-25,229.47,6.39,-2.78,-0.017,46.3,0.85,50.0,-0.01,2,2.23,-0.301,,-1.75,-3.0,-3.0,-0.67,1.13,1.29,0.54,-0.19,-1.32,-1.52,0.0,0.27,-0.76,0.54,2025-11-25,-0.4599816007359703,1.4878198906499884,-1.375934699163639,0.36360450343890793,4.175638445326291,-1.0908812798949175,-2.996451570508607,-0.2258164457978884,-2.065580669174949
15,FTI,OIH,25.6,None,47.0,13.9,97.0,2025-11-25,44.95,9.61,7.04,0.043,50.3,0.92,50.0,-0.02,0,1.66,-0.662,,-1.51,-0.21,0.83,-0.67,1.24,-1.19,-1.11,2.19,-0.2,0.48,0.0,0.34,-1.05,-1.11,2025-11-25,3.2830523513753374,-3.6869690619009132,2.3670992529476687,2.3735581188997434,-5.863415471392908,0.919072335565918,-1.752440106477371,-2.3734251171840137,-0.8215692051437129
16,GOOGL,QQQ,22.8,None,10.5,49.3,45.6,2025-11-25,322.55,20.9,24.69,0.044,54.4,0.77,65.0,-0.44,3,2.91,0.236,,-0.36,2.87,0.85,2.36,-2.41,-0.65,-0.33,-1.23,-0.14,-0.55,0.34,-3.0,-1.86,-0.33,2025-11-25,-0.3626700015632367,-2.162092611628197,-1.2786230999909054,-0.09692043145224094,-2.5524679677031425,-1.5514062147860663,-7.428482100984846,-5.445344511587825,-6.497611199651188
17,PARR,XLE,17.6,None,15.6,19.8,90.3,2025-11-25,45.02,13.67,12.26,0.05,46.6,0.9,60.0,-0.2,6,0.92,-0.449,6 distribution days in 20,-0.01,0.98,0.37,0.67,-0.81,-0.04,-0.01,0.38,-0.44,-0.19,0.67,-0.68,-0.38,-0.01,2025-11-25,-0.7333333333333303,-4.378562030802568,-1.649286431760999,-4.577777777777781,-8.84989293914299,-6.032263561111606,-14.333333333333343,-15.447798158037308,-13.402462431999684
18,LITE,XLK,16.5,None,7.2,37.9,58.5,2025-11-25,291.4,46.88,53.99,0.069,50.7,0.91,55.0,-0.4,5,1.95,0.003,5 distribution days in 20,0.71,0.48,-1.46,-1.01,-0.36,1.68,-0.47,0.03,-1.97,-0.63,-1.35,-1.58,1.06,-0.47,2025-11-25,4.760424223581028,2.5714188396195548,3.844471125153359,26.379244826752313,21.56201615007336,24.924759043418486,10.58831657857462,12.352272373417362,11.519187479908279
19,RGLD,GDX,16.3,None,5.9,44.8,45.3,2025-11-25,191.26,6.57,-3.01,-0.01,50.9,0.97,50.0,-0.07,0,1.64,0.146,,-0.77,0.41,-0.49,-1.01,1.39,1.84,-0.8,-1.3,-2.1,0.15,-1.35,-0.96,-0.53,-0.8,2025-11-25,2.9537825974696563,-0.10718051728444422,2.0378294990419876,7.420604182804036,1.477981231984371,5.9661183994702105,14.10792667183063,4.989074212814227,15.038797573164288
20,HQY,XLV,16.0,None,25.3,10.1,94.2,2025-11-25,105.44,10.81,1.64,0.013,50.1,0.94,45.0,0.02,4,2.04,-0.841,4 distribution days in 20,-1.05,-2.78,-2.07,-1.01,0.95,1.04,-2.37,0.5,0.51,-0.56,-0.34,0.09,-1.02,-2.37,2025-11-25,-6.377526810287559,-4.429725318901601,-7.293479908715228,-9.110752586125093,-5.29871864423771,-10.565238369458918,-9.547309480876908,-6.77667435616619,-8.61643857954325
21,EXEL,XBI,12.4,None,8.1,18.9,80.6,2025-11-25,43.13,7.61,-0.67,0.022,48.5,1.02,55.0,-0.17,3,1.55,-0.479,,-2.34,-3.0,-2.6,1.81,-0.5,1.35,-0.04,-1.09,-1.65,-1.06,-0.67,-1.9,-1.19,-0.04,2025-11-25,2.372093023255828,2.140745423487167,1.4561399248281592,-4.511627906976734,-4.941273449404238,-5.96611369031056,-2.3255813953488413,-1.8380989529791836,-1.3947104940151833
22,FIGS,XLY,11.5,None,3.0,44.1,28.8,2025-11-25,9.69,19.63,22.83,-0.004,51.0,0.81,50.0,-0.51,7,1.72,0.132,7 distribution days in 20,1.19,1.6,-2.5,-1.57,0.73,0.12,0.41,-0.42,-1.09,-1.33,-1.35,-2.73,-1.77,0.41,2025-11-25,17.21991701244814,15.179627756249793,16.30396391402047,21.991701244813267,19.753409233793985,20.53721546147944,18.412863070539398,15.503083456214316,19.343733971873057
23,CTVA,XLB,11.3,None,5.6,22.8,67.9,2025-11-25,65.45,4.1,5.52,0.015,49.1,1.05,50.0,-0.29,3,1.21,-0.361,,0.61,-1.61,-1.86,-0.67,-0.45,-0.95,-1.1,0.16,-2.51,-0.7,-0.67,-1.55,-3.0,-1.1,2025-11-25,-0.6278713629402688,-1.9021994444972767,-1.5438244613679375,-0.9800918836140871,-1.6288407251340176,-2.4345776669479124,1.026033690658501,-1.8006576902497518,1.956904591992159
24,AU,GDX,11.0,None,3.7,33.0,45.3,2025-11-25,79.3,27.9,18.33,0.06,45.2,0.99,55.0,-0.13,1,2.23,-0.104,,-0.26,0.23,-0.73,-1.01,0.57,-0.45,-1.36,-0.79,-2.28,-0.1,-1.35,-1.77,-2.82,-1.36,2025-11-25,-1.2933714712100364,-4.354334585964137,-2.209324569637705,-2.7608506404676048,-8.70347359128727,-4.21533642380143,-0.16167143390125593,-9.280523892917659,0.7691994674324021
25,DGX,XLV,9.3,None,17.2,5.0,94.2,2025-11-25,189.86,7.89,-1.29,-0.021,51.2,0.86,50.0,-0.27,3,2.02,-1.22,,-2.67,-3.0,-3.0,-2.02,-1.94,0.51,0.89,-1.12,0.2,-2.39,-1.35,-2.8,-1.55,0.89,2025-11-25,-4.566862464941524,-2.619060973555565,-5.482815563369193,-6.239085569137959,-2.4270516272505764,-7.693571352471785,-6.429591998729956,-3.6589568740192373,-5.498721097396298
26,HALO,XBI,6.7,None,5.5,8.1,80.6,2025-11-25,72.81,11.3,3.02,0.029,53.6,1.79,50.0,0.04,5,1.6,-0.966,5 distribution days in 20,-1.71,-1.53,3.0,2.04,1.54,1.53,0.67,-0.47,-0.05,3.0,-0.45,0.14,-1.01,0.67,2025-11-25,-11.339640751405467,-11.570988351174128,-12.255593849833136,-14.109419991772942,-14.539065534200446,-15.563905775106768,-9.81763334704513,-9.330150904675472,-8.886762445711472
27,AMRX,XPH,6.3,None,5.1,7.7,88.9,2025-11-25,12.45,21.18,10.24,0.031,50.1,0.6,55.0,-0.2,2,2.72,-0.99,,-1.97,-2.08,-3.0,-2.36,-0.55,-1.56,-1.3,-1.67,-2.45,-3.0,-2.02,-1.77,-2.81,-1.3,2025-11-25,-2.08835341365462,-1.828901968139418,-3.0043065120822887,-1.887550200803212,-6.205563544020409,-3.3420359841370373,-0.8433734939758963,-2.9375173042057057,0.08749740735776168
28,WAT,XLV,3.9,None,4.4,3.5,94.2,2025-11-25,412.71,19.24,10.06,-0.082,48.7,1.08,30.0,-0.09,2,3.69,-1.402,extended >3 ATR above 20d avg,-3.0,-3.0,-0.84,-1.69,0.52,0.84,-3.0,-2.24,-1.03,0.68,-1.01,-0.34,-1.21,-3.0,2025-11-25,-2.860772481860596,-0.9129709904746375,-3.776725580288265,-3.249212127134593,0.5628218147527897,-4.703697910468419,-7.846969437861873,-5.076334313151154,-6.916098536528215
29,CSCO,XLK,2.9,None,1.4,6.2,58.5,2025-11-25,75.17,5.0,12.11,-0.033,45.8,0.79,40.0,-0.27,6,0.85,-1.109,6 distribution days in 20,-0.63,-0.87,-3.0,-1.69,-1.21,-3.0,-0.18,-1.3,-3.0,-3.0,-2.02,-2.43,-3.0,-0.18,2025-11-25,1.7250530785562601,-0.46395230540521304,0.8090999801285914,4.962845010615702,0.1456163339367489,3.5083592272818764,-0.5838641188959603,1.1800916759467817,0.34700678243769767
30,MNST,XLP,2.8,None,1.0,7.6,60.0,2025-11-25,37.41,7.97,8.44,-0.05,43.5,0.99,45.0,-0.25,3,2.56,-0.997,,1.01,-3.0,2.26,1.35,-1.51,-1.06,0.24,-1.89,-3.0,1.14,-1.35,-2.79,-2.27,0.24,2025-11-25,-1.2019230769230616,-2.1758635875837484,-2.1178761753507303,-1.3621794871794823,-1.5595998609620465,-2.8166652705133077,-0.7211538461538325,-2.7611643752404325,0.20971705517982553
1,BIIB,XLV,92.0,Strong,92.6,91.5,75.0,2025-12-03,180.7,21.01,14.07,0.112,57.9,0.8,85.0,-0.04,2,2.0,1.44,,3.0,0.5,0.32,3.0,0.58,1.48,1.8,3.0,2.53,0.24,3.0,-0.42,-1.0,1.8,2025-12-03,-2.3534587044979682,-0.5036718891486824,-2.6691162013635195,-5.405256790938095,-4.618113465257556,-3.3623332715045025,-2.9473221159133423,-3.7213463861658913,-3.9119950268949766
2,FRSH,IGV,90.6,Strong,89.3,92.0,82.0,2025-12-03,12.45,14.12,18.86,0.093,54.4,1.04,70.0,-0.18,2,1.43,1.472,,3.0,1.89,-0.76,2.02,-0.45,1.1,-0.6,3.0,1.79,-0.39,2.02,-0.56,0.47,-0.6,2025-12-03,7.342378292098961,4.770150892285341,7.02672079523341,-1.1971268954509062,1.2446252014735926,0.8457966239826864,-1.8355945730247347,-2.6836840418038577,-2.800267484006369
3,ADI,SMH,88.8,Strong,82.7,95.4,28.9,2025-12-03,274.65,21.22,17.77,0.054,56.4,0.98,60.0,0.44,3,4.01,1.769,extended >3 ATR above 20d avg,1.66,3.0,-2.07,0.45,1.9,2.22,1.72,0.97,1.81,-0.21,1.12,2.37,0.46,1.72,2025-12-03,1.8727412112583552,-1.1342170392386608,1.557083714392804,-1.9092468878910696,4.783927399716615,0.13367663154252307,0.42711641660277966,-0.02848331832101536,-0.5375564943788547
4,LLY,SPY,86.6,Strong,78.7,95.2,,2025-12-03,1028.3,14.03,12.77,0.101,54.3,0.57,70.0,-0.04,1,0.29,1.747,,3.0,1.03,-3.0,2.7,0.18,1.44,-2.49,2.77,0.69,-1.25,2.02,-0.99,-0.6,-2.49,2025-12-03,-3.7950294844598553,-4.110686981325406,-4.110686981325406,0.8679913590097676,2.9109148784433603,2.9109148784433603,4.297141077788358,3.3324681668067235,3.3324681668067235
5,CDNA,XLV,82.0,Strong,78.4,85.7,75.0,2025-12-03,18.86,29.89,22.96,0.071,53.3,0.71,60.0,0.28,2,2.62,1.144,,2.01,-0.99,-2.32,2.02,2.1,2.08,-3.0,1.41,1.04,-2.4,0.67,1.1,-0.4,-3.0,2025-12-03,4.044704630122409,5.894491445471695,3.7290471332568575,3.6455561468866637,4.432699472567203,5.688479666320257,5.002660989888241,4.228636719635692,4.037988078906607
6,MRK,XLV,68.0,Moderate,63.5,72.8,75.0,2025-12-03,99.39,21.95,15.02,0.02,55.2,0.66,50.0,-0.23,1,2.11,0.743,,1.46,0.59,-1.43,1.35,-0.52,-0.83,0.34,0.86,2.62,-1.5,0.0,-1.52,-3.0,0.34,2025-12-03,-4.37544107268878,-2.525654257339494,-4.691098569554331,-2.006250630103834,-1.2191073044232947,0.03667288932975854,4.899687468494807,4.125663198242258,3.9350145575131723
7,CHRD,XOP,51.4,Weak,54.9,48.2,87.1,2025-12-03,93.26,9.38,0.93,0.028,50.7,1.13,60.0,-0.01,3,1.84,0.214,,0.8,0.13,-0.08,0.45,0.27,1.16,-0.89,1.58,0.18,0.41,1.12,0.65,0.23,-0.89,2025-12-03,5.26202979316257,6.025788684963407,4.946372296297019,-2.282713535526737,3.842333263424969,-0.23979001609314432,-5.26202979316257,1.7915082075862232,-6.226702704144205
8,LITE,XLK,43.0,Weak,31.3,59.1,59.8,2025-12-03,303.25,61.03,62.36,0.074,53.4,0.86,60.0,0.65,3,1.3,0.433,,0.24,0.16,-2.43,-0.67,1.23,1.16,-0.88,0.41,-0.82,-0.63,-0.67,1.35,0.0,-0.88,2025-12-03,18.18886699189093,15.758960449834849,17.873209495025378,3.4213161890608523,7.422700751193079,5.4642397084944445,27.86159661422156,27.017013713563884,26.896923703239928
9,AAPL,QQQ,40.0,Weak,31.2,51.2,67.5,2025-12-03,283.38,5.24,4.55,0.089,50.5,0.99,70.0,-0.09,1,1.78,0.275,,1.71,-2.27,-0.43,2.7,-0.44,0.34,-1.03,1.38,-1.57,0.33,2.02,-1.15,-1.56,-1.03,2025-12-03,-1.8918537342933806,-2.311467882203344,-2.2075112311589318,-4.3060849922349265,-0.3752168250323429,-2.263161472801334,-3.674290554849624,-3.5263805870039744,-4.638963465831258
10,CART,XLY,31.6,None,15.0,66.5,20.3,2025-12-03,42.62,16.85,16.49,-0.033,49.8,0.78,40.0,-0.41,3,1.73,0.593,,1.32,0.01,-3.0,0.56,-1.79,0.77,-0.14,-0.71,-0.31,-1.08,-0.34,-2.03,-1.6,-0.14,2025-12-03,2.0412951665884638,1.9907475675994046,1.7256376697229125,7.109338338808069,6.401671952961396,9.152261858241662,7.109338338808069,4.733601186322822,6.1446654278264345
11,KO,XLP,30.8,None,31.9,29.8,84.5,2025-12-03,69.46,3.83,0.11,-0.013,53.6,0.89,40.0,0.07,2,-0.07,-0.178,,1.42,-1.25,0.36,-1.35,0.58,0.19,-0.6,-0.58,0.62,-0.95,-2.02,0.66,-0.31,-0.6,2025-12-03,-0.8491652274035699,-0.24856462680296065,-1.1648227242691211,-0.23028209556708035,-1.4575963663596037,1.8126414238665123,-1.1658031088082943,-1.2049727131952848,-2.1304760197899286
12,PAA,XLE,28.9,None,26.7,31.2,80.1,2025-12-03,16.74,7.93,2.6,-0.038,48.2,0.98,45.0,-0.05,1,2.42,-0.145,,-0.63,0.6,-0.44,-2.02,-1.0,1.85,-0.08,-0.28,-0.34,-0.22,-0.67,-0.41,-0.18,-0.08,2025-12-03,-0.952380952380949,-1.6023137179569158,-1.2680384492465002,-0.29761904761904656,2.1004087426095497,1.745304471814546,0.11904761904761862,2.4722524599261386,-0.8456252919340157
13,PARR,XLE,28.8,None,26.6,31.1,80.1,2025-12-03,44.67,10.27,4.94,0.032,51.3,0.81,55.0,-0.08,4,0.4,-0.147,4 distribution days in 20,-0.4,1.67,-1.02,-2.02,-0.77,1.41,-0.87,-0.04,0.73,-0.81,-0.67,-0.18,-0.63,-0.87,2025-12-03,-4.066130473637175,-4.716063239213142,-4.381787970502726,-13.873994638069709,-11.475966847841113,-11.831071118636116,-18.663985701519216,-16.310780860640698,-19.62865861250085
14,RGLD,GDX,26.1,None,13.6,50.0,41.6,2025-12-03,199.37,18.65,-0.02,-0.005,52.0,0.9,55.0,0.1,0,2.01,0.249,,-0.73,0.56,-0.98,0.34,1.02,0.69,-1.71,-1.14,-1.59,-0.42,-0.67,0.71,-0.41,-1.71,2025-12-03,5.776466998881324,2.0653335986807297,5.460809502015773,12.361435980880708,5.540974596728265,14.404359500314301,16.607342621783783,3.9443536548830807,15.64266971080215
15,AU,GDX,23.4,None,11.9,46.2,41.6,2025-12-03,79.37,32.77,14.1,0.061,46.8,1.13,55.0,0.19,2,1.14,0.174,,-0.32,0.56,-0.38,-0.34,0.7,0.82,-0.79,-0.72,-1.6,0.19,-1.35,0.39,-0.28,-0.79,2025-12-03,0.9033423667569984,-2.8077910334435963,0.5876848698914472,3.600464576074347,-3.219996808078096,5.643388095507939,9.936766034327004,-2.726222932573698,8.97209312334537
16,ARQT,XBI,22.0,None,22.6,21.5,84.6,2025-12-03,29.95,24.84,12.08,0.025,53.2,0.67,55.0,-0.17,2,1.79,-0.398,,-1.49,-2.76,-2.64,1.17,-0.27,-0.33,-0.96,0.24,-0.14,-0.23,0.0,-1.0,-2.51,-0.96,2025-12-03,0.9833841980332325,0.2791588459205574,0.6677267011676813,-3.93353679213293,-3.7181266844278693,-1.8906132726993374,-0.13563919972872096,-4.3858463248322765,-1.1003121107103553
17,CORT,XBI,19.1,None,21.5,17.0,84.6,2025-12-03,83.66,17.52,4.75,0.015,50.4,0.74,50.0,0.03,0,2.22,-0.544,,-2.2,-2.93,-3.0,-0.18,0.65,-0.16,-0.04,-0.46,-0.31,-1.27,-1.35,-0.07,-2.34,-0.04,2025-12-03,1.1499703615886148,0.44574500947593965,0.8343128647230635,-2.442205097806749,-2.226794990101688,-0.39928157837315625,-1.6004742145820927,-5.850681339685648,-2.565147125563727
18,FIGS,XLY,18.3,None,6.3,53.0,20.3,2025-12-03,11.3,53.12,52.76,0.01,53.1,0.98,45.0,0.04,6,3.67,0.31,6 distribution days in 20; extended >3 ATR above 20d avg,1.95,0.25,-2.76,-1.12,0.08,0.84,0.96,-0.08,-0.06,0.32,-2.02,-0.17,-1.54,0.96,2025-12-03,5.093833780160861,5.043286181171802,4.77817628329531,2.0107238605898026,1.30305747474313,4.053647380023396,5.898123324396787,3.52238617191154,4.9334504134151524
19,PR,XOP,18.1,None,20.2,16.3,87.1,2025-12-03,14.23,18.88,10.42,-0.007,49.7,0.94,45.0,-0.11,2,2.12,-0.569,,-0.97,-0.03,-0.75,-2.02,-0.83,-0.07,-1.57,-0.19,0.02,-0.26,-1.35,-0.45,-1.0,-1.57,2025-12-03,1.467505241090139,2.2312641328909755,1.1518477442245878,-1.9566736547868668,4.168373144164839,0.0862498646467258,-5.241090146750526,1.8124478539982674,-6.2057630577321605
20,DHR,XLV,16.0,None,11.5,22.3,75.0,2025-12-03,227.22,6.87,-0.06,-0.032,44.8,0.93,40.0,-0.09,3,1.32,-0.374,,0.12,-3.0,-0.76,0.0,0.94,1.56,-0.19,-0.48,-1.68,-0.84,-1.35,-0.06,-0.92,-0.19,2025-12-03,1.188110065809811,3.0378968811590967,0.8724525689442597,-2.199549489863517,-1.4124061641829777,-0.15662597042992443,1.6562872664634964,0.8822629962109474,0.6916143554818621
21,NESR,OIH,15.0,None,22.6,10.0,91.1,2025-12-03,14.73,19.56,11.26,0.048,57.7,0.68,55.0,-0.02,3,1.68,-0.846,,-3.0,-0.97,-1.08,0.45,-1.73,0.69,-0.11,-0.17,-0.13,-0.28,-0.22,-0.66,-0.88,-0.11,2025-12-03,1.1509817197020933,0.13172917157073805,0.8353242228365421,-2.031144211238989,4.057723952107894,0.011779308194603821,0.9478672985782088,6.73695530070999,-0.016805612403425485
22,FTI,OIH,13.6,None,21.5,8.6,91.1,2025-12-03,46.56,11.57,3.27,0.019,49.4,0.94,45.0,0.05,0,2.21,-0.934,,-2.09,-1.36,0.05,-0.0,-0.13,-1.1,-1.25,1.01,-0.52,0.86,-0.67,0.94,-2.67,-1.25,2025-12-03,-0.2593473092716736,-1.2785998574030288,-0.5750048061372248,-4.279230602982498,1.8096375603643855,-2.236307083548905,-3.695699157121246,2.0933888450105353,-4.66037206810288
23,ROST,XRT,12.2,None,6.4,23.3,51.1,2025-12-03,176.54,9.7,2.7,-0.069,48.4,0.84,35.0,0.05,4,2.94,-0.345,4 distribution days in 20,-1.18,1.25,0.92,-1.35,0.82,0.73,2.03,-2.28,-0.86,-0.01,-1.35,0.26,-0.88,2.03,2025-12-03,1.975169300225743,-1.2582785263761664,1.6595118033601919,2.488713318284441,0.08435467799072782,4.531636837718034,1.9130925507900853,-0.7281487141631127,0.948419639808451
24,EXEL,XBI,12.0,None,11.0,13.0,84.6,2025-12-03,44.02,16.24,3.48,0.011,49.6,1.01,50.0,-0.2,1,1.32,-0.699,,-3.0,-3.0,-3.0,-0.18,-1.05,-0.01,3.0,-1.46,-1.37,-1.28,-1.35,-1.77,-2.19,3.0,2025-12-03,-6.618148737775753,-7.322374089888428,-6.933806234641304,-4.480327496020009,-4.264917388314949,-2.4374039765864164,5.071639754377988,0.8214326292744323,4.1069668433963535
25,REGN,XBI,10.7,None,10.1,11.4,84.6,2025-12-03,720.51,15.36,2.6,-0.053,49.4,0.76,40.0,-0.23,2,0.34,-0.774,,-2.35,-3.0,-3.0,-0.18,-0.13,0.66,-3.0,-0.62,-1.38,-1.24,-1.35,-0.85,-1.52,-3.0,2025-12-03,-0.8250757233118078,-1.529301075424483,-1.140733220177359,2.3614708825020925,2.576880990207153,4.404394401935685,6.559489056096934,2.3092819309933788,5.5948161451153
26,WAT,XLV,7.9,None,6.3,10.0,75.0,2025-12-03,397.62,8.23,1.3,-0.089,50.1,1.12,35.0,0.11,2,1.03,-0.85,,-1.77,-2.52,0.97,0.0,1.88,1.88,-3.0,-2.37,-0.49,0.89,-1.35,0.88,-0.6,-3.0,2025-12-03,-0.3998792817262786,1.4499075336230072,-0.7155367785918298,-5.133041597505161,-4.3458982718246215,-3.0901180780715687,-3.2166390020622715,-3.9906632723148205,-4.181311913043906
27,ATRO,ITA,7.9,None,2.3,27.2,21.0,2025-12-03,42.89,7.93,12.75,0.018,50.7,1.09,45.0,0.22,5,0.59,-0.243,5 distribution days in 20,-0.06,0.25,0.13,-0.34,0.61,1.76,-0.14,-1.86,-1.84,0.52,-1.69,0.31,-0.95,-0.14,2025-12-03,-0.06999533364442367,-1.2710474950420103,-0.3856528305099749,-2.2398506766215576,-3.659275958273245,-0.19692715718796494,8.632757816145586,-0.28083591059022694,7.668084905163952
28,GOOG,QQQ,7.2,None,5.2,9.9,67.5,2025-12-03,319.71,15.28,14.58,0.007,52.3,0.79,45.0,-0.32,2,1.92,-0.856,,-1.94,-1.01,-1.03,-1.35,-3.0,0.43,0.84,-2.27,-0.31,-0.26,-2.02,-3.0,-1.47,0.84,2025-12-03,-0.5744092899059083,-0.9940234378158719,-0.8900667867714596,-7.638091098208455,-3.7072229310058713,-5.595167578774863,-2.263483093737395,-2.1155731258917454,-3.2281560047190294
29,SHC,XLV,6.6,None,3.9,11.2,75.0,2025-12-03,16.84,2.46,-4.47,-0.045,49.5,1.17,45.0,0.11,5,1.08,-0.786,5 distribution days in 20,-0.19,-3.0,1.28,0.34,1.53,2.83,0.64,-0.8,-2.47,1.2,-1.01,0.53,0.35,0.64,2025-12-03,2.9268292682926855,4.776616083641971,2.6111717714271343,2.499999999999991,3.2871433256805305,4.542923519433584,7.92682926829269,7.152804998040141,6.962156357311056
30,GOOGL,QQQ,4.0,None,2.9,5.5,67.5,2025-12-03,318.69,15.11,14.42,0.013,52.5,0.87,55.0,-0.34,4,1.86,-1.169,4 distribution days in 20,-2.68,-1.01,-0.82,0.0,-3.0,0.5,0.35,-3.0,-0.31,-0.06,-0.67,-3.0,-1.4,0.35,2025-12-03,-0.5756246305112067,-0.9952387784211703,-0.8912821273767579,-7.8720557578020545,-3.941187590599471,-5.829132238368462,-2.492299075889104,-2.3443891080434542,-3.4569719868707383
31,MNST,XLP,2.2,None,1.6,3.0,84.5,2025-12-03,36.99,10.62,6.9,-0.025,45.6,0.98,50.0,-0.13,2,1.46,-1.491,,0.17,-3.0,2.16,-1.35,-1.37,-2.65,1.17,-1.84,-3.0,0.85,-2.02,-1.29,-3.0,1.17,2025-12-03,-0.10819583446036729,0.492404766140242,-0.4238533313259185,0.5409791723018698,-0.6863350984906536,2.5839026917354624,4.814714633486616,4.775545029099626,3.850041722504982
32,AMRX,XPH,2.2,None,2.1,2.3,76.7,2025-12-03,12.19,7.31,-2.24,-0.049,46.1,0.73,45.0,-0.07,2,0.95,-1.615,,-3.0,-3.0,-2.07,-3.0,-0.43,-1.98,-0.35,-3.0,-3.0,-2.75,-3.0,-0.96,-3.0,-0.35,2025-12-03,0.2873563218390718,-4.652986705752271,-0.02830117502647944,1.3546798029556717,-1.348526759311297,3.3976033223892643,5.6650246305418595,-1.3446696274745484,4.700351719560225
1,FRSH,IGV,93.6,Strong,92.7,94.5,46.2,2025-12-10,13.45,15.45,16.32,0.103,54.5,0.92,75.0,0.08,1,2.87,1.672,,2.72,2.17,-2.08,3.0,-0.44,0.07,-1.48,3.0,1.83,-1.25,1.89,0.55,0.63,-1.48,2025-12-10,-7.542942494398808,-3.995536247278198,-5.5260341036467935,-8.140403286034347,-7.8455539356243165,-9.131890073587645,-13.368185212845418,-7.950328399061213,-13.37851320021577
2,CHRD,XOP,93.4,Strong,92.4,94.4,41.6,2025-12-10,98.22,12.6,11.84,0.096,56.5,1.07,70.0,0.15,2,2.81,1.666,,2.65,1.09,-0.93,2.2,1.95,3.0,-1.68,2.79,1.06,0.14,2.47,1.52,2.95,-1.68,2025-12-10,-5.776583651958244,-1.68386639369632,-3.7596752612062296,-8.649374806241594,-3.6080651367189525,-9.640861593794892,-4.887878474733897,-2.279249343766942,-4.898206462104248
3,ADI,SMH,90.0,Strong,92.2,87.8,65.4,2025-12-10,279.06,21.07,14.45,0.07,56.3,0.77,65.0,0.2,2,3.23,1.237,extended >3 ATR above 20d avg,0.03,2.57,-3.0,0.67,0.55,-0.53,1.51,1.17,1.76,-1.03,2.7,1.39,0.67,1.51,2025-12-10,-3.715913570072027,4.614933078328798,-1.6990051793200123,-1.4225821478481948,-0.11503799788753488,-2.414068935401492,-2.7734976887519247,-4.051201619522615,-2.7838256761222757
4,AMAT,SMH,85.9,Strong,85.6,86.3,65.4,2025-12-10,274.15,20.46,13.84,0.119,52.2,1.09,80.0,0.47,3,2.99,1.171,,1.44,1.11,-2.06,2.7,0.64,-0.26,0.22,2.58,0.29,0.07,3.0,1.49,0.94,0.22,2025-12-10,-8.406719455339307,-0.07587280693848086,-6.389811064587292,-3.770443276844515,-2.462899126883855,-4.761930064397813,-0.8954340264930138,-2.1731379572637044,-0.9057620138633649
5,TXN,SMH,85.3,Strong,92.2,79.0,65.4,2025-12-10,178.65,13.71,7.09,0.046,54.2,0.72,70.0,0.12,0,2.68,0.913,,0.07,2.1,-3.0,0.67,0.27,-1.68,0.13,1.22,1.28,-3.0,2.7,1.11,-0.48,0.13,2025-12-10,-3.2374506486181676,5.093395999782658,-1.220542257866153,-1.82177100958828,-0.51422685962762,-2.8132577971415773,-1.5397631133671874,-2.817467044137878,-1.5500911007375384
6,AAOI,XLK,80.6,Strong,89.4,72.6,68.1,2025-12-10,34.99,47.39,45.87,0.068,56.8,0.78,60.0,1.31,2,4.35,0.736,extended >3 ATR above 20d avg,0.58,3.0,,0.22,0.57,-1.29,-1.44,1.19,3.0,-1.09,1.57,1.59,-0.43,-1.44,2025-12-10,-23.175053153791623,-17.953263802414398,-21.15814476303961,16.170092133238832,16.60751951345892,15.178605345685535,12.232459248759753,13.975333966824143,12.222131261389402
7,SLB,OIH,77.2,Strong,78.2,76.3,57.1,2025-12-10,39.29,7.03,2.21,0.062,51.9,0.78,55.0,0.25,0,3.04,0.834,extended >3 ATR above 20d avg,0.23,0.08,-1.58,2.02,0.61,1.79,-0.6,1.79,0.06,-2.36,0.0,1.55,-0.13,-0.6,2025-12-10,-3.289977046671766,2.823909067214348,-1.2730686559197513,-4.769191532772243,1.0449942814135804,-5.760678320325541,0.8671257332313109,2.312347178452767,0.8567977458609599
8,BIIB,XLV,74.8,Strong,68.6,81.5,17.3,2025-12-10,177.58,11.24,10.3,0.06,52.3,0.74,75.0,0.04,2,0.49,0.991,,3.0,-0.63,1.16,3.0,1.47,0.6,0.61,1.56,-0.42,-0.36,2.7,-0.15,-0.69,0.61,2025-12-10,-2.9997180716098026,-3.665275475935925,-0.982809680857788,-0.47927826332111456,-2.7288622899434123,-1.470765050874412,0.2706512545813444,-1.9589660499111705,0.2603232672109934
9,ACMR,SMH,72.9,Strong,77.3,68.7,65.4,2025-12-10,39.49,20.89,14.27,0.085,54.9,0.97,70.0,0.52,1,3.36,0.642,extended >3 ATR above 20d avg,0.85,1.42,-2.02,-0.67,0.35,-0.5,-0.87,1.99,0.61,0.11,1.35,1.2,0.69,-0.87,2025-12-10,-3.561290322580657,4.769556325820169,-1.5443819318286423,3.483870967741942,4.791415117702602,2.492384180188645,15.948387096774198,14.670683166003506,15.938059109403847
10,AVGO,QQQ,71.2,Strong,83.1,61.0,80.1,2025-12-10,409.78,17.26,16.29,0.068,58.0,1.15,70.0,0.29,4,2.37,0.473,4 distribution days in 20,1.38,0.67,1.22,2.02,1.57,0.98,-0.18,1.55,2.15,1.17,2.7,2.47,1.26,-0.18,2025-12-10,-19.440573362532344,-15.679903367364036,-17.42366497178033,-13.341130798327683,-13.370120973879306,-14.33261758588098,-13.975711726060114,-12.382862636029513,-13.986039713430465
11,CDNA,XLV,70.3,Strong,57.9,85.4,17.3,2025-12-10,19.55,16.51,15.57,0.066,54.8,0.88,55.0,0.41,1,2.18,1.133,,3.0,0.43,2.19,3.0,3.0,1.79,-2.43,1.32,0.64,0.67,0.4,1.49,0.5,-2.43,2025-12-10,1.1688311688311748,0.5032737645050522,3.1857395595831894,2.493506493506503,0.2439224668842055,1.5020197059532059,-0.5194805194805308,-2.7490978239730457,-0.5298085068508818
12,COP,XOP,66.9,Moderate,65.2,68.6,41.6,2025-12-10,94.73,7.73,6.97,-0.013,50.7,0.89,45.0,0.08,1,3.04,0.64,extended >3 ATR above 20d avg,-0.37,0.2,-3.0,-0.94,3.0,-0.74,1.26,-0.24,0.17,-2.71,-0.67,2.89,-1.48,1.26,2025-12-10,-1.2436224489795977,2.8490948092823265,0.7732859417724169,-4.368622448979586,0.6726872205430556,-5.3601092365328835,0.5527210884353595,3.1613502194023146,0.5423931010650085
13,MTCH,XLC,64.7,Moderate,69.7,60.0,65.2,2025-12-10,33.22,2.59,0.08,0.045,50.9,0.91,55.0,0.15,1,1.06,0.452,,0.37,0.97,-0.05,0.34,0.27,1.11,-0.47,0.5,0.59,-0.61,0.34,1.0,2.05,-0.47,2025-12-10,-3.9398496240601433,-3.0301286051725995,-1.9229412333081286,-3.7894736842105314,-5.175715236801059,-4.780960471763828,-6.19548872180451,-6.559377129359523,-6.205816709174861
14,TSM,SMH,64.4,Moderate,69.6,59.5,65.4,2025-12-10,307.62,6.5,-0.12,0.095,56.7,1.12,75.0,0.16,3,2.27,0.443,,-0.04,1.95,-2.12,-0.0,-0.24,-0.1,-1.98,1.1,1.14,0.01,2.02,0.6,1.1,-1.98,2025-12-10,-9.279641468397804,-0.9487948199969782,-7.262733077645789,-2.3166150398734486,-1.0090708899127887,-3.308101827426746,4.702431951492803,3.424728020722112,4.692103964122452
15,GEV,XLI,57.0,Moderate,66.7,48.7,72.4,2025-12-10,721.68,25.51,24.34,0.039,51.4,0.96,60.0,0.33,4,3.56,0.224,4 distribution days in 20; extended >3 ATR above 20d avg,-0.36,0.14,-2.05,1.35,1.31,-0.93,-0.09,1.16,0.37,-1.63,2.02,1.04,-0.86,-0.09,2025-12-10,-13.661017426707811,-12.136429389858195,-11.644109035955797,-6.256427595339742,-7.7291147628497985,-7.24791438289304,-4.602510460251052,-6.289288713786811,-4.612838447621403
16,FCX,COPX,56.1,Moderate,58.4,53.9,59.0,2025-12-10,46.11,13.04,2.37,0.023,51.6,0.76,50.0,0.12,2,2.96,0.327,,-0.9,1.95,-0.61,-2.02,0.22,2.37,0.5,0.01,0.46,-0.9,-0.67,0.83,1.47,0.5,2025-12-10,2.724324324324323,1.9719920944115898,4.741232715076338,11.545945945945956,3.4358045074867274,10.554459158392659,11.502702702702706,1.9179900936145309,11.492374715332355
17,KEYS,XLK,53.7,Weak,76.8,37.5,68.1,2025-12-10,212.79,16.62,15.1,0.028,52.0,0.57,65.0,0.25,0,3.3,-0.006,extended >3 ATR above 20d avg,-0.9,0.71,,-1.35,0.35,1.29,0.94,-0.28,-0.09,-3.0,0.0,1.37,2.15,0.94,2025-12-10,-6.715856753454263,-1.4940674020770368,-4.698948362702248,-3.501268916251521,-3.063841536031431,-4.492755703804818,-2.942005827615368,-1.1991311095509771,-2.9523338149857192
18,PDFS,IGV,52.9,Weak,49.3,56.8,46.2,2025-12-10,31.88,21.87,22.74,0.113,51.9,1.06,70.0,0.26,3,4.07,0.387,extended >3 ATR above 20d avg,0.43,0.44,-0.69,1.69,-0.2,0.2,-0.09,0.89,0.1,0.14,0.34,0.79,0.75,-0.09,2025-12-10,-13.36898395721925,-9.821577710098639,-11.352075566467235,-9.59421201635735,-9.299362665947319,-10.585698803910647,-7.077697389116078,-1.6598405753318728,-7.088025376486429
19,MTSI,SMH,49.5,Weak,54.2,45.2,65.4,2025-12-10,186.19,9.53,2.91,0.007,52.5,0.82,30.0,-0.25,2,1.94,0.153,,0.29,1.6,-2.74,-2.7,-1.73,-3.0,3.0,1.43,0.78,-0.61,-0.67,-0.88,-2.17,3.0,2025-12-10,-8.25340599455041,0.07744065385041488,-6.236497603798396,-4.190735694822889,-2.883191544862229,-5.182222482376186,-4.643051771117168,-5.920755701887859,-4.653379758487519
20,ZBRA,XLK,48.0,Weak,52.9,43.6,68.1,2025-12-10,271.45,6.39,4.87,0.016,51.9,1.31,40.0,0.1,4,3.17,0.122,4 distribution days in 20; extended >3 ATR above 20d avg,1.62,2.4,,-1.35,0.46,-1.42,-3.0,2.23,1.6,0.58,0.0,1.48,-0.56,-3.0,2025-12-10,-5.689367229541653,-0.46757787816442686,-3.6724588387896384,-9.352384486917787,-8.914957106697697,-10.343871274471084,-7.871590276489138,-6.128715558424746,-7.881918263859489
21,FORM,SMH,44.9,Weak,50.7,39.8,65.4,2025-12-10,59.23,14.04,7.42,0.037,47.2,0.92,55.0,0.22,1,2.55,0.043,,0.05,-0.02,-3.0,-1.35,0.08,-1.55,-1.83,1.2,-0.84,-0.87,0.67,0.93,-0.35,-1.83,2025-12-10,-7.814910025706945,0.5159366226938804,-5.798001634954931,-0.31705227077978293,0.990491879180877,-1.3085390583330803,1.4567266495287168,0.17902271875802622,1.4463986621583658
22,CDNS,IGV,42.1,Weak,38.6,45.9,46.2,2025-12-10,338.11,6.14,7.01,0.044,49.0,0.88,60.0,0.2,1,2.55,0.168,,-0.55,-0.38,-2.61,1.35,-0.25,-1.49,-1.43,-0.09,-0.72,-1.78,0.0,0.74,-0.93,-1.43,2025-12-10,-7.451264605827546,-3.9038583587069353,-5.434356215075531,-5.931075284721199,-5.6362259343111685,-6.922562072274497,-8.211802987723704,-2.7939461739394993,-8.222130975094055
23,ROST,XRT,40.0,Weak,31.2,51.4,32.5,2025-12-10,180.7,11.97,3.4,-0.016,49.8,0.74,45.0,0.07,4,2.88,0.277,4 distribution days in 20,0.57,1.19,-0.55,0.0,0.08,0.41,1.07,-0.16,-0.25,-0.74,0.0,0.5,-0.03,1.07,2025-12-10,0.31484754750332744,1.0040274234509594,2.331755938255342,-0.24856385329208308,0.21088939733967527,-1.2400506408453804,0.3093239063190367,2.3194318778329337,0.2989959189486857
24,RGLD,GDX,39.7,None,26.2,60.3,20.1,2025-12-10,208.02,11.71,3.06,0.012,52.8,0.82,55.0,0.23,0,2.37,0.459,,-0.17,1.36,-0.93,0.67,1.22,-0.14,-2.48,-0.59,-1.14,-1.25,-0.67,2.03,-0.69,-2.48,2025-12-10,5.894474529160876,2.7467747712916157,7.91138291991289,9.896008050989602,1.1066618040162393,8.904521263436305,5.53026309483875,1.6924906977443088,5.519935107468399
25,BTSG,XLV,38.5,None,24.1,61.6,17.3,2025-12-10,35.23,3.86,2.92,0.032,51.3,0.91,70.0,-0.1,2,0.75,0.487,,1.46,-0.56,1.63,3.0,0.36,1.89,-1.61,-0.77,-0.35,0.11,0.67,-1.26,0.6,-1.61,2025-12-10,-0.23829548640313947,-0.903852890729262,1.7786129043488752,5.775161199887857,3.5255771732655594,4.78367441233456,7.681525091112973,5.451907786620458,7.671197103742622
26,COHR,XLK,38.3,None,45.8,32.1,68.1,2025-12-10,197.65,25.08,23.57,0.06,49.3,1.13,55.0,0.2,3,3.08,-0.124,extended >3 ATR above 20d avg,1.16,-0.03,,-0.0,-0.56,-1.68,0.31,1.78,-0.83,0.36,1.35,0.46,-0.82,0.31,2025-12-10,-11.699481865284977,-6.47769251390775,-9.682573474532962,-0.6373056994818604,-0.19987831926177035,-1.6287924870351578,0.6632124352331514,2.4060871532975425,0.6528844478628004
27,ONTO,SMH,37.3,None,42.8,32.5,65.4,2025-12-10,168.37,26.25,19.63,0.047,54.4,0.91,50.0,0.15,0,3.77,-0.116,extended >3 ATR above 20d avg,-0.59,1.52,-1.0,-1.69,0.06,-1.51,-1.27,0.55,0.71,1.14,0.34,0.9,-0.31,-1.27,2025-12-10,-10.759646788435951,-2.4288001400351256,-8.742738397683937,-2.1047538405709387,-0.7972096906102788,-3.096240628124236,0.34474416354179915,-0.9329597672288914,0.33441617617144814
28,ARQT,XBI,36.0,None,19.8,65.6,11.8,2025-12-10,29.78,23.98,16.93,0.034,51.6,0.79,50.0,-0.06,2,0.79,0.572,,2.48,-1.47,-1.26,0.67,0.32,0.81,-1.05,0.54,-0.36,0.58,-0.67,-0.75,-1.41,-1.05,2025-12-10,-4.964776920496483,-4.100508256408908,-2.9478685297444684,-1.2076484401207677,-4.7799589183494255,-2.199135227674065,-2.7507547802750776,-2.6684434789334133,-2.7610827676454286
29,INGM,XLK,35.2,None,49.9,24.8,68.1,2025-12-10,23.15,11.14,9.62,0.017,54.0,0.83,45.0,0.31,3,3.7,-0.304,extended >3 ATR above 20d avg,-0.73,1.46,,-1.69,-0.12,-1.79,2.64,-0.12,0.66,-1.03,-0.34,0.9,-0.93,2.64,2025-12-10,-7.03735881841877,-1.815569467041544,-5.020450427666756,-4.344048653344923,-3.906621273124833,-5.33553544089822,-8.210251954821901,-6.46737723675751,-8.220579942192252
30,CART,XLY,34.6,None,20.4,58.6,13.8,2025-12-10,43.49,11.03,11.05,-0.009,49.1,1.3,45.0,0.05,3,0.97,0.425,heavy selling into close today,0.67,-0.13,-3.0,0.9,-0.27,-0.86,-0.82,-0.37,-0.28,0.52,0.0,0.35,-0.44,-0.82,2025-12-10,5.891904430526562,5.226641272631816,7.908812821278577,5.891904430526562,3.5592728515791983,4.900417642973265,1.8789144050104456,2.83049335237886,1.8685864176400946
31,LECO,XLI,28.8,None,39.4,21.1,72.4,2025-12-10,244.77,7.18,6.0,0.002,51.4,0.55,60.0,-0.01,0,2.15,-0.41,,-2.93,-0.97,-3.0,-0.67,0.55,-0.81,0.44,-1.41,-0.73,-3.0,0.0,0.28,-0.74,0.44,2025-12-10,-2.328895403281639,-0.8043073664320222,-0.31198701252962424,-1.127804242498276,-2.600491410008332,-2.1192910300515733,-1.323236024591834,-3.010014278127593,-1.333564011962185
32,INTC,SMH,26.1,None,27.4,24.8,65.4,2025-12-10,40.78,7.6,0.98,0.048,50.3,0.93,50.0,0.42,3,1.19,-0.304,,0.32,-0.26,-1.03,-3.0,1.18,0.07,-0.5,1.47,-1.08,1.1,-2.02,2.02,1.27,-0.5,2025-12-10,-9.97005240828549,-1.639205759884664,-7.953144017533475,-9.857748939356137,-8.550204789395476,-10.849235726909434,-1.7219865235837184,-2.999690454354409,-1.7323145109540694
33,LITE,XLK,24.7,None,28.7,21.3,68.1,2025-12-10,365.83,44.91,43.39,0.077,57.0,1.31,50.0,1.09,3,2.74,-0.404,,-0.01,1.17,,-2.02,1.21,-1.82,-1.5,0.6,0.37,1.18,-0.67,2.23,-0.96,-1.5,2025-12-10,-12.34152085215915,-7.119731500781923,-10.324612461407135,8.373723267340294,8.811150647560384,7.382236479786997,5.698403570744004,7.441278288808395,5.688075583373653
34,CORT,XBI,23.3,None,11.5,47.2,11.8,2025-12-10,85.32,8.04,1.0,-0.013,49.2,0.77,40.0,0.02,1,1.81,0.195,,0.82,-1.67,-3.0,-1.35,0.94,-1.07,1.32,-1.12,-0.56,-1.3,-2.7,-0.13,-3.0,1.32,2025-12-10,-3.562639165592396,-2.698370501504821,-1.5457307748403815,-2.7305754131020765,-6.3028858913307335,-3.722062200655374,-55.25606469002695,-55.17375338868529,-55.266392677397306
35,NTAP,IGV,22.3,None,19.9,25.1,46.2,2025-12-10,117.85,8.15,9.02,0.028,49.4,1.01,50.0,0.21,4,2.08,-0.297,4 distribution days in 20,-0.41,-0.16,-0.25,0.67,-0.11,-0.46,0.71,0.04,-0.51,0.59,-0.67,0.88,0.09,0.71,2025-12-10,-6.956595600101922,-3.4091893529813118,-4.939687209349907,-7.729550666779927,-7.434701316369896,-8.721037454333224,-10.294742206744246,-4.876885392960041,-10.305070194114597
36,FIGS,XLY,21.2,None,11.0,41.0,13.8,2025-12-10,11.76,21.99,22.01,0.019,51.0,1.01,50.0,0.15,5,3.21,0.068,5 distribution days in 20; extended >3 ATR above 20d avg; heavy selling into close today,1.29,-0.45,-3.0,-0.45,-0.37,-0.81,0.5,0.25,-0.59,0.58,-1.35,0.26,-0.38,0.5,2025-12-10,-3.016142735768912,-3.6814058936636584,-0.9992343450168972,0.679694137638065,-1.652937441309299,-0.31179264991523237,-3.143585386576031,-2.1920064392076166,-3.153913373946382
37,CAT,XLI,21.1,None,28.3,15.8,72.4,2025-12-10,611.73,8.36,7.19,0.057,52.4,0.93,55.0,0.33,2,2.71,-0.587,,-1.44,-0.08,-0.08,-2.02,1.76,0.15,-3.0,0.08,0.16,0.34,-1.35,1.49,0.23,-3.0,2025-12-10,-7.9506872795596095,-6.426099242709993,-5.933778888807595,-4.570326663809876,-6.043013831319932,-5.561813451363173,-1.97943105778422,-3.666209311319979,-1.989759045154571
38,TSLA,QQQ,20.5,None,32.1,13.1,80.1,2025-12-10,451.44,2.74,1.77,0.048,53.1,1.22,55.0,0.39,3,1.71,-0.698,,0.08,-1.71,2.07,-0.67,1.07,1.86,-1.12,0.26,-0.24,2.02,0.0,1.96,2.15,-1.12,2025-12-10,4.07895029962797,7.839620294796279,6.095858690379985,7.901690837398911,7.872700661847287,6.910204049845614,-2.403706921517512,-0.8108578314869108,-2.414034908887863
39,TER,SMH,19.9,None,22.4,17.6,65.4,2025-12-10,203.75,15.09,8.47,0.035,52.5,1.04,50.0,0.2,2,3.01,-0.522,extended >3 ATR above 20d avg,-0.54,-0.44,-1.9,-2.02,0.21,-3.0,-0.77,0.61,-1.26,0.23,0.0,1.05,-2.48,-0.77,2025-12-10,-7.879542060726741,0.4513045876740849,-5.862633669974726,-1.672473867595825,-0.36492971763516513,-2.6639606551491224,3.1856645097063208,1.9079605789356302,3.1753365223359697
40,PR,XOP,19.0,None,15.7,23.1,41.6,2025-12-10,14.52,11.01,10.25,-0.02,51.4,0.99,40.0,-0.15,1,1.99,-0.351,,-0.23,0.56,-0.82,-2.29,-0.23,-0.42,-2.48,-0.09,0.53,0.25,-2.02,-0.65,-1.16,-2.48,2025-12-10,-1.8881118881118986,2.2046053701500257,0.1287965026401161,-5.174825174825171,-0.13351550530252876,-6.166311962378468,-1.6083916083916128,1.0002375225753424,-1.6187195957619638
41,FLS,XLI,16.1,None,22.1,11.8,72.4,2025-12-10,72.6,5.86,4.69,-0.001,46.8,0.97,55.0,-0.24,1,2.04,-0.754,,-1.55,-1.01,0.08,1.35,-1.05,-1.97,-1.45,-0.02,-0.77,0.5,2.02,-1.32,-1.89,-1.45,2025-12-10,-5.405031794304671,-3.8804437574550543,-3.3881234035526564,-2.585015205971808,-4.057702373481864,-3.5765019935251052,-3.0550179706939518,-4.741796224229711,-3.0653459580643028
42,FIVE,XRT,14.2,None,9.9,20.4,32.5,2025-12-10,177.26,18.16,9.59,-0.062,44.3,0.96,45.0,-0.1,4,2.61,-0.432,4 distribution days in 20,-0.4,0.21,-0.22,-1.57,-1.07,0.22,3.0,-1.12,-1.23,-0.41,-1.57,-0.65,-0.21,3.0,2025-12-10,0.7112214946940476,1.4004013706416796,2.7281298854460623,6.231655001128922,6.69110825176068,5.2401682135756245,9.138631745314974,11.14873971682887,9.128303757944623
43,EMR,XLI,12.7,None,13.3,12.1,72.4,2025-12-10,135.5,6.25,5.08,-0.094,49.4,0.89,35.0,0.05,1,1.79,-0.742,,-3.0,-0.02,-1.55,-2.02,0.77,-0.68,-1.36,-3.0,0.22,-1.13,-1.35,0.5,-0.61,-1.36,2025-12-10,-3.9123053074481495,-2.387717270598533,-1.8953969166961349,-0.5167195689082416,-1.9894067364182977,-1.5082063564615389,-0.8415147265077083,-2.5282929800434673,-0.8518427138780593
44,PAA,XLE,10.3,None,8.8,12.1,44.9,2025-12-10,16.64,5.32,4.4,-0.078,45.2,1.01,35.0,-0.09,2,1.39,-0.743,,-1.44,-1.72,-1.09,-2.7,-0.78,0.62,2.31,-1.27,-1.86,-0.11,-2.02,-0.68,-0.57,2.31,2025-12-10,1.3922518159806385,3.7465119056667495,3.409160206732653,1.8159806295399594,4.125397669898712,0.8244938419866621,4.176755447941893,3.818011053323067,4.166427460571542
45,GOOG,QQQ,10.3,None,17.2,6.2,80.1,2025-12-10,320.22,10.05,9.08,0.026,50.9,0.78,45.0,0.09,2,1.54,-1.11,,-1.73,-1.94,-0.12,-2.7,-1.11,1.22,0.27,-1.55,-0.46,-0.17,-2.02,-0.22,1.5,0.27,2025-12-10,-7.1769588417012535,-3.416288846532945,-5.160050450949239,-1.7755172090991533,-1.8045073846507775,-2.7670039966524507,-1.806721377976106,-0.2138722879455046,-1.817049365346457
46,TKR,XLI,10.2,None,14.3,7.3,72.4,2025-12-10,86.74,12.43,11.26,-0.037,49.2,1.12,45.0,-0.04,4,3.53,-1.02,4 distribution days in 20; extended >3 ATR above 20d avg,-1.74,-1.42,0.05,-1.35,0.58,0.46,0.57,-0.22,-1.19,0.47,-0.67,0.3,0.54,0.57,2025-12-10,-4.2164522058823595,-2.6918641690327427,-2.199543815130345,-2.0680147058823706,-3.5407018733924267,-3.059501493435668,-1.7348345588235392,-3.421612812359298,-1.7451625461938902
47,NESR,OIH,10.1,None,10.6,9.6,57.1,2025-12-10,14.94,12.33,7.51,-0.02,53.2,0.71,40.0,0.06,2,1.4,-0.871,,-2.77,-0.77,0.65,-0.67,-1.1,2.16,-0.6,-1.21,-0.78,-0.13,-2.7,-0.16,0.24,-0.6,2025-12-10,-2.2297297297297347,3.884156384156379,-0.21282133897772004,0.7432432432432412,6.557429057429065,-0.24824354431005613,6.65540540540539,8.100626850626846,6.645077418035039
48,FTI,OIH,9.6,None,10.1,9.1,57.1,2025-12-10,46.15,6.34,1.51,-0.02,48.7,0.86,45.0,-0.14,0,1.31,-0.9,,-1.92,-0.77,1.16,1.35,-1.82,-0.67,-1.36,-0.35,-0.78,0.38,-0.67,-0.88,-2.59,-1.36,2025-12-10,-3.4023991275899723,2.7114869862961415,-1.3854907368379576,-2.813522355507081,3.000663458678743,-3.8050091430603783,2.9661941112322676,4.411415556453724,2.9558661238619166
49,PH,XLI,9.3,None,13.0,6.6,72.4,2025-12-10,884.25,3.66,2.49,-0.031,49.3,1.26,50.0,0.0,5,2.24,-1.072,5 distribution days in 20,-2.26,0.04,-0.24,-1.01,0.8,0.27,-2.58,-0.74,0.27,0.18,-0.34,0.53,0.34,-2.58,2025-12-10,-2.9013058139271686,-1.3767177770775518,-0.8843974231751539,-0.1595491886754008,-1.632236356185457,-1.1510359762286981,0.5227781926810948,-1.1640000608546641,0.5124502053107438
50,SMTC,SMH,8.3,None,8.8,7.8,65.4,2025-12-10,79.47,10.38,3.76,-0.013,49.4,0.87,35.0,0.04,5,1.66,-0.984,5 distribution days in 20,-1.34,0.68,-1.09,-3.0,-0.72,-1.63,1.64,-0.19,-0.14,1.04,-2.02,0.12,-0.43,1.64,2025-12-10,-15.784190715181934,-7.453344066781108,-13.76728232442992,-5.207026348808041,-3.899482198847381,-6.198513136361338,-5.658720200752832,-6.936424131523522,-5.669048188123183
51,SITM,SMH,7.0,None,8.6,5.7,65.4,2025-12-10,376.56,22.83,16.21,0.047,50.9,1.22,65.0,0.34,6,3.41,-1.152,6 distribution days in 20; extended >3 ATR above 20d avg,-1.5,0.27,-1.36,-1.69,0.19,-2.67,-0.32,-0.35,-0.55,0.77,0.34,1.04,-1.47,-0.32,2025-12-10,-4.584304584304588,3.7465420640962375,-2.5673961935525735,1.2967875036840493,2.604331653644709,0.30530071613075194,-0.8332663505077331,-2.1109702812784237,-0.8435943378780841
52,AME,XLI,6.5,None,9.2,4.6,72.4,2025-12-10,199.74,1.63,0.46,-0.069,49.7,1.06,45.0,-0.07,5,1.48,-1.267,5 distribution days in 20,-2.19,-0.25,0.55,-1.35,0.17,-0.75,0.67,-0.67,-0.02,0.97,-0.67,-0.1,-0.67,0.67,2025-12-10,-0.3655300185268717,1.159058018322745,1.651378372225143,3.820539782684884,2.347852615174828,2.829052995131587,4.241149667017163,2.5543714134814044,4.230821679646812
53,VSH,SMH,5.0,None,6.7,3.7,65.4,2025-12-10,15.64,11.79,5.17,0.016,49.1,0.97,55.0,0.13,2,3.48,-1.374,extended >3 ATR above 20d avg,-2.04,-3.0,-2.22,-2.7,-0.35,-3.0,0.78,-0.9,-3.0,-0.09,-0.67,0.5,-2.62,0.78,2025-12-10,-7.504810776138548,0.8260358722622776,-5.487902385386533,-4.682488774855676,-3.374944624895016,-5.673975562408973,-2.950609364977541,-4.228313295748231,-2.960937352347892
54,GOOGL,QQQ,4.8,None,8.4,2.8,80.1,2025-12-10,319.54,9.97,9.0,0.027,50.4,0.84,55.0,0.08,3,1.51,-1.519,,-2.52,-2.27,-0.13,-2.02,-1.31,0.65,-0.44,-2.35,-0.79,-0.17,-1.35,-0.42,0.93,-0.44,2025-12-10,-7.315469855380963,-3.554799860212654,-5.298561464628948,-1.903211669692606,-1.9322018452442302,-2.8946984572459034,-1.549489763976708,0.043359326053893366,-1.559817751347059
55,ROK,XLI,1.9,None,2.8,1.3,72.4,2025-12-10,406.32,5.01,3.83,-0.01,49.8,1.11,50.0,-0.09,5,2.42,-1.899,5 distribution days in 20,-2.3,-1.37,1.17,-1.35,-0.05,-1.59,-1.96,-0.78,-1.13,1.6,-0.67,-0.32,-1.51,-1.96,2025-12-10,-4.858079948706562,-3.3334919118569455,-2.8411715579545476,-2.7372937782052187,-4.209980945715275,-3.728780565758516,-2.6559147739883104,-4.342693027524069,-2.6662427613586615
1,ADI,SMH,93.1,Strong,92.3,93.9,60.6,2025-12-17,268.7,18.21,16.4,0.041,57.6,0.69,50.0,-0.11,0,0.96,1.618,,2.21,3.0,-3.0,0.67,0.23,-0.9,0.05,1.35,2.53,-2.3,1.35,-0.13,1.12,0.05,2025-12-17,0.6770356816102607,-3.342978614315406,-1.433833429587028,-0.7026532479414538,-7.44747097488927,-1.821488465890564,9.123513266239701,-2.1731271912299075,6.4025060161874805
2,COP,XOP,87.4,Strong,87.0,87.8,71.3,2025-12-17,92.91,5.9,10.09,0.001,54.7,0.92,50.0,0.09,2,1.42,1.235,,0.49,1.62,-3.0,-0.9,3.0,-0.09,1.99,0.24,1.82,-2.36,-0.67,3.0,0.35,1.99,2025-12-17,-2.4398178269355864,-1.371833448199633,-4.550686938132875,2.580785079158532,1.1142990665658825,1.4619498612094217,3.4482758620689724,3.2171449144320796,0.7272686120167515
3,KEYS,XLK,87.1,Strong,78.6,96.6,19.2,2025-12-17,198.49,13.55,13.6,0.046,51.0,0.63,65.0,-0.06,1,-0.06,1.925,,2.37,2.2,-3.0,1.72,-0.0,3.0,-1.45,0.64,0.1,-3.0,0.37,-0.27,3.0,-1.45,2025-12-17,1.51784831405124,-1.6917308272269338,-0.5930207971460488,2.106199940670428,0.2498870598428793,0.9873647227213178,2.511618708592911,-0.6625346143488642,-0.20938854145930996
4,AVPT,IGV,83.3,Strong,75.4,92.1,45.8,2025-12-17,13.71,7.24,7.02,0.016,50.2,0.9,45.0,0.17,2,1.4,1.479,,1.41,0.78,-1.43,2.02,2.64,1.36,1.17,1.09,0.61,-0.61,0.0,2.15,0.54,1.17,2025-12-17,-2.4531024531024515,-4.692331478045764,-4.56397156429974,-4.581529581529575,-1.5675462104033477,-5.7003647994786855,-1.6594516594516495,-0.83745619459904,-4.38045890950387
5,ROST,XRT,78.9,Strong,77.5,80.4,74.6,2025-12-17,181.61,14.54,3.68,-0.005,53.3,0.68,50.0,0.07,1,2.16,0.955,,1.15,0.7,-1.01,1.35,0.23,1.24,0.84,0.32,0.63,-1.63,0.67,0.56,1.82,0.84,2025-12-17,-0.9923245614035126,-0.61297061267378,-3.1031936726008014,-0.43859649122807154,1.4926599750324065,-1.5574317091771817,4.303728070175428,1.4413300933964868,1.5827208201232068
6,CDNA,XLV,76.7,Strong,68.1,86.4,33.7,2025-12-17,19.48,23.57,22.78,0.047,58.7,0.82,45.0,0.25,1,1.16,1.173,,3.0,0.9,0.82,3.0,1.35,0.17,-1.58,0.85,1.52,-0.02,-0.4,0.86,1.93,-1.58,2025-12-17,-0.10126582278481289,-1.6949703592217813,-2.2121349339821017,-3.037974683544309,-4.611840574299498,-4.1568099014934194,-13.265822784810133,-15.996943007002951,-15.986830034862354
7,ABNB,XLY,74.7,Strong,67.7,82.4,60.1,2025-12-17,133.77,15.92,8.55,0.009,53.4,1.05,40.0,0.14,2,3.61,1.021,extended >3 ATR above 20d avg,1.14,0.37,-2.21,1.16,1.88,-0.48,0.35,0.25,0.85,-0.72,-0.19,2.08,0.6,0.35,2025-12-17,2.61065266316578,2.3631687496201703,0.4997835519684912,-0.22505626406602586,2.744750698481402,-1.343891482015136,4.471117779444844,2.4747475435101807,1.7501105293926233
8,FCX,COPX,73.9,Strong,59.2,92.3,27.0,2025-12-17,47.51,19.64,2.58,0.009,53.5,0.85,40.0,0.15,2,2.68,1.494,,1.33,2.42,-0.61,0.34,2.51,2.92,-0.05,-0.36,1.24,-0.65,-1.01,1.24,1.61,-0.05,2025-12-17,8.24590851867395,1.5168532602069185,6.135039407476661,8.203944607637448,0.01915554049543111,7.085109389688338,17.708770457406644,2.913761544750649,14.987763207354423
9,SLB,OIH,69.9,Moderate,60.0,81.4,53.0,2025-12-17,37.92,7.79,6.59,0.048,54.1,0.85,45.0,0.08,1,1.09,0.988,,1.87,0.56,-1.91,0.67,0.98,0.37,-1.21,1.26,0.7,-1.31,-1.35,0.81,0.16,-1.21,2025-12-17,-1.5295358649789037,-1.614461555000113,-3.6404049761761925,4.298523206751037,-0.4290068710975037,3.179687988801927,17.273206751054836,4.937750275470986,14.552199501002615
10,TXN,SMH,68.8,Moderate,67.4,70.3,60.6,2025-12-17,171.56,10.88,9.07,0.003,52.4,0.79,55.0,-0.16,2,0.41,0.682,,1.38,1.53,-3.0,-0.0,-0.4,-3.0,-1.11,0.52,0.83,-3.0,0.67,-0.77,-1.14,-1.11,2025-12-17,-0.022973981965435097,-4.0429882778911015,-2.133843093162724,0.26420079260236484,-6.480616934345451,-0.8546344253467453,7.466544138762843,-3.830096318706766,4.745536888710622
11,LRCX,SMH,65.5,Moderate,57.5,74.7,60.6,2025-12-17,154.54,8.4,6.59,0.064,54.7,1.11,70.0,0.12,2,-0.32,0.792,,1.17,0.73,-2.17,-0.0,0.74,0.06,-0.76,0.31,0.04,-0.14,0.67,0.38,2.08,-0.76,2025-12-17,8.628848872226659,4.608834576300992,6.51797976102937,13.398070186220878,6.6532524592730615,12.279234968271767,33.759449327023525,22.462808869553918,31.038442076971304
12,LECO,XLI,64.6,Moderate,80.2,52.0,93.5,2025-12-17,239.89,9.75,7.29,0.062,52.1,0.73,65.0,0.07,2,0.53,0.29,,0.5,-1.57,-1.92,-0.0,1.56,0.06,0.37,1.32,-0.26,-2.08,0.67,1.29,1.21,0.37,2025-12-17,1.0654236723822263,-1.0698773593534439,-1.0454454388150625,0.8656567338105603,-1.4851333928709298,-0.2531784841385498,4.353254536374229,-0.5638148119345043,1.6322472863220083
13,MDB,IGV,63.7,Moderate,50.8,79.8,45.8,2025-12-17,412.38,22.06,21.84,0.013,49.9,0.64,60.0,-0.1,4,1.67,0.936,4 distribution days in 20,0.92,0.23,-1.55,2.92,0.99,2.93,-1.5,0.59,0.05,-0.73,0.9,0.5,2.11,-1.5,2025-12-17,3.576190476190466,1.336961451247154,1.4653213649931773,-4.892857142857143,-1.8788737717309156,-6.011692360806253,-2.744047619047618,-1.9220521541950086,-5.4650548690998395
14,CDE,GDX,62.6,Moderate,47.8,82.1,38.9,2025-12-17,17.17,19.57,6.06,0.072,54.2,0.81,50.0,-0.02,1,1.12,1.011,,1.06,1.06,-1.46,1.01,0.97,0.98,-0.4,0.04,-0.13,-2.49,-1.01,0.09,-0.25,-0.4,2025-12-17,9.239766081871338,3.160200505197964,7.128896970674049,2.5730994152046716,1.3217713547631682,1.4542641972555614,19.239766081871345,10.008270390689654,16.518758831819124
15,TWLO,IGV,62.5,Moderate,50.1,78.0,45.8,2025-12-17,139.27,15.39,15.17,0.002,45.5,0.76,60.0,-0.09,2,2.27,0.883,,0.84,-1.8,-3.0,2.7,0.23,1.32,0.46,0.51,-1.97,-2.41,0.67,-0.26,0.51,0.46,2025-12-17,-0.255918106205999,-2.495147131149311,-2.366787217403288,-1.6705765266225914,1.3434068445036362,-2.7894117445717015,-6.618326579938849,-5.7963311150862395,-9.33933382999107
16,INGM,XLK,55.5,Moderate,35.3,87.3,19.2,2025-12-17,21.4,8.14,8.19,-0.006,55.3,0.96,45.0,0.32,4,-0.08,1.213,4 distribution days in 20,1.05,2.85,-2.03,1.01,1.31,-0.08,1.36,-0.68,0.75,-0.38,-0.34,1.04,0.23,1.36,2025-12-17,2.038924930491204,-1.17065421078697,-0.07194418070608499,-2.085264133456899,-3.9415770142844475,-3.204099351406009,-3.6144578313252906,-6.788611154267066,-6.335465081377512
17,ACMR,SMH,54.6,Weak,45.9,65.0,60.6,2025-12-17,37.37,21.49,19.68,0.053,53.5,0.91,55.0,0.24,1,1.35,0.558,,1.56,0.8,-2.15,-1.35,0.87,-1.28,-0.86,0.7,0.11,-0.13,-0.67,0.5,0.74,-0.86,2025-12-17,4.128797714879262,0.10878341895359522,2.0179286036819732,16.670994546870954,9.926176819923139,15.552159328921844,38.11996883926254,26.823328381792933,35.398961589210316
18,CRM,IGV,54.3,Weak,40.7,72.4,45.8,2025-12-17,256.0,10.65,10.43,0.024,55.4,0.91,65.0,0.18,4,1.99,0.733,4 distribution days in 20,0.49,0.5,-1.58,2.36,1.62,-0.07,0.93,0.16,0.33,-0.76,0.34,1.13,-0.88,0.93,2025-12-17,2.552014338034736,0.31278531309142377,0.44114522683744717,-1.8584898309047082,1.1554935402215194,-2.9773250488538183,0.5883269695316828,1.4103224343842924,-2.132680280520538
19,AME,XLI,51.3,Weak,69.5,37.8,93.5,2025-12-17,198.98,5.47,3.01,0.015,54.8,0.92,55.0,0.05,3,0.62,0.002,,-0.49,-0.42,-0.59,-0.27,1.33,0.95,0.7,0.33,0.89,-0.75,0.4,1.06,2.11,0.7,2025-12-17,3.442426661345044,1.3071256296093736,1.331557550147755,3.8615046896826932,1.510714563001203,2.742669471733583,4.584913190979845,-0.3321561573288889,1.8639059409276237
20,SCHW,XLF,50.2,Weak,60.1,42.0,88.5,2025-12-17,95.66,4.68,-1.68,0.054,52.3,1.11,65.0,0.06,3,1.56,0.089,,1.45,-1.88,-0.02,1.8,0.6,0.43,-0.67,1.07,-0.2,-0.12,2.02,0.48,0.96,-0.67,2025-12-17,5.1068264721208845,2.99258314867874,2.9959573609235957,4.8358520062532495,4.1681962199030975,3.7170167883041394,3.3767587285044254,1.262515405062281,0.6557514784522045
21,OKTA,IGV,49.8,Weak,37.0,66.9,45.8,2025-12-17,88.43,9.17,8.95,0.016,47.4,0.7,55.0,-0.19,4,1.24,0.601,4 distribution days in 20,1.64,-0.7,-1.5,3.0,-0.78,0.81,0.22,1.32,-0.87,-0.68,1.35,-1.27,-0.0,0.22,2025-12-17,-0.8079901245651389,-3.047219149508451,-2.9188592357624277,-6.127258444618999,-3.113275073492771,-7.246093662568109,3.4900684547188865,4.3120639195714965,0.7690612046666656
22,RGLD,GDX,49.7,Weak,34.2,72.2,38.9,2025-12-17,220.97,19.92,6.41,0.013,52.7,0.83,50.0,0.16,1,3.16,0.728,extended >3 ATR above 20d avg,0.54,0.35,-0.39,1.35,2.2,1.4,-1.51,-0.48,-0.84,-1.42,-0.67,1.32,0.17,-1.51,2025-12-17,4.047186932849356,-2.0323786438240177,1.9363178216520671,-0.08620689655172153,-1.3375349569932249,-1.2050421145008317,10.7486388384755,1.51714314729381,8.02763158842328
23,ONTO,SMH,48.8,Weak,40.1,59.4,60.6,2025-12-17,147.55,18.89,17.08,0.015,55.8,1.13,45.0,0.09,2,-0.18,0.441,,0.82,1.71,-0.72,-0.9,0.94,-0.79,-1.48,-0.04,1.02,1.31,-0.22,0.58,1.23,-1.48,2025-12-17,5.473739085103624,1.453724789177957,3.362869973906335,8.112863286849992,1.3680455599021757,6.994028068900882,23.576176202267686,12.279535744798077,20.855168952215465
24,EXPE,XLY,46.8,Weak,43.2,50.7,60.1,2025-12-17,281.24,18.08,10.71,-0.026,50.4,0.6,50.0,-0.11,0,2.58,0.264,,0.12,-0.24,-3.0,1.35,-1.04,-2.65,-0.39,-0.77,0.24,-3.0,0.0,-0.85,-1.58,-0.39,2025-12-17,-0.30092025613213114,-0.5484041696777409,-2.41178936732942,-1.5780818083208081,1.3917251542266196,-2.6969170262699182,3.11417474369291,1.1178045077582466,0.39316749364068926
25,TSLA,QQQ,45.8,Weak,37.3,56.3,60.8,2025-12-17,467.2,16.43,15.76,0.054,55.7,1.16,60.0,0.22,3,1.78,0.378,,2.33,0.35,1.59,0.67,1.3,0.52,-0.88,0.39,0.75,1.62,0.0,1.1,1.08,-0.88,2025-12-17,1.2966161954157451,-1.039847801947924,-0.8142529157815437,-8.377948803747703,-9.055160865042822,-9.496784021696813,-6.922369081479007,-9.828943475942676,-9.643376331531229
26,ATI,XLI,45.6,Weak,64.2,32.4,93.5,2025-12-17,107.92,9.93,7.47,0.059,53.1,0.85,55.0,0.22,3,1.93,-0.119,,0.18,-1.53,-0.59,-0.67,1.12,0.42,2.47,1.0,-0.23,-0.75,0.0,0.84,1.57,2.47,2025-12-17,6.793627540743463,4.658326509007793,4.682758429546174,9.164988097418059,6.8141979707365685,8.046152879468949,11.930049441494228,7.012980093185495,9.209042191442007
27,ZM,IGV,44.7,Weak,31.7,63.0,45.8,2025-12-17,88.74,9.13,8.91,-0.05,46.6,1.04,35.0,-0.03,2,1.43,0.516,,0.58,-1.46,-0.12,1.69,0.9,3.0,0.41,0.26,-1.63,0.7,-0.34,0.41,2.38,0.41,2025-12-17,-1.0704225352112684,-3.3096515601545806,-3.181291646408557,-6.118309859154936,-3.104326488028708,-7.237145077104046,-4.011267605633806,-3.189272140781197,-6.732274855686027
28,TKR,XLI,44.3,Weak,62.9,31.2,93.5,2025-12-17,83.37,13.66,11.2,0.039,52.7,1.02,65.0,0.05,4,0.89,-0.145,4 distribution days in 20,0.43,-1.15,0.52,0.34,1.14,1.86,0.49,1.25,0.15,0.36,1.01,0.87,3.0,0.49,2025-12-17,1.0910815939279006,-1.0442194378077696,-1.0197875172693882,1.435009487666039,-0.915780639015451,0.31617426971692897,7.115749525616688,2.1986801773079545,4.394742275564467
29,CART,XLY,43.0,Weak,38.8,47.7,60.1,2025-12-17,45.65,10.76,3.4,0.037,48.6,,55.0,0.01,2,1.66,0.204,,1.61,-0.91,,2.02,-0.03,-1.29,-2.11,0.72,-0.44,,0.67,0.16,-0.21,-2.11,2025-12-17,0.0,-0.24748391354560972,-2.110869111197289,-3.7897042716319773,-0.8198973090845496,-4.908539489581088,-9.791894852135819,-11.788265088070482,-12.51290210218804
30,FRSH,IGV,42.9,Weak,29.8,61.8,45.8,2025-12-17,12.38,4.12,3.9,0.005,46.4,1.01,55.0,-0.12,1,-0.13,0.491,,1.36,-0.95,-0.98,2.7,0.17,0.07,-2.82,1.04,-1.12,-0.16,0.67,-0.32,-0.74,-2.82,2025-12-17,-1.2841091492776902,-3.5233381742210024,-3.394978260474979,-6.90208667736758,-3.888103306241353,-8.02092189531669,-1.7255216693419118,-0.9035262044893022,-4.446528919394133
31,TER,SMH,42.5,Weak,34.1,53.0,60.6,2025-12-17,185.07,13.26,11.45,0.04,53.1,1.08,50.0,0.1,3,-0.07,0.31,,1.5,0.14,-1.61,-0.67,0.87,-0.48,-1.46,0.64,-0.55,0.42,0.0,0.5,1.53,-1.46,2025-12-17,2.7409372236958385,-1.2790770722298284,0.6300681124985497,7.81713215790294,1.0723144309551236,6.6982969399538295,12.836115878712206,1.5394754212425976,10.115108628659986
32,NWS,XLC,42.5,Weak,44.0,41.0,80.2,2025-12-17,29.4,2.83,-0.73,-0.071,47.5,0.88,40.0,-0.08,1,0.81,0.067,,0.24,0.11,-0.39,0.67,0.13,-1.14,-1.04,0.03,-0.08,-0.39,0.67,0.51,-0.1,-1.04,2025-12-17,0.9823848238482258,-0.7652892914460807,-1.128484287349063,0.16937669376693165,-0.5522996822003634,-0.9494585241821785,1.592140921409202,0.009669831938730056,-1.128866328643019
33,FIVE,XRT,37.3,None,35.3,39.4,74.6,2025-12-17,178.42,20.96,10.1,-0.03,47.9,0.81,50.0,0.08,3,1.78,0.034,,0.33,-0.3,-0.33,0.27,0.09,-0.16,1.44,-0.49,-0.38,-0.96,-0.4,0.42,0.42,1.44,2025-12-17,3.491888919439101,3.871242868168834,1.3810198082418124,6.323893318669227,8.255149784929705,5.205058100720117,7.539180643387411,4.67678266660847,4.81817339333519
34,FIGS,XLY,35.9,None,27.9,46.3,60.1,2025-12-17,11.41,25.44,18.07,0.015,52.4,0.83,50.0,-0.12,2,1.26,0.175,,1.05,-0.52,-2.25,-0.0,-0.87,-1.32,-1.33,0.16,-0.05,-0.76,-1.35,-0.67,-0.24,-1.33,2025-12-17,2.3316062176165664,2.0841223040709567,0.22073710641927757,-1.5544041450777146,1.415402817469713,-2.6732393630268247,1.8134715025906578,-0.18289873334400575,-0.9075357474615631
35,EXLS,XLK,35.8,None,17.6,72.8,19.2,2025-12-17,42.42,9.44,9.49,-0.007,46.2,0.99,40.0,0.01,1,2.73,0.743,,1.35,0.94,-2.62,0.34,0.1,-0.39,-3.0,-0.39,-1.16,-0.97,-1.01,-0.17,-0.09,-3.0,2025-12-17,2.0504360122554743,-1.1591431290226994,-0.06043309894181448,-2.875324063162854,-4.731636943990402,-3.994159281111964,0.6363422106999916,-2.5378111122417835,-2.0846650393522292
36,AER,XLI,33.6,None,51.3,22.0,93.5,2025-12-17,140.36,6.84,4.38,-0.007,50.2,0.8,45.0,-0.03,2,1.68,-0.384,,-0.76,-1.08,-2.06,-1.35,0.37,-2.2,0.7,0.07,0.22,-2.22,-0.67,0.09,-1.04,0.7,2025-12-17,2.6199943197955156,0.48469328805984535,0.5091252085982267,2.1797784720249958,-0.17101165465649437,1.0609432540758856,1.924169270093734,-2.9929000782149995,-0.7968379799584868
37,COHR,XLK,33.2,None,15.7,70.0,19.2,2025-12-17,170.42,23.36,23.41,0.019,50.1,1.21,45.0,-0.6,3,0.14,0.675,,2.25,1.58,-0.65,1.35,-1.49,-1.32,0.25,0.51,-0.52,0.99,0.0,-1.76,-1.02,0.25,2025-12-17,7.128093402603208,3.9185142613250346,5.0172242914059195,8.530249706720294,6.673936825892746,7.411414488771184,-0.5530417295123047,-3.72719505245408,-3.2740489795645256
38,KLAC,SMH,32.3,None,24.9,41.9,60.6,2025-12-17,116.77,4.28,2.47,-0.032,51.6,1.18,35.0,-0.1,2,-0.34,0.087,,0.33,0.87,-1.71,-2.02,0.26,-0.56,-1.98,-0.53,0.18,0.31,-1.35,-0.1,1.46,-1.98,2025-12-17,4.4152646696758335,0.3952503737501667,2.3043955584785447,4.193680755026663,-2.551136971921153,3.074845537077553,14.419368075502659,3.12272761803305,11.698360825450438
39,SITM,SMH,31.0,None,29.7,32.4,60.6,2025-12-17,356.12,39.57,37.76,0.053,55.9,,60.0,-0.27,4,1.48,-0.118,4 distribution days in 20,0.87,1.55,,-0.67,0.56,-2.94,-0.07,0.01,0.85,,0.0,0.19,-0.92,-0.07,2025-12-17,1.0045149742192283,-3.0154993217064385,-1.1063541369780605,-1.1193930164836607,-7.864210743431476,-2.238228234432771,-8.581122598915336,-19.877763056384943,-11.302129848967557
40,QCOM,SMH,28.4,None,21.5,37.5,60.6,2025-12-17,169.64,4.91,3.1,-0.001,49.0,1.04,55.0,0.06,0,0.25,-0.006,,0.47,-0.46,-1.55,-0.45,1.05,-2.22,-1.25,-0.39,-1.15,0.48,0.22,0.68,-0.2,-1.25,2025-12-17,-0.4736598890942689,-4.493674185019936,-2.5845290002915577,-1.6404805914972287,-8.385298318445045,-2.759315809446339,1.1032809611829952,-10.193359496286615,-1.6177262888692256
41,CORT,XBI,28.1,None,10.2,77.5,8.0,2025-12-17,82.29,9.54,4.53,-0.005,47.5,1.41,50.0,0.15,3,0.11,0.869,,3.0,-0.45,-0.17,0.67,1.43,0.66,2.31,-1.06,-0.93,1.14,-1.35,0.2,-0.46,2.31,2025-12-17,1.0346926354229957,-3.310609628446315,-1.076176475774293,-53.52404138770541,-54.18744631348697,-54.64287660565452,-54.3761412051126,-57.49414435628599,-57.09714845516483
42,CIEN,XLK,26.2,None,11.2,61.3,19.2,2025-12-17,203.76,8.95,9.0,-0.011,54.0,0.95,45.0,0.07,3,0.01,0.481,,0.14,2.2,-1.95,-0.67,-0.06,-0.37,-0.62,-1.59,0.1,-0.3,-2.02,-0.33,-0.06,-0.62,2025-12-17,13.316037735849061,10.106458594570888,11.205168624651773,16.004716981132084,14.148404100304536,14.885881763182974,8.863207547169804,5.689054224228029,6.142200297117583
43,LITE,XLK,25.5,None,10.8,60.3,19.2,2025-12-17,320.12,29.44,29.49,0.03,54.9,1.39,40.0,-0.03,3,0.2,0.459,,1.59,2.54,0.79,0.0,0.24,-0.34,-1.74,-0.15,0.44,2.44,-1.35,-0.02,-0.03,-1.74,2025-12-17,17.64863258026159,14.439053438983418,15.537763469064302,14.744351961950075,12.888039081122526,13.625516744000965,4.461950059453046,1.2877967365112708,1.740942809400825
44,NWSA,XLC,22.0,None,23.1,20.9,80.2,2025-12-17,25.84,2.87,-0.7,-0.095,45.1,1.11,25.0,0.01,2,0.83,-0.414,,-0.13,-0.26,0.66,-0.67,0.76,-1.08,-1.46,-0.34,-0.46,0.66,-0.67,1.14,-0.04,-1.46,2025-12-17,1.2345679012345512,-0.5131062140597553,-0.8763012099627376,0.30864197530864335,-0.4130344006586517,-0.8101932426404668,1.3503086419752952,-0.23216244749517667,-1.3706986080769257
45,PH,XLI,20.7,None,34.7,12.4,93.5,2025-12-17,858.1,5.63,3.17,-0.01,50.6,1.01,45.0,-0.1,0,-0.02,-0.727,,-1.25,-0.72,-0.64,-1.35,0.11,-0.89,-2.32,-0.43,0.59,-0.8,-0.67,-0.17,0.27,-2.32,2025-12-17,1.8445201131182642,-0.29078091861740596,-0.26634899807902457,2.540543660183525,0.18975353350203505,1.421708442234415,5.691695042419331,0.7746256941105978,2.9706877923671104
46,GEV,XLI,15.9,None,27.5,9.2,93.5,2025-12-17,612.86,10.64,8.18,-0.015,51.3,1.2,45.0,-0.02,5,-0.18,-0.895,5 distribution days in 20; heavy selling into close today,-0.69,-0.84,-0.3,-0.67,0.11,-1.26,0.7,0.13,0.47,-0.46,0.0,-0.17,-0.11,0.7,2025-12-17,2.672427094584151,0.5371260628484809,0.5615579833868622,4.483875945070204,2.1330858183887136,3.3650407271210936,-3.9947538960037,-8.911823244312433,-6.715761146055921
47,TTC,XLI,15.8,None,27.4,9.1,93.5,2025-12-17,79.32,15.91,13.45,0.01,47.8,0.77,50.0,0.15,7,4.32,-0.898,7 distribution days in 20; extended >3 ATR above 20d avg,-0.68,-2.99,-2.49,-0.67,2.34,-0.32,1.43,0.14,-1.68,-2.65,0.0,2.06,0.84,1.43,2025-12-17,-0.8997592193638271,-3.0350602510994973,-3.010628330561116,0.7350145735648184,-1.6157755531166718,-0.38382064438429175,11.912305157774682,6.995235809465949,9.191297907722461
48,FORM,SMH,13.5,None,10.6,17.3,60.6,2025-12-17,53.79,10.5,8.69,0.007,50.8,1.59,50.0,-0.01,4,-0.59,-0.531,4 distribution days in 20; heavy selling into close today,0.83,0.76,1.59,-0.67,0.15,-1.14,-1.52,-0.03,0.07,3.0,0.0,-0.21,0.88,-1.52,2025-12-17,4.08911954187543,0.0691052459497632,1.9782504306781412,5.94130279169649,-0.803514935251326,4.82246757374738,22.72727272727273,11.430632269803121,20.00626547722051
49,FLYW,IGV,13.3,None,7.5,23.6,45.8,2025-12-17,14.44,6.96,6.74,-0.032,46.7,0.79,45.0,-0.11,3,1.15,-0.338,,-2.27,-1.07,-2.07,0.67,0.51,0.12,-0.03,-2.6,-1.24,-1.25,-1.35,0.02,-0.69,-0.03,2025-12-17,-0.8224811514736086,-3.061710176416921,-2.9333502626708974,-4.660726525017134,-1.6467431538909065,-5.779561742966244,0.1370801919122755,0.959075656764885,-2.5839270581399454
50,NESR,OIH,11.3,None,7.0,18.1,53.0,2025-12-17,14.47,1.62,0.42,-0.022,52.2,0.82,40.0,0.02,0,0.18,-0.505,,-0.52,-0.83,-0.27,-0.67,0.06,0.05,-2.91,-1.14,-0.7,0.32,-2.7,-0.11,-0.16,-2.91,2025-12-17,3.112033195020736,3.0271075049995266,1.001164083823447,9.163208852005521,4.4356787741569805,8.044373634056411,22.02627939142461,9.690822915840759,19.305272141372388
51,NEM,GDX,6.8,None,3.4,13.6,38.9,2025-12-17,98.81,15.15,1.64,-0.002,52.2,0.93,45.0,0.07,2,2.38,-0.675,,-1.78,-0.16,0.61,-1.35,0.57,0.53,-1.39,-2.8,-1.35,-0.42,-3.0,-0.31,-0.7,-1.39,2025-12-17,6.446331730277288,0.3667661536039146,4.335462619079999,2.9161976875063944,1.664869627064891,1.7973624695572843,10.82574439783075,1.5942487066490596,8.104737147778529
52,PAA,XLE,6.3,None,7.2,5.5,84.3,2025-12-17,16.75,4.88,6.49,-0.069,47.3,1.13,30.0,-0.06,3,0.93,-1.172,,-1.58,-1.1,-0.59,-3.0,-1.16,-1.16,1.86,-1.51,-0.75,0.55,-2.7,-0.44,0.05,1.86,2025-12-17,0.417910447761205,0.0493317792516379,-1.6929586634360838,2.746268656716433,-0.3636138588329896,1.6274334387673228,4.895522388059703,-0.49494063889261586,2.1745151380074823
53,AVNT,XLB,5.2,None,5.7,4.7,81.5,2025-12-17,30.1,9.61,3.97,-0.079,47.4,1.19,50.0,-0.26,3,0.87,-1.258,,-1.47,-1.33,1.36,-0.67,-1.71,-1.79,2.62,-2.06,-1.4,0.7,-0.67,-0.92,-1.33,2.62,2025-12-17,1.087673038892567,-0.2615511571946838,-1.0231960723047218,2.2742254449571675,-0.13189103806510172,1.1553902270080574,10.481212920237315,3.3303246809748943,7.760205670185094
54,ROK,XLI,2.0,None,3.7,1.1,93.5,2025-12-17,385.81,6.47,4.0,-0.058,49.2,0.98,40.0,-0.1,1,-0.58,-2.007,,-3.0,-3.0,0.62,-2.7,0.06,-1.38,-1.97,-2.26,-1.73,0.46,-2.02,-0.21,-0.22,-1.97,2025-12-17,0.39198717132893357,-1.7433138604067366,-1.7188819398683552,0.47598442232799076,-1.8748057043534994,-0.6428507956211194,3.4744317458701213,-1.4426376024386123,0.7534244958179004
1,SCHW,XLF,90.7,Strong,93.1,88.3,59.2,2025-12-24,100.85,12.26,5.78,0.105,55.4,1.05,70.0,0.23,2,3.04,1.26,extended >3 ATR above 20d avg,3.0,-0.85,0.05,3.0,1.32,2.07,0.49,3.0,0.25,-0.38,3.0,1.55,1.75,0.49,2025-12-24,-0.2775850104094424,1.1032289430789266,0.8052156783802111,-1.6655100624566321,-1.7018472717589717,-2.149997702184625,1.9232675721225334,4.230680362820205,1.7875526609939074
2,MDB,IGV,89.7,Strong,88.1,91.4,25.6,2025-12-24,435.02,31.14,26.24,0.042,52.2,0.56,70.0,-0.13,2,2.35,1.434,,1.36,0.44,-2.11,3.0,0.94,3.0,-2.25,1.56,0.94,-1.21,2.7,0.35,2.3,-2.25,2025-12-24,-8.290476627789511,-3.2664203731633137,-7.2076759389998575,-6.218431444577089,-3.340933295058213,-6.702919084305082,-8.187161355496375,0.833934129329684,-8.322876266625002
3,PCTY,IGV,88.8,Strong,85.3,92.4,25.6,2025-12-24,152.32,2.64,-2.25,-0.029,50.0,0.87,50.0,0.07,2,1.01,1.501,,0.9,0.31,-3.0,3.0,2.03,1.07,-0.2,1.1,0.81,-2.24,1.35,1.44,0.22,-0.2,2025-12-24,-4.226648261355425,0.797407993270772,-3.1438475725657717,-1.150331952934991,1.7271661965838847,-1.6348195926629838,-7.940577137974092,1.0805183468519672,-8.076292049102719
4,ABNB,XLY,87.6,Strong,83.7,91.7,28.3,2025-12-24,136.78,15.37,10.37,0.024,54.3,0.93,50.0,-0.11,1,2.93,1.454,,1.79,1.29,-1.76,1.57,0.83,1.34,1.0,1.11,1.42,-2.39,0.22,-0.02,0.46,1.0,2025-12-24,-2.7280040956629836,0.6006718310239578,-1.64520340687333,1.8503620273531807,0.23122830498940594,1.3658743876251878,-4.450376654720967,-4.327092361139961,-4.586091565849593
5,AAOI,XLK,86.1,Strong,87.6,84.6,37.9,2025-12-24,40.98,80.21,75.8,0.042,58.1,0.57,55.0,0.36,1,2.9,1.103,,1.07,3.0,,1.01,1.05,-1.64,-0.25,0.86,3.0,-2.89,0.34,0.42,-1.29,-0.25,2025-12-24,-3.2975085490962286,-1.7093376838169139,-2.214707860306575,-16.91499755740107,-16.600101609974995,-17.39948519712906,-9.574987787005362,-8.89727694363186,-9.71070269813399
6,LRCX,SMH,85.7,Strong,83.6,87.8,28.9,2025-12-24,176.75,16.87,9.47,0.096,58.3,0.99,75.0,0.03,1,2.01,1.238,,0.95,0.72,-3.0,1.01,0.79,1.31,0.4,0.75,1.1,-1.6,1.35,0.1,1.74,0.4,2025-12-24,3.7855776802789842,1.7982257072687302,4.868378369068638,22.42096973787826,16.084663344204998,21.936482098150265,24.991562605467443,15.606617308867099,24.855847694338816
7,FCX,COPX,85.5,Strong,77.2,94.7,28.5,2025-12-24,51.59,26.57,4.87,0.027,57.1,,50.0,0.08,1,3.81,1.687,extended >3 ATR above 20d avg,1.5,2.87,,0.34,2.92,1.53,-0.28,-0.17,3.0,,-0.34,1.09,0.76,-0.28,2025-12-24,-2.088475412948554,-1.9102955883871564,-1.0056747241589004,6.512246060375926,0.5911934287969656,6.027758420647933,10.936016707803308,0.6289991639436536,10.800301796674681
8,CDE,GDX,83.4,Strong,77.2,90.0,37.7,2025-12-24,18.68,24.04,7.71,0.064,55.1,0.68,55.0,0.23,1,1.48,1.347,,1.17,0.25,-2.63,1.01,1.56,2.81,0.18,0.4,0.1,-3.0,-0.34,1.18,1.63,0.18,2025-12-24,-9.400826446280997,-3.7261316260896233,-8.318025757491343,5.320247933884303,3.5606526408017203,4.8357602941563105,16.425619834710737,9.530095805237515,16.28990492358211
9,DASH,XLY,79.1,Strong,73.2,85.5,28.3,2025-12-24,231.82,18.61,13.61,0.032,53.5,0.89,55.0,-0.06,1,1.2,1.139,,1.23,2.06,-1.58,1.69,0.98,-0.89,-1.05,0.55,2.2,-2.21,0.34,0.14,-1.77,-1.05,2025-12-24,-5.560378169316715,-2.231702242629774,-4.477577480527062,-7.365706918779535,-8.984840641143311,-7.850194558507528,-11.80060163300386,-11.677317339422855,-11.936316544132485
10,OKTA,IGV,78.4,Strong,73.6,83.5,25.6,2025-12-24,88.39,8.88,3.99,0.043,48.5,0.62,60.0,-0.25,3,0.51,1.06,,2.35,-0.48,-2.02,3.0,-1.15,1.01,0.96,2.55,0.02,-1.12,2.02,-1.74,0.16,0.96,2025-12-24,-5.01873509708185,0.005321157544347699,-3.935934408292196,4.712160781196784,7.589658930715659,4.227673141468791,1.6464176223458749,10.667513107171935,1.5107027112172489
11,AME,XLI,70.6,Strong,88.5,56.4,86.4,2025-12-24,207.34,5.75,1.62,-0.002,54.9,0.84,50.0,0.12,2,2.32,0.38,,-1.25,-0.27,-1.13,-0.85,2.28,2.83,1.63,0.34,1.12,-1.59,0.27,2.4,3.0,1.63,2025-12-24,0.5797661609817428,0.1762045697960346,1.6625668497713963,1.2803169388346802,-1.6407002926046799,0.7958292991066873,3.71533481495796,-2.3444947923701998,3.579619903829334
12,ROST,XRT,69.6,Moderate,72.7,66.7,55.0,2025-12-24,180.59,3.18,-1.96,0.003,53.8,0.9,55.0,-0.01,1,0.63,0.597,,0.73,0.75,0.91,2.36,-0.04,0.91,0.07,0.78,0.99,0.88,1.69,-0.31,2.88,0.07,2025-12-24,1.2375961645668454,2.795408303962177,2.320396853356499,6.059761400379093,2.805664931419938,5.5752737606511005,6.589363362693712,2.9775470691326467,6.453648451565086
13,CDNA,XLV,64.6,Moderate,49.5,84.4,9.0,2025-12-24,19.73,10.22,11.84,0.047,56.0,0.84,50.0,-0.08,1,0.72,1.095,,3.0,0.81,0.04,3.0,-0.23,-0.23,-1.3,0.76,1.16,0.52,-0.34,-0.39,0.94,-1.3,2025-12-24,-2.988855116514688,-2.8718047848720785,-1.9060544277250346,-13.221884498480241,-14.242823502251866,-13.706372138208234,1.317122593718345,1.2716030203017814,1.181407682589719
14,EXLS,XLK,63.7,Moderate,61.9,65.6,37.9,2025-12-24,43.3,8.96,4.55,0.051,47.8,0.92,55.0,0.08,0,2.76,0.574,,0.87,-0.04,,1.01,1.0,0.38,0.23,0.65,-0.42,-1.6,0.34,0.37,0.73,0.23,2025-12-24,-4.980401198985462,-3.3922303337061477,-3.897600510195809,-1.5448466682038142,-1.2299507207777394,-2.029334307931807,-1.3834447774959568,-0.7057339341224544,-1.5191596886245828
15,NWS,XLC,62.4,Moderate,74.6,52.2,66.0,2025-12-24,29.81,3.22,-0.46,-0.044,53.1,,55.0,-0.11,1,0.98,0.294,,-0.49,0.46,,0.34,0.47,1.44,0.05,0.5,1.01,,1.69,0.25,0.64,0.05,2025-12-24,-0.3370407819346166,0.49336757351440275,0.7457599068550369,1.0785305021907554,1.0614086804289213,0.5940428624627625,1.415571284125372,3.718456311092244,1.279856372996746
16,CRM,IGV,59.4,Moderate,49.7,70.9,25.6,2025-12-24,263.21,13.43,8.54,0.017,57.1,0.87,55.0,-0.02,2,1.98,0.694,,-0.21,0.66,-1.74,1.69,0.44,0.41,-0.36,-0.01,1.15,-0.84,-0.34,-0.15,-0.44,-0.36,2025-12-24,-4.22433460076046,0.7997216538657375,-3.1415339119708063,-1.8365019011406747,1.040996248378201,-2.3209895408686676,-14.243346007604563,-5.222250522778504,-14.379060918733188
17,TWLO,IGV,58.6,Moderate,49.9,68.8,25.6,2025-12-24,140.31,9.13,4.24,-0.017,48.1,0.71,60.0,-0.21,2,1.57,0.645,,-0.31,-1.55,-2.86,3.0,-0.19,1.09,0.39,-0.11,-1.06,-1.96,1.35,-0.78,0.24,0.39,2025-12-24,-1.1576389881377769,3.8664172664884204,-0.07483829934812336,-6.13119908532227,-3.253700935803394,-6.615686725050263,-14.917107331713597,-5.8960118468875375,-15.052822242842222
18,KLAC,SMH,57.8,Moderate,50.1,66.6,28.9,2025-12-24,127.23,11.5,4.1,-0.035,54.8,0.99,40.0,-0.04,1,1.51,0.596,,-0.04,0.68,-3.0,-1.01,0.78,0.85,-0.95,-0.24,1.06,-0.57,-0.67,0.09,1.27,-0.95,2025-12-24,-0.6805914104670352,-2.667943383477289,0.4022092783226183,9.066729249784867,2.7304228561116037,8.582241610056874,22.146600954392536,12.761655657792192,22.01088604326391
19,WSM,XRT,54.9,Weak,58.5,51.5,55.0,2025-12-24,187.53,5.51,0.38,-0.04,44.2,0.93,50.0,-0.04,1,0.99,0.28,,-0.51,-0.53,-1.7,0.34,0.9,-0.51,1.98,-0.46,-0.3,-1.73,-0.34,0.63,1.45,1.98,2025-12-24,-0.4658884009853259,1.0919237384100056,0.6169122878043276,5.478204990896418,2.2241085219372625,4.993717351168425,12.471886044768121,8.860069751207057,12.336171133639496
20,ZM,IGV,54.7,Weak,44.9,66.7,25.6,2025-12-24,87.8,1.74,-3.16,-0.026,50.4,1.41,40.0,-0.09,2,0.13,0.597,,1.04,-0.64,1.56,2.7,0.72,2.67,0.43,1.24,-0.14,2.46,0.67,0.14,1.82,0.43,2025-12-24,-4.722698684962845,0.30135756966335236,-3.6398979961731914,-2.5843339050886316,0.293164244430244,-3.0688215448166245,-7.409948542024014,1.611146942802045,-7.54566345315264
21,PLTR,IGV,54.2,Weak,44.3,66.2,25.6,2025-12-24,193.95,18.58,13.69,0.044,56.4,1.12,60.0,0.09,2,1.74,0.587,,-1.14,0.47,-1.09,1.35,0.64,2.27,0.72,-0.94,0.97,-0.19,-0.67,0.05,1.42,0.72,2025-12-24,-13.934825526241568,-8.91076927161537,-12.852024837451914,-9.012127272261106,-6.13462912274223,-9.496614911989099,-12.32469297233546,-3.3035974875094016,-12.460407883464086
22,AER,XLI,54.2,Weak,78.7,37.3,86.4,2025-12-24,144.53,9.9,5.77,0.035,54.6,0.73,45.0,0.09,1,2.42,-0.009,,-0.99,-0.23,-2.38,-2.02,0.78,0.37,0.34,0.6,1.16,-2.85,-0.9,0.9,0.76,0.34,2025-12-24,-0.4358655043586568,-0.839427095544365,0.6469351844309967,-0.6849315068493067,-3.605948738288667,-1.1694191465772996,-1.743462017434605,-7.803291624762765,-1.879176928563231
23,CART,XLY,54.2,Weak,45.6,64.4,28.3,2025-12-24,45.65,8.23,3.23,0.072,52.1,1.88,65.0,-0.06,3,0.91,0.547,,2.13,0.75,2.06,2.7,0.76,0.76,-1.76,1.45,0.88,1.43,1.35,-0.09,-0.12,-1.76,2025-12-24,-3.0463576158940353,0.28231831079290615,-1.9635569271043818,-9.094922737306844,-10.71405645967062,-9.579410377034836,-13.013245033112575,-12.88996073953157,-13.148959944241202
24,NWSA,XLC,53.6,Weak,63.2,45.4,66.0,2025-12-24,26.24,4.04,0.37,-0.0,47.7,0.99,40.0,-0.02,1,1.12,0.158,,-0.23,-0.48,-0.43,-1.01,1.19,3.0,-0.87,0.76,0.08,-0.11,0.34,0.97,2.22,-0.87,2025-12-24,-0.6495987772258349,0.18080957822318444,0.4332019115638186,0.38211692777989636,0.3649951060180623,-0.10237071194809655,-0.4203286205578971,1.882556406408975,-0.5560435316865231
25,TOST,IGV,52.0,Weak,42.3,63.9,25.6,2025-12-24,36.48,9.71,4.82,-0.045,47.3,0.79,40.0,-0.04,0,1.02,0.534,,-0.93,-1.48,-3.0,1.69,0.89,2.51,-0.99,-0.73,-0.99,-2.17,-0.34,0.3,1.66,-0.99,2025-12-24,-6.869184455391341,-1.845128200765144,-5.786383766601688,-2.9556650246305383,-0.07816687511166265,-3.440152664358531,-8.26491516146688,0.75618032335918,-8.400630072595504
26,RKLB,ITA,48.9,Weak,59.6,40.2,67.5,2025-12-24,76.55,79.7,70.97,0.067,56.1,0.87,55.0,0.62,4,3.51,0.052,4 distribution days in 20; extended >3 ATR above 20d avg,0.25,-0.6,-1.42,-1.01,0.5,2.24,0.82,0.94,1.23,-0.73,-0.67,1.02,1.05,0.82,2025-12-24,-0.8737610850286903,-1.5242933386907853,0.2090396037609632,10.576421491914445,4.899049096318042,10.091933852186452,25.436880542514338,14.728118828384583,25.30116563138571
27,ACMR,SMH,45.3,Weak,36.7,55.9,28.9,2025-12-24,40.1,21.15,13.75,0.047,52.3,0.87,50.0,-0.28,1,1.51,0.369,,0.58,-0.43,-3.0,-1.69,-0.19,0.67,0.58,0.38,-0.05,-0.28,-1.35,-0.88,1.09,0.58,2025-12-24,11.433531746031743,9.44617977302149,12.516332434821397,31.91964285714286,25.5833364634696,31.435155217414867,33.010912698412696,23.625967401812353,32.87519778728407
28,AXTA,XLB,45.1,Weak,48.7,41.8,54.8,2025-12-24,32.29,8.65,4.13,0.017,50.6,1.08,50.0,0.04,2,2.23,0.084,,1.35,-0.27,2.12,1.35,-0.76,-0.17,1.82,0.26,-0.48,0.46,0.0,0.77,1.47,1.82,2025-12-24,2.434863523573183,2.0601665872716612,3.5176642123628366,2.3573200992555776,-2.668027046435406,1.8728324595275847,4.125310173697261,-1.8037178183679892,3.989595262568635
29,RGLD,GDX,38.7,None,34.5,43.3,37.7,2025-12-24,229.32,19.9,3.58,0.005,53.2,0.77,45.0,-0.05,1,2.8,0.116,,0.2,-0.05,-0.14,-0.0,-0.19,0.94,-0.26,-0.56,-0.2,-2.32,-1.35,-0.57,-0.24,-0.26,2025-12-24,-5.509547307444751,0.1651475127466222,-4.426746618655097,4.737180862475854,2.9775855693932707,4.252693222747861,13.327612100407649,6.4320880709344275,13.191897189279022
30,SITM,SMH,35.0,None,36.7,33.4,28.9,2025-12-24,378.07,31.9,24.5,0.041,54.1,,50.0,-0.46,3,1.49,-0.094,,0.85,0.08,,-0.56,0.6,-0.8,-0.71,0.65,0.46,,-0.22,-0.09,-0.38,-0.71,2025-12-24,-3.1834471212953575,-5.170799094305611,-2.100646432505704,-10.489419027439906,-16.82572542111317,-10.973906667167899,-2.6472050014387016,-12.032150298039046,-2.7829199125673276
31,FLYW,IGV,31.6,None,23.3,42.8,25.6,2025-12-24,14.47,5.01,0.11,0.012,46.0,0.77,50.0,0.03,4,0.59,0.105,4 distribution days in 20,-0.28,-1.77,-2.3,1.35,1.79,0.57,0.12,-0.08,-1.27,-1.39,-0.67,1.2,-0.28,0.12,2025-12-24,-4.00276052449966,1.0212957301265373,-2.9199598357100065,0.8281573498964745,3.70565549941535,0.3436697101684816,-4.796411318150451,4.224684166675608,-4.932126229279077
32,FIGS,XLY,31.5,None,24.2,40.9,28.3,2025-12-24,11.85,22.29,17.3,0.013,53.2,0.9,45.0,-0.04,1,0.99,0.066,,0.87,0.36,0.89,-0.67,0.46,0.94,-1.44,0.19,0.49,0.26,-2.02,-0.39,0.06,-1.44,2025-12-24,-3.471634208298058,-0.14295828161111634,-2.3888335195084043,-0.16934801016089684,-1.7884817325246716,-0.6538356498888898,-1.7781541066892559,-1.6548698131082507,-1.9138690178178819
33,FIVE,XRT,30.6,None,33.8,27.7,55.0,2025-12-24,188.2,15.33,10.2,-0.028,43.5,0.91,55.0,-0.02,3,2.4,-0.229,,-0.2,-1.3,-0.59,0.9,0.58,-1.08,0.9,-0.15,-1.06,-0.62,0.22,0.31,0.88,0.9,2025-12-24,2.447941503735507,4.005753643130838,3.5307421925251603,3.618926508769138,0.3648300398099824,3.134438869041145,4.21236687331108,0.6005505797500144,4.076651962182454
34,TSLA,QQQ,30.3,None,31.8,28.9,51.1,2025-12-24,484.36,15.51,13.04,0.035,55.8,0.9,55.0,0.04,1,1.46,-0.2,,0.49,-0.97,-0.02,-0.67,0.43,-0.2,-0.46,-0.62,0.58,-0.29,-0.67,-0.02,-0.41,-0.46,2025-12-24,-9.71291964635328,-7.85925327417435,-8.630118957563626,-8.278548317292833,-8.598201357209312,-8.763035957020826,-9.842754982173396,-9.261275582928352,-9.978469893302023
35,TKR,XLI,27.7,None,52.0,14.8,86.4,2025-12-24,85.24,5.88,1.74,0.03,51.3,1.01,65.0,-0.1,4,0.85,-0.624,4 distribution days in 20,-0.43,-1.24,1.01,0.22,-0.04,1.25,0.5,1.17,0.15,0.54,1.35,0.08,1.63,0.5,2025-12-24,0.1639536245461981,-0.23960796663951012,1.2467543133358516,5.7735097786626,2.85249254722324,5.289022138934607,8.572432369129857,2.5126027618016966,8.43671745800123
36,CIEN,XLK,27.2,None,23.8,31.2,37.9,2025-12-24,240.23,22.47,18.06,0.019,56.8,0.97,50.0,0.05,2,1.99,-0.146,,-0.96,0.92,,-0.67,0.26,-0.1,-0.5,-1.17,0.54,-0.24,-1.35,-0.37,0.25,-0.5,2025-12-24,2.0880033208800386,3.6761741861593533,3.170804009669692,-4.196762141967625,-3.88186619454155,-4.681249781695618,1.0419261104192667,1.7196369537927692,0.9062111992906408
37,EXPE,XLY,24.5,None,18.1,33.1,28.3,2025-12-24,284.93,11.12,6.12,-0.056,48.3,0.63,35.0,-0.14,0,1.78,-0.103,,-0.68,-0.22,-2.46,-0.67,-0.34,-0.92,-1.52,-1.36,-0.09,-3.0,-2.02,-1.19,-1.8,-1.52,2025-12-24,-1.429772918418859,1.8989030082680824,-0.3469722296292055,3.269554247266604,1.6504205249028292,2.785066607538611,-0.679843005326608,-0.5565587117456028,-0.815557916455234
38,TTC,XLI,24.3,None,47.1,12.5,86.4,2025-12-24,78.2,11.02,6.88,0.026,50.3,0.85,60.0,0.09,7,2.51,-0.723,7 distribution days in 20,-1.04,-1.93,-1.91,-0.45,2.04,0.48,2.1,0.55,-0.54,-2.37,0.67,2.16,0.86,2.1,2025-12-24,1.7797695262484092,1.376207935062701,2.8625702150380627,13.072983354673507,10.151966123234146,12.588495714945514,13.713188220230489,7.653358612902329,13.577473309101862
39,NEM,GDX,13.4,None,11.4,15.7,37.7,2025-12-24,104.03,21.7,5.38,0.01,54.1,0.82,55.0,0.08,1,2.43,-0.589,,-1.45,-0.07,1.17,-0.67,0.2,0.58,-0.98,-2.21,-0.22,-1.02,-2.02,-0.18,-0.6,-0.98,2025-12-24,-4.173018292682917,1.5016765275084563,-3.0902176038932634,3.1916920731707377,1.4320967800881546,2.7072044334427448,8.012576219512212,1.117052190038991,7.876861308383586
40,ATI,XLI,13.1,None,28.4,6.0,86.4,2025-12-24,116.64,17.44,13.3,0.017,53.6,0.89,50.0,0.14,3,3.18,-1.126,extended >3 ATR above 20d avg,-2.06,-1.44,0.25,-1.8,0.24,0.54,-0.39,-0.46,-0.05,-0.21,-0.67,0.35,0.93,-0.39,2025-12-24,2.220507544581629,1.816945953395921,3.3033082333712827,4.809670781893005,1.888653550453645,4.325183142165012,6.558641975308643,0.49881236798048345,6.422927064180017
41,BWA,XLY,10.6,None,9.0,12.6,28.3,2025-12-24,45.06,4.57,-0.42,-0.041,49.7,0.89,35.0,-0.18,1,1.42,-0.718,,-1.55,-1.19,-1.57,-3.0,-0.43,0.01,1.16,-2.23,-1.06,-2.2,-3.0,-1.28,-0.87,1.16,2025-12-24,2.731512325116592,6.060188251803533,3.8143130139062453,5.01887630468576,3.399742582321985,4.534388664957767,3.930712858094587,4.053997151675592,3.794997946965961
1,AER,XLI,89.6,Strong,95.1,84.4,89.6,2026-01-02,143.91,4.69,1.89,0.086,56.2,0.66,60.0,0.17,1,1.1,1.095,,0.77,1.94,-2.52,-1.35,0.69,3.0,-1.21,1.83,1.66,-3.0,0.67,1.63,3.0,-1.21,2026-01-02,-0.6849315068493067,-2.9899299149995673,-1.769797696899078,-1.743462017434605,-7.168485895180532,-2.4774716182801804,-1.1138785111387772,-4.9470526594991515,-2.0123062625737598
2,FCX,COPX,86.7,Strong,80.5,93.4,25.0,2026-01-02,51.57,16.65,5.76,0.028,54.1,0.81,55.0,0.03,1,2.25,1.577,,1.88,2.5,-0.45,3.0,1.48,0.5,-0.88,0.13,2.84,-1.09,0.0,0.9,1.16,-0.88,2026-01-02,5.352112676056331,2.036604654665952,4.2672464860065595,9.727699530516421,2.1341166428158873,8.993689929670847,14.347417840375588,-2.992154352137778,13.448990088940604
3,CIEN,XLK,82.1,Strong,69.0,97.6,5.3,2026-01-02,245.93,27.25,27.59,0.058,57.2,0.74,65.0,0.47,1,1.9,2.094,,3.0,2.36,-1.89,2.02,2.12,2.11,-1.18,-0.49,0.62,-1.91,0.0,1.73,1.91,-1.18,2026-01-02,-7.809379244227854,-7.898732464380431,-8.894245434277625,-2.768235200127833,-2.4933022150429474,-3.5022448009734086,-7.254134377246945,-7.315994298891037,-8.152562128681929
4,SCHW,XLF,82.1,Strong,84.5,79.8,63.7,2026-01-02,100.59,8.08,5.1,0.07,52.1,0.87,60.0,0.15,2,2.1,0.938,,2.06,0.69,-1.54,0.45,0.56,0.93,-1.83,1.8,0.32,-2.67,0.67,1.04,1.17,-1.83,2026-01-02,-1.5386142545165793,-3.2003572382684364,-2.6234804445663507,2.0547945205479534,2.7748831468404123,1.320784919702378,1.171332142148107,3.756265672428749,0.27290439071312456
5,REGN,XBI,81.6,Strong,71.4,93.3,10.2,2026-01-02,773.29,7.33,7.26,0.005,54.5,0.85,60.0,0.1,0,1.66,1.566,,3.0,2.72,-0.02,3.0,1.46,-0.68,-2.38,0.28,1.19,-1.0,1.35,0.81,0.98,-2.38,2026-01-02,3.4548418650146795,0.8642965304713313,2.369975674964908,-4.805999347896972,-7.157290495492063,-5.540008948742547,-0.9168568633844076,-6.295950997531774,-1.8152846148193902
6,AAOI,XLK,81.5,Strong,68.8,96.6,5.3,2026-01-02,39.59,54.47,54.81,0.015,53.9,0.56,50.0,0.64,1,1.77,1.927,,3.0,3.0,-2.62,2.02,1.19,-1.71,0.0,0.19,1.35,-2.64,0.0,0.8,-1.92,0.0,2026-01-02,-17.147728656680062,-17.23708187683264,-18.23259484672983,-9.828279137742047,-9.553346152657161,-10.562288738587622,-15.02862014370966,-15.090480065353752,-15.927047895144643
7,EXLS,XLK,80.4,Strong,67.6,95.7,5.3,2026-01-02,41.21,2.54,2.88,0.036,47.0,0.91,55.0,-0.09,1,-1.21,1.807,heavy selling into close today,3.0,1.78,-1.62,3.0,0.19,0.54,0.47,0.7,0.04,-1.64,1.01,-0.2,0.34,0.47,2026-01-02,3.8929440389294356,3.8035908187768586,2.8080778488796643,4.063260340632602,4.338193325717487,3.3292507397870263,3.819951338199523,3.7580914165554313,2.9215235867645406
8,ABNB,XLY,79.0,Strong,66.9,93.4,14.4,2026-01-02,133.0,10.72,11.49,-0.028,51.2,0.89,45.0,-0.07,0,0.54,1.577,,1.29,1.91,-2.04,2.36,1.6,1.05,-0.81,-0.03,0.82,-3.0,0.34,0.2,-0.78,-0.81,2026-01-02,4.6280991735537125,0.04342652933106983,3.543232983503941,-1.8444778362133651,-4.635883689706855,-2.5784874370589406,0.20661157024792765,-2.601711894478864,-0.6918161811870549
9,CDE,GDX,77.0,Strong,67.7,87.5,31.1,2026-01-02,17.54,8.74,2.16,0.014,53.0,0.73,50.0,0.03,2,0.13,1.225,,1.36,0.1,-2.64,1.35,0.32,2.0,0.71,-0.5,-0.17,-3.0,-0.67,0.54,2.45,0.71,2026-01-02,13.27777777777779,7.866522366522389,12.192911587728018,25.222222222222214,14.490734411787034,24.48821262137664,41.22222222222223,18.75696817802082,40.32379447078725
10,LRCX,SMH,76.9,Strong,65.2,90.7,13.4,2026-01-02,184.51,15.85,13.08,0.052,53.6,0.85,60.0,0.08,1,2.46,1.386,,1.57,1.63,-3.0,0.0,0.58,1.18,0.59,0.16,0.51,-3.0,-0.67,0.28,-0.41,0.59,2026-01-02,14.73456692498285,12.747274071115044,13.649700734933079,17.143760873003334,12.232514393668815,16.40975127215776,17.149032632189364,12.65437094357995,16.25060488075438
11,SHC,XLV,75.8,Strong,83.8,68.6,56.7,2026-01-02,17.7,5.11,4.41,0.14,56.6,1.41,75.0,0.09,3,1.84,0.642,,3.0,-0.41,3.0,3.0,0.86,1.88,0.48,3.0,0.73,1.77,3.0,0.77,1.85,0.48,2026-01-02,8.72521246458926,6.989783518944193,7.640346274539489,8.668555240793218,7.915444566268003,7.934545639947642,5.2691218130311634,3.0032410009813937,4.370694061596181
12,FIVE,XRT,74.8,Strong,74.2,75.4,59.4,2026-01-02,193.35,18.5,17.79,0.013,45.9,0.56,65.0,-0.09,0,2.41,0.811,,0.93,-0.45,-3.0,3.0,-0.3,-1.74,-0.2,0.71,-0.43,-3.0,1.35,0.05,0.29,-0.2,2026-01-02,0.89774017129296,-4.125734007110804,-0.18712601875681134,1.4755959137344066,-3.9117280299275636,0.7415863128888311,-2.760293055412233,-6.234471459168089,-3.6587208068472155
13,AME,XLI,72.3,Strong,89.6,58.4,89.6,2026-01-02,208.18,5.14,2.34,0.027,57.8,0.81,50.0,0.05,2,2.1,0.419,,0.28,2.72,0.05,-1.69,0.55,1.1,-1.97,1.34,2.44,-1.65,0.34,1.49,1.73,-1.97,2026-01-02,1.158133474882983,-1.1468649332672776,0.07326728483321165,3.5902137721372407,-1.8348101056086863,2.8562041712916653,5.592819572455721,1.7596454240953463,4.694391821020738
14,MU,SMH,68.9,Moderate,53.4,89.0,13.4,2026-01-02,315.16,34.71,31.93,0.022,58.3,0.74,55.0,0.26,1,3.35,1.295,extended >3 ATR above 20d avg,0.18,2.19,-1.9,0.67,1.06,1.94,1.19,-1.24,1.07,-0.98,0.0,0.77,0.35,1.19,2026-01-02,6.102665107404448,4.115372253536642,5.017798917354677,11.592909460208034,6.681662980873515,10.85889985936246,19.671323936726793,15.17666224811738,18.77289618529181
15,ACMR,SMH,62.4,Moderate,45.6,85.5,13.4,2026-01-02,44.93,32.34,29.57,0.042,52.8,0.77,55.0,-0.29,1,2.68,1.139,,1.33,1.45,-1.6,-0.0,-0.72,2.14,2.31,-0.08,0.33,-0.67,-0.67,-1.01,0.55,2.31,2026-01-02,15.731070496083554,13.743777642215747,14.646204306033782,16.688424717145356,11.777178237810837,15.954415116299781,11.270670147954753,6.77600845934534,10.37224239651977
16,TWLO,IGV,61.6,Moderate,43.7,86.7,6.8,2026-01-02,138.32,7.99,11.77,0.009,48.0,0.82,60.0,-0.15,3,0.38,1.186,,3.0,0.41,-1.49,3.0,0.07,0.08,-1.23,0.89,-0.94,-1.1,1.35,-0.36,0.17,-1.23,2026-01-02,-3.560678364290426,-5.137995956703822,-4.645544554340198,-12.58718155788856,-7.739107240102604,-13.321191158734134,-1.6445194919609496,2.7487454586873965,-2.542947243395932
17,AXTA,XLB,52.3,Weak,70.4,38.8,89.8,2026-01-02,33.02,10.08,5.9,0.055,55.0,1.14,55.0,0.08,2,2.97,0.022,,0.94,0.24,3.0,2.7,-0.76,-1.26,1.5,0.96,0.55,0.53,1.35,1.12,0.47,1.5,2026-01-02,0.12135922330096527,-4.85771105649635,-0.9635069667488061,1.850728155339798,-4.031624785836674,1.1167185544942226,2.1844660194174637,-6.628047750135302,1.286038267982481
18,RGLD,GDX,51.4,Weak,41.1,64.3,31.1,2026-01-02,220.21,10.45,3.87,0.015,52.7,0.76,50.0,-0.17,2,0.39,0.544,,1.81,0.13,-1.29,1.35,-1.71,-0.59,-0.52,-0.04,-0.14,-2.45,-0.67,-1.49,-0.13,-0.52,2026-01-02,9.841598415984155,4.430343004728755,8.756732225934384,18.85068850688507,8.11920069644989,18.116678906039496,30.15930159301594,7.694047548814531,29.260873841580956
19,HALO,XBI,50.9,Weak,33.9,76.3,10.2,2026-01-02,70.28,8.69,8.63,0.005,48.0,1.34,40.0,0.16,2,2.76,0.834,,3.0,0.9,1.84,1.35,2.44,-0.36,-1.38,0.25,-0.63,0.86,-0.67,1.79,1.31,-1.38,2026-01-02,2.5546670440874664,-0.03587829045588187,1.469800854037695,0.7572004812115063,-1.5940906663835852,0.023190880365930866,-1.1251857618002958,-6.504279895947662,-2.0236135132352784
20,RKLB,ITA,47.5,Weak,68.9,32.8,86.2,2026-01-02,76.01,69.93,59.93,0.055,57.3,0.75,55.0,0.54,4,2.03,-0.108,4 distribution days in 20,-0.5,1.13,-0.97,-1.01,-1.14,1.05,0.89,0.69,1.52,-2.11,-0.67,0.85,0.85,0.89,2026-01-02,13.796805797879475,9.532891973822034,12.711939607829704,29.09005502617097,19.862047844842422,28.356045425325394,7.972084283988723,3.5196605856045338,7.07365653255374
21,NWS,XLC,44.3,Weak,47.6,41.3,62.1,2026-01-02,29.57,2.64,0.76,-0.105,48.9,0.95,40.0,-0.06,1,0.25,0.074,,-1.17,0.4,-0.45,0.67,0.87,0.02,-0.5,-0.35,0.67,-0.24,0.67,0.9,-0.62,-0.5,2026-01-02,1.626567265333767,0.8676194429965589,0.5417010752839957,1.9654354456116518,3.543701939790178,1.2314258447660764,4.371399525584541,3.724568995183497,3.472971774149558
22,TTC,XLI,41.7,Weak,67.8,25.6,89.6,2026-01-02,79.49,13.14,10.34,0.053,54.1,0.91,60.0,-0.01,4,2.25,-0.284,4 distribution days in 20,-0.11,0.8,-0.26,-1.35,0.08,-0.61,1.27,0.96,0.52,-1.96,0.67,1.02,0.02,1.27,2026-01-02,11.784810126582279,9.479811718432018,10.699943936532508,12.417721518987346,6.992697641241419,11.683711918141771,12.0253164556962,8.192142307335825,11.126888704261216
23,MRK,XLV,38.4,None,39.0,37.9,56.7,2026-01-02,104.34,4.98,4.28,-0.025,53.6,0.91,40.0,0.18,1,2.25,0.002,,-0.05,0.06,1.23,0.22,1.23,0.32,0.19,-1.25,1.21,-0.23,-1.12,1.14,0.28,0.19,2026-01-02,3.271340009537438,1.53591106389237,2.1864738194876665,1.7072007629947539,0.9540900884695391,0.9731911621491784,0.34334763948498104,-1.9225331725647887,-0.5550801119500015
24,BWA,XLY,35.6,None,20.3,62.4,14.4,2026-01-02,46.26,7.88,8.65,-0.001,52.8,0.88,40.0,-0.07,1,2.3,0.504,,0.19,0.84,-1.23,-0.67,0.72,1.18,-0.27,-1.12,-0.25,-2.4,-2.7,-0.68,-0.65,-0.27,2026-01-02,1.918103448275854,-2.6665691959467885,0.8332372582260827,0.8620689655172376,-1.9293368879762518,0.12805936467166212,2.1120689655172553,-0.6962544992095365,1.2136412140822728
25,CTVA,XLB,34.7,None,44.0,27.4,89.8,2026-01-02,67.33,3.76,-0.43,0.028,52.4,1.36,70.0,0.04,3,1.44,-0.236,,0.97,-0.23,3.0,3.0,0.33,-0.25,-3.0,1.0,0.08,2.62,2.02,2.21,1.47,-3.0,2026-01-02,1.6696481812760844,-3.309422098521231,0.584781991226313,3.1156827668455733,-2.7666701743308986,2.381673165999998,7.57304710793083,-1.2394666616219352,6.674619356495848
26,EXPE,XLY,29.5,None,15.8,55.0,14.4,2026-01-02,281.28,7.8,8.57,-0.075,47.3,0.65,35.0,-0.01,0,0.56,0.351,,-0.95,0.91,-1.51,-0.0,1.52,1.31,-3.0,-2.26,-0.18,-2.68,-2.02,0.12,-0.52,-3.0,2026-01-02,4.752594909711361,0.16792226548871803,3.6677287196615893,0.746480875870903,-2.0449249776225864,0.012471275025327522,-4.7988056305986015,-7.607129095325393,-5.697233382033584
27,ATI,XLI,18.9,None,38.5,9.3,89.6,2026-01-02,119.23,21.25,18.45,0.075,53.5,0.91,60.0,0.13,3,3.33,-0.89,extended >3 ATR above 20d avg,0.19,0.2,1.65,-1.57,-0.64,-1.0,-2.33,1.26,-0.09,-0.05,0.45,0.3,-0.37,-2.33,2026-01-02,1.8750000000000044,-0.42999840815025614,0.7901338099502331,3.574999999999995,-1.8500238777459321,2.8409903991544194,2.825000000000011,-1.0081741483603635,1.9265722485650283
28,NEM,GDX,15.2,None,10.2,22.6,31.1,2026-01-02,100.58,12.9,6.31,0.004,51.9,0.85,55.0,0.18,2,0.69,-0.364,,-0.54,-0.58,0.28,0.0,0.42,-0.14,-1.81,-2.39,-0.86,-0.88,-2.02,0.64,0.32,-1.81,2026-01-02,6.19668594960292,0.7854305383475202,5.111819759553149,11.1579566624179,0.42646885198272066,10.423947061572324,22.688498872438466,0.22324482823705694,21.790071121003482
29,BTSG,XLV,11.0,None,11.3,10.8,56.7,2026-01-02,38.41,9.34,8.64,0.009,48.1,1.0,55.0,-0.01,0,1.65,-0.805,,0.43,-2.25,2.17,0.67,-0.28,-0.7,-0.93,-0.77,-1.11,0.71,-0.67,-0.37,-0.74,-0.93,2026-01-02,-2.594131394442989,-4.329560340088056,-3.6789975844927603,1.6619059984419593,0.9087953239167446,0.9278963975963839,4.115814074266422,1.849933262216652,3.217386322831439
30,MNST,XLP,10.8,None,20.4,5.7,88.9,2026-01-02,38.08,2.95,3.59,0.016,48.4,0.88,50.0,0.02,0,0.58,-1.15,,-1.78,-2.1,0.48,-3.0,1.73,0.46,-0.84,-0.69,-1.03,-1.46,-2.02,0.36,-0.06,-0.84,2026-01-02,1.4960629921259905,-0.6724216970578567,0.4111968020762191,2.598425196850407,-3.3156239554692046,1.8644155960048314,6.509186351706031,-0.21968735048871757,5.610758600271049
31,AMRX,XPH,10.2,None,7.2,14.5,35.0,2026-01-02,12.66,3.86,1.48,-0.042,51.3,0.87,45.0,0.04,3,0.71,-0.636,,-2.09,0.63,-1.25,-2.7,-0.21,-0.11,0.57,-2.81,-0.63,-0.71,-2.02,0.13,-0.33,0.57,2026-01-02,3.2245222929936146,2.5544752086039013,2.1396561029438432,6.687898089171984,6.090288527418997,5.953888488326409,8.121019108280247,6.545502990931462,7.222591356845265
32,LLY,SPY,8.7,None,5.2,14.4,,2026-01-02,1075.18,4.56,4.36,-0.011,51.2,0.98,50.0,0.08,0,1.5,-0.64,,-0.34,0.95,3.0,-1.35,0.5,-0.18,-1.65,-1.06,-0.66,2.77,-1.35,-0.05,-0.75,-1.65,2026-01-02,-0.5300303545752616,-1.614896544625033,-1.614896544625033,-2.833406948660344,-3.5674165495059196,-3.5674165495059196,-0.5760790910543157,-1.4745068424892982,-1.4745068424892982
33,AVNT,XLB,6.9,None,16.1,3.0,89.8,2026-01-02,31.03,2.24,-1.95,-0.076,43.7,0.7,40.0,0.12,1,1.31,-1.493,,-2.33,-2.88,2.61,0.0,0.18,-1.06,1.88,-2.3,-2.56,-1.42,-1.35,2.06,0.66,1.88,2026-01-02,8.831168831168835,3.85209855137152,7.746302641119064,13.214285714285712,7.33193277310924,12.480276113440137,17.305194805194812,8.492681035642047,16.40676705375983
1,AMZN,QQQ,93.9,Strong,90.8,97.2,16.9,2026-01-09,247.31,6.74,6.75,0.074,55.1,0.88,65.0,0.11,1,3.29,2.023,extended >3 ATR above 20d avg,3.0,3.0,-0.53,2.7,1.84,1.83,-1.46,1.24,2.82,-1.35,2.02,1.41,-0.23,-1.46,2026-01-09,-3.0929506668288087,-2.889787120173737,-3.222820796698944,-3.3584660910454422,-3.8695997758839473,-3.6517682944600116,-1.5160728039239624,-2.14813717129525,-2.207740686603077
2,CVX,SPY,92.1,Strong,90.8,93.5,,2026-01-09,157.74,7.09,5.84,0.042,55.9,0.9,55.0,0.06,3,2.8,1.586,,3.0,3.0,0.19,1.69,1.4,0.97,0.39,2.29,3.0,-1.37,1.01,0.96,-0.58,0.39,2026-01-09,2.1986353297952954,2.06876519992516,2.06876519992516,2.9188779378316987,2.6255757344171293,2.6255757344171293,7.025524387161997,6.333856504482882,6.333856504482882
3,TMO,XLV,91.5,Strong,90.7,92.4,57.8,2026-01-09,617.22,7.98,4.15,0.137,60.5,1.15,85.0,0.15,4,2.87,1.496,4 distribution days in 20,3.0,3.0,1.28,3.0,0.93,2.36,-0.35,3.0,3.0,1.71,3.0,0.95,2.01,-0.35,2026-01-09,-0.3439533644452375,0.6534726329807672,-0.47382349431537296,0.9382014307168118,0.4491409416563341,0.6448992273022425,-6.289663636216824,-5.247192593745774,-6.981331518895939
4,INOD,XLK,87.7,Strong,78.7,97.7,11.1,2026-01-09,64.97,18.52,20.1,-0.027,49.6,0.61,45.0,0.47,2,3.06,2.133,extended >3 ATR above 20d avg,3.0,1.06,-0.97,3.0,1.81,3.0,2.98,-0.42,-0.05,-3.0,-0.22,1.4,1.95,2.98,2026-01-09,-2.3026838176909536,-2.592999709029875,-2.432553947561089,-5.4073368270605044,-6.0363545916281565,-5.700639030475074,-12.38685088137208,-12.449061429516139,-13.078518764051195
5,FCX,COPX,87.7,Strong,89.5,86.0,82.6,2026-01-09,56.1,21.67,5.79,0.04,56.9,0.9,60.0,0.22,3,2.86,1.156,,1.29,3.0,1.45,3.0,-0.02,2.14,-0.08,0.53,3.0,-0.49,1.35,1.43,3.0,-0.08,2026-01-09,1.9009417509591842,0.02752402944019572,1.7710716210890487,6.191140565050568,-4.910125257734243,5.897838361635999,5.47610742936866,-2.0555381402515893,4.784439546689545
6,NESR,OIH,87.0,Strong,85.0,89.1,49.0,2026-01-09,17.64,18.11,13.43,0.102,61.9,1.1,70.0,0.57,2,4.33,1.303,extended >3 ATR above 20d avg,3.0,3.0,3.0,3.0,1.76,1.05,-2.83,1.51,1.99,1.56,2.02,2.85,2.25,-2.83,2026-01-09,2.598870056497171,-0.08037522652168949,2.4689999266270357,14.463276836158201,5.938119603453785,14.169974632743632,16.158192090395485,6.497814731904917,15.46652420771637
7,CDE,GDX,85.2,Strong,87.8,82.6,76.4,2026-01-09,20.39,27.6,15.74,0.054,55.8,0.77,55.0,0.53,2,1.73,1.03,,1.7,0.09,-1.4,1.35,0.07,0.77,2.21,0.25,0.71,-2.76,-0.67,3.0,2.16,2.21,2026-01-09,4.885993485342022,2.774322091288006,4.756123355471886,18.287575616565867,5.355544941074733,17.994273413151298,-5.537459283387614,-4.4869287654760726,-6.2291271660667284
8,SHC,XLV,84.9,Strong,84.0,85.8,57.8,2026-01-09,19.19,13.68,9.86,0.076,51.6,0.69,65.0,-0.01,1,3.74,1.148,extended >3 ATR above 20d avg; heavy selling into close today,3.0,-1.81,-2.1,3.0,0.04,0.97,0.09,2.08,-0.49,-1.67,2.7,0.07,0.62,0.09,2026-01-09,0.4714510214772094,1.468877018903214,0.34158089160707394,-2.671555788370883,-3.1606162774313606,-2.9648579917854523,-4.190675746464123,-3.148204703993074,-4.882343629143238
9,REGN,XBI,81.9,Strong,83.1,80.7,43.8,2026-01-09,793.24,9.62,7.32,0.037,55.8,0.89,70.0,0.03,2,1.32,0.966,,3.0,3.0,3.0,3.0,0.12,-1.59,-1.09,1.2,1.57,-0.44,2.7,0.38,0.29,-1.09,2026-01-09,-9.540452111838194,-9.701924742227341,-9.67032224170833,-5.84473527662106,-8.969230674651097,-6.13803748003563,-6.78663493952013,-9.515522393096752,-7.478302822199245
10,CGNX,XLK,76.9,Strong,67.2,88.1,11.1,2026-01-09,38.85,2.91,4.5,0.003,47.8,0.8,65.0,0.19,3,2.59,1.25,,3.0,0.67,1.6,3.0,2.33,2.14,-0.04,0.71,-0.45,-0.86,2.02,1.92,0.65,-0.04,2026-01-09,5.3229974160206694,5.032681524681748,5.193127286150534,1.2661498708010255,0.6371321062333735,0.9728476673864561,2.273901808785528,2.2116912606414685,1.5822339261064133
11,DHR,XLV,76.7,Strong,72.6,81.0,57.8,2026-01-09,237.31,3.58,-0.24,-0.002,54.0,0.85,55.0,0.13,0,2.12,0.974,,1.75,0.41,-0.55,2.02,0.88,2.24,-3.0,0.28,1.73,-0.12,1.35,0.9,1.88,-3.0,2026-01-09,-0.956715977578293,0.04071001984771172,-1.0865861074484284,-0.6616934294264021,-1.1507539184868798,-0.9549956328409714,-6.233404981666468,-5.1909339391954195,-6.925072864345583
12,NWS,XLC,75.9,Strong,72.1,80.0,58.8,2026-01-09,29.99,2.32,1.29,-0.079,52.0,0.84,50.0,-0.06,1,0.77,0.942,,0.09,1.64,-0.71,2.7,0.54,1.03,-1.5,0.05,1.77,-0.32,1.35,0.95,0.87,-1.5,2026-01-09,0.4674457429048484,2.4177851191399147,0.33757561303471295,2.8380634390651194,2.5717175330594477,2.54476123565055,2.4040066777963442,0.5395853357566427,1.7123387951172298
13,AER,XLI,75.6,Strong,90.2,63.4,93.1,2026-01-09,143.55,3.21,-0.91,0.077,54.9,0.88,65.0,-0.0,2,0.02,0.525,heavy selling into close today,1.46,1.7,1.46,0.0,-0.18,2.64,-2.33,1.81,1.25,-1.4,2.02,0.37,2.91,-2.33,2026-01-09,-0.4904708520179324,-3.745849710764426,-0.6203409818880679,0.1471412556053764,-1.549148111404297,-0.14616094780919298,1.2612107623318547,-2.380822290365381,0.5695428796527402
14,ABNB,XLY,74.2,Strong,74.6,73.8,74.2,2026-01-09,139.26,9.14,5.03,-0.026,52.3,0.88,45.0,-0.06,0,1.54,0.768,,0.56,2.77,0.27,1.57,-0.31,0.33,-1.81,0.03,1.61,-3.0,0.67,0.29,-0.65,-1.81,2026-01-09,-6.186270285796336,-4.902760943797958,-6.316140415666472,-4.225908372827803,-2.958645984525621,-4.519210576242372,-5.733879075111292,-4.2066654276701865,-6.425546957790407
15,XYZ,IGV,74.1,Strong,57.6,95.3,9.8,2026-01-09,69.53,9.86,14.48,0.02,48.8,0.73,55.0,0.22,0,1.8,1.751,,3.0,1.45,-1.22,2.02,2.74,1.36,-1.6,0.49,-0.61,-1.75,-0.67,2.46,0.75,-1.6,2026-01-09,-5.813455220682773,-0.008301470323546667,-5.943325350552908,-5.856306241965448,-0.501387188416258,-6.149608445380017,-13.769461505499226,0.5039363295424533,-14.46112938817834
16,LRCX,SMH,72.3,Strong,62.6,83.5,68.8,2026-01-09,217.64,29.73,25.39,0.05,53.4,0.69,60.0,0.23,3,4.93,1.061,extended >3 ATR above 20d avg,1.76,1.08,-2.53,0.0,0.85,0.51,0.9,0.27,0.68,-3.0,-0.67,0.83,-0.82,0.9,2026-01-09,3.16634941269327,-0.6177986356194154,3.0364792828231346,3.1709921537675934,-0.2010466207904793,2.877689950353024,9.93546589906682,4.172415772064597,9.243798016387705
17,HALO,XBI,69.0,Moderate,65.0,73.3,43.8,2026-01-09,72.46,15.68,13.37,0.045,52.6,0.98,45.0,0.2,2,2.16,0.755,,3.0,1.79,3.0,1.35,1.77,-1.46,0.44,1.0,0.32,-0.02,0.0,2.03,0.41,0.44,2026-01-09,-1.494396014943955,-1.6558686453331029,-1.6242661448140905,-3.3347170333471676,-6.459212431377203,-3.628019236761737,3.0164660301646773,0.2875785765880545,2.324798147485563
18,ACMR,SMH,68.1,Moderate,67.9,68.4,68.8,2026-01-09,53.19,34.68,30.33,0.049,53.5,0.61,55.0,0.33,1,4.65,0.637,extended >3 ATR above 20d avg,1.65,0.95,2.34,-0.0,1.2,1.67,2.99,0.16,0.55,-1.39,-0.67,1.18,0.33,2.99,2026-01-09,1.8613485280152053,-1.9227995202974801,1.7314783981450699,-2.8679962013295257,-6.240034975887598,-3.161298404744095,16.087369420702746,10.324319293700523,15.395701538023632
19,SNDK,XLK,65.8,Moderate,46.6,93.0,11.1,2026-01-09,377.59,62.25,63.83,-0.01,56.8,0.69,35.0,1.64,2,4.29,1.542,extended >3 ATR above 20d avg,2.91,2.21,-0.01,1.35,1.85,2.59,-3.0,-1.15,1.1,-2.47,-2.02,1.44,1.09,-3.0,2026-01-09,10.55810969742328,10.26779380608436,10.428239567553145,25.78049823586015,25.151480471292498,25.48719603244558,77.9482518977868,77.88604134964274,77.25658401510769
20,AIR,ITA,62.4,Moderate,69.5,56.1,85.9,2026-01-09,97.12,17.94,4.01,-0.019,49.7,0.22,55.0,-0.05,0,3.75,0.372,extended >3 ATR above 20d avg,-0.73,-1.27,-3.0,0.67,1.06,0.86,-0.15,-0.03,-0.44,-3.0,0.67,0.38,1.26,-0.15,2026-01-09,7.712820512820517,3.3426185142786613,7.582950382950382,6.8923076923076865,7.0852999297310255,6.599005488893117,10.728205128205115,11.847560105260479,10.036537245526
21,DOCN,IGV,60.3,Moderate,41.2,88.4,9.8,2026-01-09,53.21,5.03,9.66,0.043,48.5,0.87,75.0,0.52,4,1.98,1.267,4 distribution days in 20,3.0,2.07,1.74,3.0,2.2,2.37,-1.81,0.49,0.01,1.21,1.35,1.92,1.77,-1.81,2026-01-09,-0.41509433962263476,5.390059410736591,-0.5449644694927702,11.150943396226399,16.505862449775588,10.85764119281183,12.943396226415093,27.216794061456774,12.251728343735978
22,TTC,XLI,59.4,Moderate,80.2,44.0,93.1,2026-01-09,88.31,22.11,17.98,0.109,59.7,1.17,65.0,0.22,3,5.35,0.13,extended >3 ATR above 20d avg,1.3,1.71,3.0,-1.01,1.97,0.36,0.94,1.65,1.27,0.25,1.01,2.52,0.62,0.94,2026-01-09,1.012283894449495,-2.243094964296999,0.8824137645793595,0.6596906278435011,-1.0365987391661724,0.3663884244289317,5.129663330300271,1.487630277603036,4.437995447621157
23,RKLB,ITA,55.5,Moderate,67.9,45.4,85.9,2026-01-09,84.79,47.51,33.59,0.058,57.3,0.78,60.0,0.45,4,2.01,0.159,4 distribution days in 20,-0.01,0.69,-0.48,0.0,1.21,0.59,0.79,0.69,1.52,-1.54,0.0,0.54,0.99,0.79,2026-01-09,13.17213789857632,8.801935900034465,13.042267768706186,-5.341804918225668,-5.148812680802328,-5.635107121640237,-12.777973879279914,-11.65861890222455,-13.469641761959029
24,BWA,XLY,55.0,Moderate,52.5,57.7,74.2,2026-01-09,47.29,9.54,5.43,-0.003,55.8,0.73,45.0,0.24,0,1.95,0.405,,-0.45,1.72,-0.5,-1.12,2.13,1.69,-2.82,-0.98,0.56,-3.0,-2.02,2.73,0.71,-2.82,2026-01-09,-0.6791171477079749,0.604392194290404,-0.8089872775781104,0.551782682512747,1.8190450708149286,0.2584804790981776,1.3794567062818563,2.906670353722962,0.6877888236027419
25,AME,XLI,45.9,Weak,71.0,29.7,93.1,2026-01-09,209.63,4.95,0.82,0.014,57.0,0.96,50.0,-0.06,3,1.28,-0.181,,1.15,3.0,2.56,-1.35,-0.55,-0.27,-3.0,1.5,2.75,-0.3,0.67,0.01,-0.0,-3.0,2026-01-09,2.7276642580274624,-0.5277146007190314,2.597794128157327,4.71359525290711,3.0173058858974366,4.420293049492541,8.584964348949619,4.942931296252383,7.893296466270504
26,MRK,XLV,43.8,Weak,38.4,50.0,57.8,2026-01-09,108.28,14.16,10.34,-0.009,56.8,0.85,45.0,-0.09,1,2.63,0.25,,0.7,0.24,-0.43,-0.0,-0.35,0.62,-0.7,-0.77,1.55,0.0,-0.67,-0.33,0.27,-0.7,2026-01-09,-1.9221925871424683,-0.9247665897164636,-2.052062717012604,-3.237376988871521,-3.7264374779319986,-3.5306791922860903,2.188908304975623,3.2313793474466723,1.4972404222965086
27,RGLD,GDX,43.2,Weak,48.7,38.3,76.4,2026-01-09,244.09,17.34,5.48,0.023,54.1,0.85,50.0,0.05,3,2.24,0.011,,2.05,-0.23,-0.01,1.35,-2.8,-1.02,-0.29,0.6,0.38,-1.36,-0.67,0.19,0.37,-0.29,2026-01-09,4.788922393270911,2.677250999216896,4.659052263400776,14.759561974289802,1.827531298798668,14.466259770875233,2.4718298682748774,3.5223603861864183,1.7801619855957629
28,ETSY,XLY,42.4,Weak,45.2,39.7,74.2,2026-01-09,61.87,12.96,8.85,0.009,46.9,0.73,60.0,-0.03,1,2.92,0.041,,0.6,0.52,2.02,1.57,0.09,-0.86,-0.1,0.07,-0.63,-1.79,0.67,0.69,-1.84,-0.1,2026-01-09,0.32483352281955646,1.6083428648179354,0.194963392949421,-2.420009745005691,-1.1527473567035096,-2.7133119484202606,-12.944615884359267,-11.41740223691816,-13.636283767038382
29,ONTO,SMH,41.8,Weak,41.1,42.5,68.8,2026-01-09,189.64,12.63,8.29,-0.011,50.3,0.79,45.0,0.25,2,3.68,0.099,extended >3 ATR above 20d avg,0.97,0.4,3.0,0.67,0.91,1.54,-0.63,-0.51,-0.0,-0.62,0.0,0.9,0.2,-0.63,2026-01-09,17.466666666666676,13.68251861835399,17.33679653679654,10.293333333333333,6.92129455877526,10.000031129918764,7.941333333333334,2.178283206331111,7.249665450654219
30,GOOG,QQQ,37.0,None,19.6,70.0,16.9,2026-01-09,328.51,2.59,2.6,0.017,51.8,0.75,50.0,-0.04,0,2.52,0.673,,2.97,0.72,0.1,-0.67,-0.81,2.04,-1.76,-1.01,0.34,-0.72,-1.35,-1.23,-0.03,-1.76,2026-01-09,1.262013694844466,1.4651772414995379,1.1321435649743306,2.2353916541284047,1.7242579692898996,1.9420894507138353,5.695949887923368,5.0638855205520805,5.004282005244254
31,ATRO,ITA,35.4,None,43.2,29.0,85.9,2026-01-09,54.88,28.13,14.21,-0.004,54.2,0.58,55.0,0.14,5,4.17,-0.197,5 distribution days in 20; extended >3 ATR above 20d avg,-1.29,-0.36,-2.88,-0.17,1.1,-0.71,1.62,-0.6,0.48,-3.0,-0.17,0.43,-0.31,1.62,2026-01-09,12.946754194018961,8.576552195477106,12.816884064148827,17.323121808898613,17.516114046321952,17.029819605484043,16.830780452224637,17.950135429280003,16.139112569545524
32,SCHW,XLF,33.4,None,33.9,33.0,75.7,2026-01-09,99.19,4.54,0.73,0.012,49.7,0.85,50.0,-0.24,2,0.17,-0.104,,-0.23,0.68,-1.15,-0.67,-1.32,0.32,-3.0,-0.53,-0.05,-3.0,-0.67,-1.19,-0.5,-3.0,2026-01-09,3.576465847269783,4.661822727328646,3.4465957173996475,2.6798307475317307,5.623171439216801,2.3865285441171613,4.906306669353211,6.745894601656377,4.214638786674096
33,AMAT,SMH,30.1,None,29.9,30.4,68.8,2026-01-09,300.04,9.44,5.1,0.006,52.8,0.88,35.0,0.13,1,3.75,-0.164,extended >3 ATR above 20d avg,1.2,0.75,2.69,-0.67,0.46,1.11,-3.0,-0.29,0.35,-1.04,-1.35,0.45,-0.23,-3.0,2026-01-09,8.464252429769669,4.680104381456983,8.334382299899534,5.971242178138736,2.5992034035806633,5.677939974724167,8.916921847956338,3.1538717209541156,8.225253965277224
34,NEM,GDX,27.8,None,32.4,23.9,76.4,2026-01-09,108.31,15.46,3.6,0.037,52.6,0.88,55.0,0.41,3,1.67,-0.33,,0.47,-0.93,0.51,1.35,-0.36,-0.1,-2.36,-0.98,-0.31,-0.84,-0.67,2.63,1.29,-2.36,2026-01-09,1.3680257510729543,-0.7436456429810612,1.2381556212028189,11.883047210300424,-1.0489834651907106,11.589745006885854,0.25929899856937944,1.3098295164809204,-0.43236888410973506
35,CTVA,XLB,26.0,None,75.2,9.0,99.3,2026-01-09,68.2,5.47,-4.22,0.051,53.2,1.17,70.0,0.04,1,1.08,-0.905,,-0.43,-0.99,3.0,3.0,-1.69,-1.77,-3.0,2.06,0.65,1.32,3.0,1.54,0.47,-3.0,2026-01-09,1.541397533763944,0.9132568302463451,1.4115274038938086,5.93071051086318,2.51781268841762,5.63740830744861,6.767469172049334,4.150216240726046,6.07580128937022
36,FIVE,XRT,25.1,None,36.5,17.2,87.0,2026-01-09,195.56,10.32,7.66,0.008,45.0,1.09,60.0,-0.18,3,1.32,-0.535,,0.65,-0.67,2.54,1.69,-1.97,0.15,-0.2,1.0,-0.59,0.22,1.01,-0.3,-0.29,-0.2,2026-01-09,1.7380509000620714,-0.006991592855776219,1.608180770191936,-2.508793709911028,-2.4068107070781664,-2.8020959133255974,2.291537347403283,3.322698820491099,1.5998694647241685
37,GOOGL,QQQ,24.8,None,11.2,54.8,16.9,2026-01-09,327.84,2.6,2.61,0.021,51.8,0.81,50.0,-0.01,3,2.56,0.345,,2.56,0.39,0.16,-0.67,-0.73,2.31,-2.54,-1.41,0.01,-0.65,-1.35,-1.16,0.24,-2.54,2026-01-09,1.2824061260263697,1.4855696726814416,1.1525359961562343,2.2880339514715464,1.7769002666330413,1.994731748056977,5.523264753821078,4.89120038644979,4.831596871141963
38,TSM,SMH,23.0,None,21.2,25.0,68.8,2026-01-09,321.6,4.54,0.2,-0.033,55.5,1.1,40.0,-0.14,4,2.7,-0.299,4 distribution days in 20,0.81,1.18,3.0,-0.0,-0.22,1.57,-0.85,-0.68,0.78,-0.15,-0.67,-0.23,0.24,-0.85,2026-01-09,6.294121321921664,2.5099732736089786,6.164251192051529,3.3079277815955654,-0.06411099296250722,3.014625578180996,5.988005247704131,0.22495512070190848,5.296337365025017
39,TER,SMH,20.7,None,20.5,20.9,68.8,2026-01-09,216.95,6.48,2.13,-0.018,50.1,0.89,50.0,0.2,4,2.16,-0.416,4 distribution days in 20,0.77,-0.1,2.54,0.67,0.85,0.88,-1.74,-0.72,-0.5,-1.19,0.0,0.83,-0.46,-1.74,2026-01-09,4.65821389195149,0.8740658436388049,4.528343762081355,6.33498713708196,2.9629483625238873,6.041684933667391,14.608599779492826,8.845549652490604,13.916931896813711
40,AXTA,XLB,20.6,None,80.0,5.3,99.3,2026-01-09,33.0,12.94,3.24,0.06,53.4,0.94,60.0,0.06,0,1.24,-1.19,,-0.81,-1.19,3.0,1.35,-2.33,-2.44,0.44,1.68,0.44,-0.64,2.02,0.9,-0.2,0.44,2026-01-09,2.191780821917799,1.5636401184002002,2.0619106920476638,2.5266362252663654,-0.8862615971791943,2.233334021851796,2.100456621004554,-0.5167963103187345,1.4087887383254394
41,MU,SMH,18.2,None,18.1,18.4,68.8,2026-01-09,344.77,30.83,26.49,0.005,54.6,0.63,40.0,0.51,4,3.77,-0.494,4 distribution days in 20; extended >3 ATR above 20d avg,-1.29,0.72,1.95,-1.35,1.65,2.45,0.29,-2.77,0.32,-1.77,-2.02,1.64,1.12,0.29,2026-01-09,6.555980017631513,2.7718319693188276,6.426109887761378,14.26976197472818,10.897723200170107,13.97645977131361,28.58654128709961,22.823491160097387,27.894873404420494
42,EXPE,XLY,16.1,None,17.7,14.7,74.2,2026-01-09,294.69,8.11,4.0,-0.076,46.0,0.64,40.0,0.14,0,1.45,-0.629,,-2.31,0.56,1.2,-0.45,1.06,0.62,-2.77,-2.85,-0.59,-2.61,-1.35,1.67,-0.36,-2.77,2026-01-09,-2.805212620027442,-1.521703278029063,-2.9350827498975773,-8.155006858710568,-6.887744470408386,-8.448309062125137,-5.696159122085054,-4.168945474643948,-6.387827004764168
43,FORM,SMH,15.2,None,15.6,14.9,68.8,2026-01-09,68.58,15.79,11.44,-0.065,48.9,0.65,30.0,0.34,3,4.08,-0.621,extended >3 ATR above 20d avg,-1.42,0.3,0.61,-2.7,1.68,1.48,-1.11,-2.91,-0.1,-3.0,-3.0,1.67,0.14,-1.11,2026-01-09,14.800703399765558,11.016555351452872,14.670833269895422,8.382180539273154,5.010141764715081,8.088878335858585,4.425556858147739,-1.3374932688544838,3.7338889754686244
44,PAA,XLE,14.2,None,22.1,9.1,87.2,2026-01-09,17.57,5.59,3.72,-0.041,46.8,1.13,45.0,0.08,3,2.33,-0.903,,-0.81,-1.02,1.56,-0.67,-1.05,1.15,-0.37,-0.38,-0.86,0.6,-0.67,1.56,0.83,-0.37,2026-01-09,3.970504821327281,1.9417090098089673,3.8406346914571454,3.4032898468519646,-1.8323122473888676,3.109987643437395,5.161656267725467,-1.9064065594996515,4.469988385046353
45,ECL,XLB,13.7,None,69.1,2.7,99.3,2026-01-09,269.55,5.85,-3.84,0.007,53.8,0.81,60.0,0.08,0,1.58,-1.542,,-1.84,-0.05,3.0,0.0,-2.24,-2.99,-1.64,0.65,1.58,-0.99,0.67,0.99,-0.76,-1.64,2026-01-09,2.0949409404947605,1.4668002369771616,1.965070810624625,4.520466532947021,1.1075687105014609,4.227164329532451,4.5316098358219925,1.914356904498704,3.839941953142878
46,KLAC,SMH,13.0,None,12.9,13.1,68.8,2026-01-09,139.42,12.98,8.64,-0.056,46.0,0.84,35.0,-0.1,2,2.98,-0.694,,0.47,-0.68,2.32,-0.67,-0.03,-1.23,-0.55,-1.02,-1.08,-1.4,-1.35,-0.04,-2.56,-0.55,2026-01-09,13.12853209679754,9.344384048484855,12.998661966927404,11.353427039559483,7.98138826500141,11.060124836144913,1.767859730473842,-3.995190396528381,1.0761918477947274
47,ATI,XLI,11.6,None,24.2,5.6,93.1,2026-01-09,122.25,16.64,12.51,0.017,53.7,0.88,55.0,0.06,3,2.03,-1.159,,-0.35,0.45,2.7,-1.35,-0.85,-1.58,-2.07,-0.0,0.01,-0.16,0.67,-0.3,-1.31,-2.07,2026-01-09,0.4282482223658679,-2.827130636380626,0.29837809249573244,-0.29896574014220967,-1.9952551071518831,-0.592267943556779,-1.616031027795739,-5.258064080492975,-2.3076989104748535
48,BIIB,XLV,9.4,None,7.5,11.7,57.8,2026-01-09,187.65,5.67,1.85,-0.009,49.6,1.0,50.0,0.25,3,2.55,-0.76,,0.61,-3.0,0.8,-0.0,0.84,1.18,-3.0,-0.86,-1.72,1.23,-0.67,0.86,0.83,-3.0,2026-01-09,-12.595744680851062,-11.598318683425058,-12.725614810721197,-7.91489361702128,-8.403954106081757,-8.208195820435849,-4.734042553191498,-3.6915715107204483,-5.425710435870612
49,BTSG,XLV,8.4,None,6.8,10.5,57.8,2026-01-09,37.51,6.47,2.65,-0.021,47.0,1.01,55.0,-0.21,2,-0.13,-0.82,heavy selling into close today,0.14,-2.62,0.33,-0.67,-0.79,-0.18,-0.79,-1.32,-1.31,0.76,-1.35,-0.77,-0.53,-0.79,2026-01-09,5.016094420600847,6.013520418026852,4.886224290730712,7.5509656652360535,7.061905176175576,7.257663461821484,8.61051502145922,9.65298606393027,7.918847138780105
50,AVNT,XLB,7.0,None,48.8,1.0,99.3,2026-01-09,33.52,11.1,1.41,-0.027,50.2,0.53,45.0,0.15,1,3.23,-2.024,extended >3 ATR above 20d avg,-3.0,-1.68,2.76,-2.02,-1.29,-1.81,0.45,-0.92,-0.04,-2.09,-1.35,1.94,0.43,0.45,2026-01-09,4.3075082261441855,3.6793675226265865,4.17763809627405,8.076577924020345,4.663680101574785,7.783275720605776,6.939874364343401,4.322621433020113,6.248206481664287
51,AMRX,XPH,2.2,None,4.6,1.1,87.5,2026-01-09,12.96,6.14,7.38,-0.081,50.6,0.75,35.0,-0.16,2,0.8,-2.018,,-2.91,-1.46,,-3.0,-0.35,-2.39,-0.77,-3.0,-0.55,-1.77,-3.0,-1.25,-1.94,-0.77,2026-01-09,3.156274056966901,3.318028190683653,3.0264039270967658,4.541955350269444,3.733184681685686,4.248653146854875,9.237875288683606,7.009262779697267,8.546207406004491
1,ENTG,SMH,97.5,Strong,98.5,96.6,51.2,2026-01-16,117.05,37.92,19.42,0.072,53.5,0.58,65.0,0.34,2,4.8,1.927,extended >3 ATR above 20d avg,3.0,1.23,-0.58,3.0,3.0,1.23,1.14,2.68,1.53,-3.0,3.0,3.0,1.29,1.14,2026-01-16,0.45300113250281715,-0.9891598197812268,-1.1930102845754798,3.937625228678443,0.14909129847191505,1.8878751621281165,6.394285216482265,3.0012645633130886,4.570806261174498
2,APH,XLK,96.7,Strong,96.4,97.0,7.7,2026-01-16,76.79,22.02,17.39,0.067,56.0,0.66,65.0,0.54,3,2.89,1.986,,3.0,2.07,-0.21,3.0,2.66,1.37,3.0,1.7,2.61,-1.65,2.02,2.64,1.05,3.0,2026-01-16,3.2968499733048606,1.192768054382154,1.6508385562265637,-3.7640149492792374,-5.292981143696396,-5.8137650158295635,-4.244527495995742,-4.405840443113151,-6.068006451303509
3,CGNX,XLK,95.3,Strong,96.7,93.9,7.7,2026-01-16,40.76,14.43,9.8,0.06,55.0,0.63,75.0,0.31,0,3.32,1.618,extended >3 ATR above 20d avg,3.0,0.4,-0.44,3.0,2.59,1.56,-0.54,3.0,0.94,-1.89,3.0,2.58,1.23,-0.54,2026-01-16,-0.4319105691056979,-2.5359924880284046,-2.077921986183995,0.5589430894308967,-0.9700231049862618,-1.4908069771194299,10.619918699186993,10.458605752069584,8.796439743879226
4,AMZN,QQQ,94.9,Strong,94.6,95.2,7.1,2026-01-16,239.06,8.05,4.48,0.098,56.4,1.03,75.0,0.05,3,0.62,1.741,,3.0,2.52,-0.15,3.0,0.76,1.39,0.88,1.91,3.0,-0.56,3.0,1.01,1.12,0.88,2026-01-16,1.9870807665982149,-0.463408180726943,0.34106934951991796,3.931382614647494,1.3576296357667328,1.8816325480971674,-10.737508555783704,-11.360402795244617,-12.56098751109147
5,NWS,XLC,94.1,Strong,94.3,94.0,36.2,2026-01-16,30.09,2.35,2.57,-0.036,53.8,1.0,55.0,0.05,1,0.41,1.624,heavy selling into close today,0.75,2.45,-1.19,2.92,1.67,1.18,0.6,1.04,2.83,0.42,2.25,2.34,3.0,0.6,2026-01-16,3.0100334448160515,-0.4841134157728133,1.3640220277377546,2.575250836120402,-2.5684171312439164,0.5255007695700753,-12.742474916387959,-15.456203188824992,-14.565953871695726
6,SANM,XLK,93.8,Strong,94.1,93.6,7.7,2026-01-16,177.38,24.21,19.58,0.017,54.1,0.93,65.0,0.43,2,2.57,1.588,,3.0,2.88,2.28,3.0,1.84,1.69,-1.02,2.11,3.0,0.84,3.0,1.83,1.37,-1.02,2026-01-16,6.452175936700022,4.348094017777315,4.806164519621725,-12.479636956015817,-14.008603150432975,-14.529387022566144,-12.270188503607171,-12.43150145072458,-14.093667458914938
7,SHC,XLV,92.1,Strong,94.2,90.0,15.2,2026-01-16,19.18,14.1,12.38,0.137,55.5,,70.0,0.11,2,2.03,1.347,,3.0,0.18,,3.0,-0.1,0.51,-0.34,3.0,0.67,,3.0,0.84,0.96,-0.34,2026-01-16,-1.8489170628631868,-4.511463903965018,-3.4949284799414837,-3.3808769149498152,-4.4787666000461135,-5.430626981500142,-8.029582673005809,-9.535072121431288,-9.853061628313576
8,MTSI,SMH,91.9,Strong,95.1,88.8,51.2,2026-01-16,220.62,31.04,12.55,0.012,52.1,0.4,45.0,0.74,2,4.27,1.285,extended >3 ATR above 20d avg,2.0,0.18,0.12,1.57,3.0,1.16,3.0,1.49,0.48,-3.0,1.35,3.0,1.23,3.0,2026-01-16,0.5326476260446356,-0.9095133262394084,-1.1133637910336613,4.931582330792539,1.1430484005860109,2.8818322642422123,8.246854623932421,4.853833970763245,6.423375668624654
9,DHR,XLV,87.4,Strong,84.0,90.9,15.2,2026-01-16,235.0,6.13,4.41,0.037,55.3,1.19,60.0,0.21,2,0.63,1.402,heavy selling into close today,2.18,2.12,1.85,3.0,0.92,3.0,-0.52,1.04,2.61,2.7,2.02,1.86,3.0,-0.52,2026-01-16,1.3807045464320877,-1.2818422946697439,-0.26530687064620917,-4.305561529528157,-5.4034512146244555,-6.355311596078484,-7.208912211277907,-8.714401659703386,-9.032391166585674
10,FCX,COPX,85.7,Strong,96.7,76.0,89.5,2026-01-16,58.43,22.98,2.79,0.079,58.0,0.86,75.0,0.55,4,2.35,0.827,4 distribution days in 20,0.88,1.83,1.28,2.7,0.34,2.72,1.03,1.96,3.0,-0.51,3.0,3.0,3.0,1.03,2026-01-16,3.519211152669155,-4.478820101176062,1.873199735590858,2.822169330159796,-1.705946825863336,0.7724192636094696,7.61645698741924,-1.5259079688992196,5.792978032111473
11,ONTO,SMH,85.5,Strong,90.4,80.8,51.2,2026-01-16,220.25,49.27,30.78,0.041,52.0,0.42,55.0,0.37,0,4.58,0.97,extended >3 ATR above 20d avg,1.19,0.14,-0.24,1.57,1.55,1.49,1.73,0.68,0.43,-3.0,1.35,1.63,1.56,1.73,2026-01-16,-4.70046082949308,-6.142621781777124,-6.346472246571377,-6.732718894009226,-10.521252824215754,-8.782468960559552,-1.4331797235023092,-4.826200376671485,-3.256658678810076
12,WSM,XRT,84.0,Strong,95.5,73.8,71.1,2026-01-16,210.03,14.35,10.49,0.008,50.9,0.59,45.0,0.11,1,2.39,0.768,,0.52,2.58,-1.12,1.01,-1.47,-0.61,0.08,1.77,2.81,-3.0,1.01,1.81,-0.19,0.08,2026-01-16,-1.626488527447001,-1.3549953147773075,-3.272499944525298,2.8415141833671997,4.040609205991641,0.7917641168168732,4.535773066124493,4.513148631735353,2.7122941108167264
13,TMO,XLV,83.3,Strong,82.7,83.9,15.2,2026-01-16,617.14,10.01,8.29,0.102,58.6,1.32,70.0,0.04,5,1.45,1.075,5 distribution days in 20; heavy selling into close today,3.0,3.0,1.6,3.0,-0.77,-0.03,3.0,3.0,3.0,2.45,2.7,0.16,0.42,3.0,2026-01-16,2.839656477246555,0.1771096361447233,1.193645060168258,-4.524365766180782,-5.622255451277081,-6.574115832731109,-10.312263499062235,-11.817752947487714,-12.135742454370002
14,CVX,SPY,82.4,Strong,89.2,76.2,,2026-01-16,161.76,11.17,7.84,0.051,54.3,0.97,55.0,-0.15,2,2.47,0.833,,3.0,3.0,2.66,2.02,-1.78,-1.13,0.54,2.7,3.0,-0.71,2.02,-1.37,-1.82,0.54,2026-01-16,0.5617630717945632,-1.0842483452837337,-1.0842483452837337,4.574356441755656,2.5246063752053294,2.5246063752053294,9.630224087906658,7.806745132598891,7.806745132598891
15,CDE,GDX,80.8,Strong,86.6,75.4,39.1,2026-01-16,22.54,31.28,17.19,0.072,56.8,0.87,65.0,0.77,3,2.39,0.81,,0.99,0.4,-0.92,1.35,0.64,0.76,2.81,0.67,1.24,-1.65,0.67,3.0,0.68,2.81,2026-01-16,9.474590869939714,3.5893409315009173,7.828579452861417,-12.575366063738148,-5.35054459119443,-14.625116130288475,-0.9474590869939625,-2.2525563536770266,-2.7709380423017294
16,PDFS,IGV,79.8,Strong,65.7,97.0,2.1,2026-01-16,35.79,29.96,36.02,0.03,58.1,0.78,55.0,0.38,2,3.91,1.984,extended >3 ATR above 20d avg,1.46,3.0,-2.99,1.35,2.97,-0.36,1.39,-0.61,1.04,-1.18,-0.67,2.72,0.15,1.39,2026-01-16,-2.0731356176216464,-4.690501633408928,-3.7191470346999433,-10.048949035416065,-2.9966017151003097,-12.098699101966393,-11.747768499856026,-0.04232604036288379,-13.571247455163792
17,NESR,OIH,79.2,Strong,79.4,79.0,27.3,2026-01-16,18.16,25.5,9.69,0.134,64.9,1.52,80.0,0.43,3,2.96,0.912,,3.0,3.0,3.0,3.0,1.57,-1.96,-1.36,2.7,3.0,3.0,2.02,2.07,-0.36,-1.36,2026-01-16,10.952902519167584,4.312398224006596,9.306891102089287,12.595837897042706,4.839827761698779,10.546087830492379,14.731653888280372,-0.8452573038585367,12.908174932972605
18,GOOG,QQQ,79.1,Strong,71.3,87.8,7.1,2026-01-16,329.78,10.86,7.28,0.023,56.5,0.68,55.0,0.05,0,1.42,1.236,,2.27,2.45,-0.76,0.67,-0.5,1.35,-0.97,-0.68,3.0,-1.18,0.0,-0.25,1.08,-0.97,2026-01-16,3.7809363506015714,1.3304474032764135,2.1349249335232745,7.2938096128670304,4.720056633986269,5.244059546316704,0.8665295181098598,0.24363527864894596,-0.956949437197907
19,SNDK,XLK,77.3,Strong,70.1,85.3,7.7,2026-01-16,413.62,99.95,95.32,0.025,56.5,0.74,45.0,1.31,3,3.57,1.128,extended >3 ATR above 20d avg,2.49,0.91,-0.62,1.35,1.1,3.0,-2.54,0.05,1.45,-2.06,-0.67,1.08,3.0,-2.54,2026-01-16,13.801692865779923,11.697610946857218,12.155681448701626,61.0012091898428,59.47224299542564,58.95145912329247,41.12696493349455,40.96565198637714,39.303485978186785
20,HALO,XBI,76.0,Strong,81.5,70.9,29.4,2026-01-16,71.19,8.24,5.24,0.025,53.3,0.6,50.0,0.12,1,0.46,0.694,,3.0,1.71,1.12,0.67,-0.95,-1.15,0.32,0.95,0.69,-2.47,0.67,1.4,-0.28,0.32,2026-01-16,-0.27123483226266787,-4.711136712884089,-1.9172462493409648,6.281227694503944,2.241979943073047,4.231477627953617,14.889364739471823,11.88854707798368,13.065885784164056
21,NBIS,IGV,72.3,Strong,54.7,95.5,2.1,2026-01-16,108.68,44.04,50.11,0.026,50.2,0.65,45.0,-0.06,1,2.14,1.782,,2.46,2.92,-3.0,1.35,0.6,-0.88,-0.09,0.39,0.55,-1.52,-0.67,0.36,-0.37,-0.09,2026-01-16,-10.193459687714812,-12.810825703502093,-11.839471104793109,-13.44397525287243,-6.391627932556675,-15.493725319422758,-8.857900422272413,2.8475420372207285,-10.68137937758018
22,ETSY,XLY,71.3,Strong,81.5,62.3,40.0,2026-01-16,61.77,16.88,15.22,0.03,52.9,0.63,65.0,-0.04,0,1.54,0.502,,1.29,1.78,2.64,2.7,-0.65,-1.04,1.35,0.59,0.6,-2.4,1.35,0.92,-0.34,1.35,2026-01-16,0.13333333333334085,-1.5397468072053888,-1.512678083744956,-10.666666666666668,-12.072053984719199,-12.716416733216995,-8.05,-5.749514806759247,-9.873478955307768
23,SLB,OIH,70.1,Strong,79.1,62.1,27.3,2026-01-16,45.97,21.23,5.42,0.058,53.1,0.67,55.0,0.06,2,3.36,0.498,extended >3 ATR above 20d avg,1.68,3.0,2.97,1.35,-0.25,-1.21,-0.43,1.22,0.92,-2.59,0.0,0.25,0.39,-0.43,2026-01-16,8.068081343943412,1.4275770487824246,6.422069926865115,4.531388152077809,-3.2246219832661183,2.481638085527482,9.858532272325382,-5.718378919813526,8.035053317017615
24,IREN,XLF,69.7,Moderate,69.1,70.3,19.4,2026-01-16,57.87,71.42,71.43,0.053,55.0,0.79,45.0,0.4,3,3.19,0.682,extended >3 ATR above 20d avg,0.02,2.97,-1.9,-2.02,0.84,0.85,0.18,0.1,1.71,-3.0,-2.02,0.96,1.04,0.18,2026-01-16,-4.704276615104641,-4.289025576977046,-6.350288032182938,-3.4212920837124683,-4.13854387684196,-5.471042150262795,-15.97816196542311,-16.52553833386404,-17.801640920730875
25,VSH,SMH,68.6,Moderate,74.3,63.3,51.2,2026-01-16,18.1,25.52,7.02,0.045,52.9,0.54,55.0,0.13,1,3.99,0.523,extended >3 ATR above 20d avg,0.82,0.01,-1.1,0.22,0.87,0.63,-0.35,0.31,0.31,-3.0,0.0,0.96,0.7,-0.35,2026-01-16,1.2485811577752415,-0.19357979450880247,-0.3974302593030554,16.004540295119174,12.216006364912646,13.954790228568847,9.421112372304208,6.028091719135031,7.597633416996441
26,INOD,XLK,68.2,Moderate,58.8,79.0,7.7,2026-01-16,61.52,27.77,23.14,-0.02,48.9,0.69,45.0,-0.08,3,0.96,0.913,,2.34,-0.42,-1.4,2.02,0.26,-0.44,2.45,-0.1,0.12,-2.84,0.0,0.25,-0.76,2.45,2026-01-16,1.2149532710280297,-0.8891286478946769,-0.43105814605026715,-6.253186066270178,-7.782152260687337,-8.302936132820506,-17.41716227697536,-17.57847522409277,-19.240641232283128
27,ROST,XRT,67.9,Moderate,90.0,51.2,71.1,2026-01-16,191.2,5.28,1.43,0.053,56.0,0.83,60.0,0.05,2,2.12,0.274,,1.18,1.23,3.0,2.7,-2.75,1.51,0.1,2.43,1.46,0.71,2.7,0.53,1.93,0.1,2026-01-16,-1.557550158394938,-1.2860569457252446,-3.203561575473235,-0.2481520591341102,0.950942963490331,-2.2979021256844367,2.0485744456177457,2.0259500112286055,0.22509549030997889
28,DOCN,IGV,67.8,Moderate,50.3,91.3,2.1,2026-01-16,52.78,20.23,26.29,0.101,54.4,0.95,85.0,0.24,5,0.76,1.423,5 distribution days in 20,3.0,3.0,-0.12,3.0,1.41,0.97,-1.32,1.22,1.34,1.69,1.8,1.17,1.47,-1.32,2026-01-16,15.850540806293,13.23317479050572,14.204529389214704,17.71878072763029,24.771128047946043,15.669030661079962,27.315634218289063,39.021076677782204,25.492155262981296
29,RGLD,GDX,66.9,Moderate,77.6,57.6,39.1,2026-01-16,264.11,19.52,5.44,0.044,56.2,0.92,55.0,0.24,2,3.14,0.403,extended >3 ATR above 20d avg,2.07,0.61,0.33,0.67,-1.9,0.05,-0.15,1.76,1.46,-0.41,0.0,1.42,-0.03,-0.15,2026-01-16,5.662307298896763,-0.2229426395420342,4.016295881818466,-5.651347994447297,1.573473478096421,-7.701098060997624,1.5635274347921335,0.2584301681090695,-0.2599515205156333
30,GOOGL,QQQ,63.8,Moderate,53.2,76.4,7.1,2026-01-16,329.34,11.23,7.65,0.026,55.9,0.83,55.0,0.07,2,1.46,0.838,,2.28,1.33,-0.21,0.0,-0.46,1.56,-1.02,-0.68,1.92,-0.63,-0.67,-0.21,1.29,-1.02,2026-01-16,3.917892960914804,1.467404013589646,2.271881543836507,7.204673977567411,4.6309209986866495,5.154923911017084,1.0685162620676758,0.445622022606762,-0.754962693240091
31,FORM,SMH,62.2,Moderate,79.2,48.8,51.2,2026-01-16,78.34,45.64,27.14,0.001,53.5,0.72,40.0,0.59,2,4.28,0.225,extended >3 ATR above 20d avg,0.07,0.87,2.07,-1.8,3.0,2.62,0.82,-0.43,1.17,-2.49,-2.02,3.0,2.69,0.82,2026-01-16,-1.9228219069089003,-3.3649828591929443,-3.568833323987197,-5.503248905980628,-9.291782836187156,-7.552998972530955,25.752552711841936,22.35953205867276,23.92907375653417
32,PAA,XLE,61.5,Moderate,62.5,60.5,20.5,2026-01-16,18.33,9.43,2.04,-0.011,49.5,1.14,60.0,0.09,2,3.62,0.462,extended >3 ATR above 20d avg,-0.26,0.73,2.03,1.35,2.86,2.0,0.02,0.45,0.23,0.94,1.35,2.08,0.99,0.02,2026-01-16,-0.8161044613710478,-3.1061807972489253,-2.4621158784493447,0.8705114254624613,-3.2007353938759753,-1.1792386410878652,1.305767138193703,-10.208227772747792,-0.5177118171140638
33,ATRO,ITA,58.3,Moderate,91.8,37.0,87.8,2026-01-16,61.94,47.83,28.74,0.039,54.7,0.58,65.0,0.53,2,4.12,-0.015,extended >3 ATR above 20d avg,-1.76,-1.13,-2.38,-0.67,0.71,0.26,3.0,0.4,0.9,-3.0,0.67,2.07,1.78,3.0,2026-01-16,6.136588584625535,9.560251281226773,4.490577167547238,5.691191026063991,10.011230865048093,3.6414409595136643,6.33454305509733,9.164770884287687,4.5110640997895635
34,RKLB,ITA,55.1,Moderate,92.4,32.9,87.8,2026-01-16,96.19,78.38,59.29,0.097,59.9,0.71,70.0,1.2,1,2.61,-0.106,,-0.75,-0.09,-0.65,0.0,-0.18,-0.65,0.74,1.41,1.95,-2.05,1.35,1.18,0.88,0.74,2026-01-16,-14.140875133404485,-10.717212436803248,-15.786886550482782,-20.88580576307365,-16.56576592408955,-22.93555582962398,-19.071504802561368,-16.24127697337101,-20.894983757869134
35,AIR,ITA,54.9,Weak,90.6,33.3,87.8,2026-01-16,105.02,29.32,10.23,0.002,54.2,0.32,50.0,0.24,2,4.23,-0.096,extended >3 ATR above 20d avg; heavy selling into close today,-1.8,-1.44,-2.36,-1.35,1.18,0.68,3.0,0.36,0.59,-3.0,0.0,2.54,2.21,3.0,2026-01-16,0.7930367504835445,4.216699447084782,-0.8529746665947524,4.4100580270793,8.730097866063403,2.3603079605289734,10.531914893617023,13.36214272280738,8.708435938309256
36,ACMR,SMH,52.6,Weak,69.5,39.8,51.2,2026-01-16,53.63,43.51,25.02,0.042,54.1,0.71,65.0,0.45,1,3.0,0.043,,0.28,0.63,3.0,0.9,1.28,-0.11,1.62,-0.22,0.92,-1.06,0.67,1.36,-0.04,1.62,2026-01-16,-1.3122346584330313,-2.7543956107170753,-2.9582460755113282,17.94673871092243,14.1582047807159,15.896988644372101,20.91856426090313,17.52554360773395,19.09508530559536
37,FTI,OIH,51.9,Weak,51.6,52.2,27.3,2026-01-16,52.05,17.52,1.71,0.023,47.7,0.71,50.0,0.1,2,3.36,0.293,extended >3 ATR above 20d avg,0.9,1.36,3.0,1.35,1.21,-1.45,2.42,0.44,-1.68,-1.18,0.0,1.71,0.15,2.42,2026-01-16,5.049142416650598,-1.591361878510389,3.4031309995723014,8.556561957988041,0.8005518226441142,6.506811891437715,15.301599537483135,-0.27531165465577345,13.478120582175368
38,ADI,SMH,51.5,Weak,70.9,37.4,51.2,2026-01-16,297.49,10.71,-7.78,-0.067,49.0,0.69,40.0,0.02,0,2.02,-0.007,,0.09,0.61,1.71,0.22,0.34,1.35,-1.23,-0.41,0.91,-2.85,0.0,0.43,1.42,-1.23,2026-01-16,2.350862888979477,0.908701936695433,0.70485147190118,6.655116184264154,2.866582254057626,4.605366117713827,8.66965620328848,5.276635550119303,6.846177247980712
39,AU,GDX,49.6,Weak,62.5,39.4,39.1,2026-01-16,94.04,17.14,3.06,0.028,55.3,0.91,60.0,0.27,2,2.01,0.036,,-0.62,1.16,-0.81,0.67,-1.87,0.33,-2.4,-0.94,2.0,-1.54,0.0,1.44,0.25,-2.4,2026-01-16,3.403826787512587,-2.4814231509262097,1.7578153704342903,-9.325276938569981,-2.100455466026263,-11.375027005120309,2.477341389728105,1.1722441230450409,0.6538624344203381
40,TSM,SMH,48.6,Weak,59.0,40.1,51.2,2026-01-16,340.29,23.61,5.11,0.003,55.1,0.69,50.0,-0.28,0,2.88,0.049,heavy selling into close today,0.26,0.26,-0.34,0.09,-0.92,0.04,-0.59,-0.25,0.56,-3.0,-0.13,-0.84,0.11,-0.59,2026-01-16,-2.355997756192607,-3.798158708476651,-4.002009173270904,0.1771426884355387,-3.6113912417709892,-1.8726073781147878,4.292757816421133,0.8997371632519569,2.4692788611133665
41,NEM,GDX,47.9,Weak,58.9,39.0,39.1,2026-01-16,113.37,14.74,0.65,0.068,52.0,0.89,65.0,0.45,2,1.93,0.026,,0.32,-0.96,0.03,0.67,0.32,1.61,-2.18,0.01,-0.11,-0.7,0.0,3.0,1.53,-2.18,2026-01-16,6.8208980706846445,0.9356481322458476,5.174886653606348,-4.2769335837459455,2.947887888797773,-6.326683650296272,2.415912583233726,1.1108153165506618,0.592433627925959
42,MRK,XLV,42.6,Weak,35.3,51.5,15.2,2026-01-16,106.64,9.71,7.99,0.008,54.4,0.82,40.0,-0.08,2,0.66,0.28,,1.14,0.41,-0.79,0.0,-1.21,-0.6,0.21,-0.0,0.9,0.07,-1.35,-0.27,-0.15,0.21,2026-01-16,-0.6703172205438146,-3.332864061645646,-2.3163286376221115,4.8999244712991,3.8020347862028014,2.850174404748773,8.780211480362542,7.274722031937063,6.956732525054775
43,BWA,XLY,40.0,Weak,49.8,32.2,40.0,2026-01-16,46.8,5.62,3.96,-0.008,53.5,0.83,45.0,0.12,1,0.48,-0.123,heavy selling into close today,-0.2,1.47,1.32,-0.67,-0.19,0.09,-0.94,-0.91,0.3,-3.0,-2.02,1.38,0.78,-0.94,2026-01-16,2.7097333622371655,1.0366532216984359,1.0637219451588686,3.555170171255151,2.1497828532026197,1.5054201047048243,13.418599609798388,15.719084803039141,11.595120654490621
44,INSW,XLE,38.8,None,40.0,37.7,20.5,2026-01-16,49.18,14.83,7.43,-0.045,55.7,0.87,35.0,0.26,2,2.68,-0.002,,-2.7,1.23,1.14,-1.35,2.19,3.0,2.38,-1.98,0.74,0.05,-1.35,1.41,2.06,2.38,2026-01-16,1.9242579324462605,-0.365818403431617,0.27824651536796363,7.84032753326509,3.7690807139266536,5.790577466714764,8.90481064483113,-2.609184266110365,7.081331689523363
45,KEYS,XLK,33.9,None,24.7,46.5,7.7,2026-01-16,214.24,7.93,3.31,-0.059,45.1,1.31,35.0,-0.07,2,1.47,0.18,,2.28,-1.07,2.37,1.57,-0.16,0.38,1.12,-0.16,-0.53,0.93,-0.45,-0.17,0.06,1.12,2026-01-16,2.124315313169811,0.020233394247104464,0.47830389609151425,6.325315551321742,4.796349356904583,4.275565484771415,12.331507501786154,12.170194554668745,10.508028546478387
46,TTC,XLI,32.4,None,91.9,11.4,96.7,2026-01-16,88.81,11.96,2.89,0.091,58.3,,65.0,0.2,2,3.46,-0.773,extended >3 ATR above 20d avg,-0.29,0.24,,-3.0,-0.0,-2.44,0.93,1.47,1.52,,1.35,2.17,1.12,0.93,2026-01-16,0.7169682485489881,0.9555587294005852,-0.9290431685293088,5.1894844656879435,3.519351099726853,3.139734399137617,10.902469557300565,5.476065544086328,9.078990601992798
47,FLS,XLI,32.3,None,94.8,11.0,96.7,2026-01-16,76.52,11.82,2.74,0.025,55.4,0.43,55.0,0.29,1,3.19,-0.795,extended >3 ATR above 20d avg,-1.29,1.36,1.59,-3.0,0.03,-1.98,1.57,0.47,2.64,-2.77,0.67,2.2,1.58,1.57,2026-01-16,2.528613255256862,2.767203736108459,0.882601838178565,4.471652914559487,2.801519548598397,2.421902848009161,12.922544583444239,7.496140570230002,11.099065628136472
48,PSX,XLE,29.3,None,30.2,28.5,20.5,2026-01-16,135.45,4.73,-2.66,-0.017,49.6,0.86,45.0,-0.19,5,0.89,-0.211,5 distribution days in 20,-0.2,0.38,0.52,0.67,-0.2,1.55,0.8,0.52,-0.12,-0.57,0.67,-0.98,0.54,0.8,2026-01-16,1.0062431142122685,-1.283833221665609,-0.6397683028660284,2.357693720161591,-1.7135530991768455,0.3079436536112645,13.316195372750638,1.802200461809143,11.492716417442871
49,LRCX,SMH,28.0,None,37.4,20.9,51.2,2026-01-16,222.21,43.79,25.29,-0.012,54.2,0.79,50.0,-0.05,4,2.97,-0.415,4 distribution days in 20,-0.36,0.68,-0.2,-1.8,-0.04,-0.74,2.08,-0.87,0.98,-3.0,-2.02,0.05,-0.67,2.08,2026-01-16,2.048126377663495,0.6059654253794511,0.40211496058519813,8.738978692138133,4.950444761931605,6.689228625587806,4.9687729610580655,1.575752307888889,3.1452940057502987
50,KLAC,SMH,25.9,None,43.0,15.6,51.2,2026-01-16,156.14,33.72,15.22,-0.061,49.2,0.76,35.0,0.14,2,3.97,-0.593,extended >3 ATR above 20d avg,-1.04,-0.15,2.4,-1.12,1.44,0.2,0.74,-1.54,0.15,-2.17,-1.35,1.52,0.27,0.74,2026-01-16,1.0520086790716032,-0.3901522732124407,-0.5940027380066937,-7.64678808600171,-11.435322016208238,-9.696538152552037,-5.726872246696035,-9.119892899865212,-7.550351202003802
51,AMAT,SMH,21.9,None,37.3,12.8,51.2,2026-01-16,325.87,31.64,13.15,-0.002,51.6,0.81,40.0,0.1,3,3.86,-0.711,extended >3 ATR above 20d avg,0.1,-0.07,2.63,-1.12,0.53,0.74,-1.55,-0.41,0.23,-1.93,-1.35,0.62,0.81,-1.55,2026-01-16,1.1822284370431424,-0.25993251524090155,-0.4637829800351545,3.994788025170015,0.20625409496348723,1.9450379586196886,4.658997012648558,1.2659763594793816,2.835518057340791
52,PH,XLI,21.8,None,83.4,5.7,96.7,2026-01-16,938.41,9.36,0.28,0.033,56.1,1.23,50.0,0.07,3,2.2,-1.153,,-0.44,1.92,3.0,-3.0,-0.81,-2.67,-0.18,1.33,3.0,0.09,0.67,1.36,0.89,-0.18,2026-01-16,0.8083354157386369,1.046925896590234,-0.83767600133966,2.8009256744277122,1.1307923084666216,0.7511756078773857,5.8473940961093485,0.42099008289511186,4.023915140801582
53,AXTA,XLB,21.1,None,91.0,4.9,98.7,2026-01-16,33.57,5.24,-3.06,0.102,52.8,1.29,65.0,0.09,0,1.33,-1.231,,-1.06,-1.76,3.0,1.01,-2.17,-1.93,2.18,3.0,0.57,0.54,3.0,0.96,0.78,2.18,2026-01-16,1.7522658610271913,-1.7039553371294813,0.10625444394889438,1.3293051359516639,-1.330937846871949,-0.7204449305986627,3.3534743202416895,-4.564414242808157,1.5299953649339226
54,TKR,XLI,19.9,None,91.7,4.3,96.7,2026-01-16,92.71,11.2,2.12,-0.005,54.1,0.76,60.0,0.09,1,2.49,-1.296,,-0.64,0.18,2.74,-3.0,-0.89,-3.0,1.58,1.12,1.47,-1.63,2.7,1.28,0.14,1.58,2026-01-16,2.362118215776765,2.600708696628362,0.7161067986984682,3.4058448692595222,1.7357115032984316,1.3560948027091957,18.622280817402782,13.195876804188545,16.798801862095015
55,AME,XLI,19.8,None,85.3,4.6,96.7,2026-01-16,214.67,7.89,-1.19,0.007,56.9,0.83,45.0,0.05,1,1.9,-1.268,,-0.27,1.45,2.95,-3.0,-1.31,-2.78,-2.52,1.49,2.73,-1.42,0.0,0.87,0.79,-2.52,2026-01-16,3.144001885458403,3.38259236631,1.497990468380106,6.957341503653081,5.28720813769199,4.907591437102754,9.455573886401126,4.0291698731868895,7.632094931093359
56,MU,SMH,19.0,None,32.2,11.2,51.2,2026-01-16,362.61,60.86,42.36,0.024,53.3,0.7,50.0,0.19,3,3.04,-0.787,extended >3 ATR above 20d avg,-1.32,-0.23,3.0,-0.22,0.77,1.82,-0.8,-1.82,0.06,-1.35,-0.45,0.85,1.89,-0.8,2026-01-16,6.691908799078106,5.249747846794062,5.045897381999809,20.059264136965993,16.270730206759467,18.009514070415666,5.08958213296018,1.6965614797910034,3.266103177652413
57,BE,XLI,17.8,None,67.5,4.7,96.7,2026-01-16,149.5,94.23,85.15,0.011,60.5,0.54,35.0,0.44,1,4.04,-1.251,extended >3 ATR above 20d avg,-2.37,0.7,0.25,-3.0,-1.17,-3.0,0.17,-0.61,1.98,-3.0,-2.02,1.0,0.09,0.17,2026-01-16,-3.111111111111109,-2.872520630259512,-4.757122528189406,8.444444444444432,6.774311078483342,6.394694377894106,7.777777777777772,2.3513737645635358,5.9542988224700055
58,GTES,XLI,16.1,None,76.0,3.4,96.7,2026-01-16,22.75,6.56,-2.52,-0.043,51.6,0.74,40.0,0.16,2,0.83,-1.423,,-1.08,0.11,3.0,-3.0,0.06,-2.63,-0.24,0.68,1.39,-1.07,-0.67,2.24,0.93,-0.24,2026-01-16,2.1904336164505933,2.4290240973021904,0.5444221993722964,6.05721949038891,4.387086124427819,4.007469423838583,20.742065265981235,15.315661252766999,18.91858631067347
59,EMR,XLI,14.7,None,79.7,2.7,96.7,2026-01-16,147.77,13.52,4.44,-0.059,48.6,0.63,45.0,0.05,1,2.9,-1.549,,-1.59,-1.13,2.02,-3.0,-0.81,-3.0,3.0,0.18,0.15,-2.35,0.67,1.37,0.45,3.0,2026-01-16,0.7721743884105514,1.0107648692621485,-0.8738370286677455,0.4715047150471552,-1.1986286509139354,-1.5782453515031714,8.11808118081181,2.6916771675975735,6.294602225504043
60,TER,SMH,14.4,None,25.5,8.1,51.2,2026-01-16,227.82,23.1,4.6,-0.047,50.4,0.85,50.0,0.13,3,2.11,-0.965,,-1.02,-0.78,3.0,0.22,0.75,0.15,-1.08,-1.52,-0.48,-1.43,0.0,0.83,0.22,-1.08,2026-01-16,5.137172965116288,3.695012012832244,3.491161548037991,13.317587209302317,9.52905327909579,11.26783714275199,40.715843023255815,37.32282237008664,38.89236406794805
61,ROK,XLI,13.7,None,69.6,2.7,96.7,2026-01-16,411.35,6.62,-2.46,0.069,53.1,1.04,65.0,0.03,2,1.28,-1.543,,-0.11,-0.42,3.0,-3.0,-0.32,-2.89,-2.58,1.65,0.87,0.66,1.01,1.85,0.68,-2.58,2026-01-16,3.7758891408917528,4.01447962174335,2.129877723813456,5.909328813897252,4.2391954479361615,3.8595787473469256,1.340876803828217,-4.0855272093860195,-0.48260215147954977
62,ECL,XLB,11.4,None,87.0,1.5,98.7,2026-01-16,274.86,5.73,-2.56,0.037,54.2,0.71,60.0,0.11,0,1.94,-1.834,,-3.0,-0.54,3.0,-1.35,-1.63,-1.28,-1.55,1.03,1.8,-1.83,0.67,1.5,1.43,-1.55,2026-01-16,3.6274582013699597,0.17123700321328705,1.9814467842916628,3.638506297414734,0.9782633145911213,1.5887562308644076,5.225749429181703,-2.6921391338681433,3.402270473873936
63,FIVE,XRT,10.9,None,28.3,4.2,71.1,2026-01-16,196.68,10.23,6.38,-0.01,44.0,1.08,50.0,-0.07,4,0.53,-1.31,4 distribution days in 20,-0.43,-1.23,2.59,0.67,-3.0,-1.21,1.73,0.82,-1.01,0.15,0.67,0.24,-0.79,1.73,2026-01-16,-3.6205574021989317,-3.3490641895292383,-5.266568819277229,1.1250319611352477,2.324126983759689,-0.9247181054150788,7.057018665302972,7.034394230913832,5.233539709995205
64,COP,XOP,10.7,None,7.2,15.9,10.9,2026-01-16,96.06,3.39,0.79,-0.046,47.5,0.75,30.0,-0.44,4,0.87,-0.584,4 distribution days in 20,-0.58,0.08,-2.61,-2.02,-3.0,-0.69,1.03,-1.1,-0.62,-3.0,-2.7,-3.0,-2.19,1.03,2026-01-16,0.5847342591625893,-1.6513192217041839,-1.0612771579157076,4.030489714942043,1.0490850737863378,1.9807396483917161,11.04730082489298,-0.07149431879844848,9.223821869585214
65,AMRX,XPH,9.1,None,19.1,4.3,61.4,2026-01-16,13.4,8.55,7.71,-0.045,53.9,0.76,40.0,0.15,2,1.36,-1.304,,-1.79,-2.81,-1.6,-3.0,0.7,-2.43,0.05,-1.83,0.39,-1.24,-3.0,1.1,-0.57,0.05,2026-01-16,3.348554033485529,0.957170316800604,1.7025426164072321,7.990867579908678,4.157351698200018,5.941117513358352,10.502283105022814,6.760041410973905,8.678804149715047
66,CTVA,XLB,8.1,None,72.6,0.9,98.7,2026-01-16,69.17,4.85,-3.44,0.016,53.1,0.96,65.0,-0.01,3,0.96,-2.102,,-3.0,-1.5,3.0,-0.0,-2.5,-2.25,-0.32,1.05,0.83,-0.64,2.02,0.63,0.47,-0.32,2026-01-16,4.731494920174151,1.2752737220174781,3.085483503095854,5.558780841799704,2.8985378589760913,3.5090307752493777,6.110304789550058,-1.807583773499788,4.286825834242292
67,CAT,XLI,7.8,None,46.3,1.3,96.7,2026-01-16,642.77,15.09,6.01,0.027,52.9,0.89,50.0,0.07,1,2.74,-1.918,,-2.21,-0.35,3.0,-3.0,-1.1,-2.83,-0.62,-0.44,0.94,-0.73,-1.35,1.07,0.73,-0.62,2026-01-16,-0.9365374693162787,-0.6979469884646816,-2.5825488863945756,7.611125877515268,5.940992511554177,5.561375810964941,15.608436654731928,10.182032641517692,13.784957699424162
68,TXN,SMH,7.6,None,15.0,3.9,51.2,2026-01-16,188.39,9.81,-8.69,-0.101,46.5,0.62,20.0,-0.06,2,1.72,-1.352,,-1.63,-1.21,1.65,-3.0,0.39,-1.32,0.79,-2.14,-0.91,-2.92,-3.0,0.48,-1.26,0.79,2026-01-16,3.3566732588593773,1.9145123065753333,1.7106618417810804,19.081725372815207,15.293191442608679,17.03197530626488,15.66625688171468,12.273236228545503,13.842777926406914
69,LECO,XLI,5.6,None,34.4,0.9,96.7,2026-01-16,262.0,9.22,0.14,0.036,47.1,0.89,55.0,0.06,2,2.48,-2.111,,-1.47,-1.7,3.0,-3.0,-1.45,-3.0,-0.81,0.29,-0.41,0.23,-0.34,0.72,0.15,-0.81,2026-01-16,0.39624936247009135,0.6348398433216884,-1.2497620546082056,4.319510377025382,2.649377011064291,2.269760310475055,15.84212797677429,10.415723963560053,14.018649021466523
70,TTEK,XLI,5.0,None,30.9,0.8,96.7,2026-01-16,37.04,7.93,-1.15,-0.014,48.4,0.78,40.0,0.11,2,2.48,-2.187,,-2.48,-2.66,1.31,-3.0,-1.59,-3.0,0.28,-0.72,-1.38,-3.0,-2.02,0.59,0.01,0.28,2026-01-16,-1.5662975965433423,-1.3277071156917453,-3.2123090136216392,0.945179584120992,-0.7249537818400986,-1.1045704824293345,13.043478260869556,7.617074247655319,11.219999305561789
71,AVNT,XLB,4.6,None,43.1,0.5,98.7,2026-01-16,34.87,15.85,7.56,-0.02,50.3,0.68,45.0,0.12,1,2.99,-2.448,,-3.0,-2.14,3.0,-3.0,-1.74,-3.0,0.84,-0.44,0.2,-1.9,-1.35,1.39,-1.5,0.84,2026-01-16,5.427487598482639,1.9712664003259661,3.781476181404342,4.318646046104457,1.6584030632808444,2.268895979554131,11.351035891450234,3.4331473284003877,9.527556936142467
72,ATI,XLI,2.1,None,11.4,0.4,96.7,2026-01-16,124.29,15.17,6.09,-0.027,51.4,0.91,45.0,-0.04,2,1.5,-2.539,,-2.93,-1.71,3.0,-3.0,-3.0,-3.0,-0.16,-1.16,-0.43,0.06,-0.67,-0.95,-2.17,-0.16,2026-01-16,-0.5240245082231532,-0.2854340273715561,-2.17003592530145,-1.8381167365365991,-3.5082501024976898,-3.8878668030869257,9.392131570461126,3.9657275572468897,7.5686526151533595
73,INTC,SMH,1.2,None,2.2,0.7,51.2,2026-01-16,46.94,30.12,11.62,-0.024,49.2,0.68,50.0,-0.35,4,2.47,-2.207,4 distribution days in 20; heavy selling into close today,-2.76,-1.74,3.0,-1.12,-0.67,-1.81,-0.74,-3.0,-1.44,-0.34,-1.35,-0.59,-1.75,-0.74,2026-01-16,-10.169133192389001,-11.611294144673046,-11.815144609467298,3.1712473572938604,-0.6172865729126675,1.1214972907435339,6.173361522198739,2.780340869029563,4.349882566890972
1,APH,XLK,96.6,Strong,97.5,95.7,12.6,2026-01-26,77.39,12.98,13.04,0.095,55.7,0.65,75.0,0.34,4,1.8,1.806,4 distribution days in 20,3.0,2.92,0.88,3.0,2.1,1.69,3.0,2.75,3.0,-1.64,3.0,1.31,1.43,3.0,2026-01-26,-8.199643493761155,-6.749578819515122,-8.384030154039623,-8.658008658008676,-5.88041998621347,-8.620260207872931,-5.882352941176472,-0.5041787972592688,-4.240295360271384
2,CGNX,XLK,95.3,Strong,96.7,93.9,12.6,2026-01-26,39.19,7.49,7.55,0.08,53.5,0.72,70.0,0.04,1,0.51,1.614,,3.0,0.99,-0.21,3.0,1.49,2.01,-0.87,3.0,1.09,-2.72,3.0,0.7,1.76,-0.87,2026-01-26,0.6356470887363352,2.0857117629823674,0.45126042845786696,10.70429697431987,13.481885646115076,10.742045424455615,44.54614797864227,49.924322122559474,46.188205559547356
3,ENTG,SMH,93.5,Strong,96.8,90.4,57.7,2026-01-26,115.31,35.2,25.57,0.108,55.3,0.75,65.0,-0.06,4,2.51,1.37,4 distribution days in 20,3.0,1.93,1.03,3.0,0.92,1.35,2.25,3.0,1.97,-3.0,3.0,0.57,0.75,2.25,2026-01-26,1.817716333845354,0.7889963536522382,1.6333296735668856,4.224270353302595,3.5805466593189283,4.262018803438339,10.334528076463556,9.45312178777824,11.976585657368643
4,AIR,ITA,92.7,Strong,96.3,89.3,77.4,2026-01-26,104.22,21.14,15.1,0.064,56.8,0.27,60.0,0.36,2,2.17,1.31,,1.77,1.49,-1.57,1.35,1.77,-0.13,0.03,1.75,1.56,-3.0,1.35,3.0,1.72,0.03,2026-01-26,3.212237093690251,4.564282275959631,3.027850433411783,9.263862332696004,9.079881500931506,9.301610782831748,8.57552581261951,6.902583830760877,10.217583393524597
5,WSM,XRT,91.8,Strong,97.9,86.1,84.2,2026-01-26,203.22,8.37,6.64,0.034,50.7,0.69,45.0,0.14,2,0.76,1.163,,2.41,3.0,-0.71,0.34,0.88,-1.96,-0.33,3.0,3.0,-2.87,1.01,2.08,0.96,-0.33,2026-01-26,2.9511533242876364,4.027152871235195,2.766766664009168,4.647218453188584,4.49997640992208,4.684966903324328,1.8850552432641887,3.5953282073597936,3.527112824169276
6,MTSI,SMH,90.9,Strong,93.9,87.9,57.7,2026-01-26,218.94,24.53,14.91,0.052,50.5,0.37,50.0,0.48,4,2.33,1.242,4 distribution days in 20,3.0,-0.18,0.18,2.7,3.0,0.87,3.0,3.0,-0.14,-3.0,2.02,3.0,0.27,3.0,2026-01-26,3.8821711064642273,2.8534511262711115,3.697784446185759,7.164287662514779,6.520563968531112,7.202036112650523,11.701063733066652,10.819657444381336,13.34312131397174
7,ATRO,ITA,88.3,Strong,96.2,81.1,77.4,2026-01-26,64.34,38.19,32.14,0.07,55.5,0.63,70.0,0.66,2,3.22,0.979,extended >3 ATR above 20d avg,1.57,1.36,-0.17,2.02,0.16,-1.38,2.79,1.54,1.42,-3.0,2.02,2.2,0.46,2.79,2026-01-26,-1.6878932023937532,-0.3358480201243741,-1.8722798626722215,-1.0894583397268787,-1.273439171491375,-1.0517098895911348,-2.1328832284793653,-3.8058252103379986,-0.4908256475742778
8,SNDK,XLK,88.1,Strong,86.4,89.9,12.6,2026-01-26,470.57,87.05,87.12,0.079,55.8,0.63,60.0,0.61,4,2.62,1.345,4 distribution days in 20,3.0,1.22,-1.29,3.0,0.81,1.9,-2.69,2.4,1.32,-3.0,1.35,0.01,1.64,-2.69,2026-01-26,38.40604567520089,39.85611034944692,38.22165901492242,21.32098418935353,24.09857286114874,21.358732639489276,22.734690907578937,28.11286505149614,24.376748488484026
9,SSRM,GDX,87.8,Strong,84.0,91.8,14.0,2026-01-26,27.04,18.54,-1.09,0.045,56.4,0.92,60.0,-0.18,4,2.52,1.46,4 distribution days in 20; heavy selling into close today,0.99,2.17,-1.5,2.02,2.27,3.0,0.13,0.39,2.52,-1.79,1.35,-0.41,3.0,0.13,2026-01-26,-16.34155318365845,-3.6191662303597028,-16.525939843936918,-4.674273095325743,0.023651293110138027,-4.636524645189999,-4.711078395288926,2.405304110270756,-3.0690208143838382
10,RGLD,GDX,87.6,Strong,82.8,92.7,14.0,2026-01-26,289.24,26.13,6.5,0.051,58.0,0.92,60.0,0.14,3,4.09,1.522,extended >3 ATR above 20d avg; heavy selling into close today,2.68,2.07,-0.03,1.35,3.0,2.29,-1.14,2.08,2.42,-0.33,0.67,0.83,0.78,-1.14,2026-01-26,-10.332257056556603,2.3901298967421454,-10.516643716835071,-3.4753324306495803,1.222591957786301,-3.4375839805138364,-3.565600805471647,3.550781700088035,-1.9235432245665596
11,ONTO,SMH,87.1,Strong,91.2,83.2,57.7,2026-01-26,206.8,27.76,18.14,0.069,53.8,0.56,60.0,0.11,3,1.62,1.05,,2.08,0.86,1.22,2.7,0.91,1.92,1.63,1.4,0.9,-3.0,2.02,0.56,1.32,1.63,2026-01-26,-3.199732159938795,-4.22845214013191,-3.3841188202172634,2.3005548115553776,1.656831117571711,2.3383032616911215,5.395064090300372,4.513657801615056,7.03712167120546
12,SANM,XLK,84.2,Strong,88.6,80.1,12.6,2026-01-26,182.97,18.8,18.86,0.042,53.0,0.89,70.0,0.22,4,2.11,0.947,4 distribution days in 20,3.0,2.49,3.0,3.0,1.81,0.75,-1.63,3.0,2.59,0.49,3.0,1.02,0.49,-1.63,2026-01-26,-4.166401223163652,-2.7163365489176194,-4.35078788344212,-3.937058036567498,-1.159469364772292,-3.899309586431754,-6.510798241702231,-1.132624097785028,-4.868740660797144
13,NESR,OIH,81.1,Strong,87.5,75.2,84.0,2026-01-26,20.26,35.88,13.87,0.143,62.2,1.26,80.0,0.4,3,3.49,0.804,extended >3 ATR above 20d avg,2.68,2.25,3.0,3.0,1.76,-0.96,-1.53,3.0,3.0,2.59,3.0,1.61,0.41,-1.53,2026-01-26,1.1811023622047223,0.6970083096459412,0.996715701926254,3.100393700787407,-4.676807774546843,3.138142150923151,18.946850393700785,10.668265792502083,20.588907974605874
14,TKR,XLI,80.1,Strong,97.6,65.7,91.1,2026-01-26,93.17,9.3,5.05,0.027,56.7,0.73,60.0,0.15,2,1.58,0.574,,0.88,2.27,0.82,1.57,0.12,-3.0,1.99,1.62,2.26,-2.4,2.7,1.63,2.1,1.99,2026-01-26,1.0521795147090396,-0.6801907105602911,0.8677928544305713,15.92226755421946,10.43132729956715,15.960016004355204,12.35774103500107,6.0404050898492665,13.999798615906156
15,CVX,SPY,77.3,Strong,85.5,69.9,,2026-01-26,162.9,11.26,10.85,0.066,52.4,0.96,55.0,-0.21,3,1.93,0.672,,3.0,3.0,2.65,2.7,-2.16,-1.7,0.36,3.0,2.6,-0.63,2.02,-1.97,-0.91,0.36,2026-01-26,3.7926597634948767,3.6082731032164084,3.6082731032164084,8.810734636358063,8.848483086493808,8.848483086493808,8.682066049874383,10.32412363077947,10.32412363077947
16,NWS,XLC,75.6,Strong,90.4,63.3,82.2,2026-01-26,30.8,3.32,3.59,-0.048,51.9,1.05,45.0,0.05,2,1.58,0.522,,-0.04,1.47,0.01,0.0,1.92,-0.58,1.37,0.84,2.12,0.69,1.35,2.64,3.0,1.37,2026-01-26,-0.2925877763328977,-1.7733718215267702,-0.47697443661136596,-15.18205461638492,-14.317550636242826,-15.144306166249176,-15.019505851755532,-12.057937761367798,-13.377448270850445
17,FCX,COPX,75.4,Strong,89.7,63.4,82.7,2026-01-26,60.89,18.03,-4.13,0.076,57.1,0.77,70.0,0.04,5,1.95,0.525,5 distribution days in 20; heavy selling into close today,0.89,1.7,0.53,2.7,1.36,-0.33,0.33,1.88,3.0,-1.15,3.0,0.52,0.59,0.33,2026-01-26,-1.2087553087226421,2.693959623404063,-1.3931419690011104,3.3975824893825557,3.058215973545453,3.4353309395182996,-0.6533812479581846,3.667885720367614,0.9886763329469028
18,DHR,XLV,74.2,Strong,76.9,71.5,47.4,2026-01-26,235.7,2.41,0.76,0.031,52.5,1.02,55.0,0.08,4,0.22,0.711,4 distribution days in 20,1.17,2.26,1.31,2.02,-1.59,2.9,1.34,1.07,2.34,1.36,1.35,0.72,3.0,1.34,2026-01-26,-4.523216891253979,-4.451737262948052,-4.707603551532447,-7.419963951592146,-7.751369501010563,-7.382215501456402,-11.805853574800452,-12.839059111222573,-10.163795993895365
19,CDE,GDX,72.0,Strong,62.5,83.0,14.0,2026-01-26,25.42,36.08,16.45,0.084,56.0,0.93,65.0,-0.06,4,2.97,1.043,4 distribution days in 20; heavy selling into close today,1.56,0.69,-0.74,2.02,2.67,0.85,1.41,0.96,1.05,-1.03,1.35,-0.01,-0.66,1.41,2026-01-26,-20.919361121932223,-8.196974168633474,-21.10374778221069,-10.401246591351775,-5.703322202915894,-10.36349814121603,-15.075964160498645,-7.959581654938963,-13.433906579593557
20,FLS,XLI,70.8,Strong,95.2,52.6,91.1,2026-01-26,77.04,9.32,5.07,0.03,56.7,0.48,55.0,0.11,2,2.15,0.303,,-0.04,3.0,0.17,0.22,-0.56,-3.0,0.83,0.7,3.0,-3.0,1.35,0.95,1.22,0.83,2026-01-26,0.6668376506796525,-1.0655325745896782,0.4824509904011842,8.809951269556283,3.319011014903973,8.847699719692027,14.093357271095153,7.77602132594335,15.73541485200024
21,FTI,OIH,69.5,Moderate,90.9,53.1,84.0,2026-01-26,54.51,22.33,0.31,0.062,50.9,0.65,60.0,0.07,1,3.49,0.311,extended >3 ATR above 20d avg,0.81,0.79,1.51,0.67,1.29,-0.21,0.31,1.73,1.55,-1.59,1.35,1.14,1.16,0.31,2026-01-26,2.9610674465362807,2.4769733939774996,2.7766807862578124,9.358435386583807,1.5812339112495568,9.396183836719551,11.75287881557303,3.4742942143743285,13.394936396478117
22,ROK,XLI,68.5,Moderate,92.2,50.9,91.1,2026-01-26,416.38,5.57,1.31,0.085,54.6,1.05,75.0,0.1,3,1.09,0.268,,1.97,1.91,3.0,2.92,1.24,-3.0,-2.13,2.71,1.89,0.88,3.0,2.75,2.23,-2.13,2026-01-26,2.131852813228541,0.3994825879592101,1.9474661529500725,-2.2736558752132985,-7.764596129865609,-2.2359074250775546,-7.522772610378059,-13.840108555529863,-5.880715029472972
23,TMO,XLV,62.9,Moderate,67.9,58.2,47.4,2026-01-26,625.08,8.02,6.38,0.077,56.7,1.14,65.0,0.05,6,0.95,0.415,6 distribution days in 20,2.26,2.27,1.53,2.7,-2.06,-0.37,3.0,2.16,2.34,1.58,2.02,0.26,0.39,3.0,2026-01-26,-6.386410930618947,-6.3149313023130205,-6.570797590897415,-12.061428271845909,-12.392833821264325,-12.023679821710164,-19.304415157038925,-20.337620693461048,-17.662357576133836
24,SLB,OIH,61.1,Moderate,86.9,42.9,84.0,2026-01-26,48.89,30.93,8.92,0.099,56.6,0.88,65.0,0.05,4,3.8,0.106,4 distribution days in 20; extended >3 ATR above 20d avg,1.12,2.03,2.85,1.35,0.32,-0.15,0.2,2.03,2.79,-0.24,2.02,0.17,1.23,0.2,2026-01-26,-4.426030719482609,-4.9101247720413905,-4.610417379761078,0.4446240905416454,-7.332577384792605,0.4823725406773893,-0.282942603071934,-8.561527204270636,1.3591149778331535
25,AME,XLI,60.7,Moderate,93.0,39.6,91.1,2026-01-26,218.82,5.54,1.28,0.044,58.3,0.93,50.0,0.14,3,1.78,0.039,,1.75,3.0,2.83,-0.45,0.38,-3.0,0.14,2.49,3.0,-0.38,0.67,1.89,1.73,0.14,2026-01-26,4.484965695077592,2.752595469808261,4.3005790347991235,6.925450108210174,1.4345098535578638,6.963198558345917,6.980706359073552,0.6633704139217489,8.62276393997864
26,ADI,SMH,60.5,Moderate,71.9,50.9,57.7,2026-01-26,301.28,9.52,-0.11,-0.063,49.0,0.65,45.0,-0.22,1,1.36,0.267,,0.36,0.86,1.7,1.35,-0.63,1.6,-0.02,-0.32,0.9,-3.0,0.67,-0.98,1.0,-0.02,2026-01-26,3.7748322480415153,2.7461122678483996,3.590445587763047,5.734968432882703,5.091244738899037,5.772716883018447,10.76256900142134,9.881162712736025,12.404626582326427
27,AU,GDX,58.5,Moderate,47.3,72.4,14.0,2026-01-26,102.68,20.53,0.9,0.055,53.7,0.87,55.0,-0.15,3,2.71,0.733,heavy selling into close today,0.49,1.43,-1.4,0.0,1.19,1.71,-0.81,-0.12,1.78,-1.7,-0.67,-1.49,0.2,-0.81,2026-01-26,-11.482500983090826,1.2398859702079221,-11.666887643369295,0.039323633503740574,4.737248021939622,0.07707208363948448,-0.9142744789618518,6.202108026597831,0.7277831019432357
28,VSH,SMH,55.2,Moderate,52.6,57.9,57.7,2026-01-26,17.84,20.05,10.43,0.02,52.8,0.53,45.0,0.14,4,1.88,0.41,4 distribution days in 20,0.32,0.6,-1.66,-0.67,1.34,1.34,0.95,-0.36,0.64,-3.0,-1.35,0.98,0.74,0.95,2026-01-26,13.429522752497224,12.400802772304107,13.245136092218756,6.9922308546060075,6.348507160622341,7.029979304741751,2.608213096559364,1.7268068078740484,4.250270677464451
29,NEM,GDX,54.0,Weak,42.6,68.5,14.0,2026-01-26,125.13,20.28,0.65,0.09,52.8,1.04,65.0,0.12,2,3.76,0.639,extended >3 ATR above 20d avg; heavy selling into close today,1.22,-0.38,0.23,1.01,2.92,2.11,-2.69,0.62,-0.03,-0.06,0.34,0.24,0.59,-2.69,2026-01-26,-9.191771946873995,3.5306150064247532,-9.376158607152464,-2.8425655976676456,1.8553587907682356,-2.8048171475319017,-1.5630061548428942,5.553376350716787,0.07905142606219329
30,GOOG,QQQ,53.9,Weak,44.8,64.9,17.5,2026-01-26,332.95,5.77,5.41,0.026,54.0,0.77,50.0,-0.05,2,1.06,0.557,,2.13,1.53,-0.07,0.0,-1.15,-0.54,-0.65,-0.41,1.69,-0.8,-0.67,-1.2,0.09,-0.65,2026-01-26,2.761441323103564,3.185839427671422,2.5770546628250957,-3.3943338209391882,-1.076099061777136,-3.3565853708034443,-9.774009612801148,-5.368884925914407,-8.131952031896061
31,PAA,XLE,53.4,Weak,61.8,46.2,50.1,2026-01-26,18.23,8.38,-2.34,-0.005,50.8,1.1,55.0,-0.09,3,2.12,0.174,,-0.01,-0.24,1.49,1.35,0.72,1.6,2.98,0.95,0.73,0.62,0.67,-0.54,1.58,2.98,2026-01-26,1.3668671405139499,0.024723840906282213,1.1824804802354816,1.8042646254784245,-6.785452492010746,1.8420130756141684,7.763805358119202,-1.0736920608359855,9.40586293902429
32,PSX,XLE,53.3,Weak,61.7,46.1,50.1,2026-01-26,137.52,8.21,-2.51,0.014,50.6,0.73,55.0,-0.35,4,0.68,0.173,4 distribution days in 20,0.99,-0.69,-0.4,2.7,-0.83,0.63,-0.48,1.96,0.28,-1.27,2.02,-2.09,0.62,-0.48,2026-01-26,0.5483405483405646,-0.7938027512671031,0.3639538880620963,11.313131313131318,2.723414195642148,11.350879763267063,11.818181818181817,2.9806843992266288,13.460239399086904
33,PDFS,IGV,50.5,Weak,36.0,70.8,10.4,2026-01-26,34.01,18.34,27.03,0.036,51.2,1.01,50.0,-0.17,2,1.07,0.694,,1.36,2.36,-0.26,-0.45,0.6,-2.85,2.79,-0.2,0.24,-0.33,-1.12,-0.43,-0.65,2.79,2026-01-26,-8.921282798833818,0.7851040440680084,-9.105669459112287,-10.641399416909614,3.585217473414259,-10.60365096677387,-1.8075801749271037,16.58612379036399,-0.1655225940220162
34,FORM,SMH,46.4,Weak,59.0,36.5,57.7,2026-01-26,73.96,27.16,17.53,0.007,52.4,0.7,45.0,-0.09,3,1.16,-0.028,,0.52,0.86,2.02,-0.67,0.13,1.1,2.27,-0.16,0.89,-2.73,-1.35,-0.22,0.5,2.27,2026-01-26,-5.289739500265799,-6.318459480458915,-5.474126160544268,26.036682615629992,25.392958921646326,26.074431065765737,26.7410951621478,25.859688873462485,28.38315274305289
35,IREN,XLF,45.3,Weak,44.3,46.4,47.1,2026-01-26,52.37,24.44,28.62,0.039,51.3,0.71,45.0,0.19,6,0.83,0.177,6 distribution days in 20,0.11,2.56,-2.6,-0.34,1.06,-3.0,0.63,-0.09,1.29,-3.0,-1.01,0.78,0.12,0.63,2026-01-26,-0.7851934941110472,-2.09523716223331,-0.9695801543895155,-13.684800897363992,-14.823969304426843,-13.647052447228248,-23.424939240979626,-21.35544996814879,-21.782881660074537
36,TTC,XLI,43.6,Weak,82.8,23.0,91.1,2026-01-26,88.5,13.17,8.91,0.086,57.2,0.98,60.0,0.04,1,1.94,-0.353,,0.67,1.61,2.55,-0.11,-0.57,-3.0,-0.24,1.41,1.6,-0.66,1.01,0.94,0.66,-0.24,2026-01-26,4.417080885675562,2.684710660406231,4.232694225397093,10.088115680072306,4.597175425419996,10.12586413020805,12.200632625395391,5.883296680243588,13.842690206300478
37,BE,XLI,43.1,Weak,83.1,22.4,91.1,2026-01-26,139.52,52.46,48.21,0.043,55.5,0.53,50.0,0.27,2,1.42,-0.37,,-0.57,1.5,-0.62,-2.02,-0.87,-2.3,-0.66,0.17,1.48,-3.0,-0.9,0.64,2.95,-0.66,2026-01-26,10.751773049645386,9.019402824376055,10.567386389366918,10.070921985815584,4.579981731163274,10.108670435951328,3.063829787234029,-3.2535061579177738,4.705887368139116
38,EMR,XLI,42.0,Weak,83.2,21.2,91.1,2026-01-26,147.47,9.42,5.17,-0.044,49.3,0.69,50.0,-0.06,3,1.67,-0.408,,-0.0,0.29,1.1,0.9,-1.01,-3.0,2.43,0.74,0.28,-2.11,2.02,0.5,1.31,2.43,2026-01-26,0.4715047150471552,-1.2608655102221755,0.2871180547686869,8.11808118081181,2.6271409261595,8.155829630947554,0.963509635096349,-5.353826310055454,2.6055672160014365
39,GOOGL,QQQ,39.1,None,30.5,50.0,17.5,2026-01-26,332.61,6.14,5.77,0.037,54.5,0.91,55.0,-0.03,3,1.08,0.249,,2.36,1.27,0.51,0.0,-1.26,-0.52,-1.38,-0.17,1.43,-0.21,-0.67,-1.31,0.11,-1.38,2026-01-26,2.500298721472105,2.924696826039963,2.315912061193637,-3.366590990560392,-1.0483562313983397,-3.328842540424648,-9.953399450352485,-5.548274763465744,-8.311341869447398
40,RKLB,ITA,38.4,None,64.0,23.1,77.4,2026-01-26,80.45,5.09,-0.95,0.039,54.4,0.78,65.0,0.15,0,-0.34,-0.353,,0.27,0.54,1.39,0.67,-1.78,-1.81,-0.23,0.25,0.61,-1.47,0.67,0.26,0.03,-0.23,2026-01-26,-10.568222946073114,-9.216177763803735,-10.752609606351582,-8.517312100373998,-8.701292932138493,-8.479563650238253,-15.659307515985043,-17.332249497843677,-14.017249935079956
41,DGX,XLV,38.4,None,43.7,33.7,47.4,2026-01-26,181.08,4.28,2.63,0.013,47.1,0.86,55.0,0.08,5,0.71,-0.088,5 distribution days in 20,1.24,-0.9,-0.94,2.02,-1.43,-0.42,0.53,1.15,-0.83,-0.9,1.35,0.89,0.34,0.53,2026-01-26,1.9334407467081371,2.004920375014063,1.7490540864296689,5.3891882882382225,5.057782738819805,5.426936738373966,13.27295960886714,12.239754072445018,14.915017189772227
42,MU,SMH,35.2,None,45.8,27.1,57.7,2026-01-26,388.86,35.71,26.08,0.056,51.8,0.69,60.0,-0.01,3,2.55,-0.245,,0.65,-0.34,3.0,1.35,0.53,1.63,-1.31,-0.03,-0.3,-1.45,0.67,0.18,1.03,-1.31,2026-01-26,8.183346518987333,7.154626538794218,7.998959858708865,-5.305577531645578,-5.949301225629244,-5.267829081509834,-1.1694026898734222,-2.050808978558738,0.47265489103166525
43,TER,SMH,34.3,None,46.2,25.5,57.7,2026-01-26,231.47,17.18,7.55,0.015,50.6,0.84,60.0,-0.04,3,1.48,-0.286,,0.62,-0.52,2.85,2.02,0.17,0.57,-0.88,-0.06,-0.48,-1.9,1.35,-0.18,-0.03,-0.88,2026-01-26,5.501754979489992,4.4730349992968765,5.317368319211524,31.010276144965545,30.366552450981878,31.04802459510129,29.073455406605508,28.19204911792019,30.715512987510596
44,AMAT,SMH,33.2,None,42.8,25.7,57.7,2026-01-26,318.38,22.42,12.79,0.008,50.2,0.71,45.0,-0.1,4,1.84,-0.28,4 distribution days in 20,0.44,0.06,1.3,0.34,0.14,1.28,-1.03,-0.24,0.09,-3.0,-0.34,-0.21,0.68,-1.03,2026-01-26,1.2187200346438276,0.19000005445071189,1.0343333743653593,1.865198428655379,1.2214747346717125,1.902946878791123,10.690092486621916,9.8086861979366,12.332150067527003
45,KEYS,XLK,31.7,None,22.5,44.6,12.6,2026-01-26,214.41,4.42,4.48,-0.008,44.8,1.24,40.0,-0.01,5,0.78,0.142,5 distribution days in 20,3.0,-0.71,3.0,1.8,0.95,1.72,1.19,0.64,-0.61,0.8,-0.22,0.15,1.46,1.19,2026-01-26,3.466975666280403,4.917040340526436,3.2825890060019347,9.311703360370792,12.089292032165998,9.349451810506537,8.732329084588653,14.110503228505856,10.37438666549374
46,AMRX,XPH,31.5,None,35.8,27.8,51.3,2026-01-26,13.58,5.52,7.8,-0.032,50.4,0.73,40.0,0.35,2,1.28,-0.226,,-1.01,-1.44,-1.78,-1.35,2.82,-0.54,-0.87,-1.37,-0.42,-1.47,-2.02,3.0,1.17,-0.87,2026-01-26,4.800590841949792,3.247296787316678,4.616204181671324,7.237813884785815,5.7737896034074865,7.27556233492156,12.186115214180205,10.007932746763682,13.828172795085292
47,TSM,SMH,27.9,None,30.9,25.2,57.7,2026-01-26,330.73,11.57,1.95,-0.031,50.3,0.72,50.0,-0.47,2,0.99,-0.295,,-0.05,-0.8,-0.16,0.54,-1.65,-0.21,-0.46,-0.73,-0.76,-3.0,-0.13,-2.0,-0.81,-0.46,2026-01-26,1.4531320077739718,0.42441202758085605,1.2687453474955035,5.621169083570043,4.977445389586377,5.658917533705788,8.210494842278383,7.329088553593067,9.85255242318347
48,INSW,XLE,27.0,None,34.0,21.5,50.1,2026-01-26,49.79,18.89,8.17,-0.002,52.6,0.89,40.0,0.03,4,1.76,-0.399,4 distribution days in 20,-1.21,-0.95,0.45,0.0,1.13,1.15,3.0,-0.24,0.02,-0.42,-0.67,-0.12,1.13,3.0,2026-01-26,6.124093473005643,4.781950173397975,5.939706812727175,7.171635777598717,-1.4180813398904535,7.209384227734461,13.21514907332797,4.377651654372782,14.857206654233057
49,GTES,XLI,23.7,None,58.1,9.7,91.1,2026-01-26,22.86,3.81,-0.44,-0.039,49.4,0.6,40.0,0.02,3,0.44,-0.865,,0.06,0.82,1.64,-1.8,-0.41,-3.0,-0.09,0.8,0.8,-1.57,-0.67,1.1,-0.41,-0.09,2026-01-26,3.9202803328953317,2.187910107626001,3.7358936726168634,18.309242225142363,12.818301970490053,18.346990675278107,19.77660972404731,13.459273778895508,21.4186673049524
50,ARMK,XLI,21.5,None,61.1,7.6,91.1,2026-01-26,38.49,2.75,-1.51,0.027,48.3,0.68,65.0,0.08,8,0.46,-1.002,8 distribution days in 20,-0.02,-0.08,-0.25,0.22,0.02,-2.96,2.39,0.72,-0.09,-3.0,1.35,1.53,2.29,2.39,2026-01-26,-0.6266318537858862,-2.359002079055217,-0.8110185140643544,0.548302872062667,-4.942637382589643,0.5860513221984109,1.749347258485634,-4.567988686666169,3.3914048393907215
51,KO,XLP,20.9,None,75.1,5.8,95.5,2026-01-26,71.2,3.68,-2.31,0.018,53.8,0.84,45.0,0.22,3,1.99,-1.148,,0.29,-0.47,2.44,-2.7,-2.98,-0.37,3.0,0.7,0.58,-1.22,-0.67,2.17,1.58,3.0,2026-01-26,4.010695187165769,1.9294143989884383,3.826308526887301,7.613284548269061,1.9605751886631495,7.651032998404805,9.864902898958604,3.2885482191556505,11.506960479863691
52,KLAC,SMH,20.3,None,29.1,14.1,57.7,2026-01-26,153.69,20.8,11.17,-0.051,45.9,0.77,40.0,0.01,4,2.22,-0.654,4 distribution days in 20,-0.37,-1.3,2.56,0.0,1.17,1.08,3.0,-1.05,-1.26,-2.18,-0.67,0.81,0.48,3.0,2026-01-26,-9.712669537828623,-10.741389518021737,-9.89705619810709,-7.83570097062416,-8.479424664607826,-7.7979525204884155,-5.720897345246511,-6.602303633931827,-4.078839764341424
53,LRCX,SMH,20.3,None,23.4,17.6,57.7,2026-01-26,222.22,25.73,16.1,-0.032,51.8,0.75,55.0,-0.36,4,1.58,-0.523,4 distribution days in 20,-0.61,0.44,0.08,-0.67,-1.21,-0.06,0.88,-1.29,0.48,-3.0,-1.35,-1.56,-0.66,0.88,2026-01-26,2.974559686888445,1.9458397066953292,2.7901730266099767,-0.5957816916720926,-1.2395053856557592,-0.5580332415363487,2.109154163948701,1.2277478752633852,3.7512117448537885
54,TTEK,XLI,19.3,None,48.0,7.8,91.1,2026-01-26,36.45,7.3,3.04,0.014,49.7,0.72,50.0,-0.01,2,1.15,-0.983,,-0.71,-0.68,-0.51,-1.8,-1.73,-3.0,-0.33,0.03,-0.7,-3.0,-0.67,-0.22,-0.07,-0.33,2026-01-26,2.6077408729069607,0.87537064763763,2.4233542126284924,14.905297831457599,9.414357576805289,14.943046281593343,-2.937139720010984,-9.254475665162786,-1.2950821391058964
55,CAT,XLI,18.3,None,54.0,6.2,91.1,2026-01-26,633.6,9.43,5.17,0.033,52.9,0.98,50.0,0.15,2,1.07,-1.109,,-0.69,1.34,3.0,-2.47,-0.12,-3.0,-0.95,0.05,1.33,0.18,-1.35,1.39,1.77,-0.95,2026-01-26,7.9469887076536905,6.21461848238436,7.762602047375222,15.969259723964857,10.478319469312547,16.0070081741006,19.50909661229612,13.191760667144315,21.151154193201208
56,PH,XLI,17.6,None,51.9,6.0,91.1,2026-01-26,927.85,5.16,0.9,0.012,51.8,1.08,45.0,0.07,5,0.77,-1.129,5 distribution days in 20,-0.07,1.58,3.0,-1.12,-0.16,-3.0,-0.0,0.67,1.56,-0.2,0.0,1.34,0.95,-0.0,2026-01-26,1.7200786936002244,-0.012291531669106348,1.535692033321756,4.734516604134642,-0.756423650517668,4.772265054270386,8.138122319096098,1.820786373944295,9.780179900001185
57,MNST,XLP,15.3,None,56.1,4.2,95.5,2026-01-26,40.58,4.72,-1.27,0.018,52.7,0.77,45.0,0.11,4,1.72,-1.316,4 distribution days in 20; heavy selling into close today,-0.74,-0.55,0.47,-3.0,-3.0,-0.08,1.42,-0.33,0.5,-3.0,-2.02,1.43,1.86,1.42,2026-01-26,-0.07392804337111869,-2.1552088315484497,-0.258314703649587,-0.3449975357318835,-5.997706895337796,-0.3072490855961396,2.119270576638743,-4.4570841031642106,3.7613281575438307
58,ATI,XLI,14.1,None,45.2,4.4,91.1,2026-01-26,123.39,5.79,1.53,0.034,50.0,0.86,60.0,0.08,3,0.57,-1.285,,-0.29,-0.84,3.0,0.22,-1.47,-3.0,0.53,0.45,-0.85,-0.11,1.35,0.04,1.31,0.53,2026-01-26,-1.2970168612191912,-3.029387086488522,-1.4814035214976595,9.995136186770438,4.504195932118128,10.032884636906182,18.97697795071336,12.659642005561555,20.619035531618447
59,CTVA,XLB,11.9,None,94.1,1.5,98.7,2026-01-26,72.16,7.89,-1.69,0.028,55.7,0.67,60.0,0.07,3,2.05,-1.832,,-3.0,-2.29,0.31,-2.02,-1.33,-1.73,1.36,1.58,1.88,-3.0,2.02,0.73,1.0,1.36,2026-01-26,0.8318314154998063,1.278713398030784,0.647444755221338,1.3586579786496689,-3.2929772031500493,1.3964064287854128,4.048246222098983,-1.659655463864862,5.6903038030040705
60,ACMR,SMH,11.3,None,16.9,7.5,57.7,2026-01-26,51.14,27.53,17.91,-0.0,52.0,0.68,60.0,-0.32,1,0.95,-1.006,,-2.1,0.02,2.89,0.67,-0.54,-1.2,-0.12,-2.78,0.05,-1.86,0.0,-0.9,-1.8,-0.12,2026-01-26,18.518518518518512,17.489798538325395,18.334131858240042,21.504750824122553,20.861027130138886,21.542499274258297,26.352530541012207,25.47112425232689,27.994588121917296
61,TXN,SMH,10.5,None,14.8,7.4,57.7,2026-01-26,193.37,11.09,1.46,-0.08,48.2,0.65,35.0,0.01,4,1.69,-1.011,4 distribution days in 20,-0.87,-0.95,3.0,-1.35,1.32,1.49,1.18,-1.55,-0.92,-1.31,-2.02,0.96,0.89,1.18,2026-01-26,16.357653940565097,15.32893396037198,16.17326728028663,13.020316498668194,12.376592804684527,13.058064948803938,16.66579620828328,15.784389919597963,18.307853789188368
62,AXTA,XLB,10.3,None,89.0,1.2,98.7,2026-01-26,33.68,4.3,-5.28,0.095,52.5,1.32,65.0,0.12,1,0.89,-1.974,,-3.0,-3.0,3.0,-1.35,-1.15,-0.81,2.83,2.04,0.66,0.81,2.7,0.91,1.92,2.83,2026-01-26,-0.5632967684553791,-0.11641478592440135,-0.7476834287338474,1.423065520308353,-3.228569661491365,1.460813970444097,3.6762525941298696,-2.031649091833976,5.3183101750349575
63,ECL,XLB,10.1,None,93.3,1.1,98.7,2026-01-26,281.39,6.81,-2.78,0.068,53.0,0.74,70.0,0.17,1,2.24,-2.004,,-3.0,-2.59,2.67,-2.7,-0.24,0.8,-0.94,1.58,1.57,-1.59,1.35,1.82,3.0,-0.94,2026-01-26,0.3351397604107298,0.7820217429417076,0.1507531001322615,1.8717912150598925,-2.7798439667398256,1.9095396651956364,7.50499144324015,1.7970897572763045,9.147049024145238
64,PR,XOP,9.8,None,19.8,4.9,84.5,2026-01-26,14.41,6.27,-0.92,0.073,44.4,1.1,60.0,-0.27,5,1.15,-1.231,5 distribution days in 20,3.0,-2.23,3.0,0.34,-1.59,-2.27,-1.43,3.0,-1.17,1.91,1.35,-1.62,0.0,-1.43,2026-01-26,5.853994490358128,5.2383788747425,5.669607830079659,15.28925619834709,6.7231901322809975,15.327004648482834,14.325068870523427,6.554798600253142,15.967126451428514
65,LECO,XLI,9.4,None,26.5,3.3,91.1,2026-01-26,255.9,5.38,1.12,0.019,49.2,0.75,55.0,-0.04,3,0.86,-1.44,,-0.7,0.08,2.59,-1.35,-1.88,-3.0,-0.42,0.04,0.07,-0.63,-0.22,-0.37,-1.34,-0.42,2026-01-26,4.17238001958864,2.440009794319309,3.9879933593101713,15.678746327130266,10.187806072477956,15.71649477726601,11.811949069539661,5.494613124387858,13.454006650444748
66,AMD,SMH,8.8,None,12.2,6.4,57.7,2026-01-26,251.32,16.97,7.35,0.004,53.5,0.72,55.0,-0.2,4,2.42,-1.093,4 distribution days in 20,-1.59,0.54,3.0,-0.57,0.07,0.02,-0.03,-2.26,0.58,-1.13,-1.24,-0.28,-0.58,-0.03,2026-01-26,-2.331852791878175,-3.360572772071291,-2.5162394521566434,-14.419416243654815,-15.063139937638482,-14.381667793519071,-19.477712563451778,-20.359118852137094,-17.83565498254669
67,AVNT,XLB,7.8,None,87.9,0.7,98.7,2026-01-26,36.13,17.8,8.22,0.045,53.4,0.74,60.0,0.21,3,2.43,-2.258,,-3.0,-2.6,2.51,-3.0,-0.18,-2.44,3.0,1.25,1.57,-1.75,0.67,1.89,0.29,3.0,2026-01-26,-0.969529085872578,-0.5226471033416002,-1.1539157461510463,5.706371191135728,1.0547360093360103,5.744119641271473,16.675900277008292,10.967998591044447,18.31795785791338
68,INTC,SMH,3.2,None,3.4,3.0,57.7,2026-01-26,42.49,17.64,8.01,-0.013,50.8,0.89,50.0,-0.28,6,-0.35,-1.491,6 distribution days in 20,-1.53,-0.17,3.0,-0.67,0.03,0.94,-0.64,-2.21,-0.13,0.62,-1.35,-0.32,0.34,-0.64,2026-01-26,10.959527057753515,9.930807077560399,10.775140397475047,14.188267394270127,13.54454370028646,14.226015844405872,5.059117780809452,4.1777114921241365,6.70117536171454
1,FLS,XLI,93.9,Strong,97.8,90.1,87.7,2026-02-02,78.5,11.93,5.91,0.097,59.3,0.68,65.0,0.11,2,1.74,1.356,,1.41,3.0,-0.24,3.0,-0.46,-0.17,0.4,2.34,3.0,-1.52,3.0,0.63,2.43,0.4,2026-02-02,7.54119138149556,3.852864065009376,7.869805412011788,12.762991128010137,8.262389443292918,14.691246144078917,13.738910012674266,8.089090518089414,15.009936967710601
2,FTI,OIH,89.3,Strong,95.3,83.7,81.3,2026-02-02,56.33,19.32,1.49,0.06,53.6,0.74,60.0,0.14,1,2.64,1.068,,1.49,3.0,0.46,1.35,1.92,-0.77,-1.71,1.74,3.0,-1.01,2.02,1.52,2.42,-1.71,2026-02-02,5.762771787166332,-1.409147983607295,6.09138581768256,8.078486830475518,0.40799972445833,10.006741846544298,15.361499027753233,0.5635047584122681,16.63252598278957
3,ROK,XLI,87.2,Strong,95.0,80.1,87.7,2026-02-02,424.94,7.65,1.62,0.079,59.8,1.09,75.0,0.22,3,1.37,0.946,,1.57,3.0,2.31,2.92,2.12,0.19,-2.21,2.5,3.0,1.03,3.0,3.0,2.79,-2.21,2026-02-02,-4.746175650666473,-8.434502967152657,-4.417561620150245,-9.862487408344467,-14.363089093061689,-7.934232392275687,-5.63637641436503,-11.286195908949882,-4.3653494593286934
4,ENTG,SMH,85.6,Strong,95.2,76.9,81.4,2026-02-02,119.31,33.59,24.29,0.072,53.6,0.84,65.0,-0.13,4,1.53,0.851,4 distribution days in 20,2.33,0.28,-0.05,3.0,-0.42,0.17,3.0,2.64,1.43,-2.67,3.0,0.16,1.08,3.0,2026-02-02,1.8428952635090035,2.9450045985940254,2.171509294025231,7.813542361574366,8.682092102469186,9.741797377643147,13.425617078052031,11.442793439874754,14.696644033088369
5,NWS,XLC,84.3,Strong,91.9,77.4,77.4,2026-02-02,30.67,3.72,1.37,0.034,56.8,1.11,55.0,0.04,4,0.67,0.864,4 distribution days in 20,2.46,2.67,0.88,0.0,0.76,1.03,0.88,2.6,3.0,1.2,1.35,2.26,3.0,0.88,2026-02-02,-14.933159439191401,-12.820245308021693,-14.604545408675174,-14.770133681121623,-10.586563701405606,-12.841878665052842,-15.650472774698398,-12.937491030276494,-14.379445819662063
6,SMTC,SMH,83.0,Strong,85.2,80.8,81.4,2026-02-02,87.79,16.76,7.46,0.064,57.1,1.17,60.0,0.24,5,1.93,0.969,5 distribution days in 20,3.0,3.0,3.0,3.0,-0.01,1.75,0.81,3.0,3.0,3.0,3.0,0.57,2.66,0.81,2026-02-02,0.6806579693703796,1.7827673044554015,1.0092719998866073,-0.5672149744753274,0.3013347664194921,1.3610400415934532,2.2915484968803135,0.30872485870303557,3.5625754519166497
7,VSH,SMH,81.1,Strong,89.8,73.3,81.4,2026-02-02,20.44,35.1,25.8,0.08,55.9,0.62,50.0,0.48,5,3.29,0.755,5 distribution days in 20; extended >3 ATR above 20d avg,1.94,0.41,-2.27,-0.67,2.01,0.84,2.22,2.25,1.56,-3.0,-0.67,2.59,1.75,2.22,2026-02-02,-7.084337349397584,-5.982228014312563,-6.755723318881357,-10.891566265060248,-10.02301652416543,-8.963311248991468,-6.4578313253012,-8.440654963478478,-5.186804370264864
8,GOOG,QQQ,79.6,Strong,72.4,87.5,23.9,2026-02-02,344.22,9.39,7.24,0.049,57.5,0.97,55.0,0.11,2,1.72,1.223,,2.44,2.19,-1.15,1.35,0.05,-1.19,-0.17,0.55,3.0,0.13,0.0,0.67,-0.43,-0.17,2026-02-02,-7.054227941176472,-4.832715524024033,-6.725613910660244,-13.19221047794118,-8.881741740418224,-11.2639554618724,-10.871438419117652,-7.6118360874079976,-9.600411464081315
9,AIR,ITA,77.5,Strong,95.1,63.2,89.6,2026-02-02,107.96,27.75,23.54,0.064,57.9,0.35,60.0,0.24,3,1.86,0.521,,0.87,0.25,-0.87,0.67,3.0,-0.54,-1.03,2.1,2.11,-3.0,1.35,2.71,0.83,-1.03,2026-02-02,4.8532110091743075,4.186830957583587,5.181825039690535,4.1926605504587044,2.030149802393355,6.120915566527485,8.495412844036698,4.2434781922740195,9.766439799073034
10,TKR,XLI,77.3,Strong,94.7,63.1,87.7,2026-02-02,94.12,10.04,4.01,0.054,57.5,0.88,65.0,0.25,4,1.19,0.519,4 distribution days in 20,0.91,1.48,0.24,1.12,1.09,-0.39,2.02,1.84,2.5,-1.04,2.25,2.18,2.21,2.02,2026-02-02,14.447742209031155,10.75941489254497,14.776356239547383,10.92855628577485,6.427954601057629,12.85681130184363,15.433538265846947,9.783718771262095,16.704565220883282
11,COHR,XLK,72.0,Strong,78.1,66.3,52.1,2026-02-02,222.4,14.47,13.78,0.02,53.4,0.87,65.0,-0.2,4,1.53,0.589,4 distribution days in 20,1.68,0.52,0.6,3.0,-0.33,1.88,-1.12,0.14,2.35,-0.97,2.02,-0.31,3.0,-1.12,2026-02-02,4.469634929528898,6.217140949480737,4.798248960045126,-5.167880694797633,-0.7922356999575992,-3.2396256787288524,9.865954053704584,13.677443561788516,11.136981008740921
12,TXN,SMH,71.9,Strong,87.7,59.0,81.4,2026-02-02,222.79,27.62,18.32,0.02,56.5,0.72,60.0,0.36,5,4.57,0.431,5 distribution days in 20; extended >3 ATR above 20d avg,1.02,0.26,1.87,1.35,2.41,3.0,2.65,1.33,1.41,-0.75,1.35,2.99,3.0,2.65,2026-02-02,-2.6715840604479624,-1.5694747253629404,-2.3429700299317346,0.46775209139156004,1.3363018322863796,2.3960071074603406,-5.023837366195927,-7.006661004373205,-3.752810411159591
13,MTSI,SMH,71.3,Strong,88.5,57.4,81.4,2026-02-02,228.52,30.6,21.3,0.056,52.2,0.49,50.0,-0.08,4,1.94,0.398,4 distribution days in 20,2.81,-0.64,-0.31,1.35,-0.65,-0.45,1.8,3.0,0.5,-2.94,1.35,-0.07,0.46,1.8,2026-02-02,1.1803081677325133,2.2824175028175353,1.508922198248741,5.463753809176364,6.332303550071183,7.392008825245144,6.5024249967809755,4.519601358603698,7.773451951817312
14,RGLD,GDX,70.2,Strong,58.7,83.9,27.0,2026-02-02,258.27,17.28,7.47,0.049,57.7,1.4,55.0,0.12,5,-0.54,1.075,5 distribution days in 20,2.63,3.0,-1.18,0.0,0.81,2.04,-2.26,2.09,2.78,2.26,0.0,0.65,3.0,-2.26,2026-02-02,1.2786419438271857,-1.7929620046620576,1.6072559743434134,1.1839277257659209,0.7279473679967285,3.1121827418347014,4.5025682124512745,-6.425928054522712,5.773595167487611
15,CVX,SPY,69.2,Moderate,74.1,64.7,,2026-02-02,169.4,11.71,9.91,0.009,49.7,0.94,55.0,-0.02,4,2.59,0.552,4 distribution days in 20,3.0,0.05,1.06,3.0,-0.78,-0.5,1.44,1.31,1.02,-0.8,2.02,0.12,0.58,1.44,2026-02-02,4.983447623551673,5.312061654067901,5.312061654067901,4.859304800189168,6.787559816257948,6.787559816257948,7.637739418302214,8.908766373338551,8.908766373338551
16,GLW,XLK,69.0,Moderate,78.8,60.5,52.1,2026-02-02,109.77,21.71,21.01,0.067,53.9,0.91,70.0,-0.11,4,2.91,0.464,4 distribution days in 20,2.75,-0.79,-0.01,3.0,-0.39,-0.64,0.35,1.21,1.04,-1.58,3.0,-0.37,0.5,0.35,2026-02-02,12.00719917723687,13.75470519718871,12.335813207753098,11.304422351731237,15.68006734657127,13.232677367800017,29.268083647583133,33.07957315566706,30.53911060261947
17,SNDK,XLK,67.6,Moderate,81.0,56.4,52.1,2026-02-02,665.74,141.82,141.13,0.101,58.1,0.96,65.0,0.74,4,4.45,0.38,4 distribution days in 20; extended >3 ATR above 20d avg,3.0,0.23,1.47,3.0,-0.04,0.01,-2.93,2.88,2.06,-0.1,2.02,-0.02,1.15,-2.93,2026-02-02,-16.034532374100728,-14.287026354148889,-15.7059183435845,-15.05611510791367,-10.680470113073635,-13.12786009184489,-8.110791366906478,-4.299301858822545,-6.839764411870141
18,ADI,SMH,65.4,Moderate,85.7,49.9,81.4,2026-02-02,313.95,15.71,6.41,-0.006,52.8,0.85,55.0,0.02,1,1.65,0.248,,0.6,0.61,1.46,2.02,-0.59,-0.26,0.5,0.91,1.76,-1.17,2.02,-0.01,0.65,0.5,2026-02-02,1.8563922942206545,2.9585016293056765,2.1850063247368823,6.69957013214455,7.56811987303937,8.627825148213331,12.386562649259659,10.403739011082381,13.657589604295996
19,AME,XLI,64.9,Moderate,90.1,46.8,87.7,2026-02-02,226.91,9.0,2.97,0.05,57.1,0.88,60.0,0.12,3,2.52,0.186,,1.46,1.31,1.07,0.9,0.41,-2.34,0.13,2.39,2.32,-0.21,2.02,1.5,0.26,0.13,2026-02-02,3.7717299012378858,0.0834025847517017,4.1003439317541135,3.825356392724677,-0.6752452919925434,5.753611408793457,5.367118022970008,-0.2827014716148435,6.638144978006344
20,INSW,XLE,59.3,Moderate,69.1,50.9,59.5,2026-02-02,52.68,28.55,18.9,0.028,53.0,0.82,45.0,0.2,3,2.13,0.267,,1.14,-1.85,-0.97,0.67,0.07,1.19,2.79,0.7,0.11,-1.13,0.0,0.7,1.88,2.79,2026-02-02,0.37735849056603765,-6.382690230505839,0.7059725210822654,6.037735849056602,-0.9659182313331627,7.965990865125383,14.830188679245282,5.106274753138917,16.10121563428162
21,ATRO,ITA,58.3,Moderate,89.1,38.1,89.6,2026-02-02,64.07,36.32,32.11,0.081,54.1,0.79,70.0,0.24,2,1.74,0.007,,0.81,-1.07,0.54,2.02,0.92,-1.82,-0.8,2.04,0.79,-2.12,2.7,0.61,-0.44,-0.8,2026-02-02,-1.58778625954199,-2.2541663111327104,-1.2591722290257623,-2.6259541984732793,-4.788464946538628,-0.6976991824044987,0.4885496183206106,-3.763385033442068,1.7595765733569468
22,TER,SMH,57.3,Moderate,80.5,40.8,81.4,2026-02-02,249.48,20.35,11.05,0.056,55.6,0.93,65.0,0.14,4,1.85,0.064,4 distribution days in 20,0.74,0.28,1.77,2.7,0.04,0.77,-0.49,1.05,1.43,-0.86,2.7,0.62,1.68,-0.49,2026-02-02,20.147372503393445,21.249481838478466,20.475986533909673,18.371146015125085,19.239695756019906,20.299401031193867,27.53926701570679,25.55644337752951,28.81029397074313
23,ACMR,SMH,57.2,Moderate,80.5,40.7,81.4,2026-02-02,61.12,36.03,26.74,0.06,54.1,0.73,70.0,0.35,1,2.5,0.062,,0.75,-0.03,1.28,1.35,0.48,-1.37,0.34,1.05,1.12,-1.35,1.35,1.06,-0.46,0.34,2026-02-02,0.25599999999998957,1.3581093350850115,0.5846140305162173,4.255999999999993,5.124549740894812,6.184255016068773,8.431999999999995,6.449176361822717,9.703026955036332
24,FCX,COPX,55.0,Moderate,62.5,48.4,68.9,2026-02-02,60.48,17.28,0.64,0.035,59.4,0.98,65.0,-0.13,6,0.5,0.218,6 distribution days in 20,0.15,2.57,1.22,2.7,0.65,-0.16,0.14,0.62,3.0,0.2,2.02,-0.39,1.16,0.14,2026-02-02,-0.7836990595611271,-0.6485943534138783,-0.45508502904489934,-4.670846394984318,0.10285322221901261,-2.7425913789155376,5.909090909090908,1.1353912918875553,7.1801178641272445
25,SNX,XLK,54.7,Weak,64.5,46.4,52.1,2026-02-02,160.09,5.11,4.41,0.08,55.4,1.46,65.0,0.27,5,1.83,0.178,5 distribution days in 20,3.0,-0.97,3.0,3.0,1.57,0.5,0.84,2.33,0.86,1.8,1.69,1.59,1.64,0.84,2026-02-02,6.678700361010814,8.426206380962654,7.007314391527042,-0.9274243744553767,3.448220620384657,1.0008306416134038,-2.570646084899786,1.2408434231841459,-1.2996191298634496
26,TTC,XLI,52.5,Weak,83.6,33.0,87.7,2026-02-02,92.43,16.28,10.25,0.112,56.3,1.1,65.0,0.2,1,2.71,-0.103,,0.66,0.45,1.45,0.22,0.5,-1.53,-0.29,1.6,1.46,0.17,1.35,1.59,1.07,-0.29,2026-02-02,5.317194423430238,1.6288671069440541,5.645808453946466,7.33816059656327,2.83755891184605,9.26641561263205,8.537771533556683,2.8879520389718314,9.80879848859302
27,GOOGL,QQQ,51.2,Weak,43.1,60.9,23.9,2026-02-02,343.13,9.1,6.96,0.04,56.4,1.09,60.0,0.11,3,1.63,0.472,,1.9,0.75,-0.78,1.35,-0.04,-1.42,-1.66,0.02,2.18,0.51,0.0,0.57,-0.67,-1.66,2026-02-02,-6.686474168517609,-4.464961751365172,-6.3578601380013815,-13.04698993278911,-8.736521195266155,-11.11873491672033,-10.47393775059855,-7.214335418888895,-9.202910795562214
28,NEM,GDX,46.2,Weak,33.4,64.0,27.0,2026-02-02,112.13,11.48,1.67,0.062,52.7,1.17,65.0,-0.02,3,-0.64,0.539,,1.02,0.69,-3.0,0.67,-0.55,-0.85,-1.92,0.48,0.03,0.37,0.67,-0.7,1.01,-1.92,2026-02-02,1.6436499195119803,-1.427954028977263,1.972263950028208,2.982292637465056,2.5263122796958637,4.910547653533836,4.456494111666531,-6.472002155307456,5.7275210667028675
29,PAA,XLE,45.5,Weak,56.0,37.0,59.5,2026-02-02,18.54,7.73,-1.92,-0.043,52.8,1.08,40.0,-0.0,4,1.64,-0.015,4 distribution days in 20,0.77,-0.67,0.5,0.34,-0.33,1.4,3.0,0.34,1.3,0.34,-0.34,0.3,2.09,3.0,2026-02-02,0.2692514808831481,-6.490797240188728,0.5978655113993758,6.138933764135701,-0.864720316254064,8.067188780204482,6.677436725901975,-3.0464772002043894,7.948463680938311
30,BE,XLI,45.1,Weak,78.4,26.0,87.7,2026-02-02,156.16,58.23,52.2,0.032,55.3,0.69,50.0,0.71,2,1.34,-0.274,,-0.95,0.82,-0.61,-2.02,-0.01,0.4,-1.52,-0.02,1.84,-1.89,-0.9,1.08,3.0,-1.52,2026-02-02,-4.878646727139014,-8.566974043625198,-4.550032696622786,-10.934052463839183,-15.434654148556405,-9.005797447770403,1.8202990929149232,-3.829520401669928,3.0913260479512594
31,PR,XOP,44.8,Weak,84.9,23.6,95.1,2026-02-02,15.37,9.24,3.97,0.079,50.2,0.89,65.0,0.27,5,2.08,-0.337,5 distribution days in 20,3.0,-0.52,2.91,1.01,2.05,-1.67,-1.68,3.0,0.9,-0.35,2.02,2.73,2.1,-1.68,2026-02-02,8.279430789133224,0.2567221912397333,8.608044819649452,7.373868046571808,0.14297240154304003,9.302123062640588,12.483829236739963,2.1827909159810144,13.754856191776298
32,IREN,XLF,41.4,Weak,55.3,31.0,75.9,2026-02-02,53.07,24.2,25.89,0.049,56.1,0.81,50.0,0.26,8,0.07,-0.15,8 distribution days in 20,0.54,2.45,-2.47,0.0,-0.56,-2.31,0.21,0.36,3.0,-3.0,-0.67,0.74,0.61,0.21,2026-02-02,-15.94756963407974,-16.32443038403263,-15.618955603563512,-25.432368468960497,-22.624755881811442,-23.504113452891715,-17.240123793919537,-12.1148175945602,-15.9690968388832
33,EMR,XLI,41.4,Weak,75.3,22.8,87.7,2026-02-02,147.03,9.45,3.43,-0.03,52.8,0.88,45.0,-0.04,4,0.51,-0.36,4 distribution days in 20,0.42,0.03,0.45,0.22,-0.7,-1.08,1.21,1.35,1.05,-0.83,1.35,0.39,1.52,1.21,2026-02-02,6.674757281553401,2.9864299650672166,7.003371312069628,-0.38430420711973445,-4.884905891836954,1.5439508089490461,0.9641316073355055,-4.685687887249346,2.2351585623718417
34,CAT,XLI,40.2,Weak,67.9,23.8,87.7,2026-02-02,688.27,15.73,9.7,0.055,59.2,1.1,55.0,0.18,3,2.66,-0.331,,-0.07,3.0,2.64,-1.8,-0.01,-1.05,0.34,0.86,3.0,1.36,-0.67,1.08,1.55,0.34,2026-02-02,6.889672718862028,3.2013454023758436,7.218286749378255,10.152364982074701,5.651763297357481,12.080619998143481,10.672776685555686,5.022957190970835,11.943803640592023
35,KEYS,XLK,36.7,None,42.8,31.4,52.1,2026-02-02,223.23,8.09,7.4,0.011,50.6,1.18,45.0,0.06,5,1.64,-0.14,5 distribution days in 20,2.4,-0.98,2.3,1.35,0.88,0.68,0.64,0.85,0.84,0.73,0.0,0.89,1.82,0.64,2026-02-02,4.8177777777777875,6.565283797729626,5.146391808294015,4.262222222222234,8.637867217062269,6.190477238291015,34.07555555555557,37.8870450636395,35.3465825105919
36,KO,XLP,32.1,None,82.6,12.5,96.2,2026-02-02,73.91,9.03,0.29,0.047,57.6,1.0,50.0,0.33,3,3.43,-0.723,extended >3 ATR above 20d avg,0.83,-0.13,2.83,-0.34,-1.17,-1.42,1.16,1.53,2.04,1.03,0.67,3.0,1.2,1.16,2026-02-02,3.56175514626218,-0.388323612976893,3.8903691767784077,5.728602383531944,0.8697631735476996,7.6568573996007245,7.23185265438786,0.5676093489231704,8.502879609424197
37,TTEK,XLI,31.1,None,64.6,15.0,87.7,2026-02-02,37.38,11.82,5.79,0.048,53.2,0.88,50.0,0.05,4,1.02,-0.616,4 distribution days in 20,0.54,-0.06,-0.65,-1.8,-0.72,-1.61,-0.32,1.47,0.96,-1.93,-0.67,0.37,0.99,-0.32,2026-02-02,11.955068200053498,8.266740883567314,12.283682230569726,-5.42925916020327,-9.92986084492049,-3.5010041441344897,-12.489970580369093,-18.139790074953943,-11.218943625332756
38,AMAT,SMH,28.2,None,50.5,15.7,81.4,2026-02-02,327.23,22.17,12.88,0.021,51.3,0.78,50.0,-0.03,4,1.07,-0.589,4 distribution days in 20,-0.23,-0.8,-0.65,0.0,-0.85,-0.41,-0.84,0.07,0.35,-3.0,0.0,-0.27,0.5,-0.84,2026-02-02,-1.9121939596116078,-0.8100846245265858,-1.58357992909538,6.585453029129695,7.454002770024514,8.513708045198475,12.304163936379343,10.321340298202065,13.57519089141568
39,LECO,XLI,25.5,None,55.6,11.7,87.7,2026-02-02,265.9,9.71,3.68,0.023,54.7,0.76,55.0,0.16,3,1.62,-0.763,,-0.71,0.2,0.57,-1.12,0.88,-3.0,-0.43,0.22,1.21,-0.72,0.0,1.97,-0.81,-0.43,2026-02-02,10.866218600983736,7.1778912844975515,11.194832631499963,7.16028986595576,2.65968818123854,9.088544882024541,6.244133218187953,0.5943137236031015,7.515160173224289
40,MNST,XLP,22.7,None,73.4,7.0,96.2,2026-02-02,40.55,6.49,-2.25,0.041,58.2,0.89,55.0,0.21,4,1.19,-1.046,4 distribution days in 20,-0.37,-0.59,0.6,-1.24,-2.05,-1.24,1.23,0.34,1.58,-1.2,-0.22,2.6,1.38,1.23,2026-02-02,-0.5410723069355639,-4.491151066174637,-0.21245827641933612,1.9183472700442739,-2.940491939939971,3.8466022861130544,5.164781111657657,-1.499462193807033,6.435808066693993
41,MU,SMH,21.6,None,42.6,11.0,81.4,2026-02-02,437.58,38.84,29.55,0.06,54.3,0.86,65.0,-0.01,4,2.66,-0.796,4 distribution days in 20,0.07,-0.86,1.98,1.35,-0.63,-0.66,-1.03,0.38,0.29,-0.65,1.35,-0.05,0.25,-1.03,2026-02-02,-13.3340875664668,-12.23197823138178,-13.005473535950573,-9.548591469623258,-8.680041728728439,-7.6203364535544775,-5.43500395972395,-7.417827597901228,-4.163977004687614
42,AMRX,XPH,15.6,None,31.5,7.7,87.7,2026-02-02,14.19,12.09,8.85,-0.04,50.3,0.49,40.0,-0.04,2,1.6,-0.994,,-1.65,-3.0,-3.0,-2.7,-0.48,-1.01,0.38,-0.95,-0.32,-3.0,-2.02,-0.49,-0.49,0.38,2026-02-02,2.2535211267605604,2.1478315019587413,2.582135157276788,6.971830985915495,6.161543862434793,8.900086001984276,3.309859154929584,1.3898309710296486,4.58088610996592
43,EOG,XOP,14.6,None,49.8,4.3,95.1,2026-02-02,106.82,2.05,-3.22,-0.005,48.8,0.98,50.0,0.08,6,0.4,-1.304,6 distribution days in 20,0.85,-1.9,3.0,0.34,0.75,-2.52,2.38,1.57,-0.47,0.05,1.35,1.43,1.25,2.38,2026-02-02,5.384326254463456,-2.6383823434300346,5.712940284979684,10.900206728058626,3.669311083029858,12.828461744127406,14.564931403871451,4.263893083112503,15.835958358907789
44,CTVA,XLB,14.2,None,87.5,2.3,97.2,2026-02-02,72.73,8.02,0.4,0.005,55.6,0.74,55.0,0.07,3,1.92,-1.618,,-3.0,-1.63,-1.43,-3.0,-1.45,-1.69,0.37,0.81,2.63,-3.0,0.0,0.51,0.77,0.37,2026-02-02,0.288065843621399,-3.7087044430156757,0.6166798741376267,2.9492455418381303,-2.0971815877541156,4.877500557906911,6.2139917695473335,-0.1445064137388874,7.48501872458367
45,NESR,OIH,13.8,None,29.4,6.5,81.3,2026-02-02,20.56,30.25,12.42,0.041,55.9,0.95,60.0,0.16,4,2.08,-1.085,4 distribution days in 20,0.43,-0.1,2.65,0.0,0.64,-2.94,-2.78,0.68,0.91,1.19,0.67,0.24,0.25,-2.78,2026-02-02,1.4036786060019235,-5.768241164771704,1.7322926365181512,16.98935140367861,9.318864297661424,18.917606419747393,27.492739593417227,12.694745324076262,28.763766548453564
46,ECL,XLB,13.2,None,91.2,1.9,97.2,2026-02-02,281.42,7.94,0.32,0.076,54.5,0.94,65.0,0.19,2,1.47,-1.723,,-3.0,-2.35,1.42,-2.36,-0.13,0.25,-0.64,1.93,1.9,-0.21,1.01,1.83,2.71,-0.64,2026-02-02,2.0318525924867936,-1.964917694150281,2.3604666230030213,7.6739037280388445,2.6274765984465986,9.602158744107625,9.159405799171537,2.8009076158853166,10.430432754207875
47,CHRD,XOP,12.8,None,30.4,5.4,95.1,2026-02-02,93.9,2.02,-3.25,0.046,51.5,1.47,70.0,0.16,7,0.73,-1.184,7 distribution days in 20,0.39,-0.75,3.0,0.2,0.35,-0.39,1.83,1.11,0.68,3.0,1.21,1.03,3.0,1.83,2026-02-02,6.100031993174793,-1.9226766047186983,6.42864602369102,3.114002346166145,-4.116893298862623,5.042257362234926,8.830116241868403,-1.4709220788905455,10.10114319690474
48,LRCX,SMH,11.7,None,25.5,5.4,81.4,2026-02-02,236.79,28.33,19.04,-0.036,54.3,0.93,60.0,-0.16,5,1.38,-1.181,5 distribution days in 20,-1.71,-0.14,0.53,-0.67,-1.42,-0.44,0.58,-1.41,1.0,-2.1,-0.67,-0.84,0.47,0.58,2026-02-02,-6.177400155974211,-5.0752908208891885,-5.848786125457983,-3.6243483971596158,-2.7557986562647963,-1.6960933810908352,-0.07798711160366123,-2.060810749780939,1.193039843432675
49,AMD,SMH,10.4,None,23.0,4.7,81.4,2026-02-02,246.28,10.22,0.92,0.015,54.0,0.77,50.0,-0.08,4,1.07,-1.251,4 distribution days in 20,-1.56,-0.35,1.73,-2.02,-0.33,0.99,-0.63,-1.26,0.8,-0.9,-2.02,0.26,1.9,-0.63,2026-02-02,-14.21188630490956,-13.109776969824539,-13.883272274393333,-19.282448817332543,-18.413899076437723,-17.35419380126376,-14.999006161796869,-16.981829799974147,-13.727979206760534
50,AVNT,XLB,10.2,None,79.4,1.3,97.2,2026-02-02,35.75,15.21,7.59,0.026,55.1,0.9,55.0,0.22,5,1.21,-1.916,5 distribution days in 20,-3.0,-2.02,0.55,-3.0,-0.37,-0.39,3.0,0.76,2.24,-1.08,0.0,1.59,2.07,3.0,2026-02-02,6.741258741258727,2.744488454621652,7.069872771774954,17.81818181818182,12.771754688589574,19.746436834250602,15.748251748251763,9.389753564965542,17.019278703288098
51,SLB,OIH,7.9,None,18.0,3.5,81.3,2026-02-02,47.29,19.57,1.74,0.008,51.7,0.82,50.0,-0.17,6,0.75,-1.404,6 distribution days in 20,-0.43,-1.2,0.6,-0.67,-0.82,-1.55,-0.32,-0.19,-0.19,-0.87,0.0,-1.21,1.64,-0.32,2026-02-02,4.96304118268216,-2.2088785880914674,5.291655213198387,4.202745512143613,-3.4677415938735745,6.131000528212393,8.384371700105596,-6.413622569235368,9.655398655141934
52,AXTA,XLB,7.7,None,65.1,0.9,97.2,2026-02-02,33.54,1.56,-6.06,0.048,51.0,1.13,60.0,-0.03,1,0.28,-2.089,,-3.0,-3.0,1.58,-1.35,-1.75,-1.46,-0.72,0.79,0.06,-0.06,2.02,0.21,0.99,-0.72,2026-02-02,8.465440710209272,4.468670423572197,8.7940547407255,10.875079264426123,5.828652134833877,12.803334280494903,8.402029169308811,2.0435309860225903,9.673056124345148
1,FTI,OIH,95.0,Strong,96.3,93.7,78.5,2026-02-09,59.83,19.71,1.89,0.084,55.0,0.92,70.0,0.47,3,2.86,1.596,,1.98,3.0,-0.55,3.0,1.75,0.18,-0.34,2.09,3.0,0.17,3.0,3.0,2.51,-0.34,2026-02-09,1.7643142476697848,1.312539226283982,3.514781957559121,8.621837549933442,1.5204153942448118,9.713885756682961,9.853528628495333,7.0519888509076525,11.965111880855627
2,HALO,XBI,92.6,Strong,91.7,93.5,32.4,2026-02-09,80.48,11.07,9.77,0.044,52.9,0.59,60.0,0.32,3,2.79,1.579,,2.3,1.74,-2.13,1.35,2.14,0.9,0.34,1.83,0.76,-1.65,2.7,1.94,1.63,0.34,2026-02-09,-0.3945090279495411,0.5841669745966116,1.355958681939795,-12.997773930249823,-15.679187042916919,-11.905725723500304,-14.17264407618105,-12.350556234042276,-12.061060823820757
3,GLW,XLK,92.3,Strong,95.2,89.5,62.5,2026-02-09,130.69,54.21,56.14,0.109,60.6,1.12,75.0,0.24,3,3.93,1.321,extended >3 ATR above 20d avg,3.0,1.36,-0.09,3.0,0.29,-0.21,1.62,2.42,3.0,0.4,3.0,1.64,1.15,1.62,2026-02-09,1.2000311696407584,4.214475381489191,2.9504988795300946,17.53292293306319,19.97518097507003,18.624971139812708,14.540637419153747,18.936701894766063,16.65222067151404
4,CVX,SPY,89.7,Strong,88.7,90.8,,2026-02-09,177.59,12.58,12.59,0.018,51.1,0.8,55.0,0.2,2,3.32,1.395,extended >3 ATR above 20d avg,2.55,0.64,-1.0,3.0,0.69,-0.28,1.33,1.23,1.37,-1.43,0.67,2.69,0.36,1.33,2026-02-09,-0.21938459807617772,1.5310831118131585,1.5310831118131585,2.424481071046869,3.5165292777963875,3.5165292777963875,4.303313269955544,6.414896522315838,6.414896522315838
5,GEV,XLI,88.7,Strong,98.5,79.9,91.5,2026-02-09,800.64,28.68,21.42,0.105,56.6,0.9,65.0,0.7,2,2.45,0.94,,1.68,0.51,-0.73,0.67,0.82,1.72,-0.0,2.76,2.37,-1.47,2.7,3.0,3.0,-0.0,2026-02-09,1.9801733585732784,1.1967926355418879,3.7306410684626146,9.403955365148953,7.512235989532412,10.496003571898472,4.8097040948490655,3.8174218456759723,6.9212873472093595
6,ZM,IGV,83.4,Strong,87.1,79.9,39.6,2026-02-09,95.4,11.98,31.0,0.043,50.3,0.83,55.0,0.21,6,1.55,0.941,6 distribution days in 20,3.0,-0.73,-0.65,3.0,3.0,0.49,2.54,3.0,0.19,-0.45,2.7,2.61,2.33,2.54,2026-02-09,-7.657047609125945,-2.0878707264639367,-5.9065798992366085,-8.85508907177831,-0.3086792644227838,-7.763040865028792,-23.46077716428795,-21.569358600365007,-21.349193911927657
7,TKR,XLI,82.2,Strong,97.2,69.5,91.5,2026-02-09,107.97,19.54,12.28,0.086,58.7,0.6,70.0,0.36,3,4.36,0.663,extended >3 ATR above 20d avg,0.58,0.8,-2.62,-0.54,0.16,-0.2,2.76,1.66,2.66,-3.0,1.48,2.67,1.09,2.76,2026-02-09,-2.99406748238783,-3.7774482054192204,-1.2435997724984937,0.9454949944382784,-0.9462243811782622,2.037543201187797,-1.7982944011865065,-2.7905766503595997,0.31328885117378746
8,MTSI,SMH,82.1,Strong,89.1,75.7,75.5,2026-02-09,235.74,34.8,30.37,0.067,51.3,0.55,60.0,0.01,4,1.01,0.819,4 distribution days in 20,3.0,-0.92,-2.6,3.0,-2.21,-0.58,1.67,3.0,0.17,-2.17,2.7,0.21,0.56,1.67,2026-02-09,4.450584484590858,4.626977252487386,6.201052194480194,5.479277364505841,2.784387854975723,6.571325571255359,2.5377258235919298,6.72950396068831,4.649309075952224
9,COHR,XLK,79.6,Strong,81.3,77.9,62.5,2026-02-09,242.38,36.15,38.08,0.051,54.9,1.14,65.0,0.22,4,1.66,0.881,4 distribution days in 20,2.59,1.06,0.39,2.7,-0.38,0.19,1.78,0.66,3.0,0.88,2.02,0.96,1.56,1.78,2026-02-09,-5.243437627855885,-2.228993416007452,-3.4929699179665485,9.7784190012705,12.22067704327734,10.870467208020019,20.924223174486944,25.32028765009926,23.035806426847238
10,AAOI,XLK,78.5,Strong,81.2,75.8,62.5,2026-02-09,47.91,40.85,42.78,0.022,56.7,0.65,55.0,0.34,2,1.5,0.82,,2.12,-0.65,-1.7,0.67,-0.76,0.8,2.07,0.19,1.57,-1.2,0.0,0.59,2.16,2.07,2026-02-09,-7.543398211467656,-4.5289539996192225,-5.7929305015783195,18.327196212519723,20.769454254526565,19.41924441926924,100.67332982640718,105.0693943020195,102.78491307876747
11,LITE,XLK,76.9,Strong,78.8,75.0,62.5,2026-02-09,577.47,64.33,66.26,0.018,59.2,0.82,50.0,0.14,3,3.99,0.799,extended >3 ATR above 20d avg,2.0,1.05,-1.34,1.35,-1.37,0.42,-0.11,0.07,3.0,-0.85,0.67,-0.02,1.78,-0.11,2026-02-09,9.485243150559985,12.499687362408418,11.23571086044932,25.5517857794316,27.99404382143844,26.643833986181118,26.669950020064913,31.06601449567723,28.781533272425207
12,TER,SMH,75.9,Strong,84.2,68.4,75.5,2026-02-09,309.8,42.8,38.37,0.05,55.2,1.06,60.0,0.39,3,3.62,0.635,extended >3 ATR above 20d avg,1.26,0.42,-0.14,2.7,-0.49,0.59,0.11,1.38,1.51,0.3,2.02,1.93,1.73,0.11,2026-02-09,-1.2776142575282146,-1.1012214896316874,0.47285345236112164,6.368664488792564,3.6737749792624452,7.460712695542082,-1.6754536339230852,2.5163245031732946,0.43612961843720877
13,SNX,XLK,74.9,Strong,83.5,67.2,62.5,2026-02-09,171.39,14.72,16.65,0.087,55.4,1.02,65.0,0.18,1,3.36,0.608,extended >3 ATR above 20d avg,3.0,-1.41,-0.47,2.36,-0.2,-1.11,-0.13,2.46,0.8,0.03,1.69,1.15,0.26,-0.13,2026-02-09,-7.319203447071166,-4.304759235222733,-5.56873573718183,-8.856410853615937,-6.414152811609098,-7.764362646866418,-9.45615465238151,-5.060090176769195,-7.344571400021216
14,FLS,XLI,70.3,Strong,94.4,52.4,91.5,2026-02-09,84.85,16.47,9.22,0.066,56.0,0.83,55.0,0.13,2,2.78,0.298,,1.4,1.44,0.33,0.0,-1.89,-0.75,0.6,2.48,3.0,-0.41,2.02,0.62,0.54,0.6,2026-02-09,4.8309178743961345,4.047537151364744,6.581385584285471,5.738187816660756,3.846468441044215,6.830236023410274,-2.533286202427243,-3.525568451600336,-0.4217029500669489
15,SMTC,SMH,67.7,Moderate,75.1,61.1,75.5,2026-02-09,88.75,14.07,9.65,0.079,58.3,1.42,55.0,0.34,6,1.29,0.476,6 distribution days in 20,3.0,3.0,3.0,3.0,-1.84,0.8,-0.05,3.0,3.0,3.0,2.7,0.57,1.94,-0.05,2026-02-09,-4.050355774493697,-3.87396300659717,-2.299888064604361,-1.29173508483853,-3.9866245943686485,-0.19968687808901153,-1.3026819923371624,2.8890961447592174,0.8089012600231316
16,KEYS,XLK,66.0,Moderate,71.2,61.2,62.5,2026-02-09,235.84,13.75,15.68,0.053,54.1,0.98,55.0,0.16,4,2.5,0.478,4 distribution days in 20,3.0,-0.19,-0.19,1.12,0.67,-0.61,-0.15,1.37,2.03,0.3,0.45,2.02,0.75,-0.15,2026-02-09,-0.4160122256654075,2.598431986183025,1.3344554842239287,28.05960011886064,30.501858160867478,29.151648325610157,28.428917094706474,32.82498157031879,30.540500347066768
17,TXN,SMH,65.3,Moderate,75.9,56.1,75.5,2026-02-09,216.4,15.65,11.22,0.017,54.6,0.71,60.0,0.3,6,1.94,0.373,6 distribution days in 20,1.14,-0.23,-1.16,1.57,0.2,1.47,3.0,1.25,0.86,-0.73,0.9,2.62,2.61,3.0,2026-02-09,4.0283146276719695,4.204707395568496,5.778782337561306,-1.6578959623713474,-4.352785471901466,-0.5658477556218289,-6.552414660271033,-2.3606365231746533,-4.440831407910739
18,AIR,ITA,63.7,Moderate,91.8,44.2,94.1,2026-02-09,114.29,17.68,16.88,0.061,54.6,0.92,65.0,0.26,4,2.1,0.134,4 distribution days in 20,1.52,0.48,1.52,2.02,-0.55,-0.44,1.23,2.62,2.82,0.21,2.02,2.12,0.62,1.23,2026-02-09,-0.6386701662292271,-1.9215957480210655,1.111797543660109,3.464566929133861,0.1102066870402707,4.55661513588338,2.2309711286089273,-1.9076359807594256,4.342554380969221
19,TTEK,XLI,61.6,Moderate,92.0,41.2,91.5,2026-02-09,41.86,15.92,8.67,0.056,55.0,0.82,60.0,0.31,3,3.35,0.073,extended >3 ATR above 20d avg,0.43,-0.28,-1.46,-1.35,0.76,-0.35,1.63,1.51,1.59,-2.19,0.67,3.0,0.94,1.63,2026-02-09,-15.467367917762365,-16.250748640793756,-13.716900207873028,-21.778627779105907,-23.67034715472245,-20.68657957235639,-13.220176906526415,-14.21245915569951,-11.108593654166121
20,CSCO,XLK,61.2,Moderate,73.5,50.9,62.5,2026-02-09,85.96,17.43,19.36,0.053,54.7,1.22,70.0,0.16,3,4.15,0.268,extended >3 ATR above 20d avg,3.0,-1.24,1.11,3.0,-0.04,-2.47,0.99,2.18,0.97,1.6,3.0,1.3,-1.11,0.99,2026-02-09,-11.63843119053145,-8.623986978683018,-9.887963480642114,-10.141564168020434,-7.699306126013594,-9.049515961270915,-9.224878161986538,-4.828813686374223,-7.113294909626244
21,CAT,XLI,58.6,Moderate,84.5,40.6,91.5,2026-02-09,739.42,20.45,13.2,0.076,59.9,1.13,60.0,0.3,3,3.06,0.059,extended >3 ATR above 20d avg,0.62,3.0,1.74,-1.35,-1.04,-0.34,1.38,1.7,3.0,1.01,0.67,1.48,0.95,1.38,2026-02-09,2.975796316066859,2.1924155930354683,4.726264025956195,3.4623025257780826,1.570583150161542,4.554350732527601,-2.7203805559684824,-3.7126628051415755,-0.6087973036081884
22,GTES,XLI,57.8,Moderate,90.8,36.8,91.5,2026-02-09,27.01,18.57,11.31,-0.008,51.9,0.55,50.0,0.38,3,3.68,-0.02,extended >3 ATR above 20d avg,0.48,-0.0,-0.49,-0.67,0.6,-0.17,0.05,1.56,1.86,-1.23,1.35,3.0,1.13,0.05,2026-02-09,1.9574944071588218,1.1741136841274313,3.707962117048158,4.5861297539149914,2.6944103782984508,5.6781779606645095,-1.6778523489932806,-2.6701345981663738,0.43373090336701337
23,PR,XOP,57.8,Moderate,98.3,34.0,99.5,2026-02-09,16.74,22.01,7.02,0.084,53.4,0.72,70.0,0.58,1,3.35,-0.082,extended >3 ATR above 20d avg,3.0,-1.34,0.94,0.34,-0.51,-1.87,-1.16,3.0,2.32,-2.42,2.7,3.0,1.33,-1.16,2026-02-09,0.5451241671714069,1.2231840855274512,2.295591877060743,5.330102967898243,3.164462616414121,6.422151174647761,8.721986674742578,0.12861505639345694,10.833569927102872
24,CIEN,XLK,48.8,Weak,59.8,39.8,62.5,2026-02-09,289.45,25.42,27.35,0.102,57.3,1.18,65.0,0.43,5,1.96,0.044,5 distribution days in 20,3.0,-1.42,-0.3,1.35,-0.29,-1.15,1.08,2.23,0.8,0.19,0.67,1.06,0.21,1.08,2026-02-09,4.967370174951413,7.9818143867998455,6.717837884840749,18.953068592057765,21.395326634064602,20.045116798807282,15.58941960566511,19.985484081277427,17.701002858025404
25,ADI,SMH,45.1,Weak,57.4,35.4,75.5,2026-02-09,319.88,7.28,2.85,-0.03,50.5,0.93,45.0,0.14,3,1.39,-0.051,,0.34,-0.58,-0.58,1.35,-1.86,-0.61,1.85,0.45,0.5,-0.14,0.67,0.55,0.53,1.85,2026-02-09,5.407360805284678,5.583753573181205,7.157828515174014,11.025479710600816,8.330590201070699,12.117527917350335,6.030198175526902,10.221976312623282,8.141781427887196
26,EMR,XLI,38.2,None,79.6,18.3,91.5,2026-02-09,158.22,10.98,3.73,-0.038,56.2,0.91,35.0,0.04,4,2.29,-0.497,4 distribution days in 20,0.53,0.29,0.24,-2.02,-1.77,-0.01,2.47,1.61,2.15,-0.49,0.0,0.75,1.28,2.47,2026-02-09,-6.729373145634742,-7.512753868666133,-4.978905435745406,-5.466826589230478,-7.358545964847019,-4.37477838248096,-8.137112556025494,-9.129394805198586,-6.0255293036652
27,ACMR,SMH,36.7,None,47.5,28.3,75.5,2026-02-09,62.66,17.8,13.38,0.041,51.6,0.97,65.0,1.13,3,1.64,-0.214,,-0.53,-1.28,-0.48,1.35,0.92,-0.46,-0.18,-0.42,-0.19,-0.05,0.67,3.0,0.67,-0.18,2026-02-09,4.156010230179019,4.332402998075546,5.906477940068355,8.32800511508951,5.633115605559392,9.42005332183903,-17.551150895140665,-13.359372758044286,-15.439567642780371
28,AMRX,XPH,35.2,None,72.2,17.2,93.0,2026-02-09,14.52,11.99,9.76,0.036,52.4,0.51,55.0,-0.11,2,1.52,-0.535,,-0.46,-3.0,-2.11,-0.67,-0.02,-1.44,1.38,0.4,0.55,-3.0,0.0,-0.94,0.39,1.38,2026-02-09,4.54232622161046,4.191633603690081,6.292793931499796,0.9635237439779898,-0.49185062039163174,2.0555719507275083,-8.327598072952503,-5.732472700341585,-6.216014820592209
29,KO,XLP,34.5,None,91.0,13.1,98.0,2026-02-09,76.47,10.54,0.18,0.06,55.8,0.87,55.0,0.15,2,3.3,-0.696,extended >3 ATR above 20d avg,0.37,-1.11,1.05,0.0,-2.24,-3.0,2.84,2.36,1.37,-0.7,1.35,1.13,0.17,2.84,2026-02-09,3.8579220433683448,2.8541872161041093,5.608389753257681,5.334574963416272,2.591811191240745,6.42662317016579,3.55194891579087,3.0617528373595215,5.663532168151164
30,AME,XLI,32.9,None,74.7,14.5,91.5,2026-02-09,232.21,10.77,3.51,0.045,56.5,0.97,60.0,0.1,3,2.19,-0.638,,0.58,-0.2,1.16,0.0,-1.44,-1.77,-0.67,1.66,1.67,0.42,2.02,1.08,-0.47,-0.67,2026-02-09,-0.30894657798755665,-1.0923273010189471,1.4415211319017796,1.1714224415361407,-0.7202969340804,2.2634706482856592,0.49774726453550855,-0.4945349846375846,2.6093305168958025
31,SNDK,XLK,31.9,None,37.6,27.1,62.5,2026-02-09,583.56,54.55,56.48,0.069,53.6,0.91,55.0,-0.38,4,1.14,-0.245,4 distribution days in 20,3.0,-1.63,-1.02,1.35,-2.71,-1.47,-2.58,1.45,0.59,-0.53,0.67,-1.36,-0.11,-2.58,2026-02-09,2.871680490694928,5.886124702543361,4.622148200584264,11.282846588136897,13.725104630143736,12.374894794886416,-1.4567505401826164,2.9393139354296993,0.6548327121776776
32,TTC,XLI,25.7,None,65.8,10.0,91.5,2026-02-09,97.45,10.35,3.09,0.059,51.8,1.24,60.0,0.22,1,3.69,-0.85,extended >3 ATR above 20d avg,-0.05,-1.04,1.55,-1.01,-1.36,-0.36,-0.59,1.03,0.82,0.81,1.01,1.16,0.94,-0.59,2026-02-09,1.918932786044114,1.1355520630127236,3.6694004959334503,3.0579784504874308,1.16625907487089,4.15002665723695,0.954335556695729,-0.03794669247736415,3.065918809056023
33,LECO,XLI,25.4,None,61.6,10.5,91.5,2026-02-09,295.27,17.76,10.5,0.013,54.5,0.75,50.0,0.34,4,3.79,-0.822,4 distribution days in 20; extended >3 ATR above 20d avg,-0.98,-0.42,-0.25,-2.02,1.63,-2.15,1.23,0.1,1.45,-0.99,0.0,3.0,-0.85,1.23,2026-02-09,-3.4375422925971177,-4.220923015628508,-1.6870745827077815,-4.263093788063344,-6.154813163679885,-3.1710455813138254,-5.758560021653802,-6.750842270826896,-3.6469767692935084
34,DOCN,IGV,24.5,None,17.0,35.3,39.6,2026-02-09,64.74,21.67,40.68,-0.01,54.1,0.85,60.0,0.31,8,1.91,-0.052,8 distribution days in 20,1.69,0.71,0.4,2.47,1.87,-2.09,1.24,-0.33,1.63,0.61,0.45,0.68,-0.25,1.24,2026-02-09,3.125000000000022,8.694176882662031,4.875467709889358,-4.435975609756094,4.110434197599433,-3.343927403006575,-15.518292682926816,-13.626874119003874,-13.406709430566522
35,CTVA,XLB,23.2,None,89.7,6.0,97.2,2026-02-09,73.11,7.2,-0.92,0.033,56.1,0.76,60.0,-0.03,3,1.0,-1.129,,-2.01,-1.26,-0.84,-1.35,-1.85,-0.42,-0.08,1.44,3.0,-2.58,0.67,-0.09,0.39,-0.08,2026-02-09,2.1366358192705492,1.068467242847948,3.8871035291598854,5.375612411540565,3.0450627902548932,6.467660618290083,6.954273271638534,7.342698208519483,9.065856523998828
36,VSH,SMH,22.2,None,33.2,14.9,75.5,2026-02-09,19.28,20.27,15.85,0.004,50.6,0.64,40.0,0.33,6,0.63,-0.621,6 distribution days in 20,-0.52,-0.62,-3.0,-0.67,-0.79,-1.94,1.58,-0.4,0.47,-3.0,-1.35,1.62,-0.8,1.58,2026-02-09,-4.444444444444462,-4.268051676547936,-2.693976734555126,0.31007751937983663,-2.384811990150282,1.4021257261293552,-8.217054263565892,-4.025276126469512,-6.105471011205598
37,PAA,XLE,22.0,None,67.2,7.2,96.3,2026-02-09,18.62,5.98,-8.97,-0.021,53.2,1.15,35.0,0.27,3,0.52,-1.031,,0.24,-1.65,2.22,-2.02,-1.87,1.93,1.14,0.81,1.38,1.0,-1.35,3.0,2.72,1.14,2026-02-09,5.288461538461542,5.34534435984948,7.038929248350878,5.822649572649574,3.338766372042823,6.914697779399093,10.256410256410264,5.1559172719582325,12.367993508770558
38,COP,XOP,21.0,None,93.7,4.7,99.5,2026-02-09,106.35,11.48,-3.51,0.038,53.2,1.06,55.0,0.13,2,2.75,-1.258,,1.28,-1.82,3.0,-1.69,-3.0,-0.41,-0.71,3.0,1.84,0.04,0.67,2.46,2.79,-0.71,2026-02-09,0.263628660201487,0.9416885785575313,2.014096370090823,2.702193767065242,0.5365534155811202,3.7942419738147604,10.05555032482819,1.4621787064790688,12.167133577188483
39,PSX,XLE,19.1,None,58.7,6.2,96.3,2026-02-09,154.28,10.79,-4.16,-0.036,48.0,0.71,45.0,0.26,3,2.99,-1.104,,-0.41,-3.0,-0.88,-0.0,-3.0,-0.35,-0.67,0.16,-0.72,-2.09,0.67,2.34,0.44,-0.67,2026-02-09,0.6625097427903182,0.7193925641782561,2.4129774526796544,-0.9742790335152018,-3.458162234121953,0.11776917323431668,2.487659132242137,-2.612833852209895,4.599242384602431
40,NESR,OIH,15.0,None,26.5,8.5,78.5,2026-02-09,20.95,18.73,0.91,0.032,56.6,0.9,60.0,0.02,4,1.38,-0.938,4 distribution days in 20,0.06,0.05,0.2,0.34,-2.84,-2.4,-2.12,0.18,1.16,0.93,0.67,-0.42,-0.06,-2.12,2026-02-09,15.259895088221276,14.808120066835473,17.010362798110613,25.60801144492133,18.5065892892327,26.70005965167085,11.492608488316636,8.691068710728956,13.60419174067693
41,MNST,XLP,13.3,None,65.2,2.7,98.0,2026-02-09,40.44,4.58,-5.78,0.042,55.6,0.91,60.0,0.04,5,0.26,-1.548,5 distribution days in 20,-1.5,-0.72,0.92,-1.01,-2.57,-1.32,1.14,0.48,1.76,-0.83,0.34,0.81,1.96,1.14,2026-02-09,3.1102264244837086,2.106491597219473,4.860694134373045,6.3946255287384846,3.6518617565629574,7.486673735488003,-1.741726797710863,-2.2319228761422116,0.36985645464943095
42,INSW,XLE,10.3,None,36.3,2.9,96.3,2026-02-09,53.2,12.07,-2.88,0.009,51.7,0.93,40.0,0.22,3,1.38,-1.507,,-0.26,-3.0,0.59,-1.35,-3.0,-0.1,-0.96,0.31,-0.15,-0.62,-0.67,0.67,0.69,-0.96,2026-02-09,6.479727169382343,6.536609990770281,8.230194879271679,15.308829101932542,12.82494590132579,16.40087730868206,24.99052671466464,19.890033730212608,27.102109967024933
43,SLB,OIH,10.2,None,18.7,5.6,78.5,2026-02-09,49.7,11.76,-6.06,0.006,52.9,1.01,55.0,0.12,5,1.13,-1.164,5 distribution days in 20,-0.5,-0.37,-0.03,0.34,-1.98,-2.56,-1.84,-0.38,0.73,0.69,0.67,0.43,-0.22,-1.84,2026-02-09,-1.4579588575993507,-1.9097338789851537,0.29250885228998547,2.496504893149587,-4.604917262539043,3.5885530998991055,-4.014379868184537,-6.815919645772217,-1.9027966158242426
44,EOG,XOP,7.2,None,64.5,0.8,99.5,2026-02-09,112.15,9.54,-5.45,-0.003,52.1,1.16,50.0,0.14,4,1.35,-2.143,4 distribution days in 20,-0.99,-2.45,3.0,-1.01,-3.0,-2.28,1.15,1.23,1.21,1.48,1.35,2.13,0.92,1.15,2026-02-09,5.056079757877874,5.734139676233918,6.80654746776721,8.527683816984144,6.362043465500022,9.619732023733663,12.284137439914545,3.6907658215654244,14.395720692274839
45,ECL,XLB,5.9,None,49.6,0.7,97.2,2026-02-09,285.73,6.0,-2.12,0.056,53.9,1.04,60.0,0.15,5,1.35,-2.222,5 distribution days in 20,-2.17,-2.85,2.14,-1.35,-0.39,-1.02,-0.39,1.29,1.43,0.4,0.67,1.37,-0.22,-0.39,2026-02-09,3.256626258475448,2.1884576820528467,5.007093968364784,4.6811862201219245,2.350636598836253,5.7732344268714435,1.386891308814464,1.775316245695413,3.498474561174758
46,CHRD,XOP,5.6,None,53.2,0.6,99.5,2026-02-09,99.49,11.05,-3.94,0.061,53.5,1.16,75.0,0.17,3,1.61,-2.278,,-1.39,-2.97,3.0,-1.46,-3.0,-2.62,1.29,0.83,0.69,1.44,0.9,1.11,0.57,1.29,2026-02-09,-2.8338860416038614,-2.155826123247817,-1.0834183317145252,2.552507285699912,0.38686693421579044,3.6445554924494306,9.818108732790677,1.224737114441556,11.92969198515097
47,AVNT,XLB,5.1,None,43.4,0.6,97.2,2026-02-09,38.16,13.84,5.72,0.012,53.1,1.12,55.0,0.15,5,2.01,-2.347,5 distribution days in 20,-2.99,-2.29,1.44,-2.02,-0.7,-1.29,-0.87,0.47,1.99,-0.31,0.0,1.07,-0.48,-0.87,2026-02-09,9.3741885224617,8.3060199460391,11.124656232351036,7.452609711763181,5.122060090477509,8.5446579185127,1.713840560893276,2.102265497774225,3.82542381325357
1,FTI,OIH,95.8,Strong,96.1,95.6,93.0,2026-02-17,61.14,17.46,2.38,0.096,56.3,0.94,75.0,0.52,3,2.07,1.786,,2.15,3.0,-0.57,3.0,1.36,1.41,0.64,1.98,3.0,0.45,3.0,3.0,2.41,0.64,2026-02-17,4.633637966971316,-0.07046113271638177,4.144453078658694,5.820105820105814,5.3196419436668085,6.366755198310559,3.848003848003856,3.959072854524248,4.863209836098392
2,GLW,XLK,94.5,Strong,93.4,95.7,47.4,2026-02-17,129.87,38.56,42.76,0.062,57.3,0.87,65.0,0.42,5,2.46,1.797,5 distribution days in 20,3.0,1.86,-1.55,3.0,3.0,0.92,2.09,1.67,2.87,-1.69,2.7,2.74,-0.14,2.09,2026-02-17,15.278202384591877,15.091889235183075,14.789017496279255,12.343320085600729,14.163456237517625,12.889969463805473,3.7832467135432424,3.9695598629520656,4.798452701637778
3,MPC,XLE,94.5,Strong,99.1,90.2,97.9,2026-02-17,198.31,14.24,1.54,0.032,53.9,0.75,65.0,0.62,1,1.75,1.357,,3.0,-3.0,-1.61,3.0,3.0,3.0,0.41,3.0,2.39,-2.48,3.0,3.0,3.0,0.41,2026-02-17,-3.0336348643110522,-4.175101930179315,-3.5228197526236738,5.262631815682939,1.5388294204733644,5.809281193887683,6.876905392573329,4.837234733890683,7.892111380667865
4,BWA,XLY,94.2,Strong,94.5,93.9,81.9,2026-02-17,62.02,32.52,37.63,0.083,56.5,0.61,60.0,0.1,3,3.62,1.618,extended >3 ATR above 20d avg,3.0,1.14,-3.0,1.91,0.7,-0.88,2.36,2.52,1.95,-3.0,0.9,0.6,0.46,2.36,2026-02-17,-6.487265737626135,-7.033240258815143,-6.976450625938757,-13.711356719525869,-12.194760827334171,-13.164707341321124,-15.777670991510496,-14.356403983970845,-14.76246500341596
5,LITE,XLK,93.6,Strong,88.8,98.6,47.4,2026-02-17,600.22,85.16,89.36,0.02,60.2,0.68,50.0,0.85,0,2.67,2.391,,2.71,3.0,-1.56,2.7,2.52,3.0,-0.43,-0.09,3.0,-1.7,0.67,1.05,2.03,-0.43,2026-02-17,14.318457373482364,14.132144224073564,13.829272485169742,15.336577588068213,17.156713739985108,15.883226966272957,11.614542676344053,11.800855825752876,12.629748664438589
6,FIVE,XRT,92.0,Strong,90.9,93.1,84.7,2026-02-17,212.49,8.04,11.39,0.027,54.3,0.86,55.0,0.01,2,2.08,1.549,,3.0,3.0,0.22,3.0,1.27,-0.45,-3.0,2.28,3.0,-1.01,1.35,0.63,0.56,-3.0,2026-02-17,4.513692162417371,4.259503831972533,4.024507274104749,4.6152030217185835,6.359859289771719,5.161852399923328,4.376770538243613,9.552969267301968,5.39197652633815
7,GEV,XLI,90.1,Strong,92.1,88.2,89.1,2026-02-17,818.86,20.29,15.39,0.046,54.7,0.85,60.0,0.16,2,1.87,1.257,,1.32,1.16,-1.54,1.8,1.04,1.75,-1.1,1.65,2.02,-1.86,2.02,0.76,0.97,-1.1,2026-02-17,7.249508601008436,6.329915520946372,6.760323712695815,2.745730017458392,2.716992733706469,3.2923793956631364,2.313543078294189,5.37693752625098,3.3287490663887254
8,KO,XLP,83.5,Strong,95.1,73.3,96.6,2026-02-17,78.07,13.0,5.61,0.074,56.7,0.83,65.0,-0.01,2,2.61,0.754,,2.27,0.49,-0.38,1.12,-0.75,-1.52,3.0,3.0,2.08,-1.17,2.7,-0.71,-0.29,3.0,2026-02-17,1.5258366457238326,-0.5142699962142672,1.036651757411211,-0.19233235030130524,0.004723404885897953,0.3543170279034391,-2.000256443133719,0.4919192842338438,-0.9850504550391825
9,TKR,XLI,83.1,Strong,86.3,80.1,89.1,2026-02-17,104.65,12.88,7.98,0.056,57.6,0.65,60.0,0.08,4,1.82,0.946,4 distribution days in 20,0.8,1.23,-2.44,0.72,1.07,1.21,1.18,1.13,2.09,-2.76,0.94,0.79,0.43,1.18,2026-02-17,3.5466387753161577,2.6270456952540933,3.057453887003536,0.732147950936568,0.7034106671846452,1.2787973291413124,-3.4325377959494197,-0.3691433479926287,-2.4173318078548833
10,ATI,XLI,80.0,Strong,84.1,76.1,89.1,2026-02-17,146.77,18.09,13.19,0.092,54.9,0.92,65.0,0.32,4,3.03,0.83,4 distribution days in 20; extended >3 ATR above 20d avg,1.59,0.02,0.86,1.8,3.0,2.15,2.22,1.92,0.88,0.54,2.02,3.0,1.37,2.22,2026-02-17,8.935335497835496,8.015742417773431,8.446150609522874,6.25,6.221262716248077,6.796649378204744,7.629870129870131,10.693264577826922,8.645076117964667
11,CAT,XLI,77.9,Strong,78.7,77.2,89.1,2026-02-17,761.99,18.55,13.65,0.059,59.1,1.1,65.0,0.16,4,2.41,0.859,4 distribution days in 20,0.74,3.0,0.79,1.12,0.85,0.7,3.0,1.06,3.0,0.47,1.35,0.57,-0.08,3.0,2026-02-17,0.43949412258605935,-0.48009895747600506,-0.04969076572656217,-5.562552476910154,-5.591289760662077,-5.01590309870541,-6.2998530646515505,-3.2364586166947595,-5.284647076557015
12,PSX,XLE,77.3,Strong,95.4,62.6,97.9,2026-02-17,154.98,14.42,1.72,0.018,51.3,0.69,55.0,0.32,1,1.92,0.508,,2.21,-3.0,-2.15,2.02,-1.4,1.81,-0.39,2.04,0.31,-3.0,2.02,3.0,1.84,-0.39,2026-02-17,-2.550335570469786,-3.6918026363380485,-3.0395204587824076,0.8565036752956168,-2.8672987199139577,1.4031530535003611,2.588686481303948,0.5490158226213016,3.603892469398484
13,TER,SMH,75.5,Strong,71.6,79.7,73.7,2026-02-17,305.22,33.97,32.22,0.039,53.0,0.93,60.0,0.1,3,1.84,0.934,,2.73,0.37,0.16,3.0,-0.64,0.51,0.64,1.43,0.9,-0.05,2.02,0.36,-0.04,0.64,2026-02-17,7.228797808862364,5.347600064355262,6.739612920549742,-0.8803677981023106,4.070536343449316,-0.33371841989756623,-1.9661547490951725,1.4462504618711902,-0.9509487610006362
14,CGNX,XLK,75.3,Strong,63.5,89.2,47.4,2026-02-17,56.85,39.47,43.68,-0.005,50.0,0.54,40.0,0.11,5,4.55,1.306,5 distribution days in 20; extended >3 ATR above 20d avg; heavy selling into close today,3.0,0.23,-2.61,1.35,2.19,0.34,3.0,0.81,1.24,-2.76,-0.67,0.72,-0.72,3.0,2026-02-17,1.4970059880239583,1.3106928386151573,1.0078210997113368,-5.864741106023241,-4.044604954106346,-5.318091727818497,-11.16590348714337,-10.979590337734546,-10.150697499048833
15,CVX,SPY,75.2,Strong,61.3,92.2,,2026-02-17,177.38,9.66,10.93,-0.005,52.9,0.83,45.0,0.09,2,1.7,1.483,,3.0,1.25,-0.85,1.35,3.0,-0.35,-0.29,0.19,1.52,-1.11,-0.67,1.57,-1.03,-0.29,2026-02-17,1.1555555555555541,0.6663706672429326,0.6663706672429326,3.0111111111110977,3.557760489315842,3.557760489315842,1.6666666666666607,2.681872654761197,2.681872654761197
16,KEYS,XLK,73.8,Strong,63.1,86.3,47.4,2026-02-17,234.59,9.5,13.7,0.043,56.0,1.05,55.0,0.03,5,1.34,1.169,5 distribution days in 20,3.0,1.8,0.62,2.47,2.06,1.6,-0.33,1.43,2.82,0.47,0.45,0.58,0.54,-0.33,2026-02-17,27.045693830280083,26.859380680871283,26.55650894196746,27.41208675510636,29.232222907023253,27.958736133311103,20.24426194988418,20.430575099293,21.259467937978716
17,FLS,XLI,73.4,Strong,76.8,70.1,89.1,2026-02-17,88.97,16.27,11.37,0.02,56.7,0.74,55.0,-0.12,2,2.84,0.676,,0.19,2.39,-0.19,0.45,-0.39,-0.5,2.16,0.52,3.0,-0.51,0.67,-0.66,-1.28,2.16,2026-02-17,0.6730984967466824,-0.246494583315382,0.1839136084340609,-7.202153915189591,-7.230891198941514,-6.6555045369848465,-12.463540498092884,-9.400146050136094,-11.448334509998348
18,SMTC,SMH,73.3,Strong,68.8,78.1,73.7,2026-02-17,87.65,12.99,11.24,0.055,58.5,1.36,45.0,0.14,4,0.62,0.885,4 distribution days in 20,3.0,3.0,3.0,3.0,-0.82,1.62,-1.38,2.78,3.0,3.0,1.35,0.18,1.08,-1.38,2026-02-17,2.187216681776971,0.3060189372698696,1.6980317934643496,2.1758839528558394,7.126788094407466,2.7225333310605837,-0.7479601087941989,2.664445102172164,0.2672458793003374
19,AIR,ITA,70.9,Strong,70.3,71.5,83.4,2026-02-17,113.57,8.14,10.5,0.027,47.2,1.07,60.0,0.0,2,1.14,0.71,,1.68,-0.57,0.66,2.7,0.65,0.91,0.53,1.9,0.22,0.7,1.35,0.51,0.72,0.53,2026-02-17,3.6005256241787187,2.0723058954900564,3.111340735866097,2.3653088042049797,0.0666988561225823,2.911958182409724,-5.1335961454226915,-5.204773502649284,-4.118390157328156
20,TXN,SMH,64.0,Moderate,56.1,73.0,73.7,2026-02-17,223.38,18.57,16.82,0.027,57.1,0.75,60.0,-0.15,5,1.55,0.747,5 distribution days in 20,2.58,0.99,-0.12,2.7,-1.6,0.45,2.6,1.27,1.51,-0.33,0.67,-0.6,-0.1,2.6,2026-02-17,-7.198417930125256,-9.079615674632358,-7.6876028184378775,-11.817183036695234,-6.866278895143607,-11.27053365849049,-14.098000439463853,-10.68559522849749,-13.082794451369317
21,ZBRA,XLK,60.8,Moderate,46.4,79.6,47.4,2026-02-17,260.76,3.8,8.01,-0.013,50.2,0.83,50.0,-0.7,6,1.06,0.93,6 distribution days in 20,3.0,0.82,-1.64,3.0,-1.12,0.58,1.29,0.68,1.83,-1.78,1.35,-2.59,-0.48,1.29,2026-02-17,-9.603220241518118,-9.78953339092692,-10.09240512983074,-13.620854897450652,-11.800718745533757,-13.074205519245908,-18.547057695993875,-18.360744546585053,-17.53185170789934
22,HALO,XBI,60.6,Moderate,55.9,65.8,80.0,2026-02-17,80.54,13.14,12.82,0.043,50.5,0.65,60.0,-0.14,4,1.97,0.577,4 distribution days in 20,1.91,1.39,-0.55,1.35,-0.16,-1.03,0.42,1.22,0.21,-1.2,2.02,-0.84,-0.59,0.42,2026-02-17,-9.389489953632157,-13.470464225750888,-9.878674841944779,-10.613086038124674,-10.129176045383325,-10.06643665991993,-12.67387944358579,-15.391840569483051,-11.658673455491254
23,GTES,XLI,58.5,Moderate,64.1,53.3,89.1,2026-02-17,27.34,20.22,15.33,-0.01,53.1,0.58,45.0,-0.02,4,2.46,0.315,4 distribution days in 20,1.21,1.29,-0.69,0.45,0.47,-1.25,-0.12,1.54,2.15,-1.01,0.67,0.19,-2.02,-0.12,2026-02-17,2.3722627737226443,1.4526696936605799,1.8830778854100227,-3.759124087591237,-3.7878613713431597,-3.2124747093864925,-11.423357664233569,-8.359963216276778,-10.408151676139033
24,MRK,XLV,57.2,Moderate,41.4,79.0,48.1,2026-02-17,119.2,11.78,10.72,0.016,50.7,0.77,50.0,-0.28,1,2.09,0.913,,0.73,0.0,-1.66,1.69,0.73,2.06,-0.82,0.86,-0.71,-0.41,1.35,-1.3,-0.31,-0.82,2026-02-17,2.2222222222222143,1.7324052590873995,1.7330373339095928,-1.1868686868686806,-0.9935198856312555,-0.6402193086639363,-3.4427609427609474,-0.974341246963073,-2.427554954666411
25,BIIB,XLV,56.0,Moderate,40.1,78.1,48.1,2026-02-17,195.42,18.93,17.87,0.067,59.1,1.07,60.0,0.04,4,1.99,0.887,4 distribution days in 20,0.95,2.24,-0.08,0.67,1.76,2.43,-0.43,1.09,1.52,1.17,0.34,-0.27,0.06,-0.43,2026-02-17,-0.09727626459143934,-0.5870932277262542,-0.5864611529040609,-5.810976858488637,-5.617628057251212,-5.264327480283892,-3.481466311693626,-1.0130466158957518,-2.46626032359909
26,ADI,SMH,53.5,Weak,46.2,62.0,73.7,2026-02-17,335.09,12.64,10.88,-0.022,52.0,1.02,50.0,0.06,4,1.87,0.495,4 distribution days in 20,1.94,-0.04,0.58,3.0,-0.81,-0.02,2.29,0.63,0.49,0.37,1.35,0.19,-0.56,2.29,2026-02-17,1.1086283946373232,-0.7725693498697783,0.6194435063247017,-3.4404720980864,1.5104320434652267,-2.8938227198816557,-9.166953133952106,-5.7545479229857435,-8.15174714585757
27,REGN,XBI,52.5,Weak,47.6,57.9,80.0,2026-02-17,790.81,8.34,8.03,0.021,57.6,1.01,55.0,-0.07,3,1.09,0.41,,1.15,2.83,1.3,-0.22,0.41,-1.06,0.76,0.45,1.66,0.65,0.45,-0.26,-0.62,0.76,2026-02-17,-2.6035143648715398,-6.684488636990271,-3.0926992531841613,-3.327134489607453,-2.8432244968661036,-2.7804851114027085,-2.579478032056881,-5.297439157954143,-1.5642720439623448
28,MTSI,SMH,50.3,Weak,45.1,56.2,73.7,2026-02-17,245.72,11.38,9.62,0.008,51.2,0.91,55.0,0.14,4,1.17,0.374,4 distribution days in 20,2.29,-0.49,1.01,3.0,-0.56,-0.23,1.8,0.98,0.04,0.8,2.02,0.45,-0.77,1.8,2026-02-17,0.8658184626641141,-1.0153792818429874,0.3766335743514926,-1.9470753221413784,3.0038288194102485,-1.400425943936634,-10.28413479126864,-6.8717295803022775,-9.268928803174104
29,SNX,XLK,49.9,Weak,35.5,70.1,47.4,2026-02-17,159.17,6.55,10.76,0.018,50.5,1.05,60.0,-0.15,2,-0.12,0.676,,3.0,-1.08,0.36,2.97,0.01,-0.49,-0.76,1.08,-0.07,0.22,0.94,-1.46,-1.55,-0.76,2026-02-17,-1.6647820077899222,-1.8510951571987233,-2.1539668961025438,-2.3118482221384684,-0.4917120702215727,-1.765198843933724,-2.70134438999875,-2.5150312405899267,-1.6861384019042136
30,TTC,XLI,44.5,Weak,50.3,39.3,89.1,2026-02-17,99.32,11.83,6.94,0.055,52.4,1.22,55.0,0.06,1,2.8,0.032,,0.45,0.05,0.96,0.45,0.37,0.59,-1.22,0.78,0.91,0.64,0.67,0.09,-0.19,-1.22,2026-02-17,3.1638418079096065,2.244248727847542,2.674656919596985,1.0580380071905537,1.0293007234386309,1.604687385395298,0.7704160246533087,3.8338104726100997,1.785622012747845
31,DGX,XLV,43.8,Weak,28.7,66.8,48.1,2026-02-17,203.88,8.48,7.42,0.029,47.5,0.86,45.0,0.13,6,2.6,0.599,6 distribution days in 20,1.49,-0.78,-1.67,0.34,3.0,3.0,1.61,1.62,-1.5,-0.42,0.0,1.25,0.67,1.61,2026-02-17,2.0830262834684365,1.5932093203336217,1.593841395155815,1.527880127732728,1.7212289289701532,2.0745295059374724,-2.0879390813068,0.3804806144910744,-1.0727330932122636
32,CIEN,XLK,43.2,Weak,29.7,62.9,47.4,2026-02-17,302.39,24.23,28.44,0.084,57.3,1.11,60.0,0.72,7,1.64,0.513,7 distribution days in 20,3.0,-0.2,-0.03,2.02,3.0,-0.2,1.4,0.94,0.81,-0.18,0.0,2.09,-1.26,1.4,2026-02-17,13.200317124735728,13.014003975326926,12.711132236423106,9.999339323467215,11.81947547538411,10.54598870167196,11.452827695560241,11.639140844969065,12.468033683654777
33,ACMR,SMH,37.8,None,30.0,47.6,73.7,2026-02-17,65.16,21.5,19.74,0.047,52.0,1.02,60.0,0.58,3,1.3,0.202,,1.3,-0.83,0.4,2.02,0.4,0.31,-0.79,-0.01,-0.3,0.19,0.0,1.4,-0.23,-0.79,2026-02-17,5.412972468502075,3.5317747239949737,4.923787580189454,-19.76979312490279,-14.818888983351163,-19.223143746698046,-25.276092704930786,-21.863687493964424,-24.26088671683625
34,NESR,OIH,29.2,None,42.8,19.9,93.0,2026-02-17,24.17,33.09,18.01,0.018,57.3,0.6,55.0,0.5,5,3.06,-0.447,5 distribution days in 20; extended >3 ATR above 20d avg,-0.32,-0.2,-2.05,-0.34,-1.82,0.19,-0.15,-0.49,1.06,-1.03,0.0,1.45,1.19,-0.15,2026-02-17,6.510311362717336,1.8062122630296384,6.021126474404714,-5.458956732713305,-5.9594206091523105,-4.9123073545085605,-15.285078851597255,-15.174009845076863,-14.26987286350272
35,PARR,XLE,28.3,None,68.8,11.6,97.9,2026-02-17,43.04,16.8,4.1,0.015,50.8,1.03,55.0,0.57,0,2.2,-0.764,,0.29,-3.0,1.4,0.0,-0.51,2.63,-3.0,0.11,1.47,0.54,0.0,3.0,2.67,-3.0,2026-02-17,-5.999542019693161,-7.141009085561423,-6.488726908005782,4.71719716052208,0.9933947653125053,5.263846538726824,10.029768719945032,7.990098061262386,11.044974708039568
36,SNDK,XLK,24.5,None,12.7,47.2,47.4,2026-02-17,590.36,42.73,46.93,0.019,51.8,0.84,45.0,-1.05,4,0.42,0.194,4 distribution days in 20,2.89,-0.97,-0.72,2.02,-0.49,-1.12,-2.47,0.09,0.05,-0.86,0.0,-1.96,-2.18,-2.47,2026-02-17,9.6379336984326,9.451620549023797,9.148748810119978,-2.9133547357036216,-1.0932185837867259,-2.3667053574988772,6.200964823430444,6.387277972839267,7.2161708115249805
37,PR,XOP,22.4,None,96.2,5.2,99.5,2026-02-17,16.6,18.07,6.47,0.039,53.5,0.8,65.0,0.41,3,1.71,-1.2,,0.95,-1.98,1.63,-0.34,-2.47,-2.03,-0.74,2.83,2.61,-1.34,2.02,3.0,1.0,-0.74,2026-02-17,2.0539906103286487,0.10701463684066326,1.5648057220160272,5.340375586854451,-3.0205744269538695,5.8870249650591955,7.335680751173701,-1.0528859431096613,8.350886739268237
38,EOG,XOP,21.6,None,89.8,5.2,99.5,2026-02-17,118.02,13.77,2.17,0.046,55.7,1.21,60.0,0.38,5,2.18,-1.201,5 distribution days in 20,0.46,-1.21,3.0,0.67,-1.27,-1.45,1.44,2.34,3.0,1.96,3.0,3.0,1.57,1.44,2026-02-17,1.744137528164913,-0.2028384453230725,1.2549526398522914,5.265793207043323,-3.0951568067649973,5.812442585248068,5.132270716848875,-3.2562959774344877,6.147476704943411
39,AMRX,XPH,21.1,None,65.7,6.8,98.5,2026-02-17,15.19,13.36,10.33,0.015,51.3,0.47,50.0,-0.07,2,1.9,-1.057,,-0.95,-3.0,-0.11,-2.02,1.59,0.3,-2.49,0.69,0.37,-3.0,0.0,-0.69,0.78,-2.49,2026-02-17,-3.1043593130779423,-4.20518056067537,-3.593544201390564,-12.02113606340819,-9.085612736481753,-11.474486685203445,-11.756935270805824,-8.751518531333524,-10.741729282711288
40,ROST,XRT,20.7,None,16.8,25.4,84.7,2026-02-17,197.03,3.05,6.4,0.007,47.2,1.23,45.0,0.03,3,2.14,-0.29,,2.78,-2.09,3.0,2.02,0.6,-0.67,-1.17,1.0,-0.31,3.0,0.0,-0.04,0.33,-1.17,2026-02-17,1.450381679389312,1.1961933489444743,0.9611967910766905,-0.04071246819339347,1.7039437998597418,0.5059369100113509,7.679389312977092,12.855588042035448,8.694595301071628
41,AME,XLI,19.3,None,23.1,16.1,89.1,2026-02-17,232.33,8.23,3.33,-0.007,51.5,1.07,55.0,-0.15,4,1.19,-0.575,4 distribution days in 20,0.04,-0.48,1.51,1.8,-1.26,-0.51,-0.15,0.36,0.38,1.19,2.02,-1.54,-1.29,-0.15,2026-02-17,1.4762212179901146,0.5566281379280502,0.9870363296774931,0.8005164622337135,0.7717791784817907,1.3471658404384579,-3.0514310307725445,0.011963417184246428,-2.036225042678008
42,CTVA,XLB,18.8,None,75.3,4.7,98.3,2026-02-17,75.05,8.5,0.22,0.038,56.0,,55.0,-0.12,2,1.32,-1.252,,-0.98,-2.39,,-1.35,-1.64,0.09,0.29,1.21,2.35,,0.0,-0.75,-0.09,0.29,2026-02-17,2.6378579003181413,1.9499159931902987,2.1486730120055197,4.175503711558859,6.162891443261509,4.722153089763603,0.7158006362672387,6.601525841694333,1.731006624361775
43,TSM,SMH,17.4,None,12.8,23.7,73.7,2026-02-17,361.91,6.35,4.6,-0.065,51.0,1.09,40.0,-0.01,5,1.48,-0.334,5 distribution days in 20,-0.19,-1.21,-0.77,1.35,-0.65,0.21,2.06,-1.5,-0.69,-0.99,-0.67,0.35,-0.34,2.06,2026-02-17,6.07233713084836,4.191139386341258,5.583152242535738,-2.8757880765401977,2.075116065011429,-2.3291386983354534,-4.64550381594957,-1.2330986049832071,-3.6302978278550335
44,INSW,XLE,15.6,None,38.8,6.3,97.9,2026-02-17,56.2,14.27,1.57,0.03,52.1,1.05,50.0,0.26,3,2.28,-1.098,,0.93,-3.0,1.24,0.67,-3.0,0.57,-2.47,0.75,-0.2,0.38,0.67,1.08,0.61,-2.47,2026-02-17,7.18562874251496,6.044161676646698,6.696443854202339,16.185276505811895,12.461474110602321,16.73192588401664,12.750968650933414,10.711297992250767,13.76617463902795
45,SITM,SMH,10.5,None,7.5,14.7,73.7,2026-02-17,413.83,11.2,9.44,-0.061,46.8,0.86,40.0,-0.69,7,0.91,-0.629,7 distribution days in 20,0.89,-0.9,-0.1,2.02,-1.79,-0.33,0.5,-0.42,-0.37,-0.31,0.0,-0.79,-0.87,0.5,2026-02-17,-2.400192980340121,-4.281390724847222,-2.8893778686527427,-1.9828729948136559,2.968031146737971,-1.4362236166089115,-14.135809914364984,-10.723404703398622,-13.120603926270448
46,CHRD,XOP,9.1,None,74.5,1.1,99.5,2026-02-17,96.69,7.71,-3.89,0.046,56.9,1.0,75.0,0.2,1,0.19,-1.99,,-1.38,-3.0,2.35,-1.35,-3.0,-1.92,0.37,0.51,0.84,-0.61,1.01,1.14,1.11,0.37,2026-02-17,3.8254145894800917,1.8784386159921063,3.33622970116747,11.1811984942517,2.8202484804433787,11.727847872456444,17.75358632617763,9.365019631894267,18.768792314272165
47,COP,XOP,9.1,None,82.2,1.0,99.5,2026-02-17,106.49,10.86,-0.74,0.004,53.8,1.04,50.0,0.2,2,1.5,-2.024,,-0.35,-2.06,3.0,-2.36,-2.9,-3.0,-1.0,1.53,2.52,0.17,0.0,2.77,-0.25,-1.0,2026-02-17,0.6365900913368305,-1.310385882151155,0.147405203024209,7.842051849801646,-0.518898164006675,8.38870122800639,3.856444321431862,-4.5321223728515,4.871650309526398
48,PH,XLI,9.0,None,11.0,7.3,89.1,2026-02-17,1005.89,7.19,2.29,-0.042,48.4,1.09,50.0,-0.06,5,2.14,-1.022,5 distribution days in 20,-1.23,-1.15,0.27,-0.22,-0.04,-0.24,0.51,-0.9,-0.29,-0.05,0.0,-0.32,-1.02,0.51,2026-02-17,1.0677781085640659,0.14818502850200144,0.5785932202514443,-2.307234295921401,-2.335971579673324,-1.7605849177166566,-6.0891138235586,-3.0257193756018093,-5.073907835464064
49,DOCN,IGV,8.4,None,11.9,6.0,93.3,2026-02-17,67.65,28.17,45.92,-0.041,53.3,0.82,55.0,0.62,8,1.83,-1.126,8 distribution days in 20,0.47,-1.73,0.8,1.35,0.88,-1.89,1.26,-1.08,1.05,0.29,0.0,1.53,-0.34,1.26,2026-02-17,-7.400295420974901,-4.163729639628389,-7.8894803092875225,-18.138847858197938,-21.943665646956433,-17.592198479993193,-8.389955686853767,-14.196008806063155,-7.374749698759231
50,ECL,XLB,7.4,None,39.2,1.4,98.3,2026-02-17,301.53,9.7,1.42,0.061,55.0,1.06,60.0,0.07,6,2.51,-1.87,6 distribution days in 20,-0.79,-2.99,1.65,-0.67,-0.64,-0.83,0.71,1.4,1.76,0.55,0.67,0.25,-1.01,0.71,2026-02-17,1.4974433893352845,0.809501482207442,1.008258501022663,-1.6966598047679193,0.2907279269347307,-1.150010426563175,-7.284680257653231,-1.3989550522261363,-6.269474269558694
51,AVNT,XLB,6.8,None,35.7,1.3,98.3,2026-02-17,42.12,20.79,12.51,-0.0,52.0,0.87,55.0,-0.06,4,3.17,-1.919,4 distribution days in 20; extended >3 ATR above 20d avg,-1.86,-3.0,0.31,-1.35,-1.05,-2.21,-0.31,0.34,1.62,-0.78,0.0,-0.16,-2.38,-0.31,2026-02-17,-1.7568850902184074,-2.44482699734625,-2.246069978531029,-7.003798670465322,-5.016410938762672,-6.457149292260578,-16.54795821462488,-10.662233009197786,-15.532752226530345
52,PAA,XLE,6.6,None,22.6,1.9,97.9,2026-02-17,19.71,7.53,-5.17,-0.033,53.7,1.36,25.0,0.17,3,2.43,-1.723,,0.59,-3.0,3.0,-2.7,-1.22,0.18,-1.11,0.41,1.56,3.0,-2.7,3.0,0.22,-1.11,2026-02-17,0.15166835187057082,-0.9897987139976916,-0.3375165364420507,4.347826086956519,0.6240236917469444,4.894475465161263,2.831142568250744,0.7914719095680978,3.8463485563452804
53,LECO,XLI,5.2,None,6.4,4.2,89.1,2026-02-17,285.4,8.93,4.03,-0.038,51.0,0.74,35.0,-0.16,7,1.09,-1.318,7 distribution days in 20,-1.5,0.18,-0.69,-2.25,-1.74,-0.82,2.99,-1.17,1.03,-1.01,-2.02,-2.01,-1.6,2.99,2026-02-17,-1.1735121542330362,-2.0931052342951006,-1.6626970425456578,-2.7172394523609866,-2.7459767361129095,-2.1705900741562423,-7.704666107851354,-4.641271659894564,-6.689460119756818
1,FIVE,XRT,97.8,Strong,98.6,97.0,83.5,2026-02-24,221.36,17.45,19.03,0.058,59.0,0.76,70.0,0.53,1,2.07,1.982,,3.0,3.0,-0.81,3.0,3.0,0.33,-3.0,3.0,3.0,-2.16,3.0,3.0,1.96,-3.0,2026-02-24,-0.006769258540550993,1.8059544454197218,1.4301256466156098,-0.23466762940566044,5.007221297969943,1.6665896536363523,-3.5425786362200395,4.320254754843356,-0.7228184107560542
2,DGX,XLV,95.8,Strong,94.1,97.5,42.9,2026-02-24,207.79,14.75,14.9,0.092,55.5,0.74,60.0,0.15,3,2.34,2.084,,3.0,2.98,-2.81,2.36,1.31,0.33,0.08,3.0,1.76,-1.9,2.02,1.26,0.46,0.08,2026-02-24,-0.5342445973913534,0.15832946955746108,0.9026503077648074,-4.076623189103334,-1.1203579588865975,-2.1753659060613217,-5.198055542186076,0.015488128456475181,-2.3782953167220904
3,LITE,XLK,94.6,Strong,91.2,98.2,40.8,2026-02-24,688.3,107.04,111.0,0.035,65.4,,60.0,0.78,0,2.99,2.262,,2.53,3.0,,3.0,2.51,1.28,-1.6,0.11,3.0,,2.02,0.94,2.31,-1.6,2026-02-24,-2.701377310111963,0.02492726922775912,-1.2644824049558023,-5.841308094324027,-4.733746858967258,-3.9400508112820147,-8.963024197503188,-7.6708694229203,-6.143263972039202
4,FTI,OIH,94.5,Strong,94.1,94.9,86.9,2026-02-24,65.26,19.72,3.63,0.089,59.8,1.04,80.0,0.78,4,2.56,1.714,4 distribution days in 20,1.73,3.0,0.05,3.0,3.0,1.41,2.24,1.52,3.0,1.15,3.0,3.0,2.81,2.24,2026-02-24,0.4872107186357999,5.26845220723362,1.9241056237919607,-1.385505481120597,3.9751303670483624,0.5157518019214158,-0.6699147381242554,3.7968691279712807,2.14984548733973
5,KEYS,XLK,94.2,Strong,91.1,97.5,40.8,2026-02-24,301.67,40.7,44.66,0.041,58.9,0.71,60.0,0.12,2,5.64,2.089,extended >3 ATR above 20d avg,3.0,2.83,-0.82,2.83,3.0,-0.63,1.24,1.46,3.0,-0.45,0.81,1.63,0.4,1.24,2026-02-24,0.3515987793551778,3.0779033586949,1.7884936845113386,-5.293883508027076,-4.186322272670306,-3.392626224985063,-4.743266551678394,-3.451111777095506,-1.9235063262144085
6,MPC,XLE,93.1,Strong,98.7,87.8,95.9,2026-02-24,194.02,13.76,1.72,0.04,57.5,0.82,65.0,0.02,1,0.49,1.238,,3.0,-1.13,-1.07,2.7,1.02,2.17,-0.87,3.0,3.0,-1.94,3.0,1.86,2.38,-0.87,2026-02-24,8.165571076417422,5.95277373177423,9.602465981573582,9.824363188167617,9.271163852006813,11.725620471209629,19.088948233360714,13.298795181544376,21.908708458824698
7,GEV,XLI,91.1,Strong,96.6,86.0,87.5,2026-02-24,878.47,32.05,24.37,0.068,57.0,0.78,70.0,0.11,1,2.51,1.158,,0.73,1.52,-1.89,2.02,1.28,0.94,-2.43,2.12,3.0,-2.28,3.0,0.39,1.44,-2.43,2026-02-24,-5.117422235250347,-3.9195794875920957,-3.680527330094186,-5.516533817378278,-1.2644759121838387,-3.615276534336265,-4.9020823703169185,1.3369184812300645,-2.082322144852933
8,CTAS,XLI,88.2,Strong,93.3,83.3,87.5,2026-02-24,197.5,2.63,-5.04,0.078,51.1,1.01,65.0,-0.0,1,1.01,1.055,,3.0,0.71,1.36,2.02,1.12,1.42,-0.84,3.0,2.37,0.97,3.0,0.22,1.92,-0.84,2026-02-24,1.5807072651737863,2.7785500128320373,3.017602170329947,-1.1095349072854366,3.1425229979090026,0.7917223757565761,-2.82703414733001,3.4119667042169732,-0.007273921866024491
9,GLW,XLK,88.1,Strong,82.2,94.4,40.8,2026-02-24,150.83,59.68,63.64,0.052,61.1,0.95,60.0,0.01,5,3.69,1.66,5 distribution days in 20; extended >3 ATR above 20d avg,3.0,3.0,-1.14,3.0,1.8,-1.17,2.68,1.14,3.0,-0.77,2.02,0.24,-0.15,2.68,2026-02-24,-3.9720389364342967,-1.2457343570945745,-2.535144031278136,-11.288952766708038,-10.181391531351268,-9.387695483666025,-15.437381590122168,-14.145226815539282,-12.617621364658183
10,TER,SMH,82.9,Strong,86.6,79.4,78.4,2026-02-24,328.86,42.07,36.97,0.061,57.2,1.03,70.0,0.01,3,2.09,0.925,,2.41,1.84,0.51,3.0,-1.08,-0.4,-0.18,1.94,2.62,0.61,3.0,-0.29,0.85,-0.18,2026-02-24,-8.607419878540078,-0.7659229833250949,-7.170524973383918,-9.608562323372006,-3.2587761823782317,-7.707305040329993,-10.056520954843363,-3.565340429563225,-7.236760729379377
11,CGNX,XLK,79.8,Strong,71.6,88.9,40.8,2026-02-24,57.63,47.05,51.02,-0.003,49.9,0.57,50.0,0.14,5,3.35,1.292,5 distribution days in 20; extended >3 ATR above 20d avg,3.0,-0.18,-2.28,2.7,2.38,-0.52,3.0,0.83,1.18,-1.92,0.67,0.81,0.5,3.0,2026-02-24,-7.70160594025211,-4.975301360912388,-6.264711035095949,-12.899326541184596,-11.791765305827827,-10.998069258142584,-13.67639440511137,-12.384239630528484,-10.856634179647385
12,ACMR,SMH,79.4,Strong,83.7,75.4,78.4,2026-02-24,67.77,32.52,27.42,0.099,55.0,1.13,70.0,0.33,3,1.22,0.81,,3.0,0.95,0.26,2.02,-0.11,-0.44,-0.91,3.0,1.72,0.36,1.35,0.68,0.81,-0.91,2026-02-24,-24.447048483960742,-16.605551588745758,-23.01015357880458,-29.632342170792437,-23.282556029798663,-27.731084887750423,-30.577120257799905,-24.08593973251977,-27.75736003233592
13,CAT,XLI,77.7,Strong,87.7,68.9,87.5,2026-02-24,765.59,20.83,13.15,0.078,59.7,0.95,70.0,-0.09,3,1.67,0.648,,0.15,2.64,-0.08,0.22,-0.1,-0.08,3.0,1.54,3.0,-0.47,1.57,-0.99,0.41,3.0,2026-02-24,-6.465696465696469,-5.267853718038218,-5.028801560540309,-7.195945945945947,-2.9438880407515082,-5.294688662903935,-9.0410602910603,-2.8020594395133163,-6.2213000655963135
14,KO,XLP,76.4,Strong,92.4,63.2,90.4,2026-02-24,79.18,11.21,2.81,0.082,54.0,0.87,70.0,0.09,2,2.27,0.52,,1.43,-0.63,-1.06,1.69,-0.02,-0.46,-0.3,3.0,1.2,-0.74,3.0,0.13,0.65,-0.3,2026-02-24,-1.305946494231014,0.4624505394255851,0.13094841092514686,-3.093698491188024,0.9336831403008561,-1.1924412081460112,-2.840116647648039,2.373802348358811,-0.020356422184053535
15,PR,XOP,75.0,Strong,97.4,57.8,98.6,2026-02-24,17.39,20.68,9.7,0.049,60.3,0.88,70.0,0.37,3,1.79,0.408,,1.83,0.48,1.12,1.69,-0.07,0.44,-0.35,2.77,3.0,-0.54,2.7,2.72,2.55,-0.35,2026-02-24,3.2796317606444303,-2.817846776501498,4.7165266658005915,5.235903337169168,-0.8886150161060202,7.13716062021118,10.644418872266993,-2.848449376228899,13.464179097730979
16,ATI,XLI,73.9,Strong,92.3,59.1,87.5,2026-02-24,161.05,30.52,22.84,0.056,58.1,,55.0,0.62,3,4.64,0.435,extended >3 ATR above 20d avg,-0.16,0.43,,-0.67,3.0,0.79,2.14,1.23,2.09,,0.67,3.0,1.28,2.14,2026-02-24,-2.857142857142847,-1.659300109484596,-1.4202479519866862,-1.595547309833012,2.656510595361427,0.30570997320900073,-7.897340754483606,-1.658339902936623,-5.07758052901962
17,FORM,SMH,73.5,Strong,76.7,70.5,78.4,2026-02-24,100.54,35.94,30.84,0.019,55.0,0.73,60.0,-0.01,3,2.21,0.686,,1.0,1.07,-0.87,2.02,-0.5,0.96,-1.31,0.52,1.84,-0.76,1.35,0.29,2.2,-1.31,2026-02-24,-9.213747184960342,-1.3722502897453586,-7.7768522798041815,-10.897875257025358,-4.548089116031584,-8.996617973983346,-7.255458729070785,-0.7642782037906475,-4.435698503606799
18,ADI,SMH,71.9,Strong,76.3,67.8,78.4,2026-02-24,352.95,17.15,12.05,0.022,55.0,1.07,60.0,0.07,4,2.43,0.622,4 distribution days in 20,2.13,0.35,0.65,3.0,-0.59,-0.21,2.53,1.66,1.12,0.75,2.7,0.2,1.04,2.53,2026-02-24,-5.799005086356268,2.042491808858715,-4.362110181200107,-11.385612877983341,-5.035826736989567,-9.484355594941329,-12.883572746073435,-6.3923922207932975,-10.06381252060945
19,MRK,XLV,71.7,Strong,62.3,82.6,42.9,2026-02-24,121.44,15.43,15.58,0.018,53.4,,55.0,0.08,1,2.11,1.029,,1.57,1.48,,2.36,0.46,-0.08,-2.61,0.87,0.26,,2.02,0.41,0.06,-2.61,2026-02-24,-3.382716049382717,-2.6901419824339023,-1.945821144226556,-5.588477366255152,-2.6322121360384148,-3.687220083213139,-5.868312757201643,-0.6547690865590923,-3.048552531737658
20,MNST,XLP,68.5,Moderate,92.9,50.5,90.4,2026-02-24,42.76,5.37,-3.03,0.109,56.9,0.98,70.0,0.1,2,2.29,0.259,,-0.14,0.27,0.09,1.01,0.55,0.02,0.65,2.6,2.11,0.41,2.7,0.7,1.13,0.65,2026-02-24,-7.060484819957635,-5.292087786301035,-5.6235899148014745,-9.743469051541542,-5.716087420052662,-7.84221176849953,-8.707931277947756,-3.494012281940906,-5.88817105248377
21,CVX,SPY,63.0,Moderate,50.3,78.9,,2026-02-24,182.08,11.77,12.55,-0.02,53.4,0.84,50.0,0.01,1,1.95,0.909,,3.0,0.38,-0.83,1.35,1.27,-1.92,-1.02,-0.34,1.23,-1.02,0.0,0.33,-0.67,-1.02,2026-02-24,1.566608238387368,3.003503143543529,3.003503143543529,0.2410166520596002,2.142273935101613,2.142273935101613,6.523882559158634,9.343642784622618,9.343642784622618
22,CIEN,XLK,57.3,Moderate,47.2,69.6,40.8,2026-02-24,342.68,47.59,51.56,0.073,60.6,1.15,60.0,1.07,5,2.39,0.665,5 distribution days in 20,2.82,0.13,-0.35,1.8,3.0,-1.04,-0.38,0.39,1.49,0.02,-0.22,3.0,-0.01,-0.38,2026-02-24,-3.757334026994996,-1.031029447655274,-2.3204391218388354,-2.485620971704394,-1.3780597363476255,-0.5843636886623815,6.953958206884603,8.24611298146749,9.773718432348588
23,FLS,XLI,57.2,Moderate,79.5,41.2,87.5,2026-02-24,89.74,16.48,8.81,0.037,57.9,0.83,60.0,-0.1,2,2.12,0.072,,-0.66,1.05,0.42,0.0,0.35,-0.44,1.12,0.72,2.71,0.03,1.35,-0.54,0.06,1.12,2026-02-24,-8.150122140795023,-6.952279393136772,-6.713227235638863,-13.357761492338438,-9.105703587144,-11.456504209296426,-17.310681767710424,-11.07168091616344,-14.490921542246438
24,ENTG,SMH,57.0,Moderate,61.0,53.3,78.4,2026-02-24,136.02,17.96,12.86,0.031,56.1,1.22,60.0,0.23,3,1.44,0.316,,0.81,0.33,1.2,2.7,0.08,0.68,-0.72,0.33,1.11,1.3,2.02,0.87,1.93,-0.72,2026-02-24,-7.72651067862089,0.11498621659409292,-6.28961577346473,-14.869888475836424,-8.520102334842651,-12.968631192794412,-15.474888840294486,-8.983708315014349,-12.6551286148305
25,PARR,XLE,56.4,Moderate,88.9,35.8,95.9,2026-02-24,41.05,17.89,5.85,0.065,57.2,1.38,70.0,0.33,2,0.3,-0.042,,2.41,-2.36,2.99,1.35,1.47,2.72,-3.0,1.27,3.0,2.11,2.7,2.31,2.93,-3.0,2026-02-24,24.587930799618583,22.37513345497539,26.024825704774745,30.90859555918812,30.35539622302732,32.809852842230136,44.23103119466012,38.44087814284378,47.050791420124106
26,ROST,XRT,54.4,Weak,59.1,50.0,83.5,2026-02-24,199.35,6.92,8.5,0.042,52.3,1.08,55.0,0.24,2,1.89,0.25,,3.0,-2.76,3.0,3.0,3.0,0.17,-1.09,1.58,0.36,3.0,0.67,3.0,1.81,-1.09,2026-02-24,-1.162381120112721,0.6503425838475518,0.2745137850434398,6.471091430584219,11.712980357959824,8.372348713626232,4.855834549388627,12.718667940452022,7.6755947748526125
27,TKR,XLI,53.5,Weak,76.7,37.3,87.5,2026-02-24,108.9,16.88,9.21,0.039,56.9,0.66,70.0,-0.05,3,1.96,-0.009,,-0.62,-0.12,-1.72,-0.13,0.55,0.11,-0.66,0.77,1.54,-2.11,1.21,-0.34,0.6,-0.66,2026-02-24,-3.3129506251711183,-2.1151078775128673,-1.8760557200149575,-7.310395181162721,-3.058337275968282,-5.409137898120708,-10.577712877612477,-4.338712026065494,-7.757952652148491
28,TSM,SMH,48.8,Weak,53.4,44.6,78.4,2026-02-24,383.6,15.99,10.88,-0.011,55.2,0.87,50.0,-0.06,3,2.49,0.142,,0.24,-0.42,-3.0,0.67,-0.74,-1.13,-1.18,-0.24,0.35,-3.0,0.0,0.05,0.12,-1.18,2026-02-24,-9.434546063997107,-1.593049168782124,-7.997651158840947,-11.084753629167421,-4.734967488173647,-9.183496346125409,-11.151793311502466,-4.6606127862223286,-8.33203308603848
29,INSW,XLE,48.7,Weak,74.3,31.9,95.9,2026-02-24,60.86,22.23,10.19,0.036,54.6,0.9,50.0,0.44,1,3.79,-0.129,extended >3 ATR above 20d avg,2.18,-3.0,0.91,-0.67,1.57,1.45,-0.35,1.04,0.33,0.04,0.67,2.41,1.67,-0.35,2026-02-24,8.02357949893564,5.810782154292448,9.4604744040918,4.830522351400024,4.2773230152392205,6.731779634442036,-3.2258064516129004,-9.015959503429238,-0.40604622614891506
30,TTC,XLI,47.3,Weak,74.2,30.2,87.5,2026-02-24,100.43,13.48,5.8,0.102,52.8,,65.0,0.13,2,2.1,-0.168,,-0.34,-0.83,,0.0,1.18,0.47,-1.11,1.05,0.83,,1.35,0.29,0.96,-1.11,2026-02-24,-2.284465633690913,-1.086622886032662,-0.8475707285347522,-2.5625744934445915,1.6894834117498476,-0.6613172104025788,-6.555423122765203,-0.31642227121821964,-3.7356628973012174
31,BWA,XLY,46.8,Weak,49.5,44.3,77.6,2026-02-24,58.38,23.22,27.76,0.01,53.9,0.69,55.0,-0.11,6,1.17,0.135,6 distribution days in 20,1.52,-0.2,-3.0,1.35,-1.23,-2.84,3.0,0.01,0.8,-3.0,0.67,-0.6,-0.51,3.0,2026-02-24,-8.024585965511355,-5.771016380099347,-6.587691060355194,-10.227078709236814,-8.06812464076958,-8.325821426194802,-11.13197882875192,-7.8806456101040645,-8.312218603287935
32,AMAT,SMH,42.4,Weak,46.5,38.7,78.4,2026-02-24,377.05,18.43,13.33,-0.019,56.4,1.21,55.0,-0.05,2,2.12,0.021,,-0.06,1.18,1.54,1.35,-1.32,-0.03,-0.2,-0.53,1.95,1.64,0.67,-0.54,1.22,-0.2,2026-02-24,-8.778735258129188,-0.9372383629142051,-7.341840352973028,-10.163755174299038,-3.8139690333052636,-8.262497891257025,-8.497565801463114,-2.006385276182977,-5.677805575999129
33,PSX,XLE,42.2,Weak,64.9,27.4,95.9,2026-02-24,152.46,10.86,-1.18,-0.023,49.5,0.72,45.0,0.05,2,0.61,-0.236,,1.46,-3.0,-1.03,-0.67,-0.23,0.71,-0.63,0.33,-0.23,-1.91,0.67,0.62,0.92,-0.63,2026-02-24,3.1037637219027747,0.8909663772595833,4.540658627058935,4.874542603240983,4.32134326708018,6.7757998862829965,11.480658651333009,5.690505599516671,14.300418876796995
34,BIIB,XLV,31.7,None,21.4,47.0,42.9,2026-02-24,195.13,12.71,12.87,0.018,54.8,0.94,55.0,-0.11,4,1.08,0.19,4 distribution days in 20,0.71,1.8,-1.13,0.0,-1.08,-0.22,-1.36,0.01,0.58,-0.21,-0.34,-1.13,-0.08,-1.36,2026-02-24,-5.340879855930025,-4.64830578898121,-3.903984950773864,-2.9997427321841963,-0.043477501967459364,-1.0984854491421836,-4.692564960123491,0.52097871051906,-1.8728047346595056
35,PH,XLI,30.6,None,53.8,17.4,87.5,2026-02-24,1018.46,9.77,2.09,-0.006,53.6,1.13,55.0,0.06,3,1.97,-0.528,,-1.56,-0.57,0.56,-0.67,1.69,0.7,0.17,-0.17,1.08,0.17,0.67,0.8,1.19,0.17,2026-02-24,-3.7758533057043464,-2.5780105580460955,-2.3389584005481856,-7.500879696602414,-3.248821791407975,-5.599622413560402,-13.079133596590697,-6.840132745043714,-10.259373371126712
36,EOG,XOP,29.4,None,84.0,10.3,98.6,2026-02-24,121.92,15.02,4.04,0.022,54.8,1.19,50.0,0.32,3,2.33,-0.833,,0.29,-1.71,3.0,0.34,0.59,-1.36,2.31,1.23,2.99,2.28,1.35,3.0,0.74,2.31,2026-02-24,2.245278430736808,-3.8522001064091205,3.6821733358929687,2.1155872578422663,-4.008931095432922,4.016844540884279,8.438031936451317,-5.054836312044575,11.257792161915303
37,NESR,OIH,28.7,None,41.5,19.8,86.9,2026-02-24,26.34,30.01,13.92,-0.002,57.8,0.63,50.0,0.58,4,3.75,-0.451,4 distribution days in 20; extended >3 ATR above 20d avg,-0.69,-0.25,-1.72,-1.8,-0.65,0.63,0.4,-0.91,0.7,-0.63,-0.67,1.75,2.02,0.4,2026-02-24,-12.401648557512178,-7.620407068914358,-10.964753652356018,-21.506182090670666,-16.14554624250171,-19.604924807628652,-22.18059198201574,-17.713808115920205,-19.360831756551757
38,ARMK,XLI,27.7,None,50.0,15.3,87.5,2026-02-24,40.83,6.08,-1.6,0.032,49.8,0.83,55.0,0.19,6,1.16,-0.604,6 distribution days in 20,-0.77,-1.19,-1.49,-1.01,2.31,0.43,0.3,0.62,0.47,-1.88,0.34,1.41,0.92,0.3,2026-02-24,-0.9495982468955444,0.24824450076270654,0.4872966582606164,-3.0435841246652107,1.2084737805292285,-1.142326841623198,-0.876552227903582,5.362448623643401,1.9432079975604033
39,CTVA,XLB,24.7,None,71.0,8.6,93.8,2026-02-24,77.43,7.3,0.62,0.057,53.4,,60.0,0.06,3,1.89,-0.931,,-0.57,-2.28,,-0.0,-0.39,0.22,-0.63,1.37,1.33,,0.67,0.51,0.29,-0.63,2026-02-24,1.4195380049038642,4.737162887090474,2.856432910060025,-1.9486385340043766,5.214415188898536,-0.0473812509623639,2.890695573622404,10.713504244687433,5.71045579908639
40,MTSI,SMH,22.8,None,25.8,20.2,78.4,2026-02-24,248.14,13.34,8.23,-0.028,50.5,1.02,50.0,0.08,2,1.16,-0.437,,-0.03,-1.21,1.15,2.02,-0.44,-2.21,-0.1,-0.51,-0.44,1.25,1.35,0.34,-0.96,-0.1,2026-02-24,-3.446343513589245,4.395153381625738,-2.0094486084330843,-11.655926029700192,-5.306139888706418,-9.75466874665818,-11.411759996797832,-4.920579471517694,-8.591999771333846
41,AIR,ITA,22.7,None,48.2,10.7,86.7,2026-02-24,118.26,13.47,9.27,0.008,48.0,1.18,55.0,0.06,3,1.79,-0.813,,-1.01,-1.67,1.0,0.0,0.56,0.37,-0.57,1.38,0.5,1.23,0.67,0.43,0.66,-0.57,2026-02-24,-1.8149735316360105,-1.8313475133790225,-0.3780786264798497,-9.007646416267534,-6.846280826190165,-7.106389133225521,-8.545500378119486,-3.68242780044541,-5.725740152655501
42,CHRD,XOP,22.5,None,77.8,6.5,98.6,2026-02-24,102.05,9.48,-1.5,0.03,58.1,0.88,65.0,0.27,1,1.0,-1.081,,-0.85,-3.0,-0.16,-1.01,-1.47,-0.26,0.37,0.09,0.98,-1.82,0.0,1.32,1.84,0.37,2026-02-24,6.00446212047725,-0.09301641666867866,7.44135702563341,12.270831312445418,6.14631295917023,14.17208859548743,21.059268600252203,7.566400351756311,23.879028825716187
43,AER,XLI,19.4,None,36.7,10.3,87.5,2026-02-24,147.72,3.35,-4.33,0.06,54.8,1.26,70.0,0.11,5,0.52,-0.83,5 distribution days in 20,-0.11,-0.74,3.0,0.67,2.37,0.08,-0.89,1.28,0.92,2.89,2.02,1.47,0.57,-0.89,2026-02-24,-1.3148085394781406,-0.11696579181988964,0.12208636567802023,-5.001694340901408,-0.7496364357069689,-3.1004370578593954,-7.13656387665198,-0.8975630251049971,-4.316803651187994
44,AME,XLI,18.0,None,35.7,9.1,87.5,2026-02-24,235.78,7.75,0.07,0.013,51.2,1.09,60.0,-0.02,2,1.33,-0.899,,-0.79,-1.66,2.02,0.0,0.35,-0.03,-1.4,0.6,-0.0,1.63,1.35,-0.54,0.47,-1.4,2026-02-24,-0.3827995406405549,0.8150432070176961,1.054095364515606,-4.189528305899371,0.0625295992950683,-2.288271022857358,-8.557696397430991,-2.318695545884008,-5.7379361719670054
45,GTES,XLI,17.7,None,35.1,8.9,87.5,2026-02-24,28.05,22.7,15.03,-0.029,49.8,0.66,45.0,-0.21,3,2.08,-0.912,,-0.87,-0.8,-0.23,-0.67,-0.49,-2.79,-0.17,0.52,0.85,-0.62,0.67,-1.39,-2.3,-0.17,2026-02-24,-6.422995031937539,-5.225152284279288,-4.986100126781379,-13.875088715400995,-9.623030810206556,-11.973831432358983,-17.49467707594038,-11.255676224393397,-14.674916850476395
46,ECL,XLB,14.2,None,42.2,4.8,93.8,2026-02-24,305.69,8.64,1.95,0.049,54.0,1.08,55.0,0.11,5,2.28,-1.241,5 distribution days in 20,-0.8,-2.58,0.66,-0.67,-0.4,1.01,0.95,1.15,1.03,0.8,0.0,0.5,1.07,0.95,2026-02-24,-3.3019792279051607,0.015645654281448707,-1.865084322749,-8.798745835782873,-1.6356921128799602,-6.89748855274086,-11.440982428636758,-3.6181737575717285,-8.621222203172772
47,PAA,XLE,9.8,None,26.2,3.7,95.9,2026-02-24,19.81,8.67,-3.38,-0.016,56.2,1.44,25.0,0.1,2,1.61,-1.377,,1.67,-3.0,3.0,-2.7,0.99,-1.17,-3.0,0.53,1.99,3.0,-1.35,1.84,-0.95,-3.0,2026-02-24,3.822937625754541,1.6101402811113497,5.2598325309107015,2.3138832997988024,1.760683963637999,4.2151405828408155,4.778672032193154,-1.0114810196231838,7.598432257657139
48,COP,XOP,9.5,None,53.6,1.7,98.6,2026-02-24,109.08,13.24,2.25,-0.03,53.1,0.88,40.0,0.09,1,1.3,-1.775,,-1.16,-2.95,1.19,-1.69,-1.38,-3.0,-0.3,-0.22,1.76,-0.47,-0.67,1.41,-1.02,-0.3,2026-02-24,6.807383040935666,0.7099045037897378,8.244277946091827,2.8600146198830334,-3.2645037333921545,4.761271902925046,10.718201754385959,-2.7746664941099333,13.537961979849944
49,AVNT,XLB,6.7,None,21.3,2.1,93.8,2026-02-24,41.38,14.53,7.85,-0.064,51.7,0.86,35.0,-0.16,2,1.59,-1.682,,-2.67,-2.1,-0.68,-3.0,-1.8,-2.05,0.61,-0.72,1.51,-0.53,-2.7,-0.9,-1.99,0.61,2026-02-24,-5.773394274717337,-2.455769392530727,-4.336499369561176,-15.443829684868904,-8.280775961965992,-13.542572401826892,-19.1484243444792,-11.32561567341417,-16.328664119015215
50,AMRX,XPH,6.5,None,39.0,1.1,98.4,2026-02-24,14.67,8.03,4.87,-0.022,50.9,0.48,45.0,-0.14,3,0.51,-2.015,,-2.05,-3.0,0.99,-2.7,-1.14,0.49,-3.0,0.17,0.23,-2.69,-0.67,-1.03,0.38,-3.0,2026-02-24,-8.51648351648352,-4.160422910422913,-7.07958861132736,-8.241758241758246,-3.816827112281663,-6.340500958716234,-14.629120879120883,-7.879809584355035,-11.809360653656897
51,SLB,OIH,4.5,None,7.4,2.7,86.9,2026-02-24,51.32,4.97,-11.12,-0.04,52.7,1.09,50.0,-0.0,4,1.08,-1.544,4 distribution days in 20,-1.92,-0.65,0.64,-1.12,-2.62,0.21,-3.0,-2.14,0.3,1.74,0.0,-0.21,1.6,-3.0,2026-02-24,-6.607073455110768,-1.8258319665129479,-5.170178549954608,-7.462106490478049,-2.1014706423090894,-5.560849207436036,-11.251457442673917,-6.784673576578381,-8.431697217209932
1,FIVE,XRT,97.4,Strong,98.2,96.6,73.5,2026-03-03,221.57,12.05,14.68,0.065,57.5,0.85,70.0,0.67,1,1.16,1.917,,3.0,3.0,-0.35,3.0,2.32,0.95,-2.72,3.0,3.0,-1.13,3.0,3.0,2.21,-2.72,2026-03-03,-1.894914351646404,2.363135111722714,-1.2251130741446126,-5.147776692997241,1.758429559919228,-3.5479422950790873,2.5383864382710675,10.389529695387267,6.443342672006591
2,KEYS,XLK,96.0,Strong,96.1,95.9,17.9,2026-03-03,302.54,35.53,40.88,0.062,56.8,0.63,65.0,0.5,3,3.31,1.827,extended >3 ATR above 20d avg,3.0,2.48,-1.02,3.0,2.3,-1.43,2.18,1.68,2.69,-0.69,2.7,3.0,1.32,2.18,2026-03-03,-7.011887314769593,-7.9247323484579075,-6.342086037267801,-6.471258752646147,-7.195738938113083,-4.871424354727993,-2.6770884220810975,-1.10496641961787,1.2278678116544262
3,DGX,XLV,95.5,Strong,95.3,95.7,7.7,2026-03-03,206.66,12.64,11.94,0.08,54.8,0.73,70.0,0.15,2,1.13,1.807,,3.0,2.08,-3.0,3.0,-1.43,-0.02,-0.6,2.42,1.29,-2.29,3.0,1.14,0.79,-0.6,2026-03-03,-3.43992248062015,-1.1856917610748807,-2.7701212031183586,-4.5687984496124106,-0.040959669093100004,-2.9689640516942566,-5.789728682170548,1.444478784565006,-1.8847724484350241
4,FTI,OIH,92.4,Strong,91.2,93.6,14.3,2026-03-03,66.0,17.17,6.89,0.097,58.3,1.07,85.0,0.77,4,1.67,1.59,4 distribution days in 20,1.87,3.0,0.41,3.0,3.0,0.75,1.85,1.4,3.0,1.32,3.0,3.0,1.51,1.85,2026-03-03,-2.8061224489795977,-2.446372709667821,-2.1363211714778063,-2.1008403361344574,-2.6821750598049365,-0.5010059382163035,5.177070828331343,-0.8526476283944096,9.082027062066867
5,LITE,XLK,87.8,Strong,89.9,85.8,17.9,2026-03-03,694.43,64.01,69.36,0.037,62.4,0.81,65.0,0.39,1,1.43,1.151,,1.63,3.0,-1.26,3.0,-2.58,-0.05,-3.0,0.16,3.0,-0.93,2.7,0.39,2.7,-3.0,2026-03-03,-7.435261707988983,-8.348106741677297,-6.765460430487192,-10.504132231404961,-11.228612416871897,-8.904297833486808,10.352617079889793,11.924739082353021,14.257573313625317
6,FORM,SMH,79.0,Strong,84.2,74.2,22.4,2026-03-03,92.72,30.12,34.28,0.026,53.6,0.74,65.0,0.36,2,-0.08,0.779,,1.52,1.05,-0.93,2.02,-1.39,0.25,-1.4,0.84,1.0,-0.62,2.02,1.15,2.61,-1.4,2026-03-03,-4.712041884816753,-5.002262705006033,-4.042240607314962,-0.8167539267015744,-0.9555551885312319,0.7830804712165795,10.607329842931934,11.013638991196917,14.512286076667458
7,ATI,XLI,77.3,Strong,94.8,63.0,63.0,2026-03-03,157.08,29.01,24.28,0.075,57.9,,55.0,0.49,3,1.68,0.516,,0.63,1.72,,-0.67,1.36,-0.5,1.19,1.94,2.8,,0.67,3.0,0.66,1.19,2026-03-03,-0.28200789622109257,3.302282962979741,0.38779338128069885,-6.66792003509431,-1.0828288557654275,-5.068085637176156,-6.36084477032024,0.3618443053100222,-2.455888536584716
8,SSRM,GDX,75.5,Strong,90.2,63.2,32.5,2026-03-03,28.91,27.19,15.51,0.02,53.8,0.72,65.0,0.74,1,0.49,0.521,,1.28,-1.9,-3.0,2.02,0.68,-2.53,0.78,0.01,1.23,-2.89,2.02,3.0,-0.33,0.78,2026-03-03,-6.841470765521396,-2.426510754426203,-6.171669488019605,-14.888487040385778,-1.8285267981408495,-13.288652642467625,-26.371308016877638,-3.5660747867911873,-22.466351783142116
9,CTAS,XLI,71.7,Strong,87.7,58.7,63.0,2026-03-03,200.5,5.82,1.09,0.082,49.3,1.11,65.0,0.22,1,1.17,0.427,,3.0,-0.0,2.25,2.02,0.11,-0.26,-1.66,3.0,1.08,2.16,3.0,3.0,0.9,-1.66,2026-03-03,-2.4878852974971277,1.096405561703706,-1.8180840199953363,-4.181445771094561,1.403645408234322,-2.5816113731764068,-11.480241794474688,-4.757552718844426,-7.5752855607391645
10,INSW,XLE,71.2,Strong,94.0,53.9,71.2,2026-03-03,65.97,25.23,12.29,0.079,57.6,0.9,65.0,0.66,3,3.77,0.328,extended >3 ATR above 20d avg,1.52,-1.92,0.41,1.53,0.63,2.11,1.92,2.28,1.07,0.15,2.7,3.0,2.68,1.92,2026-03-03,-0.8517887563884163,-0.051352154605632805,-0.18198747888662492,-8.47142635899023,-12.837444186896363,-6.871591961072077,1.8894223323524972,-7.3337903290992,5.794378566088021
11,AMAT,SMH,66.7,Moderate,73.2,60.7,22.4,2026-03-03,350.39,7.08,11.24,0.003,55.0,1.01,60.0,0.26,2,0.03,0.468,,0.35,2.04,0.25,1.01,-1.6,0.86,-0.95,-0.32,1.99,0.55,1.01,0.93,3.0,-0.95,2026-03-03,-3.716621557521138,-4.006842377710418,-3.0468202800193467,-1.930857445799261,-2.0696587076289186,-0.33102304788110715,4.123998995507705,4.530308143772688,8.028955229243229
12,CGNX,XLK,66.6,Moderate,71.4,62.2,17.9,2026-03-03,53.45,35.04,40.4,-0.006,49.9,0.46,50.0,0.19,6,0.75,0.499,6 distribution days in 20,2.03,0.95,-3.0,1.35,-2.04,-1.86,3.0,0.56,1.15,-2.86,0.67,0.93,0.89,3.0,2026-03-03,-6.088251722211879,-7.0010967559001935,-5.418450444710087,-6.926084528020848,-7.650564713487784,-5.326250130102694,-5.269037423198652,-3.6969154207354245,-1.3640811894631284
13,KLAC,SMH,63.5,Moderate,70.9,56.9,22.4,2026-03-03,143.77,2.36,6.52,-0.018,52.1,1.48,40.0,0.28,3,-0.28,0.388,heavy selling into close today,1.62,1.35,0.91,0.0,0.21,0.32,0.25,0.94,1.3,1.21,0.0,2.75,2.68,0.25,2026-03-03,-1.2858017552214496,-1.5760225754107293,-0.6160004777196582,0.5374515273147695,0.39865026548511207,2.1372859252329235,6.306551466086119,6.712860614351102,10.211507699821642
14,GLW,XLK,62.5,Moderate,66.8,58.4,17.9,2026-03-03,146.99,33.91,39.26,0.004,56.4,0.97,55.0,0.05,5,1.4,0.42,5 distribution days in 20,1.34,2.43,-0.63,2.02,-2.82,-1.65,2.42,-0.13,2.63,-0.3,1.35,0.15,1.1,2.42,2026-03-03,-9.768090903050041,-10.680935936738354,-9.098289625548249,-13.987640374775733,-14.712120560242669,-12.387805976857578,-5.920659180011956,-4.348537177548728,-2.0157029462764324
15,GEV,XLI,59.3,Moderate,86.9,40.5,63.0,2026-03-03,841.58,11.57,6.85,0.028,53.9,1.03,60.0,0.54,2,0.58,0.057,,-0.23,0.83,-0.44,0.67,-1.57,1.07,-3.0,1.08,1.91,-0.52,2.02,1.42,2.23,-3.0,2026-03-03,-1.3664450067674916,2.217845852433342,-0.6966437292657002,-0.7250044135820644,4.860086765746818,0.8748299843360896,6.980521391161076,13.703210466791338,10.8854776248966
16,TER,SMH,58.0,Moderate,65.9,51.1,22.4,2026-03-03,303.99,21.85,26.01,0.039,52.0,1.1,65.0,0.42,4,-0.39,0.272,4 distribution days in 20,1.65,0.59,0.63,2.02,-0.61,-0.01,-0.32,0.97,0.54,0.93,2.02,1.92,2.35,-0.32,2026-03-03,-3.250096537520908,-3.5403173577101876,-2.5802952600191165,-3.7295662247393446,-3.868367486569002,-2.1297318268211907,2.905779379585538,3.3120885278505208,6.810735613321062
17,CVX,SPY,57.4,Moderate,74.6,44.2,,2026-03-03,185.42,9.46,11.64,0.025,52.7,0.84,60.0,0.06,1,1.61,0.133,,2.04,-1.06,-1.25,1.35,-2.66,-1.12,-1.33,0.44,0.85,-1.29,1.35,0.7,1.15,-1.33,2026-03-03,-0.61909416748126,0.05070711002053141,0.05070711002053141,5.6098620614749795,7.209696459393133,7.209696459393133,10.329097425871625,14.234053659607149,14.234053659607149
18,KO,XLP,56.2,Moderate,80.9,39.0,50.3,2026-03-03,77.84,5.32,1.44,0.045,50.7,0.86,60.0,0.11,2,0.12,0.026,,0.97,-1.12,-0.87,0.67,-0.13,-0.47,-2.01,2.6,0.0,-0.89,2.02,0.39,0.67,-2.01,2026-03-03,-1.7356646952944144,0.6206904991339135,-1.065863417792623,-1.4785291848804394,2.0850227594027992,0.12130521303771458,-5.142710208279766,1.9727860192303996,-1.2377539745442423
19,PR,XOP,55.9,Moderate,94.1,33.2,90.6,2026-03-03,17.95,16.79,-0.32,0.075,59.0,1.05,75.0,0.21,3,1.41,-0.1,heavy selling into close today,1.19,-1.12,0.64,2.36,-1.94,0.39,-0.65,2.53,3.0,0.55,3.0,1.04,2.12,-0.65,2026-03-03,3.450226244343879,1.9240023550597618,4.120027521845671,8.766968325791868,0.1916595241363126,10.366802723710023,15.158371040723972,-0.34961576649326,19.063327274459496
20,AU,GDX,52.4,Weak,63.3,43.3,32.5,2026-03-03,109.14,21.21,9.53,0.032,55.1,1.07,70.0,0.74,1,0.35,0.115,,1.08,-2.23,-3.0,2.02,-0.92,-3.0,-0.54,-0.19,0.9,0.59,2.02,3.0,-0.99,-0.54,2026-03-03,-7.0866853475549,-2.6717253364597067,-6.416884070053108,-14.643405947753763,-1.5834457055088347,-13.043571549835608,-23.86332821115429,-1.058094981067839,-19.958371977418764
21,FCX,COPX,51.8,Weak,39.6,67.7,5.5,2026-03-03,65.27,7.92,6.14,0.044,55.2,1.16,55.0,0.99,2,0.4,0.621,,2.52,-0.28,0.64,1.12,0.76,1.78,-2.67,0.38,0.28,2.41,-0.22,3.0,1.82,-2.67,2026-03-03,-6.684692804566616,-0.5076555156626075,-6.014891527064824,-13.219167793300269,-1.2164476300904674,-11.619333395382114,-15.502478593961232,2.0539081225750984,-11.597522360225708
22,ARMK,XLI,49.7,Weak,81.0,30.5,63.0,2026-03-03,40.68,6.88,2.16,0.026,53.8,0.75,60.0,0.32,4,0.55,-0.162,4 distribution days in 20,-0.9,1.54,-1.81,-0.67,0.06,-1.52,-0.75,0.41,2.62,-1.89,0.67,3.0,-0.36,-0.75,2026-03-03,-2.4497795198432093,1.1345113393576245,-1.7799782423414179,-0.2694757471827569,5.315615432146126,1.330358650735397,-1.8863302302792873,4.836358845350975,2.0186260034562364
23,AAOI,XLK,44.5,Weak,48.2,41.0,17.9,2026-03-03,95.37,116.05,121.4,-0.004,56.3,0.72,45.0,1.87,2,4.45,0.069,extended >3 ATR above 20d avg,0.68,0.96,-0.46,-0.67,0.35,-1.24,-2.54,-0.79,1.17,-0.13,-1.35,3.0,1.51,-2.54,2026-03-03,18.99209486166007,18.079249827971758,19.66189613916186,-14.733201581027666,-15.457681766494602,-13.133367183109513,12.490118577075094,14.062240579538322,16.39507481081062
24,ADI,SMH,44.4,Weak,52.6,37.4,22.4,2026-03-03,337.07,7.36,11.53,0.006,53.7,1.06,50.0,0.12,5,0.07,-0.007,5 distribution days in 20,1.89,0.96,0.73,0.67,-2.06,-0.03,1.47,1.21,0.91,1.04,0.67,0.48,2.34,1.47,2026-03-03,-7.197002956068732,-7.487223776258012,-6.527201678566941,-8.765768138847418,-8.904569400677076,-7.1659337409292645,-6.324816343255191,-5.918507194990208,-2.419860109519667
25,RGLD,GDX,40.2,Weak,44.8,36.1,32.5,2026-03-03,280.01,8.42,-3.26,-0.016,56.6,1.15,60.0,0.24,3,0.05,-0.037,,0.42,-1.59,-2.31,2.02,-3.0,-0.46,0.61,-0.85,1.54,2.74,2.02,0.92,1.74,0.61,2026-03-03,-1.4162713055702048,2.9986887055249882,-0.7464700280684133,-10.416447021613074,2.6435132206318546,-8.816612623694919,-20.42523282375681,2.380000406329639,-16.52027659002129
26,COHR,XLK,35.6,None,39.4,32.2,17.9,2026-03-03,280.78,26.25,31.6,0.028,54.9,1.61,55.0,0.4,6,2.12,-0.121,6 distribution days in 20,1.69,3.0,3.0,0.67,-1.38,0.57,-0.21,0.22,3.0,3.0,0.0,1.59,3.0,-0.21,2026-03-03,-11.922511283533666,-12.83535631722198,-11.252710006031874,-16.939669016346336,-17.664149201813274,-15.339834618428181,-7.933127102456183,-6.361005099992955,-4.028170868720659
27,ABNB,XLY,33.6,None,61.0,18.5,56.5,2026-03-03,133.04,1.34,7.6,0.017,52.0,0.92,40.0,0.51,6,1.36,-0.493,6 distribution days in 20,0.87,-0.79,-1.0,-2.02,0.85,-0.06,2.19,1.22,0.35,-1.18,-0.67,3.0,1.91,2.19,2026-03-03,-0.6079255478835255,-0.0571299542482806,0.06187572961826593,-0.9681777244071044,0.6929518436991966,0.6316566735110496,-2.439207445211644,2.072070750277077,1.4657487885238796
28,MTSI,SMH,30.9,None,38.2,25.0,22.4,2026-03-03,241.22,5.56,9.72,-0.017,50.9,1.06,55.0,0.3,3,0.06,-0.299,,0.34,-0.35,0.83,2.02,-0.84,-1.77,-0.52,-0.34,-0.4,1.14,2.02,1.7,0.59,-0.52,2026-03-03,-9.307199211045369,-9.597420031234648,-8.637397933543577,-9.056541748849444,-9.195343010679101,-7.45670735093129,-2.531229454306383,-2.1249203060414,1.3737267794291408
29,PH,XLI,29.8,None,62.1,14.3,63.0,2026-03-03,984.45,4.04,-0.68,-0.01,52.5,1.06,50.0,0.19,1,-0.31,-0.644,,-1.69,-0.23,-0.08,-1.35,-0.92,0.23,0.19,-0.38,0.85,-0.16,0.0,2.06,1.39,0.19,2026-03-03,-4.086514098068228,-0.5022232388673946,-3.416712820566437,-9.870674801856772,-4.28558362252789,-8.270840403938617,-6.703423671781561,0.019265403848701013,-2.7984674380460373
30,ECL,XLB,27.2,None,69.1,10.7,76.4,2026-03-03,296.07,5.21,0.55,0.076,55.4,1.03,65.0,0.32,5,-0.15,-0.811,5 distribution days in 20,0.19,-2.22,0.69,-0.67,0.84,1.5,0.46,1.7,1.36,0.73,0.67,2.74,1.68,0.46,2026-03-03,-5.281367660527114,-0.6162495807748973,-4.611566383025323,-8.025507954275646,-2.682883099455669,-6.425673556357492,-10.79678436959397,-3.80878591818089,-6.891828135858447
31,CHRD,XOP,26.0,None,75.9,8.9,90.6,2026-03-03,109.28,16.38,-0.73,0.047,57.5,0.81,70.0,0.27,3,2.12,-0.915,heavy selling into close today,-1.22,-3.0,-2.28,-0.34,-1.85,-0.99,1.28,0.12,0.87,-2.36,0.67,1.13,0.74,1.28,2026-03-03,7.825600894354379,6.299377005070261,8.49540217185617,16.266070430408043,7.690761628752487,17.865904828326197,25.40525433202907,9.897267524811838,29.310210565764592
32,PAA,XLE,25.5,None,61.9,10.5,71.2,2026-03-03,20.64,11.33,-1.61,0.034,56.9,1.23,35.0,0.17,1,2.79,-0.823,,0.89,-1.2,1.81,-1.84,-0.7,0.7,-3.0,1.64,1.8,1.55,-0.67,1.79,1.27,-3.0,2026-03-03,-0.5865102639296182,0.21392633785316528,0.08329101357217317,1.808406647116323,-2.5576111807898094,3.408241045034477,4.887585532746819,-4.335627128704878,8.792541766482342
33,CTVA,XLB,24.9,None,65.8,9.4,76.4,2026-03-03,78.59,8.06,3.41,0.073,55.1,1.24,65.0,0.29,5,1.85,-0.886,5 distribution days in 20,0.66,-2.22,0.96,-0.0,0.32,0.37,-0.38,2.17,1.36,1.0,1.35,2.21,0.55,-0.38,2026-03-03,-4.259072580645151,0.40604549910706567,-3.58927130314336,0.46622983870967527,5.808854693529653,2.0660642366278292,1.083669354838701,8.071667806251781,4.988625588574225
34,COP,XOP,22.8,None,72.1,7.2,90.6,2026-03-03,116.89,17.32,0.21,-0.007,52.1,0.7,45.0,0.18,1,2.54,-1.027,heavy selling into close today,-0.51,-3.0,-1.38,-1.69,-1.41,-0.88,-0.66,0.83,0.94,-1.46,-0.67,1.57,0.85,-0.66,2026-03-03,-1.9168772327263217,-3.443101122010439,-1.2470759552245303,5.576370131567487,-2.9989386700880685,7.176204529485641,11.144027184804406,-4.3639596224128265,15.04898341853993
35,ROST,XRT,19.2,None,45.9,8.0,73.5,2026-03-03,196.42,3.96,6.6,0.041,53.2,1.24,60.0,0.22,3,0.09,-0.969,,0.46,-3.0,3.0,1.35,0.14,-0.1,0.15,0.86,0.47,3.0,0.67,3.0,1.16,0.15,2026-03-03,-0.9641937748654406,3.2938556885036774,-0.29439249736364914,-2.4666510648256534,4.439555188090816,-0.8668166669074995,0.6178329042827002,8.4689761613989,4.522789138018224
36,EOG,XOP,16.4,None,69.3,3.9,90.6,2026-03-03,126.14,18.09,0.98,0.062,54.1,1.16,55.0,0.18,4,2.15,-1.353,4 distribution days in 20,0.55,-3.0,2.03,0.34,-1.39,-2.08,1.74,1.89,2.18,1.95,1.35,1.58,-0.35,1.74,2026-03-03,1.4740233588401042,-0.05220053044401318,2.1438246363418956,7.756745871929116,-0.8185629297264398,9.35658026984727,13.089005235602102,-2.418981571615131,16.993961469337627
37,NESR,OIH,12.3,None,12.9,11.8,14.3,2026-03-03,23.38,13.72,3.44,0.004,56.1,0.69,50.0,0.12,5,0.26,-0.756,5 distribution days in 20,-0.49,0.3,-1.37,-1.35,-1.87,-0.68,-0.52,-0.96,0.05,-0.46,-0.67,-0.17,0.08,-0.52,2026-03-03,-10.622866894197958,-10.263117154886181,-9.953065616696167,-11.390784982935164,-11.972119706605643,-9.790950585017011,-5.503412969283284,-11.533131426009035,-1.5984567355477601
38,BTSG,XLV,11.9,None,10.8,13.2,7.7,2026-03-03,40.64,0.37,-0.33,0.037,52.0,1.4,55.0,0.18,6,0.43,-0.69,6 distribution days in 20,1.4,1.72,3.0,-0.67,-1.3,-0.07,0.02,0.4,0.92,3.0,-1.35,1.28,0.75,0.02,2026-03-03,1.3232050967900033,3.5774358163352726,1.9930063742917947,3.2590051457976,7.7868439263169105,4.858839543715754,6.199460916442057,13.433668383177611,10.10441715017758
39,AME,XLI,11.7,None,31.2,4.4,63.0,2026-03-03,234.21,3.22,-1.51,0.011,52.5,1.16,55.0,0.3,3,0.34,-1.286,,-0.99,-1.58,2.27,-0.67,-0.57,0.17,-1.29,0.32,-0.5,2.19,0.67,2.41,1.33,-1.29,2026-03-03,-4.29536474486979,-0.7110738856689562,-3.6255634673679986,-8.658707566809698,-3.073616387480815,-7.058873168891544,-8.055402132812173,-1.3327130571819108,-4.150445899076649
40,CIEN,XLK,10.1,None,11.8,8.6,17.9,2026-03-03,332.99,24.02,29.38,0.035,58.8,1.15,50.0,0.39,5,0.99,-0.934,5 distribution days in 20,0.7,0.79,-0.29,-1.35,-2.64,-2.72,-1.4,-0.78,1.0,0.04,-2.02,0.33,0.02,-1.4,2026-03-03,-0.530676022288401,-1.4435210559767153,0.13912525521339036,9.098145582122118,8.373665396655182,10.697979980040273,26.69300392110616,28.26512592356939,30.597960154841687
41,AIR,ITA,10.0,None,38.2,2.6,72.1,2026-03-03,116.85,8.23,2.26,-0.006,48.0,1.09,45.0,0.37,3,0.68,-1.557,,-1.52,-1.54,0.53,-2.02,-1.96,-1.2,-0.92,0.98,0.49,0.94,-0.67,1.23,0.34,-0.92,2026-03-03,-8.762322015334057,-6.249779697758496,-8.092520737832265,-8.298929985676972,-3.094378042127598,-6.699095587758818,-9.015081304237938,0.3784007694252338,-5.110125070502415
42,CDE,GDX,6.2,None,8.3,4.7,32.5,2026-03-03,24.1,18.72,7.04,-0.022,53.4,1.02,45.0,0.83,1,0.45,-1.254,,-1.22,-3.0,-3.0,-2.02,-1.44,-2.95,-1.97,-2.49,-0.26,0.95,-2.02,2.63,-0.75,-1.97,2026-03-03,-5.391163356303208,-0.976203345208015,-4.721362078801416,-14.835832995541143,-1.7758727532962144,-13.235998597622988,-25.982975273611675,-3.1777420435252246,-22.078019039876153
43,PDFS,IGV,4.3,None,18.7,1.0,91.4,2026-03-03,32.76,4.87,10.97,-0.005,49.5,1.08,55.0,0.16,6,0.47,-2.055,6 distribution days in 20,-0.94,-3.0,0.15,-2.02,-3.0,-0.62,1.02,0.05,-0.29,0.26,0.0,0.62,0.77,1.02,2026-03-03,0.4833836858005869,-1.299147508495313,1.1531849633023783,0.1510574018126709,-1.4532206730536235,1.7508917997308249,4.380664652567967,8.314116821314254,8.28562088630349
1,FIVE,XRT,96.7,Strong,97.8,95.6,53.3,2026-03-10,221.07,5.6,12.78,0.063,55.5,0.81,65.0,0.54,1,0.48,1.794,,3.0,2.72,-1.74,1.69,1.03,0.93,-2.22,3.0,3.0,-1.56,2.36,3.0,1.15,-2.22,2026-03-10,-2.8587010862155093,-0.3541195345966974,-1.8531377625014667,5.0129527791664685,8.507149480449305,8.33755933020327,3.790392219242822,5.916232170372937,7.553817084622283
2,DELL,XLK,84.4,Strong,92.6,76.9,31.5,2026-03-10,143.16,18.95,21.42,0.012,52.1,0.83,60.0,0.78,3,1.62,0.853,,1.71,1.73,-0.75,0.67,-1.08,1.41,0.44,0.83,2.1,-1.33,1.35,3.0,2.82,0.44,2026-03-10,5.021035933512663,5.7706076068421925,6.026599257226706,21.48424029243394,24.496804541434514,24.808846843470743,12.711221463549194,18.058166066633152,16.474646328928657
3,INSW,XLE,75.6,Strong,72.5,78.8,6.4,2026-03-10,64.02,20.34,16.65,0.036,55.6,0.87,55.0,0.4,5,1.26,0.907,5 distribution days in 20; heavy selling into close today,3.0,-0.06,-0.25,2.02,0.88,1.23,3.0,1.29,0.79,-0.07,1.35,1.69,1.72,3.0,2026-03-10,-6.826422828314671,-11.99599203088113,-5.820859504600628,3.7206369225918356,-6.3435243972981725,7.045243473628638,3.4210941195017996,-7.3580076220197475,7.184518984881261
4,PAA,XLE,75.3,Strong,72.3,78.5,6.4,2026-03-10,20.34,9.24,5.55,0.017,55.0,1.08,40.0,0.02,2,0.57,0.897,,3.0,0.43,-0.6,0.34,-0.73,1.44,-0.63,1.31,1.27,-0.42,-0.34,0.08,1.93,-0.63,2026-03-10,2.661409561360273,-2.508159641206187,3.6669728850743155,5.76638738294728,-4.297773936942728,9.090993933984082,6.25924100542139,-4.519860736100157,10.02266587080085
5,IOT,IGV,62.4,Moderate,94.2,41.3,88.7,2026-03-10,32.91,20.95,20.2,0.03,55.3,0.8,60.0,0.44,4,2.19,0.074,4 distribution days in 20; heavy selling into close today,2.62,1.15,1.57,0.67,-3.0,0.21,0.69,3.0,3.0,0.05,2.7,2.46,0.12,0.69,2026-03-10,0.9583707696915189,2.17154234681457,1.9639340934055616,-3.8634321653189585,2.7339104112263812,-0.5388256142821568,-5.091344713986223,2.441873079196899,-1.3279198486067623
6,KEYS,XLK,61.2,Moderate,79.4,47.2,31.5,2026-03-10,285.52,21.07,23.53,0.03,53.9,0.6,55.0,0.2,4,0.95,0.194,4 distribution days in 20,1.53,1.01,-0.46,0.67,-2.54,-0.39,1.51,0.65,1.37,-1.04,1.35,2.21,1.03,1.51,2026-03-10,1.0485573539760873,1.7981290273056172,2.05412067769013,5.14778325123153,8.1603475002321,8.472389802268331,-0.6403940886699488,4.70655051441401,3.1230307767095122
7,EOG,XOP,59.0,Moderate,79.0,44.1,38.1,2026-03-10,125.98,12.33,3.77,0.087,53.7,1.02,65.0,0.07,5,1.02,0.131,5 distribution days in 20,2.73,-1.89,-0.09,2.36,-0.29,-0.16,1.48,2.72,2.06,0.36,1.69,0.37,0.46,1.48,2026-03-10,5.222589271669031,-1.530128983560819,6.228152595383074,10.429447852760742,-3.139573575356504,13.754054403797543,12.002516910492368,-2.5647877248481166,15.765941775871829
8,SSRM,GDX,50.4,Weak,65.8,38.6,15.5,2026-03-10,30.91,19.34,18.83,-0.004,52.1,0.81,60.0,0.65,3,0.54,0.018,,-0.06,-1.49,-3.0,1.35,0.25,-0.8,-2.39,-0.85,0.37,-2.35,1.35,3.0,0.71,-2.39,2026-03-10,-5.488621151271755,2.370271548385272,-4.483057827557713,-18.239625167336005,-0.05246201201998346,-14.915018616299204,-1.6064257028112428,8.486665918942794,2.1569991625682183
9,TWLO,IGV,48.1,Weak,93.4,24.8,88.7,2026-03-10,125.1,7.02,6.27,0.059,58.0,1.11,65.0,0.42,2,1.35,-0.306,,1.27,0.79,2.29,-0.0,-3.0,0.1,-0.84,2.5,3.0,0.77,2.02,3.0,0.02,-0.84,2026-03-10,1.1076579807155928,2.320829557838644,2.1132213044296355,-2.159534624272841,4.4378079522724985,1.1650719267639609,0.24703163598693845,7.780249429170061,4.0104565013663995
10,ROST,XRT,46.9,Weak,75.9,29.0,53.3,2026-03-10,211.59,9.47,16.65,0.066,56.8,1.05,75.0,0.29,2,1.69,-0.199,,1.27,-1.43,2.59,1.57,-0.37,0.46,0.46,1.27,1.34,2.77,2.25,3.0,0.67,0.46,2026-03-10,-1.437896130924221,1.0666854206945908,-0.4323328072101784,1.6791221265727074,5.173318827855544,5.003728677609509,2.043326080787078,4.169166031917193,5.806750946166539
11,PR,XOP,44.3,Weak,68.2,28.8,38.1,2026-03-10,18.29,9.26,0.7,0.047,57.0,1.12,70.0,-0.07,4,1.2,-0.203,4 distribution days in 20,1.21,-1.42,0.45,3.0,-1.12,-0.21,-1.35,1.2,2.53,0.89,2.7,-0.46,0.41,-1.35,2026-03-10,4.340748779164416,-2.411969476065434,5.346312102878459,10.472056429734122,-3.0969649983831236,13.796662980770924,13.998914812805218,-0.5683898225352664,17.76233967818468
12,ABNB,XLY,44.1,Weak,81.9,23.7,64.3,2026-03-10,132.43,9.17,11.77,0.041,53.6,0.89,45.0,0.39,4,0.77,-0.334,4 distribution days in 20,-0.07,-0.09,-1.57,-2.02,-0.39,0.32,0.67,1.73,0.77,-1.56,0.67,3.0,0.69,0.67,2026-03-10,-0.6924061112365543,0.7446776602320737,0.3131572124774884,-2.1675321743057085,2.126193728253012,1.1570743767310931,-5.004891999698957,-0.07148856471822462,-1.241467134319496
13,CHRD,XOP,41.0,Weak,65.3,25.7,38.1,2026-03-10,115.74,16.33,7.77,0.053,58.3,0.72,75.0,-0.07,4,2.33,-0.281,4 distribution days in 20,0.13,-2.65,-3.0,2.02,-2.25,-1.59,2.38,0.12,1.3,-2.95,1.35,-1.59,-0.98,2.38,2026-03-10,7.921134555517129,1.1684163002872783,8.92669787923117,16.404358353510908,2.835336925393662,19.72896490454771,20.849187132480118,6.281882497139634,24.61261199785958
14,FIGS,XLY,37.0,None,73.5,18.6,64.3,2026-03-10,16.11,49.93,52.53,0.049,52.5,0.52,55.0,0.89,5,2.8,-0.489,5 distribution days in 20,-0.6,-0.93,-3.0,-2.02,0.49,-0.75,1.6,1.21,-0.06,-3.0,0.67,3.0,-0.38,1.6,2026-03-10,-9.471365638766526,-8.0342818672979,-8.465802315052484,-4.027690371302706,0.26603553125601476,-0.703083820265904,-7.048458149779746,-2.1150547147990135,-3.285033284400285
15,BTSG,XLV,36.6,None,27.6,48.5,4.1,2026-03-10,41.35,4.05,6.04,0.051,52.0,1.05,65.0,0.2,6,0.44,0.221,6 distribution days in 20,1.04,1.98,-0.17,2.02,-2.26,0.35,1.08,0.92,0.77,1.2,0.0,1.08,0.34,1.08,2026-03-10,2.655298416565177,4.741943885563593,3.66086174027922,5.578562728380043,10.440777884712848,8.903169279416845,3.8002436053593325,7.496587007585099,7.563668470738794
16,AAOI,XLK,27.0,None,45.2,16.1,31.5,2026-03-10,120.42,151.35,153.81,0.008,55.9,0.75,45.0,1.47,2,3.93,-0.575,extended >3 ATR above 20d avg,0.62,0.52,0.73,-2.02,-2.03,-0.44,-2.24,-0.26,0.89,0.15,-1.35,2.72,0.98,-2.24,2026-03-10,-27.31637466307277,-26.56680298974324,-26.31081133935873,-4.110512129380051,-1.0979478803794795,-0.7859055783432489,-28.75673854447439,-23.409793941390433,-24.993313679094932
17,FLYW,IGV,19.0,None,70.6,5.1,88.7,2026-03-10,13.15,16.37,15.62,0.005,51.2,0.67,45.0,0.86,6,1.82,-1.214,6 distribution days in 20,-0.58,0.24,0.34,-2.02,-3.0,-0.18,2.23,0.65,2.55,-1.18,0.0,3.0,-0.27,2.23,2026-03-10,-3.995433789954339,-2.782262212831288,-2.9898704662402964,-6.278538812785395,0.318803763759945,-2.953932261748593,-11.491628614916284,-3.9584108217331613,-7.7282037495368225
18,CVX,SPY,15.8,None,28.3,8.8,,2026-03-10,183.0,3.05,5.47,-0.005,50.4,1.03,55.0,-0.01,4,0.27,-0.921,4 distribution days in 20,0.9,-1.84,0.67,0.67,-3.0,-0.03,-1.52,-0.33,0.3,0.05,0.67,0.01,0.91,-1.52,2026-03-10,6.093835242771406,7.099398566485449,7.099398566485449,10.834697217675938,14.15930376871274,14.15930376871274,10.867430441898529,14.63085530727799,14.63085530727799
19,XYZ,IGV,15.6,None,62.1,3.9,88.7,2026-03-10,65.62,15.59,14.84,-0.007,53.7,0.98,50.0,0.68,3,2.37,-1.35,,-2.42,0.29,0.98,-3.0,-3.0,0.77,1.2,-1.19,2.6,-0.54,-1.35,3.0,0.69,1.2,2026-03-10,-9.340409401061411,-8.12723782393836,-8.334846077347368,-9.188779378316914,-2.5914368017715743,-5.864172827280113,-8.764215314632295,-1.230997521449173,-5.000790449252834
20,COP,XOP,12.2,None,21.3,7.0,38.1,2026-03-10,112.57,5.85,-2.71,-0.044,50.8,0.84,45.0,-0.01,3,0.49,-1.042,,-1.43,-3.0,-1.13,0.0,-0.66,-0.09,-1.25,-1.44,0.28,-0.68,-0.67,-0.0,0.52,-1.25,2026-03-10,7.182662538699702,0.4299442834698519,8.188225862413745,12.835028748341436,-0.7339926797758096,16.159635299378238,15.108359133126935,0.5410544977864511,18.871783998506395
1,CART,XLY,94.4,Strong,98.1,90.9,74.7,2026-03-17,38.19,4.15,6.6,0.102,57.2,0.73,75.0,-0.09,0,0.55,1.399,,0.81,2.66,-3.0,-0.67,-0.23,3.0,-0.21,2.44,3.0,-3.0,2.02,0.23,2.75,-0.21,2026-03-17,-4.424545693968918,-2.1780586269323114,-2.4324477328155796,-1.3431656570977002,1.5566821903917893,1.0937989948506588,4.319199367922044,5.527469304375998,2.910706184184564
2,DELL,XLK,92.4,Strong,97.9,87.3,81.4,2026-03-17,152.27,31.72,31.69,0.06,55.7,0.88,70.0,0.38,2,1.74,1.213,,1.25,2.44,-0.39,0.0,1.85,2.05,-0.44,2.49,3.0,-0.99,2.7,1.76,3.0,-0.44,2026-03-17,15.873955660811777,17.99916277845459,17.866053621965115,7.5060851259785455,11.987030302838997,9.943049777926905,21.432800473653057,19.566940665281905,20.024307289915576
3,MPC,XLE,92.3,Strong,90.1,94.5,36.0,2026-03-17,231.89,16.93,8.09,0.079,56.4,1.04,60.0,-0.23,3,2.35,1.673,,3.0,3.0,-1.22,2.7,-0.69,0.18,0.48,3.0,3.0,0.33,2.7,-1.05,-0.03,0.48,2026-03-17,4.034854273082367,-0.2012568380287405,6.026952234235705,4.142164227153722,-0.7710302172907246,6.579128879102081,-1.068807142550543,-0.5653349203283198,-2.4773003262880233
4,IOT,IGV,89.6,Strong,97.9,82.0,92.4,2026-03-17,33.71,28.81,23.1,0.048,56.3,0.74,65.0,0.31,2,2.04,1.008,,3.0,1.38,1.34,-0.67,0.9,3.0,0.16,3.0,3.0,-0.12,3.0,1.32,3.0,0.16,2026-03-17,-3.6903690369036846,1.1701699768658762,-1.698271075750346,-4.920492049204917,0.8933245919625517,-2.483527397256558,-12.151215121512138,-5.960794973224504,-13.559708305249618
5,MRVL,SMH,79.2,Strong,89.0,70.4,69.0,2026-03-17,90.7,14.84,17.46,0.071,54.0,0.69,65.0,-0.17,5,1.39,0.684,5 distribution days in 20,1.55,1.05,-2.3,2.7,-0.3,-1.49,0.04,2.59,1.38,-2.77,3.0,-0.17,0.33,0.04,2026-03-17,1.7081772096098957,2.292618966965798,3.700275170763234,9.080890456248625,12.612732455442499,11.517855108196983,26.030416574829186,19.517165869468435,24.621923391091705
6,COP,XOP,72.6,Strong,81.2,65.0,46.5,2026-03-17,121.17,13.79,-3.17,0.013,54.5,0.85,60.0,-0.02,2,2.13,0.561,,1.15,-1.65,-1.24,3.0,0.36,0.74,-1.52,1.02,1.63,-0.63,3.0,-0.13,-0.04,-1.52,2026-03-17,4.497419513393952,-1.4020231523240723,6.4895174745472906,6.602768903088396,-0.2275405953107601,9.039733555036754,1.1550749569918972,0.31314444590448964,-0.2534182267455831
7,DT,IGV,69.2,Moderate,93.7,51.1,92.4,2026-03-17,39.78,8.6,2.89,0.008,55.3,0.78,65.0,0.22,2,1.78,0.273,,-1.72,2.73,0.4,-2.02,1.25,2.39,0.75,0.37,3.0,-1.05,2.02,1.67,1.94,0.75,2026-03-17,-6.91191446028514,-2.0513754465155793,-4.919816499131802,-5.855397148676178,-0.04158050750870945,-3.418432496727819,-6.288187372708753,-0.09776722442111918,-7.696680556446234
8,PARR,XLE,64.4,Moderate,64.9,63.9,36.0,2026-03-17,52.94,23.0,14.16,0.028,55.3,1.09,70.0,-0.31,5,2.11,0.535,5 distribution days in 20,0.57,1.45,-1.16,3.0,-0.76,-0.05,0.3,1.36,2.29,0.39,3.0,-1.13,-0.26,0.3,2026-03-17,15.34579439252337,11.109683281412263,17.337892353676708,17.10280373831776,12.189609293873314,19.53976839026612,13.476635514018698,13.980107736240921,12.068142330281217
9,PR,XOP,62.5,Moderate,71.8,54.4,46.5,2026-03-17,19.23,15.84,-1.11,0.053,57.6,1.06,70.0,-0.09,2,1.71,0.338,,1.01,-1.01,-0.05,3.0,-0.0,0.02,-1.72,0.89,2.26,0.56,2.7,-0.49,-0.77,-1.72,2026-03-17,5.986465382613204,0.08702271689517982,7.978563343766543,9.370119729307657,2.5398102309085004,11.807084381256015,5.413846954711077,4.571916443623669,4.0053537709735965
10,ROST,XRT,59.0,Moderate,67.0,51.9,54.2,2026-03-17,208.38,5.76,13.8,0.043,55.5,0.96,75.0,0.11,3,0.55,0.288,,0.26,-1.36,-0.36,2.7,1.33,0.81,-0.16,0.8,1.02,1.31,3.0,0.76,0.83,-0.16,2026-03-17,3.6549496118424285,3.8823084598909374,5.647047572995767,4.026230772939887,2.8389123442421615,6.463195424888246,7.811369882829466,3.339979204542254,6.402876699091986
11,CVX,SPY,58.8,Moderate,61.6,56.2,,2026-03-17,194.47,9.63,11.4,0.047,51.2,0.92,70.0,0.02,4,2.14,0.374,4 distribution days in 20,1.9,-0.94,-0.15,3.0,0.11,-0.03,0.06,1.03,0.04,-0.7,2.7,0.2,0.27,0.06,2026-03-17,3.8119570771589117,5.80405503831225,5.80405503831225,3.8426162493612637,6.279580901309623,6.279580901309623,-3.173224322943269,-4.581717506680749,-4.581717506680749
12,PSX,XLE,53.3,Weak,53.9,52.7,36.0,2026-03-17,170.61,10.09,1.24,0.041,51.9,0.94,60.0,-0.12,8,1.9,0.305,8 distribution days in 20,2.18,0.07,-1.75,2.02,-0.6,0.22,3.0,2.97,0.91,-0.21,2.02,-0.96,0.01,3.0,2026-03-17,5.2512737378416,1.0151626267304925,7.243371698994938,4.168596572487249,-0.7445978719571977,6.605561224435608,-3.925428439092171,-3.421956216869948,-5.333921622829651
13,EOG,XOP,37.7,None,43.4,32.8,46.5,2026-03-17,133.78,13.35,-3.6,0.035,52.0,1.1,60.0,-0.1,3,2.06,-0.109,,1.32,-2.45,0.58,2.36,-0.43,0.45,0.41,1.2,0.82,1.19,1.01,-0.92,-0.34,0.41,2026-03-17,4.030823947836404,-1.8686187178816205,6.022921908989742,5.512744516893897,-1.3175649815052592,7.949709168842256,1.5041493775933557,0.6622188665059481,0.09565619385587532
14,TWLO,IGV,36.7,None,84.0,16.0,92.4,2026-03-17,126.88,16.96,11.25,0.046,56.0,1.08,60.0,0.14,0,1.2,-0.577,,0.07,0.35,1.84,-3.0,1.55,0.35,-1.9,2.17,2.48,0.39,0.67,1.98,-0.1,-1.9,2026-03-17,-2.617385786802029,2.243153226967532,-0.6252878256486905,-0.2220812182741172,5.591735422893351,2.214883433674242,2.847398477157359,9.037818625444993,1.4389052934198787
15,PLTR,IGV,34.1,None,83.3,14.0,92.4,2026-03-17,155.11,16.57,10.86,0.042,53.1,0.88,65.0,0.04,0,1.62,-0.656,,-1.37,-0.9,-0.15,-2.7,0.27,0.32,2.01,0.73,1.23,-1.6,1.35,0.69,-0.13,2.01,2026-03-17,-0.23204847234754578,4.628490541422015,1.7600494888057927,-5.710970736109311,0.1028459050581576,-3.274006084160952,-9.24326414851101,-3.0528440002233754,-10.65175733224849
16,CHRD,XOP,13.7,None,16.7,11.3,46.5,2026-03-17,124.8,29.07,12.12,0.053,56.6,0.94,65.0,-0.14,5,2.75,-0.779,5 distribution days in 20,0.21,-2.37,-1.65,0.67,-2.0,-1.66,2.08,0.09,0.9,-1.04,-0.67,-2.49,-2.45,2.08,2026-03-17,7.782848907038198,1.8834062413201735,9.774946868191536,11.898470654175664,5.068161155776508,14.335435306124023,6.157418528304914,5.315488017217507,4.748925344567434
17,AAOI,XLK,1.3,None,2.7,0.6,81.4,2026-03-17,86.29,96.38,96.35,-0.008,51.9,0.88,40.0,-0.56,6,0.13,-2.332,6 distribution days in 20; heavy selling into close today,-2.17,-0.65,1.84,-3.0,-1.4,-1.34,-1.8,-0.94,-0.08,1.25,-2.02,-1.49,0.37,-1.8,2026-03-17,19.404237465911468,21.52944458355428,21.396335427064805,-11.285924061254459,-6.804978884394007,-8.8489594093061,39.18607090413255,37.3202110957614,37.77757772039507
1,DELL,XLK,97.7,Strong,98.0,97.5,87.2,2026-03-24,176.14,47.73,50.56,0.096,59.5,0.71,75.0,0.07,2,3.59,2.084,extended >3 ATR above 20d avg,3.0,3.0,-1.23,1.35,3.0,1.12,0.03,3.0,3.0,-2.16,3.0,0.24,1.15,0.03,2026-03-24,-7.947952458739371,-4.750171922855605,-6.666214177489371,3.9767926547625843,0.7425077748618669,1.3675397250750843,-0.5914493325071879,-10.03147269528737,-6.839923453600938
2,CVX,SPY,89.9,Strong,83.6,96.7,,2026-03-24,203.16,11.58,16.28,0.083,55.1,0.82,70.0,0.03,4,3.07,1.944,4 distribution days in 20; extended >3 ATR above 20d avg,3.0,2.63,-0.55,3.0,3.0,0.9,2.17,1.95,0.99,-1.26,2.7,0.19,-0.07,2.17,2026-03-24,0.4249851749357436,1.7067234561857436,1.7067234561857436,-6.359952559794424,-8.969205489481924,-8.969205489481924,-10.254002767345327,-16.502476888439077,-16.502476888439077
3,MPC,XLE,88.4,Strong,83.6,93.4,89.3,2026-03-24,242.37,24.92,13.84,0.08,54.7,1.14,65.0,-0.33,4,2.51,1.574,4 distribution days in 20,3.0,3.0,-0.89,3.0,-0.96,0.7,1.05,3.0,3.0,0.71,3.0,-1.45,-1.15,1.05,2026-03-24,0.7056284243732502,-0.8062143439788283,1.9873667056232502,-4.333388676739169,-0.6041765148040108,-6.942641606426669,-8.027561016104922,-0.48514542732614974,-14.276035137198672
4,COP,XOP,88.3,Strong,90.6,86.0,93.9,2026-03-24,127.56,16.94,-4.02,0.046,56.4,0.98,70.0,0.18,2,3.22,1.159,extended >3 ATR above 20d avg,2.08,0.11,0.18,3.0,1.41,1.85,-0.71,2.36,2.03,0.65,3.0,1.09,0.67,-0.71,2026-03-24,3.105934553521905,1.2056970238306874,4.387672834771905,-2.163061564059887,1.64872443299926,-4.772314493747388,-7.107202281911096,0.8387314359941112,-13.355676403004846
5,PARR,XLE,87.3,Strong,88.2,86.5,89.3,2026-03-24,61.71,50.33,39.25,0.081,56.8,1.07,75.0,0.07,4,3.19,1.18,4 distribution days in 20; extended >3 ATR above 20d avg,0.57,1.71,-1.45,3.0,0.47,2.33,0.55,2.77,2.33,0.15,3.0,-0.02,0.47,0.55,2026-03-24,3.5537190082644665,2.041876239912388,4.8354572895144665,0.3471074380165362,4.076319599951694,-2.262145491670964,2.7603305785123933,10.302746167291165,-3.4881435425813567
6,IOT,IGV,87.0,Strong,94.0,80.5,98.1,2026-03-24,32.1,23.08,19.88,0.027,52.0,0.69,60.0,0.03,2,0.27,0.958,,2.46,0.49,1.44,0.67,2.86,2.26,-0.75,3.0,1.72,-0.29,2.7,0.29,2.13,-0.75,2026-03-24,-2.4923076923076937,-0.01850803352143604,-1.2105694110576937,-9.907692307692306,-7.043934082003778,-12.516945237379806,-11.2,-12.30894467462832,-17.44847412109375
7,PLTR,IGV,67.0,Moderate,87.8,51.1,98.1,2026-03-24,154.78,20.21,17.0,0.05,54.2,0.91,65.0,0.06,1,0.67,0.273,,-0.88,0.73,0.38,-0.67,3.0,0.92,0.92,0.91,1.96,-1.34,1.35,0.74,0.79,0.92,2026-03-24,-7.076610341760892,-4.602810682974635,-5.794872060510892,-10.557743615804839,-7.69398539011631,-13.166996545492339,-9.700165163257513,-10.809109837885833,-15.948639284351263
8,EOG,XOP,62.6,Moderate,66.8,58.7,93.9,2026-03-24,140.4,15.16,-5.8,0.08,56.0,1.32,70.0,-0.09,3,2.96,0.425,,2.11,1.04,2.11,2.02,-0.66,0.6,-0.27,2.38,2.96,2.58,1.69,-0.98,-0.58,-0.27,2026-03-24,1.8597997138769529,-0.040437815814264866,3.141537995126953,-2.010014306151642,1.8017716909075054,-4.619267235839142,-6.709585121602302,1.2363485963029053,-12.958059242696052
9,MRVL,SMH,56.8,Moderate,44.0,73.4,81.4,2026-03-24,92.29,17.85,23.71,0.025,53.0,0.71,50.0,-0.29,6,1.13,0.757,6 distribution days in 20,1.54,1.56,-1.93,2.7,1.03,-0.4,-1.1,1.12,0.33,-2.3,1.35,-0.5,-0.29,-1.1,2026-03-24,5.2530837941301645,9.122747787302089,6.5348220753801645,21.607826456826885,15.467574671359152,18.998573527139385,43.09868141216502,29.37850719569981,36.85020729107127
10,PSX,XLE,56.6,Moderate,52.0,61.7,89.3,2026-03-24,181.79,19.24,8.16,0.078,52.9,1.09,70.0,-0.22,7,2.85,0.489,7 distribution days in 20,2.19,0.75,-1.38,3.0,-0.85,-1.28,2.89,3.0,1.37,0.22,3.0,-1.34,-3.0,2.89,2026-03-24,0.155867290135836,-1.3559754782162425,1.437605571385836,-7.626363838788686,-3.897151676853528,-10.235616768476186,-11.250278334446662,-3.7078627456678896,-17.498752455540412
11,NBIS,IGV,54.0,Weak,79.0,36.9,98.1,2026-03-24,114.86,11.93,8.72,0.009,54.5,0.89,40.0,0.08,2,0.92,-0.018,,-1.29,0.89,1.12,-2.7,2.68,1.73,3.0,0.49,2.12,-0.6,-0.67,0.11,1.6,3.0,2026-03-24,-11.251818259604695,-8.778018600818438,-9.970079978354695,6.9650038504321055,9.828762076120634,4.3557509207446055,42.69701377599042,41.5880691013621,36.44853965489667
12,CHRD,XOP,50.0,Weak,54.5,45.8,93.9,2026-03-24,134.61,31.91,10.95,0.078,57.2,0.88,75.0,0.15,4,3.27,0.165,4 distribution days in 20; extended >3 ATR above 20d avg,0.67,-1.02,-1.74,1.01,0.15,0.33,0.79,0.95,0.9,-1.28,0.67,-0.17,-0.85,0.79,2026-03-24,5.384209335645873,3.4839718059546554,6.665947616895873,-0.022622728301036066,3.789163268758111,-2.631875657988536,-3.7553728979715095,4.1905608199336974,-10.00384701906526
13,PR,XOP,38.8,None,43.2,34.9,93.9,2026-03-24,20.36,17.08,-3.88,0.043,55.4,1.06,65.0,-0.03,2,2.94,-0.061,,0.05,-0.59,0.14,1.01,-0.14,0.67,-2.04,0.33,1.33,0.61,0.67,-0.46,-0.51,-2.04,2026-03-24,4.5273631840796025,2.6271256543883847,5.8091014653296025,0.746268656716409,4.558054653775557,-1.862984272971091,-1.4925373134328401,6.453396404472367,-7.74101143452659
14,DOCN,IGV,16.2,None,34.5,7.6,98.1,2026-03-24,84.92,35.46,32.26,0.071,52.5,0.86,50.0,0.09,2,3.22,-0.996,extended >3 ATR above 20d avg,-1.23,-1.15,1.67,-3.0,2.45,-0.62,0.4,0.55,0.08,-0.06,-1.01,-0.12,-0.75,0.4,2026-03-24,8.895939086294424,11.369738745080681,10.177677367544424,13.604060913705585,16.467819139394113,10.994807984018085,-1.3959390862944066,-2.504883760922727,-7.6444132073881566
1,DELL,XLK,97.4,Strong,96.8,98.0,87.9,2026-03-31,163.42,13.08,16.3,0.088,56.7,0.89,70.0,-0.01,2,0.73,2.192,,3.0,3.0,0.2,2.7,3.0,2.03,0.93,3.0,2.79,-0.97,2.7,-0.07,1.44,0.93,2026-03-31,11.058299741291133,5.3781801598262735,7.6951468623216,6.1789302689368775,-5.853954633903168,-0.8501822153079264,28.927260694302383,11.012462488024369,20.158162351285384
2,PARR,XLE,96.8,Strong,97.7,96.0,92.3,2026-03-31,62.65,37.0,27.98,0.103,56.9,0.85,80.0,0.12,2,1.74,1.84,,0.89,1.07,-3.0,3.0,2.58,2.25,-0.13,3.0,2.02,-3.0,3.0,0.28,1.25,-0.13,2026-03-31,-0.11516946363935299,2.650354798321952,-3.478322342608886,2.2869364922671886,8.903835033156227,-4.742175991977615,7.058242843040463,12.385694488781894,-1.710855499976538
3,EOG,XOP,89.8,Strong,89.7,90.0,94.9,2026-03-31,142.4,12.89,-1.91,0.059,58.0,,70.0,-0.07,2,1.89,1.347,,1.45,2.55,,2.02,-0.17,0.62,-0.88,1.58,3.0,,1.69,-1.07,0.71,-0.88,2026-03-31,-1.318253853911533,1.951950320575191,-4.681406732881066,-6.051001296643143,1.376627663147568,-13.080113780887947,-4.898429621092049,0.2713366304008753,-13.66752796410905
4,HQY,XLV,79.9,Strong,66.9,95.5,51.5,2026-03-31,83.54,3.86,9.98,0.043,49.3,1.21,60.0,0.14,4,1.16,1.773,4 distribution days in 20,3.0,2.72,1.33,3.0,3.0,3.0,0.65,1.76,1.43,1.45,1.35,1.18,1.13,0.65,2026-03-31,-2.3988095238095197,-4.035683710509074,-5.761962402779053,-0.3809523809523707,-0.764487755241805,-7.4100648651971746,-1.3214285714285734,-0.7324278180555255,-10.090526914445574
5,COP,XOP,74.0,Strong,75.4,72.7,94.9,2026-03-31,130.13,11.33,-3.47,0.036,57.0,1.14,70.0,-0.0,3,2.38,0.739,,1.81,1.24,1.65,3.0,0.92,0.49,-0.87,1.93,2.52,2.49,3.0,0.02,0.58,-0.87,2026-03-31,-2.279202279202275,0.991001895284449,-5.642355158171808,-7.217473884140557,0.210155075650154,-14.246586368385362,-4.320987654320985,0.8487785971719397,-13.090085997337987
6,MPC,XLE,71.7,Strong,71.4,72.1,92.3,2026-03-31,242.62,15.19,6.17,0.044,51.5,1.03,55.0,-0.39,4,1.39,0.724,4 distribution days in 20,1.41,1.13,-1.01,1.35,0.81,-0.1,0.88,3.0,2.08,0.79,2.02,-1.49,-1.1,0.88,2026-03-31,-3.8785553423972052,-1.1130310804359,-7.241708221366738,-7.5902911001751505,-0.973392559286113,-14.619403584419954,-8.007340061723244,-2.6798884159818126,-16.776438404740247
7,CHRD,XOP,70.5,Strong,71.0,70.1,94.9,2026-03-31,139.75,27.88,13.08,0.105,57.5,1.02,75.0,0.12,3,2.68,0.677,,1.88,-0.32,-1.08,1.01,0.55,1.14,-0.01,2.01,0.96,-0.24,0.67,-0.36,1.23,-0.01,2026-03-31,-1.9741219963031353,1.2960821781835885,-5.337274875272668,-5.634011090573021,1.79361786921769,-12.663123574817824,-1.9741219963031353,3.195644255189789,-10.743220339320136
8,CVX,SPY,68.2,Moderate,50.4,92.3,,2026-03-31,203.22,9.6,13.75,0.056,54.1,0.86,65.0,-0.19,4,1.64,1.494,4 distribution days in 20,3.0,3.0,1.47,3.0,1.33,1.22,1.38,1.19,0.62,-0.51,2.02,-3.0,0.27,1.38,2026-03-31,-4.505367131986093,-7.868520010955626,-7.868520010955626,-8.476540845638258,-15.505653329883062,-15.505653329883062,-7.760923247492824,-16.530021590509826,-16.530021590509826
9,DOCN,IGV,59.5,Moderate,61.3,57.7,97.0,2026-03-31,85.81,54.84,59.6,0.112,54.3,0.83,60.0,0.54,3,1.86,0.406,,1.19,-0.02,0.43,0.34,2.54,0.49,0.31,1.25,0.76,-0.82,-0.34,0.93,0.07,0.31,2026-03-31,1.4965986394557707,2.7722984165179487,-1.8665542395137624,-11.904761904761907,-14.666713849275158,-18.93387438900671,8.299319727891152,-1.6585697940310737,-0.46977861512584873
10,PR,XOP,40.5,Weak,41.0,40.0,94.9,2026-03-31,21.01,17.05,2.25,0.035,54.7,1.13,60.0,-0.02,2,2.52,0.048,,-0.05,-0.38,0.1,0.67,0.5,0.88,-1.41,0.08,0.91,0.94,0.34,-0.41,0.97,-1.41,2026-03-31,-2.0319303338171335,1.2382738406695903,-5.395083212786666,-4.2089985486211905,3.2186304111695208,-11.238111032865994,-3.144654088050325,2.0251121634425995,-11.913752431067326
11,CTVA,XLB,29.0,None,14.7,57.3,82.9,2026-03-31,83.34,6.04,9.42,0.039,50.2,1.19,55.0,-0.02,3,2.39,0.397,,1.34,0.06,-0.3,-0.0,2.34,-0.3,-0.09,0.51,-0.82,0.32,-0.67,-0.75,-1.72,-0.09,2026-03-31,0.5652435357787144,-2.239243643708466,-2.7979093431908186,-2.6217678893565965,-4.665037120125826,-9.6508803736014,-5.00300661455203,-7.9877822555776685,-13.77210495756903
12,PSX,XLE,15.3,None,17.5,13.3,92.3,2026-03-31,179.92,14.02,5.0,0.012,49.0,1.03,60.0,-0.3,6,1.25,-0.688,6 distribution days in 20,-1.38,-1.31,-1.16,1.35,0.79,-1.09,1.78,1.07,-0.36,0.63,2.02,-1.5,-2.09,1.78,2026-03-31,-6.654666141643705,-3.8891418796824,-10.017819020613238,-10.31670135568431,-3.699802814795273,-17.345813839929114,-10.755470551836643,-5.428018906095211,-19.524568894853644
13,FTI,OIH,6.5,None,9.2,4.6,96.9,2026-03-31,69.06,4.64,-0.49,0.053,50.2,1.14,60.0,-0.27,4,1.14,-1.269,4 distribution days in 20,-1.6,0.4,1.48,-0.79,0.05,-2.27,-2.04,0.05,-0.24,1.0,0.22,-1.79,-1.04,-2.04,2026-03-31,3.6994219653179172,0.591914246750691,0.33626908634838415,3.973988439306364,2.675010051294624,-3.05512404493844,4.263005780346818,-0.5614125032446404,-4.506092562670183
14,CIEN,XLK,3.9,None,1.7,8.8,87.9,2026-03-31,388.0,16.52,19.75,0.016,53.3,1.6,50.0,-0.3,3,0.65,-0.921,,-0.26,-0.13,3.0,-1.35,2.08,-0.87,-1.9,-1.3,-1.53,2.51,-1.35,-1.42,-1.46,-1.9,2026-03-31,22.974284931916067,17.29416535045121,19.611132052946534,18.456100171765712,6.4232152689256665,11.426987687520908,24.211495855218956,6.296697648940942,15.442397512201955
1,INGM,XLK,97.7,Strong,98.7,96.7,82.0,2026-04-08,26.66,20.91,19.39,0.114,59.7,0.73,70.0,0.31,1,4.47,1.941,extended >3 ATR above 20d avg,3.0,3.0,-0.99,3.0,0.49,-1.45,3.0,2.97,2.96,-1.71,3.0,1.91,0.69,3.0,2026-04-08,5.490786009778126,-0.498042385894637,1.7868065030463454,13.877397517863855,2.3239788655269997,8.487489260983129,13.27566754418954,1.036397233788632,7.83065384229511
2,SNX,XLK,94.9,Strong,93.7,96.1,82.0,2026-04-08,199.45,28.78,27.26,0.092,52.5,0.35,70.0,0.69,1,3.95,1.857,extended >3 ATR above 20d avg,3.0,1.09,-3.0,2.02,2.2,-0.73,0.91,2.06,-0.2,-3.0,1.35,3.0,1.41,0.91,2026-04-08,2.942505649008287,-3.046322746664476,-0.7614738577234936,11.900577454180251,0.34715880184339554,6.510669197299524,12.166708511172475,-0.07256179922843309,6.721694809278045
3,NWS,XLC,94.6,Strong,92.6,96.7,50.8,2026-04-08,28.61,5.81,8.55,0.099,53.3,0.77,65.0,0.09,3,1.45,1.932,,3.0,2.6,-3.0,2.7,0.99,-0.56,-0.37,3.0,0.98,-1.19,2.7,1.19,1.36,-0.37,2026-04-08,1.822642832106558,-1.333018796108787,-1.8813366746252225,7.5008762705923715,3.912084614974942,2.110968013711645,5.748335085874512,4.413587450410872,0.3033213839800819
4,DELL,XLK,93.0,Strong,94.4,91.6,82.0,2026-04-08,184.59,28.94,27.42,0.081,56.3,0.97,65.0,0.16,2,2.14,1.446,,3.0,3.0,0.28,2.7,-1.1,-0.27,-0.14,3.0,2.15,-0.44,2.02,0.32,1.86,-0.14,2026-04-08,-5.174359249905979,-11.163187645578741,-8.87833875663776,15.141582934823482,3.588164282486627,9.751674677942756,10.316479501370157,-1.9227908090307508,4.871465799475727
5,NWSA,XLC,92.1,Strong,88.4,95.9,50.8,2026-04-08,24.8,4.03,6.77,0.064,51.8,0.91,65.0,-0.03,3,1.01,1.831,,3.0,2.86,-3.0,2.25,-0.49,0.03,-0.34,2.19,1.25,-1.31,2.25,-0.29,1.95,-0.34,2026-04-08,2.2681247468610666,-0.8875368813542783,-1.4358547598707139,7.614418793033617,4.025627137416188,2.2245105361528905,5.913325232887789,4.578577597424149,0.4683115309933594
6,COP,XOP,89.7,Strong,89.7,89.8,88.0,2026-04-08,123.48,9.69,1.35,0.096,58.3,1.12,80.0,0.12,3,-0.46,1.337,,3.0,2.68,1.02,3.0,0.76,0.98,-2.34,3.0,3.0,1.78,3.0,0.66,1.63,-2.34,2026-04-08,-5.8540110816670765,-0.9743944383758247,-9.557990588398857,-2.9149602505420313,-0.355352957414401,-8.304868507422757,1.5498273508391502,-1.3604110783333567,-3.8951863510552798
7,MRVL,SMH,84.5,Strong,81.2,87.9,78.4,2026-04-08,114.36,22.68,16.28,0.029,56.7,0.87,45.0,0.57,4,3.02,1.243,4 distribution days in 20; extended >3 ATR above 20d avg,2.09,2.76,-1.65,2.02,-0.24,-0.59,0.77,1.18,1.39,-1.64,0.67,1.77,1.35,0.77,2026-04-08,13.207705897198618,6.1536365144592375,9.503726390466838,32.29578531168502,19.56537601023878,26.905877054804296,31.673256498696055,13.628072643889364,26.228242796801624
8,PARR,XLE,82.7,Strong,94.5,72.4,85.3,2026-04-08,60.71,26.35,21.25,0.125,56.3,0.96,85.0,0.13,3,0.26,0.733,,-0.79,0.92,-3.0,3.0,0.73,-0.92,-0.97,3.0,1.74,-1.64,3.0,0.25,1.48,-0.97,2026-04-08,0.892567348263551,5.070840328764936,-2.8114121584682294,5.598831548198624,8.453984751541244,0.20892329131789733,7.789678675754641,6.30987366182707,2.344664973860211
9,FORM,SMH,82.5,Strong,84.3,80.7,78.4,2026-04-08,117.78,29.43,23.03,0.103,57.2,1.03,70.0,0.27,3,2.57,0.966,,3.0,2.99,1.4,3.0,-1.52,-0.78,-1.56,3.0,1.62,1.41,3.0,0.49,1.15,-1.56,2026-04-08,9.518581081081056,2.464511698341675,5.814601574349275,23.623310810810814,10.89290150936457,18.233402553930087,14.46790540540539,-3.5772784494013017,9.02289170351096
10,GLW,XLK,82.1,Strong,79.7,84.6,82.0,2026-04-08,164.53,21.17,19.65,0.032,52.8,0.77,60.0,0.55,0,2.63,1.1,,1.63,1.52,-0.97,1.01,0.22,0.97,0.16,0.29,0.24,-1.69,0.34,1.64,3.0,0.16,2026-04-08,0.20319129863142216,-5.785637097041341,-3.5007882081003583,0.5139544612442482,-11.039464191092607,-4.8759537956364785,-9.526086177015491,-21.765356487416398,-14.971099878909921
11,HQY,XLV,81.1,Strong,81.2,81.0,80.8,2026-04-08,81.98,4.37,6.31,0.034,50.5,1.14,60.0,0.19,3,0.27,0.974,,3.0,1.27,1.36,2.02,1.42,-0.35,0.89,1.63,1.9,1.01,1.35,1.25,1.76,0.89,2026-04-08,0.14360938247965915,0.8481686941794186,-3.5603701242521213,-0.8018190521780766,0.8647347043424847,-6.191727309058804,-2.549066539013878,1.481825676960658,-7.994080240908308
12,EOG,XOP,78.2,Strong,84.1,72.7,88.0,2026-04-08,136.99,8.74,0.4,0.053,57.7,,65.0,0.04,3,-0.31,0.741,,0.63,2.44,,1.35,-0.23,0.41,-1.78,1.22,2.93,,1.35,-0.33,1.06,-1.78,2026-04-08,-5.266216314374949,-0.3865996710836974,-8.97019582110673,-4.104016851892189,-1.544409558764559,-9.493925108772917,0.2978136122612218,-2.612424816911285,-5.147200089633208
13,DOCN,IGV,76.6,Strong,81.0,72.4,90.5,2026-04-08,89.52,44.34,51.28,0.073,54.2,0.69,60.0,0.59,3,1.19,0.731,,0.73,0.46,-2.37,0.0,0.9,1.1,0.46,0.95,1.03,-2.31,0.0,0.94,1.92,0.46,2026-04-08,-14.010624169986718,-18.850149062582123,-17.714603676718497,5.710491367861881,-6.470453792613217,0.3205831109811541,7.215582115980523,0.41750276293528454,1.7705684140860933
14,CDW,XLK,74.9,Strong,72.1,77.9,82.0,2026-04-08,125.37,6.78,5.26,0.079,54.5,1.2,70.0,0.12,3,2.05,0.88,,2.91,2.68,2.13,1.48,-0.98,0.36,1.12,1.57,1.39,1.41,0.81,0.44,2.49,1.12,2026-04-08,3.2710280373831724,-2.7178003582895904,-0.43295146934860806,13.543345149854979,1.9899264975181232,8.153436892974252,8.048662584595556,-4.190607725805352,2.603648882701126
15,ONTO,SMH,69.2,Moderate,64.2,74.5,78.4,2026-04-08,240.46,24.1,17.71,0.051,57.7,0.93,55.0,0.16,2,2.28,0.787,,1.8,3.0,-0.36,1.35,-2.02,-1.5,-1.63,0.89,1.72,-0.35,0.0,-0.01,0.43,-1.63,2026-04-08,7.954166666666662,0.9000972839272814,4.250187159934882,23.845833333333346,11.115424031887102,18.45592507645262,18.458333333333332,0.4131494785266412,13.013319631438902
16,MRK,XLV,65.7,Moderate,66.9,64.5,80.8,2026-04-08,121.6,6.01,7.94,0.058,51.0,0.94,60.0,0.18,2,1.92,0.549,,3.0,-1.43,2.74,3.0,1.33,2.14,-1.93,2.2,-0.79,2.39,2.7,1.15,3.0,-1.93,2026-04-08,-4.055725002060839,-3.35116569036108,-7.75970450879262,-8.160910065122417,-6.494356308601856,-13.550818322003144,-9.669441925645039,-5.638549709670503,-15.114455627539469
17,CORT,XBI,64.6,Moderate,55.9,74.6,70.7,2026-04-08,41.88,24.83,22.38,0.032,50.4,0.59,60.0,-1.07,3,1.69,0.789,,2.01,0.55,-1.46,3.0,-1.97,-1.09,0.71,0.49,0.27,-2.78,1.12,-3.0,-0.01,0.71,2026-04-08,5.224059429666905,0.037673692227691014,1.5200799229351247,11.622334052240602,5.756778753946246,6.232425795359875,11.6702612029715,12.264534568719732,6.225247501077069
18,AMD,SMH,60.3,Moderate,54.4,66.9,78.4,2026-04-08,231.88,14.09,7.7,0.001,52.4,1.02,50.0,0.19,2,2.31,0.601,,1.52,1.73,0.19,1.35,-0.57,-0.88,-1.44,0.61,0.36,0.2,0.0,1.45,1.05,-1.44,2026-04-08,10.814872059076098,3.7608026763367173,7.110892552344318,30.276489781899365,17.54608048045312,24.886581525018638,44.71063025931652,26.665446404509826,39.265616557422085
19,SLB,OIH,58.2,Moderate,72.6,46.6,81.4,2026-04-08,51.36,7.85,0.38,0.059,55.3,1.03,65.0,-0.13,2,1.34,0.181,,-1.47,2.88,0.2,0.67,-0.39,-0.78,-0.9,1.27,2.66,0.74,2.02,-1.73,-0.17,-0.9,2026-04-08,1.4268960125097818,3.176135209101383,-2.2770834942219986,5.199374511336985,3.5292588692189097,-0.1905337455437417,7.740422204847541,-0.7708376855967591,2.2954085029531113
20,EXEL,XBI,46.8,Weak,36.9,59.3,70.7,2026-04-08,44.23,7.09,4.64,-0.033,48.4,0.91,45.0,-0.11,0,1.95,0.438,,1.21,-0.13,-0.44,2.7,0.25,-0.88,-3.0,-0.31,-0.41,-1.76,0.67,-0.91,0.2,-3.0,2026-04-08,0.7163975437798342,-4.46998819365938,-2.9875819629519462,6.572663179440519,0.7071078811461629,1.1827549225597922,1.6374801000682337,2.231753465816466,-3.8075336018261963
21,CHRD,XOP,43.9,Weak,47.9,40.2,88.0,2026-04-08,132.58,14.55,6.21,0.118,57.1,1.81,75.0,0.17,3,-0.02,0.052,,1.8,-0.12,1.61,0.67,0.09,0.26,-0.24,2.39,0.38,2.38,0.67,-0.01,0.9,-0.24,2026-04-08,-4.824757643549593,0.05485899974165864,-8.528737150281373,-1.133482475764347,1.4261248173632834,-6.5233907326450735,7.069351230425069,4.159112801252562,1.6243375285306394
22,PR,XOP,39.4,None,43.3,35.8,88.0,2026-04-08,20.25,10.72,2.38,0.08,56.5,1.25,65.0,0.16,3,0.21,-0.042,,0.12,0.33,0.66,0.34,0.29,1.05,-1.02,0.71,0.83,1.43,0.34,0.19,1.7,-1.02,2026-04-08,-3.131115459882583,1.7485011834086688,-6.835094966614363,-2.0547945205479534,0.5048127725796769,-7.44470277742868,4.3542074363992045,1.4439690072266975,-1.0908062654952255
23,LITE,XLK,35.4,None,32.0,39.1,82.0,2026-04-08,895.83,33.3,31.79,-0.002,53.3,0.81,55.0,0.1,1,2.23,0.027,,0.18,0.63,0.02,2.02,-1.47,-1.83,-1.42,-1.16,-0.65,-0.7,1.35,-0.05,0.3,-1.42,2026-04-08,-9.673245614035086,-15.662074009707847,-13.377225120766866,-4.211622807017545,-15.7650414593544,-9.601531063898271,-5.898026315789473,-18.13729662619038,-11.343040017683903
24,INSW,XLE,33.9,None,65.4,17.6,85.3,2026-04-08,68.68,7.28,2.18,0.092,55.4,1.06,65.0,0.07,2,1.84,-0.522,,-3.0,-0.13,-1.7,1.35,-0.21,-2.4,-1.24,1.66,0.7,1.0,2.7,-0.69,-0.01,-1.24,2026-04-08,-3.152111046847883,1.0261619336535017,-6.856090553579664,-0.809716599190291,2.0454366041523286,-6.199624856071018,5.610179294389828,4.130374280462257,0.16516559249539764
25,ROST,XRT,22.8,None,26.5,19.6,87.5,2026-04-08,223.59,5.67,4.89,0.023,50.5,0.98,60.0,0.06,4,2.19,-0.457,4 distribution days in 20,-0.86,-1.93,-2.73,-0.0,-0.42,-0.75,1.47,-0.52,-0.86,0.02,0.67,0.07,1.29,1.47,2026-04-08,0.33253943288544807,-1.1376914298120155,-3.3714400738463324,1.3166764031816047,-4.0660696478512115,-4.073231853699122,0.7504606120523061,-0.6711675774981218,-4.694553089842124
26,ARMK,XLI,19.3,None,7.8,47.6,33.5,2026-04-08,43.13,8.31,7.77,-0.012,45.5,0.81,45.0,-0.02,2,2.08,0.202,,1.28,-0.33,-0.41,0.0,-0.22,-0.03,-0.62,-1.35,-2.22,-0.2,-1.35,-0.92,0.54,-0.62,2026-04-08,1.1595547309833032,0.37261904670427004,-2.5444247757484773,4.499072356215228,3.812722436092164,-0.8908359006654987,3.849721706864573,3.826054468239626,-1.5952919950298572
27,CTVA,XLB,13.1,None,15.2,11.3,88.1,2026-04-08,83.62,10.06,5.85,0.037,50.3,1.27,50.0,0.27,4,1.37,-0.782,4 distribution days in 20,0.7,-0.59,0.75,-1.69,1.84,-2.97,-0.29,0.34,-1.16,0.47,-1.35,2.1,-0.62,-0.29,2026-04-08,-3.226963069200428,-2.8553612698653863,-6.9309425759322085,-5.593402653280755,-6.141026357563939,-10.983310910161482,-5.545595792996294,-4.391674416113833,-10.990609494890723
28,NESR,OIH,8.6,None,14.3,5.2,81.4,2026-04-08,24.04,14.75,7.28,0.045,53.3,0.98,55.0,-0.18,3,2.14,-1.202,,-2.41,-0.66,0.17,-1.35,-0.25,-1.17,-0.63,0.33,-0.87,0.72,0.0,-1.59,-0.56,-0.63,2026-04-08,-1.9417475728155331,-0.19250837622393213,-5.645727079547314,-0.042211903756861346,-1.7123275458749365,-5.432120160637588,2.321654706627263,-6.189605183817037,-3.123358995267167
29,FTI,OIH,7.2,None,12.1,4.3,81.4,2026-04-08,71.76,10.79,3.32,0.06,50.0,1.24,65.0,0.04,2,1.48,-1.299,,-2.85,-0.45,0.92,-1.12,0.58,-1.61,-3.0,-0.11,-0.67,1.46,0.22,-0.76,-1.0,-3.0,2026-04-08,-0.041678243956655425,1.7075609526349456,-3.745657750688436,0.23617671575437704,-1.4339389263636981,-5.15373154112635,6.8352320088913565,-1.676027881552944,1.3902183069969265
30,CIEN,XLK,6.8,None,5.0,9.2,82.0,2026-04-08,494.0,46.42,44.9,0.024,52.6,,55.0,0.12,1,2.58,-0.894,,0.53,-0.91,,0.0,-1.93,-2.98,-2.47,-0.81,-2.19,,-0.67,-0.51,-0.84,-2.47,2026-04-08,-4.622076125954577,-10.61090452162734,-8.326055632686359,0.012026217153393581,-11.541392435183461,-5.377882039727333,-4.674189733619305,-16.913460044020212,-10.119203435513736
1,ZM,IGV,93.9,Strong,96.0,91.9,15.0,2026-04-15,89.0,17.21,20.17,0.11,59.5,1.13,60.0,0.45,2,2.55,1.464,,3.0,3.0,0.29,2.02,-0.2,-0.71,0.97,3.0,3.0,0.13,0.67,2.53,1.79,0.97,2026-04-15,2.1333333333333426,-2.2155148095909682,0.6853669376227556,6.400000000000006,7.058204043253413,4.8989892907831845,16.780555555555555,13.630579062842797,12.112655967007392
2,KLAC,SMH,93.6,Strong,97.3,90.1,65.7,2026-04-15,174.39,18.01,3.84,0.102,59.4,1.23,65.0,0.67,2,2.5,1.355,,2.78,2.13,,2.7,-0.59,-1.07,-1.83,3.0,3.0,0.34,3.0,3.0,2.04,-1.83,2026-04-15,5.558474922636769,-0.31408649956177204,4.110508526926182,5.850411630758434,-5.013605059212046,4.349400921541613,5.792024289134101,-16.12465902311484,1.1241247005859378
3,NWS,XLC,86.4,Strong,93.5,79.9,15.7,2026-04-15,29.05,6.41,4.36,0.153,56.5,0.62,70.0,-0.1,2,1.72,0.939,,3.0,1.45,-3.0,0.67,-1.93,-1.89,-3.0,3.0,1.93,-2.48,2.7,-0.48,-0.13,-3.0,2026-04-15,5.178326474622774,5.178326474622774,3.730360078912187,3.4636488340192173,5.639602413676181,1.962638124802396,3.292181069958855,3.761504391061332,-1.3757185185893084
4,INGM,XLK,85.4,Strong,98.9,73.8,78.8,2026-04-15,28.05,26.18,18.36,0.117,58.4,0.66,65.0,0.51,1,4.3,0.769,extended >3 ATR above 20d avg,1.68,0.53,-1.93,2.7,-2.71,-3.0,3.0,3.0,2.63,-2.27,3.0,3.0,0.21,3.0,2026-04-15,7.681365576102417,2.9412739608863037,6.23339918039183,7.112375533428161,1.7283218920552512,5.61136482421134,-5.049786628733999,-17.636920665778412,-9.717686217282163
5,AAPL,QQQ,84.2,Strong,94.5,75.0,28.1,2026-04-15,265.9,4.78,-0.99,0.018,54.7,1.13,60.0,0.47,2,1.88,0.8,,1.64,3.0,0.81,2.7,-2.45,-1.4,-0.37,1.63,3.0,0.76,2.02,3.0,2.39,-0.37,2026-04-15,2.3956142985881668,-0.08294716377876821,0.9476479028775797,1.2729047762090717,-2.226240817720737,-0.2281059330077495,7.780114148392925,-1.033593973951752,3.1122145598447615
6,INTC,SMH,83.6,Strong,97.8,71.5,65.7,2026-04-15,64.94,47.45,33.28,0.038,58.9,,60.0,0.99,2,4.1,0.709,extended >3 ATR above 20d avg,0.71,3.0,,-0.17,-0.78,-0.69,-0.07,2.5,3.0,,0.51,3.0,2.42,-0.07,2026-04-15,0.47743724010471666,-5.3951241820938245,-0.9705291556058704,45.97258586169719,35.108569171726714,44.47157515248037,74.04897582011397,52.132292507865024,69.3810762315658
7,AVGO,QQQ,82.4,Strong,93.7,72.4,28.1,2026-04-15,395.26,23.7,17.94,0.028,53.2,0.85,55.0,0.55,0,5.05,0.732,extended >3 ATR above 20d avg,2.03,1.39,-1.2,2.02,-2.49,-1.86,-0.35,2.03,1.34,-1.25,1.35,2.99,1.92,-0.35,2026-04-15,6.988263984148757,4.509702521781822,5.54029758843817,2.679977645684084,-0.8191679482457248,1.1789669364672628,7.694457145760292,-1.119250976584385,3.0265575572121284
8,XYZ,IGV,81.5,Strong,86.1,77.1,15.0,2026-04-15,67.97,13.69,16.65,0.03,54.0,0.96,55.0,0.37,1,2.57,0.856,,0.28,1.99,-0.12,2.02,-1.11,2.27,-0.86,0.68,2.15,-0.28,0.67,1.62,3.0,-0.86,2026-04-15,5.842827928717509,1.493979785793198,4.394861533006922,1.4680105170902902,2.1262145603436977,-0.03300019212653105,3.4472684779433216,0.2972919852305633,-1.2206311106048418
9,TER,SMH,80.3,Strong,97.7,66.0,65.7,2026-04-15,364.69,21.9,7.73,0.117,57.5,0.84,75.0,0.8,1,2.44,0.582,,1.35,1.71,,1.69,-1.55,-1.38,-1.5,3.0,2.59,-1.35,2.36,3.0,1.73,-1.5,2026-04-15,5.316587314617194,-0.5559741075813474,3.8686209189066068,-16.237071088491206,-27.101087778461686,-17.738081797708027,4.580528648826143,-17.3361546634228,-0.08737093972202015
10,CORT,XBI,79.6,Strong,82.9,76.4,6.2,2026-04-15,43.91,31.07,21.23,0.078,52.7,0.63,75.0,-0.18,3,2.43,0.839,,1.97,0.34,-1.82,3.0,-0.76,-0.64,-1.41,1.24,0.73,-3.0,2.7,-0.76,0.51,-1.41,2026-04-15,6.4685714285714235,5.615692963752661,5.0206050328608365,6.514285714285717,11.815366517167845,5.013275005068896,19.29142857142856,18.166511285934853,14.623528982880398
11,EXEL,XBI,66.1,Moderate,66.1,66.1,6.2,2026-04-15,44.28,5.84,-4.0,0.005,50.0,0.92,40.0,0.26,1,0.97,0.585,,1.72,-0.21,0.73,2.02,2.14,0.57,-3.0,0.99,0.19,-1.33,-0.67,2.14,1.72,-3.0,2026-04-15,6.186267845003401,5.333389380184639,4.738301449292814,1.2689780194878653,6.570058822369995,-0.23203268972895597,10.310446408339002,9.185529122845292,5.642546819790839
12,INSW,XLE,64.6,Moderate,65.9,63.4,8.9,2026-04-15,66.98,13.33,17.39,0.091,55.2,0.99,75.0,-0.06,2,0.65,0.525,,0.41,1.44,-1.04,3.0,-0.88,-2.96,-1.16,1.64,0.79,0.78,3.0,-1.1,-0.45,-1.16,2026-04-15,2.3880597014925398,1.1360183296907023,0.9400933057819527,9.01492537313433,3.2446477465692736,7.513914663917509,15.223880597014938,13.155290504472749,10.555981008466775
13,CAT,XLI,62.2,Moderate,61.9,62.6,5.7,2026-04-15,767.18,9.59,6.46,0.073,50.4,1.01,70.0,0.18,1,1.58,0.507,,0.82,0.52,-0.6,2.7,-0.18,-1.0,-2.27,1.03,-0.49,-0.3,2.7,0.6,0.14,-2.27,2026-04-15,5.507632789627759,5.625024349174634,4.059666393917172,5.6801547469677915,6.454939039977125,4.17914403775097,20.88169176076955,17.612336827389274,16.213792172221385
14,AMD,SMH,60.4,Moderate,95.6,38.1,65.7,2026-04-15,258.11,31.48,17.31,0.063,57.7,,60.0,0.7,2,3.8,0.007,extended >3 ATR above 20d avg,0.28,1.54,,0.67,-1.91,-1.72,-1.51,2.07,2.42,,1.35,3.0,1.39,-1.51,2026-04-15,14.488379112586781,8.61581769038824,13.040412716876194,27.173256866888007,16.309240176917527,25.672246157671186,59.0288258376094,37.11214252536046,54.36092624906124
15,MRVL,SMH,58.0,Moderate,95.7,35.1,65.7,2026-04-15,134.57,48.37,34.2,0.052,62.8,0.79,55.0,0.62,2,4.12,-0.057,extended >3 ATR above 20d avg,-0.22,2.13,,-0.0,-3.0,-2.44,1.94,1.57,3.0,-2.4,0.67,1.53,0.67,1.94,2026-04-15,19.082235347569277,13.209673925370737,17.63426895185869,18.5218839921248,7.657867302154319,17.020873282907978,30.327124034529774,8.410440722280832,25.65922444598161
16,PDFS,IGV,53.8,Weak,68.9,42.0,15.0,2026-04-15,41.93,26.49,29.44,-0.007,54.9,,55.0,0.41,3,3.42,0.088,extended >3 ATR above 20d avg,-0.02,0.9,,2.02,-1.43,-0.97,-0.47,0.38,1.06,,0.67,1.3,1.53,-0.47,2026-04-15,4.43384982121573,0.08500167829141869,2.9858834255051425,-4.576877234803344,-3.918673191549937,-6.077887944020166,14.731823599523231,11.581847106810473,10.063924010975068
17,SNX,XLK,47.0,Weak,92.2,24.0,78.8,2026-04-15,205.01,33.08,25.26,0.128,52.3,0.43,75.0,0.54,3,3.31,-0.327,extended >3 ATR above 20d avg,0.65,-2.21,-3.0,0.67,-3.0,-2.09,1.27,2.0,-0.1,-3.0,1.35,2.26,2.2,1.27,2026-04-15,8.532606048799485,3.7925144335833716,7.084639653088898,8.79072712219353,3.4066734808206203,7.289716412976709,13.72424877027223,1.1371147332278184,9.056349181724066
18,FORM,SMH,44.6,Weak,86.8,22.9,65.7,2026-04-15,129.67,36.9,22.73,0.097,56.0,,70.0,0.23,3,3.0,-0.358,extended >3 ATR above 20d avg,1.31,0.23,,1.01,-3.0,-2.74,-0.69,3.0,1.11,,1.69,0.18,0.37,-0.69,2026-04-15,14.503637643745604,8.631076221547062,13.055671248035017,6.0236251271219565,-4.840391562848524,4.522614417905135,16.67840100132989,-5.238282310919054,12.010501412781725
19,NWSA,XLC,42.2,Weak,60.6,29.4,15.7,2026-04-15,25.25,4.08,2.03,0.043,49.9,0.85,55.0,-0.14,2,1.53,-0.188,,0.34,0.13,-3.0,-1.35,-2.92,-2.56,-0.3,1.08,0.61,-1.61,0.67,-1.47,-0.8,-0.3,2026-04-15,4.523996852871748,4.523996852871748,3.0760304571611607,2.871754523996839,5.047708103653803,1.3707438147800177,2.675059008654612,3.1443823297570894,-1.9928405798935511
20,AMZN,QQQ,42.0,Weak,65.5,26.9,28.1,2026-04-15,248.43,15.44,9.68,0.034,52.4,0.84,45.0,0.39,1,4.33,-0.25,extended >3 ATR above 20d avg,0.54,-0.23,-0.99,-0.45,-3.0,-0.94,-0.04,0.53,-0.28,-1.04,-1.12,2.07,2.84,-0.04,2026-04-15,2.7153143730640705,0.23675291069713555,1.2673479773534835,5.905305925419357,2.4061603314895486,4.404295216202536,10.587714710969887,1.7740065886252108,5.919815122421724
21,CART,XLY,41.0,Weak,68.9,24.4,32.6,2026-04-15,41.3,8.13,3.51,0.006,49.6,0.82,50.0,0.35,0,1.84,-0.317,,-0.27,0.23,-0.43,-1.35,0.47,-1.49,-1.22,0.35,0.31,-1.34,0.0,2.68,0.82,-1.22,2026-04-15,5.096618357487914,4.638603090312343,3.648651961777327,2.2342995169082336,3.540491204779317,0.7332888076914124,-2.8743961352657,-4.138179002102005,-7.542295723813863
22,SANM,XLK,40.8,Weak,85.2,19.5,78.8,2026-04-15,154.34,23.35,15.54,0.034,57.7,0.79,45.0,0.3,0,2.98,-0.459,,-0.52,-0.09,-3.0,-0.67,-3.0,-3.0,-1.75,0.83,2.02,-3.0,0.0,1.16,0.18,-1.75,2026-04-15,14.871560829312823,10.131469214096711,13.423594433602236,36.04772460555483,30.663670964181925,34.54671389633801,55.5548311383492,42.96769710130479,50.886931549801034
23,ADI,SMH,40.4,Weak,86.2,18.9,65.7,2026-04-15,345.94,10.98,-3.19,0.086,52.8,0.88,70.0,0.39,0,2.27,-0.478,,0.16,-0.81,,2.02,-2.87,-0.79,-2.83,1.95,0.07,-0.02,2.7,2.71,2.32,-2.83,2026-04-15,10.03133886599732,4.158777443798779,8.583372470286733,12.35563809413267,1.4916214041621902,10.85462738491585,19.882769427195157,-2.033913885053785,15.214869838646994
24,SITM,SMH,39.5,None,85.7,18.2,65.7,2026-04-15,454.42,31.34,17.17,-0.003,51.3,0.95,50.0,0.63,2,3.61,-0.503,extended >3 ATR above 20d avg,-0.53,1.08,,0.22,-2.79,-1.87,-1.3,1.27,1.96,-0.02,0.9,2.8,1.24,-1.3,2026-04-15,14.723175449716951,8.85061402751841,13.275209054006364,15.282726060632545,4.418709370662064,13.781715351415723,36.68772267272846,14.77103936047952,32.0198230841803
25,VSH,SMH,36.7,None,82.2,16.4,65.7,2026-04-15,23.65,34.37,20.21,0.032,59.0,,55.0,0.21,2,4.36,-0.563,extended >3 ATR above 20d avg,-1.37,2.0,,0.0,-3.0,-3.0,0.39,0.43,2.88,,0.67,0.24,0.1,0.39,2026-04-15,13.367174280879857,7.494612858681315,11.91920788516927,17.00507614213198,6.1410594521615,15.504065432915159,41.328257191201345,19.411573878952403,36.66035760265318
26,FCX,COPX,36.3,None,48.0,27.5,15.8,2026-04-15,68.53,18.63,8.0,0.077,55.1,0.94,65.0,0.29,1,3.33,-0.236,extended >3 ATR above 20d avg,0.08,0.38,-0.62,0.67,-1.04,-3.0,-1.81,1.8,-0.26,-0.17,1.35,-0.13,-2.01,-1.81,2026-04-15,2.1106259097525504,3.9085611840826706,0.6626595140419633,-17.336244541484724,-7.1982095107458335,-18.837255250701546,-11.586608442503643,-8.153132047653866,-16.254508031051806
27,GLW,XLK,36.3,None,88.6,14.9,78.8,2026-04-15,167.67,29.53,21.72,0.066,56.7,0.89,75.0,0.93,0,2.16,-0.621,,-0.35,-0.78,-0.12,0.67,-3.0,-1.75,-0.16,1.0,1.32,-0.46,1.35,2.5,2.55,-0.16,2026-04-15,3.2981206240019656,-1.4419709912141476,1.8501542282913785,-7.020022110305868,-12.404075751678779,-8.52103281952269,11.134995700773853,-1.4521383362705578,6.46709611222569
28,TKR,XLI,36.2,None,35.9,36.5,5.7,2026-04-15,103.13,5.26,2.12,0.07,51.6,0.89,65.0,0.18,2,0.83,-0.026,,0.86,-0.27,0.29,0.0,-0.23,0.39,-1.87,1.08,-1.28,0.59,0.0,0.55,1.53,-1.87,2026-04-15,3.087678415380135,3.2050699749270106,1.639712019669548,2.864355762695414,3.639140055704748,1.363345053478593,15.477230799106723,12.207875865726447,10.80933121055856
29,TMO,XLV,35.3,None,54.7,22.8,21.7,2026-04-15,530.72,12.48,13.32,0.05,55.0,0.87,55.0,0.17,1,2.81,-0.359,,-0.15,-0.49,-0.62,-0.49,0.14,-2.03,-1.0,-0.05,0.24,-2.08,-0.27,0.58,-0.01,-1.0,2026-04-15,-2.5396523886409006,-1.971081351512538,-3.9876187843514876,-11.588944819071145,-8.629635324619855,-13.089955528287966,-10.276379523221578,-9.050184153992923,-14.944279111769742
30,GEV,XLI,35.1,None,34.8,35.5,5.7,2026-04-15,986.15,16.91,13.78,0.06,52.2,1.02,55.0,-0.0,2,2.0,-0.048,,0.85,1.09,0.27,0.67,-1.09,-1.96,-3.0,1.06,0.08,0.57,0.67,-0.31,-0.82,-3.0,2026-04-15,14.604842486814507,14.722234046361383,13.15687609110392,8.225914839024995,9.00069913203433,6.7249041298081735,13.901276803714357,10.631921870334082,9.233377215166193
31,AIR,ITA,34.6,None,42.8,28.0,9.4,2026-04-15,122.66,12.7,12.35,0.006,57.2,0.87,50.0,0.08,3,1.77,-0.222,,-0.74,3.0,-0.52,-2.7,-1.04,0.43,-2.76,0.17,2.32,0.22,-0.67,-0.69,1.08,-2.76,2026-04-15,-8.84036637226039,-2.372193887660801,-10.288332767970976,-13.526333006215252,-4.512814867953784,-15.027343715432073,-2.9113509977101715,1.588991233638215,-7.579250586258334
32,PH,XLI,33.4,None,34.2,32.7,5.7,2026-04-15,959.5,7.9,4.76,-0.002,49.1,0.87,45.0,0.06,1,1.37,-0.111,,-0.01,-0.95,-3.0,-0.67,-0.57,-0.87,-2.6,0.2,-1.96,-3.0,-0.67,0.21,0.27,-2.6,2026-04-15,-1.3784227024558282,-1.2610311429089527,-2.8263890981664153,-2.0043179506341935,-1.2295336576248594,-3.5053286598510147,-6.786240684229106,-10.05559561760938,-11.45414027277727
33,ONTO,SMH,32.5,None,74.3,14.2,65.7,2026-04-15,259.09,31.85,17.69,0.081,59.6,1.02,65.0,0.45,3,2.74,-0.651,,-0.18,1.29,,0.67,-3.0,-3.0,-1.95,1.62,2.17,0.08,1.35,1.38,-0.59,-1.95,2026-04-15,3.2048611111111125,-2.6677003110874287,1.7568947154005254,-1.2847222222222232,-12.148738912192703,-2.7857329314390444,1.9027777777777866,-20.013905534471156,-2.7651218107703768
34,SSRM,GDX,31.2,None,25.9,37.6,6.4,2026-04-15,31.13,10.23,6.24,0.017,51.6,0.75,55.0,-0.06,3,1.03,-0.002,,0.06,0.89,-0.87,-1.35,-0.03,0.04,0.01,0.15,-0.65,-1.84,-0.67,-0.54,-1.68,0.01,2026-04-15,-2.4872448979591844,1.2598277015724246,-3.9352112936697714,-10.235969387755105,1.9318342982239116,-11.736980096971926,3.922193877551039,9.827906126812824,-0.7457057109971243
35,MTSI,SMH,30.4,None,66.6,13.9,65.7,2026-04-15,261.16,18.0,3.84,-0.004,55.1,0.98,55.0,0.32,2,1.87,-0.664,,-1.74,2.77,,0.0,-3.0,-3.0,-2.3,0.06,3.0,0.48,0.67,0.93,-0.12,-2.3,2026-04-15,6.416353455549606,0.5437920333510649,4.968387059839019,3.490066733144115,-7.373949956826365,1.9890560239272936,18.69295083224669,-3.2237324800022513,14.025051243698528
36,AU,GDX,30.1,None,24.9,36.4,6.4,2026-04-15,102.57,8.62,4.63,0.041,51.8,1.09,55.0,0.03,2,1.53,-0.029,,0.24,0.63,0.82,-1.35,-0.67,2.12,-0.46,0.34,-0.91,-0.15,-0.67,-1.18,0.4,-0.46,2026-04-15,-5.655976676384844,-1.908904076853235,-7.103943072095431,-13.683187560738597,-1.5153838747595803,-15.184198269955418,-5.898931000971819,0.006781248289966513,-10.566830589519983
37,TXN,SMH,29.2,None,74.0,11.5,65.7,2026-04-15,214.09,11.25,-2.92,0.014,57.1,0.89,60.0,0.47,0,2.91,-0.77,,-1.13,0.79,,0.34,-2.34,-2.12,-2.51,0.67,1.67,0.73,1.01,3.0,0.99,-2.51,2026-04-15,8.999021845451583,3.126460423253042,7.551055449740996,24.169733103544644,13.305716413574164,22.668722394327823,34.1236201034049,12.206936791155961,29.45572051485674
38,CDW,XLK,28.0,None,75.5,10.4,78.8,2026-04-15,128.18,10.31,2.49,0.081,55.9,1.03,65.0,0.11,3,1.96,-0.827,,0.31,0.09,0.58,-0.22,-3.0,-3.0,-0.09,1.66,2.2,0.24,0.45,0.38,0.97,-0.09,2026-04-15,9.197272586393934,4.457180971177821,7.749306190683347,3.91290872462422,-1.47114491674869,2.411898015407399,-16.503951650395166,-29.091085687439577,-21.17185123894333
39,A,XLV,26.3,None,43.5,15.9,21.7,2026-04-15,119.54,6.49,7.33,0.035,47.3,0.87,60.0,0.0,1,1.83,-0.582,heavy selling into close today,0.68,-1.77,0.48,0.9,-0.57,-1.92,-2.35,0.78,-1.05,-0.98,1.12,-0.13,0.1,-2.35,2026-04-15,-0.5707668128050236,-0.0021957756766610714,-2.0187332085156107,-8.098271155596004,-5.138961661144714,-9.599281864812825,-2.845562081230868,-1.6193667120022126,-7.513461669779032
40,ROST,XRT,25.9,None,46.3,14.5,23.7,2026-04-15,223.27,7.15,2.5,0.069,53.1,1.08,65.0,0.1,4,1.5,-0.635,4 distribution days in 20,-1.26,-1.2,-1.81,-0.67,-0.78,0.6,-0.11,1.26,-0.16,0.34,1.35,0.27,0.82,-0.11,2026-04-15,1.298467897740041,-2.433143153569617,-0.14949849797054604,0.7323538661993867,0.8997979518350796,-0.7686568430174345,2.4351889293256157,1.0717156605778655,-2.2327106592225476
41,TSM,SMH,24.5,None,63.6,9.4,65.7,2026-04-15,373.78,8.47,-5.69,0.027,52.4,0.97,60.0,0.06,3,2.14,-0.886,,0.07,-1.06,,1.35,-3.0,-1.45,-2.21,1.86,-0.18,0.45,2.02,0.73,1.66,-2.21,2026-04-15,5.0542990120029385,-0.8182624101956026,3.6063326162923515,6.785335184126717,-4.078681505843763,5.284324474909896,13.744862687460868,-8.171820624788074,9.076963098912705
42,SHC,XLV,24.2,None,40.6,14.4,21.7,2026-04-15,16.03,15.74,16.58,0.003,50.5,0.73,45.0,0.2,0,3.34,-0.643,extended >3 ATR above 20d avg,-0.74,-1.19,0.55,-1.24,1.09,-2.03,2.06,-0.64,-0.47,-0.91,-1.01,1.53,-0.01,2.06,2026-04-15,-2.3705552089831605,-1.801984171854798,-3.8185216046937476,-3.618215845290096,-0.658906350838806,-5.119226554506917,-1.4348097317529618,-0.20861436252430643,-6.102709320301125
43,ATRO,ITA,22.5,None,26.5,19.1,9.4,2026-04-15,63.23,8.57,8.22,0.011,53.2,0.86,45.0,0.15,1,2.07,-0.472,,-1.11,0.93,-1.27,-3.0,-0.47,-0.34,-1.99,-0.2,0.13,-0.52,-1.57,-0.11,0.31,-1.99,2026-04-15,-4.408499841420865,2.0596726431787227,-5.856466237131452,-11.893434823977167,-2.879916685715699,-13.394445533193988,2.7592768791626865,7.259619110511073,-1.9086227093854768
44,RGLD,GDX,21.9,None,17.7,27.1,6.4,2026-04-15,269.28,5.64,1.64,0.025,54.7,1.04,45.0,-0.05,3,2.25,-0.245,,0.31,1.47,0.72,-2.02,-0.42,0.48,-0.92,0.41,-0.07,-0.25,-1.35,-0.93,-1.24,-0.92,2026-04-15,-7.058692752334361,-3.311620152802752,-8.506659148044948,-14.613902475174157,-2.4460987891951405,-16.11491318439098,-12.357344004742842,-6.451631755481056,-17.025243593291005
45,ROK,XLI,20.7,None,20.5,21.0,5.7,2026-04-15,394.65,11.13,7.99,-0.008,49.3,0.84,40.0,0.24,0,2.43,-0.413,,-0.97,-0.39,-1.71,-1.8,0.4,-1.46,-0.67,-0.76,-1.39,-1.41,-1.8,1.18,-0.32,-0.67,2026-04-15,2.2237384075000532,2.3411299670469288,0.7757720117894662,0.5104490435397846,1.2852333365491186,-0.9905616656770366,15.412023349253289,12.142668415873015,10.744123760705126
46,DELL,XLK,18.3,None,57.5,5.8,78.8,2026-04-15,176.48,15.9,8.08,0.028,51.8,0.76,50.0,0.16,2,0.5,-1.143,,-0.46,-1.6,-0.97,-0.67,-3.0,-3.0,-2.46,0.89,0.5,-1.32,0.0,0.33,0.1,-2.46,2026-04-15,19.889224572004018,15.149132956787906,18.44125817629343,14.86516728208571,9.4811136407128,13.36415657286889,33.350117489090294,20.762983452045884,28.68221790054213
47,AAOI,XLK,16.9,None,60.8,4.7,78.8,2026-04-15,142.55,65.2,57.38,0.029,55.8,0.82,60.0,1.11,1,2.02,-1.252,,-0.33,-1.69,1.46,0.67,-3.0,-3.0,-0.99,1.02,0.41,1.11,1.35,1.49,0.63,-0.99,2026-04-15,6.728571428571417,1.9884798133553039,5.28060503286083,9.114285714285696,3.730232072912786,7.613275005068875,27.57857142857143,14.991437391527018,22.910671840023266
48,AER,XLI,16.4,None,16.2,16.6,5.7,2026-04-15,146.82,7.15,4.02,-0.011,52.3,1.08,35.0,0.21,1,1.99,-0.557,,-1.57,1.03,-0.34,-3.0,0.8,-1.53,0.18,-1.35,0.02,-0.04,-3.0,1.59,-0.39,0.18,2026-04-15,-6.696458798835392,-6.579067239288516,-8.14442519454598,-6.770939129257226,-5.996154836247891,-8.271949838474047,1.9229467127090505,-1.3464082206712247,-2.744952875839113
49,KEYS,XLK,13.7,None,55.6,3.4,78.8,2026-04-15,325.25,13.26,5.44,0.051,48.6,0.88,55.0,0.34,0,2.31,-1.423,,-0.42,-2.91,-0.24,-0.0,-2.68,-3.0,-2.85,0.93,-0.8,-0.58,0.67,3.0,0.06,-2.85,2026-04-15,3.9020353114271655,-0.8380563037889477,2.4540689157165785,2.881314369789112,-2.502739271583798,1.3803036605722907,12.40191270230504,-0.18522133473937075,7.734013113756877
50,ENTG,SMH,11.7,None,50.6,2.7,65.7,2026-04-15,136.79,17.96,3.8,0.01,53.6,0.82,65.0,0.37,2,2.48,-1.54,,-2.91,-0.83,,0.67,-3.0,-2.1,-1.16,-1.11,0.05,-0.89,1.35,1.01,1.01,-1.16,2026-04-15,8.227708989669559,2.3551475674710174,6.7797425939589715,9.4365887610814,-1.427427928889081,7.935578051864578,14.05963806872299,-7.857045243525953,9.391738480174826
51,LITE,XLK,11.3,None,41.2,3.1,78.8,2026-04-15,823.78,26.79,18.97,0.012,51.4,0.86,60.0,0.24,1,0.56,-1.464,,-1.63,-3.0,-0.11,1.35,-3.0,-3.0,-1.44,-0.28,-0.96,-0.45,2.02,0.31,0.16,-1.44,2026-04-15,5.732060080122969,0.9919684649068561,4.284093684412382,3.870592934170869,-1.5134607072020412,2.3695822249540477,14.474177892354433,1.8870438553100222,9.80627830380627
52,SMTC,SMH,10.6,None,25.9,4.3,65.7,2026-04-15,93.27,17.79,3.63,-0.014,56.0,1.45,60.0,-0.11,4,2.06,-1.303,4 distribution days in 20,-2.46,0.16,,0.34,-3.0,-2.69,3.0,-0.66,1.04,1.92,1.01,-1.07,0.42,3.0,2026-04-15,10.73301230604602,4.860450883847478,9.285045910335432,5.189941144997312,-5.674075544973168,3.688930435780491,27.6083467094703,5.691663397221358,22.940447120922137
53,ZBRA,XLK,10.6,None,37.6,3.0,78.8,2026-04-15,229.65,9.85,2.04,-0.022,44.9,0.75,40.0,0.17,0,2.31,-1.491,,-1.3,-3.0,-1.45,-1.35,-3.0,-3.0,-0.24,0.04,-1.74,-1.8,-0.67,1.69,-0.13,-0.24,2026-04-15,0.31255426289287236,-4.427537352323241,-1.1354121328177147,-6.433408577878108,-11.817462219251018,-7.934419287094929,-0.25612085431498954,-12.8432548913594,-4.924020442863153
54,APH,XLK,6.6,None,23.0,1.9,78.8,2026-04-15,73.27,8.98,1.17,0.025,48.5,1.09,50.0,0.43,1,2.94,-1.724,,-1.25,-3.0,0.09,-1.01,-3.0,-3.0,-0.82,0.1,-1.93,-0.25,-0.34,0.81,0.03,-0.82,2026-04-15,0.7368995633187714,-4.003192051897342,-0.7110668323918157,0.9143013100436637,-4.469752331329246,-0.5867093991731576,-5.8133187772925865,-18.400452814336997,-10.48121836584075
55,Q,SMH,6.5,None,26.5,1.6,65.7,2026-04-15,131.61,16.01,1.84,0.028,52.1,0.88,60.0,0.06,0,2.07,-1.802,,-1.91,-1.41,,0.0,-3.0,-3.0,-2.97,-0.12,-0.53,0.17,0.67,0.32,-0.42,-2.97,2026-04-15,6.802825552825542,0.930264130627001,5.354859157114955,8.36148648648647,-2.5025302034840102,6.860475777269649,14.588452088452097,-7.328231223796845,9.920552499903934
56,FTI,OIH,5.2,None,8.6,3.2,21.3,2026-04-15,71.95,10.29,5.69,0.032,48.2,1.04,60.0,0.22,1,0.7,-1.454,,-3.0,-0.85,0.53,-3.0,0.98,-0.56,-2.72,-1.34,-1.23,0.49,-0.34,-0.09,-0.84,-2.72,2026-04-15,1.2063403001823625,-2.388122886957955,-0.24162609552822456,7.869266376770945,-2.695825903443371,6.3682556675541235,3.590966474961399,-3.7815280676065655,-1.0769331135867644
57,AME,XLI,5.1,None,5.1,5.2,5.7,2026-04-15,229.4,6.7,3.57,-0.008,47.3,0.97,45.0,0.19,1,1.86,-1.198,,-2.16,-2.01,-0.25,-1.35,0.3,-1.29,-1.13,-1.94,-3.0,0.05,-1.35,1.08,-0.15,-1.13,2026-04-15,0.4810215147804664,0.5984130743273419,-0.9669448809301207,-0.5815987405982215,0.19318555241111257,-2.0826094498150427,5.177540668182612,1.9081857348023368,0.5096410796344486
58,NESR,OIH,5.0,None,9.7,2.6,21.3,2026-04-15,23.23,11.84,7.25,0.029,49.6,0.82,55.0,-0.55,2,0.87,-1.56,,-2.39,-1.36,0.01,-2.7,-1.95,-1.16,-1.0,0.07,-1.74,-0.04,0.0,-3.0,-1.44,-1.0,2026-04-15,3.406113537117905,-0.18834965002241244,1.9581471414073182,5.85152838427947,-4.713563895934846,4.350517675062648,8.296943231441055,0.924448688873091,3.629043642892892
59,WAT,XLV,3.7,None,6.3,2.2,21.7,2026-04-15,326.21,9.82,10.66,-0.054,45.0,0.81,40.0,0.21,0,2.1,-1.655,,-2.92,-3.0,0.54,-1.24,0.43,-1.69,-0.32,-2.82,-3.0,-0.92,-1.01,0.87,0.33,-0.32,2026-04-15,3.6085986866559505,4.1771697237843135,2.1606322909453635,-9.546524594226236,-6.587215099774946,-11.047535303443057,8.168132821211739,9.394328190440394,3.5002332326635752
60,ARMK,XLI,2.2,None,2.2,2.3,5.7,2026-04-15,43.62,7.15,4.01,-0.037,44.5,0.94,40.0,0.04,3,1.99,-1.63,,-2.71,-1.0,0.24,-2.02,-1.24,-2.14,-0.3,-2.5,-2.01,0.54,-2.02,-0.46,-0.99,-0.3,2026-04-15,3.253895508707605,3.3712870682544804,1.8059291129970179,2.612282309807523,3.3870666028168572,1.111271600590702,4.399633363886357,1.130278430506082,-0.26826622466180616
61,CIEN,XLK,1.4,None,3.5,0.6,78.8,2026-04-15,475.85,28.59,20.77,0.003,52.3,1.02,50.0,0.41,3,1.22,-2.324,,-2.55,-3.0,-0.54,-2.02,-3.0,-3.0,-3.0,-1.2,-3.0,-0.88,-1.35,0.21,-1.55,-3.0,2026-04-15,4.660723649711596,-0.07936796550451763,3.2127572540010085,-0.2433141059255406,-5.62736774729845,-1.7443248151423618,20.95228106974305,8.36514703269864,16.284381481194888
62,MTCH,XLC,1.2,None,1.2,1.2,15.7,2026-04-15,34.33,11.79,9.74,-0.074,47.9,0.88,35.0,0.1,0,2.99,-1.944,,-3.0,-3.0,-1.48,-3.0,-1.19,-3.0,-1.09,-3.0,-3.0,0.39,-2.02,0.27,-3.0,-1.09,2026-04-15,5.365429234338759,5.365429234338759,3.917462838628172,6.670533642691434,8.846487222348397,5.169522933474613,9.570765661252922,10.0400889823554,4.902866072704759
1,EXEL,XBI,89.1,Strong,92.3,86.0,1.9,2026-04-22,46.86,12.71,-2.15,0.027,54.2,0.8,50.0,0.21,1,2.12,1.157,,1.41,1.42,0.25,2.7,1.62,1.54,-1.82,1.56,2.29,-2.14,0.67,1.6,1.76,-1.82,2026-04-22,-4.528946806237988,1.2432384304289172,-4.823597758187215,3.99487289040803,3.3730278395630586,0.5709721651133703,9.613330484939109,10.322965425315145,4.990993676235567
2,CORT,XBI,82.7,Strong,86.7,78.8,1.9,2026-04-22,46.58,37.75,22.89,0.101,53.3,0.72,70.0,0.35,2,2.39,0.906,,1.37,-0.2,-1.28,3.0,0.6,0.52,-1.7,1.51,0.68,-3.0,1.35,0.58,0.74,-1.7,2026-04-22,0.5393743257820827,6.311559562448988,0.2447233738328558,12.599784250269686,11.977939199424714,9.175883524975026,23.17152103559872,23.881155975974757,18.54918422689518
3,XYZ,IGV,80.2,Strong,92.2,69.7,5.3,2026-04-22,72.46,20.99,11.17,0.049,56.3,0.96,60.0,0.42,2,3.08,0.666,extended >3 ATR above 20d avg,-0.54,2.13,0.15,2.02,0.02,1.34,-1.2,1.19,2.87,0.13,1.35,2.18,3.0,-1.2,2026-04-22,-2.8461538461538427,-1.8041212972719767,-3.1408047981030696,-0.9510489510489606,-3.702483209332552,-4.37494967634362,-2.384615384615385,-6.154665730008202,-7.006952193318927
4,NWS,XLC,80.0,Strong,94.1,68.0,5.5,2026-04-22,30.67,13.26,7.19,0.141,57.1,0.74,70.0,0.08,1,3.53,0.626,extended >3 ATR above 20d avg,1.44,-0.16,-3.0,0.0,0.16,0.28,-3.0,2.88,2.01,-2.56,1.35,0.63,1.12,-3.0,2026-04-22,-1.9499512512187178,0.30107194114145086,-2.2446022031679447,-2.1124471888202767,-1.5667445967329607,-5.536347914114936,-0.5849853753656098,0.4296803817967376,-5.207322184069152
5,CRWD,IGV,79.3,Strong,91.6,68.7,5.3,2026-04-22,116.67,18.8,8.97,0.1,61.1,1.64,65.0,0.27,3,2.82,0.643,,1.96,2.01,0.57,1.35,-0.9,-0.39,-0.04,3.0,2.75,0.55,0.67,1.26,2.49,-0.04,2026-04-22,-0.2645502645502784,0.7774822843315876,-0.5592012164995053,3.1569664902998174,0.4055322320162258,-0.26693423499484226,23.977072310405646,20.207021965012828,19.354735501702102
6,ZM,IGV,78.3,Strong,90.5,67.8,5.3,2026-04-22,91.92,20.98,11.16,0.102,58.9,1.17,60.0,0.3,3,2.22,0.621,,1.45,3.0,0.26,1.35,-1.07,-2.37,0.8,3.0,3.0,0.24,0.67,1.09,0.51,0.8,2026-04-22,6.117021276595747,7.159053825477613,5.82237032464652,16.46996897163122,13.71853471334763,13.046068246336562,13.563829787234049,9.793779441841231,8.941492978530507
7,SOFI,XLF,72.8,Strong,89.7,59.1,5.0,2026-04-22,19.05,14.08,8.19,-0.005,52.4,0.82,40.0,0.11,1,2.32,0.433,,-1.69,2.26,-0.21,-0.56,0.49,2.49,0.83,0.45,3.0,-2.03,-0.34,0.5,2.13,0.83,2026-04-22,-17.284496537027174,-16.955803574923536,-17.5791474889764,-13.239211507725091,-12.736504624507774,-16.663112233019753,-18.51358550879062,-16.44475333555009,-23.135922317494163
8,GTES,XLI,70.8,Strong,71.3,70.4,1.3,2026-04-22,25.52,11.25,6.96,0.088,54.4,0.94,50.0,0.1,3,1.41,0.684,,2.99,2.04,3.0,0.0,0.53,3.0,-1.3,3.0,1.89,3.0,0.67,0.07,3.0,-1.3,2026-04-22,-3.2697547683923744,-2.008146217489981,-3.5644057203416013,2.101985208252244,-0.6607038870108717,-1.3219155170424157,-1.2845465161541503,-2.166504345720166,-5.906883324857692
9,FLYW,IGV,68.0,Moderate,88.0,52.6,5.3,2026-04-22,14.0,13.68,3.86,0.024,52.5,0.62,55.0,0.16,0,3.25,0.301,extended >3 ATR above 20d avg,-0.87,1.29,-0.9,2.02,-1.47,-1.11,0.6,0.86,2.04,-0.92,1.35,0.7,1.76,0.6,2026-04-22,-2.0086083213773254,-0.9665757724954593,-2.3032592733265522,25.46628407460545,22.71484981632186,22.04238334931079,13.486370157819238,9.71631981242642,8.864033349115696
10,CVLT,IGV,67.7,Moderate,83.6,54.8,5.3,2026-04-22,95.56,22.0,12.17,0.046,50.9,0.47,65.0,0.9,0,2.1,0.345,,-1.36,-1.39,-2.66,2.7,3.0,-1.66,-0.92,0.37,-0.65,-2.69,2.02,3.0,1.21,-0.92,2026-04-22,8.247753530166868,9.289786079048735,7.953102578217641,8.162173727000432,5.410739468716841,4.738273001705773,6.771501925545564,3.0014515801527475,2.1491651168420223
11,NWSA,XLC,65.7,Moderate,87.1,49.5,5.5,2026-04-22,26.57,11.13,5.06,0.105,52.5,0.93,65.0,0.01,2,3.09,0.24,extended >3 ATR above 20d avg,0.85,-0.58,-1.94,-0.4,0.01,-0.39,-0.65,2.28,1.59,-1.23,0.94,0.49,0.45,-0.65,2026-04-22,-1.1342155009451793,1.1168076914149894,-1.4288664528944062,-1.3232514177693666,-0.7775488256820506,-4.747152143064026,0.4914933837429025,1.50615914090525,-4.13084342496064
12,ORCL,IGV,65.1,Moderate,86.4,49.1,5.3,2026-04-22,186.85,27.9,18.08,0.006,57.1,0.62,35.0,0.17,2,3.75,0.231,extended >3 ATR above 20d avg,-0.9,1.09,-3.0,-1.35,-1.05,-0.76,1.25,0.83,1.84,-3.0,-2.02,1.11,2.11,1.25,2026-04-22,-9.178394615341823,-8.136362066459956,-9.473045567291049,7.537408911386767,4.7859746531031755,4.113508186092107,5.1955276186238075,1.4254772732309906,0.5731908099202654
13,INSW,XLE,64.9,Moderate,69.9,60.3,2.4,2026-04-22,68.6,4.27,11.33,0.101,51.5,0.92,65.0,-0.09,2,0.61,0.458,,0.13,0.0,-3.0,0.67,-1.22,0.47,-1.43,2.35,-0.77,0.34,2.7,-1.12,2.03,-1.43,2026-04-22,5.885763989562198,2.0745440429905226,5.591113037612971,11.916497535517534,11.738403145490818,8.492596810222874,11.162655842273118,9.84475735607542,6.540319033569576
14,EMR,XLI,61.7,Moderate,66.5,57.2,1.3,2026-04-22,141.73,9.74,5.45,0.014,49.0,0.82,55.0,-0.05,1,1.32,0.395,,1.06,0.04,-0.69,1.35,0.43,-0.02,-3.0,1.86,-0.11,-0.31,2.02,-0.04,0.7,-3.0,2026-04-22,-3.8240510819439466,-2.5624425310415533,-4.1187020338931735,4.129123802766954,1.3664347075038386,0.7052230774722945,-3.001064207165649,-3.883022036731665,-7.623401015869192
15,SITM,SMH,60.3,Moderate,94.9,38.3,89.0,2026-04-22,524.87,48.09,27.21,0.094,59.5,1.08,70.0,0.6,3,4.65,0.011,extended >3 ATR above 20d avg,2.4,1.51,,-2.02,-1.2,-1.04,-2.42,3.0,3.0,0.72,3.0,2.73,1.52,-2.42,2026-04-22,-1.071013242300345,-5.052112129674269,-1.3656641942495718,17.297520351127282,2.949952204081608,13.873619625832623,56.66053944554903,37.562713697987114,52.03820263684548
16,NVDA,QQQ,59.4,Moderate,96.3,36.7,43.8,2026-04-22,201.96,15.47,3.28,0.056,57.9,1.08,65.0,0.48,0,3.69,-0.022,extended >3 ATR above 20d avg,-0.87,0.11,0.64,0.67,0.5,-0.13,1.71,1.45,3.0,0.45,2.02,3.0,3.0,1.71,2026-04-22,3.400990099009893,2.158830274445789,3.106339147060666,2.5643564356435666,-3.8764722843183996,-0.859544289651093,11.53960396039604,2.2080699696892303,6.9172671516924975
17,PANW,IGV,58.5,Moderate,82.5,41.5,5.3,2026-04-22,181.23,15.31,5.49,0.024,55.3,1.36,40.0,0.38,3,2.33,0.079,,0.07,1.84,0.96,0.0,-0.03,-0.09,0.06,1.8,2.59,0.94,-0.67,2.13,2.78,0.06,2026-04-22,4.75860875584011,5.800641304721976,4.463957803890883,5.941050931533698,3.1896166732501063,2.5171502062390383,31.40681778854473,27.63676744315191,26.784480979841184
18,RKLB,ITA,57.9,Moderate,54.1,61.9,1.6,2026-04-22,90.04,36.3,37.88,0.027,57.3,0.85,55.0,0.17,2,3.28,0.492,extended >3 ATR above 20d avg,-0.6,2.25,-1.5,-3.0,1.76,1.41,0.13,0.01,0.75,-0.66,-0.67,0.11,1.38,0.13,2026-04-22,-14.279354479688367,-11.60249898412692,-14.574005431637595,-5.765164162493042,-7.915800201662071,-9.189064887787701,38.174735670562065,35.05860132444693,33.55239886185852
19,AVGO,QQQ,54.1,Weak,96.1,30.5,43.8,2026-04-22,421.17,32.77,20.58,0.068,57.2,0.84,60.0,0.52,0,5.41,-0.161,extended >3 ATR above 20d avg,-0.03,0.28,-0.77,-0.34,-0.67,-1.36,-1.31,2.28,3.0,-0.97,1.01,2.52,2.45,-1.31,2026-04-22,-3.9790003800836193,-5.221160204647724,-4.273651332032847,0.7102812618776211,-5.730547458084345,-2.7136194634170385,-1.346921322690986,-10.678455313397794,-5.969258131394528
20,CDNS,IGV,51.1,Weak,77.2,33.8,5.3,2026-04-22,331.61,16.63,6.81,-0.003,57.7,1.03,55.0,0.27,2,3.54,-0.086,extended >3 ATR above 20d avg,-2.18,1.0,-0.69,1.01,-0.64,-0.74,0.66,-0.45,1.75,-0.71,0.34,1.53,2.13,0.66,2026-04-22,1.2551402442766646,2.2971727931585306,0.9604892923274377,8.905665009513285,6.154230751229694,5.481764284218626,8.807463327809483,5.037412982416666,4.185126519105941
21,EXPE,XLY,49.4,Weak,84.5,28.9,10.6,2026-04-22,263.78,11.71,3.27,0.055,55.0,0.77,55.0,0.11,1,1.96,-0.201,,-0.07,1.68,1.11,-2.02,-0.7,0.46,-0.5,1.14,2.37,-0.91,0.0,0.43,1.94,-0.5,2026-04-22,-2.277173487753359,-1.1134938818754936,-2.571824439702586,-3.8109398231473524,-5.220945768955554,-7.234840548442012,-15.177243915799366,-15.59345049016444,-19.79958072450291
22,TWLO,IGV,49.4,Weak,75.9,32.1,5.3,2026-04-22,150.43,22.52,12.7,0.105,57.5,1.36,65.0,0.65,5,2.67,-0.123,5 distribution days in 20,0.88,0.08,1.35,2.02,0.35,-0.19,0.66,2.61,0.82,1.33,1.35,2.51,2.68,0.66,2026-04-22,-4.396499084062688,-3.354466535180822,-4.691150036011915,29.8052785127892,27.05384425450561,26.381377787494543,30.680507497116505,26.910457151723687,26.058170688412964
23,SHC,XLV,47.4,Weak,67.4,33.3,5.1,2026-04-22,15.65,13.08,12.01,0.048,52.5,0.73,65.0,-0.0,1,1.35,-0.097,,-1.27,1.12,2.34,-0.0,1.31,0.48,2.19,0.04,0.28,-0.77,0.67,0.5,1.24,2.19,2026-04-22,-0.45103092783504994,1.8524173480270245,-0.7456818797842768,1.804123711340222,2.362744400995398,-1.6197770139544376,-0.12886597938144284,-0.48748666903661864,-4.751202788084985
24,BE,XLI,46.0,Weak,51.2,41.4,1.3,2026-04-22,229.64,57.29,53.0,0.086,54.6,1.05,50.0,0.49,5,3.65,0.076,5 distribution days in 20; extended >3 ATR above 20d avg,1.75,1.01,0.02,0.0,0.3,0.16,-1.53,2.55,0.87,0.4,0.67,-0.16,0.88,-1.53,2026-04-22,24.302375809935196,25.56398436083759,24.00772485798597,23.265658747300222,20.502969652037105,19.841758022005564,25.149028077753787,24.26707024818777,20.526691269050247
25,IREN,XLF,44.2,Weak,70.1,27.9,5.0,2026-04-22,48.36,17.64,11.75,0.024,51.1,1.07,45.0,0.92,2,2.33,-0.225,,-1.07,-0.98,2.61,0.45,2.31,2.12,1.77,1.07,-0.24,0.79,0.67,2.32,1.76,1.77,2026-04-22,-11.326994625878473,-10.998301663774836,-11.6216455778277,26.0644894584539,26.567196341671217,22.64058873315924,14.02439024390243,16.09322241714296,9.402053435198887
26,CART,XLY,40.4,Weak,78.0,20.9,10.6,2026-04-22,43.51,19.9,11.45,0.04,53.5,0.83,50.0,0.33,0,2.23,-0.415,,-0.33,0.6,0.9,-2.02,1.13,-0.4,-1.6,0.87,1.28,-1.12,0.0,2.26,1.08,-1.6,2026-04-22,-2.1613499768839417,-0.9976703710060764,-2.4560009288331686,-7.050392972723063,-8.460398918531265,-10.474293698017723,-7.653721682847891,-8.069928257212965,-12.276058491551433
27,CAT,XLI,39.4,None,44.4,35.0,1.3,2026-04-22,807.26,13.07,8.78,0.066,54.3,1.06,70.0,0.05,1,2.5,-0.06,,-0.02,0.27,-0.13,0.67,0.04,-1.09,-1.96,0.78,0.12,0.25,1.35,-0.42,-0.37,-1.96,2026-04-22,-0.8607160372731681,0.4008925136292252,-1.155366989222395,13.399950956351159,10.637261861088042,9.9760502310565,10.415644923982326,9.53368709441631,5.7933081152787835
28,DASH,XLY,38.3,None,76.2,19.3,10.6,2026-04-22,182.21,17.78,9.33,-0.015,53.5,0.86,50.0,0.14,3,2.27,-0.466,,-0.55,0.6,1.59,-0.0,0.34,-0.33,-1.03,0.65,1.29,-0.43,2.02,1.48,1.15,-1.03,2026-04-22,-6.515377394953347,-5.351697789075482,-6.810028346902574,-7.3546463475236195,-8.764652293331821,-10.778547072818279,-17.735078129313674,-18.151284703678748,-22.357414938017214
29,ANET,XLK,38.0,None,98.2,14.7,94.2,2026-04-22,177.66,35.85,19.72,0.079,63.4,0.84,70.0,0.79,2,5.54,-0.63,extended >3 ATR above 20d avg,0.2,-1.81,,0.67,-0.48,-2.52,0.4,3.0,3.0,-0.69,3.0,3.0,1.12,0.4,2026-04-22,-4.969014084507039,-6.465177767371488,-5.263665036456266,-17.104225352112678,-25.537729188429815,-20.528126077407336,-20.76056338028168,-33.59943806058857,-25.382900188985225
30,AXTA,XLB,37.6,None,43.0,32.8,1.6,2026-04-22,29.98,11.37,4.38,0.03,53.0,0.66,55.0,-0.39,0,1.68,-0.109,,-1.4,0.54,-2.97,-1.01,-0.93,-0.28,-2.44,-0.37,0.44,-3.0,0.0,-3.0,0.56,-2.44,2026-04-22,-5.4959785522788245,-4.052920829969931,-5.790629504228051,-4.356568364611258,-5.702122186764147,-7.7804690899059175,-6.434316353887393,-7.097342874948221,-11.056653162590935
31,FCX,COPX,36.1,None,35.8,36.5,1.2,2026-04-22,70.15,24.71,8.32,0.054,55.2,0.8,60.0,0.05,0,2.78,-0.027,,-0.55,0.68,-1.63,0.67,0.07,-3.0,-1.92,0.89,-0.1,-0.9,0.67,-0.78,-2.45,-1.92,2026-04-22,-8.58016741790083,-1.4030765959502034,-8.874818369850058,-2.221506761107528,-1.969889219770371,-5.6454074864021875,7.839665164198317,-1.961437160268508,3.217328355494775
32,TOST,IGV,35.6,None,62.6,20.2,5.3,2026-04-22,29.46,10.71,0.89,0.044,57.6,1.16,55.0,0.41,3,1.98,-0.437,,-0.5,0.6,1.13,0.81,-0.75,-1.38,-0.29,1.24,1.35,1.11,0.13,1.41,1.5,-0.29,2026-04-22,-0.7286606523247752,0.31337189655709086,-1.023311604274002,-1.769604441360173,-4.521038699643764,-5.193505166654832,-22.505204718945183,-26.275255064338,-27.127541527648724
33,MSFT,QQQ,34.9,None,92.3,13.2,43.8,2026-04-22,430.93,16.08,3.89,0.046,56.0,0.81,50.0,0.29,2,4.6,-0.69,extended >3 ATR above 20d avg,-1.18,-0.93,-1.94,-2.02,-0.86,-2.7,1.51,1.13,2.62,-2.13,-0.67,2.33,1.11,1.51,2026-04-22,1.1794258373205802,-0.06273398724352397,0.8847748853713533,-1.413875598086134,-7.8547043180481,-4.837776323380794,-3.48086124401914,-12.81239523472595,-8.103198052722682
34,KLAC,SMH,32.8,None,97.1,11.1,89.0,2026-04-22,180.79,15.7,-5.18,0.11,58.6,1.3,70.0,0.58,2,2.95,-0.791,,1.14,-2.44,,-2.02,0.36,-0.09,-1.95,3.0,2.75,0.49,3.0,3.0,2.46,-1.95,2026-04-22,-0.39010989010989094,-4.371208777483815,-0.6847608420591178,-0.4450549450549457,-14.79262309210062,-3.8689556703496053,1.3901098901098807,-17.707715857452033,-3.2322269185936614
35,AAPL,QQQ,32.7,None,87.7,12.2,43.8,2026-04-22,272.7,8.52,-3.67,0.037,55.0,1.17,65.0,0.23,3,2.13,-0.737,,-0.86,0.46,1.03,0.67,-1.55,-2.88,0.49,1.46,3.0,0.83,2.02,1.64,0.93,0.49,2026-04-22,-1.7127655697678823,-2.9549253943319864,-2.007416521717109,4.602601945993223,-1.838226773968743,1.1787012206985636,8.822564775336161,-0.508969215370648,4.200227966632619
36,TKR,XLI,32.4,None,37.0,28.4,1.3,2026-04-22,106.17,5.7,1.41,0.066,54.5,0.85,75.0,-0.03,3,1.13,-0.212,,0.29,-0.27,0.01,0.67,-0.16,-0.89,-0.85,1.09,-0.41,0.4,1.35,-0.62,-0.18,-0.85,2026-04-22,-0.8145304746746573,0.447078076227736,-1.1091814266238842,11.34725212995038,8.584563034687264,7.923351404655721,7.723995880535539,6.842038050969523,3.101659071831997
37,UBER,IGV,30.6,None,56.7,16.5,5.3,2026-04-22,75.59,4.49,-5.34,0.007,52.1,0.95,55.0,0.11,1,0.99,-0.561,,-2.13,0.0,-0.75,0.67,-1.47,-1.13,-1.12,-0.4,0.75,-0.77,0.0,0.69,1.74,-1.12,2026-04-22,-2.830680928776419,-1.788648379894553,-3.125331880725646,3.1567962431515717,0.40536198486798014,-0.2671044821430879,-2.537177145838765,-6.307227491231582,-7.159513954542307
38,NBIS,IGV,30.0,None,55.6,16.2,5.3,2026-04-22,156.21,36.0,26.18,0.024,52.7,0.84,45.0,0.39,1,2.25,-0.57,,-1.1,-0.32,-0.93,0.67,-1.54,-3.0,-0.9,0.64,0.42,-0.95,0.0,0.62,-0.26,-0.9,2026-04-22,-9.393434213901008,-8.351401665019143,-9.688085165850236,25.019235701461895,22.267801443178303,21.595334976167237,32.8032828930495,29.03323254765668,28.180946084345955
39,HALO,XBI,24.4,None,31.4,19.0,1.9,2026-04-22,68.4,10.22,-4.65,0.021,52.5,1.06,50.0,-0.04,3,1.37,-0.476,,-0.25,-0.31,2.75,2.02,-0.2,-0.02,-0.36,-0.1,0.57,0.37,0.0,-0.22,0.19,-0.36,2026-04-22,-7.68442622950819,-1.9122409928412853,-7.979077181457417,-2.854215456674458,-3.4760605075194295,-6.278116181969118,2.5322014051522235,3.2418363455282595,-2.0901354035513187
40,ETSY,XLY,24.2,None,50.4,11.6,10.6,2026-04-22,66.06,33.4,24.96,0.039,57.0,0.93,45.0,0.49,2,4.6,-0.764,extended >3 ATR above 20d avg,-0.36,1.86,3.0,-3.0,1.13,-1.46,-1.65,0.84,2.54,2.31,-1.35,2.27,0.02,-1.65,2026-04-22,4.350435043504364,5.514114649382229,4.055784091555137,-2.535253525352532,-3.9452594711607336,-5.959154250647192,-13.906390639063904,-14.322597213428978,-18.528727447767444
41,ROST,XRT,22.9,None,60.2,8.7,12.5,2026-04-22,225.46,4.88,-4.92,0.08,52.7,0.99,75.0,-0.02,3,1.26,-0.927,,-2.56,-2.07,-2.59,-0.67,-1.33,0.27,-0.55,1.85,-0.18,-0.08,2.02,-0.41,0.28,-0.55,2026-04-22,-1.3942032809957428,2.386776546093594,-1.6888542329449696,0.2726832915512123,2.578158795873975,-3.1512174337434473,-7.23050534371289,1.1614254920219835,-11.852842152416432
42,ABNB,XLY,22.8,None,56.9,9.1,10.6,2026-04-22,144.14,10.89,2.44,0.051,52.5,1.07,50.0,0.11,2,2.64,-0.903,,0.2,-0.31,3.0,-1.35,-0.42,-0.84,-0.83,1.4,0.37,1.01,0.67,0.72,0.64,-0.83,2026-04-22,-2.5904576706715865,-1.4267780647937212,-2.8851086226208134,-2.896034446836593,-4.306040392644794,-6.319935172131252,-7.653309257587337,-8.069515831952412,-12.275646066290879
43,INTC,SMH,22.8,None,94.9,5.5,89.0,2026-04-22,65.24,48.04,27.16,0.037,59.0,0.77,60.0,0.29,2,2.45,-1.175,,-0.7,-0.27,,-3.0,-2.32,-0.62,-0.54,2.61,3.0,-0.65,0.67,1.61,1.94,-0.54,2026-04-22,43.3888048411498,39.407705953775874,43.09415388920057,70.96822995461424,56.62066180756857,67.54432922931959,81.93645990922846,62.83863416166655,77.31412310052492
44,A,XLV,22.6,None,38.6,13.2,5.1,2026-04-22,120.2,5.7,4.63,0.04,46.2,0.86,55.0,-0.11,2,1.24,-0.692,,-0.72,-0.44,2.0,-0.0,0.47,-0.93,-1.1,0.59,-1.28,-1.12,0.67,-0.34,-0.16,-1.1,2026-04-22,-4.454764361885111,-2.1513160860230367,-4.749415313834338,1.006191950464408,1.5648126401195839,-2.4177087748302517,-3.2421740626074946,-3.6007947522626704,-7.864510871311037
45,ALAB,SMH,21.5,None,98.2,4.7,89.0,2026-04-22,194.18,59.5,38.63,0.042,52.5,0.65,50.0,1.79,2,4.31,-1.254,extended >3 ATR above 20d avg,0.31,-3.0,,-3.0,-0.44,-0.41,0.65,3.0,2.11,-3.0,0.67,3.0,2.15,0.65,2026-04-22,3.472368144568172,-0.5087307428057519,3.177717192618945,12.423828535406578,-1.9237396116390961,8.999927810111918,17.787350283673042,-1.3104754638888707,13.1650134749695
46,CRDO,SMH,21.5,None,97.9,4.7,89.0,2026-04-22,189.5,89.03,68.15,0.052,62.4,0.75,60.0,1.69,1,5.2,-1.26,extended >3 ATR above 20d avg,-1.16,-0.79,,-3.0,-0.89,-0.56,-0.87,2.14,3.0,-3.0,0.9,3.0,1.99,-0.87,2026-04-22,-5.346960731576111,-9.328059618950036,-5.641611683525338,6.691769768692835,-7.65579837835284,3.267869043398175,1.8558364712210729,-17.24198927634084,-2.7665003374824693
47,AMZN,QQQ,20.3,None,80.9,5.1,43.8,2026-04-22,255.34,23.19,11.0,0.047,56.8,0.9,55.0,0.26,1,3.95,-1.208,extended >3 ATR above 20d avg,-1.35,-2.61,-0.53,-1.57,-2.08,-1.85,2.68,0.96,0.94,-0.73,-0.22,1.11,1.96,2.68,2026-04-22,3.085477113434343,1.8433172888702387,2.790826161485116,7.6432123419084785,1.2023836219465123,4.219311616613819,5.7637338971768814,-3.567800093529928,1.1413970884733393
48,WSM,XRT,19.1,None,44.4,8.2,12.5,2026-04-22,196.58,9.33,-0.47,-0.008,50.6,1.03,45.0,-0.04,2,1.34,-0.96,,-3.0,-1.42,-2.18,-2.02,-1.44,0.16,0.41,0.03,0.48,0.33,0.67,-0.51,0.16,0.41,2026-04-22,-8.073712074933814,-4.292732247844477,-8.368363026883042,-5.421502748930973,-3.11602724460821,-8.845403474225632,-12.716351048666253,-4.324420212931379,-17.338687857369795
49,ARMK,XLI,19.0,None,22.2,16.2,1.3,2026-04-22,45.06,12.51,8.22,0.036,49.2,1.07,55.0,0.02,4,2.15,-0.573,4 distribution days in 20,0.58,0.29,1.08,-0.67,0.28,-2.03,0.09,1.38,0.15,1.46,0.0,-0.18,-1.32,0.09,2026-04-22,-1.5824175824175835,-0.32080903151519014,-1.8770685343668103,0.13186813186814028,-2.6308209633949753,-3.2920325934265193,11.054945054945065,10.17298722537905,6.432608246241523
50,AMD,SMH,18.0,None,98.1,3.3,89.0,2026-04-22,303.44,47.74,26.86,0.077,60.2,,70.0,0.81,2,5.58,-1.442,extended >3 ATR above 20d avg,-1.0,-1.22,,-3.0,-0.83,-1.27,-1.35,2.31,3.0,,2.7,3.0,1.29,-1.35,2026-04-22,11.605575974305493,7.624477086931569,11.310925022356265,39.5616039204,25.21403577335433,36.137703195105345,47.471938015297496,28.374112267735583,42.84960120659395
51,GEV,XLI,15.6,None,18.5,13.2,1.3,2026-04-22,1125.58,23.83,19.54,0.045,51.8,0.93,45.0,-0.03,2,4.54,-0.69,extended >3 ATR above 20d avg,-0.15,0.03,-0.5,-2.02,0.19,-2.73,-3.0,0.64,-0.11,-0.12,-1.35,-0.27,-2.02,-3.0,2026-04-22,-7.353787152444857,-6.092178601542464,-7.648438104394084,-2.4954240390481885,-5.258113134311304,-5.919324764342848,-7.428745750893406,-8.310703580459421,-12.05108255959695
52,MU,SMH,14.8,None,83.9,2.6,89.0,2026-04-22,487.26,23.22,2.35,0.06,57.5,1.08,65.0,1.26,3,3.23,-1.568,extended >3 ATR above 20d avg,-2.31,-2.89,,-3.0,2.68,-0.78,2.25,1.0,2.3,1.18,0.67,3.0,1.78,2.25,2026-04-22,7.488128071667055,3.507029184293131,7.193477119717828,38.20998278829604,23.862414641250364,34.78608206300138,66.53256744706883,47.434741699506915,61.910230638365285
53,WAT,XLV,13.7,None,25.2,7.5,5.1,2026-04-22,334.49,10.78,9.71,0.029,48.1,0.96,55.0,0.06,0,2.03,-1.004,,-0.95,-1.42,2.86,-0.67,1.06,-0.13,-0.51,0.36,-2.26,-0.25,0.0,0.25,0.64,-0.51,2026-04-22,-10.423312883435587,-8.119864607573513,-10.717963835384815,7.119631901840484,7.67825259149566,3.6957311765458245,2.6809815950920246,2.322360905436849,-1.9413552136115175
54,CSCO,XLK,13.2,None,91.3,1.9,94.2,2026-04-22,89.45,11.6,-4.52,0.091,56.9,1.11,60.0,0.44,1,3.58,-1.718,extended >3 ATR above 20d avg,-0.24,-3.0,,-2.02,-1.63,-1.82,-1.64,3.0,1.56,-0.32,0.67,2.29,1.83,-1.64,2026-04-22,0.13460459899046207,-1.3615590838739866,-0.1600463529587648,2.4116657319124934,-6.021838104404643,-1.0122349933821662,13.90914189568142,1.0702672153745318,9.286805086977878
55,PDFS,IGV,12.9,None,28.9,5.8,5.3,2026-04-22,43.81,26.8,16.98,-0.003,56.0,1.9,60.0,0.35,5,3.35,-1.143,5 distribution days in 20; extended >3 ATR above 20d avg,-1.46,0.47,3.0,1.35,-0.92,-1.19,0.59,0.27,1.21,3.0,0.67,1.24,1.68,0.59,2026-04-22,-8.669860825918319,-7.6278282770364525,-8.964511777867546,9.810631987223385,7.059197728939793,6.386731261928725,17.72758384668036,13.957533501287543,13.105247037976818
56,GOOG,QQQ,11.9,None,61.1,2.3,43.8,2026-04-22,337.33,16.87,4.69,0.044,56.7,1.02,50.0,0.25,2,3.64,-1.621,extended >3 ATR above 20d avg,-1.31,-1.84,0.42,-2.02,-2.23,-3.0,-0.87,1.0,1.71,0.22,-0.67,0.96,0.01,-0.87,2026-04-22,2.3912722983930434,1.1491124738289393,2.0966213464438166,16.32021229544449,9.879383575482525,12.896311570149832,17.52911690992187,8.197582919215062,12.90678010121833
57,TMO,XLV,11.2,None,20.9,6.0,5.1,2026-04-22,513.08,4.84,3.77,-0.008,48.3,0.91,40.0,-0.08,1,0.72,-1.127,,-2.04,-0.17,1.69,-1.75,0.37,-1.14,-0.79,-0.73,-1.0,-1.42,-1.08,-0.44,-0.37,-0.79,2026-04-22,-1.3522105887838531,0.9512376870782213,-1.64686154073308,0.11233097367639999,0.670951663331576,-3.3115697516182596,-5.614429231486584,-5.97304992114176,-10.236766040190126
58,MRVL,SMH,11.1,None,94.3,1.3,89.0,2026-04-22,157.26,70.4,49.52,0.053,64.7,0.71,65.0,0.5,1,5.5,-1.913,extended >3 ATR above 20d avg,-2.12,-1.29,,-3.0,-2.93,-3.0,2.74,1.18,3.0,-3.0,0.67,1.0,-0.91,2.74,2026-04-22,-0.8739708676377411,-4.855069755011665,-1.168621819586968,8.999366687777076,-5.348201459268598,5.575465962482417,12.678910702976554,-6.4189150445853596,8.056573894273011
59,INGM,XLK,11.0,None,93.6,1.3,94.2,2026-04-22,30.28,35.85,19.72,0.096,58.1,0.67,55.0,0.14,2,4.12,-1.913,extended >3 ATR above 20d avg,-1.36,-3.0,,-0.67,-3.0,-3.0,0.61,2.35,2.44,-1.62,2.02,0.69,-0.81,0.61,2026-04-22,-0.9861932938856066,-2.4823569767500553,-1.2808442458348335,-12.228796844181467,-20.662300680498603,-15.652697569476127,-15.285996055226835,-28.124870735533726,-19.908332863930376
60,P,XLK,10.9,None,84.7,1.4,94.2,2026-04-22,69.37,6.48,-9.65,0.038,49.9,0.84,60.0,0.19,2,2.33,-1.876,,-1.19,-3.0,,-1.69,-2.59,-0.94,-1.22,2.52,0.14,-0.36,1.01,1.33,2.71,-1.22,2026-04-22,2.687308310208847,1.1911446273443982,2.39265735825962,8.68993719877318,0.2564333624560433,5.26603647347852,23.280268730831022,10.441394050524133,18.65793192212748
61,BTSG,XLV,10.9,None,20.4,5.8,5.1,2026-04-22,47.16,8.81,7.75,0.016,51.3,0.94,50.0,0.11,0,1.53,-1.142,,-2.55,0.71,2.47,-2.02,1.05,-0.81,-1.24,-1.24,-0.13,-0.65,-1.35,0.24,-0.04,-1.24,2026-04-22,1.9059720457433205,4.2094203216053945,1.6113210937940936,11.711139347734022,12.269760037389197,8.287238622439363,19.67386700550613,19.315246315850953,15.051530196802586
62,MTCH,XLC,10.5,None,24.3,4.5,5.5,2026-04-22,36.33,20.94,14.87,0.013,55.0,0.84,55.0,0.12,0,4.02,-1.282,extended >3 ATR above 20d avg,-2.09,-1.76,-0.78,-2.02,-0.19,-2.13,-1.16,-0.66,0.4,-0.07,-0.67,0.29,-1.29,-1.16,2026-04-22,2.1099389228206533,4.360962115180822,1.8152879708714265,4.886174347584671,5.431876939671987,1.4622736222900112,-0.41643531371461373,0.5982304434477337,-5.038772122418155
63,MTSI,SMH,10.4,None,82.6,1.3,89.0,2026-04-22,277.47,16.98,-3.9,0.034,55.8,1.03,65.0,0.36,3,2.35,-1.909,,-2.04,-0.25,,-3.0,-2.9,-1.25,-1.91,1.26,3.0,0.77,2.02,1.04,1.31,-1.91,2026-04-22,-3.5665785147594997,-7.547677402133424,-3.8612294667087266,10.599671217211082,-3.7478969298345923,7.175770491916422,36.42341505253377,17.325589304971857,31.801078243830226
64,META,QQQ,9.8,None,56.8,1.7,43.8,2026-04-22,673.51,13.75,1.57,0.0,55.2,1.25,45.0,0.12,2,3.24,-1.78,extended >3 ATR above 20d avg,-2.12,-1.22,1.17,-2.25,-2.19,-3.0,-0.34,0.2,2.33,0.97,-0.9,1.0,0.67,-0.34,2026-04-22,0.9357643081381317,-0.3063955164259724,0.6411133561889049,-7.707981163970046,-14.148809883932012,-11.131881889264704,-7.092187877324307,-16.423721868031116,-11.71452468602785
65,FLS,XLI,9.4,None,11.3,7.9,1.3,2026-04-22,82.24,10.05,5.76,0.032,50.9,0.82,50.0,-0.07,5,1.23,-0.975,5 distribution days in 20,-0.23,-1.07,0.26,-0.67,-0.16,-1.52,0.97,0.56,-1.21,0.64,0.0,-0.62,-0.8,0.97,2026-04-22,1.2199541007367865,2.4815626516391798,0.9253031487875596,-11.873414663606729,-14.636103758869844,-15.297315388901389,-20.219833313202084,-21.1017911427681,-24.842170121905625
66,ADI,SMH,9.1,None,91.2,0.9,89.0,2026-04-22,379.19,18.47,-2.4,0.105,56.5,0.8,75.0,0.27,1,3.96,-2.1,extended >3 ATR above 20d avg,-1.06,-3.0,,-2.7,-2.2,-1.14,-2.6,2.24,1.1,-0.73,3.0,1.73,1.42,-2.6,2026-04-22,-1.9076330656398133,-5.888731953013737,-2.20228401758904,4.663947508423472,-9.683620638622202,1.240046783128812,8.935221543840077,-10.162604203721836,4.312884735136535
67,TXN,SMH,8.8,None,86.0,0.9,89.0,2026-04-22,234.01,21.46,0.59,0.047,61.4,0.81,65.0,0.35,1,4.46,-2.122,extended >3 ATR above 20d avg,-2.09,-1.6,,-3.0,-1.7,-2.69,-1.67,1.21,3.0,0.2,1.35,2.24,-0.13,-1.67,2026-04-22,3.457911281872139,-0.5231876055017848,3.1632603299229123,11.75146505219853,-2.5961030948471446,8.32756432690387,18.310241782124415,-0.7875839654374985,13.687904973420872
68,SNX,XLK,8.5,None,91.2,0.8,94.2,2026-04-22,222.85,36.76,20.63,0.121,55.6,0.48,75.0,0.29,3,4.47,-2.175,extended >3 ATR above 20d avg,-1.57,-3.0,,-1.35,-3.0,-3.0,1.38,2.14,1.13,-3.0,1.35,0.84,0.14,1.38,2026-04-22,0.5220052200521907,-0.9741584628122579,0.22735426810296389,5.080550805508044,-3.3529530308090925,1.6566500802133843,4.081540815408147,-8.757333864898742,-0.5407959932953954
69,TER,SMH,8.5,None,90.5,0.8,89.0,2026-04-22,384.89,20.36,-0.52,0.095,53.5,0.86,70.0,0.34,1,3.05,-2.184,extended >3 ATR above 20d avg,-1.12,-3.0,,-2.7,-2.73,-1.11,-2.67,2.18,0.89,-1.16,3.0,1.2,1.45,-2.67,2026-04-22,-21.330180921052634,-25.31127980842656,-21.62483187300186,-1.7783717105263164,-16.12593985757199,-5.202272435820976,-6.694592927631582,-25.792418675193495,-11.316929736335124
70,AMAT,SMH,7.5,None,69.4,0.8,89.0,2026-04-22,402.54,7.87,-13.01,0.053,51.5,1.01,65.0,0.34,2,2.38,-2.14,,-1.1,-3.0,,-3.0,-1.19,-1.73,-3.0,2.21,-0.25,0.47,1.01,2.74,0.82,-3.0,2026-04-22,-5.734120611705407,-9.715219499079332,-6.028771563654634,5.642710675198259,-8.704857471847415,2.2188099499035996,7.584554191269133,-11.51327155629278,2.9622173825655906
71,QCOM,SMH,7.3,None,88.1,0.6,89.0,2026-04-22,134.81,5.73,-15.14,0.045,56.6,1.0,55.0,0.05,0,1.83,-2.302,,-1.63,-3.0,,-3.0,-3.0,-0.72,-2.06,1.67,2.06,-0.22,2.02,0.77,1.84,-2.06,2026-04-22,14.90009656094482,10.918997673570896,14.605445608995595,41.7737502785412,27.426182131495526,38.34984955324654,56.91153531902251,37.8137095714606,52.28919851031897
72,LRCX,SMH,7.2,None,85.4,0.6,89.0,2026-04-22,265.16,11.21,-9.67,0.074,56.7,1.12,70.0,0.37,3,2.29,-2.276,,-1.55,-2.89,,-3.0,-1.64,-1.45,-1.41,1.76,2.3,1.34,2.7,2.29,1.1,-1.41,2026-04-22,-5.810954331664386,-9.79205321903831,-6.105605283613613,12.426035502958577,-1.9215326440870975,9.002134777663917,11.864663935669872,-7.233161811892041,7.24232712696633
73,ROK,XLI,6.9,None,7.9,6.1,1.3,2026-04-22,404.53,12.63,8.34,-0.025,48.7,0.87,40.0,0.04,0,2.05,-1.121,,-2.15,-1.71,-1.87,-3.0,0.33,-1.58,-0.96,-1.36,-1.86,-1.49,-2.7,-0.13,-0.86,-0.96,2026-04-22,-1.8870251603354649,-0.6254166094330715,-2.1816761122846917,12.65910212136163,9.896413026098514,9.235201396066971,11.551554020720278,10.669596191154262,6.929217212016736
74,FORM,SMH,6.7,None,74.7,0.6,89.0,2026-04-22,146.37,38.57,17.69,0.09,58.6,0.89,65.0,-0.04,3,3.7,-2.329,extended >3 ATR above 20d avg,-0.7,-2.85,,-3.0,-3.0,-3.0,-0.21,2.6,2.34,0.5,1.08,-0.5,-0.92,-0.21,2026-04-22,-6.505242825607072,-10.486341712980995,-6.799893777556298,2.8904525386313384,-11.457115608414336,-0.5334481866633212,-10.799530905077258,-29.89735665263917,-15.4218677137808
75,VSH,SMH,6.1,None,91.9,0.4,89.0,2026-04-22,26.8,47.41,26.54,0.064,58.8,,70.0,0.53,3,4.52,-2.467,extended >3 ATR above 20d avg,-2.42,-2.96,,-3.0,-2.65,-2.08,1.9,0.89,2.23,,2.7,1.28,0.47,1.9,2026-04-22,1.3929618768328433,-2.5881370105410806,1.0983109248836165,22.47067448680351,8.123106339757836,19.046773761508852,40.43255131964809,21.334725572086178,35.81021451094455
76,SANM,XLK,5.9,None,87.6,0.4,94.2,2026-04-22,176.19,30.65,14.52,0.07,56.2,0.58,55.0,0.46,1,4.1,-2.469,extended >3 ATR above 20d avg,-2.42,-3.0,,-2.02,-2.25,-3.0,-1.36,1.29,1.36,-3.0,0.67,1.67,-0.1,-1.36,2026-04-22,18.636647904940595,17.140484222076147,18.34199695299137,35.64727954971858,27.213775713401446,32.223378824423925,35.607481948945384,22.768607268638497,30.98514514024184
77,GOOGL,QQQ,5.8,None,37.5,0.9,43.8,2026-04-22,338.95,16.86,4.67,0.028,54.7,1.01,45.0,0.27,2,3.52,-2.114,extended >3 ATR above 20d avg,-2.44,-2.92,0.12,-2.7,-2.3,-3.0,-0.48,-0.13,0.63,-0.07,-1.35,0.89,0.12,-0.48,2026-04-22,2.5824627303674186,1.3403029058033145,2.2878117784181917,16.592323042610644,10.151494322648677,13.168422317315985,18.012677544312705,8.681143553605896,13.390340735609163
78,GLW,XLK,5.8,None,67.0,0.5,94.2,2026-04-22,168.19,18.8,2.67,0.079,57.6,1.1,75.0,0.33,1,1.44,-2.366,,-2.56,-3.0,,-1.35,-3.0,-1.58,-2.25,1.16,1.7,2.09,1.35,0.82,2.07,-2.25,2026-04-22,-9.741847016037685,-11.238010698902134,-10.03649796798691,7.8817146604662325,-0.5517891758509039,4.457813935171573,22.738925654325403,9.900050974018514,18.116588845621862
79,NESR,OIH,5.5,None,13.3,2.3,5.8,2026-04-22,23.68,6.91,4.23,0.052,46.3,0.83,60.0,-0.52,3,0.72,-1.625,,-2.38,-2.75,-0.93,-3.0,-0.9,0.3,-1.0,0.38,-2.16,-0.25,0.34,-2.23,0.38,-1.0,2026-04-22,1.720520352496857,-5.105450934323352,1.4258694005476302,4.070499370541336,0.3291576645278793,0.6465986452466765,11.95971464540495,7.096689455461758,7.337377836701409
80,CDW,XLK,4.8,None,78.4,0.3,94.2,2026-04-22,140.93,16.83,0.7,0.1,57.9,0.95,65.0,0.14,3,4.25,-2.613,extended >3 ATR above 20d avg,-1.89,-3.0,,-2.25,-3.0,-3.0,-1.31,1.82,3.0,-0.38,0.45,0.12,-0.19,-1.31,2026-04-22,-3.8362254409866625,-5.332389123851112,-4.130876392935889,-22.730532052201347,-31.164035888518484,-26.154432777496005,-28.782446579664434,-41.621321259971324,-33.404783388367974
81,TSM,SMH,4.7,None,54.2,0.4,89.0,2026-04-22,385.98,12.87,-8.0,0.026,53.7,1.03,55.0,0.05,4,2.72,-2.555,4 distribution days in 20,-1.48,-3.0,,-3.0,-3.0,-1.61,-0.47,1.83,0.42,0.86,1.35,0.41,0.95,-0.47,2026-04-22,2.5082301301144305,-1.4728687572594934,2.2135791781652037,9.189005591263012,-5.158562555782662,5.765104865968352,4.02884464649631,-15.068981101065603,-0.593492162207232
82,Q,SMH,4.5,None,66.5,0.3,89.0,2026-04-22,139.1,17.64,-3.24,0.089,55.2,0.83,65.0,0.1,0,2.73,-2.62,,-1.92,-3.0,,-3.0,-3.0,-2.25,-2.79,1.39,0.46,0.03,2.02,0.59,0.3,-2.79,2026-04-22,1.9430800346720511,-2.0380188527018728,1.6484290827228243,7.801213522103456,-6.546354624942218,4.377312796808797,16.90262929789079,-2.1951964496711227,12.280292489187248
83,ZBRA,XLK,4.4,None,64.2,0.3,94.2,2026-04-22,231.08,11.43,-4.7,-0.013,47.8,0.72,40.0,-0.08,1,1.56,-2.658,,-3.0,-3.0,,-3.0,-3.0,-2.35,0.49,0.37,0.02,-1.9,-0.67,0.73,1.29,0.49,2026-04-22,-6.692640692640694,-8.188804375505143,-6.987291644589921,-0.5324675324675288,-8.965971368784665,-3.9563682577621884,6.818181818181812,-6.020692862125077,2.19584500947827
84,CGNX,XLK,3.9,None,50.4,0.3,94.2,2026-04-22,53.88,5.9,-10.23,0.053,54.1,0.83,55.0,0.01,1,1.0,-2.641,,-2.87,-3.0,,-2.02,-3.0,-3.0,-0.94,0.84,0.93,0.4,0.67,-0.5,-0.32,-0.94,2026-04-22,-1.5134736064968624,-3.009637289361311,-1.8081245584460892,14.525655223329647,6.09215138701251,11.101754498034987,17.165005537098565,4.326130856791677,12.542668728395023
85,KEYS,XLK,3.9,None,51.8,0.3,94.2,2026-04-22,338.97,13.43,-2.69,0.052,50.5,0.92,55.0,0.14,0,2.99,-2.665,,-2.57,-3.0,,-2.02,-2.83,-3.0,-2.53,1.14,-0.16,-0.4,0.67,1.09,-0.37,-2.53,2026-04-22,-1.5054142089972689,-3.0015778918617175,-1.8000651609464957,7.609237902397514,-0.8242659339196221,4.185337177102855,5.998180591014468,-6.840694089292421,1.375843782310926
86,SNDK,XLK,3.9,None,50.6,0.3,94.2,2026-04-22,978.86,39.29,23.16,0.021,54.1,0.96,55.0,1.19,2,3.06,-2.64,extended >3 ATR above 20d avg,-3.0,-3.0,,-1.35,-2.43,-3.0,-3.0,0.52,0.08,0.43,1.35,1.49,0.44,-3.0,2026-04-22,12.193939138364552,10.697775455500103,11.899288186415326,48.6081314012514,40.17462756493426,45.18423067595674,52.57367863411857,39.734803953811685,47.95134182541503
87,APH,XLK,3.6,None,43.6,0.3,94.2,2026-04-22,73.82,15.72,-0.4,0.041,51.8,1.06,55.0,0.26,1,2.38,-2.715,,-3.0,-3.0,,-2.36,-3.0,-3.0,-0.7,0.54,-0.16,-0.46,0.34,0.46,-0.85,-0.7,2026-04-22,-0.4844570044408525,-1.9806206873053012,-0.7791079563900793,-7.1188265374781405,-15.552330373795277,-10.5427272627728,-16.37733817790338,-29.21621285821027,-20.99967498660692
88,AME,XLI,3.5,None,3.6,3.4,1.3,2026-04-22,229.78,6.18,1.89,-0.029,47.4,0.89,45.0,-0.0,0,1.03,-1.419,,-3.0,-1.92,-1.02,-2.02,0.25,-1.82,-1.71,-3.0,-2.06,-0.64,-1.35,-0.21,-1.1,-1.71,2026-04-22,-1.7077388672719462,-0.4461303163695529,-2.002389819221173,3.9861651534803366,1.223476058217221,0.562264428185677,-0.26805015131863286,-1.1500079808846486,-4.890386960022175
89,ENTG,SMH,3.3,None,56.1,0.2,89.0,2026-04-22,147.72,21.61,0.73,0.044,53.6,0.83,70.0,0.26,4,3.31,-2.894,4 distribution days in 20; extended >3 ATR above 20d avg,-3.0,-3.0,,-3.0,-3.0,-1.25,-0.51,0.25,0.13,-0.67,2.02,0.79,1.31,-0.51,2026-04-22,0.4843592330978863,-3.4967396542760376,0.18970828114865945,4.729229734275142,-9.618338412770532,1.3053290089804825,-2.5025227043390497,-21.600348451900963,-7.124859513042592
90,SMTC,SMH,3.1,None,31.2,0.3,89.0,2026-04-22,103.48,32.82,11.94,-0.007,55.8,1.37,60.0,0.18,4,2.51,-2.723,4 distribution days in 20,-3.0,-3.0,,-3.0,-3.0,-1.95,2.94,-0.97,1.11,1.87,1.35,-0.07,0.61,2.94,2026-04-22,-4.784967067028278,-8.766065954402201,-5.079618018977505,15.507555211158476,1.1599870641128014,12.083654485863816,35.22859356838437,16.130767820822456,30.606256759680825
91,ACMR,SMH,2.6,None,34.7,0.2,89.0,2026-04-22,54.54,18.69,-2.18,0.051,52.6,0.94,55.0,0.29,3,3.03,-2.767,extended >3 ATR above 20d avg,-2.93,-3.0,,-3.0,-3.0,-1.08,-1.34,0.38,0.04,-0.0,-0.67,0.25,1.48,-1.34,2026-04-22,-11.592356687898098,-15.573455575272021,-11.887007639847326,0.8007279344858897,-13.546840212559784,-2.62317279080877,17.734303912647853,-1.36352183491406,13.11196710394431
92,COHR,XLK,2.6,None,34.6,0.2,94.2,2026-04-22,350.57,28.73,12.61,-0.002,53.1,0.94,45.0,0.61,1,2.92,-2.805,,-3.0,-3.0,,-3.0,-1.67,-2.77,-3.0,-0.67,0.2,-0.53,-1.35,2.25,0.88,-3.0,2026-04-22,-11.086164163872281,-12.58232784673673,-11.380815115821509,0.4548768041988671,-7.978627032118269,-2.9690239210957925,17.734363609855652,4.895488929548764,13.11202680115211
93,DELL,XLK,2.6,None,34.2,0.2,94.2,2026-04-22,214.29,21.66,5.53,0.023,51.9,0.94,50.0,0.32,2,3.46,-2.947,extended >3 ATR above 20d avg,-3.0,-3.0,,-2.7,-3.0,-3.0,-3.0,0.5,0.23,-0.35,0.0,0.64,-1.61,-3.0,2026-04-22,-4.123470626692816,-5.619634309557265,-4.418121578642043,11.30568786775008,2.872184031432944,7.881787142455421,13.701316895488924,0.8624422151820355,9.078980086785382
94,PAY,IGV,2.4,None,5.8,1.0,5.3,2026-04-22,29.0,15.49,5.67,-0.025,50.2,1.23,45.0,0.17,2,2.83,-2.065,,-3.0,-1.88,2.26,-0.67,-0.81,-2.95,-2.89,-1.4,-1.14,2.24,-1.35,1.35,-0.07,-2.89,2026-04-22,-2.2012578616352307,-1.1592253127533647,-2.4959088135844576,-5.206149545772199,-7.9575838040557905,-8.630050271066859,-13.836477987421391,-17.606528332814207,-18.458814796124933
95,AAOI,XLK,2.2,None,23.3,0.2,94.2,2026-04-22,149.42,31.25,15.13,-0.011,51.5,0.88,55.0,1.16,1,1.37,-2.746,,-3.0,-3.0,,-2.02,-2.33,-3.0,-3.0,-0.56,-0.59,1.22,0.67,1.59,0.2,-3.0,2026-04-22,3.366376831207485,1.8702131483430362,3.071725879258258,20.858003180295714,12.424499343978578,17.434102455001053,50.874581317454414,38.03570663714753,46.25224450875087
96,ONTO,SMH,2.2,None,50.1,0.1,89.0,2026-04-22,297.23,35.44,14.56,0.035,58.8,0.95,60.0,0.26,4,3.8,-3.122,4 distribution days in 20; extended >3 ATR above 20d avg,-2.92,-2.98,,-3.0,-3.0,-3.0,-0.96,0.38,2.21,-0.21,0.34,0.48,-0.6,-0.96,2026-04-22,-4.224498046085423,-8.205596933459347,-4.51914899803465,-1.1319229214391435,-15.479491068484817,-4.555823646733803,-6.619727799487929,-25.717553547049842,-11.242064608191471
97,LITE,XLK,1.2,None,6.7,0.2,94.2,2026-04-22,873.59,9.04,-7.09,-0.028,47.8,1.07,50.0,-0.07,1,0.81,-2.827,,-3.0,-3.0,,-2.47,-3.0,-3.0,-1.92,-1.93,-1.77,0.52,0.22,-0.23,-0.96,-1.92,2026-04-22,0.4929742388758873,-1.0031894439885614,0.19832328692666046,10.751756440281035,2.3182526039638987,7.3278557149863754,20.655737704918042,7.816863024611154,16.033400896214502
98,ATI,XLI,1.1,None,1.2,1.1,1.3,2026-04-22,153.3,2.6,-1.69,-0.072,47.1,0.96,40.0,-0.06,4,-0.0,-2.001,4 distribution days in 20,-3.0,-2.01,0.15,-2.7,-0.17,-0.79,-2.2,-2.91,-2.16,0.53,-2.02,-0.64,-0.07,-2.2,2026-04-22,-5.6028918151303735,-4.341283264227981,-5.8975427670796,6.538858765814637,3.7761696705515213,3.1149580405199773,6.442034598502455,5.560076768936439,1.819697789798913
99,CIEN,XLK,0.8,None,6.1,0.1,94.2,2026-04-22,498.97,16.11,-0.01,0.004,52.8,1.1,55.0,0.46,3,1.27,-3.15,,-3.0,-3.0,,-3.0,-3.0,-3.0,-3.0,-1.18,-2.39,-0.5,-0.67,0.75,-0.93,-3.0,2026-04-22,-5.823762376237629,-7.319926059102078,-6.118413328186856,14.186138613861377,5.752634777544241,10.762237888566718,14.435643564356425,1.5967688840495367,9.813306755652883
1,FLYW,IGV,91.8,Strong,95.8,87.9,1.0,2026-04-29,13.66,17.45,11.84,0.078,57.9,0.77,65.0,-0.07,1,1.65,1.242,,-0.16,3.0,-1.14,2.7,-0.92,1.39,0.28,2.16,3.0,-0.32,2.7,0.08,2.54,0.28,2026-04-29,29.17282127031018,24.5471655716931,26.49220301229012,16.838995568685377,11.176143875790755,12.968554096454941,17.42983751846383,6.306804614315054,13.698630677683553
2,CDNA,XLV,89.4,Strong,89.0,89.8,0.7,2026-04-29,20.72,19.29,21.84,0.025,54.4,0.89,60.0,0.66,5,0.78,1.34,5 distribution days in 20,1.1,1.61,-2.72,1.35,3.0,1.3,2.04,2.03,0.93,-1.78,2.02,2.31,1.61,2.04,2026-04-29,-0.14306151645205878,-1.3290264287327491,-2.823679774472121,-1.716738197424894,-3.836036443038926,-5.587179669655329,0.7629947544110616,-1.644022789448596,-2.968212086369215
3,CORT,XBI,80.4,Strong,70.5,91.6,1.0,2026-04-29,46.6,15.6,14.67,0.098,52.3,,65.0,0.2,0,1.52,1.446,,1.82,1.62,,3.0,1.55,-0.33,-1.19,1.61,0.5,,1.01,0.18,0.37,-1.19,2026-04-29,11.113476687247182,5.036043400188729,8.432858429227121,21.545667447306794,16.8719053001527,17.67522597507636,25.782414307004476,24.35560573072806,22.0512074662242
4,FIVN,IGV,76.9,Strong,86.7,68.2,1.0,2026-04-29,17.06,12.42,6.81,0.109,59.0,1.14,60.0,0.43,4,1.87,0.632,4 distribution days in 20,0.43,1.65,1.02,2.02,1.41,2.08,0.17,2.74,1.68,1.83,2.02,2.41,3.0,0.17,2026-04-29,29.432624113475157,24.806968414858076,26.752005855455096,24.763593380614644,19.100741687720024,20.89315190838421,31.678486997635936,20.555454093487157,27.94728015685566
5,PANW,IGV,71.5,Strong,83.4,61.3,1.0,2026-04-29,181.62,13.32,7.71,0.059,53.1,1.34,50.0,0.26,2,1.65,0.48,,0.53,1.69,-0.07,0.67,0.36,-0.82,-0.72,2.84,1.72,0.74,0.67,1.36,0.33,-0.72,2026-04-29,1.5593032900193426,-3.066352408597739,-1.1213149680007195,25.97179983411668,20.30894814122206,22.101358361886245,36.41139065523915,25.288357751090373,32.68018381445888
6,CRWD,IGV,70.2,Strong,81.3,60.7,1.0,2026-04-29,113.1,15.86,10.25,0.102,59.1,1.58,60.0,0.23,3,1.51,0.468,,0.98,2.51,-0.3,0.34,-0.33,-1.0,-1.1,3.0,2.54,0.51,0.34,0.67,0.15,-1.1,2026-04-29,4.213808463251678,-0.41184723536540346,1.533190205231616,25.247216035634757,19.584364342740137,21.37677456340432,44.80178173719376,33.67874883304498,41.07057489641348
7,IREN,XLF,69.0,Moderate,81.7,58.3,1.0,2026-04-29,42.9,25.18,20.04,0.086,51.3,0.93,60.0,-0.16,1,-0.14,0.417,,0.39,-0.44,1.2,3.0,0.26,1.41,0.21,2.51,-0.15,0.08,3.0,-0.65,1.31,0.21,2026-04-29,38.487738419618545,37.881677813557936,35.80712016159848,25.261126248864674,26.238643355414037,21.390684776634238,19.64123524069028,19.38708079298743,15.91002839991
8,XYZ,IGV,63.8,Moderate,77.7,52.4,1.0,2026-04-29,69.47,15.45,9.84,0.035,55.9,1.01,55.0,-0.03,2,1.02,0.298,,-1.19,2.22,-0.44,1.35,-0.4,-0.23,-1.94,1.13,2.26,0.38,1.35,0.6,0.92,-1.94,2026-04-29,1.417728769869675,-3.2079269287474066,-1.2628894881503872,-0.050121724187301986,-5.7129734170819235,-3.9205631964177368,1.5179722182443012,-9.605060685904476,-2.2132346225359756
9,CVLT,IGV,61.8,Moderate,76.3,50.1,1.0,2026-04-29,101.19,29.88,24.27,0.074,51.9,0.59,65.0,-0.06,2,2.02,0.253,,-1.39,-0.51,-3.0,3.0,-0.66,-0.99,-1.88,0.93,-0.48,-2.21,3.0,0.34,0.16,-1.88,2026-04-29,1.0291766586730589,-3.5964790399440227,-1.6514415993470033,-0.2697841726618688,-5.93263586555649,-4.140225644892304,4.386490807354115,-6.736542096794662,0.6552839665738386
10,ORCL,IGV,61.6,Moderate,79.3,47.9,1.0,2026-04-29,163.27,11.77,6.16,0.016,55.2,0.67,45.0,0.02,4,0.2,0.209,4 distribution days in 20,-0.96,1.74,-3.0,-0.67,-0.46,-0.22,0.27,1.35,1.77,-3.0,-0.67,0.54,0.93,0.27,2026-04-29,19.732441471571892,15.106785772954812,17.05182321355183,17.124984516288876,11.462132823394255,13.25454304405844,16.084479127957387,4.9614462238086094,12.35327228717711
11,SITM,SMH,60.0,Moderate,95.9,37.5,86.3,2026-04-29,527.43,52.52,22.08,0.12,59.9,1.08,70.0,0.47,2,2.17,-0.006,,0.94,0.31,,-0.67,0.16,0.04,-3.0,3.0,3.0,0.73,3.0,2.34,2.02,-3.0,2026-04-29,16.3525406069176,7.512723287889635,13.671922348897539,55.39844084320986,42.037170398098354,51.52799937097943,29.57560421977039,17.747902889290202,25.844397378990113
12,ABNB,XLY,57.8,Moderate,86.6,38.6,2.8,2026-04-29,140.26,11.12,3.87,0.101,53.9,0.98,60.0,-0.01,1,1.14,0.019,,0.97,0.26,0.93,-0.67,0.56,-0.17,-0.38,2.88,1.25,0.07,2.02,0.12,0.51,-0.38,2026-04-29,-1.5352112676056406,-2.7131773693005568,-4.215829525625702,-6.359154929577471,-6.545595607543564,-10.229596401807907,-4.542253521126749,-4.084626402482672,-8.273460361907027
13,DASH,XLY,57.6,Moderate,86.5,38.4,2.8,2026-04-29,169.31,12.79,5.53,0.007,52.3,0.81,55.0,-0.14,1,0.07,0.013,,-0.04,0.04,-0.08,0.0,0.45,-0.06,-0.65,1.87,1.03,-0.93,2.7,0.02,0.61,-0.65,2026-04-29,-0.9094667217858787,-2.087432823480795,-3.590084979805941,-12.012047481249633,-12.198488159215726,-15.882488953480067,-5.025689482076434,-4.5680623634323565,-8.756896322856711
14,INSW,XLE,56.4,Moderate,62.8,50.7,1.0,2026-04-29,73.04,11.34,14.88,0.083,52.3,0.95,70.0,0.24,2,1.56,0.264,,0.06,0.25,-2.2,1.35,-1.07,-1.77,-1.12,2.25,-0.63,0.68,2.02,0.23,0.37,-1.12,2026-04-29,5.5221432476763255,7.593870267174929,2.8415249896562633,4.8113723346090875,5.768893225973981,0.9409308623786528,6.574630945872073,3.841344037794081,2.8434241050917963
15,NTAP,IGV,55.1,Moderate,70.5,43.0,1.0,2026-04-29,108.32,6.67,1.06,0.039,54.9,1.08,55.0,0.12,3,1.69,0.109,,0.08,0.35,-0.95,1.35,-0.24,-1.22,-0.55,2.4,0.39,-0.13,1.35,0.76,-0.06,-0.55,2026-04-29,2.8526587887740096,-1.772996909843072,0.17204053075394743,9.185745937961599,3.5228942450669773,5.315304465731164,9.499630723781394,-1.6234021803673837,5.768423883001117
16,CDNS,IGV,54.3,Weak,69.9,42.2,1.0,2026-04-29,329.95,18.79,13.17,0.061,59.4,1.37,65.0,0.28,4,1.8,0.093,4 distribution days in 20,-1.46,2.15,0.44,1.01,0.27,0.91,0.85,0.86,2.18,1.25,1.01,1.26,2.06,0.85,2026-04-29,7.949930797426563,3.3242750988094816,5.269312539406501,7.852590913930246,2.189739221035625,3.9821494416998116,6.736224125081747,-4.386808779067031,3.00501728430147
17,RKLB,ITA,53.5,Weak,66.0,43.4,2.5,2026-04-29,77.02,20.02,22.58,0.051,55.1,0.81,60.0,0.21,1,0.15,0.117,,-0.84,1.93,-1.58,-3.0,1.28,0.32,-1.64,0.7,0.47,-1.1,0.0,0.38,2.1,-1.64,2026-04-29,9.138953338489308,4.630737430994336,6.458335080469246,60.0283578241815,54.53236044578162,56.157916351951066,73.08584686774941,68.63848953429122,69.35464002696914
18,BE,XLI,53.0,Weak,65.7,42.8,1.2,2026-04-29,287.76,112.38,107.31,0.106,55.7,0.96,60.0,0.26,4,4.42,0.105,4 distribution days in 20; extended >3 ATR above 20d avg,1.86,0.96,0.07,1.8,0.12,-2.51,-2.97,3.0,1.38,-0.24,2.02,-0.45,-1.37,-2.97,2026-04-29,-3.5065769451864903,-6.6306611137580855,-6.187195203206553,-2.0322591553105895,-3.2689979162272897,-5.902700627541025,-4.581882122206071,-4.118837752005011,-8.313088962986349
19,BTSG,XLV,50.5,Weak,48.8,52.3,0.7,2026-04-29,48.12,12.93,15.49,0.035,55.3,0.83,50.0,0.12,1,1.48,0.297,,-1.13,1.51,-2.27,-1.8,1.14,-0.77,0.98,-0.19,0.83,-1.33,-1.12,0.2,-0.46,0.98,2026-04-29,9.57623597839634,8.39027106611565,6.895617720376278,17.386788533444108,15.267490287830075,13.516347061213672,21.728292480265885,19.321274936406226,17.997085639485608
20,ZM,IGV,50.4,Weak,66.4,38.3,1.0,2026-04-29,95.76,19.1,13.49,0.066,56.2,1.09,55.0,0.08,3,2.17,0.012,,-0.25,1.93,-0.79,0.0,-1.18,-1.77,-0.19,2.06,1.96,0.02,0.0,-0.18,-0.61,-0.19,2026-04-29,9.653103808033393,5.027448109416311,6.972485550013331,6.917057902973411,1.2542062100787899,3.0466164307429766,3.6932707355242567,-7.429762168624521,-0.03793610525602009
21,TOST,IGV,45.4,Weak,61.5,33.5,1.0,2026-04-29,28.61,7.88,2.27,0.05,56.7,1.06,55.0,0.12,3,0.81,-0.092,,-0.91,1.57,-0.28,0.0,-0.3,-0.23,-1.14,1.4,1.6,0.54,0.0,0.7,0.92,-1.14,2026-04-29,-0.31690140845069825,-4.942557107067779,-2.9975196664707604,-21.35915492957746,-27.022006622472084,-25.229596401807896,-17.957746478873236,-29.080779383022012,-21.688953319653514
22,CART,XLY,44.3,Weak,77.7,25.3,2.8,2026-04-29,42.33,12.99,5.73,0.06,56.4,0.82,60.0,0.25,0,0.63,-0.292,,-0.65,1.09,0.87,-2.02,1.92,-0.38,-1.67,1.25,2.09,0.01,0.67,1.48,0.3,-1.67,2026-04-29,-5.354831116864778,-6.532797218559694,-8.035449374884841,-5.969165587854541,-6.1556062658206345,-9.839607060084976,-2.7892197246086936,-2.3315926059646164,-6.52042656538897
23,MTCH,XLC,38.6,None,64.1,23.3,0.9,2026-04-29,36.78,21.15,17.12,0.041,59.3,0.85,55.0,0.25,0,2.69,-0.346,,-2.08,0.4,-1.7,-2.02,1.44,-0.49,-1.34,0.32,2.46,-0.01,-0.67,0.9,0.45,-1.34,2026-04-29,2.6351534908992003,0.6057623082539765,-0.04546476712086189,-2.55365389839719,-4.101939412742905,-6.424095370627625,-2.7709861450692874,-3.7419448574555925,-6.502192985849565
24,INTC,SMH,37.1,None,98.5,14.0,86.3,2026-04-29,94.78,114.77,84.33,0.097,61.7,,70.0,0.48,2,5.67,-0.657,extended >3 ATR above 20d avg,-1.37,1.03,,-3.0,-0.57,0.85,-1.08,3.0,3.0,,2.02,1.61,2.83,-1.08,2026-04-29,18.211297071129717,9.371479752101752,15.530678813109656,25.794979079497928,12.433708634386422,21.924537607267492,24.456066945606715,12.628365615126526,20.724860104826437
25,NWS,XLC,36.2,None,61.4,21.3,0.9,2026-04-29,30.17,6.2,2.17,0.088,52.1,1.36,65.0,0.1,3,1.52,-0.403,,-0.71,-1.6,-1.51,-0.67,1.55,0.97,-3.0,1.69,0.46,0.18,0.67,1.01,1.91,-3.0,2026-04-29,0.6348145673237493,-1.3945766153214745,-2.045803690696313,2.2051453391246145,0.6568598247788993,-1.6652961331058203,-1.1025726695623073,-2.0735313819486123,-4.833779510342584
26,ROST,XRT,33.4,None,64.6,17.3,1.3,2026-04-29,224.2,3.92,-0.27,0.074,53.6,0.95,75.0,-0.06,1,0.32,-0.533,,-2.72,-0.54,-2.36,-0.0,-0.85,-0.49,-1.71,1.78,0.1,-0.35,2.02,-0.69,-0.14,-1.71,2026-04-29,0.9162535410764949,-0.07278363718852265,-1.7643647169435672,-6.635092067988657,-1.3324228592183953,-10.50553354021909,-3.9837110481586446,-0.03947844568008563,-7.714917888938921
27,PDFS,IGV,31.7,None,46.6,21.6,1.0,2026-04-29,40.03,22.34,16.73,0.004,56.6,1.19,60.0,0.18,4,-0.04,-0.396,4 distribution days in 20,-2.14,1.35,0.36,0.54,-0.25,-0.14,1.46,0.17,1.38,1.18,0.54,0.74,1.01,1.46,2026-04-29,18.72224962999507,14.096593931377988,16.041631371975008,27.281697089294532,21.618845396399912,23.411255617064096,10.384805130735074,-0.738227773413703,6.653598289954798
28,ARMK,XLI,31.5,None,44.2,22.4,1.2,2026-04-29,44.78,10.92,5.85,0.017,52.5,0.87,50.0,-0.05,2,0.74,-0.371,,-0.93,1.11,0.89,-0.9,-0.06,-1.46,0.51,0.38,1.53,0.58,-0.67,-0.63,-0.33,0.51,2026-04-29,0.8857395925597977,-2.238344576011797,-1.7948786654602644,11.891054030115168,10.654315269198467,8.020612557884732,13.883968113374667,14.347012483575728,10.15276127259439
29,NVDA,QQQ,26.3,None,98.9,7.0,82.4,2026-04-29,208.87,20.1,5.47,0.114,59.8,0.96,75.0,0.41,1,2.44,-1.044,,-3.0,-1.95,,-1.35,2.12,-0.21,2.53,3.0,3.0,-1.02,2.02,3.0,3.0,2.53,2026-04-29,-1.083790880878488,-5.620140414742969,-3.76440913889855,7.572212938648848,0.19687971576227703,3.701771466418413,6.435903556934841,-0.7285767659713116,2.7046967161545643
30,KLAC,SMH,25.5,None,95.3,6.8,86.3,2026-04-29,181.29,23.43,-7.02,0.171,59.7,1.35,90.0,0.38,3,1.22,-1.056,,-1.39,-3.0,,0.67,0.2,1.22,-1.37,3.0,2.28,0.67,3.0,2.38,3.0,-1.37,2026-04-29,7.601401508403116,-1.2384158106248488,4.920783250383054,9.58489221450205,-3.776378230609456,5.714450742271615,8.456559178098466,-3.371142152381722,4.725352337318189
31,CAT,XLI,24.3,None,35.5,16.7,1.2,2026-04-29,808.58,14.57,9.5,0.074,52.8,1.08,70.0,0.01,2,1.28,-0.553,,-0.36,-0.49,0.83,1.12,-0.22,-2.38,-2.08,0.95,-0.07,0.52,1.35,-0.79,-1.24,-2.08,2026-04-29,8.601052087736605,5.47696791916501,5.920433829716543,5.743036963975379,4.5062982030586785,1.8725954917449439,2.3037903339439225,2.7668347041449826,-1.4274165068363542
32,DDOG,IGV,22.8,None,35.4,14.7,1.0,2026-04-29,133.93,13.48,7.87,0.049,55.3,1.3,55.0,0.24,4,1.84,-0.627,4 distribution days in 20,-1.12,1.34,1.86,0.34,0.13,-0.01,-1.98,1.2,1.37,2.68,0.34,1.13,1.14,-1.98,2026-04-29,7.914317925591874,3.2886622269747923,5.233699667571812,54.2878617061255,48.62501001323088,50.417420233895065,59.50394588500563,48.38091298085685,55.772739044225354
33,GEV,XLI,21.1,None,31.3,14.2,1.2,2026-04-29,1062.93,21.83,16.75,0.081,52.3,1.27,55.0,0.2,3,1.23,-0.648,,0.62,-0.54,2.44,-0.22,0.87,-1.01,-0.97,1.93,-0.12,2.13,0.0,0.3,0.13,-0.97,2026-04-29,3.7073089331405074,0.5832247645689126,1.0266906751204452,-1.5398449957355398,-2.77658375665224,-5.410286467965975,-5.03671153632218,-4.57366716612112,-8.767918377102458
34,ETSY,XLY,20.2,None,46.8,8.7,2.8,2026-04-29,69.56,39.23,31.98,0.057,55.2,0.86,50.0,0.33,3,3.53,-0.925,extended >3 ATR above 20d avg,-0.77,0.58,2.47,-3.0,1.85,-0.57,-0.33,1.14,1.58,1.61,-0.67,1.41,0.1,-0.33,2026-04-29,-3.562416505863153,-4.740382607558069,-6.243034763883215,-14.813715303547582,-15.000155981513675,-18.684156775778018,-9.633367967938256,-9.17574084929418,-13.364574808718533
35,ALAB,SMH,20.1,None,98.1,4.1,86.3,2026-04-29,196.97,79.83,49.39,0.101,56.3,,60.0,1.0,1,2.25,-1.32,,-0.35,-2.23,,-3.0,-0.3,-0.43,-0.76,3.0,3.0,,2.02,1.87,1.55,-0.76,2026-04-29,7.079955969178409,-1.7598613498495563,4.3993377111583465,12.188531972380655,-1.1727384727308507,8.31809050015022,43.890723506454506,32.06302217597432,40.15951666567423
36,ANET,XLK,19.0,None,98.0,3.7,96.6,2026-04-29,168.68,37.38,17.66,0.139,63.5,0.81,85.0,0.53,1,2.05,-1.384,,-1.72,-3.0,,-0.0,-0.12,-1.63,0.22,3.0,3.0,-1.08,3.0,2.01,1.11,0.22,2026-04-29,-14.458461717342018,-20.991535402875037,-17.13907997536208,-18.231498168711113,-29.092733170909735,-22.10193964094155,-18.3361432474856,-29.335577885339735,-22.06735008826588
37,ROK,XLI,17.8,None,26.9,11.8,1.2,2026-04-29,397.75,11.55,6.48,0.024,51.7,1.02,45.0,-0.07,1,0.39,-0.754,,-1.32,-0.78,-0.39,-1.24,-0.09,-1.55,-0.48,-0.01,-0.36,-0.7,-1.01,-0.66,-0.42,-0.48,2026-04-29,14.446087152629872,11.322002984058276,11.76546889460981,13.320971258175263,12.084232497258562,9.450529785944827,8.973363069135743,9.436407439336804,5.242156228355467
38,MSFT,QQQ,16.3,None,98.0,2.7,82.4,2026-04-29,422.93,14.72,0.08,0.117,56.8,0.84,70.0,0.17,1,2.06,-1.55,,-1.92,-3.0,,-1.35,0.25,-2.07,1.9,3.0,3.0,-1.54,2.02,1.3,1.24,1.9,2026-04-29,0.7481113854729493,-3.7882381483915317,-1.9325068725471128,-1.364203114685958,-8.73953633757253,-5.234644586916392,2.5254871280835145,-4.638993194822638,-1.2057197126967623
39,AMD,SMH,15.1,None,98.5,2.3,86.3,2026-04-29,337.06,65.76,35.32,0.131,61.5,,80.0,0.73,1,3.99,-1.633,extended >3 ATR above 20d avg,-3.0,-1.75,,-1.35,-0.03,-1.39,-0.43,3.0,3.0,,3.0,2.15,0.58,-0.43,2026-04-29,23.475560633358228,14.635743314330263,20.794942375338167,30.474139825108757,17.11286937999725,26.60369835287832,31.11863016507741,19.29092883459722,27.38742332429713
40,AVGO,QQQ,12.9,None,97.5,1.7,82.4,2026-04-29,404.21,31.08,16.45,0.117,58.4,0.85,80.0,0.47,1,1.97,-1.777,,-3.0,-2.92,,-1.01,0.92,-0.3,-2.62,3.0,3.0,-0.8,2.36,1.96,3.0,-2.62,2026-04-29,2.344051757435306,-2.192297776429175,-0.33656650058475623,0.2534762456547046,-7.121856977231866,-3.61696522657573,0.45142912321358697,-6.713051199692566,-3.27977771756669
41,NWSA,XLC,12.6,None,27.0,5.9,0.9,2026-04-29,26.15,5.32,1.29,0.037,48.4,1.29,50.0,0.03,5,1.4,-1.133,5 distribution days in 20,-1.86,-2.38,-1.31,-1.57,1.46,0.19,0.64,0.54,-0.32,0.38,-0.22,0.91,1.13,0.64,2026-04-29,0.694444444444442,-1.3349467382007818,-1.9861738135756202,2.54629629629628,0.9980107819505646,-1.324145175934155,-0.92592592592593,-1.896884638312235,-4.657132766706207
42,SLB,OIH,12.4,None,37.5,4.1,2.5,2026-04-29,55.12,8.35,-1.9,0.043,52.6,0.89,50.0,-0.12,0,1.75,-1.324,,-2.85,-1.13,-1.21,-3.0,-1.19,-1.04,-0.44,0.42,0.08,-0.79,-0.45,-0.99,-0.44,-0.44,2026-04-29,-0.1463325406987348,1.4093443151964702,-2.826950798718797,0.2743735138101222,0.7656398893559846,-3.5960679584203126,3.6948966526431315,1.1521382829196902,-0.03631018813714526
43,CSCO,XLK,11.9,None,94.7,1.5,96.6,2026-04-29,89.27,16.15,-3.58,0.154,58.3,1.12,70.0,0.33,1,2.35,-1.859,,-1.23,-3.0,,-3.0,-0.69,-0.79,-1.22,3.0,2.2,-0.21,2.02,1.44,1.95,-1.22,2026-04-29,2.0339740724184097,-4.49909961311461,-0.6466441856016525,13.489047831917734,2.6278128297191117,9.618606359687298,27.291014751899855,16.291580114045722,23.559807911119577
44,CRDO,SMH,11.7,None,98.3,1.4,86.3,2026-04-29,175.96,87.57,57.13,0.1,59.7,0.87,65.0,1.22,2,1.87,-1.886,,-1.95,-3.0,,-3.0,0.07,0.75,-3.0,3.0,3.0,-3.0,1.35,2.24,2.72,-3.0,2026-04-29,10.268527269694783,1.4287099506668177,7.5879090116747205,5.270473119475172,-8.090797325636334,1.4000316472447372,1.6400733863345618,-10.187627944145627,-2.091133454445715
45,TKR,XLI,10.1,None,15.9,6.4,1.2,2026-04-29,105.94,5.99,0.92,0.055,51.7,0.91,65.0,-0.2,3,0.39,-1.088,,-0.43,-1.56,1.05,0.45,-1.02,-2.87,-0.14,0.88,-1.14,0.74,0.67,-1.59,-1.73,-0.14,2026-04-29,11.326406440138538,8.202322271566942,8.645788182118476,7.703828512590105,6.467089751673405,3.8333870403596704,9.398109145371158,9.86115351557222,5.666902304590882
46,MTSI,SMH,9.7,None,94.2,1.0,86.3,2026-04-29,269.84,21.51,-8.93,0.059,55.1,1.02,65.0,0.54,1,0.63,-2.066,,-3.0,-3.0,,-3.0,-0.35,1.06,-1.73,2.47,2.71,0.74,2.02,1.83,3.0,-1.73,2026-04-29,12.61189141983845,3.772074100810485,9.931273161818389,38.905465395531635,25.544194950420128,35.0350239233012,36.76224437813842,24.93454304765823,33.031037537358145
47,AAPL,QQQ,9.4,None,89.1,1.0,82.4,2026-04-29,269.71,6.46,-8.17,0.041,52.1,1.1,65.0,0.08,2,1.05,-2.057,,-3.0,-3.0,,-1.35,-0.43,-2.94,1.35,1.62,2.47,0.21,2.02,0.62,0.37,1.35,2026-04-29,6.295363649829655,1.759014115965174,3.614745391809593,10.583617241890074,3.2082840190035036,6.71317576965964,11.83528366167974,4.670803338773588,8.104076820899465
48,NESR,OIH,9.4,None,33.0,2.7,2.5,2026-04-29,24.24,12.9,2.65,0.057,45.6,0.89,65.0,-0.02,2,0.7,-1.542,,-2.3,-2.96,-0.55,-2.7,-0.61,0.72,-2.47,0.96,-1.75,-0.13,0.67,-0.4,1.33,-2.47,2026-04-29,1.848049281314168,3.403726137209373,-0.8325689767058941,9.568788501026692,10.060054876572554,5.698347028796257,7.145790554414777,4.603032184691336,3.4145837136345003
49,MRVL,SMH,9.3,None,96.3,0.9,86.3,2026-04-29,156.52,58.13,27.69,0.093,60.8,0.69,75.0,0.85,1,2.42,-2.116,,-3.0,-3.0,,-3.0,-0.39,-1.42,1.81,1.38,2.34,-3.0,1.69,1.79,0.55,1.81,2026-04-29,7.6023757424195315,-1.2374415766084335,4.921757484399469,11.234760862769622,-2.1265095823418836,7.364319390539188,16.761487964989065,4.933786634508877,13.030281124208788
50,VSH,SMH,8.8,None,95.9,0.8,86.3,2026-04-29,27.66,54.35,23.91,0.106,62.1,,75.0,0.51,3,2.98,-2.182,,-3.0,-3.0,,-2.02,-1.09,-1.23,1.49,1.9,2.56,,3.0,1.09,0.75,1.49,2026-04-29,19.792040157762614,10.952222838734649,17.111421899742552,37.361061312298325,23.999790867186817,33.49061984006789,43.31301541771244,31.485314087232254,39.58180857693217
51,TSM,SMH,8.4,None,87.8,0.8,86.3,2026-04-29,392.34,16.55,-13.89,0.05,52.9,0.99,65.0,0.17,2,1.75,-2.168,,-3.0,-3.0,,-2.7,-1.35,-0.23,0.03,3.0,0.23,0.6,2.7,0.82,1.75,0.03,2026-04-29,5.468907732687267,-3.370909586340698,2.788289474667205,0.48455481526348265,-12.876715629848023,-3.385886656966952,0.9590147385422965,-10.868686591937891,-2.7721921022379803
52,QCOM,SMH,7.5,None,94.2,0.6,86.3,2026-04-29,154.69,21.23,-9.21,0.028,58.3,0.78,45.0,0.07,1,3.8,-2.282,extended >3 ATR above 20d avg,-3.0,-3.0,,-3.0,-1.61,-1.25,1.35,1.7,2.73,-2.39,0.67,0.57,0.72,1.35,2026-04-29,11.953780280368353,3.1139629613403876,9.273162022348291,23.907560560736684,10.546290115625178,20.03711908850625,17.76643791424717,5.938736583766982,14.035231073466893
53,Q,SMH,7.2,None,73.9,0.7,86.3,2026-04-29,141.13,22.43,-8.01,0.097,53.8,0.91,80.0,0.23,2,1.69,-2.237,,-3.0,-3.0,,-1.35,-1.32,-1.45,-2.07,1.9,0.04,0.52,3.0,0.86,0.53,-2.07,2026-04-29,4.42936113637955,-4.4104561826484145,1.7487428783594883,13.24609894339095,-0.11517150172055679,9.375657471160515,6.969421314113777,-4.858280016366411,3.2382144733335005
54,PAY,IGV,6.8,None,11.4,4.0,1.0,2026-04-29,27.99,10.15,4.54,-0.003,49.6,1.09,45.0,-0.04,2,1.25,-1.338,,-3.0,-0.91,0.5,-1.35,-0.66,-0.47,-2.02,-0.76,-0.87,1.32,-1.35,0.34,0.69,-2.02,2026-04-29,-1.845151953690305,-6.4708076523073865,-4.525770211710367,-10.78147612156295,-16.444327814457573,-14.651917593793385,-11.685962373371927,-22.808995277520705,-15.417169214152203
55,P,XLK,6.7,None,90.5,0.5,96.6,2026-04-29,70.31,19.07,-0.65,0.102,51.3,0.73,70.0,0.24,1,1.66,-2.37,,-3.0,-3.0,,-3.0,-0.65,-1.52,-0.99,3.0,0.57,-0.71,2.02,1.48,1.22,-0.99,2026-04-29,4.846435615666378,-1.6866380698666417,2.1658173576463158,18.9208227669766,8.059587764777977,15.050381294746163,9.833755987602121,-1.165678650252012,6.102549146821844
56,MU,SMH,6.7,None,88.8,0.5,86.3,2026-04-29,518.34,53.55,23.11,0.094,57.9,0.9,65.0,0.27,0,2.77,-2.397,,-3.0,-3.0,,-3.0,-1.22,-2.26,0.83,2.0,3.0,0.07,0.9,0.96,-0.28,0.83,2026-04-29,25.838305263952876,16.99848794492491,23.157687005932814,51.62563250509782,38.26436205998631,47.75519103286739,38.188203307907266,26.360501977427077,34.45699646712699
57,GOOGL,QQQ,6.6,None,86.4,0.5,82.4,2026-04-29,349.56,21.71,7.08,0.07,57.7,0.79,65.0,0.04,0,2.87,-2.356,,-3.0,-3.0,,-2.02,-1.31,-3.0,0.5,1.99,2.64,-1.24,1.35,-0.27,-1.9,0.5,2026-04-29,6.337990471602173,1.8016409377376918,3.6573722135821107,7.633424334885697,0.2580911119991258,3.762982862655262,3.955891012258439,-3.2085893106477137,0.22468417147816222
58,AMZN,QQQ,6.5,None,84.7,0.5,82.4,2026-04-29,263.27,26.4,11.76,0.083,58.5,0.78,65.0,0.04,0,3.42,-2.354,extended >3 ATR above 20d avg,-3.0,-3.0,,-2.7,-1.24,-3.0,1.98,1.74,1.38,-1.45,0.67,-0.2,0.12,1.98,2026-04-29,0.6369659918731951,-3.899383541991286,-2.043652266146867,-1.1201815719149244,-8.495514794801496,-4.990623044145359,-2.9834901343485876,-10.14797045725474,-6.714696975128865
59,SNX,XLK,6.2,None,95.7,0.4,96.6,2026-04-29,223.38,32.94,13.22,0.143,58.8,0.54,80.0,0.25,2,2.43,-2.497,,-3.0,-3.0,,-3.0,-1.64,-2.66,0.88,2.01,2.52,-3.0,1.69,0.49,0.07,0.88,2026-04-29,2.890504516413306,-3.6425691691197137,0.2098862583932437,1.912315487992955,-8.948919514205667,-1.9581259842374799,1.458471028860986,-9.540963608993147,-2.272735811919291
60,SANM,XLK,6.0,None,88.8,0.4,96.6,2026-04-29,208.67,61.11,41.39,0.095,55.0,1.01,60.0,0.56,3,3.93,-2.45,extended >3 ATR above 20d avg,-3.0,-3.0,,-3.0,-0.17,-2.58,0.91,2.16,1.18,-1.9,1.01,1.96,0.16,0.91,2026-04-29,11.600168389541142,5.067094704008123,8.919550131521081,11.567425978764213,0.7061909765655905,7.696984506533778,8.134150334440339,-2.8652843034137945,4.402943493660062
61,GOOG,QQQ,5.9,None,88.3,0.4,82.4,2026-04-29,347.26,21.24,6.61,0.078,59.3,0.81,60.0,0.03,1,2.95,-2.503,,-3.0,-3.0,,-2.7,-1.27,-3.0,0.04,3.0,3.0,-0.88,0.67,-0.23,-2.02,0.04,2026-04-29,6.394455082391648,1.858105548527167,3.713836824371586,7.50020227082715,0.12486904794057896,3.629760798596715,3.6732382210955095,-3.491242101810643,-0.0579686196847673
62,META,QQQ,5.7,None,80.7,0.4,82.4,2026-04-29,668.76,17.11,2.48,0.045,56.1,0.72,55.0,0.04,0,1.65,-2.566,,-3.0,-3.0,,-3.0,-0.82,-3.0,-0.86,1.26,2.63,-1.22,0.0,0.23,-0.17,-0.86,2026-04-29,-1.095008572445244,-5.631358106309725,-3.7756268304653062,-0.4350920324782348,-7.810425255364805,-4.30553350470867,-2.333969527383295,-9.498449850289447,-6.065176368163572
63,TXN,SMH,5.4,None,72.7,0.4,86.3,2026-04-29,266.58,38.74,8.29,0.033,58.2,0.82,55.0,0.26,3,3.98,-2.495,extended >3 ATR above 20d avg,-3.0,-3.0,,-3.0,-0.86,-1.68,-0.03,1.03,2.12,0.19,0.67,1.31,0.3,-0.03,2026-04-29,7.737493920006,-1.102323399021965,5.056875661985938,14.060687694092122,0.6994172489806161,10.190246221861688,13.484491338346993,1.656790007866805,9.753284497566717
64,FORM,SMH,5.1,None,85.5,0.3,86.3,2026-04-29,135.53,39.71,9.26,0.086,57.7,,60.0,0.3,3,0.72,-2.672,,-3.0,-3.0,,-3.0,-1.81,-2.04,-0.2,2.68,1.91,,0.67,0.37,-0.06,-0.2,2026-04-29,3.576388888888893,-5.263428430139072,0.8957706308688307,-10.204861111111107,-23.566131556222615,-14.075302583341543,-12.979166666666664,-24.806867997146853,-16.710373507446942
65,SMTC,SMH,4.9,None,59.0,0.4,86.3,2026-04-29,98.3,27.93,-2.52,0.048,53.8,1.21,65.0,0.11,3,0.51,-2.456,,-3.0,-3.0,,-3.0,-2.26,-1.1,1.85,0.66,0.7,1.17,2.02,-0.08,0.88,1.85,2026-04-29,17.940856492928493,9.101039173900528,15.260238234908432,38.077341509247375,24.716071064135868,34.20690003701694,40.292750469785375,28.465049139305187,36.5615436290051
66,ADI,SMH,4.9,None,80.5,0.3,86.3,2026-04-29,387.2,22.44,-8.0,0.11,54.1,0.76,65.0,0.06,2,2.53,-2.626,,-3.0,-3.0,,-3.0,-2.06,-1.41,-2.24,2.26,0.34,-1.14,2.02,0.12,0.57,-2.24,2026-04-29,5.721889554224879,-3.1179277648030856,3.041271296204817,10.036337581247778,-3.3249328638637277,6.165896109017344,1.036388760939655,-10.791312569540533,-2.694818079840622
67,CDW,XLK,4.7,None,72.3,0.3,96.6,2026-04-29,134.11,12.01,-7.71,0.069,55.0,0.96,60.0,0.08,2,1.08,-2.742,,-3.0,-3.0,,-3.0,-2.29,-3.0,-0.74,1.25,2.28,-0.3,0.34,-0.16,-0.41,-0.74,2026-04-29,-19.43779904306219,-25.970872728595207,-22.11841730108225,-25.747607655502392,-36.60884265770102,-29.618049127732828,-21.45633971291865,-32.455774350772785,-25.187546553698926
68,ENTG,SMH,4.6,None,69.3,0.3,86.3,2026-04-29,149.37,27.68,-2.77,0.067,55.3,0.84,70.0,0.42,5,1.8,-2.614,5 distribution days in 20,-3.0,-3.0,,-3.0,-0.71,-0.62,0.37,0.93,0.78,-0.83,2.02,1.47,1.35,0.37,2026-04-29,4.476209650359042,-4.363607668668923,1.79559139233898,-2.7380712703845234,-16.09934171549603,-6.608512742614958,-14.455405677471312,-26.2831070079515,-18.18661251825159
69,COHR,XLK,4.4,None,39.3,0.5,96.6,2026-04-29,304.93,28.06,8.33,0.019,52.0,1.07,45.0,0.55,1,-0.09,-2.438,,-3.0,-3.0,,-3.0,-0.3,-1.21,-3.0,0.32,-0.15,-0.18,-1.35,1.83,1.53,-3.0,2026-04-29,10.949727867057412,4.416654181524392,8.26910960903735,30.03445943769927,19.173224435500646,26.164017965468833,15.48742391549387,4.487989277639738,11.756217074713593
70,KEYS,XLK,4.1,None,56.8,0.3,96.6,2026-04-29,335.64,18.86,-0.86,0.079,52.6,1.39,55.0,0.1,2,1.15,-2.631,,-3.0,-3.0,,-3.0,-1.73,-2.49,-1.04,1.83,0.29,0.93,0.67,0.4,0.24,-1.04,2026-04-29,6.317590095967063,-0.2154835895659568,3.6369718379470006,4.72587051694644,-6.1353644852521825,0.8554290447160051,-0.8378997419616785,-11.837334379815811,-4.569106582741956
71,SNDK,XLK,3.7,None,66.9,0.2,96.6,2026-04-29,1064.21,67.5,47.78,0.062,56.9,0.93,60.0,0.19,0,2.64,-2.874,,-3.0,-3.0,,-3.0,-1.99,-3.0,-3.0,1.51,0.97,-0.12,2.02,0.14,-0.55,-3.0,2026-04-29,26.7149393669714,20.18186568143838,24.03432110895134,30.09627572071949,19.235040718520867,26.225834248489054,25.19259638808733,14.193161750233198,21.461389547307054
72,ONTO,SMH,3.7,None,69.2,0.2,86.3,2026-04-29,284.3,38.64,8.19,0.065,59.9,1.11,70.0,0.25,5,1.24,-2.798,5 distribution days in 20,-3.0,-3.0,,-3.0,-1.65,-0.22,-1.19,1.23,2.78,0.26,1.01,0.52,1.75,-1.19,2026-04-29,0.4002599979473942,-8.43955732108057,-2.280358260072668,-5.172590742704664,-18.53386118781617,-9.0430322149351,-10.06123635866033,-21.88893768914052,-13.792443199440608
73,INGM,XLK,3.6,None,66.3,0.2,96.6,2026-04-29,30.12,30.16,10.44,0.088,57.1,0.86,50.0,-0.09,4,2.23,-2.988,4 distribution days in 20,-3.0,-3.0,,-3.0,-2.33,-3.0,0.04,1.83,1.86,-0.62,0.9,-0.2,-0.93,0.04,2026-04-29,-11.64791528788881,-18.18098897342183,-14.328533545908872,-14.725347452018534,-25.586582454217158,-18.595788924248968,-15.387160820648571,-26.386595458502704,-19.11836766142885
74,APH,XLK,2.9,None,41.7,0.2,96.6,2026-04-29,73.95,17.38,-2.34,0.054,51.4,0.99,55.0,-0.11,2,1.07,-2.801,heavy selling into close today,-3.0,-3.0,,-3.0,-2.56,-3.0,-1.07,0.72,-0.31,-0.83,0.34,-0.44,-0.73,-1.07,2026-04-29,-8.872458410351204,-15.405532095884222,-11.553076668371265,-17.95616583047266,-28.817400832671282,-21.826607302703096,-19.065223131766572,-30.064657769620705,-22.79642997254685
75,DELL,XLK,2.7,None,36.9,0.2,96.6,2026-04-29,205.31,25.63,5.91,0.021,50.3,0.68,55.0,0.25,0,1.31,-2.858,,-3.0,-3.0,,-3.0,-1.86,-3.0,-3.0,0.37,-0.4,-1.48,0.0,0.27,-0.94,-3.0,2026-04-29,14.503266717909291,7.9701930323762715,11.82264845988923,16.96771714066103,6.1064821384624075,13.097275668430594,16.530553420445806,5.5311187825916726,12.799346579665528
1,FLYW,IGV,96.5,Strong,97.5,95.5,1.3,2026-05-06,17.49,47.59,37.5,0.069,57.5,0.57,60.0,0.59,2,5.53,1.776,extended >3 ATR above 20d avg,0.7,3.0,-1.62,2.7,0.4,2.03,1.4,2.28,3.0,-1.66,2.02,1.79,1.31,1.4,2026-05-06,-10.368271954674213,-8.85699292367077,-11.352752709442793,-9.915014164305935,-13.493189517122905,-10.764128815293827,-10.22662889518412,-16.471767243889534,-12.891563604967406
2,PR,XOP,95.3,Strong,93.0,97.6,0.5,2026-05-06,20.87,3.06,4.38,0.169,58.4,0.87,80.0,0.34,2,0.6,2.104,heavy selling into close today,3.0,1.28,-3.0,1.35,0.63,3.0,2.19,3.0,0.71,-1.28,2.02,1.04,0.16,2.19,2026-05-06,-0.7960199004975133,-2.515112804667252,-1.780500655266093,2.3383084577114355,-3.178638628365138,1.4891938067235433,-5.273631840796034,-4.938347763741668,-7.938566550579318
3,SITM,SMH,93.3,Strong,97.2,89.6,93.4,2026-05-06,625.36,58.25,28.33,0.174,63.1,1.02,80.0,0.78,2,3.42,1.327,extended >3 ATR above 20d avg,2.01,3.0,,0.0,0.57,1.82,-3.0,3.0,3.0,0.31,3.0,2.57,2.89,-3.0,2026-05-06,-1.1562267009077032,-5.988892775133781,-2.140707455676283,-17.581273151161557,-20.99574641346309,-18.43038780214945,-13.64513189505201,-23.584391466479282,-16.310066604835296
4,FIVN,IGV,92.1,Strong,94.6,89.7,1.3,2026-05-06,21.9,50.21,40.11,0.111,57.8,0.75,60.0,0.67,4,3.07,1.331,4 distribution days in 20; extended >3 ATR above 20d avg; heavy selling into close today,1.24,1.55,-0.53,2.7,1.89,1.76,3.0,2.81,1.89,-0.57,2.02,3.0,1.05,3.0,2026-05-06,-6.05251446372942,-4.541235432725976,-7.036995218497999,-0.8455718736092521,-4.423747226426222,-1.6946865245971443,1.602136181575431,-4.643002167129984,-1.0627985282078534
5,CORT,XBI,86.8,Strong,79.5,94.7,1.3,2026-05-06,52.19,24.62,19.21,0.096,53.7,,60.0,0.35,0,2.87,1.687,,2.53,1.32,,3.0,1.14,0.7,-0.41,1.71,1.13,,0.67,0.49,0.52,-0.41,2026-05-06,9.725158562367863,10.42026355980694,8.740677807599283,13.549875072073792,17.325392742374515,12.7007604210859,31.501057082452434,32.11567623808277,28.83612237266915
6,TWLO,IGV,85.2,Strong,90.5,80.2,1.3,2026-05-06,191.32,47.54,37.44,0.131,60.6,0.83,75.0,0.52,5,4.78,0.95,5 distribution days in 20; extended >3 ATR above 20d avg,0.97,1.12,-2.49,3.0,0.02,0.97,0.12,2.54,1.46,-2.53,2.7,1.41,0.25,0.12,2026-05-06,-2.996575342465746,-1.485296311462303,-3.9810560972343256,-4.648468976631747,-8.226644329448717,-5.4975836276196395,-6.985294117647056,-13.230432466352472,-9.65022882743034
7,INSW,XLE,84.3,Strong,85.3,83.4,1.4,2026-05-06,77.2,12.41,14.25,0.107,54.0,0.92,80.0,0.48,3,2.19,1.056,,1.46,0.88,-0.84,3.0,0.75,1.09,-0.8,2.94,0.12,0.47,3.0,1.4,1.82,-0.8,2026-05-06,-5.682656826568255,-8.837688558209233,-6.667137581336835,-4.095940959409594,-11.09503434109591,-4.945055610397486,-14.969249692496922,-16.855015784971982,-17.634184402280205
8,BE,XLI,77.0,Strong,83.6,70.9,1.9,2026-05-06,285.36,94.45,90.7,0.107,57.0,1.0,75.0,0.7,4,2.4,0.695,4 distribution days in 20,2.5,1.58,0.83,3.0,0.3,0.01,-3.0,3.0,1.8,-0.35,3.0,0.46,0.09,-3.0,2026-05-06,1.9136063036443218,4.071879684939283,0.9291255488757422,-0.7387083157450292,3.062345329527738,-1.5878229667329213,1.8784297171802633,3.91207838879416,-0.786504992603021
9,BIIB,XLV,71.2,Strong,64.1,79.1,1.7,2026-05-06,190.67,6.02,8.85,0.045,59.7,0.88,65.0,0.06,3,1.25,0.917,,1.09,2.86,0.71,1.12,-0.12,2.43,-0.7,0.39,1.14,-1.23,1.12,-0.25,0.7,-0.7,2026-05-06,7.339738541502583,6.2771647516560725,6.355257786734003,-1.3702945345723694,-2.7176103203908286,-2.2194091855602616,3.1396020370662026,-0.7773366392307635,0.47466732728291827
10,MTCH,XLC,69.8,Moderate,81.1,60.1,2.0,2026-05-06,37.78,16.14,13.05,0.083,59.9,0.92,65.0,0.35,2,1.82,0.455,,0.69,1.42,0.27,-1.35,1.66,1.29,-0.78,1.5,2.75,0.15,0.0,1.52,0.06,-0.78,2026-05-06,-6.320188038652397,-5.54241026087462,-7.304668793420976,-6.529119874640898,-5.1872395327605565,-7.37823452562879,-5.588926612692613,-4.700037723803718,-8.253861322475897
11,AVPT,IGV,66.7,Moderate,75.3,59.1,1.3,2026-05-06,10.28,4.74,-5.36,0.055,51.8,1.17,65.0,0.23,4,1.04,0.433,4 distribution days in 20; heavy selling into close today,1.12,0.29,0.51,2.02,0.44,2.37,-1.03,2.69,0.62,0.47,1.35,1.83,1.65,-1.03,2026-05-06,-9.318826868495734,-7.80754783749229,-10.303307623264313,-2.270577105014193,-5.848752457831163,-3.1196917560020854,-2.8855250709555302,-9.130663419660944,-5.550459780738814
12,CVLT,IGV,62.3,Moderate,71.4,54.4,1.3,2026-05-06,101.11,27.76,17.66,0.073,50.3,0.61,65.0,-0.02,2,1.4,0.339,,-0.83,-1.02,-3.0,2.7,-0.82,0.55,-2.25,0.74,-0.69,-3.0,2.02,0.56,-0.16,-2.25,2026-05-06,-4.019617270891429,-2.5083382398879857,-5.004098025660008,0.46158284450428244,-3.1165925083126877,-0.38753180648360974,6.491008750841432,0.24587040213601696,3.8260740410581473
13,CDNS,IGV,61.8,Moderate,71.1,53.7,1.3,2026-05-06,354.88,22.56,12.46,0.065,59.5,1.3,65.0,0.51,4,2.74,0.324,4 distribution days in 20,-0.63,2.16,1.16,1.69,0.8,1.63,0.0,0.94,2.49,1.12,1.01,2.18,0.91,0.0,2026-05-06,-0.9608938547486012,0.5503851762548417,-1.9453746095171809,-1.9860335195530765,-5.564208872370047,-2.8351481705409687,4.42737430167599,-1.8177640470294243,1.762439591892706
14,CRWD,IGV,60.5,Moderate,69.4,52.7,1.3,2026-05-06,116.98,9.69,-0.41,0.108,56.8,1.75,65.0,0.27,3,1.76,0.304,,1.52,1.37,0.73,1.35,-0.9,0.57,-3.0,3.0,1.7,0.69,0.67,0.49,-0.15,-3.0,2026-05-06,15.692890059249521,17.204169090252964,14.708409304480941,33.75576036866359,30.177585015846617,32.906645717675694,38.04312047399605,31.797982125290634,35.378185764212766
15,PANW,IGV,55.7,Moderate,64.0,48.5,1.3,2026-05-06,183.67,5.72,-4.38,0.047,52.9,1.38,45.0,0.26,2,1.48,0.22,,1.7,0.75,1.06,0.67,-0.74,-0.55,-1.24,3.0,1.08,1.02,0.0,0.65,-1.26,-1.24,2026-05-06,19.421292656077995,20.93257168708144,18.436811901309415,29.318026943439722,25.739851590622752,28.46891229245183,35.08675368244481,28.841615333739394,32.42181897266153
16,NTAP,IGV,51.6,Weak,61.7,43.2,1.3,2026-05-06,111.41,12.38,2.28,0.051,55.5,1.09,50.0,0.04,3,1.6,0.114,,1.18,0.21,-0.02,1.35,-1.12,0.08,-1.9,2.75,0.55,-0.06,0.67,0.27,-0.64,-1.9,2026-05-06,5.702028778264356,7.2133078092678,4.717548023495777,6.005898650460262,2.4277232976432916,5.15678399947237,26.874608990973293,20.62947064226788,24.209674281190008
17,CHRD,XOP,46.0,Weak,40.4,52.3,0.5,2026-05-06,138.23,4.26,5.58,0.092,54.8,1.26,85.0,0.28,3,0.64,0.296,,-0.99,0.09,-1.11,0.67,0.59,3.0,-0.37,1.06,-0.48,0.67,1.35,1.0,-0.76,-0.37,2026-05-06,3.3093951284519196,1.5903022242821807,2.32491437368334,6.855704449544686,1.3387573634681127,6.006589798556794,-1.747242170726282,-1.4119580936719167,-4.412176880509566
18,LECO,XLI,42.6,Weak,53.2,34.1,1.9,2026-05-06,274.06,8.06,4.31,0.069,46.9,0.97,55.0,0.0,2,1.66,-0.08,,2.22,-2.74,1.67,0.9,-0.0,2.04,-0.6,2.99,-2.52,0.48,0.67,0.16,2.11,-0.6,2026-05-06,-3.548763585965431,-1.3904902046704692,-4.533244340734011,-5.262965934787367,-1.4619122895145997,-6.112080585775259,-5.857465898314973,-3.823817226701076,-8.522400608098257
19,MANH,IGV,39.6,None,49.5,31.7,1.3,2026-05-06,137.8,3.16,-6.94,0.071,54.0,1.25,70.0,-0.12,4,0.41,-0.135,4 distribution days in 20,0.01,-0.5,0.03,2.02,-1.69,1.15,0.53,1.58,-0.16,-0.01,1.35,-0.3,0.44,0.53,2026-05-06,-10.679749715585885,-9.168470684582442,-11.664230470354465,-2.367747440273027,-5.945922793089997,-3.216862091260919,1.841581342434595,-4.40355700627082,-0.8233533673486892
20,PSX,XLE,35.0,None,39.2,31.3,1.4,2026-05-06,169.58,2.19,4.04,0.037,50.3,0.93,55.0,0.2,0,1.09,-0.143,,-0.89,0.66,-0.84,-0.67,-0.06,-1.11,-0.25,0.58,-0.1,0.47,0.0,0.59,-0.37,-0.25,2026-05-06,2.0506344338204308,-1.1043972978205474,1.066153679051851,7.270431174454273,0.2713377927679561,6.4213165234663805,5.730951951410179,3.8451858589351184,3.066017241626895
21,DOCN,IGV,33.7,None,43.1,26.4,1.3,2026-05-06,160.91,79.75,69.65,0.1,54.3,0.95,60.0,1.16,3,6.13,-0.263,extended >3 ATR above 20d avg,-1.03,0.23,0.62,0.67,0.89,1.4,-2.91,0.54,0.57,0.58,0.0,2.28,0.68,-2.91,2026-05-06,-1.4245014245014342,0.08677760650200872,-2.408982179270014,-0.860894339155216,-4.439069691972186,-1.7100089901431081,-5.902390684999381,-12.147529033704796,-8.567325394782666
22,ZM,IGV,28.4,None,37.1,21.8,1.3,2026-05-06,105.1,26.23,16.13,0.016,55.1,0.93,50.0,0.38,3,3.19,-0.388,extended >3 ATR above 20d avg,-1.76,0.93,-0.23,-0.0,-0.43,-0.7,0.23,-0.19,1.27,-0.27,-0.67,0.96,-1.42,0.23,2026-05-06,-4.802601021830011,-3.291321990826568,-5.7870817765985905,-7.673014398513711,-11.251189751330681,-8.522129049501604,-6.6790524849047905,-12.924190833610204,-9.343987194688076
23,BWA,XLY,27.2,None,37.3,19.8,2.1,2026-05-06,59.09,8.03,-0.14,0.023,48.6,0.71,60.0,0.07,3,2.1,-0.45,,-0.21,-1.37,0.68,0.55,0.53,0.42,-0.54,0.23,-0.81,-0.67,1.22,0.46,-0.41,-0.54,2026-05-06,11.909167367535733,13.466332826774641,10.924686612767154,5.332211942809084,7.522236091364343,4.483097291821192,19.276703111858694,18.044294085295284,16.61176840207541
24,OKTA,IGV,27.0,None,35.5,20.6,1.3,2026-05-06,77.45,1.84,-8.26,0.002,50.9,1.19,45.0,0.28,2,1.37,-0.424,,-1.34,-0.72,1.01,0.0,0.11,1.77,-0.39,0.23,-0.38,0.97,-0.67,1.5,1.05,-0.39,2026-05-06,-2.2011005502751257,-0.6898215192716828,-3.1855813050437054,11.380690345172596,7.802514992355626,10.531575694184703,18.409204602301177,12.164066253595763,15.744269892517892
25,DDOG,IGV,26.0,None,34.2,19.7,1.3,2026-05-06,143.58,23.24,13.15,0.03,56.5,1.3,60.0,0.44,6,2.4,-0.451,6 distribution days in 20,-0.87,2.08,1.75,1.35,0.72,-0.49,-0.55,0.7,2.42,1.71,0.67,2.11,-1.21,-0.55,2026-05-06,9.197297728602582,10.708576759606025,8.212816973834002,12.888983456566837,9.310808103749867,12.039868805578944,19.814883770413317,13.569745421707903,17.149949060630032
26,MPC,XLE,22.6,None,25.9,19.8,1.4,2026-05-06,244.11,5.91,7.76,0.058,52.7,1.1,60.0,0.27,3,1.71,-0.449,,-1.2,0.76,-0.27,-0.67,0.2,-1.3,-0.6,0.27,-0.0,1.04,0.0,0.84,-0.57,-0.6,2026-05-06,3.043550670330597,-0.11148106131038116,2.0590699155620173,7.232075943042715,0.2329825613563985,6.382961292054823,4.3675576650845205,2.4817915726094597,1.7026229553012362
27,CAT,XLI,19.8,None,27.1,14.4,1.9,2026-05-06,924.89,20.28,16.53,0.072,52.9,1.02,60.0,0.09,3,3.69,-0.64,extended >3 ATR above 20d avg,0.3,-0.28,1.51,0.9,-0.41,-2.02,-1.93,1.07,-0.06,0.32,0.67,-0.25,-1.95,-1.93,2026-05-06,-2.983064724640183,-0.8247913433452214,-3.967545479408763,-6.1384986641385915,-2.3374450188658242,-6.987613315126484,-4.571016116521598,-2.537367444907701,-7.235950826304882
28,NESR,OIH,18.9,None,45.9,7.8,5.3,2026-05-06,24.8,3.16,-2.21,0.066,46.6,0.83,70.0,0.37,2,0.67,-0.984,,-0.33,-3.0,2.0,-1.35,0.81,3.0,-2.52,1.46,-1.65,-0.33,1.35,0.89,0.21,-2.52,2026-05-06,9.120654396728023,6.556070965718597,8.136173641959443,6.707566462167702,1.0157853191230082,5.85845181117981,-0.7361963190184007,0.6820605144008951,-3.401131028801685
29,INTC,SMH,17.2,None,95.6,3.1,93.4,2026-05-06,113.01,91.64,61.72,0.089,57.3,0.78,75.0,0.88,3,5.22,-1.463,extended >3 ATR above 20d avg,-2.22,-0.26,,-3.0,-0.24,0.52,-2.73,3.0,3.0,-0.73,2.7,1.76,1.6,-2.73,2026-05-06,8.28381055285432,3.451144478628242,7.29932979808574,7.131280388978922,3.7168071266773905,6.28216573799103,8.788042499549785,-1.1512170718774861,6.123107789766501
30,BTSG,XLV,16.8,None,12.3,22.9,1.7,2026-05-06,52.75,13.93,16.77,-0.001,53.4,0.89,40.0,0.09,3,2.19,-0.357,,-1.64,2.06,1.0,-2.02,0.04,-0.25,3.0,-2.34,0.33,-0.94,-2.02,-0.09,-1.98,3.0,2026-05-06,7.658601638407303,6.596027848560793,6.674120883638723,11.64031244046484,10.29299665464638,10.791197789476946,15.850638216803192,11.933699540506225,13.185703507019909
31,AMD,SMH,15.3,None,97.6,2.4,93.4,2026-05-06,421.49,81.77,51.85,0.112,60.7,,75.0,0.66,1,4.85,-1.6,extended >3 ATR above 20d avg,-3.0,-0.31,,-2.7,-0.13,-1.13,-1.89,3.0,3.0,,3.0,1.87,-0.05,-1.89,2026-05-06,6.772469014455917,1.93980294022984,5.787988259687338,7.299882530625945,3.8854092683244135,6.450767879638053,24.215472394697102,14.27621282326983,21.550537684913817
32,AAPL,QQQ,15.1,None,94.8,2.4,87.7,2026-05-06,287.04,11.06,-3.74,0.052,50.7,0.81,65.0,0.07,1,2.52,-1.606,,-3.0,-3.0,-1.05,-2.7,-0.89,-0.84,0.7,2.15,1.66,-2.88,2.02,0.27,0.56,0.7,2026-05-06,3.418181818181809,0.8501690428577513,2.4337010634132294,4.588744588744587,2.2221445801126283,3.7396299377566944,8.135064935064928,2.5415446715019385,5.470130225281644
33,MDB,IGV,12.6,None,17.5,9.1,1.3,2026-05-06,265.28,5.82,-4.27,0.007,51.2,1.29,55.0,0.39,5,0.8,-0.899,5 distribution days in 20,-1.48,-0.25,0.36,0.67,-0.23,-0.43,-0.94,0.1,0.08,0.32,0.0,1.15,-1.15,-0.94,2026-05-06,4.440460594359785,5.951739625363228,3.4559798395912056,13.493759911742398,9.915584558925428,12.644645260754505,12.235399572502237,5.990261223796822,9.570464862718953
34,GOOGL,QQQ,12.3,None,89.4,1.7,87.7,2026-05-06,397.3,25.39,10.58,0.056,57.0,0.7,60.0,0.38,0,4.74,-1.782,extended >3 ATR above 20d avg,-3.0,-3.0,-0.32,-3.0,-0.45,-1.18,0.37,1.4,2.15,-2.14,0.67,0.72,0.23,0.37,2026-05-06,0.6381541079606645,-1.9298586673633933,-0.34632664680791514,-2.8003703796391277,-5.166970388271086,-3.64948503062702,-2.4750369128356486,-8.068557176398638,-5.139971622618933
35,GOOG,QQQ,11.9,None,89.2,1.6,87.7,2026-05-06,394.5,25.48,10.67,0.07,57.4,0.7,55.0,0.4,2,4.78,-1.824,extended >3 ATR above 20d avg,-3.0,-3.0,-0.28,-3.0,-0.24,-1.56,0.08,2.18,1.99,-2.1,0.0,0.93,-0.15,0.08,2026-05-06,0.46122438692441925,-2.1067883883996386,-0.5232563678441604,-3.1151548756206293,-5.481754884252588,-3.9642695266085215,-2.8026312473221293,-8.396151510885119,-5.467565957105414
36,MTSI,SMH,11.6,None,95.8,1.4,93.4,2026-05-06,309.48,25.3,-4.62,0.098,53.3,,60.0,0.58,1,2.43,-1.877,,-2.42,-3.0,,-3.0,-0.03,1.02,-1.62,3.0,1.76,,1.35,1.97,2.1,-1.62,2026-05-06,8.248972068623296,3.4163059943972183,7.264491313854716,6.578760811002415,3.1642875487008837,5.729646160014523,10.772720828016457,0.8334612565891852,8.107786118233172
37,AVGO,QQQ,11.5,None,94.4,1.4,87.7,2026-05-06,423.95,21.32,6.52,0.118,57.2,0.98,80.0,0.3,1,1.53,-1.886,,-3.0,-1.96,1.67,-2.36,-0.45,0.04,-3.0,3.0,3.0,-0.16,2.36,0.72,1.44,-3.0,2026-05-06,-1.2436982783220696,-3.8117110536461274,-2.2281790330906492,-1.0487016075335198,-3.415301616165478,-1.897816258521412,1.0962617711405054,-4.4972584924224845,-1.568672938642779
38,MU,SMH,11.1,None,94.3,1.3,93.4,2026-05-06,666.49,63.84,33.92,0.103,59.3,0.84,65.0,0.51,0,4.86,-1.911,extended >3 ATR above 20d avg,-3.0,-2.09,,-3.0,-0.16,0.56,-2.19,2.38,3.0,-0.68,1.35,1.84,1.64,-2.19,2026-05-06,23.600572545518904,18.767906471292825,22.616091790750325,12.646791744262998,9.232318481961467,11.797677093275105,42.09133024487095,32.15207067344368,39.42639553508767
39,QCOM,SMH,10.7,None,96.0,1.2,93.4,2026-05-06,190.87,51.06,21.14,0.058,61.3,0.9,55.0,0.54,3,4.14,-1.968,extended >3 ATR above 20d avg,-3.0,-2.8,,-3.0,0.33,-0.86,3.0,2.18,2.83,-1.17,2.02,2.33,0.21,3.0,2026-05-06,11.807981369747012,6.975315295520934,10.823500614978432,6.266539642214464,2.852066379912932,5.4174249912265715,27.5590134434212,17.61975387199393,24.894078733637915
40,ALAB,SMH,10.3,None,96.1,1.1,93.4,2026-05-06,214.01,70.53,40.61,0.086,53.0,0.66,60.0,0.54,1,1.8,-1.995,,-1.36,-3.0,,-3.0,-1.25,-1.12,-1.12,3.0,2.31,-2.67,2.02,0.75,-0.04,-1.12,2026-05-06,5.48550997365449,0.6528438994284125,4.50102921888591,35.29356417011667,31.879090907815137,34.444449519128774,64.22657132103875,54.287311749611476,61.561636611255466
41,AMZN,QQQ,9.9,None,81.8,1.2,87.7,2026-05-06,274.91,24.25,9.45,0.06,58.1,0.74,60.0,0.07,0,2.54,-1.944,,-3.0,-3.0,-0.01,-3.0,-1.38,-2.21,1.87,1.35,1.46,-1.83,0.67,-0.22,-0.81,1.87,2026-05-06,-1.788895756826514,-4.356908532150571,-2.7733765115950937,-3.6396029524051854,-6.006202961037143,-4.488717603393077,-0.38904846743991195,-5.982568731002901,-3.0539831772231962
42,SANM,XLK,9.7,None,93.6,1.0,95.7,2026-05-06,238.59,70.42,50.49,0.135,55.3,0.99,75.0,0.84,3,3.9,-2.035,extended >3 ATR above 20d avg,-3.0,-3.0,,-3.0,1.0,-0.17,0.48,2.29,1.15,-1.85,1.89,2.78,1.11,0.48,2026-05-06,-0.4590601786161441,-4.356387389260186,-1.4435409333847238,-3.5222435522911266,-7.549089189875014,-4.371358203279019,9.848927468491798,0.09383503943256599,7.183992758708514
43,SMTC,SMH,9.2,None,93.6,0.9,93.4,2026-05-06,119.25,37.08,7.17,0.117,58.3,1.07,75.0,0.59,3,2.62,-2.12,,-3.0,-3.0,,-3.0,-0.52,0.68,0.47,3.0,1.72,-0.01,2.7,1.48,1.76,0.47,2026-05-06,11.68800000000001,6.855333925773932,10.70351924523143,13.480000000000004,10.065526737698473,12.630885349012111,33.07200000000001,23.13274042857274,30.407065290216725
44,MRVL,SMH,9.0,None,90.9,0.9,93.4,2026-05-06,172.11,50.5,20.58,0.074,58.3,0.65,70.0,0.73,1,2.41,-2.076,,-3.0,-3.0,,-3.0,-0.58,0.69,-0.86,0.99,1.23,-2.78,1.35,1.42,1.77,-0.86,2026-05-06,3.9495209161018785,-0.8831451581241989,2.965040161333299,9.114279037158202,5.69980577485667,8.265164386170309,19.508062631455946,9.568803060028674,16.84312792167266
45,CSCO,XLK,8.9,None,87.5,0.9,95.7,2026-05-06,91.3,9.47,-10.46,0.11,55.2,1.12,65.0,0.12,2,1.77,-2.078,,-2.04,-3.0,,-3.0,-1.58,0.09,-1.43,3.0,1.67,-0.05,1.12,0.21,1.37,-1.43,2026-05-06,10.789875627318345,6.892548416674304,9.805394872549765,24.263582806022278,20.236737168438392,23.414468155034385,28.954833078769383,19.19974064971015,26.289898368986098
46,CRDO,SMH,8.3,None,97.4,0.7,93.4,2026-05-06,198.34,79.97,50.05,0.092,58.3,0.7,70.0,0.71,2,2.14,-2.236,,-2.42,-3.0,,-3.0,-0.79,-0.26,-3.0,3.0,2.46,-3.0,2.7,1.21,0.81,-3.0,2026-05-06,-3.2051937429710686,-8.037859817197146,-4.189674497739649,-6.543298231264705,-9.957771493566238,-7.392412882252597,13.65913505776506,3.719875486337788,10.994200347981774
47,VSH,SMH,8.2,None,96.6,0.7,93.4,2026-05-06,33.41,63.61,33.69,0.134,62.6,,75.0,0.46,3,4.81,-2.206,extended >3 ATR above 20d avg,-3.0,-3.0,,-2.7,-1.23,-0.13,1.13,2.43,2.58,,3.0,0.77,0.95,1.13,2026-05-06,14.666267584555538,9.83360151032946,13.681786829786958,19.634839868302922,16.22036660600139,18.78572521731503,55.58216102963185,45.64290145820458,52.91722631984857
48,GEV,XLI,7.4,None,10.6,5.1,1.9,2026-05-06,1118.67,19.54,15.78,0.056,50.9,1.19,45.0,0.11,3,1.34,-1.213,,0.2,-1.06,2.73,-1.12,-0.13,-1.63,-1.3,0.96,-0.84,1.54,-1.35,0.04,-1.55,-1.3,2026-05-06,-4.691524206936782,-2.53325082564182,-5.676004961705361,-8.076457127473413,-4.2754034822006455,-8.925571778461304,-10.68784493202315,-8.654196260409254,-13.352779641806436
49,TSM,SMH,7.0,None,81.5,0.6,93.4,2026-05-06,417.91,14.7,-15.22,0.041,53.7,1.0,65.0,0.17,3,2.38,-2.34,,-3.0,-3.0,,-3.0,-1.16,0.36,-0.87,2.38,0.85,0.65,2.7,0.84,1.44,-0.87,2026-05-06,-4.391883779565364,-9.22454985379144,-5.376364534333944,-3.9404490334974063,-7.3549222957989375,-4.789563684485298,1.6208428382759044,-8.318416733151366,-1.04409187150738
50,KEYS,XLK,6.7,None,75.5,0.6,95.7,2026-05-06,366.7,15.19,-4.74,0.096,55.8,1.23,55.0,0.38,2,2.89,-2.266,,-3.0,-3.0,,-3.0,-0.29,-0.08,-2.6,2.57,0.83,0.68,0.67,1.5,1.2,-2.6,2026-05-06,-1.4756423544814878,-5.37296956512553,-2.4601231092500675,-6.709944902078457,-10.736790539662344,-7.55905955306635,-7.490044187442035,-17.245136616501267,-10.15497889722532
51,ADI,SMH,6.5,None,85.4,0.5,93.4,2026-05-06,413.14,20.01,-9.91,0.132,52.9,0.73,70.0,0.19,2,2.78,-2.449,,-3.0,-3.0,,-3.0,-1.27,-0.32,-3.0,2.59,-0.26,-1.72,2.7,0.73,0.76,-3.0,2026-05-06,4.490668740279946,-0.3419973339461313,3.5061879855113665,-4.0556959564541195,-7.470169218755651,-4.904810607442012,1.2465979782270598,-8.692661593200212,-1.4183367315562245
52,P,XLK,6.4,None,81.3,0.5,95.7,2026-05-06,74.42,19.53,-0.41,0.083,50.5,0.91,65.0,0.23,1,2.06,-2.373,,-3.0,-3.0,,-3.0,-0.44,-1.61,-1.21,3.0,-0.07,-0.31,2.02,1.34,-0.33,-1.21,2026-05-06,12.651808354464155,8.754481143820113,11.667327599695575,4.0437741892432655,0.016928551659378677,3.1946595382553733,-2.482316829040454,-12.237409258099685,-5.147251538823738
53,SNX,XLK,6.2,None,77.5,0.5,95.7,2026-05-06,233.51,17.08,-2.86,0.069,57.6,0.99,70.0,0.21,2,2.49,-2.366,,-3.0,-3.0,,-3.0,-1.6,-1.02,-0.19,0.81,2.16,-0.41,1.01,0.19,0.26,-0.19,2026-05-06,-1.741790220485151,-5.6391174311291925,-2.7262709752537306,-2.17936191002166,-6.206207547605547,-3.028476561009552,4.460682271974181,-5.294410157085051,1.795747562190897
54,TXN,SMH,6.2,None,77.9,0.5,93.4,2026-05-06,287.95,39.24,9.32,0.067,55.2,0.82,55.0,0.38,3,3.54,-2.391,extended >3 ATR above 20d avg,-3.0,-3.0,,-3.0,-0.55,-1.19,0.02,2.78,0.99,-0.03,0.67,1.45,-0.12,0.02,2026-05-06,7.028753993610248,2.196087919384171,6.044273238841669,6.4880806094863575,3.0736073471848258,5.638965958498465,10.378120282273628,0.43886071084635603,7.713185572490343
55,SNDK,XLK,5.8,None,84.5,0.4,95.7,2026-05-06,1409.62,80.61,60.67,0.084,58.4,0.81,60.0,0.86,0,4.62,-2.479,extended >3 ATR above 20d avg,-3.0,-3.0,,-3.0,-0.69,-1.14,-3.0,1.64,1.71,-1.58,1.35,1.09,0.14,-3.0,2026-05-06,4.893782026657778,0.9964548160137365,3.9093012718891984,0.9400526197534287,-3.086793017830458,0.0909379687655365,19.045306622406155,9.290214193346923,16.38037191262287
56,ETSY,XLY,5.8,None,8.4,4.0,2.1,2026-05-06,64.97,20.34,12.17,0.007,52.2,0.96,45.0,-0.3,4,0.98,-1.343,4 distribution days in 20,-0.48,0.03,3.0,-1.8,-0.6,-1.21,0.04,-0.03,0.58,1.9,-1.12,-0.67,-2.04,0.04,2026-05-06,-11.147236414305628,-9.59007095506672,-12.131717169074207,-5.743923207926926,-3.5538990593716675,-6.593037858914818,3.406100015482272,2.173690988918864,0.7411653056989875
57,DT,IGV,5.7,None,8.0,4.0,1.3,2026-05-06,38.2,3.78,-6.32,0.008,48.1,1.04,50.0,0.32,4,1.82,-1.343,4 distribution days in 20,-1.64,-1.01,2.63,0.34,-0.44,0.94,-2.45,-0.07,-0.68,2.59,-0.34,0.95,0.22,-2.45,2026-05-06,-13.221694576355913,-11.71041554535247,-14.206175331124493,-0.34991252186953314,-3.9280878746865033,-1.1990271728574253,1.2496875781054628,-4.995450770599952,-1.4152471316778215
58,SLB,OIH,5.4,None,13.5,2.2,5.3,2026-05-06,54.59,6.29,0.92,0.024,49.4,0.84,50.0,-0.06,0,0.6,-1.638,,-2.09,-3.0,0.58,-3.0,-0.5,0.87,-1.31,-0.3,-1.82,-1.74,-1.35,-0.41,-1.98,-1.31,2026-05-06,2.371615312791797,-0.19296811821762905,1.3871345580232175,5.863678804855277,0.17189766181058275,5.014564153867385,1.8487394957983128,3.2669963292176085,-0.8161952139849715
59,DELL,XLK,5.2,None,67.7,0.4,95.7,2026-05-06,238.35,29.12,9.19,0.054,53.6,0.65,60.0,0.5,0,3.68,-2.483,extended >3 ATR above 20d avg,-3.0,-3.0,,-3.0,-0.7,-1.16,-3.0,1.06,0.45,-1.92,0.34,1.08,0.12,-3.0,2026-05-06,3.665857708519593,-0.2314695021244484,2.6813769537510135,3.2784093328224184,-0.7484363047614684,2.4292946818345262,35.26631753736109,25.511225108301858,32.60138282757781
60,Q,SMH,4.4,None,49.1,0.4,93.4,2026-05-06,149.24,15.45,-14.47,0.082,52.9,1.01,80.0,0.23,3,1.83,-2.489,,-3.0,-3.0,,-2.02,-1.16,-1.7,-1.7,1.35,-0.31,1.13,3.0,0.83,-0.62,-1.7,2026-05-06,7.377919320594484,2.5452532463684063,6.393438565825904,1.426486199575372,-1.9879870627261598,0.5773715485874797,5.360934182590249,-4.578325388837023,2.6959994728069647
61,ONTO,SMH,2.9,None,42.8,0.2,93.4,2026-05-06,293.48,22.05,-7.87,0.06,56.5,1.12,65.0,0.32,6,0.65,-2.898,6 distribution days in 20,-3.0,-3.0,,-3.0,-1.33,-0.14,-1.18,0.98,1.31,0.38,1.35,0.67,0.94,-1.18,2026-05-06,-6.193102981488375,-11.025769055714452,-7.177583736256954,-11.029138041896525,-14.443611304198058,-11.878252692884416,-12.348979660902238,-22.28823923232951,-15.013914370685523
62,CIEN,XLK,2.7,None,24.9,0.3,95.7,2026-05-06,576.64,16.73,-3.21,0.028,56.2,1.23,65.0,0.39,3,2.26,-2.577,,-3.0,-3.0,,-3.0,-1.36,-0.05,-3.0,-0.59,-0.25,0.06,0.34,0.42,1.23,-3.0,2026-05-06,2.393734828753158,-1.5035923818908836,1.4092540739845782,-1.7611935009479107,-5.788039138531797,-2.610308151935803,0.9621006750651251,-8.792991753994107,-1.7028340347181592
1,PANW,IGV,95.7,Strong,96.9,94.6,2.8,2026-05-13,227.82,38.82,32.0,0.117,56.4,0.75,65.0,0.81,0,4.92,1.685,extended >3 ATR above 20d avg,3.0,1.46,-0.76,3.0,0.78,1.45,-0.65,3.0,1.34,-1.9,3.0,2.41,1.03,-0.65,2026-05-13,8.418115098112455,3.309860700277567,8.735721293460541,13.254521083741677,5.439906740033984,11.777314396441852,22.727372607616083,9.87216286472028,20.925802146343766
2,CRWD,IGV,95.1,Strong,95.8,94.5,2.8,2026-05-13,140.59,36.77,29.95,0.143,60.4,,75.0,0.75,1,4.44,1.667,extended >3 ATR above 20d avg,3.0,3.0,,1.01,0.3,1.37,-2.92,3.0,3.0,,1.01,1.92,0.95,-2.92,2026-05-13,16.149778476489928,11.04152407865504,16.467384671838012,19.872802629698437,12.058188285990745,18.39559594239861,28.50507360297272,15.649863860076916,26.703503141700402
3,SITM,SMH,91.9,Strong,97.1,86.9,42.9,2026-05-13,835.22,83.8,57.5,0.111,61.9,0.87,70.0,1.49,3,3.68,1.194,extended >3 ATR above 20d avg,2.22,3.0,-2.46,-1.8,0.94,1.75,-2.74,3.0,3.0,-0.94,2.92,2.85,1.97,-2.74,2026-05-13,-15.640482102840537,-14.51405216748324,-15.32287590749245,-11.611652837502263,-16.72350750526673,-13.08885952480209,-14.324995457573742,-24.357754772956596,-16.126565918846058
4,MTSI,SMH,83.6,Strong,99.1,70.5,42.9,2026-05-13,381.74,46.17,19.87,0.106,56.9,,70.0,1.38,2,4.33,0.686,extended >3 ATR above 20d avg,1.77,0.14,,-2.02,2.49,2.37,-0.57,3.0,3.0,,2.7,3.0,2.59,-0.57,2026-05-13,-5.896344516775153,-4.769914581417855,-5.578738321427068,-2.193289934902354,-7.305144602666824,-3.6704966222021795,-4.243865798698043,-14.276625114080897,-6.04543625997036
5,DDOG,IGV,80.7,Strong,85.6,76.0,2.8,2026-05-13,205.28,69.53,62.71,0.028,57.3,0.82,55.0,0.93,4,4.86,0.825,4 distribution days in 20; extended >3 ATR above 20d avg,0.23,2.98,0.81,0.34,2.02,2.75,0.7,0.68,2.86,-0.34,0.34,3.0,2.33,0.7,2026-05-13,3.800440205429201,-1.3078141924056874,4.118046400777287,10.168745414526793,2.3541310708190997,8.691538727226966,19.163609684519443,6.308399941623641,17.362039223247127
6,TWLO,IGV,78.1,Strong,81.4,74.9,2.8,2026-05-13,192.61,43.71,36.88,0.066,57.0,0.63,65.0,0.57,3,2.9,0.797,,0.71,0.91,-3.0,0.9,-0.2,-0.01,-0.01,1.16,0.79,-3.0,0.9,1.42,-0.43,-0.01,2026-05-13,-1.692715094241648,-6.800969492076536,-1.3751088988935622,-4.101978295861675,-11.916592639569368,-5.5791849831615,22.836076639493207,9.980866896597405,21.03450617822089
7,FIVN,IGV,70.2,Strong,78.4,62.8,2.8,2026-05-13,21.11,37.52,30.7,0.062,55.3,0.66,50.0,0.12,4,1.17,0.511,4 distribution days in 20,1.26,1.26,-0.35,0.67,-0.74,0.19,3.0,1.71,1.13,-1.49,0.67,0.88,-0.23,3.0,2026-05-13,5.542396968261487,0.4341425704265989,5.860003163609573,8.147797252486978,0.3331829087792846,6.670590565187152,15.916627190904787,3.061417448008985,14.115056729632471
8,CDNS,IGV,69.8,Moderate,78.1,62.3,2.8,2026-05-13,354.56,16.62,9.8,0.05,57.5,1.1,65.0,0.32,2,1.44,0.501,,0.15,1.88,0.61,1.35,-0.59,1.05,-1.04,0.6,1.76,-0.53,1.35,1.03,0.63,-1.04,2026-05-13,-0.10817889372847223,-5.21643329156336,0.20942730161961354,6.428103737865465,-1.3865106058422283,4.950897050565639,17.214678167791163,4.359468424895361,15.413107706518847
9,CSCO,XLK,65.1,Moderate,96.9,43.8,78.7,2026-05-13,101.55,23.86,6.12,0.165,60.6,,70.0,0.41,2,4.09,0.124,extended >3 ATR above 20d avg,2.82,-0.42,,-2.25,-0.3,0.06,-0.7,3.0,3.0,,1.8,0.94,0.73,-0.7,2026-05-13,-2.74101272308086,-2.605373523352128,-2.4234065277327743,0.9307488685850851,-4.43265115402145,-0.5464578187147406,10.605413713602596,1.704091231405247,8.803843252330278
10,DOCN,IGV,60.7,Moderate,70.4,52.4,2.8,2026-05-13,159.16,104.84,98.02,0.081,56.3,0.75,55.0,1.4,1,3.54,0.299,extended >3 ATR above 20d avg,0.03,1.84,0.28,-0.67,1.15,0.69,-2.2,0.48,1.72,-0.87,-0.67,2.77,0.27,-2.2,2026-05-13,2.6023972822255104,-2.505857115609378,2.920003477573596,-2.6152169732709396,-10.429831316978632,-4.092423660570765,15.787449522466513,2.932239779570711,13.985879061194197
11,PDFS,IGV,58.3,Moderate,68.2,49.9,2.8,2026-05-13,51.6,23.06,16.24,0.094,58.5,1.18,75.0,0.88,6,1.51,0.247,6 distribution days in 20,0.86,2.12,1.67,0.87,1.19,1.49,1.55,1.31,2.0,0.52,0.87,2.81,1.07,1.55,2026-05-13,-3.9080953403478613,-9.01634973818275,-3.5904891449997756,5.067640111659855,-2.7469742320478385,3.590433424360029,21.24758428172644,8.392374538830637,19.446013820454123
12,NTAP,IGV,58.1,Moderate,68.0,49.7,2.8,2026-05-13,118.27,18.22,11.4,0.042,58.2,0.97,50.0,0.13,3,2.22,0.243,,1.78,1.43,0.56,0.0,-1.32,0.76,-1.97,2.23,1.3,-0.59,0.0,0.3,0.34,-1.97,2026-05-13,-0.6033688091846123,-5.7116232070195005,-0.28576261383652657,18.96421687756642,11.14960253385873,17.487010190266595,49.42596161903965,36.570751876143845,47.62439115776733
13,KO,XLP,57.2,Moderate,56.1,58.3,1.2,2026-05-13,79.27,6.57,2.05,0.044,47.1,0.78,70.0,0.04,2,1.93,0.417,,-0.39,-0.11,-1.93,0.9,0.06,1.2,-0.99,0.37,-0.59,-1.5,1.57,0.05,-0.06,-0.99,2026-05-13,1.0158013544018019,0.3595550830737926,1.3334075497498876,-0.3762227238525151,0.256160046699927,-1.8534294111523408,-4.828191622774014,-1.3918475110928363,-6.629762084046331
14,CORT,XBI,56.0,Moderate,50.0,62.8,2.4,2026-05-13,57.09,30.02,30.43,0.041,51.5,0.68,50.0,0.59,1,3.62,0.512,extended >3 ATR above 20d avg,1.11,0.95,0.54,1.01,0.44,-0.42,0.37,0.4,0.13,-0.67,-0.34,1.01,-0.5,0.37,2026-05-13,2.9627047751829894,6.356519511097192,3.280310970531075,19.240153363541303,19.460530943795465,17.762946676241476,30.515859184384798,32.62413803548302,28.71428872311248
15,BIIB,XLV,49.9,Weak,70.3,35.4,4.9,2026-05-13,204.45,13.25,13.97,0.034,58.1,0.78,65.0,0.11,1,2.69,-0.05,,-0.17,0.34,1.63,0.67,-0.06,1.22,-0.52,0.38,0.79,-1.73,1.01,0.15,0.19,-0.52,2026-05-13,-6.3836148901180945,-6.575856565366989,-6.066008694770009,-2.102955100413617,-4.835533198594188,-3.580161787713443,-2.0855135296755756,-5.607655651199773,-3.8870839909478927
16,BWA,XLY,49.4,Weak,45.1,54.1,2.6,2026-05-13,66.53,27.38,26.92,0.026,49.2,0.69,60.0,0.16,3,3.97,0.333,extended >3 ATR above 20d avg,1.35,0.13,1.32,2.35,1.63,-1.46,0.57,0.4,-0.28,-0.88,1.0,1.49,-1.96,0.57,2026-05-13,-6.201318154583591,-5.315316973248674,-5.883711959235505,6.216297183942476,3.6342365983379032,4.739090496642651,15.083882564409823,16.568989306456917,13.282312103137507
17,INSW,XLE,46.1,Weak,57.4,37.1,1.5,2026-05-13,76.68,14.48,11.12,0.079,54.8,0.91,70.0,0.41,5,0.71,-0.014,5 distribution days in 20,-1.27,0.6,-1.09,1.35,0.48,1.46,-0.09,1.51,0.55,0.21,1.35,1.31,1.2,-0.09,2026-05-13,1.404603979711272,-2.303656125736886,1.7222101750593577,-10.092339706073616,-8.844536542628978,-11.569546393373443,-8.102484068149307,-10.018125544423473,-9.904054529421625
18,AAPL,QQQ,32.9,None,94.1,11.5,53.7,2026-05-13,298.62,12.31,0.21,0.066,50.0,0.82,65.0,0.03,1,3.18,-0.771,extended >3 ATR above 20d avg,-1.13,-1.1,-0.95,-2.02,-1.14,-0.72,0.38,3.0,1.31,-2.35,2.02,-0.08,0.34,0.38,2026-05-13,0.814527974362389,1.0318918414759515,1.1321341697104748,4.2328748831619745,1.304773241013013,2.7556681958621487,3.798905060755775,0.17664139137323343,1.997334599483458
19,SMTC,SMH,31.1,None,89.6,10.8,42.9,2026-05-13,139.61,49.68,23.39,0.077,57.9,0.95,65.0,1.29,3,3.21,-0.804,extended >3 ATR above 20d avg,-1.84,-2.67,-2.44,-3.0,1.73,1.08,0.38,1.69,1.45,-0.92,1.35,3.0,1.3,0.38,2026-05-13,1.5899162071188133,2.7163461424761115,1.907522402466899,19.129126978443047,14.017272310678576,17.65192029114322,21.327794886485705,11.29503557110285,19.52622442521339
20,FLYW,IGV,29.9,None,39.0,22.9,2.8,2026-05-13,15.82,22.02,15.2,-0.011,50.6,0.64,40.0,0.29,4,1.41,-0.358,4 distribution days in 20,-0.03,1.04,0.42,-0.67,-0.45,-1.4,1.46,0.42,0.92,-0.73,-0.67,1.18,-1.82,1.46,2026-05-13,0.44219835754895076,-4.6660560402859375,0.7598045528970365,0.09475679090336087,-7.719857552804332,-1.3824498963964649,-7.92798483891346,-20.783194581809262,-9.729555300185776
21,GOOG,QQQ,29.8,None,93.5,9.5,53.7,2026-05-13,398.6,19.34,7.24,0.081,53.6,0.72,60.0,0.48,2,3.12,-0.876,extended >3 ATR above 20d avg,-1.47,-2.3,-1.19,-2.7,0.2,1.22,-0.71,2.91,0.1,-2.59,1.35,1.25,2.28,-0.71,2026-05-13,-2.2603610475463998,-2.0429971804328373,-1.942754852198314,-1.9450800915331912,-4.873181733682152,-3.422286778833017,-6.201372997711663,-9.823636667094204,-8.00294345898398
22,CAT,XLI,28.6,None,32.0,25.5,3.3,2026-05-13,900.55,17.38,15.99,0.044,54.6,0.91,45.0,0.19,3,1.54,-0.286,,0.54,-0.39,1.2,-0.0,0.42,1.0,-1.81,0.28,0.16,-1.12,-1.35,0.51,0.02,-1.81,2026-05-13,-4.079003864319441,-2.0822356279390104,-3.7613976689713553,-2.477127852825578,-2.280913633065651,-3.9543345401254038,3.3292598341975843,2.192371560882722,1.5276893729252672
23,CVLT,IGV,27.2,None,35.8,20.6,2.8,2026-05-13,99.81,7.05,0.22,0.021,48.3,1.18,55.0,0.17,3,0.33,-0.425,,-0.25,-0.76,0.93,0.67,0.07,1.24,-2.33,0.2,-0.88,-0.21,0.67,1.69,0.82,-2.33,2026-05-13,3.5894893406048567,-1.5187650572300315,3.9070955359529425,9.806643529995052,1.9920291862873585,8.329436842695227,20.426375805651965,7.571166062756163,18.62480534437965
24,ROK,XLI,25.4,None,28.6,22.6,3.3,2026-05-13,452.23,14.59,13.19,-0.012,53.7,0.84,45.0,-0.07,4,2.29,-0.366,4 distribution days in 20,-0.12,-0.14,0.63,0.34,-0.5,1.06,-0.23,-0.37,0.41,-1.69,-1.01,-0.4,0.08,-0.23,2026-05-13,-3.9406255522177136,-1.943857315837283,-3.623019356869628,0.15241208694114494,0.348626306701072,-1.3247946003586808,1.7494256935854269,0.6125374202705647,-0.05214476768689025
25,MU,SMH,23.7,None,77.0,7.3,42.9,2026-05-13,803.07,76.05,49.75,0.042,57.9,0.96,55.0,1.04,2,4.44,-1.023,extended >3 ATR above 20d avg,-3.0,-1.2,-1.36,-3.0,1.74,0.66,-3.0,0.43,2.92,0.15,-0.22,3.0,0.88,-3.0,2026-05-13,-7.100426482534528,-5.973996547177229,-6.782820287186442,17.182422826969933,12.070568159205463,15.705216139670107,26.55107636068237,16.518317045299515,24.749505899410053
26,AMD,SMH,22.5,None,83.3,6.1,42.9,2026-05-13,445.38,72.55,46.26,0.039,55.7,0.73,55.0,0.75,2,3.04,-1.117,extended >3 ATR above 20d avg,-2.26,-2.36,-3.0,-3.0,-0.31,0.02,-3.0,1.27,1.76,-1.91,0.67,1.59,0.24,-3.0,2026-05-13,1.5842033590558247,2.710633294413123,1.9018095544039104,17.598729005901028,12.486874338136557,16.1215223186012,18.744893327280977,8.712134011898122,16.94332286600866
27,BE,XLI,21.0,None,23.8,18.5,3.3,2026-05-13,289.72,35.53,34.13,0.002,53.3,1.01,55.0,0.2,4,1.31,-0.492,4 distribution days in 20,0.11,-0.02,1.79,2.7,-0.19,-0.94,-3.0,-0.14,0.53,-0.53,1.35,-0.1,-1.92,-3.0,2026-05-13,-3.0309278350515445,-1.0341595986711138,-2.7133216397034587,-0.4742268041237119,-0.27801258436378484,-1.9514334914235376,0.13745704467353903,-0.9994312286413232,-1.664113416598778
28,ADI,SMH,20.2,None,81.7,5.0,42.9,2026-05-13,430.0,24.3,-2.0,0.11,56.6,0.94,70.0,0.52,4,3.01,-1.224,4 distribution days in 20; extended >3 ATR above 20d avg,-1.55,-2.6,-1.82,-2.7,1.38,0.71,-3.0,1.97,1.52,-0.31,2.02,3.0,0.93,-3.0,2026-05-13,-7.855492543583287,-6.729062608225989,-7.537886348235201,-2.763191673084564,-7.8750463408490345,-4.24039836038439,-0.23104389834068817,-10.263803213723543,-2.0326143596130053
29,GOOGL,QQQ,20.1,None,85.6,4.7,53.7,2026-05-13,402.14,19.43,7.33,0.066,54.4,0.71,65.0,0.47,0,3.12,-1.258,extended >3 ATR above 20d avg,-2.46,-1.86,-0.98,-3.0,0.01,0.98,-3.0,1.91,0.55,-2.38,0.67,1.06,2.03,-3.0,2026-05-13,-2.114468610600073,-1.8971047434865107,-1.7968624152519874,-1.7868393860732468,-4.714941028222208,-3.2640460733730725,-6.2753597620907815,-9.897623431473324,-8.0769302233631
30,QCOM,SMH,20.0,None,83.4,4.8,42.9,2026-05-13,211.25,60.23,33.93,-0.029,57.9,0.7,45.0,0.14,4,2.21,-1.245,4 distribution days in 20,-3.0,-2.07,-3.0,-3.0,-1.2,-0.12,3.0,0.3,2.05,-3.0,0.67,0.7,0.1,3.0,2026-05-13,-2.8264446810570165,-1.7000147456997183,-2.5088384857089308,16.644080921498407,11.532226253733937,15.16687423419858,16.750556577291633,6.717797261908778,14.948986116019316
31,ALAB,SMH,19.8,None,75.1,5.2,42.9,2026-05-13,224.22,30.44,4.15,0.022,51.8,0.82,45.0,0.94,1,1.51,-1.197,,-1.78,-2.93,-2.56,-3.0,-0.95,0.37,-2.3,1.74,1.19,-1.05,0.0,0.96,0.59,-2.3,2026-05-13,28.383928571428573,29.51035850678587,28.70153476677666,55.839285714285715,50.72743104652125,54.36207902698589,59.84374999999999,49.81099068461714,58.04217953872767
32,INTC,SMH,19.3,None,75.9,4.9,42.9,2026-05-13,120.26,85.2,58.9,0.014,54.3,0.7,55.0,0.54,3,2.84,-1.231,,-2.11,-1.89,-3.0,-3.0,-1.03,-0.15,-3.0,1.41,2.23,-1.82,0.0,0.88,0.07,-3.0,2026-05-13,3.767660910518056,4.894090845875354,4.085267105866142,5.3724053724053755,0.260550704640905,3.89519868510555,-2.503052503052494,-12.535811818435349,-4.304622964324811
33,TXN,SMH,17.1,None,67.8,4.3,42.9,2026-05-13,304.85,42.39,16.1,0.07,55.7,0.83,55.0,0.51,3,3.76,-1.299,extended >3 ATR above 20d avg,-1.45,-3.0,-1.8,-3.0,-0.15,-0.23,-0.71,2.07,0.51,-0.28,0.34,1.76,-0.01,-0.71,2026-05-13,-0.4757842236513987,0.6506457117058995,-0.15817802830331296,3.1598634991468755,-1.951991168617595,1.6826568118470497,-0.31172069825435855,-10.344480013637213,-2.1132911595266757
34,PSX,XLE,15.9,None,22.1,11.4,1.5,2026-05-13,169.7,6.44,3.08,0.003,50.4,0.96,45.0,0.16,0,0.58,-0.777,,-3.0,0.2,-0.78,-1.35,-0.48,-0.24,-0.81,-0.3,0.15,0.52,-1.35,0.35,-0.5,-0.81,2026-05-13,4.867724867724865,1.1594647622767074,5.185331063072951,3.362727807172261,4.6105309706168995,1.8855211198724353,7.713109935332163,5.797468459057997,5.911539474059846
35,ZM,IGV,15.0,None,20.7,10.8,2.8,2026-05-13,102.48,15.14,8.32,-0.032,53.6,0.87,45.0,0.22,2,1.06,-0.806,,-2.46,0.61,0.71,-1.35,-1.41,0.12,0.47,-2.01,0.49,-0.43,-1.35,0.21,-0.3,0.47,2026-05-13,-3.109767985962175,-8.218022383797063,-2.7921617906140894,-2.0666796646519825,-9.881294008359676,-3.5438863519518082,2.5443556248781363,-10.310854118017666,0.7427851636058191
36,VCYT,XLV,13.6,None,21.4,8.6,4.9,2026-05-13,38.26,12.5,13.21,-0.009,46.9,1.07,45.0,0.22,9,1.37,-0.932,9 distribution days in 20,0.91,-0.22,3.0,1.01,2.94,1.27,-1.79,1.45,0.23,0.75,1.35,3.0,0.24,-1.79,2026-05-13,16.126543209876544,15.93430153462765,16.44414940522463,23.48251028806583,20.749932189885257,22.005303600766002,28.446502057613166,24.92435993608897,26.64493159634085
37,PAA,XLE,13.2,None,18.9,9.2,1.5,2026-05-13,21.52,3.36,0.0,0.057,51.0,0.95,60.0,0.09,6,0.39,-0.893,6 distribution days in 20,-1.94,-0.95,-2.13,1.01,-0.61,-0.83,-0.69,0.84,-0.99,-0.83,1.01,0.22,-1.09,-0.69,2026-05-13,6.499535747446616,2.7912756419984586,6.817141942794702,4.131847725162485,5.379650888607124,2.6546410378626595,4.5961002785515515,2.6804588022773856,2.7945298172792343
38,BTSG,XLV,12.9,None,21.5,7.7,4.9,2026-05-13,56.51,22.9,23.62,0.007,54.5,1.16,45.0,0.28,3,2.71,-0.991,,-2.26,0.2,3.0,-1.69,0.83,0.77,2.71,-1.72,0.65,0.47,-1.35,1.04,-0.26,2.71,2026-05-13,2.951510892480669,2.7592692172317745,3.2691170878287545,6.834153197470139,4.101575099289567,5.356946510170313,0.8784258608573348,-2.643716260666862,-0.9231446004149824
39,MDB,IGV,12.9,None,18.0,9.3,2.8,2026-05-13,302.94,24.08,17.26,-0.037,52.9,0.89,45.0,0.01,3,1.94,-0.89,,-2.23,0.54,-0.82,-0.67,-1.92,-1.68,-0.81,-1.79,0.42,-1.97,-0.67,-0.3,-2.1,-0.81,2026-05-13,8.988578049991713,3.8803236521568243,9.306184245339798,7.780168846217506,-0.03444549749018755,6.30296215891768,25.818904154941237,12.963694412045434,24.01733369366892
40,MRVL,SMH,12.9,None,49.2,3.4,42.9,2026-05-13,177.92,32.21,5.92,0.069,52.9,0.81,65.0,0.46,1,1.65,-1.426,,-2.66,-3.0,-2.26,-3.0,-1.54,1.04,-2.14,0.86,-0.98,-0.75,0.67,0.37,1.27,-2.14,2026-05-13,3.347905483924518,4.474335419281816,3.665511679272604,13.192407725084387,8.080553057319916,11.71520103778456,75.00415029605445,64.9713909806716,73.20257983478213
41,VSH,SMH,12.5,None,67.6,2.3,42.9,2026-05-13,38.31,61.99,35.69,0.072,61.4,0.97,65.0,0.39,5,4.41,-1.634,5 distribution days in 20; extended >3 ATR above 20d avg,-2.37,-2.22,-1.07,-2.7,-1.33,-0.27,2.46,1.16,1.9,0.44,2.02,0.58,-0.05,2.46,2026-05-13,4.387568555758681,5.513998491115979,4.7051747511067665,35.753460433533554,30.641605765769086,34.27625374623373,65.73517889788457,55.70241958250171,63.933608436612246
42,LRCX,SMH,11.8,None,57.8,2.4,42.9,2026-05-13,294.92,11.43,-14.87,0.042,52.9,1.0,65.0,0.36,3,1.81,-1.596,,-2.41,-3.0,-1.68,-2.7,-0.3,0.11,-3.0,1.12,-0.07,-0.17,2.02,1.61,0.34,-3.0,2026-05-13,-1.4367816091954033,-0.31035167383810514,-1.1191754138473176,7.332657200811354,2.220802533046884,5.855450513511529,13.542934415145357,3.5101750997625025,11.74136395387304
43,MPC,XLE,11.0,None,15.8,7.6,1.5,2026-05-13,247.49,11.69,8.33,0.041,54.1,1.29,55.0,0.31,4,1.31,-1.001,4 distribution days in 20,-2.85,0.28,0.12,-0.67,-0.01,-0.09,-0.59,-0.07,0.23,1.41,-0.67,0.82,-0.35,-0.59,2026-05-13,4.5124376090573515,0.8041775036091936,4.830043804405437,1.720569735827615,2.9683728992722536,0.24336304852778934,8.10777908533864,6.192137609064474,6.306208624066323
44,LECO,XLI,10.5,None,11.0,10.1,3.3,2026-05-13,264.45,3.87,2.48,0.017,42.7,0.91,45.0,-0.27,3,0.2,-0.841,,2.06,-3.0,2.57,0.67,-0.86,1.07,-3.0,1.81,-3.0,0.25,-0.67,-0.77,0.09,-3.0,2026-05-13,-2.554771908763509,-0.5580036723830784,-2.2371657134154233,-3.166266506602644,-2.970052286842717,-4.643473193902469,-1.3055222088835583,-2.4424104821984205,-3.1070926701558754
45,Q,SMH,9.4,None,58.5,1.5,42.9,2026-05-13,161.84,22.97,-3.33,0.066,56.8,0.9,70.0,0.35,5,2.36,-1.83,5 distribution days in 20; heavy selling into close today,-2.48,-2.61,-0.95,-2.02,-0.31,-1.05,-0.68,1.04,1.51,0.56,2.7,1.6,-0.82,-0.68,2026-05-13,-6.450033657670884,-5.323603722313586,-6.132427462322799,-2.8211247781653404,-7.932979445929811,-4.298331465465166,-5.311792423964268,-15.344551739347121,-7.113362885236585
46,DELL,XLK,9.2,None,76.9,1.1,78.7,2026-05-13,243.48,37.96,20.23,0.055,57.2,0.88,60.0,0.98,2,1.91,-2.02,,-3.0,-3.0,,-3.0,2.22,-0.38,-3.0,0.77,1.93,-0.21,0.67,3.0,0.29,-3.0,2026-05-13,-2.3627435195620716,-2.2271043198333396,-2.045137324213986,27.877958460795348,22.514558438188814,26.40075177349552,69.58219288359362,60.68087040139627,67.7806224223213
47,SNDK,XLK,8.6,None,81.5,0.9,78.7,2026-05-13,1447.23,62.31,44.58,0.042,56.7,0.81,50.0,1.66,2,2.42,-2.097,,-3.0,-3.0,,-3.0,0.98,0.25,-3.0,0.57,1.99,-1.91,0.0,2.22,0.91,-3.0,2026-05-13,-0.12335054503729292,0.012288654691439138,0.19425565031079284,17.79116465863453,12.427764636027995,16.313957971334702,26.194061962134253,17.292739479936905,24.392491500861937
48,ACMR,SMH,8.6,None,37.3,2.0,42.9,2026-05-13,64.69,29.94,3.64,-0.004,54.5,0.78,40.0,0.38,4,2.13,-1.689,4 distribution days in 20,-3.0,-2.62,-2.3,-3.0,-1.25,-1.06,1.22,-0.3,1.5,-0.79,-1.01,0.66,-0.83,1.22,2026-05-13,10.475161987041037,11.601591922398335,10.792768182389123,43.613082381980895,38.50122771421643,42.13587569468107,39.139154581919165,29.10639526653631,37.337584120646845
49,P,XLK,7.9,None,63.1,1.0,78.7,2026-05-13,84.41,30.08,12.35,0.024,51.2,0.74,55.0,0.35,1,2.43,-2.03,,-3.0,-3.0,,-3.0,0.31,-0.29,-0.09,0.83,-0.13,-1.07,0.0,1.54,0.37,-0.09,2026-05-13,-6.060971201349563,-5.925332001620831,-5.743365006001477,-11.953247379202313,-17.316647401808847,-13.43045406650214,-5.398240751897809,-14.299563234095158,-7.199811213170126
50,SANM,XLK,7.6,None,81.5,0.7,78.7,2026-05-13,238.52,54.54,36.81,0.084,52.7,0.8,65.0,0.47,4,1.84,-2.221,4 distribution days in 20,-2.63,-3.0,,-2.36,-0.26,0.05,-0.99,1.58,0.49,-3.0,1.69,0.98,0.72,-0.99,2026-05-13,-3.7271477949443965,-3.5915085952156645,-3.4095415995963108,9.61562486986216,4.252224847255625,8.138418182562333,16.66180818723191,7.76048570503456,14.860237725959593
51,AMZN,QQQ,7.0,None,40.7,1.2,53.7,2026-05-13,270.11,8.73,-3.37,0.008,51.4,0.76,50.0,0.01,0,0.97,-1.95,,-3.0,-2.36,-0.19,-3.0,-1.46,-1.77,-1.47,-0.02,0.05,-1.59,0.0,-0.4,-0.72,-1.47,2026-05-13,-1.4942016057092,-1.2768377385956375,-1.1765954103611143,1.828724353256006,-1.0993772888929554,0.3515176659561803,-5.6218406184953995,-9.244104287877942,-7.423411079767717
52,TSM,SMH,6.0,None,36.3,1.0,42.9,2026-05-13,398.16,6.52,-19.77,0.003,52.8,1.16,55.0,0.3,4,0.41,-2.063,4 distribution days in 20,-2.75,-3.0,0.23,-3.0,-0.29,0.36,-1.53,0.77,0.33,1.75,1.35,1.62,0.58,-1.53,2026-05-13,-0.39340670285343826,0.7330232325038599,-0.0758005075053525,5.3732383845426,0.26138371677812966,3.8960316972427744,10.343110402868394,0.3103510874855395,8.541539941596078
53,CIEN,XLK,4.5,None,34.2,0.6,78.7,2026-05-13,577.9,21.45,3.71,0.023,55.7,1.25,70.0,0.56,2,1.44,-2.349,,-3.0,-3.0,,-3.0,-0.71,-0.08,-3.0,-0.41,-0.26,0.08,1.01,0.53,0.59,-3.0,2026-05-13,-4.05779546634365,-3.9221562666149183,-3.7401892709955646,-1.398165772625004,-6.7615657952315384,-2.87537245992483,-7.366326354040476,-16.267648836237825,-9.167896815312794
54,SNX,XLK,4.0,None,39.5,0.4,78.7,2026-05-13,231.29,12.82,-4.91,-0.023,55.6,1.07,55.0,-0.09,2,0.84,-2.523,,-3.0,-3.0,,-3.0,-2.04,-1.8,-0.24,-0.62,1.84,-0.01,0.0,-0.8,-1.13,-0.24,2026-05-13,-1.5940852173169873,-1.4584460175882552,-1.2764790219689015,5.085687422539409,-0.27771260006712595,3.608480735239583,18.32556946878072,9.424246986583372,16.523999007508404
55,KEYS,XLK,3.2,None,33.1,0.3,78.7,2026-05-13,361.21,11.06,-6.68,0.058,55.7,1.35,50.0,0.15,4,1.2,-2.589,4 distribution days in 20; heavy selling into close today,-2.67,-3.0,,-3.0,-0.88,-0.1,-2.99,1.54,0.93,1.35,0.0,0.35,0.57,-2.99,2026-05-13,-5.8159387564024945,-5.680299556673763,-5.498332561054409,-6.603513796331983,-11.966913818938519,-8.080720483631808,-5.535055350553497,-14.436377832750846,-7.336625811825814
56,TKR,XLI,2.2,None,2.5,2.0,3.3,2026-05-13,115.06,11.57,10.17,-0.003,47.3,0.98,60.0,-0.04,7,1.24,-1.695,7 distribution days in 20; heavy selling into close today,-0.69,-2.72,3.0,1.35,-0.64,0.49,1.37,-0.95,-2.17,0.99,0.0,-0.55,-0.49,1.37,2026-05-13,0.0684990153266618,2.0652672517070925,0.38610521067474757,8.271256100693547,8.467470320453474,6.794049413393721,14.162171418785864,13.025283145471,12.360600957513547
57,CGNX,XLK,2.2,None,23.8,0.2,78.7,2026-05-13,63.48,16.48,-1.25,0.001,59.3,0.76,45.0,-0.1,5,1.81,-2.854,5 distribution days in 20; heavy selling into close today,-3.0,-3.0,,-3.0,-2.61,-1.36,1.55,-0.79,2.23,-0.21,-0.67,-1.37,-0.69,1.55,2026-05-13,-0.9096612296110362,-0.7740220298823042,-0.5920550342629505,3.403387703889593,-1.9600123187169416,1.9261810165897675,1.2860727728983612,-7.615249709298988,-0.5154976883739559
1,PANW,IGV,97.8,Strong,98.3,97.3,6.1,2026-05-20,246.7,36.13,31.14,0.108,57.5,0.72,65.0,0.89,1,3.91,2.047,extended >3 ATR above 20d avg,3.0,3.0,-1.49,2.02,1.17,0.61,1.1,3.0,1.87,-2.62,3.0,2.38,0.83,1.1,2026-05-20,6.783102326641388,2.9720274080746067,4.621050486380152,15.714670478795023,7.0501753647885135,13.226065811810873,15.822404541405088,17.071047320992484,15.962550129540343
2,MTSI,SMH,93.8,Strong,97.6,90.2,6.4,2026-05-20,375.85,35.46,17.14,0.066,54.9,0.83,60.0,1.28,2,2.22,1.362,,1.78,1.21,-2.05,-1.35,3.0,2.7,0.0,3.0,2.24,-1.61,1.35,3.0,2.25,0.0,2026-05-20,4.647860912427326,-2.301980447951979,2.4858090721660897,2.453856251172004,-9.50293673303535,-0.03474841581214694,0.3857590613196127,-8.252079161916637,0.5259046494548669
3,CRWD,IGV,90.5,Strong,93.0,88.1,6.1,2026-05-20,162.54,39.32,34.33,0.147,57.8,0.85,80.0,1.0,2,5.14,1.251,extended >3 ATR above 20d avg,2.94,3.0,-0.11,0.0,2.03,-1.19,-1.49,3.0,1.9,-1.25,1.35,3.0,-0.97,-1.49,2026-05-20,3.148250630265026,-0.6628242883017554,0.9861987900037894,10.57615446104656,1.9116593470400502,8.087549794062408,6.284203406505573,7.532846186092968,6.424348994640827
4,AAPL,QQQ,87.1,Strong,97.8,77.5,20.9,2026-05-20,302.0,10.74,1.89,0.095,53.0,0.76,75.0,0.11,0,2.55,0.869,,0.68,0.16,-3.0,0.67,-0.05,1.25,-0.49,3.0,2.28,-2.93,2.7,0.35,1.5,-0.49,2026-05-20,3.8135452338996734,0.0678033649865073,1.6514933936384368,3.3813212753931676,-1.0640969048830273,0.8927166084090166,-1.8884862187053209,-2.9401209169964027,-1.7483406305700666
5,ATRO,ITA,86.5,Strong,79.5,94.2,1.4,2026-05-20,70.48,16.92,14.88,0.003,56.4,0.76,55.0,0.63,4,2.01,1.646,4 distribution days in 20,2.14,3.0,-3.0,0.34,2.26,0.25,1.02,-0.16,2.6,-2.94,-0.34,2.65,-0.57,1.02,2026-05-20,4.7025089605734705,-1.617900033680697,2.540457120312234,3.8279569892473164,-0.8003740065451126,1.3393523222631654,12.702508960573478,6.15588633016131,12.842654548708733
6,DDOG,IGV,83.8,Strong,90.7,77.4,6.1,2026-05-20,212.22,60.64,55.65,0.025,56.3,0.74,50.0,1.01,3,3.38,0.865,extended >3 ATR above 20d avg,0.08,3.0,0.07,-1.35,2.04,3.0,0.92,0.33,2.92,-1.06,0.0,3.0,3.0,0.92,2026-05-20,6.713412611929703,2.902337693362922,4.551360771668467,15.426161936798222,6.761666822791712,12.937557269814072,10.930023215047147,12.17866599463454,11.070168803182401
7,SITM,SMH,82.1,Strong,92.4,73.0,6.4,2026-05-20,696.43,32.69,14.37,0.041,57.6,0.7,50.0,0.88,5,0.29,0.746,5 distribution days in 20,1.14,3.0,-3.0,-1.57,0.68,0.27,-0.55,2.84,3.0,-3.0,1.12,1.21,-0.19,-0.55,2026-05-20,4.799862122452514,-2.1499792379267912,2.6378102821912774,1.582719347379613,-10.374073636827742,-0.905885319604538,3.6408289887543743,-4.997009234481875,3.7809745768896286
8,CSCO,XLK,77.1,Strong,92.4,64.3,5.3,2026-05-20,113.9,27.33,15.34,0.091,56.5,0.79,55.0,0.34,4,3.87,0.545,4 distribution days in 20; extended >3 ATR above 20d avg,0.93,0.97,-3.0,-0.9,0.09,0.53,0.23,3.0,2.26,-3.0,0.45,0.66,0.5,0.23,2026-05-20,3.9852203747690718,-2.2911449199521705,1.8231685345078352,13.952670009677126,4.107726445659333,11.464065342692976,6.765197501539544,2.5923551802534694,6.905343089674798
9,OKTA,IGV,71.0,Strong,76.2,66.1,6.1,2026-05-20,89.06,13.16,8.17,0.065,56.7,0.88,55.0,0.2,1,2.41,0.583,,1.5,2.2,0.26,-0.67,-0.43,0.71,-1.18,1.75,0.57,-0.87,0.67,0.78,0.94,-1.18,2026-05-20,6.983050847457628,3.1719759288908467,4.8209990071963915,39.502824858757045,30.838329744750535,37.01422019177289,32.768361581920914,34.017004361508306,32.90850717005617
10,RKLB,ITA,70.9,Strong,57.2,87.9,1.4,2026-05-20,134.28,49.13,47.09,-0.005,53.1,0.65,50.0,1.61,1,3.0,1.24,,2.53,1.14,-3.0,0.0,2.56,-1.16,-2.73,0.23,0.35,-2.66,-0.67,2.95,-1.99,-2.73,2026-05-20,17.393372443316956,11.072963449062788,15.23132060305572,-4.907245917234815,-9.535576913027244,-7.395850584218966,-9.013794196924053,-15.560416827336223,-8.873648608788798
11,CVLT,IGV,64.4,Moderate,69.8,59.5,6.1,2026-05-20,104.47,9.32,4.33,0.049,52.7,1.03,55.0,0.42,3,0.93,0.442,,0.31,1.68,0.61,-0.67,2.01,2.2,-0.96,0.56,0.05,-0.52,0.67,3.0,2.43,-0.96,2026-05-20,7.067581939475964,3.256507020909183,4.905530099214728,17.42241129266169,8.75791617865518,14.933806625677537,22.67233877985109,23.920981559438484,22.812484367986343
12,GOOGL,QQQ,63.6,Moderate,90.5,44.7,20.9,2026-05-20,388.4,14.59,5.74,0.102,53.4,0.77,75.0,0.07,1,0.79,0.143,,0.53,-2.08,-3.0,1.35,-1.08,0.66,-3.0,3.0,0.04,-2.81,3.0,-0.68,0.91,-3.0,2026-05-20,1.1393423477200182,-2.606399521193148,-1.0227094925412183,-3.4829098647842005,-7.928328045060395,-5.971514531768351,-7.2357322675248525,-8.287366965815934,-7.095586679389598
13,EXEL,XBI,63.0,Moderate,46.4,85.5,2.3,2026-05-20,49.94,6.57,10.7,-0.013,49.2,0.73,45.0,0.17,4,1.49,1.137,4 distribution days in 20,1.74,2.26,-0.93,1.35,1.18,1.25,0.01,-0.13,-0.2,-1.88,0.0,0.81,1.43,0.01,2026-05-20,4.116933036617443,0.040617045505642047,1.9548811963562063,6.251264414323288,4.1441461858350515,3.7626597473391366,8.203520129476027,6.602110275824957,8.343665717611282
14,NTAP,IGV,58.6,Moderate,64.9,52.9,6.1,2026-05-20,118.61,7.15,2.16,0.026,54.2,0.82,55.0,-0.02,3,1.24,0.309,,1.08,1.44,-0.5,-0.67,-1.44,0.18,1.27,1.33,-0.19,-1.63,0.67,-0.23,0.41,1.27,2026-05-20,19.757044035768523,15.945969117201741,17.594992195507288,50.42179854901298,41.75730343500648,47.93319388202883,34.97553568415724,36.22417846374463,35.11568127229249
15,MNST,XLP,57.2,Moderate,61.9,52.8,1.9,2026-05-20,43.44,14.38,10.21,0.031,48.9,0.79,60.0,0.07,2,2.1,0.306,,-0.72,-0.39,-3.0,-0.67,0.69,0.99,-0.63,0.0,-0.47,-2.43,0.34,1.14,0.56,-0.63,2026-05-20,1.3821700069108545,1.5619614488382227,-0.7798818333503821,2.0041465100207434,5.000670542143482,-0.48445815696340766,5.9894033632803545,5.174348826542974,6.129548951415609
16,FIVN,IGV,56.1,Moderate,62.5,50.3,6.1,2026-05-20,22.28,34.34,29.35,0.038,55.6,0.53,50.0,0.02,6,0.92,0.257,6 distribution days in 20,0.73,2.84,-1.18,-0.67,-0.68,-0.42,2.07,0.99,1.21,-2.31,0.67,0.53,-0.19,2.07,2026-05-20,2.9073698444895157,-0.9037050740772656,0.7453180042282792,10.299752084741943,1.6352569707354334,7.811147417757792,-6.152805949966189,-4.904163170378794,-6.012660361830935
17,ALAB,SMH,55.8,Moderate,79.5,39.2,6.4,2026-05-20,287.58,48.1,29.78,0.03,52.1,0.8,50.0,1.59,1,3.27,0.03,extended >3 ATR above 20d avg,0.4,0.03,-1.26,-2.02,1.11,0.35,-2.02,2.1,1.06,-0.82,0.67,1.65,-0.11,-2.02,2026-05-20,22.54870984728803,15.598868486908724,20.386658007026796,25.69773565034228,13.740942666134927,23.20913098335813,28.818676496401597,20.18083827316535,28.958822084536852
18,GOOG,QQQ,52.9,Weak,82.0,34.1,20.9,2026-05-20,384.41,13.96,5.11,0.111,50.5,0.79,70.0,0.05,3,0.7,-0.079,,0.88,-3.0,-2.75,0.67,-1.06,1.48,-1.4,3.0,-1.45,-2.51,2.7,-0.65,1.73,-1.4,2026-05-20,1.0851615947157223,-2.660580274197444,-1.0768902455455143,-3.3026657230478818,-7.748083903324076,-5.791270390032032,-6.662997038085505,-7.714631736376587,-6.522851449950251
19,CORT,XBI,51.1,Weak,33.7,77.5,2.3,2026-05-20,59.08,26.84,30.96,0.007,52.8,0.56,55.0,0.33,1,2.68,0.869,,1.37,2.94,0.39,0.9,0.72,-1.69,0.09,-0.5,0.49,-0.56,-0.45,0.35,-1.51,0.09,2026-05-20,16.997264021887837,12.920948030776035,14.8352121816266,28.0608755129959,25.953757284507663,25.572270846011747,42.3392612859097,40.73785143225863,42.479406874044955
20,ROK,XLI,50.1,Weak,63.5,39.6,5.7,2026-05-20,434.88,7.5,7.71,0.038,57.1,0.89,50.0,0.06,4,0.46,0.039,4 distribution days in 20,1.51,1.31,2.51,0.67,-0.07,1.25,-0.85,0.99,1.84,-1.29,-0.67,0.51,1.18,-0.85,2026-05-20,5.136112785790492,2.7684082753133943,2.9740609455292555,6.812595649955933,3.077541784678317,4.3239909829717815,5.806242174094511,2.6927107428171393,5.946387762229765
21,SANM,XLK,48.7,Weak,77.2,30.7,5.3,2026-05-20,231.18,31.21,19.21,0.061,53.9,0.78,60.0,0.16,3,0.56,-0.156,,-1.09,-0.69,-3.0,0.0,-0.47,-0.37,-0.8,1.29,0.6,-3.0,1.35,0.1,-0.4,-0.8,2026-05-20,15.961055553108071,9.68469025838683,13.799003712846835,23.415128419754172,13.570184855736379,20.92652375277002,8.837393717784936,4.664551396498862,8.97753930592019
22,SMTC,SMH,48.3,Weak,72.1,32.4,6.4,2026-05-20,141.85,37.08,18.76,0.06,57.3,1.03,60.0,1.08,3,2.25,-0.118,,-0.59,-0.36,-1.21,-2.02,2.98,-0.01,0.21,1.11,0.68,-0.77,0.67,3.0,-0.47,0.21,2026-05-20,15.70673344462994,8.756892084250634,13.544681604368703,17.842237061769616,5.885444077562262,15.353632394785464,13.828603227601555,5.190765004365305,13.96874881573681
23,TWLO,IGV,47.7,Weak,49.2,46.3,6.1,2026-05-20,189.33,25.86,20.87,0.026,52.8,0.61,60.0,0.0,2,0.98,0.175,,-0.16,1.36,-3.0,-1.01,-2.18,-1.65,-0.47,0.1,-0.27,-3.0,0.34,-0.97,-1.42,-0.47,2026-05-20,-3.1210658833403238,-6.932140801907105,-5.28311772360156,24.092530423835502,15.428035309828992,21.60392575685135,8.303608896349157,9.552251675936551,8.443754484484412
24,KO,XLP,46.1,Weak,48.6,43.7,1.9,2026-05-20,80.55,9.28,5.12,0.049,47.3,0.85,75.0,-0.03,2,2.19,0.123,,-0.31,-0.33,-2.0,1.01,-0.69,-1.08,-0.64,0.42,-0.42,-0.9,2.02,-0.25,-1.51,-0.64,2026-05-20,-1.6588264421886656,-1.4790350002612973,-3.820878282449902,-6.05347858380787,-3.0569545516851315,-8.542083250792022,0.9036890319386037,0.08863449520122302,1.043834620073858
25,DOCN,IGV,42.6,Weak,49.1,37.0,6.1,2026-05-20,160.07,67.58,62.59,0.053,54.3,0.72,50.0,1.13,2,1.92,-0.017,,-0.09,2.74,0.03,-2.7,0.88,-0.7,-3.0,0.16,1.11,-1.1,-1.35,2.09,-0.47,-3.0,2026-05-20,-4.305105029446022,-8.116179948012803,-6.467156869707258,13.778225679463363,5.113730565456853,11.289621012479213,10.024249677195861,11.272892456783255,10.164395265331116
26,INTC,SMH,42.5,Weak,66.7,27.1,6.4,2026-05-20,118.98,82.37,64.06,-0.01,56.0,0.68,50.0,0.55,3,1.4,-0.245,,-1.33,1.95,-2.49,-3.0,0.07,-0.21,-3.0,0.37,2.98,-2.05,-0.67,0.6,-0.66,-3.0,2026-05-20,3.6369874764110355,-3.3128538839682697,1.474935636149799,-4.108766512266248,-16.065559496473604,-6.597371179250399,0.35168982672841853,-8.28614839650783,0.49183541486367277
27,LLY,SPY,41.7,Weak,88.8,19.6,,2026-05-20,1017.0,10.71,6.48,-0.01,50.3,0.72,50.0,0.09,2,2.03,-0.456,,-3.0,-0.93,-3.0,-2.14,0.57,1.14,-0.06,0.36,2.11,-3.0,0.34,0.67,1.47,-0.06,2026-05-20,10.081831780452276,7.91977994019104,7.91977994019104,9.879452108366005,7.390847441381854,7.390847441381854,13.277866312094888,13.418011900230143,13.418011900230143
28,TSLA,QQQ,37.3,None,81.1,17.2,20.9,2026-05-20,417.27,7.77,-1.09,-0.019,52.1,0.88,60.0,0.37,1,0.7,-0.537,,-3.0,-0.89,-2.26,0.0,0.69,0.12,-3.0,0.62,1.22,-2.01,2.02,1.1,0.37,-3.0,2026-05-20,4.676216408192246,0.9304745392790803,2.51416456793101,-0.9151177932994026,-5.3605359735755975,-3.4037224602835536,-5.52859003196402,-6.580224730255102,-5.3884444438287655
29,MPC,XLE,36.3,None,49.1,26.9,2.9,2026-05-20,257.55,16.76,11.01,0.072,56.3,1.09,65.0,0.27,3,1.45,-0.251,,-1.64,0.29,-0.28,1.35,-0.51,-0.17,0.14,0.47,0.76,0.36,0.67,0.73,0.02,0.14,2026-05-20,-3.751343879588398,2.0965113482936397,-5.9133957198496345,2.292274612194767,5.124044049192078,-0.19633005478938426,-0.142067270772539,5.404179378021034,-0.0019216826372847606
30,TXN,SMH,29.9,None,52.5,17.0,6.4,2026-05-20,303.31,29.61,11.3,0.074,52.0,0.81,50.0,0.4,2,1.77,-0.542,,0.08,-1.42,-0.83,-3.0,0.85,0.17,-1.11,1.78,-0.39,-0.39,-0.67,1.38,-0.29,-1.11,2026-05-20,5.024219141473174,-1.9256222189061312,2.8621673012119375,1.4898947720060063,-10.466898212201347,-0.9987098949781448,-1.279438784032083,-9.917277007268332,-1.1392931958968289
31,P,XLK,28.7,None,49.7,16.6,5.3,2026-05-20,77.96,12.38,0.38,-0.006,49.0,0.7,55.0,0.4,3,0.33,-0.556,,-2.7,-2.25,-2.73,-1.35,0.93,2.01,0.96,-0.32,-0.96,-1.43,0.0,1.5,1.98,0.96,2026-05-20,-5.983015954709225,-12.259381249430469,-8.145067794970462,1.016469377251683,-8.82847418676611,-1.472135289732468,-10.795162120432323,-14.968004441718398,-10.655016532297068
32,AMD,SMH,28.4,None,50.8,15.9,6.4,2026-05-20,447.58,47.5,29.19,0.008,54.0,0.74,45.0,0.47,2,1.83,-0.582,,-1.75,-0.15,-3.0,-3.0,0.13,-0.73,-3.0,-0.05,0.89,-2.59,-0.67,0.67,-1.18,-3.0,2026-05-20,17.244812526870756,10.29497116649145,15.08276068660952,18.38752743647185,6.430734452264495,15.898922769487697,10.472246735908385,1.8344085126721357,10.61239232404364
33,INOD,XLK,27.4,None,54.8,13.7,5.3,2026-05-20,94.54,99.75,87.75,-0.02,53.3,0.4,50.0,-0.15,7,2.34,-0.671,7 distribution days in 20,-2.42,0.25,-3.0,-0.67,-1.84,1.28,3.0,-0.04,1.54,-3.0,0.67,-1.27,1.25,3.0,2026-05-20,5.033840947546531,-1.2425243471747116,2.871789107285294,28.500423011844344,18.65547944782655,26.011818344860192,11.4424703891709,7.269628067884826,11.582615977306155
34,SNDK,XLK,27.2,None,47.6,15.5,5.3,2026-05-20,1392.68,42.28,30.28,0.03,53.3,0.9,45.0,0.84,2,0.87,-0.597,,-1.96,-0.83,-2.44,-2.02,0.37,0.19,-3.0,0.42,0.46,-1.14,-0.67,0.94,0.15,-3.0,2026-05-20,19.23889449497993,12.96252920025869,17.076842654718696,27.745068858123958,17.900125294106164,25.256464191139806,36.548890356958786,32.37604803567271,36.68903594509404
35,QCOM,SMH,24.6,None,49.3,12.3,6.4,2026-05-20,200.78,48.94,30.62,-0.072,54.8,0.61,40.0,-0.25,4,0.88,-0.733,4 distribution days in 20,-2.29,0.17,-3.0,-2.7,-2.39,-0.35,3.0,-0.59,1.2,-3.0,0.0,-1.86,-0.8,3.0,2026-05-20,19.9412760027869,12.991434642407594,17.779224162525665,20.050761421319784,8.09396843711243,17.562156754335632,0.45287150393151787,-8.184966719304732,0.5930170920667721
36,PAA,XLE,23.8,None,34.2,16.5,2.9,2026-05-20,22.94,12.07,6.31,0.084,55.0,1.03,60.0,0.07,5,1.83,-0.56,5 distribution days in 20,-0.88,0.24,-0.93,1.69,-1.17,-0.98,-2.45,1.23,0.71,-0.29,1.01,0.07,-0.78,-2.45,2026-05-20,-3.94004282655247,1.9078124013295676,-6.102094666813707,-3.511777301927199,-0.680007864929888,-6.00038196891135,-5.310492505353325,0.23575414344024814,-5.170346917218071
37,ACMR,SMH,23.4,None,39.0,14.1,6.4,2026-05-20,71.61,31.3,12.98,-0.024,53.8,0.77,35.0,0.42,3,2.6,-0.652,,-2.45,0.05,-1.7,-3.0,0.44,-0.54,2.61,-0.75,1.09,-1.26,-1.8,0.97,-1.0,2.61,2026-05-20,31.353181882319745,24.40334052194044,29.19113004205851,27.261182446733436,15.304389462526082,24.772577779749284,29.405954564695904,20.768116341459653,29.54610015283116
38,ESTC,IGV,21.2,None,22.9,19.7,6.1,2026-05-20,55.3,12.34,7.35,0.034,56.7,1.0,45.0,0.32,5,1.96,-0.453,5 distribution days in 20,-0.43,2.71,0.62,-3.0,0.7,0.02,-0.22,-0.17,1.08,-0.51,-2.7,1.91,0.25,-0.22,2026-05-20,5.6870299027701465,1.8759549842033652,3.52497806250891,19.3725921849202,10.708097070913691,16.88398751793605,10.456796917996702,11.705439697584096,10.596942506131956
39,BWA,XLY,20.8,None,19.2,22.5,2.8,2026-05-20,62.62,12.75,13.57,0.006,49.4,0.58,50.0,-0.14,4,1.22,-0.367,4 distribution days in 20,0.82,0.33,-0.61,-0.67,-1.35,-1.95,0.55,0.14,-0.13,-1.48,-1.35,-1.05,-1.39,0.55,2026-05-20,14.92706645056725,11.109816237074497,12.765014610306013,24.521880064829805,24.820769902575314,22.033275397845653,21.021069692058347,22.10561281759208,21.161215280193602
40,VSH,SMH,18.1,None,37.0,8.9,6.4,2026-05-20,39.97,49.14,30.83,0.061,60.1,0.96,60.0,0.55,7,3.11,-0.913,7 distribution days in 20; extended >3 ATR above 20d avg,-0.76,0.11,-0.11,-1.35,0.41,-0.62,2.74,0.93,1.15,0.33,1.35,0.95,-1.07,2.74,2026-05-20,28.695221589502353,21.745380229123047,26.533169749241118,57.11809853924239,45.161305555035035,54.62949387225824,44.29314186679871,35.65530364356246,44.43328745493397
41,DELL,XLK,15.3,None,29.4,8.0,5.3,2026-05-20,242.57,13.2,1.2,0.006,53.8,0.83,50.0,0.44,2,1.0,-0.969,,-3.0,-0.65,-1.72,-2.02,0.46,-0.58,-3.0,-0.72,0.64,-0.42,-0.67,1.03,-0.61,-3.0,2026-05-20,30.977902374670172,24.70153707994893,28.815850534408938,73.69310686015831,63.84816329614051,71.20450219317416,61.168370712401064,56.99552839111499,61.30851630053632
42,HALO,XBI,14.0,None,6.3,31.3,2.3,2026-05-20,68.98,0.86,4.98,-0.087,48.0,0.96,35.0,0.13,7,0.94,-0.144,7 distribution days in 20,0.82,2.03,0.59,0.34,1.3,-0.56,-0.27,-1.04,-0.42,-0.35,-1.01,0.94,-0.37,-0.27,2026-05-20,0.2647058823529447,-3.811610108758856,-1.8973459579082919,5.279411764705877,3.1722935362176408,2.790807097721726,4.014705882352954,2.4132960287018834,4.154851470488207
43,ARMK,XLI,11.2,None,20.5,6.1,5.7,2026-05-20,51.43,14.14,14.34,-0.022,51.0,0.69,30.0,0.06,4,2.5,-1.114,4 distribution days in 20,-0.5,0.42,2.42,-3.0,-0.29,0.02,1.14,-1.02,0.95,-1.37,-3.0,0.29,-0.06,1.14,2026-05-20,4.294117647058826,1.9264131365817283,2.1320658067975895,4.3921568627451,0.6571029974674847,1.9035521957609491,6.705882352941184,3.5923509216638116,6.8460279410764375
44,LRCX,SMH,10.7,None,23.5,4.9,6.4,2026-05-20,291.55,9.95,-8.36,0.034,51.1,1.06,55.0,0.3,3,1.05,-1.236,,-0.96,-2.16,-0.2,-2.02,0.84,-0.72,-3.0,0.74,-1.13,0.24,0.67,1.38,-1.17,-3.0,2026-05-20,8.673626561697766,1.723785201318461,6.51157472143653,14.961492384049313,3.004699399841959,12.472887717065163,23.730960123224378,15.093121899988128,23.871105711359633
45,ZBRA,XLK,10.6,None,19.9,5.6,5.3,2026-05-20,243.47,5.36,-6.64,-0.055,45.6,0.69,40.0,-0.52,4,0.83,-1.162,4 distribution days in 20,-3.0,-1.83,-2.96,-2.02,-1.8,-0.53,3.0,-1.01,-0.54,-1.66,-0.67,-1.23,-0.56,3.0,2026-05-20,2.8264298165518342,-3.449935478169408,0.6643779762905977,1.8510832572424807,-7.9938603067753125,-0.6375214097416704,-7.723914667552078,-11.896756988838153,-7.5837690794168235
46,CGNX,XLK,10.4,None,18.3,5.9,5.3,2026-05-20,63.18,17.26,5.26,-0.004,56.5,0.63,40.0,-0.4,4,0.95,-1.135,4 distribution days in 20,-3.0,0.05,-2.74,-2.7,-3.0,-0.63,1.53,-1.11,1.33,-1.43,-1.35,-3.0,-0.66,1.53,2026-05-20,5.084475613643624,-1.191889681077618,2.9224237733823877,2.9327382849856587,-6.912205279032134,0.44413361800150764,-1.0997768568696276,-5.272619178155702,-0.9596312687343733
47,MDB,IGV,6.5,None,8.2,5.1,6.1,2026-05-20,329.2,22.12,17.14,-0.035,48.9,0.87,35.0,-0.07,3,2.37,-1.209,,-2.01,0.11,-1.04,-2.7,-1.88,-2.03,-0.57,-1.76,-1.52,-2.18,-1.35,-0.67,-1.8,-0.57,2026-05-20,0.04609711124770044,-3.764977807319081,-2.115954729013536,16.790411800860493,8.125916686853984,14.301807133876341,8.915181315304267,10.16382409489166,9.055326903439521
48,MU,SMH,5.8,None,11.7,2.9,6.4,2026-05-20,731.9,50.21,31.89,0.008,53.8,0.98,50.0,0.29,3,1.47,-1.506,,-2.33,-0.69,-0.36,-3.0,-0.1,-1.44,-3.0,-0.64,0.34,0.08,-1.35,0.43,-1.9,-3.0,2026-05-20,25.40547148795134,18.455630127572032,23.243419647690104,35.43155206607081,23.474759081863454,32.942947399086655,35.22508082262492,26.587242599388667,35.36522641076017
49,MRVL,SMH,5.1,None,11.2,2.3,6.4,2026-05-20,186.76,18.76,0.44,0.036,50.1,0.87,55.0,-0.05,1,1.47,-1.614,,-1.69,-3.0,-0.16,-2.7,-1.69,-0.05,-1.45,0.01,-2.31,0.27,0.0,-1.15,-0.5,-1.45,2026-05-20,6.342604626982062,-0.6072367333972428,4.180552786720826,64.41382895762932,52.457035973421966,61.92522429064517,45.95788926436184,37.32005104112559,46.09803485249709
50,COHR,XLK,4.8,None,5.6,4.2,5.3,2026-05-20,358.6,2.29,-9.71,-0.063,51.2,1.03,35.0,0.99,2,0.4,-1.316,,-3.0,-2.4,-1.6,-3.0,1.18,0.42,-3.0,-3.0,-1.11,-0.3,-2.7,1.75,0.39,-3.0,2026-05-20,4.423822714681447,-1.8525425800397954,2.2617708744202103,16.82825484764543,6.983311283627636,14.339650180661277,0.6897506925207741,-3.4830916287653,0.8298962806560284
51,VCYT,XLV,3.8,None,8.7,1.7,10.0,2026-05-20,45.15,33.94,33.4,-0.0,46.1,1.04,50.0,0.05,10,3.15,-1.792,10 distribution days in 20; extended >3 ATR above 20d avg,0.54,-1.25,3.0,1.01,0.78,-1.09,-0.93,1.11,-0.17,0.72,1.01,1.05,-0.0,-0.93,2026-05-20,8.64448970355285,5.947166436565877,6.482437863291613,13.01199366372483,9.525377328790018,10.523388996740678,7.286716451685904,2.4136896843557576,7.426862039821158
52,NBIS,IGV,3.5,None,4.3,2.8,6.1,2026-05-20,191.88,22.84,17.85,-0.034,48.7,0.75,40.0,-0.59,4,0.75,-1.526,4 distribution days in 20,-1.44,0.16,-0.88,-2.02,-2.99,-3.0,-3.0,-1.19,-1.47,-2.02,-0.67,-1.78,-3.0,-3.0,2026-05-20,7.040121120363363,3.2290462017965815,4.878069280102126,22.866199848599543,14.201704734593033,20.37759518161539,5.3274034822104355,6.5760462617978295,5.46754907034569
53,BTSG,XLV,2.9,None,6.2,1.4,10.0,2026-05-20,58.6,24.26,23.72,-0.03,55.3,1.18,40.0,0.28,4,2.31,-1.874,4 distribution days in 20,-3.0,-0.26,3.0,-2.02,0.74,-2.03,0.54,-2.98,0.83,0.62,-2.02,1.02,-0.94,0.54,2026-05-20,2.52908447142135,-0.16823879556562282,0.36703263116011353,-3.1866464339908918,-6.673262768925703,-5.675251100975043,6.356432304838977,1.4834055375088306,6.496577892974232
54,FLYW,IGV,1.8,None,2.1,1.6,6.1,2026-05-20,15.9,13.57,8.58,-0.083,47.2,0.67,30.0,-0.53,6,0.7,-1.795,6 distribution days in 20,-1.49,1.42,0.75,-3.0,-3.0,-3.0,0.12,-1.23,-0.21,-0.38,-2.02,-2.17,-3.0,0.12,2026-05-20,-2.851011649294899,-6.66208656786168,-5.013063489556135,-10.637645616186386,-19.302140730192896,-13.126250283170538,-9.380748007357443,-8.13210522777005,-9.240602419222189
1,AAPL,QQQ,98.6,Strong,98.8,98.4,25.1,2026-05-28,312.24,15.77,4.59,0.133,55.6,0.81,85.0,0.1,0,3.35,2.311,extended >3 ATR above 20d avg,3.0,1.96,-3.0,3.0,0.55,2.96,-0.42,3.0,3.0,-3.0,3.0,0.39,2.26,-0.42,2026-05-28,-0.18297967962505046,-0.544265095103269,-0.335886911472294,-5.271098841128696,-2.3713080063692322,-2.8551645779421038,-4.455715707360919,-4.702910991635512,-3.4744501673324657
2,PANW,IGV,96.8,Strong,98.2,95.5,20.6,2026-05-28,257.7,41.89,28.77,0.139,58.6,0.75,70.0,0.45,1,2.82,1.782,,3.0,3.0,-1.15,1.35,0.39,0.39,0.99,3.0,2.97,-2.83,3.0,0.7,-0.41,0.99,2026-05-28,8.951875621793492,5.6381562040171085,8.79896838994625,9.053313305893141,15.164596468895109,11.469247569079734,12.197881512982068,20.26023311822621,13.17914705301052
3,MTSI,SMH,95.5,Strong,96.2,94.8,12.9,2026-05-28,390.64,44.77,24.65,0.071,56.6,0.81,65.0,0.44,2,1.6,1.701,,3.0,2.08,-3.0,-0.67,0.59,1.9,-0.29,3.0,2.6,-2.32,1.35,0.52,0.75,-0.29,2026-05-28,-2.9092940011677837,-6.5134177125079855,-3.0622012330150272,-4.869132542966669,-5.401916048121313,-2.4531982797800773,-0.7514406844203125,-9.452471612255366,0.2298248556081406
4,CRWD,IGV,92.3,Strong,95.5,89.2,20.6,2026-05-28,167.75,48.32,35.2,0.172,60.5,0.85,85.0,0.47,1,3.49,1.307,extended >3 ATR above 20d avg,2.88,3.0,-0.17,1.35,0.52,-0.89,-1.67,3.0,2.88,-1.84,3.0,0.83,-1.7,-1.67,2026-05-28,6.439775081385046,3.1260556636086623,6.286867849537803,2.3083752589523554,8.419658421954324,4.724309522138947,1.2903225806451646,9.35267418588931,2.2715881206736177
5,LLY,SPY,91.4,Strong,96.6,86.4,,2026-05-28,1125.95,32.69,26.64,0.072,54.9,0.61,70.0,0.15,0,3.71,1.175,extended >3 ATR above 20d avg,-0.85,3.0,-3.0,0.2,1.24,0.68,-0.04,1.7,3.0,-3.0,1.69,1.22,0.66,-0.04,2026-05-28,-0.13417570797679135,-0.2870829398240349,-0.2870829398240349,2.954531318031961,5.3704655812185536,5.3704655812185536,-2.5715529727472264,-1.5902874327187733,-1.5902874327187733
6,ATRO,ITA,84.5,Strong,78.4,91.0,7.3,2026-05-28,73.03,31.44,20.95,0.01,57.2,0.76,60.0,0.1,4,1.78,1.407,4 distribution days in 20,2.62,3.0,-3.0,0.34,-0.77,0.34,0.51,-0.01,3.0,-3.0,0.0,-0.05,0.42,0.51,2026-05-28,-0.6720614456178775,0.5031020089353522,-0.824968677465121,7.817857632697844,7.18113270641263,10.233791895884437,10.47867233575641,8.350558152601838,11.459937875784863
7,ACMR,SMH,82.5,Strong,86.6,78.6,12.9,2026-05-28,93.09,91.62,71.5,0.039,55.7,0.77,50.0,1.04,2,4.49,0.901,extended >3 ATR above 20d avg,-0.46,1.29,-3.0,-2.7,3.0,1.36,2.69,0.23,1.8,-2.17,-0.67,2.94,0.22,2.69,2026-05-28,-2.8020260803966024,-6.406149791736803,-2.954933312243846,-1.1639185257032114,-1.696702030857855,1.2520157374833807,18.28860868628084,9.587577758445786,19.26987422630929
8,NTAP,IGV,81.3,Strong,89.0,74.2,20.6,2026-05-28,141.96,31.06,17.93,0.056,58.7,0.89,60.0,0.36,4,3.81,0.778,4 distribution days in 20; extended >3 ATR above 20d avg,1.65,1.62,0.38,-0.0,1.69,0.94,3.0,2.01,1.23,-1.29,2.02,2.0,0.13,3.0,2026-05-28,1.6243018351761007,-1.6894175826002833,1.4713946033288572,-8.811125042744795,-2.699841879742827,-6.395190779558202,-9.341160378433845,-1.2788087731897004,-8.359894838405392
9,RKLB,ITA,78.5,Strong,71.0,86.8,7.3,2026-05-28,148.08,92.26,81.77,-0.004,56.5,0.71,50.0,1.24,2,2.48,1.193,,2.88,2.14,-1.2,0.11,1.22,-0.2,-2.82,0.26,1.49,-2.12,-0.22,1.93,-0.13,-2.82,2026-05-28,-14.284693440045725,-13.109529985492495,-14.43760067189297,-17.98627983421467,-18.623004760499885,-15.570345571028078,-23.37430327283121,-25.502417455985782,-22.393037732802757
10,CSCO,XLK,76.1,Strong,85.4,67.8,14.2,2026-05-28,118.2,32.41,14.96,0.064,57.8,0.83,50.0,0.13,4,2.66,0.622,4 distribution days in 20,0.46,2.31,-3.0,-1.35,-0.21,0.35,0.44,1.77,2.99,-3.0,0.0,-0.15,-0.66,0.44,2026-05-28,10.360398739030408,8.494253676649356,10.207491507183164,3.399505836244354,6.793458046013856,5.815440099430946,1.3802504899037116,0.48154040320460556,2.3615160299321647
11,SMTC,SMH,75.8,Strong,80.6,71.3,12.9,2026-05-28,166.34,69.22,49.1,0.07,60.2,0.95,70.0,0.35,3,2.57,0.706,,0.71,0.62,-2.55,0.0,0.77,0.23,0.82,1.4,1.14,-1.56,2.02,0.7,-0.91,0.82,2026-05-28,0.3381920054015941,-3.2659317059386073,0.18528477355435058,-3.07926486179142,-3.6120483669460635,-0.6633305986048277,-6.2420412345488785,-14.943072162383931,-5.260775694520426
12,QCOM,SMH,68.3,Moderate,77.7,60.1,12.9,2026-05-28,241.01,55.8,35.68,-0.044,55.3,0.73,45.0,0.64,3,1.78,0.454,,-0.97,0.51,-3.0,-1.35,2.83,-0.03,1.72,-0.28,1.02,-3.0,0.67,2.76,-1.18,1.72,2026-05-28,-2.6984511132623457,-6.302574824602547,-2.851358345109589,-18.582607292675057,-19.1153907978297,-16.166673029488464,-9.305421103581802,-18.006452031416856,-8.324155563553349
13,DELL,XLK,67.7,Moderate,71.3,64.2,14.2,2026-05-28,317.7,54.74,37.3,0.045,60.3,0.78,60.0,0.3,2,3.74,0.541,extended >3 ATR above 20d avg,-0.81,3.0,-2.11,-0.67,0.3,-0.5,-2.35,0.49,3.0,-0.87,0.67,0.36,-1.5,-2.35,2026-05-28,0.9585200450504372,-0.9076250173306155,0.8056128132031937,-6.321439697107667,-2.9274874873381656,-3.9055054339210753,-1.9146437899882573,-2.8133538766873634,-0.9333782499598042
14,ALAB,SMH,63.6,Moderate,69.8,58.0,12.9,2026-05-28,349.08,77.22,57.11,0.014,53.0,0.85,55.0,1.71,1,4.3,0.412,extended >3 ATR above 20d avg,0.33,0.75,-1.21,-1.35,2.01,0.49,-1.2,1.02,1.26,-0.22,0.67,1.93,-0.66,-1.2,2026-05-28,2.8879310344827713,-0.71619267685743,2.735023802635528,5.442528735632179,4.909745230477536,7.858462998818771,19.84770114942529,11.146670221590238,20.828966689453743
15,CORT,XBI,62.1,Moderate,54.2,71.1,4.2,2026-05-28,68.42,46.82,41.37,0.024,55.1,0.57,65.0,0.49,1,4.26,0.701,extended >3 ATR above 20d avg,0.32,1.67,-0.3,0.67,0.48,1.0,-0.26,-0.4,1.24,-0.54,0.67,0.5,-0.64,-0.26,2026-05-28,9.216858684555952,11.483085307218222,9.063951452708707,21.394195712410678,24.144470739913423,23.81012997559727,16.58159544990521,13.486619285622115,17.56286098993366
16,DDOG,IGV,59.4,Moderate,72.7,48.6,20.6,2026-05-28,225.24,68.18,55.06,0.022,56.6,0.77,55.0,0.22,2,3.38,0.222,extended >3 ATR above 20d avg,-0.35,2.94,0.45,-1.69,-0.06,0.33,-0.42,0.01,2.56,-1.23,0.34,0.25,-0.48,-0.42,2026-05-28,4.22673796791444,0.9130185501380561,4.073830736067197,0.16684491978609106,6.278128082788059,2.582779182972683,-4.705882352941182,3.3564692523029622,-3.724616812912729
17,EXEL,XBI,58.4,Moderate,50.3,67.8,4.2,2026-05-28,51.47,15.16,9.7,-0.009,50.4,0.72,50.0,-0.16,2,1.86,0.622,,0.62,0.57,-1.81,0.67,-0.86,0.93,-0.52,-0.09,0.14,-2.06,0.67,-0.84,-0.71,-0.52,2026-05-28,2.1789883268482635,4.445214949510534,2.02608109500102,4.056420233463043,6.806695260965789,6.4723544966496345,1.0116731517509692,-2.083303012532123,1.9929386917794223
18,INOD,XLK,57.2,Moderate,70.6,46.3,14.2,2026-05-28,99.32,148.67,131.23,-0.014,54.2,0.5,50.0,0.52,6,1.43,0.176,6 distribution days in 20,-1.39,1.15,-3.0,-0.67,0.99,1.81,2.12,-0.08,1.83,-3.0,0.67,1.05,0.8,2.12,2026-05-28,19.12745098039217,17.261305918011118,18.974543748544924,3.3137254901960844,6.707677699965586,5.729659753382677,-6.568627450980391,-7.467337537679497,-5.5873619109519375
19,OKTA,IGV,54.8,Weak,68.6,43.7,20.6,2026-05-28,94.68,24.28,11.16,0.032,57.1,0.78,45.0,0.14,2,2.47,0.122,,0.82,1.02,-0.35,-2.7,0.32,0.6,-0.35,1.19,0.63,-2.02,-0.67,0.62,-0.21,-0.35,2026-05-28,14.809131910540763,11.49541249276438,14.656224678693519,9.266750360347785,15.378033523349753,11.682684623534378,9.582926489050081,17.645278094294227,10.564192029078534
20,CVLT,IGV,53.5,Weak,67.4,42.4,20.6,2026-05-28,110.74,9.44,-3.68,0.056,52.1,1.14,55.0,0.3,2,1.56,0.096,,0.33,0.47,1.55,-1.35,1.41,2.62,-0.56,0.69,0.08,-0.13,0.67,1.72,1.82,-0.56,2026-05-28,8.845671267252197,5.531951849475813,8.692764035404952,13.712134791181207,19.823417954183174,16.1280690543678,16.62484316185695,24.687194767101097,17.606108701885404
21,ZBRA,XLK,51.8,Weak,60.0,44.8,14.2,2026-05-28,247.75,14.94,-2.5,-0.037,51.5,0.71,45.0,0.1,4,0.54,0.146,4 distribution days in 20,-1.76,0.44,-2.45,-1.12,1.06,1.73,3.0,-0.45,1.12,-1.22,0.22,1.11,0.72,3.0,2026-05-28,-0.13835761373809374,-2.0045026761191465,-0.2912648455853373,-9.526328640026039,-6.132376430256537,-7.110394376839446,-4.032717506307481,-4.931427593006587,-3.051451966279028
22,MNST,XLP,50.3,Weak,43.8,57.7,4.5,2026-05-28,44.01,14.43,12.65,0.009,48.6,0.84,55.0,0.02,2,1.66,0.405,,-0.0,-0.73,-2.78,0.4,0.86,0.22,-1.23,-0.43,-0.53,-2.34,0.0,0.77,-0.66,-1.23,2026-05-28,0.7050261541960534,3.0224673129166213,0.5521189223488099,4.639526950193318,3.1187061897829382,7.05546121337991,3.8890152376620524,4.733915660112253,4.870280777690505
23,VSH,SMH,49.0,Weak,55.8,43.1,12.9,2026-05-28,51.98,87.92,67.81,0.077,59.2,0.9,65.0,0.81,5,4.41,0.111,5 distribution days in 20; extended >3 ATR above 20d avg,0.47,0.25,-0.93,-0.67,1.63,0.59,1.99,1.16,0.76,0.06,1.35,1.56,-0.55,1.99,2026-05-28,21.129986638671493,17.525862927331293,20.97707940682425,11.242603550295849,10.709820045141205,13.658537813482441,23.401412483298344,14.700381555463292,24.382678023326797
24,LRCX,SMH,48.1,Weak,54.9,42.2,12.9,2026-05-28,317.49,27.86,7.74,0.047,55.0,0.95,60.0,0.33,0,1.89,0.092,,-0.36,0.3,-2.02,-0.67,1.55,-1.48,-2.29,0.34,0.82,-1.03,1.35,1.48,-2.62,-2.29,2026-05-28,4.489313380829429,0.8851896694892281,4.336406148982186,12.459944622468356,11.927161117313712,14.875878885654949,20.7230190088044,12.021988080969347,21.704284548832852
25,NOW,IGV,43.8,Weak,58.1,33.0,20.6,2026-05-28,108.74,22.32,9.2,-0.005,53.7,0.92,50.0,0.06,1,2.22,-0.103,,-0.37,1.16,0.26,-2.02,0.07,-0.83,2.37,-0.0,0.78,-1.42,0.0,0.38,-1.64,2.37,2026-05-28,0.8440243079000709,-2.469695109876313,0.6911170760528274,-12.997974341661045,-6.886691178659078,-10.582040078474453,-19.69952734638758,-11.637175741143436,-18.718261806359127
26,HQY,XLV,38.1,None,61.7,23.5,33.4,2026-05-28,90.51,11.15,5.52,0.05,53.1,0.92,60.0,0.13,2,2.17,-0.34,,-0.44,-0.87,1.21,-0.11,-0.16,0.89,1.2,0.32,0.51,-0.88,0.22,0.11,0.47,1.2,2026-05-28,-5.987762237762229,-6.769795524307232,-6.140669469609472,-2.7972027972028024,-4.929413210945189,-0.3812685340162103,-6.949300699300698,-5.993482237967896,-5.968035159272246
27,TXN,SMH,37.8,None,44.3,32.2,12.9,2026-05-28,314.39,17.93,-2.18,0.075,53.8,0.82,55.0,0.05,0,1.51,-0.121,,1.07,-0.68,-1.35,-2.02,0.0,-0.53,-1.24,1.76,-0.17,-0.36,0.0,-0.07,-1.67,-1.24,2026-05-28,-3.29757774453322,-6.901701455873422,-3.4504849763804635,-5.936276538179975,-6.469060043334618,-3.5203422749933826,2.113505426998108,-6.587525500836945,3.094770967026561
28,BWA,XLY,27.6,None,35.5,21.4,15.4,2026-05-28,70.91,31.41,26.93,0.012,52.6,0.73,50.0,-0.15,4,2.78,-0.402,4 distribution days in 20,0.35,0.94,-0.52,-0.97,-1.94,-1.4,0.49,0.35,1.37,-0.98,-0.97,-1.1,-0.42,0.49,2026-05-28,8.83977900552486,12.423889997349123,8.686871773677616,5.779855503612397,10.123731959141345,8.195789766798988,1.487462813429663,5.104607086284574,2.468728353458116
29,AMD,SMH,24.9,None,25.4,24.4,12.9,2026-05-28,518.14,53.72,33.61,-0.016,55.8,0.8,35.0,0.47,1,2.89,-0.315,,-1.4,1.02,-3.0,-3.0,0.31,-1.37,-3.0,-0.71,1.53,-2.15,-2.7,0.23,-2.51,-3.0,2026-05-28,0.45890937019972267,-3.1452143411404787,0.30600213835247914,-6.257680491551454,-6.790463996706098,-3.8417462283648622,3.003072196620593,-5.6979587312144595,3.9843377366490462
30,SNDK,XLK,23.1,None,28.0,19.0,14.2,2026-05-28,1642.48,54.34,36.89,0.016,53.3,0.87,35.0,0.4,2,1.69,-0.474,,-1.21,-0.23,-2.68,-3.0,0.11,-0.06,-3.0,0.1,0.45,-1.45,-2.02,0.16,-1.07,-3.0,2026-05-28,4.616527942925086,2.7503828805440333,4.4636207110778425,11.826397146254465,15.220349356023966,14.242331409441057,29.753329369797864,28.854619283098756,30.734594909826317
31,KO,XLP,20.1,None,16.1,25.2,4.5,2026-05-28,79.44,1.94,0.15,0.014,45.5,0.99,65.0,-0.13,2,0.34,-0.294,,-0.07,-1.17,-0.15,1.53,-0.86,-1.13,-1.22,-0.5,-0.97,0.28,1.12,-0.95,-2.01,-1.22,2026-05-28,-3.99746995572422,-1.680028797003652,-4.150377187571463,3.111954459203048,1.5911336987926683,5.5278887223896405,-0.17710309930424328,0.6677973231459577,0.8041624407242098
32,HALO,XBI,17.8,None,13.2,24.1,4.2,2026-05-28,68.18,8.1,2.64,-0.049,49.8,0.97,45.0,-0.13,6,0.35,-0.324,6 distribution days in 20,0.12,0.47,-0.42,-0.22,-0.03,1.07,0.12,-0.6,0.04,-0.67,-0.22,-0.01,-0.57,0.12,2026-05-28,4.909144196951942,7.175370819614213,4.756236965104699,3.648886283704589,6.399161311207335,6.06482054689118,0.4689331770222793,-2.6260429872608126,1.4501987170507324
33,VCYT,XLV,16.1,None,31.1,8.3,33.4,2026-05-28,48.01,51.02,45.4,0.015,49.4,1.11,55.0,0.33,7,3.56,-0.953,7 distribution days in 20; extended >3 ATR above 20d avg,0.41,-0.84,3.0,0.67,2.79,0.2,-0.39,1.17,0.54,1.01,1.01,3.0,-0.21,-0.39,2026-05-28,3.8469536286130035,3.0649203420680005,3.69404639676576,-1.4140153878145267,-3.5462258015569126,1.0019188753720654,11.374506134331464,12.330324595664266,12.355771674359916
34,KLAC,SMH,16.1,None,19.9,13.0,12.9,2026-05-28,192.51,6.19,-13.93,0.023,50.0,1.12,55.0,0.06,2,1.17,-0.701,,-0.56,-1.42,-1.79,-1.35,-0.56,-1.38,-3.0,0.13,-0.9,-0.8,0.67,-0.63,-2.53,-3.0,2026-05-28,10.74603587210814,7.141912160767938,10.593128640260897,25.16246425786328,24.629680752708637,27.578398521049873,34.50480894203276,25.803778014197707,35.48607448206121
35,ARMK,XLI,13.1,None,19.3,8.9,19.9,2026-05-28,53.19,18.78,16.48,0.001,50.4,0.75,30.0,-0.01,4,2.41,-0.91,4 distribution days in 20,-0.35,0.47,0.68,-3.0,-1.15,0.15,0.29,-0.17,0.61,-0.8,-2.7,-0.04,-0.1,0.29,2026-05-28,0.037579857196545774,-1.4507222044203072,-0.11532737465069776,2.254791431792569,1.3745505237545919,4.670725694979161,-0.018789928598272887,-4.228889534806268,0.9624756114301802
36,ESTC,IGV,12.5,None,17.2,9.1,20.6,2026-05-28,57.61,21.51,8.39,0.03,55.5,0.83,50.0,0.03,5,2.18,-0.899,5 distribution days in 20,-0.93,1.09,0.37,-3.0,-0.19,0.18,0.27,-0.57,0.71,-1.3,-2.02,0.12,-0.62,0.27,2026-05-28,20.701168614357268,17.387449196580885,20.548261382510024,11.686143572621033,17.797426735623,14.102077835807625,9.256167686885552,17.318519292129697,10.237433226914005
37,MU,SMH,10.0,None,12.3,8.1,12.9,2026-05-28,923.21,78.11,57.99,-0.0,56.0,0.88,50.0,-0.11,3,2.86,-0.962,,-1.58,0.72,-1.77,-3.0,-0.79,-2.13,-3.0,-0.89,1.24,-0.78,-1.35,-0.86,-3.0,-3.0,2026-05-28,4.197061221077281,0.5929375097370793,4.044153989230037,4.0382083063353,3.5054248011806566,6.454142569521892,18.286896724703716,9.585865796868664,19.26816226473217
38,TKR,XLI,5.4,None,8.6,3.4,19.9,2026-05-28,126.45,19.36,17.06,0.008,49.0,0.76,55.0,0.29,7,2.54,-1.428,7 distribution days in 20,-1.08,-1.03,0.11,-2.02,0.64,-1.24,2.2,-0.9,-0.89,-1.36,-1.35,1.75,-1.49,2.2,2026-05-28,5.574471454588648,4.086169392971795,5.421564222741404,8.488399714941796,7.608158806903819,10.904333978128388,12.130810040383256,7.920710434175261,13.112075580411709
39,MRK,XLV,3.3,None,7.4,1.5,33.4,2026-05-28,118.32,7.98,2.35,-0.036,47.9,1.04,45.0,-0.06,4,2.01,-1.845,4 distribution days in 20,-2.16,-2.57,2.4,-0.34,-0.95,0.12,-0.39,-1.4,-1.19,0.31,0.0,-0.69,-0.3,-0.39,2026-05-28,0.516511430990696,-0.2655218555543071,0.36360419914345243,0.9060118543607221,-1.2261985593816638,3.321946117547314,-4.149026248941567,-3.1932077876087646,-3.167760708913114
40,NBIS,IGV,3.3,None,5.5,2.0,20.6,2026-05-28,226.24,60.1,46.98,-0.038,50.1,0.7,40.0,-0.28,3,1.57,-1.686,,-2.34,-1.46,-0.67,-2.7,-1.55,-1.09,-3.0,-1.98,-1.84,-2.35,-0.67,-1.25,-1.9,-3.0,2026-05-28,13.969103835688568,10.655384417912185,13.816196603841323,-2.299657684543144,3.811625478458824,0.11627657864344831,25.967699464583504,34.03005106982765,26.948965004611956
41,MRVL,SMH,2.7,None,3.5,2.1,12.9,2026-05-28,204.55,30.69,10.57,-0.01,52.2,0.84,50.0,-0.24,1,1.82,-1.661,,-2.64,-2.23,-0.39,-2.7,-1.61,-0.89,-0.93,-1.95,-1.71,0.6,-0.67,-1.68,-2.04,-0.93,2026-05-28,54.8726738491675,51.2685501378273,54.71976661732025,37.4877571008815,36.954973595726855,39.903691364068095,52.18903036238982,43.487999434554766,53.170295902418275
42,MDB,IGV,2.5,None,3.6,1.8,20.6,2026-05-28,325.55,26.14,13.02,-0.06,48.5,0.88,30.0,-0.18,4,1.36,-1.758,4 distribution days in 20,-2.56,-2.15,-0.57,-3.0,-1.39,-0.18,0.48,-2.2,-2.54,-2.24,-2.02,-1.08,-0.99,0.48,2026-05-28,8.42681883024252,5.113099412466137,8.273911598395276,1.115549215406575,7.226832378408543,3.531483478593167,-5.064194008559197,2.9981575966849467,-4.082928468530744
43,BTSG,XLV,1.7,None,3.3,0.9,33.4,2026-05-28,60.81,26.37,20.75,-0.034,55.6,1.28,45.0,-0.11,3,2.57,-2.078,,-3.0,-0.39,3.0,-1.69,-1.9,-2.47,-0.32,-3.0,0.98,1.06,-1.35,-1.64,-2.88,-0.32,2026-05-28,-6.222439980401761,-7.004473266946764,-6.375347212249005,3.02139474113996,0.8891843273975741,5.437329004326552,8.149599869345092,9.105418330677894,9.130865409373545
1,PANW,IGV,96.6,Strong,98.1,95.2,52.6,2026-06-04,279.26,52.04,38.01,0.184,60.6,0.94,85.0,1.0,3,2.02,1.742,,3.0,3.0,1.02,3.0,1.61,1.33,1.11,3.0,3.0,-1.67,3.0,2.33,0.92,1.11,2026-06-04,0.18997096670130276,8.681770946578549,2.140486650984963,3.078963403706214,13.472363142110478,3.587967839125439,8.824689056955437,20.29465585441997,11.662288586694125
2,WSM,XRT,96.2,Strong,95.2,97.2,3.5,2026-06-04,207.35,11.6,13.46,0.063,54.7,0.73,60.0,0.3,4,2.75,2.026,4 distribution days in 20,3.0,3.0,-3.0,3.0,1.36,0.4,-0.72,3.0,2.0,-3.0,2.7,1.51,0.01,-0.72,2026-06-04,6.171456405260578,1.1040514943313484,8.121972089544238,10.155869459327803,6.64118481801823,10.664873894747029,16.03507062834875,9.547347951410858,18.872670158087438
3,AAPL,QQQ,94.7,Strong,94.5,94.9,20.0,2026-06-04,310.94,8.33,1.87,0.103,55.9,0.98,75.0,0.01,0,1.41,1.712,,3.0,1.31,-2.28,2.02,0.12,1.65,-0.76,3.0,2.17,-1.25,2.7,-0.21,0.61,-0.76,2026-06-04,-5.5923473142016284,-3.7268703066518634,-3.6418316299179683,-4.7797293406277035,-6.094760226008622,-4.270724905208478,-10.08094186902133,-6.8688622533727415,-7.243342339282643
4,BWA,XLY,91.9,Strong,91.7,92.2,9.1,2026-06-04,76.83,30.02,32.23,0.057,55.8,0.68,65.0,0.01,2,3.23,1.484,extended >3 ATR above 20d avg,1.95,3.0,-1.74,1.35,0.25,-1.01,0.72,1.52,3.0,-1.62,1.35,0.53,-0.56,0.72,2026-06-04,-1.2040222281026636,-0.2802346992343052,0.7464934561809966,-5.213019317279699,-5.041947552674442,-4.7040148818604735,-10.148187351151105,-7.770289823138098,-7.310587821412417
5,CSCO,XLK,87.7,Strong,92.4,83.3,25.8,2026-06-04,129.53,41.87,28.25,0.095,59.2,0.77,50.0,0.45,3,3.63,1.053,extended >3 ATR above 20d avg,1.46,2.11,-3.0,-0.67,0.52,-0.23,0.46,2.46,3.0,-3.0,0.0,0.87,-1.02,0.46,2026-06-04,-5.313255832097985,-2.2781290147362077,-3.362740147814325,-7.162362487321516,-8.435842270829962,-6.653358051902291,-11.648591714129664,-7.515088583491847,-8.810992184390976
6,CORT,XBI,87.6,Strong,84.7,90.5,4.9,2026-06-04,74.89,43.49,46.61,0.067,58.2,0.76,75.0,0.69,1,4.86,1.38,extended >3 ATR above 20d avg,0.26,3.0,-0.66,1.8,0.84,2.89,-1.01,0.45,2.56,-0.22,2.02,1.08,0.92,-1.01,2026-06-04,11.32807275645311,11.36576593398798,13.27858844073677,6.914537916276586,0.9439385947537904,7.4235423516958114,16.811555436672478,-0.2106835380730736,19.649154966411167
7,ALAB,SMH,85.3,Strong,81.3,89.6,7.1,2026-06-04,358.05,67.31,52.96,0.053,54.9,0.77,60.0,1.38,0,2.71,1.329,,1.44,2.25,-1.86,1.35,1.0,1.32,-3.0,1.79,1.93,-0.26,1.35,1.28,0.24,-3.0,2026-06-04,6.98271086620601,6.257198958886434,8.933226550489671,21.598297326452666,12.688878892831237,22.10730176187189,13.924604215866342,13.192481721691939,16.76220374560503
8,LLY,SPY,83.3,Strong,90.2,77.0,,2026-06-04,1123.88,14.22,11.05,0.057,54.0,0.78,60.0,0.03,1,2.48,0.853,,-0.46,3.0,-2.32,-1.01,0.86,-0.09,0.06,1.42,3.0,-1.97,1.01,0.6,-1.0,0.06,2026-06-04,1.5166516257349105,3.4671673100185707,3.4671673100185707,-3.9322544750422628,-3.423250039623038,-3.423250039623038,5.555798936328671,8.393398466067358,8.393398466067358
9,NTAP,IGV,82.7,Strong,94.3,72.5,52.6,2026-06-04,178.31,60.05,46.01,0.067,57.3,0.68,65.0,0.38,4,4.03,0.735,4 distribution days in 20; extended >3 ATR above 20d avg,1.6,0.54,-0.2,-0.0,1.68,1.87,3.0,2.08,0.76,-2.89,2.02,2.4,1.45,3.0,2026-06-04,-9.27133541253189,-0.7795354326546438,-7.32081972824823,-9.798695775446554,0.5947039629577091,-9.289691340027328,-13.921179472639633,-2.4512126751750962,-11.083579942900945
10,AXTA,XLB,79.0,Strong,71.4,87.5,5.4,2026-06-04,31.76,11.28,12.78,0.012,51.5,0.87,60.0,-0.02,2,2.21,1.223,heavy selling into close today,1.96,1.65,-0.3,2.02,-0.07,0.62,1.11,0.68,0.64,-0.14,2.02,0.47,-0.01,1.11,2026-06-04,0.43010752688172893,0.8028027014599926,2.380623211165389,6.8663594470046,6.101353562343936,7.375363882423825,5.990783410138256,5.245393060981729,8.828382939876944
11,CTAS,XLI,77.1,Strong,77.6,76.6,14.4,2026-06-04,179.53,6.62,7.01,0.044,50.8,0.83,75.0,0.12,2,2.23,0.844,,0.5,0.92,-0.61,2.36,-0.06,0.84,0.3,0.63,0.67,-1.1,1.69,1.0,0.49,0.3,2026-06-04,0.2265318525885407,0.5184441644195847,2.177047536872201,-5.845626830211625,-8.844882740004977,-5.3366223947924,-5.320735952262556,-8.726379590291288,-2.483136422523868
12,CRWD,IGV,72.7,Strong,89.5,59.0,52.6,2026-06-04,179.83,53.73,39.69,0.168,59.6,0.97,75.0,0.83,4,2.1,0.432,4 distribution days in 20,2.66,1.55,0.95,-0.0,0.77,0.12,-1.3,3.0,1.77,-1.74,2.02,1.49,-0.3,-1.3,2026-06-04,-0.7692749296744905,7.722525050202756,1.1812407546091697,-1.756702451346237,8.636697287058025,-1.2476980159270123,0.5281589069407122,11.998125704405249,3.3657584366794002
13,ACMR,SMH,65.8,Moderate,64.1,67.5,7.1,2026-06-04,90.19,62.83,48.49,0.043,52.6,0.71,45.0,0.81,3,2.23,0.615,,-0.07,0.71,-3.0,-2.02,2.1,1.02,1.6,0.29,0.4,-3.0,-2.02,2.39,-0.06,1.6,2026-06-04,7.55248035651459,6.826968449195014,9.502996040798251,28.72053477190104,19.81111633827961,29.229539207320265,22.62225870763459,21.89013621346019,25.45985823737328
14,DHR,XLV,61.4,Moderate,85.0,44.3,56.2,2026-06-04,186.2,6.72,2.15,0.061,52.5,1.08,65.0,0.15,1,2.54,0.135,,0.2,-0.87,0.96,1.01,0.92,2.01,-0.27,1.74,0.49,-0.51,2.02,1.3,1.46,-0.27,2026-06-04,-3.8324183145887925,-4.279433828656643,-1.8819026303051323,-5.767283193859618,-3.1772227152900734,-5.258278758440394,4.2961462608602785,-0.6933357270440199,7.133745790598967
15,APH,XLK,60.4,Moderate,69.7,52.3,25.8,2026-06-04,73.18,6.03,-7.59,0.01,55.9,1.09,55.0,0.34,4,2.15,0.297,4 distribution days in 20,-0.41,1.6,-1.34,-0.22,0.63,0.01,1.48,0.59,2.62,-0.7,0.45,0.98,-0.78,1.48,2026-06-04,6.413667553563918,9.448794370925695,8.364183237847577,14.451757456938807,13.178277673430362,14.960761892358033,14.311721047472336,18.445224178110152,17.149320577211025
16,SMTC,SMH,58.4,Moderate,50.8,67.2,7.1,2026-06-04,169.41,42.06,27.72,0.034,56.9,0.95,65.0,0.25,5,1.61,0.609,5 distribution days in 20,0.05,0.95,-2.83,1.35,-0.11,1.2,1.1,0.4,0.64,-1.22,1.35,0.18,0.12,1.1,2026-06-04,0.9500308451573014,0.22451893783772547,2.9005465294409616,-2.344231955582965,-11.253650389204394,-1.8352275201637402,-7.476866132017279,-8.208988626191683,-4.639266602278591
17,CDNS,IGV,57.1,Moderate,80.2,40.6,52.6,2026-06-04,411.74,16.02,1.98,0.032,51.9,0.78,60.0,0.58,2,2.68,0.059,,0.09,-0.35,-0.5,-0.67,0.85,0.76,-0.63,0.57,-0.13,-3.0,1.35,1.57,0.34,-0.63,2026-06-04,-5.226885359286603,3.264914620590643,-3.276369675002943,-4.372205617172642,6.021194121231621,-3.8632011817534173,-7.047402613442677,4.4225641840218595,-4.209803083703989
18,DDOG,IGV,56.9,Moderate,80.8,40.1,52.6,2026-06-04,243.63,69.68,55.64,0.064,57.8,0.75,55.0,0.53,3,1.59,0.049,,0.81,2.13,0.64,-2.02,0.11,-0.1,-0.22,1.29,2.35,-2.05,0.0,0.83,-0.51,-0.22,2026-06-04,-1.2359218796136218,7.255878100263624,0.7145938046700384,-6.04041000548361,4.352989732920653,-5.5314055700643845,1.1431222845573075,12.613089082021844,3.9807218142959955
19,ORCL,IGV,56.6,Moderate,80.6,39.8,52.6,2026-06-04,235.52,21.83,7.79,0.039,53.3,0.8,55.0,0.81,1,2.89,0.042,,0.79,0.3,2.06,-0.0,1.93,0.44,-1.4,1.27,0.51,-0.64,2.02,2.65,0.02,-1.4,2026-06-04,-19.821592548865276,-11.32979256898803,-17.871076864581617,-19.67729240456513,-9.283892666160867,-19.168287969145904,-35.248589794044335,-23.7786229965798,-32.410990264305646
20,ATRO,ITA,53.3,Weak,44.8,63.4,13.8,2026-06-04,72.42,11.76,8.17,0.005,51.3,0.67,60.0,-0.26,3,1.26,0.525,,1.57,0.55,-3.0,0.34,-2.56,-0.01,-0.75,-0.13,-0.16,-3.0,0.0,-1.38,0.45,-0.75,2026-06-04,10.067208064967792,7.662546587383767,12.017723749251452,12.783534024082876,8.861283295726995,13.2925384595021,17.880145617474085,14.953676947647597,20.717745147212774
21,CVLT,IGV,53.1,Weak,78.1,36.1,52.6,2026-06-04,121.45,20.12,6.08,0.096,57.7,0.98,55.0,0.48,2,2.59,-0.036,,0.75,0.76,2.33,-1.35,1.51,1.24,-0.84,1.23,0.98,-0.37,0.67,2.23,0.82,-0.84,2026-06-04,5.102717031146442,13.594517011023688,7.053232715430102,7.794897282968849,18.18829702137311,8.303901718388074,15.813452617627565,27.2834194150921,18.651052147366254
22,VSH,SMH,51.0,Weak,43.2,60.2,7.1,2026-06-04,63.46,89.94,75.6,0.076,55.3,0.88,75.0,0.66,7,3.99,0.456,7 distribution days in 20; extended >3 ATR above 20d avg,0.7,0.5,-1.72,2.7,1.07,0.53,1.75,1.05,0.19,-0.11,2.7,1.36,-0.55,1.75,2026-06-04,-2.49288940940271,-3.218401316722286,-0.5423737251190497,8.164631085829011,-0.7447873477924176,8.673635521248237,-6.056550108750214,-6.788672602924617,-3.218950579011526
23,AMD,SMH,46.0,Weak,38.3,55.2,7.1,2026-06-04,523.19,24.13,9.79,-0.005,56.4,0.91,45.0,0.92,1,1.78,0.355,,-0.75,2.07,-2.36,-1.35,0.81,-0.12,-3.0,-0.4,1.76,-0.75,-1.35,1.09,-1.2,-3.0,2026-06-04,-2.26221697263318,-2.9877288799527557,-0.3117012883495196,7.393245380472879,-1.5161730531485498,7.9022498158921035,4.049968969590201,3.3178464754157977,6.887568499328889
24,SANM,XLK,42.8,Weak,52.7,34.7,25.8,2026-06-04,280.14,17.41,3.79,0.038,52.6,1.03,45.0,0.43,1,2.09,-0.065,,-0.01,-0.71,-1.45,-0.34,0.08,-0.6,-0.89,1.0,0.32,-0.81,0.34,0.44,-1.39,-0.89,2026-06-04,-8.432171979243886,-5.397045161882109,-6.481656294960226,-10.61897702001483,-11.892456803523277,-10.109972584595605,-12.272053372868797,-8.13855024223098,-9.43445384313011
25,WDAY,IGV,40.3,Weak,66.9,24.3,52.6,2026-06-04,147.91,20.61,6.58,0.01,57.6,0.78,50.0,0.34,4,1.9,-0.319,4 distribution days in 20,-0.12,2.11,1.79,-2.02,0.07,1.57,-0.19,0.36,2.33,-0.9,0.0,0.79,1.15,-0.19,2026-06-04,-12.551095624204244,-4.059295644326998,-10.600579939920584,-21.684647859009576,-11.291248120605314,-21.17564342359035,-16.906788179320507,-5.436821381855971,-14.06918864958182
26,FRSH,IGV,38.2,None,64.7,22.5,52.6,2026-06-04,9.6,8.11,-5.93,0.017,52.8,0.76,55.0,0.19,2,0.96,-0.369,,-0.3,0.37,2.02,-2.02,-0.73,1.31,3.0,0.17,0.59,-0.68,0.0,-0.01,0.89,3.0,2026-06-04,-4.756980351602891,3.734819628274355,-2.806464667319231,-8.583247156153051,1.8101525822512112,-8.074242720733826,1.9648397104446769,13.434806507909213,4.802439240183364
27,PSX,XLE,36.0,None,22.5,57.7,3.0,2026-06-04,183.22,8.04,4.95,0.007,51.6,0.91,60.0,-0.25,1,1.35,0.405,,-1.11,1.32,-0.84,1.35,0.41,1.41,-2.65,-1.05,0.64,-0.4,0.67,-1.38,-1.32,-2.65,2026-06-04,-2.9782108836088894,-0.33572383697676456,-1.0276951993252292,-9.553268367458656,-1.1767571412064974,-9.044263932039431,-6.47651374137741,1.0709819408332937,-3.638914211638722
28,ARMK,XLI,33.1,None,33.7,32.5,14.4,2026-06-04,53.24,16.86,17.25,0.017,48.7,0.69,35.0,0.09,4,1.78,-0.116,4 distribution days in 20,0.46,0.27,-1.13,-1.35,-0.59,0.83,0.25,0.58,0.02,-1.61,-2.02,0.46,0.47,0.25,2026-06-04,1.8528916339135337,2.1448039457445778,3.803407318197194,-0.4117536964252322,-3.4110096062185846,0.0972507389939925,4.6603032004491896,1.254659562420457,7.497902730187878
29,KLAC,SMH,32.7,None,26.0,41.1,7.1,2026-06-04,213.02,17.57,3.23,0.021,50.6,1.05,55.0,0.38,1,2.58,0.07,,-0.39,-0.51,-2.94,0.34,0.19,-1.07,-3.0,-0.04,-0.83,-1.33,0.34,0.47,-2.15,-3.0,2026-06-04,17.974224530798267,17.248712623478692,19.924740215081925,26.78002646150832,17.87060802788689,27.289030896927546,21.2721125104131,20.539990016238697,24.109712040151788
30,LRCX,SMH,32.1,None,25.5,40.5,7.1,2026-06-04,335.86,13.31,-1.03,0.017,52.9,1.06,55.0,0.42,0,1.96,0.058,,-0.5,-0.02,-1.66,0.67,1.18,-1.81,-2.3,-0.14,-0.34,-0.05,0.67,1.47,-2.89,-2.3,2026-06-04,13.540848698055719,12.815336790736144,15.491364382339379,21.883343279831657,12.973924846210227,22.39234771525088,18.80830480258817,18.07618230841377,21.64590433232686
31,ATI,XLI,31.2,None,31.9,30.6,14.4,2026-06-04,181.04,9.69,10.08,0.025,47.9,1.06,55.0,0.41,2,2.29,-0.158,,-0.1,-0.32,1.18,0.67,-0.03,0.91,-1.01,0.03,-0.57,0.7,0.0,1.03,0.55,-1.01,2026-06-04,11.958473625140286,12.25038593697133,13.908989309423946,12.94612794612795,9.946872036334597,13.455132381547175,10.735129068462413,7.329485430433681,13.5727285982011
32,NOW,IGV,28.8,None,53.6,15.5,52.6,2026-06-04,119.48,34.19,20.16,-0.003,52.2,0.85,50.0,-0.25,2,1.77,-0.598,,-0.61,0.1,1.16,-1.89,-1.13,-0.08,1.65,-0.13,0.32,-1.53,0.13,-0.41,-0.49,1.65,2026-06-04,-13.516234583438202,-5.024434603560955,-11.565718899154541,-20.177867270744187,-9.784467532339924,-19.668862835324962,-17.476298347176776,-6.00633154971224,-14.638698817438089
33,ETSY,XLY,28.0,None,23.9,32.7,9.1,2026-06-04,67.05,3.2,5.41,-0.025,57.0,1.05,45.0,-0.04,3,1.71,-0.111,,-0.25,1.89,0.24,-0.34,-0.63,-2.7,2.11,-0.68,1.02,0.36,-0.34,-0.35,-2.25,2.11,2026-06-04,3.8582323912068173,4.782019920075175,5.8087480754904774,10.512935546582924,10.68400731118818,11.021939982002149,16.674143861223257,19.052041389236265,19.511743390961946
34,DELL,XLK,25.2,None,34.7,18.3,25.8,2026-06-04,421.31,76.76,63.14,-0.003,54.8,0.58,55.0,0.58,4,4.03,-0.498,4 distribution days in 20; extended >3 ATR above 20d avg,-2.16,-0.12,-3.0,-1.35,0.62,0.09,-1.61,-1.16,0.91,-2.74,-0.67,0.97,-0.7,-1.61,2026-06-04,-3.497901752653665,-0.4627749352918875,-1.5473860683700047,1.0417180942976945,-0.23176168921075213,1.5507225297169192,-2.890644285361643,1.242858845276173,-0.053044755622955186
35,OKTA,IGV,25.0,None,46.4,13.5,52.6,2026-06-04,123.46,59.41,45.37,0.033,53.8,0.7,40.0,0.51,4,3.15,-0.68,4 distribution days in 20; extended >3 ATR above 20d avg,0.52,-0.1,-0.8,-2.92,0.77,-2.77,0.54,1.0,0.12,-3.0,-0.9,1.49,-3.0,0.54,2026-06-04,-3.8382846386774694,4.6535153411997765,-1.8877689543938092,-3.560029462312786,6.833370276091477,-3.0510250268935613,1.7145429249529442,13.18450972241748,4.552142454691632
36,MRVL,SMH,22.9,None,17.6,29.8,7.1,2026-06-04,316.25,83.75,69.41,0.005,54.0,0.66,55.0,1.06,1,4.9,-0.178,extended >3 ATR above 20d avg,-2.01,-0.67,-2.29,-0.67,1.5,0.08,-1.09,-1.66,-0.99,-0.69,-0.67,1.79,-1.0,-1.09,2026-06-04,-6.238519854390012,-6.964031761709588,-4.288004170106352,3.7871956717763666,-5.122222761845062,4.296200107195592,-11.117790468556931,-11.849912962731334,-8.280190938818244
37,ESTC,IGV,20.6,None,40.1,10.6,52.6,2026-06-04,65.07,32.5,18.46,0.071,57.7,0.75,55.0,0.51,7,2.32,-0.818,7 distribution days in 20,0.02,1.46,0.95,-3.0,1.38,-0.04,1.26,0.5,1.68,-1.74,-1.35,2.1,-0.46,1.26,2026-06-04,-7.340720221606656,1.1510797582705905,-5.390204537322996,-9.35672514619884,1.0366745922054221,-8.847720710779615,-13.742690058479546,-2.2727232610150097,-10.905090528740859
38,MDB,IGV,19.2,None,23.0,16.1,52.6,2026-06-04,380.04,43.26,29.22,-0.032,51.8,0.62,40.0,0.57,4,1.87,-0.574,4 distribution days in 20,-1.87,-0.97,-3.0,-3.0,1.08,-0.25,2.69,-1.39,-0.75,-3.0,-2.7,1.8,-0.67,2.69,2026-06-04,-5.513343464235232,2.978456515642014,-3.562827779951572,-11.287957556853012,-0.8945578184487495,-10.778953121433787,-16.289423871604136,-4.819457074139599,-13.451824341865448
39,FIVN,IGV,17.4,None,36.5,8.3,52.6,2026-06-04,24.47,11.74,-2.3,0.009,50.9,0.74,45.0,-0.05,4,1.04,-0.948,4 distribution days in 20,-0.5,-0.22,1.4,-2.25,-0.33,0.46,0.82,-0.02,-0.0,-1.29,-0.22,0.39,0.04,0.82,2026-06-04,-14.00247831474597,-5.510678334868723,-12.05196263046231,-19.86782321354813,-9.474423475143869,-19.358818778128907,-11.89591078066915,-0.425943983204613,-9.058311250930462
40,CDW,XLK,15.9,None,21.7,11.7,25.8,2026-06-04,138.82,28.82,15.2,0.042,52.5,1.21,50.0,0.57,4,4.79,-0.762,4 distribution days in 20; extended >3 ATR above 20d avg,-1.01,-0.87,1.21,-2.02,2.02,1.51,0.98,-0.01,0.15,1.85,-1.35,2.37,0.72,0.98,2026-06-04,-6.076097275980419,-3.0409704586186415,-4.125581591696759,-6.696852406339005,-7.9703321898474515,-6.18784797091978,-3.103775651792884,1.0297274788449324,-0.26617612205419583
41,VCYT,XLV,15.0,None,33.8,6.7,56.2,2026-06-04,49.94,21.1,16.53,0.009,49.5,1.1,55.0,0.18,6,2.6,-1.067,6 distribution days in 20,-0.63,-0.99,2.29,0.11,1.49,0.72,0.09,0.92,0.37,0.82,1.12,1.88,0.17,0.09,2026-06-04,-4.105987055016181,-4.553002569084031,-2.1554713707325206,8.333333333333348,10.923393811902892,8.842337768752573,22.067152103559874,17.077670115655575,24.904751633298563
42,ANET,XLK,13.8,None,20.7,9.2,25.8,2026-06-04,166.09,12.88,-0.74,0.044,53.9,1.34,60.0,0.65,4,1.9,-0.896,4 distribution days in 20,-0.06,-0.31,3.0,0.0,0.97,-0.73,-0.7,0.95,0.72,3.0,0.67,1.32,-1.52,-0.7,2026-06-04,-1.9628747021196546,1.0722521152421227,-0.012359017835994468,6.3965884861407085,5.123108702632262,6.905592921559933,-1.1977925498557584,2.935710580782058,1.6398069798829296
43,A,XLV,13.5,None,30.7,5.9,56.2,2026-06-04,138.09,17.57,13.0,0.021,46.4,0.9,45.0,0.03,3,3.52,-1.138,extended >3 ATR above 20d avg,-2.07,-1.63,0.73,-2.36,0.27,0.73,2.31,-0.52,-0.27,-0.74,-1.35,0.65,0.17,2.31,2026-06-04,-6.078872830270898,-6.525888344338748,-4.128357145987238,-7.880020335536342,-5.289959856966798,-7.371015900117117,-1.4307502360374702,-6.420232223941769,1.4068492937012178
44,TKR,XLI,12.7,None,13.0,12.4,14.4,2026-06-04,133.33,12.11,12.5,0.015,52.6,0.91,55.0,0.39,5,2.87,-0.727,5 distribution days in 20,-0.87,0.11,1.11,-0.67,1.31,-0.31,0.97,-0.74,-0.15,0.62,-1.35,2.36,-0.66,0.97,2026-06-04,2.5140291806958315,2.8059414925268755,4.464544864979492,5.9558548447437465,2.956598934950394,6.464859280162971,5.37224092779649,1.9665972897677575,8.209840457535178
45,MU,SMH,10.5,None,7.7,14.3,7.1,2026-06-04,997.02,49.59,35.25,-0.022,53.7,0.99,45.0,0.56,3,2.31,-0.646,,-1.75,0.4,-1.62,-2.02,0.51,-0.53,-3.0,-1.39,0.08,-0.01,-2.02,0.79,-1.61,-3.0,2026-06-04,5.4275880328302994,4.7020761255107235,7.37810371711396,19.86656076250992,10.95714232888849,20.375565197929145,18.903891977760125,18.17176948358572,21.741491507498814
46,TSM,SMH,9.9,None,7.3,13.5,7.1,2026-06-04,443.16,6.04,-8.3,-0.038,51.5,1.08,55.0,-0.01,2,1.96,-0.678,,-1.57,-0.73,-0.81,0.67,-1.41,-0.93,-3.0,-1.22,-1.05,0.8,0.67,-1.12,-2.01,-3.0,2026-06-04,-1.8568692483766913,-2.5823811556962672,0.09364643590696886,7.742794413042464,-1.1666240205789649,8.25179884846169,0.6890269538001537,-0.04309554037424945,3.5266264835388417
47,INGM,XLK,9.2,None,12.9,6.6,25.8,2026-06-04,30.63,14.72,1.1,-0.015,49.7,1.31,30.0,0.48,3,3.55,-1.072,extended >3 ATR above 20d avg,-2.11,-2.0,-0.21,-1.62,0.98,0.68,-0.61,-1.1,-0.97,0.43,-0.94,1.33,-0.11,-0.61,2026-06-04,-4.204993429697767,-1.1698666123359898,-2.254477745414107,-7.3587385019710965,-8.632218285479542,-6.849734066551871,-9.9868593955322,-5.8533562648943835,-7.149259865793512
48,AMAT,SMH,9.0,None,6.6,12.4,7.1,2026-06-04,501.42,17.26,2.92,0.05,54.5,1.24,50.0,0.42,4,2.63,-0.729,4 distribution days in 20,-0.32,0.79,0.44,-3.0,1.26,-0.27,-1.92,0.04,0.47,2.04,-3.0,1.54,-1.35,-1.92,2026-06-04,15.152337228714519,14.426825321394944,17.10285291299818,28.555926544240396,19.646508110618967,29.06493097965962,30.045909849749574,29.313787355575172,32.88350937948826
49,IOT,IGV,8.9,None,20.4,3.9,52.6,2026-06-04,35.27,22.0,7.96,0.016,53.3,0.91,50.0,0.01,5,1.68,-1.35,5 distribution days in 20; heavy selling into close today,-0.18,0.16,2.46,-2.25,-1.0,-0.03,-0.81,0.3,0.38,-0.23,-0.22,-0.28,-0.44,-0.81,2026-06-04,-11.957411957411967,-3.4656119775347207,-10.006896273128307,-13.458913458913468,-3.0655137205092053,-12.949909023494243,-14.987714987714995,-3.517748190250458,-12.150115457976307
50,SNDK,XLK,7.6,None,10.7,5.4,25.8,2026-06-04,1759.65,24.83,11.21,-0.003,51.9,0.98,35.0,0.27,2,1.85,-1.181,,-1.42,-1.44,-0.76,-2.7,-0.76,-0.47,-3.0,-0.42,-0.42,-0.12,-2.02,-0.41,-1.26,-3.0,2026-06-04,12.03421328504717,15.069340102408948,13.98472896933083,29.99446059277613,28.720980809267683,30.503465028195354,24.552082340608017,28.685585471245833,27.389681870346706
51,SNX,XLK,5.7,None,8.1,4.0,25.8,2026-06-04,276.87,18.57,4.95,-0.034,48.8,0.75,45.0,0.18,5,3.48,-1.333,5 distribution days in 20; extended >3 ATR above 20d avg,-1.69,-2.44,-1.27,-1.35,-0.3,-0.62,0.95,-0.68,-1.42,-0.64,-0.67,0.05,-1.42,0.95,2026-06-04,2.127345250406254,5.162472067768031,4.077860934689914,4.797606736593307,3.5241269530848607,5.306611172012532,-2.2381444821982566,1.8953586484395597,0.5994550475404314
52,DGX,XLV,4.8,None,12.0,1.9,56.2,2026-06-04,195.32,3.67,-0.9,0.006,50.6,1.02,40.0,-0.08,1,1.04,-1.721,,-2.11,-1.29,1.52,-3.0,-1.74,-0.51,-1.39,-0.56,0.07,0.05,-2.02,-1.36,-1.07,-1.39,2026-06-04,3.25008900869741,2.80307349462956,5.20060469298107,-1.190173439804687,1.3998870387648576,-0.6811690043854624,6.250953664615233,1.2614716767109346,9.08855319435392
53,BTSG,XLV,3.1,None,5.9,1.6,56.2,2026-06-04,57.42,8.85,4.28,-0.015,53.1,1.74,55.0,-0.27,2,-0.3,-1.806,heavy selling into close today,-3.0,-0.9,3.0,-1.01,-3.0,-0.1,-0.37,-2.01,0.47,2.51,0.0,-2.9,-0.65,-0.37,2026-06-04,11.193372113520184,10.746356599452334,13.143887797803844,16.728362418473488,19.318422897043032,17.237366853892713,21.311475409836067,16.32199342193177,24.149074939574756
54,NBIS,IGV,1.2,None,2.6,0.6,52.6,2026-06-04,259.69,33.19,19.15,-0.04,49.0,0.73,40.0,0.22,3,1.98,-2.318,,-3.0,-3.0,1.09,-3.0,-0.85,-0.21,-3.0,-2.9,-2.93,-1.6,-1.35,-0.13,-0.63,-3.0,2026-06-04,-9.819330794782466,-1.32753081490522,-7.868815110498806,16.27238110670013,26.665780845104393,16.781385542119356,-2.592562586081182,8.877404211383354,0.24503694365750617
55,HQY,XLV,1.2,None,2.8,0.5,56.2,2026-06-04,86.04,3.39,-1.18,-0.012,54.4,1.12,40.0,-0.16,5,0.14,-2.361,5 distribution days in 20,-3.0,-0.45,1.74,-3.0,-2.63,-1.74,-0.15,-1.62,0.91,0.26,-2.7,-2.25,-2.3,-0.15,2026-06-04,1.8781493357764578,1.4311338217086078,3.828665020060118,-2.4736601007787407,0.11640037779080403,-1.964655665359516,1.29981676591846,-3.6896652219858384,4.1374162956571485
1,APH,XLK,93.7,Strong,92.6,94.9,47.2,2026-06-11,75.99,22.29,18.74,0.029,57.8,0.76,60.0,0.02,1,1.8,1.711,,1.49,3.0,-3.0,2.02,0.86,-1.18,0.21,1.36,2.92,-3.0,2.02,0.07,-1.88,0.21,2026-06-11,6.627527723418125,2.2240487014827837,5.586878640600368,6.49706457925634,7.6676788782553125,7.821280361303451,8.701891715590326,8.379152259324263,7.019486418727183
2,AIR,ITA,92.6,Strong,95.4,89.8,80.9,2026-06-11,127.23,18.36,13.86,0.129,63.8,0.89,65.0,0.42,1,3.34,1.337,extended >3 ATR above 20d avg,3.0,2.77,0.92,1.24,0.98,1.26,-2.01,3.0,2.19,-1.13,1.57,1.77,1.98,-2.01,2026-06-11,4.49647259477477,3.4820594750317513,3.4558235119570124,10.91557485076362,10.869080916108743,12.239790632810731,11.279944181719493,5.527376448510158,9.59753888485635
3,BWA,XLY,89.0,Strong,87.0,91.1,55.2,2026-06-11,74.67,12.24,14.26,0.044,55.0,0.75,70.0,-0.18,1,1.38,1.411,,2.01,3.0,-1.4,1.35,-0.98,0.04,0.55,1.19,3.0,-1.21,2.02,-1.47,-0.48,0.55,2026-06-11,-4.403522818254602,-4.557989479200275,-5.444171901072359,-9.380838003736326,-7.321282524460594,-8.056622221689214,-12.263143848412062,-13.292921588049921,-13.945549145275205
4,AMRX,XPH,88.8,Strong,85.1,92.6,52.8,2026-06-11,16.34,31.99,30.68,-0.009,55.5,0.6,40.0,0.58,1,6.25,1.51,extended >3 ATR above 20d avg,0.39,2.67,-3.0,-0.67,3.0,0.95,0.95,-0.42,2.21,-3.0,-0.67,2.48,0.26,0.95,2026-06-11,-1.3998782714546576,-3.3223122400270477,-2.440527354272415,4.99087035909922,-5.03921991171321,6.315086141146331,3.043213633597075,-9.394098302210363,1.3608083367339319
5,WSM,XRT,83.8,Strong,81.0,86.7,71.2,2026-06-11,217.97,27.13,17.29,0.02,50.7,0.64,50.0,-0.03,1,3.28,1.189,extended >3 ATR above 20d avg,1.73,1.28,-3.0,3.0,-0.01,-3.0,-1.01,1.57,0.43,-3.0,2.7,0.11,-2.73,-1.01,2026-06-11,2.150051944532283,3.7968954943950473,1.1094028617145257,7.601969375310547,6.424018780617047,8.926185157357658,0.7543249469262436,0.8343798417112303,-0.9280803499368995
6,LLY,SPY,81.5,Strong,74.5,89.1,,2026-06-11,1158.64,14.41,15.03,0.034,54.3,0.78,50.0,-0.35,2,2.03,1.303,,0.79,3.0,-3.0,0.2,-1.54,0.98,0.68,1.08,3.0,-1.59,0.34,-2.81,-1.23,0.68,2026-06-11,-5.749013607488839,-6.789662690306597,-6.789662690306597,3.5596090533210667,4.883824835368178,4.883824835368178,3.2243645397264764,1.5419592428633333,1.5419592428633333
7,ALAB,SMH,79.6,Strong,69.1,91.6,37.0,2026-06-11,366.94,63.65,57.13,0.072,54.3,0.87,65.0,0.47,2,1.64,1.448,,2.02,2.31,-2.0,2.36,0.35,0.18,-3.0,1.74,1.68,0.21,2.02,-0.4,-0.88,-3.0,2026-06-11,9.830410280718382,1.4333381530763134,8.789761197900624,2.899352188339388,2.641107266882048,4.223567970386499,13.864749565492174,14.39275351318524,12.18234426862903
8,CORT,XBI,79.2,Strong,66.9,93.7,20.8,2026-06-11,83.24,45.8,48.1,0.062,57.3,,70.0,0.21,0,4.62,1.602,extended >3 ATR above 20d avg,1.91,3.0,,1.35,0.6,1.66,-1.91,0.36,2.12,,0.67,-0.04,0.1,-1.91,2026-06-11,-3.5821975636232017,-9.393262674650671,-4.6228466464409586,5.343143167289832,-11.502923825559243,6.667358949336943,10.481244723193829,-10.512357083354917,8.798839426330685
9,ETSY,XLY,77.7,Strong,70.7,85.5,55.2,2026-06-11,69.45,21.01,23.04,0.042,56.7,0.85,60.0,0.12,1,1.74,1.138,,1.49,2.34,-0.44,0.0,0.54,0.92,1.8,0.67,1.2,-0.25,0.67,0.06,0.4,1.8,2026-06-11,5.48101627176707,5.326549610821396,4.440367188949312,11.36168998001712,13.421245459292852,12.68590576206423,7.136739937196679,6.106962197558818,5.454334640333536
10,ARQT,XBI,68.6,Moderate,52.3,89.9,20.8,2026-06-11,24.6,13.42,15.72,0.045,50.4,1.36,60.0,0.28,5,3.19,1.341,5 distribution days in 20; extended >3 ATR above 20d avg,3.0,1.78,0.66,2.02,1.98,3.0,1.47,1.57,-0.6,0.83,1.35,1.34,2.45,1.47,2026-06-11,7.08845208845208,1.2773869774246105,6.047803005634322,10.52416052416052,-6.321906468688555,11.84837630620763,6.87960687960687,-14.113994926941876,5.197201582743727
11,ATI,XLI,68.5,Moderate,68.5,68.6,75.8,2026-06-11,199.51,20.99,20.13,0.078,50.7,0.84,70.0,0.47,1,3.71,0.64,extended >3 ATR above 20d avg,0.62,0.2,-0.5,1.69,1.0,0.65,-0.51,0.64,-0.21,-1.24,1.01,1.47,0.69,-0.51,2026-06-11,0.3990622038210212,-2.359046521624375,-0.641586878996736,-1.566319149997497,-4.729864147713347,-0.2421033679503859,-4.274953858432684,-9.951061670218886,-5.957359155295827
12,CTAS,XLI,65.9,Moderate,65.9,66.0,75.8,2026-06-11,181.4,11.52,10.66,0.007,50.9,0.83,70.0,-0.04,2,1.76,0.581,,-0.01,1.17,-0.47,2.02,-0.39,-0.23,0.48,0.02,0.77,-1.22,1.35,0.07,-0.2,0.48,2026-06-11,-6.1205376817981545,-8.87864640724355,-7.161186764615912,-5.597179374173644,-8.760724371889495,-4.2729635921265325,-2.0328338475099184,-7.70894165929612,-3.7152391443730615
13,CDNS,IGV,65.2,Moderate,77.2,55.1,87.1,2026-06-11,383.67,8.21,5.59,0.041,52.5,0.77,65.0,0.37,3,0.31,0.352,,-0.02,0.73,-1.35,0.67,1.1,-0.12,-1.12,0.72,0.03,-3.0,2.02,0.87,0.35,-1.12,2026-06-11,1.5502859241382838,3.260913890146444,0.5096368413205266,-1.2905933581658924,1.600919719860816,0.03362242388121883,-1.4794606788731013,-6.114710651282329,-3.1618659757362444
14,NTAP,IGV,64.1,Moderate,69.6,59.0,87.1,2026-06-11,160.0,35.28,32.67,0.044,52.2,0.53,65.0,-0.3,3,0.9,0.432,,0.25,-0.27,-3.0,0.0,-2.1,1.13,3.0,0.99,-0.96,-3.0,1.35,-2.33,1.59,3.0,2026-06-11,0.03144258583824833,1.7420705518464086,-1.009206496979509,-4.54030939504465,-1.6487963170179416,-3.216093612997539,2.527983901396036,-2.107266071013192,0.8455786045328928
15,ACMR,SMH,62.1,Moderate,50.4,76.6,37.0,2026-06-11,91.71,41.76,35.23,0.056,52.2,0.77,45.0,0.14,3,1.32,0.842,,1.02,0.58,-3.0,-0.34,0.96,0.87,0.3,0.73,-0.06,-2.07,-0.67,0.21,-0.19,0.3,2026-06-11,18.672288896096887,10.275216768454818,17.63163981327913,13.05005946588822,12.79181454443088,14.37427524793533,6.519623743107372,7.047627690800439,4.837218446244229
16,FLS,XLI,58.3,Moderate,58.3,58.3,75.8,2026-06-11,77.66,17.58,16.72,0.045,54.1,0.96,65.0,0.17,0,2.08,0.418,,1.01,1.28,2.3,2.7,0.66,-0.49,-1.41,1.03,0.87,1.55,2.02,1.13,-0.45,-1.41,2026-06-11,3.1107160995428984,0.3526073740975022,2.070067016725141,-8.138649060436787,-11.302194058152637,-6.814433278389676,-5.396140172676489,-11.072247984462692,-7.078545469539632
17,ESTC,IGV,58.1,Moderate,74.3,45.4,87.1,2026-06-11,60.21,24.04,21.42,0.079,55.6,0.6,65.0,0.78,5,0.38,0.157,5 distribution days in 20,0.18,1.65,-0.13,-1.35,3.0,0.4,0.73,0.93,0.95,-2.35,0.0,3.0,0.86,0.73,2026-06-11,-2.1919628030554583,-0.48133483704729807,-3.2326118858732156,-6.9246097641979425,-4.033096686171234,-5.600393982150831,-2.756559282630344,-7.391809255039572,-4.438964579493487
18,INGM,XLK,57.3,Moderate,44.9,73.0,47.2,2026-06-11,29.16,13.15,9.61,0.062,53.5,0.99,45.0,0.53,1,1.06,0.746,,0.15,-0.13,-2.5,-0.13,2.15,1.46,-0.49,0.01,-0.26,-0.17,-0.13,1.37,0.75,-0.49,2026-06-11,-3.9836567926455624,-8.387135814580905,-5.02430587546332,-6.707524685052779,-5.5369103860538065,-5.383308903005668,-10.827374872318696,-11.15011432858476,-12.50978016918184
19,CDW,XLK,53.4,Weak,48.5,58.9,47.2,2026-06-11,128.61,29.49,25.94,0.032,49.2,0.77,55.0,0.18,1,1.39,0.431,,-0.14,-0.45,-3.0,-0.67,1.22,-0.0,0.42,-0.28,-0.58,-3.0,-0.67,0.43,-0.71,0.42,2026-06-11,-0.5913476501711812,-4.994826672106523,-1.6319967329889384,3.236850295673821,4.407464594672794,4.561066077720932,3.9293495175847903,3.606610061318727,2.2469442207216472
20,CVLT,IGV,52.9,Weak,69.3,40.4,87.1,2026-06-11,126.88,27.12,24.5,0.084,55.2,0.89,55.0,0.34,3,2.35,0.056,,0.34,2.08,1.01,-1.01,1.39,-1.16,-0.09,1.08,1.38,-1.21,0.34,1.16,-0.69,-0.09,2026-06-11,3.376231331426749,5.086859297434909,2.3355822486089917,11.066094693358753,13.957607771385462,12.390310475405865,19.240546552272008,14.605296579862781,17.558141255408863
21,AXTA,XLB,52.1,Weak,43.1,63.0,57.5,2026-06-11,32.69,17.08,18.69,-0.013,50.8,0.87,60.0,-0.38,3,2.18,0.515,,1.0,1.67,0.87,2.02,-0.36,-0.99,1.58,-0.07,0.51,0.3,2.02,-0.54,-1.14,1.58,2026-06-11,3.127779424844346,3.127779424844346,2.0871303420265885,2.2828342721612938,2.302300886916986,3.607050054208405,3.7948413874888898,3.113509871039599,2.1124360906257467
22,TKR,XLI,48.9,Weak,48.9,49.0,75.8,2026-06-11,137.01,19.08,18.22,0.041,54.8,0.79,55.0,0.27,4,2.59,0.23,4 distribution days in 20,0.22,0.81,-0.78,0.0,1.17,0.13,0.77,0.25,0.41,-1.53,-0.67,1.63,0.16,0.77,2026-06-11,2.3489447817288234,-0.40916394371657283,1.3082956989110661,1.7851980341138995,-1.3783469636019507,3.1094138161610108,2.5946805435096643,-3.0814272682765376,0.9122752466465212
23,SNX,XLK,46.6,Weak,35.0,62.1,47.2,2026-06-11,276.52,19.56,16.01,0.042,51.4,0.7,60.0,0.16,3,2.05,0.497,,0.19,-0.1,-3.0,0.22,0.79,-0.04,0.27,0.05,-0.22,-0.92,0.22,0.01,-0.74,0.27,2026-06-11,0.5884646743947064,-3.815014347540635,-0.45218440842305085,-6.164699209472147,-4.994084910473173,-4.840483427425036,-15.49859973767237,-15.821339193938433,-17.181005034535513
24,KLAC,SMH,46.5,Weak,32.9,65.6,37.0,2026-06-11,240.75,30.47,23.94,0.042,51.6,1.04,60.0,0.29,1,3.0,0.573,extended >3 ATR above 20d avg,0.41,-0.21,-3.0,0.67,0.97,-0.04,-2.61,0.13,-0.85,-1.5,0.34,0.22,-1.11,-2.61,2026-06-11,8.58725761772854,0.19018549008647057,7.546608534910782,3.869722152270638,3.611477230813298,5.193937934317749,-2.1531100478468845,-1.625106100153817,-3.8355153447100276
25,MNST,XLP,43.9,Weak,30.4,63.3,33.1,2026-06-11,46.01,7.1,6.45,-0.022,46.7,0.86,45.0,-0.06,0,2.04,0.523,,0.4,-0.57,-3.0,-0.0,1.76,-0.74,-0.77,-0.69,-0.67,-2.85,-0.67,0.02,-2.04,-0.77,2026-06-11,-1.4667817083692802,1.1067477033954165,-2.5074307911870375,3.71009490940466,3.9235673951731553,5.034310691451771,5.047454702329612,5.984361723202469,3.3650494054664692
26,ECL,XLB,40.6,Weak,32.0,51.5,57.5,2026-06-11,262.23,5.61,7.22,-0.03,50.1,0.89,50.0,-0.11,3,1.29,0.279,,0.11,1.37,-1.24,0.0,-0.29,-0.25,-0.48,-0.97,0.21,-1.81,0.0,-0.47,-0.4,-0.48,2026-06-11,0.8187178427911501,0.8187178427911501,-0.22193124002660714,6.200473203890788,6.2199398186464805,7.5246889859379,6.3056296240658005,5.62429810761651,4.623224327202657
27,DELL,XLK,40.4,Weak,35.1,46.5,47.2,2026-06-11,390.93,60.56,57.01,0.024,52.7,0.61,60.0,0.27,4,1.42,0.179,4 distribution days in 20,-0.26,-0.03,-3.0,0.0,0.53,0.61,-1.27,-0.4,-0.15,-2.84,0.0,-0.26,-0.09,-1.27,2026-06-11,6.493911957539811,2.0904329356044693,5.4532628747220535,2.349359975023413,3.519974274022386,3.673575757070524,6.902383182433125,6.5796437261670615,5.219977885569982
28,VCYT,XLV,40.4,Weak,40.7,40.2,74.6,2026-06-11,47.41,23.92,18.91,-0.008,47.2,0.81,55.0,-0.14,2,0.74,0.051,,0.39,0.05,0.59,0.34,0.07,-0.47,0.78,0.45,-0.45,-0.42,0.67,-0.51,-0.97,0.78,2026-06-11,12.734161229214912,16.231393401145887,11.693512146397154,27.02588928646601,23.01416672052659,28.350105068513123,22.079562197432125,16.92814572071444,20.39715690056898
29,PDFS,IGV,38.1,None,47.7,30.4,87.1,2026-06-11,63.88,23.8,21.18,0.102,56.8,1.79,75.0,0.58,4,3.11,-0.164,4 distribution days in 20; extended >3 ATR above 20d avg,1.03,1.58,3.0,-0.22,1.09,-1.47,2.62,1.77,0.89,2.18,1.12,0.87,-1.0,2.62,2026-06-11,2.479987443101561,4.190615409109721,1.439338360283804,-1.2242975984931737,1.6672154795335348,0.09991818355393756,-10.971590017265742,-15.60683998967497,-12.653995314128885
30,LRCX,SMH,37.9,None,24.4,58.9,37.0,2026-06-11,361.48,22.57,16.04,0.017,53.5,0.96,55.0,0.06,2,2.18,0.43,,-0.1,0.55,-3.0,0.34,0.27,-0.53,-2.98,-0.38,-0.09,-1.1,0.0,-0.47,-1.59,-2.98,2026-06-11,8.506235669146033,0.10916354150396401,7.465586586328276,5.768693026117111,5.510448104659771,7.092908808164222,-2.256585202169903,-1.7285812544768353,-3.938990499033046
31,SNDK,XLK,37.0,None,26.0,52.7,47.2,2026-06-11,1880.92,29.97,26.42,0.008,53.8,0.92,40.0,-0.1,1,1.93,0.305,,0.03,0.64,-3.0,-1.12,-0.33,0.35,-2.75,-0.11,0.51,-0.8,-1.12,-1.11,-0.36,-2.75,2026-06-11,15.413753715004908,11.010274693069567,14.37310463218715,10.581814720409511,11.752429019408485,11.906030502456623,-7.821341315085306,-8.14408077135137,-9.503746611948449
32,CRDO,SMH,35.3,None,23.2,53.8,37.0,2026-06-11,264.7,39.79,33.27,0.013,53.1,0.86,60.0,-0.15,4,1.99,0.326,4 distribution days in 20,0.14,0.44,-3.0,0.34,-0.18,0.16,-0.66,-0.14,-0.2,-1.53,0.0,-0.93,-0.9,-0.66,2026-06-11,0.48144581882823,-7.915626308813839,-0.5592032639895272,-10.628842307977182,-10.887087229434522,-9.304626525930072,-1.7480186652840457,-1.2200147175909781,-3.430423962147189
33,OKTA,IGV,29.6,None,44.4,19.8,87.1,2026-06-11,117.5,50.26,47.64,0.031,53.6,0.71,45.0,0.42,4,1.29,-0.448,4 distribution days in 20,0.08,0.81,-0.3,-1.69,1.25,-3.0,0.71,0.82,0.11,-2.51,-0.34,1.02,-2.68,0.71,2026-06-11,-0.008485362749244274,1.702142603258916,-1.0491344455670015,5.460330929147217,8.351844007173925,6.784546711194328,26.1349172677132,21.499667295303972,24.452511970850054
34,ROST,XRT,27.7,None,25.9,29.6,71.2,2026-06-11,238.56,13.1,3.26,0.038,55.6,0.96,60.0,0.05,5,1.88,-0.183,5 distribution days in 20,0.02,1.86,0.29,-0.0,0.09,-0.74,-0.17,-0.14,1.01,-0.59,-0.67,0.21,-0.17,-0.17,2026-06-11,-3.66915422885572,-2.0223106789929557,-4.709803311673477,-11.799336650082914,-12.977287244776413,-10.475120868035802,-12.520729684908783,-12.440674790123797,-14.203134981771926
35,VSH,SMH,25.7,None,14.5,45.4,37.0,2026-06-11,58.28,52.13,45.6,0.087,51.5,0.86,75.0,-0.3,7,1.2,0.157,7 distribution days in 20,1.1,0.13,-2.55,1.91,-1.66,0.56,0.99,0.82,-0.5,-0.34,1.57,-2.41,-0.5,0.99,2026-06-11,14.283188969418426,5.8861168417763565,13.242539886600667,-0.7424429909846264,-1.0006879124419665,0.5817727910624848,-18.6671380590419,-18.13913411134883,-20.34954335590504
36,CDNA,XLV,22.5,None,22.6,22.5,74.6,2026-06-11,23.65,14.75,9.75,-0.046,47.5,0.65,45.0,0.13,2,1.58,-0.367,,-2.53,-0.75,-2.05,-1.01,0.7,-0.31,1.3,-2.48,-1.24,-3.0,-0.67,0.11,-0.82,1.3,2026-06-11,10.922226944326386,14.41945911625736,9.881577861508628,22.226944326391852,18.21522176045243,23.551160108438964,23.56566085847853,18.414244381760845,21.883255561615385
37,A,XLV,21.9,None,22.1,21.7,74.6,2026-06-11,129.32,14.94,9.94,0.004,45.2,0.66,45.0,-0.25,1,0.8,-0.392,,-1.17,-0.08,-1.14,-1.69,-1.58,0.93,-0.17,-1.11,-0.57,-2.15,-1.35,-2.16,0.43,-0.17,2026-06-11,-2.4907749077490826,1.0064572641818925,-3.53142399056684,4.335793357933571,0.32407079199414657,5.660009139980682,0.43819188191880354,-4.713224594798882,-1.2442134149443396
38,MU,SMH,14.8,None,7.6,28.8,37.0,2026-06-11,995.5,23.96,17.44,-0.013,53.5,1.08,40.0,0.53,3,1.31,-0.202,,-0.84,0.56,-1.6,-2.36,1.43,1.19,-3.0,-1.13,-0.08,0.6,-2.7,0.69,0.12,-3.0,2026-06-11,16.494781695794458,8.09770956815239,15.4541326129767,15.559192243562038,15.300947322104697,16.88340802560915,1.3102369336544406,1.8382408813475082,-0.3721683632087025
39,DGX,XLV,14.3,None,14.4,14.2,74.6,2026-06-11,203.0,6.79,1.78,-0.013,50.0,1.1,45.0,-0.06,1,2.0,-0.651,,-1.01,0.31,1.25,-1.69,-0.56,0.52,-0.74,-0.96,-0.19,0.24,-1.35,-1.14,0.01,-0.74,2026-06-11,-5.09526135808499,-1.5980291861540148,-6.135910440902747,2.051783097215454,-1.9599394687239702,3.375998879262565,3.898387884709331,-1.253028592008354,2.215982587846188
40,AMAT,SMH,13.4,None,6.8,26.4,37.0,2026-06-11,551.81,26.72,20.19,0.056,54.8,1.29,60.0,0.22,5,2.8,-0.262,5 distribution days in 20,0.46,1.24,0.61,-0.34,1.18,-0.79,-0.9,0.17,0.61,2.81,-0.67,0.44,-1.85,-0.9,2026-06-11,12.409904567268203,4.012832439626134,11.369255484450445,13.712752951480756,13.454508030023415,15.036968733527868,8.123642866266433,8.6516468139595,6.44123756940329
41,GTES,XLI,9.4,None,9.4,9.4,75.8,2026-06-11,26.85,5.88,5.02,-0.054,49.6,0.92,40.0,0.14,3,1.53,-0.882,,-1.1,-0.67,0.77,-0.0,0.39,-1.91,-1.24,-1.07,-1.08,0.02,-0.67,0.86,-1.87,-1.24,2026-06-11,3.574060427413417,0.8159517019680207,2.5334113445956596,5.969049373618285,2.8055043759024345,7.293265155665396,0.03684598378776993,-5.639261827998432,-1.6455593130753732
42,EXEL,XBI,9.1,None,3.3,25.0,20.8,2026-06-11,53.48,4.24,6.54,-0.077,47.4,0.9,35.0,-0.04,1,1.64,-0.298,,-1.63,0.58,-0.44,-0.67,0.19,0.13,-1.41,-3.0,-1.8,-0.27,-1.35,-0.45,-1.43,-1.41,2026-06-11,-2.9532710280373853,-8.764336139064854,-3.9939201108551425,2.4112149532710347,-14.43485203957804,3.735430735318146,3.77570093457944,-17.217900871969306,2.093295637716297
43,WAT,XLV,8.0,None,8.1,8.0,74.6,2026-06-11,359.73,7.47,2.46,-0.078,47.6,0.87,30.0,-0.11,1,0.31,-0.969,,-1.79,0.07,0.55,-3.0,0.1,-0.1,-1.27,-1.74,-0.43,-0.46,-2.7,-0.49,-0.61,-1.27,2026-06-11,-1.203379467511534,2.2938527044194412,-2.244028550329291,3.951975987993994,-0.05974657794542981,5.276191770041105,5.330442999277429,0.17902652255974427,3.6480377024142863
44,MRVL,SMH,1.8,None,0.9,3.8,37.0,2026-06-11,280.75,57.8,51.27,-0.024,54.7,1.04,50.0,0.33,4,1.59,-1.365,4 distribution days in 20,-3.0,0.05,0.4,-1.69,0.64,-1.19,-1.33,-3.0,-0.58,2.6,-2.02,-0.1,-2.25,-1.33,2026-06-11,15.100000000000001,6.702927872357932,14.059350917182243,-1.4296296296296362,-1.6878745510869764,-0.10541384758252503,-7.692592592592595,-7.164588644899528,-9.374997889455738
45,DOCN,IGV,1.7,None,2.8,1.0,87.1,2026-06-11,174.68,9.75,7.13,0.006,48.7,1.09,40.0,0.77,3,0.84,-2.065,,-2.05,-1.57,2.99,-3.0,0.73,-1.09,-3.0,-1.3,-2.27,0.78,-2.02,0.51,-0.62,-3.0,2026-06-11,-2.2690163842125965,-0.5583884182044363,-3.309665467030354,-21.56973143404087,-18.678218356014163,-20.24551565199376,-26.0514610663814,-30.686711038790627,-27.733866363244545
1,AMRX,XPH,98.5,Strong,98.1,98.9,69.5,2026-06-18,16.2,32.68,26.01,0.071,61.0,0.73,60.0,0.39,1,3.44,2.52,extended >3 ATR above 20d avg,3.0,3.0,-3.0,2.02,2.76,0.95,1.41,2.17,3.0,-3.0,2.02,1.69,0.71,1.41,2026-06-18,6.219211822660098,0.006528266100480629,8.701143733787898,4.248768472906406,-4.2876201022105995,3.7593545628244573,5.818965517241392,-2.055812601203,5.624540813236245
2,ARQT,XBI,96.5,Strong,96.0,97.0,84.5,2026-06-18,26.15,27.88,20.99,0.093,55.3,,65.0,0.21,1,3.05,1.988,extended >3 ATR above 20d avg,3.0,0.97,,3.0,2.08,1.05,1.06,3.0,1.06,,2.7,1.16,1.07,1.06,2026-06-18,2.157456472369401,-6.129951968509562,4.6393883834972005,-1.2112036336109022,-13.342351174594514,-1.7006175436928506,2.725208175624516,-5.631959595564883,2.530783471619369
3,AIR,ITA,91.9,Strong,96.0,87.9,92.2,2026-06-18,134.79,25.49,18.37,0.102,63.5,0.8,65.0,0.2,0,3.24,1.244,extended >3 ATR above 20d avg,1.99,2.43,-0.2,1.12,1.33,0.94,-1.77,3.0,2.34,-2.11,1.8,0.98,1.1,-1.77,2026-06-18,6.371747211895906,7.1264641930279815,8.853679123023706,6.721189591078058,1.8155292137195689,6.23177568099611,-2.5724907063197078,-0.9708135574727494,-2.766915410324855
4,APH,XLK,89.2,Strong,84.3,94.3,52.2,2026-06-18,81.73,33.33,25.31,0.028,56.1,0.7,60.0,-0.23,0,2.44,1.657,,1.6,1.82,-3.0,1.57,3.0,-1.14,0.34,1.37,1.84,-3.0,1.57,-0.51,-2.64,0.34,2026-06-18,-1.5675871216688897,4.689871499199683,0.9143447894589096,0.4702761365006358,5.311245368068107,-0.019137773581312523,-6.1015314120342445,-0.04123981238708385,-6.295956116039392
5,TKR,XLI,77.4,Strong,71.5,83.8,77.4,2026-06-18,141.61,21.17,15.2,0.06,54.2,0.77,60.0,-0.11,2,2.09,1.073,,0.71,0.94,-2.39,0.45,1.24,0.78,0.87,0.85,0.53,-2.29,0.0,-0.47,0.32,0.87,2026-06-18,-0.4031117397453987,-0.6083366551594582,2.0788201713824006,0.38896746817538297,-2.2567699548652786,-0.10044644190656538,-2.425742574257428,-2.2038778008368287,-2.620167278262575
6,VCYT,XLV,76.0,Strong,66.0,87.6,52.6,2026-06-18,53.56,18.63,17.08,0.035,50.0,0.79,65.0,-0.06,1,2.19,1.229,,2.02,2.95,0.84,1.01,1.22,-0.24,1.37,0.96,0.47,-0.52,1.35,-0.24,-0.58,1.37,2026-06-18,12.341772151898734,4.980922461121629,14.823704063026533,7.967237527922566,-0.5700036659467722,7.477823617840618,7.036485480268051,-1.0301991123643726,6.842060776262904
7,PH,XLI,75.8,Strong,69.6,82.6,77.4,2026-06-18,950.84,10.87,4.91,0.028,54.5,1.24,55.0,-0.19,2,2.84,1.027,,1.31,2.38,0.57,1.12,0.77,1.33,-0.49,1.46,1.98,0.67,0.67,-0.94,0.87,-0.49,2026-06-18,1.3598019054014365,1.154576989987377,3.841733816529236,1.75221387501574,-0.8935235480249215,1.2627999649337918,-0.3493935451378771,-0.12752877171727794,-0.5438182491430243
8,CDNA,XLV,74.0,Strong,63.4,86.4,52.6,2026-06-18,26.1,23.52,21.98,0.013,48.1,0.66,50.0,0.16,2,2.47,1.173,,2.06,1.38,-0.86,-0.34,1.73,0.4,2.24,1.01,-1.1,-2.22,0.0,0.27,0.05,2.24,2026-06-18,9.645444147922234,2.284594457145129,12.127376059050032,10.846359130766302,2.309117936896964,10.356945220684354,9.683568433091882,1.616883840459458,9.489143729086734
9,EMR,XLI,74.0,Strong,67.5,81.1,77.4,2026-06-18,150.21,13.46,7.5,0.049,55.3,0.88,45.0,-0.29,1,1.99,0.979,,2.01,2.89,-0.11,1.12,0.6,-0.95,-3.0,2.16,2.48,-0.01,0.67,-1.11,-1.42,-3.0,2026-06-18,-4.8199187803741435,-5.025143695788203,-2.337986869246344,-6.064842553758076,-8.710579976798737,-6.554256463840025,-10.145795885759945,-9.923931112339346,-10.340220589765092
10,CVLT,IGV,72.2,Strong,69.6,74.8,71.3,2026-06-18,130.13,24.56,29.01,0.094,55.0,0.87,60.0,0.08,4,1.82,0.794,4 distribution days in 20,1.03,3.0,0.61,0.67,1.74,-0.23,1.61,1.24,1.68,-1.29,0.67,-0.06,-0.48,1.61,2026-06-18,7.546153846153847,7.761622206326235,10.028085757281646,15.46153846153846,7.942826735523489,14.972124551456512,14.346153846153854,9.174913202016867,14.151729142148707
11,PDFS,IGV,69.7,Moderate,66.0,73.6,71.3,2026-06-18,65.29,45.9,50.35,0.07,57.2,0.73,65.0,-0.17,1,2.18,0.763,,0.42,2.66,-0.72,0.0,0.59,-1.22,1.04,0.64,1.09,-2.62,0.0,-1.22,-1.47,1.04,2026-06-18,-5.396873120865897,-5.181404760693509,-2.914941209738098,-14.732411304870707,-22.25112303088568,-15.221825214952656,-20.677991581479247,-25.849232225616234,-20.872416285484395
12,BTSG,XLV,69.3,Moderate,55.8,86.1,52.6,2026-06-18,66.22,13.0,11.46,0.051,55.2,2.07,70.0,0.28,2,2.36,1.161,,2.42,3.0,3.0,0.67,2.39,1.55,0.35,1.37,0.91,3.0,1.01,0.93,1.21,0.35,2026-06-18,2.2585438335809727,-5.102305857196132,4.740475744708772,4.858841010401194,-3.6784001834681446,4.369427100319245,3.4323922734026846,-4.634292319229739,3.2379675693975374
13,ECL,XLB,65.7,Moderate,60.0,72.0,76.4,2026-06-18,268.45,8.53,4.37,-0.047,50.9,0.69,45.0,-0.13,0,1.35,0.721,,-1.12,1.52,-3.0,-0.34,0.82,0.38,1.02,-1.03,0.56,-3.0,0.0,-0.51,0.38,1.02,2026-06-18,5.9259814204375205,5.121270919946852,8.40791333156532,6.030866047347927,4.519580473255691,5.541452137265979,1.5695235241234728,2.747148646792763,1.3750988201183256
14,ALAB,SMH,60.5,Moderate,42.0,87.2,40.6,2026-06-18,417.07,45.03,28.27,0.057,55.1,1.04,65.0,-0.61,2,1.86,1.21,,1.79,2.43,-0.84,2.02,1.95,-1.15,-3.0,1.2,2.04,1.43,2.02,-1.46,-2.91,-3.0,2026-06-18,-8.190597025445834,0.8830889123921484,-5.708665114318035,1.5930076830901418,11.379759281147862,1.1035937730081935,-15.035478489697141,-2.366628867487675,-15.229903193702288
15,FLS,XLI,60.1,Moderate,52.1,69.3,77.4,2026-06-18,81.21,19.64,13.67,0.025,53.0,0.93,60.0,-0.1,0,2.11,0.656,,0.84,1.29,0.97,1.57,1.51,-0.03,-0.18,0.99,0.89,1.07,1.12,-0.2,-0.5,-0.18,2026-06-18,-11.379225869671739,-11.5844507850858,-8.89729395854394,-8.733463988241052,-11.379201411281713,-9.222877898323,-16.46251837334639,-16.240653599925793,-16.65694307735154
16,SNX,XLK,53.7,Weak,37.5,76.9,52.2,2026-06-18,283.75,23.23,15.22,0.059,49.7,0.69,65.0,0.05,2,1.63,0.851,,0.42,-0.81,-2.8,0.45,3.0,1.19,-0.58,0.19,-0.79,-1.06,0.45,-0.52,-0.32,-0.58,2026-06-18,-6.772796111717683,-0.5153374908491104,-4.290864200589883,-16.04620857253548,-11.20523934096801,-16.535622482617427,-11.657802979607645,-5.597511379960484,-11.852227683612792
17,SNDK,XLK,52.3,Weak,35.5,77.0,52.2,2026-06-18,2182.45,56.71,48.7,0.02,55.5,0.92,45.0,-0.41,1,2.5,0.854,,0.37,1.25,-2.33,-0.67,2.14,1.32,-2.17,0.15,1.27,-0.6,-0.67,-1.81,-0.18,-2.17,2026-06-18,-8.818457124293877,-2.5609985034253047,-6.336525213166078,-23.992997037040276,-19.152027805472805,-24.482410947122226,-27.04098651951433,-20.98069491986717,-27.235411223519478
18,ATRO,ITA,52.1,Weak,60.4,45.0,92.2,2026-06-18,80.55,14.29,7.17,0.053,48.3,0.67,65.0,-0.07,2,1.69,0.15,,-0.12,-1.5,-2.76,0.67,-0.43,-0.4,0.24,0.89,-1.58,-3.0,1.35,-0.78,-0.24,0.24,2026-06-18,3.631216149679961,4.385933130812036,6.11314806080776,-11.601427868045299,-16.50708824540379,-12.090841778127247,-11.342934515017223,-9.741257366170265,-11.53735921902237
19,MNST,XLP,47.4,Weak,29.4,76.3,38.9,2026-06-18,45.68,5.16,7.78,-0.046,46.6,0.86,40.0,0.07,0,0.92,0.835,,0.15,0.87,-3.0,-0.07,1.31,0.25,-0.5,-1.43,-0.72,-1.91,-1.01,0.89,0.28,-0.5,2026-06-18,4.88656195462478,2.426747049607747,7.368493865752579,6.239092495636989,4.5220929827290535,5.74967858555504,5.890052356020936,3.5641877676137357,5.695627652015789
20,ATI,XLI,44.4,Weak,36.4,54.2,77.4,2026-06-18,201.27,30.92,24.95,0.113,52.7,1.25,70.0,0.21,3,2.41,0.335,,0.92,0.47,2.07,1.46,2.39,1.2,-0.75,1.07,0.06,2.17,1.01,0.68,0.73,-0.75,2026-06-18,-2.5434610825760484,-2.748685997990108,-0.0615291714482491,-5.225207427894107,-7.870944850934769,-5.714621337976055,-9.270051363097586,-9.048186589676988,-9.464476067102733
21,VSH,SMH,37.1,None,24.3,56.7,40.6,2026-06-18,64.65,61.75,44.99,0.077,49.8,0.8,75.0,-1.03,4,1.17,0.384,4 distribution days in 20,1.25,-0.99,-3.0,2.02,-2.38,0.64,0.27,0.66,-1.38,-1.51,2.02,-3.0,-1.12,0.27,2026-06-18,-17.7168815943728,-8.643195656534818,-15.234949683245002,-32.576201641266124,-22.789450043208404,-33.065615551348074,-38.74560375146542,-26.076754129255953,-38.94002845547057
22,AXTA,XLB,33.0,None,25.5,42.8,76.4,2026-06-18,34.78,21.03,16.88,-0.027,48.2,0.84,50.0,-0.61,3,2.55,0.105,,-0.39,0.57,-0.41,1.01,0.16,-0.99,1.4,-0.29,-0.38,0.32,1.35,-1.18,-0.99,1.4,2026-06-18,-1.1461318051575908,-1.9508423056482593,1.3358001059702085,0.3151862464183308,-1.1960993276739051,-0.17422766366361753,-8.080229226361036,-6.902604103691745,-8.274653930366183
23,ONTO,SMH,31.2,None,20.5,47.5,40.6,2026-06-18,333.67,26.92,10.16,0.023,48.9,0.8,55.0,-0.67,1,2.16,0.2,,0.34,-2.0,-3.0,0.0,-0.71,0.13,1.69,-0.25,-2.39,-3.0,0.0,-3.0,-1.64,1.69,2026-06-18,-6.533910533910525,2.5397754039274574,-4.051978622782726,-12.331890331890339,-2.5451387338326192,-12.821304241972287,-12.141414141414142,0.5274354807953241,-12.335838845419289
24,KLAC,SMH,30.5,None,15.2,61.1,40.6,2026-06-18,258.72,41.66,24.9,0.032,51.3,1.09,60.0,-0.29,2,2.49,0.476,,0.38,-0.78,-3.0,0.13,1.48,0.71,-3.0,-0.21,-1.17,-0.95,0.13,-1.93,-1.05,-3.0,2026-06-18,-6.8503462812405935,2.223339656597389,-4.368414370112794,-12.25158084914183,-2.46482925108411,-12.740994759223778,-16.459650707618188,-3.790801085408722,-16.654075411623335
25,ETSY,XLY,29.4,None,27.0,32.1,84.1,2026-06-18,73.9,21.39,22.02,0.019,49.8,0.85,50.0,-0.18,2,2.14,-0.124,,0.53,-0.29,-0.59,-0.67,-0.59,-2.02,1.59,0.18,-0.99,-0.3,0.0,-0.94,-1.25,1.59,2026-06-18,6.468340611353707,7.859389514066684,8.950272522481505,2.429039301310043,0.7096682973356083,1.9396253912280947,9.873089519650646,9.847169353761576,9.678664815645499
26,CRDO,SMH,26.4,None,12.3,56.5,40.6,2026-06-18,271.32,48.41,31.65,0.009,52.5,0.91,55.0,-0.75,3,1.41,0.38,,0.29,0.01,-3.0,-0.67,1.47,-0.54,-0.5,-0.3,-0.38,-0.78,-0.67,-1.94,-2.3,-0.5,2026-06-18,-17.00942293142581,-7.9357369935878275,-14.527491020298012,-8.762638420799219,1.024113177258501,-9.252052330881167,-18.649838365774794,-5.980988743565328,-18.84426306977994
27,WSM,XRT,26.1,None,13.5,50.3,37.3,2026-06-18,226.15,25.81,19.13,-0.041,46.9,0.88,40.0,-0.49,1,2.28,0.256,,0.27,1.02,0.3,2.02,-0.23,-2.31,0.11,-1.24,-0.83,-1.09,0.0,-1.82,-2.39,0.11,2026-06-18,6.839485132529033,3.799652847413726,9.321417043656833,0.04036417455264285,-1.7183127413569865,-0.4490497355293055,-3.143920706821546,-4.844363287767273,-3.338345410826693
28,AMAT,SMH,24.1,None,14.4,40.3,40.6,2026-06-18,616.04,44.75,27.99,0.055,56.6,,60.0,-0.73,3,2.89,0.054,,0.74,1.88,,-0.67,-1.04,-1.35,-0.47,0.15,1.49,,-0.67,-3.0,-3.0,-0.47,2026-06-18,-0.3788665973942895,8.694819340443694,2.10306531373351,-5.275357685236992,4.511393912820727,-5.7647715953189405,-8.16081847973782,4.508031142471646,-8.355243183742967
29,CORT,XBI,23.4,None,20.8,26.4,84.5,2026-06-18,79.94,35.31,28.42,0.041,53.2,,65.0,-0.37,0,1.82,-0.262,,-0.1,0.12,,1.35,-0.7,-1.91,-2.34,0.11,0.21,,0.67,-1.63,-1.9,-2.34,2026-06-18,8.228004956629498,-0.059403484249465066,10.709936867757296,13.506815365551406,1.3756678245677936,13.017401455469457,6.356877323420074,-2.0002904477693253,6.1624526194149265
30,EXPE,XLY,15.8,None,14.2,17.5,84.1,2026-06-18,240.36,10.85,11.49,0.012,50.0,0.96,65.0,-0.15,1,1.52,-0.524,,-0.23,-0.47,-0.19,-0.34,-0.37,-1.69,-2.33,-0.57,-1.18,0.1,0.34,-0.72,-0.92,-2.33,2026-06-18,9.605983370241923,10.9970322729549,12.087915281369721,11.298207495926116,9.57883649195168,10.808793585844167,10.83441273555341,10.80849256966434,10.639988031548263
31,LRCX,SMH,13.3,None,5.9,29.9,40.6,2026-06-18,388.04,33.1,16.33,-0.02,52.5,0.99,50.0,-0.84,3,1.97,-0.176,,-0.53,-0.04,-3.0,-0.67,-0.93,-0.73,-2.16,-1.12,-0.43,-0.88,-0.67,-3.0,-2.49,-2.16,2026-06-18,-5.162471166382499,3.9112147714554837,-2.6805392552546996,-12.358339183632527,-2.5715875855748074,-12.847753093714475,-17.407983151138286,-4.73913352892882,-17.602407855143433
32,GTES,XLI,11.3,None,8.2,15.5,77.4,2026-06-18,28.11,16.21,10.24,-0.021,50.5,1.07,40.0,-0.19,3,1.98,-0.597,,-0.58,-0.38,0.83,-0.22,0.71,0.37,-3.0,-0.44,-0.79,0.93,-0.67,-1.01,-0.09,-3.0,2026-06-18,2.8612303290414864,2.656005413627427,5.343162240169286,-2.896995708154515,-5.542733131195177,-3.3864096182364634,-6.115879828326188,-5.894015054905589,-6.310304532331335
33,CART,XLY,7.5,None,6.7,8.4,84.1,2026-06-18,44.57,7.92,8.56,-0.029,47.9,0.67,40.0,-0.02,0,1.44,-0.944,,-1.93,-0.96,-1.4,-2.7,0.32,-1.96,-0.18,-2.28,-1.66,-1.11,-2.02,-0.02,-1.19,-0.18,2026-06-18,7.427536231884058,8.818585134597035,9.909468143011857,7.201086956521752,5.481715952547317,6.711673046439803,9.30706521739133,9.281145051502259,9.112640513386182
34,EXEL,XBI,3.4,None,2.9,4.0,84.5,2026-06-18,51.92,3.96,-2.92,-0.078,46.8,0.86,40.0,-0.15,1,0.24,-1.335,,-3.0,-2.63,-0.29,0.0,0.21,-0.68,-2.6,-3.0,-2.54,-0.32,-0.67,-0.72,-0.67,-2.6,2026-06-18,5.264169068203661,-3.0232393726753015,7.746100979331461,6.666666666666687,-5.464480874316925,6.177252756584739,7.72334293948127,-0.6338248317081288,7.528918235476123
35,DOCN,IGV,3.0,None,2.5,3.5,71.3,2026-06-18,173.58,8.44,12.89,0.0,48.3,1.04,45.0,-0.26,2,0.33,-1.404,,-2.03,-0.68,2.34,-1.35,0.13,-0.76,-3.0,-1.82,-2.25,0.44,-1.35,-1.68,-1.02,-3.0,2026-06-18,-18.05882352941176,-17.843355169239373,-15.576891618283963,-22.741176470588233,-30.259888196603203,-23.23059038067018,-27.50588235294118,-32.677122997078165,-27.700307056946325
36,MRVL,SMH,1.0,None,0.5,2.0,40.6,2026-06-18,310.77,66.4,49.64,-0.02,56.2,1.04,50.0,-1.65,5,1.37,-1.702,5 distribution days in 20,-2.81,0.33,0.52,-1.01,-1.31,-3.0,-0.85,-3.0,-0.06,2.79,-1.01,-3.0,-3.0,-0.85,2026-06-18,-15.109565883065933,-6.035879945227951,-12.627633971938135,-20.5033332270103,-10.716581628952582,-20.992747137092252,-30.719913240407003,-18.05106361819754,-30.91433794441215
1,SCHW,XLF,95.5,Strong,95.1,96.0,53.3,2026-06-26,90.01,5.74,0.95,0.059,54.6,0.8,65.0,-0.0,0,0.11,1.837,,2.84,3.0,0.77,3.0,2.59,-0.1,0.85,1.79,3.0,-1.69,1.35,0.29,1.63,0.85,2026-06-26,11.355311355311336,6.776727912964108,9.354603621963474,13.308913308913306,8.917210823396582,11.607631222733161,13.608613608613606,9.235599218779921,12.857327439356457
2,AMRX,XPH,95.2,Strong,97.3,93.2,92.0,2026-06-26,17.25,33.26,20.72,0.086,57.9,0.73,60.0,-0.08,1,3.08,1.562,extended >3 ATR above 20d avg,1.31,2.53,-3.0,0.67,0.29,0.7,0.97,2.41,3.0,-3.0,2.02,-0.07,0.7,0.97,2026-06-26,-1.0520163646990044,-3.4108658548831716,-3.052724098046866,0.43834015195791665,-1.296555602112992,-1.2629419342222281,2.337814143775585,0.38986101639770787,1.5865279745184369
3,AIR,ITA,83.7,Strong,86.7,80.9,88.3,2026-06-26,143.07,24.46,23.74,0.052,59.6,0.82,60.0,-0.03,1,3.28,0.972,extended >3 ATR above 20d avg,0.68,2.33,-0.79,0.67,1.64,-0.16,-0.67,1.69,1.91,-1.72,1.35,0.2,-0.25,-0.67,2026-06-26,0.2304308358354712,-4.886786204749338,-1.7702768975123906,-8.498009915508709,-7.094766490586435,-10.199292001688853,-5.251029956008669,-1.436224477477444,-6.002316125265817
4,VCYT,XLV,83.3,Strong,86.5,80.2,87.5,2026-06-26,60.35,25.7,18.97,0.05,52.1,0.8,70.0,0.1,1,3.62,0.95,extended >3 ATR above 20d avg,1.55,1.97,0.32,1.01,-0.05,0.81,0.69,1.28,1.57,-0.47,1.69,0.35,1.74,0.69,2026-06-26,-2.8475711892797406,-3.7033398194252776,-4.848278922627602,-3.685092127303191,-4.103606712848817,-5.386374213483336,-4.120603015075375,-3.2460949258755423,-4.871889184332523
5,CVLT,IGV,79.6,Strong,76.8,82.4,63.7,2026-06-26,139.81,26.25,34.22,0.072,56.6,0.75,55.0,0.17,4,2.19,1.023,4 distribution days in 20,0.81,3.0,-0.2,0.22,1.74,2.18,0.88,0.78,2.4,-2.21,0.0,-0.19,0.8,0.88,2026-06-26,6.635407786302938,1.0974771356656587,4.634700052955076,5.605285592497888,2.371579353281539,3.9040035063177436,4.156010230179041,0.6780784663898531,3.404724060921893
6,CDNA,XLV,73.9,Strong,78.4,69.6,87.5,2026-06-26,28.76,26.75,20.02,0.035,51.1,0.62,55.0,0.07,3,3.27,0.664,extended >3 ATR above 20d avg,2.25,0.09,-1.07,0.0,-0.36,-0.02,3.0,1.98,-0.31,-1.86,0.67,0.04,0.91,3.0,2026-06-26,1.1304347826087024,0.2746661524631655,-0.8702729507391593,0.06956521739129862,-0.34894936815432764,-1.6317168687888461,33.426086956521736,34.30059504572157,32.67480078726459
7,APH,XLK,64.1,Moderate,46.7,88.1,32.8,2026-06-26,81.63,10.88,13.97,-0.008,50.6,0.91,45.0,-0.25,0,1.4,1.253,,1.25,0.57,-2.34,1.24,2.94,-0.06,0.08,0.41,-0.08,-1.43,0.22,-0.58,-0.96,0.08,2026-06-26,1.609756097560977,1.3418647848935317,-0.39095163578688474,-5.036585365853652,-4.019691811646675,-6.737867452033797,-8.329268292682922,-4.289029924086351,-9.080554461940071
8,ECL,XLB,63.6,Moderate,61.7,65.6,82.5,2026-06-26,282.78,9.23,8.38,-0.039,51.5,0.72,45.0,-0.24,0,2.61,0.573,,-1.48,2.25,-2.86,-0.67,0.67,-0.83,0.82,-0.75,0.92,-3.0,0.0,-0.92,-0.03,0.82,2026-06-26,0.8227960819234159,-0.8681201587372289,-1.1779116514244459,-3.419412288512924,-2.4166596341676616,-5.120694374693069,-4.537845057880685,-2.4143688486789605,-5.289131227137833
9,PH,XLI,63.3,Moderate,53.6,74.8,63.5,2026-06-26,966.04,13.48,9.01,0.02,54.1,1.33,45.0,-0.16,2,2.28,0.794,,1.2,1.96,0.71,0.67,1.85,0.12,-0.8,1.27,1.75,0.82,-0.67,-0.77,0.55,-0.8,2026-06-26,0.8307426777155014,-1.401054913710853,-1.1699650556323604,-1.2518325206126057,-0.6275921051888789,-2.9531146067927505,-1.3682820574137722,0.4989149373934465,-2.1195682266709204
10,ACMR,SMH,62.0,Moderate,42.8,89.8,25.7,2026-06-26,104.56,12.32,10.74,0.048,51.1,0.95,55.0,-0.5,2,1.19,1.336,,2.16,0.6,-2.11,1.35,1.12,0.87,0.09,1.17,-0.48,-0.19,0.67,-1.9,0.23,0.09,2026-06-26,-11.846814602720123,-10.173725485116114,-13.847522336067986,-15.810665712240512,-10.996266414645273,-17.511947798420657,-26.163206871868294,-16.937640639326787,-26.914493041125443
11,ONTO,SMH,61.1,Moderate,44.0,84.8,25.7,2026-06-26,323.86,25.04,23.46,0.047,51.1,0.86,60.0,-0.01,3,0.91,1.111,,1.59,-0.32,-3.0,1.35,2.01,0.68,0.29,0.6,-1.39,-2.57,0.67,-1.01,0.04,0.29,2026-06-26,-5.5235903337169105,-3.850501216112901,-7.524298067064772,-5.3183217740179645,-0.5039224764227246,-7.019603860198109,-13.479302086897016,-4.2537358543555115,-14.230588256154164
12,AER,XLI,59.4,Moderate,49.4,71.5,63.5,2026-06-26,148.58,7.12,2.65,0.008,49.7,0.81,55.0,-0.13,1,2.0,0.71,,0.11,-0.27,-1.65,2.7,2.65,-1.2,-1.22,0.18,-0.47,-1.53,1.35,0.03,-0.77,-1.22,2026-06-26,3.961470628137298,1.7296730367109436,1.9607628947894362,1.010717677384343,1.6349580928080698,-0.6905644087958018,0.4544837878171393,2.321680782624358,-0.2968023814400089
13,ETSY,XLY,59.4,Moderate,39.2,89.9,22.6,2026-06-26,78.02,16.81,22.93,0.055,49.7,0.73,60.0,-0.28,1,2.35,1.341,,2.82,1.12,-1.52,1.8,0.04,-0.72,1.2,0.97,-1.32,-1.01,0.67,-1.3,-0.98,1.2,2026-06-26,-5.2511991921232015,-7.660732942993076,-7.251906925471063,1.6346882100479743,0.9300953081690544,-0.0665938761321705,6.021206765968179,6.517031400623708,5.269920596711031
14,ARQT,XBI,59.0,Moderate,79.2,43.9,96.2,2026-06-26,26.99,25.89,11.6,0.046,53.7,1.06,60.0,-0.26,2,2.25,0.128,,1.93,-0.49,1.44,1.35,-1.2,-0.47,0.69,2.8,0.77,0.2,2.02,-1.19,-0.05,0.69,2026-06-26,-3.0100334448160515,-6.379808364430195,-5.010741178163913,0.8547008547008517,0.9640256135432845,-0.8465812314792931,2.2668153102935795,5.186429458203545,1.5155291410364313
15,BTSG,XLV,55.1,Moderate,58.8,51.6,87.5,2026-06-26,68.82,13.17,6.44,0.076,55.5,1.81,75.0,0.14,3,2.67,0.282,,2.38,1.21,3.0,0.67,-0.07,0.98,-0.14,2.12,0.8,2.71,1.35,0.33,1.91,-0.14,2026-06-26,2.8717201166180706,2.0159514864725336,0.8710123832702088,1.4723032069970943,1.053788621451468,-0.2289788791830505,2.8134110787172206,3.687919167917053,2.0621249094600724
16,AXTA,XLB,54.6,Weak,54.5,54.8,82.5,2026-06-26,34.5,14.31,13.47,-0.009,47.5,0.6,50.0,-0.37,2,1.49,0.345,,-0.43,0.83,-0.48,0.67,1.18,-0.73,0.6,0.3,-0.5,-1.09,1.35,-0.4,0.07,0.6,2026-06-26,2.099737532808388,0.408821292147743,0.09902979946052604,-6.445027704870232,-5.4422750505249695,-8.146309791050378,-6.32837561971421,-4.2048994105124855,-7.079661788971358
17,ABNB,XLY,54.1,Weak,33.5,87.4,22.6,2026-06-26,145.58,8.23,14.35,0.01,52.2,0.84,45.0,-0.16,0,1.89,1.216,,1.67,2.64,-1.42,1.35,0.96,-1.14,-1.54,-0.19,0.21,-0.9,0.22,-0.38,-1.4,-1.54,2026-06-26,0.7094133697135074,-1.700120381156367,-1.2912943636343543,-0.17735334242836576,-0.8819462443072856,-1.8786354286085105,-1.1391541609822586,-0.6433295263267302,-1.8904403302394068
18,DASH,XLY,50.6,Weak,29.9,85.5,22.6,2026-06-26,182.75,16.62,22.74,-0.019,49.1,0.9,55.0,-0.23,3,2.11,1.135,,2.41,2.07,0.24,2.47,0.73,-1.68,2.08,0.56,-0.36,0.75,1.35,-0.61,-1.94,2.08,2026-06-26,2.7533940352216346,0.3438602843517602,0.7526863018737728,3.3695000272613296,2.6649071253824097,1.6682179410811848,3.064173163949624,3.5599977986051523,2.3128869946924757
19,PDFS,IGV,49.4,Weak,40.8,59.7,63.7,2026-06-26,62.93,28.61,36.58,0.036,56.7,0.64,60.0,-0.1,1,0.7,0.447,,-0.29,2.09,-0.76,-1.12,0.74,0.38,-0.1,-0.32,0.49,-2.77,-1.35,-1.2,-1.0,-0.1,2026-06-26,-9.996826404316096,-15.534757054953374,-11.997534137663958,-16.272611869247868,-19.506318108464217,-17.97389395542801,-22.50079339892097,-25.978725162710155,-23.252079568178118
20,ENTG,SMH,49.2,Weak,29.2,82.8,25.7,2026-06-26,161.2,16.58,14.99,0.024,53.7,0.99,60.0,0.02,4,0.68,1.037,4 distribution days in 20,1.48,1.4,-2.01,0.67,1.94,1.17,-0.3,0.49,0.32,-0.09,0.0,-1.08,0.53,-0.3,2026-06-26,-10.737800750723025,-9.064711633119016,-12.738508484070888,-16.24515414436033,-11.43075484676509,-17.946436230540478,-17.629684327118323,-8.404118094576818,-18.380970496375472
21,TKR,XLI,49.0,Weak,38.8,61.9,63.5,2026-06-26,140.83,11.37,6.91,0.051,53.9,0.99,55.0,-0.16,3,0.95,0.494,,1.15,1.38,1.74,1.12,1.86,0.25,0.36,1.21,1.18,1.85,-0.22,-0.75,0.68,0.36,2026-06-26,1.5451749052149522,-0.6866226862114022,-0.45553282813290963,-1.3019529293940901,-0.6777125139703633,-3.003235015574235,-4.106159238858275,-2.2389622440510566,-4.8574454081154235
22,EXPE,XLY,46.2,Weak,25.8,82.7,22.6,2026-06-26,262.32,15.48,21.6,0.019,50.1,0.84,65.0,-0.07,1,2.53,1.031,,1.46,1.94,-0.98,1.46,1.25,-0.47,-2.15,-0.39,-0.5,-0.47,0.34,-0.09,-0.73,-2.15,2026-06-26,0.6613256745521934,-1.748208076317681,-1.3393820587956684,0.2418562466933727,-0.4627366551855472,-1.459425839486772,0.0755800770916748,0.5714047117472032,-0.6757060921654734
23,ATRO,ITA,45.7,Weak,47.2,44.2,88.3,2026-06-26,84.19,15.28,14.56,0.038,47.4,0.59,60.0,-0.2,1,1.54,0.134,,-0.33,-1.33,-3.0,0.0,0.17,-0.71,0.57,0.67,-1.75,-3.0,0.67,-1.26,-0.8,0.57,2026-06-26,-14.769760265843823,-19.886977306428633,-16.770467999191684,-14.52053168763351,-13.117288262711236,-16.221813773813654,-20.23498694516972,-16.420181466638496,-20.98627311442687
24,ALAB,SMH,45.6,Weak,26.2,79.4,25.7,2026-06-26,390.75,11.94,10.35,0.049,53.9,1.13,65.0,-0.36,2,0.57,0.925,,1.84,2.23,1.3,2.7,1.72,-0.87,-3.0,0.85,1.15,3.0,2.02,-1.31,-1.51,-3.0,2026-06-26,7.415412132955712,9.088501250559721,5.41470439960785,-10.166070452625831,-5.3516711550305915,-11.867352538805976,-23.215084215233283,-13.989517982691778,-23.966370384490432
25,KLAC,SMH,44.9,Weak,25.5,79.1,25.7,2026-06-26,247.48,28.55,26.97,0.049,53.1,1.04,65.0,0.12,3,0.93,0.916,,0.88,0.51,-3.0,0.81,2.53,0.79,-3.0,-0.11,-0.56,-1.25,0.13,-0.49,0.15,-3.0,2026-06-26,-6.6546546546546566,-4.981565537050647,-8.65536238800252,-11.131131131131134,-6.316731833535894,-12.832413217311279,-16.988988988988996,-7.763422756447492,-17.740275158246146
26,MNST,XLP,40.2,Weak,22.1,73.1,25.9,2026-06-26,48.08,9.25,8.22,-0.029,47.8,0.82,40.0,-0.02,0,2.54,0.751,heavy selling into close today,0.16,2.02,-3.0,-1.69,0.96,-0.19,-0.57,-1.13,-0.4,-1.61,-2.02,0.25,-0.22,-0.57,2026-06-26,0.9954375777685653,1.967577471070281,-1.0052701555792964,0.6636250518457176,1.0429967175244248,-1.0376570343344271,-1.0369141435089158,-0.9657819561941672,-1.788200312766064
27,TER,SMH,38.0,None,19.5,73.9,25.7,2026-06-26,435.23,13.79,12.2,0.057,56.1,1.1,60.0,0.19,5,0.91,0.77,5 distribution days in 20,0.84,2.12,-2.07,0.34,2.79,-0.33,-0.76,-0.15,1.05,-0.15,-0.34,-0.23,-0.97,-0.76,2026-06-26,-13.835849699171298,-12.162760581567289,-15.836557432519161,-22.624588489045294,-17.810189191450053,-24.325870575225437,-24.21841298671813,-14.992846754176623,-24.969699155975277
28,ATI,XLI,36.8,None,27.5,49.3,63.5,2026-06-26,197.33,15.76,11.29,0.057,52.5,1.08,60.0,-0.18,3,0.87,0.237,,0.44,0.38,0.84,1.69,2.06,-0.11,-1.47,0.5,0.17,0.95,0.34,-0.55,0.32,-1.47,2026-06-26,-1.6200143545575751,-3.8518119459839295,-3.620722087905437,-5.81872244437609,-5.194482028952363,-7.520004530556235,-4.511432379780588,-2.6442353849733697,-5.262718549037737
29,SNDK,XLK,35.9,None,19.3,66.9,32.8,2026-06-26,2091.08,27.31,30.4,0.001,53.9,0.96,45.0,-0.4,1,0.89,0.601,,0.15,1.03,-1.06,0.34,1.76,0.49,-1.68,-0.68,0.38,-0.15,-0.67,-1.76,-0.41,-1.68,2026-06-26,-16.627365823093598,-16.895257135761042,-18.62807355644146,-19.970727647545573,-18.953834093338596,-21.672009733725716,-33.49053670762564,-29.450298339029064,-34.241822876882786
30,AME,XLI,33.2,None,24.4,45.3,63.5,2026-06-26,237.12,5.49,1.03,-0.028,51.4,1.05,40.0,-0.12,2,1.19,0.156,,-0.75,0.97,0.09,0.0,1.66,0.87,-2.19,-0.69,0.76,0.2,-1.35,-0.95,1.3,-2.19,2026-06-26,0.39833884227475913,-1.8334587491515952,-1.6023688910731027,-1.779811848461732,-1.1555714330380051,-3.4810939346418768,-0.39833884227477023,1.4688581525324484,-1.1496250115319184
31,AVNT,XLB,28.5,None,28.4,28.6,82.5,2026-06-26,37.65,5.52,4.68,0.016,50.6,0.94,45.0,-0.15,5,1.56,-0.207,5 distribution days in 20,-0.56,1.81,0.46,-0.67,0.55,-0.13,1.82,0.18,0.47,-0.16,0.0,-1.04,0.67,1.82,2026-06-26,4.039859951521674,2.348943710861029,2.039152218173812,-4.847831941826031,-3.845079287480768,-6.5491140280061755,-3.3934823592782215,-1.270006150076497,-4.144768528535369
32,CART,XLY,26.5,None,11.1,63.1,22.6,2026-06-26,47.44,18.75,24.87,-0.019,47.4,0.7,50.0,-0.17,0,2.31,0.518,,0.24,0.9,-1.33,0.45,0.76,-0.53,-0.51,-1.61,-1.53,-0.82,-0.67,-0.58,-0.79,-0.51,2026-06-26,-0.796311818943829,-3.2058455698137034,-2.7970195522916907,1.1525565800503124,0.4479636781713925,-0.5487255061298324,-2.095557418273264,-1.5997327836177355,-2.846843587530412
33,GTES,XLI,22.3,None,15.5,32.1,63.5,2026-06-26,28.76,12.87,8.41,-0.022,51.5,1.0,45.0,-0.22,4,1.63,-0.124,4 distribution days in 20,-0.51,-0.23,0.23,1.12,1.43,0.5,0.07,-0.44,-0.44,0.35,-0.22,-1.19,0.93,0.07,2026-06-26,-4.903677758318747,-7.135475349745102,-6.904385491666609,-8.056042031523647,-7.4318016160999205,-9.757324117703792,-9.982486865148864,-8.115289870341645,-10.733773034406013
34,AMAT,SMH,21.8,None,8.9,53.5,25.7,2026-06-26,623.18,38.73,37.15,0.05,55.4,1.21,60.0,-0.12,5,1.69,0.32,5 distribution days in 20; heavy selling into close today,0.9,2.58,0.22,-0.0,1.44,-0.45,-0.33,-0.09,1.5,2.14,-0.67,-1.58,-1.09,-0.33,2026-06-26,-6.752588675919824,-5.079499558315815,-8.753296409267687,-9.59305070342744,-4.778651405832201,-11.294332789607585,-17.360652126018948,-8.135085893477443,-18.111938295276097
35,INTC,SMH,19.9,None,7.9,50.2,25.7,2026-06-26,127.71,5.7,4.12,-0.017,46.8,0.88,40.0,-0.25,2,0.76,0.254,,0.75,-0.6,-1.2,-0.67,1.81,0.86,-2.5,-0.24,-1.68,0.72,-1.35,-1.21,0.22,-2.5,2026-06-26,-3.7562012756909957,-2.083112158086986,-5.756909009038857,-18.86762737223403,-14.053228074638788,-20.568909458414176,-23.541223718403025,-14.31565748586152,-24.292509887660174
36,LECO,XLI,19.1,None,13.1,27.9,63.5,2026-06-26,265.72,2.94,-1.52,-0.006,49.8,0.88,45.0,-0.32,4,0.25,-0.225,4 distribution days in 20,-0.43,-0.08,-0.56,0.67,1.19,-1.03,-0.44,-0.36,-0.29,-0.45,-0.67,-1.42,-0.6,-0.44,2026-06-26,-1.0611876270038345,-3.292985218430189,-3.0618953603516963,-5.497855046285849,-4.873614630862122,-7.199137132465994,-7.661624143900059,-5.79442714909284,-8.412910313157207
37,CAT,XLI,18.2,None,12.4,26.7,63.5,2026-06-26,994.87,12.31,7.85,0.038,53.1,1.24,60.0,-0.1,4,1.34,-0.254,4 distribution days in 20; heavy selling into close today,-0.11,0.42,2.87,2.02,1.04,-1.27,3.0,-0.04,0.22,2.98,0.67,-1.58,-0.84,3.0,2026-06-26,-2.8578309384281853,-5.08962852985454,-4.8585386717760475,-6.652885927590912,-6.028645512167185,-8.354168013771057,-13.230512964598207,-11.363315969790989,-13.981799133855354
38,CRDO,SMH,17.9,None,6.9,46.6,25.7,2026-06-26,241.32,8.54,6.95,-0.009,50.9,0.88,50.0,-0.4,4,-0.14,0.183,4 distribution days in 20,0.27,0.1,-2.14,-0.67,1.5,0.11,-0.31,-0.72,-0.98,-0.22,-1.35,-1.52,-0.54,-0.31,2026-06-26,9.97802926667497,11.651118384278979,7.977321533327108,-1.94005720681506,2.8743420907801798,-3.641339292995205,-12.088048750155455,-2.86248251761395,-12.839334919412604
39,INSW,XLE,14.6,None,21.4,10.0,92.3,2026-06-26,75.66,9.45,14.18,0.06,53.5,1.19,65.0,0.32,4,-0.06,-0.847,4 distribution days in 20,-0.66,0.47,3.0,-1.57,1.48,0.25,0.65,-0.08,-0.24,2.2,-0.22,2.02,1.09,0.65,2026-06-26,8.493846976993048,10.021987118625532,6.493139243645186,9.657570893525946,4.532710662441342,7.956288807345802,12.520064205457459,5.158901328081388,11.76877803620031
40,LRCX,SMH,14.5,None,5.3,39.5,25.7,2026-06-26,378.25,19.14,17.55,0.005,51.1,1.02,50.0,0.02,5,0.79,0.037,5 distribution days in 20,-0.04,0.09,-2.44,-0.45,2.09,-0.03,-1.24,-1.03,-0.99,-0.52,-1.12,-0.93,-0.67,-1.24,2026-06-26,-8.638264506011506,-6.965175388407497,-10.638972239359369,-13.9022477783586,-9.087848480763359,-15.603529864538745,-19.835337166753796,-10.60977093421229,-20.586623336010945
41,TTC,XLI,9.2,None,6.0,14.2,63.5,2026-06-26,96.89,7.81,3.35,0.023,47.6,1.28,45.0,-0.3,6,1.94,-0.65,6 distribution days in 20,0.61,-0.38,2.03,0.67,0.81,0.38,0.32,0.67,-0.59,2.14,-0.67,-1.81,0.81,0.32,2026-06-26,1.2205299394951075,-1.011267651931247,-0.7801777938527543,-2.618401836010853,-1.994161420587126,-4.319683922190998,-2.3680367202169816,-0.500839725409763,-3.11932288947413
42,CORT,XBI,8.9,None,16.8,4.7,96.2,2026-06-26,87.34,27.65,13.37,0.039,51.2,,60.0,-0.13,0,2.17,-1.251,,-0.71,-2.02,,-0.45,-1.07,-1.5,-2.26,0.16,-0.77,,0.22,-1.06,-1.08,-2.26,2026-06-26,4.757548032936865,1.3877731133227211,2.756840299589003,-1.841262580054892,-1.7319378212124592,-3.542544666235037,4.768984446477598,7.688598594387564,4.0176982772204495
43,WSM,XRT,7.2,None,2.7,19.3,30.7,2026-06-26,238.22,16.26,12.49,-0.088,41.7,0.96,30.0,-0.52,2,2.43,-0.465,,-1.85,-0.22,0.97,1.35,0.11,-0.72,-0.08,-3.0,-2.14,-0.11,-1.35,-2.06,-0.77,-0.08,2026-06-26,-5.654950725373265,-4.277820123725229,-7.655658458721127,-8.657953728376267,-7.224383347972141,-10.359235814556412,-5.544981601319632,-5.736876849090267,-6.29626777057678
1,PAY,IGV,97.9,Strong,97.9,97.9,27.3,2026-07-06,28.18,33.24,38.5,0.087,59.5,0.79,65.0,0.42,2,4.79,2.167,extended >3 ATR above 20d avg,1.93,3.0,-1.94,0.67,3.0,3.0,1.49,1.73,3.0,-2.57,1.35,2.05,2.41,1.49,2026-07-06,1.793248945147674,5.0278065411410005,1.9495803677636148,4.360056258790435,7.365690649441525,5.449031553080996,10.61884669479607,15.783704791624121,12.118024952702822
2,SCHW,XLF,95.9,Strong,97.3,94.6,88.8,2026-07-06,100.32,14.38,6.41,0.086,56.3,0.89,70.0,0.12,0,3.36,1.68,extended >3 ATR above 20d avg,2.33,3.0,0.65,3.0,1.27,0.87,0.27,2.67,3.0,-0.99,3.0,1.05,1.36,0.27,2026-07-06,1.1494252873563093,1.5949786646509145,1.30575670997225,1.4169639318271754,1.8803394442135524,2.505939226117737,2.933016250495446,1.8815102800801897,4.4321945084021985
3,ZBRA,XLK,95.7,Strong,92.9,98.6,19.4,2026-07-06,270.37,10.17,14.99,0.056,56.4,0.99,50.0,0.03,1,2.59,2.361,,3.0,3.0,-0.57,2.7,2.52,3.0,0.76,3.0,2.61,1.01,1.35,0.31,2.52,0.76,2026-07-06,-0.8261079894317791,-1.6166218234238916,-0.6697765668158384,-1.6243069251665299,0.6637295943457966,-0.5353316308759681,-1.514531313958245,1.5584520407152413,-0.015353056051492509
4,OKTA,IGV,91.6,Strong,86.3,97.3,27.3,2026-07-06,148.65,20.4,25.67,0.107,54.1,0.78,75.0,0.3,0,3.78,2.044,extended >3 ATR above 20d avg,2.73,3.0,-0.01,2.7,2.23,3.0,-1.42,2.53,0.23,-0.64,3.0,0.51,0.83,-1.42,2026-07-06,-6.9466666666666566,-3.7121090706733306,-6.790335244050716,-1.106666666666667,1.8989677239844238,-0.017691372376105186,-8.386666666666676,-3.2218085698386245,-6.887488408759923
5,FLYW,IGV,90.7,Strong,86.3,95.3,27.3,2026-07-06,18.32,25.69,30.96,0.067,58.8,0.61,65.0,0.42,2,2.88,1.752,,1.94,3.0,0.23,0.34,3.0,3.0,1.39,1.74,1.44,-0.4,1.01,1.57,0.42,1.39,2026-07-06,-3.4183396635919627,-0.1837820675986368,-3.262008240976022,-2.1161150298426468,0.889519360808444,-1.027139735552085,-12.452523060227882,-7.287664963399831,-10.95334480232113
6,NESR,OIH,82.4,Strong,69.0,98.3,2.7,2026-07-06,27.64,9.14,27.28,0.022,52.1,0.6,65.0,0.41,5,1.02,2.269,5 distribution days in 20,3.0,3.0,-3.0,2.7,2.2,1.58,2.9,-0.03,0.69,-2.01,0.67,1.59,1.75,2.9,2026-07-06,2.8456767603064703,-3.1279921651533593,3.002008182922411,-0.6566946369937932,-4.429340190859088,0.43228065729676857,-1.9700839109813906,-8.682848397221177,-0.47090565307463805
7,SOFI,XLF,82.3,Strong,88.9,76.2,88.8,2026-07-06,18.61,8.45,0.48,0.051,54.6,1.0,65.0,-0.45,3,1.34,0.833,,1.51,1.22,0.16,3.0,-1.08,-0.68,3.0,1.85,1.64,-1.48,3.0,-1.3,-0.2,3.0,2026-07-06,-2.5268817204301186,-2.0813283431355134,-2.370550297814178,-8.44086021505377,-7.977484702667392,-7.351884920763208,-9.301075268817204,-10.35258123923246,-7.8018970109104515
8,MRK,XLV,78.9,Strong,88.1,70.7,89.2,2026-07-06,126.05,6.18,-0.9,0.027,52.4,1.01,60.0,0.38,3,1.61,0.69,,2.02,0.13,0.37,1.69,0.78,0.84,0.62,1.24,1.25,-0.41,2.02,2.81,1.83,0.62,2026-07-06,-3.6715881571752096,-1.6243056809382983,-3.515256734559269,-3.3825482384188588,-0.07399352235744061,-2.293572944128297,1.5467541598312762,2.34495060145935,3.0459324177380287
9,CTVA,XLB,78.6,Strong,89.9,68.8,92.9,2026-07-06,86.2,11.48,10.45,0.096,57.0,1.14,60.0,0.34,4,3.35,0.644,4 distribution days in 20; extended >3 ATR above 20d avg,-0.06,3.0,0.35,-0.67,2.16,2.57,-0.06,1.75,3.0,0.07,0.67,2.47,3.0,-0.06,2026-07-06,-0.9455719557195486,1.7033066212332693,-0.7892405331036079,-0.11531365313652842,3.6356530908696505,0.9736616411540333,0.772601476014767,1.8360198828206387,2.2717797339215196
10,APH,XLK,77.6,Strong,63.5,94.8,19.4,2026-07-06,83.32,13.86,18.68,0.022,51.4,1.0,55.0,-0.04,0,1.01,1.703,,2.3,1.0,-2.32,2.47,2.08,0.56,-0.12,1.08,0.15,-0.73,1.12,-0.13,0.06,-0.12,2026-07-06,-3.6143087015719777,-4.40482253556409,-3.457977278956037,-6.95630647357347,-4.668269954061143,-5.867331179282909,-7.76086149275902,-4.687878138085534,-6.261683234852267
11,PANW,IGV,76.7,Strong,67.2,87.6,27.3,2026-07-06,357.35,27.96,33.23,0.101,56.1,0.74,65.0,0.16,0,4.26,1.226,extended >3 ATR above 20d avg,0.9,3.0,-0.66,0.4,0.78,2.14,-0.95,0.7,1.55,-1.29,1.08,-0.94,-0.73,-0.95,2026-07-06,-8.247422680412376,-5.012865084419049,-8.091091257796435,-3.062216911662541,-0.056582521011450115,-1.9732416173719791,-11.816767165921016,-6.651909069092965,-10.317588908014264
12,PH,XLI,76.0,Strong,82.0,70.4,85.6,2026-07-06,969.78,11.38,5.78,0.038,54.8,0.96,55.0,0.01,0,1.37,0.682,,1.31,1.49,-2.05,-0.0,0.96,-2.14,-1.9,1.96,2.31,-0.29,0.67,0.38,0.5,-1.9,2026-07-06,-1.7645659436704153,0.4903786335954008,-1.6082345210544746,-1.880410835634716,1.5970940546065404,-0.7914355413441543,1.9135093761959432,2.6253111584171984,3.4126876341026957
13,TMO,XLV,75.7,Strong,84.5,67.8,89.2,2026-07-06,517.13,7.47,0.39,0.023,55.1,0.69,45.0,0.25,1,2.13,0.622,,1.05,0.14,-2.74,-1.69,0.29,1.36,-0.12,0.26,1.26,-3.0,-1.35,2.33,2.35,-0.12,2026-07-06,0.7187249780760352,2.7660074543129465,0.8750564006919759,0.27833911617798357,3.5868938322394017,1.3673144104685453,6.592442902352547,7.39063934398062,8.0916211602593
14,BTSG,XLV,74.4,Strong,84.6,65.5,89.2,2026-07-06,70.57,22.9,15.82,0.086,57.4,1.37,75.0,0.03,2,2.37,0.571,,3.0,0.02,2.2,3.0,-2.2,0.87,0.15,2.29,1.14,1.42,3.0,-0.16,1.86,0.15,2026-07-06,-1.6530093246679867,0.3942731515689246,-1.496677902052046,-0.35320712065555204,2.955347595405866,0.7357681736350097,1.6953941791466587,2.4935906207747327,3.194572437053411
15,MNST,XLP,72.6,Strong,63.6,82.8,50.2,2026-07-06,48.7,9.98,6.77,0.014,51.6,0.77,55.0,-0.01,0,1.93,1.034,,1.08,2.05,-2.08,0.45,0.31,0.43,-1.74,0.28,1.06,-1.83,0.22,0.12,0.09,-1.74,2026-07-06,-1.3414634146341586,-0.24683064627258888,-1.185131992018218,-3.0081300813008194,-2.2195236782876493,-1.9191547870102577,-3.170731707317076,-3.0059482798217796,-1.6715534494103235
16,MTCH,XLC,70.0,Strong,53.8,91.0,17.7,2026-07-06,37.45,8.27,10.52,0.065,49.1,0.89,60.0,0.21,3,1.41,1.404,,2.19,1.11,0.68,3.0,1.86,2.72,1.02,0.73,-0.39,-0.81,0.67,0.89,0.14,1.02,2026-07-06,1.9032513877874635,1.9661501208272814,2.059582810403404,3.198519693365065,3.9622900231341407,4.287494987655627,2.590536611155181,6.175764394424121,4.089714869061933
17,CVLT,IGV,68.9,Moderate,57.2,83.0,27.3,2026-07-06,150.1,23.59,28.86,0.082,53.3,0.88,65.0,0.08,4,2.97,1.042,4 distribution days in 20,0.95,3.0,0.03,0.67,1.27,3.0,-0.29,0.75,1.08,-0.6,1.35,-0.46,0.78,-0.29,2026-07-06,-1.887664180582127,1.346893415411199,-1.7313327579661864,-3.234109959738618,-0.2284755690875273,-2.1451346654480563,-1.5048511649396135,3.6600069318884376,-0.005672907032860941
18,ECL,XLB,68.7,Moderate,83.8,56.3,92.9,2026-07-06,283.06,11.89,10.86,0.007,53.9,0.78,50.0,-0.01,0,1.88,0.376,,-1.25,2.84,-2.58,-0.9,0.02,-1.48,-1.65,0.56,2.18,-2.86,0.45,0.34,0.28,-1.65,2026-07-06,-5.285035629453683,-2.636157052500865,-5.128704206837742,-6.381863909459263,-2.6308971654530837,-5.292888615168701,-5.323459550090803,-4.260041143284932,-3.8242812921840503
19,ACMR,SMH,68.6,Moderate,53.3,88.2,23.0,2026-07-06,98.52,9.24,12.96,0.045,50.7,1.0,60.0,-0.39,3,-0.0,1.255,,2.18,0.23,-1.78,3.0,0.0,1.6,0.04,0.92,-0.84,0.15,3.0,-1.61,1.94,0.04,2026-07-06,1.6529818496110682,0.721979470382772,1.8093132722270089,-10.847018150388942,-7.10059561323505,-9.758042856098381,-13.645203111495242,-8.17815025124904,-12.14602485358849
20,AIR,ITA,68.0,Moderate,83.5,55.3,93.0,2026-07-06,143.54,24.24,16.05,0.069,57.8,0.95,65.0,0.18,3,2.09,0.356,,0.49,0.92,0.38,1.69,1.55,-0.5,-1.29,1.61,1.55,-0.65,2.7,0.8,0.46,-1.29,2026-07-06,-8.048557995930105,-1.7107546753681646,-7.892226573314165,-4.785629078661147,3.8430426965623585,-3.6966537843705853,-3.999719317942596,-1.221941540164817,-2.5005410600358435
21,HALO,XBI,60.5,Moderate,90.7,40.4,97.8,2026-07-06,80.78,12.84,-7.78,0.016,54.6,0.92,50.0,0.28,1,3.24,0.056,extended >3 ATR above 20d avg,0.58,-0.64,1.37,0.67,0.89,0.94,0.1,1.5,1.24,-1.5,1.35,1.79,1.69,0.1,2026-07-06,-6.658491722869398,-2.5086660464015313,-6.502160300253458,-5.456774984671986,1.3896660384374542,-4.367799690381425,-0.049049662783562376,7.019538162337546,1.4501285951231901
22,TOST,IGV,59.5,Moderate,42.3,83.6,27.3,2026-07-06,29.49,16.98,22.24,0.035,50.5,1.12,55.0,-0.03,4,2.97,1.063,4 distribution days in 20,1.4,2.77,0.75,0.67,2.03,2.21,1.29,1.2,-0.37,0.12,1.35,0.3,-0.66,1.29,2026-07-06,0.33478406427853713,3.569341660271863,0.4911154868944778,3.2976230331436263,6.303257423794717,4.3865983274341875,3.180448610646125,8.345306707474176,4.6796268685528775
23,SHC,XLV,58.1,Moderate,72.7,46.4,89.2,2026-07-06,17.86,14.67,7.58,0.053,53.6,0.68,55.0,0.35,1,2.63,0.178,,1.78,-0.8,-0.1,0.0,0.01,-0.13,-0.51,0.99,0.32,-0.88,0.34,2.05,0.87,-0.51,2026-07-06,0.9733036707452847,3.020586146982196,1.1296350933612254,-3.1423804226918817,0.16617429336953649,-2.05340512840132,-4.115684093437166,-3.3174876518090923,-2.616505835530414
24,VCYT,XLV,57.0,Moderate,70.9,45.8,89.2,2026-07-06,58.0,16.14,9.06,0.032,51.6,0.92,65.0,-0.22,2,1.58,0.165,,1.93,0.27,0.95,1.24,-3.0,-0.33,0.53,1.14,1.38,0.18,1.57,-1.29,0.67,0.53,2026-07-06,-1.1177987962166736,0.9294836800202377,-0.9614673736007329,-1.5649183147033452,1.743636401358073,-0.47594302041278347,-4.413585554600163,-3.6153891129720894,-2.914407296693411
25,ETSY,XLY,56.8,Moderate,39.1,82.6,26.0,2026-07-06,75.06,11.95,11.11,0.046,48.7,0.78,50.0,-0.06,2,0.57,1.029,,1.46,-0.68,-2.22,1.57,0.32,2.32,-0.15,0.81,-1.88,-1.69,0.22,-0.54,0.04,-0.15,2026-07-06,6.600026479544541,9.035556565504422,6.756357902160481,11.200847345425657,14.799364116030745,12.289822639716219,11.002250761286913,17.7779123153068,12.501429019193665
26,AXTA,XLB,55.7,Moderate,74.3,41.8,92.9,2026-07-06,35.01,10.23,9.2,0.048,48.3,0.77,55.0,0.04,1,1.29,0.084,,-0.09,0.5,0.22,0.67,0.58,-0.69,-0.84,1.73,-0.16,-0.05,2.02,0.89,1.07,-0.84,2026-07-06,-8.708025042686407,-6.059146465733589,-8.551693620070466,-8.594194649971554,-4.8432279059653744,-7.5052193556809925,-4.0125213431986495,-2.949102936392778,-2.513343085291897
27,TTC,XLI,54.0,Weak,63.3,46.1,85.6,2026-07-06,97.03,9.71,4.12,0.059,49.0,0.97,50.0,0.02,3,1.48,0.172,,0.91,-0.82,-3.0,-0.67,1.16,-1.65,-0.75,1.56,0.0,-1.38,0.0,0.58,0.99,-0.75,2026-07-06,-3.653627825368977,-1.3986832481031608,-3.497296402753036,-3.4059242439880233,0.07158064625323313,-2.3169489496974616,-2.3738259882340795,-1.6620242060128243,-0.874647730327327
28,EXPE,XLY,50.9,Weak,33.0,78.5,26.0,2026-07-06,266.37,17.41,16.57,0.059,47.8,0.87,60.0,-0.15,1,2.03,0.897,,1.2,0.79,-0.87,1.35,0.19,2.77,-2.69,0.54,-0.42,-0.34,0.0,-0.67,0.49,-2.69,2026-07-06,-2.1722293933247205,0.26330069263516,-2.01589797070878,-2.3345011985985598,1.2640155720065271,-1.245525904307998,2.5373409551908477,9.313002509210733,4.0365192130976
29,XYZ,IGV,50.5,Weak,33.0,77.3,27.3,2026-07-06,78.92,11.36,16.62,-0.006,47.1,0.85,45.0,-0.08,1,1.79,0.864,,0.42,2.1,-0.76,-0.54,1.65,1.9,-1.25,0.22,-1.04,-1.39,0.13,-0.07,-0.96,-1.25,2026-07-06,-0.050787201625202005,3.183770394368124,0.10554422099073868,0.6983240223463749,3.7039584129974656,1.7872993166369366,3.1615033011680893,8.326361397996141,4.660681559074842
30,GEV,XLI,49.0,Weak,57.8,41.6,85.6,2026-07-06,1152.23,19.69,14.09,0.052,52.6,1.11,70.0,-0.07,4,1.99,0.08,4 distribution days in 20,0.01,-0.5,-1.24,2.02,0.4,-1.16,0.96,0.66,0.33,0.53,2.7,-0.18,1.48,0.96,2026-07-06,-4.9223223077203615,-2.6673777304545454,-4.76599088510442,-1.5280259655008899,1.9494789247403665,-0.43905067121032815,-9.11892345282811,-8.407121670606855,-7.619745194921357
31,ABNB,XLY,46.8,Weak,29.1,75.3,26.0,2026-07-06,147.64,10.4,9.56,0.001,49.6,0.77,45.0,-0.41,0,1.64,0.807,,0.67,0.78,-1.73,2.02,-0.75,1.27,-2.12,0.01,-0.43,-1.2,0.67,-1.62,-1.02,-2.12,2026-07-06,-2.1398956800855906,0.2956344058742899,-1.98356425746965,-3.082787214123306,0.515729556481781,-1.9938119198327442,-1.79216263207167,4.9834989219482155,-0.2929843741649174
32,AME,XLI,46.6,Weak,53.9,40.3,85.6,2026-07-06,236.92,3.87,-1.73,0.01,49.8,1.01,50.0,-0.02,2,0.68,0.053,,-0.22,-0.59,-1.31,-0.67,0.8,0.86,-1.16,0.43,0.23,0.45,0.0,0.23,3.0,-1.16,2026-07-06,-1.3450242615135721,0.909920315752244,-1.1886928388976314,0.04256405890865622,3.5200689491499126,1.131539353199218,3.371073465565688,4.082875247786943,4.870251723472441
33,TTEK,XLI,40.5,Weak,50.8,32.3,85.6,2026-07-06,31.05,11.25,5.65,-0.053,50.4,1.08,50.0,0.31,5,2.93,-0.12,5 distribution days in 20,-0.75,0.04,-1.39,0.67,3.0,-1.72,0.22,-0.1,0.86,0.38,1.35,3.0,0.92,0.22,2026-07-06,-0.3842459173871271,1.870698659878689,-0.22791449477118642,-0.06404098623118415,3.4134639040100723,1.0249343080593776,1.9212295869356355,2.6330313691568907,3.420407844842388
34,CGNX,XLK,38.4,None,20.7,71.4,19.4,2026-07-06,69.37,7.42,12.24,0.025,48.2,1.01,55.0,0.17,3,1.13,0.708,,1.05,-1.99,-0.47,2.02,2.89,3.0,1.04,-0.17,-2.84,1.12,0.67,0.68,2.96,1.04,2026-07-06,-5.156017830609216,-5.946531664601329,-4.999686407993275,-6.3744427934621095,-4.086406273949783,-5.285467499171547,-9.034175334323924,-5.9611919796504385,-7.534997076417172
35,CART,XLY,31.3,None,16.5,59.5,26.0,2026-07-06,47.34,14.13,13.29,0.024,48.3,1.09,55.0,-0.16,2,1.38,0.442,,0.73,0.18,1.19,1.35,0.3,1.83,0.5,0.08,-1.02,1.73,0.0,-0.56,-0.46,0.5,2026-07-06,1.5141955835962229,3.9497256695561034,1.6705270062121635,-1.745531019978963,1.8529857506261238,-0.6565557256884014,-7.36067297581493,-0.5850114217950448,-5.861494717908178
36,AER,XLI,30.9,None,38.3,24.9,85.6,2026-07-06,153.26,12.52,6.92,-0.012,49.1,0.81,45.0,-0.03,1,2.23,-0.303,,-0.67,-1.13,-2.83,-0.67,0.97,-3.0,-1.44,-0.02,-0.31,-1.07,0.0,0.4,-0.48,-1.44,2026-07-06,-3.9662066296917375,-1.7112620524259214,-3.809875207075797,-4.495034180317292,-1.0175292900760358,-3.4060588860267305,-2.5151554237069607,-1.8033536414857054,-1.0159771658002081
37,AVNT,XLB,30.5,None,48.7,19.1,92.9,2026-07-06,38.63,14.77,13.73,0.047,51.0,1.0,50.0,0.23,5,1.8,-0.473,5 distribution days in 20,-1.35,1.36,0.36,-1.21,1.11,-0.2,1.89,0.46,0.69,0.08,0.13,1.43,1.55,1.89,2026-07-06,-8.542583484338607,-5.893704907385789,-8.386252061722667,-7.144706186901384,-3.3937394428952055,-6.055730892610823,-6.316334455086736,-5.252916048280865,-4.817156197179983
38,ARMK,XLI,30.1,None,37.8,24.0,85.6,2026-07-06,55.9,5.0,-0.6,-0.036,49.1,0.73,40.0,0.09,1,1.36,-0.326,,-2.1,-1.12,-2.85,-0.9,1.42,-0.87,-0.9,-1.45,-0.29,-1.09,-0.22,0.85,1.77,-0.9,2026-07-06,3.5510349750178527,5.805979552283668,3.7073663976337934,0.49964311206280865,3.977148002304065,1.5886184063533704,3.158458244111362,3.870260026332617,4.657636502018114
39,DASH,XLY,28.5,None,14.6,55.8,26.0,2026-07-06,188.46,17.73,16.89,-0.023,46.7,0.93,50.0,-0.41,3,1.99,0.367,,1.03,0.28,0.48,2.02,-1.06,0.83,0.82,0.38,-0.92,1.02,0.67,-1.92,-1.46,0.82,2026-07-06,-2.6495507060333767,-0.2140206200734962,-2.493219283417436,-2.9370988446726587,0.6614179259324282,-1.848123550382097,-5.304236200256751,1.4714253537631343,-3.8050579423499986
40,GLW,XLK,27.0,None,12.5,58.4,19.4,2026-07-06,194.43,-1.54,3.28,-0.018,51.6,1.01,35.0,0.52,6,-0.2,0.419,6 distribution days in 20,0.84,0.68,-1.09,0.13,3.0,1.87,-0.11,-0.39,-0.17,0.49,-1.21,1.11,1.37,-0.11,2026-07-06,-1.976644525391047,-2.7671583593831595,-1.8203131027751063,-18.06835226055282,-15.780315741040495,-16.979376966262258,-23.441182772659108,-20.368199417985622,-21.942004514752355
41,CDNA,XLV,26.9,None,40.3,18.0,89.2,2026-07-06,29.07,25.76,18.67,-0.005,52.5,0.72,55.0,-0.06,4,2.3,-0.509,4 distribution days in 20,0.96,-1.05,0.07,0.34,-2.43,-1.56,3.0,0.17,0.07,-0.71,0.67,-0.39,-0.56,3.0,2026-07-06,-2.0095367847411394,0.037745691495771894,-1.8532053621251987,30.653950953678468,33.96250566973988,31.74292624796903,23.910081743869217,24.708278185497292,25.40926000177597
42,ALAB,SMH,26.8,None,15.7,45.9,23.0,2026-07-06,432.39,20.76,24.48,0.031,52.5,1.18,60.0,-0.04,3,0.9,0.168,,1.64,1.48,2.98,2.29,0.67,-0.5,-3.0,0.38,0.41,3.0,1.35,-0.94,-0.16,-3.0,2026-07-06,-10.303109225980078,-11.234111605208374,-10.146777803364138,-23.332217137329316,-19.585794600175422,-22.243241843038753,-29.979784450149438,-24.512731589903236,-28.480606192242686
43,AMD,SMH,24.5,None,11.4,52.6,23.0,2026-07-06,551.95,5.5,9.22,0.006,50.5,1.11,50.0,0.43,2,0.88,0.302,,0.75,0.19,-0.12,0.61,1.16,0.63,-3.0,-0.51,-0.88,1.81,-0.34,-0.45,0.97,-3.0,2026-07-06,3.589842992828074,2.6588406135997777,3.7461744154440146,-2.419073463849575,1.327349073304318,-1.330098169559013,-4.031789106415962,1.43526375383024,-2.5326108485092096
44,AMRX,XPH,23.9,None,76.2,7.5,98.2,2026-07-06,16.93,25.18,9.41,0.035,51.4,0.7,55.0,-0.12,1,1.19,-1.008,,-0.98,-2.28,,-0.67,-0.85,-0.08,0.58,0.5,0.1,-3.0,1.35,-0.3,0.02,0.58,2026-07-06,-0.14526438117374862,2.8441420910363835,0.01106704144219206,1.743172574084828,4.529415499639899,2.83214786837539,5.084253341080758,5.6937439810459285,6.58343159898751
45,ROK,XLI,17.3,None,22.6,13.2,85.6,2026-07-06,481.33,4.49,-1.11,0.005,47.6,1.4,65.0,0.01,4,1.04,-0.693,4 distribution days in 20,-0.57,-2.17,0.72,2.02,0.58,0.01,-0.94,0.08,-1.35,2.48,2.7,0.0,2.66,-0.94,2026-07-06,-3.475447038305568,-1.220502461039752,-3.3191156156896273,-3.9125044651299623,-0.4349995748887059,-2.8235291708394006,-2.3449811939232235,-1.6331794117019682,-0.8458029360164709
46,CRWD,IGV,11.8,None,5.1,27.1,27.3,2026-07-06,199.4,10.88,16.15,0.04,50.7,1.1,60.0,-0.39,1,2.79,-0.244,,-0.37,0.67,0.02,-1.35,-0.45,1.22,-2.99,-0.56,-2.46,-0.61,-0.67,-2.18,-1.65,-2.99,2026-07-06,-6.387961532712138,-3.1534039367188123,-6.231630110096198,-1.1310977128905275,1.8745366777605632,-0.042122418599965794,-10.259604364940955,-5.094746268112904,-8.760426107034203
47,TKR,XLI,11.3,None,15.9,8.0,85.6,2026-07-06,141.95,6.47,0.87,0.032,51.3,1.11,50.0,0.09,5,0.64,-0.974,5 distribution days in 20,0.02,-0.12,1.63,-1.35,0.95,-1.54,0.41,0.67,0.7,3.0,-0.67,0.38,1.1,0.41,2026-07-06,-3.4364501679731263,-1.1815055907073102,-3.2801187453571856,-6.1800111982082795,-2.702506307967023,-5.091035903917717,-1.5467525195968723,-0.8349507373756171,-0.0475742616901198
48,ARQT,XBI,8.5,None,27.8,2.6,97.8,2026-07-06,26.1,18.96,-1.66,-0.019,50.6,0.71,45.0,-0.33,1,0.7,-1.557,,-1.47,-2.06,1.98,-0.67,-2.97,-0.64,-0.27,-0.55,-0.18,-0.89,0.0,-2.07,0.11,-0.27,2026-07-06,3.1939163498098777,7.343742026277744,3.3502477724258184,4.638783269961966,11.485224293071406,5.727758564252527,5.931558935361214,13.000146760482323,7.430737193267967
49,BIIB,XLV,6.4,None,9.5,4.3,89.2,2026-07-06,208.46,6.09,-0.99,-0.065,46.0,0.75,35.0,-0.26,3,0.82,-1.295,,-0.64,-3.0,-1.55,-1.35,-3.0,-1.67,0.59,-1.42,-2.29,-2.32,-1.01,-1.55,-0.68,0.59,2026-07-06,-1.2909468516945188,0.7563356245423924,-1.1346154290785782,-5.621636930048157,-2.313082213986739,-4.532661635757595,-5.527234966487304,-4.729038524859231,-4.028056708580552
50,AMAT,SMH,5.3,None,2.1,13.2,23.0,2026-07-06,592.55,18.17,21.89,-0.005,51.7,0.98,55.0,0.27,7,0.06,-0.69,7 distribution days in 20,-2.17,0.59,-2.25,-1.08,2.08,-0.32,-0.19,-3.0,-0.48,-0.32,-2.02,0.47,0.02,-0.19,2026-07-06,5.4573489729610625,4.526346593732766,5.613680395577003,-3.603355544541731,0.14306699261216194,-2.514380250251169,-5.218716155441738,0.2483367048044638,-3.7195378975349858
51,CAT,XLI,4.0,None,6.1,2.6,85.6,2026-07-06,968.08,3.15,-2.45,-0.005,51.4,1.3,50.0,-0.07,5,0.11,-1.563,5 distribution days in 20,-1.8,-1.06,1.94,-0.54,-0.77,-2.14,3.0,-1.15,-0.24,3.0,0.13,-1.34,0.5,3.0,2026-07-06,-1.5337390844138654,0.7212054928519507,-1.3774076617979247,-8.472082561524207,-4.994577671282951,-7.383107267233646,-7.587192378936225,-6.875390596714969,-6.088014121029472
52,CORT,XBI,3.1,None,8.1,1.2,97.8,2026-07-06,91.6,22.31,1.69,-0.001,48.1,0.71,50.0,0.09,0,2.32,-1.974,,-1.62,-3.0,3.0,-1.35,-1.3,-0.47,-2.08,-0.7,-2.39,0.5,-0.67,-0.4,0.28,-2.08,2026-07-06,-7.06009745533297,-2.910271778865104,-6.90376603271703,-0.801299404439626,6.045141618669814,0.28767588985093573,-1.3643746616134211,5.704213163507687,0.13480359629333138
53,WSM,XRT,2.1,None,2.1,2.2,73.0,2026-07-06,223.06,7.58,2.54,-0.1,40.5,0.94,30.0,-0.2,3,-0.07,-1.658,,-3.0,-0.97,1.88,-0.0,-0.85,-1.87,-1.34,-3.0,-2.18,-0.04,-1.35,-0.66,-0.87,-1.34,2026-07-06,-3.975100044464208,-3.4510626783215703,-3.8187686218482675,-0.7025344597598959,-1.8189618919768114,0.3864408345306658,4.206313917296578,2.4291437190737453,5.7054921752033305
1,PAY,IGV,97.5,Strong,97.7,97.3,18.3,2026-07-13,28.95,40.19,38.23,0.117,61.2,1.04,70.0,0.21,2,3.78,2.043,extended >3 ATR above 20d avg,2.9,3.0,-0.09,1.35,2.08,3.0,1.17,2.75,3.0,-0.53,3.0,1.25,1.89,1.17,2026-07-13,4.876325088339217,2.1587560275657447,6.047172717940164,11.1660777385159,10.735138511996567,12.746788791477726,21.837455830388674,14.279444780664917,20.93495526298816
2,WAY,XLV,96.5,Strong,95.8,97.3,27.9,2026-07-13,23.03,24.79,19.58,0.02,56.3,0.77,60.0,0.22,2,2.26,2.048,,2.91,3.0,-1.15,3.0,0.56,1.27,-0.05,1.41,3.0,-1.1,2.7,1.39,1.7,-0.05,2026-07-13,-0.9861048857014776,-0.6031795875219292,0.18474274389946865,3.653070372030487,1.4496805415220138,5.233781424992312,1.5688032272523689,0.10615413748464864,0.6663026598518584
3,ZBRA,XLK,95.5,Strong,94.3,96.8,21.2,2026-07-13,266.51,19.87,20.8,0.049,57.2,0.83,55.0,0.17,0,1.28,1.948,,2.8,3.0,0.36,2.36,1.96,2.4,0.03,2.55,2.75,0.27,2.02,0.97,1.91,0.03,2026-07-13,-0.9497939303109715,3.3989799116508794,0.22105369928997476,-0.8392656425627365,4.277900569971315,0.7414454103990886,9.415511427500945,12.472732135947819,8.513010860100435
4,TMO,XLV,95.3,Strong,95.1,95.6,27.9,2026-07-13,528.31,11.24,6.03,0.081,59.5,0.8,55.0,0.13,1,2.0,1.785,,3.0,2.77,-2.31,0.67,0.24,1.26,-0.9,2.38,3.0,-2.26,0.0,1.07,1.69,-0.9,2026-07-13,0.2649587312479662,0.6478840294275146,1.4358063608489124,6.578220011055835,4.374830180547362,8.158931064017661,9.33264710928119,7.86999801951347,8.43014654188068
5,VCYT,XLV,95.0,Strong,95.7,94.4,27.9,2026-07-13,57.5,21.28,16.07,0.076,56.3,0.87,75.0,-0.07,1,0.59,1.661,,3.0,2.92,-0.06,3.0,-1.53,0.69,1.07,3.0,3.0,-0.02,3.0,-0.7,1.12,1.07,2026-07-13,-0.8659508139937655,-0.48302551581421715,0.30489681560718074,-3.7348458607551094,-5.938235691263582,-2.1541348077932843,-22.35885001731902,-23.82149910708674,-23.26135058471953
6,BTSG,XLV,91.7,Strong,93.2,90.2,27.9,2026-07-13,69.61,10.35,5.14,0.089,56.7,0.99,75.0,0.18,2,0.63,1.361,,3.0,0.67,-0.14,3.0,-0.4,1.3,0.66,2.96,1.07,-0.1,3.0,0.43,1.73,0.66,2026-07-13,0.1419849495953418,0.5249102477748901,1.312832579196288,2.20076671872782,-0.002623111780652998,3.7814777716896453,-14.155899474655698,-15.618548564423417,-15.058400042056208
7,CTVA,XLB,91.0,Strong,96.2,86.0,63.8,2026-07-13,85.9,15.02,15.89,0.133,61.3,,60.0,0.23,2,1.9,1.157,,0.64,3.0,,0.34,1.08,0.43,-0.0,2.58,3.0,,0.67,1.39,1.45,-0.0,2026-07-13,0.0,2.23880597014926,1.1708476296009462,0.8889401985684664,0.3979739770445079,2.4696512515302915,-12.398984068344499,-12.143681633152037,-13.301484635745009
8,ETSY,XLY,82.6,Strong,73.9,92.3,11.3,2026-07-13,80.52,15.93,15.98,0.067,53.1,0.84,55.0,0.31,2,1.44,1.494,,1.71,-0.08,-2.75,2.7,0.58,2.68,-0.6,1.45,-0.5,-1.29,0.67,0.97,1.88,-0.6,2026-07-13,4.72568578553616,5.900631789855815,5.896533415137107,4.538653366583545,8.970618809348117,6.11936441954537,3.690773067331654,1.790125119167496,2.7882724999311437
9,MRK,XLV,80.5,Strong,77.4,83.7,27.9,2026-07-13,123.31,3.47,-1.74,0.002,52.6,1.05,55.0,0.07,2,0.37,1.068,,2.01,1.66,0.44,2.02,0.1,0.67,0.04,0.52,2.05,0.49,1.35,0.93,1.1,0.04,2026-07-13,0.8973731440691912,1.2802984422487396,2.0682207736701375,6.045031815956925,3.841641985448452,7.62574286891875,3.622124326970133,2.159475237202413,2.7196237595696227
10,SCHW,XLF,80.4,Strong,91.0,71.0,82.7,2026-07-13,102.08,15.45,8.52,0.079,56.0,0.95,65.0,0.07,0,2.87,0.698,,0.71,3.0,-0.3,0.0,-0.23,-0.11,-1.42,2.34,3.0,-0.9,0.67,0.63,0.66,-1.42,2026-07-13,1.4873574615765994,0.8023024769001852,2.6582050911775457,3.0044620723847393,0.7870472535637552,4.585173125346564,4.670302429350537,1.6055827610613749,3.7678018619500264
11,DDOG,IGV,79.3,Strong,72.6,86.7,18.3,2026-07-13,260.25,11.15,9.18,0.094,53.8,0.74,65.0,-0.1,0,1.32,1.187,,3.0,1.95,-1.39,-0.67,-0.1,2.11,-3.0,2.9,-0.35,-1.82,1.35,-0.93,-0.1,-3.0,2026-07-13,3.23200627574034,0.5144372149668675,4.402853905341287,-1.20808001568935,-1.6390192422086836,0.37263103727247504,7.26024710727593,-0.2977639424478262,6.35774653987542
12,DHR,XLV,79.3,Strong,76.1,82.7,27.9,2026-07-13,200.24,10.99,5.78,0.019,54.2,0.78,55.0,0.17,0,2.0,1.032,,1.98,0.51,-2.09,0.67,0.93,-0.2,-0.15,0.49,0.9,-2.05,0.0,1.76,0.23,-0.15,2026-07-13,1.7775084583143919,2.16043375649394,2.948356087915338,-0.7726102105741539,-2.976000041082627,0.8081008423876712,-0.24238751704286354,-1.7050366068105838,-1.144888084443374
13,CVLT,IGV,78.1,Strong,74.0,82.4,18.3,2026-07-13,148.65,17.16,15.19,0.102,56.1,0.92,65.0,0.21,3,1.54,1.021,,1.3,3.0,0.13,-0.67,0.71,2.9,0.29,1.15,1.72,-0.3,1.35,-0.12,0.7,0.29,2026-07-13,1.1242930059318645,-1.593276054841608,2.295140635532811,2.9314388191474583,2.500499592628125,4.512149872109283,-13.801903710856667,-21.359914760580423,-14.704404278257178
14,SOFI,XLF,77.6,Strong,91.7,65.7,82.7,2026-07-13,18.13,8.76,1.83,0.041,54.7,0.94,60.0,-0.05,1,0.34,0.575,,0.13,0.08,-0.59,3.0,-1.13,-0.71,3.0,1.76,1.36,-1.19,3.0,-0.28,0.06,3.0,2026-07-13,-6.479956068094451,-7.165011052770865,-5.309108438493505,-7.358594179022515,-9.576008997843498,-5.77788312606069,-0.9884678747940634,-4.053187543083226,-1.8909684421945738
15,MANH,IGV,74.8,Strong,67.0,83.6,18.3,2026-07-13,158.41,12.89,10.92,0.04,52.8,1.1,60.0,0.13,2,2.26,1.065,,0.91,2.91,0.04,-1.8,2.15,2.68,0.56,0.76,0.6,-0.39,0.22,1.32,0.48,0.56,2026-07-13,8.396096666448361,5.678527605674889,9.566944296049307,4.3028358111205645,3.871896584601231,5.88354686408239,22.72185473835875,15.163843688634994,21.819354170958242
16,OKTA,IGV,74.7,Strong,66.0,84.5,18.3,2026-07-13,139.58,18.79,16.82,0.097,50.0,1.04,75.0,0.22,2,1.35,1.097,,2.41,1.85,1.0,1.35,1.17,1.75,-1.99,2.26,-0.46,0.57,3.0,0.34,-0.45,-1.99,2026-07-13,7.298372513562379,4.580803452788906,8.469220143163325,-0.6003616636528153,-1.0313008901721488,0.9803493893090098,2.4376130198914936,-5.120398029832263,1.5351124524909832
17,CART,XLY,73.8,Strong,62.2,87.5,11.3,2026-07-13,48.27,15.2,15.25,0.078,51.1,1.14,60.0,0.19,2,1.23,1.222,,2.13,0.52,0.76,2.7,0.22,2.25,2.3,1.88,0.1,2.22,0.67,0.61,1.45,2.3,2026-07-13,-3.2511907227169234,-2.0762447183972688,-2.080343093115977,-8.780285773452068,-4.3483203306874945,-7.199574720490243,-6.0260923586663795,-7.9267403068305375,-6.92859292606689
18,FIVN,IGV,73.1,Strong,64.9,82.3,18.3,2026-07-13,25.8,23.92,21.95,0.081,54.6,1.1,60.0,0.36,0,3.09,1.019,extended >3 ATR above 20d avg,1.81,2.89,1.64,0.0,1.75,1.85,-0.98,1.65,0.58,1.21,2.02,0.92,-0.35,-0.98,2026-07-13,5.373256767842505,2.655687707069032,6.544104397443451,4.737489745693191,4.306550519173857,6.318200798655016,18.785890073831023,11.227879024107267,17.88338950643051
19,FLYW,IGV,72.8,Strong,67.0,79.1,18.3,2026-07-13,17.8,20.43,18.46,0.027,57.7,0.58,60.0,0.05,1,1.06,0.915,,0.83,3.0,-0.34,-1.35,0.76,1.83,-0.21,0.68,1.41,-0.78,0.67,-0.07,-0.37,-0.21,2026-07-13,0.7821229050279266,-1.935446155745546,1.9529705346288728,-9.860335195530713,-10.291274422050046,-8.279624142568888,-7.094972067039107,-14.652983116762863,-7.997472634439617
20,VEEV,XLV,72.5,Strong,68.6,76.7,27.9,2026-07-13,196.81,21.83,16.62,0.015,50.6,0.93,50.0,0.16,0,3.08,0.845,extended >3 ATR above 20d avg,2.0,1.03,-0.04,0.67,0.85,-0.06,0.44,0.51,1.42,0.01,0.0,1.68,0.37,0.44,2026-07-13,3.839680201977691,4.22260550015724,5.010527831578637,2.2722491058278838,0.0688592753194106,3.852960158789709,8.468335787923408,7.005686698155688,7.565835220522898
21,EXPE,XLY,72.2,Strong,60.2,86.5,11.3,2026-07-13,265.26,18.27,18.32,0.089,52.6,0.87,60.0,0.01,0,0.91,1.18,,1.55,1.07,-1.8,2.02,0.07,1.94,-2.72,1.29,0.65,-0.34,0.0,0.46,1.14,-2.72,2026-07-13,0.987682568737358,2.1626285730570127,2.1585301983383043,6.025245013919056,10.45721045668363,7.605956066880881,13.49197269572513,11.591324747560972,12.58947212832462
22,ARMK,XLI,70.2,Strong,83.3,59.1,69.1,2026-07-13,58.03,6.63,3.37,0.047,48.8,0.71,50.0,0.19,1,2.43,0.435,,0.22,0.02,-2.95,-1.35,1.47,-0.1,-0.85,1.72,-0.1,-0.89,1.35,1.56,2.51,-0.85,2026-07-13,-3.1470335339638833,-1.1931754922374083,-1.976185904362937,-0.584694754944104,-1.4401975698243308,0.9960162980177212,-2.596732588134132,-3.3915223000228645,-3.4992331555346423
23,MNST,XLP,70.2,Strong,57.5,85.7,10.6,2026-07-13,48.54,5.5,5.59,0.022,52.9,1.08,50.0,0.01,2,0.88,1.145,,1.58,3.0,0.18,0.45,0.42,1.91,-1.4,0.62,1.61,1.12,0.0,0.01,2.01,-1.4,2026-07-13,-2.3731587561374834,-2.7662030629502565,-1.2023111265365372,-2.53682487725041,-3.5611221616715594,-0.9561138242885847,-4.316693944353522,-4.721648684706081,-5.219194511754033
24,XYZ,IGV,66.4,Moderate,57.2,77.0,18.3,2026-07-13,78.72,13.92,11.95,0.01,49.5,0.91,50.0,0.01,1,1.06,0.855,,1.12,2.13,-0.54,-1.48,1.27,2.42,-1.29,0.97,-0.17,-0.98,0.54,0.44,0.22,-1.29,2026-07-13,0.8263412153572514,-1.8912278454162212,1.9971888449581976,3.2926519196542214,2.861712693134888,4.873362972616047,4.373251970505976,-3.1847590792177805,3.4707514031054654
25,HQY,XLV,60.2,Moderate,55.5,65.2,27.9,2026-07-13,95.64,7.51,2.3,0.059,53.7,0.95,55.0,0.27,3,1.93,0.565,,2.18,0.47,-1.29,-0.67,0.4,-0.16,0.31,0.69,0.87,-1.25,-1.35,1.23,0.27,0.31,2026-07-13,5.52618933205189,5.9091146302314375,6.697036961652836,5.71840461316675,3.5150147826582767,7.299115666128575,11.442148539697804,9.979499449930085,10.539647972297294
26,SHC,XLV,57.7,Moderate,53.0,62.9,27.9,2026-07-13,18.16,10.7,5.49,0.048,50.0,0.8,50.0,0.36,3,2.16,0.513,,2.4,-0.59,-0.51,0.67,1.28,0.13,-0.71,0.91,-0.2,-0.46,0.0,2.11,0.57,-0.71,2026-07-13,-3.6247924737133452,-3.241867175533797,-2.453944844112399,-4.593248478140577,-6.79663830864905,-3.012537425178752,-0.3873824017708971,-1.8500314915386173,-1.2898829691714075
27,NESR,OIH,53.2,Weak,34.2,82.9,5.2,2026-07-13,28.19,13.4,23.46,0.038,53.3,0.71,70.0,-0.28,6,0.78,1.038,6 distribution days in 20,2.78,2.09,-1.77,1.69,-0.02,0.34,0.79,0.25,0.68,-1.17,0.67,-0.67,0.53,0.79,2026-07-13,-6.458261765716244,-2.94533904487273,-5.287414136115299,-7.694950188938499,-6.915729409717708,-6.114239135976674,-4.55170044658193,-2.7849523432001644,-5.45420101398244
28,AVPT,IGV,52.5,Weak,41.5,66.5,18.3,2026-07-13,12.7,16.9,14.93,0.072,52.6,0.88,50.0,0.17,3,2.65,0.593,,0.91,2.96,-0.09,-3.0,1.26,1.75,0.73,0.76,0.65,-0.52,-1.35,0.43,-0.45,0.73,2026-07-13,9.693454846727413,6.97588578595394,10.864302476328358,6.130903065451543,5.699963838932209,7.711614118413368,10.687655343827673,3.129644294103917,9.785154776427163
29,DASH,XLY,52.4,Weak,38.8,70.7,11.3,2026-07-13,189.59,22.67,22.72,-0.009,48.1,0.9,55.0,-0.17,3,1.12,0.69,,1.47,-0.12,-0.81,3.0,-0.64,0.69,-0.28,1.21,-0.55,0.65,1.35,-0.25,-0.11,-0.28,2026-07-13,1.6837009144701431,2.858646918789798,2.8545485440710894,-0.7961269499731083,3.635838492791465,0.7845841029887168,7.8536847767616935,5.9530368285975355,6.951184209361183
30,KO,XLP,50.8,Weak,35.9,71.8,10.6,2026-07-13,83.77,2.77,2.87,-0.001,48.7,0.97,45.0,-0.08,3,1.42,0.718,,0.54,2.16,-0.78,-0.22,0.62,0.92,0.75,-0.42,0.71,0.16,-0.67,0.21,1.02,0.75,2026-07-13,-2.450101589578102,-2.843145896390875,-1.2792539599771557,-0.09561372056889894,-1.1199110049900485,1.4850973323929262,3.2030596390582033,2.7981048987056445,2.300559071657693
31,CDNA,XLV,50.3,Weak,46.4,54.5,27.9,2026-07-13,28.77,21.65,16.44,0.032,54.7,0.92,55.0,0.02,5,1.3,0.341,5 distribution days in 20,3.0,0.25,0.2,1.35,-1.06,-0.67,2.1,1.7,0.64,0.25,0.67,-0.23,-0.24,2.1,2026-07-13,33.37969401947147,33.76261931765102,34.55054164907242,26.49513212795549,24.291742297447016,28.075843180917314,66.4116828929068,64.94903380313907,65.50918232550629
32,ABNB,XLY,47.3,Weak,33.0,67.7,11.3,2026-07-13,146.34,11.86,11.91,-0.016,51.4,0.81,35.0,-0.13,0,0.56,0.62,,0.22,0.71,-2.44,1.35,-0.78,0.54,-2.45,-0.03,0.29,-0.98,-0.67,-0.39,-0.26,-2.45,2026-07-13,-0.16532341392848648,1.0096225903911682,1.0055242156724598,1.164152373079852,5.596117815844425,2.744863426041677,3.76110766687332,1.860459718709162,2.8586070994728097
33,PANW,IGV,44.7,Weak,34.8,57.3,18.3,2026-07-13,330.19,18.13,16.16,0.066,55.1,0.96,50.0,0.06,2,0.99,0.397,,0.33,2.66,0.32,-1.8,-0.65,1.85,-0.53,0.17,0.35,-0.11,0.22,-1.49,-0.35,-0.53,2026-07-13,5.48197871311078,2.7644096523373074,6.652826342711727,-4.044206579583943,-4.475145806103276,-2.4634955266221175,4.964925012094801,-2.5930860376289555,4.06242444469429
34,MPC,XLE,42.8,Weak,62.9,29.1,80.1,2026-07-13,296.02,13.82,13.75,0.081,52.9,1.18,70.0,0.24,1,4.04,-0.195,extended >3 ATR above 20d avg,0.84,-0.27,3.0,0.67,0.95,0.74,-1.42,1.19,0.33,0.69,1.35,0.94,1.02,-1.42,2026-07-13,5.167457717761881,3.5087317604652446,6.338305347362827,4.137977137509186,1.738118305675762,5.718688190471011,2.429975265726303,-0.693370419821604,1.5274746983257925
35,TTEK,XLI,39.0,None,55.7,27.3,69.1,2026-07-13,31.11,11.67,8.4,-0.038,53.1,1.25,50.0,0.18,4,2.27,-0.24,4 distribution days in 20,-1.08,2.58,-0.45,-1.35,2.47,-3.0,-1.2,0.42,2.46,1.61,1.35,2.55,-0.51,-1.2,2026-07-13,1.8270799347471556,3.7809379764736306,2.997927564348102,3.8499184339314763,2.9944156190512494,5.430629486893301,10.114192495921692,9.31940278403296,9.211691928521182
36,TOST,IGV,38.9,None,29.5,51.2,18.3,2026-07-13,29.97,21.29,19.32,0.021,51.1,1.39,55.0,-0.03,5,2.34,0.275,5 distribution days in 20,1.25,2.25,1.74,-0.67,1.13,2.14,0.7,1.1,-0.06,1.3,1.35,0.3,-0.06,0.7,2026-07-13,6.286600068894255,3.569031008120782,7.457447698495201,6.166035136066128,5.735095909546795,7.746746189027953,12.917671374440243,5.3596603247164865,12.015170807039732
37,FRSH,IGV,35.5,None,26.5,47.5,18.3,2026-07-13,10.82,17.54,15.57,0.022,53.6,0.9,65.0,-0.3,5,2.1,0.2,5 distribution days in 20,0.39,2.59,0.51,-0.67,-0.69,0.94,2.99,0.24,0.29,0.08,1.35,-1.52,-1.26,2.99,2026-07-13,5.736137667304009,3.018568606530536,6.9069852969049546,3.537284894837467,3.1063456683181334,5.117995947799292,12.61950286806881,5.061491818345054,11.7170023006683
38,WAT,XLV,35.2,None,30.9,40.2,27.9,2026-07-13,373.27,3.76,-1.45,-0.045,52.3,0.82,40.0,0.02,2,0.44,0.051,,0.91,0.42,-0.34,-0.0,-0.88,-1.48,-0.58,-0.59,0.81,-0.3,-0.67,-0.05,-1.05,-0.58,2026-07-13,-3.755148187030599,-3.372222888851051,-2.584300557429653,-0.10094484373738277,-2.304334674245856,1.4797662092244424,0.9179251123852428,-0.5447239773824775,0.015424544984732336
39,TWLO,IGV,34.1,None,25.3,46.0,18.3,2026-07-13,218.29,5.72,3.76,0.059,49.2,0.91,60.0,0.24,1,1.67,0.169,,0.6,1.11,0.5,-1.8,1.05,1.84,-2.26,0.45,-1.2,0.07,0.22,0.22,-0.36,-2.26,2026-07-13,-3.0374604374320935,-5.755029498205566,-1.8666128078311472,-8.158155793849497,-8.58909502036883,-6.577444740887672,-7.133071944824976,-14.691082994548733,-8.035572512225485
40,PSX,XLE,33.7,None,50.6,22.5,80.1,2026-07-13,197.24,11.3,11.23,0.059,53.2,1.05,60.0,0.04,4,3.76,-0.369,4 distribution days in 20; extended >3 ATR above 20d avg,0.76,0.62,3.0,0.0,0.27,1.52,-0.68,1.11,1.22,1.16,0.67,0.26,1.81,-0.68,2026-07-13,4.4334975369458185,2.7747715796491823,5.604345166546764,3.9408866995073843,1.5410278676739608,5.5215977524692095,3.1114909017794234,-0.011854783768483479,2.208990334378913
41,PCTY,IGV,32.9,None,24.3,44.6,18.3,2026-07-13,124.58,15.13,13.16,0.036,52.8,1.29,50.0,0.08,6,3.23,0.142,6 distribution days in 20; extended >3 ATR above 20d avg,1.25,2.56,1.7,-2.02,2.47,2.47,0.22,1.1,0.25,1.27,0.0,1.64,0.26,0.22,2026-07-13,6.449723941776808,3.7321548810033356,7.620571571377754,8.892420946963341,8.461481720444008,10.473131999925165,16.864647816630395,9.306636766906639,15.962147249229885
42,CDW,XLK,31.4,None,24.4,40.5,21.2,2026-07-13,143.66,11.7,12.63,0.033,47.5,0.99,50.0,-0.01,1,1.84,0.058,,0.21,-0.71,-0.53,-0.34,0.58,1.17,-0.96,-0.04,-1.35,-0.62,-0.67,-0.41,0.68,-0.96,2026-07-13,-8.890609601576793,-4.541835759614942,-7.7197619719758475,-3.308461213571723,1.808704998962329,-1.7277501606098977,3.4774039138392165,6.534624622286089,2.574903346438706
43,MTCH,XLC,31.1,None,26.5,36.4,26.7,2026-07-13,38.55,12.13,12.32,0.017,46.6,0.79,50.0,0.06,3,1.22,-0.03,,1.25,-0.43,0.74,1.8,-1.0,-0.2,-1.01,0.24,-0.87,-1.85,-0.22,-0.15,-1.69,-1.01,2026-07-13,2.1989528795811397,2.2261095737062475,3.369800509182086,1.5968586387434591,4.466415984629224,3.1775696917052842,6.1125654450261635,5.696162801774585,5.210064877625653
44,HALO,XBI,27.8,None,89.9,8.6,98.5,2026-07-13,76.12,7.62,-9.52,0.022,54.2,1.0,45.0,0.32,2,0.61,-0.935,,-1.7,-0.81,0.71,-2.7,-0.2,0.34,1.36,1.41,1.66,-0.6,0.67,2.32,1.69,1.36,2026-07-13,2.472089314194581,5.528857873146542,3.6429369437955272,8.333333333333348,11.62128606901277,9.914044386295174,9.370015948963339,14.757891623250506,8.467515381562828
45,AMRX,XPH,27.7,None,61.3,12.5,88.6,2026-07-13,17.18,5.17,-6.84,0.014,51.1,0.91,50.0,0.16,1,0.63,-0.721,,-1.31,-1.88,-2.17,-1.35,-1.54,-0.8,0.37,0.22,0.06,-1.78,0.67,0.22,-0.18,0.37,2026-07-13,1.743172574084828,1.6385700636245781,2.9140202036857743,5.084253341080758,2.7381684636151427,6.664964394042583,9.587449157466587,7.734490400742144,8.684948590066076
46,WK,IGV,25.9,None,16.6,40.4,18.3,2026-07-13,54.52,10.97,9.0,-0.022,50.3,0.87,40.0,-0.09,2,2.15,0.056,,-0.47,2.56,0.53,-3.0,0.71,1.06,-0.62,-0.62,0.26,0.09,-2.02,-0.12,-1.14,-0.62,2026-07-13,9.498276522405202,6.78070746163173,10.669124152006148,6.702412868632712,6.271473642113379,8.283123921594537,17.330524703178863,9.772513653455107,16.42802413577835
47,REGN,XBI,24.0,None,81.1,7.1,98.5,2026-07-13,662.45,8.59,-8.55,-0.011,55.3,0.84,55.0,0.29,0,1.81,-1.033,,-3.0,-0.76,-2.01,-3.0,-0.66,-1.03,0.48,-0.65,1.71,-3.0,0.0,1.86,0.32,0.48,2026-07-13,2.1803630388144146,5.237131597766376,3.351210668415361,1.3891636109124583,4.67711634659188,2.9698746638742834,15.387307335331624,20.775183009618793,14.484806767931113
48,PAA,XLE,23.7,None,36.2,15.5,80.1,2026-07-13,23.14,4.66,4.59,0.064,52.9,1.22,65.0,0.01,2,2.71,-0.597,,-0.19,-0.03,3.0,0.0,-0.02,0.19,-1.08,0.16,0.57,1.56,0.67,-0.03,0.47,-1.08,2026-07-13,3.1492666091458066,1.4905406518491704,4.320114238746752,2.976704055220014,0.5768452233865906,4.557415108181839,4.378774805867125,1.255429120319218,3.4762742384666145
49,PARR,XLE,18.3,None,34.9,9.6,80.1,2026-07-13,70.9,28.02,27.95,0.061,56.3,1.01,55.0,0.25,4,4.22,-0.873,4 distribution days in 20; extended >3 ATR above 20d avg,-0.42,0.15,3.0,-0.84,0.86,0.81,-1.08,-0.08,0.75,0.07,-0.17,0.84,1.09,-1.08,2026-07-13,7.0354116640446,5.376685706747963,8.206259293645546,8.498247357235522,6.098388525402099,10.078958410197348,14.335789793270948,11.21244410772304,13.433289225870437
50,LLY,SPY,12.3,None,12.5,12.2,,2026-07-13,1183.14,2.11,0.3,-0.076,48.5,0.74,45.0,-0.02,0,0.43,-0.737,,-2.93,0.68,-0.6,-2.02,0.13,0.94,-3.0,-3.0,-0.01,-1.04,-1.35,0.31,0.78,-3.0,2026-07-13,-1.638696600649292,-0.4678489710483458,-0.4678489710483458,2.732878712403597,4.313589765365422,4.313589765365422,-3.838225947747209,-4.74072651514772,-4.74072651514772
51,AER,XLI,12.2,None,19.6,7.6,69.1,2026-07-13,148.91,8.12,4.85,-0.062,47.0,0.71,30.0,-0.09,0,0.48,-0.996,,-2.32,-0.47,-3.0,-3.0,-0.3,-2.48,-3.0,-0.82,-0.59,-1.4,-1.35,-0.22,0.13,-3.0,2026-07-13,-1.575169480260541,0.3786885614659341,-0.4043218506595947,0.4652399308786359,-0.3902628840015909,2.045950983840461,1.940715140236593,1.1459254283478604,1.0382145728360825
52,DT,IGV,10.8,None,6.3,18.6,18.3,2026-07-13,44.62,10.53,8.56,-0.032,45.4,0.81,40.0,-0.28,1,0.94,-0.488,,-2.02,0.82,-1.19,-3.0,-0.27,0.55,-0.44,-2.17,-1.48,-1.62,-2.02,-1.1,-1.65,-0.44,2026-07-13,3.3996299722479195,0.6820609114744469,4.570477601848866,1.0869565217391353,0.6560172952198018,2.6676675747009604,3.029602220166505,-4.528408829557251,2.1271016527659947
53,EXEL,XBI,9.9,None,60.8,1.6,98.5,2026-07-13,56.07,4.83,-12.31,0.019,49.8,0.98,60.0,0.2,4,1.19,-1.807,4 distribution days in 20,-1.68,-2.67,2.06,-1.35,-1.16,-0.08,1.09,1.43,-0.2,0.75,2.02,1.35,1.27,1.09,2026-07-13,-0.5909742120343897,2.4657943469175714,0.5798734175665565,-0.05372492836676068,3.234227807312662,1.5269861245950644,-1.378939828080239,4.008935846206929,-2.2814403954807494
54,CRWD,IGV,9.1,None,6.0,13.7,18.3,2026-07-13,187.87,8.69,6.72,0.059,50.5,0.95,60.0,-0.22,0,0.67,-0.669,,-0.33,-0.3,-0.03,-2.7,-0.86,1.23,-3.0,-0.48,-2.61,-0.46,-0.67,-1.69,-0.97,-3.0,2026-07-13,3.7056394710709206,0.988070410297448,4.876487100671866,-5.869440234150424,-6.300379460669758,-4.288729181188599,5.858987090367407,-1.6990239593563494,4.956486522966896
55,CORT,XBI,1.7,None,10.1,0.3,98.5,2026-07-13,85.83,3.11,-14.03,0.034,50.3,0.88,60.0,-0.04,2,-0.14,-2.636,heavy selling into close today,-3.0,-3.0,2.96,-3.0,-3.0,-0.75,-1.04,-0.12,-1.75,1.64,-0.67,-0.75,0.6,-1.04,2026-07-13,6.030092592592595,9.086861151544557,7.200940222193541,5.428240740740731,8.716193476420154,7.008951793702556,30.47453703703704,35.86241271132421,29.57203646963653
1,PAY,IGV,95.2,Strong,97.2,93.2,48.7,2026-07-20,29.68,40.86,36.49,0.109,57.8,0.85,65.0,-0.2,1,2.86,1.56,,1.99,3.0,-2.77,0.0,-0.24,0.42,0.65,2.6,2.96,-3.0,2.7,-0.65,0.03,0.65,2026-07-20,7.850531367843661,9.035571593979785,8.82441777910582,18.20363387041479,12.376280097855538,16.678997902438873,33.664724031539265,19.46598517526617,30.076792163289316
2,CRM,IGV,94.3,Strong,95.4,93.2,48.7,2026-07-20,173.48,14.49,10.11,0.052,52.9,0.95,65.0,0.04,3,1.56,1.563,,3.0,3.0,-0.53,0.67,1.62,0.19,1.41,3.0,2.49,-0.83,3.0,1.21,-0.2,1.41,2026-07-20,3.8855909336211525,5.070631159757277,4.859477344883311,11.296995862565208,5.469642090005956,9.77235989458929,18.21670564250164,4.017966786228545,14.628773774251691
3,TMO,XLV,92.7,Strong,91.6,93.8,28.6,2026-07-20,526.0,13.31,6.22,0.076,59.7,0.77,50.0,0.07,1,0.91,1.609,,3.0,2.34,-1.39,0.67,2.18,-0.07,-0.85,2.74,3.0,-1.57,0.0,0.37,0.02,-0.85,2026-07-20,10.343194332063721,6.596300812660161,11.31708074332588,13.194924118332008,10.19995820996522,11.67028815035609,18.23922953957886,11.312574342994399,14.651297671328912
4,ETSY,XLY,91.2,Strong,86.1,96.6,8.3,2026-07-20,83.99,13.65,15.64,0.08,54.8,0.86,65.0,0.31,2,1.52,1.928,,2.32,1.17,-2.66,3.0,1.6,1.9,-0.72,1.85,0.07,-1.17,1.57,1.04,2.63,-0.72,2026-07-20,-0.5456702253855195,2.7500724094601803,0.4282161858766398,-1.3523131672597888,-4.464473321119389,-2.876949135235707,-4.697390272835101,-9.112111839405602,-8.28532214108505
5,WAY,XLV,88.8,Strong,87.4,90.3,28.6,2026-07-20,22.09,19.6,12.51,0.031,53.5,0.69,60.0,-0.17,1,0.5,1.365,,2.45,0.79,-1.17,2.25,1.81,0.42,-1.06,1.56,2.18,-1.35,1.57,-0.0,0.5,-1.06,2026-07-20,6.224161690399632,2.477268170996072,7.198048101661792,4.088194763435915,1.0932288550691283,2.563558795459997,13.458888378502532,6.532233181918069,9.870956510252583
6,MPC,XLE,84.9,Strong,93.2,77.4,82.6,2026-07-20,314.64,29.95,21.35,0.114,56.4,,70.0,0.42,1,4.58,0.865,extended >3 ATR above 20d avg,2.99,-0.69,,1.35,0.6,0.3,-0.76,2.57,1.95,,1.35,1.35,0.65,-0.76,2026-07-20,-2.1451678758754977,-2.5083640017834807,-1.1712814646133385,-3.7501177800810304,-4.822411104190327,-5.274753748056948,0.2732497879958551,-3.2203510421667136,-3.3146820802540944
7,XYZ,IGV,84.2,Strong,87.0,81.5,48.7,2026-07-20,79.31,6.07,1.69,0.043,50.4,0.81,60.0,0.06,1,0.57,0.991,,1.0,1.45,-3.0,-1.01,1.08,1.02,-1.45,1.61,0.35,-3.0,1.69,0.68,0.63,-1.45,2026-07-20,2.047224315498619,3.232264541634744,3.0211107267607784,3.1147952775684384,-2.7125584949908133,1.5901593095925204,-0.7912584777694187,-14.989997334042513,-4.379190346019368
8,CTVA,XLB,83.8,Strong,86.4,81.2,51.4,2026-07-20,86.62,10.48,13.58,0.13,59.6,1.11,65.0,0.09,3,1.17,0.982,,-0.14,3.0,-1.3,1.69,1.34,-0.61,-0.04,2.01,3.0,0.2,2.02,0.49,-0.3,-0.04,2026-07-20,0.3559944878272825,-1.4343377182598482,1.3298808990894417,-12.86173633440515,-13.896150497922143,-14.386372302381067,-12.367937528709227,-17.699148986835343,-15.955869396959176
9,PSX,XLE,83.1,Strong,94.3,73.3,82.6,2026-07-20,207.76,25.76,17.16,0.094,57.8,0.98,65.0,0.28,2,4.07,0.755,extended >3 ATR above 20d avg,2.87,1.13,3.0,1.35,0.5,1.72,-0.1,2.44,3.0,0.13,1.35,1.25,2.08,-0.1,2026-07-20,-1.4253706440387148,-1.7885667699466978,-0.4514842327765556,-2.2119464175048953,-3.284239741614192,-3.7365823854808133,2.202412165705292,-1.2911886644572768,-1.3855197025446575
10,CTAS,XLI,80.7,Strong,94.0,69.2,78.3,2026-07-20,201.28,18.12,19.4,0.044,60.7,0.76,55.0,0.15,3,3.53,0.656,extended >3 ATR above 20d avg,-1.29,3.0,-3.0,-3.0,2.37,-0.37,2.87,1.27,3.0,-1.45,0.34,1.92,2.06,2.87,2026-07-20,6.104446012702902,4.037753279641421,7.078332423965062,2.5506603488254953,0.5454098321522993,1.0260243808495773,1.9407198306280904,-0.9135504034108788,-1.647212037621859
11,DHR,XLV,77.0,Strong,74.8,79.3,28.6,2026-07-20,201.55,14.01,6.91,0.05,54.5,0.98,65.0,0.16,3,1.42,0.921,,1.86,-0.33,-0.49,2.02,3.0,0.41,0.32,0.97,1.05,-0.66,1.35,1.36,0.5,0.32,2026-07-20,16.385820475612277,12.638926956208717,17.359706886874438,17.007729439985788,14.012763531619001,15.48309347200987,23.943495128379766,17.016839931795303,20.355563260129816
12,CDNA,XLV,71.2,Strong,72.1,70.4,28.6,2026-07-20,38.36,46.97,39.88,0.029,56.7,0.87,60.0,0.9,6,4.12,0.683,6 distribution days in 20; extended >3 ATR above 20d avg; heavy selling into close today,2.47,-0.27,0.37,2.02,3.0,0.88,3.0,1.57,1.12,0.19,1.35,3.0,0.97,3.0,2026-07-20,-3.5013262599469464,-7.2482197793505065,-2.527439848684787,26.949602122015914,23.954636213649128,25.424966154039996,24.77453580901856,17.847880612434096,21.18660394076861
13,HQY,XLV,69.8,Moderate,68.1,71.6,28.6,2026-07-20,98.82,16.04,8.95,0.059,53.4,0.88,55.0,0.29,2,2.08,0.712,,1.58,-0.99,-2.33,-0.67,3.0,0.16,-0.48,0.69,0.39,-2.51,-1.35,1.8,0.25,-0.48,2026-07-20,1.2269938650306678,-2.5198996543728924,2.200880276292827,6.707566462167702,3.7126005538009155,5.182930494191784,9.192229038854816,2.265573842270352,5.604297170604866
14,TTEK,XLI,68.6,Moderate,88.9,53.0,78.3,2026-07-20,31.21,14.41,15.69,0.015,54.0,1.04,60.0,-0.02,2,1.4,0.31,,-1.02,3.0,-1.73,-1.35,1.26,-1.96,-1.94,1.55,3.0,0.39,2.7,0.81,0.47,-1.94,2026-07-20,2.1501925545571288,0.08349982149564728,3.124078965819288,8.311938382541717,6.306687865868521,6.787302414565799,12.227214377406925,9.372944143367956,8.639282509156976
15,META,QQQ,65.2,Moderate,57.4,74.1,15.4,2026-07-20,645.35,11.88,17.68,-0.015,49.3,0.7,45.0,0.37,3,1.22,0.776,,-0.94,0.78,-3.0,-0.67,3.0,0.55,3.0,-0.92,-0.23,-3.0,-0.67,1.55,0.38,3.0,2026-07-20,-9.224956789084837,-5.753964368598896,-8.251070377822678,-9.745017360845566,-8.821308357516244,-11.269653328821484,-9.058231488138036,-11.06999036041968,-12.646163356387985
16,DDOG,IGV,62.5,Moderate,67.3,58.0,48.7,2026-07-20,263.19,18.15,13.78,0.102,54.1,0.8,70.0,0.02,0,0.8,0.411,,2.67,0.58,-0.61,-0.67,-0.48,-0.82,-2.16,3.0,-0.52,-0.91,2.02,-0.88,-1.21,-2.16,2026-07-20,-2.606241057963732,-1.421200831827607,-1.6323546467015726,5.742237345810275,-0.08511642674897679,4.217601377834357,0.8429681760179442,-13.355770680255151,-2.7449636922320053
17,FTI,OIH,60.5,Moderate,54.5,67.1,23.7,2026-07-20,72.01,10.58,13.28,0.036,57.2,1.19,55.0,0.26,1,1.72,0.607,,2.0,2.35,2.31,1.35,0.6,-2.3,1.09,-0.11,2.16,1.23,0.0,1.63,-1.13,1.09,2026-07-20,3.4064266997655412,0.8792549530673321,4.3803131110277,-4.620052406564623,-6.126788873838951,-6.144688374540541,2.1652185905392196,-7.127651649422506,-1.4227132777107299
18,VEEV,XLV,55.7,Moderate,52.2,59.4,28.6,2026-07-20,197.42,28.81,21.72,0.001,50.2,0.89,45.0,-0.21,0,1.97,0.441,,1.32,-0.04,-0.11,0.67,1.19,-0.24,-0.67,0.42,1.35,-0.29,0.0,-0.62,-0.16,-0.67,2026-07-20,-0.2871794871794897,-4.03407300658305,0.6867069240826695,5.753846153846154,2.758880245479367,4.229210185870236,20.348717948717955,13.422062752133492,16.760786080468005
19,SCHW,XLF,50.5,Weak,70.3,36.3,79.4,2026-07-20,102.35,11.94,6.94,0.05,55.5,0.98,60.0,-0.1,0,1.96,-0.031,,-1.03,3.0,-0.51,-0.67,0.03,-2.75,-2.31,1.12,3.0,-0.88,0.0,-0.42,-1.31,-2.31,2026-07-20,-0.048109304339472025,-1.6792259919178987,0.9257771069226872,1.5683633214663706,-0.905198248707495,0.043727353490452536,3.608197825459447,0.345964450302616,0.020265957209497643
20,MANH,IGV,50.0,Weak,56.9,44.0,48.7,2026-07-20,165.51,25.13,20.75,0.042,54.6,1.16,60.0,0.15,3,2.38,0.13,,0.16,2.49,0.3,-2.92,1.76,-0.58,1.31,0.77,1.39,-0.0,-0.22,1.36,-0.98,1.31,2026-07-20,-1.527236752612382,-0.3421965264762572,-0.5533503413502228,15.862239535027523,10.03488576246827,14.337603567051605,20.99795956223336,6.799220705960263,17.41002769398341
21,WDAY,IGV,49.2,Weak,54.6,44.4,48.7,2026-07-20,147.14,25.9,21.52,0.063,54.2,1.02,45.0,0.21,2,1.83,0.138,,1.36,1.32,0.17,-3.0,0.91,0.36,-1.4,1.97,0.22,-0.13,-0.67,0.51,-0.04,-1.4,2026-07-20,5.984625332279636,7.169665558415761,6.958511743541795,18.5573676269847,12.730013854425447,17.032731659008782,32.358646454486674,18.15990759821358,28.770714586236725
22,AVPT,IGV,48.9,Weak,53.7,44.5,48.7,2026-07-20,13.24,27.06,22.68,0.067,54.3,,50.0,0.18,2,2.5,0.139,,0.0,1.93,,-3.0,0.82,0.45,0.31,0.61,0.83,,-0.67,0.42,0.06,0.31,2026-07-20,-2.659574468085102,-1.474534241948977,-1.6856880568229426,1.5197568389057725,-4.307596933653479,-0.004879129070145538,-1.3677811550151908,-15.566520011288286,-4.95571302326514
23,REGN,XBI,47.4,Weak,87.1,25.8,94.1,2026-07-20,671.56,10.21,2.82,0.012,55.3,0.78,60.0,0.12,0,1.43,-0.278,,-2.34,1.07,-3.0,-2.7,-0.55,-0.28,-0.53,0.42,1.7,-3.0,1.35,0.69,0.27,-0.53,2026-07-20,-0.8053351593551361,-0.5272262996014465,0.16855125190702314,12.889828363874557,15.333213345996134,11.365192395898639,20.19738898730221,15.588727882812758,16.609457119052262
24,OKTA,IGV,45.8,Weak,52.6,39.8,48.7,2026-07-20,148.34,25.88,21.5,0.094,50.0,1.09,65.0,-0.29,2,1.15,0.044,,1.63,0.73,0.83,0.0,-1.46,-1.05,-0.77,2.24,-0.37,0.53,2.7,-1.86,-1.44,-0.77,2026-07-20,-5.986180474789626,-4.8011402486535015,-5.012294063527467,-3.112813846890594,-8.940167619449845,-4.637449814866512,3.153861941574898,-11.044876914698197,-0.4340699266750514
25,FIVN,IGV,45.5,Weak,52.3,39.6,48.7,2026-07-20,25.69,32.42,28.04,0.098,53.8,1.28,60.0,0.03,2,1.74,0.038,,1.01,1.58,1.54,-0.67,0.1,-0.23,-2.13,1.62,0.49,1.25,2.02,-0.3,-0.62,-2.13,2026-07-20,1.249008723235523,2.4340489493716477,2.222895134497682,14.82950039651072,9.002146623951468,13.304864428534803,36.63758921490881,22.43885035863571,33.04965734665886
26,TOST,IGV,45.1,Weak,51.9,39.2,48.7,2026-07-20,30.86,25.07,20.69,0.052,50.1,1.17,60.0,-0.03,4,2.12,0.03,4 distribution days in 20,1.3,0.6,0.58,-0.67,0.78,0.15,0.5,1.91,-0.5,0.28,2.02,0.38,-0.24,0.5,2026-07-20,1.5485996705107086,2.7336398966468334,2.522486081772868,8.006589785831952,2.1792360132727007,6.481953817856034,17.561779242174612,3.3630403859015168,13.973847373924663
27,MTCH,XLC,45.0,Weak,47.6,42.5,45.4,2026-07-20,39.04,10.69,9.2,0.042,48.6,0.65,50.0,0.08,2,0.9,0.098,,1.11,0.23,-0.5,-0.34,0.5,-1.77,-1.32,0.54,-0.35,-3.0,-0.67,-0.13,-1.38,-1.32,2026-07-20,0.2842377260981799,2.889302625798651,1.2581241373603391,4.741602067183437,4.051759097227903,3.216966099207519,-5.090439276485803,-6.261356949173469,-8.678371144735753
28,AAPL,QQQ,43.5,Weak,32.7,57.8,15.4,2026-07-20,326.42,9.67,15.47,0.032,54.5,0.83,50.0,0.21,1,2.38,0.407,,-0.15,1.76,-2.03,-2.02,2.21,-1.19,-1.26,-0.13,0.75,-1.21,-2.02,0.71,-1.37,-1.26,2026-07-20,4.242405474870714,7.713397895356655,5.216291886132874,-6.1685194933886685,-5.244810490059348,-7.6931554613645865,-4.545876815408912,-6.5576356876905555,-8.133808683658861
29,PLTR,IGV,38.3,None,43.4,33.8,48.7,2026-07-20,134.85,4.95,0.58,0.019,50.2,1.03,50.0,0.63,3,1.31,-0.086,,-0.08,0.83,-0.15,-3.0,2.69,-0.4,1.3,0.53,-0.27,-0.45,-0.67,2.28,-0.79,1.3,2026-07-20,-1.648598130841128,-0.46355790470500313,-0.6747117195789687,-5.876635514018691,-11.703989286577944,-7.401271481994609,31.00560747663552,16.806868620362426,27.417675608385572
30,ESTC,IGV,38.1,None,44.7,32.5,48.7,2026-07-20,62.73,6.5,2.12,0.088,54.6,1.13,60.0,0.16,1,1.14,-0.115,,0.67,1.09,1.52,-2.7,0.38,0.76,0.73,1.28,-0.01,1.22,0.0,-0.03,0.36,0.73,2026-07-20,0.8563899868247793,2.041430212960904,1.8302763980869385,13.125823451910401,7.298469679351149,11.601187483934483,25.642292490118578,11.443553633845482,22.05436062186863
31,ARMK,XLI,36.2,None,61.5,21.3,78.3,2026-07-20,56.32,5.84,7.13,0.056,50.9,0.95,55.0,-0.09,3,0.14,-0.403,,-0.63,0.95,-1.19,-2.02,-0.01,-2.13,0.0,1.93,0.51,0.92,2.02,-0.45,0.3,0.0,2026-07-20,2.5545502927089014,0.48785755964741995,3.5284367039710607,0.47897817988291624,-1.5262723367902797,-1.0456577880930018,-1.2417952811779265,-4.096065515216896,-4.829727149427876
32,NWS,XLC,35.8,None,40.6,31.6,45.4,2026-07-20,32.11,12.08,10.59,-0.017,52.7,0.78,45.0,0.11,3,2.33,-0.135,,-0.63,1.05,2.41,-0.34,1.21,0.62,3.0,-1.2,0.47,-0.64,-0.67,0.57,1.01,3.0,2026-07-20,-2.836432398361177,-0.23136749866070616,-1.862545987099018,-0.09454774661203924,-0.7843907165675734,-1.6191837145879573,2.1430822565395413,0.9721645838518755,-1.4448496117104082
33,MSFT,QQQ,35.2,None,25.4,48.9,15.4,2026-07-20,401.75,6.19,11.99,0.046,51.6,1.07,60.0,0.2,3,1.87,0.227,,0.08,0.89,0.53,0.29,2.05,-0.87,1.55,0.1,-0.12,1.35,0.29,0.55,-1.04,1.55,2026-07-20,-2.4635242711132377,1.0074681493727033,-1.4896378598510784,22.231988146957637,23.155697150286958,20.70735217898172,26.822530825443856,24.810771953162213,23.234598957193906
34,IOT,IGV,33.6,None,38.5,29.4,48.7,2026-07-20,38.56,21.66,17.28,0.027,51.7,0.89,45.0,-0.05,1,1.64,-0.188,,-0.09,1.03,-0.62,-3.0,0.28,-0.19,-0.94,0.52,-0.07,-0.92,-0.67,-0.13,-0.58,-0.94,2026-07-20,-7.052631578947366,-5.867591352811242,-6.078745167685208,-2.3157894736842155,-8.143143246243467,-3.8404254416601336,4.894736842105263,-9.304002014167832,1.3068049738553134
35,EXEL,XBI,33.0,None,77.4,14.1,94.1,2026-07-20,55.51,6.91,-0.48,0.057,51.1,1.0,65.0,0.07,4,0.4,-0.654,4 distribution days in 20,0.56,-0.14,1.58,-1.35,-0.84,0.42,1.01,3.0,0.49,0.97,2.7,0.4,0.97,1.01,2026-07-20,0.19748653500897273,0.4755953947626623,1.171372946271132,-1.1310592459605084,1.3123257361610685,-2.6556952139364265,-4.919210053859969,-9.527871158349422,-8.507141922109918
36,FRSH,IGV,30.7,None,36.7,25.7,48.7,2026-07-20,11.06,25.11,20.73,0.043,52.4,0.72,60.0,-0.16,4,1.78,-0.281,4 distribution days in 20,0.94,1.01,0.22,-2.02,-0.73,-0.85,1.76,1.55,-0.09,-0.08,0.67,-1.13,-1.25,1.76,2026-07-20,0.6505576208178487,1.8355978469539735,1.624444032080008,9.479553903345717,3.6522001307864658,7.954917935369799,11.245353159851312,-2.9533856964217833,7.657421291601363
37,CVLT,IGV,24.6,None,29.9,20.3,48.7,2026-07-20,146.61,12.66,8.29,0.05,50.3,0.88,60.0,0.02,2,0.43,-0.434,,-0.68,0.67,0.16,-2.02,-0.5,-0.3,-0.42,-0.07,-0.43,-0.14,0.67,-0.91,-0.69,-0.42,2026-07-20,2.4649821477616074,3.650022373897732,3.4388685590237666,-14.192529524855802,-20.019883297415053,-15.71716549283172,-4.233040373523755,-18.431779229796852,-7.820972241773704
38,CVX,SPY,23.2,None,24.1,22.4,,2026-07-20,188.04,9.27,9.87,0.011,56.7,1.19,55.0,0.29,5,3.66,-0.372,5 distribution days in 20; extended >3 ATR above 20d avg,-1.7,2.88,0.21,-2.36,1.7,0.11,0.37,-1.5,2.16,0.15,-1.35,1.07,0.73,0.37,2026-07-20,-0.2647603918453756,0.7091260194167837,0.7091260194167837,1.4085252846174123,-0.11611068335850572,-0.11611068335850572,2.3298914482393407,-1.2580404200106088,-1.2580404200106088
39,PARR,XLE,22.1,None,44.1,11.1,82.6,2026-07-20,77.56,52.44,43.84,0.088,57.5,1.09,60.0,0.5,4,4.3,-0.79,4 distribution days in 20; extended >3 ATR above 20d avg,0.69,-1.54,3.0,0.22,0.72,1.24,-0.77,0.26,1.1,0.94,0.22,1.47,1.6,-0.77,2026-07-20,-0.9948369223019671,-1.35803304820995,-0.02095051103980783,4.331948117365569,3.2596547932562725,2.8073121493896513,-9.75947613650674,-13.253076966669308,-13.347408004756689
40,PANW,IGV,20.4,None,25.4,16.4,48.7,2026-07-20,348.85,21.31,16.93,0.036,55.7,0.93,50.0,-0.28,2,0.98,-0.564,,-0.83,1.7,0.08,-2.7,-2.76,-0.0,-0.84,-0.22,0.6,-0.22,0.0,-3.0,-0.39,-0.84,2026-07-20,-9.101455087076072,-7.916414860939947,-8.127568675813913,-0.5671402383134794,-6.394494010872731,-2.0917762062893974,10.32309807516041,-3.8756407811126863,6.73516620691046
41,PAA,XLE,20.3,None,52.9,7.8,82.6,2026-07-20,23.91,13.97,5.37,0.056,51.6,0.88,65.0,-0.03,0,3.48,-0.988,extended >3 ATR above 20d avg,0.39,-2.65,3.0,1.35,-1.09,-0.54,-0.71,-0.03,-0.01,-1.31,1.35,-0.33,-0.18,-0.71,2026-07-20,-0.5830903790087438,-0.9462865049167268,0.3907960322534154,0.7705122865472758,-0.3017810375620211,-0.7541236814286423,-3.0862140774677305,-6.579814907630299,-6.6741459457176795
42,TWLO,IGV,15.6,None,19.4,12.5,48.7,2026-07-20,205.26,10.34,5.96,0.057,50.1,0.96,60.0,-0.43,2,0.03,-0.721,,-0.16,0.36,0.7,-2.36,-1.48,-1.29,-0.21,0.45,-0.74,0.4,0.34,-1.88,-1.68,-0.21,2026-07-20,-3.895205140879898,-2.7101649147437734,-2.921318729617739,-2.82254078101829,-8.649894553577543,-4.347176748994208,23.687592684132476,9.48885382785938,20.099660815882526
43,CORT,XBI,14.8,None,46.7,4.7,94.1,2026-07-20,91.61,14.6,7.21,0.076,56.9,0.94,65.0,0.17,2,0.82,-1.25,,-2.08,1.25,2.92,-3.0,-1.4,-0.13,0.09,0.68,1.89,2.31,0.0,-0.16,0.43,0.09,2026-07-20,-0.9891304347826035,-0.7110215750289139,-0.015244023520444294,22.53260869565217,24.975993677773744,21.00797272767625,24.16304347826088,19.55438237377143,20.575111610010932
44,PCTY,IGV,13.3,None,14.6,12.2,48.7,2026-07-20,127.25,25.9,21.52,0.01,51.7,1.43,40.0,0.1,3,2.52,-0.737,,0.1,1.03,2.0,-3.0,1.94,-1.63,-1.35,0.71,-0.07,1.7,-1.35,1.54,-2.02,-1.35,2026-07-20,5.597468970552444,6.782509196688569,6.5713553818146035,13.328465969011116,7.5011121964518646,11.803830001035198,18.12281982639736,3.9240809701242654,14.534887958147412
45,WK,IGV,13.0,None,13.1,13.0,48.7,2026-07-20,57.18,20.66,16.28,-0.028,45.1,0.75,40.0,-0.12,1,2.31,-0.702,,-1.4,-0.06,-0.63,-3.0,0.02,-0.25,-0.66,-0.79,-1.15,-0.93,-2.02,-0.39,-0.64,-0.66,2026-07-20,0.4869251577998224,1.6719653839359472,1.4608115690619816,10.495942290351667,4.668588517792416,8.97130632237575,21.55094679891796,7.352207942644863,17.96301493066801
46,NWSA,XLC,8.7,None,10.4,7.3,45.4,2026-07-20,28.2,11.95,10.46,-0.043,46.8,0.9,45.0,-0.03,2,2.29,-1.024,,-2.08,-0.59,2.22,-0.34,0.87,-0.54,-1.34,-2.64,-1.17,-0.83,-0.67,0.23,-0.16,-1.34,2026-07-20,-2.682403433476399,-0.07733853377592803,-1.7085170222142398,-0.3576537911301858,-1.04749676108572,-1.8822897591061039,1.5379113018598067,0.36699362917214096,-2.0500205663901427
47,DT,IGV,7.5,None,7.6,7.5,48.7,2026-07-20,44.71,8.0,3.62,-0.015,43.0,0.77,40.0,-0.13,1,0.52,-1.009,,-2.06,-0.94,-1.37,-3.0,-0.24,-0.85,-0.98,-1.45,-2.04,-1.66,-2.02,-0.64,-1.24,-0.98,2026-07-20,-0.36471392751309395,0.8203262986230309,0.6091724837490653,1.5500341919306937,-4.277319580628558,0.025398223954775645,15.295190335080932,1.096451478807836,11.707258466830982
48,CRWD,IGV,6.9,None,8.4,5.7,48.7,2026-07-20,198.42,15.95,11.57,0.051,52.5,0.97,60.0,-0.13,1,0.76,-1.149,,-1.29,-0.84,-0.03,-3.0,-0.91,0.09,-3.0,-0.68,-1.94,-0.33,-0.67,-1.31,-0.31,-3.0,2026-07-20,-9.864371152594964,-8.679330926458839,-8.890484741332806,1.3662979830839195,-4.461055789475332,-0.15833798489199857,12.732095490716189,-1.4666433655569069,9.14416362246624
1,PAY,IGV,96.5,Strong,95.9,97.2,17.0,2026-07-27,31.46,34.39,31.09,0.137,57.2,0.95,65.0,0.09,2,2.67,2.029,,3.0,3.0,-1.73,2.02,1.19,0.94,-0.41,2.97,1.92,-2.38,2.7,0.35,0.03,-0.41,2026-07-27,8.495909376966626,1.493600923630356,6.003401816721987,22.687224669603534,7.220587316630024,18.11175105248415,27.942101950912512,15.872188792728492,23.418160046137682
2,AAPL,QQQ,90.8,Strong,87.0,94.7,19.4,2026-07-27,336.63,19.77,23.14,0.103,56.9,0.69,70.0,0.29,0,2.51,1.691,,1.63,2.67,-2.75,0.67,2.94,0.17,-1.38,1.7,1.84,-2.04,0.67,1.12,-0.08,-1.38,2026-07-27,-10.840076504340157,-14.354042075174544,-13.332584064584797,-9.298219802854202,-15.879134262807703,-13.873693419973588,-10.05149330587024,-17.970497435593877,-14.575435210645072
3,ROST,XRT,82.6,Strong,79.1,86.2,28.4,2026-07-27,242.82,14.14,13.16,0.083,57.4,1.03,75.0,0.17,0,3.35,1.166,extended >3 ATR above 20d avg,1.3,3.0,-0.02,2.47,2.46,-1.76,-2.66,2.08,1.51,0.18,1.8,1.96,-0.98,-2.66,2026-07-27,3.1714892921366644,1.8622692766035343,0.6789817318920255,3.972535556645407,3.573112501059028,-0.6029380604739787,-4.01340526401831,-0.9289716681012967,-8.53734716879314
4,FIVE,XRT,80.9,Strong,77.9,84.1,28.4,2026-07-27,207.14,10.03,9.05,0.056,54.1,0.92,65.0,-0.25,0,2.33,1.083,,0.11,2.49,-0.8,3.0,0.14,-0.91,0.82,0.89,0.97,-0.6,2.7,-0.36,-0.12,0.82,2026-07-27,4.390573039664547,3.081353024131417,1.898065479419908,13.436792134560704,13.037369078974326,8.861318517441319,14.959757096727543,18.044190692644555,10.435815191952713
5,CTAS,XLI,79.5,Strong,94.6,66.8,88.1,2026-07-27,210.49,22.83,21.69,0.092,63.1,0.89,65.0,0.25,4,3.72,0.6,4 distribution days in 20; extended >3 ATR above 20d avg,0.11,3.0,-2.13,-3.0,3.0,-1.58,3.0,2.82,3.0,-0.23,0.67,2.96,1.29,3.0,2026-07-27,-4.894581833481371,-5.158115379105621,-7.38708939372601,-5.460240287971585,-6.558296728072599,-10.03571390509097,-7.517180122481415,-9.510152561264773,-12.041122027256247
6,CTVA,XLB,77.8,Strong,79.2,76.5,56.9,2026-07-27,87.39,6.03,6.4,0.097,57.3,1.24,65.0,0.16,4,0.73,0.839,4 distribution days in 20,0.61,2.74,-0.76,2.02,0.94,-0.85,0.14,1.69,3.0,1.14,2.02,0.9,0.32,0.14,2026-07-27,-14.133755799479475,-12.259721796388291,-16.626263359724113,-13.647165327599865,-15.946237970567424,-18.22263894471925,-14.201652144392906,-14.646010722445467,-18.725594049167736
7,PSX,XLE,73.2,Strong,78.6,68.1,58.3,2026-07-27,206.78,21.04,12.64,0.071,54.5,1.02,65.0,-0.05,2,2.16,0.629,,3.0,0.68,3.0,2.02,0.54,0.41,-0.5,2.04,2.18,0.67,1.35,-0.01,-0.32,-0.5,2026-07-27,-1.089734316987312,-1.502105451007929,-3.582241877231951,3.375283282704089,0.5574138668965389,-1.2001903344152964,15.396113602391637,8.48889710754628,10.872171697616807
8,TMO,XLV,71.4,Strong,68.4,74.6,33.2,2026-07-27,559.12,9.03,7.09,0.046,54.0,0.86,50.0,0.14,3,1.75,0.79,,2.25,-0.44,-1.94,1.35,1.47,-1.8,1.2,1.58,1.2,-0.65,0.0,0.66,-0.42,1.2,2026-07-27,0.35166911610331475,2.6073536831086486,-2.140838444141324,4.823640562670595,3.348072105970057,0.24816694555120922,2.3986982993911443,1.7516252466577287,-2.1252436053836865
9,ETSY,XLY,67.3,Moderate,63.8,71.0,32.6,2026-07-27,83.84,7.46,10.54,0.061,53.6,0.93,60.0,0.02,2,1.21,0.699,,0.85,-1.0,-2.54,2.7,0.57,-1.09,-0.53,1.3,-0.36,-0.2,2.02,0.04,0.36,-0.53,2026-07-27,-1.4458402465039044,-7.3160493839242395,-3.9383478067485433,-4.787745911353392,-11.995357436351151,-9.363219528472777,-7.0988385873429705,-11.64062119213607,-11.622780492117801
10,INGM,XLK,52.5,Weak,50.8,54.2,37.3,2026-07-27,29.04,5.99,9.62,0.102,52.1,0.96,65.0,0.14,1,0.72,0.334,,0.12,0.31,-0.02,-0.07,1.99,2.21,-3.0,0.45,-0.36,-0.23,0.94,0.33,2.14,-3.0,2026-07-27,-3.8088642659279692,-7.832020806481155,-6.301371826172608,-4.293628808864258,-13.129369408829184,-8.869102425983645,-3.0470914127423754,-14.1867908455241,-7.571033317517206
11,FTI,OIH,48.6,Weak,32.7,72.2,22.9,2026-07-27,74.98,16.52,13.78,0.014,54.3,,50.0,0.07,1,1.78,0.727,,1.42,2.28,,0.22,0.85,-3.0,0.44,-0.44,1.72,,-0.67,0.2,-2.98,0.44,2026-07-27,-6.805012801509225,-6.411260682809916,-9.297520361753865,-0.17517854736557315,-7.421782109388042,-4.750652164484959,7.478776445223034,-3.7209940833435438,2.9548345404482035
12,CDNA,XLV,48.6,Weak,46.6,50.6,33.2,2026-07-27,36.38,26.5,24.55,0.006,52.9,0.73,60.0,0.57,6,1.76,0.263,6 distribution days in 20,1.25,-1.44,-1.54,2.7,3.0,-1.82,2.09,0.58,0.19,-0.25,1.35,2.87,-0.44,2.09,2026-07-27,31.88206117387711,34.137745740882444,29.38955361363247,29.622485533204745,28.14691707650421,25.04701191608536,27.762468999724454,27.11539594699104,23.238527094949625
13,PARR,XLE,47.7,Weak,59.3,38.4,58.3,2026-07-27,78.62,44.02,35.61,0.079,55.6,0.96,60.0,0.2,5,2.34,0.013,5 distribution days in 20,2.22,-0.44,3.0,1.69,1.02,2.6,-0.51,0.71,1.07,-0.96,1.01,0.47,1.87,-0.51,2026-07-27,4.476670870113497,4.06429973609288,1.9841633098688582,-9.634300126103401,-12.452169541910951,-14.209773743222787,3.493064312736438,-3.4141521821089205,-1.0308775920383928
14,CVX,SPY,36.6,None,35.3,38.0,,2026-07-27,188.35,11.17,9.81,0.011,55.7,1.18,55.0,0.0,3,2.57,0.006,,-1.2,2.74,0.46,-2.02,1.11,0.71,0.27,-1.05,2.21,0.05,-1.35,-0.23,0.65,0.27,2026-07-27,0.8956324745798439,-1.596875085664795,-1.596875085664795,1.8123386544439235,-2.763134962675462,-2.763134962675462,5.869026921658493,1.3450850168836626,1.3450850168836626
15,AMRX,XPH,36.0,None,49.9,26.0,67.7,2026-07-27,18.09,4.84,0.78,0.028,55.4,0.77,45.0,-0.05,0,1.2,-0.274,,-0.96,0.08,-1.8,-2.7,1.19,-0.54,-1.03,0.19,0.67,-0.62,0.0,-0.12,0.42,-1.03,2026-07-27,2.89143480632843,4.022853431219642,0.39892724608379115,-2.482269503546086,-4.237418908826052,-7.057743120665472,0.5182760501909467,-1.7445611995914767,-4.005665854583884
16,PCTY,IGV,31.7,None,21.7,46.3,17.0,2026-07-27,130.17,22.4,19.1,0.021,51.7,1.29,50.0,-0.09,2,1.96,0.175,,1.58,2.31,2.52,-0.67,0.86,-0.6,-2.3,1.1,-0.07,1.86,0.0,0.02,-1.51,-2.3,2026-07-27,5.013906637600529,-1.9884018157357408,2.5213990773558903,9.456513568368052,-6.010123784605458,4.881039951248667,9.336239945876867,-2.7336732123071528,4.812298041102037
17,COP,XOP,22.4,None,41.5,12.1,67.2,2026-07-27,114.82,9.27,-0.06,0.001,49.4,0.94,60.0,-0.05,0,1.43,-0.742,,-0.35,-0.84,3.0,0.34,0.11,-0.35,-0.28,-0.62,-0.66,-2.26,0.34,-0.37,-0.23,-0.28,2026-07-27,2.7425794132962977,-0.271184231696564,0.2500718530516588,6.101371289706647,2.1383907486530074,1.525897672587262,10.727304287450101,2.3682629965151136,6.20336238267527
18,TTEK,XLI,20.7,None,44.6,9.6,88.1,2026-07-27,31.83,9.12,7.97,-0.041,50.5,0.96,40.0,-0.24,0,1.29,-0.871,,-2.59,1.14,-1.94,-3.0,-0.33,-2.7,-2.24,0.12,1.42,-0.04,0.0,-0.61,0.17,-2.24,2026-07-27,4.456824512534818,4.193290966910568,1.9643169522901793,8.23274528009903,7.134688839998016,3.6572716629796442,10.848034664190642,8.855062225407284,6.324092759415811
19,CHRD,XOP,17.3,None,36.4,8.2,67.2,2026-07-27,130.65,13.15,3.81,-0.048,48.4,0.8,45.0,-0.02,2,1.79,-0.96,,-0.95,-0.59,3.0,-0.76,0.55,-0.69,-0.21,-1.22,-0.4,-2.93,-0.76,0.06,-0.57,-0.21,2026-07-27,5.497782535555884,2.4840188905630223,3.005274975311245,5.000764642911748,1.037784101858108,0.42529102579236255,8.319314879951056,-0.03972641098393126,3.7953729751762255
20,MPC,XLE,13.8,None,16.1,11.9,58.3,2026-07-27,311.56,23.08,14.67,0.058,49.9,1.15,55.0,-0.05,3,2.25,-0.752,,1.91,-2.17,3.0,0.0,0.25,-0.03,-1.11,0.39,-0.67,0.54,-0.67,-0.3,-0.76,-1.11,2026-07-27,-1.8826241475362604,-2.2949952815568775,-4.375131707780899,2.218807031024883,-0.599062384782667,-2.3566665860945024,14.382223929817828,7.475007434972469,9.858282025042996
21,EOG,XOP,11.0,None,20.1,6.0,67.2,2026-07-27,140.3,6.62,-2.71,-0.034,51.4,0.97,40.0,-0.15,0,0.98,-1.122,,-1.48,-0.21,3.0,-0.94,-0.36,-0.07,-1.42,-1.75,-0.02,-1.42,-0.94,-0.84,0.05,-1.42,2026-07-27,3.267881193733624,0.2541175487407621,0.7753736334889849,0.8151981285886567,-3.1477824124649834,-3.760275488530729,3.5939604451690643,-4.765080845765923,-0.9299814596057665
22,INSW,XLE,10.2,None,9.7,10.7,58.3,2026-07-27,86.33,14.1,5.7,0.057,51.2,1.26,70.0,-0.0,4,1.18,-0.809,4 distribution days in 20,1.28,-2.15,3.0,0.9,0.36,0.62,-0.98,-0.23,-0.65,1.95,0.22,-0.19,-0.1,-0.98,2026-07-27,4.485183904070111,4.072812770049494,1.9926763438254724,-0.8071025020177647,-3.624971917825315,-5.38257611913715,7.921134555517106,1.013918060671748,3.3971926507422756
23,PAA,XLE,9.5,None,14.6,6.2,58.3,2026-07-27,23.87,11.07,2.67,-0.011,46.9,0.93,55.0,-0.16,2,2.0,-1.106,heavy selling into close today,0.42,-2.82,3.0,0.67,-0.39,-1.23,-0.58,-1.1,-1.31,-1.25,0.0,-0.94,-1.95,-0.58,2026-07-27,0.7705122865472758,0.3581411525266587,-1.7219952736973632,-3.0862140774677305,-5.90408349327528,-7.6616876945871155,-1.1245314452311694,-8.031747940076528,-5.648473350006
24,PR,XOP,6.9,None,11.5,4.1,67.2,2026-07-27,20.11,8.18,-1.16,0.019,46.1,1.06,45.0,-0.13,1,1.11,-1.323,,-0.42,-2.11,3.0,-0.67,-0.31,-0.76,-1.36,-0.69,-1.93,-0.65,-0.67,-0.8,-0.64,-1.36,2026-07-27,3.2306163021868617,0.21685265719399993,0.7381087419422228,4.870775347912537,0.907794806858897,0.2953017307931516,9.493041749502984,1.1340004585679964,4.969099844728153
1,TMO,XLV,87.9,Strong,83.3,92.7,28.6,2026-08-03,573.57,10.91,10.81,0.06,52.2,0.82,60.0,0.26,2,1.55,1.521,,2.58,0.34,-2.74,2.02,0.43,0.25,1.44,2.12,0.28,-0.44,1.35,1.32,0.53,1.44,2026-08-03,3.598353852538372,-0.3798342748628114,1.9627474524540167,1.2017568128371625,-1.9275033185297996,-0.38376655485137245,8.647461612947849,0.8212130071726609,8.274474819052703
2,WSM,XRT,83.3,Strong,79.0,87.8,25.1,2026-08-03,239.84,7.52,3.01,0.027,54.5,0.98,60.0,0.24,1,1.95,1.239,,0.55,1.39,-0.66,3.0,1.78,2.42,-2.43,0.9,0.98,0.44,2.7,2.39,0.99,-2.43,2026-08-03,2.121767460802282,2.7695496303235867,0.48616106071792675,-2.0891875381796043,2.0061132962516663,-3.6747109058681393,-3.143962533088984,-0.552833855003787,-3.516949326984131
3,A,XLV,81.9,Strong,75.7,88.6,28.6,2026-08-03,139.82,7.02,6.91,0.032,55.1,0.89,55.0,0.09,3,1.04,1.276,,1.06,3.0,-2.37,2.02,0.09,-1.37,0.38,0.6,3.0,-0.07,1.35,0.97,-1.09,0.38,2026-08-03,6.152308900149861,2.1741207727486778,4.516702500065506,5.981014916851035,2.851754785484073,4.3954915491625,9.492541574477187,1.666292968701999,9.119554780582039
4,EMR,XLI,78.2,Strong,83.3,73.4,61.3,2026-08-03,154.35,9.39,10.71,0.074,52.7,0.9,65.0,0.21,1,2.78,0.757,,0.61,1.49,-1.92,0.0,0.56,-0.61,0.08,1.37,0.79,-0.34,2.7,1.1,0.32,0.08,2026-08-03,1.7238052357368083,2.263937027894092,0.08819883565245323,4.238759889367727,3.8984768603086195,2.653236521679192,1.3507429085997336,4.9264153726809585,0.9777561147045866
5,ROST,XRT,77.8,Strong,73.2,82.6,25.1,2026-08-03,252.44,19.64,15.13,0.08,56.1,,75.0,0.11,0,3.11,1.03,extended >3 ATR above 20d avg,1.55,1.35,,2.7,1.19,-1.41,-1.87,1.9,0.93,,1.8,1.8,-2.84,-1.87,2026-08-03,0.7844069408129428,1.4321891103342477,-0.8511994592714123,-6.956659535694465,-2.8613587012631942,-8.542182903383,-4.464780920687739,-1.8736522426025415,-4.837767714582886
6,AMRX,XPH,75.8,Strong,87.9,65.3,77.4,2026-08-03,18.86,11.4,10.06,0.105,63.0,0.8,60.0,0.57,2,1.63,0.567,,0.36,1.03,-1.89,-1.01,0.71,0.22,0.18,1.02,1.95,-0.43,1.01,2.21,1.57,0.18,2026-08-03,-5.970541820094699,-8.11090291502773,-7.606148220179054,-3.077327722251455,-5.727298601692333,-4.6628510899399895,-6.417674907943205,-12.096183935316507,-6.790661701838352
7,PCTY,IGV,74.2,Strong,76.8,71.7,47.8,2026-08-03,139.7,22.8,20.13,0.04,52.9,0.8,60.0,0.14,1,1.89,0.716,,1.31,0.08,0.55,1.35,1.57,3.0,-2.46,1.65,0.32,-0.14,1.35,1.03,2.54,-2.46,2026-08-03,7.883233311106186,0.8960668820982454,6.247626911021831,7.764688449285018,3.924802525471627,6.179165081596483,12.951026153960132,8.540759297166488,12.578039360064984
8,PAY,IGV,72.2,Strong,73.4,71.0,47.8,2026-08-03,34.48,22.36,19.69,0.128,55.3,1.28,65.0,0.67,4,2.33,0.699,4 distribution days in 20,2.04,0.9,1.88,1.35,2.99,1.5,0.56,2.39,1.14,1.19,1.35,2.45,0.32,0.56,2026-08-03,-3.6808300395256843,-10.667996468533625,-5.316436439610039,0.44466403162055634,-3.3952218921928345,-1.1408593360679786,-1.486166007905132,-5.896432864698776,-1.859152801800279
9,FIVE,XRT,70.9,Strong,63.1,79.7,25.1,2026-08-03,216.6,22.76,18.25,0.023,57.4,0.98,45.0,0.01,0,2.19,0.933,,-0.01,2.44,-1.59,0.9,-0.09,0.64,-0.41,0.34,2.02,-0.49,0.0,0.52,-0.79,-0.41,2026-08-03,9.382842271586567,10.030624441107872,7.747235871502212,10.851380239799235,14.946681074230506,9.2658568721107,22.08848405985686,24.67961273794206,21.715497265961712
10,TOST,IGV,69.8,Moderate,71.0,68.6,47.8,2026-08-03,32.78,11.16,8.49,0.044,52.3,1.04,55.0,0.13,2,1.77,0.64,,0.7,-0.08,-0.13,1.35,2.09,0.82,-0.18,1.04,0.16,-0.82,1.35,1.55,-0.36,-0.18,2026-08-03,10.464396284829736,3.477229855821795,8.82878988474538,6.2848297213622395,2.4449437975488486,4.6993063536737045,13.637770897832823,9.227504041039179,13.264784103937675
11,AME,XLI,66.6,Moderate,73.4,60.4,61.3,2026-08-03,243.38,2.73,4.05,0.016,53.3,1.07,60.0,0.08,3,1.24,0.462,,-0.03,2.81,-0.77,-1.35,1.08,-0.27,0.27,0.72,2.11,0.8,1.35,1.63,0.66,0.27,2026-08-03,-1.2205140241755674,-0.680382232018284,-2.8561204242599225,-0.7041427062551286,-1.044425735314236,-2.2896660739436636,-5.343660759691737,-1.7679882956105115,-5.716647553586884
12,CVX,SPY,63.4,Moderate,63.2,63.6,,2026-08-03,191.51,14.9,14.05,0.018,57.9,1.01,55.0,-0.07,1,1.53,0.529,,-0.56,3.0,0.04,-0.67,0.2,1.05,-0.09,-0.61,3.0,-1.49,-0.67,-0.59,-0.57,-0.09,2026-08-03,2.5198938992042397,0.8842874991198846,0.8842874991198846,6.60477453580901,5.0192511681204754,5.0192511681204754,7.718832891246685,7.345846097351538,7.345846097351538
13,CTAS,XLI,62.8,Moderate,72.7,54.3,61.3,2026-08-03,203.44,14.4,15.72,0.042,56.2,0.8,60.0,-0.02,5,0.84,0.337,5 distribution days in 20,1.04,3.0,-2.51,-2.02,-0.23,-1.87,0.65,1.8,2.8,-0.94,0.67,0.31,-0.94,0.65,2026-08-03,-0.34985710062087616,0.1902746915364073,-1.9854635007052313,-2.517985611510787,-2.8582686405698943,-4.103508979199322,2.1829112052823563,5.758583669363581,1.8099244113872093
14,PSX,XLE,62.2,Moderate,69.5,55.7,73.8,2026-08-03,205.13,16.26,5.66,0.059,54.2,0.99,65.0,-0.27,1,0.64,0.363,,2.89,0.12,3.0,2.02,-0.28,0.25,-0.9,1.44,2.06,0.25,1.35,-0.85,-0.76,-0.9,2026-08-03,6.4709972189113785,2.1474267865543295,4.835390818827023,18.851807707588385,10.379004360308052,17.26628433989985,20.162892332141436,10.731232638975463,19.789905538246288
15,PARR,XLE,60.6,Moderate,73.0,50.3,73.8,2026-08-03,82.85,36.54,25.94,0.056,56.9,1.0,60.0,0.01,4,1.85,0.255,4 distribution days in 20,2.06,0.06,3.0,3.0,0.43,1.37,-0.19,0.61,2.0,-0.59,2.7,-0.14,0.36,-0.19,2026-08-03,-12.116752514103524,-16.440322946460572,-13.75235891418788,0.6499877360804263,-7.822815611199907,-0.9355356316081087,-8.817758155506517,-18.24941784867249,-9.190744949401665
16,CDNA,XLV,54.7,Weak,46.8,63.9,28.6,2026-08-03,47.86,64.61,64.5,0.026,55.8,0.54,55.0,0.15,6,4.03,0.536,6 distribution days in 20; extended >3 ATR above 20d avg,1.49,1.21,-3.0,1.35,-0.49,-1.74,1.72,1.03,1.16,-1.4,0.67,0.4,-1.46,1.72,2026-08-03,0.08510638297871687,-3.8930817444224664,-1.5505000171056382,-1.3510638297872246,-4.480323961154187,-2.9365871974757596,1.0851063829787178,-6.74114222279647,0.7121195890835708
17,HQY,XLV,40.1,Weak,38.1,42.1,28.6,2026-08-03,104.36,8.06,7.95,0.017,53.3,0.77,50.0,-0.03,1,2.02,0.091,,0.03,0.33,-3.0,0.0,-1.45,-1.79,-2.36,-0.43,0.28,-3.0,-0.67,-0.56,-1.51,-2.36,2026-08-03,3.418555103621923,-0.5596330237792602,1.782948703537568,-0.8812705791206743,-4.010530710487636,-2.4667939468092093,2.033701336432303,-5.792547269342885,1.6607145425371561
18,EOG,XOP,39.7,None,70.2,22.5,92.0,2026-08-03,145.68,13.4,0.18,0.053,57.1,1.08,55.0,-0.04,1,1.32,-0.368,,-0.21,1.35,3.0,-0.2,-0.02,0.9,-2.68,0.31,2.96,-0.35,0.13,-0.38,1.2,-2.68,2026-08-03,-0.39918761818054094,-3.0588244078700644,-2.034794018264896,2.3461026682540798,-4.654483154827349,0.7605793005655448,5.189439036347077,-3.4631678763652918,4.81645224245193
19,TTEK,XLI,38.8,None,42.4,35.5,61.3,2026-08-03,33.75,8.7,10.01,-0.02,52.5,0.93,35.0,-0.27,1,1.72,-0.048,,-0.2,2.61,-1.75,-3.0,-1.31,-2.0,-0.94,0.56,1.91,-0.17,-1.35,-0.76,-1.07,-0.94,2026-08-03,3.5534498075214582,4.093581599678742,1.9178434074371031,6.055670713651162,5.715387684592055,4.470147345962627,9.12052117263844,12.696193636719666,8.747534378743293
20,CHRD,XOP,35.3,None,78.7,15.8,92.0,2026-08-03,137.97,24.72,11.5,0.032,57.2,0.79,55.0,0.07,1,2.05,-0.586,,-0.31,-0.1,3.0,-0.24,0.74,0.39,-1.35,0.21,1.52,-3.0,0.1,0.39,0.69,-1.35,2026-08-03,2.385923053981509,-0.2737137357080144,0.750316653897154,5.621831195943927,-1.3787546271375017,4.036307828255392,7.828810020876831,-0.8237968918355376,7.455823226981684
21,COP,XOP,32.7,None,68.1,15.7,92.0,2026-08-03,118.38,15.07,1.84,0.044,53.6,1.02,65.0,0.01,0,1.35,-0.589,,0.54,-1.07,3.0,0.34,0.28,-0.29,-0.44,1.06,0.55,-1.37,0.67,-0.08,0.02,-0.44,2026-08-03,4.6123566660961846,1.9527198764066611,2.9767502660118295,9.173369844258094,2.172784021176665,7.587846476569559,14.110901933938047,5.458295021225679,13.737915140042901
22,DGX,XLV,28.0,None,26.4,29.8,28.6,2026-08-03,231.92,9.05,8.94,0.021,45.1,0.46,60.0,0.02,5,1.9,-0.178,5 distribution days in 20,-0.16,-2.01,-3.0,1.35,-0.85,-0.67,3.0,-0.62,-2.07,-3.0,0.67,0.04,-0.4,3.0,2026-08-03,2.4531148954516135,-1.5250732319495697,0.8175084953672584,1.5175684414744595,-1.6116916898925027,-0.0679549262140755,5.139038585902145,-2.687210019873043,4.766051792006998
23,EXLS,XLK,27.7,None,29.4,26.1,49.2,2026-08-03,34.25,26.2,29.2,-0.018,51.8,0.93,35.0,0.11,2,3.15,-0.27,extended >3 ATR above 20d avg,-0.56,1.0,1.82,-2.02,1.69,0.81,-0.39,-0.56,0.36,-0.05,-1.35,0.92,-0.27,-0.39,2026-08-03,4.686567164179101,2.5911200989020777,3.0509607640947456,3.1940298507462606,-1.0626898420677877,1.6085064830577256,12.44776119402986,13.802670683881757,12.074774400134714
24,INSW,XLE,11.8,None,14.7,9.5,73.8,2026-08-03,90.62,11.72,1.13,0.028,48.6,0.98,70.0,0.07,2,1.66,-0.874,,0.53,-3.0,3.0,0.9,0.48,-0.21,-0.3,-0.92,-1.54,-0.02,0.22,-0.09,-1.22,-0.3,2026-08-03,-4.897192129117833,-9.220762561474881,-6.532798529202188,3.4711474684943733,-5.00165587878596,1.8856241008058383,5.162502763652443,-4.269156929513529,4.789515969757296
25,PAA,XLE,10.3,None,15.5,6.8,73.8,2026-08-03,24.2,10.53,-0.07,-0.02,48.9,0.98,50.0,0.04,4,1.36,-1.061,4 distribution days in 20,0.5,-2.62,3.0,0.34,0.79,0.47,-0.01,-0.95,-0.68,-0.74,-0.34,0.22,-0.53,-0.01,2026-08-03,-2.924488944513981,-7.24805937687103,-4.560095344598336,-0.9595327492699202,-9.432336096550253,-2.545056116958455,4.192740926157712,-5.23891876700826,3.819754132262565
26,MPC,XLE,9.9,None,12.5,7.9,73.8,2026-08-03,306.45,14.21,3.62,0.041,52.9,1.17,45.0,-0.34,3,0.42,-0.98,,1.57,-1.41,3.0,-1.35,-0.79,0.27,-1.81,0.13,0.53,0.5,-2.02,-1.36,-0.74,-1.81,2026-08-03,3.6592097146011193,-0.6643607177559296,2.0236033145167642,15.994025780057797,7.5212224327774635,14.408502412369263,17.77005746939837,8.338397776232398,17.397070675503223
27,PR,XOP,9.6,None,23.6,3.9,92.0,2026-08-03,20.77,14.94,1.72,0.043,52.2,1.1,55.0,0.02,1,1.02,-1.351,,-0.9,-2.03,3.0,-0.56,0.15,-0.77,-1.49,-0.38,-0.42,-0.16,-0.22,-0.2,-0.47,-1.49,2026-08-03,4.094721262950185,1.4350844732606616,2.45911486286583,8.682782437099167,1.6821966140177382,7.097259069410632,16.082881105081405,7.430274192369037,15.709894311186257
1,CRM,IGV,97.8,Strong,98.3,97.3,81.1,2026-08-10,197.15,15.35,2.09,0.051,58.9,1.02,60.0,0.38,3,2.14,2.05,,2.37,3.0,-0.46,2.7,2.48,3.0,0.67,3.0,3.0,-0.46,3.0,2.94,3.0,0.67,2026-08-10,-3.0062566763314535,-0.6595133813122933,-2.768102885932666,6.1549417569561005,7.965286584542309,7.583864499348769,30.83066280075282,25.356524869718356,31.809164243913024
2,ECL,XLB,93.7,Strong,97.4,90.1,77.3,2026-08-10,283.65,4.61,-0.55,0.104,54.1,0.83,80.0,0.45,2,1.35,1.353,,3.0,-2.05,-0.73,3.0,3.0,3.0,-0.47,3.0,1.68,-0.28,3.0,3.0,3.0,-0.47,2026-08-10,-2.4464614948234376,-1.043085807359001,-2.20830770442465,1.5139696496950794,0.376097470669845,2.942892392087748,0.08863990923273501,0.6196469261111615,1.0671413523929418
3,REGN,XBI,93.1,Strong,97.0,89.3,82.6,2026-08-10,807.45,21.89,20.18,0.099,56.0,0.82,60.0,0.63,2,4.13,1.312,extended >3 ATR above 20d avg,0.36,1.73,-3.0,-0.22,2.62,1.63,-0.51,2.46,1.7,-2.37,1.12,3.0,2.75,-0.51,2026-08-10,-0.3639244423538801,-1.0200758619122285,-0.12577065195509274,2.559849478870091,-1.0300558839059226,3.9887722212627597,-1.045973312207571,-3.519159432081387,-0.06747186904736413
4,AME,XLI,92.9,Strong,89.3,96.6,17.5,2026-08-10,252.51,8.94,6.58,0.03,56.2,0.85,60.0,0.06,2,1.88,1.925,,3.0,3.0,-0.92,2.02,1.11,0.82,0.41,1.17,3.0,-1.22,1.35,0.8,-0.62,0.41,2026-08-10,0.4551211017888246,-0.1895858003674311,0.693274892187612,-4.238562608833307,-0.9554333423905659,-2.8096398664406386,-7.064271014722179,-1.6844898900066019,-6.085769571561972
5,EMR,XLI,92.5,Strong,89.0,96.2,17.5,2026-08-10,158.15,17.17,14.81,0.097,53.0,,70.0,0.17,2,2.14,1.87,,3.0,1.12,,3.0,1.18,1.29,0.08,1.78,0.92,,3.0,0.88,-0.15,0.08,2026-08-10,2.271866717152582,1.6271598149963262,2.5100205075513693,-0.5616559384071795,2.721473328035562,0.8672668039854892,-3.7801337877066854,1.5996473370088915,-2.8016323445464786
6,HALO,XBI,91.4,Strong,97.1,86.0,82.6,2026-08-10,102.59,34.77,33.07,0.11,56.0,0.81,60.0,0.59,2,5.7,1.158,extended >3 ATR above 20d avg,0.6,1.92,-2.08,0.67,0.74,-0.31,2.3,2.7,1.89,-1.38,2.02,2.89,0.82,2.3,2026-08-10,-0.5742411812961423,-1.2303926008544908,-0.33608739089735495,4.849683926072479,1.2597785632964653,6.278606668465148,2.813299232736588,0.3401131128627721,3.791800675896795
7,A,XLV,86.9,Strong,89.8,84.1,90.2,2026-08-10,148.73,11.02,6.64,0.062,57.0,1.04,60.0,0.32,2,2.77,1.085,,0.34,3.0,-2.02,1.35,-0.25,-0.05,-1.82,1.65,3.0,1.03,2.02,2.31,1.13,-1.82,2026-08-10,0.5416751303405798,1.2634599072434582,0.7798289207393672,3.8729771819351333,0.0731680671653745,5.301899924327802,3.988083147132526,2.6459213718998953,4.966584590292733
8,TTEK,XLI,85.7,Strong,81.0,90.7,17.5,2026-08-10,34.97,12.41,10.05,0.044,57.0,0.93,45.0,0.01,2,1.86,1.387,,3.0,2.76,0.16,0.67,0.83,1.25,-1.63,2.33,2.56,-0.13,0.0,0.52,-0.2,-1.63,2026-08-10,3.571428571428581,2.9267216692723252,3.8095823618273683,6.564488143435532,9.847617409878273,7.993410885828201,4.49681897050318,9.876600095218757,5.475320413663387
9,ROST,XRT,85.6,Strong,79.5,92.1,12.7,2026-08-10,254.4,16.13,12.5,0.063,56.5,,80.0,0.07,0,2.36,1.481,,2.15,1.48,,3.0,0.84,1.37,-3.0,1.29,1.2,,3.0,0.97,-0.92,-3.0,2026-08-10,-7.041361567385707,-4.194069831205082,-6.80320777698692,-4.551751434791218,-3.228205666801009,-3.122828692398549,-9.724915891549568,-5.3761226538674425,-8.74641444838936
10,NOW,IGV,82.5,Strong,91.3,74.6,81.1,2026-08-10,127.47,14.55,1.29,0.058,52.0,0.95,65.0,0.57,3,2.52,0.789,,2.13,-1.17,0.02,1.35,1.6,3.0,1.08,3.0,0.32,0.02,2.02,2.06,3.0,1.08,2026-08-10,-6.755900522730873,-4.409157227711713,-6.5177467323320855,1.4018691588784993,3.212213986464707,2.830791901271168,17.281799461428804,11.807661530394341,18.26030090458901
11,WSM,XRT,81.5,Strong,74.2,89.6,12.7,2026-08-10,250.76,16.11,12.48,0.015,53.8,0.86,60.0,0.01,1,2.51,1.325,,1.52,1.08,-0.59,3.0,0.54,2.26,-0.71,0.67,0.8,-0.34,2.7,0.67,-0.02,-0.71,2026-08-10,-3.2865360633975715,-0.4392443272169477,-3.048382272998784,-4.328412245062152,-3.0048664770719435,-2.8994895026694834,-8.254555694114806,-3.905762456432681,-7.2760542509546
12,FIVE,XRT,78.4,Strong,67.1,91.6,12.7,2026-08-10,235.37,22.88,19.25,0.016,60.4,1.14,35.0,0.42,1,2.91,1.445,,1.07,3.0,0.04,1.35,2.68,1.8,-0.95,0.21,3.0,0.29,-1.35,2.82,-0.49,-0.95,2026-08-10,1.996921234926874,4.844212971107497,2.2350750253256613,12.33644060549044,13.659986373480649,13.765363347883108,5.554605319421868,9.903398557103994,6.533106762582075
13,TMO,XLV,77.1,Strong,89.9,66.2,90.2,2026-08-10,599.13,13.41,9.03,0.095,51.5,0.9,65.0,0.41,2,2.07,0.586,,2.36,-3.0,-3.0,1.35,-0.77,0.9,0.14,3.0,0.02,-0.04,2.02,1.79,2.09,0.14,2026-08-10,-2.378529848381228,-1.6567450714783494,-2.1403760579824405,4.803762947642332,1.0039538328725728,6.232685690035,2.9823361633279477,1.6401743880953168,3.9608376064881545
14,ZM,IGV,77.0,Strong,88.7,66.8,81.1,2026-08-10,107.21,16.67,3.4,0.106,56.5,0.8,70.0,0.53,0,3.43,0.599,extended >3 ATR above 20d avg,-0.02,-0.28,-0.91,1.35,2.65,1.48,-1.89,1.21,1.21,-0.92,2.02,3.0,1.26,-1.89,2026-08-10,0.01893580761218594,2.365679102631346,0.2570895980109733,-0.6911569778451088,1.119187849741099,0.7377657645475599,-8.530581329293696,-14.004719260328159,-7.552079886133489
15,DASH,XLY,75.3,Strong,89.8,63.1,86.1,2026-08-10,209.89,10.71,7.54,0.044,50.6,0.8,60.0,0.28,2,1.87,0.518,,0.27,-0.33,-0.0,1.01,2.58,1.22,-0.22,2.03,1.09,-0.6,1.35,3.0,0.88,-0.22,2026-08-10,1.4353154356015363,3.8974207869121424,1.6734692260003237,9.227027800295652,10.382709903972055,10.65595054268832,10.50498307186114,13.067582519143617,11.483484515021347
16,RGLD,GDX,72.0,Strong,94.4,54.9,95.7,2026-08-10,234.14,21.03,-2.28,0.052,56.7,1.03,65.0,0.34,2,4.32,0.348,extended >3 ATR above 20d avg,0.61,3.0,2.88,1.35,-0.33,-1.06,0.39,2.04,3.0,0.49,2.02,3.0,0.64,0.39,2026-08-10,1.409899292907646,-0.6567673737590152,1.6480530833064333,13.04049710734947,-2.0150584482060854,14.469419849742138,12.084851082065583,2.6070733042877983,13.06335252522579
17,MSFT,QQQ,71.5,Strong,67.7,75.5,39.4,2026-08-10,505.02,29.4,28.13,0.078,54.5,0.68,70.0,-0.05,1,4.26,0.812,extended >3 ATR above 20d avg,0.93,1.03,0.2,1.69,-0.29,0.6,2.55,0.62,0.44,-1.96,1.01,-0.6,-1.66,2.55,2026-08-10,-4.698239898287571,-5.604764104559901,-4.460086107888783,-3.1924192458977263,-0.8396083288550682,-1.7634965035050576,0.7827088879176713,1.6781610428156624,1.7612103310778782
18,VEEV,XLV,70.2,Strong,94.7,52.0,90.2,2026-08-10,234.68,19.24,14.86,0.05,53.3,0.61,55.0,0.35,0,3.77,0.289,extended >3 ATR above 20d avg,-0.0,-0.53,-3.0,0.34,-0.21,-0.01,-2.01,1.31,2.55,-3.0,1.01,2.35,1.18,-2.01,2026-08-10,2.090293840486601,2.8120786173894796,2.3284476308853885,6.4336503041206194,2.6338411893508606,7.862573046513289,22.320740169622198,20.978578394389565,23.299241612782403
19,FLS,XLI,68.8,Moderate,56.1,84.3,17.5,2026-08-10,79.3,16.28,13.91,0.022,53.4,0.81,50.0,-0.11,2,2.03,1.091,,2.64,1.94,-1.14,0.0,-0.09,-0.18,-0.4,0.51,1.74,-1.43,-0.67,-0.39,-1.63,-0.4,2026-08-10,1.4450867052023142,0.8003798030460585,1.6832404956011016,0.8544860517718078,4.137615318214549,2.2834087941644765,-0.8796179944709714,4.500163130244605,0.09888344868923538
20,LECO,XLI,68.2,Moderate,57.3,81.1,17.5,2026-08-10,277.33,10.43,8.07,0.053,55.5,1.26,60.0,0.08,3,1.72,0.978,,3.0,1.97,3.0,2.02,1.22,1.15,0.83,1.76,1.77,3.0,1.35,0.91,-0.29,0.83,2026-08-10,1.0630407911001338,0.41833388894387813,1.3011945814989212,-0.29666254635350997,2.9864667200892314,1.1322601960391587,-0.6780858202366069,4.70169530447897,0.3004156229235999
21,PCTY,IGV,66.5,Moderate,82.7,53.4,81.1,2026-08-10,145.61,16.88,3.62,0.038,52.9,0.78,65.0,0.3,3,1.61,0.319,heavy selling into close today,0.18,-1.05,-0.26,1.35,1.33,3.0,-0.64,1.41,0.44,-0.26,2.02,1.79,2.98,-0.64,2026-08-10,0.2826806398234849,2.629423934842645,0.5208344302222723,5.108935466078313,6.919280293664521,6.537858208470981,10.466078323221195,4.991940392186733,11.444579766381402
22,TOST,IGV,66.2,Moderate,81.5,53.7,81.1,2026-08-10,35.68,19.05,5.79,0.036,53.2,0.83,45.0,0.24,1,2.56,0.324,,-0.39,-0.87,-2.39,-0.9,2.77,0.66,-0.61,0.84,0.62,-2.4,-0.22,3.0,0.44,-0.61,2026-08-10,-2.8854314002828896,-0.5386881052637293,-2.647277609884102,3.8330975954738333,5.643442423060041,5.2620203378665025,-3.5643564356435564,-9.038494366678018,-2.5858549924833496
23,P,XLK,61.8,Moderate,57.4,66.5,55.2,2026-08-10,98.01,30.09,27.29,0.119,60.2,1.19,65.0,0.04,4,4.14,0.592,4 distribution days in 20; extended >3 ATR above 20d avg,2.48,3.0,3.0,1.35,0.24,0.21,0.11,1.9,3.0,0.95,1.35,-0.53,-3.0,0.11,2026-08-10,10.740986088766903,9.418883519196598,10.97913987916569,-4.911516986845843,-0.7799464569386068,-3.4825942444531743,-12.037475158512345,-11.312451168747973,-11.058973715352138
24,PH,XLI,58.6,Moderate,44.5,77.1,17.5,2026-08-10,1059.54,11.56,9.2,0.01,53.4,0.87,50.0,-0.0,3,2.44,0.858,,2.27,0.95,-1.4,-0.0,0.4,0.08,0.83,0.14,0.75,-1.7,-0.67,0.1,-1.36,0.83,2026-08-10,-0.6939330425423607,-1.3386399446986164,-0.4557792521435733,-4.408127041673748,-1.124997775231007,-2.9792042992810797,-7.547347948412931,-2.1675668236973538,-6.568846505252724
25,EXLS,XLK,57.7,Moderate,53.7,62.0,55.2,2026-08-10,35.07,23.12,20.32,0.012,55.7,0.97,40.0,0.21,2,2.55,0.495,,0.69,1.98,3.0,-1.01,2.37,3.0,0.45,0.11,1.49,0.49,-1.01,1.6,0.24,0.45,2026-08-10,-1.1720983419096553,-2.49420091147996,-0.933944551510868,7.690108633504877,11.821679163412114,9.119031375897546,8.87650085763294,9.601524847397314,9.855002300793148
26,PAY,IGV,53.7,Weak,72.5,39.8,81.1,2026-08-10,38.99,34.68,21.42,0.108,54.6,0.97,60.0,0.43,4,1.92,0.044,4 distribution days in 20,0.44,-0.67,-0.85,0.34,1.04,0.11,1.28,1.67,0.83,-0.86,1.01,1.5,-0.11,1.28,2026-08-10,5.857849518354596,8.204592813373758,6.096003308753383,3.8229627701119595,5.633307597698167,5.251885512504629,-7.302785732882066,-12.776923663916527,-6.324284289721859
27,EXPE,XLY,52.1,Weak,75.8,35.8,86.1,2026-08-10,313.73,18.27,15.1,0.059,54.9,0.82,70.0,0.27,3,2.0,-0.043,,-0.95,0.2,-0.17,0.79,0.94,0.16,0.1,0.81,1.62,-0.76,1.12,1.79,-0.18,0.1,2026-08-10,2.4930747922437657,4.955180143554372,2.731228582642553,9.102621915866793,10.258304019543196,10.531544658259461,2.11299362236681,4.6755930696492864,3.091495065527017
28,FIGS,XLY,50.6,Weak,74.6,34.3,86.1,2026-08-10,14.4,44.22,41.05,-0.005,53.8,0.64,35.0,-0.13,2,4.01,-0.075,extended >3 ATR above 20d avg,-1.11,-0.06,-1.72,-1.01,-0.61,0.19,1.16,0.65,1.37,-2.31,-0.67,0.24,-0.16,1.16,2026-08-10,-0.417246175243402,2.044859176067204,-0.17909238484461465,5.771905424200274,6.927587527876677,7.2008281665929434,6.675938803894299,9.238538251176776,7.654440247054506
29,WDAY,IGV,44.5,Weak,64.1,30.9,81.1,2026-08-10,184.23,27.18,13.92,0.065,54.1,0.94,60.0,0.8,4,2.79,-0.152,4 distribution days in 20,0.59,-1.32,-0.09,1.35,1.46,-0.14,-0.8,1.82,0.17,-0.09,2.02,1.93,-0.37,-0.8,2026-08-10,5.747317181104106,8.094060476123266,5.9854709715028935,10.144927536231885,11.955272363818093,11.573850278624553,9.22115278238742,3.747014851352959,10.199654225547627
30,AU,GDX,35.0,None,80.5,15.2,95.7,2026-08-10,96.59,21.91,-1.39,0.052,54.2,1.06,55.0,0.53,2,3.3,-0.608,extended >3 ATR above 20d avg,-0.1,0.45,2.85,-0.0,0.58,-3.0,0.73,1.33,2.34,0.47,0.67,3.0,-1.76,0.73,2026-08-10,2.9213015906019324,0.8546349239352713,3.1594553810007198,25.24170911737187,10.186153561816313,26.670631859764537,16.69612225803099,7.218344480253204,17.674623701191194
31,AVGO,QQQ,34.7,None,30.6,39.4,39.4,2026-08-10,421.48,10.0,8.73,0.014,53.0,0.99,50.0,0.06,1,1.75,0.034,,0.36,0.86,1.96,0.67,0.32,0.84,-1.82,0.06,0.27,-0.19,0.0,0.01,-1.41,-1.82,2026-08-10,-7.902656948036679,-8.809181154309009,-7.664503157637892,-15.798260051728185,-13.445449134685527,-14.369337309335517,-12.9673171878674,-12.07186503296941,-11.988815744707193
32,AER,XLI,34.6,None,22.0,54.3,17.5,2026-08-10,149.37,0.31,-2.05,0.002,51.2,0.99,45.0,-0.21,3,-0.31,0.336,,2.64,1.22,1.73,0.67,-0.66,0.46,-1.7,0.5,1.02,1.44,0.0,-0.97,-0.99,-1.7,2026-08-10,0.35697604590645415,-0.28773085624980155,0.5951298363052415,-1.5279909254687363,1.7551383409740051,-0.09906818307606757,-2.6356175351971767,2.7441635895184002,-1.6571160920369699
33,FRSH,IGV,32.5,None,50.9,20.7,81.1,2026-08-10,11.97,10.58,-2.69,0.059,51.3,1.04,60.0,0.07,0,1.37,-0.423,,1.29,-2.04,1.27,-0.0,-0.49,0.76,-1.35,2.52,-0.55,1.27,0.67,-0.02,0.54,-1.35,2026-08-10,4.978723404255336,7.325466699274497,5.216877194654124,12.297872340425542,14.10821716801175,13.72679508281821,18.382978723404264,12.908840792369801,19.36148016656447
34,NEM,GDX,24.1,None,73.4,7.9,95.7,2026-08-10,117.02,25.95,2.65,0.011,52.8,1.04,45.0,0.42,3,4.91,-0.98,extended >3 ATR above 20d avg,-0.21,0.0,0.55,-2.02,-1.09,-2.67,-0.14,1.22,1.89,-1.84,-1.35,2.48,-0.96,-0.14,2026-08-10,2.5621316935690475,0.49546502690238636,2.800285483967835,12.366555640959941,-2.6889999145956143,13.79547838335261,7.404560594414544,-2.0732171833632407,8.383062037574751
35,MANH,IGV,23.2,None,38.9,13.8,81.1,2026-08-10,195.69,23.53,10.27,0.015,52.4,0.86,55.0,-0.15,4,1.9,-0.667,4 distribution days in 20,-1.19,-1.1,-1.22,-2.02,-0.9,1.21,2.68,0.05,0.39,-1.22,-1.35,-0.43,0.99,2.68,2026-08-10,1.392685820395112,3.7394291154142723,1.6308396107938994,10.037654098106973,11.847998925693181,11.466576840499641,15.097745912209204,9.623607981174743,16.07624735536941
36,ZBRA,XLK,22.2,None,18.7,26.3,55.2,2026-08-10,378.09,41.87,39.07,-0.036,50.2,0.96,35.0,0.66,3,5.02,-0.266,extended >3 ATR above 20d avg,-0.16,0.42,3.0,-1.35,3.0,1.7,0.59,-0.74,-0.07,0.9,-1.35,3.0,-1.63,0.59,2026-08-10,-1.864684722809995,-3.1867872923803,-1.6265309324112076,-3.9436098180279267,0.18796071187930963,-2.514687075635258,-6.469530258146417,-5.744506268382044,-5.49102881498621
37,WAT,XLV,21.4,None,40.0,11.4,90.2,2026-08-10,411.71,10.3,5.92,-0.016,48.2,0.76,45.0,0.3,3,2.24,-0.777,,-1.17,-3.0,-3.0,-0.22,-0.91,-1.02,-0.4,0.13,-0.87,-0.73,0.45,1.65,0.17,-0.4,2026-08-10,-0.29832497860373675,0.4234597982991417,-0.06017118820494938,0.42303460080694855,-3.3767745139628103,1.8519573431996172,1.425602151852301,0.08344037661967008,2.404103595012508
38,SCHW,XLF,19.8,None,58.6,6.7,93.8,2026-08-10,107.68,5.49,2.35,0.044,54.1,1.07,60.0,-0.0,1,1.92,-1.065,,-3.0,0.68,-0.19,-1.35,-0.77,-1.42,-3.0,0.46,2.58,-0.25,0.0,0.25,-0.86,-3.0,2026-08-10,3.171345956533922,3.5186887839045333,3.4094997469327093,6.006902341199516,5.277482403721212,7.435825083592185,2.4438018841526077,2.5827390151008545,3.4223033273128145
39,ESTC,IGV,18.4,None,32.0,10.6,81.1,2026-08-10,76.29,22.12,8.86,0.055,52.6,0.85,65.0,0.19,2,3.49,-0.818,extended >3 ATR above 20d avg,-1.59,-1.72,-0.33,0.0,-0.29,-2.33,1.45,-0.36,-0.23,-0.33,0.67,0.17,-2.55,1.45,2026-08-10,9.882879326227133,12.229622621246293,10.12103311662592,9.501250164495323,11.311594992081531,10.930172906887991,28.372154230819845,22.898016299785382,29.35065567398005
40,FCX,COPX,18.2,None,47.1,7.0,93.0,2026-08-10,70.54,17.92,-2.5,0.068,49.8,1.2,70.0,0.35,4,2.46,-1.044,4 distribution days in 20,-0.45,-1.3,1.8,-0.0,0.12,-0.22,-1.09,1.57,-0.33,0.66,2.02,1.13,-0.01,-1.09,2026-08-10,-3.2654792196776805,-1.1144597260635214,-3.027325429278893,9.994345490528712,4.0678386565605305,11.42326823292138,7.039864291772702,3.034710807569274,8.018365734932908
41,DGX,XLV,17.0,None,43.1,6.7,90.2,2026-08-10,237.64,14.56,10.18,0.051,49.5,0.56,65.0,0.04,4,1.88,-1.069,4 distribution days in 20,-1.39,-3.0,-3.0,0.67,-2.07,-2.14,-0.21,-0.09,-0.98,-3.0,1.35,0.49,-0.96,-0.21,2026-08-10,-0.3723291728368938,0.34945560406598464,-0.13417538243810645,3.1817220224243714,-0.6180870923453874,4.6106447648170406,1.7008673577321831,0.3587055824995522,2.67936880089239
42,SLB,OIH,15.7,None,19.8,12.4,64.0,2026-08-10,52.93,12.33,4.99,0.01,48.5,0.84,50.0,-0.16,5,1.95,-0.729,5 distribution days in 20,-0.34,-0.15,0.4,0.13,-1.98,0.35,0.67,-0.28,-0.05,-1.34,0.0,-1.85,-0.03,0.67,2026-08-10,0.7706766917293217,-2.978441377511376,1.008830482128109,0.9962406015037395,1.5266155133106474,2.425163343896408,12.443609022556391,8.03273876977677,13.422110465716598
43,KO,XLP,13.6,None,34.5,5.4,90.4,2026-08-10,86.36,3.09,2.65,-0.024,51.0,0.92,45.0,-0.04,1,1.0,-1.181,,-0.91,-0.56,3.0,-1.57,-0.4,-0.69,-0.53,-0.91,1.35,0.63,-0.9,0.59,0.45,-0.53,2026-08-10,0.4180699105794883,0.334805963868412,0.6562237009782756,6.166531181047508,2.835973312604523,7.595453923440177,2.3922889327604224,1.9640743496748714,3.3707903759206292
44,WK,IGV,13.0,None,18.1,9.4,81.1,2026-08-10,67.4,23.62,10.36,0.019,46.6,0.96,50.0,0.38,3,2.73,-0.882,,-0.91,-3.0,0.39,-1.35,3.0,0.57,-0.42,0.32,-2.79,0.39,-0.67,3.0,0.34,-0.42,2026-08-10,4.702006588799046,7.048749883818206,4.940160379197833,12.069481880802634,13.879826708388842,13.498404623195302,19.691524408505543,14.21738647747108,20.67002585166575
45,NTAP,IGV,12.3,None,22.4,6.7,81.1,2026-08-10,198.71,21.21,7.95,0.068,56.5,1.22,55.0,0.09,3,3.1,-1.063,extended >3 ATR above 20d avg,0.01,-1.16,1.14,-1.35,-0.24,-1.98,-0.91,1.24,0.34,1.14,-0.67,0.23,-2.2,-0.91,2026-08-10,2.731388329979878,5.078131624999038,2.9695421203786654,-5.965794768611676,-4.155449941025468,-4.536872026219008,-6.841046277666008,-12.315184208700469,-5.862544834505801
46,CORT,XBI,11.5,None,24.2,5.5,82.6,2026-08-10,114.23,33.09,31.38,0.026,58.4,0.88,60.0,0.27,4,2.17,-1.172,4 distribution days in 20,-2.76,2.44,1.04,-2.02,-1.86,-1.58,0.36,-0.67,2.41,1.74,-0.67,0.29,-0.45,0.36,2026-08-10,2.6723911329186167,2.0162397133602683,2.910544923317404,7.973363708052239,4.3834583452762255,9.402286450444908,-0.709716989398057,-3.182903109271873,0.26878445376214977
47,AXTA,XLB,11.2,None,23.3,5.4,77.3,2026-08-10,37.46,16.77,11.61,-0.052,53.2,1.12,45.0,-0.24,2,2.34,-1.179,,-1.49,-2.21,1.45,0.67,-1.25,-1.08,-0.35,-0.95,1.52,1.9,-0.67,0.13,-0.41,-0.35,2026-08-10,-2.69469145782808,-1.2913157703636435,-2.4565376674292927,-2.829426030719473,-3.9672982097447074,-1.4005032883268043,-1.8458636486122448,-1.3148566317338184,-0.867362205452038
48,CSCO,XLK,9.9,None,8.0,12.3,55.2,2026-08-10,122.61,2.82,0.02,-0.012,49.6,1.08,60.0,-0.11,3,2.16,-0.731,,-0.89,-0.91,3.0,0.67,-0.23,2.57,-0.8,-1.46,-1.39,0.54,0.67,-1.0,-0.76,-0.8,2026-08-10,-8.091168091168088,-9.413270660738393,-7.853014300769301,-10.256410256410254,-6.1248397265030174,-8.827487514017585,-10.052910052910047,-9.327886063145673,-9.07440860974984
49,HQY,XLV,8.9,None,29.6,2.7,90.2,2026-08-10,106.79,11.66,7.28,-0.02,53.7,0.75,45.0,0.12,1,2.13,-1.545,,-2.65,-2.63,-3.0,-1.35,-2.37,-3.0,-3.0,-1.35,0.46,-2.84,-0.67,0.19,-1.98,-3.0,2026-08-10,-4.166666666666674,-3.4448818897637956,-3.9285128762678867,-1.348314606741574,-5.1481237215113325,0.08060813565109459,-9.578651685393258,-10.920813460625888,-8.60015024223305
50,FIVN,IGV,6.1,None,11.5,3.2,81.1,2026-08-10,34.46,33.57,20.3,0.041,51.8,1.15,55.0,0.42,7,3.33,-1.463,7 distribution days in 20; extended >3 ATR above 20d avg,-1.14,-1.65,0.69,-0.67,0.48,0.26,0.06,0.1,-0.16,0.69,0.0,0.95,0.04,0.06,2026-08-10,-6.159740642499267,-3.812997347480107,-5.92158685210048,-3.4188034188034067,-1.608458591217199,-1.989880676410738,1.8862363689949868,-3.587901562039475,2.8647378121551936
51,CDNA,XLV,3.9,None,10.3,1.5,90.2,2026-08-10,47.04,63.5,59.12,-0.015,50.9,0.52,45.0,0.15,7,2.92,-1.846,7 distribution days in 20,-1.63,-3.0,-3.0,-1.35,-2.33,-2.6,1.26,-0.32,-0.67,-1.6,-0.67,0.23,-1.42,1.26,2026-08-10,-1.4977692797960462,-0.7759845028931678,-1.2596154893972589,0.9347779902273201,-2.8650311245424387,2.363700732619989,6.479711068621197,5.137549293388566,7.4582125117814035
1,CRM,IGV,98.1,Strong,98.6,97.7,71.5,2026-08-17,190.68,9.91,0.24,0.032,57.0,0.84,60.0,0.45,1,0.81,2.13,,2.29,2.34,-0.64,3.0,3.0,3.0,-0.08,2.21,3.0,-1.49,3.0,3.0,3.0,-0.08,2026-08-17,7.710967741935493,7.210967741935481,8.393023036666836,32.74838709677419,24.792504743833007,32.97660827569959,28.376774193548382,27.612068311195447,28.736711595739305
2,A,XLV,92.9,Strong,96.9,89.0,96.7,2026-08-17,148.49,13.98,9.1,0.089,58.0,0.83,70.0,0.28,0,2.09,1.298,,0.96,3.0,-3.0,2.02,-0.64,-0.66,-3.0,2.98,3.0,-0.55,3.0,2.02,1.59,-3.0,2026-08-17,2.828607815537243,-0.7302804782198136,3.510663110268586,2.942556471613389,1.8356112832541793,3.170777650538792,-1.5617668744553836,-0.6690691419076189,-1.2018294722644596
3,ZM,IGV,92.9,Strong,95.6,90.3,71.5,2026-08-17,105.64,16.23,6.56,0.115,59.9,0.74,75.0,0.6,0,2.02,1.363,,1.79,0.95,-0.73,2.47,3.0,1.11,-1.92,1.71,2.3,-1.58,2.47,3.0,1.27,-1.92,2026-08-17,-0.370440729483279,-0.8704407294832905,0.31161456524806397,-8.23518237082067,-16.191064723761848,-8.006961191895268,-8.339665653495443,-9.104371535848376,-7.979728251304518
4,PCTY,IGV,92.1,Strong,95.1,89.1,71.5,2026-08-17,145.45,14.3,4.63,0.09,56.4,0.69,75.0,0.5,4,0.8,1.3,4 distribution days in 20,1.91,1.29,-0.01,3.0,2.67,2.27,-0.28,1.82,2.63,-0.86,3.0,2.79,2.43,-0.28,2026-08-17,2.985881240289112,2.4858812402891006,3.667936535020455,8.234817266770245,0.2789349138290653,8.463038445695648,-3.073701276768226,-3.83840715912116,-2.713763874577302
5,TTEK,XLI,91.4,Strong,87.1,96.0,7.6,2026-08-17,35.81,14.75,10.18,0.049,59.1,1.06,50.0,0.31,2,1.67,1.838,,3.0,2.78,1.06,2.7,3.0,2.42,-2.36,2.4,2.56,0.54,0.67,2.29,0.69,-2.36,2026-08-17,2.0210409745293534,5.372240151617758,2.7030962692606963,0.041528239202648365,5.487903638477187,0.2697494181280513,-1.3012181616832708,4.524129680880762,-0.9412807594923467
6,NOW,IGV,85.8,Strong,90.8,81.1,71.5,2026-08-17,117.73,12.41,2.74,0.055,56.1,0.98,65.0,0.55,3,0.54,0.977,,2.52,0.01,1.48,2.7,1.84,3.0,-0.83,2.44,1.35,0.63,2.7,1.97,3.0,-0.83,2026-08-17,7.156009373953798,6.656009373953786,7.83806466868514,23.93706059591565,15.98117824297447,24.165281774841052,12.345162370271169,11.580456487918234,12.705099772462093
7,EMR,XLI,85.4,Strong,76.7,95.0,7.6,2026-08-17,162.06,19.07,14.49,0.064,53.4,0.91,55.0,0.21,2,1.7,1.725,,3.0,1.42,-0.04,3.0,1.83,1.66,-0.02,1.05,1.2,-0.55,1.35,0.93,-0.08,-0.02,2026-08-17,-2.185113911478065,1.1660852656103393,-1.503058616746722,-5.351045999130921,0.09532940014361735,-5.122824820205518,-5.531069588428828,0.2942782541352047,-5.171132186237903
8,NEM,GDX,83.9,Strong,97.8,72.0,95.5,2026-08-17,120.09,34.86,5.0,0.053,56.9,0.89,60.0,0.06,1,3.94,0.721,extended >3 ATR above 20d avg,1.56,0.41,-3.0,-0.67,-0.63,0.08,-0.53,3.0,3.0,-3.0,0.67,0.9,2.36,-0.53,2026-08-17,11.443333898017949,-2.9323219256966357,12.125389192749292,6.52210740301542,-2.308731499066651,6.750328581940823,7.657123496527185,-1.0301245290982761,8.017060898718109
9,NWS,XLC,83.2,Strong,90.0,76.9,79.8,2026-08-17,32.58,1.46,1.44,-0.008,54.5,0.69,60.0,0.22,0,0.6,0.852,,-1.41,1.79,-2.87,2.36,-0.91,0.03,0.7,-0.47,2.37,-2.23,2.02,1.03,1.29,0.7,2026-08-17,6.524390243902434,5.194073501820995,7.206445538633776,4.57317073170731,4.003034985100973,4.801391910632713,1.3414634146341697,0.7351285730052171,1.7014008168250938
10,RGLD,GDX,79.8,Strong,94.1,67.6,95.5,2026-08-17,236.64,26.3,-3.55,0.065,56.7,1.17,70.0,0.12,2,3.2,0.618,extended >3 ATR above 20d avg,0.82,3.0,2.14,1.35,-0.34,-0.26,0.73,2.35,3.0,1.49,2.7,1.18,2.02,0.73,2026-08-17,12.82775140082979,-1.5479044228847947,13.509806695561133,11.87390393087815,3.0430650287960788,12.102125109803552,11.83968518756151,3.1524371619360494,12.199622589752435
11,LECO,XLI,79.2,Strong,70.4,89.0,7.6,2026-08-17,286.16,16.62,12.04,0.093,59.4,1.34,60.0,0.16,5,1.78,1.296,5 distribution days in 20,3.0,2.67,3.0,2.7,2.41,2.47,2.61,3.0,2.45,3.0,0.67,1.52,0.74,2.61,2026-08-17,-1.0272051605665466,2.3239940165218576,-0.3451498658352037,-1.4058336839152918,4.040541715359247,-1.177612504989889,-2.941382695274153,2.8839651472898797,-2.581445293083229
12,UBER,IGV,74.8,Strong,83.1,67.4,71.5,2026-08-17,75.0,3.91,-5.76,0.029,56.6,1.1,60.0,0.23,4,1.08,0.612,4 distribution days in 20,1.76,1.29,2.12,1.57,2.86,0.98,0.01,1.68,2.63,1.27,1.57,2.99,1.15,0.01,2026-08-17,5.459865664693764,4.959865664693752,6.141920959425107,0.5918733789984643,-7.364008973942715,0.8200945579238672,-2.7133071756334504,-3.4780130579863844,-2.3533697734425263
13,AVNT,XLB,74.5,Strong,91.9,60.4,81.6,2026-08-17,45.09,25.7,21.26,0.129,56.8,0.98,70.0,0.14,4,2.96,0.461,4 distribution days in 20,3.0,-0.6,1.59,3.0,0.13,0.18,0.93,3.0,2.95,0.55,2.7,0.83,0.76,0.93,2026-08-17,-1.714922048997769,-4.312074800055865,-1.032866754266426,-2.5612472160356337,-3.465441136774383,-2.3330260371102307,-5.679287305122493,-5.159856754910885,-5.3193499029315685
14,SCHW,XLF,69.8,Moderate,84.7,57.6,86.1,2026-08-17,110.61,8.07,5.33,0.075,56.5,1.08,65.0,0.11,1,2.66,0.403,,-0.91,1.86,-0.9,-0.67,1.36,1.93,-3.0,1.42,3.0,-0.07,0.67,1.38,1.16,-3.0,2026-08-17,2.083894727387059,1.2669296656801166,2.765950022118402,-1.34734572891404,-1.2951990228476373,-1.119124549988637,-3.997125662444989,-3.249689542159917,-3.637188260254065
15,AME,XLI,68.5,Moderate,51.2,91.6,7.6,2026-08-17,253.83,7.99,3.42,-0.034,51.4,0.81,50.0,0.03,2,1.2,1.444,,1.82,1.12,-1.33,2.02,1.12,1.37,0.87,-1.26,0.91,-1.84,0.0,0.22,-0.36,0.87,2026-08-17,-4.044890351746833,-0.6936911746584289,-3.36283505701549,-6.876313597969618,-1.4299381986950799,-6.648092419044215,-5.837331958599357,-0.011984116035324455,-5.4773945564084325
16,P,XLK,67.8,Moderate,74.7,61.5,73.7,2026-08-17,117.02,67.34,59.05,0.11,60.8,0.82,60.0,0.34,3,4.85,0.485,extended >3 ATR above 20d avg,1.97,3.0,3.0,0.67,1.64,-1.96,0.53,1.5,3.0,-0.6,0.67,0.76,-2.94,0.53,2026-08-17,-11.252428899487722,-7.898852288534864,-10.570373604756378,-17.903197314962014,-17.983812137340703,-17.674976136036612,-10.678325384207742,-11.5274681799298,-10.318387982016818
17,VEEV,XLV,67.5,Moderate,96.6,47.2,96.7,2026-08-17,238.34,20.73,15.85,0.064,53.9,0.53,55.0,0.6,0,2.72,0.194,,-0.63,-0.64,-3.0,-0.0,1.23,0.18,-3.0,1.39,2.23,-3.0,2.02,3.0,2.43,-3.0,2026-08-17,2.183657523543192,-1.3752307702138644,2.865712818274535,17.436361393263965,16.329416204904756,17.664582572189367,8.952584611588609,9.845282344136374,9.312522013779533
18,TMO,XLV,66.7,Moderate,90.3,49.3,96.7,2026-08-17,585.27,11.27,6.39,0.11,54.2,0.8,70.0,0.24,2,0.73,0.236,,2.19,-2.17,-3.0,0.67,-1.83,-1.2,-0.84,3.0,0.7,-0.36,2.7,0.82,1.05,-0.84,2026-08-17,6.7825702729343185,3.223681979177262,7.464625567665662,4.926752999558137,3.8198078111989275,5.15497417848354,2.411542775568476,3.3042405081162407,2.7714801777594
19,ABNB,XLY,65.9,Moderate,78.7,55.2,89.7,2026-08-17,179.28,23.7,21.88,-0.005,53.6,0.46,45.0,0.41,5,2.9,0.354,5 distribution days in 20,-1.26,-0.33,-3.0,0.67,2.81,0.54,3.0,-0.06,1.27,-3.0,0.67,3.0,0.03,3.0,2026-08-17,5.374258961715328,4.008748827740738,6.0563142564466705,1.523630118012087,1.6009231444634842,1.75185129693749,-3.2999058119563496,-1.0068793605650717,-2.9399684097654255
20,WSM,XRT,63.8,Moderate,48.8,83.5,5.2,2026-08-17,240.42,7.66,9.25,-0.02,50.5,0.85,50.0,-0.13,2,0.36,1.062,,1.62,0.77,0.25,3.0,0.5,1.23,-0.18,0.1,0.04,-0.39,1.35,-0.25,-0.25,-0.18,2026-08-17,-1.5196687370600315,-2.8560479489389556,-0.8376134423286885,-5.561076604554871,-3.7906596999289444,-5.332855425629468,-5.6107660455486545,-3.314935091807947,-5.25082864335773
21,ESTC,IGV,62.7,Moderate,73.0,53.8,71.5,2026-08-17,83.5,33.11,23.44,0.089,53.1,0.91,70.0,0.77,3,3.47,0.326,extended >3 ATR above 20d avg,1.34,-1.42,0.8,1.35,3.0,-0.06,1.99,1.25,-0.08,-0.04,1.35,3.0,0.1,1.99,2026-08-17,-1.0700273451432762,-1.5700273451432878,-0.3879720504119333,15.97907502080609,8.02319266786491,16.20729619973149,5.190821543217217,4.426115660864283,5.550758945408141
22,FLS,XLI,62.5,Moderate,43.9,89.0,7.6,2026-08-17,80.73,21.25,16.68,-0.009,54.2,0.88,45.0,-0.02,1,1.63,1.298,,2.6,2.36,-0.68,0.67,0.93,0.42,-1.45,-0.48,2.15,-1.2,-1.35,0.04,-1.31,-1.45,2026-08-17,1.4408493427704672,4.792048519858872,2.12290463750181,-0.30333670374116384,5.143038695533375,-0.07511552481576089,-2.982810920121337,2.8425369224426955,-2.622873517930413
23,WAT,XLV,61.6,Moderate,94.3,40.3,96.7,2026-08-17,407.73,14.04,9.16,0.037,54.0,0.7,55.0,0.35,2,1.3,0.053,,-0.59,-1.21,-3.0,-0.0,-0.5,0.01,-0.36,1.43,1.66,-1.63,2.02,2.16,2.27,-0.36,2026-08-17,0.8447107356841066,-2.71417755807295,1.5267660304154496,1.8514880660053024,0.7445428776460927,2.0797092449307053,-1.0460662017483524,-0.15336846920058766,-0.6861287995574283
24,EXLS,XLK,61.4,Moderate,68.2,55.2,73.7,2026-08-17,34.57,22.65,14.37,0.015,56.5,0.8,40.0,0.22,2,1.27,0.353,,0.72,2.13,3.0,-0.45,2.25,1.34,-0.78,0.24,1.64,-1.03,-0.45,1.37,0.36,-0.78,2026-08-17,8.340523439746894,11.694100050699753,9.022578734478238,9.534081104400327,9.453466282021639,9.762302283325731,2.1857923497267784,1.3366495540047207,2.5457297519177025
25,PLTR,IGV,60.5,Moderate,67.8,53.9,71.5,2026-08-17,172.56,27.96,18.29,0.027,50.7,0.45,55.0,0.11,1,2.83,0.329,,1.0,-1.19,-3.0,0.67,-0.19,-2.32,0.51,0.91,0.16,-3.0,0.67,-0.06,-2.15,0.51,2026-08-17,2.270612861960686,1.7706128619606742,2.9526681566920288,8.373066635655313,0.41718428271413366,8.601287814580715,-0.9826724037678813,-1.7473782861208154,-0.6227350015769573
26,HALO,XBI,58.4,Moderate,88.7,38.4,91.1,2026-08-17,103.02,33.62,27.94,0.053,58.5,0.81,50.0,0.54,5,3.81,0.014,5 distribution days in 20; extended >3 ATR above 20d avg,-1.71,1.46,-2.34,-1.35,1.48,-0.19,3.0,1.26,2.47,-1.44,0.67,3.0,1.1,3.0,2026-08-17,5.526954832442921,1.8323735516547535,6.209010127174263,3.4774162214667337,0.9006826102503807,3.7056374003921366,5.196697425934915,2.9041623747791734,5.556634828125839
27,MSFT,QQQ,56.2,Moderate,53.9,58.5,52.0,2026-08-17,479.73,19.41,14.55,0.022,52.6,0.61,55.0,-0.17,1,1.53,0.421,,0.27,0.86,-0.76,1.01,-0.91,0.18,-0.17,-0.27,0.39,-3.0,0.0,-1.19,-0.6,-0.17,2026-08-17,1.3877330226364837,3.323880464503426,2.0697883173678266,5.550932090545935,6.023502176859463,5.779153269471338,2.7837882822902893,3.0395320937070314,3.1437256844812134
28,TOST,IGV,54.1,Weak,65.7,44.6,71.5,2026-08-17,34.33,11.26,1.59,-0.009,54.3,0.84,40.0,0.02,2,1.07,0.141,,-0.05,0.23,-1.4,-1.35,0.9,0.07,-0.56,-0.14,1.58,-2.25,-1.35,1.02,0.24,-0.56,2026-08-17,7.074095682613768,6.574095682613756,7.756150977345111,-0.5542590431738548,-8.510141396115035,-0.3260378642484518,-2.8879813302217117,-3.6526872125746457,-2.5280439280307876
29,FRSH,IGV,50.9,Weak,62.7,41.3,71.5,2026-08-17,12.34,11.53,1.86,0.052,54.5,1.22,65.0,0.47,0,1.44,0.074,,1.85,-0.63,2.86,1.35,1.15,0.83,-1.7,1.77,0.72,2.01,1.35,1.28,0.99,-1.7,2026-08-17,5.391373801916943,4.891373801916932,6.073429096648287,11.102236421725253,3.146354068784074,11.330457600650657,-3.3546325878594296,-4.119338470212364,-2.9946951856685056
30,MDB,IGV,50.0,Weak,61.8,40.4,71.5,2026-08-17,438.66,35.73,26.06,0.048,52.8,0.76,45.0,0.45,4,3.19,0.055,4 distribution days in 20; extended >3 ATR above 20d avg,0.83,0.14,0.36,-0.67,1.16,0.95,1.46,0.75,1.49,-0.49,-0.67,1.28,1.12,1.46,2026-08-17,-6.517751410592798,-7.017751410592809,-5.835696115861454,5.303364525042364,-2.652517827898815,5.531585703967767,-17.338101098288718,-18.102806980641653,-16.978163696097795
31,FIGS,XLY,48.0,Weak,76.7,30.1,89.7,2026-08-17,14.32,39.44,37.62,-0.009,51.7,0.59,30.0,-0.05,2,2.58,-0.172,,-0.04,-0.35,-0.04,-0.67,0.01,0.73,-1.21,1.15,1.25,-2.76,-0.67,0.34,0.22,-1.21,2026-08-17,6.811797752809001,5.446287618834411,7.493853047540345,7.7247191011236005,7.802012127574997,7.952940280049003,-3.8623595505618002,-1.5693330991705223,-3.502422148370876
32,WK,IGV,47.7,Weak,59.2,38.5,71.5,2026-08-17,69.92,22.28,12.61,0.053,53.0,0.94,55.0,0.45,3,2.4,0.015,,1.61,-1.28,1.25,0.0,3.0,0.5,-0.97,1.53,0.07,0.4,0.0,3.0,0.67,-0.97,2026-08-17,5.542236637991826,5.042236637991815,6.224291932723169,12.720349739105918,4.764467386164739,12.948570918031322,3.9768720913834654,3.2121662090305314,4.336809493574389
33,PH,XLI,46.5,Weak,28.7,75.4,7.6,2026-08-17,1051.83,10.88,6.3,-0.003,53.0,0.83,40.0,-0.19,2,1.42,0.811,,2.71,0.82,-1.41,-2.02,-0.72,1.48,0.9,-0.37,0.61,-1.92,-3.0,-1.61,-0.26,0.9,2026-08-17,-3.0154123202773997,0.3357868568110045,-2.3333570255460567,-6.200369742425549,-0.7539943431510103,-5.972148563500146,-8.484918148988962,-2.6595703064249294,-8.124980746798038
34,NWSA,XLC,46.5,Weak,60.2,35.9,79.8,2026-08-17,28.6,1.42,1.39,0.0,47.2,0.79,45.0,0.25,1,0.57,-0.041,,-1.02,-0.62,-1.5,0.34,-0.28,0.32,-0.04,-0.08,-0.03,-0.86,0.0,1.67,1.58,-0.04,2026-08-17,5.655172413793097,4.324855671711658,6.3372277085244395,5.517241379310356,4.947105632704019,5.745462558235759,2.517241379310353,1.9109065376814005,2.8771787815012773
35,FCX,COPX,41.1,Weak,54.6,30.9,74.1,2026-08-17,68.43,16.37,-1.87,0.062,50.2,1.1,70.0,-0.08,2,1.06,-0.153,,1.32,-0.58,0.64,0.34,-0.67,-0.65,-1.77,1.61,0.02,-0.09,1.01,-0.52,0.06,-1.77,2026-08-17,16.004472605292584,6.59692805541987,16.686527900023925,12.888557584793126,5.465507364936629,13.116778763718528,14.24524785687662,5.045988426189286,14.605185259067545
36,PAY,IGV,40.7,Weak,52.4,31.6,71.5,2026-08-17,40.66,36.99,27.32,0.074,55.7,0.84,55.0,0.26,4,1.42,-0.136,4 distribution days in 20,0.93,-0.88,-0.76,0.34,0.71,-1.14,0.38,0.85,0.46,-1.61,0.34,0.84,-0.98,0.38,2026-08-17,-1.9945932661587618,-2.4945932661587733,-1.3125379714274188,-12.496927992135664,-20.45281034507684,-12.268706813210262,-12.361759646104698,-13.126465528457633,-12.001822243913773
37,DT,IGV,38.0,None,49.5,29.1,71.5,2026-08-17,47.59,6.44,-3.23,0.042,53.7,0.9,55.0,-0.02,5,0.62,-0.195,5 distribution days in 20,0.61,-0.76,0.41,0.67,0.11,0.86,2.49,0.53,0.58,-0.44,0.67,0.23,1.02,2.49,2026-08-17,3.0035706784288907,2.503570678428879,3.6856259731602337,14.72379752152908,6.767915168587901,14.952018700454484,5.629069523209407,4.864363640856473,5.98900692540033
38,AU,GDX,37.1,None,80.5,17.1,95.5,2026-08-17,99.0,33.01,3.16,0.065,57.4,1.33,65.0,-0.03,2,2.72,-0.541,,0.07,0.69,2.08,0.67,-1.29,-2.04,-1.66,1.6,3.0,1.44,2.02,0.23,0.24,-1.66,2026-08-17,22.590821206879006,8.215165383164422,23.272876501610348,14.226111732980563,5.395272830898492,14.454332911905965,9.748651673959507,1.0614036483340463,10.108589076150432
39,WDAY,IGV,36.3,None,47.7,27.7,71.5,2026-08-17,191.17,29.92,20.25,0.036,52.0,0.7,60.0,0.25,5,1.92,-0.231,5 distribution days in 20,0.72,-1.52,-0.35,2.02,0.17,0.51,-0.62,0.64,-0.18,-1.2,2.02,0.29,0.68,-0.62,2026-08-17,1.955965181771635,1.4559651817716235,2.638020476502978,1.1008704557091464,-6.855011897232033,1.3290916346345494,-4.636456733230931,-5.401162615583865,-4.2765193310400065
40,SSRM,GDX,35.7,None,82.7,15.4,95.5,2026-08-17,32.78,30.96,1.11,0.052,54.1,1.0,65.0,0.06,3,2.67,-0.6,,-0.12,0.05,0.81,-0.67,-0.37,-1.43,-0.24,1.41,3.0,0.17,0.67,1.16,0.85,-0.24,2026-08-17,19.751937984496127,5.3762821607815425,20.43399327922747,16.63565891472869,7.804820012646619,16.863880093654092,14.573643410852721,5.88639538522726,14.933580813043646
41,NVDA,QQQ,33.7,None,34.7,32.8,52.0,2026-08-17,224.79,10.65,5.79,-0.015,54.7,0.95,45.0,-0.21,2,2.04,-0.108,,0.61,1.36,2.68,0.88,-0.41,-0.85,-1.09,0.08,0.9,-0.37,-0.13,-0.69,-1.63,-1.09,2026-08-17,-5.366718167772422,-3.43057072590548,-4.684662873041079,0.25902026719986093,0.7315903535133894,0.4872414461252639,2.485685722075792,2.7414295334925343,2.8456231242667163
42,FIVE,XRT,33.7,None,14.8,76.7,5.2,2026-08-17,238.53,16.79,18.38,-0.035,54.8,1.26,20.0,0.07,1,1.81,0.845,,0.77,2.19,1.35,3.0,2.04,-0.71,-1.95,-0.76,1.46,0.71,-3.0,1.29,-2.19,-1.95,2026-08-17,9.957307885484678,8.620928673605754,10.639363180216021,3.3191026284949077,5.089519533120834,3.5473238074203106,6.366147664490218,8.661978618230926,6.726085066681142
43,MANH,IGV,33.4,None,40.6,27.5,71.5,2026-08-17,196.57,18.77,9.09,0.025,50.4,0.67,50.0,0.3,3,1.28,-0.234,,0.37,-1.85,-3.0,-3.0,1.03,-0.28,1.35,0.28,-0.51,-3.0,-3.0,1.16,-0.11,1.35,2026-08-17,7.039638735574516,6.5396387355745045,7.7216940303058585,11.961866532865017,4.005984179923837,12.190087711790419,4.385348720521809,3.620642838168875,4.7452861227127325
44,SLB,OIH,33.1,None,47.5,23.0,76.4,2026-08-17,53.61,16.16,2.5,0.023,51.1,0.92,60.0,0.09,5,1.95,-0.353,5 distribution days in 20,-0.37,0.74,0.41,0.0,-0.03,1.02,-0.26,0.25,0.82,-1.06,0.67,0.96,0.67,-0.26,2026-08-17,-0.09297136481963841,4.2561770536718395,0.5890839299117046,11.23094087021197,10.828545212341846,11.459162049137372,6.173298624023804,5.948705698700962,6.533236026214729
45,EXPE,XLY,28.8,None,56.7,14.6,89.7,2026-08-17,318.2,20.16,18.34,0.033,52.3,0.88,65.0,0.25,3,1.32,-0.633,,-0.82,-0.57,2.17,0.67,0.84,0.0,-0.27,0.37,1.03,-0.55,0.67,1.17,-0.5,-0.27,2026-08-17,7.084821851980649,5.719311718006059,7.766877146711993,0.2244633429230758,0.3017563693744729,0.45268452184847874,-13.249660143530084,-10.956633692138807,-12.88972274133916
46,CART,XLY,28.0,None,55.7,14.1,89.7,2026-08-17,48.86,4.58,2.76,0.04,48.3,0.72,60.0,0.32,5,1.29,-0.654,5 distribution days in 20,-0.5,-1.8,1.7,0.67,1.54,1.53,2.24,0.69,-0.19,-1.02,0.67,1.87,1.02,2.24,2026-08-17,5.762157744176544,4.396647610201954,6.444213038907886,3.2080098079280805,3.2853028343794777,3.4362309868534835,-1.9207192480588442,0.3723072033324337,-1.5607818458679201
47,BIIB,XLV,27.5,None,73.2,10.3,96.7,2026-08-17,209.15,4.6,-0.28,0.001,52.7,0.68,55.0,0.18,0,0.59,-0.833,,-1.64,-2.73,-3.0,-1.01,-0.82,-0.95,-1.45,0.38,0.14,-1.55,1.01,1.83,1.31,-1.45,2026-08-17,3.3319114649983383,-0.22697682875871816,4.013966759729682,2.6920707142518596,1.58512552589265,2.9202918931772626,0.6730176785629594,1.565715411110724,1.0329550807538834
48,SHC,XLV,26.7,None,64.3,11.1,96.7,2026-08-17,18.79,7.9,3.02,0.078,56.9,1.09,65.0,0.23,3,1.19,-0.791,,-1.28,-1.8,-1.8,-0.67,-1.6,-0.61,0.47,0.74,1.07,1.14,1.35,1.05,1.64,0.47,2026-08-17,1.7515923566879144,-1.8072959370691422,2.4336476514192573,0.31847133757960666,-0.788473850779603,0.5466925165050096,-1.27388535031846,-0.3811876177706952,-0.9139479481275359
49,WAY,XLV,26.6,None,64.1,11.0,96.7,2026-08-17,24.67,11.68,6.8,0.033,55.9,0.95,50.0,-0.12,2,1.04,-0.794,,-1.11,-1.03,-2.97,-2.02,-2.58,-2.42,-0.44,0.92,1.84,-0.02,0.0,0.07,-0.17,-0.44,2026-08-17,0.4758128469468659,-3.0830754468101906,1.1578681416782088,3.806502775574949,2.6995575872157396,4.034723954500352,-3.885804916732749,-2.9931071841849843,-3.525867514541825
50,DHR,XLV,25.2,None,62.2,10.2,96.7,2026-08-17,202.64,0.54,-4.34,0.074,53.2,1.19,55.0,0.27,4,0.9,-0.836,4 distribution days in 20,-0.08,-1.75,-2.64,-1.35,-1.58,-1.83,-0.68,1.94,1.12,0.31,0.67,1.08,0.42,-0.68,2026-08-17,5.486100897190771,1.9272126034337145,6.1681561919221135,4.858557631024163,3.7516124426649533,5.086778809949566,0.6520566750012335,1.5447544075489983,1.0119940771921576
51,ATRO,ITA,25.2,None,29.9,21.2,65.2,2026-08-17,93.11,38.54,28.94,0.029,52.3,0.76,55.0,0.14,3,3.44,-0.408,extended >3 ATR above 20d avg,-0.69,-1.52,-0.38,0.67,0.62,0.04,-0.43,-0.18,-0.06,-0.25,-0.67,0.75,0.28,-0.43,2026-08-17,-18.266287713161354,-11.424035205267979,-17.584232418430013,-19.425010931351128,-10.548467228061886,-19.196789752425726,-16.899868823786623,-6.0969432812423605,-16.5399314215957
52,CDE,GDX,24.6,None,72.3,8.4,95.5,2026-08-17,19.31,36.18,6.32,0.102,52.4,1.05,75.0,0.04,7,2.58,-0.943,7 distribution days in 20,0.73,-1.45,0.22,2.02,-1.08,-2.78,1.61,2.26,1.95,-0.42,3.0,0.44,-0.49,1.61,2026-08-17,10.657476139978804,-3.71817968373578,11.339531434710148,10.2067868504772,1.3759479483951296,10.435008029402603,9.597030752916247,0.9097827272907857,9.956968155107171
53,REGN,XBI,24.4,None,73.4,8.1,91.1,2026-08-17,804.92,19.86,14.17,0.067,53.4,,55.0,0.07,2,2.86,-0.963,,-1.03,-0.1,,-1.35,-1.28,-1.54,-1.24,1.93,0.91,,0.67,0.43,-0.25,-1.24,2026-08-17,1.7874912468212045,-1.9070900339669627,2.4695465415525475,-1.7911767957837332,-4.367910407000086,-1.5629556168583303,-0.4508654897480313,-2.743400540903773,-0.09092808755710724
54,DASH,XLY,23.5,None,45.2,12.2,89.7,2026-08-17,212.72,12.53,10.71,0.0,50.4,0.97,45.0,-0.17,2,1.66,-0.737,,-0.47,-0.35,3.0,-0.67,-0.26,0.15,0.71,0.72,1.25,1.04,-0.67,0.07,-0.35,0.71,2026-08-17,7.595471839917334,6.229961705942744,8.277527134648677,8.854337920992084,8.93163094744348,9.082559099917486,-5.876274132180937,-3.583247680789659,-5.516336729990012
55,KEYS,XLK,21.0,None,30.7,14.4,73.7,2026-08-17,361.14,14.95,6.66,0.005,53.4,0.94,50.0,-0.2,1,2.38,-0.643,,-0.44,1.27,2.76,-0.67,-0.07,-1.14,-2.13,-0.91,0.78,-2.53,-0.67,-0.95,-2.12,-2.13,2026-08-17,-11.217142857142859,-7.863566246190001,-10.535087562411515,-7.817142857142856,-7.897757679521544,-7.588921678217453,-4.737142857142851,-5.586285652864909,-4.377205454951927
56,PANW,IGV,19.4,None,27.4,13.7,71.5,2026-08-17,375.75,7.71,-1.96,0.038,57.5,0.9,60.0,0.36,0,1.59,-0.672,,-1.25,-0.56,0.64,-0.45,-0.15,0.6,-2.71,-1.33,0.78,-0.2,-0.45,-0.03,0.77,-2.71,2026-08-17,-5.287033536750007,-5.787033536750019,-4.604978242018664,3.1835610520062785,-4.772321300934901,3.4117822309316814,-9.043041529405404,-9.807747411758339,-8.683104127214479
57,NTAP,IGV,17.6,None,25.1,12.3,71.5,2026-08-17,204.23,26.66,16.99,0.059,57.2,1.18,60.0,-0.08,2,2.6,-0.731,,0.64,-0.35,2.07,-0.22,-1.29,-2.45,-0.39,0.56,0.99,1.22,-0.22,-1.16,-2.28,-0.39,2026-08-17,-7.313203431007986,-7.813203431007998,-6.631148136276643,-8.175913530665879,-16.131795883607058,-7.947692351740476,-6.262085378551241,-7.026791260904175,-5.902147976360316
58,ATI,XLI,15.2,None,5.9,39.3,7.6,2026-08-17,231.78,24.44,19.86,0.041,50.5,0.95,55.0,-0.24,3,2.3,0.032,,2.18,-0.67,0.2,0.67,-0.63,-0.07,-1.97,-0.9,-0.89,-0.31,-1.35,-1.53,-1.8,-1.97,2026-08-17,-7.8726673984632285,-4.521468221374825,-7.190612103731885,-10.309549945115249,-4.86317454584071,-10.081328766189845,-9.023051591657527,-3.1977037490934945,-8.663114189466603
59,ANET,XLK,14.6,None,18.3,11.7,73.7,2026-08-17,201.82,19.17,10.88,0.06,50.8,0.84,60.0,-0.34,2,1.51,-0.762,,1.08,-1.51,3.0,0.0,-1.38,0.2,-0.81,0.61,-1.99,-0.95,0.0,-2.26,-0.78,-0.81,2026-08-17,-3.9948979591836853,-0.6413213482308278,-3.3128426644523423,-0.15816326530612157,-0.23877808768481001,0.07005791361928138,-0.49999999999998934,-1.349142795722047,-0.14006259780906527
60,FIVN,IGV,13.5,None,19.7,9.3,71.5,2026-08-17,31.84,23.94,14.27,0.028,50.3,0.85,55.0,0.52,5,1.44,-0.888,5 distribution days in 20,-0.38,-1.89,0.64,0.0,1.54,0.57,-1.22,-0.47,-0.55,-0.2,0.0,1.67,0.73,-1.22,2026-08-17,2.6307547760726635,2.130754776072652,3.3128100708040065,8.268086439085497,0.3122040861443178,8.4963076180109,-2.192295646727216,-2.95700152908015,-1.8323582445362918
61,SITM,SMH,12.3,None,7.4,20.5,44.2,2026-08-17,747.96,34.79,28.39,0.018,49.4,0.88,65.0,-0.67,5,2.59,-0.427,5 distribution days in 20,-0.19,-0.75,-3.0,-0.22,-1.11,-0.79,-0.81,-0.12,-0.52,-0.37,0.45,-2.44,-2.46,-0.81,2026-08-17,-18.1921906693712,-13.394879253337223,-17.51013537463986,-20.352997520847428,-17.246498948722344,-20.124776341922026,-15.553865224250618,-15.496401965909756,-15.193927822059694
62,CRWD,IGV,9.9,None,14.5,6.7,71.5,2026-08-17,213.9,7.8,-1.87,0.013,50.1,0.84,60.0,-0.03,0,1.37,-1.07,,-1.39,-2.71,-0.04,0.0,-0.25,-0.09,-3.0,-1.47,-1.37,-0.89,0.0,-0.12,0.07,-3.0,2026-08-17,-10.464788732394359,-10.964788732394371,-9.782733437663016,8.460093896713627,0.5042115437724473,8.688315075639029,-1.422535211267606,-2.18724109362054,-1.0625978090766819
63,NESR,OIH,9.2,None,15.2,5.6,76.4,2026-08-17,35.75,31.29,17.63,0.016,46.1,0.58,60.0,-0.17,0,2.96,-1.164,,-1.21,-2.74,-1.43,-1.35,-1.65,-1.34,-1.16,-0.59,-2.67,-2.9,-0.67,-0.66,-1.69,-1.16,2026-08-17,-6.386554621848739,-2.0374062033572615,-5.7044993271173965,-1.666666666666683,-2.069062324536808,-1.43844548774128,-4.201680672268903,-4.426273597591745,-3.8417432700779792
64,TTC,XLI,8.9,None,3.4,23.3,7.6,2026-08-17,97.52,4.2,-0.38,-0.122,49.1,1.01,25.0,-0.12,3,0.66,-0.346,,-0.12,-0.22,0.06,-1.35,0.55,0.93,-1.17,-3.0,-0.43,-0.45,-3.0,-0.34,-0.8,-1.17,2026-08-17,1.708789522152876,5.059988699241281,2.390844816884219,0.05116136293870088,5.497536762213239,0.27938254186410383,-3.0185204133838184,2.806827429180214,-2.6585830111928943
65,APH,XLK,8.0,None,13.0,4.9,73.7,2026-08-17,85.36,13.56,5.27,-0.029,51.4,0.7,45.0,-0.37,1,1.25,-1.229,,-0.86,0.16,2.48,-1.35,-0.99,-2.4,-1.94,-1.33,-0.32,-2.81,-1.35,-1.87,-3.0,-1.94,2026-08-17,-5.844549533163567,-2.4909729222107098,-5.162494238432224,-3.965078210258266,-4.0456930326369545,-3.736857031332863,-1.0185522008002934,-1.867694996522351,-0.6586147986093693
66,BWA,XLY,7.7,None,17.5,3.4,89.7,2026-08-17,69.72,13.46,11.64,0.021,52.5,1.02,60.0,-0.31,4,1.68,-1.42,4 distribution days in 20,-0.9,-0.43,3.0,0.0,-1.55,-1.18,-0.95,0.29,1.18,1.02,0.0,-1.22,-1.68,-0.95,2026-08-17,-6.960556844547561,-8.326066978522151,-6.278501549816218,-7.221577726218098,-7.1442846997667,-6.993356547292695,-3.9153132250579925,-1.6222867736667146,-3.5553758228670684
67,HQY,XLV,5.5,None,21.4,1.4,96.7,2026-08-17,102.35,3.57,-1.31,-0.02,50.1,0.66,50.0,0.05,0,0.09,-1.874,,-3.0,-3.0,-3.0,-2.36,-2.79,-3.0,-2.83,-1.41,-1.11,-3.0,-0.34,-0.13,-1.29,-2.83,2026-08-17,3.1121550205519544,-0.44673327320510214,3.7942103152832973,-5.490311215502064,-6.597256403861274,-5.262090036576661,-8.62203953807007,-7.729341805522305,-8.262102135879145
68,FLYW,IGV,4.8,None,7.3,3.2,71.5,2026-08-17,18.31,1.5,-8.17,-0.057,49.7,0.88,40.0,0.16,5,1.49,-1.453,5 distribution days in 20,-0.72,-1.9,2.17,-0.22,0.16,-0.6,-0.26,-0.81,-0.55,1.32,-0.22,0.28,-0.43,-0.26,2026-08-17,6.699615595826458,6.1996155958264465,7.3816708905578015,3.844041735310255,-4.111840617630924,4.072262914235658,-1.2630422844590927,-2.0277481668120267,-0.9031048822681687
69,AIR,ITA,4.7,None,5.9,3.8,65.2,2026-08-17,153.74,13.3,3.7,0.044,51.6,1.12,40.0,-0.28,3,2.03,-1.368,,-0.43,-1.81,0.77,-0.67,-2.7,-2.28,-0.12,0.08,-0.35,0.89,-2.02,-2.56,-2.05,-0.12,2026-08-17,-10.257776593618873,-3.4155240857254974,-9.57572129888753,-13.86132018916939,-4.984776485880149,-13.633099010243988,-12.875507893159256,-2.0725823506149936,-12.515570490968331
70,OKTA,IGV,4.3,None,6.5,2.8,71.5,2026-08-17,143.24,-3.44,-13.11,0.007,51.7,1.09,55.0,-0.15,5,-0.03,-1.516,5 distribution days in 20,-0.88,-1.5,1.62,0.45,-1.37,-1.02,-1.9,-0.96,-0.15,0.77,0.45,-1.25,-0.86,-1.9,2026-08-17,-8.795264623955434,-9.295264623955447,-8.113209329224091,20.501392757660163,12.545510404718984,20.729613936585565,16.70264623955433,15.937940357201395,17.062583641745253
71,ZBRA,XLK,4.1,None,3.9,4.4,73.7,2026-08-17,371.03,40.35,32.06,-0.071,47.0,1.0,30.0,0.26,4,2.91,-1.287,4 distribution days in 20,-0.79,-0.58,3.0,-2.02,2.19,-1.46,0.28,-1.27,-1.07,1.03,-2.02,1.31,-2.45,0.28,2026-08-17,-1.3527094934129957,2.000867117539862,-0.6706541986816528,-3.9467608311829383,-4.027375653561627,-3.7185396522575354,-4.164063561048481,-5.013206356770539,-3.804126158857557
72,AXTA,XLB,3.0,None,6.0,1.5,81.6,2026-08-17,36.11,12.42,7.98,-0.096,48.7,1.23,35.0,-0.21,4,0.35,-1.852,4 distribution days in 20,-2.02,-3.0,3.0,0.34,-0.52,0.28,-0.49,-1.92,0.14,2.3,-1.01,0.18,0.87,-0.49,2026-08-17,0.41771094402673903,-2.179441807031357,1.099766238758082,1.434140907825121,0.5299469870863716,1.662362086750524,-1.0303536619326037,-0.5109231117209956,-0.6704162597416796
73,CORT,XBI,2.7,None,6.2,1.2,91.1,2026-08-17,117.18,27.91,22.23,-0.006,55.1,0.86,55.0,0.05,4,1.88,-1.974,4 distribution days in 20,-3.0,-0.36,-0.14,-3.0,-2.25,-2.29,-1.38,-1.8,0.65,0.77,-1.35,-0.55,-1.0,-1.38,2026-08-17,5.690638535100145,1.9960572543119781,6.372693829831489,-2.808868304815826,-5.385601916032179,-2.580647125890423,-2.3199965693211477,-4.61253162047689,-1.9600591671302237
74,IOT,IGV,1.7,None,2.6,1.1,71.5,2026-08-17,39.02,1.18,-8.49,-0.103,48.2,1.02,35.0,0.36,3,0.66,-2.018,,-3.0,-2.77,0.7,-2.7,1.27,-0.96,-3.0,-3.0,-1.43,-0.15,-2.7,1.4,-0.8,-3.0,2026-08-17,2.1139240506329093,1.6139240506328978,2.7959793453642523,3.3924050632911484,-4.563477289650031,3.6206262422165514,1.6708860759493627,0.9061801935964287,2.0308234781402867
75,TWLO,IGV,1.5,None,2.4,1.0,71.5,2026-08-17,228.49,11.32,1.65,0.034,52.2,0.9,55.0,-0.5,8,1.23,-2.029,8 distribution days in 20,-0.48,-1.25,1.25,-0.67,-1.93,-3.0,0.81,-0.56,0.1,0.4,-0.67,-1.81,-3.0,0.81,2026-08-17,-3.494472143941041,-3.9944721439410524,-2.812416849209698,2.2198135703446864,-5.736068782596493,2.4480347492700893,-2.059397355300241,-2.824103237653175,-1.6994599531093169
76,CDNA,XLV,0.9,None,1.5,0.6,96.7,2026-08-17,46.37,20.87,15.99,-0.041,45.4,0.63,35.0,-0.32,5,1.48,-2.306,5 distribution days in 20,-3.0,-3.0,-3.0,-3.0,-3.0,-3.0,-0.7,-1.26,-2.6,-0.6,-2.02,-2.32,-1.1,-0.7,2026-08-17,4.006129597197905,0.44724130344084845,4.688184891929248,9.719789842381775,8.612844654022567,9.948011021307178,10.135726795096334,11.028424527644098,10.495664197287258
1,CRM,IGV,98.2,Strong,98.8,97.6,89.3,2026-08-24,208.69,20.46,7.67,0.076,59.2,0.75,70.0,0.1,0,1.94,2.109,,1.86,2.58,-2.19,2.25,1.63,2.7,0.66,3.0,3.0,-2.68,2.92,1.23,1.4,0.66,2026-08-24,25.164241568932777,17.43016466843381,25.062183395774085,21.042386490826793,20.484711116597268,21.072480567527442,24.254221616623674,20.947304485227527,25.401721845600346
2,NWS,XLC,94.7,Strong,95.0,94.4,84.1,2026-08-24,34.94,13.33,8.98,0.063,60.9,,70.0,0.2,0,2.27,1.661,,0.38,3.0,,3.0,0.83,0.73,1.27,1.07,3.0,,3.0,0.78,-0.11,1.27,2026-08-24,-1.2665515256188975,-0.4543416005921119,-1.3686096987775898,-4.317789291882557,-3.541280902021793,-4.287695215181908,-2.763385146804842,-4.182521169653819,-1.6158849178281698
3,VEEV,XLV,91.7,Strong,94.9,88.6,77.1,2026-08-24,248.48,27.79,20.91,0.071,56.5,0.59,55.0,0.16,0,2.23,1.274,,0.35,3.0,-3.0,-0.0,1.39,1.06,-2.86,1.82,3.0,-3.0,2.02,1.28,-0.35,-2.86,2026-08-24,16.907520366807205,19.14598279056139,16.805462193648513,8.461947844598194,12.633889379872675,8.492041921298842,9.149711384942893,13.03393281433638,10.297211613919565
4,NWSA,XLC,91.5,Strong,94.2,88.8,84.1,2026-08-24,30.64,12.61,8.25,0.06,55.4,,55.0,0.21,1,2.39,1.288,,0.81,1.83,,1.35,1.46,1.53,0.2,1.5,3.0,,1.35,1.41,0.7,0.2,2026-08-24,0.657894736842124,1.4701046618689095,0.5558365636834317,-2.203947368421044,-1.4274389785602803,-2.1738532917203957,0.13157894736843812,-1.2875570754805388,1.2790791763451104
5,SCHW,XLF,89.0,Strong,82.0,96.7,27.9,2026-08-24,113.65,9.41,7.11,0.067,56.5,0.89,60.0,0.06,1,2.79,1.943,,2.73,1.99,-2.32,1.35,2.14,3.0,-2.54,0.99,2.25,-1.06,0.0,0.49,2.51,-2.54,2026-08-24,-2.839702760084928,-1.9947294888312594,-2.94176093324362,-5.44939844302903,-3.9146510727927852,-5.419304366328381,-4.635527246992222,-2.342028367875127,-3.4880270180155497
6,A,XLV,88.5,Strong,90.5,86.5,77.1,2026-08-24,153.41,11.24,4.36,0.066,55.6,0.88,65.0,-0.0,1,1.73,1.177,heavy selling into close today,1.47,3.0,-1.2,1.35,0.43,-1.05,-1.39,2.94,3.0,-0.07,3.0,0.32,-2.46,-1.39,2026-08-24,-0.2079272254710829,2.030535198283101,-0.30998539862977514,-4.574398960363868,-0.40245742508938687,-4.544304883663219,-2.3651721897335998,1.5190492396598865,-1.2176719607569275
7,MRK,XLV,88.1,Strong,90.3,85.9,77.1,2026-08-24,149.81,15.25,8.37,0.084,50.8,0.97,70.0,0.12,4,3.46,1.154,4 distribution days in 20; extended >3 ATR above 20d avg,1.72,1.39,-1.86,0.67,1.84,1.39,0.99,3.0,1.36,-0.73,2.7,1.73,-0.02,0.99,2026-08-24,-2.1517553793884647,0.08670704436571919,-2.253813552547157,-1.6654453400839375,2.5064961951905436,-1.635351263383289,-4.210245819732206,-0.3260243903387199,-3.062745590755534
8,TMO,XLV,86.8,Strong,86.9,86.7,77.1,2026-08-24,628.33,12.38,5.5,0.126,57.0,0.77,70.0,0.1,0,2.45,1.188,,2.69,1.28,-1.32,0.67,-0.04,0.9,-0.75,3.0,1.25,-0.19,2.7,-0.15,-0.51,-0.75,2026-08-24,-2.080789177358733,0.1576732463954511,-2.182847350517425,-4.428020871330462,-0.256079336055981,-4.3979267946298135,1.7302903906237788,5.614511820017265,2.877790619600451
9,TTEK,XLI,84.1,Strong,78.3,90.3,1.9,2026-08-24,36.85,15.77,18.08,0.056,60.3,1.13,55.0,0.05,4,1.76,1.366,4 distribution days in 20; heavy selling into close today,3.0,3.0,1.25,3.0,2.23,0.25,-1.13,2.74,2.88,0.96,1.35,0.84,-0.31,-1.13,2026-08-24,-1.4320785597381258,1.6908413426359514,-1.534136732896818,-2.755046372067649,0.7561584204772931,-2.7249522953670002,0.1363884342607813,6.720590786157832,1.2838886632374535
10,BIIB,XLV,81.3,Strong,85.1,77.6,77.1,2026-08-24,218.02,8.93,2.05,0.016,57.4,0.69,60.0,0.02,0,1.54,0.871,,0.04,1.48,-2.78,-0.67,1.11,1.64,-1.54,1.51,1.44,-1.66,1.35,1.0,0.23,-1.54,2026-08-24,-1.0322934271228323,1.2061689966313516,-1.1343516002815246,-2.9781208605490384,1.1938206747254427,-2.94802678384839,-1.2469739186041329,2.6372475107893534,-0.09947368962746062
11,SHC,XLV,79.7,Strong,82.9,76.6,77.1,2026-08-24,19.17,11.19,4.32,0.152,58.5,1.2,80.0,0.13,2,1.02,0.844,,0.33,2.07,0.48,1.35,0.69,1.85,-0.6,1.8,2.04,1.6,3.0,0.58,0.44,-0.6,2026-08-24,-1.7671517671517645,0.47131065660241944,-1.8692099403104567,-3.3264033264033155,0.8455382088711656,-3.296309249702667,-1.3513513513513375,2.5328700780421487,-0.2038511223746653
12,CVX,SPY,78.8,Strong,74.2,83.6,,2026-08-24,203.05,7.8,4.5,0.049,55.9,0.97,65.0,-0.04,2,2.02,1.063,,2.04,1.94,2.16,3.0,0.72,1.22,-0.71,0.3,1.19,-3.0,0.4,-0.12,-0.35,-0.71,2026-08-24,2.546883549718948,2.4448253765602557,2.4448253765602557,4.457046212008153,4.487140288708802,4.487140288708802,8.317166592050928,9.464666821027599,9.464666821027599
13,NOW,IGV,76.2,Strong,88.6,65.6,89.3,2026-08-24,128.03,21.3,8.51,0.079,56.1,0.68,65.0,-0.08,1,1.23,0.573,,1.44,-0.74,-1.21,2.02,0.04,-0.08,-1.01,2.7,1.36,-1.7,2.7,-0.37,-1.38,-1.01,2026-08-24,17.5657973085626,9.831720408063635,17.46373913540391,6.5698066769878105,6.0121313027582834,6.599900753688459,12.627525703624332,9.320608572228185,13.775025932601004
14,AVNT,XLB,75.5,Strong,81.9,69.6,73.1,2026-08-24,44.13,21.94,17.72,0.082,53.7,0.87,65.0,0.02,4,1.29,0.664,4 distribution days in 20,2.81,0.47,1.8,2.7,0.85,0.41,0.89,2.39,1.95,0.01,2.02,0.01,0.48,0.89,2026-08-24,-1.6411870503597048,-0.15734031857909114,-1.743245223518397,-4.788669064748197,-1.9148899512996587,-4.758574988047548,-7.936151079136677,-2.8084275629834066,-6.788650850160005
15,UBER,IGV,74.2,Strong,78.1,70.4,89.3,2026-08-24,79.29,16.33,3.54,0.067,60.3,1.3,60.0,-0.23,2,1.62,0.682,,1.34,2.9,3.0,2.02,-0.65,1.78,-1.81,2.6,3.0,3.0,2.7,-1.05,0.48,-1.81,2026-08-24,-4.724111866969006,-12.45818876746797,-4.826170040127698,-7.854623330813803,-8.41229870504333,-7.824529254113155,-9.952128999748034,-13.259046131144181,-8.804628770771362
16,LECO,XLI,70.1,Strong,53.5,91.9,1.9,2026-08-24,282.31,9.87,12.17,0.066,54.6,1.09,55.0,0.14,6,0.84,1.463,6 distribution days in 20,3.0,3.0,1.45,3.0,2.52,1.61,3.0,2.05,1.31,1.16,0.0,1.13,1.05,3.0,2026-08-24,-1.7296806205884363,1.393239281785641,-1.8317387937471286,-3.2601858969878994,0.2510188955570425,-3.230091820287251,-11.359983227339443,-4.7757808754423925,-10.21248299836277
17,WAT,XLV,69.5,Moderate,74.9,64.5,77.1,2026-08-24,410.68,10.66,3.78,0.03,53.4,0.79,50.0,-0.05,2,0.83,0.549,,0.09,1.39,-1.3,-0.67,-0.09,1.41,-0.24,1.56,1.36,-0.17,1.35,-0.2,-0.0,-0.24,2026-08-24,0.6161459344071307,2.8546083581613146,0.5140877612484385,-2.246264312051227,1.925677223223254,-2.2161702353505786,1.183776440908213,5.067997870301699,2.3312766698848852
18,ZM,IGV,67.7,Moderate,83.3,55.0,89.3,2026-08-24,104.89,15.02,2.24,0.082,57.2,0.82,65.0,0.11,1,0.67,0.35,,0.26,-0.01,-0.16,0.9,1.39,0.62,-1.11,1.52,2.1,-0.65,1.57,0.99,-0.68,-1.11,2026-08-24,-6.657004830917879,-14.391081731416843,-6.759063004076571,-6.763285024154586,-7.320960398384113,-6.733190947453937,-10.091787439613519,-13.398704571009667,-8.944287210636848
19,SSRM,GDX,66.3,Moderate,91.8,47.9,95.7,2026-08-24,38.62,47.01,10.26,0.061,59.0,0.94,65.0,0.5,3,4.66,0.209,extended >3 ATR above 20d avg,0.14,2.07,1.6,-0.67,2.31,0.2,0.04,1.62,3.0,-0.13,0.67,3.0,2.0,0.04,2026-08-24,-0.03986181238373465,3.248320362724233,-0.1419199855424269,-1.807068828062719,1.6087144463777903,-1.7769747513620704,-6.324740898219517,1.2920631850156568,-5.1772406692428445
20,NEM,GDX,66.0,Moderate,92.4,47.1,95.7,2026-08-24,131.57,41.08,4.32,0.009,56.4,0.78,55.0,-0.09,0,4.0,0.191,extended >3 ATR above 20d avg,-0.35,0.56,-3.0,-1.35,-1.23,0.22,-0.8,1.13,3.0,-3.0,0.0,-0.2,2.02,-0.8,2026-08-24,-3.045254799167374,0.24292737594059366,-3.147312972326066,-2.0121810191966794,1.4036022552438299,-1.9820869424960308,-4.263356718834322,3.353447364400852,-3.1158564898576495
21,RGLD,GDX,65.5,Moderate,90.2,47.5,95.7,2026-08-24,263.78,31.22,-5.53,0.056,56.2,1.09,65.0,0.03,2,4.59,0.199,extended >3 ATR above 20d avg,0.5,2.67,2.34,0.67,-0.7,-0.94,0.06,1.97,3.0,0.6,2.02,0.33,0.85,0.06,2026-08-24,0.534286592865918,3.8224687679738856,0.4322284197072257,0.50353628536286,3.919319559803369,0.5336303620635086,-3.405596555965562,4.211207527269611,-2.25809632698889
22,CHRD,XOP,63.8,Moderate,95.9,42.5,97.1,2026-08-24,144.62,10.69,0.58,0.07,56.9,0.9,55.0,0.02,2,1.32,0.099,,1.9,1.1,2.38,0.17,-0.77,0.2,-1.49,3.0,2.72,-1.83,1.35,0.53,1.69,-1.49,2026-08-24,3.9333380410987884,0.7865807361264743,3.831279867940096,4.233458089117992,-1.6434126964748996,4.26355216581864,10.910246451521765,1.8646897386222605,12.057746680498436
23,FRSH,IGV,63.3,Moderate,78.0,51.3,89.3,2026-08-24,13.2,21.84,9.05,0.077,55.3,1.06,75.0,0.44,0,1.98,0.277,,1.27,-1.1,2.5,3.0,2.03,1.08,-1.63,2.53,1.0,2.01,3.0,1.63,-0.22,-1.63,2026-08-24,6.508422664624813,-1.2256542358741518,6.406364491466121,-7.350689127105669,-7.908364501335196,-7.320595050405021,-3.1393568147013773,-6.446273946097525,-1.991856585724705
24,PSX,XLE,60.5,Moderate,88.8,41.2,94.4,2026-08-24,241.96,17.01,8.85,0.119,55.4,1.13,70.0,0.32,3,2.75,0.071,,1.39,-1.27,3.0,0.67,2.25,2.42,1.77,2.99,1.29,2.64,2.02,2.56,3.0,1.77,2026-08-24,2.9394572025052135,0.14146270145394269,2.837399029346521,8.200417536534443,4.06003261012331,8.230511613235091,10.609603340292285,4.593106494101119,11.757103569268956
25,TOST,IGV,54.8,Weak,72.1,41.6,89.3,2026-08-24,36.7,19.09,6.31,0.02,57.3,0.9,45.0,-0.05,1,1.84,0.081,,-0.85,1.19,-1.22,-1.35,0.71,0.68,-2.24,0.41,3.0,-1.71,-0.67,0.31,-0.62,-2.24,2026-08-24,-6.243124312431236,-13.9772012129302,-6.345182485589929,-8.443344334433444,-9.001019708662971,-8.413250257732795,-12.43124312431243,-15.738160255708578,-11.28374289533576
26,HALO,XBI,53.2,Weak,76.9,36.8,92.3,2026-08-24,108.64,33.28,24.26,0.065,55.2,0.86,60.0,0.15,5,3.26,-0.02,5 distribution days in 20; extended >3 ATR above 20d avg,-1.14,0.19,-3.0,0.67,-0.58,-0.23,1.84,1.41,1.25,-1.28,2.02,0.55,0.64,1.84,2026-08-24,-2.561053690661297,-0.2984468787705641,-2.663111863819989,-0.9421018933504111,1.5912956274102164,-0.9120078166497625,-2.7714259581084755,4.527888038762384,-1.6239257291318032
27,EXLS,XLK,51.9,Weak,42.8,63.0,40.4,2026-08-24,37.67,31.9,28.61,0.017,54.3,0.85,40.0,-0.12,2,2.42,0.516,,2.22,2.6,3.0,1.8,0.46,-2.57,-0.5,0.41,0.97,-0.37,-0.22,-0.2,-1.52,-0.5,2026-08-24,1.8860353130015994,-0.4888959679219873,1.7839771398429072,-4.949170679507764,-8.110248194625969,-4.919076602807116,-2.889245585874811,-3.7908398684476485,-1.741745356898139
28,FIGS,XLY,51.7,Weak,88.8,30.1,95.6,2026-08-24,15.21,53.25,46.55,0.013,53.6,0.49,35.0,0.31,1,2.3,-0.172,,0.14,0.15,1.74,-0.67,1.48,1.83,-3.0,2.03,1.86,-3.0,0.0,1.21,0.34,-3.0,2026-08-24,0.8547008547008517,2.378187947379662,0.7526426815421594,-9.993425378040765,-6.28627345252235,-9.963331301340116,-12.62327416173571,-6.250019824029407,-11.475773932759036
29,PLTR,IGV,51.6,Weak,68.9,38.7,89.3,2026-08-24,175.88,33.71,20.92,0.033,51.4,0.5,60.0,-0.12,1,2.2,0.021,,-0.13,-1.44,-3.0,0.67,-0.29,-1.75,-0.62,1.14,0.66,-3.0,1.35,-0.69,-3.0,-0.62,2026-08-24,5.520013587725758,-2.214063312773207,5.417955414567066,-3.5894242201211624,-4.147099594350689,-3.559330143420514,-2.304251825850645,-5.611168957246793,-1.1567515968739728
30,LITE,XLK,50.4,Weak,44.9,56.6,40.4,2026-08-24,829.83,16.56,13.27,0.002,52.0,0.88,50.0,-0.25,4,0.08,0.384,4 distribution days in 20,1.93,2.31,2.19,2.02,-0.49,-0.74,-0.05,0.12,0.68,-2.23,0.0,-1.14,0.31,-0.05,2026-08-24,6.523511190814446,4.148579909890859,6.421453017655754,13.915737010037965,10.75465949491976,13.945831086738615,-2.312690686354424,-3.2142849689272612,-1.1651904573777516
31,FCX,COPX,50.3,Weak,65.6,38.6,87.3,2026-08-24,77.81,24.09,2.72,0.033,48.7,0.79,60.0,0.27,1,3.53,0.017,extended >3 ATR above 20d avg,-0.31,-1.48,-2.34,0.34,0.16,-0.56,-0.1,0.16,-0.55,-2.74,0.34,0.52,0.97,-0.1,2026-08-24,-1.8280824581874744,-0.6623207207233861,-1.9301406313461666,-0.6482561908466189,-1.1166901310148192,-0.6181621141459703,-10.047970958122654,-0.10439595546109004,-8.900470729145983
32,COP,XOP,46.8,Weak,83.1,26.4,97.1,2026-08-24,133.35,16.14,6.03,0.083,51.8,1.1,65.0,0.1,1,2.94,-0.264,,3.0,-0.71,3.0,-0.51,-0.6,-1.18,0.3,3.0,0.91,-0.05,0.67,0.71,0.3,0.3,2026-08-24,1.0870809017049954,-2.0596764032673187,0.9850227285463031,3.0323835679139544,-2.844487217678937,3.062477644614603,7.739253156348913,-1.3063035565505912,8.886753385325585
33,ESTC,IGV,46.5,Weak,66.6,32.5,89.3,2026-08-24,83.21,35.88,23.09,0.062,53.3,0.77,65.0,0.64,2,1.81,-0.116,,-1.3,-2.17,-0.17,0.0,3.0,1.09,2.42,-0.03,-0.06,-0.66,0.67,2.67,-0.21,2.42,2026-08-24,17.55844781875149,9.824370918252523,17.456389645592797,6.623282718727408,6.065607344497881,6.6533767954280565,2.5909857797059344,-0.7159313516902133,3.7384860086826066
34,WK,IGV,45.0,Weak,65.0,31.2,89.3,2026-08-24,74.84,34.31,21.53,0.049,52.6,0.81,55.0,0.11,1,2.38,-0.145,,0.65,-1.82,0.33,-0.67,2.16,1.64,-2.31,1.91,0.28,-0.16,0.0,1.76,0.34,-2.31,2026-08-24,8.512082541406475,0.7780056409075096,8.410024368247782,0.09503122454521673,-0.46264414968431034,0.1251253012458653,1.615530817268529,-1.6913863141276186,2.7630310462452012
35,CART,XLY,44.7,Weak,85.0,23.5,95.6,2026-08-24,51.76,17.5,10.8,0.069,51.6,0.71,65.0,0.1,3,1.69,-0.34,,-0.64,-0.43,3.0,0.67,0.96,1.41,3.0,1.26,1.28,-1.74,1.35,0.69,-0.08,3.0,2026-08-24,-2.50916811426366,-0.9856810215848499,-2.6112262874223524,-7.353792704111184,-3.646640778592769,-7.323698627410535,-9.669947886508401,-3.296693548802099,-8.522447657531728
36,AU,GDX,44.4,Weak,89.3,22.1,95.7,2026-08-24,120.47,50.72,13.97,0.058,56.9,1.0,65.0,0.36,3,4.86,-0.38,extended >3 ATR above 20d avg,-0.4,0.12,1.81,-0.0,1.35,0.47,-0.94,1.07,3.0,0.07,1.35,2.39,2.26,-0.94,2026-08-24,-5.258271438217421,-1.9700892631094535,-5.360329611376113,-8.97197839297773,-5.556195118537222,-8.941884316277083,-14.998311951384213,-7.38150786814904,-13.850811722407542
37,PR,XOP,44.0,Weak,89.1,21.7,97.1,2026-08-24,23.53,17.01,6.9,0.077,59.6,0.85,75.0,0.27,4,3.12,-0.392,4 distribution days in 20; extended >3 ATR above 20d avg,-0.7,0.58,0.96,1.52,0.01,-0.64,-0.98,0.41,2.2,-3.0,2.7,1.31,0.84,-0.98,2026-08-24,0.3902862098872584,-2.7564710950850557,0.2882280367285661,1.9080659150043422,-3.9688048705885492,1.9381599917049908,5.550737207285339,-3.4948195056141653,6.698237436262011
38,WDAY,IGV,43.5,Weak,63.5,29.8,89.3,2026-08-24,199.12,34.98,22.19,0.05,51.7,0.62,65.0,-0.26,3,1.58,-0.177,,-0.53,-2.39,-1.63,2.02,-1.06,1.22,-0.05,0.73,-0.28,-2.12,2.7,-1.47,-0.08,-0.05,2026-08-24,0.647364665103467,-7.086712235395498,0.5453064919447748,-5.064226730553578,-5.621902104783105,-5.03413265385293,-2.803547762259151,-6.1104648936552985,-1.6560475332824787
39,FIVE,XRT,35.5,None,25.0,50.5,47.9,2026-08-24,262.71,26.83,27.52,0.015,57.2,1.08,25.0,-0.11,2,3.2,0.26,extended >3 ATR above 20d avg,0.92,1.32,-0.55,0.0,0.94,-2.73,-1.8,0.22,2.22,0.01,-2.7,0.06,-2.96,-1.8,2026-08-24,-3.956890514356859,-1.263973564820775,-4.058948687515551,-1.1244261146992396,2.0889705813858406,-1.094332037998591,-8.06552019298109,-2.046058776371007,-6.918019964004418
40,PCTY,IGV,35.3,None,54.7,22.8,89.3,2026-08-24,152.45,17.12,4.33,0.062,52.8,0.89,65.0,0.28,4,1.11,-0.359,4 distribution days in 20,-0.11,-1.77,0.81,1.25,1.95,1.39,-1.02,1.15,0.34,0.32,1.93,1.55,0.09,-1.02,2026-08-24,6.621414786717228,-1.1126621137817372,6.519356613558536,-4.518533306714589,-5.0762086809441165,-4.488439230013941,-2.023025221268393,-5.32994235266454,-0.8755249922917208
41,DT,IGV,35.2,None,54.5,22.7,89.3,2026-08-24,49.04,12.19,-0.59,0.038,54.7,0.78,50.0,0.06,4,0.47,-0.364,4 distribution days in 20,-0.8,-1.44,-0.3,-0.67,1.15,1.37,3.0,0.46,0.67,-0.79,0.0,0.75,0.07,3.0,2026-08-24,8.158415841584144,0.4243389410851792,8.056357668425452,-0.4158415841584162,-0.9735169583879433,-0.38574750745776765,9.247524752475256,5.940607621079108,10.395024981451929
42,MANH,IGV,33.7,None,52.9,21.5,89.3,2026-08-24,213.33,33.95,21.17,0.045,51.4,0.82,60.0,0.22,3,2.32,-0.397,,-0.34,-2.22,-1.27,-0.67,1.22,-0.49,1.54,0.92,-0.11,-1.76,0.0,0.82,-1.79,1.54,2026-08-24,5.793665844870088,-1.9404110556288767,5.691607671711396,-1.365446614830268,-1.923121989059795,-1.3353525381296194,-0.6163474303053196,-3.923264561701467,0.5311527986713527
43,MPC,XLE,32.6,None,72.0,14.8,94.4,2026-08-24,362.72,16.42,8.25,0.102,57.9,1.06,50.0,0.29,3,2.58,-0.624,,-0.39,-0.85,0.33,-1.69,0.71,0.72,-1.03,1.21,1.7,-0.64,-0.34,1.03,1.57,-1.03,2026-08-24,4.222247027962278,1.4242525269110073,4.120188854803586,11.050957191494115,6.9105722650829815,11.081051268194763,14.620193112686298,8.603696266495131,15.76769334166297
44,DHR,XLV,32.0,None,39.2,26.1,77.1,2026-08-24,215.16,9.5,2.62,0.046,50.8,0.7,50.0,-0.08,2,1.76,-0.269,,-0.46,0.44,-2.21,-2.02,-0.39,-2.09,-1.3,1.01,0.41,-1.08,0.0,-0.5,-3.0,-1.3,2026-08-24,0.0,2.238462423754184,-0.10205817315869226,-4.011595287076863,0.16034624819761767,-3.981501210376215,-2.1273611370862033,1.756860292307283,-0.9798609081095311
45,REGN,XBI,28.0,None,49.3,15.9,92.3,2026-08-24,828.54,24.34,15.31,0.056,52.0,0.78,55.0,-0.23,1,2.24,-0.584,,-0.75,-0.59,-3.0,-0.67,-2.68,-3.0,-1.86,1.81,0.48,-1.52,0.67,-1.55,-3.0,-1.86,2026-08-24,-3.594944646776499,-1.3323378348857662,-3.697002819935191,-2.279250379875064,0.25414714088556334,-2.2491563031744155,-6.711729094811991,0.5875849020588682,-5.564228865835319
46,CDE,GDX,28.0,None,81.8,9.6,95.7,2026-08-24,20.87,35.78,-0.97,0.08,53.7,0.98,70.0,-0.06,5,2.52,-0.873,5 distribution days in 20,0.15,-1.42,0.81,1.35,-1.03,-2.24,1.91,1.63,2.35,-0.93,2.7,0.01,-0.44,1.91,2026-08-24,1.5388373229115793,4.827019498019547,1.436779149752887,0.9770395701026002,4.39282284454311,1.0071336468032488,-2.7357107962872385,4.8810932869479355,-1.5882105673105662
47,MDB,IGV,27.8,None,45.6,17.0,89.3,2026-08-24,402.6,30.0,17.22,0.044,51.0,0.83,50.0,0.14,3,0.18,-0.543,,-0.56,-1.28,0.2,-1.35,0.63,1.78,-0.47,0.7,0.83,-0.28,-0.67,0.23,0.48,-0.47,2026-08-24,11.506970568709885,3.77289366821092,11.404912395551193,-12.468343537164072,-13.0260189113936,-12.438249460463425,-7.078753903272594,-10.385671034668743,-5.931253674295922
48,SLB,OIH,27.3,None,35.3,21.1,79.2,2026-08-24,53.73,4.8,-1.17,-0.034,51.4,1.03,55.0,0.1,3,1.52,-0.408,,-1.46,1.1,0.58,0.34,-0.29,0.08,-1.81,-1.31,1.34,-0.34,0.34,0.89,0.06,-1.81,2026-08-24,12.190547636909233,6.353165703939246,12.088489463750541,7.08927231807952,1.4393179418926927,7.119366394780169,1.6316579144786125,0.07304981070292982,2.779158143455285
49,ABNB,XLY,22.8,None,52.4,9.9,95.6,2026-08-24,190.19,29.5,22.81,0.011,53.3,0.55,45.0,-0.15,6,2.64,-0.856,6 distribution days in 20,-1.1,-0.19,-0.07,0.0,-0.33,-1.45,3.0,0.79,1.52,-3.0,0.67,-0.6,-2.94,3.0,2026-08-24,-3.6238363225161607,-2.1003492298373505,-3.725894495674853,-8.202808604638934,-4.495656679120518,-8.172714527938286,-11.457949823804759,-5.084695486098457,-10.310449594828086
50,FTI,OIH,16.2,None,21.8,12.1,79.2,2026-08-24,75.9,1.23,-4.74,-0.027,50.5,1.04,55.0,-0.02,3,0.82,-0.743,,-1.79,0.35,0.56,0.0,-1.32,0.65,-2.08,-1.64,0.58,-0.37,0.0,-0.14,0.63,-2.08,2026-08-24,3.7700783220496525,-2.0673036109203347,3.6680201488909603,3.7700783220496525,-1.879876054137175,3.800172398750301,-0.4778972520907976,-2.0365053558664803,0.6696029768858747
51,DASH,XLY,14.4,None,25.5,8.1,95.6,2026-08-24,229.06,24.21,17.51,-0.006,49.7,,40.0,-0.22,1,2.21,-0.968,,-1.42,-0.45,,-3.0,-0.11,-0.19,0.84,0.47,1.26,,-3.0,-0.38,-1.68,0.84,2026-08-24,1.0685158532862449,2.592002945965055,0.9664576801275526,-12.60848706877753,-8.901335143259114,-12.578392992076882,-13.506912643377378,-7.133658305671076,-12.359412414400705
52,DGX,XLV,11.2,None,13.9,9.0,77.1,2026-08-24,243.87,5.16,-1.72,-0.003,49.1,0.96,45.0,-0.09,2,1.46,-0.909,,-2.57,-0.54,-1.19,-2.7,-1.28,0.34,0.49,-1.1,-0.57,-0.06,-0.67,-1.39,-1.07,0.49,2026-08-24,-1.4594350838355252,0.7790273399186587,-1.5614932569942175,-3.4518099454761697,0.7201315897983114,-3.421715868775521,1.2483089410896486,5.132530370483135,2.395809170066321
53,CORT,XBI,9.8,None,20.5,4.7,92.3,2026-08-24,123.23,35.28,26.26,0.028,56.5,0.97,65.0,0.07,3,2.89,-1.249,,-3.0,-0.21,-0.77,-1.35,-1.62,-0.9,-1.59,-0.62,0.86,1.03,0.0,-0.5,-0.02,-1.59,2026-08-24,-8.60553270425034,-6.342925892359608,-8.707590877409032,-8.14581821114606,-5.6124206903854335,-8.115724134445411,-10.621824340672637,-3.3225103438017776,-9.474324111695964
54,P,XLK,8.6,None,8.7,8.6,40.4,2026-08-24,100.48,35.38,32.1,-0.008,53.4,0.8,35.0,0.22,5,0.57,-0.932,5 distribution days in 20,1.05,2.17,3.0,-3.0,0.93,-3.0,-0.01,-0.76,0.54,-1.37,-3.0,0.27,-2.36,-0.01,2026-08-24,-9.493670886075945,-11.868602166999532,-9.595729059234637,-1.5287244401168576,-4.689801955235062,-1.498630363416209,-5.530671859785786,-6.432266142358623,-4.383171630809113
55,FLYW,IGV,8.6,None,16.3,4.5,89.3,2026-08-24,19.43,20.42,7.64,0.003,52.2,0.85,50.0,0.26,5,2.13,-1.273,5 distribution days in 20,-1.13,-2.24,1.98,-0.45,0.94,2.02,-0.55,0.13,-0.13,1.49,0.22,0.54,0.72,-0.55,2026-08-24,-2.776349614395879,-10.510426514894844,-2.878407787554571,-7.557840616966571,-8.115515991196098,-7.527746540265922,-8.740359897172233,-12.04727702856838,-7.592859668195561
56,FIVN,IGV,8.5,None,16.1,4.5,89.3,2026-08-24,32.77,28.33,15.55,0.013,53.9,0.89,50.0,-0.04,3,0.88,-1.279,,-2.12,-1.43,0.43,-1.35,-0.23,0.7,-2.73,-0.86,0.68,-0.06,-0.67,-0.63,-0.6,-2.73,2026-08-24,5.945448973337419,-1.7886279271615457,5.843390800178727,-4.290530186944541,-4.848205561174068,-4.260436110243893,1.195219123505975,-2.1116980078901726,2.3427193524826473
57,EXPE,XLY,6.0,None,18.2,2.0,95.6,2026-08-24,338.72,21.83,15.13,-0.012,49.8,0.92,55.0,-0.14,2,1.84,-1.707,,-2.24,-1.56,3.0,-1.35,-0.54,-0.78,-1.34,-0.34,0.15,-0.23,-0.67,-0.81,-2.27,-1.34,2026-08-24,-5.9650579894996,-4.4415708968207905,-6.067116162658293,-18.60706552368523,-14.899913598166814,-18.57697144698458,-13.033547889538156,-6.660293551831853,-11.886047660561484
58,NESR,OIH,3.3,None,4.6,2.3,79.2,2026-08-24,33.42,24.38,18.41,-0.024,46.1,0.63,55.0,-0.26,1,1.01,-1.625,,-2.3,-2.98,-0.51,-1.35,-2.05,-1.65,-0.41,-2.16,-2.75,-1.44,-1.35,-0.87,-1.67,-0.41,2026-08-24,4.292929292929304,-1.5444526400406833,4.190871119770612,1.6042780748663388,-4.045676301320489,1.6343721515669873,-4.664289958407586,-6.222898062183269,-3.516789729430914
1,CRM,IGV,98.1,Strong,97.8,98.4,56.9,2026-08-31,257.2,38.57,25.45,0.084,57.9,0.45,65.0,0.02,0,4.54,2.315,extended >3 ATR above 20d avg,3.0,2.41,-3.0,3.0,0.36,1.05,1.67,2.82,3.0,-3.0,3.0,0.48,-1.61,1.67,2026-08-31,-2.2902262727844125,2.6311428298982804,-2.80328965584542,0.3024827152734222,2.6244068595842385,0.912896586402423,-8.35952231301068,-7.156932118746117,-10.09867562687391
2,A,XLV,95.6,Strong,94.8,96.4,61.6,2026-08-31,153.58,9.84,4.73,0.076,53.7,0.81,70.0,0.06,2,0.74,1.893,,2.74,2.81,-0.44,3.0,1.01,-0.4,2.59,3.0,2.79,-0.69,3.0,0.42,-2.53,2.59,2026-08-31,-4.356887007489418,-1.1991759118857859,-4.869950390550426,-2.142624552263117,0.7243212490860351,-1.5322106811341163,8.928687723868434,10.120825430311797,7.189534410005205
3,TSLA,QQQ,93.5,Strong,94.2,92.8,65.8,2026-08-31,367.92,14.23,11.83,0.081,53.8,0.76,60.0,0.19,1,1.99,1.529,,3.0,2.5,0.29,3.0,0.14,-0.52,0.54,3.0,1.12,-1.97,2.02,0.65,0.57,0.54,2026-08-31,1.98686507606618,0.4301805311133666,1.4738016930051723,-1.1721672624490864,-0.780165790674614,-0.5617533913200856,4.985174716656959,-0.7936628645383026,3.2460214027937306
4,NWS,XLC,91.5,Strong,86.4,96.8,36.5,2026-08-31,34.3,8.2,8.02,0.02,57.9,,55.0,0.17,2,0.9,1.962,heavy selling into close today,2.15,3.0,,2.25,0.79,0.5,1.59,0.48,3.0,,1.35,0.56,-0.98,1.59,2026-08-31,-2.778590231061706,-3.69543845183149,-3.2916536141227137,-1.1991810470897812,-4.34914473626915,-0.5887671759607804,-5.323193916349811,-8.373302848811681,-7.06234723021304
5,NOW,IGV,91.4,Strong,89.6,93.3,56.9,2026-08-31,148.08,29.67,16.55,0.091,55.5,0.59,65.0,0.14,0,3.21,1.57,extended >3 ATR above 20d avg,2.94,0.31,-3.0,2.7,0.03,0.28,-0.5,2.46,1.37,-3.0,2.02,0.15,-2.38,-0.5,2026-08-31,-7.139398132134223,-2.2180290294515297,-7.65246151519523,-1.8609477689380816,0.4609763753727347,-1.2505338978090808,-5.209270148737466,-4.006679954472903,-6.948423462600695
6,VEEV,XLV,90.9,Strong,90.5,91.3,61.6,2026-08-31,285.57,38.48,33.37,0.072,54.5,0.63,55.0,-0.35,2,3.35,1.423,extended >3 ATR above 20d avg,1.27,3.0,-3.0,1.35,-0.76,0.11,-1.51,1.92,3.0,-3.0,2.02,-1.35,-2.02,-1.51,2026-08-31,-6.089607259322271,-2.9318961637186387,-6.602670642383279,-5.494115979016023,-2.6271701776668706,-4.8837021078870215,-7.45781936764498,-6.265681661201617,-9.196972681508209
7,MRK,XLV,90.1,Strong,89.6,90.6,61.6,2026-08-31,146.88,15.64,10.52,0.074,50.7,0.8,60.0,0.02,3,1.48,1.38,,2.32,0.88,-3.0,0.67,1.04,0.94,0.92,2.98,0.86,-3.0,1.35,0.45,-1.19,0.92,2026-08-31,-1.1650485436893065,1.992662551914326,-1.6781119267503142,-3.722798794777371,-0.8558529934282189,-3.1123849236483703,1.0445262805490518,2.2366639869924154,-0.6946270333141769
8,SLB,OIH,87.7,Strong,94.4,81.4,92.2,2026-08-31,59.82,21.93,9.58,0.025,56.5,0.6,65.0,0.33,1,3.97,0.987,extended >3 ATR above 20d avg,-0.07,3.0,-2.04,0.67,0.68,-0.52,-1.27,0.86,3.0,-3.0,1.35,2.2,0.06,-1.27,2026-08-31,-4.339085273915222,-3.5011611037379153,-4.8521486569762295,-9.214273747696433,-4.536249582148544,-8.603859876567432,-12.640308259339916,-4.12681351372629,-14.379461573203145
9,BIIB,XLV,86.0,Strong,85.9,86.2,61.6,2026-08-31,216.67,7.36,2.25,0.016,54.0,0.88,60.0,0.01,0,0.68,1.167,,1.21,1.4,-0.41,2.02,1.31,2.3,-1.84,1.87,1.37,-0.66,2.7,0.72,0.16,-1.84,2026-08-31,-2.6178250504309553,0.5398860451726772,-3.130888433491963,-0.8802494039978015,1.9866963973513507,-0.2698355328688007,3.342196955804133,4.534334662247497,1.6030436419409044
10,TMO,XLV,84.7,Strong,84.6,84.9,61.6,2026-08-31,617.41,7.64,2.53,0.106,57.6,0.81,65.0,0.17,0,0.78,1.114,,1.79,1.65,0.27,1.35,0.71,2.05,-0.68,2.45,1.62,0.02,2.02,0.12,-0.08,-0.68,2026-08-31,-2.5738444376182223,0.5838666579854102,-3.08690782067923,3.7039432202156775,6.570889021564829,4.314357091344679,6.518681389746672,7.710819096190036,4.7795280758834435
11,FIGS,XLY,83.4,Strong,90.2,77.1,86.4,2026-08-31,15.34,41.25,42.61,0.023,49.9,0.55,40.0,0.12,0,1.95,0.858,,2.12,0.73,0.33,1.35,1.17,1.03,-1.73,2.4,1.29,-3.0,0.67,1.0,-0.05,-1.73,2026-08-31,-10.229508196721316,-9.0139138579178,-10.742571579782323,-12.852459016393446,-8.901777415282051,-12.242045145264445,-15.147540983606556,-12.672938222470831,-16.886694297469784
12,RGLD,GDX,80.8,Strong,94.6,69.0,95.7,2026-08-31,261.55,29.44,-0.16,0.083,53.7,1.0,70.0,0.22,2,2.36,0.651,,0.96,2.22,1.25,1.35,0.15,0.61,-1.25,1.88,3.0,-0.33,2.7,1.43,1.41,-1.25,2026-08-31,3.0809564171808246,-0.3292690044995883,2.567893034119817,-0.928426405945082,0.15927261144759175,-0.31801253481608116,1.835169817271498,-0.8919596031478072,0.0960165034082694
13,PLTR,IGV,78.7,Strong,75.1,82.5,56.9,2026-08-31,186.38,48.05,34.93,0.027,53.2,0.59,60.0,0.07,1,1.82,1.024,,1.42,0.42,-3.0,2.02,-0.35,-0.53,-0.98,0.94,1.48,-3.0,1.35,-0.23,-3.0,-0.98,2026-08-31,-6.935184173133679,-2.0138150704509865,-7.448247556194687,-5.694611432943486,-3.3726872886326693,-5.084197561814484,1.0930156301235172,2.2956058243880806,-0.6461376837397115
14,SSRM,GDX,76.8,Strong,91.6,64.4,95.7,2026-08-31,37.62,39.52,9.93,0.04,57.1,0.89,65.0,0.57,2,2.27,0.547,,0.13,2.58,1.06,-0.67,2.29,-0.4,0.98,1.06,3.0,-0.52,0.67,3.0,0.4,0.98,2026-08-31,2.34039606702674,-1.069829354653673,1.8273326839657322,-2.3680930619027762,-1.2803940445101025,-1.7576791907737754,6.079490375294272,3.3523609548749667,4.340337061431043
15,TTEK,XLI,75.8,Strong,63.3,90.8,1.8,2026-08-31,36.13,7.07,11.43,0.026,55.2,0.97,55.0,-0.24,3,0.23,1.396,,3.0,3.0,0.7,3.0,0.76,-0.6,-0.66,1.84,1.41,0.05,1.35,-0.73,-0.73,-0.66,2026-08-31,-1.3012181616832708,-1.3472295495017494,-1.8142815447442784,1.6334440753045465,4.7737212939161555,2.2438579464335473,-1.7995570321151733,0.25945257276204226,-3.538710345978402
16,NWSA,XLC,75.0,Strong,63.0,89.4,36.5,2026-08-31,30.6,9.83,9.65,-0.026,54.6,,50.0,0.07,2,1.73,1.314,,1.64,2.49,,1.57,0.89,-0.94,0.17,-0.03,2.45,,0.67,0.66,-2.42,0.17,2026-08-31,-2.4286183130948436,-3.3454665338646272,-2.941681696155851,-0.09845749917951618,-3.2484211883588854,0.5119563719494846,-4.00393829996718,-7.05404723242905,-5.7430916138304084
17,WK,IGV,72.2,Strong,67.0,77.9,56.9,2026-08-31,79.93,30.46,17.33,0.031,52.2,0.64,50.0,0.0,1,2.74,0.88,,2.03,-0.58,-1.89,0.67,0.53,1.86,-1.35,1.55,0.48,-1.69,0.0,0.65,-0.8,-1.35,2026-08-31,-7.837499999999997,-2.916130897317304,-8.350563383061004,-6.437500000000007,-4.11557585568919,-5.827086128871006,-12.775000000000002,-11.57240980573544,-14.51415331386323
18,CART,XLY,71.6,Strong,82.2,62.4,86.4,2026-08-31,50.51,11.3,12.66,0.052,50.6,0.63,65.0,-0.17,3,0.68,0.503,,0.59,0.64,0.47,2.02,-0.49,0.92,2.16,0.86,1.2,-2.93,1.35,-0.66,-0.15,2.16,2026-08-31,-3.8076152304609145,-2.5920208916573984,-4.320678613521922,-6.212424849699405,-2.2617432485880102,-5.602010978570403,-10.941883767535076,-8.467281006399352,-12.681037081398305
19,CVX,SPY,69.4,Moderate,59.7,80.6,,2026-08-31,206.15,7.64,6.42,0.048,53.4,0.97,60.0,-0.11,1,2.26,0.963,,2.31,1.01,0.69,3.0,-0.17,0.02,-0.55,0.39,0.42,-2.41,0.34,-0.54,-0.8,-0.55,2026-08-31,0.47368421052631504,-0.039379172534692586,-0.039379172534692586,4.186602870813405,4.7970167419424055,4.7970167419424055,-3.1531100478468965,-4.892263361710125,-4.892263361710125
20,CHRD,XOP,64.3,Moderate,87.5,47.2,94.3,2026-08-31,147.18,6.68,-1.68,0.037,51.7,0.83,50.0,-0.06,1,1.47,0.194,,1.8,0.04,0.93,0.34,-0.54,0.43,-1.17,2.34,1.08,-2.29,0.67,0.08,0.9,-1.17,2026-08-31,-1.4587088590693686,-2.3362225702211137,-1.9717722421303763,4.853461512784563,0.9568827715988659,5.463875383913564,-9.246278122705121,-4.080438477889248,-10.98543143656835
21,FRSH,IGV,64.2,Moderate,58.3,70.8,56.9,2026-08-31,13.91,18.08,4.96,0.069,53.6,0.95,75.0,0.07,0,2.49,0.692,,2.79,-0.63,1.13,2.7,0.12,1.41,-1.96,2.31,0.43,1.33,2.02,0.24,-1.25,-1.96,2026-08-31,-12.0,-7.078630897317307,-12.513063383061008,-7.9999999999999964,-5.67807585568918,-7.389586128870995,-9.70909090909091,-8.506500714826348,-11.44824422295414
22,NEM,GDX,63.6,Moderate,86.4,46.8,95.7,2026-08-31,125.76,32.14,2.55,0.01,54.9,0.82,50.0,0.03,0,1.16,0.186,,0.01,1.15,-3.0,-2.02,-1.1,-1.01,-0.66,0.93,3.0,-3.0,-0.67,0.17,-0.21,-0.66,2026-08-31,4.445722738105018,1.035497316424605,3.9326593550440103,2.046182923822837,3.1338819412155106,2.6565967949518376,4.577204371764321,1.8500749513450154,2.838051057901092
23,FCX,COPX,60.0,Moderate,72.8,49.5,86.0,2026-08-31,75.72,18.98,1.93,0.035,51.1,0.78,60.0,0.4,2,1.42,0.241,,-0.3,-0.67,-2.04,0.67,0.24,-0.67,0.8,0.12,0.19,-2.19,0.0,0.96,1.55,0.8,2026-08-31,4.187627464309984,0.711750271327527,3.6745640812489766,-5.669612508497623,1.578194509046238,-5.059198637368622,1.0944935418083057,2.4322128400539156,-0.644659772054923
24,PSX,XLE,59.6,Moderate,76.0,46.7,84.4,2026-08-31,246.54,20.19,11.43,0.115,55.5,1.1,75.0,-0.06,3,2.49,0.185,,1.31,-0.31,2.07,2.02,0.61,0.33,1.26,2.79,0.98,1.73,2.7,0.27,-0.2,1.26,2026-08-31,2.9722641659381654,3.1273269663723346,2.459200782877158,5.265040133513477,3.6213744489112187,5.875454004642478,2.010649288722899,6.243863740575895,0.27149597485967014
25,MPC,XLE,59.6,Moderate,76.0,46.8,84.4,2026-08-31,373.47,21.87,13.11,0.122,56.7,1.01,60.0,0.1,3,2.78,0.185,,0.25,0.04,-0.91,-0.34,0.85,1.34,-0.85,1.72,1.33,-1.24,0.34,0.51,0.81,-0.85,2026-08-31,4.506539208992066,4.661602009426236,3.9934758259310588,7.865434108934299,6.2217684243320415,8.4758479800633,2.38983139870792,6.623045850560916,0.6506780848446914
26,CDE,GDX,57.8,Moderate,88.6,37.7,95.7,2026-08-31,20.79,33.37,3.77,0.043,53.0,0.88,60.0,0.1,2,1.28,-0.002,,-0.42,1.03,0.23,-0.0,-1.06,-0.63,1.38,0.5,3.0,-1.35,1.35,0.22,0.17,1.38,2026-08-31,4.446690247599805,1.036464825919392,3.9336268645387973,0.606366851945439,1.6940658693381128,1.2167807230744399,3.5876705406771237,0.8605411202578184,1.848517226813895
27,DHR,XLV,52.7,Weak,52.4,53.0,61.6,2026-08-31,213.88,8.27,3.16,0.082,51.5,0.71,60.0,-0.06,1,0.94,0.31,,0.72,0.18,-0.79,-0.34,-0.24,0.26,0.59,1.38,0.15,-1.04,0.34,-0.83,-1.88,0.59,2026-08-31,-4.39601378411102,-1.2383026885073871,-4.909077167172027,-2.519325696190744,0.34762010515840824,-1.9089118250617432,3.0129458880506554,4.205083594494019,1.2737925741874268
28,CTVA,XLB,50.7,Weak,43.3,59.4,51.5,2026-08-31,84.47,11.32,8.05,-0.003,46.6,0.81,35.0,-0.11,2,2.68,0.441,,1.14,-0.12,-0.43,-0.22,0.76,-0.35,2.36,0.1,-0.36,-2.33,-1.57,-0.23,-1.1,2.36,2026-08-31,0.5029828050064467,1.4416801230141107,-0.010080578054560974,-2.456427652356996,0.78112024036332,-1.8460137812279953,-6.047490934612243,-2.8482572181371406,-7.786644248475472
29,MTCH,XLC,47.4,Weak,34.9,64.5,36.5,2026-08-31,40.65,0.28,0.1,0.013,53.2,1.2,60.0,0.03,3,1.26,0.55,,1.23,2.28,2.12,1.57,-0.06,0.59,0.59,-0.44,2.24,1.8,0.67,-0.29,-0.89,0.59,2026-08-31,2.2360248447204967,1.319176623950713,1.722961461659489,10.33540372670807,7.1854400375287,10.94581759783707,3.565217391304354,0.5151084588424837,1.8260640774411252
30,AU,GDX,45.5,Weak,82.4,25.1,95.7,2026-08-31,112.25,38.41,8.82,0.012,52.6,0.81,55.0,0.47,3,1.66,-0.298,,-0.86,-0.03,0.79,-0.67,1.68,0.23,1.11,0.07,2.14,-0.79,0.67,2.95,1.03,1.11,2026-08-31,-0.2497225305216566,-3.6599479522020695,-0.7627859135826642,-6.8534961154273155,-5.765797098034642,-6.243082244298314,-3.2463928967813582,-5.973522317200663,-4.985546210644587
31,HALO,XBI,41.4,Weak,68.4,25.0,89.4,2026-08-31,106.53,29.46,19.21,0.046,54.5,0.9,60.0,0.19,4,1.74,-0.299,4 distribution days in 20,-1.28,-0.4,-1.5,0.67,-0.14,0.54,-0.63,0.84,1.04,-0.73,2.02,0.53,1.08,-0.63,2026-08-31,0.8379888268156277,0.6710129455540281,0.32492544375462007,-1.0242085661080202,3.7067747363038417,-0.41379469497901944,7.178770949720659,7.042716527951942,5.43961763585743
32,MANH,IGV,39.5,None,33.5,46.6,56.9,2026-08-31,223.14,19.08,5.96,0.03,49.2,0.81,50.0,0.03,1,2.61,0.182,,0.96,-2.15,-2.26,-0.67,0.04,1.54,-0.21,0.48,-1.09,-2.06,-1.35,0.16,-1.12,-0.21,2026-08-31,-5.9025736125559725,-0.9812045098732796,-6.41563699561698,-5.18793251616988,-2.866008371859064,-4.577518645040879,-6.291555475145872,-5.088965280881308,-8.0307087890091
33,PAA,XLE,39.3,None,57.2,27.0,84.4,2026-08-31,25.66,6.03,-2.73,0.015,54.0,1.21,60.0,0.06,4,3.08,-0.247,4 distribution days in 20; extended >3 ATR above 20d avg,-1.3,-0.07,0.89,-0.0,1.25,1.83,2.67,0.18,1.22,0.56,0.67,0.91,1.3,2.67,2026-08-31,0.834951456310673,0.9900142567448422,0.3218880732496654,0.07766990291262488,-1.565995781689633,0.6880837740416257,-4.699029126213594,-0.46581467436059754,-6.438182440076822
34,WDAY,IGV,39.1,None,33.8,45.2,56.9,2026-08-31,197.45,19.65,6.53,-0.016,49.5,0.48,55.0,-0.26,3,0.65,0.155,,-0.42,-1.74,-3.0,2.02,-1.49,1.03,0.11,-0.9,-0.67,-3.0,1.35,-1.36,-1.63,0.11,2026-08-31,-5.151252800977801,-0.22988369829510802,-5.6643161840388085,-2.8926461601140763,-0.57072201580326,-2.2822322889850755,-4.1607251986148,-2.958135004350237,-5.899878512478029
35,WAY,XLV,37.0,None,36.7,37.3,61.6,2026-08-31,26.18,15.53,10.42,0.007,47.7,0.77,50.0,-0.28,0,1.41,-0.01,,-0.08,-0.39,-0.44,-0.67,-0.44,1.71,-0.3,0.57,-0.41,-0.69,0.0,-1.03,-0.43,-0.3,2026-08-31,-6.409266409266412,-3.251555313662779,-6.922329792327419,3.0501930501930508,5.917138851542203,3.6606069213220516,-0.9652509652509633,0.22688674119240027,-2.704404279114192
36,EXLS,XLK,35.9,None,45.5,28.4,83.5,2026-08-31,38.09,11.2,6.51,0.01,52.8,0.75,45.0,-0.26,0,2.14,-0.212,,1.27,0.97,2.42,1.01,-1.26,-3.0,0.31,0.41,0.33,-1.75,0.34,-1.21,-2.19,0.31,2026-08-31,-6.9164265129682985,-9.18358003632106,-7.429489896029306,-4.899135446685888,-4.926384888072322,-4.288721575556886,-8.252554362064446,-15.217511580441467,-9.991707675927675
37,PR,XOP,34.7,None,63.7,18.9,94.3,2026-08-31,23.15,11.46,3.1,0.047,55.1,0.88,60.0,0.11,5,1.85,-0.479,5 distribution days in 20,-0.44,0.44,0.11,0.34,-0.02,-0.99,0.72,0.1,1.49,-3.0,0.67,0.59,-0.52,0.72,2026-08-31,-1.0526315789473717,-1.9301452900991167,-1.5656949620083793,2.4842105263158,-1.4123682148698968,3.0946243974448007,-10.399999999999999,-5.234160355184126,-12.139153313863227
38,CDNA,XLV,34.5,None,36.2,32.9,61.6,2026-08-31,50.12,4.72,-0.39,0.044,47.0,0.9,50.0,0.5,3,1.03,-0.106,,0.58,-1.74,1.43,-0.67,3.0,3.0,-0.04,1.24,-1.77,1.18,0.0,2.59,1.49,-0.04,2026-08-31,0.761065491688373,3.9187765872920055,0.24800210862736538,5.387542559583403,8.254488360932555,5.997956430712403,13.058281594231925,14.250419300675288,11.319128280368696
39,FLYW,IGV,31.8,None,28.7,35.3,56.9,2026-08-31,18.91,13.71,0.59,-0.011,50.0,0.78,45.0,-0.08,3,0.77,-0.052,,0.68,-1.23,0.72,0.67,-0.49,3.0,-0.43,0.2,-0.17,0.93,0.0,-0.37,1.52,-0.43,2026-08-31,-3.0727762803234526,1.8485928223592403,-3.5858396633844603,-4.312668463611868,-1.9907443193010521,-3.7022545924828676,-6.954177897574121,-5.751587703309558,-8.69333121143735
40,DASH,XLY,31.5,None,30.1,32.9,86.4,2026-08-31,231.74,15.58,16.94,-0.03,47.1,,50.0,-0.01,1,1.58,-0.106,,-0.47,-0.84,,0.0,0.7,0.73,0.55,-0.2,-0.28,,-0.67,0.53,-0.34,0.55,2026-08-31,-12.912338650093446,-11.69674431128993,-13.425402033154453,-13.807640488504502,-9.856958887393107,-13.1972266173755,-16.463123125733404,-13.98852036459768,-18.20227643959663
41,COP,XOP,31.4,None,59.9,16.5,94.3,2026-08-31,132.51,11.94,3.58,0.042,51.3,1.07,60.0,-0.09,1,2.05,-0.561,,1.16,-0.27,3.0,0.0,-0.87,-2.16,1.09,1.7,0.78,-0.13,0.34,-0.25,-1.69,1.09,2026-08-31,0.04444444444444695,-0.8330692667072981,-0.4686189386165607,4.614814814814805,0.7182360736291082,5.225228685943806,-7.222222222222219,-2.056382577406346,-8.961375536085448
42,PCTY,IGV,29.1,None,24.0,35.4,56.9,2026-08-31,160.22,14.69,1.56,0.023,50.2,0.83,60.0,-0.07,3,1.87,-0.051,,0.92,-2.26,-0.15,2.36,-0.28,1.75,-2.32,0.44,-1.19,0.05,1.69,-0.16,-0.91,-2.32,2026-08-31,-9.235829959514186,-4.314460856831493,-9.748893342575194,-6.863613360323906,-4.54168921601309,-6.253199489194905,-7.812500000000011,-6.609909805735447,-9.55165331386324
43,ABNB,XLY,21.8,None,28.4,16.7,86.4,2026-08-31,183.24,21.65,23.01,-0.011,51.3,0.67,45.0,-0.31,7,0.64,-0.555,7 distribution days in 20; heavy selling into close today,-0.15,0.1,-0.61,1.35,-1.51,-1.19,3.0,0.13,0.66,-3.0,0.67,-1.68,-2.27,3.0,2026-08-31,-4.380649756204469,-3.1650554174009526,-4.8937131392654765,-7.771325261600836,-3.820643660489442,-7.160911390471835,-11.351558647893501,-8.876955886757777,-13.09071196175673
44,DGX,XLV,19.0,None,18.8,19.2,61.6,2026-08-31,240.37,3.64,-1.47,0.001,47.6,1.04,45.0,-0.04,0,0.19,-0.469,,-1.81,-0.5,0.65,-1.12,-0.25,1.95,1.73,-1.15,-0.53,0.4,-0.45,-0.84,-0.19,1.73,2026-08-31,-2.9705009887936784,0.1872101068099541,-3.483564371854686,1.7530487804878092,4.619994581836961,2.36346265161681,-3.2424192485168146,-2.050281542073451,-4.981572562380043
45,FIVE,XRT,16.5,None,7.5,36.1,23.7,2026-08-31,246.85,13.97,19.78,0.005,50.7,1.24,35.0,0.0,6,0.54,-0.035,6 distribution days in 20,0.97,1.06,0.24,1.35,1.41,-0.71,-1.4,0.02,0.17,0.55,-1.35,0.4,-1.07,-1.4,2026-08-31,4.860738601196624,4.743697402694735,4.347675218135616,-2.5005157829585345,0.2850647413860319,-1.8901019118295337,-4.1551475139261385,-2.0718141805928014,-5.894300827789367
46,KO,XLP,9.1,None,8.1,10.3,84.1,2026-08-31,88.17,2.11,1.95,-0.048,48.1,1.07,45.0,-0.1,1,0.09,-0.83,,-1.88,0.78,3.0,-0.0,-0.75,0.11,-0.56,-1.27,0.45,2.84,-0.67,-0.41,-1.37,-0.56,2026-08-31,-1.3360278432693384,0.4061734516100035,-1.849091226330346,-0.4154036151341578,1.6799465908693745,0.195010255994843,-0.5164477377343601,2.1203974653262736,-2.255601051597589
47,ESTC,IGV,9.0,None,7.0,11.6,56.9,2026-08-31,97.55,42.01,28.89,0.013,52.0,0.67,55.0,-0.2,4,2.72,-0.767,4 distribution days in 20,-1.7,-1.96,-1.57,0.0,-1.7,0.37,2.77,-2.18,-0.9,-1.37,-0.67,-1.58,-2.29,2.77,2026-08-31,-7.6065162907268284,-2.6851471880441355,-8.119579673787836,-11.100668337510456,-8.778744193199639,-10.490254466381455,-6.756474519632416,-5.553884325367853,-8.495627833495645
48,INSW,XLE,0.8,None,1.0,0.6,84.4,2026-08-31,93.83,3.54,-5.22,-0.094,47.3,1.24,25.0,-0.16,5,0.82,-2.295,5 distribution days in 20,-3.0,-2.81,0.87,-3.0,-0.49,0.44,-0.75,-3.0,-1.51,0.53,-3.0,-0.83,-0.09,-0.75,2026-08-31,3.433835845896138,3.5888986463303074,2.9207724628351306,12.740787269681753,11.097121585079496,13.351201140810755,8.856783919597987,13.089998371450983,7.1176306057347585
