ticker,report,signal,current_price,close_price,close_date,market_open,after_hours,after_hours_time_et,after_hours_pct,after_hours_source,overnight,overnight_time_et,overnight_pct,overnight_source,overnight_trades,pre_market,pre_market_time_et,pre_market_pct,pre_market_source,current_ext_price,current_ext_session,setup,setup_label,grade,ctx_state,ctx_ext_ema50_atr,ctx_ema50_slope_pct,ctx_higher_lows,ctx_higher_highs,ctx_days_above_ema50,setup_level,setup_stop,setup_target,setup_rr,setup_buy_below,setup_confirms,setup_fails,wait_reason,other_setups,filter_checks_failed,fails_no_setup,fails_weak_context,fails_wait_signal,fails_eps_deteriorating,d1_close,d1_ema50,d1_trend_up,d1_stoch_k,d1_stoch_d,d1_k_above_d,d1_stoch_bullish,d1_overbought,d1_patterns,d1_support,d1_resistance,h4_close,h4_ema50,h4_trend_up,h4_stoch_k,h4_stoch_d,h4_k_above_d,h4_stoch_bullish,h4_overbought,h4_patterns,h4_support,h4_resistance,h1_close,h1_ema50,h1_trend_up,h1_stoch_k,h1_stoch_d,h1_k_above_d,h1_stoch_bullish,h1_overbought,h1_patterns,h1_support,h1_resistance,today_low,today_high,today_range,daily_atr,atr_used_today_pct,atr_projected_low,atr_projected_high,entry_support_1h,stop,take_profit,target_source,target_r,target_below_min_r,poc,vwap,above_vwap,trend_dir,trend_reason,avwap,avwap_anchor_type,avwap_anchor_date,above_avwap,hhhl_window_days,hhhl_up_days,hhhl_down_days,hhhl_mixed_days,hhhl_net,streak_current_type,streak_current_days,streak_previous_type,streak_previous_days,channel_lower,channel_mid,channel_upper,channel_slope_pct_day,channel_r2,channel_position_pct,premarket_near_support,premarket_near_level,premarket_near_atr,near_s1,near_s1_atr,near_s2,near_s2_atr,day_s1,day_s1_pct,day_s1_touches,day_s2,day_s2_pct,day_s2_touches,day_t1,day_t1_pct,day_t1_touches,day_t1_r,day_t2,day_t2_pct,day_t2_touches,day_t2_r,name,sector,industry,market_cap,trailing_p_e,forward_p_e,peg_ratio,price_book,price_sales_ttm,eps_ttm,dividend_yield,profit_margin,operating_margin,return_on_equity,revenue_growth_yoy,free_cash_flow,debt_equity,current_ratio,institutional_ownership,short_pct_of_float,beta,52_week_high,52_week_low,analyst_target_mean,pos_in_52w_range_pct,analyst_consensus,analyst_mean_score,analyst_opinions,analyst_strong_buy,analyst_buy,analyst_hold,analyst_sell,analyst_strong_sell,eps_current,eps_30d_ago,eps_improving,eps_num_analysts,next_earnings_date,days_to_earnings,in_earnings_window,in_sp500,sp500_added_date,upgrades,downgrades,latest_rating_action,buyback_headlines_count,latest_buyback_headline,guidance_headlines_count,latest_guidance_headline,reddit_rank,reddit_mentions,reddit_momentum_pct_24h,reddit_upvotes,news_count,latest_news_time,latest_news_headline,latest_news_url,news_not_fetched_reason,error,req_structure_intact_pullback_low_above_the,req_turning_up_close_above_prior_close_and_d,conf_volume_dried_up_on_the_pullback,conf_daily_stochastic_reset,conf_pullback_low_sat_at_value,conf_bullish_candle,conf_h_timing,req_volume_x_average,conf_close_in_the_top_pct_of_the_bar_s_range,conf_tight_base_before_the_break,conf_daily_pct_k_above,conf_higher_lows_in_place,req_support_held_no_daily_close_below_it_sin,req_rejection_closed_back_above_the_test_bar,conf_volume_on_the_bounce_average,conf_daily_stochastic_reset_and_turning_up,conf_trend_context_intact,req_held_closes_above_ma,req_not_extended,conf_higher_low_since_the_reclaim,conf_ma_above_ma,conf_volume_on_the_reclaim_x_average,conf_daily_pct_k_above_pct_d_and_not_overboug,conf_ma_reclaimed_as_well,req_ma_rising,req_ma_held_no_daily_close_below_it,conf_bullish_candle_hammer,conf_volume_dried_up_during_the_dip,conf_bullish_candle_hammer_bullish_harami
A,up,WAIT,174.54,175.2,2026-09-28,True,175.21,16:41,0.01,sip,,,,,0,174.69,09:30,-0.29,sip,,,,,-,UPTREND_WEAK,4.6,3.11,False,True,13,,,,,,,,extended 4.6 ATR above EMA50 with no fresh breakout - wait for a pullback to value,,2,True,False,True,False,174.54,151.66,True,94.91,93.99,True,False,True,,150.3,177.05,174.54,157.92,True,94.47,93.42,True,False,True,,149.59,177.05,174.54,167.98,True,69.03,75.69,False,False,False,,169.43,177.05,173.22,177.05,3.83,4.98,76.9,172.07,178.2,169.43,166.94,185.94,1.5R - no resistance above,1.5,False,166.07,174.82,False,up,channel rising (R2 0.89),151.53,low,2026-07-21,True,20,11,6,3,5,up,1,mixed,1,173.45,176.73,180.01,1.3,0.89,17.0,False,S1,2.2,False,2.17,False,2.82,163.75,-6.18,1.0,160.51,-8.04,1.0,,,,,,,,,"Agilent Technologies, Inc.",Healthcare,Diagnostics & Research,49403232256,34.153996,25.928804,1.43,6.709685,6.7005906,5.13,0.59,0.19533001,0.25559,0.20971,0.081,1060374976.0,56.336,2.05,0.95492995,0.020499999,1.241,176.0228,108.35,175.42857,97.8,Buy,1.78,21,4.0,12.0,7.0,0.0,0.0,1.73,1.73,True,19,2026-11-25,57.0,False,True,2000-06-05,0,0,,0,,0,,N/A,0,N/A,0,1,2026-09-29 08:00,Agilent Introduces Gen5 AI Cell Identification Module for BioTek Automated Cell Imagers,https://finnhub.io/api/news?id=ef18193aa55d6b8032d176e715ec487656be230854007991936e0d42bbb488e7,,,,,,,,,,,,,,,,,,,,,,,,,,,,,,,
AAOI,filtered,WAIT,102.47,96.81,2026-09-28,True,95.93,19:59,-0.91,sip,97.39,03:40,0.6,boats,689,97.7,09:30,0.92,sip,,,,,-,DOWNTREND,-1.59,-2.34,False,False,0,,,,,,,,downtrend (below a falling EMA50) - no long setup,,4,True,True,True,True,102.47,112.75,False,33.23,30.27,True,True,False,,93.62,110.74,102.47,106.05,False,27.76,27.54,True,True,False,,93.62,110.74,102.47,101.16,True,76.45,60.65,True,True,False,piercing_line,93.62,105.03,97.43,103.83,6.4,6.48,98.8,97.35,103.91,93.62,90.38,110.74,T1 - nearest resistance,0.68,True,101.67,101.58,True,down,channel sloping down,118.69,low,2026-07-29,False,20,6,12,2,-6,down,1,up,1,93.07,97.31,101.55,-1.61,0.69,111.0,False,S2,0.55,True,0.06,False,1.28,102.1,-0.36,1.0,94.15,-8.12,3.0,110.74,8.07,1.0,0.68,118.72,15.86,4.0,1.34,"Applied Optoelectronics, Inc.",Technology,Communication Equipment,8220626944,,21.038677,0.78,4.898062,13.793693,-0.74,,-0.09568,-0.12884,-0.05449,0.864,-887050112.0,17.994,2.777,0.62924,0.15020001,3.783,233.67,18.5,163.4,39.0,None,N/A,5,2.0,1.0,3.0,0.0,0.0,0.14,0.28,False,6,2026-11-05,37.0,False,False,,0,0,,0,,0,,N/A,0,N/A,0,0,,,,ticker filtered out,,,,,,,,,,,,,,,,,,,,,,,,,,,,,,
AAPL,down,WATCH,330.9,338.36,2026-09-28,True,338.51,19:59,0.04,sip,337.6,03:59,-0.22,boats,1293,333.21,09:30,-1.52,sip,,,PULLBACK,Pullback in uptrend,C,UPTREND,1.28,0.98,True,True,30,330.9,325.62,344.95,2.66,,2.0,Turning up - close above prior close and daily %K rising; confirmations 2/5 (need 3),Turning up - close above prior close and daily %K rising; confirmations 2/5 (need 3),,0,False,False,False,False,330.9,322.47,True,72.66,77.44,False,False,False,,330.19,345.34,330.9,329.29,True,34.54,52.67,False,False,False,,329.83,345.34,330.9,336.87,False,1.99,16.85,False,False,False,,330.9,342.99,330.9,337.06,6.16,6.6,93.3,330.46,337.5,330.9,325.62,344.95,T1 - nearest resistance >= 1 ATR above,2.66,False,340.0,332.86,False,down,channel sloping down,317.85,low,2026-07-31,True,20,11,7,2,4,up,2,down,2,332.27,337.22,342.18,-0.1,0.07,-14.0,True,S1,0.36,True,0.01,False,1.86,330.81,-0.03,1.0,318.64,-3.71,3.0,335.17,1.29,3.0,0.81,344.95,4.25,2.0,2.66,Apple Inc.,Technology,Consumer Electronics,4938670276608,39.076214,35.303875,2.74,45.97826,10.579321,8.66,0.32,0.27618998,0.32623002,1.4875101,0.164,107721875456.0,78.445,1.003,0.66344,0.0088,1.085,345.34,243.42,328.22205,85.8,Buy,2.20,39,6.0,19.0,13.0,3.0,3.0,1.98,1.98,True,27,2026-10-29,30.0,False,True,1982-11-30,0,0,2026-09-23 B of A Securities: reit -> Buy,0,,0,,27,22,29.4,28,0,,,,not fetched for down-trend tickers,,True,False,True,False,True,False,False,,,,,,,,,,,,,,,,,,,,,,
ABNB,down,WAIT,155.17,156.1,2026-09-28,True,156.03,17:43,-0.04,sip,,,,,0,154.38,09:30,-1.1,sip,,,,,-,DOWNTREND,-1.95,-1.44,False,False,0,,,,,,,,downtrend (below a falling EMA50) - no long setup,,3,True,True,True,False,155.17,165.0,False,26.1,19.05,True,True,False,,149.0,170.53,155.17,166.61,False,35.44,38.31,False,False,False,,149.0,170.53,155.17,158.45,False,24.63,39.48,False,False,False,,149.68,158.7,153.7,156.77,3.07,5.05,60.8,151.72,158.75,149.68,147.16,156.5,T1 - nearest resistance,0.17,True,152.09,154.94,True,down,channel sloping down,170.94,low,2026-07-23,False,20,5,11,4,-6,up,2,mixed,1,143.23,152.11,160.99,-1.05,0.34,67.0,False,S1,0.97,False,1.12,False,2.76,149.49,-3.66,3.0,141.25,-8.97,1.0,156.5,0.86,1.0,0.17,165.83,6.87,1.0,1.33,"Airbnb, Inc.",Consumer Cyclical,Travel Services,93458464768,35.96313,25.22762,1.35,11.807247,7.1022468,4.34,,0.2045,0.21009001,0.34542,0.165,3206874880.0,32.004,1.408,0.89359003,0.035,1.161,193.453,110.81,184.35,53.7,Buy,2.00,40,6.0,21.0,16.0,1.0,1.0,2.87,2.85,True,33,2026-11-05,37.0,False,True,2023-09-18,1,0,2026-09-21 RBC Capital: reit -> Outperform,0,,0,,N/A,0,N/A,0,0,,,,not fetched for down-trend tickers,,,,,,,,,,,,,,,,,,,,,,,,,,,,,,
ACMR,down,WAIT,75.94,75.95,2026-09-28,True,75.95,16:00,0.0,sip,77.7,02:36,2.3,boats,71,78.09,09:30,2.82,sip,,,,,-,RANGE,-0.2,0.07,False,True,0,,,,,,,,no trend (below a flat EMA50) - wait for a reclaim or a breakout,,3,True,True,True,False,75.94,76.9,False,68.13,71.09,False,False,False,,63.41,82.78,75.94,74.59,True,56.05,61.28,False,False,False,,63.27,82.78,75.94,74.95,True,45.14,49.54,False,False,False,piercing_line,73.47,78.75,75.05,78.75,3.7,4.72,78.4,74.03,79.77,73.47,71.11,77.3,T1 - nearest resistance,0.28,True,75.84,76.37,False,down,channel rising but weak fit (R2 0.22 < 0.5),73.49,low,2026-09-15,True,20,7,9,4,-2,down,1,mixed,2,73.71,77.61,81.51,0.66,0.22,29.0,False,S1,2.47,False,2.02,False,2.71,66.42,-12.54,1.0,63.16,-16.83,2.0,77.3,1.79,6.0,0.28,84.31,11.02,4.0,1.73,"ACM Research, Inc.",Technology,Semiconductor Equipment & Materials,5289856512,35.825474,26.255293,,2.8435042,5.0973206,2.12,,0.14476,0.16982001,0.11627,0.36,-186610256.0,14.524,3.656,0.77924,0.0764,1.953,127.19,28.46,115.875,48.1,Strong Buy,1.44,8,2.0,6.0,1.0,0.0,0.0,0.48,0.47,True,3,2026-11-04,36.0,False,False,,0,0,,0,,0,,N/A,0,N/A,0,0,,,,not fetched for down-trend tickers,,,,,,,,,,,,,,,,,,,,,,,,,,,,,,
ADI,up,WATCH,397.98,395.68,2026-09-28,True,395.49,19:48,-0.05,sip,395.98,03:39,0.08,boats,32,400.35,09:30,1.18,sip,,,FRESH_BREAKOUT,Fresh breakout,C,UPTREND,1.74,0.81,True,True,8,390.55,384.72,435.85,2.86,,3.0,Volume >= 1.5x average (best of live/last 3 bars: 1.0x),Volume >= 1.5x average (best of live/last 3 bars: 1.0x),SUPPORT_BOUNCE(watch),0,False,False,False,False,397.98,377.69,True,92.91,89.85,True,True,True,,358.66,405.38,397.98,376.67,True,90.46,93.14,False,False,True,,358.66,405.38,397.98,386.09,True,68.78,81.02,False,False,False,,380.8,405.38,397.76,405.38,7.62,11.66,65.4,393.72,409.42,380.8,384.72,435.85,T1 - nearest resistance >= 1 ATR above,2.86,False,382.33,401.1,False,up,channel rising (R2 0.64),372.06,low,2026-09-03,True,20,11,6,3,5,up,2,down,2,388.43,396.12,403.81,0.65,0.64,62.0,False,S1,0.98,False,0.77,False,3.53,388.96,-2.27,10.0,356.82,-10.34,7.0,,,,,,,,,"Analog Devices, Inc.",Technology,Semiconductors,191611715584,46.741135,24.188103,0.59,5.7110877,13.8031435,8.46,1.12,0.29787,0.39503,0.12227,0.396,4147339008.0,27.314,1.25,0.93848,0.0199,1.205,445.91,223.47,470.71875,78.5,Strong Buy,1.41,32,6.0,24.0,4.0,0.0,0.0,3.85,3.55,True,26,2026-11-24,56.0,False,True,1999-10-12,0,0,2026-09-08 TD Cowen: reit -> Buy,0,,0,,N/A,0,N/A,0,1,2026-09-29 01:58,Performance Comparison: Analog Devices And Competitors In Semiconductors &amp; Semiconductor Equipment Industry,https://finnhub.io/api/news?id=75694f41d40574a45273ec34fb6e4bb9b16d56ec6de35f4f0d2581eea3cbd1d1,,,,,,,,,False,False,False,True,True,True,,,,,,,,,,,,,,,,,
AER,down,WATCH,144.34,146.54,2026-09-28,True,146.51,16:00,-0.02,sip,,,,,0,145.44,09:30,-0.75,sip,,,SUPPORT_BOUNCE,Support bounce,C,RANGE,-0.46,0.06,False,True,0,144.18,141.91,151.37,2.9,,1.0,Rejection - closed back above the test bar / upper half of range; confirmations 1/5 (need 3),Rejection - closed back above the test bar / upper half of range; confirmations 1/5 (need 3),,1,False,True,False,False,144.34,145.73,False,75.59,83.39,False,False,False,,139.0,149.92,144.34,144.95,False,50.73,67.53,False,False,False,,137.77,149.92,144.34,145.13,False,8.28,16.56,False,False,False,,144.24,149.92,144.24,146.82,2.58,3.03,85.1,143.79,147.27,144.24,141.91,151.37,T1 - nearest resistance >= 1 ATR above,2.9,False,144.92,145.23,False,down,channel rising but weak fit (R2 0.41 < 0.5),143.3,low,2026-09-15,True,20,8,9,3,-1,down,1,up,1,144.39,147.37,150.34,0.42,0.41,-1.0,True,S1,0.42,True,0.05,False,2.5,144.18,-0.11,4.0,136.77,-5.24,1.0,147.25,2.02,3.0,1.2,149.88,3.84,2.0,2.28,AerCap Holdings N.V.,Industrials,Rental & Leasing Services,23029037056,7.332833,8.0457735,0.8,1.2290282,2.569682,19.98,1.07,0.37854,0.575,0.18662001,0.149,-1560377728.0,232.664,1.3,0.94784,0.0222,0.925,158.81,118.96,179.3,63.7,Strong Buy,1.40,10,2.0,7.0,1.0,0.0,0.0,4.15,4.15,True,9,2026-10-28,29.0,False,False,,0,0,,0,,0,,N/A,0,N/A,0,0,,,,not fetched for down-trend tickers,,,,,,,False,False,,,,,,True,False,True,False,False,,,,,,,,,,,,
AIR,down,WAIT,107.43,115.02,2026-09-28,True,119.94,18:36,4.28,sip,118.33,23:34,2.88,boats,7,117.0,09:30,1.72,sip,,,,,-,DOWNTREND,-3.29,-1.89,False,False,0,,,,,,,,downtrend (below a falling EMA50) - no long setup,,3,True,True,True,False,107.43,126.44,False,21.75,31.75,False,False,False,,103.48,122.0,107.43,122.74,False,35.92,46.17,False,False,False,,103.48,122.0,107.43,116.52,False,20.63,25.19,False,False,False,,103.48,122.0,103.48,118.0,14.52,5.77,251.6,112.23,109.25,103.48,100.59,110.36,T1 - nearest resistance,0.43,True,116.26,108.74,False,down,channel sloping down,108.74,low,2026-09-29,False,20,6,10,4,-4,down,1,mixed,1,109.34,115.42,121.49,-0.41,0.09,-16.0,,,,,,,,,,,,,,110.36,2.73,1.0,0.43,122.58,14.1,3.0,2.21,AAR Corp.,Industrials,Aerospace & Defense,4633389568,23.877592,17.62095,2.4,2.659626,1.400662,4.82,,0.056739997,0.08384,0.12876001,0.23,-50362500.0,59.397,2.841,1.02608,0.040999997,1.109,154.0,76.1,144.8,40.2,Buy,1.88,5,1.0,4.0,3.0,0.0,0.0,1.36,1.36,True,8,,,False,False,,0,0,2026-09-28 RBC Capital: reit -> Outperform,0,,0,,N/A,0,N/A,0,0,,,,not fetched for down-trend tickers,,,,,,,,,,,,,,,,,,,,,,,,,,,,,,
ALAB,down,WAIT,365.59,351.31,2026-09-28,True,352.5,19:47,0.34,sip,354.0,03:27,0.77,boats,30,354.8,09:30,0.99,sip,,,,,-,UPTREND_WEAK,2.3,3.29,False,True,8,,,,,,,,extended 2.3 ATR above EMA50 with no fresh breakout - wait for a pullback to value,,2,True,False,True,False,365.59,315.13,True,86.2,88.27,False,False,True,,255.23,377.87,365.59,318.63,True,74.1,77.5,False,False,False,,251.62,377.87,365.59,346.04,True,62.4,50.64,True,True,False,,342.0,377.87,349.21,366.7,17.49,21.98,79.6,344.72,371.19,342.0,331.01,371.62,T1 - nearest resistance,0.17,True,363.37,361.5,True,down,channel rising but weak fit (R2 0.23 < 0.5),310.08,low,2026-07-29,True,20,8,8,4,0,down,1,up,1,344.78,366.07,387.37,0.78,0.23,49.0,True,S1,0.04,False,0.53,False,1.06,354.0,-3.17,1.0,342.3,-6.37,1.0,371.62,1.65,3.0,0.17,436.47,19.39,1.0,2.05,"Astera Labs, Inc.",Technology,Semiconductors,60947050496,178.32994,54.948166,,35.318188,50.70812,1.97,,0.30742002,0.22744,0.25826,1.045,91913128.0,2.574,10.054,0.76007,0.0657,3.778,499.476,97.89,389.9527,66.7,Buy,1.81,23,7.0,12.0,7.0,0.0,0.0,1.19,0.79,True,20,2026-11-03,35.0,False,False,,0,0,,0,,0,,N/A,0,N/A,0,0,,,,not fetched for down-trend tickers,,,,,,,,,,,,,,,,,,,,,,,,,,,,,,
AMAT,up,WATCH,502.52,486.71,2026-09-28,True,485.0,19:55,-0.35,sip,489.12,03:59,0.5,boats,653,505.43,09:30,3.85,sip,,,MA_RECLAIM,MA reclaim (early trend),C,EARLY_UPTREND,1.0,0.08,False,False,3,483.37,466.59,527.66,0.7,491.02,3.0,R:R 0.70 below 1.5,R:R 0.70 below 1.5,FRESH_BREAKOUT(watch),0,False,False,False,False,502.52,483.37,True,95.34,97.19,False,False,True,,411.51,511.79,502.52,468.81,True,93.03,94.7,False,False,True,,411.51,511.79,502.52,472.22,True,78.46,83.95,False,False,False,,467.07,511.79,499.17,511.79,12.62,19.17,65.8,492.62,518.34,467.07,466.59,527.66,T1 - nearest resistance >= 1 ATR above,0.7,True,465.07,505.4,False,up,channel rising (R2 0.76),456.07,low,2026-09-16,True,20,9,9,2,0,down,1,up,1,480.25,491.07,501.9,0.96,0.76,103.0,True,S1,0.42,True,0.27,False,1.49,497.32,-1.03,1.0,474.04,-5.67,1.0,512.13,1.91,2.0,0.27,557.54,10.95,3.0,1.53,"Applied Materials, Inc.",Technology,Semiconductor Equipment & Materials,386291499008,41.85383,26.369062,0.96,15.074169,12.526883,11.63,0.44,0.30052,0.33736,0.41068,0.248,3075375104.0,28.666,2.423,0.86294997,0.0178,1.597,739.67,202.87,638.94446,55.8,Strong Buy,1.45,36,4.0,29.0,7.0,0.0,0.0,4.06,4.06,True,25,2026-11-12,44.0,False,True,1995-03-16,0,0,2026-09-28 Morgan Stanley: main -> Equal-Weight,0,,2,Applied Materials (AMAT) Stock May Look Reasonable Following Fresh AI Demand Forecasts,N/A,0,N/A,0,4,2026-09-29 10:35,These S&P500 stocks are gapping in today's session,https://finnhub.io/api/news?id=8acb71f6bcd5530d4f16a827ba1bcbbab536ced61d28c2174e86a6b7ca7ad951,,,,,,,,,,,,,,,,,,,,True,True,True,True,False,False,True,,,,,
AMD,down,WAIT,612.74,607.86,2026-09-28,True,610.3,19:59,0.4,sip,610.99,03:46,0.51,boats,1590,614.0,09:30,1.01,sip,,,,,-,UPTREND,3.49,4.24,True,True,16,,,,,,,,extended 3.5 ATR above EMA50 with no fresh breakout - wait for a pullback to value,,2,True,False,True,False,612.74,522.79,True,86.15,91.18,False,False,True,,506.05,638.95,612.74,547.65,True,69.02,76.14,False,False,False,,502.3,638.95,612.74,600.84,True,48.06,41.51,True,True,False,,596.07,638.95,607.7,624.13,16.43,25.81,63.7,598.32,633.51,596.07,583.16,638.95,T1 - nearest resistance,0.89,True,614.58,615.39,False,down,channel rising but weak fit (R2 0.01 < 0.5),510.81,low,2026-07-29,True,20,12,6,2,6,down,1,up,1,601.75,617.68,633.61,0.05,0.01,34.0,False,S1,1.79,False,1.74,False,3.41,567.83,-7.33,2.0,524.74,-14.36,3.0,638.95,4.28,1.0,0.89,,,,,"Advanced Micro Devices, Inc.",Technology,Semiconductors,992332546048,161.23872,39.02033,0.64,14.757349,24.024513,3.91,,0.15577,0.1725,0.10196,0.501,8841499648.0,6.361,2.609,0.75404,0.024600001,2.476,639.0,159.33,618.508,94.5,Strong Buy,1.49,50,5.0,39.0,11.0,0.0,0.0,1.93,1.93,True,39,2026-11-03,35.0,False,True,2017-03-20,0,0,2026-09-25 B of A Securities: main -> Buy,0,,0,,6,60,30.4,5287,0,,,,not fetched for down-trend tickers,,,,,,,,,,,,,,,,,,,,,,,,,,,,,,
AME,up,WATCH,250.91,251.64,2026-09-28,True,251.67,16:00,0.01,sip,,,,,0,251.95,09:30,0.12,sip,,,FRESH_BREAKOUT,Fresh breakout,C,UPTREND,1.8,0.78,True,True,7,248.57,245.87,257.95,1.39,250.7,3.0,R:R 1.39 below 1.5,R:R 1.39 below 1.5,,0,False,False,False,False,250.91,241.18,True,91.17,92.38,False,False,True,,230.01,254.19,250.91,242.25,True,88.95,90.9,False,False,True,,230.01,254.19,250.91,246.54,True,32.59,43.46,False,False,False,,244.99,254.19,249.59,254.19,4.61,5.41,85.2,248.78,255.0,244.99,245.87,257.95,T1 - nearest resistance >= 1 ATR above,1.39,True,251.07,250.84,True,up,channel rising (R2 0.85),239.65,low,2026-09-01,True,20,10,7,3,3,down,1,up,1,250.0,252.76,255.51,0.64,0.85,17.0,False,S1,0.84,False,0.65,False,1.52,247.4,-1.4,1.0,242.66,-3.29,3.0,257.95,2.81,1.0,1.4,261.16,4.09,1.0,2.03,"AMETEK, Inc.",Industrials,Specialty Industrial Machinery,57698177024,36.740147,26.161232,2.85,5.1237836,7.3352094,6.85,0.54,0.20044,0.26182,0.14562,0.15,1492221312.0,20.522,1.214,0.92646,0.0146,0.989,261.16,179.24,278.33334,87.5,Buy,1.75,18,2.0,12.0,5.0,0.0,1.0,2.10,2.10,True,18,2026-10-29,30.0,False,True,2013-09-23,0,0,2026-09-11 BNP Paribas: main -> Outperform,0,,0,,N/A,0,N/A,0,0,,,,,,,,,,,,False,True,False,True,True,True,,,,,,,,,,,,,,,,,
AMRX,down,WATCH,20.25,20.5,2026-09-28,True,20.8,18:56,1.46,sip,,,,,0,20.41,09:30,-0.44,sip,,,PULLBACK,Pullback in uptrend,C,UPTREND,2.31,2.43,True,True,10,18.74,18.49,23.76,2.0,,2.0,Turning up - close above prior close and daily %K rising; confirmations 2/5 (need 3),Turning up - close above prior close and daily %K rising; confirmations 2/5 (need 3),,0,False,False,False,False,20.25,18.02,True,78.31,73.34,True,True,False,,16.56,21.17,20.25,18.55,True,73.24,67.38,True,True,False,,16.56,21.17,20.25,19.52,True,64.37,72.05,False,False,False,,19.33,20.76,20.13,20.76,0.64,0.96,66.7,19.8,21.09,19.33,18.49,23.76,2R - no resistance above,2.0,False,19.54,20.34,False,down,channel rising but weak fit (R2 0.02 < 0.5),19.29,low,2026-09-16,True,20,7,7,6,0,up,2,mixed,3,18.87,19.9,20.94,0.16,0.02,67.0,False,S1,2.62,False,2.46,,,17.89,-11.65,15.0,,,,21.17,4.54,1.0,0.52,,,,,"Amneal Pharmaceuticals, Inc.",Healthcare,Drug Manufacturers - Specialty & Generic,7140068864,41.0,17.189768,1.88,199.02913,2.2902834,0.5,,0.050479997,0.18335,6.1301703,0.099,-115327128.0,2386.528,2.205,0.48441002,0.046,1.242,21.175,9.56,22.71429,92.0,Strong Buy,1.43,7,3.0,4.0,0.0,0.0,0.0,0.23,0.23,True,7,2026-10-29,30.0,False,False,,0,0,2026-09-23 Oppenheimer: init -> Outperform,0,,0,,N/A,0,N/A,0,0,,,,not fetched for down-trend tickers,,True,False,True,False,True,False,False,,,,,,,,,,,,,,,,,,,,,,
AMZN,filtered,WAIT,246.07,246.26,2026-09-28,True,246.34,19:59,0.03,sip,246.55,03:49,0.12,boats,731,246.59,09:30,0.13,sip,,,,,-,DOWNTREND,-1.52,-0.5,False,True,0,,,,,,,,downtrend (below a falling EMA50) - no long setup,,4,True,True,True,True,246.07,253.85,False,20.12,26.11,False,False,False,,244.3,259.49,246.07,253.43,False,11.6,19.58,False,False,False,,244.3,259.49,246.07,249.68,False,23.33,24.43,False,False,False,bullish_harami,244.73,250.88,245.14,247.41,2.27,5.13,44.2,242.28,250.27,244.73,242.16,250.85,T1 - nearest resistance,1.22,True,249.6,246.3,False,down,channel sloping down,257.97,low,2026-07-23,False,20,7,11,2,-4,down,1,up,1,240.79,244.88,248.97,-0.71,0.75,65.0,False,S1,0.52,True,0.42,False,1.52,243.9,-0.88,3.0,238.25,-3.18,1.0,250.85,1.94,3.0,1.22,258.01,4.85,7.0,3.05,"Amazon.com, Inc.",Consumer Cyclical,Internet Retail,2655051055104,20.077486,23.498806,1.48,4.8117523,3.422869,12.26,,0.1744,0.13689,0.30558002,0.196,3219124992.0,45.617,1.033,0.68714,0.0083,1.443,287.2,196.0,329.5393,54.9,Strong Buy,1.32,57,15.0,42.0,2.0,0.0,0.0,1.94,1.95,False,43,2026-10-29,30.0,False,True,2005-11-18,0,0,2026-09-03 Wells Fargo: main -> Overweight,0,,0,,17,33,73.7,4042,0,,,,ticker filtered out,,,,,,,,,,,,,,,,,,,,,,,,,,,,,,
ANET,down,WATCH,202.34,204.96,2026-09-28,True,205.01,19:57,0.02,sip,205.0,03:43,0.02,boats,14,204.7,09:30,-0.13,sip,,,SUPPORT_BOUNCE,Support bounce,C,UPTREND,1.47,1.54,True,True,43,199.89,196.19,210.55,1.33,201.93,1.0,Rejection - closed back above the test bar / upper half of range; confirmations 1/5 (need 3); R:R 1.33 below 1.5,Rejection - closed back above the test bar / upper half of range; confirmations 1/5 (need 3); R:R 1.33 below 1.5,,0,False,False,False,False,202.34,191.43,True,71.43,78.08,False,False,False,,192.98,212.0,202.34,197.81,True,50.03,61.74,False,False,False,,191.67,212.0,202.34,203.59,False,11.55,15.0,False,False,False,,201.9,212.0,201.9,207.48,5.58,7.41,75.3,200.07,209.31,201.9,196.19,210.55,T1 - nearest resistance >= 1 ATR above,1.33,True,205.25,203.64,False,down,channel rising but weak fit (R2 0.12 < 0.5),193.48,low,2026-07-29,True,20,8,8,4,0,down,1,up,1,202.56,205.81,209.07,0.15,0.12,-3.0,False,S1,0.65,True,0.33,False,2.4,199.89,-1.21,3.0,184.55,-8.79,6.0,210.55,4.06,5.0,1.33,,,,,"Arista Networks, Inc.",Technology,Computer Hardware,258450161664,65.05396,39.50326,1.55,17.46527,24.519028,3.15,,0.38371,0.45393002,0.31476,0.377,3891512576.0,,2.957,0.73341006,0.0127,1.617,214.89,114.52,241.92892,87.5,Strong Buy,1.29,28,7.0,23.0,1.0,0.0,0.0,1.08,1.08,True,25,2026-11-03,35.0,False,True,2018-08-28,0,0,2026-09-01 Deutsche Bank: init -> Buy,0,,0,,N/A,0,N/A,0,0,,,,not fetched for down-trend tickers,,,,,,,False,False,,,,,,True,False,False,False,True,,,,,,,,,,,,
APH,up,WATCH,84.22,84.61,2026-09-28,True,85.42,19:13,0.96,sip,,,,,0,85.12,09:30,0.6,sip,,,SUPPORT_BOUNCE,Support bounce,C,UPTREND_WEAK,1.3,0.9,False,True,7,82.34,80.89,88.71,1.35,84.02,1.0,Rejection - closed back above the test bar / upper half of range; confirmations 1/5 (need 3); R:R 1.35 below 1.5,Rejection - closed back above the test bar / upper half of range; confirmations 1/5 (need 3); R:R 1.35 below 1.5,,0,False,False,False,False,84.22,80.45,True,85.2,83.87,True,False,True,,76.74,86.22,84.22,81.23,True,80.74,83.96,False,False,True,,76.74,86.22,84.22,82.6,True,50.76,59.28,False,False,False,bullish_harami,82.49,86.22,83.99,86.22,2.23,2.89,77.2,83.33,86.88,82.49,80.89,88.71,T1 - nearest resistance >= 1 ATR above,1.35,True,82.33,84.72,False,up,channel rising (R2 0.8),80.81,low,2026-07-28,True,20,10,7,3,3,mixed,1,up,1,83.56,84.73,85.9,0.69,0.8,28.0,False,S1,0.96,False,0.65,False,2.59,82.34,-2.23,7.0,76.73,-8.89,3.0,86.22,2.37,2.0,0.6,88.17,4.69,1.0,1.19,Amphenol Corporation,Technology,Electronic Components,208670113792,42.099503,25.796501,0.96,13.465946,7.192644,2.01,0.59,0.17729001,0.29779,0.38115,0.55,3818374912.0,120.415,1.888,0.96765,0.0145000005,1.242,89.26,59.005,99.38889,83.3,Strong Buy,1.44,18,4.0,12.0,2.0,0.0,0.0,0.72,0.72,True,15,2026-10-28,29.0,False,True,2008-09-30,0,0,2026-09-23 Bernstein: init -> Outperform,0,,0,,N/A,0,N/A,0,1,2026-09-29 01:05,"Zacks Investment Ideas feature highlights: Nvidia, Bloom Energy and Amphenol",https://finnhub.io/api/news?id=6f8d14a8f00cbd70af8b1bed6c7197c926067041306899ca38b92470f9034915,,,,,,,,True,False,,,,,,True,False,False,False,False,,,,,,,,,,,,
ARMK,down,WAIT,53.84,54.26,2026-09-28,True,54.26,16:00,0.0,sip,,,,,0,54.13,09:30,-0.24,sip,,,,,-,DOWNTREND,-2.16,-0.8,False,True,0,,,,,,,,downtrend (below a falling EMA50) - no long setup,,3,True,True,True,False,53.84,56.66,False,6.82,8.12,False,False,False,,53.76,58.79,53.84,56.75,False,8.13,13.01,False,False,False,,53.76,58.79,53.84,55.36,False,7.65,15.0,False,False,False,,53.76,55.03,53.76,54.38,0.62,1.3,47.7,53.08,55.06,53.76,53.11,55.8,T1 - nearest resistance,2.68,False,56.57,54.03,False,down,channel sloping down,54.03,low,2026-09-29,False,20,6,10,4,-4,mixed,1,down,3,53.06,53.84,54.62,-0.83,0.84,50.0,,,,,,,,,,,,,,55.8,3.64,7.0,2.68,58.45,8.56,5.0,6.32,Aramark,Industrials,Specialty Business Services,14304293888,38.48227,19.272776,0.86,4.213387,0.72079134,1.41,0.87,0.01929,0.04422,0.11694,0.093,374142496.0,186.724,1.285,1.00331,0.031400003,1.19,62.65,35.07,68.5,68.1,Strong Buy,1.50,16,3.0,11.0,1.0,0.0,1.0,0.75,0.75,True,12,2026-11-24,56.0,False,False,,0,0,,0,,0,,N/A,0,N/A,0,0,,,,not fetched for down-trend tickers,,,,,,,,,,,,,,,,,,,,,,,,,,,,,,
ARQT,down,WATCH,26.83,27.35,2026-09-28,True,27.33,16:02,-0.07,sip,,,,,0,27.26,09:30,-0.33,sip,,,PULLBACK,Pullback in uptrend,C,UPTREND,0.85,1.03,True,True,10,25.19,24.83,28.89,1.03,26.45,2.0,Turning up - close above prior close and daily %K rising; confirmations 2/5 (need 3); R:R 1.03 below 1.5,Turning up - close above prior close and daily %K rising; confirmations 2/5 (need 3); R:R 1.03 below 1.5,MA_BOUNCE(watch),0,False,False,False,False,26.83,25.59,True,75.75,71.3,True,True,False,,23.63,28.29,26.83,25.59,True,66.51,67.85,False,False,False,,23.1,28.29,26.83,26.39,True,55.55,71.1,False,False,False,,25.7,27.64,26.73,27.64,0.91,1.46,62.3,26.18,28.19,25.7,24.83,28.89,T1 - nearest resistance >= 1 ATR above,1.03,True,26.83,27.07,False,down,channel rising but weak fit (R2 0.14 < 0.5),25.83,low,2026-09-15,True,20,10,6,4,4,up,2,down,1,25.71,27.03,28.35,0.5,0.14,42.0,False,S1,1.37,False,1.08,False,2.48,25.26,-5.85,8.0,23.21,-13.49,4.0,26.99,0.6,2.0,0.08,28.99,8.05,5.0,1.08,"Arcutis Biotherapeutics, Inc.",Healthcare,Biotechnology,3435161344,124.22727,20.095589,,15.563781,7.4036684,0.22,,0.06147,0.12651,0.15864,0.593,21685376.0,51.744,2.917,1.0849099,0.1566,1.503,31.77,18.62,37.0,62.4,Buy,1.57,7,2.0,4.0,1.0,0.0,0.0,0.17,0.16,True,5,2026-10-27,28.0,False,False,,0,0,,0,,0,,N/A,0,N/A,0,0,,,,not fetched for down-trend tickers,,True,False,True,False,True,False,False,,,,,,,,,,,,,,,,,,,,,,
ATI,down,WAIT,185.09,180.6,2026-09-28,True,180.67,16:00,0.04,sip,,,,,0,185.7,09:30,2.82,sip,,,,,-,DOWNTREND,-1.41,-1.35,False,False,0,,,,,,,,downtrend (below a falling EMA50) - no long setup,,3,True,True,True,False,185.09,196.44,False,16.66,16.79,False,True,False,,178.26,197.0,185.09,194.5,False,21.57,20.47,True,True,False,,178.26,197.0,185.09,185.64,False,82.61,62.13,True,True,True,piercing_line,178.26,187.07,182.42,186.51,4.09,8.06,50.7,178.45,190.48,178.26,174.23,198.12,T1 - nearest resistance,1.2,True,185.57,184.97,True,down,channel sloping down,204.01,low,2026-07-29,False,20,5,11,4,-6,down,1,mixed,1,178.95,181.96,184.98,-0.57,0.66,102.0,False,S1,0.88,False,0.81,,,178.6,-3.51,4.0,,,,198.12,7.04,6.0,1.2,212.29,14.7,1.0,2.5,ATI Inc.,Industrials,Metal Fabrication,24601903104,54.418674,28.349775,1.33,13.109128,5.2175736,3.32,,0.10090999,0.18198,0.25357,0.106,346687488.0,109.699,2.327,0.9546,0.048499998,1.011,243.57,79.29,259.8889,64.4,Strong Buy,1.11,9,1.0,8.0,0.0,0.0,0.0,1.37,1.16,True,8,2026-10-27,28.0,False,False,,0,0,,0,,0,,N/A,0,N/A,0,0,,,,not fetched for down-trend tickers,,,,,,,,,,,,,,,,,,,,,,,,,,,,,,
ATRO,down,WAIT,65.98,67.7,2026-09-28,True,67.65,16:00,-0.07,sip,,,,,0,68.72,09:30,1.51,sip,,,,,-,DOWNTREND,-1.96,-1.27,False,False,0,,,,,,,,downtrend (below a falling EMA50) - no long setup,,3,True,True,True,False,65.98,72.37,False,33.79,38.93,False,False,False,,62.65,70.41,65.98,71.23,False,44.57,62.88,False,False,False,,62.65,70.41,65.98,68.41,False,5.77,8.86,False,False,False,,65.66,69.95,65.66,68.99,3.33,3.25,102.5,65.74,68.91,65.66,64.03,70.41,T1 - nearest resistance,2.27,False,68.94,66.62,False,down,channel sloping down,67.09,low,2026-09-17,False,20,7,9,4,-2,down,1,mixed,3,66.27,67.81,69.34,-0.41,0.35,-9.0,False,S1,1.32,True,0.48,False,1.02,64.42,-2.36,2.0,62.65,-5.05,1.0,70.41,6.71,1.0,2.27,73.37,11.2,5.0,3.79,Astronics Corporation,Industrials,Aerospace & Defense,2909563136,37.793297,21.493248,1.45,14.677804,3.0884132,1.83,,0.083979994,0.14797,0.33682,0.27,16814124.0,178.068,2.973,0.90182996,0.0946,1.201,94.46,33.12051,100.5,53.6,None,N/A,4,1.0,3.0,0.0,0.0,0.0,0.72,0.60,True,4,2026-11-05,37.0,False,False,,0,0,,0,,0,,N/A,0,N/A,0,0,,,,not fetched for down-trend tickers,,,,,,,,,,,,,,,,,,,,,,,,,,,,,,
AU,down,WAIT,93.87,92.76,2026-09-28,True,92.98,18:46,0.24,sip,93.26,03:43,0.54,boats,37,93.72,09:30,1.03,sip,,,,,-,DOWNTREND,-1.47,-0.68,False,True,0,,,,,,,,downtrend (below a falling EMA50) - no long setup,,3,True,True,True,False,93.87,99.52,False,11.99,11.94,True,True,False,,91.85,104.96,93.87,101.56,False,10.95,15.75,False,False,False,,91.85,104.96,93.87,98.0,False,28.43,23.77,True,True,False,bullish_harami,91.85,99.17,93.06,94.42,1.36,3.85,35.3,90.57,96.91,91.85,89.92,94.34,T1 - nearest resistance,0.12,True,98.54,93.84,True,down,channel sloping down,102.23,low,2026-07-31,False,20,6,12,2,-6,down,1,up,1,90.41,93.73,97.05,-1.48,0.74,52.0,False,S1,2.98,False,3.02,False,5.17,82.23,-12.4,3.0,73.98,-21.19,2.0,94.34,0.5,1.0,0.12,98.2,4.61,1.0,1.1,AngloGold Ashanti plc,Basic Materials,Gold,46920212480,13.271817,9.24304,0.78,5.286943,3.9678824,7.46,4.56,0.32195,0.51192003,0.44731,0.27,3956124928.0,16.676,2.708,0.7517,0.009,0.75,129.14,62.55,117.5,47.0,Buy,1.88,8,3.0,3.0,2.0,0.0,0.0,1.99,0.00,True,3,2026-11-05,37.0,False,False,,0,1,2026-09-16 RBC Capital: main -> Outperform,0,,0,,N/A,0,N/A,0,0,,,,not fetched for down-trend tickers,,,,,,,,,,,,,,,,,,,,,,,,,,,,,,
AVGO,filtered,WAIT,357.9,349.57,2026-09-28,True,349.47,19:59,-0.03,sip,350.06,03:59,0.14,boats,1907,358.89,09:30,2.67,sip,,,,,-,DOWNTREND,-1.17,-0.97,True,False,0,,,,,,,,downtrend (below a falling EMA50) - no long setup,,4,True,True,True,True,357.9,369.48,False,53.39,47.29,True,True,False,,335.81,366.54,357.9,360.49,False,30.41,30.66,False,True,False,,335.81,366.54,357.9,353.73,True,78.56,63.79,True,True,False,bullish_harami,347.32,361.86,355.79,361.86,6.07,9.9,61.3,351.96,365.69,347.32,342.37,372.51,T1 - nearest resistance,0.94,True,349.84,358.97,False,down,channel sloping down,353.63,low,2026-09-16,True,20,8,9,3,-1,mixed,1,up,1,341.51,349.79,358.07,-0.48,0.4,99.0,True,S1,0.12,True,0.02,False,1.16,357.71,-0.05,2.0,346.43,-3.2,3.0,372.51,4.08,6.0,0.94,383.44,7.14,1.0,1.64,Broadcom Inc.,Technology,Semiconductors,1668717871104,45.04768,18.03403,0.35,16.740255,18.727755,7.85,0.74,0.42944,0.54307,0.44245,0.855,30596499456.0,59.604,2.504,0.79813004,0.0111,1.457,495.0,289.96,531.8468,33.1,Strong Buy,1.26,47,7.0,40.0,3.0,0.0,0.0,3.83,3.88,False,39,2026-12-09,71.0,False,True,2014-05-08,1,0,2026-09-10 Piper Sandler: init -> Overweight,0,,0,,42,14,0.0,3719,0,,,,ticker filtered out,,,,,,,,,,,,,,,,,,,,,,,,,,,,,,
AVNT,down,WAIT,40.86,41.2,2026-09-28,True,41.19,16:00,-0.02,sip,,,,,0,41.24,09:30,0.1,sip,,,,,-,CORRECTION,-0.28,-0.05,True,False,0,,,,,,,,under EMA50 by 0.3 ATR with a higher low intact - wait for a support bounce or an EMA50 reclaim,,2,True,False,True,False,40.86,41.12,False,46.03,38.55,True,True,False,,39.72,41.98,40.86,41.61,False,57.1,63.43,False,False,False,,39.72,41.98,40.86,41.04,False,54.09,64.24,False,False,False,,40.39,41.49,40.76,41.38,0.62,0.91,68.1,40.47,41.67,40.39,39.94,41.49,T1 - nearest resistance,0.68,True,41.25,41.06,False,down,channel rising but weak fit (R2 0.08 < 0.5),42.63,low,2026-07-29,False,20,6,9,5,-3,mixed,1,up,1,40.56,41.12,41.68,0.1,0.08,27.0,False,S1,1.0,False,0.58,False,1.25,40.33,-1.3,1.0,39.72,-2.79,1.0,41.49,1.54,1.0,0.68,42.2,3.28,4.0,1.46,Avient Corporation,Basic Materials,Specialty Chemicals,3777928192,22.264864,11.785374,1.22,1.5503029,1.1340021,1.85,2.66,0.051030003,0.1277,0.071100004,0.058,263787504.0,76.563,1.9,1.07981,0.059499998,1.305,46.64,27.48,50.85714,69.8,Buy,1.57,7,0.0,5.0,2.0,0.0,0.0,0.80,0.80,True,7,2026-11-09,41.0,False,False,,0,0,,0,,0,,N/A,0,N/A,0,0,,,,not fetched for down-trend tickers,,,,,,,,,,,,,,,,,,,,,,,,,,,,,,
AVPT,down,WATCH,13.41,13.68,2026-09-28,True,13.61,16:34,-0.51,sip,13.59,02:52,-0.66,boats,31,13.73,09:30,0.37,sip,,,SUPPORT_BOUNCE,Support bounce,C,UPTREND,0.79,0.45,True,False,12,12.69,12.44,14.39,1.0,13.22,3.0,Rejection - closed back above the test bar / upper half of range; R:R 1.00 below 1.5,Rejection - closed back above the test bar / upper half of range; R:R 1.00 below 1.5,MA_BOUNCE(watch),0,False,False,False,False,13.41,13.02,True,57.54,48.46,True,True,False,,12.64,13.91,13.41,13.27,True,75.47,58.87,True,True,False,,12.64,13.91,13.41,13.24,True,63.25,75.47,False,False,False,,12.64,13.91,13.31,13.91,0.6,0.5,120.0,13.41,13.81,12.64,12.44,14.39,T1 - nearest resistance >= 1 ATR above,1.0,True,13.11,13.51,False,down,channel rising but weak fit (R2 0.0 < 0.5),13.19,low,2026-07-23,True,20,4,11,5,-7,mixed,1,up,1,12.83,13.22,13.61,0.05,0.0,75.0,False,S1,2.08,False,1.44,False,2.7,12.69,-5.37,6.0,12.06,-10.07,2.0,13.53,0.89,9.0,0.12,14.39,7.31,1.0,1.01,"AvePoint, Inc.",Technology,Software - Infrastructure,2892099328,41.42424,27.581614,,6.6166506,6.204198,0.33,,0.15334,0.08212,0.16246,0.22,81431248.0,6.143,1.999,0.69523,0.0621,1.186,15.58,8.835,16.791,67.8,Buy,1.71,13,2.0,8.0,4.0,0.0,0.0,0.09,0.09,True,12,2026-11-05,37.0,False,False,,0,0,2026-09-21 Stephens & Co.: main -> Overweight,0,,0,,N/A,0,N/A,0,0,,,,not fetched for down-trend tickers,,,,,,,False,False,,,,,,True,False,True,True,True,,,,,,,,,,,,
AXTA,down,WAIT,32.42,32.69,2026-09-28,True,32.68,16:00,-0.03,sip,32.45,03:46,-0.73,boats,18,32.52,09:30,-0.52,sip,,,,,-,DOWNTREND,-2.18,-1.01,False,False,0,,,,,,,,downtrend (below a falling EMA50) - no long setup,,3,True,True,True,False,32.42,34.12,False,22.26,18.6,True,True,False,,31.84,33.65,32.42,33.86,False,40.69,47.41,False,False,False,,31.84,33.65,32.42,32.71,False,42.27,50.4,False,False,False,,32.01,32.98,32.36,32.62,0.26,0.78,33.3,31.84,33.14,32.01,31.62,33.05,T1 - nearest resistance,0.79,True,32.46,32.47,False,down,channel rising but weak fit (R2 0.01 < 0.5),34.96,low,2026-07-23,False,20,5,12,3,-7,down,1,up,1,31.91,32.6,33.3,0.04,0.01,37.0,False,S1,0.99,False,0.86,,,31.75,-2.07,3.0,,,,33.05,1.94,3.0,0.79,33.66,3.82,2.0,1.55,Axalta Coating Systems Ltd.,Basic Materials,Specialty Chemicals,6994173440,20.17284,11.3796625,2.04,2.7730167,1.358092,1.62,,0.06777,0.15156001,0.14344,0.031,539500032.0,119.424,1.533,1.07623,0.0432,1.239,38.61,24.937,39.33333,54.7,Buy,2.19,15,1.0,6.0,9.0,0.0,0.0,0.72,0.72,True,14,2026-10-28,29.0,False,False,,0,0,2026-09-11 Keybanc: init -> Overweight,0,,0,,N/A,0,N/A,0,0,,,,not fetched for down-trend tickers,,,,,,,,,,,,,,,,,,,,,,,,,,,,,,
BE,down,BUY,295.54,262.9,2026-09-28,True,264.84,19:59,0.74,sip,266.48,03:43,1.36,boats,1754,278.44,09:30,5.91,sip,,,FRESH_BREAKOUT,Fresh breakout,A,UPTREND,2.26,2.7,True,True,18,288.0,277.59,350.63,3.07,,5.0,,,,0,False,False,False,False,295.54,248.55,True,69.81,69.26,True,True,False,,251.3,302.35,295.54,257.97,True,49.38,58.01,False,False,False,morning_star,251.3,302.35,295.54,274.61,True,87.81,64.11,True,True,True,bullish_harami,259.46,302.35,271.2,302.35,31.15,20.81,149.7,281.54,292.01,259.46,277.59,350.63,T1 - nearest resistance >= 1 ATR above,3.07,False,274.27,293.2,True,down,channel rising but weak fit (R2 0.02 < 0.5),235.62,low,2026-07-29,True,20,10,6,4,4,down,1,up,1,257.28,277.61,297.93,0.25,0.02,94.0,True,S1,-0.36,True,0.46,False,2.14,285.91,-3.26,2.0,251.02,-15.06,5.0,,,,,,,,,Bloom Energy Corporation,Industrials,Electrical Equipment & Parts,77422403584,337.01282,53.334442,0.65,47.838036,24.869474,0.78,,0.07868,0.17106001,0.22213,1.655,531637504.0,171.578,4.087,0.86210996,0.0734,3.811,351.28,70.89,280.23846,80.1,Buy,2.24,26,5.0,10.0,12.0,1.0,1.0,0.67,0.67,True,17,2026-10-27,28.0,False,True,2026-09-21,0,0,2026-09-28 RBC Capital: main -> Outperform,0,,0,,4,74,393.3,180,0,,,,not fetched for down-trend tickers,,,,,,,,True,True,True,True,True,True,,,,,,,,,,,,,,,,,
BIIB,up,WATCH,225.71,228.71,2026-09-28,True,228.69,16:00,-0.01,sip,,,,,0,227.63,09:30,-0.47,sip,,,SUPPORT_BOUNCE,Support bounce,C,UPTREND,1.92,1.26,True,True,48,222.41,219.67,237.79,2.0,,2.0,Rejection - closed back above the test bar / upper half of range; confirmations 2/5 (need 3),Rejection - closed back above the test bar / upper half of range; confirmations 2/5 (need 3),,1,False,False,False,True,225.71,215.17,True,88.07,90.27,False,False,True,,214.59,230.49,225.71,219.68,True,83.69,88.32,False,False,True,,214.59,230.49,225.71,224.74,True,24.37,42.69,False,False,False,,223.76,230.49,224.45,229.41,4.96,5.48,90.5,223.93,229.93,223.76,219.67,237.79,2R - no resistance above,2.0,False,227.79,226.33,False,up,channel rising (R2 0.63),214.01,low,2026-07-23,True,20,10,5,5,5,up,1,mixed,2,225.6,229.18,232.77,0.5,0.63,2.0,False,S1,0.95,False,0.6,False,1.31,222.41,-1.46,3.0,218.53,-3.18,1.0,225.8,0.04,1.0,0.01,229.01,1.46,1.0,0.55,Biogen Inc.,Healthcare,Drug Manufacturers - General,33789861888,40.692173,13.829951,2.35,1.7921009,3.369585,5.62,,0.083229996,0.25058,0.04575,0.034,1266987520.0,44.329,1.865,0.995,0.043899998,0.171,230.49,136.94,238.18195,94.9,Buy,1.89,31,3.0,19.0,12.0,1.0,0.0,2.03,2.04,False,26,2026-10-28,29.0,False,True,2003-11-13,0,0,2026-09-10 HSBC: main -> Reduce,0,,0,,N/A,0,N/A,0,1,2026-09-29 00:23,"Why Did KOD, RGEN, BIIB Stocks Rise To 52-Week Highs?",https://finnhub.io/api/news?id=e56065f8d8bb86d533d9eb5479d567e55420ae19d538b5fd5211f4c034ab3811,,,,,,,,False,False,,,,,,True,False,True,False,True,,,,,,,,,,,,
BTSG,down,WAIT,55.47,56.54,2026-09-28,True,56.5,19:48,-0.07,sip,56.5,00:12,-0.07,boats,1,56.4,09:30,-0.25,sip,,,,,-,DOWNTREND,-2.14,-1.4,False,False,0,,,,,,,,downtrend (below a falling EMA50) - no long setup,,3,True,True,True,False,55.47,59.91,False,16.58,16.26,True,False,False,,54.87,60.0,55.47,58.55,False,46.23,46.25,False,False,False,,54.87,60.0,55.47,56.7,False,11.57,26.12,False,False,False,,55.26,57.69,55.26,56.8,1.54,2.07,74.4,54.73,57.33,55.26,54.22,57.61,T1 - nearest resistance,1.71,False,56.59,55.71,False,down,channel rising but weak fit (R2 0.0 < 0.5),56.36,low,2026-09-24,False,20,8,6,6,2,up,2,down,2,55.37,56.34,57.31,0.03,0.0,5.0,False,S1,0.62,True,0.17,,,55.11,-0.65,2.0,,,,57.61,3.86,6.0,1.71,60.65,9.34,1.0,4.14,"BrightSpring Health Services, Inc.",Healthcare,Health Information Services,11187244032,50.482143,24.817513,,5.686413,0.77842724,1.12,,0.02547,0.03367,0.13036,0.23,1028438976.0,116.007,1.588,1.08403,0.0798,1.85,73.75,27.11,78.94118,60.8,Strong Buy,1.18,17,3.0,14.0,0.0,0.0,0.0,0.47,0.44,True,16,2026-10-30,31.0,False,False,,0,0,,0,,0,,N/A,0,N/A,0,0,,,,not fetched for down-trend tickers,,,,,,,,,,,,,,,,,,,,,,,,,,,,,,
BWA,down,WAIT,60.76,61.09,2026-09-28,True,61.07,16:00,-0.03,sip,,,,,0,61.06,09:30,-0.05,sip,,,,,-,DOWNTREND,-1.69,-1.26,False,False,0,,,,,,,,downtrend (below a falling EMA50) - no long setup,,3,True,True,True,False,60.76,64.17,False,32.21,24.37,True,True,False,,58.1,64.5,60.76,63.32,False,45.99,45.78,True,False,False,,58.1,64.5,60.76,61.31,False,32.27,47.49,False,False,False,,58.1,62.12,60.36,61.31,0.95,2.02,47.0,59.29,62.38,58.1,57.09,60.87,T1 - nearest resistance,0.03,True,60.97,60.82,False,down,channel sloping down,60.26,low,2026-09-24,True,20,7,10,3,-3,up,2,down,3,57.76,59.89,62.02,-0.56,0.29,70.0,False,S1,1.47,False,1.32,,,58.1,-4.38,1.0,,,,60.87,0.18,4.0,0.03,63.03,3.74,1.0,0.62,BorgWarner Inc.,Consumer Cyclical,Auto Parts,12437904384,30.232674,10.279588,0.33,2.2127612,0.8671155,2.02,1.11,0.02893,0.106359996,0.08056,0.003,1066249984.0,70.11,2.127,1.0919499,0.0359,1.103,78.82,40.5,79.93333,52.9,Buy,1.93,15,4.0,6.0,5.0,0.0,0.0,1.26,1.26,True,13,2026-10-29,30.0,False,False,,0,0,2026-09-01 RBC Capital: init -> Outperform,0,,0,,N/A,0,N/A,0,0,,,,not fetched for down-trend tickers,,,,,,,,,,,,,,,,,,,,,,,,,,,,,,
CART,down,WAIT,43.67,43.34,2026-09-28,True,43.34,16:00,0.0,sip,,,,,0,43.33,09:30,-0.02,sip,,,,,-,DOWNTREND,-1.88,-1.59,False,False,0,,,,,,,,downtrend (below a falling EMA50) - no long setup,,3,True,True,True,False,43.67,46.7,False,16.32,13.68,True,True,False,,42.04,47.1,43.67,46.43,False,31.48,28.09,True,True,False,,42.04,47.55,43.67,44.09,False,85.09,83.46,True,False,True,,42.04,44.22,43.3,44.22,0.92,1.61,57.1,42.61,44.91,42.04,41.23,43.78,T1 - nearest resistance,0.05,True,43.27,43.89,False,down,channel sloping down,43.29,low,2026-09-28,True,20,5,11,4,-6,down,1,mixed,2,41.11,42.66,44.21,-0.79,0.44,82.0,False,S1,0.76,False,0.97,,,42.11,-3.57,2.0,,,,43.78,0.25,1.0,0.05,44.74,2.45,2.0,0.44,Maplebear Inc.,Consumer Cyclical,Internet Retail,10286029824,23.68306,8.850335,1.74,4.349659,2.5760155,1.84,,0.120459996,0.14094,0.16001,0.141,917875008.0,1.348,2.279,0.79229,0.1058,0.799,52.68,32.73,58.14286,54.8,Buy,2.03,28,5.0,13.0,14.0,0.0,0.0,0.63,0.63,True,26,2026-11-09,41.0,False,False,,0,0,2026-09-02 Argus Research: main -> Buy,0,,0,,N/A,0,N/A,0,0,,,,not fetched for down-trend tickers,,,,,,,,,,,,,,,,,,,,,,,,,,,,,,
CAT,down,WAIT,817.36,819.36,2026-09-28,True,819.9,19:40,0.07,sip,819.16,03:22,-0.02,boats,31,827.15,09:30,0.95,sip,,,,,-,CORRECTION,-0.62,-0.4,True,False,0,,,,,,,,under EMA50 by 0.6 ATR with a higher low intact - wait for a support bounce or an EMA50 reclaim,,2,True,False,True,False,817.36,830.21,False,82.23,75.45,True,True,True,,774.47,829.74,817.36,813.74,True,73.28,77.4,False,False,False,,774.47,829.74,817.36,811.87,True,52.19,58.7,False,False,False,bullish_harami,801.65,829.74,815.5,829.74,14.24,20.67,68.9,809.07,836.17,801.65,791.32,833.39,T1 - nearest resistance,0.62,True,818.01,823.6,False,down,channel rising but weak fit (R2 0.11 < 0.5),804.75,low,2026-09-02,True,20,7,7,6,0,mixed,1,up,1,803.23,816.93,830.63,0.15,0.11,52.0,False,S1,1.43,False,0.96,False,2.13,797.6,-2.42,2.0,773.42,-5.38,3.0,833.39,1.96,5.0,0.62,871.2,6.59,1.0,2.07,Caterpillar Inc.,Industrials,Farm & Heavy Construction Machinery,376910413824,35.34267,25.324812,1.44,19.43332,5.043697,23.2,0.79,0.14511,0.22183001,0.56972003,0.24,5048999936.0,232.783,1.368,0.73497003,0.020299999,1.594,1073.46,467.46,975.60614,57.7,Buy,2.07,26,1.0,14.0,11.0,1.0,1.0,6.92,6.92,True,21,2026-10-29,30.0,False,True,1957-03-04,0,0,,0,,0,,N/A,0,N/A,0,0,,,,not fetched for down-trend tickers,,,,,,,,,,,,,,,,,,,,,,,,,,,,,,
CDE,filtered,WAIT,17.28,17.87,2026-09-28,True,17.9,19:50,0.17,sip,18.05,03:41,1.01,boats,39,17.82,09:30,-0.28,sip,,,,,-,DOWNTREND,-1.74,-0.65,False,False,0,,,,,,,,downtrend (below a falling EMA50) - no long setup,,4,True,True,True,True,17.28,19.06,False,9.67,14.55,False,False,False,,17.12,20.63,17.28,19.55,False,5.12,13.37,False,False,False,,17.12,20.63,17.28,18.99,False,4.77,3.66,True,True,False,bullish_harami,17.12,19.37,17.12,17.93,0.81,1.02,79.4,16.91,18.14,17.12,16.61,17.61,T1 - nearest resistance,0.49,True,19.33,17.41,False,down,channel sloping down,19.17,low,2026-07-29,False,20,7,10,3,-3,down,1,up,1,17.21,18.07,18.92,-1.7,0.68,4.0,False,S1,1.32,False,0.79,False,1.86,16.47,-4.69,2.0,15.38,-11.0,2.0,17.61,1.91,1.0,0.49,18.48,6.94,2.0,1.79,"Coeur Mining, Inc.",Basic Materials,Gold,18369198080,16.0991,8.763842,3.75,1.7656358,5.7925105,1.11,0.21,0.26817,0.19387,0.12848,1.259,796743616.0,6.851,3.654,0.82424,0.050100002,1.389,27.77,13.55,23.95455,26.2,Buy,1.73,11,4.0,5.0,2.0,0.0,0.0,0.34,0.35,False,6,2026-10-28,29.0,False,False,,0,0,,0,,0,,N/A,0,N/A,0,0,,,,ticker filtered out,,,,,,,,,,,,,,,,,,,,,,,,,,,,,,
CDNA,up,WATCH,63.49,64.63,2026-09-28,True,64.69,18:29,0.09,sip,,,,,0,64.35,09:30,-0.43,sip,,,FRESH_BREAKOUT,Fresh breakout,C,UPTREND,5.13,6.36,True,True,115,63.09,61.16,68.14,2.0,,2.0,confirmations 2/5 (need 3),confirmations 2/5 (need 3),,0,False,False,False,False,63.49,48.56,True,91.34,88.34,True,True,True,,52.61,65.5,63.49,53.91,True,89.0,90.7,False,False,True,,52.51,65.5,63.49,59.82,True,51.14,63.99,False,False,False,,60.51,65.5,62.9,65.48,2.59,2.91,89.0,62.57,65.81,60.51,61.16,68.14,2R - no resistance above,2.0,False,56.04,64.02,False,up,channel rising (R2 0.87),50.53,low,2026-07-30,True,20,14,3,3,11,up,6,down,1,62.87,65.93,69.0,2.94,0.87,10.0,False,S1,3.16,False,2.86,False,3.37,55.16,-13.12,1.0,53.67,-15.47,1.0,,,,,,,,,"CareDx, Inc.",Healthcare,Diagnostics & Research,3342030848,30.616114,48.623707,,7.814201,7.295593,2.11,,0.24234,0.00195,0.29487,0.522,112160872.0,4.522,4.581,1.0335801,0.124,2.43,65.495,13.95,56.14286,96.1,Buy,1.75,7,0.0,5.0,3.0,0.0,0.0,0.25,0.25,True,7,2026-11-03,35.0,False,False,,0,0,2026-09-24 BTIG: main -> Buy,0,,0,,N/A,0,N/A,0,0,,,,,,,,,,,,False,True,False,False,True,True,,,,,,,,,,,,,,,,,
CDNS,up,WATCH,321.24,326.7,2026-09-28,True,328.91,17:34,0.68,sip,326.69,02:23,-0.0,boats,5,321.6,09:30,-1.56,sip,,,MA_RECLAIM,MA reclaim (early trend),C,EARLY_UPTREND,0.28,0.2,False,True,4,318.47,302.74,338.55,0.94,317.07,3.0,R:R 0.94 below 1.5,R:R 0.94 below 1.5,,0,False,False,False,False,321.24,318.47,True,89.42,92.17,False,False,True,hammer,274.16,330.81,321.24,308.31,True,88.75,91.15,False,False,True,hammer,273.07,330.81,321.24,312.92,True,46.16,54.37,False,False,False,,314.0,330.81,314.0,323.42,9.42,9.83,95.8,313.59,323.83,314.0,302.74,338.55,T1 - nearest resistance >= 1 ATR above,0.94,True,324.65,320.14,True,up,channel rising (R2 0.89),301.3,low,2026-09-15,True,20,8,10,2,-2,down,1,up,1,324.72,333.07,341.42,1.74,0.89,-21.0,True,S1,0.16,True,0.12,False,1.0,320.07,-0.36,1.0,311.43,-3.05,1.0,329.96,2.71,4.0,0.47,348.01,8.33,4.0,1.45,"Cadence Design Systems, Inc.",Technology,Software - Application,89970892800,64.950294,34.18215,2.49,13.119429,15.435923,5.03,,0.23605,0.28575,0.23229,0.242,1609676544.0,38.661,1.743,0.91611,0.0159,1.137,416.69,262.75,405.47116,38.0,Strong Buy,1.36,26,5.0,18.0,2.0,0.0,0.0,2.05,2.05,True,18,2026-10-26,27.0,False,True,2017-09-18,0,0,,0,,0,,N/A,0,N/A,0,3,2026-09-29 10:35,These S&P500 stocks are gapping in today's session,https://finnhub.io/api/news?id=8acb71f6bcd5530d4f16a827ba1bcbbab536ced61d28c2174e86a6b7ca7ad951,,,,,,,,,,,,,,,,,,,,True,True,True,True,False,False,True,,,,,
CDW,down,WAIT,130.46,130.3,2026-09-28,True,130.33,16:41,0.02,sip,,,,,0,129.99,09:30,-0.24,sip,,,,,-,DOWNTREND,-1.96,-0.84,True,False,0,,,,,,,,downtrend (below a falling EMA50) - no long setup,,3,True,True,True,False,130.46,141.46,False,4.55,6.85,False,True,False,,128.67,154.12,130.46,143.45,False,8.44,6.01,True,True,False,,128.67,154.33,130.46,139.62,False,14.63,14.69,False,True,False,bullish_harami,128.67,142.46,128.77,131.99,3.22,5.62,57.3,126.37,134.39,128.67,125.86,131.62,T1 - nearest resistance,0.25,True,147.52,130.34,True,down,channel sloping down,142.06,low,2026-08-05,False,20,8,9,3,-1,down,3,up,2,124.68,131.07,137.45,-2.19,0.77,45.0,True,S1,0.46,False,0.55,False,3.09,127.39,-2.35,1.0,113.12,-13.29,1.0,131.62,0.89,2.0,0.25,143.35,9.88,4.0,2.8,CDW Corporation,Technology,Information Technology Services,16293521408,16.29125,10.847067,1.33,6.6870193,0.6933295,8.0,1.86,0.04597,0.07345,0.44009998,0.1,676787520.0,263.278,1.167,1.13195,0.088,0.941,167.0,97.12,158.66667,47.7,Buy,1.80,9,2.0,5.0,3.0,0.0,0.0,2.96,2.93,True,10,2026-11-03,35.0,False,True,2019-09-23,0,0,2026-09-21 Barclays: main -> Equal-Weight,0,,0,,N/A,0,N/A,0,0,,,,not fetched for down-trend tickers,,,,,,,,,,,,,,,,,,,,,,,,,,,,,,
CGNX,down,WAIT,58.83,58.78,2026-09-28,True,58.74,18:49,-0.07,sip,,,,,0,59.52,09:30,1.26,sip,,,,,-,DOWNTREND,-1.2,-1.06,False,False,0,,,,,,,,downtrend (below a falling EMA50) - no long setup,,3,True,True,True,False,58.83,61.43,False,22.81,17.85,True,True,False,,57.1,63.0,58.83,60.52,False,29.41,28.03,True,True,False,,57.1,63.0,58.83,59.14,False,56.74,61.92,False,False,False,bullish_harami,57.49,59.52,58.5,59.52,1.02,2.16,47.2,57.36,60.66,57.49,56.41,60.59,T1 - nearest resistance,0.73,True,58.93,58.87,False,down,channel sloping down,58.34,low,2026-09-24,True,20,8,9,3,-1,up,2,down,2,55.52,57.67,59.82,-0.73,0.38,77.0,False,S1,0.81,True,0.49,,,57.78,-1.78,5.0,,,,60.59,2.99,2.0,0.73,63.76,8.38,6.0,2.04,Cognex Corporation,Technology,Scientific & Technical Instruments,9883150336,56.490387,29.099285,2.71,6.064829,9.076019,1.04,0.58,0.16051,0.29361,0.111490004,0.169,195671376.0,4.448,3.934,1.1291001,0.0478,1.49,72.88,34.6,79.63158,63.3,Buy,1.85,19,5.0,9.0,6.0,0.0,0.0,0.52,0.52,True,17,2026-10-28,29.0,False,False,,0,0,2026-09-23 DA Davidson: main -> Neutral,0,,0,,N/A,0,N/A,0,0,,,,not fetched for down-trend tickers,,,,,,,,,,,,,,,,,,,,,,,,,,,,,,
CHRD,down,WAIT,134.93,135.1,2026-09-28,True,135.15,16:00,0.04,sip,,,,,0,133.78,09:30,-0.98,sip,,,,,-,DOWNTREND,-1.14,-0.59,False,False,0,,,,,,,,downtrend (below a falling EMA50) - no long setup,,3,True,True,True,False,134.93,140.49,False,5.16,8.29,False,False,False,,132.69,154.68,134.93,142.51,False,9.94,7.97,True,True,False,,132.69,157.06,134.93,139.0,False,34.17,25.01,True,True,False,hammer,132.69,140.55,132.69,135.04,2.35,4.86,48.4,130.18,137.55,132.69,130.26,136.96,T1 - nearest resistance,0.43,True,139.58,134.44,True,down,channel sloping down,141.66,low,2026-07-28,False,20,8,9,3,-1,mixed,1,down,1,132.95,135.64,138.33,-0.47,0.47,37.0,True,S1,0.19,True,0.43,False,1.34,132.84,-1.55,1.0,128.42,-4.82,2.0,136.96,1.5,2.0,0.43,141.32,4.74,4.0,1.37,Chord Energy Corporation,Energy,Oil & Gas E&P,7392417280,9.212679,8.584489,,0.8926212,1.2405512,14.8,3.82,0.14236,0.34717,0.10312,0.841,961228032.0,17.982,1.221,1.0303199,0.0825,0.385,157.06,84.25,173.125,69.6,Strong Buy,1.47,16,2.0,12.0,3.0,0.0,0.0,4.67,4.09,True,16,2026-11-03,35.0,False,False,,0,0,2026-09-22 UBS: main -> Buy,0,,0,,N/A,0,N/A,0,0,,,,not fetched for down-trend tickers,,,,,,,,,,,,,,,,,,,,,,,,,,,,,,
CIEN,down,WAIT,347.54,343.88,2026-09-28,True,344.0,19:58,0.03,sip,345.98,03:44,0.61,boats,69,349.69,09:30,1.69,sip,,,,,-,DOWNTREND,-1.43,-1.48,True,True,0,,,,,,,,downtrend (below a falling EMA50) - no long setup,,3,True,True,True,False,347.54,377.95,False,53.14,60.32,False,False,False,,327.5,376.74,347.54,359.41,False,16.37,27.83,False,False,False,,327.5,376.74,347.54,352.5,False,43.04,36.99,True,True,False,,339.33,366.43,344.8,356.21,11.41,21.33,53.5,334.88,366.13,339.33,328.67,357.92,T1 - nearest resistance,0.55,True,359.16,349.47,False,down,channel sloping down,341.21,low,2026-09-03,True,20,8,9,3,-1,down,1,up,1,337.21,346.9,356.6,-0.93,0.64,53.0,False,S1,1.5,False,1.4,,,317.77,-8.57,3.0,,,,357.92,2.99,4.0,0.55,378.88,9.02,3.0,1.66,Ciena Corporation,Technology,Communication Equipment,48809078784,77.172646,29.180788,0.36,15.977625,8.106616,4.46,,0.10869,0.18076,0.22396,0.37,633368384.0,107.496,3.797,0.95927,0.0399,1.309,637.51,143.0,516.83234,41.4,Buy,1.75,19,5.0,10.0,5.0,0.0,0.0,1.62,1.37,True,5,,,False,True,2026-02-09,1,0,2026-09-21 Evercore ISI Group: up -> Outperform,0,,0,,N/A,0,N/A,0,0,,,,not fetched for down-trend tickers,,,,,,,,,,,,,,,,,,,,,,,,,,,,,,
COHR,down,WAIT,297.55,282.38,2026-09-28,True,282.2,19:57,-0.06,sip,284.7,03:42,0.82,boats,650,289.19,09:30,2.41,sip,,,,,-,CORRECTION,-0.23,-0.65,True,True,0,,,,,,,,under EMA50 by 0.2 ATR with a higher low intact - wait for a support bounce or an EMA50 reclaim,,2,True,False,True,False,297.55,302.09,False,39.21,40.83,False,True,False,,275.79,332.86,297.55,296.13,True,18.77,16.11,True,True,False,,269.34,332.86,297.55,295.33,True,83.77,65.83,True,True,True,,275.79,302.72,285.85,302.72,16.87,19.69,85.7,283.03,305.54,275.79,265.95,311.95,T1 - nearest resistance,0.46,True,300.33,297.03,True,down,channel sloping down,305.11,low,2026-07-29,False,20,8,10,2,-2,down,1,up,1,266.52,280.85,295.18,-2.11,0.74,108.0,False,S1,1.5,False,1.93,False,3.9,259.63,-12.74,4.0,220.68,-25.83,1.0,311.95,4.84,4.0,0.46,333.79,12.18,3.0,1.15,Coherent Corp.,Technology,Scientific & Technical Instruments,55312818176,71.87023,20.239609,0.92,5.0709157,7.7706394,3.93,,0.11309,0.118269995,0.07981,0.337,-649981632.0,31.612,2.427,0.87518,0.060900003,2.104,440.0,105.02,415.36197,57.5,Buy,1.61,22,4.0,14.0,5.0,0.0,0.0,1.96,1.96,True,19,2026-11-04,36.0,False,True,2026-03-23,0,0,2026-09-24 Rosenblatt: main -> Buy,0,,0,,N/A,0,N/A,0,0,,,,not fetched for down-trend tickers,,,,,,,,,,,,,,,,,,,,,,,,,,,,,,
COP,down,WAIT,125.87,125.96,2026-09-28,True,125.82,19:57,-0.11,sip,125.92,23:57,-0.03,boats,5,124.17,09:30,-1.42,sip,,,,,-,DOWNTREND,-0.44,-0.04,False,False,0,,,,,,,,downtrend (below a falling EMA50) - no long setup,,3,True,True,True,False,125.87,127.48,False,12.82,17.57,False,False,False,,123.46,139.19,125.87,130.29,False,24.4,26.52,False,False,False,,123.46,141.62,125.87,128.62,False,40.03,27.72,True,True,False,hammer,123.46,130.1,123.46,126.12,2.67,3.7,72.2,122.42,127.16,123.46,121.61,128.0,T1 - nearest resistance,0.5,True,127.44,125.41,True,down,channel sloping down,128.6,low,2026-07-28,False,20,10,6,4,4,mixed,1,down,1,124.68,127.22,129.76,-0.09,0.03,23.0,True,S1,-0.08,True,0.38,False,1.15,124.47,-1.11,1.0,121.6,-3.39,2.0,128.0,1.69,1.0,0.5,131.77,4.69,2.0,1.38,ConocoPhillips,Energy,Oil & Gas E&P,151416569856,16.82777,13.046364,1.08,2.3170395,2.349037,7.49,2.64,0.144,0.3151,0.1418,0.355,7691375104.0,35.639,1.542,0.86931,0.0134000005,0.134,141.62,85.57,146.08,71.9,Buy,1.74,25,4.0,15.0,8.0,0.0,0.0,2.64,2.61,True,21,2026-11-05,37.0,False,True,1957-03-04,0,0,2026-09-14 UBS: main -> Buy,0,,0,,N/A,0,N/A,0,0,,,,not fetched for down-trend tickers,,,,,,,,,,,,,,,,,,,,,,,,,,,,,,
CORT,down,BUY,116.79,115.56,2026-09-28,True,115.63,16:00,0.06,sip,,,,,0,115.36,09:30,-0.17,sip,,,MA_BOUNCE,MA bounce,B,UPTREND,1.48,1.49,True,True,125,114.5,110.42,126.38,1.5,,3.0,,,PULLBACK(watch),0,False,False,False,False,116.79,108.76,True,64.44,68.03,False,False,False,hammer,108.41,120.43,116.79,113.82,True,63.08,61.84,True,True,False,hammer,108.41,120.43,116.79,115.07,True,42.56,24.69,True,True,False,,113.17,120.43,113.17,117.47,4.3,5.44,79.0,112.03,118.61,113.17,110.42,126.38,T1 - nearest resistance >= 1 ATR above,1.5,False,116.2,114.95,True,down,channel rising but weak fit (R2 0.0 < 0.5),113.54,low,2026-07-28,True,20,5,7,8,-2,down,1,up,1,112.44,115.6,118.77,0.02,0.0,69.0,False,S1,1.14,False,1.4,False,3.76,109.15,-6.54,7.0,96.36,-17.49,2.0,118.3,1.29,5.0,0.24,126.38,8.21,1.0,1.51,Corcept Therapeutics Incorporated,Healthcare,Biotechnology,12499418112,256.95557,26.264622,0.81,17.680428,15.044804,0.45,,0.066420004,0.16124001,0.08226,0.317,77395128.0,1.335,2.859,0.76861,0.1114,0.446,126.38,28.66,141.0,90.2,Buy,2.00,5,1.0,3.0,0.0,1.0,0.0,0.86,0.25,True,4,2026-11-04,36.0,False,False,,0,0,2026-09-18 HC Wainwright & Co.: reit -> Buy,0,,0,,N/A,0,N/A,0,0,,,,not fetched for down-trend tickers,,,,,,,,False,,,,,True,,True,,False,,,,,,,,,True,True,True,True,
CRDO,down,WAIT,195.52,192.61,2026-09-28,True,192.5,19:58,-0.06,sip,193.35,03:28,0.38,boats,536,193.86,09:30,0.65,sip,,,,,-,DOWNTREND,-0.64,-0.53,False,True,0,,,,,,,,downtrend (below a falling EMA50) - no long setup,,3,True,True,True,False,195.52,202.53,False,76.83,86.27,False,False,False,bullish_harami,152.72,214.87,195.52,192.43,True,53.2,66.62,False,False,False,,149.82,214.87,195.52,191.27,True,26.88,24.02,True,True,False,bullish_harami,189.01,214.87,189.01,199.38,10.37,10.91,95.1,188.47,199.92,189.01,183.55,212.26,T1 - nearest resistance,1.4,True,192.23,195.53,False,down,channel rising but weak fit (R2 0.31 < 0.5),180.29,low,2026-09-14,True,20,9,7,4,2,down,1,up,1,189.35,201.31,213.28,0.99,0.31,26.0,False,S1,0.73,False,0.88,False,1.65,185.87,-4.94,1.0,177.5,-9.22,2.0,212.26,8.56,3.0,1.4,242.79,24.18,2.0,3.95,Credo Technology Group Holding Ltd,Technology,Semiconductors,36212695040,74.10385,19.852919,,13.259238,22.76032,2.6,,0.33833,0.25198,0.30674,1.147,248290880.0,0.96,7.399,0.73623,0.0514,3.228,308.67,86.485,280.098,49.1,Strong Buy,1.32,19,4.0,14.0,1.0,0.0,0.0,1.28,1.26,True,17,2026-11-30,62.0,False,False,,0,0,2026-09-21 Mizuho: main -> Outperform,0,,0,,51,11,120.0,20,0,,,,not fetched for down-trend tickers,,,,,,,,,,,,,,,,,,,,,,,,,,,,,,
CRM,down,WAIT,227.38,227.31,2026-09-28,True,227.52,19:27,0.09,sip,227.05,01:30,-0.11,boats,13,226.3,09:30,-0.44,sip,,,,,-,UPTREND_WEAK,0.79,1.19,False,False,46,,,,,,,,"trend intact, but price is not at a level/MA and there is no fresh breakout",,2,True,False,True,False,227.38,220.97,True,14.36,17.16,False,False,False,hammer,221.18,256.4,227.38,234.62,False,28.98,27.22,True,True,False,hammer,221.18,260.29,227.38,235.71,False,44.14,41.65,True,True,False,,221.18,240.21,223.43,228.98,5.55,8.13,68.3,220.85,231.56,221.18,217.12,229.81,T1 - nearest resistance,0.24,True,237.98,227.29,True,down,channel sloping down,223.1,low,2026-07-23,True,20,5,9,6,-4,down,2,up,1,223.71,230.76,237.81,-0.52,0.32,26.0,False,S1,1.62,False,1.75,False,2.83,213.17,-6.25,1.0,204.4,-10.11,1.0,229.81,1.07,1.0,0.24,241.75,6.32,1.0,1.4,"Salesforce, Inc.",Technology,Software - Application,187043217408,20.79323,14.198394,0.78,4.873692,4.2569804,10.93,0.75,0.2199,0.21375,0.19381,0.108,17731874816.0,110.417,0.839,0.87477,0.0454,1.202,269.11,146.32,281.0783,66.0,Buy,1.74,53,6.0,32.0,14.0,0.0,2.0,3.45,3.37,True,42,2026-12-02,64.0,False,True,2008-09-15,0,0,2026-09-18 Wells Fargo: main -> Equal-Weight,0,,0,,N/A,0,N/A,0,0,,,,not fetched for down-trend tickers,,,,,,,,,,,,,,,,,,,,,,,,,,,,,,
CRVW,down,WAIT,0.04,0.04,2026-09-21,True,,,,,,,,,0,,,,,,,,,-,DOWNTREND,-8.21,-3.36,False,False,0,,,,,,,,downtrend (below a falling EMA50) - no long setup,,3,True,True,True,False,0.04,0.04,False,34.44,22.81,True,True,False,,0.04,0.04,0.04,0.04,False,34.44,23.04,True,True,False,,0.04,0.05,0.04,0.04,False,34.44,23.33,True,False,False,,0.04,0.05,0.04,0.04,0.0,0.0,,,,0.04,0.04,0.05,T1 - nearest resistance,,False,0.04,0.04,False,down,channel rising but weak fit (R2 0.18 < 0.5),0.04,low,2026-08-27,False,20,4,7,9,-3,down,1,up,1,0.03,0.04,0.04,0.6,0.18,23.0,,,,,,,,,,,,,,0.05,25.0,1.0,,0.05,25.0,5.0,,"CareView Communications, Inc.",Healthcare,Health Information Services,23355230,,,,-0.5333333,2.475157,-0.01,,-0.28941,0.17809999,,0.196,1171321.0,,0.093,0.29683,,-0.661,0.08,0.01,,42.9,None,N/A,N/A,,,,,,N/A,N/A,,N/A,,,False,False,,0,0,,0,,0,,N/A,0,N/A,0,0,,,,not fetched for down-trend tickers,,,,,,,,,,,,,,,,,,,,,,,,,,,,,,
CRWD,down,WAIT,258.95,259.24,2026-09-28,True,259.27,19:59,0.01,sip,259.6,03:49,0.14,boats,217,260.24,09:30,0.39,sip,,,,,-,UPTREND,3.17,4.18,True,True,23,,,,,,,,extended 3.2 ATR above EMA50 with no fresh breakout - wait for a pullback to value,,2,True,False,True,False,258.95,218.82,True,88.1,89.09,False,False,True,,230.85,263.86,258.95,233.79,True,86.63,81.01,True,True,True,,230.85,263.86,258.95,253.04,True,82.38,84.54,False,False,True,,246.51,263.76,255.76,262.12,6.36,12.67,50.2,249.45,268.43,246.51,240.18,263.86,T1 - nearest resistance,0.26,True,259.57,259.3,False,down,channel rising but weak fit (R2 0.42 < 0.5),220.36,low,2026-07-28,True,20,10,4,6,6,mixed,1,down,1,253.13,261.52,269.91,0.68,0.42,35.0,False,S1,0.78,False,0.68,False,2.3,250.32,-3.33,1.0,229.78,-11.26,4.0,263.86,1.9,1.0,0.26,,,,,"CrowdStrike Holdings, Inc.",Technology,Software - Infrastructure,265455108096,8641.667,161.43495,8.07,52.026894,49.19347,0.03,,0.00834,-0.02259,0.01461,0.258,1995385472.0,15.958,1.57,0.76383,0.0277,1.255,263.87,85.68,235.67,97.2,Buy,1.70,50,10.0,30.0,12.0,0.0,1.0,0.31,0.31,True,45,2026-12-01,63.0,False,True,2024-06-24,0,0,2026-09-21 Morgan Stanley: main -> Overweight,0,,0,,55,9,800.0,99,0,,,,not fetched for down-trend tickers,,,,,,,,,,,,,,,,,,,,,,,,,,,,,,
CSCO,filtered,WAIT,106.24,106.79,2026-09-28,True,106.94,19:58,0.14,sip,106.73,03:53,-0.06,boats,23,106.75,09:30,-0.04,sip,,,,,-,DOWNTREND,-1.58,-0.81,False,False,0,,,,,,,,downtrend (below a falling EMA50) - no long setup,,4,True,True,True,True,106.24,110.71,False,26.71,28.29,False,False,False,,104.51,111.49,106.24,109.4,False,30.92,33.64,False,False,False,,104.51,111.49,106.24,107.34,False,28.46,32.6,False,False,False,,105.54,108.64,106.11,107.4,1.29,2.83,45.6,104.57,108.94,105.54,104.12,108.29,T1 - nearest resistance,0.97,True,106.53,106.62,False,down,channel sloping down,106.47,low,2026-09-22,False,20,6,10,4,-4,down,1,up,1,103.25,106.08,108.9,-0.27,0.14,53.0,False,S1,0.79,False,0.61,,,104.51,-1.63,1.0,,,,108.29,1.93,7.0,0.97,112.08,5.5,4.0,2.75,"Cisco Systems, Inc.",Technology,Communication Equipment,420831723520,32.054054,18.98653,0.98,8.376364,6.645586,3.33,1.57,0.20951,0.27719,0.27319,0.176,11182624768.0,62.017,0.931,0.83385,0.0146,0.992,130.37,66.81,137.25,62.0,Buy,1.82,24,5.0,14.0,9.0,0.0,0.0,1.32,1.33,False,23,2026-11-12,44.0,False,True,1993-12-01,0,0,2026-09-22 Piper Sandler: main -> Neutral,0,,0,,N/A,0,N/A,0,0,,,,ticker filtered out,,,,,,,,,,,,,,,,,,,,,,,,,,,,,,
CTAS,down,WAIT,196.72,200.53,2026-09-28,True,200.58,16:41,0.02,sip,,,,,0,200.12,09:30,-0.2,sip,,,,,-,DOWNTREND,-0.24,-0.03,False,True,0,,,,,,,,downtrend (below a falling EMA50) - no long setup,,3,True,True,True,False,196.72,197.74,False,58.86,53.13,True,False,False,,191.09,201.51,196.72,199.39,False,79.13,87.37,False,False,False,,191.09,201.51,196.72,198.59,False,4.87,27.78,False,False,False,,196.48,201.45,196.48,201.26,4.79,4.19,114.3,197.07,200.67,196.48,194.39,198.07,T1 - nearest resistance,0.58,True,197.41,197.72,False,down,channel rising but weak fit (R2 0.24 < 0.5),198.66,low,2026-09-24,False,20,7,11,2,-4,up,2,mixed,1,196.13,199.6,203.07,0.25,0.24,9.0,False,S1,2.16,False,1.34,False,4.88,191.09,-2.86,1.0,176.29,-10.39,1.0,198.07,0.69,6.0,0.58,206.23,4.83,4.0,4.08,Cintas Corporation,Industrials,Specialty Business Services,80135118848,39.406677,32.552654,3.16,15.397251,6.9317317,5.09,1.04,0.17824,0.24098,0.41375,0.109,1623005312.0,52.096,1.454,0.70134,0.0376,0.913,219.17,161.16,218.25,61.3,Buy,2.20,16,2.0,8.0,9.0,1.0,0.0,1.36,1.35,True,9,2026-12-17,79.0,False,True,2001-03-01,0,0,2026-09-24 UBS: main -> Buy,0,,0,,N/A,0,N/A,0,0,,,,not fetched for down-trend tickers,,,,,,,,,,,,,,,,,,,,,,,,,,,,,,
CTVA,down,WAIT,78.24,77.72,2026-09-28,True,77.8,19:50,0.1,sip,,,,,0,77.16,09:30,-0.72,sip,,,,,-,DOWNTREND,-1.51,-0.78,False,False,0,,,,,,,,downtrend (below a falling EMA50) - no long setup,,3,True,True,True,False,78.24,81.73,False,10.72,9.69,True,True,False,piercing_line,76.5,83.34,78.24,81.55,False,19.14,18.02,True,True,False,piercing_line,76.5,85.19,78.24,79.61,False,63.18,49.13,True,True,False,,76.5,79.68,76.5,78.47,1.97,2.31,85.3,76.16,78.81,76.5,75.35,78.59,T1 - nearest resistance,0.12,True,78.29,77.75,True,down,channel sloping down,81.63,low,2026-08-04,False,20,4,9,7,-5,mixed,1,down,2,76.41,78.07,79.73,-0.52,0.5,55.0,False,S1,1.05,False,1.52,,,74.73,-4.49,2.0,,,,78.59,0.45,1.0,0.12,82.1,4.93,5.0,1.34,"Corteva, Inc.",Basic Materials,Agricultural Inputs,51867820032,47.69325,18.849945,1.02,2.0610301,2.9119592,1.63,0.92,0.056649998,0.3013,0.04256,-0.012,2417250048.0,19.191,1.516,0.92111,0.0353,0.577,90.97,60.535,92.6,58.2,Buy,1.76,20,4.0,11.0,6.0,0.0,0.0,-0.38,-0.39,True,16,2026-11-03,35.0,False,True,2019-06-03,0,0,2026-09-18 Argus Research: reit -> Buy,0,,0,,N/A,0,N/A,0,0,,,,not fetched for down-trend tickers,,,,,,,,,,,,,,,,,,,,,,,,,,,,,,
CVLT,down,WATCH,145.27,148.2,2026-09-28,True,148.08,16:30,-0.08,sip,,,,,0,147.5,09:30,-0.47,sip,,,PULLBACK,Pullback in uptrend,C,UPTREND,1.16,1.49,True,True,12,141.1,139.62,151.86,1.17,144.52,2.0,Turning up - close above prior close and daily %K rising; confirmations 2/5 (need 3); R:R 1.17 below 1.5,Turning up - close above prior close and daily %K rising; confirmations 2/5 (need 3); R:R 1.17 below 1.5,SUPPORT_BOUNCE(watch); MA_BOUNCE(watch),0,False,False,False,False,145.27,138.45,True,76.2,82.5,False,False,False,,141.1,151.62,145.27,141.59,True,51.04,49.95,True,False,False,,141.1,151.62,145.27,145.88,False,55.35,60.18,False,False,False,,141.1,151.62,143.96,149.49,5.53,5.89,93.9,143.6,149.85,141.1,139.62,151.86,T1 - nearest resistance >= 1 ATR above,1.17,True,146.25,146.27,False,down,channel rising but weak fit (R2 0.01 < 0.5),137.42,low,2026-07-31,True,20,7,8,5,-1,down,2,up,2,143.47,147.06,150.64,0.06,0.01,25.0,False,S1,0.76,True,0.38,False,1.23,143.03,-1.54,4.0,138.03,-4.98,2.0,151.11,4.02,4.0,1.03,,,,,"Commvault Systems, Inc.",Technology,Software - Application,6137111040,94.92308,23.88183,3.17,117.89809,5.0476184,1.56,,0.05618,0.089499995,0.32773998,0.114,303740256.0,1762.992,2.043,1.10981,0.0955,0.821,196.88,71.75,160.55293,58.8,Buy,1.84,17,0.0,11.0,8.0,0.0,0.0,1.24,1.23,True,18,2026-10-27,28.0,False,False,,0,0,,0,,0,,N/A,0,N/A,0,0,,,,not fetched for down-trend tickers,,True,False,True,False,True,False,False,,,,,,,,,,,,,,,,,,,,,,
CVX,down,WAIT,204.9,206.25,2026-09-28,True,206.35,19:53,0.05,sip,206.55,00:17,0.15,boats,1,203.27,09:30,-1.44,sip,,,,,-,UPTREND_WEAK,0.69,0.4,False,True,56,,,,,,,,"trend intact, but price is not at a level/MA and there is no fresh breakout",,2,True,False,True,False,204.9,201.75,True,25.97,26.45,False,False,False,,200.78,215.27,204.9,206.28,False,47.32,42.93,True,True,False,,200.78,217.78,204.9,206.55,False,38.35,43.78,False,False,False,hammer,202.7,208.25,202.7,205.48,2.78,4.58,60.7,200.9,207.28,202.7,200.41,208.05,T1 - nearest resistance,0.7,True,206.29,204.49,True,down,channel rising but weak fit (R2 0.1 < 0.5),206.14,low,2026-08-07,False,20,10,6,4,4,up,1,down,1,203.56,206.01,208.45,0.1,0.1,28.0,False,S1,0.54,False,0.9,False,1.57,200.78,-2.01,1.0,197.69,-3.52,3.0,208.05,1.54,2.0,0.7,217.78,6.29,1.0,2.87,Chevron Corporation,Energy,Oil & Gas Integrated,404816068608,19.862366,14.598194,0.89,2.1319213,1.9333668,10.4,3.48,0.09834,0.21866,0.12231,0.535,21934000128.0,18.959,1.252,0.71184,0.0106,0.491,217.78,146.49,224.33333,81.9,Buy,1.72,24,6.0,14.0,4.0,1.0,0.0,4.70,4.68,True,19,2026-10-30,31.0,False,True,1957-03-04,0,0,2026-09-28 TD Cowen: main -> Hold,0,,0,,N/A,0,N/A,0,0,,,,not fetched for down-trend tickers,,,,,,,,,,,,,,,,,,,,,,,,,,,,,,
DASH,down,WAIT,183.61,178.41,2026-09-28,True,178.36,19:33,-0.03,sip,,,,,0,180.79,09:30,1.33,sip,,,,,-,DOWNTREND,-2.24,-1.48,False,False,0,,,,,,,,downtrend (below a falling EMA50) - no long setup,,3,True,True,True,False,183.61,199.85,False,21.35,20.62,True,True,False,bullish_harami,178.04,201.49,183.61,199.9,False,12.59,25.5,False,False,False,,178.04,201.49,183.61,188.84,False,33.65,23.36,True,True,False,,178.04,193.67,179.84,184.26,4.42,7.26,60.9,177.0,187.1,178.04,174.41,193.86,T1 - nearest resistance,1.11,True,193.6,182.77,True,down,channel sloping down,206.49,low,2026-07-23,False,20,3,13,4,-10,down,1,up,1,175.98,182.32,188.66,-1.02,0.59,60.0,True,S1,-0.32,True,0.07,False,2.35,183.12,-0.27,2.0,166.58,-9.28,1.0,193.86,5.58,4.0,1.11,200.24,9.06,2.0,1.81,"DoorDash, Inc.",Consumer Cyclical,Internet Retail,77296017408,100.78531,21.904497,1.07,7.7902966,4.864138,1.77,,0.05292,0.03862,0.088870004,0.356,5147500032.0,33.276,1.368,0.958,0.0401,1.788,285.5,143.3,256.2642,28.3,Buy,1.64,43,9.0,26.0,10.0,0.0,0.0,0.82,0.82,True,32,2026-11-04,36.0,False,True,2025-03-24,0,0,2026-09-09 Scotiabank: init -> Sector Outperform,0,,0,,N/A,0,N/A,0,0,,,,not fetched for down-trend tickers,,,,,,,,,,,,,,,,,,,,,,,,,,,,,,
DDOG,up,BUY,264.05,268.73,2026-09-28,True,269.94,19:50,0.45,sip,269.0,02:45,0.1,boats,20,267.51,09:30,-0.45,sip,,,FRESH_BREAKOUT,Fresh breakout,B,UPTREND,2.08,2.13,True,True,7,258.39,252.51,292.72,2.48,,3.0,,,,0,False,False,False,False,264.05,239.57,True,80.09,86.21,False,False,True,,226.83,280.7,264.05,242.45,True,77.14,79.4,False,False,False,,226.83,280.7,264.05,256.41,True,52.29,53.24,False,False,False,,253.8,280.7,259.26,269.44,10.18,11.76,86.6,257.68,271.02,253.8,252.51,292.72,T1 - nearest resistance >= 1 ATR above,2.48,False,271.54,265.09,False,up,channel rising (R2 0.86),239.04,low,2026-09-08,True,20,9,6,5,3,down,1,up,1,265.76,274.12,282.49,1.84,0.86,-10.0,False,S1,1.4,False,1.1,False,2.24,251.08,-4.91,3.0,237.67,-9.99,1.0,269.79,2.17,6.0,0.5,292.72,10.86,1.0,2.48,"Datadog, Inc.",Technology,Software - Application,96483459072,526.8628,90.36581,1.36,22.086142,24.323202,0.51,,0.044770002,0.00666,0.04696,0.356,1051412352.0,29.259,3.205,0.92793,0.0353,1.488,292.72,98.01,286.25696,85.3,Strong Buy,1.50,46,10.0,31.0,3.0,1.0,1.0,0.64,0.64,True,39,2026-11-05,37.0,False,True,2025-07-09,0,0,,0,,0,,N/A,0,N/A,0,1,2026-09-29 10:35,These S&P500 stocks are gapping in today's session,https://finnhub.io/api/news?id=8acb71f6bcd5530d4f16a827ba1bcbbab536ced61d28c2174e86a6b7ca7ad951,,,,,,,,,False,True,False,True,True,True,,,,,,,,,,,,,,,,,
DELL,down,BUY,543.63,543.42,2026-09-28,True,542.61,19:55,-0.15,sip,546.82,03:35,0.63,boats,194,545.54,09:30,0.39,sip,,,PULLBACK,Pullback in uptrend,B,UPTREND,1.75,2.69,True,False,43,530.45,518.77,595.51,2.09,,3.0,,,MA_BOUNCE(BUY),0,False,False,False,False,543.63,489.28,True,49.0,49.27,False,True,False,,530.45,595.51,543.63,526.14,True,21.08,32.3,False,False,False,,530.45,595.51,543.63,551.78,False,23.83,23.8,True,True,False,bullish_harami,531.98,573.8,539.5,551.39,11.89,31.08,38.3,520.31,570.58,531.98,518.77,595.51,T1 - nearest resistance >= 1 ATR above,2.09,False,549.67,545.33,False,down,channel sloping down,495.92,low,2026-07-28,True,20,11,7,2,4,down,1,up,1,518.4,541.55,564.7,-0.66,0.28,54.0,True,S1,0.49,True,0.42,False,1.08,530.45,-2.42,1.0,510.12,-6.16,2.0,573.8,5.55,1.0,1.21,595.51,9.54,1.0,2.09,Dell Technologies Inc.,Technology,Computer Hardware,345519718400,32.796017,18.663584,0.66,-243.69058,2.2852285,16.57,0.45,0.07525,0.12020001,,0.577,6033375232.0,,0.962,0.78024,0.0468,1.409,595.51,110.22,577.36,89.3,Buy,1.83,25,6.0,14.0,9.0,0.0,0.0,6.56,4.39,True,24,2026-11-27,59.0,False,True,2024-09-23,0,0,2026-09-21 Morgan Stanley: main -> Equal-Weight,0,,0,,68,7,600.0,9,0,,,,not fetched for down-trend tickers,,True,True,True,False,True,True,False,,,,,,,,,,,,,,,,,,,,,,
DGX,down,WATCH,234.35,237.61,2026-09-28,True,237.62,16:41,0.0,sip,,,,,0,236.16,09:30,-0.61,sip,,,SUPPORT_BOUNCE,Support bounce,C,UPTREND_WEAK,0.15,0.2,False,True,4,233.34,229.6,247.34,2.73,,0.0,Rejection - closed back above the test bar / upper half of range; confirmations 0/5 (need 3),Rejection - closed back above the test bar / upper half of range; confirmations 0/5 (need 3),,0,False,False,False,False,234.35,233.48,True,40.85,40.62,True,False,False,,227.24,248.84,234.35,238.13,False,39.83,41.49,False,False,False,,227.24,248.84,234.35,237.62,False,24.18,46.29,False,False,False,,233.81,238.24,234.26,237.62,3.36,5.94,56.6,231.68,240.2,233.81,229.6,247.34,T1 - nearest resistance >= 1 ATR above,2.73,False,236.1,235.44,False,down,channel sloping down,235.5,low,2026-07-21,False,20,5,6,9,-1,down,1,up,1,227.04,234.07,241.1,-0.39,0.22,52.0,True,S1,0.47,True,0.17,False,3.36,233.34,-0.43,10.0,214.4,-8.51,1.0,247.34,5.54,3.0,2.73,,,,,Quest Diagnostics Incorporated,Healthcare,Diagnostics & Research,26226917376,25.225052,19.706894,1.54,3.4776878,2.2687645,9.41,1.46,0.09187,0.15248,0.14602,0.102,909625024.0,81.074,1.591,0.98923,0.0327,0.549,248.84,171.18,247.73334,81.3,Buy,2.12,15,2.0,7.0,7.0,0.0,1.0,2.86,2.86,True,13,2026-10-22,23.0,False,True,2002-12-12,0,0,2026-09-21 Truist Securities: main -> Hold,0,,0,,N/A,0,N/A,0,0,,,,not fetched for down-trend tickers,,,,,,,False,False,,,,,,True,False,False,False,False,,,,,,,,,,,,
DHR,up,WAIT,223.95,227.48,2026-09-28,True,226.6,19:43,-0.39,sip,225.93,03:41,-0.68,boats,3,226.49,09:30,-0.44,sip,,,,,-,UPTREND_WEAK,2.87,1.73,False,False,12,,,,,,,,extended 2.9 ATR above EMA50 with no fresh breakout - wait for a pullback to value,,3,True,False,True,True,223.95,208.32,True,91.44,92.04,False,False,True,,206.68,228.38,223.95,213.57,True,90.09,92.2,False,False,True,,206.68,228.38,223.95,221.0,True,34.53,53.16,False,False,False,,221.6,228.38,223.51,227.65,4.14,5.44,76.1,222.21,228.95,221.6,218.88,231.55,1.5R - no resistance above,1.5,False,221.06,224.74,False,up,channel rising (R2 0.8),200.89,low,2026-07-21,True,20,7,8,5,-1,up,1,mixed,2,224.25,227.78,231.3,0.76,0.8,-4.0,False,S1,1.26,False,0.8,False,2.47,219.62,-1.93,2.0,210.5,-6.01,3.0,,,,,,,,,Danaher Corporation,Healthcare,Diagnostics & Research,159809814528,40.02289,24.447136,1.34,3.0389273,6.36515,5.68,0.71,0.15948,0.19777,0.07605,0.055,4325125120.0,52.97,1.651,0.84404,0.013300001,0.808,242.8,160.93,230.8261,77.0,Strong Buy,1.50,23,5.0,17.0,4.0,0.0,0.0,1.91,1.92,False,21,2026-10-21,22.0,False,True,1998-11-18,0,0,,0,,3,"TDM Reagent Kit Market Forecasts Growth from $2.87B (2026) to $6.96B by 2032, Profiling Abbott, Roche, Danaher, Siemens Healthineers & Thermo Fisher",N/A,0,N/A,0,0,,,,,,,,,,,,,,,,,,,,,,,,,,,,,,,,,,
DOCN,down,WATCH,140.44,136.26,2026-09-28,True,136.29,16:05,0.02,sip,,,,,0,137.76,09:30,1.1,sip,,,PULLBACK,Pullback in uptrend,C,UPTREND,1.25,1.95,True,True,9,133.0,130.64,155.13,1.5,140.44,2.0,Turning up - close above prior close and daily %K rising; confirmations 2/5 (need 3),Turning up - close above prior close and daily %K rising; confirmations 2/5 (need 3),MA_BOUNCE(watch),0,False,False,False,False,140.44,128.64,True,65.41,68.98,False,False,False,,118.01,151.83,140.44,130.09,True,43.89,46.17,False,True,False,,114.33,151.83,140.44,138.0,True,80.01,61.94,True,True,True,,133.0,146.48,136.81,143.06,6.25,9.43,66.3,133.63,146.24,133.0,130.64,155.13,T1 - nearest resistance >= 1 ATR above,1.5,False,141.57,140.9,False,down,channel sloping down,131.07,low,2026-09-03,True,20,8,7,5,1,down,1,up,1,132.14,136.76,141.38,-1.12,0.64,90.0,True,S1,0.03,True,0.32,False,2.93,137.45,-2.13,3.0,112.81,-19.67,8.0,148.25,5.56,3.0,0.8,,,,,"DigitalOcean Holdings, Inc.",Technology,Software - Infrastructure,16024915968,63.68691,74.00509,1.54,15.375675,15.758281,2.14,,0.23265,0.104449995,0.62273,0.286,-23832624.0,212.506,1.311,0.82566,0.0921,1.57,187.5,33.685,175.2,69.4,Buy,1.53,15,3.0,11.0,3.0,0.0,0.0,0.32,0.28,True,17,2026-11-04,36.0,False,False,,0,0,,0,,0,,N/A,0,N/A,0,0,,,,not fetched for down-trend tickers,,True,False,True,False,True,False,False,,,,,,,,,,,,,,,,,,,,,,
DT,down,WAIT,57.15,57.84,2026-09-28,True,57.84,16:04,0.0,sip,57.8,20:36,-0.07,boats,9,57.5,09:30,-0.59,sip,,,,,-,UPTREND_WEAK,3.26,2.93,False,True,46,,,,,,,,extended 3.3 ATR above EMA50 with no fresh breakout - wait for a pullback to value,,2,True,False,True,False,57.15,51.38,True,81.73,86.29,False,False,True,,54.36,59.41,57.15,54.2,True,57.4,62.72,False,False,False,,54.36,59.41,57.15,57.17,False,54.76,57.61,False,False,False,,55.64,59.27,56.76,58.06,1.3,1.77,73.4,56.29,58.53,55.64,54.75,59.41,T1 - nearest resistance,0.94,True,57.0,57.32,False,down,channel rising but weak fit (R2 0.2 < 0.5),51.35,low,2026-07-23,True,20,12,5,3,7,down,1,mixed,1,56.53,58.43,60.34,0.4,0.2,16.0,False,S1,1.51,False,1.31,False,2.19,54.83,-4.06,1.0,53.28,-6.77,1.0,59.41,3.95,1.0,0.94,,,,,"Dynatrace, Inc.",Technology,Software - Application,16786837504,115.68,25.185493,1.18,6.8522687,7.9767103,0.5,,0.072230004,0.12889,0.058790002,0.162,546524224.0,6.499,1.208,1.08075,0.0509,0.741,59.41,31.635,59.70588,91.9,Buy,1.75,34,6.0,20.0,9.0,0.0,1.0,0.49,0.49,True,34,2026-11-04,36.0,False,False,,1,0,2026-09-24 Oppenheimer: main -> Outperform,0,,0,,N/A,0,N/A,0,0,,,,not fetched for down-trend tickers,,,,,,,,,,,,,,,,,,,,,,,,,,,,,,
ECL,up,WATCH,277.91,280.31,2026-09-28,True,280.23,16:00,-0.03,sip,,,,,0,279.17,09:30,-0.41,sip,,,FRESH_BREAKOUT,Fresh breakout,C,EARLY_UPTREND,0.22,0.1,True,True,3,277.5,274.01,284.82,1.77,,3.0,Volume >= 1.5x average (best of live/last 3 bars: 0.9x),Volume >= 1.5x average (best of live/last 3 bars: 0.9x),SUPPORT_BOUNCE(watch); MA_RECLAIM(watch),1,False,False,False,True,277.91,276.82,True,86.79,79.47,True,True,True,,267.83,281.27,277.91,277.04,True,84.04,88.55,False,False,True,,267.83,281.27,277.91,276.78,True,43.79,62.96,False,False,False,,273.14,281.27,277.23,280.82,3.59,4.87,73.7,275.95,282.1,273.14,274.01,284.82,T1 - nearest resistance >= 1 ATR above,1.77,False,279.79,278.68,False,up,channel rising (R2 0.78),279.05,low,2026-07-23,False,20,6,8,6,-2,up,1,mixed,1,277.81,280.8,283.78,0.5,0.78,2.0,True,S1,0.34,True,0.08,False,0.99,277.5,-0.15,4.0,273.09,-1.73,3.0,281.2,1.18,1.0,0.84,285.68,2.8,1.0,1.99,Ecolab Inc.,Basic Materials,Specialty Chemicals,78556487680,37.564346,29.778091,2.52,7.8123784,4.664182,7.46,1.04,0.12566,0.18521999,0.21956,0.097,1474824960.0,138.023,1.841,0.94217,0.0214,0.89,309.27,243.15,324.9524,52.6,Buy,1.54,21,5.0,15.0,4.0,0.0,0.0,2.17,2.18,False,18,2026-10-27,28.0,False,True,1989-01-31,0,0,,0,,1,"Global Sanitizer Aerosol Spray Market Forecast, 2026–2032 - Routine Hygiene, Sustainable Packaging and AI Innovation Drive 8.54% CAGR Toward USD 4.12 Billion, with 3M, Ecolab, Reckitt and Clorox Profiled",N/A,0,N/A,0,0,,,,,,,,,,,,False,False,False,True,True,True,,,,,,,,,,,,,,,,,
EMR,up,WAIT,156.82,159.41,2026-09-28,True,159.39,16:04,-0.01,sip,159.38,02:26,-0.02,boats,3,160.17,09:30,0.48,sip,,,,,-,UPTREND_WEAK,1.35,0.77,False,False,7,,,,,,,,"trend intact, but price is not at a level/MA and there is no fresh breakout",,3,True,False,True,True,156.82,151.8,True,87.4,91.03,False,False,True,,144.4,160.29,156.82,153.19,True,86.09,89.57,False,False,True,,144.4,160.29,156.82,155.43,True,11.34,33.44,False,False,False,bullish_harami,154.38,160.29,156.24,160.29,4.05,3.71,109.2,156.58,159.95,154.38,152.52,159.82,T1 - nearest resistance,0.7,True,154.67,157.23,False,up,channel rising (R2 0.81),153.57,low,2026-07-21,True,20,10,8,2,2,mixed,1,up,1,157.39,159.64,161.89,0.73,0.81,-13.0,False,S1,1.61,False,0.7,False,1.27,154.21,-1.66,3.0,152.09,-3.02,1.0,159.82,1.91,1.0,0.7,165.61,5.61,2.0,2.04,Emerson Electric Co.,Industrials,Specialty Industrial Machinery,88907743232,34.574837,21.950462,1.82,4.362666,4.790424,4.61,1.4,0.13828,0.26924,0.128,0.07,3706249984.0,67.677,0.896,0.84082,0.0150999995,1.233,166.35,122.64,173.49963,78.2,Buy,1.90,28,4.0,16.0,8.0,1.0,1.0,1.84,1.85,False,21,2026-11-04,36.0,False,True,1965-03-31,0,0,2026-09-25 Wells Fargo: init -> Overweight,0,,0,,N/A,0,N/A,0,1,2026-09-29 08:30,Wall Street Analysts Look Bullish on Emerson Electric (EMR): Should You Buy?,https://finnhub.io/api/news?id=8010fb85caef79bfb452a5578edb2ccaaddc8426b46d920452c974563b153341,,,,,,,,,,,,,,,,,,,,,,,,,,,,,,,
ENTG,up,WATCH,155.23,150.69,2026-09-28,True,148.25,19:27,-1.62,sip,149.6,01:18,-0.72,boats,4,152.6,09:30,1.27,sip,,,FRESH_BREAKOUT,Fresh breakout,C,UPTREND,1.98,1.45,True,False,8,152.33,149.09,167.1,1.93,,4.0,Volume >= 1.5x average (best of live/last 3 bars: 1.4x),Volume >= 1.5x average (best of live/last 3 bars: 1.4x),,0,False,False,False,False,155.23,142.39,True,92.75,91.15,True,True,True,,127.52,156.62,155.23,142.69,True,86.59,87.43,False,True,True,,126.96,156.62,155.23,147.44,True,91.91,84.07,True,True,True,,145.01,156.62,152.6,156.62,4.02,6.49,61.9,150.13,159.09,145.01,149.09,167.1,T1 - nearest resistance >= 1 ATR above,1.93,False,150.53,155.49,False,up,channel rising (R2 0.54),139.1,low,2026-07-29,True,20,10,9,1,1,down,1,up,1,148.16,153.14,158.12,0.87,0.54,71.0,True,S1,-0.06,True,0.35,False,1.25,152.99,-1.44,1.0,147.12,-5.22,1.0,166.2,7.07,1.0,1.79,,,,,"Entegris, Inc.",Technology,Semiconductor Equipment & Materials,23016265728,75.69347,30.031942,1.32,5.5342054,6.897252,1.99,0.26,0.091850005,0.19271,0.07671,0.115,477787488.0,85.655,3.049,1.10764,0.0671,1.364,186.94,67.97,173.36365,73.3,None,N/A,11,1.0,8.0,2.0,1.0,0.0,1.02,1.02,True,11,2026-11-04,36.0,False,False,,0,0,,0,,0,,N/A,0,N/A,0,0,,,,,,,,,,,,False,False,True,True,True,True,,,,,,,,,,,,,,,,,
EOG,down,WAIT,139.92,140.64,2026-09-28,True,140.63,16:13,-0.01,sip,,,,,0,138.63,09:30,-1.43,sip,,,,,-,DOWNTREND,-0.88,-0.34,False,False,0,,,,,,,,downtrend (below a falling EMA50) - no long setup,,3,True,True,True,False,139.92,143.3,False,15.09,19.23,False,False,False,,137.4,150.96,139.92,144.08,False,36.25,34.08,True,True,False,,137.4,154.16,139.92,142.04,False,50.6,44.57,True,True,False,hammer,137.4,143.24,137.4,140.26,2.86,3.82,74.9,136.44,141.22,137.4,135.49,143.48,T1 - nearest resistance,0.8,True,140.41,139.6,True,down,channel sloping down,145.29,low,2026-08-07,False,20,9,7,4,2,up,1,down,1,138.89,140.92,142.94,-0.08,0.05,25.0,True,S1,-0.22,True,0.12,False,1.62,139.48,-0.31,4.0,133.74,-4.42,3.0,143.48,2.54,5.0,0.8,148.68,6.26,3.0,1.98,"EOG Resources, Inc.",Energy,Oil & Gas E&P,73764544512,10.918479,9.424732,1.32,2.3192494,2.8031719,12.88,2.91,0.25733,0.40717998,0.22507,0.587,4478750208.0,25.891,1.851,0.98139,0.033,0.272,154.16,101.59,162.0,72.9,Buy,2.34,28,1.0,10.0,21.0,0.0,0.0,4.07,3.99,True,24,2026-11-05,37.0,False,True,2000-11-02,0,0,2026-09-17 Raymond James: main -> Strong Buy,0,,0,,N/A,0,N/A,0,0,,,,not fetched for down-trend tickers,,,,,,,,,,,,,,,,,,,,,,,,,,,,,,
ESTC,down,WAIT,88.41,87.95,2026-09-28,True,87.93,17:10,-0.02,sip,,,,,0,88.0,09:30,0.06,sip,,,,,-,UPTREND_WEAK,1.97,2.21,False,False,47,,,,,,,,"trend intact, but price is not at a level/MA and there is no fresh breakout",,2,True,False,True,False,88.41,81.39,True,57.21,59.58,False,False,False,,83.65,92.64,88.41,86.66,True,45.47,47.63,False,False,False,bullish_engulfing,83.65,92.64,88.41,88.8,False,71.1,59.16,True,True,False,,84.62,92.64,86.72,89.09,2.37,3.56,66.6,85.53,90.28,84.62,82.84,92.64,T1 - nearest resistance,0.76,True,88.07,88.36,True,down,channel sloping down,84.4,low,2026-07-23,True,20,8,9,3,-1,down,1,mixed,2,86.85,88.91,90.97,-0.14,0.06,38.0,True,S1,-0.11,True,0.01,False,1.76,88.38,-0.03,3.0,82.15,-7.08,1.0,92.64,4.78,1.0,0.76,108.0,22.16,1.0,3.52,Elastic N.V.,Technology,Software - Application,9232933888,25.197708,22.234808,1.37,7.1281514,5.123271,3.49,,0.20844,-0.00606,0.33122003,0.151,504316864.0,45.94,1.81,0.89198995,0.045900002,1.037,108.0,42.05,110.69231,70.3,Buy,1.93,26,4.0,14.0,12.0,0.0,0.0,0.81,0.80,True,28,2026-11-19,51.0,False,False,,0,0,2026-09-23 Cantor Fitzgerald: reit -> Neutral,0,,0,,N/A,0,N/A,0,0,,,,not fetched for down-trend tickers,,,,,,,,,,,,,,,,,,,,,,,,,,,,,,
ETSY,down,WAIT,69.27,68.94,2026-09-28,True,68.92,16:00,-0.03,sip,,,,,0,69.11,09:30,0.25,sip,,,,,-,DOWNTREND,-2.32,-1.75,False,False,0,,,,,,,,downtrend (below a falling EMA50) - no long setup,,3,True,True,True,False,69.27,75.9,False,22.08,17.23,True,True,False,,66.21,75.98,69.27,74.54,False,29.55,24.88,True,True,False,,66.21,75.98,69.27,70.85,False,64.39,60.64,True,True,False,,66.21,71.3,68.68,69.96,1.28,2.85,44.9,67.11,71.53,66.21,64.78,69.99,T1 - nearest resistance,0.16,True,68.85,69.4,False,down,channel sloping down,68.87,low,2026-09-28,True,20,6,10,4,-4,down,1,mixed,1,65.75,68.26,70.76,-1.22,0.64,70.0,,,,,,,,,,,,,,69.99,1.04,1.0,0.16,77.36,11.68,6.0,1.8,"Etsy, Inc.",Consumer Cyclical,Internet Retail,6325597696,21.672955,9.999869,0.72,-4.5633316,2.1502795,3.18,,0.07114,0.18744,,0.062,169665376.0,,1.476,1.26324,0.1314,1.813,87.974,44.0,88.18519,57.5,Buy,2.43,27,3.0,8.0,18.0,1.0,0.0,0.76,0.75,True,24,2026-11-04,36.0,False,False,,2,0,2026-09-18 BTIG: up -> Buy,0,,0,,N/A,0,N/A,0,0,,,,not fetched for down-trend tickers,,,,,,,,,,,,,,,,,,,,,,,,,,,,,,
EXEL,down,WATCH,57.87,58.36,2026-09-28,True,58.36,18:12,0.0,sip,,,,,0,58.17,09:30,-0.33,sip,,,MA_BOUNCE,MA bounce,C,UPTREND,1.22,0.77,True,False,29,57.27,56.06,61.47,2.0,,2.0,Rejection - closed back above the test bar / upper half of range; confirmations 2/5 (need 3),Rejection - closed back above the test bar / upper half of range; confirmations 2/5 (need 3),PULLBACK(watch),0,False,False,False,False,57.87,55.9,True,76.61,71.51,True,True,False,,56.26,59.15,57.87,56.95,True,65.9,67.12,False,False,False,,56.04,59.15,57.87,57.78,True,24.06,40.48,False,False,False,,57.2,58.75,57.53,58.75,1.22,1.61,75.8,57.14,59.14,57.2,56.06,61.47,2R - no resistance above,2.0,False,58.21,57.89,False,down,channel rising but weak fit (R2 0.11 < 0.5),56.14,low,2026-08-13,True,20,9,6,5,3,mixed,1,up,1,56.86,58.09,59.31,0.19,0.11,41.0,False,S1,0.89,False,0.7,False,2.41,56.74,-1.95,5.0,53.99,-6.7,5.0,59.43,2.7,2.0,0.86,,,,,"Exelixis, Inc.",Healthcare,Biotechnology,14463016960,18.297806,13.698952,2.56,7.8793197,5.9373946,3.19,,0.35331002,0.39513,0.44393003,0.106,739715136.0,8.999,3.456,1.06886,0.1456,0.422,59.72,33.76,53.6875,92.9,Buy,2.37,16,1.0,6.0,11.0,0.0,1.0,0.91,0.91,True,10,2026-10-27,28.0,False,False,,0,0,,0,,0,,N/A,0,N/A,0,0,,,,not fetched for down-trend tickers,,,,,,,False,False,,,,,True,,False,,False,,,,,,,,,True,True,,True,
EXLS,down,WATCH,34.42,34.61,2026-09-28,True,34.6,16:41,-0.03,sip,,,,,0,34.26,09:30,-1.01,sip,,,SUPPORT_BOUNCE,Support bounce,C,CORRECTION,-0.01,0.21,True,False,0,34.19,33.75,35.4,1.49,34.41,1.0,Rejection - closed back above the test bar / upper half of range; confirmations 1/5 (need 3); R:R 1.49 below 1.5,Rejection - closed back above the test bar / upper half of range; confirmations 1/5 (need 3); R:R 1.49 below 1.5,,0,False,False,False,False,34.42,34.42,False,15.56,19.82,False,False,False,,34.05,36.09,34.42,35.36,False,21.77,20.24,True,True,False,,34.05,36.67,34.42,34.95,False,37.52,37.35,True,False,False,,34.05,35.33,34.05,34.84,0.79,0.83,95.2,34.01,34.88,34.05,33.75,35.4,T1 - nearest resistance >= 1 ATR above,1.49,True,35.23,34.44,False,down,channel sloping down,35.09,low,2026-07-23,False,20,3,12,5,-9,down,2,mixed,3,34.12,34.5,34.88,-0.37,0.65,39.0,True,S1,0.08,True,0.28,False,1.31,34.19,-0.67,2.0,33.33,-3.17,1.0,34.75,0.96,1.0,0.49,35.4,2.85,1.0,1.46,"ExlService Holdings, Inc.",Technology,Information Technology Services,5245792256,22.038216,13.322963,0.9,6.0606055,2.3627837,1.57,,0.11174,0.14609,0.25944,0.156,262332752.0,56.585,1.244,1.04146,0.075100005,0.81,44.15,24.85,44.625,49.6,None,N/A,8,3.0,6.0,0.0,0.0,0.0,0.56,0.56,True,8,2026-10-27,28.0,False,False,,0,0,,0,,0,,N/A,0,N/A,0,0,,,,not fetched for down-trend tickers,,,,,,,False,False,,,,,,True,False,True,False,False,,,,,,,,,,,,
EXPE,down,WAIT,256.92,264.38,2026-09-28,True,264.99,16:47,0.23,sip,,,,,0,258.94,09:30,-2.06,sip,,,,,-,DOWNTREND,-2.45,-1.88,False,False,0,,,,,,,,downtrend (below a falling EMA50) - no long setup,,3,True,True,True,False,256.92,285.96,False,14.83,14.32,True,False,False,,255.07,292.39,256.92,284.29,False,18.82,22.74,False,False,False,,255.07,294.69,256.92,267.9,False,13.27,29.34,False,False,False,,255.07,269.26,255.07,264.85,9.78,11.84,82.6,253.01,266.91,255.07,249.15,273.85,T1 - nearest resistance,2.18,False,263.7,258.49,False,down,channel sloping down,293.47,low,2026-07-23,False,20,4,9,7,-5,down,1,up,1,246.91,257.84,268.76,-1.0,0.48,46.0,True,S1,0.2,True,0.03,,,256.54,-0.15,5.0,,,,273.85,6.59,2.0,2.18,294.69,14.7,1.0,4.86,"Expedia Group, Inc.",Consumer Cyclical,Travel Services,31713435648,16.607794,10.799904,0.69,26.226305,2.019918,15.91,0.73,0.12968001,0.1898,0.89489,0.14,3434374912.0,230.271,0.801,1.08673,0.0675,1.25,342.0,185.34,338.83334,45.7,Buy,2.18,36,0.0,17.0,21.0,1.0,0.0,8.84,8.68,True,26,2026-11-05,37.0,False,True,2007-10-02,0,0,2026-09-01 Rosenblatt: init -> Neutral,0,,0,,N/A,0,N/A,0,0,,,,not fetched for down-trend tickers,,,,,,,,,,,,,,,,,,,,,,,,,,,,,,
FCX,down,WAIT,70.5,71.92,2026-09-28,True,71.88,19:00,-0.06,sip,72.18,03:15,0.36,boats,24,71.95,09:30,0.04,sip,,,,,-,UPTREND_WEAK,0.09,0.5,False,False,9,,,,,,,,"trend intact, but price is not at a level/MA and there is no fresh breakout",,2,True,False,True,False,70.5,70.27,True,44.62,44.9,False,True,False,,67.8,74.9,70.5,71.83,False,37.88,44.7,False,False,False,,67.8,74.9,70.5,71.92,False,38.7,53.83,False,False,False,,69.46,72.87,70.31,72.27,1.96,2.65,74.0,69.62,72.96,69.46,68.14,71.07,T1 - nearest resistance,0.24,True,72.13,71.12,False,down,channel sloping down,71.39,low,2026-07-29,False,20,8,8,4,0,down,1,up,1,70.11,71.71,73.3,-0.23,0.15,12.0,False,S1,1.86,False,1.32,False,1.89,67.01,-4.95,1.0,65.5,-7.09,2.0,71.07,0.81,3.0,0.24,74.9,6.24,1.0,1.86,Freeport-McMoRan Inc.,Basic Materials,Copper,103335821312,35.448277,17.371405,4.52,5.138899,3.9947357,2.03,0.83,0.113850005,0.33404,0.14755,-0.073,2159249920.0,32.149,2.066,0.89401,0.024,1.401,80.24,36.05,72.77273,78.0,Buy,1.78,22,6.0,12.0,4.0,1.0,0.0,0.74,0.73,True,12,2026-10-22,23.0,False,True,2011-07-01,0,0,2026-09-16 RBC Capital: main -> Sector Perform,0,,0,,N/A,0,N/A,0,0,,,,not fetched for down-trend tickers,,,,,,,,,,,,,,,,,,,,,,,,,,,,,,
FIGS,down,WATCH,13.76,13.61,2026-09-28,True,13.23,19:31,-2.79,sip,13.6,01:31,-0.07,boats,3,13.89,09:30,2.06,sip,,,MA_RECLAIM,MA reclaim (early trend),C,EARLY_UPTREND,0.86,-0.15,False,False,3,13.18,12.34,14.53,0.55,13.22,4.0,R:R 0.55 below 1.5,R:R 0.55 below 1.5,FRESH_BREAKOUT(watch),0,False,False,False,False,13.76,13.18,True,72.04,51.07,True,True,False,,11.81,14.26,13.76,13.39,True,87.83,91.71,False,False,True,,11.81,14.26,13.76,13.15,True,59.28,68.38,False,False,False,,12.22,14.26,13.6,14.26,0.66,0.68,97.1,13.58,14.28,12.22,12.34,14.53,T1 - nearest resistance >= 1 ATR above,0.55,True,13.06,13.79,False,down,channel rising but weak fit (R2 0.19 < 0.5),13.11,low,2026-07-23,True,20,5,9,6,-4,up,2,down,2,12.35,13.36,14.37,0.91,0.19,70.0,True,S1,0.41,True,0.22,False,1.5,13.61,-1.09,3.0,12.74,-7.41,2.0,14.32,4.07,2.0,0.39,14.87,8.07,1.0,0.78,"FIGS, Inc.",Consumer Cyclical,Apparel Manufacturing,2262830080,40.058823,36.8357,,5.103035,3.1867344,0.34,,0.0872,0.17934,0.14762,0.288,78624496.0,13.036,4.956,0.99942,0.18129998,1.072,17.48,6.575,18.625,65.9,Buy,2.00,8,1.0,4.0,4.0,0.0,0.0,0.07,0.07,True,6,2026-11-05,37.0,False,False,,0,0,,0,,0,,N/A,0,N/A,0,0,,,,not fetched for down-trend tickers,,,,,,,,,,,,,,,,,,,True,True,True,False,True,True,True,,,,,
FIVE,down,WAIT,222.07,228.07,2026-09-28,True,228.05,16:36,-0.01,sip,,,,,0,225.22,09:30,-1.25,sip,,,,,-,DOWNTREND,-0.94,-0.62,False,False,0,,,,,,,,downtrend (below a falling EMA50) - no long setup,,3,True,True,True,False,222.07,230.95,False,19.91,19.04,True,True,False,,216.67,242.4,222.07,235.56,False,36.88,36.25,True,False,False,,216.67,242.4,222.07,229.25,False,27.43,48.6,False,False,False,,217.06,230.49,221.53,227.24,5.71,9.43,60.6,217.81,230.96,217.06,212.34,223.0,T1 - nearest resistance,0.1,True,226.19,223.15,False,down,channel sloping down,236.77,low,2026-07-23,False,20,4,5,11,-1,up,1,down,1,212.97,221.17,229.38,-1.04,0.56,55.0,False,S1,0.91,False,0.57,False,1.15,216.67,-2.43,1.0,211.26,-4.87,1.0,223.0,0.42,1.0,0.1,241.57,8.78,9.0,2.0,"Five Below, Inc.",Consumer Cyclical,Specialty Retail,12552320000,19.947506,20.609238,0.98,5.0694833,2.3621814,11.43,,0.11652,0.08859,0.28250998,0.229,367360512.0,82.332,2.222,1.03062,0.044899996,0.989,263.88,137.77,310.9524,66.8,Buy,1.72,21,2.0,15.0,8.0,0.0,0.0,1.14,0.85,True,22,2026-12-02,64.0,False,False,,0,0,2026-09-04 Goldman Sachs: main -> Buy,0,,0,,N/A,0,N/A,0,0,,,,not fetched for down-trend tickers,,,,,,,,,,,,,,,,,,,,,,,,,,,,,,
FIVN,down,WATCH,34.06,34.66,2026-09-28,True,34.8,19:15,0.4,sip,34.46,21:20,-0.58,boats,1,34.64,09:30,-0.06,sip,,,PULLBACK,Pullback in uptrend,C,UPTREND,1.14,2.9,True,True,47,33.82,32.38,40.0,3.54,,2.0,Turning up - close above prior close and daily %K rising; confirmations 2/5 (need 3),Turning up - close above prior close and daily %K rising; confirmations 2/5 (need 3),,0,False,False,False,False,34.06,31.66,True,47.85,57.04,False,False,False,,32.14,40.0,34.06,33.83,True,29.26,37.15,False,False,False,,32.14,40.0,34.06,35.57,False,10.33,15.68,False,False,False,,33.82,37.79,33.82,34.76,0.94,2.1,44.8,32.66,35.92,33.82,32.38,40.0,T1 - nearest resistance >= 1 ATR above,3.54,False,36.91,34.22,False,down,channel sloping down,31.47,low,2026-07-23,True,20,9,9,2,0,down,3,up,3,32.89,35.42,37.96,-0.94,0.22,23.0,False,S1,1.79,False,1.51,False,3.47,30.89,-9.31,6.0,26.78,-21.37,3.0,34.38,0.94,6.0,0.19,40.0,17.44,1.0,3.54,"Five9, Inc.",Technology,Software - Infrastructure,2589917440,52.51515,9.029145,0.27,3.3000095,2.151314,0.66,,0.049390003,0.033210002,0.079169996,0.103,260481504.0,107.449,4.149,1.10488,0.118,1.487,40.0,13.29,35.8,77.8,Buy,1.71,20,3.0,12.0,6.0,0.0,0.0,0.80,0.80,True,21,2026-11-09,41.0,False,False,,0,0,2026-09-21 Cantor Fitzgerald: main -> Overweight,0,,0,,N/A,0,N/A,0,0,,,,not fetched for down-trend tickers,,True,False,True,False,True,False,False,,,,,,,,,,,,,,,,,,,,,,
FLS,down,WAIT,73.74,74.08,2026-09-28,True,74.09,16:41,0.01,sip,,,,,0,73.94,09:30,-0.19,sip,,,,,-,DOWNTREND,-0.8,-0.23,True,False,0,,,,,,,,downtrend (below a falling EMA50) - no long setup,,3,True,True,True,False,73.74,75.69,False,58.05,65.25,False,False,False,,71.43,77.77,73.74,75.48,False,19.62,25.62,False,False,False,,70.68,77.77,73.74,74.84,False,21.57,23.35,False,False,False,piercing_line,72.98,77.08,73.46,74.67,1.21,2.44,49.6,72.23,75.9,72.98,71.76,76.08,T1 - nearest resistance,1.18,True,75.9,73.83,False,down,channel sloping down,76.02,low,2026-07-21,False,20,8,7,5,1,mixed,2,down,1,72.52,74.66,76.81,-0.28,0.13,28.0,True,S1,0.39,True,0.31,False,0.96,72.98,-1.03,1.0,71.39,-3.19,1.0,76.08,3.17,2.0,1.18,78.66,6.67,3.0,2.48,Flowserve Corporation,Industrials,Specialty Industrial Machinery,9417785344,25.81533,15.936587,1.58,4.1726737,2.0433924,2.87,1.19,0.08012,0.13919,0.16936001,-0.016,428336256.0,99.608,2.153,1.1600701,0.062800005,1.262,92.41,48.71,89.1,57.3,Buy,1.82,10,1.0,6.0,4.0,0.0,0.0,0.99,0.99,True,11,2026-10-27,28.0,False,False,,0,0,,0,,0,,N/A,0,N/A,0,0,,,,not fetched for down-trend tickers,,,,,,,,,,,,,,,,,,,,,,,,,,,,,,
FLYW,down,WAIT,17.32,17.32,2026-09-28,True,17.3,16:00,-0.12,sip,,,,,0,17.19,09:30,-0.75,sip,,,,,-,DOWNTREND,-0.61,-0.51,False,False,0,,,,,,,,downtrend (below a falling EMA50) - no long setup,,3,True,True,True,False,17.32,17.62,False,38.38,31.23,True,True,False,,16.67,18.06,17.32,17.71,False,63.22,56.89,True,True,False,,16.67,18.06,17.32,17.31,True,65.48,65.82,False,False,False,bullish_harami,16.84,17.58,17.16,17.45,0.3,0.49,61.2,16.96,17.65,16.84,16.59,18.41,T1 - nearest resistance,1.49,True,17.28,17.34,False,down,channel rising but weak fit (R2 0.08 < 0.5),17.77,low,2026-07-24,False,20,5,11,4,-6,mixed,1,up,1,16.87,17.27,17.68,0.17,0.08,55.0,True,S1,0.0,True,0.27,False,3.47,17.19,-0.75,8.0,15.62,-9.82,2.0,18.41,6.29,2.0,1.49,18.91,9.18,3.0,2.18,Flywire Corporation,Technology,Software - Infrastructure,2104850688,64.074066,12.882759,,2.5763216,2.949879,0.27,,0.0477,-0.01354,0.04231,0.272,167960368.0,0.18,1.524,1.05305,0.1001,1.307,19.73,10.55,21.15385,73.7,Buy,2.07,13,3.0,5.0,6.0,0.0,0.0,0.49,0.49,True,7,2026-11-03,35.0,False,False,,0,0,2026-08-31 RBC Capital: main -> Outperform,0,,0,,N/A,0,N/A,0,0,,,,not fetched for down-trend tickers,,,,,,,,,,,,,,,,,,,,,,,,,,,,,,
FORM,up,WATCH,134.32,131.05,2026-09-28,True,130.5,19:49,-0.42,sip,132.25,20:00,0.92,boats,1,134.81,09:30,2.87,sip,,,FRESH_BREAKOUT,Fresh breakout,C,UPTREND,2.61,2.83,True,True,8,131.48,128.1,146.11,1.9,,2.0,Volume >= 1.5x average (best of live/last 3 bars: 1.3x); confirmations 2/5 (need 3),Volume >= 1.5x average (best of live/last 3 bars: 1.3x); confirmations 2/5 (need 3),,0,False,False,False,False,134.32,116.66,True,92.47,92.78,False,True,True,,103.25,136.53,134.32,117.19,True,88.92,88.11,True,True,True,,100.39,136.53,134.32,125.52,True,82.76,80.41,True,True,True,,124.1,136.53,132.51,136.53,4.02,6.76,59.5,129.77,139.27,124.1,128.1,146.11,T1 - nearest resistance >= 1 ATR above,1.9,False,129.93,134.44,False,up,channel rising (R2 0.75),112.73,low,2026-07-29,True,20,10,7,3,3,down,1,up,1,128.85,133.09,137.33,1.35,0.75,64.0,False,S1,1.86,False,1.79,False,2.75,122.24,-8.99,3.0,115.74,-13.83,3.0,139.73,4.03,1.0,0.87,,,,,"FormFactor, Inc.",Technology,Semiconductor Equipment & Materials,10231472128,89.09524,36.944992,1.39,9.206383,11.3161745,1.47,,0.12798001,0.24122,0.10989001,0.319,114850000.0,2.691,4.078,0.94577,0.0584,1.241,160.27,35.67,138.625,79.2,Buy,2.00,8,0.0,5.0,5.0,0.0,0.0,0.86,0.62,True,7,2026-10-28,29.0,False,False,,0,0,,0,,0,,N/A,0,N/A,0,0,,,,,,,,,,,,False,False,False,False,True,True,,,,,,,,,,,,,,,,,
FRSH,down,WATCH,12.53,12.54,2026-09-28,True,12.35,17:55,-1.52,sip,,,,,0,12.49,09:30,-0.4,sip,,,SUPPORT_BOUNCE,Support bounce,C,UPTREND,0.88,0.96,True,True,47,12.17,11.91,13.04,0.83,12.36,2.0,Rejection - closed back above the test bar / upper half of range; confirmations 2/5 (need 3); R:R 0.83 below 1.5,Rejection - closed back above the test bar / upper half of range; confirmations 2/5 (need 3); R:R 0.83 below 1.5,PULLBACK(watch); MA_BOUNCE(watch),0,False,False,False,False,12.53,12.13,True,62.22,65.66,False,False,False,,11.96,13.05,12.53,12.54,False,49.46,48.33,True,True,False,,11.96,13.05,12.53,12.57,False,65.49,61.88,True,True,False,,11.96,12.93,12.33,12.6,0.27,0.45,60.0,12.15,12.78,11.96,11.91,13.04,T1 - nearest resistance >= 1 ATR above,0.83,True,12.84,12.5,True,down,channel rising but weak fit (R2 0.11 < 0.5),12.0,low,2026-07-23,True,20,6,10,4,-4,down,2,up,2,12.28,12.69,13.09,0.28,0.11,31.0,False,S1,0.71,False,0.8,False,1.8,12.17,-2.87,2.0,11.72,-6.46,2.0,12.57,0.32,1.0,0.06,13.04,4.07,5.0,0.82,Freshworks Inc.,Technology,Software - Application,3269337088,19.88889,15.106031,0.51,3.6755648,3.6170514,0.63,,0.20489,0.05531,0.19695,0.16,260802752.0,3.861,1.693,0.91328,0.096499994,0.894,13.99,6.79,14.78571,79.7,None,N/A,14,2.0,7.0,8.0,0.0,0.0,0.18,0.18,True,17,2026-11-03,35.0,False,False,,0,0,2026-09-14 Keybanc: init -> Overweight,0,,0,,N/A,0,N/A,0,0,,,,not fetched for down-trend tickers,,,,,,,False,False,,,,,,True,False,True,False,True,,,,,,,,,,,,
FTI,down,WAIT,68.68,70.61,2026-09-28,True,70.62,16:41,0.01,sip,,,,,0,69.06,09:30,-2.2,sip,,,,,-,DOWNTREND,-2.12,-0.9,False,False,0,,,,,,,,downtrend (below a falling EMA50) - no long setup,,3,True,True,True,False,68.68,73.47,False,7.87,10.15,False,False,False,,68.29,75.31,68.68,73.49,False,25.91,29.54,False,False,False,,68.29,75.47,68.68,71.31,False,8.85,17.76,False,False,False,,68.29,72.05,68.29,69.34,1.04,2.26,46.0,67.08,70.55,68.29,67.16,70.53,T1 - nearest resistance,1.22,True,71.14,68.78,False,down,channel sloping down,74.14,low,2026-07-30,False,20,5,11,4,-6,up,1,down,2,69.19,70.45,71.71,-0.22,0.2,-20.0,False,S1,0.64,True,0.47,,,67.61,-1.56,2.0,,,,70.53,2.69,3.0,1.22,72.3,5.27,1.0,2.38,TechnipFMC plc,Energy,Oil & Gas Equipment & Services,27694649344,24.77895,19.6315,2.18,8.478808,2.6578102,2.85,0.28,0.11282,0.1769,0.35814,0.09,1463362560.0,37.898,1.08,1.01173,0.0326,0.744,80.7,35.29,76.04762,73.5,None,N/A,21,5.0,9.0,6.0,0.0,1.0,0.88,0.87,True,12,2026-10-29,30.0,False,False,,0,0,2026-09-15 Citigroup: main -> Buy,0,,0,,N/A,0,N/A,0,0,,,,not fetched for down-trend tickers,,,,,,,,,,,,,,,,,,,,,,,,,,,,,,
GEV,down,WAIT,955.97,949.6,2026-09-28,True,948.0,19:44,-0.17,sip,949.48,03:09,-0.01,boats,44,963.68,09:30,1.48,sip,,,,,-,CORRECTION,-0.27,-0.26,True,False,0,,,,,,,,under EMA50 by 0.3 ATR with a higher low intact - wait for a support bounce or an EMA50 reclaim,,3,True,False,True,True,955.97,965.29,False,77.15,75.51,True,True,False,,890.99,973.41,955.97,948.22,True,68.9,71.0,False,False,False,,875.24,973.41,955.97,948.5,True,59.55,53.65,True,True,False,,943.39,973.41,955.97,973.41,17.43,34.44,50.6,938.97,990.41,943.39,926.17,975.84,T1 - nearest resistance,0.67,True,953.18,964.5,False,down,channel rising but weak fit (R2 0.1 < 0.5),929.54,low,2026-09-14,True,20,12,5,3,7,up,2,mixed,2,943.67,955.27,966.87,0.1,0.1,53.0,False,S1,1.22,False,1.0,False,1.69,921.53,-3.6,1.0,897.68,-6.1,1.0,975.84,2.08,5.0,0.67,1046.93,9.51,1.0,3.05,GE Vernova Inc.,Industrials,Specialty Industrial Machinery,252955656192,27.473822,37.800632,1.87,21.155363,6.1149144,34.57,0.21,0.23035,0.07466,0.82577,0.219,15722125312.0,28.364,0.85,0.81643,0.032899998,0.967,1195.94,530.16,1237.341,64.0,Buy,1.54,33,6.0,24.0,7.0,0.0,0.0,4.17,4.23,False,14,2026-10-28,29.0,False,True,2024-04-02,0,0,2026-09-15 Bernstein: reit -> Outperform,0,,0,,N/A,0,N/A,0,0,,,,not fetched for down-trend tickers,,,,,,,,,,,,,,,,,,,,,,,,,,,,,,
GLW,down,WATCH,157.4,151.56,2026-09-28,True,151.51,19:57,-0.03,sip,152.3,03:33,0.49,boats,501,156.96,09:30,3.56,sip,,,SUPPORT_BOUNCE,Support bounce,C,CORRECTION,-0.04,-0.4,True,False,0,148.83,144.81,165.91,0.68,153.25,1.0,confirmations 1/5 (need 3); R:R 0.68 below 1.5,confirmations 1/5 (need 3); R:R 0.68 below 1.5,,0,False,False,False,False,157.4,157.76,False,46.09,44.2,True,True,False,,142.35,161.39,157.4,154.45,True,43.11,49.21,False,False,False,,142.35,161.39,157.4,154.51,True,76.88,64.15,True,True,False,,149.26,161.39,155.62,161.39,5.77,8.04,71.8,153.35,163.66,149.26,144.81,165.91,T1 - nearest resistance >= 1 ATR above,0.68,True,159.09,158.91,False,down,channel sloping down,148.29,low,2026-07-28,True,20,8,9,3,-1,down,1,up,1,148.82,153.28,157.73,-0.51,0.33,96.0,False,S1,1.01,False,1.07,False,2.03,148.83,-5.44,2.0,141.08,-10.37,3.0,160.17,1.76,4.0,0.22,170.56,8.36,3.0,1.05,Corning Incorporated,Technology,Electronic Components,130577858560,72.531105,34.734646,0.94,10.934862,7.6817083,2.09,0.71,0.111999996,0.15649,0.16813,0.166,734499968.0,71.448,1.813,0.74914,0.0231,1.151,271.78,77.39,189.9375,41.2,Strong Buy,1.47,16,0.0,13.0,4.0,0.0,0.0,0.88,0.87,True,11,2026-10-27,28.0,False,True,1995-02-27,0,0,2026-09-15 Mizuho: main -> Outperform,0,,0,,N/A,0,N/A,0,0,,,,not fetched for down-trend tickers,,,,,,,False,False,,,,,,True,True,True,False,False,,,,,,,,,,,,
GOOG,down,WAIT,335.33,339.3,2026-09-28,True,338.71,19:59,-0.17,sip,338.61,03:59,-0.2,boats,1026,338.11,09:30,-0.35,sip,,,,,-,DOWNTREND,-0.91,-0.32,False,True,0,,,,,,,,downtrend (below a falling EMA50) - no long setup,,3,True,True,True,False,335.33,342.85,False,37.64,38.58,False,False,False,,332.81,359.98,335.33,340.65,False,18.21,23.77,False,False,False,,332.81,359.98,335.33,340.1,False,7.36,17.22,False,False,False,,335.02,343.6,335.02,339.63,4.61,8.23,56.0,331.4,343.25,335.02,330.9,335.39,T1 - nearest resistance,0.01,True,335.8,336.39,False,down,channel sloping down,341.73,low,2026-07-23,False,20,9,8,3,1,down,1,up,1,325.06,333.95,342.83,-0.7,0.53,58.0,False,S1,2.82,False,2.48,,,314.89,-6.1,1.0,,,,335.39,0.02,8.0,0.01,347.58,3.65,6.0,2.77,Alphabet Inc.,Communication Services,Internet Content & Information,4147904774144,17.026104,22.503342,1.22,6.663785,9.30303,19.92,0.26,0.54771,0.34033,0.48676,0.242,22665000960.0,18.859,2.724,0.62129,,1.225,404.47,236.685,422.336,58.8,Strong Buy,1.38,15,13.0,42.0,5.0,0.0,0.0,3.03,3.01,True,17,2026-10-28,29.0,False,True,2014-04-03,0,0,,0,,0,,16,35,133.3,3754,0,,,,not fetched for down-trend tickers,,,,,,,,,,,,,,,,,,,,,,,,,,,,,,
GOOGL,down,WAIT,338.27,342.8,2026-09-28,True,342.22,19:59,-0.17,sip,341.95,03:59,-0.25,boats,2886,341.47,09:30,-0.39,sip,,,,,-,DOWNTREND,-0.87,-0.29,False,True,0,,,,,,,,downtrend (below a falling EMA50) - no long setup,,3,True,True,True,False,338.27,345.64,False,38.14,39.16,False,False,False,,336.02,364.17,338.27,343.86,False,17.51,22.65,False,False,False,,336.02,364.17,338.27,343.54,False,8.19,19.31,False,False,False,,338.02,347.03,338.02,342.84,4.82,8.49,56.8,334.35,346.51,338.02,333.78,339.28,T1 - nearest resistance,0.22,True,339.12,339.47,False,down,channel sloping down,344.09,low,2026-07-23,False,20,7,8,5,-1,down,1,up,1,327.72,336.89,346.05,-0.75,0.56,58.0,False,S1,1.62,False,1.24,False,2.75,327.75,-3.11,1.0,314.91,-6.91,1.0,339.28,0.3,7.0,0.22,350.54,3.63,6.0,2.73,Alphabet Inc.,Communication Services,Internet Content & Information,4191810224128,17.267002,22.741539,1.23,6.734321,9.401503,19.85,0.26,0.54771,0.34033,0.48676,0.242,22665000960.0,18.859,2.724,0.80992997,0.0149,1.225,408.61,235.84,429.54816,59.3,Strong Buy,1.38,54,13.0,43.0,5.0,0.0,0.0,3.03,3.01,True,42,2026-10-28,29.0,False,True,2006-04-03,0,0,2026-09-28 Piper Sandler: reit -> Overweight,0,,0,,19,31,416.7,362,0,,,,not fetched for down-trend tickers,,,,,,,,,,,,,,,,,,,,,,,,,,,,,,
GTES,up,BUY,26.68,26.66,2026-09-28,True,26.67,16:00,0.04,sip,,,,,0,26.4,09:30,-0.98,sip,,,MA_RECLAIM,MA reclaim (early trend),B,EARLY_UPTREND,0.44,0.21,True,False,3,26.33,25.72,28.59,1.97,,3.0,,,SUPPORT_BOUNCE(watch),0,False,False,False,False,26.68,26.33,True,87.75,86.26,True,True,True,,24.82,27.17,26.68,26.16,True,73.55,80.75,False,False,False,,24.82,27.17,26.68,26.3,True,48.55,55.41,False,False,False,bullish_harami,26.02,27.17,26.4,27.17,0.77,0.81,95.1,26.36,27.21,26.02,25.72,28.59,T1 - nearest resistance >= 1 ATR above,1.97,False,26.74,26.72,False,up,channel rising (R2 0.75),25.81,low,2026-09-02,True,20,10,6,4,4,up,2,mixed,1,26.45,26.82,27.2,0.59,0.75,31.0,False,S1,0.68,False,1.02,False,2.37,25.85,-3.11,4.0,24.76,-7.2,2.0,26.81,0.49,2.0,0.14,27.65,3.64,1.0,1.01,Gates Industrial Corporation Ltd.,Industrials,Specialty Industrial Machinery,6751541760,19.050001,13.796421,,1.9170501,1.9264799,1.4,,0.103719994,0.15346,0.10384,0.066,417662496.0,60.695,3.244,1.0300499,0.0561,1.263,30.34,20.88,33.33333,61.3,Buy,1.83,12,2.0,6.0,4.0,0.0,0.0,0.44,0.44,True,12,2026-10-28,29.0,False,False,,0,0,2026-09-01 DA Davidson: init -> Neutral,0,,0,,N/A,0,N/A,0,0,,,,,,,,,,,,,,,,,,,,,,,True,True,True,True,False,False,True,,,,,
HALO,down,WATCH,111.75,112.88,2026-09-28,True,113.15,16:48,0.24,sip,,,,,0,113.14,09:30,0.23,sip,,,SUPPORT_BOUNCE,Support bounce,C,UPTREND_WEAK,3.28,2.54,False,True,82,110.4,108.88,116.85,1.78,,0.0,Rejection - closed back above the test bar / upper half of range; confirmations 0/5 (need 3); extended 3.3 ATR above EMA50,Rejection - closed back above the test bar / upper half of range; confirmations 0/5 (need 3); extended 3.3 ATR above EMA50,,0,False,False,False,False,111.75,101.8,True,64.76,71.06,False,False,False,,105.5,116.85,111.75,108.51,True,37.86,53.12,False,False,False,,105.5,116.85,111.75,112.6,False,11.6,14.73,False,False,False,,111.05,116.09,111.05,114.52,3.47,3.03,114.5,111.49,114.08,111.05,108.88,116.85,T1 - nearest resistance >= 1 ATR above,1.78,False,114.19,111.84,False,down,channel rising but weak fit (R2 0.03 < 0.5),102.77,low,2026-07-23,True,20,7,5,8,2,down,1,mixed,1,111.36,113.65,115.94,0.08,0.03,9.0,False,S1,0.9,True,0.45,False,2.24,110.4,-1.21,2.0,104.95,-6.09,4.0,116.85,4.56,1.0,1.78,,,,,"Halozyme Therapeutics, Inc.",Healthcare,Biotechnology,12812788736,33.399406,10.862056,,89.666405,7.7012057,3.38,,0.24858999,0.59803003,1.73674,0.477,337308640.0,1517.687,2.709,1.12205,0.175,0.882,116.85,61.23,99.55556,90.8,None,N/A,9,2.0,5.0,2.0,0.0,0.0,2.29,2.29,True,6,2026-11-02,34.0,False,False,,0,0,2026-09-02 HC Wainwright & Co.: reit -> Buy,0,,0,,N/A,0,N/A,0,0,,,,not fetched for down-trend tickers,,,,,,,False,False,,,,,,True,False,False,False,False,,,,,,,,,,,,
HQY,down,WAIT,86.62,88.45,2026-09-28,True,90.2,18:57,1.98,sip,,,,,0,87.6,09:30,-0.96,sip,,,,,-,DOWNTREND,-3.81,-1.61,True,False,0,,,,,,,,downtrend (below a falling EMA50) - no long setup,,3,True,True,True,False,86.62,95.44,False,6.85,6.05,True,False,False,,86.54,97.92,86.62,94.41,False,10.42,11.71,False,False,False,,86.54,97.92,86.62,90.36,False,6.46,20.39,False,False,False,,86.54,89.51,86.54,88.57,2.03,2.31,87.9,86.26,88.85,86.54,85.38,88.68,T1 - nearest resistance,1.66,False,88.71,87.05,False,down,channel sloping down,87.05,low,2026-09-29,False,20,7,9,4,-2,mixed,1,down,3,84.6,86.36,88.12,-1.38,0.88,57.0,,,,,,,,,,,,,,88.68,2.38,1.0,1.66,91.63,5.78,2.0,4.04,"HealthEquity, Inc.",Healthcare,Health Information Services,7315340800,31.9278,16.079678,1.28,3.684386,5.3705435,2.78,,0.17362,0.28415,0.11434,0.076,397510624.0,48.792,2.993,1.11438,0.0771,0.225,107.62,72.76,119.33333,39.8,Strong Buy,1.33,15,5.0,10.0,0.0,0.0,0.0,1.15,1.15,True,14,,,False,False,,0,0,2026-09-18 Barclays: main -> Overweight,0,,0,,N/A,0,N/A,0,0,,,,not fetched for down-trend tickers,,,,,,,,,,,,,,,,,,,,,,,,,,,,,,
INGM,down,WAIT,26.73,26.47,2026-09-28,True,26.46,16:00,-0.04,sip,,,,,0,26.55,09:30,0.3,sip,,,,,-,DOWNTREND,-0.91,-0.68,True,True,0,,,,,,,,downtrend (below a falling EMA50) - no long setup,,3,True,True,True,False,26.73,27.61,False,37.42,32.18,True,True,False,bullish_harami;hammer,25.68,28.0,26.73,27.3,False,27.38,34.03,False,False,False,hammer,25.68,28.0,26.73,26.76,False,45.87,37.25,True,True,False,bullish_engulfing,26.1,27.47,26.19,26.89,0.7,0.98,71.4,25.91,27.17,26.1,25.61,27.53,T1 - nearest resistance,0.71,True,26.94,26.58,True,down,channel sloping down,26.78,low,2026-09-16,False,20,8,8,4,0,down,1,up,1,25.8,26.51,27.22,-0.36,0.23,65.0,False,S1,0.68,False,0.87,,,25.88,-3.18,3.0,,,,27.53,2.99,8.0,0.71,29.45,10.18,8.0,2.43,Ingram Micro Holding Corporation,Technology,Information Technology Services,6086775808,14.459016,7.0482373,,1.4259539,0.10873997,1.83,1.28,0.00769,0.01691,0.10342,0.136,395675008.0,99.115,1.308,0.97839,0.1861,,31.69,19.03,32.61538,60.8,Buy,2.20,13,2.0,5.0,8.0,0.0,0.0,0.78,0.77,True,14,2026-11-10,42.0,False,False,,0,0,2026-09-16 Morgan Stanley: main -> Equal-Weight,0,,0,,N/A,0,N/A,0,0,,,,not fetched for down-trend tickers,,,,,,,,,,,,,,,,,,,,,,,,,,,,,,
INOD,down,WATCH,67.46,66.8,2026-09-28,True,66.68,19:45,-0.18,sip,66.94,03:16,0.21,boats,18,66.59,09:30,-0.31,sip,,,MA_RECLAIM,MA reclaim (early trend),C,EARLY_UPTREND,1.05,2.29,False,False,6,62.99,59.79,74.84,0.96,65.81,4.0,R:R 0.96 below 1.5,R:R 0.96 below 1.5,SUPPORT_BOUNCE(watch),0,False,False,False,False,67.46,62.99,True,69.05,75.86,False,False,False,bullish_harami,53.37,74.93,67.46,61.71,True,60.62,64.6,False,False,False,,53.37,74.93,67.46,66.14,True,46.18,35.21,True,True,False,,65.69,74.75,65.69,68.8,3.11,4.26,73.0,64.54,69.95,65.69,59.79,74.84,T1 - nearest resistance >= 1 ATR above,0.96,True,71.23,67.74,False,down,channel rising but weak fit (R2 0.27 < 0.5),66.16,low,2026-09-14,True,20,7,6,7,1,down,1,mixed,3,64.0,71.18,78.36,1.5,0.27,24.0,True,S1,0.14,True,0.35,False,1.94,65.99,-2.18,4.0,59.21,-12.23,6.0,71.78,6.4,2.0,0.56,74.84,10.94,2.0,0.96,Innodata Inc.,Technology,Information Technology Services,2296417280,53.862904,31.992603,0.87,14.385096,7.240473,1.24,,0.14656,0.17212999,0.37765998,0.578,169773248.0,2.402,1.728,0.58542997,0.146,2.883,125.14,34.23,122.75,36.6,Strong Buy,1.25,4,1.0,3.0,0.0,0.0,0.0,0.27,0.27,True,3,2026-11-05,37.0,False,False,,0,0,2026-09-18 BWS Financial: main -> Top Pick,0,,0,,N/A,0,N/A,0,0,,,,not fetched for down-trend tickers,,,,,,,,,,,,,,,,,,,True,True,True,True,True,False,True,,,,,
INSW,down,WAIT,109.34,108.32,2026-09-28,True,108.15,16:00,-0.16,sip,,,,,0,108.05,09:30,-0.25,sip,,,,,-,UPTREND_WEAK,2.14,1.48,False,True,62,,,,,,,,extended 2.1 ATR above EMA50 with no fresh breakout - wait for a pullback to value,,2,True,False,True,False,109.34,99.61,True,60.85,48.3,True,True,False,,99.45,113.14,109.34,103.84,True,66.68,57.77,True,True,False,,99.45,113.14,109.34,106.76,True,76.55,77.95,False,False,False,,103.5,110.96,106.77,110.96,4.19,4.56,91.9,106.4,111.33,103.5,101.22,113.14,T1 - nearest resistance,0.47,True,104.93,109.22,True,down,channel rising but weak fit (R2 0.01 < 0.5),102.68,low,2026-08-11,True,20,13,4,3,9,up,3,down,3,101.41,106.56,111.7,0.11,0.01,77.0,True,S1,0.29,False,0.57,False,1.53,106.73,-2.39,1.0,102.36,-6.38,1.0,113.14,3.48,1.0,0.47,,,,,"International Seaways, Inc.",Energy,Oil & Gas Midstream,5364736512,6.7567058,16.86633,,2.3676906,4.253093,16.03,7.74,0.61767,0.64219004,0.37412,1.401,69650376.0,28.815,5.944,0.84836996,0.078600004,-0.101,113.14,42.26,107.16667,94.6,Strong Buy,1.33,6,0.0,5.0,1.0,0.0,0.0,2.84,2.77,True,4,2026-11-05,37.0,False,False,,0,0,2026-09-18 BTIG: main -> Buy,0,,0,,N/A,0,N/A,0,0,,,,not fetched for down-trend tickers,,,,,,,,,,,,,,,,,,,,,,,,,,,,,,
INTC,down,WATCH,116.74,116.13,2026-09-28,True,116.06,19:59,-0.06,sip,116.2,03:57,0.06,boats,21003,116.56,09:30,0.37,sip,,,PULLBACK,Pullback in uptrend,C,UPTREND,1.76,3.57,True,True,10,113.97,111.25,126.11,1.71,,2.0,Turning up - close above prior close and daily %K rising; confirmations 2/5 (need 3),Turning up - close above prior close and daily %K rising; confirmations 2/5 (need 3),,0,False,False,False,False,116.74,104.66,True,73.19,83.54,False,False,False,,99.29,127.43,116.74,108.05,True,46.8,58.55,False,False,False,,96.52,127.43,116.74,117.7,False,25.53,20.95,True,True,False,,113.97,127.43,113.97,118.75,4.78,6.86,69.7,111.89,120.83,113.97,111.25,126.11,T1 - nearest resistance >= 1 ATR above,1.71,False,121.38,116.57,True,down,channel sloping down,101.05,low,2026-07-29,True,20,11,5,4,6,down,1,mixed,1,113.34,119.16,124.98,-0.55,0.17,29.0,False,S1,1.42,False,1.44,False,3.24,106.85,-8.47,5.0,94.52,-19.03,3.0,116.77,0.03,1.0,0.01,126.08,8.0,2.0,1.7,Intel Corporation,Technology,Semiconductors,613346770944,,56.26843,1.36,6.684141,10.754432,-1.97,,-0.19794,0.12189999,-0.10715,0.254,4866375168.0,48.997,1.604,0.62568,0.0301,2.231,142.35,32.89,116.37209,76.6,Buy,2.47,43,1.0,14.0,32.0,1.0,1.0,0.39,0.39,True,35,2026-10-22,23.0,False,True,1976-12-31,1,0,2026-09-24 TD Cowen: reit -> Hold,0,,0,,47,11,22.2,36,0,,,,not fetched for down-trend tickers,,True,False,True,False,True,False,False,,,,,,,,,,,,,,,,,,,,,,
IOT,down,WAIT,37.74,37.92,2026-09-28,True,37.89,19:19,-0.08,sip,,,,,0,37.7,09:30,-0.58,sip,,,,,-,CORRECTION,-0.33,0.0,True,False,0,,,,,,,,under EMA50 by 0.3 ATR with a higher low intact - wait for a support bounce or an EMA50 reclaim,,2,True,False,True,False,37.74,38.38,False,17.83,19.43,False,False,False,,36.4,42.84,37.74,39.1,False,34.33,26.26,True,True,False,,36.4,42.84,37.74,38.67,False,50.97,49.17,True,True,False,,36.4,40.05,37.24,38.43,1.19,1.94,61.3,36.49,39.18,36.4,35.43,38.37,T1 - nearest resistance,0.27,True,38.26,37.89,False,down,channel sloping down,39.19,low,2026-07-23,False,20,3,12,5,-9,down,1,mixed,3,37.31,38.27,39.23,-0.15,0.06,22.0,False,S1,1.31,False,1.34,False,3.23,35.15,-6.86,2.0,31.47,-16.61,1.0,38.37,1.67,11.0,0.27,42.1,11.55,5.0,1.89,Samsara Inc.,Technology,Software - Infrastructure,22212003840,252.86665,39.94734,,13.858239,12.022397,0.15,,0.04901,0.00959,0.0643,0.299,260455008.0,4.338,1.625,1.07666,0.0913,1.344,47.47,23.38,52.15652,59.6,Buy,1.56,23,2.0,17.0,6.0,0.0,0.0,0.19,0.18,True,21,2026-12-03,65.0,False,False,,0,0,2026-09-15 Cantor Fitzgerald: init -> Overweight,0,,0,,N/A,0,N/A,0,0,,,,not fetched for down-trend tickers,,,,,,,,,,,,,,,,,,,,,,,,,,,,,,
IREN,filtered,WAIT,41.37,41.72,2026-09-28,True,41.96,19:59,0.58,sip,41.98,03:57,0.62,boats,2841,42.09,09:30,0.89,sip,,,,,-,RANGE,-0.76,0.35,True,True,0,,,,,,,,no trend (below a flat EMA50) - wait for a reclaim or a breakout,,4,True,True,True,True,41.37,43.27,False,17.08,37.43,False,False,False,,41.33,49.37,41.37,43.57,False,2.26,11.14,False,False,False,,40.97,49.37,41.37,44.5,False,12.5,11.87,True,True,False,,41.33,46.72,41.33,42.85,1.52,2.5,60.8,40.35,43.83,41.33,40.08,41.5,T1 - nearest resistance,0.1,True,48.32,42.04,False,down,channel sloping down,41.5,low,2026-07-29,False,20,10,9,1,1,down,3,up,6,40.0,42.12,44.24,-2.58,0.81,32.0,False,S1,1.04,False,0.76,False,1.7,39.48,-4.57,1.0,37.11,-10.3,1.0,41.5,0.31,3.0,0.1,43.72,5.68,1.0,1.82,IREN Limited,Financial Services,Capital Markets,16440127488,,-10.475464,3.11,3.7896268,23.253134,-2.1,,-0.9938,-1.0247,-0.23409,-0.267,-4219297280.0,187.297,3.551,0.59233004,0.2171,4.285,76.87,28.93,77.97222,25.9,Buy,1.60,18,2.0,13.0,5.0,0.0,0.0,-0.67,-0.26,False,2,2026-11-05,37.0,False,False,,1,0,2026-09-21 Rothschild & Co: init -> Neutral,0,,0,,100,5,400.0,244,0,,,,ticker filtered out,,,,,,,,,,,,,,,,,,,,,,,,,,,,,,
KEYS,up,WAIT,358.03,359.85,2026-09-28,True,359.74,16:41,-0.03,sip,,,,,0,362.57,09:30,0.76,sip,,,,,-,UPTREND_WEAK,2.12,1.61,False,True,9,,,,,,,,extended 2.1 ATR above EMA50 with no fresh breakout - wait for a pullback to value,,2,True,False,True,False,358.03,334.5,True,87.65,92.11,False,False,True,,316.45,366.88,358.03,338.08,True,77.69,82.96,False,False,False,,311.43,366.88,358.03,351.17,True,22.22,28.29,False,False,False,bullish_harami,355.08,366.88,356.88,364.95,8.07,11.09,72.8,353.86,367.97,355.08,349.53,366.65,T1 - nearest resistance,1.01,True,352.73,359.28,False,up,channel rising (R2 0.82),330.88,low,2026-07-29,True,20,11,6,3,5,down,1,up,5,357.91,364.65,371.39,0.97,0.82,1.0,False,S1,2.11,False,1.7,False,2.47,339.18,-5.26,1.0,330.68,-7.64,4.0,366.65,2.41,2.0,1.01,,,,,"Keysight Technologies, Inc.",Technology,Scientific & Technical Instruments,61243846656,49.0109,25.933619,0.72,9.323312,9.304748,7.34,,0.19143,0.25677,0.20897,0.365,1867124992.0,42.094,2.024,0.92987996,0.0159,1.208,374.963,158.79,415.08334,92.2,Buy,1.58,12,3.0,7.0,2.0,0.0,0.0,3.38,2.68,True,12,2026-11-24,56.0,False,True,2018-11-06,0,0,,0,,1,Keysight's 56% Order Jump Puts AI Demand and Q4 Guidance in Focus,N/A,0,N/A,0,0,,,,,,,,,,,,,,,,,,,,,,,,,,,,,,,,,,
KLAC,up,WATCH,195.21,189.37,2026-09-28,True,189.22,19:59,-0.08,sip,190.06,03:59,0.36,boats,892,194.27,09:30,2.59,sip,,,MA_RECLAIM,MA reclaim (early trend),C,EARLY_UPTREND,0.79,0.02,False,False,2,189.38,180.85,205.3,0.7,190.63,3.0,R:R 0.70 below 1.5,R:R 0.70 below 1.5,FRESH_BREAKOUT(watch); SUPPORT_BOUNCE(watch),0,False,False,False,False,195.21,189.38,True,91.88,89.15,True,True,True,,165.89,197.47,195.21,183.75,True,93.09,93.17,False,False,True,,165.89,197.47,195.21,185.56,True,88.83,89.77,False,True,True,,182.7,197.47,192.57,197.47,4.9,7.4,66.2,190.07,199.97,182.7,180.85,205.3,T1 - nearest resistance >= 1 ATR above,0.7,True,187.32,195.64,False,up,channel rising (R2 0.58),181.42,low,2026-09-16,True,20,8,8,4,0,mixed,1,up,1,186.78,190.84,194.89,0.62,0.58,104.0,False,S1,0.85,False,0.97,False,2.66,188.01,-3.69,4.0,175.53,-10.08,2.0,204.58,4.8,1.0,0.65,214.8,10.04,1.0,1.36,KLA Corporation,Technology,Semiconductor Equipment & Materials,246868066304,51.265583,28.211632,1.8,38.939896,18.179499,3.69,0.49,0.35574,0.42486,0.87496,0.152,2624587520.0,96.88,2.876,0.93935996,0.0202,1.444,307.37,98.097,233.76923,46.4,Buy,1.86,26,5.0,14.0,10.0,0.0,0.0,1.18,1.18,True,22,2026-10-28,29.0,False,True,1997-09-30,0,0,2026-09-01 UBS: main -> Neutral,0,,1,"Semiconductor Metrology Global Market Opportunity Analysis and Industry Forecast 2026-2036 Featuring KLA Corp., Applied Materials, ASML, Hitachi High-Tech Corp., Lam Research Corp. and More",N/A,0,N/A,0,2,2026-09-29 08:35,These S&P500 stocks that are showing activity before the opening bell on Tuesday.,https://finnhub.io/api/news?id=c45aa58597c7d4b6bc61b8c98f39d0afb15082d94b61de4bd058035988bab9b9,,,,,,,,,,,,,,,,,,,,True,True,True,True,False,False,True,,,,,
KO,down,WAIT,86.93,87.18,2026-09-28,True,87.24,19:50,0.07,sip,87.18,03:49,0.0,boats,288,86.91,09:30,-0.31,sip,,,,,-,RANGE,-0.15,0.12,False,False,0,,,,,,,,no trend (below a flat EMA50) - wait for a reclaim or a breakout,,3,True,True,True,False,86.93,87.12,False,13.27,20.18,False,False,False,,86.56,89.36,86.93,88.07,False,11.89,19.31,False,False,False,,86.56,89.36,86.93,87.85,False,28.3,28.16,True,True,False,,86.56,88.74,86.56,87.22,0.67,1.19,56.3,86.03,87.75,86.56,85.96,87.42,T1 - nearest resistance,0.51,True,87.93,86.96,False,down,channel sloping down,88.06,low,2026-07-23,False,20,6,10,4,-4,down,2,up,3,86.54,87.49,88.44,-0.15,0.23,21.0,False,S1,1.39,False,1.4,False,3.37,85.26,-1.92,4.0,82.92,-4.61,1.0,87.42,0.56,5.0,0.51,89.36,2.8,1.0,2.51,The Coca-Cola Company,Consumer Defensive,Beverages - Non-Alcoholic,375096213504,26.180182,24.722237,3.99,10.3773365,7.4826193,3.3,2.41,0.28558,0.34873,0.42054,0.067,5218749952.0,115.519,1.305,0.68227,0.0095,0.342,92.49,65.35,94.65217,79.5,Buy,1.75,23,7.0,12.0,4.0,0.0,1.0,0.88,0.88,True,18,2026-10-20,21.0,False,True,1957-03-04,0,0,2026-09-28 JP Morgan: main -> Overweight,0,,0,,N/A,0,N/A,0,0,,,,not fetched for down-trend tickers,,,,,,,,,,,,,,,,,,,,,,,,,,,,,,
LECO,up,WATCH,268.29,271.22,2026-09-28,True,271.18,16:41,-0.01,sip,,,,,0,272.16,09:30,0.35,sip,,,FRESH_BREAKOUT,Fresh breakout,C,EARLY_UPTREND,0.09,0.09,False,False,3,267.3,262.53,277.69,1.63,,2.0,Volume >= 1.5x average (best of live/last 3 bars: 1.2x); confirmations 2/5 (need 3),Volume >= 1.5x average (best of live/last 3 bars: 1.2x); confirmations 2/5 (need 3),MA_RECLAIM(watch); SUPPORT_BOUNCE(watch),0,False,False,False,False,268.29,267.62,True,80.82,74.03,True,True,True,,253.07,274.17,268.29,266.8,True,78.15,85.57,False,False,False,,252.66,274.17,268.29,265.91,True,20.76,41.6,False,False,False,,264.08,274.17,268.02,274.17,6.15,7.2,85.4,266.97,275.22,264.08,262.53,277.69,T1 - nearest resistance >= 1 ATR above,1.63,False,265.69,269.51,False,up,channel rising (R2 0.84),271.65,low,2026-07-30,False,20,11,6,3,5,up,2,mixed,1,268.78,272.05,275.32,0.68,0.84,-7.0,False,S1,0.68,True,0.14,False,1.03,267.3,-0.37,2.0,260.9,-2.75,2.0,277.32,3.37,4.0,1.57,288.5,7.53,1.0,3.51,"Lincoln Electric Holdings, Inc.",Industrials,Tools & Accessories,14780870656,27.172346,21.650059,1.53,9.510416,3.2985365,9.98,1.16,0.12353,0.18243,0.37736,0.12,307077120.0,77.347,1.982,0.83048,0.0226,1.221,310.0,216.22,304.9091,55.5,Buy,2.00,11,1.0,6.0,4.0,0.0,1.0,2.82,2.82,True,11,2026-10-29,30.0,False,False,,0,0,,1,Is The Buyback The Reason To Own Lincoln Electric Stock?,0,,N/A,0,N/A,0,0,,,,,,,,,,,,False,False,False,True,True,False,,,,,,,,,,,,,,,,,
LITE,down,WATCH,978.66,921.66,2026-09-28,True,916.26,19:58,-0.59,sip,931.8,03:55,1.1,boats,721,936.23,09:30,1.58,sip,,,SUPPORT_BOUNCE,Support bounce,C,UPTREND,1.53,1.42,True,False,10,909.87,875.19,1085.68,1.03,959.38,4.0,R:R 1.03 below 1.5,R:R 1.03 below 1.5,MA_BOUNCE(watch); PULLBACK(watch),0,False,False,False,False,978.66,886.07,True,62.84,55.91,True,True,False,,855.18,1002.0,978.66,909.76,True,40.94,36.27,True,True,False,,832.16,1002.0,978.66,931.5,True,84.38,73.39,True,True,True,bullish_harami,881.23,998.88,934.51,998.88,64.38,60.45,106.5,938.43,994.96,881.23,875.19,1085.68,T1 - nearest resistance >= 1 ATR above,1.03,True,945.24,975.81,True,down,channel sloping down,879.85,low,2026-07-29,True,20,8,11,1,-3,down,1,up,1,880.65,923.39,966.12,-0.57,0.2,115.0,True,S1,0.44,False,1.14,False,2.8,909.87,-7.03,2.0,809.24,-17.31,6.0,993.07,1.47,5.0,0.14,,,,,Lumentum Holdings Inc.,Technology,Communication Equipment,82642403328,,26.539871,0.63,17.577745,27.419508,-90.93,,-2.3009598,0.27954,-2.40027,1.093,224700000.0,35.987,1.678,0.943,0.0792,1.541,1085.68,147.81,1157.071,88.6,Strong Buy,1.50,26,5.0,17.0,4.0,0.0,0.0,4.21,4.21,True,22,2026-11-05,37.0,False,True,2026-03-23,0,0,2026-09-28 Citigroup: main -> Buy,0,,0,,N/A,0,N/A,0,0,,,,not fetched for down-trend tickers,,,,,,,True,True,,,,,,True,True,True,False,True,,,,,,,,,,,,
LLY,down,BUY,1175.36,1185.97,2026-09-28,True,1187.59,19:55,0.14,sip,1191.0,03:50,0.42,boats,23,1187.56,09:30,0.13,sip,,,MA_RECLAIM,MA reclaim (early trend),B,EARLY_UPTREND,0.39,0.24,True,True,4,1164.32,1142.91,1239.89,1.99,,3.0,,,,0,False,False,False,False,1175.36,1164.32,True,81.18,79.45,True,False,True,,1132.63,1197.79,1175.36,1166.25,True,76.33,77.16,False,False,False,,1131.59,1197.79,1175.36,1171.37,True,43.1,54.62,False,False,False,,1160.84,1194.09,1168.47,1192.94,24.47,28.54,85.7,1164.4,1197.01,1160.84,1142.91,1239.89,T1 - nearest resistance >= 1 ATR above,1.99,False,1188.28,1177.1,False,down,channel rising but weak fit (R2 0.31 < 0.5),1180.02,low,2026-08-03,False,20,9,4,7,5,up,1,mixed,1,1164.03,1185.79,1207.55,0.3,0.31,26.0,False,S1,1.44,False,1.01,False,2.22,1146.55,-2.45,6.0,1112.0,-5.39,3.0,1191.73,1.39,3.0,0.5,1236.05,5.16,2.0,1.87,Eli Lilly and Company,Healthcare,Drug Manufacturers - General,1056517390336,39.67783,25.024744,1.17,31.176783,13.256119,29.86,0.58,0.33528998,0.54222,1.02286,0.477,11065900032.0,162.071,1.355,0.8532,0.0084,0.502,1292.65,725.31,1328.8337,79.3,Buy,1.63,29,6.0,19.0,3.0,1.0,1.0,9.96,9.87,True,17,2026-10-29,30.0,False,True,1970-12-31,0,0,2026-09-28 JP Morgan: main -> Overweight,0,,0,,N/A,0,N/A,0,0,,,,not fetched for down-trend tickers,,,,,,,,,,,,,,,,,,,True,True,True,True,True,False,False,,,,,
LRCX,up,WATCH,323.41,314.51,2026-09-28,True,313.51,19:56,-0.32,sip,315.78,03:32,0.4,boats,45,322.99,09:30,2.7,sip,,,MA_RECLAIM,MA reclaim (early trend),C,EARLY_UPTREND,1.11,0.46,False,False,6,307.48,292.51,345.73,0.72,313.8,3.0,R:R 0.72 below 1.5,R:R 0.72 below 1.5,FRESH_BREAKOUT(watch),0,False,False,False,False,323.41,307.48,True,88.82,83.29,True,True,True,,265.78,328.32,323.41,302.61,True,92.33,94.23,False,False,True,,265.78,328.32,323.41,306.36,True,78.73,79.73,False,True,False,bullish_harami,301.63,328.32,321.11,328.32,7.21,14.29,50.5,314.03,335.4,301.63,292.51,345.73,T1 - nearest resistance >= 1 ATR above,0.72,True,304.21,324.07,False,up,channel rising (R2 0.69),302.49,low,2026-07-29,True,20,8,8,4,0,down,1,up,1,310.32,317.57,324.83,0.85,0.69,90.0,True,S1,0.01,True,0.03,False,0.85,322.91,-0.15,5.0,311.31,-3.74,1.0,345.28,6.76,1.0,0.71,356.28,10.16,1.0,1.06,Lam Research Corporation,Technology,Semiconductor Equipment & Materials,393535422464,54.690434,26.78725,1.47,31.551119,16.938866,5.75,0.42,0.31272,0.37390998,0.65066004,0.3,3090484480.0,33.049,2.629,0.88845,0.0233,1.859,438.5,130.81,373.7742,62.6,Strong Buy,1.46,31,4.0,25.0,6.0,0.0,0.0,2.18,2.18,True,25,2026-10-21,22.0,False,True,2012-06-29,0,0,2026-09-01 UBS: main -> Buy,0,,1,"Semiconductor Metrology Global Market Opportunity Analysis and Industry Forecast 2026-2036 Featuring KLA Corp., Applied Materials, ASML, Hitachi High-Tech Corp., Lam Research Corp. and More",N/A,0,N/A,0,1,2026-09-29 08:42,Is Applied Materials Still The Business You Bought?,https://finnhub.io/api/news?id=fa3817732c0d9b26a58c0e02d7106f4d6c0b7392d61661ad4c43fa920396b355,,,,,,,,,,,,,,,,,,,,True,True,True,True,False,False,True,,,,,
MANH,down,WATCH,199.08,201.98,2026-09-28,True,201.88,16:00,-0.05,sip,,,,,0,200.99,09:30,-0.49,sip,,,PULLBACK,Pullback in uptrend,C,UPTREND,0.24,0.87,True,False,64,196.79,193.88,207.48,1.62,,3.0,Turning up - close above prior close and daily %K rising,Turning up - close above prior close and daily %K rising,MA_BOUNCE(watch),1,False,False,False,True,199.08,197.5,True,26.38,35.41,False,False,False,,196.79,213.3,199.08,206.6,False,21.62,27.47,False,False,False,,196.79,213.3,199.08,205.99,False,20.98,26.15,False,False,False,,196.79,210.38,198.42,201.13,2.71,6.49,41.8,194.64,204.91,196.79,193.88,207.48,T1 - nearest resistance >= 1 ATR above,1.62,False,209.5,199.67,False,down,channel sloping down,200.09,low,2026-07-23,False,20,4,10,6,-6,down,2,up,1,196.14,202.65,209.16,-0.57,0.34,23.0,False,S1,0.6,True,0.31,False,1.83,197.08,-1.0,1.0,187.22,-5.96,3.0,202.24,1.59,4.0,0.61,207.48,4.22,1.0,1.62,"Manhattan Associates, Inc.",Technology,Software - Application,11770607616,59.202347,32.862354,2.57,74.71503,10.451678,3.48,,0.18667999,0.25015,0.96378,0.093,321116384.0,34.209,0.983,1.1295301,0.0656,0.947,227.03,119.06,220.7,74.1,Buy,1.73,10,2.0,6.0,3.0,0.0,0.0,1.46,1.47,False,10,2026-10-27,28.0,False,False,,0,1,2026-09-28 DA Davidson: down -> Neutral,0,,0,,N/A,0,N/A,0,0,,,,not fetched for down-trend tickers,,True,False,True,True,True,False,False,,,,,,,,,,,,,,,,,,,,,,
MDB,down,WAIT,327.82,334.6,2026-09-28,True,337.47,19:59,0.86,sip,338.95,03:41,1.3,boats,286,335.35,09:30,0.22,sip,,,,,-,DOWNTREND,-2.04,-0.03,False,False,0,,,,,,,,downtrend (below a falling EMA50) - no long setup,,3,True,True,True,False,327.82,382.78,False,36.8,56.76,False,False,False,,300.0,439.68,327.82,392.0,False,24.34,37.25,False,False,False,,300.0,439.68,327.82,385.47,False,24.09,25.58,False,False,False,,300.0,432.86,321.0,336.98,15.98,26.9,59.4,310.08,347.9,300.0,286.55,354.17,T1 - nearest resistance,0.64,True,334.92,328.89,False,down,channel sloping down,379.19,low,2026-07-24,False,20,4,6,10,-2,down,1,mixed,1,305.18,361.4,417.61,-3.1,0.39,20.0,False,S1,0.72,True,0.44,False,1.34,315.88,-3.64,1.0,291.79,-10.99,1.0,354.17,8.04,3.0,0.64,373.33,13.88,1.0,1.1,"MongoDB, Inc.",Technology,Software - Infrastructure,26918957056,587.1579,42.948105,1.67,9.055929,9.688403,0.57,,0.02116,0.0368,0.01989,0.305,561356224.0,1.846,4.866,0.96752,0.0367,1.585,473.1,215.68,454.15244,43.6,Buy,1.63,37,8.0,24.0,9.0,0.0,0.0,1.61,1.51,True,34,2026-12-01,63.0,False,False,,0,0,2026-09-02 UBS: main -> Neutral,0,,0,,46,12,-53.8,28,0,,,,not fetched for down-trend tickers,,,,,,,,,,,,,,,,,,,,,,,,,,,,,,
META,down,WATCH,718.09,715.72,2026-09-28,True,718.1,19:59,0.33,sip,717.06,03:50,0.19,boats,3157,724.0,09:30,1.16,sip,,,PULLBACK,Pullback in uptrend,C,UPTREND,2.62,3.5,True,True,19,713.19,694.96,779.82,2.67,,1.0,Turning up - close above prior close and daily %K rising; confirmations 1/5 (need 3),Turning up - close above prior close and daily %K rising; confirmations 1/5 (need 3),,1,False,False,False,True,718.09,642.32,True,64.46,77.77,False,False,False,,660.8,779.82,718.09,671.51,True,48.42,58.05,False,False,False,,660.8,779.82,718.09,727.03,False,17.71,14.42,True,True,False,,713.19,779.82,716.6,727.5,10.9,28.91,37.7,698.59,745.51,713.19,694.96,779.82,T1 - nearest resistance >= 1 ATR above,2.67,False,748.75,722.4,False,down,channel sloping down,633.12,low,2026-07-30,True,20,13,3,4,10,down,1,mixed,1,703.23,738.04,772.84,-0.2,0.03,21.0,False,S1,1.45,False,1.25,False,2.17,681.96,-5.03,2.0,655.24,-8.75,3.0,779.82,8.6,1.0,2.67,,,,,"Meta Platforms, Inc.",Communication Services,Internet Content & Information,1823046369280,28.330166,20.547644,0.99,6.9802966,7.987165,25.26,0.28,0.29834998,0.34827,0.29848,0.28,21553625088.0,42.997,2.226,0.79017997,0.014099999,1.243,779.82,520.26,793.90735,76.2,Strong Buy,1.42,57,8.0,46.0,7.0,1.0,0.0,6.40,6.53,False,43,2026-10-28,29.0,False,True,2013-12-23,0,0,,0,,0,,10,49,-41.0,85,0,,,,not fetched for down-trend tickers,,True,False,True,False,False,False,False,,,,,,,,,,,,,,,,,,,,,,
MNST,down,WAIT,41.44,41.87,2026-09-28,True,41.58,16:56,-0.69,sip,41.91,02:51,0.1,boats,7,41.35,09:30,-1.24,sip,,,,,-,DOWNTREND,-3.66,-1.19,False,False,0,,,,,,,,downtrend (below a falling EMA50) - no long setup,,3,True,True,True,False,41.44,45.0,False,19.98,26.14,False,False,False,,41.05,45.08,41.44,44.34,False,14.17,21.1,False,False,False,,41.05,45.08,41.44,43.02,False,18.46,23.45,False,False,False,bullish_harami,41.05,43.17,41.05,41.9,0.85,0.97,87.6,40.93,42.02,41.05,40.56,42.19,T1 - nearest resistance,0.85,True,41.85,41.44,False,down,channel sloping down,41.44,low,2026-09-29,False,20,6,13,1,-7,down,4,up,1,40.92,41.62,42.31,-1.13,0.88,37.0,,,,,,,,,,,,,,42.19,1.81,1.0,0.85,45.05,8.71,4.0,4.1,Monster Beverage Corporation,Consumer Defensive,Beverages - Non-Alcoholic,82005909504,39.86667,31.974703,2.22,8.757322,8.895356,1.05,,0.23079,0.2918,0.25704,0.202,1681231104.0,0.992,3.729,0.69588995,0.030199999,0.515,50.17,32.94,50.23913,49.3,Buy,2.04,23,3.0,11.0,10.0,0.0,1.0,0.30,0.30,True,10,2026-11-05,37.0,False,True,2012-06-28,0,0,,0,,0,,N/A,0,N/A,0,0,,,,not fetched for down-trend tickers,,,,,,,,,,,,,,,,,,,,,,,,,,,,,,
MPC,down,WATCH,390.45,389.55,2026-09-28,True,389.55,19:12,0.0,sip,,,,,0,384.7,09:30,-1.25,sip,,,SUPPORT_BOUNCE,Support bounce,C,UPTREND_WEAK,1.71,1.75,False,True,67,378.95,370.69,431.08,2.06,,2.0,confirmations 2/5 (need 3),confirmations 2/5 (need 3),,0,False,False,False,False,390.45,362.21,True,23.37,22.97,True,True,False,,378.8,431.08,390.45,386.8,True,21.82,22.21,False,False,False,piercing_line,378.8,431.08,390.45,395.44,False,57.58,55.09,True,True,False,hammer,380.0,399.43,380.0,391.23,11.23,16.51,68.0,374.72,396.51,380.0,370.69,431.08,T1 - nearest resistance >= 1 ATR above,2.06,False,390.82,388.48,True,down,channel sloping down,379.06,low,2026-08-07,True,20,12,4,4,8,up,1,down,1,372.51,385.06,397.6,-0.74,0.46,71.0,True,S1,-0.21,True,0.14,False,0.7,388.16,-0.59,1.0,378.95,-2.95,2.0,431.08,10.41,1.0,2.06,,,,,Marathon Petroleum Corporation,Energy,Oil & Gas Refining & Marketing,109364396032,13.640631,8.262361,0.91,5.777184,0.73755926,28.55,1.02,0.05549,0.13561,0.42099,0.537,9249375232.0,133.328,1.25,0.79495,0.0319,0.527,431.08,161.93,375.5,84.9,Buy,2.32,18,4.0,5.0,9.0,0.0,1.0,22.74,19.49,True,17,2026-11-03,35.0,False,True,2011-07-01,0,1,2026-09-22 Jefferies: down -> Hold,0,,0,,N/A,0,N/A,0,0,,,,not fetched for down-trend tickers,,,,,,,,False,,,,,,True,True,False,True,False,,,,,,,,,,True,,
MRK,down,WAIT,146.96,148.73,2026-09-28,True,148.98,19:41,0.17,sip,148.49,01:33,-0.16,boats,2,148.66,09:30,-0.05,sip,,,,,-,UPTREND_WEAK,1.57,1.01,False,True,69,,,,,,,,"trend intact, but price is not at a level/MA and there is no fresh breakout",,3,True,False,True,True,146.96,141.69,True,51.75,53.19,False,False,False,,143.5,153.57,146.96,146.3,True,30.28,36.23,False,False,False,,143.5,153.57,146.96,148.16,False,20.73,35.52,False,False,False,,146.09,150.36,146.09,150.36,4.27,3.35,127.5,147.01,149.44,146.09,144.42,153.19,T1 - nearest resistance,2.45,False,148.71,147.35,False,down,channel sloping down,142.54,low,2026-07-21,True,20,7,7,6,0,down,2,mixed,1,145.27,147.69,150.11,-0.25,0.28,35.0,False,S1,0.87,True,0.36,False,1.39,145.75,-0.82,1.0,142.32,-3.16,1.0,153.19,4.24,2.0,2.45,156.92,6.78,1.0,3.92,"Merck & Co., Inc.",Healthcare,Drug Manufacturers - General,366843756544,118.952,15.597333,2.72,8.753679,5.51073,1.25,2.29,0.047659997,-0.00241,0.06961,0.051,15171500032.0,128.408,1.323,0.83064,0.0139999995,0.226,156.92,78.4,153.65385,87.3,Buy,1.75,26,5.0,15.0,8.0,0.0,0.0,2.19,2.21,False,18,2026-10-29,30.0,False,True,1957-03-04,0,0,2026-09-10 HSBC: main -> Buy,0,,0,,N/A,0,N/A,0,0,,,,not fetched for down-trend tickers,,,,,,,,,,,,,,,,,,,,,,,,,,,,,,
MRVL,down,WATCH,262.43,251.89,2026-09-28,True,252.35,19:59,0.18,sip,254.0,03:56,0.84,boats,1903,258.65,09:30,2.68,sip,,,SUPPORT_BOUNCE,Support bounce,C,UPTREND,2.44,2.67,True,True,11,252.93,246.68,292.5,1.91,,2.0,confirmations 2/5 (need 3),confirmations 2/5 (need 3),,0,False,False,False,False,262.43,231.97,True,83.77,85.32,False,True,True,,224.58,267.48,262.43,239.73,True,63.41,68.06,False,True,False,,220.96,267.48,262.43,254.24,True,71.67,53.54,True,True,False,,248.14,267.48,256.88,263.69,6.81,12.51,54.4,251.18,269.39,248.14,246.68,292.5,T1 - nearest resistance >= 1 ATR above,1.91,False,258.71,261.21,True,down,channel sloping down,224.96,low,2026-07-29,True,20,10,6,4,4,down,1,up,1,250.01,258.47,266.93,-0.04,0.0,73.0,True,S1,0.46,False,0.76,False,1.64,252.93,-3.62,3.0,241.88,-7.83,1.0,266.74,1.64,2.0,0.27,,,,,"Marvell Technology, Inc.",Technology,Semiconductors,226383691776,86.86206,37.21305,1.39,12.108248,23.955185,3.01,0.09,0.27934998,0.16679001,0.16523,0.365,2408049920.0,28.525,3.168,0.81813,0.0418,2.253,329.88,70.69,290.389,74.0,Strong Buy,1.41,43,9.0,32.0,5.0,0.0,0.0,1.10,1.10,True,34,2026-12-01,63.0,False,True,2026-06-22,0,0,2026-09-23 Seaport Global: init -> Buy,0,,0,,N/A,0,N/A,0,0,,,,not fetched for down-trend tickers,,,,,,,False,True,,,,,,True,True,False,False,True,,,,,,,,,,,,
MSFT,up,WATCH,508.49,509.47,2026-09-28,True,509.3,19:59,-0.03,sip,508.17,03:59,-0.26,boats,864,507.5,09:30,-0.39,sip,,,MA_BOUNCE,MA bounce,C,UPTREND,2.48,1.28,True,True,43,499.42,490.62,544.23,2.0,,1.0,Rejection - closed back above the test bar / upper half of range; confirmations 1/5 (need 3),Rejection - closed back above the test bar / upper half of range; confirmations 1/5 (need 3),,0,False,False,False,False,508.49,479.38,True,75.91,68.98,True,True,False,,487.23,519.4,508.49,496.11,True,66.51,75.39,False,False,False,,487.23,519.4,508.49,504.29,True,36.92,43.81,False,False,False,,494.71,519.4,502.4,513.64,11.24,11.73,95.8,501.91,514.13,494.71,490.62,544.23,2R - no resistance above,2.0,False,497.7,508.33,True,up,channel rising (R2 0.58),476.36,low,2026-07-23,True,20,8,8,4,0,mixed,1,up,1,502.82,512.99,523.16,0.57,0.58,28.0,False,S1,1.5,False,1.58,False,2.61,489.96,-3.64,5.0,477.84,-6.03,2.0,515.3,1.34,5.0,0.38,,,,,Microsoft Corporation,Technology,Software - Infrastructure,3781236359168,28.353008,21.507965,1.68,8.548981,11.394792,17.96,0.76,0.40305,0.45111,0.34039003,0.177,16545500160.0,29.118,1.23,0.75803,0.0091,1.108,553.72,349.2,577.26135,77.9,Strong Buy,1.33,52,14.0,39.0,2.0,0.0,0.0,4.72,4.72,True,25,2026-10-28,29.0,False,True,1994-06-01,1,0,2026-09-23 Stifel: up -> Buy,0,,0,,30,20,-37.5,3735,23,2026-09-29 09:30,What Will Decide Apple Stock Over The Next Six Months?,https://finnhub.io/api/news?id=3f3f6fa9bc9371e6b46f40fe64c2566d1936cdbe120db11fe0f2ff3ade33bb75,,,,,,,,False,False,,,,,True,,False,,False,,,,,,,,,True,True,,False,
MTCH,down,WAIT,39.65,39.53,2026-09-28,True,39.4,18:58,-0.33,sip,,,,,0,39.32,09:30,-0.53,sip,,,,,-,DOWNTREND,-0.58,-0.13,False,True,0,,,,,,,,downtrend (below a falling EMA50) - no long setup,,3,True,True,True,False,39.65,40.4,False,11.48,16.21,False,False,False,,39.11,44.58,39.65,41.31,False,6.38,11.88,False,False,False,,39.11,44.94,39.65,40.94,False,17.97,13.73,True,True,False,,39.11,41.43,39.11,39.67,0.56,1.28,43.8,38.39,40.39,39.11,38.47,39.96,T1 - nearest resistance,0.26,True,40.55,39.44,True,down,channel sloping down,40.72,low,2026-08-06,False,20,4,9,7,-5,down,2,mixed,1,37.93,39.18,40.44,-1.37,0.75,69.0,False,S1,0.79,False,1.05,False,1.61,38.31,-3.38,1.0,37.59,-5.2,2.0,39.96,0.78,5.0,0.26,41.22,3.96,2.0,1.33,,Communication Services,Internet Content & Information,9216360448,14.367272,8.631273,0.34,-38.322014,2.584421,2.75,1.97,0.20169,0.28771,,-0.012,930664000.0,,1.724,1.09436,0.057800002,1.323,44.935,28.81,41.88235,67.2,Buy,2.40,17,2.0,5.0,13.0,0.0,0.0,1.01,0.93,True,5,2026-11-03,35.0,False,False,,0,0,,0,,0,,N/A,0,N/A,0,0,,,,not fetched for down-trend tickers,,,,,,,,,,,,,,,,,,,,,,,,,,,,,,
MTSI,down,WATCH,284.26,278.59,2026-09-28,True,278.56,16:26,-0.01,sip,,,,,0,280.59,09:30,0.72,sip,,,MA_RECLAIM,MA reclaim (early trend),C,EARLY_UPTREND,0.23,0.07,True,True,1,281.09,270.93,318.42,2.56,,3.0,Held 2+ closes above EMA50 (has 1),Held 2+ closes above EMA50 (has 1),,1,False,False,False,True,284.26,281.09,True,87.86,88.41,False,False,True,bullish_harami;hammer,242.16,289.26,284.26,273.99,True,64.28,71.25,False,False,False,hammer,235.63,289.26,284.26,277.11,True,67.49,54.26,True,True,False,,274.48,289.26,279.02,286.3,7.28,13.55,53.7,272.75,292.57,274.48,270.93,318.42,T1 - nearest resistance >= 1 ATR above,2.56,False,278.98,283.74,True,down,channel rising but weak fit (R2 0.07 < 0.5),274.47,low,2026-07-29,True,20,9,9,2,0,down,1,up,1,272.67,281.22,289.77,0.2,0.07,68.0,False,S1,1.05,False,1.32,False,2.25,266.42,-6.28,1.0,253.72,-10.74,2.0,286.98,0.96,5.0,0.2,318.42,12.02,1.0,2.56,"MACOM Technology Solutions Holdings, Inc.",Technology,Semiconductors,21273884672,91.032684,32.82502,2.05,13.806502,18.276941,3.06,,0.20698999,0.23337,0.17184,0.358,104351504.0,26.873,2.338,0.97331,0.0435,1.708,418.9,121.97,395.33334,54.7,Buy,1.56,15,3.0,10.0,3.0,0.0,0.0,1.97,2.00,False,16,2026-11-05,37.0,False,False,,1,0,2026-09-18 BMO Capital: up -> Outperform,0,,0,,N/A,0,N/A,0,0,,,,not fetched for down-trend tickers,,,,,,,,,,,,,,,,,,,False,True,True,True,False,False,True,,,,,
MU,down,WATCH,1068.86,1053.89,2026-09-28,True,1055.37,19:59,0.14,sip,1071.13,03:59,1.64,boats,13002,1076.56,09:30,2.15,sip,,,SUPPORT_BOUNCE,Support bounce,C,UPTREND_WEAK,2.29,2.38,False,True,9,1038.01,1016.16,1213.55,2.75,,0.0,confirmations 0/5 (need 3),confirmations 0/5 (need 3),,0,False,False,False,False,1068.86,968.87,True,80.32,82.76,False,False,True,,917.65,1108.72,1068.86,1001.39,True,61.58,68.71,False,False,False,,917.65,1108.72,1068.86,1051.09,True,70.96,59.17,True,True,False,,1032.0,1108.72,1057.7,1082.66,24.96,43.7,57.1,1038.96,1101.4,1032.0,1016.16,1213.55,T1 - nearest resistance >= 1 ATR above,2.75,False,1081.17,1071.66,False,down,channel rising but weak fit (R2 0.03 < 0.5),934.89,low,2026-07-29,True,20,9,6,5,3,down,1,up,1,1040.81,1071.46,1102.12,0.11,0.03,46.0,False,S1,0.88,False,0.71,False,1.92,1038.01,-2.89,3.0,984.96,-7.85,4.0,1108.72,3.73,1.0,0.76,,,,,"Micron Technology, Inc.",Technology,Semiconductors,1190357762048,24.44862,6.542628,0.16,11.813933,13.186053,43.11,0.05,0.55906,0.80370003,0.66638,3.457,7639499776.0,6.33,3.425,0.799,0.024500001,2.222,1255.0,163.96,1520.7609,82.9,Strong Buy,1.37,46,9.0,36.0,3.0,0.0,1.0,31.71,31.33,True,33,2026-09-30,1.0,True,True,1994-09-27,0,0,2026-09-28 Wedbush: reit -> Outperform,0,,0,,2,171,0.6,4507,0,,,,not fetched for down-trend tickers,,,,,,,False,False,,,,,,True,True,False,False,False,,,,,,,,,,,,
NBIS,down,WATCH,240.68,231.81,2026-09-28,True,232.25,19:59,0.19,sip,233.46,03:55,0.71,boats,1716,235.41,09:30,1.55,sip,,,PULLBACK,Pullback in uptrend,C,UPTREND,1.27,1.51,True,False,9,194.8,190.97,279.83,0.79,226.51,2.0,confirmations 2/5 (need 3); R:R 0.79 below 1.5,confirmations 2/5 (need 3); R:R 0.79 below 1.5,SUPPORT_BOUNCE(watch); MA_BOUNCE(watch),1,False,False,False,True,240.68,221.2,True,69.14,67.38,True,True,False,,208.48,249.19,240.68,225.93,True,61.93,63.68,False,True,False,,206.85,249.19,240.68,234.04,True,75.93,60.26,True,True,False,,228.38,249.19,233.61,246.98,13.37,15.33,87.2,231.65,248.94,228.38,190.97,279.83,T1 - nearest resistance >= 1 ATR above,0.79,True,233.85,242.15,False,down,channel rising but weak fit (R2 0.09 < 0.5),220.4,low,2026-07-29,True,20,9,7,4,2,down,1,mixed,1,229.58,239.09,248.6,0.31,0.09,58.0,True,S1,0.39,False,0.73,False,2.64,229.42,-4.68,4.0,200.19,-16.82,3.0,251.97,4.69,2.0,0.23,280.83,16.68,1.0,0.81,,Communication Services,Internet Content & Information,63037792256,,-66.353615,0.54,6.147076,43.446175,-0.07,,0.03129,-0.00223,0.00601,4.54,-9614650368.0,98.596,4.03,0.69456,0.1981,1.436,299.86,73.52,283.57895,73.9,Buy,1.89,19,2.0,5.0,1.0,1.0,0.0,-1.46,-1.12,False,3,2026-11-10,42.0,False,False,,1,0,2026-09-24 BNP Paribas: up -> Outperform,0,,0,,24,25,150.0,355,0,,,,not fetched for down-trend tickers,,True,True,True,False,True,False,False,,,,,,,,,,,,,,,,,,,,,,
NEM,down,WAIT,116.44,116.04,2026-09-28,True,116.29,19:58,0.22,sip,117.0,03:34,0.83,boats,117,117.32,09:30,1.1,sip,,,,,-,RANGE,-0.4,0.28,False,True,0,,,,,,,,no trend (below a flat EMA50) - wait for a reclaim or a breakout,,3,True,True,True,False,116.44,118.12,False,11.88,14.57,False,True,False,,114.63,128.09,116.44,122.06,False,12.56,14.43,False,False,False,,114.63,128.09,116.44,120.74,False,27.33,26.43,True,True,False,bullish_harami,114.63,121.94,115.97,117.8,1.83,4.17,43.9,113.63,120.14,114.63,112.55,120.58,T1 - nearest resistance,1.06,True,121.23,116.84,False,down,channel sloping down,119.59,low,2026-07-29,False,20,6,11,3,-5,down,4,up,1,113.67,117.32,120.98,-1.0,0.63,38.0,False,S1,0.97,False,0.76,False,4.65,113.28,-2.71,1.0,97.05,-16.65,3.0,120.58,3.56,3.0,1.06,126.0,8.21,1.0,2.46,Newmont Corporation,Basic Materials,Gold,122280992768,15.310027,11.343232,2.78,3.4870796,4.745643,7.93,0.86,0.33363998,0.51569,0.25905,0.151,8815875072.0,15.807,2.546,0.81622005,0.0183,0.543,135.29,76.05,137.07143,68.2,Buy,1.57,21,5.0,15.0,2.0,1.0,0.0,1.94,1.92,True,7,2026-10-22,23.0,False,True,1969-06-30,0,0,2026-09-16 RBC Capital: main -> Outperform,0,,0,,N/A,0,N/A,0,0,,,,not fetched for down-trend tickers,,,,,,,,,,,,,,,,,,,,,,,,,,,,,,
NESR,filtered,WAIT,26.15,29.83,2026-09-28,True,30.19,19:47,1.21,sip,29.92,02:48,0.3,boats,4,27.51,09:30,-7.78,sip,,,,,-,DOWNTREND,-3.37,-0.66,False,False,0,,,,,,,,downtrend (below a falling EMA50) - no long setup,,4,True,True,True,True,26.15,31.55,False,11.64,25.02,False,False,False,,25.77,33.62,26.15,32.43,False,3.36,12.69,False,False,False,,25.77,33.62,26.15,31.5,False,4.88,3.93,True,True,False,,25.77,33.27,25.77,28.92,3.15,1.6,196.9,27.32,27.37,25.77,24.97,27.03,T1 - nearest resistance,0.75,True,32.29,26.72,False,down,channel sloping down,32.77,low,2026-07-29,False,20,7,8,5,-1,down,1,mixed,1,27.4,30.01,32.61,-1.88,0.43,-24.0,False,S1,1.96,False,1.11,,,24.37,-6.81,1.0,,,,27.03,3.37,1.0,0.75,30.01,14.76,3.0,3.27,National Energy Services Reunited Corp.,Energy,Oil & Gas Equipment & Services,3006390784,35.070587,10.8790455,,2.885211,1.8570406,0.85,,0.05768,0.124510005,0.09438,0.591,137608992.0,29.256,1.017,0.93193,0.0477,0.399,36.94,9.95,43.14286,60.0,Buy,1.57,7,4.0,3.0,0.0,0.0,0.0,0.49,0.53,False,5,2026-11-12,44.0,False,False,,0,0,,0,,0,,N/A,0,N/A,0,0,,,,ticker filtered out,,,,,,,,,,,,,,,,,,,,,,,,,,,,,,
NOW,down,WATCH,131.14,131.44,2026-09-28,True,131.06,19:59,-0.29,sip,131.21,03:30,-0.17,boats,30,131.06,09:30,-0.29,sip,,,PULLBACK,Pullback in uptrend,C,UPTREND,0.5,1.19,True,False,46,126.75,125.37,139.2,1.4,130.9,4.0,Turning up - close above prior close and daily %K rising; R:R 1.40 below 1.5,Turning up - close above prior close and daily %K rising; R:R 1.40 below 1.5,MA_BOUNCE(watch); SUPPORT_BOUNCE(watch),0,False,False,False,False,131.14,128.36,True,24.7,33.81,False,False,False,,126.75,142.1,131.14,134.5,False,29.34,23.08,True,True,False,,126.75,145.33,131.14,135.76,False,43.41,41.24,True,True,False,bullish_harami,126.75,139.83,129.3,132.44,3.14,5.52,56.9,126.92,134.82,126.75,125.37,139.2,T1 - nearest resistance >= 1 ATR above,1.4,True,137.34,131.3,False,down,channel sloping down,124.07,low,2026-07-23,True,20,5,10,5,-5,down,2,mixed,3,128.38,133.15,137.93,-0.72,0.39,29.0,True,S1,0.11,True,0.13,False,1.68,130.44,-0.53,3.0,121.88,-7.06,1.0,135.72,3.49,2.0,0.79,142.1,8.36,1.0,1.9,"ServiceNow, Inc.",Technology,Software - Application,135901159424,82.15625,26.26106,0.98,10.858252,9.2248955,1.6,,0.11336,0.04063,0.14244,0.24,5149374976.0,67.538,0.701,0.84849,0.0279,0.972,192.966,81.24,144.99261,44.7,Strong Buy,1.43,46,10.0,35.0,2.0,1.0,1.0,1.03,1.03,True,39,2026-10-28,29.0,False,True,2019-11-21,0,0,2026-09-21 Cantor Fitzgerald: main -> Overweight,0,,0,,90,5,25.0,15,0,,,,not fetched for down-trend tickers,,True,False,True,True,True,True,False,,,,,,,,,,,,,,,,,,,,,,
NTAP,up,BUY,205.35,204.52,2026-09-28,True,205.81,19:51,0.63,sip,,,,,0,204.5,09:30,-0.01,sip,,,MA_BOUNCE,MA bounce,B,UPTREND,2.52,1.74,True,True,115,195.25,189.71,236.63,2.0,,3.0,,,FRESH_BREAKOUT(watch); SUPPORT_BOUNCE(watch),0,False,False,False,False,205.35,186.76,True,94.28,87.69,True,True,True,hammer,186.13,206.17,205.35,193.47,True,95.91,89.47,True,True,True,hammer,186.13,206.17,205.35,199.0,True,89.17,90.83,False,False,True,bullish_harami,196.24,206.17,200.79,206.17,5.38,7.38,72.9,198.79,208.17,196.24,189.71,236.63,2R - no resistance above,2.0,False,203.88,204.36,True,up,channel rising (R2 0.64),191.74,low,2026-09-03,True,20,9,5,6,4,up,1,mixed,1,199.18,203.7,208.23,0.73,0.64,68.0,False,S1,0.58,False,0.7,False,1.35,200.2,-2.51,2.0,195.38,-4.86,2.0,209.06,1.81,1.0,0.24,,,,,"NetApp, Inc.",Technology,Software - Infrastructure,40150011904,28.39028,18.38064,2.23,26.797327,5.432284,7.2,1.03,0.19184999,0.26667,1.14818,0.299,1171374976.0,169.498,1.242,1.01977,0.051799998,1.432,209.06,93.69,197.0,96.8,Buy,2.30,16,2.0,6.0,12.0,0.0,0.0,2.60,2.16,True,18,2026-12-01,63.0,False,True,1999-06-25,0,0,2026-09-03 Wells Fargo: main -> Equal-Weight,0,,0,,N/A,0,N/A,0,1,2026-09-29 07:29,Seagate vs. NetApp: Which AI Data Storage Stock is the Smarter Bet?,https://finnhub.io/api/news?id=6bdb17d201e5d5aefc9e1d809dfe3e82e03623346d2025eedd73ee2e796e0904,,,,,,,,,False,,,,,True,,True,,False,,,,,,,,,True,True,,True,True
NVDA,down,BUY,230.12,228.88,2026-09-28,True,229.42,19:59,0.24,sip,230.19,03:59,0.57,boats,9717,230.92,09:30,0.89,sip,,,MA_BOUNCE,MA bounce,B,UPTREND,2.29,0.91,True,False,9,222.94,219.0,252.36,2.0,,3.0,,,PULLBACK(BUY); FRESH_BREAKOUT(watch),0,False,False,False,False,230.12,218.08,True,78.2,70.24,True,True,False,,212.5,233.21,230.12,221.73,True,76.19,72.68,True,True,False,,211.33,233.21,230.12,225.67,True,69.28,66.24,True,True,False,bullish_harami,223.13,233.21,229.22,232.82,3.6,5.26,68.4,227.56,234.48,223.13,219.0,252.36,2R - no resistance above,2.0,False,224.61,230.64,False,down,channel rising but weak fit (R2 0.06 < 0.5),218.82,low,2026-07-29,True,20,12,8,0,4,up,2,down,2,222.55,227.74,232.93,0.14,0.06,73.0,True,S1,0.28,True,0.13,False,1.02,229.46,-0.29,3.0,224.76,-2.33,1.0,234.76,2.02,1.0,0.42,,,,,NVIDIA Corporation,Technology,Semiconductors,5526282305536,28.500624,14.593216,0.47,24.133713,18.24036,8.03,0.44,0.63663,0.66236997,1.17211,1.059,41809874944.0,16.971,4.589,0.71419,0.0127,2.217,236.54,164.27,327.7,91.1,Strong Buy,1.30,59,10.0,48.0,2.0,1.0,0.0,2.47,2.47,True,43,2026-11-17,49.0,False,True,2001-11-30,0,0,2026-09-10 Piper Sandler: init -> Overweight,0,,0,,3,88,-22.1,4015,0,,,,not fetched for down-trend tickers,,,,,,,True,False,,,,,True,,True,,False,,,,,,,,,True,True,,True,
NWS,down,WAIT,31.3,32.24,2026-09-28,True,32.24,16:00,0.0,sip,,,,,0,31.37,09:30,-2.7,sip,,,,,-,DOWNTREND,-1.71,-0.66,False,False,0,,,,,,,,downtrend (below a falling EMA50) - no long setup,,3,True,True,True,False,31.3,32.6,False,20.93,18.19,True,False,False,,31.15,33.86,31.3,32.82,False,29.47,29.42,True,False,False,,31.15,33.9,31.3,32.06,False,18.15,45.92,False,False,False,,31.15,32.27,31.26,32.15,0.88,0.76,115.8,31.39,32.02,31.15,30.77,31.57,T1 - nearest resistance,0.51,True,31.53,31.53,False,down,channel sloping down,33.09,low,2026-07-23,False,20,3,9,8,-6,mixed,3,down,1,30.63,31.38,32.14,-0.51,0.43,44.0,True,S1,0.47,True,0.38,False,2.24,31.01,-0.93,3.0,29.6,-5.43,1.0,31.57,0.86,1.0,0.51,32.08,2.49,1.0,1.47,News Corporation,Communication Services,Entertainment,17394434048,30.704765,21.326702,2.85,2.054943,1.9267207,1.05,0.63,0.06347,0.12537,0.07979,0.108,1045124992.0,31.561,1.623,0.50158,0.0868,0.923,35.76,25.49,,56.6,Strong Buy,1.50,N/A,2.0,5.0,1.0,0.0,0.0,0.26,0.26,True,4,2026-11-05,37.0,False,True,2015-09-18,0,0,,0,,0,,N/A,0,N/A,0,0,,,,not fetched for down-trend tickers,,,,,,,,,,,,,,,,,,,,,,,,,,,,,,
NWSA,down,WAIT,28.33,29.1,2026-09-28,True,28.69,16:59,-1.41,sip,,,,,0,28.61,09:30,-1.68,sip,,,,,-,DOWNTREND,-0.99,-0.42,False,False,0,,,,,,,,downtrend (below a falling EMA50) - no long setup,,3,True,True,True,False,28.33,29.06,False,23.57,19.32,True,False,False,,27.98,30.64,28.33,29.43,False,30.24,27.07,True,False,False,,27.98,30.64,28.33,28.9,False,36.42,58.0,False,False,False,,27.98,29.12,28.31,29.05,0.74,0.73,101.4,28.32,29.04,27.98,27.61,29.04,T1 - nearest resistance,0.99,True,28.49,28.54,False,down,channel sloping down,29.28,low,2026-07-23,False,20,2,8,10,-6,mixed,3,down,1,27.47,28.2,28.93,-0.64,0.5,59.0,True,S1,0.45,True,0.07,False,1.25,28.28,-0.18,3.0,27.42,-3.21,1.0,29.04,2.51,3.0,0.99,30.18,6.53,1.0,2.57,News Corporation,Communication Services,Entertainment,15700310016,27.714287,19.249598,2.56,1.8548027,1.7390685,1.03,0.7,0.06347,0.12537,0.07979,0.108,1045124992.0,31.561,1.623,1.0849199,0.032899998,0.923,31.66,22.2,36.1625,64.8,Strong Buy,1.50,8,2.0,5.0,1.0,0.0,0.0,0.26,0.26,True,4,2026-11-05,37.0,False,True,2013-08-01,0,0,,0,,0,,N/A,0,N/A,0,0,,,,not fetched for down-trend tickers,,,,,,,,,,,,,,,,,,,,,,,,,,,,,,
OKTA,down,WATCH,202.58,202.17,2026-09-28,True,202.74,18:48,0.28,sip,,,,,0,205.5,09:30,1.65,sip,,,PULLBACK,Pullback in uptrend,C,UPTREND,3.42,5.19,True,True,24,190.74,188.02,231.69,2.0,,2.0,Turning up - close above prior close and daily %K rising; confirmations 2/5 (need 3); extended 3.4 ATR above EMA50,Turning up - close above prior close and daily %K rising; confirmations 2/5 (need 3); extended 3.4 ATR above EMA50,,1,False,False,False,True,202.58,165.45,True,73.05,77.04,False,False,False,,180.55,212.5,202.58,180.62,True,67.64,61.61,True,True,False,,180.55,212.5,202.58,197.82,True,66.43,69.62,False,False,False,,190.74,211.86,200.59,208.69,8.1,10.86,74.6,197.83,211.45,190.74,188.02,231.69,2R - no resistance above,2.0,False,203.23,203.47,False,down,channel rising but weak fit (R2 0.3 < 0.5),178.61,low,2026-08-26,True,20,9,7,4,2,down,2,up,3,194.99,205.19,215.38,0.8,0.3,37.0,False,S1,1.19,False,0.92,False,2.03,192.55,-4.95,1.0,180.55,-10.87,1.0,212.5,4.9,1.0,0.68,,,,,"Okta, Inc.",Technology,Software - Infrastructure,35345293312,121.065865,46.175842,1.61,5.068819,11.501885,1.66,,0.09632,0.13292,0.043130003,0.106,1037625024.0,0.76,1.525,0.99362,0.054899998,0.789,212.5,62.66,211.20256,93.4,Buy,1.66,43,9.0,25.0,10.0,0.0,0.0,0.93,0.94,False,41,2026-12-01,63.0,False,False,,0,1,2026-09-28 Scotiabank: main -> Sector Outperform,0,,0,,N/A,0,N/A,0,0,,,,not fetched for down-trend tickers,,True,False,True,False,True,False,False,,,,,,,,,,,,,,,,,,,,,,
ONTO,up,WATCH,300.46,288.63,2026-09-28,True,288.74,16:00,0.04,sip,,,,,0,295.89,09:30,2.52,sip,,,MA_RECLAIM,MA reclaim (early trend),C,EARLY_UPTREND,1.34,0.55,True,False,3,281.19,270.37,330.52,1.0,294.43,3.0,R:R 1.00 below 1.5,R:R 1.00 below 1.5,,0,False,False,False,False,300.46,281.19,True,94.57,90.81,True,True,True,,240.2,303.37,300.46,277.03,True,92.22,92.69,False,False,True,,240.01,303.37,300.46,281.05,True,87.95,83.65,True,True,True,bullish_harami,275.87,303.37,295.89,303.37,7.48,14.43,51.8,288.94,310.32,275.87,270.37,330.52,T1 - nearest resistance >= 1 ATR above,1.0,True,275.64,300.35,True,up,channel rising (R2 0.65),282.17,low,2026-07-29,True,20,9,8,3,1,mixed,1,up,1,284.13,292.02,299.91,0.92,0.65,103.0,False,S1,0.5,False,0.82,False,1.87,288.62,-3.94,1.0,273.46,-8.99,2.0,304.69,1.41,2.0,0.14,330.52,10.0,2.0,1.0,Onto Innovation Inc.,Technology,Semiconductor Equipment & Materials,17648781312,107.33829,24.704983,0.81,7.3635616,15.755914,2.69,,0.11838,0.2297,0.06825,0.353,202947248.0,76.547,9.726,1.0152301,0.071,1.583,386.46,118.97,386.36365,67.8,Strong Buy,1.18,11,2.0,9.0,0.0,0.0,0.0,2.30,2.30,True,10,2026-11-05,37.0,False,False,,0,0,2026-09-08 Morgan Stanley: main -> Overweight,0,,0,,N/A,0,N/A,0,0,,,,,,,,,,,,,,,,,,,,,,,True,True,True,True,False,False,True,,,,,
ORCL,down,WAIT,139.3,132.63,2026-09-28,True,132.38,19:59,-0.19,sip,132.86,03:59,0.17,boats,1426,133.08,09:30,0.34,sip,,,,,-,DOWNTREND,-1.03,-1.3,False,True,0,,,,,,,,downtrend (below a falling EMA50) - no long setup,,3,True,True,True,False,139.3,147.2,False,11.72,11.94,False,True,False,,131.58,153.6,139.3,145.33,False,16.02,14.29,True,True,False,,131.58,153.6,139.3,141.03,False,68.14,51.27,True,True,False,,131.58,143.67,132.53,143.67,11.14,7.69,144.9,135.98,140.22,131.58,127.74,150.95,T1 - nearest resistance,1.01,True,138.41,139.59,False,down,channel sloping down,145.12,low,2026-07-28,False,20,6,11,3,-5,down,1,up,1,127.57,133.14,138.7,-1.98,0.79,105.0,False,S2,0.55,True,0.08,False,1.36,138.72,-0.42,4.0,128.84,-7.51,1.0,150.95,8.36,6.0,1.01,159.26,14.33,1.0,1.73,Oracle Corporation,Technology,Software - Infrastructure,401977049088,21.491087,12.057626,0.77,6.4866457,5.600438,6.17,1.46,0.2636,0.35632,0.41192,0.296,-45853626368.0,251.716,1.171,0.43467999,0.0273,1.732,322.54,114.5,237.97415,11.9,Buy,1.60,41,8.0,27.0,7.0,1.0,0.0,1.74,1.74,True,35,2026-12-10,72.0,False,True,1989-08-31,0,0,2026-09-14 Freedom Broker: main -> Buy,0,,0,,14,40,81.8,1343,0,,,,not fetched for down-trend tickers,,,,,,,,,,,,,,,,,,,,,,,,,,,,,,
P,up,WAIT,129.53,129.44,2026-09-28,True,129.75,19:51,0.24,sip,129.0,03:59,-0.34,boats,10,130.52,09:30,0.83,sip,,,,,-,UPTREND,4.22,5.47,True,True,43,,,,,,,,extended 4.2 ATR above EMA50 with no fresh breakout - wait for a pullback to value,,2,True,False,True,False,129.53,100.2,True,91.33,86.04,True,True,True,,95.43,132.43,129.53,107.29,True,91.85,89.57,True,True,True,,95.43,132.43,129.53,119.2,True,63.41,71.3,False,False,False,hammer,121.64,132.43,127.71,132.43,4.72,6.96,67.8,125.47,134.67,121.64,118.16,131.41,T1 - nearest resistance,0.17,True,109.73,129.75,False,up,channel rising (R2 0.74),104.69,low,2026-07-28,True,20,10,5,5,5,up,1,mixed,1,123.13,132.05,140.97,2.82,0.74,36.0,False,S1,1.66,False,1.52,False,2.34,118.95,-8.17,2.0,113.25,-12.57,2.0,131.41,1.45,1.0,0.17,,,,,"Everpure, Inc.",Technology,Computer Hardware,43119607808,172.53333,36.452038,2.57,27.99048,10.116868,0.75,,0.05943,0.053260002,0.17714001,0.377,-114351752.0,14.622,1.511,0.85326,0.028800001,1.434,131.41,56.78,145.3158,97.5,Buy,1.55,19,5.0,13.0,1.0,1.0,0.0,0.77,0.65,True,19,,,False,True,2026-09-21,0,0,2026-09-25 Barclays: main -> Equal-Weight,0,,2,Everpure’s $7 Billion Forecast Just Blew Past Wall Street’s Numbers,N/A,0,N/A,0,1,2026-09-29 07:01,Chief Product Officer Of Everpure Sold $5.33M In Stock,https://finnhub.io/api/news?id=ce5a347880eeb71300adb88f92ec598e00b99383a2c0ecc923f8657de439b56a,,,,,,,,,,,,,,,,,,,,,,,,,,,,,,,
PAA,down,WAIT,24.2,24.53,2026-09-28,True,24.59,19:44,0.24,sip,,,,,0,24.36,09:30,-0.69,sip,,,,,-,DOWNTREND,-0.77,-0.13,False,True,0,,,,,,,,downtrend (below a falling EMA50) - no long setup,,3,True,True,True,False,24.2,24.58,False,11.47,12.13,False,False,False,,24.12,25.78,24.2,24.96,False,19.77,20.56,False,False,False,,24.12,26.0,24.2,24.68,False,18.91,33.18,False,False,False,hammer,24.12,24.82,24.13,24.44,0.31,0.5,62.0,23.94,24.63,24.12,23.87,25.06,T1 - nearest resistance,2.61,False,24.65,24.24,False,down,channel sloping down,24.87,low,2026-08-07,False,20,6,8,6,-2,up,1,down,1,23.88,24.19,24.49,-0.51,0.73,52.0,True,S1,0.42,True,0.1,False,1.8,24.15,-0.21,2.0,23.3,-3.72,1.0,25.06,3.55,4.0,2.61,25.74,6.36,3.0,4.67,"Plains All American Pipeline, L.P.",Energy,Oil & Gas Midstream,17307545600,20.788137,12.855182,2.35,1.9141632,0.3308966,1.18,6.69,0.05286,0.02775,0.10184,0.663,1402625024.0,60.423,1.116,0.41581002,0.026199998,0.488,26.39,15.69,26.0,79.5,Buy,2.29,16,2.0,6.0,7.0,0.0,2.0,0.46,0.45,True,8,2026-11-04,36.0,False,False,,0,0,2026-09-21 UBS: main -> Buy,0,,0,,N/A,0,N/A,0,0,,,,not fetched for down-trend tickers,,,,,,,,,,,,,,,,,,,,,,,,,,,,,,
PANW,down,WATCH,380.7,392.06,2026-09-28,True,392.2,19:58,0.04,sip,392.43,03:29,0.09,boats,47,389.81,09:30,-0.57,sip,,,MA_BOUNCE,MA bounce,C,UPTREND,1.43,2.06,True,True,12,370.23,356.1,429.9,2.0,,2.0,Rejection - closed back above the test bar / upper half of range; confirmations 2/5 (need 3),Rejection - closed back above the test bar / upper half of range; confirmations 2/5 (need 3),PULLBACK(watch),0,False,False,False,False,380.7,353.74,True,80.26,83.89,False,False,True,,356.0,396.3,380.7,366.74,True,78.39,71.53,True,True,False,,356.0,396.3,380.7,379.91,True,52.53,65.88,False,False,False,,367.27,394.5,377.96,391.75,13.79,18.83,73.2,372.92,396.79,367.27,356.1,429.9,2R - no resistance above,2.0,False,391.27,382.85,False,down,channel rising but weak fit (R2 0.34 < 0.5),358.78,low,2026-07-28,True,20,9,5,6,4,mixed,1,down,1,375.74,389.47,403.19,0.62,0.34,18.0,False,S1,1.98,False,1.5,False,3.21,352.5,-7.41,2.0,320.25,-15.88,5.0,385.23,1.19,6.0,0.18,,,,,"Palo Alto Networks, Inc.",Technology,Software - Infrastructure,320729612288,911.83716,80.361626,1.91,11.623336,27.938118,0.43,,0.02674,0.05396,0.01739,0.345,4240624896.0,9.337,0.871,0.84440005,0.0269,0.908,398.88,139.57,396.12,93.0,Buy,1.71,50,10.0,32.0,11.0,1.0,1.0,0.97,0.93,True,45,2026-11-19,51.0,False,True,2023-06-20,0,1,2026-09-28 BTIG: main -> Buy,0,,0,,N/A,0,N/A,0,0,,,,not fetched for down-trend tickers,,,,,,,False,False,,,,,True,,False,,False,,,,,,,,,True,True,,True,
PARR,down,WATCH,78.31,77.96,2026-09-28,True,78.88,19:44,1.18,sip,,,,,0,77.0,09:30,-1.23,sip,,,SUPPORT_BOUNCE,Support bounce,C,UPTREND_WEAK,0.24,0.06,False,True,3,73.51,71.39,87.24,1.29,77.73,2.0,confirmations 2/5 (need 3); R:R 1.29 below 1.5,confirmations 2/5 (need 3); R:R 1.29 below 1.5,,0,False,False,False,False,78.31,77.29,True,27.2,22.05,True,True,False,bullish_engulfing,74.22,87.72,78.31,79.83,False,28.05,23.63,True,True,False,,74.22,87.72,78.31,78.87,False,84.49,85.23,False,False,True,,74.22,79.28,75.83,79.08,3.25,4.24,76.7,74.84,80.07,74.22,71.39,87.24,T1 - nearest resistance >= 1 ATR above,1.29,True,77.16,78.04,True,down,channel sloping down,79.06,low,2026-08-07,False,20,7,7,6,0,mixed,1,down,1,72.64,75.85,79.06,-1.02,0.49,88.0,False,S1,0.82,False,1.13,False,3.14,73.51,-6.13,4.0,64.98,-17.02,1.0,81.09,3.55,6.0,0.4,87.24,11.4,3.0,1.29,"Par Pacific Holdings, Inc.",Energy,Oil & Gas Refining & Marketing,3906268160,4.5463557,5.634065,,1.9379613,0.45322672,17.15,,0.09942,0.21122,0.53489,0.568,82314872.0,56.166,1.84,1.03786,0.1276,0.773,87.72,33.21,86.57143,82.7,Buy,1.57,7,2.0,4.0,1.0,0.0,0.0,5.94,4.98,True,6,2026-11-03,35.0,False,False,,0,0,2026-09-14 Raymond James: main -> Outperform,0,,0,,N/A,0,N/A,0,0,,,,not fetched for down-trend tickers,,,,,,,True,False,,,,,,True,True,False,True,False,,,,,,,,,,,,
PAY,filtered,WAIT,29.83,29.95,2026-09-28,True,29.92,16:00,-0.1,sip,,,,,0,29.74,09:30,-0.7,sip,,,,,-,DOWNTREND,-2.68,-2.4,False,True,0,,,,,,,,downtrend (below a falling EMA50) - no long setup,,4,True,True,True,True,29.83,33.92,False,8.19,10.55,False,False,False,,29.28,37.41,29.83,34.22,False,8.87,9.65,False,False,False,,29.28,37.41,29.83,31.53,False,43.64,40.53,True,True,False,,29.37,31.0,29.37,30.08,0.71,1.53,46.4,28.55,30.9,29.37,28.61,30.28,T1 - nearest resistance,0.37,True,29.95,29.87,False,down,channel sloping down,36.56,low,2026-07-23,False,20,5,10,5,-5,down,1,mixed,1,26.77,28.72,30.66,-2.61,0.71,79.0,True,S1,0.26,True,0.32,False,1.08,29.34,-1.64,2.0,28.18,-5.53,1.0,30.28,1.51,1.0,0.37,32.41,8.65,1.0,2.11,"Paymentus Holdings, Inc.",Technology,Software - Infrastructure,3768114176,45.333332,27.425386,,6.142476,2.7699146,0.66,,0.06238,0.09043,0.15017,0.288,109502752.0,1.694,4.886,1.01274,0.077,1.312,45.31,20.11,40.14286,38.6,Buy,2.00,7,0.0,4.0,4.0,0.0,0.0,0.21,0.22,False,7,2026-11-02,34.0,False,False,,0,0,2026-09-17 Seaport Global: init -> Buy,0,,0,,N/A,0,N/A,0,0,,,,ticker filtered out,,,,,,,,,,,,,,,,,,,,,,,,,,,,,,
PCTY,down,WAIT,140.04,142.86,2026-09-28,True,143.04,19:11,0.13,sip,,,,,0,144.0,09:30,0.8,sip,,,,,-,CORRECTION,-0.42,0.15,True,True,0,,,,,,,,under EMA50 by 0.4 ATR with a higher low intact - wait for a support bounce or an EMA50 reclaim,,2,True,False,True,False,140.04,141.72,False,20.67,23.82,False,False,False,,139.51,148.7,140.04,145.59,False,28.76,34.53,False,False,False,,139.51,148.7,140.04,144.03,False,11.18,19.13,False,False,False,bullish_harami,139.51,148.09,139.51,144.26,4.75,4.04,117.6,140.22,143.55,139.51,137.49,140.69,T1 - nearest resistance,0.25,True,143.71,140.83,False,down,channel sloping down,145.77,low,2026-07-23,False,20,5,9,6,-4,down,1,mixed,2,140.57,142.97,145.38,-0.19,0.18,-11.0,False,S1,2.97,False,1.99,False,2.57,132.01,-5.73,1.0,129.66,-7.41,1.0,140.69,0.46,3.0,0.25,148.52,6.06,5.0,3.33,Paylocity Holding Corporation,Technology,Software - Application,7901835776,29.12653,14.734699,1.16,6.4693346,4.2749276,4.9,,0.15228,0.19062,0.21972999,0.11,359865120.0,10.887,1.089,0.89181,0.065,0.454,162.35,92.99,172.0,67.8,Strong Buy,1.45,19,3.0,14.0,3.0,0.0,0.0,1.90,1.90,True,17,2026-11-03,35.0,False,False,,0,0,,0,,0,,N/A,0,N/A,0,0,,,,not fetched for down-trend tickers,,,,,,,,,,,,,,,,,,,,,,,,,,,,,,
PDFS,up,BUY,49.31,49.81,2026-09-28,True,49.5,19:55,-0.62,sip,,,,,0,50.25,09:30,0.88,sip,,,MA_RECLAIM,MA reclaim (early trend),B,EARLY_UPTREND,0.7,0.64,True,False,6,47.64,45.84,55.0,1.64,,4.0,,,FRESH_BREAKOUT(watch); SUPPORT_BOUNCE(watch),0,False,False,False,False,49.31,47.64,True,90.5,89.21,True,True,True,,41.59,50.68,49.31,46.74,True,87.41,89.43,False,False,True,,41.12,50.68,49.31,47.94,True,56.79,65.58,False,False,False,,47.01,50.68,48.93,50.68,1.75,2.4,72.9,48.28,51.33,47.01,45.84,55.0,T1 - nearest resistance >= 1 ATR above,1.64,False,48.28,49.7,False,up,channel rising (R2 0.74),45.93,low,2026-09-03,True,20,7,6,7,1,mixed,1,up,1,48.69,49.94,51.2,1.04,0.74,25.0,False,S1,0.6,True,0.21,False,1.33,48.81,-1.01,4.0,46.12,-6.47,2.0,52.65,6.77,3.0,0.96,55.0,11.54,2.0,1.64,"PDF Solutions, Inc.",Technology,Software - Application,2100803968,199.0,30.1059,4.19,5.594917,8.710631,0.25,,0.042740002,0.08229999,0.03272,0.189,-13259875.0,19.21,3.447,0.94664,0.098500006,1.634,71.69,23.55,61.5,53.5,Strong Buy,1.50,8,2.0,5.0,1.0,0.0,0.0,0.33,0.33,True,7,2026-11-05,37.0,False,False,,0,0,2026-09-25 Needham: init -> Buy,0,,0,,N/A,0,N/A,0,0,,,,,,,,,,,,,,,,,,,,,,,True,True,True,True,True,False,True,,,,,
PH,filtered,WAIT,963.47,969.55,2026-09-28,True,970.29,16:03,0.08,sip,,,,,0,967.17,09:30,-0.25,sip,,,,,-,RANGE,-0.35,0.02,False,False,0,,,,,,,,no trend (below a flat EMA50) - wait for a reclaim or a breakout,,4,True,True,True,True,963.47,970.67,False,82.27,88.12,False,False,True,,911.41,983.92,963.47,966.74,False,69.44,78.85,False,False,False,,911.41,983.92,963.47,964.54,False,11.13,19.08,False,False,False,,960.99,983.92,960.99,978.53,17.54,20.85,84.1,957.68,981.84,960.99,950.57,977.89,T1 - nearest resistance,1.12,True,974.58,965.7,False,down,channel rising but weak fit (R2 0.32 < 0.5),956.66,low,2026-09-16,True,20,9,8,3,1,mixed,1,up,6,963.75,975.71,987.67,0.21,0.32,-1.0,False,S1,1.46,False,1.28,False,2.5,936.81,-2.77,3.0,911.41,-5.4,1.0,977.89,1.5,2.0,1.12,997.12,3.49,2.0,2.61,Parker-Hannifin Corporation,Industrials,Specialty Industrial Machinery,122272292864,34.36902,24.62157,3.28,7.9369173,5.687348,28.21,0.82,0.16968,0.23458,0.25076,0.098,2961750016.0,56.66,1.262,0.90443003,0.0116,1.123,1099.94,715.37,1158.4137,64.5,Buy,1.73,24,3.0,16.0,6.0,1.0,0.0,8.14,8.15,False,10,2026-11-05,37.0,False,True,1985-11-30,0,0,2026-09-25 Wells Fargo: init -> Equal-Weight,0,,0,,N/A,0,N/A,0,0,,,,ticker filtered out,,,,,,,,,,,,,,,,,,,,,,,,,,,,,,
PLTR,down,WAIT,186.01,187.56,2026-09-28,True,187.93,19:59,0.2,sip,186.94,03:44,-0.33,boats,568,187.81,09:30,0.13,sip,,,,,-,UPTREND_WEAK,3.0,2.79,False,True,40,,,,,,,,extended 3.0 ATR above EMA50 with no fresh breakout - wait for a pullback to value,,2,True,False,True,False,186.01,168.72,True,76.98,83.7,False,False,False,,168.96,194.68,186.01,178.13,True,66.82,74.0,False,False,False,,168.96,194.68,186.01,186.36,False,19.45,22.71,False,False,False,bullish_harami,184.81,194.21,184.81,188.63,3.82,5.77,66.2,182.86,190.58,184.81,181.92,188.37,T1 - nearest resistance,0.58,True,191.28,186.54,False,down,channel rising but weak fit (R2 0.28 < 0.5),167.32,low,2026-07-28,True,20,8,9,3,-1,down,1,mixed,1,185.1,191.63,198.17,0.53,0.28,7.0,False,S1,1.23,False,0.91,False,3.22,180.74,-2.83,3.0,167.45,-9.98,5.0,188.37,1.27,1.0,0.58,194.68,4.66,1.0,2.12,Palantir Technologies Inc.,Technology,Software - Infrastructure,450525396992,158.88136,80.70633,1.83,46.08653,73.18546,1.17,,0.49005002,0.47120997,0.38097,0.928,2159104512.0,2.139,7.228,0.64754,0.027999999,1.621,207.52,106.37,195.56538,78.7,Buy,1.84,26,1.0,19.0,9.0,1.0,1.0,0.41,0.41,True,23,2026-11-02,34.0,False,True,2024-09-23,0,0,2026-09-23 Rosenblatt: main -> Buy,0,,0,,40,15,400.0,257,0,,,,not fetched for down-trend tickers,,,,,,,,,,,,,,,,,,,,,,,,,,,,,,
PR,down,WAIT,21.25,21.31,2026-09-28,True,21.55,18:12,1.13,sip,,,,,0,21.03,09:30,-1.31,sip,,,,,-,DOWNTREND,-1.04,-0.54,False,False,0,,,,,,,,downtrend (below a falling EMA50) - no long setup,,3,True,True,True,False,21.25,22.02,False,5.03,7.62,False,False,False,,20.84,23.9,21.25,22.43,False,9.7,6.3,True,True,False,,20.84,24.65,21.25,21.85,False,46.55,34.67,True,True,False,hammer,20.84,21.92,20.84,21.27,0.43,0.74,58.1,20.53,21.58,20.84,20.47,21.95,T1 - nearest resistance,0.9,True,21.38,21.17,True,down,channel sloping down,22.36,low,2026-07-28,False,20,8,6,6,2,mixed,1,down,1,20.94,21.28,21.62,-0.53,0.63,45.0,True,S1,0.2,False,0.5,False,2.49,20.88,-1.74,1.0,19.41,-8.66,4.0,21.95,3.29,7.0,0.9,23.23,9.32,2.0,2.54,Permian Resources Corporation,Energy,Oil & Gas E&P,17839964160,13.741936,9.580999,1.13,1.4858737,3.109446,1.55,2.95,0.21523,0.57444,0.114029996,0.551,458368128.0,26.246,0.624,0.92727,0.0254,0.484,24.645,11.92,27.14286,73.3,Strong Buy,1.30,21,3.0,18.0,2.0,0.0,0.0,0.55,0.54,True,18,2026-11-04,36.0,False,False,,0,0,2026-09-24 RBC Capital: reit -> Outperform,0,,0,,44,14,1300.0,274,0,,,,not fetched for down-trend tickers,,,,,,,,,,,,,,,,,,,,,,,,,,,,,,
PSX,down,WATCH,251.11,253.5,2026-09-28,True,253.48,19:23,-0.01,sip,,,,,0,249.82,09:30,-1.45,sip,,,PULLBACK,Pullback in uptrend,C,UPTREND,1.35,1.48,True,True,63,248.51,243.75,277.12,3.54,,3.0,Turning up - close above prior close and daily %K rising,Turning up - close above prior close and daily %K rising,SUPPORT_BOUNCE(watch),0,False,False,False,False,251.11,238.74,True,14.16,19.98,False,False,False,,248.51,277.12,251.11,252.99,False,12.77,14.62,False,False,False,,248.51,277.12,251.11,257.5,False,28.46,32.22,False,False,False,hammer,248.51,262.94,248.51,252.43,3.92,9.19,42.7,243.24,257.7,248.51,243.75,277.12,T1 - nearest resistance >= 1 ATR above,3.54,False,253.18,251.1,True,down,channel sloping down,247.29,low,2026-08-05,True,20,11,6,3,5,up,1,down,1,245.84,251.22,256.6,-0.75,0.67,49.0,True,S1,0.26,True,0.4,False,1.91,247.47,-1.45,2.0,233.55,-6.99,1.0,253.41,0.92,1.0,0.31,277.12,10.36,1.0,3.53,Phillips 66,Energy,Oil & Gas Refining & Marketing,101657075712,14.597006,10.163037,0.82,3.211201,0.6648731,17.37,1.99,0.046609998,0.08529,0.23452999,0.531,4545375232.0,62.884,1.32,0.80531,0.0196,0.704,277.12,126.74,251.94737,82.7,Buy,2.10,19,3.0,9.0,6.0,1.0,1.0,10.53,9.25,True,17,2026-10-28,29.0,False,True,2012-05-01,0,0,2026-09-17 BMO Capital: main -> Outperform,0,,0,,N/A,0,N/A,0,0,,,,not fetched for down-trend tickers,,True,False,False,True,True,True,False,,,,,,,,,,,,,,,,,,,,,,
Q,down,WATCH,125.54,124.92,2026-09-28,True,126.0,19:06,0.86,sip,,,,,0,126.61,09:30,1.35,sip,,,SUPPORT_BOUNCE,Support bounce,C,CORRECTION,-0.54,-0.63,True,False,0,122.57,120.18,135.04,1.77,,1.0,confirmations 1/5 (need 3),confirmations 1/5 (need 3),,0,False,False,False,False,125.54,128.11,False,85.3,81.07,True,True,True,,113.53,127.77,125.54,123.84,True,80.87,82.92,False,False,True,,111.78,127.77,125.54,123.18,True,61.59,65.45,False,False,False,bullish_harami,121.1,127.77,124.84,127.77,2.93,4.77,61.4,123.0,129.61,121.1,120.18,135.04,T1 - nearest resistance >= 1 ATR above,1.77,False,124.75,126.07,False,down,channel rising but weak fit (R2 0.4 < 0.5),119.84,low,2026-09-15,True,20,12,5,3,7,up,2,down,1,122.78,125.22,127.67,0.4,0.4,57.0,False,S1,0.85,False,0.62,False,1.15,122.57,-2.37,2.0,120.05,-4.37,1.0,128.39,2.27,5.0,0.53,140.63,12.02,1.0,2.82,"Qnity Electronics, Inc.",Technology,Semiconductor Equipment & Materials,26132240384,44.451958,23.225502,1.32,3.6022036,5.0189176,2.81,0.26,0.11248,0.22323,0.06722,0.221,772249984.0,59.992,2.008,0.78815,0.024500001,,177.28,70.5,176.75,51.5,None,N/A,8,2.0,6.0,0.0,0.0,0.0,1.20,1.20,True,5,2026-11-16,48.0,False,True,2025-11-03,0,0,,0,,0,,N/A,0,N/A,0,0,,,,not fetched for down-trend tickers,,,,,,,True,False,,,,,,True,True,False,False,False,,,,,,,,,,,,
QCOM,down,WATCH,186.45,187.41,2026-09-28,True,187.83,19:59,0.22,sip,189.0,03:51,0.85,boats,930,189.27,09:30,0.99,sip,,,MA_BOUNCE,MA bounce,C,UPTREND,0.76,1.82,True,True,16,184.48,176.92,209.74,2.44,,1.0,Rejection - closed back above the test bar / upper half of range; confirmations 1/5 (need 3),Rejection - closed back above the test bar / upper half of range; confirmations 1/5 (need 3),,0,False,False,False,False,186.45,178.81,True,60.62,74.21,False,False,False,,175.97,205.85,186.45,182.5,True,39.05,57.43,False,False,False,,175.97,205.85,186.45,191.88,False,5.16,5.81,False,False,False,,186.0,205.85,186.0,190.0,4.0,10.08,39.7,179.92,196.08,186.0,176.92,209.74,T1 - nearest resistance >= 1 ATR above,2.44,False,194.41,187.94,False,down,channel sloping down,174.7,low,2026-08-03,True,20,12,5,3,7,down,1,up,1,183.61,193.57,203.52,-0.13,0.01,14.0,False,S1,2.2,False,1.92,False,4.32,167.13,-10.36,14.0,142.89,-23.36,1.0,196.09,5.17,1.0,1.01,205.85,10.4,1.0,2.04,QUALCOMM Incorporated,Technology,Semiconductors,200239972352,23.088669,18.373169,0.9,7.164749,4.543783,8.12,1.82,0.21013,0.18528,0.33754003,-0.04,10241000448.0,55.21,2.016,0.83081,0.0401,1.679,259.92,121.99,194.13333,46.7,Hold,2.59,30,2.0,9.0,22.0,1.0,3.0,2.16,2.16,True,26,2026-11-04,36.0,False,True,1999-07-22,0,0,2026-09-10 Piper Sandler: init -> Neutral,0,,0,,N/A,0,N/A,0,0,,,,not fetched for down-trend tickers,,,,,,,False,False,,,,,True,,False,,False,,,,,,,,,True,True,,False,
REGN,filtered,WAIT,748.17,752.24,2026-09-28,True,752.25,16:41,0.0,sip,,,,,0,745.13,09:30,-0.95,sip,,,,,-,RANGE,-1.26,0.11,False,False,0,,,,,,,,no trend (below a flat EMA50) - wait for a reclaim or a breakout,,4,True,True,True,True,748.17,772.17,False,15.6,25.36,False,False,False,,741.83,813.53,748.17,789.28,False,4.59,13.16,False,False,False,,741.83,813.53,748.17,780.53,False,8.51,7.31,True,True,False,,741.83,803.87,741.83,751.27,9.44,19.1,49.4,732.17,760.93,741.83,732.28,774.33,T1 - nearest resistance,1.65,False,795.6,746.5,True,down,channel sloping down,775.66,low,2026-07-23,False,20,7,11,2,-4,down,3,mixed,1,738.94,762.43,785.91,-0.96,0.61,20.0,False,S1,2.83,False,2.99,False,4.01,691.13,-7.62,1.0,671.52,-10.24,1.0,774.33,3.5,2.0,1.65,814.6,8.88,2.0,4.18,"Regeneron Pharmaceuticals, Inc.",Healthcare,Biotechnology,77447888896,19.493393,12.355539,1.3,2.379702,4.985477,38.59,0.48,0.27865,0.33106,0.14043,0.167,3065299968.0,8.535,3.335,0.93531996,0.025999999,0.193,859.34,541.0,850.88464,65.1,Buy,1.93,26,4.0,13.0,9.0,0.0,1.0,15.94,16.00,False,20,2026-10-30,31.0,False,True,2013-05-01,0,0,2026-09-10 HSBC: main -> Buy,0,,0,,N/A,0,N/A,0,0,,,,ticker filtered out,,,,,,,,,,,,,,,,,,,,,,,,,,,,,,
RGLD,down,WAIT,239.46,240.39,2026-09-28,True,245.14,17:05,1.98,sip,,,,,0,241.0,09:30,0.25,sip,,,,,-,CORRECTION,-0.29,0.52,True,True,0,,,,,,,,under EMA50 by 0.3 ATR with a higher low intact - wait for a support bounce or an EMA50 reclaim,,3,True,False,True,True,239.46,241.61,False,16.21,30.36,False,False,False,,239.02,259.88,239.46,249.15,False,5.47,20.67,False,False,False,,239.02,259.88,239.46,248.78,False,6.31,7.1,False,False,False,bullish_harami,239.02,253.69,239.02,242.16,3.14,7.52,41.8,234.64,246.54,239.02,235.26,239.5,T1 - nearest resistance,0.01,True,252.58,240.54,False,down,channel sloping down,235.92,low,2026-07-21,True,20,6,8,6,-2,down,1,up,1,237.34,245.28,253.23,-0.55,0.32,13.0,False,S1,2.09,False,1.89,False,4.72,225.28,-5.92,1.0,203.98,-14.82,3.0,239.5,0.02,2.0,0.01,246.99,3.14,1.0,1.79,"Royal Gold, Inc.",Basic Materials,Gold,20361799680,27.944185,18.677076,1.06,2.6820233,13.259117,8.6,0.75,0.48054,0.62036,0.136,1.155,-189505504.0,5.186,2.924,0.87042,0.0297,0.497,306.25,168.88,309.83334,51.4,Buy,1.83,12,3.0,6.0,2.0,0.0,1.0,2.53,2.57,False,7,2026-11-04,36.0,False,False,,0,0,2026-09-16 RBC Capital: main -> Outperform,0,,0,,N/A,0,N/A,0,0,,,,not fetched for down-trend tickers,,,,,,,,,,,,,,,,,,,,,,,,,,,,,,
RKLB,down,WAIT,70.66,72.2,2026-09-28,True,72.14,19:59,-0.08,sip,72.28,03:50,0.11,boats,1740,73.76,09:30,2.16,sip,,,,,-,CORRECTION,-0.43,-0.04,True,True,0,,,,,,,,under EMA50 by 0.4 ATR with a higher low intact - wait for a support bounce or an EMA50 reclaim,,2,True,False,True,False,70.66,72.27,False,78.58,82.63,False,False,False,,61.74,75.46,70.66,69.22,True,69.68,78.11,False,False,False,,61.74,75.46,70.66,71.05,False,10.46,13.97,False,False,False,bullish_harami,70.08,75.32,70.08,74.25,4.17,3.72,112.1,70.53,73.8,70.08,68.22,72.64,T1 - nearest resistance,0.81,True,71.51,71.58,False,down,channel rising but weak fit (R2 0.37 < 0.5),70.46,low,2026-07-29,True,20,7,7,6,0,down,1,mixed,3,71.07,73.63,76.19,0.66,0.37,-8.0,False,S1,1.47,False,0.63,False,1.65,68.31,-3.33,2.0,64.51,-8.7,1.0,72.64,2.8,2.0,0.81,75.46,6.79,2.0,1.97,Rocket Lab Corporation,Industrials,Aerospace & Defense,46159081472,,1584.504,,12.365537,60.01342,-0.27,,-0.21511999,-0.24572,-0.07915,0.62,-251963632.0,3.828,5.482,0.61902,0.0731,2.612,151.0,37.57,109.36842,29.2,None,N/A,19,4.0,12.0,4.0,0.0,0.0,-0.07,-0.07,True,11,2026-11-09,41.0,False,False,,0,0,2026-09-11 Raymond James: init -> Outperform,0,,0,,23,25,212.5,484,0,,,,not fetched for down-trend tickers,,,,,,,,,,,,,,,,,,,,,,,,,,,,,,
ROK,down,WAIT,429.16,431.18,2026-09-28,True,431.22,16:00,0.01,sip,430.36,20:01,-0.19,boats,1,433.09,09:30,0.44,sip,,,,,-,DOWNTREND,-0.57,-0.16,False,True,0,,,,,,,,downtrend (below a falling EMA50) - no long setup,,3,True,True,True,False,429.16,435.15,False,77.96,83.59,False,False,False,,406.92,438.5,429.16,429.15,True,74.09,79.86,False,False,False,,406.92,438.5,429.16,428.96,True,11.33,18.28,False,False,False,,427.47,438.5,427.7,434.71,7.01,10.51,66.7,424.2,438.21,427.47,422.22,435.27,T1 - nearest resistance,0.88,True,432.82,429.44,False,down,channel rising but weak fit (R2 0.44 < 0.5),423.25,low,2026-09-17,True,20,9,7,4,2,down,1,up,1,428.29,435.13,441.98,0.35,0.44,6.0,False,S1,0.64,True,0.27,False,1.29,426.32,-0.66,2.0,415.64,-3.15,1.0,435.27,1.42,6.0,0.88,452.08,5.34,5.0,3.3,"Rockwell Automation, Inc.",Industrials,Specialty Industrial Machinery,47983554560,40.64279,28.981144,1.91,13.705187,5.3367224,10.61,1.27,0.13385001,0.20968,0.30629,0.079,1303874944.0,103.347,1.075,0.9292,0.038900003,1.515,497.36,332.71,476.84,58.6,Buy,2.29,25,3.0,9.0,15.0,0.0,1.0,3.68,3.68,True,22,2026-11-05,37.0,False,True,2000-03-12,0,0,2026-09-25 Wells Fargo: init -> Equal-Weight,0,,0,,N/A,0,N/A,0,0,,,,not fetched for down-trend tickers,,,,,,,,,,,,,,,,,,,,,,,,,,,,,,
ROST,up,WATCH,233.77,237.15,2026-09-28,True,237.09,16:00,-0.03,sip,,,,,0,235.12,09:30,-0.86,sip,,,MA_RECLAIM,MA reclaim (early trend),C,EARLY_UPTREND,0.11,0.2,False,False,5,233.22,229.51,242.5,2.05,,2.0,confirmations 2/5 (need 3),confirmations 2/5 (need 3),,0,False,False,False,False,233.77,233.22,True,81.8,86.77,False,False,True,,222.19,239.73,233.77,232.94,True,68.81,78.15,False,False,False,,222.19,239.73,233.77,233.81,False,14.77,32.44,False,False,False,,233.33,239.73,233.6,236.14,2.54,4.95,51.3,231.19,238.55,233.33,229.51,242.5,T1 - nearest resistance >= 1 ATR above,2.05,False,235.78,234.55,False,up,channel rising (R2 0.65),231.67,low,2026-09-16,True,20,7,7,6,0,mixed,3,up,2,234.57,236.95,239.33,0.34,0.65,-17.0,False,S1,0.86,False,0.59,False,2.15,230.87,-1.24,4.0,223.14,-4.55,3.0,243.12,4.0,2.0,2.19,250.34,7.09,1.0,3.89,"Ross Stores, Inc.",Consumer Cyclical,Apparel Retail,76053987328,28.56506,26.513103,2.53,11.239689,3.0899055,8.3,0.75,0.10848,0.13578,0.42628,0.133,2002041600.0,70.281,1.612,0.95787,0.0346,0.861,257.0,147.49,270.55557,78.8,Buy,1.75,18,2.0,12.0,5.0,0.0,1.0,1.83,1.83,True,10,2026-11-19,51.0,False,True,2009-12-21,0,0,,0,,0,,N/A,0,N/A,0,1,2026-09-29 07:24,Macy's Digital Push Gains Traction as AI & Omnichannel Efforts Expand,https://finnhub.io/api/news?id=3fd38ea6261563a0dcc78df4291421e2c688bb4d6b4055d65a19334040138861,,,,,,,,,,,,,,,,,,,,True,True,True,True,False,False,False,,,,,
SANM,up,WATCH,221.21,220.06,2026-09-28,True,220.06,16:00,0.0,sip,,,,,0,223.28,09:30,1.46,sip,,,SUPPORT_BOUNCE,Support bounce,C,UPTREND,1.32,1.64,True,True,7,219.55,212.52,244.21,2.64,,1.0,confirmations 1/5 (need 3),confirmations 1/5 (need 3),,0,False,False,False,False,221.21,206.86,True,75.58,81.39,False,False,False,,193.2,232.5,221.21,207.39,True,67.0,71.56,False,False,False,,189.57,232.5,221.21,216.83,True,36.19,33.72,True,True,False,,216.51,232.5,218.71,224.65,5.94,10.87,54.6,213.78,229.58,216.51,212.52,244.21,T1 - nearest resistance >= 1 ATR above,2.64,False,219.48,221.66,False,up,channel rising (R2 0.61),197.07,low,2026-07-28,True,20,9,8,3,1,down,1,up,4,218.58,227.54,236.5,1.22,0.61,15.0,True,S1,0.34,True,0.15,False,1.09,219.55,-0.75,5.0,209.35,-5.36,4.0,232.5,5.1,1.0,1.3,,,,,Sanmina Corporation,Technology,Electronic Components,11794633728,40.156933,15.811918,0.77,4.6078143,0.92410016,5.48,,0.02414,0.0704,0.12488,0.697,-222215744.0,88.161,1.78,0.94788,0.059699997,1.6,288.68,111.52,260.0,61.9,None,N/A,4,0.0,1.0,3.0,0.0,0.0,3.26,2.95,True,4,2026-11-02,34.0,False,False,,0,0,,0,,0,,N/A,0,N/A,0,1,2026-09-29 09:36,2 Mid-Cap Stocks Worth Your Attention and 1 That Underwhelm,https://finnhub.io/api/news?id=dff07ce30ebeccf5d6456f3edbdfd6671a334323585d4da8a3d3b8e9d3413101,,,,,,,,False,False,,,,,,True,True,False,False,True,,,,,,,,,,,,
SCHW,down,WAIT,97.49,98.3,2026-09-28,True,98.5,19:00,0.2,sip,,,,,0,98.0,09:30,-0.31,sip,,,,,-,DOWNTREND,-2.84,-1.16,False,False,0,,,,,,,,downtrend (below a falling EMA50) - no long setup,,3,True,True,True,False,97.49,104.22,False,4.33,6.6,False,False,False,,97.49,107.58,97.49,104.47,False,3.21,6.75,False,False,False,,97.49,108.71,97.49,100.65,False,12.3,16.45,False,False,False,,97.49,100.61,97.49,98.65,1.17,2.37,49.4,96.28,99.86,97.49,96.3,100.23,T1 - nearest resistance,2.3,False,100.36,97.98,False,down,channel sloping down,97.98,low,2026-09-29,False,20,6,9,5,-3,down,1,up,1,93.32,96.66,100.01,-1.18,0.65,62.0,,,,,,,,,,,,,,100.23,2.81,3.0,2.3,103.76,6.43,5.0,5.27,The Charles Schwab Corporation,Financial Services,Capital Markets,169993699328,18.0367,12.553557,0.84,3.8665776,6.531938,5.45,1.29,0.38793,0.52277,0.20273,0.209,,151.106,0.655,0.85554004,0.0,0.753,114.53,83.96,125.45,44.3,Buy,1.73,20,7.0,11.0,3.0,0.0,1.0,1.67,1.67,True,18,2026-10-15,16.0,False,True,1997-06-02,0,0,,0,,0,,N/A,0,N/A,0,0,,,,not fetched for down-trend tickers,,,,,,,,,,,,,,,,,,,,,,,,,,,,,,
SHC,down,WAIT,18.32,18.45,2026-09-28,True,18.45,16:00,0.0,sip,,,,,0,18.49,09:30,0.22,sip,,,,,-,CORRECTION,-0.22,-0.04,True,True,0,,,,,,,,under EMA50 by 0.2 ATR with a higher low intact - wait for a support bounce or an EMA50 reclaim,,2,True,False,True,False,18.32,18.41,False,22.19,23.07,False,False,False,,18.17,19.64,18.32,18.65,False,26.66,22.92,True,True,False,,18.17,19.64,18.32,18.51,False,30.26,42.34,False,False,False,bullish_harami,18.21,18.6,18.27,18.6,0.33,0.43,76.7,18.17,18.7,18.21,17.99,18.46,T1 - nearest resistance,0.42,True,18.44,18.37,False,down,channel sloping down,18.5,low,2026-07-21,False,20,6,8,6,-2,mixed,1,down,1,17.99,18.27,18.55,-0.36,0.47,58.0,False,S1,1.05,False,0.65,False,2.07,18.04,-1.53,3.0,17.43,-4.86,2.0,18.46,0.76,4.0,0.42,19.21,4.86,1.0,2.7,Sotera Health Company,Healthcare,Diagnostics & Research,5265164800,32.368423,17.164867,1.31,7.908273,4.329289,0.57,,0.13442001,0.37956002,0.27781,0.092,153967120.0,340.734,2.796,1.05705,0.0496,1.777,19.85,13.09,22.72222,77.4,Buy,1.70,9,3.0,5.0,2.0,0.0,0.0,0.27,0.27,True,10,2026-11-03,35.0,False,False,,0,0,,0,,0,,N/A,0,N/A,0,0,,,,not fetched for down-trend tickers,,,,,,,,,,,,,,,,,,,,,,,,,,,,,,
SITM,down,WATCH,656.0,656.72,2026-09-28,True,656.65,16:00,-0.01,sip,655.71,00:08,-0.15,boats,3,662.88,09:30,0.94,sip,,,FRESH_BREAKOUT,Fresh breakout,C,UPTREND,1.04,1.17,True,True,8,645.24,623.78,752.71,3.0,,3.0,Volume >= 1.5x average (best of live/last 3 bars: 1.3x),Volume >= 1.5x average (best of live/last 3 bars: 1.3x),SUPPORT_BOUNCE(watch),1,False,False,False,True,656.0,614.3,True,90.38,90.24,True,False,True,,539.54,672.81,656.0,614.86,True,81.8,85.27,False,False,True,,539.54,672.81,656.0,633.57,True,61.0,64.2,False,False,False,,621.08,672.81,648.84,672.81,23.97,40.28,59.5,632.53,689.12,621.08,623.78,752.71,T1 - nearest resistance >= 1 ATR above,3.0,False,636.04,661.76,False,down,channel rising but weak fit (R2 0.29 < 0.5),616.35,low,2026-07-29,True,20,9,8,3,1,down,1,up,1,622.93,653.45,683.97,0.75,0.29,54.0,False,S1,0.61,True,0.44,False,1.82,638.23,-2.71,5.0,582.78,-11.16,3.0,668.83,1.96,2.0,0.4,758.82,15.67,2.0,3.19,SiTime Corporation,Technology,Semiconductors,19670292480,1112.9662,44.008034,3.82,16.9835,42.20606,0.59,,0.03012,0.10623,0.013259999,1.265,24747500.0,129.419,19.445,0.87935996,0.060100004,2.862,901.81,243.677,849.5,62.7,Buy,1.55,10,4.0,6.0,1.0,0.0,0.0,3.54,3.55,False,11,2026-11-04,36.0,False,False,,0,0,2026-09-23 Seaport Global: init -> Neutral,0,,0,,N/A,0,N/A,0,0,,,,not fetched for down-trend tickers,,,,,,,,False,False,False,True,True,True,,,,,,,,,,,,,,,,,
SKHY,down,WATCH,187.18,181.91,2026-09-28,True,182.83,19:59,0.51,sip,184.1,03:57,1.2,boats,7319,185.36,09:30,1.9,sip,,,MA_BOUNCE,MA bounce,C,UPTREND,1.85,2.15,True,False,34,181.29,174.71,198.17,0.88,184.09,4.0,R:R 0.88 below 1.5,R:R 0.88 below 1.5,SUPPORT_BOUNCE(watch); PULLBACK(watch),1,False,False,False,True,187.18,170.9,True,55.47,59.8,False,True,False,,172.79,196.48,187.18,178.57,True,28.8,40.63,False,False,False,,172.79,196.48,187.18,186.41,True,58.89,46.24,True,True,False,bullish_harami,179.31,192.83,183.05,188.41,5.36,8.78,61.0,179.63,191.83,179.31,174.71,198.17,T1 - nearest resistance >= 1 ATR above,0.88,True,186.69,186.56,True,down,channel sloping down,162.01,low,2026-07-29,True,20,9,8,3,1,down,1,up,1,178.97,185.42,191.87,-0.47,0.23,64.0,False,S1,0.82,False,1.03,False,1.7,178.18,-4.81,2.0,172.23,-7.99,1.0,198.17,5.87,2.0,0.88,,,,,SK hynix Inc.,Technology,Semiconductors,1293588496384,11.521215,5.38598,0.28,391.25378,0.006838211,15.79,,0.85619,0.76328003,0.92679,2.568,55768099323904.0,8.037,2.591,0.0018099999,,2.389,199.87,124.8,252.2143,83.1,Buy,1.53,14,5.0,9.0,0.0,0.0,1.0,6.25,6.26,False,3,2026-10-27,28.0,False,False,,0,0,2026-09-10 JP Morgan: init -> Overweight,0,,0,,N/A,0,N/A,0,0,,,,not fetched for down-trend tickers,,,,,,,True,True,,,,,True,,True,,False,,,,,,,,,True,True,,True,
SLB,down,WAIT,50.15,51.47,2026-09-28,True,51.49,17:52,0.04,sip,,,,,0,50.43,09:30,-2.02,sip,,,,,-,DOWNTREND,-1.54,-0.65,False,False,0,,,,,,,,downtrend (below a falling EMA50) - no long setup,,3,True,True,True,False,50.15,52.82,False,11.14,11.89,False,False,False,,49.35,54.29,50.15,53.12,False,27.56,31.12,False,False,False,,49.35,54.32,50.15,51.79,False,12.69,21.16,False,False,False,bullish_engulfing,49.35,52.29,49.35,50.77,1.42,1.73,82.1,49.04,51.08,49.35,48.48,50.47,T1 - nearest resistance,0.19,True,51.63,49.95,True,down,channel sloping down,53.0,low,2026-07-21,False,20,6,9,5,-3,mixed,1,down,2,50.04,51.13,52.22,-0.3,0.24,5.0,False,S1,1.11,False,0.95,False,2.87,48.51,-3.27,2.0,45.18,-9.91,1.0,50.47,0.64,1.0,0.19,51.79,3.27,2.0,0.98,SLB N.V.,Energy,Oil & Gas Equipment & Services,76418539520,25.117075,15.904395,1.36,2.930897,2.1013732,2.05,2.29,0.08527,0.12706,0.12909001,0.05,2955124992.0,47.002,1.439,0.92533994,0.0467,0.774,60.46,31.64,62.41379,64.2,Buy,1.60,29,7.0,19.0,2.0,1.0,1.0,0.62,0.62,True,21,2026-10-23,24.0,False,True,1957-03-04,0,0,2026-09-14 UBS: main -> Buy,0,,0,,N/A,0,N/A,0,0,,,,not fetched for down-trend tickers,,,,,,,,,,,,,,,,,,,,,,,,,,,,,,
SMTC,down,BUY,181.1,174.79,2026-09-28,True,171.0,19:38,-2.17,sip,174.75,02:11,-0.02,boats,25,179.5,09:30,2.69,sip,,,MA_BOUNCE,MA bounce,A,UPTREND,2.49,3.84,True,False,19,165.02,156.05,231.19,2.0,,4.0,,,PULLBACK(BUY),0,False,False,False,False,181.1,151.33,True,74.18,72.77,True,True,False,,153.1,190.64,181.1,160.62,True,47.8,52.2,False,False,False,,149.15,190.64,181.1,174.08,True,76.78,63.88,True,True,False,hammer,167.11,185.0,177.18,184.45,7.27,11.95,60.8,172.5,189.13,167.11,156.05,231.19,2R - no resistance above,2.0,False,173.51,180.83,True,down,channel rising but weak fit (R2 0.01 < 0.5),147.89,low,2026-07-29,True,20,8,6,6,2,down,1,up,1,165.89,175.9,185.91,0.14,0.01,76.0,False,S1,0.76,False,0.89,False,1.55,170.43,-5.89,1.0,162.56,-10.24,1.0,187.82,3.71,2.0,0.27,,,,,Semtech Corporation,Technology,Semiconductors,16311452672,120.537926,29.949108,1.21,21.782152,13.891368,1.45,,0.13116999,0.16222,0.23663999,0.327,132654752.0,70.105,1.698,1.01571,0.0853,2.353,190.64,60.28,208.66667,92.7,Strong Buy,1.19,15,1.0,14.0,1.0,0.0,0.0,1.06,1.06,True,15,2026-11-23,55.0,False,False,,0,0,,0,,0,,N/A,0,N/A,0,0,,,,not fetched for down-trend tickers,,,,,,,True,True,,,,,True,,True,,False,,,,,,,,,True,True,,True,
SNDK,down,WATCH,1711.04,1712.0,2026-09-28,True,1711.6,19:59,-0.02,sip,1730.67,03:59,1.09,boats,6829,1741.47,09:30,1.72,sip,,,PULLBACK,Pullback in uptrend,C,UPTREND,0.98,1.97,True,True,9,1659.02,1629.82,1881.55,2.1,,3.0,Turning up - close above prior close and daily %K rising,Turning up - close above prior close and daily %K rising,MA_BOUNCE(watch),1,False,False,False,True,1711.04,1611.79,True,56.59,61.79,False,False,False,,1504.2,1909.48,1711.04,1663.09,True,31.17,44.18,False,False,False,,1504.2,1909.48,1711.04,1738.45,False,48.08,45.4,True,True,False,hammer,1659.02,1815.0,1693.0,1749.78,56.78,101.52,55.9,1648.26,1794.52,1659.02,1629.82,1881.55,T1 - nearest resistance >= 1 ATR above,2.1,False,1776.74,1723.89,False,down,channel sloping down,1507.73,low,2026-07-29,True,20,9,8,3,1,down,1,up,1,1630.9,1720.66,1810.42,-1.0,0.37,45.0,True,S1,0.44,True,0.14,False,1.0,1696.37,-0.86,1.0,1609.6,-5.93,1.0,1817.67,6.23,2.0,1.31,1931.03,12.86,2.0,2.71,Sandisk Corporation,Technology,Computer Hardware,250799652864,24.098059,6.5008883,,16.21886,12.386391,71.08,,0.56465,0.78472,0.9164,3.716,7720875008.0,1.277,2.29,0.80974996,0.060300004,,2354.39,103.348,2136.5417,71.4,Buy,1.52,24,4.0,17.0,3.0,0.0,1.0,46.18,46.21,False,18,2026-11-06,38.0,False,True,2025-11-28,0,0,2026-09-22 Rosenblatt: init -> Buy,0,,0,,18,33,17.9,90,0,,,,not fetched for down-trend tickers,,True,False,True,False,True,True,False,,,,,,,,,,,,,,,,,,,,,,
SNX,down,WATCH,256.98,256.74,2026-09-28,True,256.75,16:02,0.0,sip,,,,,0,257.61,09:30,0.34,sip,,,SUPPORT_BOUNCE,Support bounce,C,RANGE,-0.16,0.45,False,True,0,254.58,246.92,293.12,3.6,,2.0,confirmations 2/5 (need 3),confirmations 2/5 (need 3),,1,False,True,False,False,256.98,258.99,False,28.36,35.43,False,False,False,,243.03,298.77,256.98,263.12,False,25.48,28.93,False,False,False,,243.03,298.77,256.98,265.2,False,15.52,10.91,True,True,False,bullish_harami,254.24,280.61,254.24,259.02,4.78,12.56,38.1,246.46,266.8,254.24,246.92,293.12,T1 - nearest resistance >= 1 ATR above,3.6,False,258.08,256.6,True,down,channel sloping down,261.66,low,2026-07-28,False,20,10,7,3,3,down,1,up,1,235.74,254.9,274.07,-1.75,0.47,55.0,True,S1,0.24,True,0.19,,,254.58,-0.93,18.0,,,,298.77,16.26,1.0,4.15,,,,,TD SYNNEX Corporation,Technology,Electronics & Computer Distribution,20298397696,15.645947,10.684632,0.74,2.2759104,0.26823634,16.41,0.73,0.01752,0.02982,0.14932,0.377,-1070279488.0,64.999,1.191,0.95879,0.0224,1.429,298.77,142.22,339.63635,73.3,Buy,1.55,11,4.0,6.0,1.0,0.0,0.0,5.99,4.77,True,9,,,False,False,,0,0,2026-09-25 UBS: main -> Buy,0,,0,,N/A,0,N/A,0,0,,,,not fetched for down-trend tickers,,,,,,,True,True,,,,,,True,True,False,False,False,,,,,,,,,,,,
SOFI,down,WAIT,15.99,15.93,2026-09-28,True,15.94,19:59,0.06,sip,15.93,03:55,0.0,boats,451,15.98,09:30,0.31,sip,,,,,-,DOWNTREND,-2.36,-1.31,False,True,0,,,,,,,,downtrend (below a falling EMA50) - no long setup,,3,True,True,True,False,15.99,17.4,False,8.58,13.31,False,False,False,,15.87,17.96,15.99,17.21,False,5.07,11.37,False,False,False,,15.87,17.96,15.99,16.59,False,16.08,13.78,True,True,False,,15.87,16.92,15.94,16.21,0.27,0.6,45.0,15.61,16.54,15.87,15.57,16.5,T1 - nearest resistance,1.21,True,16.98,16.07,False,down,channel sloping down,17.43,low,2026-07-29,False,20,6,11,3,-5,down,1,up,1,15.66,16.08,16.5,-1.04,0.72,39.0,False,S1,1.83,False,1.85,,,14.88,-6.94,1.0,,,,16.5,3.19,2.0,1.21,16.93,5.88,2.0,2.24,"SoFi Technologies, Inc.",Financial Services,Credit Services,20574715904,33.89362,19.33276,0.59,1.8557783,4.8201966,0.49,,0.14906,0.16956,0.07095,0.426,,30.835,1.105,0.51444,0.14829999,2.208,32.73,14.88,20.35455,6.2,Hold,2.68,22,4.0,5.0,12.0,2.0,2.0,0.17,0.17,True,7,2026-10-27,28.0,False,False,,0,0,2026-09-09 Loop Capital: init -> Hold,0,,0,,N/A,0,N/A,0,0,,,,not fetched for down-trend tickers,,,,,,,,,,,,,,,,,,,,,,,,,,,,,,
SPCX,down,WATCH,148.29,145.49,2026-09-28,True,146.08,19:59,0.41,sip,146.36,03:55,0.6,boats,10395,146.56,09:30,0.74,sip,,,SUPPORT_BOUNCE,Support bounce,C,UPTREND_WEAK,0.62,0.49,False,True,24,143.88,140.88,154.86,0.89,146.47,3.0,R:R 0.89 below 1.5,R:R 0.89 below 1.5,,0,False,False,False,False,148.29,144.6,True,30.37,32.91,False,True,False,bullish_harami,144.36,158.13,148.29,146.7,True,13.69,16.5,False,False,False,,142.87,158.13,148.29,149.08,False,46.2,29.9,True,True,False,,145.36,150.8,145.47,150.02,4.55,5.99,76.0,144.03,151.46,145.36,140.88,154.86,T1 - nearest resistance >= 1 ATR above,0.89,True,148.04,147.76,True,down,channel sloping down,138.24,low,2026-08-03,True,20,8,6,6,2,mixed,1,up,1,142.45,145.54,148.63,-0.9,0.75,95.0,True,S1,0.45,False,0.74,False,1.69,143.88,-2.97,2.0,138.17,-6.82,1.0,149.7,0.95,2.0,0.19,154.86,4.43,1.0,0.89,Space Exploration Technologies Corp.,Industrials,Aerospace & Defense,1917553606656,,83.45237,,15.065245,83.16477,-1.1,,-0.35661998,-0.01804,,0.919,,31.211,5.115,0.48341998,0.025799999,,225.64,104.83,223.8,36.0,Buy,1.69,20,7.0,22.0,5.0,2.0,0.0,0.14,0.14,True,12,2026-11-03,35.0,False,False,,0,0,2026-09-28 Deutsche Bank: reit -> Buy,0,,0,,12,44,109.5,3927,0,,,,not fetched for down-trend tickers,,,,,,,True,True,,,,,,True,True,False,True,False,,,,,,,,,,,,
SSRM,down,WAIT,33.6,33.85,2026-09-28,True,33.5,18:42,-1.03,sip,33.9,01:30,0.15,boats,4,34.35,09:30,1.48,sip,,,,,-,RANGE,-0.35,0.56,False,True,0,,,,,,,,no trend (below a flat EMA50) - wait for a reclaim or a breakout,,3,True,True,True,False,33.6,34.13,False,14.86,26.05,False,False,False,,33.45,38.67,33.6,35.55,False,8.41,14.74,False,False,False,,33.45,38.67,33.6,35.45,False,13.54,18.45,False,False,False,bullish_harami,33.45,35.93,33.48,34.37,0.89,1.51,58.9,32.86,34.99,33.45,32.69,34.15,T1 - nearest resistance,0.6,True,36.53,33.92,False,down,channel sloping down,33.66,low,2026-07-29,False,20,8,11,1,-3,down,4,up,2,32.66,34.18,35.71,-1.44,0.63,31.0,False,S1,0.85,True,0.35,False,1.38,33.07,-1.58,1.0,31.52,-6.19,1.0,34.15,1.64,1.0,0.6,35.69,6.22,1.0,2.3,SSR Mining Inc.,Basic Materials,Gold,6900291072,13.375494,7.3920035,0.02,2.0593965,3.6321726,2.53,0.08,0.122980006,0.43659002,0.14272,0.095,450823744.0,0.068,9.79,0.79617995,0.0425,0.982,39.44,18.19,42.4,72.5,Strong Buy,1.40,5,4.0,6.0,0.0,0.0,0.0,0.90,0.90,True,6,2026-11-03,35.0,False,False,,0,0,2026-09-16 RBC Capital: main -> Outperform,0,,0,,N/A,0,N/A,0,0,,,,not fetched for down-trend tickers,,,,,,,,,,,,,,,,,,,,,,,,,,,,,,
TER,up,WATCH,406.73,401.25,2026-09-28,True,401.2,19:47,-0.01,sip,403.45,03:48,0.55,boats,95,412.02,09:30,2.68,sip,,,FRESH_BREAKOUT,Fresh breakout,C,UPTREND,1.71,1.4,True,True,8,399.4,389.72,444.17,2.2,,3.0,Volume >= 1.5x average (best of live/last 3 bars: 0.8x),Volume >= 1.5x average (best of live/last 3 bars: 0.8x),MA_BOUNCE(watch); SUPPORT_BOUNCE(watch),0,False,False,False,False,406.73,373.72,True,95.41,92.62,True,True,True,,336.58,415.61,406.73,374.46,True,91.79,94.1,False,False,True,,326.78,415.61,406.73,387.03,True,73.39,81.6,False,False,False,bullish_harami,382.32,415.61,403.95,415.61,11.66,19.35,60.3,396.26,423.3,382.32,389.72,444.17,T1 - nearest resistance >= 1 ATR above,2.2,False,381.74,409.05,False,up,channel rising (R2 0.53),367.58,low,2026-07-28,True,20,10,7,3,3,mixed,1,up,1,389.1,400.41,411.72,0.74,0.53,78.0,False,S1,0.65,True,0.38,False,1.21,399.4,-1.8,1.0,383.29,-5.76,3.0,409.72,0.74,1.0,0.18,444.17,9.21,1.0,2.2,"Teradyne, Inc.",Technology,Semiconductor Equipment & Materials,62739542016,54.673023,34.43905,0.73,19.982073,14.054459,7.29,0.13,0.25766,0.33161,0.36465,1.039,437381248.0,2.883,2.125,1.00734,0.059899997,1.778,487.91,131.75,446.46667,77.2,Buy,1.65,15,1.0,11.0,5.0,0.0,0.0,2.05,1.44,True,15,2026-10-21,22.0,False,True,2020-09-21,0,0,,0,,0,,N/A,0,N/A,0,3,2026-09-29 09:00,Teradyne Announces Magnum E2 to Address Next-Generation Memory Test Demands Driven by AI and High-Performance Computing,https://finnhub.io/api/news?id=c14504b75ccac7d221ce0bb780f8e8701faf280f71d230b764b5e57b1c6d14aa,,,,,,,,,False,False,False,True,True,True,,,,,,,,,,,,,,,,,
TKR,filtered,WAIT,116.5,116.68,2026-09-28,True,116.75,16:41,0.06,sip,,,,,0,116.75,09:30,0.06,sip,,,,,-,DOWNTREND,-2.36,-1.1,False,False,0,,,,,,,,downtrend (below a falling EMA50) - no long setup,,4,True,True,True,True,116.5,123.29,False,26.37,26.05,True,True,False,,114.58,119.92,116.5,119.89,False,41.12,45.39,False,False,False,,114.58,119.92,116.5,117.04,False,36.9,39.45,False,False,False,piercing_line,115.23,118.74,116.17,118.02,1.85,2.88,64.2,115.14,119.05,115.23,113.79,119.07,T1 - nearest resistance,0.95,True,116.9,116.63,False,down,channel rising but weak fit (R2 0.11 < 0.5),116.78,low,2026-09-21,False,20,5,8,7,-3,down,1,up,1,115.5,117.32,119.13,0.13,0.11,28.0,False,S1,0.71,False,0.62,,,114.71,-1.54,2.0,,,,119.07,2.21,3.0,0.95,121.75,4.51,1.0,1.94,The Timken Company,Industrials,Tools & Accessories,8090405888,31.811989,16.047802,1.28,2.536279,1.704406,3.67,1.23,0.05435,0.13015,0.08538,0.075,349212512.0,65.523,3.095,0.96721,0.0636,1.205,146.37,70.57,147.74635,60.6,Buy,2.00,11,2.0,5.0,5.0,0.0,0.0,1.48,1.51,False,12,2026-10-28,29.0,False,False,,1,0,2026-09-01 B of A Securities: up -> Buy,0,,0,,N/A,0,N/A,0,0,,,,ticker filtered out,,,,,,,,,,,,,,,,,,,,,,,,,,,,,,
TMO,up,WAIT,672.76,678.2,2026-09-28,True,673.0,17:06,-0.77,sip,,,,,0,676.79,09:30,-0.21,sip,,,,,-,UPTREND_WEAK,4.04,2.34,False,True,68,,,,,,,,extended 4.0 ATR above EMA50 with no fresh breakout - wait for a pullback to value,,2,True,False,True,False,672.76,610.88,True,91.14,92.36,False,False,True,,638.0,682.98,672.76,637.62,True,84.4,83.34,True,False,True,,634.84,682.98,672.76,665.09,True,52.21,61.39,False,False,False,,664.23,682.98,670.9,681.21,10.32,15.32,67.4,665.89,686.22,664.23,656.57,682.98,T1 - nearest resistance,0.63,True,658.94,674.31,False,up,channel rising (R2 0.77),607.99,low,2026-07-21,True,20,10,5,5,5,mixed,2,up,4,671.63,679.98,688.33,0.56,0.77,7.0,False,S1,0.86,False,0.6,False,1.68,663.57,-1.37,1.0,647.0,-3.83,1.0,682.98,1.52,1.0,0.63,,,,,Thermo Fisher Scientific Inc.,Healthcare,Diagnostics & Research,250910507008,36.366558,24.637875,2.01,4.763007,5.415023,18.56,0.28,0.15036,0.18751,0.13515,0.105,6237250048.0,80.575,1.551,0.94088,0.0136,0.854,682.98,435.27,653.1111,95.9,Buy,1.52,27,4.0,20.0,4.0,0.0,1.0,6.41,6.40,True,22,2026-10-21,22.0,False,True,2004-08-03,0,0,2026-09-03 CLSA: init -> Outperform,0,,6,"Global Grignard Reagents Market Outlook and Forecast, 2026–2032 - Market to Reach USD 7.87 Billion as Safer, AI-Enabled Production Expands Opportunities for Merck KGaA, Thermo Fisher Scientific, and Tokyo Chemical Industry",N/A,0,N/A,0,1,2026-09-29 02:11,Thermo Fisher Scientific (TMO) Stock Seems Reasonable Following Its 47% Run,https://finnhub.io/api/news?id=d91634b5352d5649bd2051f18acf345913d25fd2183ccb0f091e8a105122089b,,,,,,,,,,,,,,,,,,,,,,,,,,,,,,,
TOST,down,WAIT,30.22,30.39,2026-09-28,True,30.39,19:51,0.0,sip,,,,,0,30.25,09:30,-0.46,sip,,,,,-,DOWNTREND,-1.57,-1.05,False,False,0,,,,,,,,downtrend (below a falling EMA50) - no long setup,,3,True,True,True,False,30.22,31.77,False,32.93,30.39,True,True,False,,28.77,31.98,30.22,31.79,False,69.6,69.66,False,False,False,,28.77,32.82,30.22,30.4,False,38.5,44.1,False,False,False,bullish_harami,29.61,30.94,30.11,30.54,0.43,0.99,43.4,29.55,31.1,29.61,29.12,31.17,T1 - nearest resistance,0.86,True,29.84,30.28,False,down,channel rising but weak fit (R2 0.37 < 0.5),33.21,low,2026-07-23,False,20,4,14,2,-10,down,1,up,2,29.8,30.44,31.08,0.4,0.37,33.0,False,S1,0.69,False,0.66,False,1.46,29.57,-2.15,1.0,28.77,-4.8,1.0,31.17,3.14,5.0,0.86,32.98,9.13,3.0,2.51,"Toast, Inc.",Technology,Software - Infrastructure,17559640064,38.94872,17.522306,0.23,8.572235,2.580782,0.78,,0.07143,0.07442,0.25162,0.231,474249984.0,,2.4,0.95521003,0.0623,1.728,39.725,22.26,38.92308,45.6,Buy,1.83,26,5.0,15.0,10.0,0.0,0.0,0.37,0.37,True,15,2026-11-03,35.0,False,False,,0,1,2026-09-02 BNP Paribas: down -> Neutral,0,,0,,N/A,0,N/A,0,0,,,,not fetched for down-trend tickers,,,,,,,,,,,,,,,,,,,,,,,,,,,,,,
TSLA,down,WATCH,354.3,357.39,2026-09-28,True,358.1,19:59,0.2,sip,358.38,03:55,0.28,boats,6159,356.5,09:30,-0.25,sip,,,SUPPORT_BOUNCE,Support bounce,C,CORRECTION,-0.72,0.35,True,True,0,352.65,345.52,367.61,1.52,,1.0,Rejection - closed back above the test bar / upper half of range; confirmations 1/5 (need 3),Rejection - closed back above the test bar / upper half of range; confirmations 1/5 (need 3),,1,False,False,False,True,354.3,362.16,False,23.92,47.11,False,False,False,,352.01,386.83,354.3,363.19,False,3.02,17.21,False,False,False,,352.01,386.83,354.3,368.02,False,9.92,7.53,True,True,False,piercing_line,352.01,386.83,352.01,358.74,6.73,10.97,61.3,347.77,362.98,352.01,345.52,367.61,T1 - nearest resistance >= 1 ATR above,1.52,False,379.52,354.83,False,down,channel sloping down,350.84,low,2026-07-29,True,20,9,8,3,1,down,1,mixed,1,350.83,362.13,373.44,-0.85,0.55,15.0,True,S1,0.35,True,0.15,False,1.07,352.65,-0.47,2.0,342.53,-3.32,1.0,368.28,3.95,3.0,1.59,375.44,5.97,1.0,2.41,"Tesla, Inc.",Consumer Cyclical,Auto Manufacturers,1411765764096,343.70193,164.50443,4.45,16.251421,13.624583,1.04,,0.03671,0.014099999,0.046669997,0.255,4835999744.0,18.373,1.941,0.43668,0.0195,1.845,498.83,297.38,395.83212,28.3,Buy,2.35,38,4.0,15.0,20.0,2.0,2.0,0.44,0.45,False,24,2026-10-21,22.0,False,True,2020-12-21,0,0,2026-09-28 JP Morgan: main -> Neutral,0,,0,,13,42,600.0,356,0,,,,not fetched for down-trend tickers,,,,,,,True,False,,,,,,True,False,False,False,False,,,,,,,,,,,,
TSM,up,WATCH,457.25,452.88,2026-09-28,True,452.11,19:52,-0.17,sip,450.73,03:59,-0.47,boats,1386,449.49,09:30,-0.75,sip,,,FRESH_BREAKOUT,Fresh breakout,C,UPTREND,2.87,1.25,True,True,9,452.88,447.78,477.9,2.18,,5.0,Volume >= 1.5x average (best of live/last 3 bars: 0.9x),Volume >= 1.5x average (best of live/last 3 bars: 0.9x),SUPPORT_BOUNCE(watch),0,False,False,False,False,457.25,428.0,True,94.02,92.52,True,True,True,,413.88,458.1,457.25,433.91,True,93.25,90.78,True,True,True,bullish_engulfing,413.08,458.1,457.25,446.19,True,94.52,90.86,True,True,True,,443.11,458.1,447.07,458.1,11.03,10.2,108.1,447.9,457.27,443.11,447.78,477.9,T1 - nearest resistance >= 1 ATR above,2.18,False,451.16,454.63,True,up,channel rising (R2 0.65),421.31,low,2026-07-29,True,20,8,7,5,1,mixed,1,up,1,449.4,454.26,459.13,0.36,0.65,81.0,True,S1,-0.33,True,0.43,False,1.48,452.88,-0.96,1.0,442.16,-3.3,4.0,,,,,,,,,Taiwan Semiconductor Manufacturing Company Limited,Technology,Semiconductors,2348850348032,33.546665,20.655779,0.86,92.999825,0.5289617,13.5,0.9,0.49923,0.60344005,0.39969003,0.36,730826014720.0,16.504,2.458,0.15482001,0.0057,1.247,479.0,266.82,552.2594,89.7,Strong Buy,1.38,20,6.0,14.0,1.0,0.0,0.0,4.46,4.46,True,9,2026-10-15,16.0,False,False,,0,0,2026-09-02 Stifel: init -> Buy,1,"Intel Drops 4% on Oil-Driven Rate Fears, NVIDIA Rises 3% on Record $150B Buyback; Taiwan Semiconductor Slips",0,,87,5,400.0,8,4,2026-09-29 07:10,TSMC: 2nm Is Moving Into High Gear,https://finnhub.io/api/news?id=9d98446224caa70206c6c50ea21fef2ec02622d271f85ec953376e3c51884011,,,,,,,,,True,False,True,True,True,True,,,,,,,,,,,,,,,,,
TTC,up,WATCH,97.21,97.07,2026-09-28,True,97.07,16:00,0.0,sip,,,,,0,97.11,09:30,0.04,sip,,,MA_RECLAIM,MA reclaim (early trend),C,EARLY_UPTREND,0.83,0.34,False,False,5,95.5,93.95,100.15,0.9,96.43,3.0,R:R 0.90 below 1.5,R:R 0.90 below 1.5,SUPPORT_BOUNCE(watch),0,False,False,False,False,97.21,95.5,True,86.86,85.5,True,False,True,,91.11,98.28,97.21,95.47,True,84.11,84.96,False,False,True,,91.11,98.28,97.21,95.91,True,57.85,61.35,False,False,False,bullish_harami,95.6,98.28,96.58,98.28,1.7,2.07,82.1,96.21,98.65,95.6,93.95,100.15,T1 - nearest resistance >= 1 ATR above,0.9,True,97.03,97.26,False,up,channel rising (R2 0.78),95.88,low,2026-07-31,True,20,7,9,4,-2,down,1,up,1,96.68,98.02,99.36,0.63,0.78,20.0,True,S1,0.42,True,0.47,False,1.36,96.24,-1.0,4.0,94.39,-2.9,1.0,100.15,3.02,4.0,0.9,,,,,The Toro Company,Industrials,Tools & Accessories,9188973568,25.954546,19.033333,1.88,6.87562,1.9332998,3.74,1.61,0.07644,0.13983,0.26447,0.084,608062528.0,80.671,1.576,0.98233,0.050300002,0.706,105.19,67.64,111.0,78.7,Buy,2.00,5,0.0,3.0,3.0,0.0,0.0,0.97,0.96,True,6,,,False,False,,0,0,2026-09-23 Oppenheimer: init -> Outperform,1,Can Share Buybacks Continue to Prop Up Toro Stock?,0,,N/A,0,N/A,0,0,,,,,,,,,,,,,,,,,,,,,,,True,True,True,True,False,False,True,,,,,
TTEK,down,WAIT,33.59,33.89,2026-09-28,True,33.8,17:20,-0.27,sip,,,,,0,33.62,09:30,-0.8,sip,,,,,-,DOWNTREND,-1.1,-0.4,False,False,0,,,,,,,,downtrend (below a falling EMA50) - no long setup,,3,True,True,True,False,33.59,34.59,False,12.86,10.88,True,True,False,,33.26,37.27,33.59,35.27,False,14.32,14.63,False,False,False,,33.26,37.27,33.59,34.54,False,48.81,63.64,False,False,False,,33.26,34.24,33.58,34.24,0.66,0.91,72.5,33.33,34.49,33.26,32.81,34.41,T1 - nearest resistance,1.05,True,33.72,33.82,False,down,channel sloping down,35.19,low,2026-07-24,False,20,4,11,5,-7,mixed,1,down,3,32.54,33.18,33.82,-1.25,0.87,82.0,False,S1,1.41,False,1.37,False,2.23,32.34,-3.72,1.0,31.56,-6.04,1.0,34.41,2.44,1.0,1.05,35.33,5.18,5.0,2.23,"Tetra Tech, Inc.",Industrials,Engineering & Construction,8677345280,20.415663,19.501669,2.1,4.6854696,1.9908214,1.66,0.85,0.100030005,0.14253001,0.24297,-0.039,396642240.0,55.247,1.184,1.04414,0.048699997,0.896,43.14,25.81,40.33333,44.9,Buy,2.00,6,2.0,3.0,3.0,0.0,0.0,0.47,0.47,True,6,2026-11-11,43.0,False,False,,0,0,,0,,0,,N/A,0,N/A,0,0,,,,not fetched for down-trend tickers,,,,,,,,,,,,,,,,,,,,,,,,,,,,,,
TWLO,down,WAIT,284.73,287.08,2026-09-28,True,286.0,18:32,-0.38,sip,,,,,0,286.62,09:30,-0.16,sip,,,,,-,UPTREND_WEAK,3.16,4.86,False,True,37,,,,,,,,extended 3.2 ATR above EMA50 with no fresh breakout - wait for a pullback to value,,2,True,False,True,False,284.73,237.64,True,73.06,78.64,False,False,False,,235.2,304.75,284.73,252.96,True,69.36,65.87,True,True,False,,235.2,304.75,284.73,276.6,True,81.13,74.3,True,True,True,,265.4,304.75,281.98,289.27,7.29,14.9,48.9,274.37,296.88,265.4,257.95,304.75,T1 - nearest resistance,0.75,True,284.75,284.95,False,down,channel rising but weak fit (R2 0.19 < 0.5),238.97,low,2026-07-23,True,20,10,7,3,3,down,2,up,6,269.73,291.28,312.83,0.89,0.19,35.0,False,S1,1.9,False,1.77,False,2.83,258.35,-9.26,1.0,242.49,-14.84,2.0,304.75,7.03,1.0,0.75,,,,,Twilio Inc.,Technology,Software - Infrastructure,44073017344,39.58345,42.261177,0.43,4.908998,7.909265,7.25,,0.20615,0.078260005,0.13497,0.22,954675392.0,11.868,4.621,0.93235,0.045500003,1.405,304.75,98.44,263.0357,90.3,Buy,1.63,28,6.0,19.0,3.0,1.0,1.0,1.47,1.47,True,26,2026-10-29,30.0,False,False,,0,1,2026-09-25 HSBC: down -> Reduce,0,,0,,N/A,0,N/A,0,0,,,,not fetched for down-trend tickers,,,,,,,,,,,,,,,,,,,,,,,,,,,,,,
TXN,up,WATCH,280.84,278.51,2026-09-28,True,278.3,18:07,-0.08,sip,277.6,02:35,-0.33,boats,55,282.46,09:30,1.42,sip,,,FRESH_BREAKOUT,Fresh breakout,C,EARLY_UPTREND,1.13,0.37,True,True,3,273.33,269.28,298.41,1.52,,3.0,Volume >= 1.5x average (best of live/last 3 bars: 0.9x),Volume >= 1.5x average (best of live/last 3 bars: 0.9x),MA_RECLAIM(watch); SUPPORT_BOUNCE(watch),0,False,False,False,False,280.84,271.72,True,93.71,93.08,True,True,True,,257.1,284.39,280.84,268.74,True,91.17,93.49,False,False,True,,257.1,284.39,280.84,272.96,True,73.31,81.17,False,False,False,,269.26,284.39,280.29,284.39,4.1,8.1,50.6,276.29,288.39,269.26,269.28,298.41,T1 - nearest resistance >= 1 ATR above,1.52,False,269.98,282.12,False,up,channel rising (R2 0.8),265.24,low,2026-09-03,True,20,10,5,5,5,up,2,mixed,3,275.62,279.43,283.24,0.67,0.8,69.0,True,S1,0.4,True,0.2,False,1.45,279.23,-0.57,1.0,269.08,-4.19,6.0,287.12,2.24,3.0,0.54,297.58,5.96,1.0,1.45,Texas Instruments Incorporated,Technology,Semiconductors,254165958656,42.168182,26.145037,0.99,14.110937,13.065643,6.6,2.19,0.31111,0.42576998,0.35176,0.228,3545250048.0,78.036,4.857,0.91667,0.0241,1.314,334.03,152.73,324.7097,70.7,Buy,2.08,31,3.0,17.0,14.0,2.0,0.0,2.42,2.42,True,24,2026-10-27,28.0,False,True,2001-03-12,0,0,,0,,0,,N/A,0,N/A,0,3,2026-09-29 08:42,Is Applied Materials Still The Business You Bought?,https://finnhub.io/api/news?id=fa3817732c0d9b26a58c0e02d7106f4d6c0b7392d61661ad4c43fa920396b355,,,,,,,,,False,False,False,True,True,True,,,,,,,,,,,,,,,,,
UBER,filtered,WAIT,69.04,68.19,2026-09-28,True,68.17,19:59,-0.03,sip,68.28,03:49,0.13,boats,126,68.5,09:30,0.45,sip,,,,,-,DOWNTREND,-2.19,-1.1,False,False,0,,,,,,,,downtrend (below a falling EMA50) - no long setup,,4,True,True,True,True,69.04,72.74,False,15.24,11.94,True,True,False,bullish_harami,67.73,71.96,69.04,71.96,False,21.22,22.21,False,True,False,,67.73,72.16,69.04,69.66,False,66.97,55.42,True,True,False,bullish_harami,67.73,69.89,68.4,69.89,1.49,1.69,88.2,68.2,70.09,67.73,66.89,71.91,T1 - nearest resistance,1.33,True,69.36,69.22,False,down,channel sloping down,73.0,low,2026-07-27,False,20,3,9,8,-6,mixed,1,down,1,67.7,68.45,69.2,-0.48,0.76,89.0,True,S1,-0.2,True,0.12,False,1.36,68.83,-0.3,3.0,66.74,-3.33,1.0,71.91,4.16,5.0,1.33,74.63,8.1,4.0,2.6,"Uber Technologies, Inc.",Technology,Software - Application,139220910080,15.282512,15.443562,5.94,5.090366,2.520885,4.46,,0.17345,0.13317999,0.3716,0.122,7244749824.0,51.872,0.843,0.85363,0.0232,1.159,101.295,65.41,100.77319,10.1,Buy,1.57,47,9.0,33.0,8.0,1.0,0.0,0.92,0.95,False,31,2026-11-03,35.0,False,True,2023-12-18,0,0,2026-09-09 Scotiabank: init -> Sector Outperform,0,,0,,52,10,900.0,330,0,,,,ticker filtered out,,,,,,,,,,,,,,,,,,,,,,,,,,,,,,
VCYT,up,WATCH,45.53,45.24,2026-09-28,True,45.23,16:30,-0.02,sip,,,,,0,46.08,09:30,1.86,sip,,,MA_RECLAIM,MA reclaim (early trend),C,EARLY_UPTREND,0.17,0.31,False,True,4,45.09,42.86,49.39,1.45,45.47,3.0,R:R 1.45 below 1.5,R:R 1.45 below 1.5,,0,False,False,False,False,45.53,45.09,True,66.57,73.69,False,False,False,,38.24,49.0,45.53,43.81,True,67.79,70.09,False,False,False,,38.24,49.0,45.53,44.64,True,37.55,32.41,True,True,False,bullish_harami,44.47,49.0,45.21,47.52,2.31,2.59,89.2,44.93,47.8,44.47,42.86,49.39,T1 - nearest resistance >= 1 ATR above,1.45,True,43.53,45.89,False,up,channel rising (R2 0.62),43.77,low,2026-09-16,True,20,9,8,3,1,down,1,up,4,44.91,47.58,50.26,1.8,0.62,12.0,False,S1,1.15,False,0.94,False,1.72,43.09,-5.36,1.0,41.07,-9.8,4.0,45.77,0.53,2.0,0.09,48.48,6.48,2.0,1.1,"Veracyte, Inc.",Healthcare,Diagnostics & Research,3636072704,32.53957,23.183102,,2.618083,6.471031,1.39,,0.20374,0.15287,0.087740004,0.155,106230872.0,2.889,9.162,1.13392,0.123500004,1.926,60.91,29.455,58.41667,51.1,Buy,1.62,12,2.0,9.0,1.0,1.0,0.0,0.41,0.41,True,12,2026-11-03,35.0,False,False,,0,0,2026-09-15 Freedom Capital Markets: main -> Buy,0,,0,,N/A,0,N/A,0,1,2026-09-29 04:02,Veracyte To Present New Findings From Retrospective Ancillary Analysis Of Randomized Phase III NRG/RTOG 0815 Trial At 2026 ASTRO Annual Meeting,https://finnhub.io/api/news?id=7a54b2047aef35ae8fd9694680e4b4136901fa4d2a874439a561985bf71a05da,,,,,,,,,,,,,,,,,,,,True,True,True,True,True,False,False,,,,,
VEEV,up,WATCH,276.65,279.96,2026-09-28,True,280.0,16:33,0.01,sip,,,,,0,281.02,09:30,0.38,sip,,,SUPPORT_BOUNCE,Support bounce,C,UPTREND_WEAK,4.02,2.71,False,True,66,272.99,269.34,288.38,1.6,,0.0,Rejection - closed back above the test bar / upper half of range; confirmations 0/5 (need 3); extended 4.0 ATR above EMA50,Rejection - closed back above the test bar / upper half of range; confirmations 0/5 (need 3); extended 4.0 ATR above EMA50,,0,False,False,False,False,276.65,247.29,True,85.2,80.5,True,False,True,,257.87,282.81,276.65,263.94,True,85.77,90.33,False,False,True,,257.87,282.81,276.65,273.41,True,46.46,55.55,False,False,False,,272.14,282.81,275.54,282.24,6.7,7.3,91.8,274.94,282.84,272.14,269.34,288.38,T1 - nearest resistance >= 1 ATR above,1.6,False,280.57,278.04,False,up,channel rising (R2 0.88),248.04,low,2026-07-23,True,20,6,8,6,-2,down,1,up,4,278.59,284.03,289.47,1.27,0.88,-18.0,False,S1,1.1,False,0.5,False,2.55,272.99,-1.32,2.0,258.02,-6.73,3.0,282.81,2.23,1.0,0.84,288.38,4.24,1.0,1.6,Veeva Systems Inc.,Healthcare,Health Information Services,45327998976,46.04605,27.311464,1.25,6.245204,13.107783,6.08,,0.29345,0.29637,0.14425,0.176,1257709824.0,2.041,5.458,0.93410003,0.0335,0.974,310.5,148.05,297.2963,79.2,Buy,1.97,27,8.0,12.0,8.0,1.0,0.0,2.34,2.28,True,26,2026-11-25,57.0,False,True,2026-05-07,0,0,,0,,1,"Quality Management System Software Market Forecasts Growth from $11.73B (2026) to $20.43B by 2031, Profiling Veeva Systems, Siemens, PTC, SAP, Oracle & 15 Others",N/A,0,N/A,0,1,2026-09-29 08:30,Brokers Suggest Investing in Veeva (VEEV): Read This Before Placing a Bet,https://finnhub.io/api/news?id=21a6430771670cdbb2703d676f251161a924eab4a30fc37b1fec50df5daaacb6,,,,,,,,False,False,,,,,,True,False,False,False,False,,,,,,,,,,,,
VSH,filtered,WAIT,32.51,32.25,2026-09-28,True,32.23,19:38,-0.06,sip,32.52,03:35,0.84,boats,1,32.88,09:30,1.95,sip,,,,,-,DOWNTREND,-1.03,-1.15,True,False,0,,,,,,,,downtrend (below a falling EMA50) - no long setup,,4,True,True,True,True,32.51,34.15,False,58.4,55.46,True,True,False,,30.74,33.55,32.51,32.44,True,49.39,52.65,False,False,False,,30.74,33.55,32.51,32.34,True,65.41,60.63,True,True,False,,31.34,33.2,32.38,33.13,0.75,1.58,47.5,31.55,33.96,31.34,30.55,32.7,T1 - nearest resistance,0.1,True,32.59,32.64,False,down,channel sloping down,31.77,low,2026-09-01,True,20,8,9,3,-1,down,1,up,1,31.62,32.29,32.96,-0.18,0.11,66.0,False,S1,1.97,False,1.74,,,29.76,-8.46,4.0,,,,32.7,0.58,8.0,0.1,36.42,12.03,2.0,1.99,"Vishay Intertechnology, Inc.",Technology,Semiconductors,4943410688,169.63158,18.50374,1.86,1.6971197,1.4892577,0.2,1.23,0.00856,0.024330001,0.01134,0.166,-3755125.0,37.664,1.802,1.10674,0.1408,1.805,69.47,11.77,40.0,35.9,Buy,2.00,6,2.0,3.0,1.0,0.0,1.0,0.28,0.29,False,6,2026-11-04,36.0,False,False,,0,0,2026-09-15 Oppenheimer: init -> Outperform,0,,0,,N/A,0,N/A,0,0,,,,ticker filtered out,,,,,,,,,,,,,,,,,,,,,,,,,,,,,,
VST,filtered,WAIT,140.59,138.05,2026-09-28,True,138.85,19:58,0.58,sip,138.6,03:13,0.4,boats,175,140.16,09:30,1.53,sip,,,,,-,DOWNTREND,-0.97,-0.91,True,False,0,,,,,,,,downtrend (below a falling EMA50) - no long setup,,4,True,True,True,True,140.59,144.64,False,18.28,12.99,True,True,False,,135.77,146.11,140.59,142.07,False,37.58,26.56,True,True,False,,135.77,146.11,140.59,139.55,True,63.98,60.89,True,True,False,,135.77,143.51,138.85,143.51,4.66,4.15,112.3,139.36,143.0,135.77,133.69,143.09,T1 - nearest resistance,0.36,True,138.01,141.0,False,down,channel sloping down,142.19,low,2026-08-24,False,20,7,10,3,-3,down,1,up,1,134.67,137.41,140.15,-0.38,0.38,108.0,True,S1,0.13,True,0.23,False,1.41,139.62,-0.69,1.0,134.72,-4.18,3.0,143.09,1.78,2.0,0.36,148.14,5.37,3.0,1.09,Vistra Corp.,Utilities,Utilities - Independent Power Producers,46324371456,23.35364,13.315184,0.35,15.426401,2.4112208,5.91,0.66,0.1155,0.13766,0.42962003,-0.055,37125000.0,373.28,0.973,0.92077005,0.0335,1.414,217.1,132.66,217.57895,9.4,Strong Buy,1.35,19,4.0,15.0,0.0,0.0,1.0,2.59,2.60,False,7,2026-11-05,37.0,False,True,2024-05-08,0,0,,0,,0,,93,5,150.0,11,0,,,,ticker filtered out,,,,,,,,,,,,,,,,,,,,,,,,,,,,,,
WAT,up,BUY,441.56,442.97,2026-09-28,True,443.0,16:26,0.01,sip,,,,,0,,,,,,,FRESH_BREAKOUT,Fresh breakout,B,UPTREND,3.04,1.48,True,True,50,436.34,430.74,463.2,2.0,,3.0,,,,0,False,False,False,False,441.56,407.53,True,93.91,89.62,True,True,True,,415.93,445.48,441.56,418.83,True,91.94,92.11,False,False,True,,415.79,445.48,441.56,430.63,True,78.91,81.38,False,False,False,,423.89,445.48,437.88,444.41,6.53,11.2,58.3,433.21,449.08,423.89,430.74,463.2,2R - no resistance above,2.0,False,423.22,440.8,True,up,channel rising (R2 0.74),403.39,low,2026-07-21,True,20,6,7,7,-1,mixed,3,down,1,432.92,439.5,446.08,0.62,0.74,66.0,,,,False,1.59,False,4.07,423.74,-4.04,6.0,395.99,-10.32,6.0,,,,,,,,,Waters Corporation,Healthcare,Diagnostics & Research,43490443264,109.91067,26.7691,1.61,2.8632932,9.36429,4.03,,0.03588,0.09422,0.019199999,1.134,-142067632.0,36.045,1.861,1.0228,0.0337,1.194,445.48,282.77,444.79166,97.6,Buy,1.68,24,3.0,15.0,7.0,0.0,0.0,4.00,4.00,True,22,2026-10-30,31.0,False,True,2002-01-02,1,0,2026-09-21 Goldman Sachs: main -> Buy,0,,0,,N/A,0,N/A,0,0,,,,,,,,,,,,False,True,False,True,True,True,,,,,,,,,,,,,,,,,
WAY,down,WATCH,25.34,25.76,2026-09-28,True,25.74,16:39,-0.08,sip,,,,,0,25.29,09:30,-1.82,sip,,,PULLBACK,Pullback in uptrend,C,UPTREND,0.85,0.6,True,True,12,24.33,24.05,26.56,0.95,25.05,2.0,Turning up - close above prior close and daily %K rising; confirmations 2/5 (need 3); R:R 0.95 below 1.5,Turning up - close above prior close and daily %K rising; confirmations 2/5 (need 3); R:R 0.95 below 1.5,MA_BOUNCE(watch); SUPPORT_BOUNCE(watch),0,False,False,False,False,25.34,24.4,True,53.6,47.36,True,True,False,,24.33,27.11,25.34,25.07,True,49.89,37.43,True,True,False,,24.33,27.11,25.34,25.22,True,67.08,76.82,False,False,False,,24.33,25.77,25.01,25.53,0.52,1.1,47.3,24.43,26.11,24.33,24.05,26.56,T1 - nearest resistance >= 1 ATR above,0.95,True,25.52,25.31,True,down,channel sloping down,24.44,low,2026-07-30,True,20,3,12,5,-9,up,1,down,6,24.17,24.94,25.72,-0.22,0.08,76.0,True,S1,0.1,True,0.15,False,0.88,25.18,-0.63,1.0,24.37,-3.83,3.0,25.85,2.01,2.0,0.4,27.08,6.87,2.0,1.35,Waystar Holding Corp.,Healthcare,Health Information Services,4935604224,35.260273,13.69331,,1.2531035,4.093434,0.73,,0.11179,0.2441,0.03765,0.181,313745376.0,37.171,1.847,1.13036,0.091000006,0.153,40.35,17.26,33.68182,35.0,Strong Buy,1.36,22,4.0,16.0,2.0,0.0,0.0,0.41,0.41,True,19,2026-10-28,29.0,False,False,,0,1,2026-09-16 Freedom Capital Markets: main -> Buy,0,,0,,N/A,0,N/A,0,0,,,,not fetched for down-trend tickers,,True,False,True,False,True,False,False,,,,,,,,,,,,,,,,,,,,,,
WDAY,down,WATCH,186.18,188.5,2026-09-28,True,188.6,18:28,0.05,sip,,,,,0,187.65,09:30,-0.45,sip,,,PULLBACK,Pullback in uptrend,C,UPTREND,0.78,1.04,True,True,47,181.47,179.8,195.92,1.53,,3.0,Turning up - close above prior close and daily %K rising,Turning up - close above prior close and daily %K rising,MA_BOUNCE(watch); SUPPORT_BOUNCE(watch),0,False,False,False,False,186.18,180.96,True,31.24,33.18,False,False,False,,181.47,201.0,186.18,189.67,False,37.88,38.3,False,False,False,,181.47,201.0,186.18,190.5,False,51.62,57.47,False,False,False,,181.47,192.23,185.45,188.71,3.26,6.68,48.8,182.03,192.13,181.47,179.8,195.92,T1 - nearest resistance >= 1 ATR above,1.53,False,192.19,187.03,False,down,channel sloping down,183.81,low,2026-07-23,True,20,6,8,6,-2,down,2,up,1,185.67,188.45,191.24,-0.35,0.48,9.0,True,S1,0.29,True,0.07,False,2.16,185.71,-0.25,5.0,171.78,-7.73,2.0,195.92,5.23,1.0,1.53,201.88,8.43,2.0,2.46,"Workday, Inc.",Technology,Software - Application,45452603392,38.726902,14.252271,0.69,7.0360007,4.4758844,4.91,,0.12319,0.11816,0.16006,0.128,3046374912.0,58.39,0.908,1.12516,0.083100006,1.082,249.14,110.36,208.68184,54.6,Buy,2.26,38,5.0,15.0,19.0,1.0,2.0,2.74,2.64,True,36,,,False,True,2024-12-23,0,0,2026-08-31 Goldman Sachs: main -> Neutral,0,,0,,N/A,0,N/A,0,0,,,,not fetched for down-trend tickers,,True,False,True,True,True,False,False,,,,,,,,,,,,,,,,,,,,,,
WK,down,WAIT,66.99,68.17,2026-09-28,True,68.19,16:00,0.03,sip,,,,,0,68.76,09:30,0.87,sip,,,,,-,RANGE,-0.53,0.24,False,False,0,,,,,,,,no trend (below a flat EMA50) - wait for a reclaim or a breakout,,3,True,True,True,False,66.99,68.58,False,13.69,16.16,False,False,False,,65.75,76.01,66.99,71.7,False,23.69,22.86,True,True,False,,65.75,76.2,66.99,70.56,False,23.58,28.44,False,False,False,,65.75,72.31,66.97,69.71,2.74,2.98,91.9,66.73,69.95,65.75,64.26,69.16,T1 - nearest resistance,0.79,True,70.85,67.43,False,down,channel sloping down,70.07,low,2026-07-23,False,20,5,10,5,-5,down,1,mixed,1,66.25,68.45,70.66,-0.86,0.54,17.0,False,S1,2.12,False,1.52,False,3.12,62.45,-6.78,1.0,57.69,-13.88,2.0,69.16,3.24,1.0,0.79,71.66,6.97,4.0,1.71,Workiva Inc.,Technology,Software - Application,3710660352,81.17857,16.83787,,-304.41965,3.9627104,0.84,,0.04871,0.04571,,0.186,169095376.0,,1.473,1.01569,0.0759,0.487,97.095,43.34,89.8,44.0,Strong Buy,1.18,10,2.0,9.0,0.0,0.0,0.0,0.80,0.80,True,10,2026-11-04,36.0,False,False,,0,0,2026-09-16 Baird: main -> Outperform,0,,0,,N/A,0,N/A,0,0,,,,not fetched for down-trend tickers,,,,,,,,,,,,,,,,,,,,,,,,,,,,,,
WSM,down,BUY,229.15,231.03,2026-09-28,True,231.03,16:04,0.0,sip,,,,,0,231.99,09:30,0.42,sip,,,MA_RECLAIM,MA reclaim (early trend),B,EARLY_UPTREND,0.1,0.12,True,False,4,228.52,223.64,246.87,3.21,,3.0,,,,0,False,False,False,False,229.15,228.52,True,79.41,76.67,True,True,False,,216.68,234.32,229.15,229.21,False,73.55,80.75,False,False,False,,216.68,234.32,229.15,229.26,False,47.23,56.49,False,False,False,,226.18,233.84,228.74,233.4,4.65,6.51,71.4,226.89,235.25,226.18,223.64,246.87,T1 - nearest resistance >= 1 ATR above,3.21,False,232.13,230.21,False,down,channel rising but weak fit (R2 0.09 < 0.5),233.09,low,2026-07-23,False,20,6,7,7,-1,down,1,up,1,227.39,231.14,234.88,0.13,0.09,24.0,False,S1,2.25,False,1.82,,,217.32,-5.16,5.0,,,,230.56,0.62,9.0,0.26,247.9,8.18,7.0,3.4,"Williams-Sonoma, Inc.",Consumer Cyclical,Specialty Retail,27210522624,23.817526,21.973309,2.63,14.548489,3.398802,9.7,1.31,0.14729,0.17272,0.54960996,0.067,1069320128.0,71.369,1.447,0.98493,0.0493,1.463,254.89,165.51,247.85,71.2,Buy,2.17,20,2.0,9.0,11.0,0.0,1.0,2.20,2.13,True,12,2026-11-18,50.0,False,True,2025-03-24,0,0,2026-09-09 Evercore ISI Group: main -> In-Line,0,,0,,N/A,0,N/A,0,0,,,,not fetched for down-trend tickers,,,,,,,,,,,,,,,,,,,True,True,True,True,False,True,False,,,,,
XYZ,filtered,WAIT,73.1,73.32,2026-09-28,True,73.2,19:49,-0.16,sip,73.06,00:09,-0.35,boats,45,73.05,09:30,-0.37,sip,,,,,-,DOWNTREND,-2.49,-0.98,False,False,0,,,,,,,,downtrend (below a falling EMA50) - no long setup,,4,True,True,True,True,73.1,78.31,False,10.05,15.33,False,False,False,,72.86,79.82,73.1,78.16,False,5.7,18.04,False,False,False,,72.86,79.82,73.1,75.82,False,7.35,6.77,True,True,False,,72.86,77.19,72.86,73.66,0.8,2.09,38.3,71.57,74.95,72.86,71.81,74.36,T1 - nearest resistance,0.98,True,77.8,73.26,False,down,channel sloping down,73.26,low,2026-09-29,False,20,5,10,5,-5,down,1,up,1,71.92,73.95,75.97,-0.81,0.59,29.0,,,,,,,,,,,,,,74.36,1.72,1.0,0.98,76.87,5.16,8.0,2.92,"Block, Inc.",Technology,Software - Infrastructure,44044279808,130.9107,14.135672,0.59,1.9976563,1.758819,0.56,,0.01426,0.06999,0.01612,0.093,-27105876.0,32.58,2.209,0.84246004,0.028800001,2.522,86.92,48.21,98.30952,64.3,Buy,1.55,42,10.0,29.0,8.0,0.0,0.0,1.02,1.03,False,32,2026-11-09,41.0,False,True,2025-07-23,1,0,2026-09-25 Cantor Fitzgerald: reit -> Overweight,0,,0,,N/A,0,N/A,0,0,,,,ticker filtered out,,,,,,,,,,,,,,,,,,,,,,,,,,,,,,
ZBRA,up,WAIT,369.28,371.95,2026-09-28,True,371.87,16:00,-0.02,sip,,,,,0,376.14,09:30,1.13,sip,,,,,-,UPTREND,2.79,2.03,True,True,71,,,,,,,,extended 2.8 ATR above EMA50 with no fresh breakout - wait for a pullback to value,,2,True,False,True,False,369.28,339.07,True,84.49,84.41,True,False,True,,338.67,380.85,369.28,354.96,True,81.33,85.42,False,False,True,,338.67,380.85,369.28,364.23,True,32.1,46.35,False,False,False,bullish_harami,362.76,380.85,366.49,380.85,14.35,10.81,132.7,370.04,377.3,362.76,357.36,370.06,T1 - nearest resistance,0.07,True,371.55,371.01,False,up,channel rising (R2 0.65),339.78,low,2026-07-21,True,20,9,8,3,1,mixed,1,up,1,366.19,375.87,385.54,0.86,0.65,16.0,False,S1,1.79,False,1.16,False,1.75,356.77,-3.39,1.0,350.36,-5.12,1.0,370.06,0.21,4.0,0.07,386.22,4.59,1.0,1.42,Zebra Technologies Corporation,Technology,Communication Equipment,17593415680,33.867943,16.751158,0.62,5.130303,3.02949,10.98,,0.092180006,0.21259001,0.15286,0.204,576750016.0,86.23,0.516,1.05901,0.045900002,1.607,386.23,199.05,411.45267,90.9,Buy,1.94,15,3.0,7.0,6.0,0.0,0.0,4.90,4.89,True,15,2026-11-03,35.0,False,True,2019-12-23,0,0,2026-09-15 Needham: main -> Buy,0,,1,Zebra Technologies To Rally Around 24%? Here Are 10 Top Analyst Forecasts For Tuesday,N/A,0,N/A,0,1,2026-09-29 06:56,3 S&P 500 Stocks to Target This Week,https://finnhub.io/api/news?id=78341468d52b0f706a78c44b7f129bb142879bdffd5ef4406c43f76f0dc82b62,,,,,,,,,,,,,,,,,,,,,,,,,,,,,,,
ZM,filtered,WAIT,87.76,87.3,2026-09-28,True,87.39,18:09,0.1,sip,87.16,00:27,-0.16,boats,7,87.36,09:30,0.07,sip,,,,,-,DOWNTREND,-2.74,-1.29,False,False,0,,,,,,,,downtrend (below a falling EMA50) - no long setup,,4,True,True,True,True,87.76,94.93,False,16.56,17.71,False,True,False,piercing_line,85.49,93.33,87.76,93.82,False,25.32,29.8,False,False,False,bullish_engulfing,85.49,94.01,87.76,90.16,False,36.03,33.78,True,True,False,bullish_harami,85.49,91.83,86.38,88.16,1.78,2.62,67.9,85.54,89.0,85.49,84.18,88.06,T1 - nearest resistance,0.08,True,90.9,87.53,True,down,channel sloping down,97.32,low,2026-07-23,False,20,6,11,3,-5,down,1,mixed,1,85.81,88.57,91.33,-0.52,0.31,35.0,False,S1,1.54,False,1.69,,,83.32,-5.06,1.0,,,,88.06,0.34,2.0,0.08,93.79,6.87,4.0,1.68,"Zoom Communications, Inc.",Technology,Software - Application,25472718848,8.330153,13.765461,2.46,2.5695367,5.101635,10.48,,0.65192,0.24609,0.32143003,0.049,1975528320.0,0.533,3.826,0.79100996,0.0269,1.04,114.74,70.7,118.24,38.7,Buy,1.90,25,2.0,16.0,11.0,0.0,1.0,1.49,1.50,False,25,2026-11-24,56.0,False,False,,0,0,,0,,0,,N/A,0,N/A,0,0,,,,ticker filtered out,,,,,,,,,,,,,,,,,,,,,,,,,,,,,,
