ticker,report,signal,current_price,close_price,close_date,market_open,after_hours,after_hours_time_et,after_hours_pct,after_hours_source,overnight,overnight_time_et,overnight_pct,overnight_source,overnight_trades,pre_market,pre_market_time_et,pre_market_pct,pre_market_source,current_ext_price,current_ext_session,setup,setup_label,grade,ctx_state,ctx_ext_ema50_atr,ctx_ema50_slope_pct,ctx_higher_lows,ctx_higher_highs,ctx_days_above_ema50,setup_level,setup_stop,setup_target,setup_rr,setup_buy_below,setup_buy_up_to,setup_watch_kind,setup_breakout_above,setup_turn_above,setup_buy_when,setup_distance,setup_target_src,setup_overhead,setup_confirms,setup_fails,wait_reason,other_setups,req_volume_x_average,conf_close_in_the_top_pct_of_the_bar_s_range,conf_tight_base_before_the_break,conf_daily_pct_k_above_and_not_rolling_over,conf_higher_lows_in_place,turn_daily_turn_g,turn_h_turn_above,filter_checks_failed,fails_no_setup,fails_weak_context,fails_wait_signal,fails_eps_deteriorating,d1_close,d1_ema50,d1_trend_up,d1_stoch_k,d1_stoch_d,d1_k_above_d,d1_stoch_bullish,d1_overbought,d1_patterns,d1_support,d1_resistance,h4_close,h4_ema50,h4_trend_up,h4_stoch_k,h4_stoch_d,h4_k_above_d,h4_stoch_bullish,h4_overbought,h4_patterns,h4_support,h4_resistance,h1_close,h1_ema50,h1_trend_up,h1_stoch_k,h1_stoch_d,h1_k_above_d,h1_stoch_bullish,h1_overbought,h1_patterns,h1_support,h1_resistance,today_low,today_high,today_range,daily_atr,atr_used_today_pct,atr_projected_low,atr_projected_high,entry_support_1h,stop,take_profit,target_source,target_r,target_below_min_r,poc,vwap,above_vwap,trend_dir,trend_reason,avwap,avwap_anchor_type,avwap_anchor_date,above_avwap,hhhl_window_days,hhhl_up_days,hhhl_down_days,hhhl_mixed_days,hhhl_net,streak_current_type,streak_current_days,streak_previous_type,streak_previous_days,channel_lower,channel_mid,channel_upper,channel_slope_pct_day,channel_r2,channel_position_pct,premarket_near_support,premarket_near_level,premarket_near_atr,near_s1,near_s1_atr,near_s2,near_s2_atr,day_s1,day_s1_pct,day_s1_touches,day_s2,day_s2_pct,day_s2_touches,day_t1,day_t1_pct,day_t1_touches,day_t1_r,day_t2,day_t2_pct,day_t2_touches,day_t2_r,name,sector,industry,market_cap,trailing_p_e,forward_p_e,peg_ratio,price_book,price_sales_ttm,eps_ttm,dividend_yield,profit_margin,operating_margin,return_on_equity,revenue_growth_yoy,free_cash_flow,debt_equity,current_ratio,institutional_ownership,short_pct_of_float,beta,52_week_high,52_week_low,analyst_target_mean,pos_in_52w_range_pct,analyst_consensus,analyst_mean_score,analyst_opinions,analyst_strong_buy,analyst_buy,analyst_hold,analyst_sell,analyst_strong_sell,eps_current,eps_30d_ago,eps_improving,eps_num_analysts,next_earnings_date,days_to_earnings,in_earnings_window,in_sp500,sp500_added_date,upgrades,downgrades,latest_rating_action,buyback_headlines_count,latest_buyback_headline,guidance_headlines_count,latest_guidance_headline,reddit_rank,reddit_mentions,reddit_momentum_pct_24h,reddit_upvotes,news_count,latest_news_time,latest_news_headline,latest_news_url,news_not_fetched_reason,error,req_structure_intact_pullback_low_holds_abov,conf_volume_fading_into_the_end_of_the_dip,conf_daily_stochastic_reset,conf_pullback_low_sat_at_value,conf_bullish_candle,req_support_held_no_daily_close_below_it_sin,req_rejection_closed_back_above_the_test_bar,conf_volume_on_the_bounce_average,conf_daily_stochastic_reset_and_turning_up,conf_trend_context_intact,req_held_closes_above_ma,req_not_extended,conf_higher_low_since_the_reclaim,conf_ma_above_ma,conf_volume_on_the_reclaim_x_average,conf_daily_pct_k_above_pct_d_and_not_overboug,conf_ma_reclaimed_as_well,conf_bullish_candle_hammer,conf_bullish_candle_piercing_line,conf_bullish_candle_bullish_engulfing,conf_bullish_candle_bullish_harami,conf_bullish_candle_bullish_harami_hammer,req_ma_rising,req_ma_held_no_daily_close_below_it,conf_volume_fading_into_the_end_of_the_dip_so
A,up,WAIT,175.01,175.01,2026-09-29,False,175.03,16:08,0.01,sip,,,,,0,,,,,175.03,after-hours,FRESH_BREAKOUT,Fresh breakout,D,UPTREND,4.69,3.12,True,True,13,174.77,171.03,182.97,2.0,,175.81,,,175.14,"Setup: Volume >= 1.5x average | Turn - daily: a green candle - trade above 175.14 (today's open / mid-range) and hold it into the close | Confirmations: any 1 of: Close in the top 40% of the bar's range, or Tight base before the break",5.0,2R - no resistance above,,2.0,Volume >= 1.5x average (best of live/last 3 bars: 1.2x); no turn yet on the daily chart; confirmations 2/4 (need 3),weak fresh breakout: Volume >= 1.5x average (best of live/last 3 bars: 1.2x); no turn yet on the daily chart; confirmations 2/4 (need 3),,False,False,False,True,True,False,True,1,False,False,True,False,175.01,151.68,True,95.34,94.13,True,True,True,,150.3,177.05,175.01,158.59,True,91.56,93.77,False,False,True,,150.3,177.05,175.01,169.04,True,74.88,73.64,True,True,False,,169.5,177.05,173.22,177.05,3.83,4.98,76.9,172.07,178.2,169.5,171.03,182.97,2R - no resistance above,2.0,False,175.25,174.95,True,up,channel rising (R2 0.89),151.81,low,2026-07-21,True,20,12,5,3,7,up,2,mixed,1,174.02,177.4,180.77,1.31,0.89,15.0,,,,False,2.26,False,2.91,163.75,-6.43,1.0,160.51,-8.29,1.0,,,,,,,,,"Agilent Technologies, Inc.",Healthcare,Diagnostics & Research,49346007040,34.590908,25.902166,1.45,6.702791,6.6937065,5.06,0.58,0.19533001,0.25559,0.20971,0.081,1060374976.0,56.336,2.05,0.95492995,0.020499999,1.241,177.05,108.35,175.42857,97.0,Buy,1.78,21,4.0,12.0,7.0,0.0,0.0,1.73,1.73,True,19,2026-11-25,56.0,False,True,2000-06-05,0,0,,0,,0,,N/A,0,N/A,0,0,,,,,,,,,,,,,,,,,,,,,,,,,,,,,,
AAOI,filtered,WAIT,100.74,100.74,2026-09-29,False,101.45,19:59,0.7,sip,100.71,23:47,-0.03,boats,240,,,,,100.71,overnight,,,-,DOWNTREND,-1.84,-2.4,False,False,0,,,,,,,,,101.53,,,,,,,downtrend (below a falling EMA50) - no long setup,,,,,,,True,False,4,True,True,True,True,100.74,112.68,False,29.85,29.14,True,True,False,,93.62,110.74,100.74,105.82,False,36.21,28.32,True,True,False,,93.62,110.74,100.74,101.16,False,71.45,74.33,False,False,False,,93.62,105.03,97.43,103.83,6.4,6.48,98.8,97.35,103.91,93.62,90.38,102.1,T1 - nearest resistance,0.13,True,101.67,101.53,False,down,channel sloping down,118.61,low,2026-07-29,False,20,7,11,2,-4,up,1,down,1,93.08,97.69,102.3,-1.45,0.61,83.0,,,,False,1.02,False,3.82,94.15,-6.54,3.0,76.01,-24.55,1.0,102.1,1.35,1.0,0.13,110.74,9.93,1.0,0.97,"Applied Optoelectronics, Inc.",Technology,Communication Equipment,8547515904,,21.87527,0.78,5.092831,14.342192,-0.81,,-0.09568,-0.12884,-0.05449,0.864,-887050112.0,17.994,2.777,0.62924,0.15020001,3.783,233.67,18.5,163.4,38.2,None,N/A,5,2.0,1.0,3.0,0.0,0.0,0.14,0.28,False,6,2026-11-05,36.0,False,False,,0,0,,0,,0,,N/A,0,N/A,0,0,,,,ticker filtered out,,,,,,,,,,,,,,,,,,,,,,,,,,
AAPL,down,WAIT,329.59,329.59,2026-09-29,False,330.29,19:59,0.21,sip,329.87,23:46,0.08,boats,799,,,,,329.87,overnight,PULLBACK,Pullback in uptrend,D,UPTREND,1.06,0.96,True,True,30,328.7,324.18,335.17,1.03,328.58,,,335.17,337.06,Price: pull back to 328.58 or lower (R:R 1.5+ with the same stop and target) OR close above 335.17 on 1.5x+ volume (becomes a fresh breakout) | Then the turn has to show at that price - daily: a green candle - trade above 337.06 (today's open / mid-range) and hold it into the close; 1h: reclaim the session VWAP (331.69) and 1h MACD bullish or 1h %K above %D | Confirmations: any 2 of: Volume fading into the end of the dip; Daily stochastic reset; Bullish candle,6.1,"T1 - overhead resistance (swing level, 3 touch(es)) inside 1 ATR","330.81, 335.17",1.0,no turn yet on the daily and 1h charts; confirmations 1/4 (need 3); R:R 1.03 below 1.5,weak pullback in uptrend: no turn yet on the daily and 1h charts; confirmations 1/4 (need 3); R:R 1.03 below 1.5,,,,,,,False,False,1,False,False,True,False,329.59,322.41,True,71.15,76.93,False,False,False,,328.7,345.34,329.59,329.33,True,19.27,38.17,False,False,False,,328.7,345.34,329.59,335.97,False,5.82,6.38,False,False,False,,328.7,342.99,328.7,337.06,8.36,6.76,123.7,330.3,335.46,328.7,324.18,335.17,"T1 - overhead resistance (swing level, 3 touch(es)) inside 1 ATR",1.03,True,340.18,331.69,False,down,channel sloping down,317.99,low,2026-07-31,True,20,11,7,2,4,down,1,up,2,329.46,335.11,340.76,-0.23,0.23,1.0,,,,False,1.62,False,2.96,318.64,-3.32,3.0,309.61,-6.06,3.0,330.81,0.37,1.0,0.23,335.17,1.69,3.0,1.03,Apple Inc.,Technology,Consumer Electronics,4807323025408,38.75294,34.36494,2.71,44.755432,10.297956,8.5,0.32,0.27618998,0.32623002,1.4875101,0.164,107721875456.0,78.445,1.003,0.66344,0.0088,1.085,345.34,243.42,328.22205,84.5,Buy,2.20,39,6.0,19.0,13.0,3.0,3.0,1.98,1.98,True,27,2026-10-29,29.0,False,True,1982-11-30,0,0,2026-09-29 Morgan Stanley: reit -> Overweight,0,,0,,18,41,115.8,221,0,,,,not fetched for down-trend tickers,,True,False,False,True,False,,,,,,,,,,,,,,,,,,,,
ABBV,down,WAIT,263.27,263.27,2026-09-29,False,263.29,16:28,0.01,sip,,,,,0,,,,,263.29,after-hours,PULLBACK,Pullback in uptrend,D,UPTREND,1.38,0.75,True,True,15,261.52,259.17,266.63,0.82,262.15,,,266.63,265.45,Price: pull back to 262.15 or lower (R:R 1.5+ with the same stop and target) OR close above 266.63 on 1.5x+ volume (becomes a fresh breakout) | Then the turn has to show at that price - daily: a green candle - trade above 265.45 (today's open / mid-range) and hold it into the close; 1h: reclaim the session VWAP (263.65) | Confirmations: any 2 of: Volume fading into the end of the dip; Daily stochastic reset; Bullish candle,6.2,"T1 - overhead resistance (swing level, 6 touch(es)) inside 1 ATR",266.63,1.0,no turn yet on the daily and 1h charts; confirmations 1/4 (need 3); R:R 0.82 below 1.5,weak pullback in uptrend: no turn yet on the daily and 1h charts; confirmations 1/4 (need 3); R:R 0.82 below 1.5,MA_BOUNCE(weak),,,,,,False,False,1,False,False,True,False,263.27,256.19,True,77.94,79.72,False,False,False,,260.88,269.39,263.27,260.88,True,38.85,50.11,False,False,False,,260.88,269.39,263.27,264.23,False,29.6,28.18,True,False,False,,261.52,268.93,261.52,268.93,7.41,5.13,144.4,263.8,266.65,261.52,259.17,266.63,"T1 - overhead resistance (swing level, 6 touch(es)) inside 1 ATR",0.82,True,265.07,263.65,False,down,channel sloping down,258.01,low,2026-08-06,True,20,8,5,7,3,mixed,1,up,1,262.0,264.51,267.02,-0.04,0.03,25.0,,,,True,0.45,False,1.56,260.96,-0.88,1.0,255.29,-3.03,1.0,266.63,1.28,6.0,0.82,,,,,AbbVie Inc.,Healthcare,Drug Manufacturers - General,465264345088,74.1662,16.184992,0.54,-78.38345,7.2261724,3.55,2.6,0.098000005,0.40035,,0.102,16870250496.0,,0.809,0.77362996,0.0123000005,0.281,269.39,190.75,278.85715,92.2,Buy,1.70,28,8.0,16.0,5.0,0.0,1.0,3.84,3.84,True,19,2026-10-29,29.0,False,True,2012-12-31,0,0,2026-09-10 HSBC: main -> Buy,0,,0,,N/A,0,N/A,0,0,,,,not fetched for down-trend tickers,,True,False,False,True,False,,,,,,,,,,,,,,,,,,,,
ABNB,down,WAIT,156.97,156.97,2026-09-29,False,157.71,19:45,0.47,sip,,,,,0,,,,,157.71,after-hours,,,-,DOWNTREND,-1.57,-1.4,False,True,0,,,,,,,,,,,,,,,,downtrend (below a falling EMA50) - no long setup,,,,,,,True,True,3,True,True,True,False,156.97,165.07,False,28.56,19.87,True,True,False,,149.0,170.53,156.97,166.27,False,35.98,37.4,False,False,False,,149.0,170.53,156.97,158.27,False,72.2,65.57,True,True,False,,153.7,158.7,153.7,158.4,4.7,5.16,91.1,153.24,158.86,153.7,151.12,165.83,T1 - nearest resistance,1.51,False,152.09,156.28,True,down,channel sloping down,170.77,low,2026-07-23,False,20,5,11,4,-6,down,1,up,2,143.91,152.86,161.8,-0.89,0.27,73.0,,,,True,0.09,False,1.45,156.5,-0.3,1.0,149.49,-4.77,3.0,165.83,5.64,1.0,1.51,169.6,8.05,1.0,2.16,"Airbnb, Inc.",Consumer Cyclical,Travel Services,93985398784,35.59184,25.369856,1.34,11.873818,7.14229,4.41,,0.2045,0.21009001,0.34542,0.165,3206874880.0,32.004,1.408,0.89359003,0.035,1.161,193.453,110.81,184.35,55.9,Buy,2.00,40,6.0,21.0,16.0,1.0,1.0,2.87,2.85,True,33,2026-11-05,36.0,False,True,2023-09-18,1,0,2026-09-21 RBC Capital: reit -> Outperform,0,,0,,N/A,0,N/A,0,0,,,,not fetched for down-trend tickers,,,,,,,,,,,,,,,,,,,,,,,,,,
ACMR,down,WAIT,75.61,75.61,2026-09-29,False,75.61,16:00,0.0,sip,76.01,23:07,0.53,boats,9,,,,,76.01,overnight,,,-,RANGE,-0.27,0.06,False,False,0,,,,,,,,,78.75,,,,,,,no trend (below a flat EMA50) - wait for a reclaim or a breakout,,,,,,,False,False,3,True,True,True,False,75.61,76.89,False,67.58,70.9,False,False,False,,63.41,82.78,75.61,74.61,True,48.52,54.54,False,False,False,,63.41,82.78,75.61,75.0,True,35.54,35.65,False,True,False,bullish_engulfing,73.47,78.75,74.82,78.75,3.93,4.74,82.9,74.01,79.56,73.47,71.1,77.3,T1 - nearest resistance,0.37,True,75.84,75.7,False,down,channel rising but weak fit (R2 0.15 < 0.5),73.56,low,2026-09-15,True,20,8,8,4,0,up,1,down,1,73.25,77.18,81.1,0.52,0.15,30.0,,,,False,1.94,False,2.63,66.42,-12.15,1.0,63.16,-16.47,2.0,77.3,2.24,6.0,0.37,84.31,11.51,4.0,1.93,"ACM Research, Inc.",Technology,Semiconductor Equipment & Materials,5266176000,35.665096,26.137758,,2.830775,5.074502,2.12,,0.14476,0.16982001,0.11627,0.36,-186610256.0,14.524,3.656,0.77924,0.0764,1.953,127.19,28.46,115.875,47.8,Strong Buy,1.44,8,2.0,6.0,1.0,0.0,0.0,0.48,0.47,True,3,2026-11-04,35.0,False,False,,0,0,,0,,0,,N/A,0,N/A,0,0,,,,not fetched for down-trend tickers,,,,,,,,,,,,,,,,,,,,,,,,,,
ADI,up,WAIT,398.27,398.27,2026-09-29,False,399.84,19:59,0.39,sip,397.88,21:39,-0.1,boats,14,,,,,397.88,overnight,FRESH_BREAKOUT,Fresh breakout,D,UPTREND_WEAK,1.76,0.81,False,True,8,390.55,384.72,435.85,2.77,,405.17,,,401.62,"Setup: Volume >= 1.5x average | Turn - daily: a green candle - trade above 401.62 (today's open / mid-range) and hold it into the close; 1h: reclaim the session VWAP (399.23) and 1h MACD bullish or 1h %K above %D | Confirmations: any 1 of: Close in the top 40% of the bar's range, or Higher lows in place",6.0,"T1 - nearest real resistance (swing level, 5 touch(es))",,2.0,Volume >= 1.5x average (best of live/last 3 bars: 1.0x); no turn yet on the daily and 1h charts; confirmations 2/4 (need 3),weak fresh breakout: Volume >= 1.5x average (best of live/last 3 bars: 1.0x); no turn yet on the daily and 1h charts; confirmations 2/4 (need 3),SUPPORT_BOUNCE(weak),False,False,True,True,False,False,False,1,False,False,True,False,398.27,377.7,True,93.11,89.91,True,True,True,,358.66,405.38,398.27,377.53,True,86.31,90.79,False,False,True,,358.66,405.38,398.27,387.88,True,57.93,58.64,False,False,False,piercing_line,388.13,405.38,395.74,405.38,9.64,11.66,82.7,393.72,407.4,388.13,384.72,435.85,"T1 - nearest real resistance (swing level, 5 touch(es))",2.77,False,382.33,399.23,False,up,channel rising (R2 0.71),372.79,low,2026-09-03,True,20,12,6,2,6,up,3,down,2,390.64,398.04,405.44,0.72,0.71,52.0,,,,False,0.8,False,3.55,388.96,-2.34,10.0,356.82,-10.41,7.0,,,,,,,,,"Analog Devices, Inc.",Technology,Semiconductors,192963657728,46.959908,24.358765,0.59,5.751383,13.900534,8.48,1.11,0.29787,0.39503,0.12227,0.396,4147339008.0,27.314,1.25,0.93848,0.0199,1.205,445.91,223.47,470.71875,78.6,Strong Buy,1.41,32,6.0,24.0,4.0,0.0,0.0,3.85,3.55,True,26,2026-11-24,55.0,False,True,1999-10-12,0,0,2026-09-08 TD Cowen: reit -> Buy,0,,0,,N/A,0,N/A,0,0,,,,,,,,,,,,,,,,,,,,,,,,,,,,,,
AER,down,WAIT,145.1,145.1,2026-09-29,False,145.1,16:00,0.0,sip,,,,,0,,,,,145.1,after-hours,SUPPORT_BOUNCE,Support bounce,D,RANGE,-0.22,0.08,False,False,0,144.18,142.66,147.25,0.88,144.49,,,147.25,145.44,"Setup: Rejection - closed back above the test bar / upper half of range | Price: pull back to 144.49 or lower (R:R 1.5+ with the same stop and target) OR close above 147.25 on 1.5x+ volume (becomes a fresh breakout) | Then the turn has to show at that price - daily: a green candle - trade above 145.44 (today's open / mid-range) and hold it into the close | Confirmations: any 1 of: Daily stochastic reset and turning up, or Trend context intact",7.2,"T1 - overhead resistance (swing level, 3 touch(es)) inside 1 ATR",147.25,2.0,Rejection - closed back above the test bar / upper half of range; no turn yet on the daily chart; confirmations 2/4 (need 3); R:R 0.88 below 1.5,weak support bounce: Rejection - closed back above the test bar / upper half of range; no turn yet on the daily chart; confirmations 2/4 (need 3); R:R 0.88 below 1.5,,,,,,,False,True,2,False,True,True,False,145.1,145.76,False,77.52,84.03,False,False,False,,139.0,149.92,145.1,144.96,True,44.69,55.3,False,False,False,bullish_harami,139.0,149.92,145.1,145.08,True,16.86,11.64,True,True,False,,144.06,149.92,144.06,146.82,2.76,3.04,90.8,143.78,147.1,144.06,142.66,147.25,"T1 - overhead resistance (swing level, 3 touch(es)) inside 1 ATR",0.88,True,144.92,144.96,True,down,channel rising but weak fit (R2 0.28 < 0.5),143.39,low,2026-09-15,True,20,8,9,3,-1,down,2,up,1,143.72,146.89,150.06,0.33,0.28,22.0,,,,True,0.3,False,2.74,144.18,-0.63,4.0,136.77,-5.74,1.0,147.25,1.48,3.0,0.88,149.88,3.29,2.0,1.96,AerCap Holdings N.V.,Industrials,Rental & Leasing Services,22807408640,7.200993,7.9683423,0.8,1.2172003,2.5449517,20.15,1.09,0.37854,0.575,0.18662001,0.149,-1560377728.0,232.664,1.3,0.94784,0.0222,0.925,158.81,118.96,179.3,65.6,Strong Buy,1.40,10,2.0,7.0,1.0,0.0,0.0,4.15,4.15,True,9,2026-10-28,28.0,False,False,,0,0,,0,,0,,N/A,0,N/A,0,0,,,,not fetched for down-trend tickers,,,,,,True,True,False,True,False,False,,,,,,,,,,,,,,,
AIR,filtered,WAIT,106.69,106.69,2026-09-29,False,108.04,19:57,1.27,sip,106.75,22:53,0.06,boats,1,,,,,106.75,overnight,,,-,DOWNTREND,-3.42,-1.91,False,False,0,,,,,,,,,116.5,,,,,,,downtrend (below a falling EMA50) - no long setup,,,,,,,False,False,4,True,True,True,True,106.69,126.41,False,20.83,31.44,False,False,False,,103.48,122.0,106.69,122.13,False,26.88,36.11,False,False,False,,103.48,122.0,106.69,115.17,False,22.27,24.47,False,False,False,,103.48,121.3,103.48,118.0,14.52,5.77,251.6,112.23,109.25,103.48,100.59,110.36,T1 - nearest resistance,0.6,True,116.26,108.25,False,down,channel sloping down,108.25,low,2026-09-29,False,20,6,10,4,-4,down,2,mixed,1,105.82,112.76,119.7,-0.91,0.26,6.0,,,,,,,,,,,,,,110.36,3.44,1.0,0.6,122.58,14.89,3.0,2.6,AAR Corp.,Industrials,Aerospace & Defense,4297631232,23.722221,15.885417,2.4,2.4668963,1.299163,4.5,,0.056739997,0.08384,0.12876001,0.23,-50362500.0,59.397,2.841,1.02608,0.040999997,1.109,154.0,76.1,150.25,39.3,Buy,1.88,4,1.0,4.0,2.0,0.0,0.0,1.35,1.36,False,2,,,False,False,,0,0,2026-09-29 Jefferies: main -> Buy,0,,0,,N/A,0,N/A,0,0,,,,ticker filtered out,,,,,,,,,,,,,,,,,,,,,,,,,,
ALAB,down,WAIT,357.77,357.77,2026-09-29,False,358.6,19:34,0.23,sip,354.56,22:43,-0.9,boats,40,,,,,354.56,overnight,,,-,UPTREND_WEAK,1.95,3.19,False,True,8,,,,,,,,,361.07,,,,,,,"above the EMA50 but not a clean uptrend yet (missing: higher lows) - pullback and MA-bounce setups need higher highs, higher lows and a rising EMA50",,,,,,,False,False,2,True,False,True,False,357.77,314.83,True,84.14,87.58,False,False,True,,255.23,377.87,357.77,320.05,True,73.55,73.65,False,True,False,,255.23,377.87,357.77,348.12,True,66.06,66.79,False,False,False,,342.0,377.87,349.21,366.7,17.49,21.98,79.6,344.72,371.19,342.0,331.01,371.62,T1 - nearest resistance,0.52,True,363.37,361.07,False,down,channel rising but weak fit (R2 0.21 < 0.5),310.45,low,2026-07-29,True,20,8,8,4,0,mixed,1,down,1,344.99,365.71,386.43,0.72,0.21,31.0,,,,True,0.17,False,0.7,354.0,-1.05,1.0,342.3,-4.32,1.0,371.62,3.87,3.0,0.52,436.47,22.0,1.0,2.94,"Astera Labs, Inc.",Technology,Semiconductors,62079909888,172.03847,55.96952,,35.974667,51.65066,2.08,,0.30742002,0.22744,0.25826,1.045,91913128.0,2.574,10.054,0.76007,0.0657,3.778,499.476,97.89,389.9527,64.7,Buy,1.81,23,7.0,12.0,7.0,0.0,0.0,1.19,0.79,True,20,2026-11-03,34.0,False,False,,0,0,,0,,0,,N/A,0,N/A,0,0,,,,not fetched for down-trend tickers,,,,,,,,,,,,,,,,,,,,,,,,,,
AMAT,up,WATCH,512.15,512.15,2026-09-29,False,514.09,19:59,0.38,sip,510.12,23:35,-0.4,boats,369,,,,,510.12,overnight,MA_RECLAIM,MA reclaim (early trend),C,EARLY_UPTREND,1.47,0.16,False,False,3,483.75,466.56,563.72,1.13,505.43,,price,,,Price: pull back to 505.43 or lower (R:R 1.5+ with the same stop and target),2.3,"T1 - nearest real resistance (swing level, 5 touch(es))",527.66,4.0,R:R 1.13 below 1.5,R:R 1.13 below 1.5,,,,,,,True,True,0,False,False,False,False,512.15,483.75,True,98.05,98.09,False,True,True,,411.51,513.28,512.15,470.48,True,94.68,94.42,True,True,True,,411.51,513.28,512.15,477.47,True,92.34,85.9,True,True,True,,471.38,513.28,499.17,513.28,14.11,19.27,73.2,494.01,518.44,471.38,466.56,563.72,"T1 - nearest real resistance (swing level, 5 touch(es))",1.13,True,484.79,506.66,True,up,channel rising (R2 0.79),459.5,low,2026-09-16,True,20,10,8,2,2,up,1,down,1,485.83,498.48,511.13,1.23,0.79,104.0,,,,True,0.0,False,0.77,512.13,-0.0,2.0,497.32,-2.9,1.0,557.54,8.86,3.0,1.0,576.49,12.56,1.0,1.41,"Applied Materials, Inc.",Technology,Semiconductor Equipment & Materials,406329819136,42.002464,27.736921,0.97,15.856121,13.176698,12.19,0.44,0.30052,0.33736,0.41068,0.248,3075375104.0,28.666,2.423,0.86294997,0.0178,1.597,739.67,202.87,638.94446,57.6,Strong Buy,1.45,36,4.0,29.0,7.0,0.0,0.0,4.06,4.06,True,25,2026-11-12,43.0,False,True,1995-03-16,0,0,2026-09-28 Morgan Stanley: main -> Equal-Weight,0,,2,Applied Materials (AMAT) Stock May Look Reasonable Following Fresh AI Demand Forecasts,N/A,0,N/A,0,0,,,,,,,,,,,,,,,,True,True,True,True,True,False,True,,,,,,,,
AMD,down,WAIT,607.77,607.77,2026-09-29,False,609.06,19:59,0.21,sip,608.65,23:40,0.14,boats,592,,,,,608.65,overnight,,,-,UPTREND_WEAK,3.28,4.2,False,True,16,,,,,,,,,616.96,,,,,,,"above the EMA50 but not a clean uptrend yet (missing: higher lows) - pullback and MA-bounce setups need higher highs, higher lows and a rising EMA50",,,,,,,False,False,2,True,False,True,False,607.77,522.59,True,85.11,90.84,False,False,True,,506.05,638.95,607.77,549.99,True,61.73,68.72,False,False,False,,506.05,638.95,607.77,602.13,True,36.07,39.49,False,False,False,hammer,596.07,634.66,605.25,624.13,18.88,25.99,72.6,598.14,631.24,596.07,583.08,638.95,T1 - nearest resistance,1.26,True,614.58,613.22,False,down,channel sloping down,511.42,low,2026-07-29,True,20,12,5,3,7,mixed,1,down,1,599.58,615.38,631.18,-0.03,0.0,26.0,,,,False,1.54,False,3.19,567.83,-6.57,2.0,524.74,-13.66,3.0,638.95,5.13,1.0,1.26,,,,,"Advanced Micro Devices, Inc.",Technology,Semiconductors,991842861056,161.15915,39.001072,0.62,14.750066,24.012657,3.77,,0.15577,0.1725,0.10196,0.501,8841499648.0,6.361,2.609,0.75404,0.024600001,2.476,639.0,160.49,618.508,93.5,Strong Buy,1.49,50,5.0,39.0,11.0,0.0,0.0,1.93,1.93,True,39,2026-11-03,34.0,False,True,2017-03-20,0,0,2026-09-29 StoneX: reit -> Buy,0,,0,,15,48,-11.1,125,0,,,,not fetched for down-trend tickers,,,,,,,,,,,,,,,,,,,,,,,,,,
AME,up,WAIT,250.91,250.91,2026-09-29,False,251.5,19:52,0.24,sip,,,,,0,,,,,251.5,after-hours,FRESH_BREAKOUT,Fresh breakout,D,UPTREND_WEAK,1.8,0.78,True,False,7,248.57,245.87,261.16,2.03,,251.99,,,251.94,"Setup: Volume >= 1.5x average | Turn - daily: a green candle - trade above 251.94 (today's open / mid-range) and hold it into the close | Confirmations: any 1 of: Close in the top 40% of the bar's range, or Daily %K above 50 and not rolling over",5.0,T1 - nearest real resistance (52-week high + 120-bar high),,2.0,Volume >= 1.5x average (best of live/last 3 bars: 1.2x); no turn yet on the daily chart; confirmations 2/4 (need 3),weak fresh breakout: Volume >= 1.5x average (best of live/last 3 bars: 1.2x); no turn yet on the daily chart; confirmations 2/4 (need 3),,False,False,True,False,True,False,True,1,False,False,True,False,250.91,241.18,True,91.16,92.38,False,False,True,,230.01,254.19,250.91,242.58,True,84.76,88.38,False,False,True,bullish_harami,230.01,254.19,250.91,247.14,True,36.76,33.75,True,True,False,,248.87,254.19,249.59,254.19,4.61,5.41,85.2,248.78,255.0,248.87,245.87,261.16,T1 - nearest real resistance (52-week high + 120-bar high),2.03,False,250.74,250.79,True,up,channel rising (R2 0.82),239.98,low,2026-09-01,True,20,11,6,3,5,up,1,down,1,249.96,252.92,255.88,0.62,0.82,16.0,,,,False,0.65,False,1.52,247.4,-1.4,1.0,242.66,-3.29,3.0,257.95,2.81,1.0,1.4,261.16,4.09,1.0,2.03,"AMETEK, Inc.",Industrials,Specialty Industrial Machinery,57479528448,36.610218,26.163742,2.86,5.105664,7.309269,6.85,0.54,0.20044,0.26182,0.14562,0.15,1492221312.0,20.522,1.214,0.92646,0.0146,0.989,261.16,179.24,278.33334,87.5,Buy,1.75,18,2.0,12.0,5.0,0.0,1.0,2.10,2.10,True,18,2026-10-29,29.0,False,True,2013-09-23,0,0,2026-09-11 BNP Paribas: main -> Outperform,0,,0,,N/A,0,N/A,0,0,,,,,,,,,,,,,,,,,,,,,,,,,,,,,,
AMRX,down,WAIT,20.2,20.2,2026-09-29,False,20.79,17:21,2.92,sip,,,,,0,,,,,20.79,after-hours,,,-,UPTREND_WEAK,2.25,2.42,False,True,10,,,,,,,,,20.41,,,,,,,"above the EMA50 but not a clean uptrend yet (missing: higher lows) - pullback and MA-bounce setups need higher highs, higher lows and a rising EMA50",,,,,,,False,False,2,True,False,True,False,20.2,18.02,True,77.95,73.22,True,True,False,,16.56,21.17,20.2,18.61,True,68.37,70.1,False,False,False,,16.56,21.17,20.2,19.62,True,53.98,56.01,False,False,False,bullish_engulfing,19.33,20.76,20.06,20.76,0.7,0.97,72.2,19.79,21.03,19.33,18.85,21.17,T1 - nearest resistance,0.72,True,19.54,20.24,False,down,channel rising but weak fit (R2 0.04 < 0.5),19.33,low,2026-09-16,True,20,8,6,6,2,up,3,mixed,3,19.0,20.0,21.0,0.26,0.04,60.0,,,,False,2.38,,,17.89,-11.44,15.0,,,,21.17,4.8,1.0,0.72,,,,,"Amneal Pharmaceuticals, Inc.",Healthcare,Drug Manufacturers - Specialty & Generic,7035579904,42.978725,16.93821,1.95,196.11652,2.256767,0.47,,0.050479997,0.18335,6.1301703,0.099,-115327128.0,2386.528,2.205,0.48441002,0.046,1.242,21.175,9.56,22.71429,91.6,Strong Buy,1.43,7,3.0,4.0,0.0,0.0,0.0,0.23,0.23,True,7,2026-10-29,29.0,False,False,,0,0,2026-09-23 Oppenheimer: init -> Outperform,0,,0,,N/A,0,N/A,0,0,,,,not fetched for down-trend tickers,,,,,,,,,,,,,,,,,,,,,,,,,,
AMZN,down,WAIT,246.7,246.7,2026-09-29,False,247.32,19:59,0.25,sip,246.95,23:47,0.1,boats,362,,,,,246.95,overnight,,,-,DOWNTREND,-1.37,-0.49,True,False,0,,,,,,,,,246.99,,,,,,,downtrend (below a falling EMA50) - no long setup,,,,,,,False,False,3,True,True,True,False,246.7,253.87,False,21.49,26.56,False,False,False,,244.3,259.49,246.7,253.18,False,12.03,14.4,False,False,False,,244.3,259.49,246.7,249.3,False,43.67,39.44,True,True,False,,244.73,250.88,245.14,248.84,3.7,5.24,70.6,243.6,250.38,244.73,242.11,250.85,T1 - nearest resistance,0.9,True,246.64,246.76,False,down,channel sloping down,257.87,low,2026-07-23,False,20,8,10,2,-2,up,1,down,1,240.53,244.69,248.84,-0.69,0.73,74.0,,,,False,0.53,False,1.61,243.9,-1.13,3.0,238.25,-3.43,1.0,250.85,1.68,3.0,0.9,258.01,4.58,7.0,2.46,"Amazon.com, Inc.",Consumer Cyclical,Internet Retail,2660659888128,19.79695,23.548449,1.46,4.8219175,3.4300997,12.46,,0.1744,0.13689,0.30558002,0.196,3219124992.0,45.617,1.033,0.68714,0.0083,1.443,287.2,196.0,329.5393,55.6,Strong Buy,1.32,57,15.0,42.0,2.0,0.0,0.0,1.95,1.95,True,44,2026-10-29,29.0,False,True,2005-11-18,0,0,2026-09-03 Wells Fargo: main -> Overweight,0,,0,,19,40,66.7,860,0,,,,not fetched for down-trend tickers,,,,,,,,,,,,,,,,,,,,,,,,,,
ANET,down,WAIT,202.87,202.87,2026-09-29,False,203.71,19:59,0.41,sip,,,,,0,,,,,203.71,after-hours,SUPPORT_BOUNCE,Support bounce,D,UPTREND,1.53,1.55,True,True,43,199.89,196.17,210.55,1.15,201.92,,,,207.1,Setup: Rejection - closed back above the test bar / upper half of range | Price: pull back to 201.92 or lower (R:R 1.5+ with the same stop and target) | Then the turn has to show at that price - daily: a green candle - trade above 207.10 (today's open / mid-range) and hold it into the close; 1h: reclaim the session VWAP (203.09),7.1,"T1 - nearest real resistance (swing level, 5 touch(es))",,3.0,Rejection - closed back above the test bar / upper half of range; no turn yet on the daily and 1h charts; R:R 1.15 below 1.5,weak support bounce: Rejection - closed back above the test bar / upper half of range; no turn yet on the daily and 1h charts; R:R 1.15 below 1.5,MA_BOUNCE(weak),,,,,,False,False,1,False,False,True,False,202.87,191.45,True,72.11,78.31,False,False,False,,192.98,212.0,202.87,197.99,True,38.76,50.07,False,False,False,bullish_harami,192.98,212.0,202.87,203.5,False,27.74,22.86,True,True,False,hammer,201.35,209.41,201.35,207.48,6.13,7.45,82.3,200.03,208.8,201.35,196.17,210.55,"T1 - nearest real resistance (swing level, 5 touch(es))",1.15,True,205.25,203.09,False,down,channel rising but weak fit (R2 0.03 < 0.5),193.57,low,2026-07-29,True,20,8,8,4,0,down,2,up,1,201.65,205.11,208.57,0.07,0.03,18.0,,,,True,0.4,False,2.46,199.89,-1.47,3.0,184.55,-9.03,6.0,210.55,3.79,5.0,1.15,,,,,"Arista Networks, Inc.",Technology,Computer Hardware,255852036096,64.4,39.106148,1.53,17.289696,24.272545,3.15,,0.38371,0.45393002,0.31476,0.377,3891512576.0,,2.957,0.73341006,0.0127,1.617,214.89,114.52,241.92892,88.0,Strong Buy,1.29,28,7.0,23.0,1.0,0.0,0.0,1.08,1.08,True,25,2026-11-03,34.0,False,True,2018-08-28,0,0,2026-09-01 Deutsche Bank: init -> Buy,0,,0,,N/A,0,N/A,0,0,,,,not fetched for down-trend tickers,,,,,,,True,False,True,False,True,,,,,,,,True,,,,,,,
APH,up,WAIT,84.37,84.37,2026-09-29,False,84.76,19:49,0.46,sip,85.0,20:21,0.75,boats,3,,,,,85.0,overnight,SUPPORT_BOUNCE,Support bounce,D,UPTREND_WEAK,1.34,0.9,False,False,7,82.34,80.88,85.71,0.38,82.81,,,85.71,86.08,"Setup: Rejection - closed back above the test bar / upper half of range | Price: pull back to 82.81 or lower (R:R 1.5+ with the same stop and target) OR close above 85.71 on 1.5x+ volume (becomes a fresh breakout) | Then the turn has to show at that price - daily: a green candle - trade above 86.08 (today's open / mid-range) and hold it into the close; 1h: reclaim the session VWAP (84.45) and 1h MACD bullish or 1h %K above %D | Confirmations: any 1 of: Daily stochastic reset and turning up, or Trend context intact",8.5,T1 - overhead resistance (20-bar high) inside 1 ATR,"85.71, 86.22",2.0,Rejection - closed back above the test bar / upper half of range; no turn yet on the daily and 1h charts; confirmations 2/4 (need 3); R:R 0.38 below 1.5,weak support bounce: Rejection - closed back above the test bar / upper half of range; no turn yet on the daily and 1h charts; confirmations 2/4 (need 3); R:R 0.38 below 1.5,,,,,,,False,False,1,False,False,True,False,84.37,80.46,True,85.71,84.04,True,False,True,,76.74,86.22,84.37,81.37,True,80.7,82.31,False,False,True,hammer,76.74,86.22,84.37,82.86,True,47.79,49.57,False,False,False,piercing_line,82.52,86.22,83.71,86.22,2.51,2.91,86.3,83.31,86.62,82.52,80.88,85.71,T1 - overhead resistance (20-bar high) inside 1 ATR,0.38,True,84.24,84.45,False,up,channel rising (R2 0.81),80.87,low,2026-07-28,True,20,11,6,3,5,up,1,mixed,1,83.75,84.91,86.07,0.7,0.81,27.0,,,,False,0.7,False,2.63,82.34,-2.41,7.0,76.73,-9.06,3.0,86.22,2.19,2.0,0.53,88.17,4.5,1.0,1.09,Amphenol Corporation,Technology,Electronic Components,207979642880,42.38191,25.711142,0.97,13.421388,7.168844,1.99,0.59,0.17729001,0.29779,0.38115,0.55,3818374912.0,120.415,1.888,0.96765,0.0145000005,1.242,89.26,59.005,99.38889,83.8,Strong Buy,1.44,18,4.0,12.0,2.0,0.0,0.0,0.72,0.72,True,15,2026-10-28,28.0,False,True,2008-09-30,0,0,2026-09-23 Bernstein: init -> Outperform,0,,0,,N/A,0,N/A,0,0,,,,,,,,,,,True,False,True,False,False,,,,,,,,,True,,,,,,
ARMK,down,WAIT,54.45,54.45,2026-09-29,False,54.45,16:08,0.0,sip,,,,,0,,,,,54.45,after-hours,,,-,DOWNTREND,-1.7,-0.76,False,False,0,,,,,,,,,,,,,,,,downtrend (below a falling EMA50) - no long setup,,,,,,,True,True,3,True,True,True,False,54.45,56.68,False,10.01,9.18,True,True,False,,53.76,58.79,54.45,56.66,False,10.64,11.2,False,True,False,bullish_engulfing,53.76,58.79,54.45,55.19,False,41.64,29.13,True,True,False,,53.76,55.03,53.76,54.5,0.74,1.31,56.5,53.19,55.07,53.76,53.11,55.8,T1 - nearest resistance,1.01,True,54.46,54.17,True,down,channel sloping down,54.17,low,2026-09-29,True,20,6,10,4,-4,down,1,mixed,1,52.93,53.73,54.54,-0.84,0.84,95.0,,,,,,,,,,,,,,55.8,2.48,7.0,1.01,58.45,7.35,5.0,2.99,Aramark,Industrials,Specialty Business Services,14354383872,37.8125,19.340263,0.84,4.228141,0.72331536,1.44,0.88,0.01929,0.04422,0.11694,0.093,374142496.0,186.724,1.285,1.00331,0.031400003,1.19,62.65,35.07,68.5,70.3,Strong Buy,1.50,16,3.0,11.0,1.0,0.0,1.0,0.75,0.75,True,12,2026-11-24,55.0,False,False,,0,0,,0,,0,,N/A,0,N/A,0,0,,,,not fetched for down-trend tickers,,,,,,,,,,,,,,,,,,,,,,,,,,
ARQT,down,WAIT,26.75,26.75,2026-09-29,False,26.89,16:15,0.52,sip,,,,,0,,,,,26.89,after-hours,,,-,UPTREND_WEAK,0.8,1.01,False,True,10,,,,,,,,,27.21,,,,,,,"above the EMA50 but not a clean uptrend yet (missing: higher lows) - pullback and MA-bounce setups need higher highs, higher lows and a rising EMA50",,,,,,,False,False,2,True,False,True,False,26.75,25.59,True,75.27,71.14,True,True,False,,23.63,28.29,26.75,25.64,True,60.76,66.78,False,False,False,,23.63,28.29,26.75,26.48,True,43.98,50.58,False,False,False,,25.88,27.64,26.73,27.64,0.91,1.46,62.3,26.18,28.19,25.88,25.15,26.99,T1 - nearest resistance,0.15,True,26.9,26.98,False,down,channel rising but weak fit (R2 0.17 < 0.5),25.89,low,2026-09-15,True,20,11,5,4,6,up,3,down,1,25.83,27.1,28.37,0.53,0.17,36.0,,,,False,1.02,False,2.42,25.26,-5.57,8.0,23.21,-13.23,4.0,26.99,0.9,2.0,0.15,28.99,8.37,5.0,1.4,"Arcutis Biotherapeutics, Inc.",Healthcare,Biotechnology,3362259968,121.59091,19.669117,,15.233485,7.2465467,0.22,,0.06147,0.12651,0.15864,0.593,21685376.0,51.744,2.917,1.0849099,0.1566,1.503,31.77,18.79,37.0,61.3,Buy,1.57,7,2.0,4.0,1.0,0.0,0.0,0.17,0.16,True,5,2026-10-27,27.0,False,False,,0,0,,0,,0,,N/A,0,N/A,0,0,,,,not fetched for down-trend tickers,,,,,,,,,,,,,,,,,,,,,,,,,,
ATI,down,WAIT,188.95,188.95,2026-09-29,False,188.95,16:00,0.0,sip,,,,,0,,,,,188.95,after-hours,,,-,DOWNTREND,-0.92,-1.27,True,True,0,,,,,,,,,,,,,,,,downtrend (below a falling EMA50) - no long setup,,,,,,,True,True,3,True,True,True,False,188.95,196.59,False,21.04,18.25,True,True,False,,178.26,197.0,188.95,194.34,False,47.53,29.99,True,True,False,,178.26,197.0,188.95,186.0,True,96.58,96.71,False,False,True,,178.26,189.79,182.42,189.79,7.37,8.3,88.8,181.49,190.72,178.26,174.11,198.12,T1 - nearest resistance,0.62,True,185.57,186.8,True,down,channel sloping down,203.79,low,2026-07-29,False,20,6,10,4,-4,up,1,down,1,179.02,183.29,187.55,-0.39,0.32,116.0,,,,False,1.25,,,178.6,-5.48,4.0,,,,198.12,4.85,6.0,0.62,212.29,12.35,1.0,1.57,ATI Inc.,Industrials,Metal Fabrication,25729392640,52.92717,29.649029,1.33,13.709911,5.4566917,3.57,,0.10090999,0.18198,0.25357,0.106,346687488.0,109.699,2.327,0.9546,0.048499998,1.011,243.57,79.29,259.8889,66.8,Strong Buy,1.11,9,1.0,8.0,0.0,0.0,0.0,1.37,1.16,True,8,2026-10-27,27.0,False,False,,0,0,,0,,0,,N/A,0,N/A,0,0,,,,not fetched for down-trend tickers,,,,,,,,,,,,,,,,,,,,,,,,,,
ATRC,up,WATCH,58.09,58.09,2026-09-29,False,58.05,16:00,-0.07,sip,,,,,0,,,,,58.05,after-hours,PULLBACK,Pullback in uptrend,C,UPTREND,4.16,4.68,True,True,63,56.58,56.05,61.69,1.76,,58.31,trigger,,58.58,"Turn - daily: a green candle - trade above 58.58 (today's open / mid-range) and hold it into the close | Note: 58.58 is above the buy-up-to price 58.31 (R:R there would be 1.23), so it cannot qualify at that level today - it needs a fresh setup on a later day | Extension: pull back closer to the EMA50 (now 4.2 ATR above, max 3)",3.0,T1 - nearest real resistance (120-bar high + 20-bar high + 52-week high),59.88,3.0,no turn yet on the daily chart; extended 4.2 ATR above EMA50,no turn yet on the daily chart; extended 4.2 ATR above EMA50,,,,,,,False,True,0,False,False,False,False,58.09,49.14,True,65.55,73.76,False,False,False,hammer,55.66,61.69,58.09,54.46,True,21.47,21.61,False,True,False,piercing_line,55.66,61.69,58.09,58.31,False,36.68,20.24,True,True,False,,56.58,61.14,56.58,59.05,2.47,2.15,114.9,56.9,58.73,56.58,56.05,61.69,T1 - nearest real resistance (120-bar high + 20-bar high + 52-week high),1.76,False,57.96,57.5,True,up,WATCH setup overrides the 1h channel (channel sloping down),49.15,low,2026-07-23,True,20,12,5,3,7,mixed,1,down,2,55.66,58.41,61.15,-0.25,0.04,44.0,,,,False,0.52,False,1.1,56.97,-1.93,1.0,55.72,-4.08,1.0,59.88,3.08,1.0,0.88,61.69,6.2,1.0,1.76,"AtriCure, Inc.",Healthcare,Medical Instruments & Supplies,2952788480,276.4286,134.44969,10.0,5.717522,5.1837683,0.21,,0.01852,0.06292,0.02151,0.128,48811500.0,14.372,4.218,1.0560399,0.0876,1.264,61.7,25.36,53.33333,90.1,Buy,1.70,9,3.0,5.0,2.0,0.0,0.0,0.01,0.01,True,9,2026-10-27,27.0,False,False,,0,0,2026-09-02 Needham: main -> Buy,0,,0,,N/A,0,N/A,0,0,,,,,,True,True,False,True,,,,,,,,,,,,,,,True,,,,,,
ATRO,down,WAIT,67.46,67.46,2026-09-29,False,67.98,17:49,0.77,sip,,,,,0,,,,,67.98,after-hours,,,-,DOWNTREND,-1.53,-1.19,False,False,0,,,,,,,,,68.99,,,,,,,downtrend (below a falling EMA50) - no long setup,,,,,,,False,True,3,True,True,True,False,67.46,72.42,False,37.42,40.14,False,False,False,,62.65,70.41,67.46,71.12,False,42.72,54.01,False,False,False,,62.65,70.41,67.46,68.25,False,42.36,37.89,True,True,False,,65.66,69.46,65.66,68.99,3.33,3.25,102.5,65.74,68.91,65.66,64.03,70.41,T1 - nearest resistance,0.86,True,68.94,66.96,True,down,channel sloping down,67.09,low,2026-09-17,True,20,7,8,5,-1,mixed,1,down,1,66.07,67.52,68.96,-0.49,0.46,48.0,,,,False,0.94,False,1.48,64.42,-4.51,2.0,62.65,-7.13,1.0,70.41,4.37,1.0,0.86,73.37,8.76,5.0,1.72,Astronics Corporation,Industrials,Aerospace & Defense,2901391360,36.863388,21.432882,1.45,14.6365795,3.079739,1.83,,0.083979994,0.14797,0.33682,0.27,16814124.0,178.068,2.973,0.90182996,0.0946,1.201,94.46,33.12051,100.5,56.0,None,N/A,4,1.0,3.0,0.0,0.0,0.0,0.72,0.60,True,4,2026-11-05,36.0,False,False,,0,0,,0,,0,,N/A,0,N/A,0,0,,,,not fetched for down-trend tickers,,,,,,,,,,,,,,,,,,,,,,,,,,
AU,down,WAIT,94.6,94.6,2026-09-29,False,94.45,19:53,-0.16,sip,,,,,0,,,,,94.45,after-hours,,,-,DOWNTREND,-1.28,-0.65,False,False,0,,,,,,,,,,,,,,,,downtrend (below a falling EMA50) - no long setup,,,,,,,True,True,3,True,True,True,False,94.6,99.55,False,13.67,12.49,True,True,False,,91.85,104.96,94.6,101.29,False,14.25,13.58,True,True,False,,91.85,104.96,94.6,97.45,False,54.02,38.09,True,True,False,,91.85,99.06,93.06,94.69,1.64,3.87,42.4,90.82,96.93,91.85,89.91,98.2,T1 - nearest resistance,0.77,True,98.54,94.07,True,down,channel sloping down,102.15,low,2026-07-31,False,20,7,11,2,-4,up,1,down,1,89.96,93.19,96.42,-1.55,0.77,72.0,,,,True,0.07,False,3.2,94.34,-0.27,1.0,82.23,-13.08,3.0,98.2,3.81,1.0,0.77,101.27,7.05,1.0,1.42,AngloGold Ashanti plc,Basic Materials,Gold,47860940800,12.684986,9.42836,0.78,5.3929443,4.0474367,7.46,4.87,0.32195,0.51192003,0.44731,0.27,3956124928.0,16.676,2.708,0.7517,0.009,0.75,129.14,62.55,117.5,48.1,Buy,1.88,8,3.0,3.0,2.0,0.0,0.0,1.93,0.00,True,2,2026-11-05,36.0,False,False,,0,1,2026-09-16 RBC Capital: main -> Outperform,0,,0,,N/A,0,N/A,0,0,,,,not fetched for down-trend tickers,,,,,,,,,,,,,,,,,,,,,,,,,,
AVAH,down,WAIT,12.77,12.77,2026-09-29,False,12.82,17:16,0.39,sip,,,,,0,,,,,12.82,after-hours,,,-,UPTREND_WEAK,1.26,0.87,False,True,76,,,,,,,,,,,,,,,,"above the EMA50 but not a clean uptrend yet (missing: higher lows) - pullback and MA-bounce setups need higher highs, higher lows and a rising EMA50",,,,,,,True,True,2,True,False,True,False,12.77,12.13,True,20.29,13.62,True,True,False,,12.09,14.71,12.77,13.0,False,30.58,25.09,True,True,False,bullish_engulfing,12.09,14.71,12.77,12.85,False,68.0,49.19,True,True,False,,12.15,12.8,12.35,12.8,0.45,0.5,90.0,12.3,12.85,12.15,11.9,13.0,T1 - nearest resistance,0.26,True,12.63,12.57,True,down,channel sloping down,12.98,low,2026-08-12,False,20,9,8,3,1,up,2,down,7,11.82,12.25,12.67,-1.37,0.72,112.0,,,,False,0.76,False,1.36,12.39,-2.98,1.0,12.09,-5.32,1.0,13.0,1.8,2.0,0.26,13.99,9.55,2.0,1.4,Aveanna Healthcare Holdings Inc.,Healthcare,Medical Care Facilities,2789754880,10.062992,14.08699,,9.681818,1.0718201,1.27,,0.10556,0.12583,1.98567,0.137,103812624.0,522.657,1.162,0.93706,0.0614,1.974,14.71,5.93,14.6,77.9,Buy,1.73,10,2.0,6.0,3.0,0.0,0.0,0.21,0.20,True,10,2026-11-05,36.0,False,False,,0,0,2026-09-14 JP Morgan: main -> Neutral,0,,0,,N/A,0,N/A,0,0,,,,not fetched for down-trend tickers,,,,,,,,,,,,,,,,,,,,,,,,,,
AVGO,filtered,WAIT,355.18,355.18,2026-09-29,False,357.18,19:59,0.56,sip,355.27,23:35,0.03,boats,1066,,,,,355.27,overnight,,,-,DOWNTREND,-1.43,-1.0,False,False,0,,,,,,,,,357.93,,,,,,,downtrend (below a falling EMA50) - no long setup,,,,,,,False,False,4,True,True,True,True,355.18,369.37,False,50.46,46.31,True,True,False,,335.81,366.54,355.18,360.2,False,33.59,27.93,True,True,False,,335.81,366.54,355.18,353.98,True,56.05,58.32,False,False,False,hammer,347.32,361.86,354.0,361.86,7.86,9.9,79.4,351.96,363.9,347.32,342.37,357.71,T1 - nearest resistance,0.2,True,349.84,357.76,False,down,channel sloping down,353.7,low,2026-09-16,True,20,9,9,2,0,up,1,mixed,1,342.16,350.64,359.12,-0.4,0.31,77.0,,,,False,0.88,False,1.96,346.43,-2.46,3.0,335.81,-5.45,1.0,357.71,0.71,2.0,0.2,372.51,4.88,6.0,1.35,Broadcom Inc.,Technology,Semiconductors,1695116034048,45.235672,18.321737,0.35,17.005077,19.024017,7.85,0.74,0.42944,0.54307,0.44245,0.855,30596499456.0,59.604,2.504,0.79813004,0.0111,1.457,495.0,289.96,531.8468,31.8,Strong Buy,1.26,47,7.0,40.0,3.0,0.0,0.0,3.83,3.88,False,39,2026-12-09,70.0,False,True,2014-05-08,1,0,2026-09-10 Piper Sandler: init -> Overweight,0,,0,,33,18,63.6,30,0,,,,ticker filtered out,,,,,,,,,,,,,,,,,,,,,,,,,,
AVNT,down,WAIT,40.78,40.78,2026-09-29,False,40.78,16:00,0.0,sip,,,,,0,,,,,40.78,after-hours,,,-,DOWNTREND,-0.37,-0.06,False,False,0,,,,,,,,,41.24,,,,,,,downtrend (below a falling EMA50) - no long setup,,,,,,,False,False,3,True,True,True,False,40.78,41.11,False,44.86,38.16,True,True,False,,39.72,41.98,40.78,41.58,False,46.54,56.8,False,False,False,,39.72,41.98,40.78,41.01,False,36.21,40.05,False,False,False,,40.39,41.49,40.71,41.38,0.67,0.91,73.6,40.47,41.62,40.39,39.93,41.49,T1 - nearest resistance,0.84,True,41.25,40.9,False,down,channel rising but weak fit (R2 0.03 < 0.5),42.61,low,2026-07-29,False,20,6,8,6,-2,mixed,2,up,1,40.49,41.05,41.61,0.06,0.03,26.0,,,,True,0.49,False,1.16,40.33,-1.1,1.0,39.72,-2.6,1.0,41.49,1.74,1.0,0.84,42.2,3.48,4.0,1.67,Avient Corporation,Basic Materials,Specialty Chemicals,3740323328,22.043242,11.668064,1.22,1.5348715,1.1227145,1.85,2.67,0.051030003,0.1277,0.071100004,0.058,263787504.0,76.563,1.9,1.07981,0.059499998,1.305,46.64,27.48,50.85714,69.4,Buy,1.57,7,0.0,5.0,2.0,0.0,0.0,0.80,0.80,True,7,2026-11-09,40.0,False,False,,0,0,,0,,0,,N/A,0,N/A,0,0,,,,not fetched for down-trend tickers,,,,,,,,,,,,,,,,,,,,,,,,,,
AVPT,up,WATCH,13.57,13.57,2026-09-29,False,13.68,18:03,0.81,sip,13.53,22:28,-0.29,boats,14,,,,,13.53,overnight,FRESH_BREAKOUT,Fresh breakout,C,UPTREND_WEAK,1.1,0.5,False,False,12,13.53,13.17,14.39,2.02,,13.66,trigger,,13.61,"Turn - daily: a green candle - trade above 13.61 (today's open / mid-range) and hold it into the close | Confirmations: any 1 of: Close in the top 40% of the bar's range, or Higher lows in place",2.0,T1 - nearest real resistance (120-bar high + 20-bar high),,2.0,no turn yet on the daily chart; confirmations 2/4 (need 3),no turn yet on the daily chart; confirmations 2/4 (need 3),,True,False,True,True,False,False,True,0,False,False,False,False,13.57,13.03,True,61.6,49.81,True,True,False,,12.64,13.91,13.57,13.28,True,75.8,70.31,True,True,False,bullish_harami,12.64,13.91,13.57,13.28,True,69.27,63.63,True,True,False,,12.64,13.91,13.31,13.91,0.6,0.5,120.0,13.41,13.81,12.64,13.17,14.39,T1 - nearest real resistance (120-bar high + 20-bar high),2.02,False,13.11,13.5,True,up,WATCH setup overrides the 1h channel (channel rising but weak fit (R2 0.05 < 0.5)),13.19,low,2026-07-23,True,20,5,10,5,-5,up,1,mixed,1,12.9,13.3,13.7,0.17,0.05,85.0,,,,True,0.08,False,1.76,13.53,-0.29,9.0,12.69,-6.48,6.0,14.39,6.04,1.0,2.05,,,,,"AvePoint, Inc.",Technology,Software - Infrastructure,2870942720,43.774193,27.379847,,6.568248,6.1588125,0.31,,0.15334,0.08212,0.16246,0.22,81431248.0,6.143,1.999,0.69523,0.0621,1.186,15.58,8.835,16.791,70.2,Buy,1.71,13,2.0,8.0,4.0,0.0,0.0,0.09,0.09,True,12,2026-11-05,36.0,False,False,,0,0,2026-09-21 Stephens & Co.: main -> Overweight,0,,0,,N/A,0,N/A,0,0,,,,,,,,,,,,,,,,,,,,,,,,,,,,,,
AXTA,filtered,WAIT,32.66,32.66,2026-09-29,False,32.64,16:08,-0.06,sip,,,,,0,,,,,32.64,after-hours,,,-,DOWNTREND,-1.88,-0.98,False,False,0,,,,,,,,,,,,,,,,downtrend (below a falling EMA50) - no long setup,,,,,,,True,True,4,True,True,True,True,32.66,34.12,False,25.2,19.58,True,True,False,hammer,31.84,33.65,32.66,33.81,False,42.22,43.91,False,True,False,,31.84,33.65,32.66,32.69,False,66.82,56.36,True,True,False,,32.01,32.98,32.36,32.72,0.36,0.78,46.2,31.94,33.14,32.01,31.62,33.05,T1 - nearest resistance,0.38,True,32.63,32.54,True,down,channel rising but weak fit (R2 0.01 < 0.5),34.93,low,2026-07-23,False,20,5,11,4,-6,mixed,1,down,1,31.94,32.6,33.27,0.04,0.01,54.0,,,,False,1.17,,,31.75,-2.79,3.0,,,,33.05,1.19,3.0,0.38,33.66,3.06,2.0,0.96,Axalta Coating Systems Ltd.,Basic Materials,Specialty Chemicals,6985612800,20.02454,11.365733,2.04,2.7696223,1.3564296,1.63,,0.06777,0.15156001,0.14344,0.031,539500032.0,119.424,1.533,1.07623,0.0432,1.239,38.61,24.937,39.33333,56.5,Buy,2.19,15,1.0,6.0,9.0,0.0,0.0,0.71,0.72,False,14,2026-10-28,28.0,False,False,,0,0,2026-09-11 Keybanc: init -> Overweight,0,,0,,N/A,0,N/A,0,0,,,,ticker filtered out,,,,,,,,,,,,,,,,,,,,,,,,,,
BDX,down,WAIT,182.04,182.04,2026-09-29,False,181.97,16:08,-0.04,sip,,,,,0,,,,,181.97,after-hours,FRESH_BREAKOUT,Fresh breakout,D,UPTREND_WEAK,1.2,0.63,True,False,58,179.34,177.4,185.44,0.73,180.62,,,185.44,182.51,Setup: Volume >= 1.5x average | Price: pull back to 180.62 or lower (R:R 1.5+ with the same stop and target) OR close above 185.44 on 1.5x+ volume (becomes a fresh breakout) | Then the turn has to show at that price - daily: a green candle - trade above 182.51 (today's open / mid-range) and hold it into the close,6.4,"T1 - overhead resistance (swing level, 3 touch(es)) inside 1 ATR",185.44,4.0,Volume >= 1.5x average (best of live/last 3 bars: 1.3x); no turn yet on the daily chart; R:R 0.73 below 1.5,weak fresh breakout: Volume >= 1.5x average (best of live/last 3 bars: 1.3x); no turn yet on the daily chart; R:R 0.73 below 1.5,SUPPORT_BOUNCE(weak),False,True,True,True,True,False,True,1,False,False,True,False,182.04,177.4,True,70.46,62.25,True,True,False,hammer,177.87,186.27,182.04,181.75,True,67.9,75.91,False,False,False,bullish_harami,177.87,186.27,182.04,182.04,False,38.27,30.21,True,True,False,,180.09,184.34,180.09,182.95,2.86,3.87,73.9,179.08,183.96,180.09,177.4,185.44,"T1 - overhead resistance (swing level, 3 touch(es)) inside 1 ATR",0.73,True,183.26,181.41,True,down,channel rising but weak fit (R2 0.06 < 0.5),178.57,low,2026-07-21,True,20,6,9,5,-3,down,1,up,1,180.09,182.43,184.77,0.08,0.06,42.0,,,,False,0.7,False,1.77,179.34,-1.48,3.0,175.2,-3.76,1.0,185.44,1.87,3.0,0.73,192.41,5.7,2.0,2.23,"Becton, Dickinson and Company",Healthcare,Medical Instruments & Supplies,49566228480,31.868652,13.689685,1.11,2.0300767,2.2045112,5.71,2.28,0.0419,0.15732999,0.06607,0.054,4478374912.0,68.84,0.865,0.99777,0.047399998,0.276,193.07,127.58648,195.66667,83.2,Buy,2.07,12,1.0,6.0,7.0,0.0,0.0,4.07,4.06,True,11,2026-11-05,36.0,False,True,1972-09-30,0,0,2026-08-31 B of A Securities: main -> Neutral,0,,0,,N/A,0,N/A,0,0,,,,not fetched for down-trend tickers,,,,,,,,,,,,,,,,,,,,,,,,,,
BE,up,WATCH,291.22,291.22,2026-09-29,False,294.26,19:58,1.04,sip,293.5,23:35,0.78,boats,622,,,,,293.5,overnight,FRESH_BREAKOUT,Fresh breakout,C,UPTREND,2.06,2.63,True,True,18,288.0,274.57,312.19,1.26,289.62,,price,,293.55,Price: pull back to 289.62 or lower (R:R 1.5+ with the same stop and target) | Then the turn has to show at that price - 1h: reclaim the session VWAP (293.55) and 1h MACD bullish or 1h %K above %D,3.1,"T1 - nearest real resistance (swing level, 5 touch(es))",,4.0,no turn yet on the 1h chart; R:R 1.26 below 1.5,no turn yet on the 1h chart; R:R 1.26 below 1.5,,True,True,True,True,True,True,False,0,False,False,False,False,291.22,248.38,True,67.12,68.37,False,True,False,,251.3,302.35,291.22,259.3,True,64.77,55.05,True,True,False,,251.3,302.35,291.22,277.49,True,77.29,81.72,False,False,False,,259.46,302.35,271.2,302.35,31.15,20.81,149.7,281.54,292.01,259.46,274.57,312.19,"T1 - nearest real resistance (swing level, 5 touch(es))",1.26,True,274.27,293.55,False,up,WATCH setup overrides the 1h channel (channel rising but weak fit (R2 0.11 < 0.5)),236.29,low,2026-07-29,True,20,11,5,4,6,up,1,down,1,261.84,282.95,304.06,0.64,0.11,70.0,,,,True,0.26,False,1.93,285.91,-1.82,2.0,251.02,-13.8,5.0,,,,,,,,,Bloom Energy Corporation,Industrials,Electrical Equipment & Parts,85781094400,373.39746,59.09254,0.59,53.00273,27.554438,0.78,,0.07868,0.17106001,0.22213,1.655,531637504.0,171.578,4.087,0.86210996,0.0734,3.811,351.28,75.7,281.58463,78.2,Buy,2.24,26,5.0,10.0,12.0,1.0,1.0,0.67,0.67,True,17,2026-10-27,27.0,False,True,2026-09-21,0,0,2026-09-29 Jefferies: main -> Hold,0,,0,,5,74,155.2,169,0,,,,,,,,,,,,,,,,,,,,,,,,,,,,,,
BIIB,up,WAIT,227.14,227.14,2026-09-29,False,227.07,16:37,-0.03,sip,,,,,0,,,,,227.07,after-hours,SUPPORT_BOUNCE,Support bounce,D,UPTREND,2.17,1.29,True,True,48,222.41,219.67,230.49,0.45,224.0,,,230.49,,Setup: Rejection - closed back above the test bar / upper half of range | Price: pull back to 224.00 or lower (R:R 1.5+ with the same stop and target) OR close above 230.49 on 1.5x+ volume (becomes a fresh breakout),5.6,T1 - overhead resistance (52-week high + 120-bar high + 20-bar high) inside 1 ATR,"229.01, 230.49",3.0,Rejection - closed back above the test bar / upper half of range; R:R 0.45 below 1.5,weak support bounce: Rejection - closed back above the test bar / upper half of range; R:R 0.45 below 1.5,,,,,,,True,True,2,False,False,True,True,227.14,215.23,True,90.28,91.01,False,False,True,,214.59,230.49,227.14,220.01,True,81.22,86.04,False,False,True,bullish_engulfing,214.59,230.49,227.14,225.09,True,43.35,39.64,True,True,False,,223.76,230.49,224.45,229.41,4.96,5.48,90.5,223.93,229.93,223.76,219.67,230.49,T1 - overhead resistance (52-week high + 120-bar high + 20-bar high) inside 1 ATR,0.45,True,226.83,226.69,True,up,channel rising (R2 0.59),214.22,low,2026-07-23,True,20,10,5,5,5,down,1,up,1,225.47,229.12,232.77,0.47,0.59,23.0,,,,True,0.24,False,0.86,225.8,-0.59,1.0,222.41,-2.08,3.0,229.01,0.82,1.0,0.25,,,,,Biogen Inc.,Healthcare,Drug Manufacturers - General,33550501888,40.403915,13.731982,2.36,1.7794061,3.3457158,5.62,,0.083229996,0.25058,0.04575,0.034,1266987520.0,44.329,1.865,0.995,0.043899998,0.171,230.49,136.94,238.18195,96.4,Buy,1.89,31,3.0,19.0,12.0,1.0,0.0,2.03,2.04,False,26,2026-10-28,28.0,False,True,2003-11-13,0,0,2026-09-10 HSBC: main -> Reduce,0,,0,,N/A,0,N/A,0,0,,,,,,,,,,True,True,False,True,False,True,,,,,,,,,,,,,,,
BMRN,filtered,WAIT,59.9,59.9,2026-09-29,False,59.87,16:08,-0.05,sip,,,,,0,,,,,59.87,after-hours,,,-,DOWNTREND,-2.1,-0.87,False,False,0,,,,,,,,,,,,,,,,downtrend (below a falling EMA50) - no long setup,,,,,,,True,True,4,True,True,True,True,59.9,63.07,False,7.99,5.92,True,True,False,piercing_line,58.74,66.21,59.9,63.44,False,13.9,10.2,True,True,False,,58.74,66.21,59.9,61.35,False,57.97,46.68,True,True,False,,58.74,61.07,58.97,60.09,1.12,1.51,74.2,58.58,60.48,58.74,57.99,60.31,T1 - nearest resistance,0.21,True,59.55,59.67,True,down,channel sloping down,64.5,low,2026-07-23,False,20,6,11,3,-5,up,1,down,7,57.63,58.66,59.68,-1.48,0.92,111.0,,,,False,0.66,False,1.53,58.9,-1.67,2.0,57.59,-3.86,2.0,60.31,0.68,2.0,0.21,63.85,6.59,5.0,2.07,BioMarin Pharmaceutical Inc.,Healthcare,Biotechnology,11589261312,161.8108,9.044148,0.35,1.8329046,3.4019883,0.37,,0.02142,0.21162,0.011820001,0.199,85157376.0,66.473,2.387,1.03845,0.052199997,0.238,70.98,49.26,91.61538,49.0,Buy,1.74,26,6.0,14.0,7.0,0.0,0.0,1.25,1.38,False,14,2026-10-26,26.0,False,False,,0,0,2026-09-10 HC Wainwright & Co.: reit -> Neutral,0,,0,,N/A,0,N/A,0,0,,,,ticker filtered out,,,,,,,,,,,,,,,,,,,,,,,,,,
BMY,down,WAIT,62.87,62.87,2026-09-29,False,63.22,19:58,0.56,sip,63.11,23:16,0.38,boats,5,,,,,63.11,overnight,,,-,DOWNTREND,-0.39,-0.3,False,False,0,,,,,,,,,63.58,,,,,,,downtrend (below a falling EMA50) - no long setup,,,,,,,False,False,3,True,True,True,False,62.87,63.37,False,53.79,38.22,True,True,False,,60.6,64.39,62.87,63.72,False,83.66,84.53,False,False,True,,60.6,64.39,62.87,62.8,True,69.18,72.74,False,False,False,,61.78,63.93,61.95,63.89,1.94,1.29,150.4,62.6,63.24,61.78,61.13,63.1,T1 - nearest resistance,0.13,True,62.7,63.05,False,down,channel rising but weak fit (R2 0.08 < 0.5),64.32,low,2026-07-21,False,20,6,12,2,-6,down,1,up,2,61.2,62.85,64.51,0.19,0.08,50.0,,,,True,0.47,False,1.76,62.26,-0.97,2.0,60.6,-3.61,1.0,63.1,0.37,2.0,0.13,65.32,3.9,5.0,1.41,Bristol-Myers Squibb Company,Healthcare,Drug Manufacturers - General,128405045248,14.06264,9.575253,17.79,5.7537756,2.6106014,4.47,3.94,0.18871,0.34418,0.46598998,0.057,8114375168.0,201.859,1.532,0.84867996,0.020599999,0.227,68.64,42.52,66.70833,77.9,Buy,2.46,24,3.0,7.0,17.0,1.0,0.0,1.73,1.73,True,21,2026-10-29,29.0,False,True,1957-03-04,0,0,2026-09-16 Piper Sandler: reit -> Overweight,0,,0,,N/A,0,N/A,0,0,,,,not fetched for down-trend tickers,,,,,,,,,,,,,,,,,,,,,,,,,,
BTSG,down,WAIT,55.73,55.73,2026-09-29,False,55.21,19:42,-0.93,sip,,,,,0,,,,,55.21,after-hours,,,-,DOWNTREND,-2.02,-1.38,False,False,0,,,,,,,,,56.54,,,,,,,downtrend (below a falling EMA50) - no long setup,,,,,,,False,True,3,True,True,True,False,55.73,59.92,False,17.73,16.64,True,False,False,,54.87,60.0,55.73,58.45,False,39.13,45.97,False,False,False,bullish_harami;hammer,54.87,60.0,55.73,56.55,False,17.15,16.07,True,True,False,bullish_engulfing;hammer,55.26,57.69,55.26,56.8,1.54,2.07,74.4,54.73,57.33,55.26,54.22,57.61,T1 - nearest resistance,1.25,True,56.59,55.64,True,down,channel sloping down,56.26,low,2026-09-24,False,20,8,6,6,2,down,1,up,2,55.17,56.15,57.13,-0.05,0.01,29.0,,,,True,0.3,,,55.11,-1.11,2.0,,,,57.61,3.37,6.0,1.25,60.65,8.83,1.0,3.26,"BrightSpring Health Services, Inc.",Healthcare,Health Information Services,11019059200,49.723213,24.444416,,5.6009254,0.7667247,1.12,,0.02547,0.03367,0.13036,0.23,1028438976.0,116.007,1.588,1.08403,0.0798,1.85,73.75,27.11,78.94118,61.4,Strong Buy,1.18,17,3.0,14.0,0.0,0.0,0.0,0.47,0.47,True,16,2026-10-30,30.0,False,False,,0,0,,0,,0,,N/A,0,N/A,0,0,,,,not fetched for down-trend tickers,,,,,,,,,,,,,,,,,,,,,,,,,,
BULL,down,WAIT,7.18,7.18,2026-09-29,False,7.21,19:58,0.42,sip,7.19,23:45,0.14,boats,14,,,,,7.19,overnight,,,-,DOWNTREND,-2.02,-2.17,True,True,0,,,,,,,,,,,,,,,,downtrend (below a falling EMA50) - no long setup,,,,,,,True,True,3,True,True,True,False,7.18,8.06,False,3.37,2.26,True,True,False,,7.01,8.66,7.18,8.14,False,4.84,3.06,True,True,False,bullish_engulfing,7.01,8.66,7.18,7.5,False,49.35,29.27,True,True,False,,7.01,7.34,7.01,7.19,0.18,0.43,41.9,6.76,7.44,7.01,6.79,7.74,T1 - nearest resistance,1.44,True,8.28,7.09,True,down,channel sloping down,8.57,low,2026-07-30,False,20,3,13,4,-10,mixed,1,down,5,6.44,6.78,7.12,-3.35,0.88,109.0,,,,True,0.02,False,0.63,7.17,-0.14,3.0,6.91,-3.76,2.0,7.74,7.8,4.0,1.44,8.38,16.71,2.0,3.08,Webull Corporation,Technology,Software - Application,3798411008,11.754098,22.761906,,3.6395938,5.6500244,0.61,,0.06337,0.22273001,0.04723,0.519,,7.544,1.214,0.55011004,0.0806,0.584,15.04,4.5,13.0,25.4,Strong Buy,1.50,4,0.0,3.0,1.0,0.0,0.0,0.07,0.04,True,2,2026-11-12,43.0,False,False,,0,0,,0,,0,,N/A,0,N/A,0,0,,,,not fetched for down-trend tickers,,,,,,,,,,,,,,,,,,,,,,,,,,
BWA,down,WAIT,60.94,60.94,2026-09-29,False,60.94,16:08,0.0,sip,,,,,0,,,,,60.94,after-hours,,,-,DOWNTREND,-1.6,-1.25,False,False,0,,,,,,,,,61.06,,,,,,,downtrend (below a falling EMA50) - no long setup,,,,,,,False,True,3,True,True,True,False,60.94,64.18,False,32.89,24.6,True,True,False,hammer,58.1,64.5,60.94,63.23,False,48.41,47.4,True,True,False,bullish_harami,58.1,64.5,60.94,61.24,False,31.91,28.06,True,True,False,,59.82,62.12,60.36,61.31,0.95,2.02,47.0,59.29,62.38,59.82,58.81,63.03,T1 - nearest resistance,0.98,True,60.97,60.9,True,down,channel sloping down,60.36,low,2026-09-24,True,20,7,11,2,-4,down,1,up,2,57.91,60.02,62.13,-0.49,0.24,72.0,,,,True,0.03,False,1.41,60.87,-0.11,4.0,58.1,-4.66,1.0,63.03,3.43,1.0,0.98,65.94,8.2,8.0,2.35,BorgWarner Inc.,Consumer Cyclical,Auto Parts,12411426816,30.168316,10.257705,0.33,2.208051,0.8652696,2.02,1.11,0.02893,0.106359996,0.08056,0.003,1066249984.0,70.11,2.127,1.0919499,0.0359,1.103,78.82,40.5,79.93333,53.3,Buy,1.93,15,4.0,6.0,5.0,0.0,0.0,1.26,1.26,True,13,2026-10-29,29.0,False,False,,0,0,2026-09-01 RBC Capital: init -> Outperform,0,,0,,N/A,0,N/A,0,0,,,,not fetched for down-trend tickers,,,,,,,,,,,,,,,,,,,,,,,,,,
CAH,down,WAIT,223.92,223.92,2026-09-29,False,223.91,16:08,-0.0,sip,,,,,0,,,,,223.91,after-hours,,,-,DOWNTREND,-1.18,-0.8,False,False,0,,,,,,,,,,,,,,,,downtrend (below a falling EMA50) - no long setup,,,,,,,True,True,3,True,True,True,False,223.92,229.94,False,12.09,6.72,True,True,False,,216.7,234.9,223.92,229.42,False,36.11,21.27,True,True,False,,216.7,234.9,223.92,223.24,True,89.84,84.16,True,True,True,,216.7,224.01,216.7,224.01,7.31,5.09,143.6,218.92,221.79,216.7,214.16,230.99,T1 - nearest resistance,0.72,True,220.1,221.58,True,down,channel sloping down,221.58,low,2026-09-29,True,20,6,9,5,-3,mixed,1,down,2,216.85,219.74,222.63,-0.4,0.6,122.0,,,,True,0.06,False,0.7,223.59,-0.15,2.0,220.37,-1.59,1.0,230.99,3.16,8.0,0.72,239.91,7.14,2.0,1.64,"Cardinal Health, Inc.",Healthcare,Medical Distribution,51848454144,30.50545,15.927529,1.1,-18.096663,0.20392866,7.34,0.94,0.00674,0.013300001,,0.058,4752500224.0,,0.883,0.91460997,0.033299997,0.519,258.3,150.78,270.33334,68.0,Buy,1.53,15,3.0,11.0,3.0,0.0,0.0,2.94,2.94,True,13,2026-11-05,36.0,False,True,1997-05-27,0,0,,0,,0,,N/A,0,N/A,0,0,,,,not fetched for down-trend tickers,,,,,,,,,,,,,,,,,,,,,,,,,,
CART,down,WAIT,43.5,43.5,2026-09-29,False,43.49,16:08,-0.02,sip,,,,,0,,,,,43.49,after-hours,,,-,DOWNTREND,-1.98,-1.6,False,True,0,,,,,,,,,43.76,,,,,,,downtrend (below a falling EMA50) - no long setup,,,,,,,False,False,3,True,True,True,False,43.5,46.69,False,15.65,13.46,True,True,False,,42.04,47.1,43.5,46.31,False,33.41,29.96,True,True,False,,42.04,47.1,43.5,44.01,False,69.72,70.74,False,False,False,,42.04,44.22,43.3,44.22,0.92,1.61,57.1,42.61,44.91,42.04,41.23,43.78,T1 - nearest resistance,0.12,True,43.35,43.67,False,down,channel sloping down,43.37,low,2026-09-28,True,20,6,10,4,-4,up,1,down,1,41.2,42.76,44.33,-0.71,0.38,74.0,,,,False,0.86,,,42.11,-3.2,2.0,,,,43.78,0.64,1.0,0.12,44.74,2.85,2.0,0.55,Maplebear Inc.,Consumer Cyclical,Internet Retail,10321630208,23.63587,8.880966,1.75,4.364713,2.5849311,1.84,,0.120459996,0.14094,0.16001,0.141,917875008.0,1.348,2.279,0.79229,0.1058,0.799,52.68,32.73,58.14286,54.0,Buy,2.03,28,5.0,13.0,14.0,0.0,0.0,0.63,0.63,True,26,2026-11-09,40.0,False,False,,0,0,2026-09-02 Argus Research: main -> Buy,0,,0,,N/A,0,N/A,0,0,,,,not fetched for down-trend tickers,,,,,,,,,,,,,,,,,,,,,,,,,,
CAT,down,WAIT,826.92,826.92,2026-09-29,False,828.01,18:56,0.13,sip,828.85,22:12,0.23,boats,9,,,,,828.85,overnight,,,-,CORRECTION,-0.18,-0.35,True,False,0,,,,,,,,,,,,,,,,under EMA50 by 0.2 ATR with a higher low intact - wait for a support bounce or an EMA50 reclaim,,,,,,,True,True,2,True,False,True,False,826.92,830.58,False,87.83,77.32,True,True,True,hammer,774.47,829.74,826.92,814.41,True,81.14,78.88,True,True,True,,774.47,829.74,826.92,813.8,True,80.11,70.95,True,True,True,,808.2,829.74,815.5,829.74,14.24,20.67,68.9,809.07,836.17,808.2,797.87,833.39,T1 - nearest resistance,0.22,True,818.01,823.91,True,down,channel rising but weak fit (R2 0.22 < 0.5),805.17,low,2026-09-02,True,20,8,6,6,2,up,1,mixed,1,806.35,819.95,833.55,0.22,0.22,76.0,,,,False,1.42,False,2.59,797.6,-3.55,2.0,773.42,-6.47,3.0,833.39,0.78,5.0,0.22,871.2,5.35,1.0,1.52,Caterpillar Inc.,Industrials,Farm & Heavy Construction Machinery,379985657856,35.341602,25.531439,1.43,19.591875,5.084849,23.39,0.8,0.14511,0.22183001,0.56972003,0.24,5048999936.0,232.783,1.368,0.73497003,0.020299999,1.594,1073.46,470.24,975.60614,59.1,Buy,2.07,26,1.0,14.0,11.0,1.0,1.0,6.92,6.92,True,21,2026-10-29,29.0,False,True,1957-03-04,0,0,,0,,0,,N/A,0,N/A,0,0,,,,not fetched for down-trend tickers,,,,,,,,,,,,,,,,,,,,,,,,,,
CDE,filtered,WAIT,17.86,17.86,2026-09-29,False,17.87,19:57,0.06,sip,17.9,21:05,0.22,boats,5,,,,,17.9,overnight,,,-,DOWNTREND,-1.2,-0.54,False,False,0,,,,,,,,,17.87,,,,,,,downtrend (below a falling EMA50) - no long setup,,,,,,,False,True,4,True,True,True,True,17.86,19.08,False,14.43,16.14,False,True,False,hammer,17.12,20.63,17.86,19.5,False,11.63,10.66,True,True,False,bullish_harami,17.12,20.63,17.86,18.81,False,34.05,27.6,True,True,False,,17.12,19.37,17.12,17.93,0.81,1.02,79.4,16.91,18.14,17.12,16.61,18.48,T1 - nearest resistance,0.5,True,19.33,17.6,True,down,channel sloping down,19.15,low,2026-07-29,False,20,7,10,3,-3,down,2,up,1,17.02,17.83,18.65,-1.93,0.74,52.0,,,,True,0.25,False,1.36,17.61,-1.4,1.0,16.47,-7.78,2.0,18.48,3.47,2.0,0.5,19.76,10.64,1.0,1.52,"Coeur Mining, Inc.",Basic Materials,Gold,18338359296,14.991596,8.980348,3.75,1.7626716,5.782786,1.19,0.22,0.26817,0.19387,0.12848,1.259,796743616.0,6.851,3.654,0.82424,0.050100002,1.389,27.77,13.55,23.95455,30.3,Buy,1.73,11,4.0,5.0,2.0,0.0,0.0,0.33,0.35,False,6,2026-10-28,28.0,False,False,,0,0,,0,,0,,N/A,0,N/A,0,0,,,,ticker filtered out,,,,,,,,,,,,,,,,,,,,,,,,,,
CDNA,up,WATCH,64.06,64.06,2026-09-29,False,64.0,18:09,-0.09,sip,,,,,0,,,,,64.0,after-hours,FRESH_BREAKOUT,Fresh breakout,C,UPTREND,5.32,6.41,True,True,115,63.09,61.64,65.5,0.59,63.18,,price,65.5,64.28,"Price: pull back to 63.18 or lower (R:R 1.5+ with the same stop and target) OR close above 65.50 on 1.5x+ volume (becomes a fresh breakout) | Then the turn has to show at that price - daily: a green candle - trade above 64.28 (today's open / mid-range) and hold it into the close | Confirmations: any 1 of: Close in the top 40% of the bar's range, or Tight base before the break",4.3,T1 - overhead resistance (52-week high) inside 1 ATR,65.5,2.0,no turn yet on the daily chart; confirmations 2/4 (need 3); R:R 0.59 below 1.5,no turn yet on the daily chart; confirmations 2/4 (need 3); R:R 0.59 below 1.5,,True,False,False,True,True,False,True,0,False,False,False,False,64.06,48.58,True,92.47,88.71,True,True,True,,52.61,65.5,64.06,54.3,True,87.47,88.79,False,False,True,bullish_harami,52.61,65.5,64.06,60.38,True,44.39,38.71,True,True,False,,61.69,65.5,62.9,65.48,2.59,2.91,89.0,62.57,65.81,61.69,61.64,65.5,T1 - overhead resistance (52-week high) inside 1 ATR,0.59,True,64.18,63.82,True,up,channel rising (R2 0.85),50.64,low,2026-07-30,True,20,14,2,4,12,mixed,1,up,6,62.92,66.21,69.5,2.89,0.85,17.0,,,,False,3.06,False,3.57,55.16,-13.89,1.0,53.67,-16.22,1.0,,,,,,,,,"CareDx, Inc.",Healthcare,Diagnostics & Research,3312024832,31.07767,48.187145,,7.744042,7.2300906,2.06,,0.24234,0.00195,0.29487,0.522,112160872.0,4.522,4.581,1.0335801,0.124,2.43,65.5,13.95,56.14286,97.2,Buy,1.75,7,0.0,5.0,3.0,0.0,0.0,0.25,0.25,True,7,2026-11-03,34.0,False,False,,0,0,2026-09-24 BTIG: main -> Buy,0,,0,,N/A,0,N/A,0,0,,,,,,,,,,,,,,,,,,,,,,,,,,,,,,
CDNS,up,WATCH,324.24,324.24,2026-09-29,False,324.69,19:52,0.14,sip,,,,,0,,,,,324.69,after-hours,MA_RECLAIM,MA reclaim (early trend),C,EARLY_UPTREND,0.58,0.24,False,False,4,318.59,302.74,330.28,0.28,313.76,,price,330.28,,Price: pull back to 313.76 or lower (R:R 1.5+ with the same stop and target) OR close above 330.28 on 1.5x+ volume (becomes a fresh breakout),3.1,"T1 - overhead resistance (swing level, 5 touch(es)) inside 1 ATR",330.28,3.0,R:R 0.28 below 1.5,R:R 0.28 below 1.5,,,,,,,True,True,0,False,False,False,False,324.24,318.59,True,91.15,92.75,False,False,True,hammer,274.16,330.81,324.24,308.94,True,86.22,89.13,False,False,True,,274.16,330.81,324.24,314.31,True,56.73,51.4,True,True,False,,314.0,329.27,314.0,324.24,10.24,9.83,104.2,314.41,323.83,314.0,302.74,330.28,"T1 - overhead resistance (swing level, 5 touch(es)) inside 1 ATR",0.28,True,324.65,321.54,True,up,channel rising (R2 0.83),302.55,low,2026-09-15,True,20,8,10,2,-2,down,2,up,1,322.55,332.74,342.92,1.64,0.83,8.0,,,,True,0.42,False,1.3,320.07,-1.29,1.0,311.43,-3.95,1.0,329.96,1.76,4.0,0.27,348.01,7.33,4.0,1.11,"Cadence Design Systems, Inc.",Technology,Software - Application,89411272704,64.963936,33.917442,2.5,13.01783,15.316384,4.99,,0.23605,0.28575,0.23229,0.242,1609676544.0,38.661,1.743,0.91611,0.0159,1.137,416.69,262.75,405.47116,39.9,Strong Buy,1.36,26,5.0,18.0,2.0,0.0,0.0,2.05,2.05,True,18,2026-10-26,26.0,False,True,2017-09-18,0,0,,0,,0,,N/A,0,N/A,0,0,,,,,,,,,,,,,,,,True,True,True,True,False,False,True,,,,,,,,
CDW,down,WAIT,129.78,129.78,2026-09-29,False,129.71,16:37,-0.05,sip,,,,,0,,,,,129.71,after-hours,,,-,DOWNTREND,-2.07,-0.86,False,False,0,,,,,,,,,130.38,,,,,,,downtrend (below a falling EMA50) - no long setup,,,,,,,False,False,3,True,True,True,False,129.78,141.43,False,3.69,6.57,False,False,False,,128.67,154.12,129.78,142.89,False,6.32,6.69,False,False,False,,128.67,154.12,129.78,138.2,False,16.19,15.21,True,True,False,hammer,128.67,140.73,128.77,131.99,3.22,5.62,57.3,126.37,134.39,128.67,125.86,131.62,T1 - nearest resistance,0.47,True,130.19,130.11,False,down,channel sloping down,141.9,low,2026-08-05,False,20,8,9,3,-1,mixed,1,down,3,123.18,129.3,135.42,-2.41,0.81,54.0,,,,True,0.43,False,2.96,127.39,-1.84,1.0,113.12,-12.84,1.0,131.62,1.42,2.0,0.47,143.35,10.46,4.0,3.46,CDW Corporation,Technology,Information Technology Services,16216010752,15.665461,10.795465,1.33,6.655208,0.69003123,8.28,1.93,0.04597,0.07345,0.44009998,0.1,676787520.0,263.278,1.167,1.13195,0.088,0.941,162.47,97.12,158.66667,50.0,Buy,1.80,9,2.0,5.0,3.0,0.0,0.0,2.96,2.93,True,10,2026-11-03,34.0,False,True,2019-09-23,0,0,2026-09-21 Barclays: main -> Equal-Weight,0,,0,,N/A,0,N/A,0,0,,,,not fetched for down-trend tickers,,,,,,,,,,,,,,,,,,,,,,,,,,
CGNX,down,WAIT,59.67,59.67,2026-09-29,False,59.76,19:53,0.15,sip,,,,,0,,,,,59.76,after-hours,,,-,DOWNTREND,-0.82,-1.01,False,False,0,,,,,,,,,,,,,,,,downtrend (below a falling EMA50) - no long setup,,,,,,,True,True,3,True,True,True,False,59.67,61.46,False,26.7,19.14,True,True,False,hammer,57.1,63.0,59.67,60.5,False,35.03,31.37,True,True,False,,57.1,63.0,59.67,59.16,True,86.65,77.43,True,True,True,,57.62,59.69,58.5,59.69,1.19,2.18,54.6,57.51,60.68,57.62,56.53,60.59,T1 - nearest resistance,0.29,True,58.93,59.18,True,down,channel sloping down,58.45,low,2026-09-24,True,20,9,8,3,1,up,3,down,2,55.71,57.95,60.18,-0.59,0.28,89.0,,,,False,0.87,,,57.78,-3.17,5.0,,,,60.59,1.54,2.0,0.29,63.76,6.85,6.0,1.3,Cognex Corporation,Technology,Scientific & Technical Instruments,10037916672,57.375,29.554966,2.71,6.1598015,9.218146,1.04,0.58,0.16051,0.29361,0.111490004,0.169,195671376.0,4.448,3.934,1.1291001,0.0478,1.49,72.88,34.6,79.63158,65.5,Buy,1.85,19,5.0,9.0,6.0,0.0,0.0,0.52,0.52,True,17,2026-10-28,28.0,False,False,,0,0,2026-09-23 DA Davidson: main -> Neutral,0,,0,,N/A,0,N/A,0,0,,,,not fetched for down-trend tickers,,,,,,,,,,,,,,,,,,,,,,,,,,
CHRD,down,WAIT,134.49,134.49,2026-09-29,False,134.41,16:01,-0.06,sip,,,,,0,,,,,134.41,after-hours,,,-,DOWNTREND,-1.23,-0.61,False,True,0,,,,,,,,,,,,,,,,downtrend (below a falling EMA50) - no long setup,,,,,,,True,True,3,True,True,True,False,134.49,140.47,False,4.57,8.09,False,False,False,,132.69,154.68,134.49,142.17,False,10.52,8.59,True,True,False,hammer,132.69,154.68,134.49,138.31,False,27.01,26.9,True,True,False,hammer,132.69,138.86,132.69,135.04,2.35,4.86,48.4,130.18,137.55,132.69,130.26,136.96,T1 - nearest resistance,0.58,True,139.58,134.36,True,down,channel sloping down,141.54,low,2026-07-28,False,20,7,10,3,-3,down,1,mixed,1,132.28,134.92,137.55,-0.56,0.57,42.0,,,,True,0.34,False,1.25,132.84,-1.23,1.0,128.42,-4.51,2.0,136.96,1.84,2.0,0.58,141.32,5.08,4.0,1.61,Chord Energy Corporation,Energy,Oil & Gas E&P,7351941120,9.081757,8.3304615,,0.8877338,1.2337587,14.8,3.85,0.14236,0.34717,0.10312,0.841,961228032.0,17.982,1.221,1.0303199,0.0825,0.385,157.06,84.25,173.125,69.0,Strong Buy,1.47,16,2.0,12.0,3.0,0.0,0.0,4.67,4.09,True,16,2026-11-03,34.0,False,False,,0,0,2026-09-22 UBS: main -> Buy,0,,0,,N/A,0,N/A,0,0,,,,not fetched for down-trend tickers,,,,,,,,,,,,,,,,,,,,,,,,,,
CIEN,down,WAIT,354.91,354.91,2026-09-29,False,356.0,19:58,0.31,sip,355.32,21:21,0.12,boats,5,,,,,355.32,overnight,,,-,DOWNTREND,-1.09,-1.41,False,False,0,,,,,,,,,,,,,,,,downtrend (below a falling EMA50) - no long setup,,,,,,,True,True,3,True,True,True,False,354.91,378.23,False,57.35,61.72,False,False,False,,327.5,376.74,354.91,359.24,False,26.18,22.6,True,True,False,,327.5,376.74,354.91,352.18,True,65.73,52.37,True,True,False,,339.33,361.65,344.8,356.21,11.41,21.33,53.5,334.88,366.13,339.33,328.67,357.92,T1 - nearest resistance,0.11,True,359.16,349.86,True,down,channel sloping down,341.44,low,2026-09-03,True,20,8,8,4,0,mixed,1,down,1,336.56,346.32,356.08,-0.92,0.64,94.0,,,,False,1.74,,,317.77,-10.46,3.0,,,,357.92,0.85,4.0,0.11,378.88,6.75,3.0,0.91,Ciena Corporation,Technology,Communication Equipment,50330685440,79.40045,30.090488,0.35,16.475723,8.359337,4.47,,0.10869,0.18076,0.22396,0.37,633368384.0,107.496,3.797,0.95927,0.0399,1.309,637.51,143.19,516.83234,42.8,Buy,1.75,19,5.0,10.0,5.0,0.0,0.0,1.62,1.37,True,5,,,False,True,2026-02-09,1,0,2026-09-21 Evercore ISI Group: up -> Outperform,0,,0,,N/A,0,N/A,0,0,,,,not fetched for down-trend tickers,,,,,,,,,,,,,,,,,,,,,,,,,,
CNK,up,WATCH,38.26,38.26,2026-09-29,False,38.24,16:00,-0.05,sip,,,,,0,,,,,38.24,after-hours,FRESH_BREAKOUT,Fresh breakout,C,UPTREND_WEAK,2.61,1.37,False,True,8,37.24,36.68,38.91,0.41,37.57,,price,38.91,38.5,"Price: pull back to 37.57 or lower (R:R 1.5+ with the same stop and target) OR close above 38.91 on 1.5x+ volume (becomes a fresh breakout) | Then the turn has to show at that price - daily: a green candle - trade above 38.50 (today's open / mid-range) and hold it into the close | Confirmations: any 1 of: Close in the top 40% of the bar's range, or Higher lows in place",4.6,"T1 - overhead resistance (swing level, 2 touch(es) + 120-bar high) inside 1 ATR","38.91, 39.07",2.0,no turn yet on the daily chart; confirmations 2/4 (need 3); R:R 0.41 below 1.5,no turn yet on the daily chart; confirmations 2/4 (need 3); R:R 0.41 below 1.5,,True,False,True,True,False,False,True,0,False,False,False,False,38.26,35.33,True,88.32,87.6,True,False,True,,33.76,39.07,38.26,36.07,True,80.32,84.36,False,False,True,piercing_line,33.76,39.07,38.26,37.02,True,48.16,44.78,True,True,False,,36.46,39.07,37.81,38.81,1.0,1.12,89.3,37.69,38.93,36.46,36.68,38.91,"T1 - overhead resistance (swing level, 2 touch(es) + 120-bar high) inside 1 ATR",0.41,True,36.14,38.11,True,up,channel rising (R2 0.78),35.99,low,2026-07-21,True,20,8,6,6,2,mixed,1,up,2,37.48,38.48,39.49,1.21,0.78,39.0,,,,True,0.17,False,1.68,38.07,-0.5,1.0,36.38,-4.91,4.0,38.91,1.7,2.0,0.41,,,,,"Cinemark Holdings, Inc.",Communication Services,Entertainment,4432469504,21.01099,14.55243,1.86,8.849804,1.3178929,1.82,0.94,0.0644,0.21705,0.45816,0.155,227587504.0,587.527,0.845,1.08012,0.10569999,0.978,39.07,21.6,39.81818,95.4,Buy,2.00,11,1.0,5.0,5.0,0.0,0.0,0.80,0.68,True,9,2026-11-04,35.0,False,False,,0,0,2026-09-24 Morgan Stanley: main -> Equal-Weight,0,,0,,N/A,0,N/A,0,0,,,,,,,,,,,,,,,,,,,,,,,,,,,,,,
COHR,down,WAIT,292.3,292.3,2026-09-29,False,293.8,19:57,0.51,sip,292.5,23:34,0.07,boats,292,,,,,292.5,overnight,,,-,DOWNTREND,-0.49,-0.71,False,True,0,,,,,,,,,295.27,,,,,,,downtrend (below a falling EMA50) - no long setup,,,,,,,False,False,3,True,True,True,False,292.3,301.88,False,36.61,39.96,False,True,False,,275.79,332.86,292.3,295.83,False,23.94,16.98,True,True,False,,275.79,332.86,292.3,294.82,False,59.44,62.3,False,False,False,hammer,275.79,302.72,285.85,302.72,16.87,19.69,85.7,283.03,305.54,275.79,265.95,311.95,T1 - nearest resistance,0.75,True,291.2,295.27,False,down,channel sloping down,305.02,low,2026-07-29,False,20,9,9,2,0,up,1,down,1,266.06,281.22,296.37,-1.99,0.69,87.0,,,,False,1.66,False,3.64,259.63,-11.18,4.0,220.68,-24.5,1.0,311.95,6.72,4.0,0.75,333.79,14.19,3.0,1.57,Coherent Corp.,Technology,Scientific & Technical Instruments,57224138752,68.43325,20.938982,0.92,5.24614,8.039152,4.27,,0.11309,0.118269995,0.07981,0.337,-649981632.0,31.612,2.427,0.87518,0.060900003,2.104,440.0,105.02,415.36197,55.9,Buy,1.61,22,4.0,14.0,5.0,0.0,0.0,1.96,1.96,True,19,2026-11-04,35.0,False,True,2026-03-23,0,0,2026-09-24 Rosenblatt: main -> Buy,0,,0,,N/A,0,N/A,0,0,,,,not fetched for down-trend tickers,,,,,,,,,,,,,,,,,,,,,,,,,,
COP,down,WAIT,125.42,125.42,2026-09-29,False,125.1,16:48,-0.26,sip,,,,,0,,,,,125.1,after-hours,,,-,DOWNTREND,-0.55,-0.05,False,True,0,,,,,,,,,125.52,,,,,,,downtrend (below a falling EMA50) - no long setup,,,,,,,True,False,3,True,True,True,False,125.42,127.47,False,11.99,17.29,False,False,False,,123.46,139.19,125.42,130.1,False,23.17,24.43,False,False,False,,123.46,139.19,125.42,128.18,False,35.06,37.57,False,False,False,,123.46,129.36,123.46,126.18,2.72,3.7,73.5,122.48,127.16,123.46,121.61,128.0,T1 - nearest resistance,0.68,True,125.49,125.52,False,down,channel sloping down,128.56,low,2026-07-28,False,20,9,7,4,2,down,1,mixed,1,124.13,126.68,129.23,-0.18,0.12,25.0,,,,True,0.26,False,1.03,124.47,-0.76,1.0,121.6,-3.05,2.0,128.0,2.06,1.0,0.68,131.77,5.06,2.0,1.67,ConocoPhillips,Energy,Oil & Gas E&P,150695772160,16.658699,12.984258,1.07,2.3060095,2.3378546,7.53,2.67,0.144,0.3151,0.1418,0.355,7691375104.0,35.639,1.542,0.86931,0.0134000005,0.134,141.62,85.57,146.08,71.1,Buy,1.74,25,4.0,15.0,8.0,0.0,0.0,2.64,2.61,True,21,2026-11-05,36.0,False,True,1957-03-04,0,0,2026-09-14 UBS: main -> Buy,0,,0,,N/A,0,N/A,0,0,,,,not fetched for down-trend tickers,,,,,,,,,,,,,,,,,,,,,,,,,,
CORT,down,WAIT,114.84,114.84,2026-09-29,False,114.74,16:00,-0.09,sip,,,,,0,,,,,114.74,after-hours,,,-,UPTREND_WEAK,1.09,1.42,False,False,125,,,,,,,,,116.82,,,,,,,"above the EMA50 but not a clean uptrend yet (missing: higher highs, higher lows) - pullback and MA-bounce setups need higher highs, higher lows and a rising EMA50",,,,,,,False,False,2,True,False,True,False,114.84,108.69,True,58.96,66.2,False,False,False,,108.41,120.48,114.84,113.81,True,55.89,58.69,False,False,False,,108.41,120.48,114.84,115.14,False,29.35,38.81,False,False,False,,113.17,120.48,113.17,120.48,7.31,5.66,129.2,114.82,118.83,113.17,110.34,116.29,T1 - nearest resistance,0.32,True,115.31,115.72,False,down,channel rising but weak fit (R2 0.0 < 0.5),113.58,low,2026-07-28,True,20,5,6,9,-1,mixed,1,down,1,112.51,115.61,118.7,0.02,0.0,38.0,,,,False,1.01,False,3.27,109.15,-4.95,7.0,96.36,-16.09,2.0,116.29,1.26,3.0,0.32,122.21,6.42,1.0,1.64,Corcept Therapeutics Incorporated,Healthcare,Biotechnology,12403210240,254.97778,26.062464,0.81,17.544342,14.929004,0.45,,0.066420004,0.16124001,0.08226,0.317,77395128.0,1.335,2.859,0.76861,0.1114,0.446,126.38,28.66,141.0,88.2,Buy,2.00,5,1.0,3.0,0.0,1.0,0.0,0.86,0.25,True,4,2026-11-04,35.0,False,False,,0,0,2026-09-18 HC Wainwright & Co.: reit -> Buy,0,,0,,N/A,0,N/A,0,0,,,,not fetched for down-trend tickers,,,,,,,,,,,,,,,,,,,,,,,,,,
CRBG,up,WATCH,33.77,33.77,2026-09-29,False,34.43,18:28,1.95,sip,,,,,0,,,,,34.43,after-hours,PULLBACK,Pullback in uptrend,C,UPTREND,0.91,0.71,True,True,80,33.44,33.11,34.58,1.24,33.7,,price,34.58,,Price: pull back to 33.70 or lower (R:R 1.5+ with the same stop and target) OR close above 34.58 on 1.5x+ volume (becomes a fresh breakout),2.1,"T1 - overhead resistance (swing level, 4 touch(es)) inside 1 ATR",34.58,3.0,R:R 1.24 below 1.5,R:R 1.24 below 1.5,SUPPORT_BOUNCE(watch); MA_BOUNCE(watch),,,,,,True,True,0,False,False,False,False,33.77,33.02,True,30.99,34.43,False,False,False,,33.44,35.64,33.77,33.92,False,10.45,21.18,False,False,False,bullish_engulfing,33.44,35.64,33.77,34.19,False,13.48,8.12,True,True,False,,33.44,35.08,33.44,34.0,0.56,0.82,68.3,33.18,34.26,33.44,33.11,34.58,"T1 - overhead resistance (swing level, 4 touch(es)) inside 1 ATR",1.24,True,33.74,33.68,True,up,WATCH setup overrides the 1h channel (channel sloping down),33.36,low,2026-07-23,True,20,10,8,2,2,down,1,mixed,1,33.0,33.79,34.58,-0.39,0.31,49.0,,,,True,0.32,False,1.78,33.51,-0.77,2.0,32.31,-4.32,7.0,34.58,2.4,4.0,1.23,35.64,5.54,1.0,2.83,"Corebridge Financial, Inc.",Financial Services,Asset Management,15053737984,21.647436,5.850324,,1.4819204,0.7713932,1.56,2.96,0.046479996,0.111140005,0.07139,0.259,642249984.0,127.231,1.223,1.13916,0.048299998,1.012,35.64,22.19,38.83333,86.1,Buy,1.64,12,3.0,8.0,3.0,0.0,0.0,1.20,1.19,True,13,2026-11-02,33.0,False,False,,0,0,,0,,0,,N/A,0,N/A,0,0,,,,,,True,False,True,True,True,,,,,,,,,,,,,,,,,,,,
CRDO,down,WAIT,192.34,192.34,2026-09-29,False,193.8,19:58,0.76,sip,192.0,23:36,-0.18,boats,119,,,,,192.0,overnight,,,-,DOWNTREND,-0.92,-0.59,False,False,0,,,,,,,,,194.56,,,,,,,downtrend (below a falling EMA50) - no long setup,,,,,,,False,False,3,True,True,True,False,192.34,202.41,False,75.21,85.73,False,False,False,,152.72,214.87,192.34,192.33,True,47.18,54.63,False,False,False,,152.72,214.87,192.34,191.47,True,16.19,16.97,False,True,False,,189.01,214.87,189.01,199.38,10.37,10.91,95.1,188.47,199.92,189.01,183.55,212.26,T1 - nearest resistance,2.27,False,192.23,194.56,False,down,channel rising but weak fit (R2 0.21 < 0.5),180.63,low,2026-09-14,True,20,9,7,4,2,down,2,up,1,187.34,199.68,212.03,0.78,0.21,20.0,,,,False,0.59,False,1.36,185.87,-3.36,1.0,177.5,-7.72,2.0,212.26,10.36,3.0,2.27,242.79,26.23,2.0,5.74,Credo Technology Group Holding Ltd,Technology,Semiconductors,36152553472,67.9682,19.819946,,13.237217,22.72252,2.83,,0.33833,0.25198,0.30674,1.147,248290880.0,0.96,7.399,0.73623,0.0514,3.228,308.67,86.485,280.098,47.6,Strong Buy,1.32,19,4.0,14.0,1.0,0.0,0.0,1.28,1.26,True,17,2026-11-30,61.0,False,False,,0,0,2026-09-21 Mizuho: main -> Outperform,0,,0,,N/A,0,N/A,0,0,,,,not fetched for down-trend tickers,,,,,,,,,,,,,,,,,,,,,,,,,,
CRM,down,WAIT,225.41,225.41,2026-09-29,False,225.96,19:58,0.24,sip,226.0,21:05,0.26,boats,28,,,,,226.0,overnight,,,-,UPTREND_WEAK,0.56,1.15,True,False,46,,,,,,,,,227.27,,,,,,,"above the EMA50 but not a clean uptrend yet (missing: higher highs) - pullback and MA-bounce setups need higher highs, higher lows and a rising EMA50",,,,,,,False,False,2,True,False,True,False,225.41,220.89,True,12.76,16.63,False,False,False,,221.18,256.4,225.41,234.17,False,21.68,24.89,False,False,False,,221.18,256.4,225.41,234.18,False,36.66,33.45,True,True,False,,221.18,237.54,223.43,228.98,5.55,8.13,68.3,220.85,231.56,221.18,217.12,229.81,T1 - nearest resistance,0.53,True,237.98,226.09,False,down,channel sloping down,223.13,low,2026-07-23,True,20,5,9,6,-4,mixed,1,down,2,221.36,228.53,235.7,-0.71,0.45,28.0,,,,False,1.51,False,2.58,213.17,-5.43,1.0,204.4,-9.32,1.0,229.81,1.95,1.0,0.53,241.75,7.25,1.0,1.97,"Salesforce, Inc.",Technology,Software - Application,185430130688,20.613905,14.075945,0.76,4.8316607,4.220268,10.93,0.77,0.2199,0.21375,0.19381,0.108,17731874816.0,110.417,0.839,0.87477,0.0454,1.202,269.11,146.32,281.0783,64.4,Buy,1.74,53,6.0,32.0,14.0,0.0,2.0,3.45,3.43,True,42,2026-12-02,63.0,False,True,2008-09-15,0,0,2026-09-18 Wells Fargo: main -> Equal-Weight,0,,0,,N/A,0,N/A,0,0,,,,not fetched for down-trend tickers,,,,,,,,,,,,,,,,,,,,,,,,,,
CRVW,down,WAIT,0.04,0.04,2026-09-21,False,,,,,,,,,0,,,,,,,,,-,DOWNTREND,-8.21,-3.36,False,False,0,,,,,,,,,0.04,,,,,,,downtrend (below a falling EMA50) - no long setup,,,,,,,False,False,3,True,True,True,False,0.04,0.04,False,34.44,22.81,True,True,False,,0.04,0.04,0.04,0.04,False,34.44,23.04,True,True,False,,0.04,0.05,0.04,0.04,False,34.44,23.33,True,False,False,,0.04,0.05,0.04,0.04,0.0,0.0,,,,0.04,0.04,0.05,T1 - nearest resistance,,False,0.04,0.04,False,down,channel rising but weak fit (R2 0.18 < 0.5),0.04,low,2026-08-27,False,20,4,7,9,-3,down,1,up,1,0.03,0.04,0.04,0.6,0.18,23.0,,,,,,,,,,,,,,0.05,25.0,1.0,,0.05,25.0,5.0,,"CareView Communications, Inc.",Healthcare,Health Information Services,23355230,,,,-0.5333333,2.475157,-0.01,,-0.28941,0.17809999,,0.196,1171321.0,,0.093,0.29683,,-0.661,0.08,0.01,,42.9,None,N/A,N/A,,,,,,N/A,N/A,,N/A,,,False,False,,0,0,,0,,0,,N/A,0,N/A,0,0,,,,not fetched for down-trend tickers,,,,,,,,,,,,,,,,,,,,,,,,,,
CRWD,down,WAIT,262.74,262.74,2026-09-29,False,264.1,19:59,0.52,sip,263.29,23:37,0.21,boats,149,,,,,263.29,overnight,,,-,UPTREND,3.44,4.25,True,True,23,,,,,,,,,,,,,,,,extended 3.4 ATR above EMA50 with no fresh breakout - wait for a pullback to value,,,,,,,True,True,2,True,False,True,False,262.74,218.97,True,90.23,89.8,True,True,True,,230.85,263.86,262.74,234.95,True,89.7,85.51,True,True,True,,230.85,263.86,262.74,254.25,True,95.65,90.11,True,True,True,,246.51,262.85,255.76,262.85,7.1,12.72,55.8,250.13,268.48,246.51,240.15,263.86,T1 - nearest resistance,0.05,True,259.57,259.97,True,down,channel rising but weak fit (R2 0.47 < 0.5),220.68,low,2026-07-28,True,20,10,4,6,6,up,1,mixed,1,254.27,262.34,270.41,0.72,0.47,52.0,,,,False,0.98,False,2.59,250.32,-4.73,1.0,229.78,-12.54,4.0,263.86,0.43,1.0,0.05,,,,,"CrowdStrike Holdings, Inc.",Technology,Software - Infrastructure,269028638720,8758.0,163.60817,8.3,52.727272,49.85571,0.03,,0.00834,-0.02259,0.01461,0.258,1995385472.0,15.958,1.57,0.76383,0.0277,1.255,267.69,85.68,235.67,97.3,Buy,1.70,50,10.0,30.0,12.0,0.0,1.0,0.31,0.31,True,45,2026-12-01,62.0,False,True,2024-06-24,0,0,2026-09-21 Morgan Stanley: main -> Overweight,0,,0,,N/A,0,N/A,0,0,,,,not fetched for down-trend tickers,,,,,,,,,,,,,,,,,,,,,,,,,,
CSCO,filtered,WAIT,106.96,106.96,2026-09-29,False,107.05,19:47,0.08,sip,,,,,0,,,,,107.05,after-hours,,,-,DOWNTREND,-1.33,-0.79,False,False,0,,,,,,,,,107.25,,,,,,,downtrend (below a falling EMA50) - no long setup,,,,,,,False,True,4,True,True,True,True,106.96,110.74,False,29.83,29.32,True,False,False,hammer,104.51,111.49,106.96,109.31,False,31.28,31.88,False,False,False,piercing_line,104.51,111.49,106.96,107.28,False,63.72,50.4,True,True,False,,105.99,107.9,106.06,107.4,1.34,2.83,47.3,104.57,108.89,105.99,104.57,108.29,T1 - nearest resistance,0.56,True,106.53,106.74,True,down,channel sloping down,106.49,low,2026-09-22,True,20,6,9,5,-3,mixed,1,down,1,103.44,106.19,108.95,-0.23,0.12,64.0,,,,False,0.87,,,104.51,-2.29,1.0,,,,108.29,1.24,7.0,0.56,112.08,4.79,4.0,2.14,"Cisco Systems, Inc.",Technology,Communication Equipment,421620252672,32.017967,19.022106,0.98,8.392058,6.658038,3.34,1.57,0.20951,0.27719,0.27319,0.176,11182624768.0,62.017,0.931,0.83385,0.0146,0.992,130.37,66.81,137.25,63.2,Buy,1.82,24,5.0,14.0,9.0,0.0,0.0,1.32,1.33,False,23,2026-11-12,43.0,False,True,1993-12-01,0,0,2026-09-22 Piper Sandler: main -> Neutral,0,,0,,N/A,0,N/A,0,0,,,,ticker filtered out,,,,,,,,,,,,,,,,,,,,,,,,,,
CTAS,down,WAIT,197.81,197.81,2026-09-29,False,197.74,16:37,-0.04,sip,197.9,20:16,0.05,boats,1,,,,,197.9,overnight,,,-,UPTREND_WEAK,0.01,-0.01,False,False,4,,,,,,,,,199.9,,,,,,,"above the EMA50 but not a clean uptrend yet (missing: higher highs, higher lows, a rising EMA50) - pullback and MA-bounce setups need higher highs, higher lows and a rising EMA50",,,,,,,False,True,2,True,False,True,False,197.81,197.79,True,61.54,54.03,True,True,False,,191.09,201.51,197.81,199.33,False,71.01,81.05,False,False,False,,191.09,201.51,197.81,198.42,False,19.38,14.59,True,True,False,,196.48,201.45,196.48,201.26,4.79,4.19,114.3,197.07,200.67,196.48,194.39,198.07,T1 - nearest resistance,0.08,True,197.41,197.5,True,down,channel rising but weak fit (R2 0.16 < 0.5),198.5,low,2026-09-24,False,20,7,11,2,-4,down,1,up,2,195.65,199.18,202.7,0.19,0.16,31.0,,,,False,1.6,False,5.14,191.09,-3.4,1.0,176.29,-10.88,1.0,198.07,0.13,6.0,0.08,206.23,4.26,4.0,2.46,Cintas Corporation,Industrials,Specialty Business Services,79000494080,39.001972,32.091743,3.14,15.394317,6.833586,5.07,1.04,0.17824,0.24098,0.41375,0.109,1623005312.0,52.096,1.454,0.70134,0.0376,0.913,219.17,161.16,218.3125,63.2,Buy,2.20,16,2.0,8.0,9.0,1.0,0.0,1.36,1.35,True,9,2026-12-17,78.0,False,True,2001-03-01,0,0,2026-09-29 Argus Research: main -> Buy,0,,0,,N/A,0,N/A,0,0,,,,not fetched for down-trend tickers,,,,,,,,,,,,,,,,,,,,,,,,,,
CTVA,down,WAIT,77.87,77.87,2026-09-29,False,77.87,16:08,0.0,sip,,,,,0,,,,,77.87,after-hours,,,-,DOWNTREND,-1.67,-0.8,True,False,0,,,,,,,,,77.94,,,,,,,downtrend (below a falling EMA50) - no long setup,,,,,,,True,False,3,True,True,True,False,77.87,81.72,False,9.44,9.26,True,True,False,,76.5,83.34,77.87,81.41,False,20.63,18.63,True,True,False,,76.5,83.34,77.87,79.37,False,60.67,65.23,False,False,False,,76.5,78.89,76.5,78.47,1.97,2.31,85.3,76.16,78.81,76.5,75.35,78.59,T1 - nearest resistance,0.29,True,78.06,77.94,False,down,channel sloping down,81.58,low,2026-08-04,False,20,3,10,7,-7,down,1,mixed,1,76.26,77.85,79.44,-0.56,0.55,51.0,,,,False,1.36,,,74.73,-4.03,2.0,,,,78.59,0.92,1.0,0.29,82.1,5.43,5.0,1.68,"Corteva, Inc.",Basic Materials,Agricultural Inputs,51954556928,47.193943,18.881468,1.01,2.0644767,2.9168289,1.65,0.93,0.056649998,0.3013,0.04256,-0.012,2417250048.0,19.191,1.516,0.92111,0.0353,0.577,90.97,60.535,92.6,57.0,Buy,1.76,20,4.0,11.0,6.0,0.0,0.0,-0.38,-0.39,True,16,2026-11-03,34.0,False,True,2019-06-03,0,0,2026-09-18 Argus Research: reit -> Buy,0,,0,,N/A,0,N/A,0,0,,,,not fetched for down-trend tickers,,,,,,,,,,,,,,,,,,,,,,,,,,
CVLT,down,WAIT,145.97,145.97,2026-09-29,False,145.14,18:40,-0.57,sip,,,,,0,,,,,145.14,after-hours,SUPPORT_BOUNCE,Support bounce,D,UPTREND_WEAK,1.27,1.51,True,False,12,143.03,140.08,151.62,0.96,144.7,,,151.62,147.44,Setup: Rejection - closed back above the test bar / upper half of range | Price: pull back to 144.70 or lower (R:R 1.5+ with the same stop and target) OR close above 151.62 on 1.5x+ volume (becomes a fresh breakout) | Then the turn has to show at that price - daily: a green candle - trade above 147.44 (today's open / mid-range) and hold it into the close | Confirmations: any 2 of: Volume on the bounce >= average; Daily stochastic reset and turning up; Trend context intact,8.2,"T1 - overhead resistance (20-bar high + swing level, 5 touch(es)) inside 1 ATR",151.62,1.0,Rejection - closed back above the test bar / upper half of range; no turn yet on the daily chart; confirmations 1/4 (need 3); R:R 0.96 below 1.5,weak support bounce: Rejection - closed back above the test bar / upper half of range; no turn yet on the daily chart; confirmations 1/4 (need 3); R:R 0.96 below 1.5,,,,,,,False,True,1,False,False,True,False,145.97,138.48,True,77.25,82.85,False,False,False,,141.1,151.62,145.97,141.75,True,50.09,50.65,False,True,False,bullish_harami,141.1,151.62,145.97,145.84,True,56.86,53.32,True,True,False,bullish_engulfing,141.1,149.49,143.96,149.49,5.53,5.89,93.9,143.6,149.85,141.1,140.08,151.62,"T1 - overhead resistance (20-bar high + swing level, 5 touch(es)) inside 1 ATR",0.96,True,146.25,145.95,True,down,channel sloping down,137.53,low,2026-07-31,True,20,8,7,5,1,up,1,down,2,143.15,146.67,150.19,-0.0,0.0,40.0,,,,True,0.5,False,1.35,143.03,-2.01,4.0,138.03,-5.44,2.0,151.11,3.52,4.0,0.87,,,,,"Commvault Systems, Inc.",Technology,Software - Application,6065412096,93.81411,23.602821,3.17,116.5207,4.9886475,1.56,,0.05618,0.089499995,0.32773998,0.114,303740256.0,1762.992,2.043,1.10981,0.0955,0.821,190.1,71.75,160.55293,62.7,Buy,1.84,17,0.0,11.0,8.0,0.0,0.0,1.24,1.23,True,18,2026-10-27,27.0,False,False,,0,0,,0,,0,,N/A,0,N/A,0,0,,,,not fetched for down-trend tickers,,,,,,,True,False,False,False,False,,,,,,,,,,True,,,,,
CVX,up,WATCH,204.39,204.39,2026-09-29,False,204.34,19:39,-0.02,sip,,,,,0,,,,,204.34,after-hours,PULLBACK,Pullback in uptrend,C,UPTREND,0.58,0.39,True,True,56,200.78,199.64,208.05,0.77,203.0,,price,208.05,,Price: pull back to 203.00 or lower (R:R 1.5+ with the same stop and target) OR close above 208.05 on 1.5x+ volume (becomes a fresh breakout) | Then the turn has to show at that price - 1h: 1h MACD bullish or 1h %K above %D,3.3,"T1 - overhead resistance (swing level, 2 touch(es)) inside 1 ATR",208.05,4.0,no turn yet on the 1h chart; R:R 0.77 below 1.5,no turn yet on the 1h chart; R:R 0.77 below 1.5,MA_BOUNCE(watch),,,,,,True,False,0,False,False,False,False,204.39,201.73,True,24.96,26.11,False,False,False,,200.78,215.27,204.39,206.2,False,43.7,45.03,False,False,False,hammer,200.78,215.27,204.39,206.22,False,25.83,29.1,False,False,False,,202.7,208.25,202.7,205.48,2.78,4.58,60.7,200.9,207.28,202.7,199.64,208.05,"T1 - overhead resistance (swing level, 2 touch(es)) inside 1 ATR",0.77,True,206.29,204.38,True,up,WATCH setup overrides the 1h channel (channel rising but weak fit (R2 0.03 < 0.5)),206.11,low,2026-08-07,False,20,9,7,4,2,down,1,up,1,203.09,205.6,208.1,0.05,0.03,26.0,,,,False,0.79,False,1.46,200.78,-1.77,1.0,197.69,-3.28,3.0,208.05,1.79,2.0,0.77,217.78,6.55,1.0,2.82,Chevron Corporation,Energy,Oil & Gas Integrated,400912482304,19.651924,15.061431,0.9,2.1113636,1.9147236,10.4,3.45,0.09834,0.21866,0.12231,0.535,21934000128.0,18.959,1.252,0.71184,0.0106,0.491,217.78,146.49,224.33333,81.2,Buy,1.72,24,6.0,14.0,4.0,1.0,0.0,4.70,4.68,True,19,2026-10-30,30.0,False,True,1957-03-04,0,0,2026-09-28 TD Cowen: main -> Hold,0,,0,,N/A,0,N/A,0,0,,,,,,True,True,True,True,True,,,,,,,,,,,,,,,,,,,,
CXW,down,WAIT,32.7,32.7,2026-09-29,False,32.67,16:00,-0.09,sip,,,,,0,,,,,32.67,after-hours,MA_RECLAIM,MA reclaim (early trend),D,EARLY_UPTREND,0.16,0.15,False,True,1,32.41,31.04,36.55,2.32,,33.24,,,,Setup: Held 2+ closes above EMA50 | Confirmations: any 2 of: EMA9 above EMA20; Volume on the reclaim >= 1.2x average; Daily %K above %D and not overbought; SMA50 reclaimed as well,5.0,T1 - nearest real resistance (120-bar high + 20-bar high + 52-week high),,1.0,Held 2+ closes above EMA50 (has 1); confirmations 1/5 (need 3),weak ma reclaim (early trend): Held 2+ closes above EMA50 (has 1); confirmations 1/5 (need 3),,,,,,,True,True,1,False,False,True,False,32.7,32.41,True,27.11,34.31,False,False,False,bullish_engulfing,30.55,36.55,32.7,33.27,False,31.34,24.32,True,True,False,,30.55,36.55,32.7,32.73,False,71.24,65.8,True,True,False,,30.66,33.28,31.49,32.79,1.3,1.81,71.8,30.98,33.3,30.66,31.04,36.55,T1 - nearest real resistance (120-bar high + 20-bar high + 52-week high),2.32,False,32.44,32.34,True,down,channel sloping down,33.42,low,2026-08-06,False,20,6,6,8,0,mixed,1,down,2,30.38,32.27,34.16,-0.13,0.01,61.0,,,,False,2.32,,,28.5,-12.84,1.0,,,,33.04,1.04,18.0,0.2,,,,,"CoreCivic, Inc.",Industrials,Security & Protection Services,3230850048,25.130768,13.78481,1.06,2.245978,1.3006454,1.3,,0.05149,0.101789996,0.08772001,0.273,24545250.0,95.487,1.319,0.91403,0.18,0.6,36.55,15.74,41.8,81.5,Strong Buy,1.00,5,0.0,4.0,0.0,0.0,0.0,0.43,0.42,True,4,2026-11-04,35.0,False,False,,0,0,2026-09-18 Jones Trading: main -> Buy,0,,0,,N/A,0,N/A,0,0,,,,not fetched for down-trend tickers,,,,,,,,,,,,False,True,True,False,False,False,False,,,,,,,,
DAR,down,WAIT,60.33,60.33,2026-09-29,False,60.32,16:08,-0.02,sip,,,,,0,,,,,60.32,after-hours,,,-,DOWNTREND,-1.26,-0.72,True,False,0,,,,,,,,,,,,,,,,downtrend (below a falling EMA50) - no long setup,,,,,,,True,True,3,True,True,True,False,60.33,63.12,False,10.75,13.75,False,False,False,hammer,59.36,67.07,60.33,63.53,False,12.64,12.15,True,True,False,,59.36,67.07,60.33,61.87,False,34.56,34.87,False,True,False,bullish_engulfing;hammer,59.36,62.08,59.36,60.55,1.19,2.21,53.8,58.34,61.57,59.36,58.26,62.64,T1 - nearest resistance,1.12,True,61.44,60.2,True,down,channel sloping down,64.24,low,2026-08-05,False,20,6,9,5,-3,down,1,mixed,1,58.94,59.98,61.02,-0.84,0.79,66.0,,,,False,0.61,,,58.98,-2.24,5.0,,,,62.64,3.83,4.0,1.12,65.26,8.17,2.0,2.38,Darling Ingredients Inc.,Consumer Defensive,Packaged Foods,9518671872,16.215054,9.610957,4.31,1.8145719,1.4535289,3.72,,0.091309994,0.12892,0.12126,0.164,219643008.0,78.609,1.565,1.08095,0.0432,1.029,69.98,29.15,81.58333,76.4,Strong Buy,1.25,12,1.0,10.0,1.0,0.0,0.0,1.85,1.76,True,7,2026-10-29,29.0,False,False,,0,0,,0,,0,,N/A,0,N/A,0,0,,,,not fetched for down-trend tickers,,,,,,,,,,,,,,,,,,,,,,,,,,
DASH,down,WAIT,187.06,187.06,2026-09-29,False,186.99,18:30,-0.04,sip,,,,,0,,,,,186.99,after-hours,,,-,DOWNTREND,-1.72,-1.42,False,True,0,,,,,,,,,,,,,,,,downtrend (below a falling EMA50) - no long setup,,,,,,,True,True,3,True,True,True,False,187.06,199.99,False,25.62,22.04,True,True,False,bullish_harami,178.04,201.49,187.06,199.39,False,21.7,19.23,True,True,False,,178.04,201.49,187.06,188.44,False,59.09,50.01,True,True,False,bullish_engulfing,178.04,193.67,179.84,188.14,8.3,7.54,110.1,180.6,187.38,178.04,174.27,193.86,T1 - nearest resistance,0.53,True,186.83,184.93,True,down,channel sloping down,206.12,low,2026-07-23,False,20,3,12,5,-9,mixed,1,down,1,176.02,182.52,189.03,-0.95,0.54,85.0,,,,False,0.52,False,2.72,183.12,-2.11,2.0,166.58,-10.95,1.0,193.86,3.64,4.0,0.53,200.24,7.05,2.0,1.03,"DoorDash, Inc.",Consumer Cyclical,Internet Retail,81070047232,93.55,22.973999,0.99,8.170663,5.1016326,2.0,,0.05292,0.03862,0.088870004,0.356,5147500032.0,33.276,1.368,0.958,0.0401,1.788,285.5,143.3,256.2642,30.8,Buy,1.64,43,9.0,26.0,10.0,0.0,0.0,0.82,0.82,True,32,2026-11-04,35.0,False,True,2025-03-24,0,0,2026-09-09 Scotiabank: init -> Sector Outperform,0,,0,,N/A,0,N/A,0,0,,,,not fetched for down-trend tickers,,,,,,,,,,,,,,,,,,,,,,,,,,
DDOG,up,WATCH,268.69,268.69,2026-09-29,False,268.25,19:38,-0.16,sip,,,,,0,,,,,268.25,after-hours,FRESH_BREAKOUT,Fresh breakout,C,UPTREND_WEAK,2.46,2.21,False,False,7,258.39,252.51,271.08,0.15,259.94,,price,271.08,,"Price: pull back to 259.94 or lower (R:R 1.5+ with the same stop and target) OR close above 271.08 on 1.5x+ volume (becomes a fresh breakout) | Confirmations: any 1 of: Daily %K above 50 and not rolling over, or Higher lows in place",3.7,"T1 - overhead resistance (swing level, 8 touch(es)) inside 1 ATR",271.08,2.0,confirmations 2/4 (need 3); R:R 0.15 below 1.5,confirmations 2/4 (need 3); R:R 0.15 below 1.5,,True,True,True,False,False,True,True,0,False,False,False,False,268.69,239.75,True,82.56,87.04,False,False,True,hammer,226.83,280.7,268.69,243.54,True,75.82,77.83,False,False,False,,226.83,280.7,268.69,258.08,True,74.15,66.88,True,True,False,hammer,255.5,274.61,259.26,269.44,10.18,11.76,86.6,257.68,271.02,255.5,252.51,271.08,"T1 - overhead resistance (swing level, 8 touch(es)) inside 1 ATR",0.15,True,268.31,266.08,True,up,channel rising (R2 0.83),239.87,low,2026-09-08,True,20,9,5,6,4,mixed,1,down,1,265.72,274.72,283.72,1.81,0.83,16.0,,,,False,1.5,False,2.64,251.08,-6.55,3.0,237.67,-11.54,1.0,269.79,0.41,6.0,0.07,292.72,8.94,1.0,1.49,"Datadog, Inc.",Technology,Software - Application,96433184768,526.58826,90.3254,1.36,22.074633,24.310528,0.51,,0.044770002,0.00666,0.04696,0.356,1051412352.0,29.259,3.205,0.92793,0.0353,1.488,292.72,98.01,286.25696,87.7,Strong Buy,1.50,46,10.0,31.0,3.0,1.0,1.0,0.64,0.64,True,39,2026-11-05,36.0,False,True,2025-07-09,0,0,,0,,0,,N/A,0,N/A,0,0,,,,,,,,,,,,,,,,,,,,,,,,,,,,,,
DE,up,WATCH,680.76,680.76,2026-09-29,False,680.97,19:37,0.03,sip,,,,,0,,,,,680.97,after-hours,PULLBACK,Pullback in uptrend,C,UPTREND,1.86,1.37,True,True,28,677.44,668.67,721.22,3.35,,689.69,trigger,,685.59,Turn - daily: a green candle - trade above 685.59 (today's open / mid-range) and hold it into the close; 1h: reclaim the session VWAP (681.43) and 1h MACD bullish or 1h %K above %D,2.0,T1 - nearest real resistance (120-bar high + 20-bar high + 52-week high),692.69,4.0,no turn yet on the daily and 1h charts,no turn yet on the daily and 1h charts,MA_BOUNCE(weak),,,,,,False,False,1,False,False,False,True,680.76,652.63,True,38.3,47.89,False,False,False,,665.45,721.22,680.76,673.78,True,13.02,17.98,False,False,False,,665.45,721.22,680.76,688.06,False,26.45,26.63,False,False,False,hammer,677.44,690.96,677.44,689.99,12.55,15.12,83.0,674.87,692.56,677.44,668.67,721.22,T1 - nearest real resistance (120-bar high + 20-bar high + 52-week high),3.35,False,686.63,681.43,False,up,WATCH setup overrides the 1h channel (channel sloping down),665.76,low,2026-08-19,True,20,10,8,2,2,down,1,mixed,1,668.54,684.28,700.02,-0.35,0.27,39.0,,,,False,1.17,False,2.43,663.07,-2.6,2.0,643.99,-5.4,1.0,692.69,1.75,1.0,0.99,705.88,3.69,1.0,2.08,Deere & Company,Industrials,Farm & Heavy Construction Machinery,183480090624,38.31644,29.790346,1.6,6.555182,3.828324,17.76,0.94,0.10168,0.13372,0.18242,0.049,4516250112.0,230.298,2.132,0.84458,0.0208,0.911,721.22,433.0,691.8339,86.0,Buy,1.96,23,5.0,11.0,8.0,0.0,0.0,4.07,4.14,False,17,2026-11-25,56.0,False,True,1957-03-04,2,0,2026-09-03 Evercore ISI Group: up -> Outperform,0,,0,,N/A,0,N/A,0,0,,,,,,True,True,True,True,True,,,,,,,,,,,,,,,,,,,,
DELL,down,WAIT,539.69,539.69,2026-09-29,False,540.79,19:57,0.2,sip,539.6,23:33,-0.02,boats,55,,,,,539.6,overnight,,,-,UPTREND_WEAK,1.62,2.66,False,True,43,,,,,,,,,550.73,,,,,,,"above the EMA50 but not a clean uptrend yet (missing: higher lows) - pullback and MA-bounce setups need higher highs, higher lows and a rising EMA50",,,,,,,False,False,2,True,False,True,False,539.69,489.13,True,47.52,48.78,False,True,False,,530.45,595.51,539.69,526.55,True,16.94,22.29,False,False,False,,530.45,595.51,539.69,550.14,False,18.35,17.55,True,True,False,hammer,535.5,573.8,536.58,551.39,14.81,31.29,47.3,520.1,567.87,535.5,519.86,573.8,T1 - nearest resistance,1.72,False,549.67,543.05,False,down,channel sloping down,496.26,low,2026-07-28,True,20,11,7,2,4,mixed,1,down,1,517.3,539.5,561.69,-0.71,0.33,50.0,,,,True,0.3,False,0.95,530.45,-1.71,1.0,510.12,-5.48,2.0,573.8,6.32,1.0,1.72,595.51,10.34,1.0,2.81,Dell Technologies Inc.,Technology,Computer Hardware,343078207488,31.426327,18.531704,0.64,-241.96861,2.2690806,17.17,0.46,0.07525,0.12020001,,0.577,6033375232.0,,0.962,0.78024,0.0468,1.409,595.51,110.22,579.36,88.5,Buy,1.83,25,6.0,14.0,9.0,0.0,0.0,6.56,4.47,True,24,2026-11-27,58.0,False,True,2024-09-23,0,0,2026-09-29 TD Cowen: main -> Hold,0,,0,,N/A,0,N/A,0,0,,,,not fetched for down-trend tickers,,,,,,,,,,,,,,,,,,,,,,,,,,
DGX,down,WAIT,231.85,231.85,2026-09-29,False,231.97,16:37,0.05,sip,,,,,0,,,,,231.97,after-hours,,,-,RANGE,-0.25,0.16,False,True,0,,,,,,,,,235.46,,,,,,,no trend (below a flat EMA50) - wait for a reclaim or a breakout,,,,,,,False,False,3,True,True,True,False,231.85,233.38,False,36.99,39.34,False,False,False,,227.24,248.84,231.85,237.84,False,32.05,37.53,False,False,False,,227.24,248.84,231.85,236.84,False,10.68,7.57,True,True,False,hammer,230.98,238.24,230.98,237.62,6.64,6.18,107.4,231.44,237.16,230.98,227.89,233.34,T1 - nearest resistance,0.38,True,236.1,232.92,False,down,channel sloping down,235.43,low,2026-07-21,False,20,5,6,9,-1,down,2,up,1,226.33,233.09,239.86,-0.47,0.3,41.0,,,,False,2.82,False,3.41,214.4,-7.53,1.0,210.76,-9.1,1.0,233.34,0.64,10.0,0.38,247.34,6.68,3.0,3.91,Quest Diagnostics Incorporated,Healthcare,Diagnostics & Research,25603307520,24.651436,19.238314,1.55,3.3949974,2.2148192,9.41,1.45,0.09187,0.15248,0.14602,0.102,909625024.0,81.074,1.591,0.98923,0.0327,0.549,248.84,171.18,247.73334,78.1,Buy,2.12,15,2.0,7.0,7.0,0.0,1.0,2.86,2.86,True,13,2026-10-22,22.0,False,True,2002-12-12,0,0,2026-09-21 Truist Securities: main -> Hold,0,,0,,N/A,0,N/A,0,0,,,,not fetched for down-trend tickers,,,,,,,,,,,,,,,,,,,,,,,,,,
DHR,up,WAIT,226.18,226.18,2026-09-29,False,225.72,17:02,-0.2,sip,,,,,0,,,,,225.72,after-hours,,,-,UPTREND_WEAK,3.27,1.78,False,True,12,,,,,,,,,226.19,,,,,,,"above the EMA50 but not a clean uptrend yet (missing: higher lows) - pullback and MA-bounce setups need higher highs, higher lows and a rising EMA50",,,,,,,False,True,3,True,False,True,True,226.18,208.41,True,93.98,92.88,True,True,True,,206.68,228.38,226.18,214.1,True,88.2,91.45,False,False,True,piercing_line,206.68,228.38,226.18,221.67,True,56.04,49.01,True,True,False,,222.1,228.38,223.51,227.65,4.14,5.44,76.1,222.21,228.95,222.1,219.38,236.38,1.5R - no resistance above,1.5,False,224.44,225.1,True,up,channel rising (R2 0.78),201.1,low,2026-07-21,True,20,7,7,6,0,mixed,1,up,1,224.31,227.97,231.63,0.74,0.78,26.0,,,,False,1.21,False,2.88,219.62,-2.9,2.0,210.5,-6.93,3.0,,,,,,,,,Danaher Corporation,Healthcare,Diagnostics & Research,158952177664,40.521507,24.307676,1.36,3.0226185,6.330991,5.58,0.7,0.15948,0.19777,0.07605,0.055,4325125120.0,52.97,1.651,0.84404,0.013300001,0.808,242.8,160.93,230.8261,79.7,Strong Buy,1.50,23,5.0,17.0,4.0,0.0,0.0,1.91,1.92,False,21,2026-10-21,21.0,False,True,1998-11-18,0,0,,0,,2,"TDM Reagent Kit Market Forecasts Growth from $2.87B (2026) to $6.96B by 2032, Profiling Abbott, Roche, Danaher, Siemens Healthineers & Thermo Fisher",N/A,0,N/A,0,0,,,,,,,,,,,,,,,,,,,,,,,,,,,,,,
DIS,up,WAIT,105.47,105.47,2026-09-29,False,105.4,19:25,-0.07,sip,,,,,0,,,,,105.4,after-hours,,,-,UPTREND_WEAK,0.54,0.21,False,True,4,,,,,,,,,105.48,,,,,,,"above the EMA50 but not a clean uptrend yet (missing: higher lows) - pullback and MA-bounce setups need higher highs, higher lows and a rising EMA50",,,,,,,False,True,2,True,False,True,False,105.47,104.32,True,48.35,45.1,True,False,False,,102.37,108.33,105.47,105.33,True,73.53,73.61,False,True,False,bullish_harami;hammer,102.37,108.33,105.47,105.12,True,24.24,23.08,True,True,False,,104.48,106.57,104.85,105.84,0.99,2.12,46.7,103.72,106.97,104.48,103.42,106.31,T1 - nearest resistance,0.41,True,105.3,105.3,True,up,channel rising (R2 0.57),103.11,low,2026-07-23,True,20,10,7,3,3,mixed,1,up,3,104.68,105.74,106.8,0.28,0.57,37.0,,,,False,1.3,False,2.75,102.71,-2.62,5.0,99.63,-5.54,2.0,106.31,0.8,4.0,0.41,109.31,3.64,2.0,1.87,The Walt Disney Company,Communication Services,Entertainment,182010068992,21.778925,14.090175,3.44,1.6573379,1.8410705,4.84,1.42,0.086990006,0.19301,0.0801,0.068,4860375040.0,39.404,0.709,0.78573996,0.0114,1.409,117.09,92.19,126.61406,53.3,Strong Buy,1.48,32,6.0,23.0,3.0,1.0,0.0,1.68,1.68,True,23,2026-11-12,43.0,False,True,1976-06-30,0,0,2026-09-28 Guggenheim: reit -> Buy,0,,0,,N/A,0,N/A,0,0,,,,,,,,,,,,,,,,,,,,,,,,,,,,,,
DK,up,WATCH,68.73,68.73,2026-09-29,False,68.73,16:34,0.0,sip,,,,,0,,,,,68.73,after-hours,PULLBACK,Pullback in uptrend,C,UPTREND,0.13,0.14,True,True,1,65.58,64.52,68.83,0.02,66.24,,price,68.83,,"Price: pull back to 66.24 or lower (R:R 1.5+ with the same stop and target) OR close above 68.83 on 1.5x+ volume (becomes a fresh breakout) | Confirmations: any 1 of: Volume fading into the end of the dip, or Bullish candle",3.6,"T1 - overhead resistance (swing level, 4 touch(es)) inside 1 ATR","68.83, 72.69",2.0,confirmations 2/4 (need 3); R:R 0.02 below 1.5,confirmations 2/4 (need 3); R:R 0.02 below 1.5,,,,,,,True,True,0,False,False,False,False,68.73,68.17,True,14.78,12.38,True,True,False,,65.58,82.27,68.73,71.5,False,19.0,14.76,True,True,False,,65.58,82.27,68.73,70.14,False,91.61,90.88,True,True,True,,65.75,68.98,65.81,68.98,3.17,4.26,74.4,64.72,70.07,65.75,64.52,68.83,"T1 - overhead resistance (swing level, 4 touch(es)) inside 1 ATR",0.02,True,66.53,68.17,True,up,WATCH setup overrides the 1h channel (channel sloping down),70.9,low,2026-08-07,False,20,6,7,7,-1,mixed,2,down,5,61.73,65.31,68.9,-2.22,0.73,98.0,,,,False,1.08,False,2.03,64.15,-6.66,3.0,60.07,-12.6,1.0,68.83,0.15,4.0,0.02,72.69,5.76,2.0,0.94,"Delek US Holdings, Inc.",Energy,Oil & Gas Refining & Marketing,4208487680,18.377007,8.750877,0.38,22.556614,0.34906378,3.74,1.51,0.01862,0.07556,0.78763,0.478,496737504.0,812.326,0.763,1.05561,0.103599995,0.569,82.27,25.85,75.0,76.0,Buy,2.00,12,1.0,6.0,4.0,0.0,1.0,6.73,4.89,True,9,2026-11-06,37.0,False,False,,0,0,2026-09-14 TD Cowen: main -> Buy,0,,0,,N/A,0,N/A,0,0,,,,,,True,False,True,True,False,,,,,,,,,,,,,,,,,,,,
DOCN,down,WAIT,134.99,134.99,2026-09-29,False,135.01,19:32,0.01,sip,135.94,22:14,0.7,boats,1,,,,,135.94,overnight,,,-,UPTREND_WEAK,0.69,1.78,False,True,9,,,,,,,,,138.96,,,,,,,"above the EMA50 but not a clean uptrend yet (missing: higher lows) - pullback and MA-bounce setups need higher highs, higher lows and a rising EMA50",,,,,,,False,False,2,True,False,True,False,134.99,128.43,True,60.56,67.36,False,False,False,,118.01,151.83,134.99,130.24,True,38.08,41.14,False,False,False,,118.01,151.83,134.99,137.84,False,32.64,46.29,False,False,False,,133.0,143.06,134.85,143.06,8.21,9.53,86.1,133.53,144.38,133.0,128.23,137.45,T1 - nearest resistance,0.36,True,141.57,138.84,False,down,channel sloping down,131.22,low,2026-09-03,True,20,9,6,5,3,up,1,down,1,131.55,136.05,140.54,-1.19,0.68,38.0,,,,False,2.33,,,112.81,-16.43,8.0,,,,137.45,1.82,3.0,0.36,148.25,9.82,3.0,1.96,"DigitalOcean Holdings, Inc.",Technology,Software - Infrastructure,15783760896,62.216583,73.31005,1.54,15.231272,15.610284,2.17,,0.23265,0.104449995,0.62273,0.286,-23832624.0,212.506,1.311,0.82566,0.0921,1.57,187.5,33.745,175.2,65.8,Buy,1.53,15,3.0,11.0,3.0,0.0,0.0,0.32,0.28,True,17,2026-11-04,35.0,False,False,,0,0,,0,,0,,N/A,0,N/A,0,0,,,,not fetched for down-trend tickers,,,,,,,,,,,,,,,,,,,,,,,,,,
DT,up,WATCH,57.55,57.55,2026-09-29,False,57.53,16:08,-0.03,sip,,,,,0,,,,,57.53,after-hours,PULLBACK,Pullback in uptrend,C,UPTREND,3.48,2.97,True,True,46,55.64,55.2,59.41,0.79,56.88,,price,,,"Price: pull back to 56.88 or lower (R:R 1.5+ with the same stop and target) | Confirmations: any 1 of: Daily stochastic reset, or Bullish candle | Extension: pull back closer to the EMA50 (now 3.5 ATR above, max 3)",5.4,T1 - nearest real resistance (120-bar high + 20-bar high + 52-week high),,2.0,confirmations 2/4 (need 3); R:R 0.79 below 1.5; extended 3.5 ATR above EMA50,confirmations 2/4 (need 3); R:R 0.79 below 1.5; extended 3.5 ATR above EMA50,,,,,,,True,True,0,False,False,False,False,57.55,51.4,True,83.16,86.76,False,False,True,,54.36,59.41,57.55,54.33,True,56.55,59.16,False,False,False,,54.36,59.41,57.55,57.19,True,66.83,58.0,True,True,False,,55.64,58.69,56.76,58.06,1.3,1.77,73.4,56.29,58.53,55.64,55.2,59.41,T1 - nearest real resistance (120-bar high + 20-bar high + 52-week high),0.79,True,57.09,57.29,True,up,WATCH setup overrides the 1h channel (channel rising but weak fit (R2 0.12 < 0.5)),51.4,low,2026-07-23,True,20,12,5,3,7,up,1,down,1,56.28,58.21,60.13,0.3,0.12,33.0,,,,False,1.54,False,2.41,54.83,-4.73,1.0,53.28,-7.42,1.0,59.41,3.23,1.0,0.79,,,,,"Dynatrace, Inc.",Technology,Software - Application,16626290688,117.40816,25.050508,1.18,6.815543,7.9339576,0.49,,0.072230004,0.12889,0.058790002,0.162,546524224.0,6.499,1.208,1.08075,0.0509,0.741,59.41,31.635,59.70588,93.3,Buy,1.75,34,6.0,20.0,9.0,0.0,1.0,0.49,0.49,True,34,2026-11-04,35.0,False,False,,1,0,2026-09-24 Oppenheimer: main -> Outperform,0,,0,,N/A,0,N/A,0,0,,,,,,True,True,False,True,False,,,,,,,,,,,,,,,,,,,,
DVN,down,WAIT,46.6,46.6,2026-09-29,False,46.63,19:58,0.06,sip,,,,,0,,,,,46.63,after-hours,SUPPORT_BOUNCE,Support bounce,D,RANGE,-0.32,0.15,False,True,0,45.94,45.14,49.77,2.18,,46.99,,,,Turn - 1h: 1h MACD bullish or 1h %K above %D | Confirmations: any 2 of: Volume on the bounce >= average; Daily stochastic reset and turning up; Trend context intact,3.0,"T1 - nearest real resistance (swing level, 5 touch(es))",,1.0,no turn yet on the 1h chart; confirmations 1/4 (need 3),weak support bounce: no turn yet on the 1h chart; confirmations 1/4 (need 3),,,,,,,True,False,3,False,True,True,True,46.6,47.1,False,10.71,20.05,False,False,False,,45.56,50.47,46.6,47.87,False,19.28,16.69,True,True,False,hammer,45.56,50.47,46.6,47.59,False,40.51,41.17,False,False,False,hammer,45.56,48.0,45.56,46.84,1.28,1.6,80.0,45.24,47.16,45.56,45.14,49.77,"T1 - nearest real resistance (swing level, 5 touch(es))",2.18,False,47.26,46.52,True,down,channel sloping down,47.66,low,2026-08-05,False,20,9,9,2,0,down,3,up,2,45.62,47.03,48.45,-0.33,0.16,35.0,,,,True,0.41,False,1.68,45.94,-1.42,5.0,43.91,-5.77,2.0,47.45,1.82,1.0,0.58,49.63,6.5,3.0,2.08,Devon Energy Corporation,Energy,Oil & Gas E&P,51259998208,10.152505,8.649475,2.92,1.2835697,2.7293541,4.59,2.74,0.17464,0.41077,0.11522,0.642,782625024.0,28.488,0.717,0.9476,0.030199999,0.426,52.71,31.47,60.39286,71.2,Strong Buy,1.31,28,3.0,23.0,3.0,0.0,0.0,1.23,1.29,False,19,2026-11-04,35.0,False,True,2000-08-30,0,0,2026-09-28 Wells Fargo: main -> Overweight,0,,0,,N/A,0,N/A,0,0,,,,not fetched for down-trend tickers,,,,,,,True,True,False,False,False,,,,,,,,True,,,,,,,
DXCM,down,WAIT,86.64,86.64,2026-09-29,False,86.27,18:55,-0.43,sip,,,,,0,,,,,86.27,after-hours,,,-,UPTREND_WEAK,0.85,0.58,False,False,12,,,,,,,,,,,,,,,,"above the EMA50 but not a clean uptrend yet (missing: higher highs, higher lows) - pullback and MA-bounce setups need higher highs, higher lows and a rising EMA50",,,,,,,True,True,2,True,False,True,False,86.64,84.79,True,53.74,56.95,False,False,False,hammer,85.24,90.39,86.64,87.09,False,24.28,21.36,True,True,False,,85.24,90.39,86.64,87.17,False,60.95,50.79,True,True,False,,85.24,87.52,85.24,87.03,1.79,2.17,82.5,84.86,87.41,85.24,84.15,87.83,T1 - nearest resistance,0.48,True,86.42,86.22,True,down,channel sloping down,86.02,low,2026-07-24,True,20,4,11,5,-7,down,5,mixed,2,84.68,85.85,87.02,-0.64,0.78,84.0,,,,False,2.05,False,3.45,82.19,-5.14,2.0,79.15,-8.64,1.0,87.83,1.37,3.0,0.48,90.39,4.33,1.0,1.51,"DexCom, Inc.",Healthcare,Medical Devices,32694536192,34.24506,27.733143,1.33,12.473366,6.5794363,2.53,,0.20118,0.24327,0.38491002,0.131,1021162496.0,53.346,1.733,1.06452,0.052800003,1.419,92.59,54.11,94.48,84.5,Strong Buy,1.32,25,3.0,22.0,3.0,0.0,0.0,0.67,0.67,True,21,2026-10-29,29.0,False,True,2020-05-12,0,0,2026-09-18 Truist Securities: main -> Buy,0,,0,,N/A,0,N/A,0,0,,,,not fetched for down-trend tickers,,,,,,,,,,,,,,,,,,,,,,,,,,
ECL,up,WAIT,277.95,277.95,2026-09-29,False,277.87,16:08,-0.03,sip,,,,,0,,,,,277.87,after-hours,FRESH_BREAKOUT,Fresh breakout,D,EARLY_UPTREND,0.23,0.1,False,False,3,277.5,274.02,284.82,1.75,,278.34,,,279.2,"Setup: Volume >= 1.5x average | Turn - daily: a green candle - trade above 279.20 (today's open / mid-range) and hold it into the close; 1h: reclaim the session VWAP (278.24) | Note: 279.20 is above the buy-up-to price 278.34 (R:R there would be 1.08), so it cannot qualify at that level today - it needs a fresh setup on a later day | Confirmations: any 1 of: Close in the top 40% of the bar's range, or Higher lows in place",6.0,"T1 - nearest real resistance (swing level, 2 touch(es))",,2.0,Volume >= 1.5x average (best of live/last 3 bars: 1.0x); no turn yet on the daily and 1h charts; confirmations 2/4 (need 3),weak fresh breakout: Volume >= 1.5x average (best of live/last 3 bars: 1.0x); no turn yet on the daily and 1h charts; confirmations 2/4 (need 3),SUPPORT_BOUNCE(weak); MA_RECLAIM(weak),False,False,True,True,False,False,False,2,False,False,True,True,277.95,276.82,True,86.89,79.51,True,True,True,,267.83,281.27,277.95,277.06,True,80.11,84.36,False,False,True,bullish_harami,267.83,281.27,277.95,276.94,True,21.08,19.57,True,True,False,bullish_engulfing,275.44,281.27,276.72,280.82,4.1,4.91,83.5,275.91,281.63,275.44,274.02,284.82,"T1 - nearest real resistance (swing level, 2 touch(es))",1.75,False,279.79,278.24,False,up,channel rising (R2 0.71),279.04,low,2026-07-23,False,20,6,8,6,-2,down,1,up,1,277.28,280.61,283.94,0.46,0.71,10.0,,,,True,0.09,False,0.99,277.5,-0.16,4.0,273.09,-1.75,3.0,281.2,1.17,1.0,0.83,285.68,2.78,1.0,1.97,Ecolab Inc.,Basic Materials,Specialty Chemicals,77894909952,37.24799,29.509373,2.53,7.746585,4.624902,7.46,1.04,0.12566,0.18521999,0.21956,0.097,1474824960.0,138.023,1.841,0.94217,0.0214,0.89,309.27,243.15,324.9524,52.6,Buy,1.54,21,5.0,15.0,4.0,0.0,0.0,2.17,2.18,False,18,2026-10-27,27.0,False,True,1989-01-31,0,0,,0,,1,"Global Sanitizer Aerosol Spray Market Forecast, 2026–2032 - Routine Hygiene, Sustainable Packaging and AI Innovation Drive 8.54% CAGR Toward USD 4.12 Billion, with 3M, Ecolab, Reckitt and Clorox Profiled",N/A,0,N/A,0,0,,,,,,,,,,,,,,,,,,,,,,,,,,,,,,
EL,down,WAIT,94.37,94.37,2026-09-29,False,94.47,19:56,0.11,sip,,,,,0,,,,,94.47,after-hours,,,-,UPTREND_WEAK,0.15,0.41,False,False,29,,,,,,,,,95.36,,,,,,,"above the EMA50 but not a clean uptrend yet (missing: higher highs, higher lows) - pullback and MA-bounce setups need higher highs, higher lows and a rising EMA50",,,,,,,False,False,2,True,False,True,False,94.37,93.93,True,28.33,27.06,True,True,False,,91.64,100.92,94.37,96.29,False,34.99,32.96,True,True,False,,91.64,100.92,94.37,95.75,False,58.47,62.08,False,False,False,bullish_harami;hammer,91.64,96.66,94.05,96.66,2.61,2.99,87.3,93.67,97.04,91.64,90.15,95.92,T1 - nearest resistance,0.37,True,94.52,94.95,False,down,channel sloping down,94.93,low,2026-07-23,False,20,6,10,4,-4,up,1,down,3,91.31,94.63,97.96,-0.5,0.25,46.0,,,,True,0.46,False,1.86,93.0,-1.45,1.0,88.8,-5.9,2.0,95.92,1.64,1.0,0.37,98.72,4.61,3.0,1.03,The Estée Lauder Companies Inc.,Consumer Defensive,Household & Personal Products,34142586880,192.59184,24.099247,2.12,8.970532,2.2687612,0.49,1.46,0.01209,0.07003,0.04745,0.063,1812125056.0,242.932,1.222,0.9569,0.0322,1.274,121.64,66.22,107.48286,50.8,Buy,2.27,28,6.0,9.0,14.0,1.0,0.0,0.51,0.47,True,21,2026-11-02,33.0,False,True,2006-01-05,0,0,,0,,0,,N/A,0,N/A,0,0,,,,not fetched for down-trend tickers,,,,,,,,,,,,,,,,,,,,,,,,,,
ELF,up,WATCH,101.72,101.72,2026-09-29,False,101.7,18:12,-0.02,sip,,,,,0,,,,,101.7,after-hours,PULLBACK,Pullback in uptrend,C,UPTREND,1.84,1.62,True,True,76,91.4,90.37,102.85,0.1,95.36,,price,102.85,102.37,Price: pull back to 95.36 or lower (R:R 1.5+ with the same stop and target) OR close above 102.85 on 1.5x+ volume (becomes a fresh breakout) | Then the turn has to show at that price - daily: a green candle - trade above 102.37 (today's open / mid-range) and hold it into the close,4.5,"T1 - overhead resistance (swing level, 2 touch(es)) inside 1 ATR",102.85,3.0,no turn yet on the daily chart; R:R 0.10 below 1.5,no turn yet on the daily chart; R:R 0.10 below 1.5,SUPPORT_BOUNCE(weak); MA_BOUNCE(weak),,,,,,False,True,0,False,False,False,False,101.72,94.14,True,71.07,59.57,True,True,False,,91.4,104.01,101.72,99.05,True,75.81,76.08,False,False,False,piercing_line,91.4,104.01,101.72,100.18,True,65.45,63.3,True,True,False,bullish_harami,97.0,104.01,100.59,104.01,3.42,4.13,82.8,99.88,104.72,97.0,90.37,102.85,"T1 - overhead resistance (swing level, 2 touch(es)) inside 1 ATR",0.1,True,101.76,101.53,True,up,WATCH setup overrides the 1h channel (channel rising but weak fit (R2 0.27 < 0.5)),95.0,low,2026-07-24,True,20,10,7,3,3,up,1,mixed,1,99.09,101.83,104.57,0.41,0.27,48.0,,,,False,0.5,False,1.74,99.65,-2.03,2.0,94.54,-7.06,1.0,102.85,1.11,2.0,0.1,109.45,7.6,3.0,0.68,"e.l.f. Beauty, Inc.",Consumer Defensive,Household & Personal Products,6001113088,103.775505,26.390974,1.37,5.127817,3.4056482,0.98,,0.03383,0.14315,0.060399998,0.355,281395360.0,79.503,2.546,0.98758006,0.0842,1.595,147.75,48.82,102.125,53.5,Buy,1.72,16,1.0,11.0,6.0,0.0,0.0,0.58,0.58,True,19,2026-11-04,35.0,False,False,,0,0,2026-09-17 Bernstein: main -> Outperform,0,,0,,N/A,0,N/A,0,0,,,,,,True,True,False,True,,,,,,,,,,,,,,,,,True,,,,
ELV,down,WAIT,392.59,392.59,2026-09-29,False,392.73,16:26,0.04,sip,,,,,0,,,,,392.73,after-hours,SUPPORT_BOUNCE,Support bounce,D,CORRECTION,-0.74,-0.21,True,True,0,390.15,384.79,393.39,0.1,388.23,,,393.39,392.72,Setup: Rejection - closed back above the test bar / upper half of range | Price: pull back to 388.23 or lower (R:R 1.5+ with the same stop and target) OR close above 393.39 on 1.5x+ volume (becomes a fresh breakout) | Then the turn has to show at that price - daily: a green candle - trade above 392.72 (today's open / mid-range) and hold it into the close | Confirmations: any 2 of: Volume on the bounce >= average; Daily stochastic reset and turning up; Trend context intact,8.4,"T1 - overhead resistance (swing level, 20 touch(es)) inside 1 ATR",393.39,1.0,Rejection - closed back above the test bar / upper half of range; no turn yet on the daily chart; confirmations 1/4 (need 3); R:R 0.10 below 1.5,weak support bounce: Rejection - closed back above the test bar / upper half of range; no turn yet on the daily chart; confirmations 1/4 (need 3); R:R 0.10 below 1.5,,,,,,,False,True,1,False,False,True,False,392.59,399.77,False,9.78,13.7,False,False,False,,390.0,422.36,392.59,402.88,False,13.54,9.66,True,True,False,,390.0,422.36,392.59,399.15,False,28.54,31.54,False,False,False,hammer,390.0,405.13,390.0,395.43,5.43,9.76,55.6,385.67,399.76,390.0,384.79,393.39,"T1 - overhead resistance (swing level, 20 touch(es)) inside 1 ATR",0.1,True,397.96,392.39,True,down,channel sloping down,399.58,low,2026-07-28,False,20,7,9,4,-2,down,2,up,1,386.79,391.36,395.93,-0.58,0.8,64.0,,,,True,0.25,False,2.27,390.15,-0.62,6.0,370.47,-5.63,1.0,404.93,3.14,2.0,1.58,410.29,4.51,1.0,2.27,"Elevance Health, Inc.",Healthcare,Healthcare Plans,85171077120,17.454668,13.295053,1.29,1.8973749,0.4234965,22.5,1.74,0.02468,0.04559,0.11133,0.014,4306375168.0,68.953,1.518,0.94149,0.0275,0.696,436.24,274.84,451.38095,73.0,Buy,1.82,21,2.0,12.0,8.0,0.0,0.0,4.66,4.66,True,19,2026-10-21,21.0,False,True,2002-07-25,0,0,,0,,0,,N/A,0,N/A,0,0,,,,not fetched for down-trend tickers,,,,,,True,True,False,False,False,False,,,,,,,,,,,,,,,
EMR,up,WAIT,157.28,157.28,2026-09-29,False,157.24,16:08,-0.03,sip,,,,,0,,,,,157.24,after-hours,,,-,UPTREND_WEAK,1.47,0.79,False,True,7,,,,,,,,,160.07,,,,,,,"above the EMA50 but not a clean uptrend yet (missing: higher lows) - pullback and MA-bounce setups need higher highs, higher lows and a rising EMA50",,,,,,,False,False,3,True,False,True,True,157.28,151.82,True,88.37,91.36,False,False,True,,144.4,160.29,157.28,153.37,True,80.23,86.43,False,False,True,,144.4,160.29,157.28,155.73,True,27.2,26.63,True,False,False,,156.24,160.29,156.24,160.29,4.05,3.71,109.2,156.58,159.95,156.24,154.38,159.82,T1 - nearest resistance,0.88,True,157.43,157.31,False,up,channel rising (R2 0.75),153.62,low,2026-07-21,True,20,10,7,3,3,mixed,2,up,1,157.04,159.55,162.06,0.68,0.75,5.0,,,,False,0.83,False,1.4,154.21,-1.95,3.0,152.09,-3.3,1.0,159.82,1.61,1.0,0.88,165.61,5.3,2.0,2.87,Emerson Electric Co.,Industrials,Specialty Industrial Machinery,88070119424,34.407,21.654375,1.84,4.303818,4.725806,4.57,1.39,0.13828,0.26924,0.128,0.07,3706249984.0,67.677,0.896,0.84082,0.0150999995,1.233,166.35,122.64,173.49963,79.2,Buy,1.90,28,4.0,16.0,8.0,1.0,1.0,1.84,1.85,False,21,2026-11-04,35.0,False,True,1965-03-31,0,0,2026-09-25 Wells Fargo: init -> Overweight,0,,0,,N/A,0,N/A,0,0,,,,,,,,,,,,,,,,,,,,,,,,,,,,,,
ENTG,up,WAIT,154.85,154.85,2026-09-29,False,154.77,16:08,-0.05,sip,,,,,0,,,,,154.77,after-hours,FRESH_BREAKOUT,Fresh breakout,D,UPTREND,1.92,1.43,True,True,8,152.33,149.09,155.84,0.17,151.79,,,155.84,154.97,Setup: Volume >= 1.5x average | Price: pull back to 151.79 or lower (R:R 1.5+ with the same stop and target) OR close above 155.84 on 1.5x+ volume (becomes a fresh breakout) | Then the turn has to show at that price - 1h: reclaim the session VWAP (154.97),6.5,"T1 - overhead resistance (swing level, 4 touch(es)) inside 1 ATR",155.84,3.0,Volume >= 1.5x average (best of live/last 3 bars: 1.5x); no turn yet on the 1h chart; R:R 0.17 below 1.5,weak fresh breakout: Volume >= 1.5x average (best of live/last 3 bars: 1.5x); no turn yet on the 1h chart; R:R 0.17 below 1.5,,False,False,True,True,True,True,False,1,False,False,True,False,154.85,142.38,True,92.33,91.01,True,True,True,,127.52,156.62,154.85,143.14,True,87.14,86.36,True,True,True,,127.52,156.62,154.85,148.51,True,85.34,84.77,True,True,True,hammer,145.32,156.62,152.6,156.62,4.02,6.49,61.9,150.13,159.09,145.32,149.09,155.84,"T1 - overhead resistance (swing level, 4 touch(es)) inside 1 ATR",0.17,True,150.53,154.97,False,up,channel rising (R2 0.62),139.37,low,2026-07-29,True,20,11,9,0,2,up,1,down,1,149.49,154.29,159.08,0.99,0.62,56.0,,,,True,0.29,False,1.19,152.99,-1.2,1.0,147.12,-4.99,1.0,166.2,7.33,1.0,1.97,,,,,"Entegris, Inc.",Technology,Semiconductor Equipment & Materials,23571472384,75.13107,30.857357,1.31,5.686311,7.08682,2.06,0.27,0.091850005,0.19271,0.07671,0.115,477787488.0,85.655,3.049,1.10764,0.0671,1.364,186.94,67.97,173.36365,73.0,None,N/A,11,1.0,8.0,2.0,1.0,0.0,1.02,1.02,True,11,2026-11-04,35.0,False,False,,0,0,,0,,0,,N/A,0,N/A,0,0,,,,,,,,,,,,,,,,,,,,,,,,,,,,,,
EOG,down,WAIT,139.38,139.38,2026-09-29,False,139.66,16:08,0.2,sip,,,,,0,,,,,139.66,after-hours,,,-,DOWNTREND,-1.02,-0.36,False,True,0,,,,,,,,,139.52,,,,,,,downtrend (below a falling EMA50) - no long setup,,,,,,,True,False,3,True,True,True,False,139.38,143.27,False,14.02,18.88,False,False,False,,137.4,150.96,139.38,143.89,False,31.41,33.76,False,False,False,hammer,137.4,150.96,139.38,141.74,False,41.13,44.72,False,False,False,hammer,137.4,142.38,137.4,140.26,2.86,3.82,74.9,136.44,141.22,137.4,135.49,139.48,T1 - nearest resistance,0.03,True,140.41,139.52,False,down,channel sloping down,145.24,low,2026-08-07,False,20,8,8,4,0,down,1,up,1,138.46,140.53,142.59,-0.13,0.12,22.0,,,,False,1.48,,,133.74,-4.05,3.0,,,,139.48,0.07,4.0,0.03,143.48,2.94,5.0,1.05,"EOG Resources, Inc.",Energy,Oil & Gas E&P,74386907136,10.945141,9.359724,1.32,2.3032522,2.783837,12.76,2.9,0.25733,0.40717998,0.22507,0.587,4478750208.0,25.891,1.851,0.98139,0.033,0.272,154.16,101.59,162.0,71.9,Buy,2.34,28,1.0,10.0,21.0,0.0,0.0,4.07,3.99,True,24,2026-11-05,36.0,False,True,2000-11-02,0,0,2026-09-17 Raymond James: main -> Strong Buy,0,,0,,N/A,0,N/A,0,0,,,,not fetched for down-trend tickers,,,,,,,,,,,,,,,,,,,,,,,,,,
ESI,up,WAIT,35.97,35.97,2026-09-29,False,35.97,16:08,0.0,sip,,,,,0,,,,,35.97,after-hours,,,-,DOWNTREND,-0.1,-0.46,False,False,0,,,,,,,,,,,,,,,,downtrend (below a falling EMA50) - no long setup,,,,,,,True,True,3,True,True,True,False,35.97,36.12,False,84.36,75.29,True,True,True,,31.75,36.06,35.97,34.98,True,84.76,80.26,True,True,True,bullish_engulfing,31.75,36.06,35.97,34.94,True,82.91,69.64,True,True,True,,34.78,36.06,34.9,36.06,1.16,1.42,81.7,34.64,36.32,34.78,34.07,36.98,T1 - nearest resistance,0.53,True,35.65,35.57,True,up,channel rising (R2 0.5),34.13,low,2026-09-15,True,20,12,6,2,6,up,1,mixed,1,34.81,35.89,36.98,0.75,0.5,54.0,,,,False,1.4,False,3.2,33.98,-5.53,4.0,31.43,-12.62,1.0,36.98,2.81,4.0,0.53,39.35,9.4,3.0,1.78,Element Solutions Inc,Basic Materials,Specialty Chemicals,8765387776,48.60811,17.057983,,3.1164443,2.782486,0.74,0.91,0.05669,0.118310004,0.06539,0.564,50812500.0,74.976,2.907,1.05971,0.0388,1.261,49.25,22.86,46.72727,49.7,Strong Buy,1.27,11,1.0,9.0,1.0,0.0,0.0,0.47,0.47,True,10,2026-10-27,27.0,False,False,,0,0,2026-09-18 UBS: main -> Buy,0,,0,,N/A,0,N/A,0,0,,,,,,,,,,,,,,,,,,,,,,,,,,,,,,
ESTC,up,BUY,88.82,88.82,2026-09-29,False,88.9,17:51,0.09,sip,,,,,0,,,,,88.9,after-hours,PULLBACK,Pullback in uptrend,B,UPTREND,2.08,2.23,True,True,47,82.15,81.27,102.42,1.8,,89.73,,,,,0.0,T1 - nearest real resistance (20-bar high),,3.0,,,MA_BOUNCE(watch),,,,,,True,True,0,False,False,False,False,88.82,81.41,True,58.51,60.02,False,False,False,,83.65,92.64,88.82,86.71,True,43.39,43.71,False,True,False,morning_star,83.65,92.64,88.82,88.71,True,85.02,77.61,True,True,True,,84.62,91.21,86.72,89.09,2.37,3.56,66.6,85.53,90.28,84.62,81.27,102.42,T1 - nearest real resistance (20-bar high),1.8,False,88.39,88.33,True,up,BUY setup overrides the 1h channel (channel sloping down),84.43,low,2026-07-23,True,20,9,8,3,1,up,1,down,1,86.61,88.63,90.66,-0.2,0.11,55.0,,,,True,0.12,False,1.87,88.38,-0.5,3.0,82.15,-7.51,1.0,92.64,4.3,1.0,0.51,108.0,21.59,1.0,2.54,Elastic N.V.,Technology,Software - Application,9323226112,25.155807,22.452251,1.37,7.1978602,5.173373,3.53,,0.20844,-0.00606,0.33122003,0.151,504316864.0,45.94,1.81,0.89198995,0.045900002,1.037,108.0,42.05,110.69231,70.9,Buy,1.93,26,4.0,14.0,12.0,0.0,0.0,0.81,0.80,True,28,2026-11-19,50.0,False,False,,0,0,2026-09-23 Cantor Fitzgerald: reit -> Neutral,0,,0,,N/A,0,N/A,0,0,,,,,,True,True,False,True,True,,,,,,,,,,,,,,,,,,,,
ET,filtered,WAIT,19.91,19.91,2026-09-29,False,19.9,19:51,-0.05,sip,,,,,0,,,,,19.9,after-hours,,,-,DOWNTREND,-2.3,-0.55,False,True,0,,,,,,,,,19.94,,,,,,,downtrend (below a falling EMA50) - no long setup,,,,,,,False,False,4,True,True,True,True,19.91,20.71,False,8.03,6.14,True,True,False,hammer,19.77,21.42,19.91,20.83,False,9.59,11.38,False,False,False,hammer,19.77,21.42,19.91,20.37,False,11.97,13.0,False,True,False,bullish_engulfing;morning_star,19.77,20.39,19.77,20.01,0.24,0.35,68.6,19.66,20.12,19.77,19.59,20.13,T1 - nearest resistance,0.69,True,20.11,19.91,False,down,channel sloping down,19.91,low,2026-09-29,False,20,4,12,4,-8,down,1,mixed,1,19.63,19.82,20.02,-0.84,0.93,71.0,,,,True,0.14,False,1.17,19.86,-0.25,1.0,19.5,-2.06,1.0,20.13,1.1,2.0,0.69,20.34,2.16,1.0,1.34,Energy Transfer LP,Energy,Oil & Gas Midstream,68556095488,13.731034,11.415302,0.61,2.1440878,0.6384497,1.45,6.77,0.04921,0.1041,0.14562,0.784,3159124992.0,138.33,1.164,0.32521,0.0101,0.566,21.84,16.18,24.7,65.9,Strong Buy,1.48,23,5.0,15.0,3.0,0.0,0.0,0.40,0.41,False,11,2026-11-04,35.0,False,False,,0,0,2026-09-04 JP Morgan: main -> Overweight,0,,0,,75,6,-14.3,26,0,,,,ticker filtered out,,,,,,,,,,,,,,,,,,,,,,,,,,
ETSY,down,WAIT,69.26,69.26,2026-09-29,False,69.5,17:06,0.35,sip,,,,,0,,,,,69.5,after-hours,,,-,DOWNTREND,-2.33,-1.75,False,False,0,,,,,,,,,69.45,,,,,,,downtrend (below a falling EMA50) - no long setup,,,,,,,False,False,3,True,True,True,False,69.26,75.9,False,22.05,17.22,True,True,False,,66.21,75.98,69.26,74.32,False,29.14,26.71,True,True,False,bullish_engulfing,66.21,75.98,69.26,70.65,False,90.17,84.38,True,True,True,,66.21,71.3,68.68,69.96,1.28,2.85,44.9,67.11,71.53,66.21,64.78,69.99,T1 - nearest resistance,0.16,True,69.24,69.45,False,down,channel sloping down,69.11,low,2026-09-28,True,20,7,9,4,-2,up,1,down,1,65.69,68.22,70.75,-1.18,0.62,71.0,,,,,,,,,,,,,,69.99,1.05,1.0,0.16,77.36,11.7,6.0,1.81,"Etsy, Inc.",Consumer Cyclical,Internet Retail,6358639104,21.786163,10.052103,0.73,-4.587168,2.1615114,3.18,,0.07114,0.18744,,0.062,169665376.0,,1.476,1.26324,0.1314,1.813,87.974,44.0,88.33333,57.4,Buy,2.43,27,3.0,8.0,18.0,1.0,0.0,0.76,0.75,True,24,2026-11-04,35.0,False,False,,2,0,2026-09-18 BTIG: up -> Buy,0,,0,,N/A,0,N/A,0,0,,,,not fetched for down-trend tickers,,,,,,,,,,,,,,,,,,,,,,,,,,
EW,down,WAIT,88.1,88.1,2026-09-29,False,88.08,16:08,-0.02,sip,,,,,0,,,,,88.08,after-hours,,,-,DOWNTREND,-0.04,-0.35,False,False,0,,,,,,,,,,,,,,,,downtrend (below a falling EMA50) - no long setup,,,,,,,True,True,3,True,True,True,False,88.1,88.19,False,55.52,44.62,True,True,False,,84.84,89.7,88.1,87.96,True,49.45,42.84,True,True,False,,84.84,89.7,88.1,87.18,True,96.21,87.39,True,True,True,,85.56,88.19,85.7,88.19,2.49,2.16,115.3,86.03,87.86,85.56,84.48,88.89,T1 - nearest resistance,0.22,True,86.49,87.17,True,down,channel sloping down,88.32,low,2026-07-27,False,20,5,9,6,-4,up,2,down,3,84.71,86.32,87.93,-0.35,0.37,105.0,,,,False,1.47,False,1.99,84.93,-3.6,1.0,83.81,-4.87,1.0,88.89,0.9,7.0,0.22,91.02,3.31,1.0,0.81,Edwards Lifesciences Corporation,Healthcare,Medical Devices,50716463104,52.428574,26.08124,1.85,4.783057,7.787796,1.68,,0.15431,0.29839,0.09175,0.136,1232412544.0,6.568,4.522,0.95728993,0.0179,0.852,96.29,72.3,100.96154,65.9,Buy,1.62,26,4.0,18.0,7.0,0.0,0.0,0.74,0.74,True,23,2026-10-29,29.0,False,True,2011-04-01,0,0,2026-09-11 BTIG: reit -> Buy,0,,0,,N/A,0,N/A,0,0,,,,not fetched for down-trend tickers,,,,,,,,,,,,,,,,,,,,,,,,,,
EXEL,down,WAIT,58.64,58.64,2026-09-29,False,57.59,16:28,-1.79,sip,,,,,0,,,,,57.59,after-hours,,,-,UPTREND_WEAK,1.65,0.83,True,False,29,,,,,,,,,,,,,,,,"above the EMA50 but not a clean uptrend yet (missing: higher highs) - pullback and MA-bounce setups need higher highs, higher lows and a rising EMA50",,,,,,,True,True,2,True,False,True,False,58.64,55.93,True,82.22,73.38,True,True,True,,56.26,59.15,58.64,57.03,True,74.22,70.89,True,True,False,,56.26,59.15,58.64,57.92,True,89.46,79.64,True,True,True,,57.51,59.12,57.53,59.12,1.6,1.64,97.6,57.48,59.17,57.51,56.69,59.43,T1 - nearest resistance,0.41,True,58.18,58.5,True,down,channel rising but weak fit (R2 0.22 < 0.5),56.2,low,2026-08-13,True,20,10,5,5,5,up,1,mixed,1,57.12,58.34,59.56,0.27,0.22,62.0,,,,False,1.16,False,2.84,56.74,-3.24,5.0,53.99,-7.93,5.0,59.43,1.35,2.0,0.41,,,,,"Exelixis, Inc.",Healthcare,Biotechnology,14532397056,18.328125,13.783784,2.56,7.9171166,5.9658766,3.2,,0.35331002,0.39513,0.44393003,0.106,739715136.0,8.999,3.456,1.06886,0.1456,0.422,59.72,33.76,53.6875,95.8,Buy,2.37,16,1.0,6.0,11.0,0.0,1.0,0.91,0.91,True,10,2026-10-27,27.0,False,False,,0,0,,0,,0,,N/A,0,N/A,0,0,,,,not fetched for down-trend tickers,,,,,,,,,,,,,,,,,,,,,,,,,,
EXLS,up,WATCH,34.58,34.58,2026-09-29,False,34.59,17:29,0.03,sip,,,,,0,,,,,34.59,after-hours,SUPPORT_BOUNCE,Support bounce,C,UPTREND_WEAK,0.18,0.23,False,False,46,34.19,33.78,36.09,1.88,,34.7,trigger,,,"Confirmations: any 1 of: Daily stochastic reset and turning up, or Trend context intact",1.0,"T1 - nearest real resistance (swing level, 2 touch(es))","34.75, 35.4",2.0,confirmations 2/4 (need 3),confirmations 2/4 (need 3),,,,,,,True,True,0,False,False,False,False,34.58,34.43,True,17.54,20.48,False,False,False,,34.05,36.09,34.58,35.31,False,18.47,18.75,False,True,False,bullish_engulfing,34.05,36.09,34.58,34.86,False,49.79,34.75,True,True,False,,34.05,35.18,34.05,34.84,0.79,0.83,95.2,34.01,34.88,34.05,33.78,36.09,"T1 - nearest real resistance (swing level, 2 touch(es))",1.88,False,35.23,34.4,True,up,WATCH setup overrides the 1h channel (channel sloping down),35.08,low,2026-07-23,False,20,3,11,6,-8,mixed,1,down,2,34.01,34.39,34.78,-0.42,0.7,75.0,,,,True,0.47,False,1.51,34.19,-1.13,2.0,33.33,-3.61,1.0,34.75,0.49,1.0,0.21,35.4,2.37,1.0,1.03,"ExlService Holdings, Inc.",Technology,Information Technology Services,5283233792,21.886076,13.315263,0.9,6.057103,2.361418,1.58,,0.11174,0.14609,0.25944,0.156,262332752.0,56.585,1.244,1.04146,0.075100005,0.81,44.15,24.85,44.625,50.4,None,N/A,8,3.0,6.0,0.0,0.0,0.0,0.56,0.56,True,8,2026-10-27,27.0,False,False,,0,0,,0,,0,,N/A,0,N/A,0,0,,,,,,,,,,True,True,True,True,False,False,,,,,,,,,,,,,,,
EXPE,down,WAIT,266.4,266.4,2026-09-29,False,266.0,16:27,-0.15,sip,,,,,0,,,,,266.0,after-hours,,,-,DOWNTREND,-1.66,-1.75,False,True,0,,,,,,,,,,,,,,,,downtrend (below a falling EMA50) - no long setup,,,,,,,True,True,3,True,True,True,False,266.4,286.33,False,22.8,16.98,True,True,False,hammer,255.07,292.39,266.4,283.77,False,27.09,24.94,True,True,False,bullish_engulfing,255.07,292.39,266.4,267.44,False,82.03,67.31,True,True,True,,255.07,269.26,255.07,267.01,11.94,11.99,99.6,255.02,267.06,255.07,249.07,273.85,T1 - nearest resistance,0.43,True,263.7,262.18,True,down,channel sloping down,292.9,low,2026-07-23,False,20,4,9,7,-5,mixed,1,down,1,247.57,258.64,269.71,-0.89,0.41,85.0,,,,False,0.82,,,256.54,-3.7,5.0,,,,273.85,2.8,2.0,0.43,294.69,10.62,1.0,1.63,"Expedia Group, Inc.",Consumer Cyclical,Travel Services,31964749824,16.739786,10.885736,0.69,26.434738,2.0359714,15.91,0.73,0.12968001,0.1898,0.89489,0.14,3434374912.0,230.271,0.801,1.08673,0.0675,1.25,342.0,185.34,338.83334,51.7,Buy,2.18,36,0.0,17.0,21.0,1.0,0.0,8.84,8.68,True,26,2026-11-05,36.0,False,True,2007-10-02,0,0,2026-09-01 Rosenblatt: init -> Neutral,0,,0,,N/A,0,N/A,0,0,,,,not fetched for down-trend tickers,,,,,,,,,,,,,,,,,,,,,,,,,,
FCX,down,WAIT,70.79,70.79,2026-09-29,False,70.94,19:50,0.21,sip,71.0,20:01,0.3,boats,3,,,,,71.0,overnight,,,-,UPTREND_WEAK,0.19,0.51,True,False,9,,,,,,,,,71.94,,,,,,,"above the EMA50 but not a clean uptrend yet (missing: higher highs) - pullback and MA-bounce setups need higher highs, higher lows and a rising EMA50",,,,,,,False,False,2,True,False,True,False,70.79,70.28,True,45.85,45.31,True,True,False,,67.8,74.9,70.79,71.79,False,29.12,37.53,False,False,False,,67.8,74.9,70.79,71.73,False,41.75,37.98,True,True,False,,69.46,72.87,70.28,72.27,1.99,2.65,75.1,69.62,72.93,69.46,68.14,71.07,T1 - nearest resistance,0.11,True,72.13,70.86,False,down,channel sloping down,71.38,low,2026-07-29,False,20,8,7,5,1,mixed,1,down,1,69.69,71.3,72.91,-0.35,0.28,34.0,,,,False,1.43,False,2.0,67.01,-5.34,1.0,65.5,-7.47,2.0,71.07,0.4,3.0,0.11,74.9,5.81,1.0,1.55,Freeport-McMoRan Inc.,Basic Materials,Copper,101655683072,35.395,17.028494,4.5,5.055345,3.9297853,2.0,0.83,0.113850005,0.33404,0.14755,-0.073,2159249920.0,32.149,2.066,0.89401,0.024,1.401,80.24,37.2,72.77273,78.0,Buy,1.78,22,6.0,12.0,4.0,1.0,0.0,0.74,0.72,True,11,2026-10-22,22.0,False,True,2011-07-01,0,0,2026-09-16 RBC Capital: main -> Sector Perform,0,,0,,N/A,0,N/A,0,0,,,,not fetched for down-trend tickers,,,,,,,,,,,,,,,,,,,,,,,,,,
FIGS,up,WATCH,14.06,14.06,2026-09-29,False,14.07,18:31,0.07,sip,,,,,0,,,,,14.07,after-hours,FRESH_BREAKOUT,Fresh breakout,C,EARLY_UPTREND,1.3,-0.05,False,False,3,13.61,13.27,14.53,0.59,13.78,,price,14.53,,Price: pull back to 13.78 or lower (R:R 1.5+ with the same stop and target) OR close above 14.53 on 1.5x+ volume (becomes a fresh breakout),2.4,"T1 - overhead resistance (swing level, 4 touch(es)) inside 1 ATR",14.53,3.0,R:R 0.59 below 1.5,R:R 0.59 below 1.5,MA_RECLAIM(watch),True,True,True,True,False,True,True,0,False,False,False,False,14.06,13.19,True,76.21,52.46,True,True,False,,11.81,14.26,14.06,13.42,True,87.18,89.75,False,False,True,,11.81,14.26,14.06,13.27,True,76.88,71.29,True,True,False,,12.85,14.26,13.6,14.26,0.66,0.68,97.1,13.58,14.28,12.85,13.27,14.53,"T1 - overhead resistance (swing level, 4 touch(es)) inside 1 ATR",0.59,True,13.06,13.9,True,up,WATCH setup overrides the 1h channel (channel rising but weak fit (R2 0.31 < 0.5)),13.12,low,2026-07-23,True,20,6,9,5,-3,up,3,down,2,12.59,13.6,14.6,1.23,0.31,73.0,,,,False,0.66,False,1.94,13.61,-3.2,3.0,12.74,-9.39,2.0,14.32,1.85,2.0,0.33,14.87,5.76,1.0,1.03,"FIGS, Inc.",Consumer Cyclical,Apparel Manufacturing,2335931904,41.352943,36.88933,,5.267891,3.2896833,0.34,,0.0872,0.17934,0.14762,0.288,78624496.0,13.036,4.956,0.99942,0.18129998,1.072,17.48,6.67,18.625,68.4,Buy,2.00,8,1.0,4.0,4.0,0.0,0.0,0.07,0.07,True,6,2026-11-05,36.0,False,False,,0,0,,0,,0,,N/A,0,N/A,0,0,,,,,,,,,,,,,,,,,,,,,,,,,,,,,,
FIVE,down,WAIT,222.05,222.05,2026-09-29,False,222.03,16:00,-0.01,sip,,,,,0,,,,,222.03,after-hours,,,-,DOWNTREND,-0.94,-0.62,False,False,0,,,,,,,,,226.74,,,,,,,downtrend (below a falling EMA50) - no long setup,,,,,,,False,False,3,True,True,True,False,222.05,230.95,False,19.9,19.03,True,True,False,,216.67,242.4,222.05,235.01,False,28.23,34.03,False,False,False,,216.67,242.4,222.05,228.2,False,20.71,20.41,True,True,False,,217.23,230.49,220.63,227.24,6.61,9.49,69.7,217.75,230.12,217.23,212.48,223.0,T1 - nearest resistance,0.1,True,222.07,222.44,False,down,channel sloping down,236.65,low,2026-07-23,False,20,3,5,12,-2,mixed,1,up,1,212.4,220.32,228.24,-1.08,0.6,61.0,,,,False,0.57,False,1.14,216.67,-2.42,1.0,211.26,-4.86,1.0,223.0,0.43,1.0,0.1,241.57,8.79,9.0,2.04,"Five Below, Inc.",Consumer Cyclical,Specialty Retail,12223647744,20.444752,20.069601,0.98,4.936743,2.3003297,10.86,,0.11652,0.08859,0.28250998,0.229,367360512.0,82.332,2.222,1.03062,0.044899996,0.989,263.88,137.77,310.4762,66.8,Buy,1.72,21,2.0,15.0,8.0,0.0,0.0,1.14,0.85,True,22,2026-12-02,63.0,False,False,,0,0,2026-09-29 Evercore ISI Group: main -> In-Line,0,,0,,N/A,0,N/A,0,0,,,,not fetched for down-trend tickers,,,,,,,,,,,,,,,,,,,,,,,,,,
FIVN,down,WAIT,34.0,34.0,2026-09-29,False,34.65,17:38,1.91,sip,,,,,0,,,,,34.65,after-hours,,,-,UPTREND_WEAK,1.1,2.9,False,True,47,,,,,,,,,34.52,,,,,,,"above the EMA50 but not a clean uptrend yet (missing: higher lows) - pullback and MA-bounce setups need higher highs, higher lows and a rising EMA50",,,,,,,False,True,2,True,False,True,False,34.0,31.66,True,47.64,56.97,False,False,False,,32.14,40.0,34.0,33.82,True,22.29,28.69,False,False,False,bullish_harami,32.14,40.0,34.0,35.31,False,16.56,9.22,True,True,False,hammer,33.44,37.47,33.44,34.76,1.32,2.13,62.0,32.63,35.57,33.44,32.38,34.38,T1 - nearest resistance,0.23,True,36.91,33.97,True,down,channel sloping down,31.5,low,2026-07-23,True,20,9,9,2,0,down,4,up,3,32.23,34.77,37.31,-1.31,0.35,35.0,,,,False,1.46,False,3.39,30.89,-9.15,6.0,26.78,-21.24,3.0,34.38,1.12,6.0,0.23,40.0,17.65,1.0,3.7,"Five9, Inc.",Technology,Software - Infrastructure,2541347072,50.76119,8.859816,0.26,3.2381222,2.110969,0.67,,0.049390003,0.033210002,0.079169996,0.103,260481504.0,107.449,4.149,1.10488,0.118,1.487,40.0,13.29,35.8,77.5,Buy,1.71,20,3.0,12.0,6.0,0.0,0.0,0.80,0.80,True,21,2026-11-09,40.0,False,False,,0,0,2026-09-21 Cantor Fitzgerald: main -> Overweight,0,,0,,N/A,0,N/A,0,0,,,,not fetched for down-trend tickers,,,,,,,,,,,,,,,,,,,,,,,,,,
FLEX,down,WAIT,113.83,113.83,2026-09-29,False,113.83,16:37,0.0,sip,,,,,0,,,,,113.83,after-hours,,,-,CORRECTION,-0.35,-0.47,True,True,0,,,,,,,,,115.45,,,,,,,under EMA50 by 0.3 ATR with a higher low intact - wait for a support bounce or an EMA50 reclaim,,,,,,,False,True,2,True,False,True,False,113.83,115.73,False,53.39,55.69,False,False,False,,105.85,120.76,113.83,112.82,True,42.47,42.85,False,True,False,,105.85,120.76,113.83,112.78,True,56.06,48.38,True,True,False,,110.28,117.95,111.53,115.71,4.18,5.48,76.3,110.23,117.01,110.28,107.54,114.27,T1 - nearest resistance,0.07,True,112.6,113.2,True,down,channel rising but weak fit (R2 0.11 < 0.5),113.56,low,2026-07-29,True,20,9,7,4,2,up,1,down,1,110.76,114.0,117.24,0.24,0.11,47.0,,,,False,1.73,False,2.61,104.34,-8.34,3.0,99.5,-12.59,1.0,114.27,0.39,7.0,0.07,120.76,6.09,1.0,1.1,Flex Ltd.,Technology,Electronic Components,42049142784,44.120155,16.007345,0.94,7.644728,1.4367425,2.58,,0.03325,0.0497,0.18378,0.206,625750016.0,107.818,1.38,0.96692,0.0273,1.654,166.86,53.07,160.5,53.4,Strong Buy,1.27,10,3.0,8.0,0.0,0.0,0.0,1.06,1.06,True,10,2026-10-28,28.0,False,True,2026-06-22,0,0,2026-09-28 Freedom Capital Markets: main -> Buy,0,,0,,N/A,0,N/A,0,0,,,,not fetched for down-trend tickers,,,,,,,,,,,,,,,,,,,,,,,,,,
FLS,down,WAIT,73.85,73.85,2026-09-29,False,73.81,16:29,-0.05,sip,,,,,0,,,,,73.81,after-hours,,,-,DOWNTREND,-0.76,-0.22,False,True,0,,,,,,,,,74.32,,,,,,,downtrend (below a falling EMA50) - no long setup,,,,,,,False,True,3,True,True,True,False,73.85,75.7,False,58.44,65.38,False,False,False,,71.43,77.77,73.85,75.41,False,18.48,19.49,False,False,False,,71.43,77.77,73.85,74.68,False,34.3,30.32,True,True,False,,72.98,76.28,73.46,74.67,1.21,2.44,49.6,72.23,75.9,72.98,71.76,76.08,T1 - nearest resistance,1.07,True,75.9,73.83,True,down,channel sloping down,76.01,low,2026-07-21,False,20,8,6,6,2,mixed,3,down,1,72.2,74.29,76.38,-0.38,0.23,39.0,,,,True,0.36,False,1.01,72.98,-1.18,1.0,71.39,-3.33,1.0,76.08,3.02,2.0,1.07,78.66,6.51,3.0,2.3,Flowserve Corporation,Industrials,Specialty Industrial Machinery,9433436160,25.71777,15.873357,1.58,4.156904,2.0356703,2.87,1.19,0.08012,0.13919,0.16936001,-0.016,428336256.0,99.608,2.153,1.1600701,0.062800005,1.262,92.41,48.71,89.1,57.5,Buy,1.82,10,1.0,6.0,4.0,0.0,0.0,0.99,0.99,True,11,2026-10-27,27.0,False,False,,0,0,,0,,0,,N/A,0,N/A,0,0,,,,not fetched for down-trend tickers,,,,,,,,,,,,,,,,,,,,,,,,,,
FLYW,down,WAIT,17.33,17.33,2026-09-29,False,17.33,16:00,0.0,sip,,,,,0,,,,,17.33,after-hours,,,-,DOWNTREND,-0.58,-0.51,False,False,0,,,,,,,,,,,,,,,,downtrend (below a falling EMA50) - no long setup,,,,,,,True,True,3,True,True,True,False,17.33,17.62,False,38.67,31.33,True,True,False,,16.67,18.06,17.33,17.69,False,64.39,60.45,True,True,False,bullish_engulfing,16.67,18.06,17.33,17.3,True,59.36,54.36,True,True,False,,16.91,17.58,17.16,17.45,0.3,0.49,61.2,16.96,17.65,16.91,16.66,18.41,T1 - nearest resistance,1.61,False,17.26,17.31,True,down,channel rising but weak fit (R2 0.09 < 0.5),17.77,low,2026-07-24,False,20,5,11,4,-6,mixed,2,up,1,16.9,17.29,17.68,0.18,0.09,55.0,,,,True,0.29,False,3.49,17.19,-0.81,8.0,15.62,-9.87,2.0,18.41,6.23,2.0,1.61,18.91,9.12,3.0,2.36,Flywire Corporation,Technology,Software - Infrastructure,2108500736,64.18518,12.864004,,2.580789,2.9549944,0.27,,0.0477,-0.01354,0.04231,0.272,167960368.0,0.18,1.524,1.05305,0.1001,1.307,19.73,10.55,21.15385,73.9,Buy,2.07,13,3.0,5.0,6.0,0.0,0.0,0.49,0.49,True,7,2026-11-03,34.0,False,False,,0,0,2026-08-31 RBC Capital: main -> Outperform,0,,0,,N/A,0,N/A,0,0,,,,not fetched for down-trend tickers,,,,,,,,,,,,,,,,,,,,,,,,,,
FORM,up,WAIT,136.2,136.2,2026-09-29,False,136.25,16:00,0.04,sip,,,,,0,,,,,136.25,after-hours,FRESH_BREAKOUT,Fresh breakout,D,UPTREND_WEAK,2.88,2.89,True,False,8,131.48,128.09,138.7,0.31,132.34,,,138.7,,Setup: Volume >= 1.5x average | Price: pull back to 132.34 or lower (R:R 1.5+ with the same stop and target) OR close above 138.70 on 1.5x+ volume (becomes a fresh breakout),5.6,"T1 - overhead resistance (swing level, 4 touch(es)) inside 1 ATR",138.7,3.0,Volume >= 1.5x average (best of live/last 3 bars: 1.3x); R:R 0.31 below 1.5,weak fresh breakout: Volume >= 1.5x average (best of live/last 3 bars: 1.3x); R:R 0.31 below 1.5,,False,True,False,True,True,True,True,1,False,False,True,False,136.2,116.73,True,94.06,93.31,True,True,True,,103.25,136.69,136.2,117.97,True,93.67,90.48,True,True,True,,103.25,136.69,136.2,127.08,True,95.25,93.0,True,True,True,,124.1,136.69,132.51,136.69,4.18,6.77,61.7,129.92,139.28,124.1,128.09,138.7,"T1 - overhead resistance (swing level, 4 touch(es)) inside 1 ATR",0.31,True,129.63,135.19,True,up,channel rising (R2 0.8),113.04,low,2026-07-29,True,20,11,6,3,5,up,1,down,1,130.7,134.9,139.11,1.56,0.8,65.0,,,,False,2.06,False,3.02,122.24,-10.25,3.0,115.74,-15.02,3.0,139.73,2.59,1.0,0.44,,,,,"FormFactor, Inc.",Technology,Semiconductor Equipment & Materials,10621337600,90.23179,38.434414,1.39,9.577535,11.772382,1.51,,0.12798001,0.24122,0.10989001,0.319,114850000.0,2.691,4.078,0.94577,0.0584,1.241,160.27,36.05,138.625,80.6,Buy,2.00,8,0.0,5.0,5.0,0.0,0.0,0.86,0.62,True,7,2026-10-28,28.0,False,False,,0,0,,0,,0,,N/A,0,N/A,0,0,,,,,,,,,,,,,,,,,,,,,,,,,,,,,,
FRSH,up,WATCH,12.59,12.59,2026-09-29,False,12.58,16:29,-0.08,sip,,,,,0,,,,,12.58,after-hours,SUPPORT_BOUNCE,Support bounce,C,UPTREND_WEAK,1.0,0.98,False,True,47,12.17,11.91,13.04,0.67,12.36,,price,13.04,,"Price: pull back to 12.36 or lower (R:R 1.5+ with the same stop and target) OR close above 13.04 on 1.5x+ volume (becomes a fresh breakout) | Confirmations: any 1 of: Daily stochastic reset and turning up, or Trend context intact",3.5,"T1 - overhead resistance (swing level, 5 touch(es)) inside 1 ATR",13.04,2.0,confirmations 2/4 (need 3); R:R 0.67 below 1.5,confirmations 2/4 (need 3); R:R 0.67 below 1.5,,,,,,,True,True,0,False,False,False,False,12.59,12.13,True,63.71,66.15,False,False,False,,11.96,13.05,12.59,12.53,True,48.08,45.97,True,True,False,bullish_engulfing,11.96,13.05,12.59,12.56,True,80.97,67.44,True,True,True,,11.96,12.8,12.3,12.6,0.31,0.46,67.4,12.14,12.76,11.96,11.91,13.04,"T1 - overhead resistance (swing level, 5 touch(es)) inside 1 ATR",0.67,True,12.4,12.49,True,up,WATCH setup overrides the 1h channel (channel rising but weak fit (R2 0.05 < 0.5)),12.01,low,2026-07-23,True,20,7,10,3,-3,up,1,down,2,12.23,12.64,13.05,0.19,0.05,44.0,,,,True,0.04,False,0.91,12.57,-0.16,1.0,12.17,-3.34,2.0,13.04,3.57,5.0,0.66,13.99,11.12,1.0,2.06,Freshworks Inc.,Technology,Software - Application,3282383360,19.968254,15.166311,0.51,3.6902318,3.6314852,0.63,,0.20489,0.05531,0.19695,0.16,260802752.0,3.861,1.693,0.91328,0.096499994,0.894,13.99,6.79,14.78571,80.6,None,N/A,14,2.0,7.0,8.0,0.0,0.0,0.18,0.18,True,17,2026-11-03,34.0,False,False,,0,0,2026-09-14 Keybanc: init -> Overweight,0,,0,,N/A,0,N/A,0,0,,,,,,,,,,True,True,True,True,False,False,,,,,,,,,,,,,,,
FTI,down,WAIT,68.85,68.85,2026-09-29,False,68.85,16:37,0.0,sip,,,,,0,,,,,68.85,after-hours,,,-,DOWNTREND,-2.05,-0.89,False,True,0,,,,,,,,,69.19,,,,,,,downtrend (below a falling EMA50) - no long setup,,,,,,,False,True,3,True,True,True,False,68.85,73.48,False,8.4,10.33,False,False,False,,68.29,75.31,68.85,73.31,False,16.89,25.43,False,False,False,,68.29,75.31,68.85,70.94,False,14.74,14.01,True,True,False,bullish_harami,68.29,72.05,68.29,69.34,1.04,2.26,46.0,67.08,70.55,68.29,67.16,70.53,T1 - nearest resistance,0.99,True,71.14,68.81,True,down,channel sloping down,74.07,low,2026-07-30,False,20,4,12,4,-8,down,1,up,1,68.47,69.88,71.3,-0.38,0.37,13.0,,,,False,0.55,,,67.61,-1.8,2.0,,,,70.53,2.44,3.0,0.99,72.3,5.01,1.0,2.04,TechnipFMC plc,Energy,Oil & Gas Equipment & Services,27000516608,24.67742,19.13946,2.18,8.266298,2.5911956,2.79,0.28,0.11282,0.1769,0.35814,0.09,1463362560.0,37.898,1.08,1.01173,0.0326,0.744,80.7,35.29,76.04762,73.9,None,N/A,21,5.0,9.0,6.0,0.0,1.0,0.88,0.87,True,12,2026-10-29,29.0,False,False,,0,0,2026-09-15 Citigroup: main -> Buy,0,,0,,N/A,0,N/A,0,0,,,,not fetched for down-trend tickers,,,,,,,,,,,,,,,,,,,,,,,,,,
GDDY,filtered,WAIT,94.02,94.02,2026-09-29,False,94.3,18:48,0.3,sip,,,,,0,,,,,94.3,after-hours,,,-,RANGE,-0.34,0.11,False,True,0,,,,,,,,,,,,,,,,no trend (below a flat EMA50) - wait for a reclaim or a breakout,,,,,,,True,True,4,True,True,True,True,94.02,95.87,False,17.65,28.47,False,False,False,bullish_harami;hammer,91.84,110.35,94.02,97.64,False,6.79,10.1,False,False,False,,91.84,110.35,94.02,96.8,False,29.73,17.81,True,True,False,,91.84,100.37,91.84,94.62,2.78,5.4,51.5,89.22,97.24,91.84,89.14,96.32,T1 - nearest resistance,0.47,True,100.54,93.19,True,down,channel sloping down,95.55,low,2026-07-31,False,20,8,9,3,-1,down,2,mixed,1,88.61,93.46,98.3,-1.36,0.53,56.0,,,,False,1.2,False,1.94,87.52,-6.91,3.0,83.52,-11.17,1.0,96.32,2.45,9.0,0.47,105.63,12.35,3.0,2.38,GoDaddy Inc.,Technology,Software - Infrastructure,11912482816,13.934814,8.529585,0.51,1774.7169,2.3339047,6.75,,0.17834999,0.27056998,4.42861,0.066,1204950016.0,57334.33,0.632,1.05996,0.084,0.94,139.44,71.59,106.75,33.1,Buy,2.39,16,3.0,5.0,9.0,1.0,0.0,1.89,1.90,False,12,2026-10-29,29.0,False,True,2024-06-24,0,0,2026-09-25 Baird: main -> Outperform,0,,0,,N/A,0,N/A,0,0,,,,ticker filtered out,,,,,,,,,,,,,,,,,,,,,,,,,,
GEV,filtered,WAIT,962.72,962.72,2026-09-29,False,966.45,19:56,0.39,sip,964.98,23:19,0.23,boats,27,,,,,964.98,overnight,,,-,DOWNTREND,-0.08,-0.23,False,False,0,,,,,,,,,963.93,,,,,,,downtrend (below a falling EMA50) - no long setup,,,,,,,False,False,4,True,True,True,True,962.72,965.55,False,79.28,76.22,True,True,False,,890.99,973.41,962.72,948.88,True,70.76,70.64,True,True,False,bullish_engulfing,890.99,973.41,962.72,950.46,True,58.03,53.62,True,True,False,,943.39,973.41,954.45,973.41,18.96,34.44,55.1,938.97,988.89,943.39,926.17,975.84,T1 - nearest resistance,0.36,True,953.18,962.79,False,down,channel rising but weak fit (R2 0.2 < 0.5),930.36,low,2026-09-14,True,20,13,4,3,9,up,3,mixed,2,946.22,957.7,969.18,0.15,0.2,72.0,,,,False,1.2,False,1.89,921.53,-4.28,1.0,897.68,-6.76,1.0,975.84,1.36,5.0,0.36,1046.93,8.75,1.0,2.3,GE Vernova Inc.,Industrials,Specialty Industrial Machinery,256343408640,27.250566,38.306885,1.86,21.43869,6.1968093,35.32,0.21,0.23035,0.07466,0.82577,0.219,15722125312.0,28.364,0.85,0.81643,0.032899998,0.967,1195.94,530.16,1237.7266,65.0,Buy,1.54,32,5.0,24.0,7.0,0.0,0.0,4.17,4.23,False,14,2026-10-28,28.0,False,True,2024-04-02,0,0,2026-09-15 Bernstein: reit -> Outperform,0,,0,,N/A,0,N/A,0,0,,,,ticker filtered out,,,,,,,,,,,,,,,,,,,,,,,,,,
GLW,down,WAIT,158.72,158.72,2026-09-29,False,160.45,19:59,1.09,sip,158.89,23:33,0.11,boats,192,,,,,158.89,overnight,MA_RECLAIM,MA reclaim (early trend),D,EARLY_UPTREND,0.11,-0.37,True,True,1,157.81,151.78,165.91,1.04,157.43,,,165.91,,Setup: Held 2+ closes above EMA50 | Price: pull back to 157.43 or lower (R:R 1.5+ with the same stop and target) OR close above 165.91 on 1.5x+ volume (becomes a fresh breakout),5.2,"T1 - overhead resistance (swing level, 13 touch(es)) inside 1 ATR",165.91,4.0,Held 2+ closes above EMA50 (has 1); R:R 1.04 below 1.5,weak ma reclaim (early trend): Held 2+ closes above EMA50 (has 1); R:R 1.04 below 1.5,,,,,,,True,True,1,False,False,True,False,158.72,157.81,True,47.74,44.75,True,True,False,,142.35,161.39,158.72,154.63,True,58.0,48.6,True,True,False,,142.35,161.39,158.72,155.09,True,76.97,74.18,True,True,False,,149.26,161.39,155.62,161.39,5.77,8.04,71.8,153.35,163.66,149.26,151.78,165.91,"T1 - overhead resistance (swing level, 13 touch(es)) inside 1 ATR",1.04,True,159.09,158.69,True,down,channel sloping down,148.36,low,2026-07-28,True,20,9,8,3,1,up,1,down,1,149.43,154.44,159.46,-0.32,0.14,93.0,,,,False,1.23,False,2.19,148.83,-6.23,2.0,141.08,-11.11,3.0,160.17,0.91,4.0,0.21,170.56,7.46,3.0,1.71,Corning Incorporated,Technology,Electronic Components,136433123328,69.916306,36.366096,0.91,11.448461,8.042509,2.27,0.74,0.111999996,0.15649,0.16813,0.166,734499968.0,71.448,1.813,0.74914,0.0231,1.151,271.78,77.39,189.9375,41.8,Strong Buy,1.47,16,0.0,13.0,4.0,0.0,0.0,0.88,0.87,True,11,2026-10-27,27.0,False,True,1995-02-27,0,0,2026-09-15 Mizuho: main -> Outperform,0,,0,,N/A,0,N/A,0,0,,,,not fetched for down-trend tickers,,,,,,,,,,,,False,True,True,True,False,True,True,,,,,,,,
GNRC,down,WAIT,212.32,212.32,2026-09-29,False,212.5,19:42,0.08,sip,,,,,0,,,,,212.5,after-hours,MA_RECLAIM,MA reclaim (early trend),D,EARLY_UPTREND,0.58,-0.07,False,True,1,205.54,196.8,229.7,1.12,209.96,,,,,Setup: Held 2+ closes above EMA50 | Price: pull back to 209.96 or lower (R:R 1.5+ with the same stop and target),5.2,"T1 - nearest real resistance (swing level, 7 touch(es))",,4.0,Held 2+ closes above EMA50 (has 1); R:R 1.12 below 1.5,weak ma reclaim (early trend): Held 2+ closes above EMA50 (has 1); R:R 1.12 below 1.5,FRESH_BREAKOUT(weak); SUPPORT_BOUNCE(weak),,,,,,True,True,2,False,False,True,True,212.32,205.54,True,60.26,53.7,True,True,False,,173.25,231.89,212.32,199.3,True,79.05,63.62,True,True,False,,173.25,231.89,212.32,203.74,True,90.54,85.95,True,True,True,,200.71,212.41,205.25,212.41,7.16,11.66,61.4,200.75,216.91,200.71,196.8,229.7,"T1 - nearest real resistance (swing level, 7 touch(es))",1.12,True,205.62,209.79,True,down,channel rising but weak fit (R2 0.08 < 0.5),207.01,low,2026-09-16,True,20,6,9,5,-3,up,1,mixed,1,199.29,206.68,214.07,0.27,0.08,88.0,,,,False,0.97,False,3.14,201.01,-5.33,9.0,175.72,-17.24,2.0,225.67,6.29,2.0,0.86,231.89,9.22,1.0,1.26,Generac Holdings Inc.,Industrials,Specialty Industrial Machinery,12534548480,48.78621,17.057032,0.58,4.351535,2.823903,4.35,,0.05817,0.17932,0.09491,0.106,289056512.0,49.003,2.045,0.91696,0.0424,1.913,296.44,134.8,289.25,48.0,Buy,1.76,16,2.0,12.0,7.0,0.0,0.0,2.43,2.45,False,17,2026-10-28,28.0,False,True,2021-03-22,0,0,2026-09-18 JP Morgan: main -> Overweight,0,,0,,N/A,0,N/A,0,0,,,,not fetched for down-trend tickers,,,,,,,,,,,,False,True,True,True,False,True,True,,,,,,,,
GOOG,down,WAIT,337.35,337.35,2026-09-29,False,338.0,19:59,0.19,sip,337.66,23:42,0.09,boats,389,,,,,337.66,overnight,SUPPORT_BOUNCE,Support bounce,D,CORRECTION,-0.68,-0.29,True,True,0,335.39,330.76,339.76,0.37,334.36,,,339.76,338.55,Price: pull back to 334.36 or lower (R:R 1.5+ with the same stop and target) OR close above 339.76 on 1.5x+ volume (becomes a fresh breakout) | Then the turn has to show at that price - daily: a green candle - trade above 338.55 (today's open / mid-range) and hold it into the close | Confirmations: any 2 of: Volume on the bounce >= average; Daily stochastic reset and turning up; Trend context intact,5.4,"T1 - overhead resistance (swing level, 18 touch(es)) inside 1 ATR",339.76,1.0,no turn yet on the daily chart; confirmations 1/4 (need 3); R:R 0.37 below 1.5,weak support bounce: no turn yet on the daily chart; confirmations 1/4 (need 3); R:R 0.37 below 1.5,,,,,,,False,True,1,False,False,True,False,337.35,342.93,False,39.6,39.24,True,False,False,,332.81,359.98,337.35,340.54,False,17.16,20.38,False,False,False,bullish_harami,332.81,359.98,337.35,339.67,False,38.61,28.52,True,True,False,,335.02,342.38,335.02,339.63,4.61,8.23,56.0,331.4,343.25,335.02,330.76,339.76,"T1 - overhead resistance (swing level, 18 touch(es)) inside 1 ATR",0.37,True,335.8,336.68,True,down,channel sloping down,341.69,low,2026-07-23,False,20,9,8,3,1,down,2,up,1,325.0,333.75,342.5,-0.68,0.53,71.0,,,,True,0.24,False,2.73,335.39,-0.58,8.0,314.89,-6.66,1.0,347.58,3.03,6.0,1.55,359.98,6.71,1.0,3.43,Alphabet Inc.,Communication Services,Internet Content & Information,4125401808896,17.01059,22.381256,1.21,6.627633,9.25256,19.83,0.26,0.54771,0.34033,0.48676,0.242,22665000960.0,18.859,2.724,0.62129,,1.225,404.47,236.685,422.336,60.0,Strong Buy,1.38,15,13.0,42.0,5.0,0.0,0.0,3.03,3.01,True,17,2026-10-28,28.0,False,True,2014-04-03,0,0,,0,,0,,14,49,75.0,370,0,,,,not fetched for down-trend tickers,,,,,,True,True,True,False,False,False,,,,,,,,,,,,,,,
GOOGL,down,WAIT,340.94,340.94,2026-09-29,False,341.2,19:59,0.08,sip,341.24,23:47,0.09,boats,1180,,,,,341.24,overnight,SUPPORT_BOUNCE,Support bounce,D,CORRECTION,-0.57,-0.26,True,True,0,339.28,334.15,342.26,0.19,337.39,,,342.26,341.95,Price: pull back to 337.39 or lower (R:R 1.5+ with the same stop and target) OR close above 342.26 on 1.5x+ volume (becomes a fresh breakout) | Then the turn has to show at that price - daily: a green candle - trade above 341.95 (today's open / mid-range) and hold it into the close | Confirmations: any 2 of: Volume on the bounce >= average; Daily stochastic reset and turning up; Trend context intact,5.4,"T1 - overhead resistance (swing level, 18 touch(es)) inside 1 ATR",342.26,1.0,no turn yet on the daily chart; confirmations 1/4 (need 3); R:R 0.19 below 1.5,weak support bounce: no turn yet on the daily chart; confirmations 1/4 (need 3); R:R 0.19 below 1.5,,,,,,,False,True,1,False,False,True,False,340.94,345.74,False,40.58,39.97,True,False,False,hammer,336.02,364.17,340.94,343.78,False,17.5,20.04,False,False,False,bullish_harami,336.02,364.17,340.94,343.1,False,43.09,32.5,True,True,False,,338.02,345.56,338.02,342.84,4.82,8.49,56.8,334.35,346.51,338.02,334.15,342.26,"T1 - overhead resistance (swing level, 18 touch(es)) inside 1 ATR",0.19,True,339.12,339.9,True,down,channel sloping down,344.06,low,2026-07-23,False,20,7,8,5,-1,down,2,up,1,327.66,336.73,345.79,-0.73,0.55,73.0,,,,True,0.2,False,1.55,339.28,-0.49,7.0,327.75,-3.87,1.0,350.54,2.82,6.0,1.41,364.17,6.81,1.0,3.42,Alphabet Inc.,Communication Services,Internet Content & Information,4169429680128,17.209492,22.62012,1.22,6.6983657,9.351307,19.81,0.26,0.54771,0.34033,0.48676,0.242,22665000960.0,18.859,2.724,0.80992997,0.0149,1.225,408.61,235.84,429.36295,60.8,Strong Buy,1.38,54,13.0,43.0,5.0,0.0,0.0,3.02,3.01,True,43,2026-10-28,28.0,False,True,2006-04-03,0,0,2026-09-28 Piper Sandler: reit -> Overweight,0,,0,,10,55,400.0,965,0,,,,not fetched for down-trend tickers,,,,,,,True,True,False,False,False,,,,,,,,,,,True,,,,
GPN,filtered,WAIT,83.33,83.33,2026-09-29,False,83.33,16:37,0.0,sip,,,,,0,,,,,83.33,after-hours,,,-,DOWNTREND,-1.1,-0.27,False,False,0,,,,,,,,,84.57,,,,,,,downtrend (below a falling EMA50) - no long setup,,,,,,,False,False,4,True,True,True,True,83.33,85.82,False,21.29,22.6,False,False,False,,82.81,90.09,83.33,87.04,False,20.39,37.27,False,False,False,bullish_harami,82.81,90.09,83.33,85.01,False,14.96,9.73,True,True,False,,82.81,86.77,82.81,84.57,1.76,2.27,77.5,82.3,85.08,82.81,81.67,83.84,T1 - nearest resistance,0.31,True,85.07,83.4,False,down,channel sloping down,87.9,low,2026-07-23,False,20,5,10,5,-5,down,2,up,1,82.6,84.29,85.99,-0.17,0.1,22.0,,,,False,2.68,False,3.81,77.25,-7.3,1.0,74.69,-10.37,1.0,83.84,0.61,6.0,0.31,86.47,3.77,2.0,1.89,Global Payments Inc.,Industrials,Specialty Business Services,22050650112,40.256042,5.204765,0.21,0.95843303,2.1603997,2.07,1.18,-0.091529995,0.16108,0.02428,0.686,7867763200.0,98.273,0.825,1.12944,0.0739,0.785,95.88,61.16,105.0,63.9,Buy,2.36,30,2.0,12.0,20.0,1.0,1.0,3.58,3.59,False,30,2026-11-03,34.0,False,True,2016-04-25,0,0,2026-09-25 Loop Capital: init -> Buy,0,,0,,N/A,0,N/A,0,0,,,,ticker filtered out,,,,,,,,,,,,,,,,,,,,,,,,,,
GTES,up,WATCH,26.64,26.64,2026-09-29,False,26.6,17:04,-0.15,sip,,,,,0,,,,,26.6,after-hours,MA_RECLAIM,MA reclaim (early trend),C,EARLY_UPTREND,0.39,0.2,True,True,3,26.32,25.71,26.98,0.37,26.22,,price,26.98,26.79,"Price: pull back to 26.22 or lower (R:R 1.5+ with the same stop and target) OR close above 26.98 on 1.5x+ volume (becomes a fresh breakout) | Then the turn has to show at that price - daily: a green candle - trade above 26.79 (today's open / mid-range) and hold it into the close; 1h: reclaim the session VWAP (26.69) | Confirmations: any 1 of: Volume on the reclaim >= 1.2x average, or Daily %K above %D and not overbought, or SMA50 reclaimed as well",5.5,T1 - overhead resistance (20-bar high) inside 1 ATR,26.98,2.0,no turn yet on the daily and 1h charts; confirmations 2/5 (need 3); R:R 0.37 below 1.5,no turn yet on the daily and 1h charts; confirmations 2/5 (need 3); R:R 0.37 below 1.5,SUPPORT_BOUNCE(weak),,,,,,False,False,0,False,False,False,False,26.64,26.32,True,87.12,86.05,True,True,True,,24.82,27.17,26.64,26.18,True,72.58,75.81,False,True,False,,24.82,27.17,26.64,26.36,True,50.26,48.83,True,True,False,,26.2,27.17,26.4,27.17,0.77,0.81,95.1,26.36,27.21,26.2,25.71,26.98,T1 - overhead resistance (20-bar high) inside 1 ATR,0.37,True,26.67,26.69,False,up,channel rising (R2 0.75),25.84,low,2026-09-02,True,20,11,5,4,6,up,3,mixed,1,26.48,26.86,27.23,0.59,0.75,21.0,,,,False,0.98,False,2.32,25.85,-2.97,4.0,24.76,-7.06,2.0,26.81,0.64,2.0,0.18,27.65,3.79,1.0,1.09,Gates Industrial Corporation Ltd.,Industrials,Specialty Industrial Machinery,6743946752,18.893618,13.780902,,1.9148936,1.9243128,1.41,,0.103719994,0.15346,0.10384,0.066,417662496.0,60.695,3.244,1.0300499,0.0561,1.263,30.34,20.88,33.33333,60.9,Buy,1.83,12,2.0,6.0,4.0,0.0,0.0,0.44,0.44,True,12,2026-10-28,28.0,False,False,,0,0,2026-09-01 DA Davidson: init -> Neutral,0,,0,,N/A,0,N/A,0,0,,,,,,,,,,,,,,,,True,True,True,True,False,False,False,,,,,,,,
GTX,down,WAIT,26.23,26.23,2026-09-29,False,26.24,16:00,0.04,sip,,,,,0,,,,,26.24,after-hours,,,-,DOWNTREND,-1.85,-1.54,False,False,0,,,,,,,,,,,,,,,,downtrend (below a falling EMA50) - no long setup,,,,,,,True,True,3,True,True,True,False,26.23,27.7,False,28.84,19.51,True,True,False,hammer,25.05,27.19,26.23,26.69,False,48.5,39.48,True,True,False,,25.05,27.19,26.23,25.84,True,71.92,58.51,True,True,False,,25.41,26.26,25.54,26.26,0.72,0.79,91.1,25.47,26.33,25.41,25.01,26.37,T1 - nearest resistance,0.11,True,25.67,25.95,True,down,channel sloping down,25.68,low,2026-09-24,True,20,10,8,2,2,up,3,down,3,24.79,25.49,26.19,-0.34,0.2,103.0,,,,False,1.08,,,25.38,-3.24,3.0,,,,26.37,0.53,1.0,0.11,27.19,3.66,1.0,0.79,Garrett Motion Inc.,Consumer Cyclical,Auto Parts,4911825920,14.260869,11.414502,,-7.262663,1.3084246,1.84,1.24,0.0951,0.15471,,0.069,307375008.0,,1.002,1.0049,0.0373,0.795,36.25,12.264,36.83333,58.2,Buy,1.83,6,3.0,2.0,1.0,0.0,0.0,0.51,0.51,True,3,2026-10-22,22.0,False,False,,0,0,2026-09-15 JP Morgan: main -> Overweight,0,,0,,N/A,0,N/A,0,0,,,,not fetched for down-trend tickers,,,,,,,,,,,,,,,,,,,,,,,,,,
HALO,up,WATCH,111.54,111.54,2026-09-29,False,111.56,16:01,0.02,sip,,,,,0,,,,,111.56,after-hours,PULLBACK,Pullback in uptrend,C,UPTREND,3.21,2.54,True,True,82,111.03,109.11,116.85,2.19,,112.2,trigger,,112.89,"Turn - daily: a green candle - trade above 112.89 (today's open / mid-range) and hold it into the close; 1h: reclaim the session VWAP (111.85) | Note: 112.89 is above the buy-up-to price 112.20 (R:R there would be 1.05), so it cannot qualify at that level today - it needs a fresh setup on a later day | Extension: pull back closer to the EMA50 (now 3.2 ATR above, max 3)",4.0,T1 - nearest real resistance (120-bar high + 20-bar high + 52-week high),,3.0,no turn yet on the daily and 1h charts; extended 3.2 ATR above EMA50,no turn yet on the daily and 1h charts; extended 3.2 ATR above EMA50,SUPPORT_BOUNCE(weak),,,,,,False,False,0,False,False,False,False,111.54,101.79,True,64.13,70.85,False,False,False,,105.5,116.85,111.54,108.62,True,21.32,37.98,False,False,False,bullish_harami,105.5,116.85,111.54,112.48,False,26.17,21.69,True,True,False,,111.03,115.05,111.03,114.52,3.49,3.04,114.8,111.48,114.07,111.03,109.11,116.85,T1 - nearest real resistance (120-bar high + 20-bar high + 52-week high),2.19,False,114.19,111.85,False,up,WATCH setup overrides the 1h channel (channel sloping down),102.87,low,2026-07-23,True,20,7,5,8,2,mixed,1,down,1,110.74,113.14,115.53,-0.02,0.0,17.0,,,,True,0.38,False,2.17,110.4,-1.02,2.0,104.95,-5.91,4.0,116.85,4.76,1.0,2.19,,,,,"Halozyme Therapeutics, Inc.",Healthcare,Biotechnology,12661836800,33.10386,10.734086,,88.61001,7.610475,3.37,,0.24858999,0.59803003,1.73674,0.477,337308640.0,1517.687,2.709,1.12205,0.175,0.882,116.85,61.23,99.55556,90.5,None,N/A,9,2.0,5.0,2.0,0.0,0.0,2.29,2.29,True,6,2026-11-02,33.0,False,False,,0,0,2026-09-02 HC Wainwright & Co.: reit -> Buy,0,,0,,N/A,0,N/A,0,0,,,,,,True,True,False,True,True,,,,,,,,,,,,,,,,,,,,
HPE,down,WAIT,61.49,61.49,2026-09-29,False,61.57,19:59,0.13,sip,61.4,23:15,-0.15,boats,40,,,,,61.4,overnight,,,-,UPTREND,1.76,3.18,True,True,132,,,,,,,,,63.49,,,,,,,"trend intact, but price is not at a level/MA and there is no fresh breakout",,,,,,,False,True,2,True,False,True,False,61.49,54.93,True,71.0,78.84,False,False,False,,55.02,65.65,61.49,58.39,True,31.53,42.29,False,False,False,bullish_harami,55.02,65.65,61.49,61.68,False,21.37,17.29,True,True,False,bullish_engulfing,60.68,64.34,60.68,63.7,3.02,3.72,81.2,59.98,64.4,60.68,58.82,63.78,T1 - nearest resistance,0.86,True,61.32,61.48,True,down,channel rising but weak fit (R2 0.07 < 0.5),55.06,low,2026-07-28,True,20,8,5,7,3,mixed,1,down,1,60.62,62.68,64.74,0.23,0.07,21.0,,,,False,1.71,False,2.95,55.14,-10.33,3.0,50.51,-17.86,6.0,63.78,3.72,4.0,0.86,,,,,Hewlett Packard Enterprise Company,Technology,Communication Equipment,81625817088,31.695877,13.374836,0.5,3.080044,1.9494594,1.94,0.91,0.06666,0.12560001,0.10936,0.337,4738625024.0,76.464,1.113,0.91295,0.048,1.442,65.65,19.84,68.0795,90.9,Buy,2.04,20,4.0,9.0,10.0,0.0,0.0,1.27,1.07,True,19,,,False,True,2015-11-02,0,1,2026-09-14 Evercore ISI Group: down -> In-Line,0,,0,,N/A,0,N/A,0,0,,,,not fetched for down-trend tickers,,,,,,,,,,,,,,,,,,,,,,,,,,
HQY,down,WAIT,87.2,87.2,2026-09-29,False,87.25,16:00,0.06,sip,,,,,0,,,,,87.25,after-hours,,,-,DOWNTREND,-3.52,-1.59,False,False,0,,,,,,,,,88.02,,,,,,,downtrend (below a falling EMA50) - no long setup,,,,,,,False,True,3,True,True,True,False,87.2,95.46,False,9.94,7.08,True,True,False,,86.01,97.92,87.2,94.11,False,8.71,10.86,False,False,False,bullish_harami,86.01,97.92,87.2,89.82,False,23.57,15.5,True,True,False,,86.01,89.51,86.01,88.57,2.55,2.35,108.5,86.22,88.36,86.01,84.84,88.68,T1 - nearest resistance,0.63,True,88.7,86.82,True,down,channel sloping down,86.82,low,2026-09-29,True,20,7,10,3,-3,down,1,mixed,1,84.1,85.86,87.62,-1.45,0.89,88.0,,,,,,,,,,,,,,88.68,1.7,1.0,0.63,91.63,5.08,2.0,1.88,"HealthEquity, Inc.",Healthcare,Health Information Services,7216909824,31.959707,15.863318,1.29,3.634811,5.2982807,2.73,,0.17362,0.28415,0.11434,0.076,397510624.0,48.792,2.993,1.11438,0.0771,0.225,107.62,72.76,119.33333,41.4,Strong Buy,1.33,15,5.0,10.0,0.0,0.0,0.0,1.15,1.15,True,14,,,False,False,,0,0,2026-09-18 Barclays: main -> Overweight,0,,0,,N/A,0,N/A,0,0,,,,not fetched for down-trend tickers,,,,,,,,,,,,,,,,,,,,,,,,,,
HSIC,down,WAIT,85.0,85.0,2026-09-29,False,84.97,16:08,-0.04,sip,,,,,0,,,,,84.97,after-hours,,,-,DOWNTREND,-0.97,-0.28,False,True,0,,,,,,,,,85.51,,,,,,,downtrend (below a falling EMA50) - no long setup,,,,,,,False,True,3,True,True,True,False,85.0,86.7,False,31.02,29.27,True,False,False,,84.15,88.32,85.0,87.06,False,24.27,35.86,False,False,False,bullish_harami,84.15,88.32,85.0,85.8,False,22.73,17.85,True,True,False,,84.39,86.78,84.39,85.86,1.47,1.76,83.5,84.1,86.15,84.39,83.51,88.02,T1 - nearest resistance,2.03,False,85.78,84.97,True,down,channel sloping down,87.65,low,2026-07-23,False,20,6,9,5,-3,down,1,mixed,1,83.99,85.41,86.84,-0.12,0.08,35.0,,,,False,0.84,,,83.53,-1.73,5.0,,,,88.02,3.55,9.0,2.03,91.62,7.79,5.0,4.44,"Henry Schein, Inc.",Healthcare,Medical Distribution,9679507456,25.064896,14.185427,1.71,3.0121593,0.71162385,3.39,,0.02963,0.057550002,0.088549994,0.067,446000000.0,80.733,1.319,1.1231301,0.08229999,0.812,92.18,61.95,97.26667,76.2,Buy,2.38,15,4.0,4.0,7.0,1.0,0.0,1.35,1.35,True,15,2026-11-03,34.0,False,True,2015-03-17,0,0,,0,,0,,N/A,0,N/A,0,0,,,,not fetched for down-trend tickers,,,,,,,,,,,,,,,,,,,,,,,,,,
HTGC,down,WAIT,16.97,16.97,2026-09-29,False,17.21,18:26,1.41,sip,,,,,0,,,,,17.21,after-hours,,,-,CORRECTION,-0.07,-0.09,True,False,0,,,,,,,,,17.04,,,,,,,under EMA50 by 0.1 ATR with a higher low intact - wait for a support bounce or an EMA50 reclaim,,,,,,,False,False,2,True,False,True,False,16.97,16.99,False,18.92,14.0,True,True,False,,16.72,17.9,16.97,17.22,False,27.88,22.98,True,True,False,,16.72,17.9,16.97,17.07,False,59.84,64.12,False,False,False,,16.75,17.17,16.91,17.17,0.26,0.32,81.2,16.85,17.23,16.75,16.59,16.98,T1 - nearest resistance,0.03,True,17.03,17.03,False,down,channel sloping down,17.04,low,2026-07-23,False,20,5,7,8,-2,up,2,down,4,16.46,16.78,17.09,-0.48,0.51,80.0,,,,False,0.78,False,1.47,16.72,-1.47,1.0,16.5,-2.77,3.0,16.98,0.06,1.0,0.03,17.4,2.53,4.0,1.13,"Hercules Capital, Inc.",Financial Services,Asset Management,3176173056,8.359606,8.627263,0.52,1.3777704,5.6098986,2.03,11.12,0.67682,0.83192,0.17318001,0.085,257867632.0,103.331,0.118,0.36435002,0.0512,0.747,19.13,13.7,19.5,60.2,Strong Buy,1.44,9,2.0,6.0,1.0,0.0,0.0,0.48,0.48,True,9,2026-10-29,29.0,False,False,,1,0,2026-09-01 UBS: up -> Buy,0,,0,,N/A,0,N/A,0,0,,,,not fetched for down-trend tickers,,,,,,,,,,,,,,,,,,,,,,,,,,
HUM,up,WATCH,386.87,386.87,2026-09-29,False,386.87,16:08,0.0,sip,,,,,0,,,,,386.87,after-hours,MA_RECLAIM,MA reclaim (early trend),C,EARLY_UPTREND,0.32,0.19,False,True,3,382.87,373.41,411.67,1.84,,388.72,trigger,,390.39,"Turn - daily: a green candle - trade above 390.39 (today's open / mid-range) and hold it into the close; 1h: reclaim the session VWAP (388.93) and 1h MACD bullish or 1h %K above %D | Note: 390.39 is above the buy-up-to price 388.72 (R:R there would be 1.25), so it cannot qualify at that level today - it needs a fresh setup on a later day",2.0,"T1 - nearest real resistance (swing level, 8 touch(es))",,4.0,no turn yet on the daily and 1h charts,no turn yet on the daily and 1h charts,,,,,,,False,False,1,False,False,False,True,386.87,382.87,True,45.15,38.18,True,True,False,,369.13,413.57,386.87,389.05,False,43.24,48.17,False,False,False,,369.13,413.57,386.87,388.67,False,9.33,10.74,False,False,False,hammer,385.54,413.57,385.54,395.23,9.69,12.61,76.8,382.62,398.15,385.54,373.41,411.67,"T1 - nearest real resistance (swing level, 8 touch(es))",1.84,False,376.69,388.93,False,up,WATCH setup overrides the 1h channel (channel rising but weak fit (R2 0.42 < 0.5)),387.8,low,2026-08-05,False,20,6,7,7,-1,down,1,mixed,1,379.89,396.43,412.97,0.88,0.42,21.0,,,,False,1.23,False,2.55,371.42,-3.99,4.0,354.75,-8.3,2.0,389.81,0.76,8.0,0.22,412.22,6.55,6.0,1.88,Humana Inc.,Healthcare,Healthcare Plans,46455468032,36.600758,23.350393,1.3,2.4179223,0.31888923,10.57,0.91,0.00878,0.034649998,0.06893,0.262,1940999936.0,76.485,1.742,1.00896,0.0269,0.745,428.88,163.11,423.73914,84.2,Buy,2.15,23,2.0,11.0,12.0,1.0,0.0,-1.00,-0.95,False,23,2026-11-06,37.0,False,True,2012-12-10,1,0,2026-09-25 Barclays: up -> Overweight,0,,0,,N/A,0,N/A,0,0,,,,,,,,,,,,,,,,True,True,True,False,True,True,True,,,,,,,,
IFF,down,WAIT,85.24,85.24,2026-09-29,False,85.25,16:08,0.01,sip,,,,,0,,,,,85.25,after-hours,,,-,UPTREND_WEAK,1.14,0.6,True,False,46,,,,,,,,,85.8,,,,,,,"above the EMA50 but not a clean uptrend yet (missing: higher highs) - pullback and MA-bounce setups need higher highs, higher lows and a rising EMA50",,,,,,,False,False,2,True,False,True,False,85.24,83.39,True,72.71,73.96,False,False,False,,82.69,86.68,85.24,84.83,True,67.88,73.41,False,False,False,,82.69,86.68,85.24,85.38,False,52.5,55.49,False,False,False,,84.0,86.51,85.08,86.51,1.43,1.63,87.7,84.88,86.71,84.0,83.19,85.9,T1 - nearest resistance,0.32,True,85.78,85.45,False,down,channel rising but weak fit (R2 0.29 < 0.5),83.55,low,2026-07-23,True,20,8,9,3,-1,up,1,down,1,84.84,86.05,87.26,0.22,0.29,16.0,,,,False,1.53,False,2.91,82.74,-2.93,3.0,80.5,-5.56,2.0,85.9,0.77,4.0,0.32,88.98,4.39,2.0,1.82,International Flavors & Fragrances Inc.,Basic Materials,Specialty Chemicals,21764620288,,21.52229,1.77,1.5572767,2.0187943,-3.07,1.87,0.02569,0.08495,-0.05548,0.018,-1720999936.0,44.821,2.061,1.0958,0.0877,0.953,89.32,59.14,96.29412,86.5,Buy,1.75,17,5.0,10.0,5.0,0.0,0.0,0.81,0.80,True,13,2026-11-03,34.0,False,True,1976-03-31,0,0,2026-09-11 Keybanc: init -> Sector Weight,0,,0,,N/A,0,N/A,0,0,,,,not fetched for down-trend tickers,,,,,,,,,,,,,,,,,,,,,,,,,,
INCY,down,WAIT,123.25,123.25,2026-09-29,False,123.01,16:15,-0.19,sip,,,,,0,,,,,123.01,after-hours,SUPPORT_BOUNCE,Support bounce,D,UPTREND_WEAK,0.38,0.39,False,False,70,122.17,120.58,129.42,2.31,,124.12,,,123.68,"Setup: Rejection - closed back above the test bar / upper half of range | Turn - daily: a green candle - trade above 123.68 (today's open / mid-range) and hold it into the close | Confirmations: any 1 of: Daily stochastic reset and turning up, or Trend context intact",5.0,"T1 - nearest real resistance (swing level, 4 touch(es))","124.57, 126.31",2.0,Rejection - closed back above the test bar / upper half of range; no turn yet on the daily chart; confirmations 2/4 (need 3),weak support bounce: Rejection - closed back above the test bar / upper half of range; no turn yet on the daily chart; confirmations 2/4 (need 3),,,,,,,False,True,2,False,False,True,True,123.25,122.05,True,46.38,48.26,False,False,False,,121.48,128.7,123.25,124.31,False,25.52,25.15,True,True,False,bullish_harami,121.48,128.7,123.25,124.25,False,32.07,28.64,True,True,False,bullish_harami;hammer,121.89,126.11,121.89,125.47,3.58,3.17,112.9,122.3,125.06,121.89,120.58,129.42,"T1 - nearest real resistance (swing level, 4 touch(es))",2.31,False,124.21,123.03,True,down,channel sloping down,123.9,low,2026-07-23,False,20,8,9,3,-1,down,1,mixed,1,121.25,123.02,124.79,-0.38,0.53,56.0,,,,True,0.34,False,1.33,122.17,-0.88,3.0,119.03,-3.42,4.0,124.57,1.07,1.0,0.49,126.31,2.48,1.0,1.15,Incyte Corporation,Healthcare,Biotechnology,24972361728,15.896773,13.91867,10.82,3.902686,4.29113,7.75,,0.27706,0.41899,0.30667,0.377,1180664576.0,0.603,4.593,1.0349,0.083900005,0.77,132.6,82.82,127.95652,81.2,Buy,2.29,23,2.0,10.0,15.0,1.0,0.0,-3.51,-3.47,False,16,2026-10-27,27.0,False,True,2017-02-28,0,0,2026-09-28 JP Morgan: main -> Neutral,0,,0,,N/A,0,N/A,0,0,,,,not fetched for down-trend tickers,,,,,,,True,False,True,False,False,,,,,,,,,,,,True,,,
INGM,down,WAIT,26.95,26.95,2026-09-29,False,26.95,16:26,0.0,sip,,,,,0,,,,,26.95,after-hours,,,-,DOWNTREND,-0.68,-0.64,False,True,0,,,,,,,,,,,,,,,,downtrend (below a falling EMA50) - no long setup,,,,,,,True,True,3,True,True,True,False,26.95,27.62,False,40.65,33.26,True,True,False,,25.68,28.0,26.95,27.28,False,36.39,31.95,True,True,False,,25.68,28.0,26.95,26.77,True,70.08,65.12,True,True,False,bullish_engulfing,26.1,27.23,26.19,27.0,0.81,0.99,81.8,26.01,27.18,26.1,25.61,27.53,T1 - nearest resistance,0.43,True,26.94,26.78,True,down,channel sloping down,26.79,low,2026-09-16,True,20,8,7,5,1,mixed,1,down,1,25.86,26.57,27.28,-0.3,0.17,77.0,,,,False,1.08,,,25.88,-3.97,3.0,,,,27.53,2.15,8.0,0.43,29.45,9.28,8.0,1.87,Ingram Micro Holding Corporation,Technology,Information Technology Services,6199494656,14.726776,7.178761,,1.4523605,0.110753685,1.83,1.3,0.00769,0.01691,0.10342,0.136,395675008.0,99.115,1.308,0.97839,0.1861,,31.69,19.03,32.61538,62.6,Buy,2.20,13,2.0,5.0,8.0,0.0,0.0,0.78,0.77,True,14,2026-11-10,41.0,False,False,,0,0,2026-09-16 Morgan Stanley: main -> Equal-Weight,0,,0,,N/A,0,N/A,0,0,,,,not fetched for down-trend tickers,,,,,,,,,,,,,,,,,,,,,,,,,,
INOD,up,WATCH,66.89,66.89,2026-09-29,False,67.73,19:42,1.26,sip,66.94,20:09,0.07,boats,6,,,,,66.94,overnight,MA_RECLAIM,MA reclaim (early trend),C,EARLY_UPTREND,0.92,2.25,False,False,6,62.97,59.77,71.4,0.63,64.42,,price,,67.41,Price: pull back to 64.42 or lower (R:R 1.5+ with the same stop and target) | Then the turn has to show at that price - daily: a green candle - trade above 67.39 (today's open / mid-range) and hold it into the close; 1h: reclaim the session VWAP (67.41),4.6,"T1 - nearest real resistance (swing level, 3 touch(es))",,4.0,no turn yet on the daily and 1h charts; R:R 0.63 below 1.5,no turn yet on the daily and 1h charts; R:R 0.63 below 1.5,SUPPORT_BOUNCE(weak),,,,,,False,False,0,False,False,False,False,66.89,62.97,True,68.22,75.58,False,False,False,,53.37,74.93,66.89,61.88,True,56.76,60.03,False,False,False,,53.37,74.93,66.89,66.27,True,35.68,34.11,True,True,False,,65.69,70.82,65.69,68.8,3.11,4.26,73.0,64.54,69.95,65.69,59.77,71.4,"T1 - nearest real resistance (swing level, 3 touch(es))",0.63,True,71.23,67.41,False,up,WATCH setup overrides the 1h channel (channel rising but weak fit (R2 0.19 < 0.5)),66.19,low,2026-09-14,True,20,7,7,6,0,down,2,mixed,3,63.25,70.48,77.7,1.24,0.19,25.0,,,,True,0.21,False,1.8,65.99,-1.35,4.0,59.21,-11.48,6.0,71.78,7.31,2.0,0.69,74.84,11.89,2.0,1.12,Innodata Inc.,Technology,Information Technology Services,2301574912,51.891476,32.064453,0.87,14.417402,7.2567344,1.29,,0.14656,0.17212999,0.37765998,0.578,169773248.0,2.402,1.728,0.58542997,0.146,2.883,125.14,34.23,122.75,35.9,Strong Buy,1.25,4,1.0,3.0,0.0,0.0,0.0,0.27,0.27,True,3,2026-11-05,36.0,False,False,,0,0,2026-09-18 BWS Financial: main -> Top Pick,0,,0,,N/A,0,N/A,0,0,,,,,,,,,,,,,,,,True,True,True,True,True,False,True,,,,,,,,
INSW,up,WATCH,110.29,110.29,2026-09-29,False,110.93,16:04,0.58,sip,110.0,21:02,-0.26,boats,1,,,,,110.0,overnight,PULLBACK,Pullback in uptrend,C,UPTREND,2.34,1.52,True,True,62,99.45,98.31,113.14,0.24,104.24,,price,113.14,,Price: pull back to 104.24 or lower (R:R 1.5+ with the same stop and target) OR close above 113.14 on 1.5x+ volume (becomes a fresh breakout) | Then the turn has to show at that price - 1h: 1h MACD bullish or 1h %K above %D,4.3,T1 - overhead resistance (120-bar high + 20-bar high + 52-week high) inside 1 ATR,"113.14, 113.14",4.0,no turn yet on the 1h chart; R:R 0.24 below 1.5,no turn yet on the 1h chart; R:R 0.24 below 1.5,,,,,,,True,False,0,False,False,False,False,110.29,99.64,True,63.17,49.07,True,True,False,,99.45,113.14,110.29,104.13,True,76.04,67.55,True,True,False,,99.45,113.14,110.29,107.27,True,80.66,83.21,False,False,True,bullish_engulfing,104.54,110.96,106.77,110.96,4.19,4.56,91.9,106.4,111.33,104.54,98.31,113.14,T1 - overhead resistance (120-bar high + 20-bar high + 52-week high) inside 1 ATR,0.24,True,104.93,109.81,True,up,WATCH setup overrides the 1h channel (channel rising but weak fit (R2 0.07 < 0.5)),102.78,low,2026-08-11,True,20,13,4,3,9,mixed,1,up,3,102.5,107.73,112.97,0.34,0.07,74.0,,,,False,0.78,False,1.74,106.73,-3.23,1.0,102.36,-7.19,1.0,113.14,2.58,1.0,0.24,,,,,"International Seaways, Inc.",Energy,Oil & Gas Midstream,5460331520,6.924623,17.166874,,2.4098809,4.3288794,15.92,7.55,0.61767,0.64219004,0.37412,1.401,69650376.0,28.815,5.944,0.84836996,0.078600004,-0.101,113.14,42.26,107.16667,96.0,Strong Buy,1.33,6,0.0,5.0,1.0,0.0,0.0,2.84,2.77,True,4,2026-11-05,36.0,False,False,,0,0,2026-09-18 BTIG: main -> Buy,0,,0,,N/A,0,N/A,0,0,,,,,,True,True,True,True,True,,,,,,,,,,,,,,,,,,,,
INTC,down,WAIT,115.98,115.98,2026-09-29,False,116.78,19:59,0.69,sip,116.13,23:47,0.13,boats,4447,,,,,116.13,overnight,PULLBACK,Pullback in uptrend,D,UPTREND,1.65,3.54,True,True,10,113.97,110.49,117.85,0.34,113.44,,,117.85,116.86,Price: pull back to 113.44 or lower (R:R 1.5+ with the same stop and target) OR close above 117.85 on 1.5x+ volume (becomes a fresh breakout) | Then the turn has to show at that price - daily: a green candle - trade above 116.86 (today's open / mid-range) and hold it into the close; 1h: reclaim the session VWAP (116.45) | Confirmations: any 2 of: Volume fading into the end of the dip; Daily stochastic reset; Bullish candle,6.4,"T1 - overhead resistance (swing level, 3 touch(es)) inside 1 ATR",117.85,1.0,no turn yet on the daily and 1h charts; confirmations 1/4 (need 3); R:R 0.34 below 1.5,weak pullback in uptrend: no turn yet on the daily and 1h charts; confirmations 1/4 (need 3); R:R 0.34 below 1.5,,,,,,,False,False,1,False,False,True,False,115.98,104.64,True,72.42,83.28,False,False,False,,99.29,127.43,115.98,108.35,True,36.59,46.79,False,False,False,,99.29,127.43,115.98,117.48,False,22.62,22.53,True,True,False,,113.97,125.56,113.97,118.75,4.78,6.86,69.7,111.89,120.83,113.97,110.49,117.85,"T1 - overhead resistance (swing level, 3 touch(es)) inside 1 ATR",0.34,True,121.38,116.45,False,down,channel sloping down,101.15,low,2026-07-29,True,20,11,5,4,6,down,2,mixed,1,112.2,117.93,123.66,-0.76,0.28,33.0,,,,False,1.33,False,3.13,106.85,-7.87,5.0,94.52,-18.5,3.0,116.77,0.68,1.0,0.14,126.08,8.71,2.0,1.84,Intel Corporation,Technology,Semiconductors,612818157568,,56.219936,1.36,6.6783805,10.745164,-2.09,,-0.19794,0.12189999,-0.10715,0.254,4866375168.0,48.997,1.604,0.62568,0.0301,2.231,142.35,32.89,116.37209,75.9,Buy,2.47,43,1.0,14.0,32.0,1.0,1.0,0.39,0.39,True,35,2026-10-22,22.0,False,True,1976-12-31,1,0,2026-09-24 TD Cowen: reit -> Hold,0,,0,,38,16,33.3,22,0,,,,not fetched for down-trend tickers,,True,False,False,True,False,,,,,,,,,,,,,,,,,,,,
IOT,down,WAIT,37.98,37.98,2026-09-29,False,37.8,17:59,-0.47,sip,,,,,0,,,,,37.8,after-hours,,,-,CORRECTION,-0.21,0.03,True,True,0,,,,,,,,,,,,,,,,under EMA50 by 0.2 ATR with a higher low intact - wait for a support bounce or an EMA50 reclaim,,,,,,,True,True,2,True,False,True,False,37.98,38.39,False,19.03,19.83,False,False,False,,36.4,42.84,37.98,39.03,False,34.2,29.35,True,True,False,bullish_engulfing,36.4,42.84,37.98,38.5,False,62.17,48.59,True,True,False,,36.4,39.47,37.13,38.43,1.3,1.95,66.7,36.48,39.08,36.4,35.42,38.37,T1 - nearest resistance,0.15,True,38.26,37.75,True,down,channel sloping down,39.17,low,2026-07-23,False,20,4,11,5,-7,up,1,down,1,37.01,38.02,39.02,-0.29,0.16,48.0,,,,False,1.45,False,3.34,35.15,-7.45,2.0,31.47,-17.14,1.0,38.37,1.03,11.0,0.15,42.1,10.85,5.0,1.61,Samsara Inc.,Technology,Software - Infrastructure,22235428864,253.13333,39.989468,,13.872854,12.035076,0.15,,0.04901,0.00959,0.0643,0.299,260455008.0,4.338,1.625,1.07666,0.0913,1.344,47.47,23.38,52.15652,60.6,Buy,1.56,23,2.0,17.0,6.0,0.0,0.0,0.19,0.18,True,21,2026-12-03,64.0,False,False,,0,0,2026-09-15 Cantor Fitzgerald: init -> Overweight,0,,0,,N/A,0,N/A,0,0,,,,not fetched for down-trend tickers,,,,,,,,,,,,,,,,,,,,,,,,,,
IQV,up,WATCH,268.99,268.99,2026-09-29,False,268.99,16:08,0.0,sip,,,,,0,,,,,268.99,after-hours,PULLBACK,Pullback in uptrend,C,UPTREND,2.87,1.88,True,True,68,265.97,263.59,272.84,0.71,267.29,,price,272.84,271.46,Price: pull back to 267.29 or lower (R:R 1.5+ with the same stop and target) OR close above 272.84 on 1.5x+ volume (becomes a fresh breakout) | Then the turn has to show at that price - daily: a green candle - trade above 271.46 (today's open / mid-range) and hold it into the close; 1h: reclaim the session VWAP (269.09),4.3,"T1 - overhead resistance (swing level, 2 touch(es)) inside 1 ATR",272.84,3.0,no turn yet on the daily and 1h charts; R:R 0.71 below 1.5,no turn yet on the daily and 1h charts; R:R 0.71 below 1.5,MA_BOUNCE(weak); SUPPORT_BOUNCE(weak),,,,,,False,False,0,False,False,False,False,268.99,249.65,True,69.51,73.82,False,False,False,,264.88,277.4,268.99,263.17,True,35.55,41.1,False,False,False,bullish_harami,264.88,277.4,268.99,269.95,False,46.91,43.99,True,True,False,,265.97,273.5,266.42,273.5,7.08,6.75,104.9,266.75,273.17,265.97,263.59,272.84,"T1 - overhead resistance (swing level, 2 touch(es)) inside 1 ATR",0.71,True,270.72,269.09,False,up,WATCH setup overrides the 1h channel (channel rising but weak fit (R2 0.02 < 0.5)),250.96,low,2026-07-22,True,20,10,5,5,5,up,1,down,1,267.01,270.92,274.83,0.05,0.02,25.0,,,,False,0.58,False,2.33,265.07,-1.46,2.0,253.27,-5.84,4.0,272.84,1.43,2.0,0.71,277.4,3.13,1.0,1.56,IQVIA Holdings Inc.,Healthcare,Diagnostics & Research,44275752960,33.414906,18.58704,0.99,7.174788,2.607063,8.05,,0.08096,0.13027,0.22818,0.087,2149750016.0,257.975,0.706,1.03447,0.029000001,1.186,277.4,154.5,283.55557,93.2,Strong Buy,1.43,18,3.0,15.0,3.0,0.0,0.0,3.27,3.27,True,16,2026-10-27,27.0,False,True,2017-08-29,0,0,2026-09-29 RBC Capital: main -> Outperform,0,,0,,N/A,0,N/A,0,0,,,,,,True,True,False,True,True,,,,,,,,,,,,,,,,,,,,
IREN,down,WAIT,41.39,41.39,2026-09-29,False,41.7,19:59,0.75,sip,41.79,23:42,0.97,boats,782,,,,,41.79,overnight,,,-,CORRECTION,-0.75,0.36,True,True,0,,,,,,,,,42.53,,,,,,,under EMA50 by 0.8 ATR with a higher low intact - wait for a support bounce or an EMA50 reclaim,,,,,,,False,False,3,True,False,True,True,41.39,43.27,False,17.18,37.46,False,False,False,,40.98,49.37,41.39,43.48,False,3.28,5.84,False,False,False,,40.98,49.37,41.39,44.03,False,11.17,9.78,True,True,False,hammer,40.98,44.9,40.98,42.85,1.87,2.52,74.2,40.33,43.5,40.98,39.72,41.5,T1 - nearest resistance,0.07,True,48.28,41.71,False,down,channel sloping down,41.49,low,2026-07-29,False,20,10,10,0,0,down,4,up,6,39.3,41.34,43.38,-2.91,0.85,51.0,,,,False,0.76,False,1.7,39.48,-4.61,1.0,37.11,-10.34,1.0,41.5,0.27,3.0,0.07,43.72,5.63,1.0,1.4,IREN Limited,Financial Services,Capital Markets,16306147328,,-10.390093,3.11,3.758743,23.06363,-2.22,,-0.9938,-1.0247,-0.23409,-0.267,-4219297280.0,187.297,3.551,0.59233004,0.2171,4.285,76.87,28.93,77.69444,26.0,Buy,1.60,18,2.0,13.0,5.0,0.0,0.0,-0.67,-0.26,False,2,2026-11-05,36.0,False,False,,1,0,2026-09-29 B. Riley Securities: main -> Buy,0,,0,,62,8,300.0,652,0,,,,not fetched for down-trend tickers,,,,,,,,,,,,,,,,,,,,,,,,,,
ITT,down,WAIT,204.44,204.44,2026-09-29,False,204.54,16:34,0.05,sip,,,,,0,,,,,204.54,after-hours,,,-,UPTREND_WEAK,0.13,0.54,False,True,9,,,,,,,,,206.56,,,,,,,"above the EMA50 but not a clean uptrend yet (missing: higher lows) - pullback and MA-bounce setups need higher highs, higher lows and a rising EMA50",,,,,,,False,True,2,True,False,True,False,204.44,203.6,True,54.73,69.5,False,False,False,,192.62,216.95,204.44,205.03,False,17.48,27.81,False,False,False,bullish_harami,192.62,216.95,204.44,206.73,False,13.59,12.41,True,True,False,,203.3,212.26,203.3,207.43,4.13,6.47,63.8,200.96,209.77,203.3,200.06,205.75,T1 - nearest resistance,0.3,True,206.17,204.36,True,down,channel sloping down,206.24,low,2026-07-29,False,20,11,7,2,4,down,1,mixed,2,201.05,206.99,212.93,-0.21,0.08,29.0,,,,False,0.78,False,1.99,199.39,-2.47,2.0,191.55,-6.31,5.0,205.75,0.64,2.0,0.3,210.84,3.13,2.0,1.46,ITT Inc.,Industrials,Specialty Industrial Machinery,18375837696,40.10588,21.29343,1.71,3.8091514,3.8783135,5.1,0.75,0.08896,0.123959996,0.11569,0.515,307212512.0,79.73,1.263,1.01039,0.0848,1.276,230.32,166.96,258.3846,59.2,Strong Buy,1.36,13,0.0,12.0,1.0,0.0,1.0,2.08,2.08,True,13,2026-10-27,27.0,False,False,,0,0,,0,,0,,N/A,0,N/A,0,0,,,,not fetched for down-trend tickers,,,,,,,,,,,,,,,,,,,,,,,,,,
JBL,up,WATCH,319.09,319.09,2026-09-29,False,320.25,19:59,0.36,sip,321.56,21:52,0.77,boats,5,,,,,321.56,overnight,MA_RECLAIM,MA reclaim (early trend),C,EARLY_UPTREND,0.12,-0.18,True,False,2,317.65,306.48,320.83,0.14,312.22,,price,320.83,323.35,Price: pull back to 312.22 or lower (R:R 1.5+ with the same stop and target) OR close above 320.83 on 1.5x+ volume (becomes a fresh breakout) | Then the turn has to show at that price - daily: a green candle - trade above 323.35 (today's open / mid-range) and hold it into the close,3.6,"T1 - overhead resistance (swing level, 10 touch(es)) inside 1 ATR",320.83,5.0,no turn yet on the daily chart; R:R 0.14 below 1.5,no turn yet on the daily chart; R:R 0.14 below 1.5,,,,,,,False,True,0,False,False,False,False,319.09,317.65,True,64.94,63.73,True,True,False,,293.6,331.58,319.09,311.62,True,63.18,61.92,True,True,False,,293.6,331.58,319.09,312.32,True,57.16,52.88,True,True,False,,309.57,326.62,314.65,323.9,9.25,12.35,74.9,311.55,327.0,309.57,306.48,320.83,"T1 - overhead resistance (swing level, 10 touch(es)) inside 1 ATR",0.14,True,317.51,317.59,True,up,channel rising (R2 0.75),318.4,low,2026-07-29,True,20,10,7,3,3,up,1,down,1,314.23,321.04,327.84,0.9,0.75,36.0,,,,False,0.95,False,1.54,307.4,-3.66,1.0,300.05,-5.97,2.0,319.2,0.03,4.0,0.01,331.58,3.91,1.0,0.99,Jabil Inc.,Technology,Electronic Components,33410314240,39.855,18.848972,0.82,25.262657,0.9946506,8.0,0.1,0.02566,0.05211,0.65876,0.118,1211624960.0,297.136,0.981,0.99163,0.0324,1.292,428.93,189.6,427.33334,54.1,Strong Buy,1.40,9,2.0,7.0,1.0,0.0,0.0,4.08,4.07,True,9,2026-09-30,0.0,True,True,2023-12-18,0,0,2026-09-08 Goldman Sachs: main -> Buy,0,,1,Top Wall Street Forecasters Revamp Jabil Expectations Ahead Of Q4 Earnings,N/A,0,N/A,0,0,,,,,,,,,,,,,,,,True,True,True,True,True,True,True,,,,,,,,
KDP,down,WAIT,31.03,31.03,2026-09-29,False,31.03,18:03,0.0,sip,,,,,0,,,,,31.03,after-hours,,,-,RANGE,-0.38,0.07,False,True,0,,,,,,,,,31.21,,,,,,,no trend (below a flat EMA50) - wait for a reclaim or a breakout,,,,,,,False,False,3,True,True,True,False,31.03,31.32,False,44.27,41.46,True,True,False,,30.56,32.14,31.03,31.51,False,40.72,52.62,False,False,False,,30.56,32.14,31.03,31.34,False,27.79,27.91,False,True,False,,30.77,31.96,30.77,31.4,0.63,0.77,81.8,30.63,31.54,30.77,30.39,31.91,T1 - nearest resistance,1.37,True,31.55,31.07,False,down,channel rising but weak fit (R2 0.02 < 0.5),31.38,low,2026-08-11,False,20,8,9,3,-1,down,1,mixed,2,30.74,31.38,32.03,0.08,0.02,23.0,,,,False,0.74,False,1.95,30.46,-1.84,6.0,29.53,-4.83,1.0,31.91,2.84,8.0,1.37,32.91,6.06,4.0,2.94,Keurig Dr Pepper Inc.,Consumer Defensive,Beverages - Non-Alcoholic,42226429952,31.663265,12.242177,0.97,1.6868714,2.1018631,0.98,2.92,0.07103,0.12888,0.051,0.756,4607249920.0,99.649,0.479,1.09486,0.0647,0.414,33.82,24.88,36.20588,68.8,Buy,1.83,17,5.0,8.0,5.0,0.0,0.0,0.62,0.62,True,15,2026-10-26,26.0,False,True,2022-06-21,0,0,2026-09-15 Argus Research: reit -> Buy,0,,0,,N/A,0,N/A,0,0,,,,not fetched for down-trend tickers,,,,,,,,,,,,,,,,,,,,,,,,,,
KEYS,up,WAIT,360.52,360.52,2026-09-29,False,360.65,16:08,0.04,sip,,,,,0,,,,,360.65,after-hours,FRESH_BREAKOUT,Fresh breakout,D,UPTREND_WEAK,2.33,1.64,False,True,9,358.74,351.63,369.48,1.01,358.77,,,369.48,363.0,Setup: Volume >= 1.5x average | Price: pull back to 358.77 or lower (R:R 1.5+ with the same stop and target) OR close above 369.48 on 1.5x+ volume (becomes a fresh breakout) | Then the turn has to show at that price - daily: a green candle - trade above 363.00 (today's open / mid-range) and hold it into the close | Confirmations: any 3 of: Close in the top 40% of the bar's range; Tight base before the break; Daily %K above 50 and not rolling over; Higher lows in place,9.2,"T1 - overhead resistance (swing level, 5 touch(es)) inside 1 ATR",369.48,0.0,Volume >= 1.5x average (best of live/last 3 bars: 1.3x); no turn yet on the daily chart; confirmations 0/4 (need 3); R:R 1.01 below 1.5,weak fresh breakout: Volume >= 1.5x average (best of live/last 3 bars: 1.3x); no turn yet on the daily chart; confirmations 0/4 (need 3); R:R 1.01 below 1.5,,False,False,False,False,False,False,True,1,False,False,True,False,360.52,334.6,True,89.15,92.61,False,False,True,,316.45,366.88,360.52,338.95,True,77.69,79.22,False,True,False,bullish_harami,316.45,366.88,360.52,352.32,True,42.27,32.81,True,True,False,,355.33,366.88,356.6,364.95,8.35,11.11,75.2,353.84,367.71,355.33,351.63,369.48,"T1 - overhead resistance (swing level, 5 touch(es)) inside 1 ATR",1.01,True,357.76,359.15,True,up,channel rising (R2 0.78),331.17,low,2026-07-29,True,20,12,6,2,6,up,1,down,1,357.37,364.7,372.02,0.93,0.78,21.0,,,,False,1.92,False,2.69,339.18,-5.92,1.0,330.68,-8.28,4.0,366.65,1.7,2.0,0.69,,,,,"Keysight Technologies, Inc.",Technology,Scientific & Technical Instruments,61398769664,48.802437,25.99922,0.71,9.346896,9.328284,7.39,,0.19143,0.25677,0.20897,0.365,1867124992.0,42.094,2.024,0.92987996,0.0159,1.208,374.963,158.79,415.08334,93.3,Buy,1.58,12,3.0,7.0,2.0,0.0,0.0,3.38,2.68,True,12,2026-11-24,55.0,False,True,2018-11-06,0,0,,0,,1,Keysight's 56% Order Jump Puts AI Demand and Q4 Guidance in Focus,N/A,0,N/A,0,0,,,,,,,,,,,,,,,,,,,,,,,,,,,,,,
KLAC,up,WATCH,196.5,196.5,2026-09-29,False,197.92,19:59,0.72,sip,195.55,23:43,-0.48,boats,674,,,,,195.55,overnight,MA_RECLAIM,MA reclaim (early trend),C,EARLY_UPTREND,0.96,0.05,False,False,2,189.43,180.85,205.3,0.56,190.63,,price,,,Price: pull back to 190.63 or lower (R:R 1.5+ with the same stop and target),2.8,"T1 - nearest real resistance (swing level, 2 touch(es))",,3.0,R:R 0.56 below 1.5,R:R 0.56 below 1.5,FRESH_BREAKOUT(weak),,,,,,True,True,0,False,False,False,False,196.5,189.43,True,93.24,89.61,True,True,True,,165.89,197.47,196.5,184.23,True,92.18,92.72,False,False,True,bullish_engulfing,165.89,197.47,196.5,187.02,True,89.96,85.6,True,True,True,,182.7,197.47,192.57,197.47,4.9,7.4,66.2,190.07,199.97,182.7,180.85,205.3,"T1 - nearest real resistance (swing level, 2 touch(es))",0.56,True,187.32,195.56,True,up,channel rising (R2 0.67),182.12,low,2026-09-16,True,20,9,7,4,2,up,1,mixed,1,188.45,192.81,197.18,0.8,0.67,92.0,,,,False,1.15,False,2.83,188.01,-4.32,4.0,175.53,-10.67,2.0,204.58,4.11,1.0,0.52,214.8,9.31,1.0,1.17,KLA Corporation,Technology,Semiconductor Equipment & Materials,256472924160,51.85488,29.309258,1.81,40.45492,18.886806,3.79,0.49,0.35574,0.42486,0.87496,0.152,2624587520.0,96.88,2.876,0.93935996,0.0202,1.444,307.37,98.097,233.76923,47.0,Buy,1.86,26,5.0,14.0,10.0,0.0,0.0,1.18,1.18,True,22,2026-10-28,28.0,False,True,1997-09-30,0,0,2026-09-01 UBS: main -> Neutral,0,,1,"Semiconductor Metrology Global Market Opportunity Analysis and Industry Forecast 2026-2036 Featuring KLA Corp., Applied Materials, ASML, Hitachi High-Tech Corp., Lam Research Corp. and More",N/A,0,N/A,0,0,,,,,,,,,,,,,,,,True,True,True,True,False,False,True,,,,,,,,
KO,down,WAIT,86.86,86.86,2026-09-29,False,86.95,19:20,0.1,sip,87.03,21:02,0.2,boats,30,,,,,87.03,overnight,,,-,RANGE,-0.21,0.12,False,False,0,,,,,,,,,86.96,,,,,,,no trend (below a flat EMA50) - wait for a reclaim or a breakout,,,,,,,False,False,3,True,True,True,False,86.86,87.11,False,12.62,19.97,False,False,False,,86.56,89.36,86.86,88.03,False,14.59,15.6,False,True,False,,86.56,89.36,86.86,87.72,False,29.12,32.11,False,False,False,bullish_harami,86.56,88.11,86.56,87.28,0.72,1.19,60.5,86.09,87.75,86.56,85.96,87.42,T1 - nearest resistance,0.62,True,87.93,86.96,False,down,channel sloping down,88.05,low,2026-07-23,False,20,6,10,4,-4,down,3,up,3,86.34,87.27,88.21,-0.19,0.35,28.0,,,,False,1.34,False,3.31,85.26,-1.84,4.0,82.92,-4.54,1.0,87.42,0.64,5.0,0.62,89.36,2.88,1.0,2.78,The Coca-Cola Company,Consumer Defensive,Beverages - Non-Alcoholic,373633351680,26.315151,24.625818,3.96,10.336864,7.4534373,3.3,2.43,0.28558,0.34873,0.42054,0.067,5218749952.0,115.519,1.305,0.68227,0.0095,0.342,92.49,65.84,94.65217,78.9,Buy,1.75,23,7.0,12.0,4.0,0.0,1.0,0.88,0.88,True,18,2026-10-27,27.0,False,True,1957-03-04,0,0,2026-09-28 JP Morgan: main -> Overweight,0,,0,,N/A,0,N/A,0,0,,,,not fetched for down-trend tickers,,,,,,,,,,,,,,,,,,,,,,,,,,
LECO,up,WATCH,270.7,270.7,2026-09-29,False,270.81,16:08,0.04,sip,,,,,0,,,,,270.81,after-hours,MA_RECLAIM,MA reclaim (early trend),C,EARLY_UPTREND,0.42,0.12,False,True,3,267.71,262.31,277.69,0.83,268.46,,price,277.69,271.18,"Price: pull back to 268.46 or lower (R:R 1.5+ with the same stop and target) OR close above 277.69 on 1.5x+ volume (becomes a fresh breakout) | Then the turn has to show at that price - daily: a green candle - trade above 271.18 (today's open / mid-range) and hold it into the close | Confirmations: any 1 of: EMA9 above EMA20, or Volume on the reclaim >= 1.2x average, or Daily %K above %D and not overbought",4.3,"T1 - overhead resistance (swing level, 8 touch(es)) inside 1 ATR",277.69,2.0,no turn yet on the daily chart; confirmations 2/5 (need 3); R:R 0.83 below 1.5,no turn yet on the daily chart; confirmations 2/5 (need 3); R:R 0.83 below 1.5,FRESH_BREAKOUT(weak); SUPPORT_BOUNCE(weak),,,,,,False,True,0,False,False,False,False,270.7,267.71,True,83.45,74.91,True,True,True,,253.07,274.17,270.7,266.99,True,81.45,83.09,False,True,True,bullish_harami,253.07,274.17,270.7,266.55,True,38.46,30.94,True,True,False,,266.7,274.17,268.02,274.17,6.15,7.2,85.4,266.97,275.22,266.7,262.31,277.69,"T1 - overhead resistance (swing level, 8 touch(es)) inside 1 ATR",0.83,True,265.69,270.0,True,up,channel rising (R2 0.83),271.63,low,2026-07-30,False,20,12,5,3,7,up,3,mixed,1,269.06,272.42,275.79,0.68,0.83,24.0,,,,True,0.47,False,1.36,267.3,-1.26,2.0,260.9,-3.62,2.0,277.32,2.45,4.0,0.79,288.5,6.58,1.0,2.12,"Lincoln Electric Holdings, Inc.",Industrials,Tools & Accessories,14760704000,27.108109,21.62052,1.53,9.497439,3.2940361,9.99,1.17,0.12353,0.18243,0.37736,0.12,307077120.0,77.347,1.982,0.83048,0.0226,1.221,310.0,216.22,304.9091,58.1,Buy,2.00,11,1.0,6.0,4.0,0.0,1.0,2.82,2.82,True,11,2026-10-29,29.0,False,False,,0,0,,1,Is The Buyback The Reason To Own Lincoln Electric Stock?,0,,N/A,0,N/A,0,0,,,,,,,,,,,,,,,,True,True,True,False,False,False,True,,,,,,,,
LITE,down,WAIT,973.01,973.01,2026-09-29,False,980.45,19:58,0.76,sip,975.85,23:37,0.29,boats,288,,,,,975.85,overnight,,,-,UPTREND_WEAK,1.44,1.4,True,False,10,,,,,,,,,974.31,,,,,,,"above the EMA50 but not a clean uptrend yet (missing: higher highs) - pullback and MA-bounce setups need higher highs, higher lows and a rising EMA50",,,,,,,True,False,2,True,False,True,False,973.01,885.85,True,61.73,55.54,True,True,False,,855.18,1002.0,973.01,911.99,True,61.54,43.55,True,True,False,hammer,855.18,1002.0,973.01,937.28,True,75.26,75.94,False,True,False,hammer,881.23,998.88,934.51,998.88,64.38,60.45,106.5,938.43,994.96,881.23,851.01,993.07,T1 - nearest resistance,0.16,True,945.24,974.31,False,down,channel sloping down,880.74,low,2026-07-29,True,20,9,10,1,-1,up,1,down,1,887.63,935.01,982.39,-0.27,0.05,90.0,,,,False,1.04,False,2.71,909.87,-6.49,2.0,809.24,-16.83,6.0,993.07,2.06,5.0,0.16,,,,,Lumentum Holdings Inc.,Technology,Communication Equipment,87322050560,,28.042698,0.63,18.57309,28.972145,-98.23,,-2.3009598,0.27954,-2.40027,1.093,224700000.0,35.987,1.678,0.943,0.0792,1.541,1085.68,147.81,1157.071,88.0,Strong Buy,1.50,26,5.0,17.0,4.0,0.0,0.0,4.21,4.21,True,22,2026-11-05,36.0,False,True,2026-03-23,0,0,2026-09-28 Citigroup: main -> Buy,0,,0,,N/A,0,N/A,0,0,,,,not fetched for down-trend tickers,,,,,,,,,,,,,,,,,,,,,,,,,,
LLY,up,WATCH,1186.24,1186.24,2026-09-29,False,1186.07,19:08,-0.01,sip,1186.46,22:42,0.02,boats,8,,,,,1186.46,overnight,MA_RECLAIM,MA reclaim (early trend),C,EARLY_UPTREND,0.75,0.27,False,True,4,1164.75,1143.34,1197.79,0.27,1165.12,,price,1197.79,,Price: pull back to 1165.12 or lower (R:R 1.5+ with the same stop and target) OR close above 1197.79 on 1.5x+ volume (becomes a fresh breakout),2.7,T1 - overhead resistance (20-bar high) inside 1 ATR,1197.79,3.0,R:R 0.27 below 1.5,R:R 0.27 below 1.5,,,,,,,True,True,0,False,False,False,False,1186.24,1164.75,True,85.47,80.88,True,True,True,hammer,1132.63,1197.79,1186.24,1167.25,True,78.82,79.7,False,False,False,bullish_engulfing,1132.63,1197.79,1186.24,1173.37,True,67.25,60.61,True,True,False,piercing_line,1160.84,1194.09,1168.47,1192.94,24.47,28.54,85.7,1164.4,1197.01,1160.84,1143.34,1197.79,T1 - overhead resistance (20-bar high) inside 1 ATR,0.27,True,1187.02,1180.06,True,up,WATCH setup overrides the 1h channel (channel rising but weak fit (R2 0.35 < 0.5)),1180.05,low,2026-08-03,True,20,9,4,7,5,down,1,up,1,1166.45,1187.32,1208.19,0.32,0.35,47.0,,,,False,1.39,False,2.6,1146.55,-3.35,6.0,1112.0,-6.26,3.0,1191.73,0.46,3.0,0.13,1236.05,4.2,2.0,1.16,Eli Lilly and Company,Healthcare,Drug Manufacturers - General,1055928287232,39.832886,24.917295,1.17,31.172834,13.25444,29.74,0.58,0.33528998,0.54222,1.02286,0.477,11065900032.0,162.071,1.355,0.8532,0.0084,0.502,1292.65,763.3,1328.8337,79.9,Buy,1.63,29,6.0,19.0,3.0,1.0,1.0,9.96,9.87,True,17,2026-10-29,29.0,False,True,1970-12-31,0,0,2026-09-28 JP Morgan: main -> Overweight,0,,0,,N/A,0,N/A,0,0,,,,,,,,,,,,,,,,True,True,True,True,False,False,True,,,,,,,,
LNG,down,WAIT,267.23,267.23,2026-09-29,False,267.29,18:16,0.02,sip,,,,,0,,,,,267.29,after-hours,SUPPORT_BOUNCE,Support bounce,D,CORRECTION,-0.45,0.05,True,True,0,265.99,261.54,275.21,1.4,267.01,,,,267.74,Setup: Rejection - closed back above the test bar / upper half of range | Price: pull back to 267.01 or lower (R:R 1.5+ with the same stop and target) | Then the turn has to show at that price - daily: a green candle - trade above 267.45 (today's open / mid-range) and hold it into the close; 1h: reclaim the session VWAP (267.74) and 1h MACD bullish or 1h %K above %D | Confirmations: any 2 of: Volume on the bounce >= average; Daily stochastic reset and turning up; Trend context intact,9.0,"T1 - nearest real resistance (swing level, 4 touch(es))",,1.0,Rejection - closed back above the test bar / upper half of range; no turn yet on the daily and 1h charts; confirmations 1/4 (need 3); R:R 1.40 below 1.5,weak support bounce: Rejection - closed back above the test bar / upper half of range; no turn yet on the daily and 1h charts; confirmations 1/4 (need 3); R:R 1.40 below 1.5,,,,,,,False,False,1,False,False,True,False,267.23,270.43,False,22.05,28.31,False,False,False,,264.36,281.0,267.23,274.03,False,18.19,23.68,False,False,False,,264.36,281.0,267.23,271.85,False,22.09,26.87,False,False,False,hammer,265.1,273.71,265.1,269.8,4.7,7.11,66.1,262.69,272.21,265.1,261.54,275.21,"T1 - nearest real resistance (swing level, 4 touch(es))",1.4,True,276.39,267.74,False,down,channel sloping down,273.8,low,2026-07-28,False,20,5,9,6,-4,down,1,mixed,1,263.58,269.07,274.56,-0.43,0.42,33.0,,,,True,0.17,False,2.22,265.99,-0.46,5.0,251.47,-5.9,3.0,275.13,2.96,3.0,1.39,282.7,5.79,4.0,2.72,"Cheniere Energy, Inc.",Energy,Oil & Gas Midstream,55204515840,20.403816,12.691737,9.46,8.975789,2.638839,13.1,0.82,0.13944,0.74996,0.39116,0.227,720875008.0,243.42,0.871,0.91514,0.0189,-0.002,300.89,186.2,310.1905,70.7,Strong Buy,1.41,21,5.0,15.0,2.0,0.0,0.0,4.79,4.68,True,4,2026-10-29,29.0,False,False,,0,0,2026-09-10 Scotiabank: main -> Sector Outperform,0,,0,,N/A,0,N/A,0,0,,,,not fetched for down-trend tickers,,,,,,True,True,False,False,False,False,,,,,,,,,,,,,,,
LRCX,up,WATCH,324.04,324.04,2026-09-29,False,325.38,19:58,0.41,sip,322.3,23:30,-0.54,boats,25,,,,,322.3,overnight,MA_RECLAIM,MA reclaim (early trend),C,EARLY_UPTREND,1.16,0.47,False,True,6,307.5,292.51,345.73,0.69,313.8,,price,,,Price: pull back to 313.80 or lower (R:R 1.5+ with the same stop and target),2.7,"T1 - nearest real resistance (swing level, 2 touch(es))",,3.0,R:R 0.69 below 1.5,R:R 0.69 below 1.5,FRESH_BREAKOUT(weak),,,,,,True,True,0,False,False,False,False,324.04,307.5,True,89.16,83.41,True,True,True,,265.78,328.32,324.04,303.34,True,88.75,91.19,False,False,True,bullish_engulfing,265.78,328.32,324.04,308.68,True,75.62,72.15,True,True,False,,305.54,328.32,319.15,328.32,9.17,14.29,64.2,314.03,333.44,305.54,292.51,345.73,"T1 - nearest real resistance (swing level, 2 touch(es))",0.69,True,304.21,323.08,True,up,channel rising (R2 0.76),302.71,low,2026-07-29,True,20,9,7,4,2,up,1,down,1,313.15,320.28,327.41,0.99,0.76,76.0,,,,True,0.08,False,0.89,322.91,-0.35,5.0,311.31,-3.93,1.0,345.28,6.55,1.0,0.67,356.28,9.95,1.0,1.02,Lam Research Corporation,Technology,Semiconductor Equipment & Materials,405286289408,56.323475,27.58711,1.46,32.493225,17.444656,5.75,0.42,0.31272,0.37390998,0.65066004,0.3,3090484480.0,33.049,2.629,0.88845,0.0233,1.859,438.5,131.02,373.7742,62.8,Strong Buy,1.46,31,4.0,25.0,6.0,0.0,0.0,2.18,2.18,True,25,2026-10-21,21.0,False,True,2012-06-29,0,0,2026-09-01 UBS: main -> Buy,0,,1,"Semiconductor Metrology Global Market Opportunity Analysis and Industry Forecast 2026-2036 Featuring KLA Corp., Applied Materials, ASML, Hitachi High-Tech Corp., Lam Research Corp. and More",N/A,0,N/A,0,0,,,,,,,,,,,,,,,,True,True,True,True,False,False,True,,,,,,,,
MANH,down,WAIT,200.11,200.11,2026-09-29,False,200.11,16:37,0.0,sip,,,,,0,,,,,200.11,after-hours,,,-,UPTREND_WEAK,0.39,0.89,False,False,64,,,,,,,,,,,,,,,,"above the EMA50 but not a clean uptrend yet (missing: higher highs, higher lows) - pullback and MA-bounce setups need higher highs, higher lows and a rising EMA50",,,,,,,True,True,3,True,False,True,True,200.11,197.54,True,28.31,36.06,False,False,False,,196.79,213.3,200.11,206.29,False,18.81,22.0,False,True,False,,196.79,213.3,200.11,204.98,False,35.9,23.52,True,True,False,,196.79,210.38,197.55,201.13,3.57,6.56,54.4,194.57,204.11,196.79,193.51,202.24,T1 - nearest resistance,0.32,True,209.5,199.38,True,down,channel sloping down,200.08,low,2026-07-23,True,20,4,9,7,-5,mixed,1,down,2,194.57,201.02,207.46,-0.72,0.45,43.0,,,,True,0.46,False,1.96,197.08,-1.51,1.0,187.22,-6.44,3.0,202.24,1.06,4.0,0.32,207.48,3.68,1.0,1.12,"Manhattan Associates, Inc.",Technology,Software - Application,11667407872,57.502872,32.55976,2.57,74.05996,10.360043,3.48,,0.18667999,0.25015,0.96378,0.093,321116384.0,34.209,0.983,1.1295301,0.0656,0.947,227.03,119.06,220.7,75.1,Buy,1.73,10,2.0,6.0,3.0,0.0,0.0,1.46,1.47,False,10,2026-10-27,27.0,False,False,,0,1,2026-09-28 DA Davidson: down -> Neutral,0,,0,,N/A,0,N/A,0,0,,,,not fetched for down-trend tickers,,,,,,,,,,,,,,,,,,,,,,,,,,
MCHP,up,WATCH,78.78,78.78,2026-09-29,False,79.0,19:13,0.28,sip,,,,,0,,,,,79.0,after-hours,MA_RECLAIM,MA reclaim (early trend),C,EARLY_UPTREND,0.65,0.06,False,False,3,76.99,74.26,78.93,0.03,76.13,,price,78.93,79.42,Price: pull back to 76.13 or lower (R:R 1.5+ with the same stop and target) OR close above 78.93 on 1.5x+ volume (becomes a fresh breakout) | Then the turn has to show at that price - daily: a green candle - trade above 79.42 (today's open / mid-range) and hold it into the close; 1h: reclaim the session VWAP (79.28) and 1h MACD bullish or 1h %K above %D,5.0,T1 - overhead resistance (20-bar high) inside 1 ATR,"78.93, 81.32",3.0,no turn yet on the daily and 1h charts; R:R 0.03 below 1.5,no turn yet on the daily and 1h charts; R:R 0.03 below 1.5,FRESH_BREAKOUT(weak),,,,,,False,False,0,False,False,False,False,78.78,76.99,True,91.35,88.69,True,True,True,,68.75,80.37,78.78,75.18,True,84.28,86.82,False,False,True,,68.75,80.37,78.78,76.41,True,68.43,71.58,False,False,False,,75.93,80.37,78.47,80.37,1.9,2.75,69.1,77.62,81.22,75.93,74.26,78.93,T1 - overhead resistance (20-bar high) inside 1 ATR,0.03,True,75.41,79.28,False,up,channel rising (R2 0.67),74.86,low,2026-09-16,True,20,9,7,4,2,up,1,mixed,1,76.74,78.89,81.04,0.97,0.67,47.0,,,,True,0.28,False,1.8,78.0,-0.99,1.0,73.83,-6.28,11.0,81.19,3.06,2.0,0.53,85.81,8.92,2.0,1.56,Microchip Technology Incorporated,Technology,Semiconductors,42778226688,114.17391,17.187551,0.23,6.631313,8.351371,0.69,2.33,0.0934,0.23958,0.0719,0.38,1364762496.0,83.688,1.921,1.02601,0.080299996,1.736,105.91,48.52,107.84,52.7,Buy,1.54,25,2.0,18.0,6.0,0.0,0.0,0.93,0.93,True,22,2026-11-05,36.0,False,True,2007-09-07,0,0,,0,,0,,N/A,0,N/A,0,0,,,,,,,,,,,,,,,,True,True,True,True,False,False,True,,,,,,,,
MDB,down,WAIT,336.91,336.91,2026-09-29,False,336.89,19:59,-0.01,sip,335.7,23:23,-0.36,boats,60,,,,,335.7,overnight,,,-,RANGE,-1.67,0.06,False,False,0,,,,,,,,,,,,,,,,no trend (below a flat EMA50) - wait for a reclaim or a breakout,,,,,,,True,True,3,True,True,True,False,336.91,383.14,False,38.97,57.48,False,False,False,,300.0,439.68,336.91,389.98,False,24.57,28.79,False,False,False,bullish_engulfing,300.0,439.68,336.91,378.13,False,46.3,34.75,True,True,False,bullish_harami,300.0,420.51,321.0,349.0,28.0,27.76,100.9,321.24,348.76,300.0,286.12,354.17,T1 - nearest resistance,0.34,True,334.92,332.71,True,down,channel sloping down,376.96,low,2026-07-24,False,20,5,6,9,-1,up,1,down,1,293.17,348.03,402.9,-3.9,0.5,40.0,,,,False,0.76,False,1.63,315.88,-6.24,1.0,291.79,-13.39,1.0,354.17,5.12,3.0,0.34,373.33,10.81,1.0,0.72,"MongoDB, Inc.",Technology,Software - Infrastructure,27162793984,474.9155,43.270206,1.67,9.123846,9.761064,0.71,,0.02116,0.0368,0.01989,0.305,561356224.0,1.846,4.866,0.96752,0.0367,1.585,473.1,215.68,454.15244,47.1,Buy,1.63,37,8.0,24.0,9.0,0.0,0.0,1.61,1.51,True,34,2026-12-01,62.0,False,False,,0,0,2026-09-29 DA Davidson: main -> Buy,0,,0,,37,17,-54.1,21,0,,,,not fetched for down-trend tickers,,,,,,,,,,,,,,,,,,,,,,,,,,
META,down,WAIT,739.02,739.02,2026-09-29,False,743.3,19:59,0.58,sip,738.75,23:47,-0.04,boats,1985,,,,,738.75,overnight,PULLBACK,Pullback in uptrend,D,UPTREND,3.21,3.64,True,True,19,713.19,705.72,779.82,1.23,735.36,,,,,"Price: pull back to 735.36 or lower (R:R 1.5+ with the same stop and target) | Confirmations: any 2 of: Volume fading into the end of the dip; Daily stochastic reset; Pullback low sat at value | Extension: pull back closer to the EMA50 (now 3.2 ATR above, max 3)",6.1,T1 - nearest real resistance (120-bar high + 20-bar high + 52-week high),,1.0,confirmations 1/4 (need 3); R:R 1.23 below 1.5; extended 3.2 ATR above EMA50,weak pullback in uptrend: confirmations 1/4 (need 3); R:R 1.23 below 1.5; extended 3.2 ATR above EMA50,,,,,,,True,True,2,False,False,True,True,739.02,643.14,True,69.52,79.46,False,False,False,bullish_harami,660.8,779.82,739.02,674.5,True,53.75,54.21,False,True,False,,660.8,779.82,739.02,727.94,True,54.64,43.24,True,True,False,,713.19,754.35,715.1,740.45,25.35,29.88,84.8,710.57,744.98,713.19,705.72,779.82,T1 - nearest real resistance (120-bar high + 20-bar high + 52-week high),1.23,True,748.75,727.16,True,down,channel sloping down,634.8,low,2026-07-30,True,20,13,2,5,11,mixed,1,down,1,702.33,735.82,769.3,-0.26,0.05,55.0,,,,False,1.91,False,2.8,681.96,-7.72,2.0,655.24,-11.34,3.0,779.82,5.52,1.0,1.23,,,,,"Meta Platforms, Inc.",Communication Services,Internet Content & Information,1882072023040,26.9533,21.128471,0.95,7.206301,8.2457695,27.41,0.29,0.29834998,0.34827,0.29848,0.28,21553625088.0,42.997,2.226,0.79017997,0.014099999,1.243,779.82,520.26,793.90735,84.3,Strong Buy,1.42,57,8.0,46.0,7.0,1.0,0.0,6.34,6.53,False,44,2026-10-28,28.0,False,True,2013-12-23,0,0,,0,,0,,3,98,-1.0,154,0,,,,not fetched for down-trend tickers,,True,False,False,False,True,,,,,,,,,,,,,,,,,,,,
MGNI,up,WATCH,25.68,25.68,2026-09-29,False,25.81,19:44,0.51,sip,,,,,0,,,,,25.81,after-hours,FRESH_BREAKOUT,Fresh breakout,C,UPTREND,2.56,1.38,True,True,90,25.53,24.8,26.84,1.31,25.61,,price,,,Price: pull back to 25.61 or lower (R:R 1.5+ with the same stop and target),2.1,T1 - nearest real resistance (120-bar high + 20-bar high + 52-week high),,3.0,R:R 1.31 below 1.5,R:R 1.31 below 1.5,PULLBACK(watch),True,True,True,False,True,True,True,0,False,False,False,False,25.68,22.86,True,34.38,26.89,True,True,False,,23.09,26.84,25.68,23.99,True,52.13,28.59,True,True,False,,23.09,26.84,25.68,24.39,True,85.96,88.74,False,False,True,,23.09,26.4,24.27,26.4,2.13,1.1,193.6,25.3,25.37,23.09,24.8,26.84,T1 - nearest real resistance (120-bar high + 20-bar high + 52-week high),1.31,True,24.12,25.33,True,up,WATCH setup overrides the 1h channel (channel sloping down),23.59,low,2026-07-23,True,20,7,9,4,-2,up,1,down,1,22.9,24.1,25.31,-0.39,0.09,115.0,,,,True,0.14,False,1.41,25.53,-0.58,3.0,24.13,-6.04,4.0,26.84,4.52,1.0,1.32,,,,,"Magnite, Inc.",Communication Services,Advertising Agencies,3681698304,23.336363,19.914661,0.09,3.9310873,4.961563,1.1,,0.22489999,0.16192,0.19579001,0.112,160217744.0,44.536,1.025,1.00605,0.09,2.293,26.84,10.82,29.66667,92.8,Strong Buy,1.47,15,3.0,10.0,2.0,0.0,0.0,0.28,0.28,True,9,2026-11-04,35.0,False,False,,0,0,2026-09-18 B. Riley Securities: main -> Buy,0,,0,,N/A,0,N/A,0,0,,,,,,,,,,,,,,,,,,,,,,,,,,,,,,
MMM,down,WAIT,168.52,168.52,2026-09-29,False,168.8,19:59,0.17,sip,,,,,0,,,,,168.8,after-hours,,,-,CORRECTION,-0.21,-0.03,True,False,0,,,,,,,,,169.8,,,,,,,under EMA50 by 0.2 ATR with a higher low intact - wait for a support bounce or an EMA50 reclaim,,,,,,,False,True,2,True,False,True,False,168.52,169.25,False,84.49,83.95,True,True,True,,161.37,170.98,168.52,169.03,False,62.64,70.69,False,False,False,bullish_harami,161.37,170.98,168.52,168.15,True,34.58,25.12,True,True,False,,167.24,170.98,167.24,170.98,3.74,3.47,107.8,167.51,170.71,167.24,165.5,170.75,T1 - nearest resistance,0.74,True,169.2,168.49,True,down,channel rising but weak fit (R2 0.32 < 0.5),166.41,low,2026-09-14,True,20,7,8,5,-1,mixed,1,down,1,167.33,169.85,172.36,0.25,0.32,24.0,,,,True,0.06,False,0.64,168.32,-0.12,1.0,166.29,-1.32,1.0,170.75,1.32,1.0,0.74,173.96,3.23,1.0,1.8,3M Company,Industrials,Conglomerates,86894075904,30.141323,17.166372,1.59,29.43571,3.4509163,5.59,1.84,0.11902001,0.20354,0.81891996,0.025,6350125056.0,437.937,1.24,0.76705,0.0194,1.074,184.9,139.34,187.70557,64.0,Buy,2.21,18,1.0,8.0,8.0,0.0,2.0,2.39,2.39,True,13,2026-10-20,20.0,False,True,1957-03-04,1,0,2026-09-25 Wells Fargo: init -> Equal-Weight,0,,0,,N/A,0,N/A,0,0,,,,not fetched for down-trend tickers,,,,,,,,,,,,,,,,,,,,,,,,,,
MNST,down,WAIT,41.74,41.74,2026-09-29,False,41.82,18:37,0.19,sip,,,,,0,,,,,41.82,after-hours,,,-,DOWNTREND,-3.37,-1.17,False,False,0,,,,,,,,,,,,,,,,downtrend (below a falling EMA50) - no long setup,,,,,,,True,True,3,True,True,True,False,41.74,45.01,False,22.46,26.97,False,True,False,,41.05,45.08,41.74,44.25,False,17.19,18.57,False,True,False,,41.05,45.08,41.74,42.84,False,42.73,35.0,True,True,False,,41.05,43.17,41.05,41.9,0.85,0.97,87.6,40.93,42.02,41.05,40.56,42.19,T1 - nearest resistance,0.38,True,41.85,41.58,True,down,channel sloping down,41.58,low,2026-09-29,True,20,6,13,1,-7,down,5,up,1,40.74,41.42,42.11,-1.19,0.89,73.0,,,,,,,,,,,,,,42.19,1.08,1.0,0.38,45.05,7.93,4.0,2.81,Monster Beverage Corporation,Consumer Defensive,Beverages - Non-Alcoholic,81770823680,38.648148,31.883041,2.15,8.732218,8.869856,1.08,,0.23079,0.2918,0.25704,0.202,1681231104.0,0.992,3.729,0.69588995,0.030199999,0.515,50.17,32.94,50.23913,51.1,Buy,2.04,23,3.0,11.0,10.0,0.0,1.0,0.30,0.30,True,10,2026-11-05,36.0,False,True,2012-06-28,0,0,,0,,0,,N/A,0,N/A,0,0,,,,not fetched for down-trend tickers,,,,,,,,,,,,,,,,,,,,,,,,,,
MPC,up,BUY,392.13,392.13,2026-09-29,False,390.17,19:07,-0.5,sip,,,,,0,,,,,390.17,after-hours,MA_BOUNCE,MA bounce,B,UPTREND,1.78,1.77,True,True,67,390.62,375.82,431.08,2.39,,397.92,,,,,0.0,T1 - nearest real resistance (120-bar high + 20-bar high + 52-week high),,3.0,,,PULLBACK(BUY); SUPPORT_BOUNCE(watch),,,,,True,True,True,0,False,False,False,False,392.13,362.28,True,24.44,23.32,True,True,False,,378.8,431.08,392.13,387.08,True,23.99,23.5,True,True,False,,378.8,431.08,392.13,395.05,False,71.16,69.35,True,False,False,,380.0,398.33,380.0,394.23,14.23,16.73,85.1,377.5,396.73,380.0,375.82,431.08,T1 - nearest real resistance (120-bar high + 20-bar high + 52-week high),2.39,False,390.82,390.59,True,up,BUY setup overrides the 1h channel (channel sloping down),379.21,low,2026-08-07,True,20,11,5,4,6,down,1,up,1,373.19,385.97,398.74,-0.66,0.39,74.0,,,,True,0.24,False,0.79,388.16,-1.01,1.0,378.95,-3.36,2.0,431.08,9.93,1.0,2.39,,,,,Marathon Petroleum Corporation,Energy,Oil & Gas Refining & Marketing,114447917056,13.495008,8.317309,0.9,5.8156056,0.7424644,29.05,1.03,0.05549,0.13561,0.42099,0.537,9249375232.0,133.328,1.25,0.79495,0.0319,0.527,431.08,161.93,375.5,85.5,Buy,2.32,18,4.0,5.0,9.0,0.0,1.0,22.74,19.49,True,17,2026-11-03,34.0,False,True,2011-07-01,0,1,2026-09-22 Jefferies: down -> Hold,0,,0,,N/A,0,N/A,0,0,,,,,,,True,,,False,,True,,True,,,,,,,,,,,,,,True,True,
MPLX,filtered,WAIT,57.03,57.03,2026-09-29,False,56.83,19:06,-0.35,sip,,,,,0,,,,,56.83,after-hours,,,-,DOWNTREND,-1.2,-0.31,False,False,0,,,,,,,,,57.5,,,,,,,downtrend (below a falling EMA50) - no long setup,,,,,,,False,True,4,True,True,True,True,57.03,58.44,False,21.62,21.91,False,True,False,,56.02,60.04,57.03,58.59,False,28.73,28.23,True,False,False,bullish_harami,56.02,60.04,57.03,57.84,False,46.9,45.54,True,True,False,,56.02,57.85,56.6,57.76,1.16,1.18,98.3,56.58,57.78,56.02,55.43,58.02,T1 - nearest resistance,0.62,True,56.94,57.01,True,down,channel sloping down,57.07,low,2026-09-28,False,20,6,10,4,-4,mixed,1,down,4,55.6,56.53,57.47,-0.82,0.8,77.0,,,,False,0.59,,,56.33,-1.23,2.0,,,,58.02,1.74,7.0,0.62,60.17,5.51,7.0,1.96,MPLX LP,Energy,Oil & Gas Midstream,57890557952,12.402174,11.835485,3.03,4.1241956,4.810583,4.6,7.47,0.39279997,0.3825,0.33688,0.106,1366375040.0,183.364,0.892,0.19708,0.018099999,0.458,60.95,47.8,62.84615,70.2,Buy,2.40,13,2.0,4.0,8.0,0.0,1.0,1.15,1.19,False,5,2026-11-03,34.0,False,False,,0,0,,0,,0,,N/A,0,N/A,0,0,,,,ticker filtered out,,,,,,,,,,,,,,,,,,,,,,,,,,
MRK,down,WAIT,149.32,149.32,2026-09-29,False,150.0,19:57,0.46,sip,149.5,20:31,0.12,boats,3,,,,,149.5,overnight,,,-,UPTREND_WEAK,2.25,1.08,False,True,69,,,,,,,,,,,,,,,,"above the EMA50 but not a clean uptrend yet (missing: higher lows) - pullback and MA-bounce setups need higher highs, higher lows and a rising EMA50",,,,,,,True,True,3,True,False,True,True,149.32,141.78,True,58.76,55.53,True,True,False,,143.5,153.57,149.32,146.47,True,40.4,38.4,True,True,False,,143.5,153.57,149.32,148.31,True,71.2,63.22,True,True,False,,146.09,150.36,146.09,150.36,4.27,3.35,127.5,147.01,149.44,146.09,144.42,153.19,T1 - nearest resistance,0.79,True,148.71,148.18,True,down,channel sloping down,142.6,low,2026-07-21,True,20,7,7,6,0,mixed,1,down,2,145.55,147.95,150.35,-0.2,0.21,79.0,,,,False,1.07,False,2.09,145.75,-2.39,1.0,142.32,-4.69,1.0,153.19,2.59,2.0,0.79,156.92,5.09,1.0,1.55,"Merck & Co., Inc.",Healthcare,Drug Manufacturers - General,368299376640,119.423996,15.659223,2.72,8.788414,5.532596,1.25,2.29,0.047659997,-0.00241,0.06961,0.051,15171500032.0,128.408,1.323,0.83064,0.0139999995,0.226,156.92,82.01,154.61539,89.9,Buy,1.75,26,5.0,15.0,8.0,0.0,0.0,2.19,2.21,False,18,2026-10-29,29.0,False,True,1957-03-04,0,0,2026-09-29 Scotiabank: main -> Sector Outperform,0,,0,,N/A,0,N/A,0,0,,,,not fetched for down-trend tickers,,,,,,,,,,,,,,,,,,,,,,,,,,
MRVL,up,WATCH,263.28,263.28,2026-09-29,False,264.9,19:59,0.62,sip,262.9,23:46,-0.14,boats,987,,,,,262.9,overnight,SUPPORT_BOUNCE,Support bounce,C,UPTREND,2.49,2.68,True,True,11,252.93,246.65,266.74,0.21,254.69,,price,266.74,,"Price: pull back to 254.69 or lower (R:R 1.5+ with the same stop and target) OR close above 266.74 on 1.5x+ volume (becomes a fresh breakout) | Confirmations: any 1 of: Volume on the bounce >= average, or Daily stochastic reset and turning up",3.7,"T1 - overhead resistance (swing level, 2 touch(es) + 20-bar high) inside 1 ATR",266.74,2.0,confirmations 2/4 (need 3); R:R 0.21 below 1.5,confirmations 2/4 (need 3); R:R 0.21 below 1.5,,,,,,,True,True,0,False,False,False,False,263.28,232.0,True,84.29,85.5,False,True,True,,224.58,267.48,263.28,240.67,True,72.21,66.28,True,True,False,hammer,224.58,267.48,263.28,255.55,True,90.49,86.44,True,True,True,hammer,248.14,267.48,256.88,264.39,7.51,12.56,59.8,251.83,269.44,248.14,246.65,266.74,"T1 - overhead resistance (swing level, 2 touch(es) + 20-bar high) inside 1 ATR",0.21,True,262.76,261.83,True,up,WATCH setup overrides the 1h channel (channel rising but weak fit (R2 0.01 < 0.5)),225.25,low,2026-07-29,True,20,11,5,4,6,up,1,down,1,251.4,259.82,268.23,0.07,0.01,71.0,,,,False,0.82,False,1.7,252.93,-3.93,3.0,241.88,-8.13,1.0,266.74,1.31,2.0,0.21,,,,,"Marvell Technology, Inc.",Technology,Semiconductors,236601966592,83.313286,38.892735,1.34,12.456588,25.03645,3.16,0.1,0.27934998,0.16679001,0.16523,0.365,2408049920.0,28.525,3.168,0.81813,0.0418,2.253,329.88,70.69,290.9704,74.3,Strong Buy,1.41,43,9.0,32.0,5.0,0.0,0.0,1.10,1.10,True,34,2026-12-01,62.0,False,True,2026-06-22,0,0,2026-09-23 Seaport Global: init -> Buy,0,,2,Marvell Technology (MRVL) Starts Custom AI Chip Shipments And Eyes Higher Forecasts,73,6,200.0,11,0,,,,,,,,,,,True,True,False,False,True,,,,,,,,True,,,,,,,
MSFT,up,WAIT,509.04,509.04,2026-09-29,False,509.65,19:57,0.12,sip,509.4,23:35,0.07,boats,275,,,,,509.4,overnight,MA_BOUNCE,MA bounce,D,UPTREND,2.53,1.28,True,True,43,499.47,490.67,515.3,0.34,500.52,,,515.3,,"Setup: Rejection - closed back above the test bar / upper half of range | Price: pull back to 500.52 or lower (R:R 1.5+ with the same stop and target) OR close above 515.30 on 1.5x+ volume (becomes a fresh breakout) | Confirmations: any 1 of: Volume fading into the end of the dip so far - too short to judge), or Daily stochastic reset and turning up",6.7,"T1 - overhead resistance (swing level, 5 touch(es)) inside 1 ATR","515.3, 519.4",2.0,Rejection - closed back above the test bar / upper half of range; confirmations 2/4 (need 3); R:R 0.34 below 1.5,weak ma bounce: Rejection - closed back above the test bar / upper half of range; confirmations 2/4 (need 3); R:R 0.34 below 1.5,,,,,,True,True,True,1,False,False,True,False,509.04,479.4,True,76.46,69.16,True,True,False,,487.23,519.4,509.04,496.53,True,60.42,66.58,False,False,False,bullish_engulfing,487.23,519.4,509.04,504.92,True,50.75,39.98,True,True,False,,502.22,519.4,502.4,513.64,11.24,11.73,95.8,501.91,514.13,502.22,490.67,515.3,"T1 - overhead resistance (swing level, 5 touch(es)) inside 1 ATR",0.34,True,497.7,508.57,True,up,channel rising (R2 0.56),476.66,low,2026-07-23,True,20,9,8,3,1,up,1,mixed,1,502.96,513.12,523.29,0.55,0.56,30.0,,,,False,1.63,False,2.66,489.96,-3.75,5.0,477.84,-6.13,2.0,515.3,1.23,5.0,0.34,,,,,Microsoft Corporation,Technology,Software - Infrastructure,3779305668608,28.338531,21.496983,1.65,8.544615,11.388973,17.96,0.77,0.40305,0.45111,0.34039003,0.177,16545500160.0,29.118,1.23,0.75803,0.0091,1.108,553.72,349.2,577.26135,78.2,Strong Buy,1.33,52,14.0,39.0,2.0,0.0,0.0,4.72,4.72,True,25,2026-10-28,28.0,False,True,1994-06-01,1,0,2026-09-23 Stifel: up -> Buy,0,,0,,25,29,16.0,236,0,,,,,,,,,,True,,False,,False,,,,,,,,,,,,,,True,True,False
MTCH,down,WAIT,40.13,40.13,2026-09-29,False,40.1,16:48,-0.07,sip,,,,,0,,,,,40.1,after-hours,,,-,DOWNTREND,-0.22,-0.08,False,True,0,,,,,,,,,,,,,,,,downtrend (below a falling EMA50) - no long setup,,,,,,,True,True,3,True,True,True,False,40.13,40.42,False,14.23,17.12,False,False,False,bullish_engulfing,39.11,44.58,40.13,41.26,False,13.17,10.0,True,True,False,,39.11,44.58,40.13,40.78,False,61.75,43.7,True,True,False,bullish_engulfing,39.11,41.43,39.11,40.14,1.03,1.32,78.0,38.82,40.43,39.11,38.45,41.22,T1 - nearest resistance,0.65,True,40.55,39.71,True,down,channel sloping down,40.71,low,2026-08-06,False,20,4,8,8,-4,mixed,1,down,2,37.83,39.11,40.39,-1.36,0.74,90.0,,,,True,0.13,False,1.38,39.96,-0.42,5.0,38.31,-4.54,1.0,41.22,2.72,2.0,0.65,42.46,5.81,1.0,1.39,"Match Group, Inc.",Communication Services,Internet Content & Information,9211881472,14.031469,8.766718,0.33,-38.923374,2.6249762,2.86,2.02,0.20169,0.28771,,-0.012,930664000.0,,1.724,1.09436,0.057800002,1.323,44.935,28.81,41.88235,70.2,Buy,2.40,17,2.0,5.0,13.0,0.0,0.0,1.01,0.93,True,5,2026-11-03,34.0,False,False,,0,0,,0,,0,,N/A,0,N/A,0,0,,,,not fetched for down-trend tickers,,,,,,,,,,,,,,,,,,,,,,,,,,
MTSI,down,WAIT,284.45,284.45,2026-09-29,False,284.27,16:00,-0.06,sip,,,,,0,,,,,284.27,after-hours,MA_RECLAIM,MA reclaim (early trend),D,EARLY_UPTREND,0.25,0.07,False,True,1,281.1,270.94,289.2,0.35,278.24,,,289.2,,Setup: Held 2+ closes above EMA50 | Price: pull back to 278.24 or lower (R:R 1.5+ with the same stop and target) OR close above 289.20 on 1.5x+ volume (becomes a fresh breakout),5.5,"T1 - overhead resistance (swing level, 7 touch(es) + 20-bar high) inside 1 ATR",289.2,3.0,Held 2+ closes above EMA50 (has 1); R:R 0.35 below 1.5,weak ma reclaim (early trend): Held 2+ closes above EMA50 (has 1); R:R 0.35 below 1.5,,,,,,,True,True,2,False,False,True,True,284.45,281.1,True,87.99,88.45,False,False,True,bullish_harami;hammer,242.16,289.26,284.45,274.35,True,68.07,65.88,True,True,False,,242.16,289.26,284.45,278.08,True,79.58,72.31,True,True,False,hammer,274.48,289.26,279.02,286.3,7.28,13.55,53.7,272.75,292.57,274.48,270.94,289.2,"T1 - overhead resistance (swing level, 7 touch(es) + 20-bar high) inside 1 ATR",0.35,True,278.98,283.69,True,down,channel rising but weak fit (R2 0.12 < 0.5),274.55,low,2026-07-29,True,20,10,8,2,2,up,1,down,1,273.98,282.24,290.5,0.27,0.12,63.0,,,,False,1.33,False,2.27,266.42,-6.34,1.0,253.72,-10.8,2.0,286.98,0.89,5.0,0.19,318.42,11.94,1.0,2.51,"MACOM Technology Solutions Holdings, Inc.",Technology,Semiconductors,21709963264,88.557625,33.497875,2.05,14.089511,18.651588,3.21,,0.20698999,0.23337,0.17184,0.358,104351504.0,26.873,2.338,0.97331,0.0435,1.708,418.9,121.97,395.33334,54.7,Buy,1.56,15,3.0,10.0,3.0,0.0,0.0,1.97,2.00,False,16,2026-11-05,36.0,False,False,,1,0,2026-09-18 BMO Capital: up -> Outperform,0,,0,,N/A,0,N/A,0,0,,,,not fetched for down-trend tickers,,,,,,,,,,,,False,True,True,True,False,False,True,,,,,,,,
MU,down,WAIT,1065.4,1065.4,2026-09-29,False,1071.92,19:59,0.61,sip,1071.2,23:46,0.54,boats,5013,,,,,1071.2,overnight,SUPPORT_BOUNCE,Support bounce,D,UPTREND,2.21,2.37,True,True,9,1038.01,1016.16,1099.01,0.68,1049.3,,,1099.01,1077.69,Price: pull back to 1049.30 or lower (R:R 1.5+ with the same stop and target) OR close above 1099.01 on 1.5x+ volume (becomes a fresh breakout) | Then the turn has to show at that price - daily: a green candle - trade above 1077.69 (today's open / mid-range) and hold it into the close; 1h: reclaim the session VWAP (1070.82) and 1h MACD bullish or 1h %K above %D | Confirmations: any 2 of: Bullish candle; Volume on the bounce >= average; Daily stochastic reset and turning up,6.4,"T1 - overhead resistance (swing level, 2 touch(es)) inside 1 ATR","1099.01, 1108.72",1.0,no turn yet on the daily and 1h charts; confirmations 1/4 (need 3); R:R 0.68 below 1.5,weak support bounce: no turn yet on the daily and 1h charts; confirmations 1/4 (need 3); R:R 0.68 below 1.5,,,,,,,False,False,1,False,False,True,False,1065.4,968.74,True,79.76,82.57,False,False,False,,917.65,1108.72,1065.4,1004.02,True,56.78,62.32,False,False,False,,917.65,1108.72,1065.4,1053.92,True,69.12,71.52,False,False,False,,1032.0,1087.2,1057.7,1082.66,24.96,43.7,57.1,1038.96,1101.4,1032.0,1016.16,1099.01,"T1 - overhead resistance (swing level, 2 touch(es)) inside 1 ATR",0.68,True,1071.73,1070.82,False,down,channel rising but weak fit (R2 0.03 < 0.5),935.64,low,2026-07-29,True,20,8,6,6,2,mixed,1,down,1,1042.3,1071.73,1101.16,0.11,0.03,39.0,,,,False,0.63,False,1.84,1038.01,-2.57,3.0,984.96,-7.55,4.0,1108.72,4.07,1.0,0.88,,,,,"Micron Technology, Inc.",Technology,Semiconductors,1202894012416,23.811312,6.595224,0.15,11.938352,13.324923,44.73,0.05,0.55906,0.80370003,0.66638,3.457,7639499776.0,6.33,3.425,0.799,0.024500001,2.222,1255.0,165.5,1520.7609,82.6,Strong Buy,1.37,46,9.0,36.0,3.0,0.0,1.0,31.82,31.33,True,33,2026-09-30,0.0,True,True,1994-09-27,0,0,2026-09-28 Wedbush: reit -> Outperform,0,,0,,1,278,60.7,1941,0,,,,not fetched for down-trend tickers,,,,,,False,True,True,False,False,True,,,,,,,,,,,,,,,
NBIS,down,WAIT,237.27,237.27,2026-09-29,False,240.26,19:58,1.26,sip,240.1,23:34,1.19,boats,495,,,,,240.1,overnight,SUPPORT_BOUNCE,Support bounce,D,UPTREND_WEAK,1.06,1.45,True,False,9,229.42,221.76,251.97,0.95,233.84,,,251.97,241.31,Price: pull back to 233.84 or lower (R:R 1.5+ with the same stop and target) OR close above 251.97 on 1.5x+ volume (becomes a fresh breakout) | Then the turn has to show at that price - daily: a green candle - trade above 240.29 (today's open / mid-range) and hold it into the close; 1h: reclaim the session VWAP (241.31) and 1h MACD bullish or 1h %K above %D | Confirmations: any 3 of: Bullish candle; Volume on the bounce >= average; Daily stochastic reset and turning up; Trend context intact,7.2,"T1 - overhead resistance (swing level, 2 touch(es)) inside 1 ATR",251.97,0.0,no turn yet on the daily and 1h charts; confirmations 0/4 (need 3); R:R 0.95 below 1.5,weak support bounce: no turn yet on the daily and 1h charts; confirmations 0/4 (need 3); R:R 0.95 below 1.5,,,,,,,False,False,2,False,False,True,True,237.27,221.07,True,66.63,66.55,True,False,False,,208.48,249.19,237.27,226.4,True,62.32,62.2,True,False,False,,208.48,249.19,237.27,234.8,True,53.18,59.94,False,False,False,,228.38,246.98,233.61,246.98,13.37,15.33,87.2,231.65,248.94,228.38,221.76,251.97,"T1 - overhead resistance (swing level, 2 touch(es)) inside 1 ATR",0.95,True,233.85,241.31,False,down,channel rising but weak fit (R2 0.11 < 0.5),220.48,low,2026-07-29,True,20,10,6,4,4,up,1,down,1,230.32,239.49,248.67,0.33,0.11,38.0,,,,False,0.51,False,2.42,229.42,-3.31,4.0,200.19,-15.63,3.0,251.97,6.2,2.0,0.95,280.83,18.36,1.0,2.81,,Communication Services,Internet Content & Information,60264005632,,-67.92031,0.54,6.292217,44.471996,-0.07,,0.03129,-0.00223,0.00601,4.54,-9614650368.0,98.596,4.03,0.69456,0.1981,1.436,299.86,73.52,283.57895,72.3,Buy,1.89,19,2.0,5.0,1.0,1.0,0.0,-1.46,-1.12,False,3,2026-11-10,41.0,False,False,,1,0,2026-09-24 BNP Paribas: up -> Outperform,0,,0,,20,39,225.0,750,0,,,,not fetched for down-trend tickers,,,,,,False,True,True,False,False,False,,,,,,,,,,,,,,,
NEM,filtered,WAIT,117.11,117.11,2026-09-29,False,117.11,18:19,0.0,sip,116.68,23:40,-0.37,boats,52,,,,,116.68,overnight,,,-,RANGE,-0.25,0.3,False,False,0,,,,,,,,,117.24,,,,,,,no trend (below a flat EMA50) - wait for a reclaim or a breakout,,,,,,,False,True,4,True,True,True,True,117.11,118.15,False,13.39,15.07,False,True,False,,114.63,128.09,117.11,121.87,False,14.87,14.15,True,True,False,piercing_line,114.63,128.09,117.11,120.19,False,48.61,37.63,True,True,False,,114.63,121.94,115.97,117.8,1.83,4.17,43.9,113.63,120.14,114.63,112.55,120.58,T1 - nearest resistance,0.76,True,116.38,116.97,True,down,channel sloping down,119.57,low,2026-07-29,False,20,7,10,3,-3,up,1,down,4,113.15,116.65,120.16,-1.08,0.68,56.0,,,,False,0.92,False,4.81,113.28,-3.27,1.0,97.05,-17.13,3.0,120.58,2.96,3.0,0.76,126.0,7.59,1.0,1.95,Newmont Corporation,Basic Materials,Gold,123376828416,14.765448,11.432851,2.78,3.5183294,4.7881722,7.93,0.9,0.33363998,0.51569,0.25905,0.151,8815875072.0,15.807,2.546,0.81622005,0.0183,0.543,135.29,76.05,137.07143,69.3,Buy,1.57,21,5.0,15.0,2.0,1.0,0.0,1.91,1.92,False,7,2026-10-22,22.0,False,True,1969-06-30,0,0,2026-09-16 RBC Capital: main -> Outperform,0,,0,,N/A,0,N/A,0,0,,,,ticker filtered out,,,,,,,,,,,,,,,,,,,,,,,,,,
NESR,filtered,WAIT,26.49,26.49,2026-09-29,False,26.55,19:54,0.23,sip,,,,,0,,,,,26.55,after-hours,,,-,DOWNTREND,-3.17,-0.61,False,False,0,,,,,,,,,28.62,,,,,,,downtrend (below a falling EMA50) - no long setup,,,,,,,False,False,4,True,True,True,True,26.49,31.56,False,12.88,25.44,False,False,False,,25.77,33.62,26.49,32.21,False,7.12,7.24,False,True,False,,25.77,33.62,26.49,30.76,False,9.88,9.92,False,False,False,bullish_engulfing,25.77,32.62,25.77,28.92,3.15,1.6,196.9,27.32,27.37,25.77,24.97,27.03,T1 - nearest resistance,0.36,True,26.48,26.55,False,down,channel sloping down,32.52,low,2026-07-29,False,20,6,9,5,-3,down,2,mixed,1,25.7,28.66,31.62,-2.89,0.56,13.0,,,,False,1.32,,,24.37,-8.0,1.0,,,,27.03,2.04,1.0,0.36,30.01,13.29,3.0,2.32,National Energy Services Reunited Corp.,Energy,Oil & Gas Equipment & Services,2671563008,32.30488,9.873608,,2.5638793,1.6502182,0.82,,0.05768,0.124510005,0.09438,0.591,137608992.0,29.256,1.017,0.93193,0.0477,0.399,36.94,9.95,43.14286,61.3,Buy,1.57,7,4.0,3.0,0.0,0.0,0.0,0.46,0.53,False,6,2026-11-12,43.0,False,False,,0,0,2026-09-29 UBS: main -> Buy,0,,0,,N/A,0,N/A,0,0,,,,ticker filtered out,,,,,,,,,,,,,,,,,,,,,,,,,,
NOW,down,WAIT,129.99,129.99,2026-09-29,False,129.28,19:59,-0.55,sip,129.68,20:35,-0.24,boats,24,,,,,129.68,overnight,,,-,UPTREND_WEAK,0.3,1.15,False,False,46,,,,,,,,,130.83,,,,,,,"above the EMA50 but not a clean uptrend yet (missing: higher highs, higher lows) - pullback and MA-bounce setups need higher highs, higher lows and a rising EMA50",,,,,,,False,False,2,True,False,True,False,129.99,128.31,True,22.86,33.2,False,False,False,,126.75,142.1,129.99,134.23,False,21.03,22.37,False,False,False,bullish_harami,126.75,142.1,129.99,134.81,False,38.59,30.01,True,True,False,,126.75,138.25,128.12,132.44,4.32,5.61,77.0,126.83,133.73,126.75,123.95,130.44,T1 - nearest resistance,0.07,True,137.34,130.26,False,down,channel sloping down,124.1,low,2026-07-23,True,20,5,10,5,-5,up,1,down,2,126.63,131.52,136.41,-0.96,0.52,34.0,,,,False,1.45,False,2.14,121.88,-6.24,1.0,117.97,-9.25,2.0,130.44,0.35,3.0,0.07,135.72,4.41,2.0,0.95,"ServiceNow, Inc.",Technology,Software - Application,134340034560,81.2125,25.959394,0.95,10.7335205,9.118927,1.6,,0.11336,0.04063,0.14244,0.24,5149374976.0,67.538,0.701,0.84849,0.0279,0.972,192.966,81.24,144.99261,43.6,Strong Buy,1.43,46,10.0,35.0,2.0,1.0,1.0,1.03,1.03,True,39,2026-10-28,28.0,False,True,2019-11-21,0,0,2026-09-21 Cantor Fitzgerald: main -> Overweight,0,,0,,47,12,100.0,32,0,,,,not fetched for down-trend tickers,,,,,,,,,,,,,,,,,,,,,,,,,,
NTAP,up,WAIT,209.25,209.25,2026-09-29,False,210.99,19:59,0.83,sip,208.13,23:30,-0.54,boats,9,,,,,208.13,overnight,FRESH_BREAKOUT,Fresh breakout,D,UPTREND,2.92,1.82,True,True,115,203.91,200.08,210.04,0.09,204.06,,,210.04,,Setup: Volume >= 1.5x average | Price: pull back to 204.06 or lower (R:R 1.5+ with the same stop and target) OR close above 210.04 on 1.5x+ volume (becomes a fresh breakout),5.7,T1 - overhead resistance (52-week high) inside 1 ATR,210.04,4.0,Volume >= 1.5x average (best of live/last 3 bars: 1.3x); R:R 0.09 below 1.5,weak fresh breakout: Volume >= 1.5x average (best of live/last 3 bars: 1.3x); R:R 0.09 below 1.5,,False,True,True,True,True,True,True,1,False,False,True,False,209.25,186.91,True,94.47,87.75,True,True,True,,186.13,210.04,209.25,194.1,True,94.23,93.01,True,True,True,,186.13,210.04,209.25,200.38,True,91.61,90.14,True,True,True,bullish_engulfing,197.5,210.04,200.79,210.04,9.25,7.66,120.8,202.38,208.45,197.5,200.08,210.04,T1 - overhead resistance (52-week high) inside 1 ATR,0.09,True,203.72,206.95,True,up,channel rising (R2 0.72),192.53,low,2026-09-03,True,20,10,4,6,6,up,2,mixed,1,201.09,205.86,210.63,0.92,0.72,86.0,,,,True,0.02,False,1.18,209.06,-0.09,1.0,200.2,-4.32,2.0,,,,,,,,,"NetApp, Inc.",Technology,Software - Infrastructure,41086926848,28.892265,18.80956,2.27,27.422653,5.559048,7.24,1.02,0.19184999,0.26667,1.14818,0.299,1171374976.0,169.498,1.242,1.01977,0.051799998,1.432,210.04,93.69,197.0,99.3,Buy,2.30,16,2.0,6.0,12.0,0.0,0.0,2.60,2.16,True,18,2026-12-01,62.0,False,True,1999-06-25,0,0,2026-09-03 Wells Fargo: main -> Equal-Weight,0,,0,,N/A,0,N/A,0,0,,,,,,,,,,,,,,,,,,,,,,,,,,,,,,
NTNX,down,WAIT,70.1,70.1,2026-09-29,False,70.09,16:08,-0.01,sip,,,,,0,,,,,70.09,after-hours,FRESH_BREAKOUT,Fresh breakout,D,UPTREND_WEAK,2.7,1.54,True,False,71,68.79,67.77,74.42,1.85,,70.43,,,,Setup: Volume >= 1.5x average,3.0,T1 - nearest real resistance (120-bar high + 20-bar high),71.08,4.0,Volume >= 1.5x average (best of live/last 3 bars: 1.1x),weak fresh breakout: Volume >= 1.5x average (best of live/last 3 bars: 1.1x),,False,True,True,True,True,True,True,1,False,False,True,False,70.1,64.59,True,62.69,58.86,True,True,False,,66.25,71.08,70.1,67.69,True,62.15,51.31,True,True,False,,66.25,71.08,70.1,69.03,True,92.33,85.51,True,True,True,,66.25,70.31,67.9,70.31,2.4,2.04,117.6,68.27,69.94,66.25,67.77,74.42,T1 - nearest real resistance (120-bar high + 20-bar high),1.85,False,69.78,69.66,True,down,channel sloping down,65.54,low,2026-07-23,True,20,7,9,4,-2,up,1,down,1,67.36,68.63,69.9,-0.25,0.23,108.0,,,,False,0.64,False,2.36,68.79,-1.87,3.0,65.29,-6.86,3.0,71.08,1.4,1.0,0.42,74.42,6.16,1.0,1.85,"Nutanix, Inc.",Technology,Software - Infrastructure,18964262912,13.299809,26.353983,1.41,26.988832,6.645861,5.27,,0.52806,0.12891,374.6021,0.159,727732992.0,216.559,1.798,0.96898,0.056799997,0.622,77.9,34.01,76.76286,82.2,Buy,2.07,14,2.0,6.0,7.0,0.0,0.0,0.60,0.60,True,15,2026-11-25,56.0,False,False,,0,0,2026-09-28 Needham: main -> Buy,0,,0,,N/A,0,N/A,0,0,,,,not fetched for down-trend tickers,,,,,,,,,,,,,,,,,,,,,,,,,,
NVDA,down,WAIT,227.3,227.3,2026-09-29,False,228.35,19:59,0.46,sip,228.01,23:46,0.31,boats,3317,,,,,228.01,overnight,MA_BOUNCE,MA bounce,D,UPTREND,1.73,0.86,True,True,9,222.67,218.63,230.51,0.37,223.38,,,230.51,230.99,Price: pull back to 223.38 or lower (R:R 1.5+ with the same stop and target) OR close above 230.51 on 1.5x+ volume (becomes a fresh breakout) | Then the turn has to show at that price - daily: a green candle - trade above 230.99 (today's open / mid-range) and hold it into the close; 1h: reclaim the session VWAP (229.63) and 1h MACD bullish or 1h %K above %D | Confirmations: any 2 of: Bullish candle; Volume fading into the end of the dip so far - too short to judge); Daily stochastic reset and turning up,6.7,"T1 - overhead resistance (swing level, 8 touch(es)) inside 1 ATR",230.51,1.0,no turn yet on the daily and 1h charts; confirmations 1/4 (need 3); R:R 0.37 below 1.5,weak ma bounce: no turn yet on the daily and 1h charts; confirmations 1/4 (need 3); R:R 0.37 below 1.5,PULLBACK(weak),,,,,True,False,False,1,False,False,True,False,227.3,217.97,True,74.33,68.95,True,True,False,,212.5,233.21,227.3,221.92,True,64.68,69.86,False,False,False,,212.5,233.21,227.3,226.03,True,31.51,46.33,False,False,False,,223.13,233.21,227.02,232.82,5.8,5.39,107.6,227.43,232.41,223.13,218.63,230.51,"T1 - overhead resistance (swing level, 8 touch(es)) inside 1 ATR",0.37,True,224.61,229.63,False,down,channel rising but weak fit (R2 0.08 < 0.5),218.9,low,2026-07-29,True,20,12,8,0,4,down,1,up,2,223.01,228.01,233.02,0.16,0.08,43.0,,,,True,0.47,False,1.15,224.76,-1.12,1.0,221.09,-2.73,1.0,229.46,0.95,3.0,0.25,234.76,3.28,1.0,0.86,NVIDIA Corporation,Technology,Semiconductors,5486440087552,28.907125,14.488005,0.48,23.959719,18.108856,7.86,0.44,0.63663,0.66236997,1.17211,1.059,41809874944.0,16.971,4.589,0.71419,0.0127,2.217,236.54,164.27,327.7,87.2,Strong Buy,1.30,59,10.0,48.0,2.0,1.0,0.0,2.47,2.47,True,43,2026-11-17,48.0,False,True,2001-11-30,0,0,2026-09-29 Rosenblatt: main -> Buy,0,,0,,4,87,-46.3,583,0,,,,not fetched for down-trend tickers,,,,,,False,,True,,False,,,,,,,,,,,,,,True,True,False
NWS,down,WAIT,31.5,31.5,2026-09-29,False,31.5,16:26,0.0,sip,,,,,0,,,,,31.5,after-hours,,,-,DOWNTREND,-1.45,-0.64,False,True,0,,,,,,,,,32.0,,,,,,,downtrend (below a falling EMA50) - no long setup,,,,,,,False,True,3,True,True,True,False,31.5,32.61,False,23.22,18.96,True,True,False,,31.15,33.86,31.5,32.77,False,26.4,30.29,False,False,False,,31.15,33.86,31.5,31.96,False,22.32,18.95,True,True,False,,31.15,32.27,31.21,32.15,0.94,0.77,122.1,31.38,31.98,31.15,30.77,31.57,T1 - nearest resistance,0.1,True,31.53,31.45,True,down,channel sloping down,33.07,low,2026-07-23,False,20,3,8,9,-5,mixed,4,down,1,30.58,31.3,32.03,-0.55,0.48,64.0,,,,False,0.64,False,2.47,31.01,-1.56,3.0,29.6,-6.03,1.0,31.57,0.22,1.0,0.1,32.08,1.84,1.0,0.79,News Corporation,Communication Services,Entertainment,16995180544,31.18812,20.837193,2.9,2.007776,1.8824968,1.01,0.62,0.06347,0.12537,0.07979,0.108,1045124992.0,31.561,1.623,0.50158,0.0868,0.923,35.76,25.49,,58.5,Strong Buy,1.50,N/A,2.0,5.0,1.0,0.0,0.0,0.26,0.26,True,4,2026-11-05,36.0,False,True,2015-09-18,0,0,,0,,0,,N/A,0,N/A,0,0,,,,not fetched for down-trend tickers,,,,,,,,,,,,,,,,,,,,,,,,,,
NWSA,down,WAIT,28.52,28.52,2026-09-29,False,28.52,16:08,0.0,sip,,,,,0,,,,,28.52,after-hours,,,-,DOWNTREND,-0.74,-0.4,False,True,0,,,,,,,,,29.05,,,,,,,downtrend (below a falling EMA50) - no long setup,,,,,,,False,True,3,True,True,True,False,28.52,29.07,False,25.84,20.08,True,True,False,,27.98,30.64,28.52,29.39,False,29.64,30.04,False,True,False,bullish_harami,27.98,30.64,28.52,28.83,False,38.32,33.95,True,True,False,bullish_engulfing,27.98,29.12,28.18,29.05,0.87,0.74,117.6,28.31,28.92,27.98,27.61,29.04,T1 - nearest resistance,0.57,True,28.49,28.42,True,down,channel sloping down,29.25,low,2026-07-23,False,20,2,7,11,-5,mixed,4,down,1,27.45,28.17,28.88,-0.64,0.51,75.0,,,,True,0.32,False,1.49,28.28,-0.84,3.0,27.42,-3.86,1.0,29.04,1.82,3.0,0.57,30.18,5.82,1.0,1.82,News Corporation,Communication Services,Entertainment,15387382784,28.237625,18.865929,2.61,1.8178341,1.7044066,1.01,0.69,0.06347,0.12537,0.07979,0.108,1045124992.0,31.561,1.623,1.0849199,0.032899998,0.923,31.66,22.2,36.1625,66.8,Strong Buy,1.50,8,2.0,5.0,1.0,0.0,0.0,0.26,0.26,True,4,2026-11-05,36.0,False,True,2013-08-01,0,0,,0,,0,,N/A,0,N/A,0,0,,,,not fetched for down-trend tickers,,,,,,,,,,,,,,,,,,,,,,,,,,
OKE,down,WAIT,86.87,86.87,2026-09-29,False,86.78,17:50,-0.1,sip,,,,,0,,,,,86.78,after-hours,,,-,DOWNTREND,-2.24,-0.74,False,True,0,,,,,,,,,87.59,,,,,,,downtrend (below a falling EMA50) - no long setup,,,,,,,False,False,3,True,True,True,False,86.87,92.19,False,7.21,8.83,False,False,False,,86.06,95.01,86.87,92.33,False,8.58,10.34,False,False,False,hammer,86.06,95.01,86.87,89.91,False,15.13,9.88,True,True,False,,86.06,89.67,86.06,88.1,2.04,2.38,85.7,85.72,88.44,86.06,84.87,87.99,T1 - nearest resistance,0.56,True,88.67,87.09,False,down,channel sloping down,92.82,low,2026-08-04,False,20,8,11,1,-3,down,1,mixed,1,85.83,87.17,88.51,-0.96,0.87,39.0,,,,False,1.42,,,83.48,-3.9,1.0,,,,87.99,1.29,2.0,0.56,90.96,4.71,3.0,2.04,"ONEOK, Inc.",Energy,Oil & Gas Midstream,54757343232,15.001727,13.927125,1.67,2.3871162,1.3909806,5.79,4.83,0.09287,0.13254,0.16277,0.528,899875008.0,143.07,0.737,0.8482,0.048800003,0.719,99.85,64.02,101.5,63.8,Buy,2.27,20,2.0,7.0,13.0,0.0,0.0,1.54,1.50,True,13,2026-10-27,27.0,False,True,2010-03-15,0,0,2026-09-11 TD Cowen: main -> Hold,0,,0,,N/A,0,N/A,0,0,,,,not fetched for down-trend tickers,,,,,,,,,,,,,,,,,,,,,,,,,,
OKTA,down,WAIT,204.85,204.85,2026-09-29,False,205.89,19:58,0.51,sip,,,,,0,,,,,205.89,after-hours,,,-,UPTREND_WEAK,3.62,5.25,False,True,24,,,,,,,,,,,,,,,,"above the EMA50 but not a clean uptrend yet (missing: higher lows) - pullback and MA-bounce setups need higher highs, higher lows and a rising EMA50",,,,,,,True,True,3,True,False,True,True,204.85,165.54,True,74.68,77.59,False,False,False,,180.55,212.5,204.85,181.6,True,71.77,66.72,True,True,False,bullish_engulfing,180.55,212.5,204.85,198.68,True,72.83,70.48,True,True,False,,190.74,208.69,200.59,208.69,8.1,10.86,74.6,197.83,211.45,190.74,185.31,212.5,T1 - nearest resistance,0.39,True,203.23,203.48,True,down,channel rising but weak fit (R2 0.31 < 0.5),178.98,low,2026-08-26,True,20,10,7,3,3,up,1,down,2,195.71,205.54,215.38,0.8,0.31,46.0,,,,False,1.13,False,2.24,192.55,-6.0,1.0,180.55,-11.86,1.0,212.5,3.73,1.0,0.39,,,,,"Okta, Inc.",Technology,Software - Infrastructure,35817312256,121.952385,46.792496,1.67,5.136511,11.655487,1.68,,0.09632,0.13292,0.043130003,0.106,1037625024.0,0.76,1.525,0.99362,0.054899998,0.789,212.5,62.66,212.24907,94.9,Buy,1.66,43,9.0,25.0,10.0,0.0,0.0,0.93,0.94,False,41,2026-12-01,62.0,False,False,,0,1,2026-09-29 Morgan Stanley: main -> Overweight,0,,0,,N/A,0,N/A,0,0,,,,not fetched for down-trend tickers,,,,,,,,,,,,,,,,,,,,,,,,,,
ONTO,up,WATCH,304.56,304.56,2026-09-29,False,305.0,17:35,0.14,sip,,,,,0,,,,,305.0,after-hours,MA_RECLAIM,MA reclaim (early trend),C,EARLY_UPTREND,1.6,0.61,False,False,3,281.35,270.45,308.08,0.1,285.5,,price,308.08,,Price: pull back to 285.50 or lower (R:R 1.5+ with the same stop and target) OR close above 308.08 on 1.5x+ volume (becomes a fresh breakout),3.3,"T1 - overhead resistance (swing level, 7 touch(es)) inside 1 ATR",308.08,3.0,R:R 0.10 below 1.5,R:R 0.10 below 1.5,,,,,,,True,True,0,False,False,False,False,304.56,281.35,True,95.98,91.28,True,True,True,,240.2,304.78,304.56,278.08,True,93.86,92.64,True,True,True,,240.2,304.78,304.56,284.09,True,93.44,89.19,True,True,True,,279.66,304.78,295.89,304.78,8.89,14.53,61.2,290.25,310.42,279.66,270.45,308.08,"T1 - overhead resistance (swing level, 7 touch(es)) inside 1 ATR",0.1,True,275.94,301.27,True,up,channel rising (R2 0.73),282.36,low,2026-07-29,True,20,10,7,3,3,up,1,mixed,1,287.63,296.25,304.88,1.17,0.73,98.0,,,,False,1.1,False,2.14,288.62,-5.23,1.0,273.46,-10.21,2.0,304.69,0.04,2.0,0.0,330.52,8.52,2.0,0.76,Onto Innovation Inc.,Technology,Semiconductor Equipment & Materials,18623698944,108.81786,26.069689,0.82,7.770325,16.62627,2.8,,0.11838,0.2297,0.06825,0.353,202947248.0,76.547,9.726,1.0152301,0.071,1.583,386.46,118.97,386.36365,69.4,Strong Buy,1.18,11,2.0,9.0,0.0,0.0,0.0,2.30,2.30,True,10,2026-11-05,36.0,False,False,,0,0,2026-09-08 Morgan Stanley: main -> Overweight,0,,0,,N/A,0,N/A,0,0,,,,,,,,,,,,,,,,True,True,True,True,False,False,True,,,,,,,,
ORCL,down,WAIT,137.9,137.9,2026-09-29,False,138.91,19:59,0.73,sip,139.04,23:46,0.83,boats,830,,,,,139.04,overnight,,,-,DOWNTREND,-1.2,-1.33,False,False,0,,,,,,,,,139.05,,,,,,,downtrend (below a falling EMA50) - no long setup,,,,,,,False,False,3,True,True,True,False,137.9,147.15,False,10.37,11.49,False,True,False,,131.58,153.6,137.9,144.98,False,20.47,14.81,True,True,False,,131.58,153.6,137.9,140.55,False,52.61,52.84,False,True,False,,131.58,143.67,132.53,143.67,11.14,7.69,144.9,135.98,140.22,131.58,127.74,138.72,T1 - nearest resistance,0.08,True,138.41,139.05,False,down,channel sloping down,145.03,low,2026-07-28,False,20,7,10,3,-3,up,1,down,1,127.22,133.21,139.2,-1.89,0.74,89.0,,,,False,1.18,False,2.32,128.84,-6.57,1.0,120.03,-12.96,1.0,138.72,0.59,4.0,0.08,150.95,9.46,6.0,1.28,Oracle Corporation,Technology,Software - Infrastructure,417710505984,20.782804,12.529563,0.74,10.566717,5.81964,6.63,1.51,0.2636,0.35632,0.41192,0.296,-45853626368.0,251.716,1.171,0.43467999,0.0273,1.732,322.54,114.5,237.97415,11.2,Buy,1.60,41,8.0,27.0,7.0,1.0,0.0,1.74,1.74,True,35,2026-12-10,71.0,False,True,1989-08-31,0,0,2026-09-14 Freedom Broker: main -> Buy,0,,0,,22,35,29.6,182,0,,,,not fetched for down-trend tickers,,,,,,,,,,,,,,,,,,,,,,,,,,
OVV,filtered,WAIT,58.82,58.82,2026-09-29,False,58.83,16:37,0.02,sip,,,,,0,,,,,58.83,after-hours,,,-,DOWNTREND,-1.52,-0.74,False,False,0,,,,,,,,,58.91,,,,,,,downtrend (below a falling EMA50) - no long setup,,,,,,,True,False,4,True,True,True,True,58.82,61.8,False,11.87,15.33,False,False,False,,58.15,66.25,58.82,62.18,False,19.72,23.68,False,False,False,,58.15,66.25,58.82,60.33,False,23.93,26.02,False,False,False,,58.15,61.12,58.15,59.32,1.17,1.95,60.0,57.37,60.1,58.15,57.17,61.3,T1 - nearest resistance,1.5,False,60.26,58.91,False,down,channel sloping down,63.53,low,2026-08-05,False,20,7,9,4,-2,down,1,up,1,58.47,59.47,60.48,-0.21,0.21,17.0,,,,True,0.37,False,2.0,58.09,-1.24,4.0,54.92,-6.63,2.0,61.3,4.22,1.0,1.5,62.99,7.09,3.0,2.53,Ovintiv Inc.,Energy,Oil & Gas E&P,16272378880,16.618645,7.9375896,3.94,1.4151012,1.708745,3.54,2.02,0.09661,0.36176997,0.08411,0.297,1230499968.0,43.734,1.008,0.98166,0.045700002,0.541,67.51,35.47,76.5,72.9,Buy,1.59,24,6.0,16.0,5.0,0.0,0.0,1.78,1.80,False,21,2026-11-04,35.0,False,False,,0,0,2026-09-03 Seaport Global: init -> Neutral,0,,0,,N/A,0,N/A,0,0,,,,ticker filtered out,,,,,,,,,,,,,,,,,,,,,,,,,,
OXY,filtered,WAIT,54.94,54.94,2026-09-29,False,54.9,19:49,-0.07,sip,54.91,21:05,-0.05,boats,9,,,,,54.91,overnight,,,-,DOWNTREND,-1.91,-0.55,False,True,0,,,,,,,,,55.21,,,,,,,downtrend (below a falling EMA50) - no long setup,,,,,,,False,False,4,True,True,True,True,54.94,58.07,False,4.1,10.69,False,False,False,,54.76,62.46,54.94,58.5,False,4.35,8.49,False,False,False,,54.76,62.46,54.94,57.09,False,7.16,9.08,False,False,False,,54.76,57.56,54.76,55.67,0.91,1.64,55.5,54.03,56.4,54.76,53.94,55.84,T1 - nearest resistance,0.9,True,56.88,55.19,False,down,channel sloping down,59.06,low,2026-08-05,False,20,8,7,5,1,down,1,mixed,1,54.62,56.0,57.37,-0.49,0.39,12.0,,,,False,0.91,False,1.87,53.45,-2.71,3.0,51.87,-5.59,1.0,55.84,1.64,2.0,0.9,57.27,4.24,3.0,2.33,Occidental Petroleum Corporation,Energy,Oil & Gas E&P,54920077312,16.548193,13.671087,1.12,1.6415188,2.2954142,3.32,2.0,0.30318,0.45443,0.10629,0.534,3788124928.0,34.511,1.411,0.58083,0.0002,0.164,67.45,38.8,68.0,56.3,Buy,2.31,25,2.0,8.0,16.0,0.0,0.0,1.27,1.28,False,20,2026-11-09,40.0,False,True,1957-03-04,0,0,2026-09-14 Wells Fargo: main -> Overweight,0,,0,,N/A,0,N/A,0,0,,,,ticker filtered out,,,,,,,,,,,,,,,,,,,,,,,,,,
P,up,WAIT,130.03,130.03,2026-09-29,False,130.78,18:39,0.58,sip,,,,,0,,,,,130.78,after-hours,,,-,UPTREND,4.28,5.49,True,True,43,,,,,,,,,130.26,,,,,,,extended 4.3 ATR above EMA50 with no fresh breakout - wait for a pullback to value,,,,,,,False,False,2,True,False,True,False,130.03,100.22,True,91.74,86.17,True,True,True,,95.43,132.43,130.03,108.2,True,92.32,91.39,True,False,True,,95.43,132.43,130.03,120.9,True,76.77,77.56,False,False,False,,124.15,132.43,127.71,132.43,4.72,6.96,67.8,125.47,134.67,124.15,120.67,131.41,T1 - nearest resistance,0.15,True,129.91,130.16,False,up,channel rising (R2 0.77),105.05,low,2026-07-28,True,20,11,4,5,7,up,2,mixed,1,124.85,133.52,142.19,2.91,0.77,30.0,,,,False,1.59,False,2.41,118.95,-8.52,2.0,113.25,-12.9,2.0,131.41,1.06,1.0,0.15,,,,,"Everpure, Inc.",Technology,Computer Hardware,43336208384,178.15068,34.101994,2.64,29.718922,10.167687,0.73,,0.05943,0.053260002,0.17714001,0.377,-114351752.0,14.622,1.511,0.85326,0.028800001,1.434,132.435,56.78,145.3158,96.8,Buy,1.55,19,5.0,13.0,1.0,1.0,0.0,0.77,0.65,True,19,,,False,True,2026-09-21,0,0,2026-09-25 Barclays: main -> Equal-Weight,0,,2,Everpure’s $7 Billion Forecast Just Blew Past Wall Street’s Numbers,N/A,0,N/A,0,0,,,,,,,,,,,,,,,,,,,,,,,,,,,,,,
PAA,down,WAIT,23.94,23.94,2026-09-29,False,23.86,17:20,-0.33,sip,,,,,0,,,,,23.86,after-hours,,,-,DOWNTREND,-1.21,-0.17,False,True,0,,,,,,,,,24.34,,,,,,,downtrend (below a falling EMA50) - no long setup,,,,,,,False,False,3,True,True,True,False,23.94,24.57,False,12.23,12.39,False,False,False,,23.8,25.78,23.94,24.92,False,12.08,18.37,False,False,False,,23.8,25.78,23.94,24.57,False,7.79,5.36,True,True,False,bullish_harami,23.8,24.77,23.8,24.44,0.64,0.52,123.1,23.92,24.32,23.8,23.54,24.17,T1 - nearest resistance,0.57,True,24.65,24.0,False,down,channel sloping down,24.85,low,2026-08-07,False,20,6,9,5,-3,down,1,up,1,23.75,24.05,24.36,-0.61,0.79,31.0,,,,False,1.23,False,2.48,23.3,-2.67,1.0,22.65,-5.39,2.0,24.17,0.96,1.0,0.57,25.06,4.68,4.0,2.8,"Plains All American Pipeline, L.P.",Energy,Oil & Gas Midstream,16884205568,20.991228,12.540746,2.35,1.8673431,0.3228029,1.14,6.65,0.05286,0.02775,0.10184,0.663,1402625024.0,60.423,1.116,0.41581002,0.026199998,0.488,26.39,15.69,26.0,77.1,Buy,2.29,16,2.0,6.0,7.0,0.0,2.0,0.46,0.45,True,8,2026-11-04,35.0,False,False,,0,0,2026-09-21 UBS: main -> Buy,0,,0,,N/A,0,N/A,0,0,,,,not fetched for down-trend tickers,,,,,,,,,,,,,,,,,,,,,,,,,,
PAGP,filtered,WAIT,26.13,26.13,2026-09-29,False,25.85,16:17,-1.07,sip,,,,,0,,,,,25.85,after-hours,,,-,DOWNTREND,-1.14,-0.13,False,False,0,,,,,,,,,26.33,,,,,,,downtrend (below a falling EMA50) - no long setup,,,,,,,False,False,4,True,True,True,True,26.13,26.69,False,15.39,13.34,True,True,False,,25.97,27.95,26.13,27.11,False,13.78,20.62,False,False,False,,25.97,27.95,26.13,26.75,False,10.82,9.66,True,True,False,bullish_engulfing,25.97,26.86,25.97,26.53,0.57,0.49,116.3,26.04,26.46,25.97,25.72,26.71,T1 - nearest resistance,1.41,True,26.78,26.19,False,down,channel sloping down,27.06,low,2026-08-07,False,20,5,12,3,-7,down,1,up,1,25.79,26.13,26.47,-0.69,0.82,50.0,,,,True,0.39,False,3.22,25.94,-0.73,1.0,24.55,-6.05,2.0,26.71,2.22,2.0,1.41,27.38,4.78,1.0,3.05,"Plains GP Holdings, L.P.",Energy,Oil & Gas Midstream,6088301056,76.852936,12.667433,0.67,3.2727954,0.11639999,0.34,6.13,0.01059,0.02769,0.08309,0.663,1436000000.0,56.386,1.116,0.85256,0.0945,0.451,28.7,16.68,26.07692,78.6,Buy,2.36,13,1.0,5.0,6.0,0.0,2.0,0.49,0.50,False,4,2026-11-04,35.0,False,False,,0,0,2026-09-21 Mizuho: main -> Outperform,0,,0,,N/A,0,N/A,0,0,,,,ticker filtered out,,,,,,,,,,,,,,,,,,,,,,,,,,
PANW,down,WAIT,388.49,388.49,2026-09-29,False,388.89,19:57,0.1,sip,387.9,22:54,-0.15,boats,15,,,,,387.9,overnight,,,-,UPTREND_WEAK,1.83,2.14,True,False,12,,,,,,,,,391.0,,,,,,,"above the EMA50 but not a clean uptrend yet (missing: higher highs) - pullback and MA-bounce setups need higher highs, higher lows and a rising EMA50",,,,,,,False,True,2,True,False,True,False,388.49,354.05,True,84.01,85.14,False,False,True,hammer,356.0,396.3,388.49,367.7,True,78.81,77.85,True,False,False,bullish_harami,356.0,396.3,388.49,380.85,True,72.02,65.86,True,True,False,,367.27,394.5,377.96,391.75,13.79,18.83,73.2,372.92,396.79,367.27,357.85,434.45,1.5R - no resistance above,1.5,False,391.27,384.11,True,down,channel rising but weak fit (R2 0.34 < 0.5),359.05,low,2026-07-28,True,20,8,5,7,3,mixed,2,down,1,376.4,389.71,403.02,0.61,0.34,45.0,,,,True,0.17,False,1.91,385.23,-0.84,6.0,352.5,-9.26,2.0,,,,,,,,,"Palo Alto Networks, Inc.",Technology,Software - Infrastructure,317719379968,995.9231,79.60739,2.0,11.514244,27.675903,0.39,,0.02674,0.05396,0.01739,0.345,4240624896.0,9.337,0.871,0.84440005,0.0269,0.908,398.88,139.57,396.12,96.0,Buy,1.71,50,10.0,32.0,11.0,1.0,1.0,0.97,0.93,True,45,2026-11-19,50.0,False,True,2023-06-20,0,1,2026-09-28 BTIG: main -> Buy,0,,0,,N/A,0,N/A,0,0,,,,not fetched for down-trend tickers,,,,,,,,,,,,,,,,,,,,,,,,,,
PARR,up,WATCH,78.37,78.37,2026-09-29,False,78.5,16:32,0.17,sip,,,,,0,,,,,78.5,after-hours,MA_BOUNCE,MA bounce,C,UPTREND,0.25,0.07,True,True,3,77.29,73.17,80.85,0.48,76.24,,price,80.85,,Price: pull back to 76.24 or lower (R:R 1.5+ with the same stop and target) OR close above 80.85 on 1.5x+ volume (becomes a fresh breakout) | Then the turn has to show at that price - 1h: 1h MACD bullish or 1h %K above %D,3.5,"T1 - overhead resistance (swing level, 5 touch(es)) inside 1 ATR",80.85,4.0,no turn yet on the 1h chart; R:R 0.48 below 1.5,no turn yet on the 1h chart; R:R 0.48 below 1.5,PULLBACK(watch),,,,,True,True,False,0,False,False,False,False,78.37,77.29,True,27.36,22.1,True,True,False,bullish_engulfing,74.22,87.72,78.37,79.77,False,32.36,28.19,True,True,False,hammer,74.22,87.72,78.37,78.73,False,68.38,68.59,False,False,False,,75.12,79.08,75.83,79.08,3.25,4.24,76.7,74.84,80.07,75.12,73.17,80.85,"T1 - overhead resistance (swing level, 5 touch(es)) inside 1 ATR",0.48,True,77.87,78.01,True,up,WATCH setup overrides the 1h channel (channel sloping down),79.05,low,2026-08-07,False,20,7,7,6,0,mixed,2,down,1,72.8,76.1,79.4,-0.9,0.41,84.0,,,,False,1.15,False,3.16,73.51,-6.2,4.0,64.98,-17.09,1.0,81.09,3.47,6.0,0.52,87.24,11.32,3.0,1.71,"Par Pacific Holdings, Inc.",Energy,Oil & Gas Refining & Marketing,3923301632,4.576855,5.658633,,1.946412,0.45520303,17.11,,0.09942,0.21122,0.53489,0.568,82314872.0,56.166,1.84,1.03786,0.1276,0.773,87.72,33.21,86.57143,82.8,Buy,1.57,7,2.0,4.0,1.0,0.0,0.0,5.94,4.98,True,6,2026-11-03,34.0,False,False,,0,0,2026-09-14 Raymond James: main -> Outperform,0,,0,,N/A,0,N/A,0,0,,,,,,,True,,,,,True,,True,,,,,,,,,True,,,,,True,True,
PAY,filtered,WAIT,29.99,29.99,2026-09-29,False,30.0,16:00,0.03,sip,,,,,0,,,,,30.0,after-hours,,,-,DOWNTREND,-2.58,-2.38,False,False,0,,,,,,,,,,,,,,,,downtrend (below a falling EMA50) - no long setup,,,,,,,True,True,4,True,True,True,True,29.99,33.93,False,8.79,10.75,False,False,False,,29.28,37.41,29.99,34.05,False,9.8,9.22,True,True,False,,29.28,37.41,29.99,31.27,False,50.42,38.17,True,True,False,,29.37,30.76,29.37,30.08,0.71,1.53,46.4,28.55,30.9,29.37,28.61,30.28,T1 - nearest resistance,0.21,True,29.95,29.84,True,down,channel sloping down,36.49,low,2026-07-23,False,20,5,9,6,-4,mixed,1,down,1,26.68,28.67,30.65,-2.54,0.69,83.0,,,,True,0.42,False,1.18,29.34,-2.17,2.0,28.18,-6.04,1.0,30.28,0.97,1.0,0.21,32.41,8.07,1.0,1.75,"Paymentus Holdings, Inc.",Technology,Software - Infrastructure,3778189312,45.454544,27.498716,,6.1589,2.7773209,0.66,,0.06238,0.09043,0.15017,0.288,109502752.0,1.694,4.886,1.01274,0.077,1.312,45.31,20.11,40.14286,39.2,Buy,2.00,7,0.0,4.0,4.0,0.0,0.0,0.21,0.22,False,7,2026-11-02,33.0,False,False,,0,0,2026-09-17 Seaport Global: init -> Buy,0,,0,,N/A,0,N/A,0,0,,,,ticker filtered out,,,,,,,,,,,,,,,,,,,,,,,,,,
PCTY,up,WATCH,142.15,142.15,2026-09-29,False,142.19,16:00,0.03,sip,,,,,0,,,,,142.19,after-hours,SUPPORT_BOUNCE,Support bounce,C,UPTREND_WEAK,0.09,0.21,True,False,63,140.69,138.67,148.52,1.83,,142.61,trigger,,143.33,"Turn - daily: a green candle - trade above 143.33 (today's open / mid-range) and hold it into the close | Note: 143.33 is above the buy-up-to price 142.61 (R:R there would be 1.11), so it cannot qualify at that level today - it needs a fresh setup on a later day",1.0,"T1 - nearest real resistance (swing level, 5 touch(es))",,3.0,no turn yet on the daily chart,no turn yet on the daily chart,,,,,,,False,True,0,False,False,False,False,142.15,141.8,True,28.32,26.37,True,True,False,hammer,139.51,148.7,142.15,145.45,False,21.43,27.93,False,False,False,piercing_line,139.51,148.7,142.15,143.62,False,39.34,26.83,True,True,False,,139.51,145.53,139.51,144.26,4.75,4.04,117.6,140.22,143.55,139.51,138.67,148.52,"T1 - nearest real resistance (swing level, 5 touch(es))",1.83,False,143.71,141.08,True,up,WATCH setup overrides the 1h channel (channel sloping down),145.71,low,2026-07-23,False,20,5,10,5,-5,down,2,mixed,2,139.83,142.32,144.81,-0.28,0.3,47.0,,,,True,0.36,False,2.51,140.69,-1.03,3.0,132.01,-7.13,1.0,148.52,4.48,5.0,1.83,155.32,9.26,3.0,3.78,Paylocity Holding Corporation,Technology,Software - Application,7544169984,29.018368,14.64783,1.15,6.4453106,4.2590523,4.9,,0.15228,0.19062,0.21972999,0.11,359865120.0,10.887,1.089,0.89181,0.065,0.454,161.93,92.99,172.15,71.3,Strong Buy,1.45,20,3.0,15.0,3.0,0.0,0.0,1.90,1.90,True,18,2026-11-03,34.0,False,False,,0,0,,0,,1,Paylocity’s (PCTY) Record Profits Come With A Slowing Growth Forecast,N/A,0,N/A,0,0,,,,,,,,,,,True,True,True,True,False,,,,,,,,,True,,,,,,
PDFS,up,WATCH,49.8,49.8,2026-09-29,False,49.77,16:00,-0.06,sip,,,,,0,,,,,49.77,after-hours,MA_RECLAIM,MA reclaim (early trend),C,EARLY_UPTREND,0.88,0.68,True,True,6,47.66,45.83,50.4,0.15,47.66,,price,50.4,50.25,Price: pull back to 47.66 or lower (R:R 1.5+ with the same stop and target) OR close above 50.40 on 1.5x+ volume (becomes a fresh breakout) | Then the turn has to show at that price - daily: a green candle - trade above 50.25 (today's open / mid-range) and hold it into the close,3.9,"T1 - overhead resistance (swing level, 11 touch(es) + 20-bar high) inside 1 ATR",50.4,3.0,no turn yet on the daily chart; R:R 0.15 below 1.5,no turn yet on the daily chart; R:R 0.15 below 1.5,FRESH_BREAKOUT(weak); SUPPORT_BOUNCE(weak),,,,,,False,True,0,False,False,False,False,49.8,47.66,True,92.21,89.78,True,True,True,hammer,41.59,50.68,49.8,46.83,True,81.36,85.27,False,False,True,bullish_harami,41.59,50.68,49.8,48.09,True,37.42,24.95,True,True,False,,48.25,50.68,48.35,50.68,2.33,2.44,95.5,48.24,50.79,48.25,45.83,50.4,"T1 - overhead resistance (swing level, 11 touch(es) + 20-bar high) inside 1 ATR",0.15,True,48.28,49.38,True,up,channel rising (R2 0.68),46.04,low,2026-09-03,True,20,8,6,6,2,up,1,mixed,1,48.54,49.89,51.25,0.97,0.68,47.0,,,,True,0.41,False,1.51,48.81,-1.99,4.0,46.12,-7.39,2.0,52.65,5.72,3.0,0.72,55.0,10.44,2.0,1.31,"PDF Solutions, Inc.",Technology,Software - Application,2101648512,199.08,30.118002,4.19,5.597166,8.714133,0.25,,0.042740002,0.08229999,0.03272,0.189,-13259875.0,19.21,3.447,0.94664,0.098500006,1.634,71.69,23.55,61.5,54.5,Strong Buy,1.50,8,2.0,5.0,1.0,0.0,0.0,0.33,0.33,True,7,2026-11-05,36.0,False,False,,0,0,2026-09-25 Needham: init -> Buy,0,,0,,N/A,0,N/A,0,0,,,,,,,,,,,,,,,,True,True,True,True,False,False,True,,,,,,,,
PG,up,WATCH,148.35,148.35,2026-09-29,False,148.34,17:03,-0.01,sip,,,,,0,,,,,148.34,after-hours,MA_RECLAIM,MA reclaim (early trend),C,EARLY_UPTREND,0.91,0.16,False,True,3,146.32,144.55,149.48,0.3,146.52,,price,149.48,,Price: pull back to 146.52 or lower (R:R 1.5+ with the same stop and target) OR close above 149.48 on 1.5x+ volume (becomes a fresh breakout) | Then the turn has to show at that price - 1h: 1h MACD bullish or 1h %K above %D,3.8,T1 - overhead resistance (20-bar high) inside 1 ATR,149.48,4.0,no turn yet on the 1h chart; R:R 0.30 below 1.5,no turn yet on the 1h chart; R:R 0.30 below 1.5,,,,,,,True,False,0,False,False,False,False,148.35,146.32,True,79.71,70.75,True,True,False,hammer,145.11,149.48,148.35,146.49,True,80.21,78.04,True,False,True,,145.11,149.48,148.35,147.44,True,72.58,74.47,False,False,False,bullish_harami,145.11,149.48,146.84,148.84,2.0,2.24,89.3,146.6,149.08,145.11,144.55,149.48,T1 - overhead resistance (20-bar high) inside 1 ATR,0.3,True,147.6,148.18,True,up,WATCH setup overrides the 1h channel (channel rising but weak fit (R2 0.16 < 0.5)),145.27,low,2026-07-29,True,20,7,8,5,-1,mixed,2,down,1,146.18,148.07,149.97,0.14,0.16,57.0,,,,False,1.28,False,2.73,145.48,-1.93,8.0,142.24,-4.12,4.0,148.36,0.01,3.0,0.0,150.25,1.28,2.0,0.5,The Procter & Gamble Company,Consumer Defensive,Household & Personal Products,344759926784,22.506828,20.043379,3.81,6.46359,3.9613008,6.59,2.92,0.18437,0.22084999,0.30290002,0.015,13280874496.0,64.49,0.677,0.71843004,0.0104,0.377,167.25,137.62,160.6087,36.2,Buy,2.20,23,6.0,7.0,12.0,0.0,0.0,1.89,1.89,True,19,2026-10-22,22.0,False,True,1957-03-04,0,0,,0,,0,,N/A,0,N/A,0,0,,,,,,,,,,,,,,,,True,True,True,True,False,True,True,,,,,,,,
PH,filtered,WAIT,970.61,970.61,2026-09-29,False,970.5,19:37,-0.01,sip,,,,,0,,,,,970.5,after-hours,,,-,RANGE,-0.02,0.04,False,False,0,,,,,,,,,972.43,,,,,,,no trend (below a flat EMA50) - wait for a reclaim or a breakout,,,,,,,False,True,4,True,True,True,True,970.61,970.95,False,85.56,89.22,False,False,True,,911.41,983.92,970.61,966.93,True,68.82,73.19,False,False,False,bullish_harami,911.41,983.92,970.61,965.02,True,31.82,24.4,True,True,False,,960.99,983.92,960.99,978.53,17.54,20.85,84.1,957.68,981.84,960.99,950.57,977.89,T1 - nearest resistance,0.36,True,974.58,967.05,True,down,channel rising but weak fit (R2 0.22 < 0.5),957.14,low,2026-09-16,True,20,9,8,3,1,down,1,mixed,1,962.07,974.32,986.56,0.17,0.22,35.0,,,,False,1.62,False,2.84,936.81,-3.48,3.0,911.41,-6.1,1.0,977.89,0.75,2.0,0.36,997.12,2.73,2.0,1.32,Parker-Hannifin Corporation,Industrials,Specialty Industrial Machinery,122375700480,34.012268,24.643835,3.25,7.94363,5.6921577,28.53,0.83,0.16968,0.23458,0.25076,0.098,2961750016.0,56.66,1.262,0.90443003,0.0116,1.123,1099.94,715.37,1158.4137,66.4,Buy,1.73,24,3.0,16.0,6.0,1.0,0.0,8.14,8.15,False,10,2026-11-05,36.0,False,True,1985-11-30,0,0,2026-09-25 Wells Fargo: init -> Equal-Weight,0,,0,,N/A,0,N/A,0,0,,,,ticker filtered out,,,,,,,,,,,,,,,,,,,,,,,,,,
PLTR,up,WATCH,186.97,186.97,2026-09-29,False,187.45,19:59,0.26,sip,187.28,23:39,0.17,boats,236,,,,,187.28,overnight,PULLBACK,Pullback in uptrend,C,UPTREND,3.16,2.81,True,True,40,184.81,182.35,194.68,1.67,,187.28,trigger,,187.34,"Turn - daily: a green candle - trade above 187.34 (today's open / mid-range) and hold it into the close | Note: 187.34 is above the buy-up-to price 187.28 (R:R there would be 1.47), so it cannot qualify at that level today - it needs a fresh setup on a later day | Confirmations: any 1 of: Daily stochastic reset, or Pullback low sat at value | Extension: pull back closer to the EMA50 (now 3.2 ATR above, max 3)",4.0,T1 - nearest real resistance (120-bar high + 20-bar high),188.37,2.0,no turn yet on the daily chart; confirmations 2/4 (need 3); extended 3.2 ATR above EMA50,no turn yet on the daily chart; confirmations 2/4 (need 3); extended 3.2 ATR above EMA50,,,,,,,False,True,0,False,False,False,False,186.97,168.76,True,78.04,84.06,False,False,False,,168.96,194.68,186.97,178.47,True,59.86,66.86,False,False,False,bullish_harami,168.96,194.68,186.97,186.31,True,22.09,16.1,True,True,False,,184.81,192.35,184.81,188.63,3.82,5.77,66.2,182.86,190.58,184.81,182.35,194.68,T1 - nearest real resistance (120-bar high + 20-bar high),1.67,False,191.28,186.29,True,up,WATCH setup overrides the 1h channel (channel rising but weak fit (R2 0.15 < 0.5)),167.37,low,2026-07-28,True,20,8,9,3,-1,down,2,mixed,1,183.55,190.46,197.36,0.38,0.15,25.0,,,,False,1.08,False,3.38,180.74,-3.33,3.0,167.45,-10.44,5.0,188.37,0.75,1.0,0.3,194.68,4.12,1.0,1.67,Palantir Technologies Inc.,Technology,Software - Infrastructure,449299841024,159.80342,80.486786,1.8,45.961163,72.98638,1.17,,0.49005002,0.47120997,0.38097,0.928,2159104512.0,2.139,7.228,0.64754,0.027999999,1.621,207.52,106.37,195.56538,79.7,Buy,1.84,26,1.0,19.0,9.0,1.0,1.0,0.41,0.41,True,23,2026-11-02,33.0,False,True,2024-09-23,0,0,2026-09-23 Rosenblatt: main -> Buy,0,,0,,31,19,72.7,627,0,,,,,,True,True,False,False,True,,,,,,,,,,,,,,,,,,,,
PR,down,WAIT,21.2,21.2,2026-09-29,False,21.25,17:09,0.24,sip,,,,,0,,,,,21.25,after-hours,,,-,DOWNTREND,-1.09,-0.54,False,True,0,,,,,,,,,,,,,,,,downtrend (below a falling EMA50) - no long setup,,,,,,,True,True,3,True,True,True,False,21.2,22.02,False,4.68,7.51,False,False,False,,20.84,23.9,21.2,22.38,False,13.8,9.18,True,True,False,hammer,20.84,23.9,21.2,21.75,False,38.46,39.71,False,False,False,,20.84,21.68,20.84,21.28,0.44,0.74,59.5,20.54,21.58,20.84,20.47,21.95,T1 - nearest resistance,1.03,True,21.38,21.18,True,down,channel sloping down,22.35,low,2026-07-28,False,20,7,7,6,0,down,1,mixed,1,20.86,21.19,21.52,-0.59,0.7,52.0,,,,True,0.43,False,2.42,20.88,-1.51,1.0,19.41,-8.44,4.0,21.95,3.54,7.0,1.03,23.23,9.58,2.0,2.78,Permian Resources Corporation,Energy,Oil & Gas E&P,17756211200,13.677421,9.536019,1.13,1.4788978,3.0948482,1.55,2.96,0.21523,0.57444,0.114029996,0.551,458368128.0,26.246,0.624,0.92727,0.0254,0.484,24.645,11.92,27.14286,72.9,Strong Buy,1.30,21,3.0,18.0,2.0,0.0,0.0,0.55,0.54,True,18,2026-11-04,35.0,False,False,,0,0,2026-09-24 RBC Capital: reit -> Outperform,0,,0,,46,13,116.7,72,0,,,,not fetched for down-trend tickers,,,,,,,,,,,,,,,,,,,,,,,,,,
PSX,up,WATCH,252.22,252.22,2026-09-29,False,252.2,18:15,-0.01,sip,,,,,0,,,,,252.2,after-hours,PULLBACK,Pullback in uptrend,C,UPTREND,1.46,1.49,True,True,63,248.51,244.86,277.12,3.39,,257.77,trigger,,,"Confirmations: any 1 of: Volume fading into the end of the dip, or Bullish candle",1.0,T1 - nearest real resistance (120-bar high + 20-bar high + 52-week high),253.41,2.0,confirmations 2/4 (need 3),confirmations 2/4 (need 3),SUPPORT_BOUNCE(weak),,,,,,True,True,0,False,False,False,False,252.22,238.79,True,15.45,20.41,False,False,False,,248.51,277.12,252.22,252.98,False,12.65,14.24,False,False,False,,248.51,277.12,252.22,256.72,False,36.31,33.97,True,True,False,,248.51,259.11,248.51,252.95,4.44,9.19,48.3,243.76,257.7,248.51,244.86,277.12,T1 - nearest real resistance (120-bar high + 20-bar high + 52-week high),3.39,False,252.08,251.6,True,up,WATCH setup overrides the 1h channel (channel sloping down),247.35,low,2026-08-05,True,20,10,7,3,3,down,1,up,1,245.34,250.57,255.8,-0.78,0.69,66.0,,,,False,0.52,False,2.03,247.47,-1.88,2.0,233.55,-7.4,1.0,253.41,0.47,1.0,0.16,277.12,9.87,1.0,3.38,Phillips 66,Energy,Oil & Gas Refining & Marketing,100653031424,14.472174,10.1109295,0.81,3.1947365,0.6614642,17.43,2.0,0.046609998,0.08529,0.23452999,0.531,4545375232.0,62.884,1.32,0.80531,0.0196,0.704,277.12,126.74,251.94737,83.4,Buy,2.10,19,3.0,9.0,6.0,1.0,1.0,10.53,9.25,True,17,2026-10-28,28.0,False,True,2012-05-01,0,0,2026-09-17 BMO Capital: main -> Outperform,0,,0,,N/A,0,N/A,0,0,,,,,,True,False,True,True,False,,,,,,,,,,,,,,,,,,,,
Q,down,WAIT,125.66,125.66,2026-09-29,False,125.61,16:08,-0.04,sip,,,,,0,,,,,125.61,after-hours,,,-,DOWNTREND,-0.51,-0.63,False,False,0,,,,,,,,,126.81,,,,,,,downtrend (below a falling EMA50) - no long setup,,,,,,,False,False,3,True,True,True,False,125.66,128.11,False,85.55,81.15,True,True,True,,113.53,127.77,125.66,123.9,True,75.36,79.7,False,False,False,,113.53,127.77,125.66,123.52,True,58.92,57.89,True,True,False,bullish_engulfing,122.22,127.77,124.84,127.77,2.93,4.77,61.4,123.0,129.61,122.22,119.83,128.39,T1 - nearest resistance,0.47,True,124.75,125.71,False,down,channel rising but weak fit (R2 0.47 < 0.5),120.03,low,2026-09-15,True,20,13,4,3,9,up,3,down,1,123.2,125.54,127.89,0.43,0.47,53.0,,,,False,0.65,False,1.18,122.57,-2.46,2.0,120.05,-4.46,1.0,128.39,2.17,5.0,0.47,140.63,11.91,1.0,2.57,"Qnity Electronics, Inc.",Technology,Semiconductor Equipment & Materials,26295097344,44.70107,23.355658,1.32,3.6223903,5.047044,2.81,0.26,0.11248,0.22323,0.06722,0.221,772249984.0,59.992,2.008,0.78815,0.024500001,,177.28,70.5,176.75,51.7,None,N/A,8,2.0,6.0,0.0,0.0,0.0,1.20,1.20,True,5,2026-11-16,47.0,False,True,2025-11-03,0,0,,0,,0,,N/A,0,N/A,0,0,,,,not fetched for down-trend tickers,,,,,,,,,,,,,,,,,,,,,,,,,,
QCOM,down,WAIT,184.19,184.19,2026-09-29,False,184.5,19:59,0.17,sip,183.82,23:36,-0.2,boats,177,,,,,183.82,overnight,,,-,UPTREND,0.53,1.77,True,True,16,,,,,,,,,189.48,,,,,,,"trend intact, but price is not at a level/MA and there is no fresh breakout",,,,,,,False,False,2,True,False,True,False,184.19,178.73,True,58.49,73.5,False,False,False,,175.97,205.85,184.19,182.49,True,27.15,40.3,False,False,False,,175.97,205.85,184.19,190.78,False,11.68,9.85,True,True,False,,182.23,205.85,182.23,190.0,7.77,10.35,75.1,179.65,192.58,182.23,177.06,196.09,T1 - nearest resistance,1.67,False,194.41,185.82,False,down,channel sloping down,174.84,low,2026-08-03,True,20,11,6,3,5,down,2,up,1,180.18,190.67,201.16,-0.45,0.1,19.0,,,,False,1.65,False,3.99,167.13,-9.26,14.0,142.89,-22.42,1.0,196.09,6.46,1.0,1.67,205.85,11.76,1.0,3.04,QUALCOMM Incorporated,Technology,Semiconductors,196629938176,21.406977,18.041927,0.83,7.0355797,4.4618654,8.6,1.96,0.21013,0.18528,0.33754003,-0.04,10241000448.0,55.21,2.016,0.83081,0.0401,1.679,259.92,121.99,194.13333,45.1,Hold,2.59,30,2.0,9.0,22.0,1.0,3.0,2.16,2.16,True,26,2026-11-04,35.0,False,True,1999-07-22,0,0,2026-09-10 Piper Sandler: init -> Neutral,0,,0,,N/A,0,N/A,0,0,,,,not fetched for down-trend tickers,,,,,,,,,,,,,,,,,,,,,,,,,,
REGN,filtered,WAIT,750.52,750.52,2026-09-29,False,750.25,16:24,-0.04,sip,,,,,0,,,,,750.25,after-hours,,,-,RANGE,-1.14,0.12,False,True,0,,,,,,,,,,,,,,,,no trend (below a flat EMA50) - wait for a reclaim or a breakout,,,,,,,True,True,4,True,True,True,True,750.52,772.26,False,16.69,25.72,False,False,False,,741.83,813.53,750.52,787.83,False,8.98,8.94,True,True,False,,741.83,813.53,750.52,776.03,False,20.1,17.23,True,True,False,,741.83,792.09,741.83,752.43,10.6,19.12,55.4,733.31,760.95,741.83,732.27,774.33,T1 - nearest resistance,1.3,True,751.15,748.57,True,down,channel sloping down,775.28,low,2026-07-23,False,20,7,11,2,-4,down,4,mixed,1,732.02,755.04,778.05,-1.13,0.69,40.0,,,,False,3.11,False,4.13,691.13,-7.91,1.0,671.52,-10.53,1.0,774.33,3.17,2.0,1.3,814.6,8.54,2.0,3.51,"Regeneron Pharmaceuticals, Inc.",Healthcare,Biotechnology,77268754432,18.623077,12.326961,1.24,2.3741977,4.973946,40.3,0.5,0.27865,0.33106,0.14043,0.167,3065299968.0,8.535,3.335,0.93531996,0.025999999,0.193,859.34,541.0,850.88464,65.8,Buy,1.93,26,4.0,13.0,9.0,0.0,1.0,15.94,16.00,False,20,2026-10-30,30.0,False,True,2013-05-01,0,0,2026-09-29 RBC Capital: reit -> Sector Perform,0,,0,,N/A,0,N/A,0,0,,,,ticker filtered out,,,,,,,,,,,,,,,,,,,,,,,,,,
RELY,filtered,WAIT,21.46,21.46,2026-09-29,False,21.79,17:57,1.54,sip,,,,,0,,,,,21.79,after-hours,,,-,DOWNTREND,-1.7,-1.84,False,True,0,,,,,,,,,22.09,,,,,,,downtrend (below a falling EMA50) - no long setup,,,,,,,False,True,4,True,True,True,True,21.46,23.21,False,38.52,29.89,True,True,False,,19.52,22.92,21.46,22.8,False,75.18,75.96,False,False,False,hammer,19.52,22.92,21.46,21.49,False,32.59,31.99,True,True,False,,20.98,22.09,21.16,22.09,0.93,1.03,90.3,21.06,22.19,20.98,20.47,21.51,T1 - nearest resistance,0.05,True,21.41,21.43,True,down,channel rising but weak fit (R2 0.01 < 0.5),20.82,low,2026-09-23,True,20,7,9,4,-2,up,1,mixed,1,20.16,21.34,22.53,0.12,0.01,55.0,,,,False,1.88,,,19.52,-9.04,1.0,,,,21.51,0.23,1.0,0.05,22.7,5.78,7.0,1.25,"Remitly Global, Inc.",Technology,Software - Infrastructure,4544856576,15.786764,13.293129,,4.032682,2.511485,1.36,,0.16855,0.14324,0.32246,0.202,196120992.0,3.396,3.181,0.88611,0.0912,0.364,27.479,12.08,32.33333,60.9,Strong Buy,1.20,9,2.0,8.0,0.0,0.0,0.0,0.28,0.30,False,4,2026-11-04,35.0,False,False,,0,0,,0,,0,,N/A,0,N/A,0,0,,,,ticker filtered out,,,,,,,,,,,,,,,,,,,,,,,,,,
RGEN,up,WATCH,194.65,194.65,2026-09-29,False,194.57,16:00,-0.04,sip,,,,,0,,,,,194.57,after-hours,FRESH_BREAKOUT,Fresh breakout,C,UPTREND,4.06,3.01,True,True,45,192.49,189.29,198.87,0.79,193.12,,price,198.87,196.0,"Price: pull back to 193.12 or lower (R:R 1.5+ with the same stop and target) OR close above 198.87 on 1.5x+ volume (becomes a fresh breakout) | Then the turn has to show at that price - daily: a green candle - trade above 196.00 (today's open / mid-range) and hold it into the close | Confirmations: any 1 of: Tight base before the break, or Daily %K above 50 and not rolling over",4.2,T1 - overhead resistance (52-week high) inside 1 ATR,198.87,2.0,no turn yet on the daily chart; confirmations 2/4 (need 3); R:R 0.79 below 1.5,no turn yet on the daily chart; confirmations 2/4 (need 3); R:R 0.79 below 1.5,,True,True,False,False,True,False,True,0,False,False,False,False,194.65,168.64,True,89.08,89.76,False,False,True,hammer,171.66,198.86,194.65,178.15,True,78.17,81.6,False,False,False,piercing_line,171.66,198.86,194.65,188.12,True,60.28,56.45,True,True,False,hammer,187.11,198.86,190.98,196.65,5.67,6.4,88.6,190.25,197.38,187.11,189.29,198.87,T1 - overhead resistance (52-week high) inside 1 ATR,0.79,True,189.58,193.63,True,up,channel rising (R2 0.8),163.78,low,2026-07-21,True,20,10,4,6,6,mixed,1,up,1,191.34,196.03,200.71,1.18,0.8,35.0,,,,False,0.93,False,1.67,188.73,-3.04,1.0,183.95,-5.5,2.0,,,,,,,,,Repligen Corporation,Healthcare,Medical Instruments & Supplies,10980678656,262.93243,73.42458,1.94,5.1983757,13.986326,0.74,,0.05291,0.09309,0.0199,0.119,113421752.0,32.715,9.05,1.2004,0.1193,1.048,198.87,100.99,189.4762,95.7,Strong Buy,1.48,21,3.0,16.0,4.0,0.0,0.0,0.46,0.46,True,18,2026-11-03,34.0,False,False,,0,0,2026-09-09 UBS: main -> Buy,0,,0,,N/A,0,N/A,0,0,,,,,,,,,,,,,,,,,,,,,,,,,,,,,,
RGLD,filtered,WAIT,238.99,238.99,2026-09-29,False,238.93,16:08,-0.03,sip,,,,,0,,,,,238.93,after-hours,,,-,RANGE,-0.34,0.51,False,False,0,,,,,,,,,240.51,,,,,,,no trend (below a flat EMA50) - wait for a reclaim or a breakout,,,,,,,False,False,4,True,True,True,True,238.99,241.59,False,15.74,30.2,False,False,False,,238.85,259.88,238.99,248.78,False,3.49,9.71,False,False,False,,238.85,259.88,238.99,247.52,False,6.68,8.81,False,False,False,,238.85,253.69,238.85,242.16,3.31,7.53,44.0,234.63,246.38,238.85,235.08,239.5,T1 - nearest resistance,0.13,True,252.52,240.2,False,down,channel sloping down,235.96,low,2026-07-21,True,20,6,9,5,-3,down,2,up,1,235.18,243.08,250.99,-0.72,0.45,24.0,,,,False,1.82,False,4.65,225.28,-5.74,1.0,203.98,-14.65,3.0,239.5,0.21,2.0,0.13,246.99,3.35,1.0,2.05,"Royal Gold, Inc.",Basic Materials,Gold,20244025344,26.43031,18.579315,1.06,2.6665103,13.1824255,9.04,0.79,0.48054,0.62036,0.136,1.155,-189505504.0,5.186,2.924,0.87042,0.0297,0.497,306.25,168.88,309.83334,51.0,Buy,1.83,12,3.0,6.0,2.0,0.0,1.0,2.51,2.54,False,7,2026-11-04,35.0,False,False,,0,0,2026-09-16 RBC Capital: main -> Outperform,0,,0,,N/A,0,N/A,0,0,,,,ticker filtered out,,,,,,,,,,,,,,,,,,,,,,,,,,
RKLB,down,WAIT,69.72,69.72,2026-09-29,False,70.07,19:59,0.5,sip,70.08,23:46,0.52,boats,859,,,,,70.08,overnight,,,-,DOWNTREND,-0.67,-0.09,False,False,0,,,,,,,,,73.47,,,,,,,downtrend (below a falling EMA50) - no long setup,,,,,,,False,False,3,True,True,True,False,69.72,72.23,False,76.47,81.93,False,False,False,,61.74,75.46,69.72,69.22,True,56.5,67.9,False,False,False,,61.74,75.46,69.72,70.86,False,3.75,2.9,True,True,False,,69.4,75.32,69.4,74.25,4.85,3.77,128.6,70.48,73.17,69.4,67.52,72.64,T1 - nearest resistance,1.33,True,71.51,70.86,False,down,channel rising but weak fit (R2 0.11 < 0.5),70.46,low,2026-07-29,False,20,7,6,7,1,mixed,1,down,1,69.58,72.71,75.84,0.37,0.11,2.0,,,,True,0.37,False,1.38,68.31,-2.02,2.0,64.51,-7.47,1.0,72.64,4.19,2.0,1.33,75.46,8.23,2.0,2.61,Rocket Lab Corporation,Industrials,Aerospace & Defense,44566945792,,1529.8507,,11.93902,57.943417,-0.27,,-0.21511999,-0.24572,-0.07915,0.62,-251963632.0,3.828,5.482,0.61902,0.0731,2.612,151.0,37.57,109.36842,28.3,None,N/A,19,4.0,12.0,4.0,0.0,0.0,-0.07,-0.07,True,11,2026-11-09,40.0,False,False,,0,0,2026-09-11 Raymond James: init -> Outperform,0,,0,,17,43,377.8,964,0,,,,not fetched for down-trend tickers,,,,,,,,,,,,,,,,,,,,,,,,,,
ROK,down,WAIT,431.54,431.54,2026-09-29,False,431.53,16:00,-0.0,sip,,,,,0,,,,,431.53,after-hours,,,-,DOWNTREND,-0.35,-0.14,False,False,0,,,,,,,,,433.9,,,,,,,downtrend (below a falling EMA50) - no long setup,,,,,,,False,True,3,True,True,True,False,431.54,435.24,False,80.47,84.42,False,False,True,,406.92,438.5,431.54,429.25,True,71.8,75.58,False,False,False,bullish_harami,406.92,438.5,431.54,429.2,True,45.13,35.06,True,True,False,,427.47,438.5,427.7,434.71,7.01,10.51,66.7,424.2,438.21,427.47,422.22,435.27,T1 - nearest resistance,0.4,True,432.32,430.4,True,down,channel rising but weak fit (R2 0.36 < 0.5),423.59,low,2026-09-17,True,20,9,6,5,3,mixed,1,down,1,427.48,434.51,441.54,0.3,0.36,29.0,,,,True,0.5,False,1.51,426.32,-1.21,2.0,415.64,-3.68,1.0,435.27,0.86,6.0,0.4,452.08,4.76,5.0,2.2,"Rockwell Automation, Inc.",Industrials,Specialty Industrial Machinery,47920832512,40.329906,28.944086,1.9,13.715039,5.340559,10.7,1.28,0.13385001,0.20968,0.30629,0.079,1303874944.0,103.347,1.075,0.9292,0.038900003,1.515,497.36,332.71,476.84,60.0,Buy,2.29,25,3.0,9.0,15.0,0.0,1.0,3.68,3.68,True,22,2026-11-05,36.0,False,True,2000-03-12,0,0,2026-09-25 Wells Fargo: init -> Equal-Weight,0,,0,,N/A,0,N/A,0,0,,,,not fetched for down-trend tickers,,,,,,,,,,,,,,,,,,,,,,,,,,
ROST,up,WATCH,234.41,234.41,2026-09-29,False,234.4,16:00,-0.0,sip,,,,,0,,,,,234.4,after-hours,MA_RECLAIM,MA reclaim (early trend),C,EARLY_UPTREND,0.23,0.21,False,False,5,233.25,229.54,239.73,1.09,233.61,,price,,236.01,"Price: pull back to 233.61 or lower (R:R 1.5+ with the same stop and target) | Then the turn has to show at that price - daily: a green candle - trade above 236.01 (today's open / mid-range) and hold it into the close; 1h: reclaim the session VWAP (234.64) and 1h MACD bullish or 1h %K above %D | Confirmations: any 1 of: Volume on the reclaim >= 1.2x average, or Daily %K above %D and not overbought, or SMA50 reclaimed as well",5.2,T1 - nearest real resistance (20-bar high),,2.0,no turn yet on the daily and 1h charts; confirmations 2/5 (need 3); R:R 1.09 below 1.5,no turn yet on the daily and 1h charts; confirmations 2/5 (need 3); R:R 1.09 below 1.5,,,,,,,False,False,0,False,False,False,False,234.41,233.25,True,83.01,87.18,False,False,True,,222.19,239.73,234.41,233.02,True,67.04,72.53,False,False,False,,222.19,239.73,234.41,233.97,True,22.53,23.15,False,True,False,,233.33,239.73,233.6,236.14,2.54,4.95,51.3,231.19,238.55,233.33,229.54,239.73,T1 - nearest real resistance (20-bar high),1.09,True,234.42,234.64,False,up,channel rising (R2 0.56),231.83,low,2026-09-16,True,20,7,6,7,1,mixed,4,up,2,234.18,236.74,239.3,0.3,0.56,4.0,,,,False,0.72,False,2.28,230.87,-1.51,4.0,223.14,-4.81,3.0,243.12,3.72,2.0,1.79,250.34,6.8,1.0,3.27,"Ross Stores, Inc.",Consumer Cyclical,Apparel Retail,74879811584,28.343407,26.122927,2.54,11.1121645,3.054848,8.27,0.75,0.10848,0.13578,0.42628,0.133,2002041600.0,70.281,1.612,0.95787,0.0346,0.861,257.0,147.49,270.55557,79.4,Buy,1.75,18,2.0,12.0,5.0,0.0,1.0,1.83,1.83,True,10,2026-11-19,50.0,False,True,2009-12-21,0,0,,0,,0,,N/A,0,N/A,0,0,,,,,,,,,,,,,,,,True,True,True,True,False,False,False,,,,,,,,
SANM,up,WATCH,222.94,222.94,2026-09-29,False,222.0,18:21,-0.42,sip,,,,,0,,,,,222.0,after-hours,SUPPORT_BOUNCE,Support bounce,C,UPTREND,1.47,1.67,True,True,7,219.55,214.12,232.5,1.08,221.47,,price,232.5,223.69,"Price: pull back to 221.47 or lower (R:R 1.5+ with the same stop and target) OR close above 232.50 on 1.5x+ volume (becomes a fresh breakout) | Then the turn has to show at that price - daily: a green candle - trade above 223.69 (today's open / mid-range) and hold it into the close | Confirmations: any 1 of: Volume on the bounce >= average, or Daily stochastic reset and turning up",4.1,T1 - overhead resistance (20-bar high) inside 1 ATR,232.5,2.0,no turn yet on the daily chart; confirmations 2/4 (need 3); R:R 1.08 below 1.5,no turn yet on the daily chart; confirmations 2/4 (need 3); R:R 1.08 below 1.5,,,,,,,False,True,0,False,False,False,False,222.94,206.93,True,76.92,81.83,False,False,False,hammer,193.2,232.5,222.94,208.04,True,71.32,69.89,True,True,False,,193.2,232.5,222.94,217.7,True,57.44,52.81,True,True,False,bullish_engulfing,216.51,230.0,218.71,224.65,5.94,10.87,54.6,213.78,229.58,216.51,214.12,232.5,T1 - overhead resistance (20-bar high) inside 1 ATR,1.08,True,221.71,222.18,True,up,channel rising (R2 0.58),197.4,low,2026-07-28,True,20,9,7,4,2,mixed,1,down,1,218.43,227.47,236.52,1.16,0.58,25.0,,,,True,0.31,False,1.25,219.55,-1.52,5.0,209.35,-6.1,4.0,232.5,4.29,1.0,1.08,,,,,Sanmina Corporation,Technology,Electronic Components,11937738752,39.35159,16.003765,0.75,4.663721,0.93531233,5.66,,0.02414,0.0704,0.12488,0.697,-222215744.0,88.161,1.78,0.94788,0.059699997,1.6,288.68,112.6,260.0,62.7,None,N/A,4,0.0,1.0,3.0,0.0,0.0,3.26,2.95,True,4,2026-11-02,33.0,False,False,,0,0,,0,,0,,N/A,0,N/A,0,0,,,,,,,,,,,True,True,False,False,True,,,,,,,,,,True,,,,,
SCHW,down,WAIT,99.1,99.1,2026-09-29,False,99.1,19:32,0.0,sip,,,,,0,,,,,99.1,after-hours,,,-,DOWNTREND,-2.15,-1.1,False,False,0,,,,,,,,,,,,,,,,downtrend (below a falling EMA50) - no long setup,,,,,,,True,True,3,True,True,True,False,99.1,104.28,False,8.98,8.15,True,True,False,bullish_engulfing,97.4,107.58,99.1,104.27,False,9.31,6.97,True,True,False,,97.4,107.58,99.1,100.35,False,73.8,49.27,True,True,False,bullish_engulfing,97.4,99.93,97.4,99.13,1.73,2.41,71.8,96.72,99.81,97.4,96.19,100.23,T1 - nearest resistance,0.39,True,100.3,98.3,True,down,channel sloping down,98.3,low,2026-09-29,True,20,6,9,5,-3,mixed,1,down,1,93.26,96.69,100.12,-1.12,0.62,85.0,,,,,,,,,,,,,,100.23,1.14,3.0,0.39,103.76,4.7,5.0,1.6,The Charles Schwab Corporation,Financial Services,Capital Markets,171377164288,17.920433,12.655722,0.83,3.898045,6.5850973,5.53,1.3,0.38793,0.52277,0.20273,0.209,,151.106,0.655,0.85554004,0.0,0.753,114.53,83.96,125.45,49.5,Buy,1.73,20,7.0,11.0,3.0,0.0,1.0,1.67,1.67,True,18,2026-10-15,15.0,False,True,1997-06-02,0,0,,0,,0,,N/A,0,N/A,0,0,,,,not fetched for down-trend tickers,,,,,,,,,,,,,,,,,,,,,,,,,,
SHC,down,WAIT,18.6,18.6,2026-09-29,False,18.6,16:08,0.0,sip,,,,,0,,,,,18.6,after-hours,,,-,UPTREND_WEAK,0.41,0.02,False,False,2,,,,,,,,,,,,,,,,"above the EMA50 but not a clean uptrend yet (missing: higher highs, higher lows) - pullback and MA-bounce setups need higher highs, higher lows and a rising EMA50",,,,,,,True,True,2,True,False,True,False,18.6,18.42,True,28.02,25.02,True,True,False,,18.17,19.64,18.6,18.65,False,39.6,31.55,True,True,False,,18.17,19.64,18.6,18.52,True,90.83,75.62,True,True,True,,18.22,18.65,18.27,18.65,0.38,0.44,86.4,18.21,18.71,18.22,18.0,19.21,T1 - nearest resistance,1.02,True,18.44,18.52,True,down,channel sloping down,18.5,low,2026-07-21,True,20,7,7,6,0,up,1,mixed,1,18.02,18.33,18.64,-0.27,0.3,94.0,,,,True,0.32,False,1.27,18.46,-0.75,4.0,18.04,-3.01,3.0,19.21,3.28,1.0,1.02,19.7,5.91,4.0,1.83,Sotera Health Company,Healthcare,Diagnostics & Research,5307971072,32.63158,17.304419,1.31,7.972568,4.3644867,0.57,,0.13442001,0.37956002,0.27781,0.092,153967120.0,340.734,2.796,1.05705,0.0496,1.777,19.85,13.09,22.72222,81.5,Buy,1.70,9,3.0,5.0,2.0,0.0,0.0,0.27,0.27,True,10,2026-11-03,34.0,False,False,,0,0,,0,,0,,N/A,0,N/A,0,0,,,,not fetched for down-trend tickers,,,,,,,,,,,,,,,,,,,,,,,,,,
SITM,down,WAIT,651.68,651.68,2026-09-29,False,651.43,16:30,-0.04,sip,,,,,0,,,,,651.43,after-hours,FRESH_BREAKOUT,Fresh breakout,D,UPTREND_WEAK,0.93,1.14,True,False,8,645.24,619.3,752.71,3.12,,672.66,,,672.81,"Setup: Volume >= 1.5x average | Turn - daily: a green candle - trade above 672.81 (today's open / mid-range) and hold it into the close; 1h: reclaim the session VWAP (657.45) and 1h MACD bullish or 1h %K above %D | Note: 672.81 is above the buy-up-to price 672.66 (R:R there would be 1.49), so it cannot qualify at that level today - it needs a fresh setup on a later day | Confirmations: any 1 of: Close in the top 40% of the bar's range, or Daily %K above 50 and not rolling over",6.0,"T1 - nearest real resistance (swing level, 8 touch(es))",,2.0,Volume >= 1.5x average (best of live/last 3 bars: 1.3x); no turn yet on the daily and 1h charts; confirmations 2/4 (need 3),weak fresh breakout: Volume >= 1.5x average (best of live/last 3 bars: 1.3x); no turn yet on the daily and 1h charts; confirmations 2/4 (need 3),SUPPORT_BOUNCE(weak),False,False,True,False,True,False,False,2,False,False,True,True,651.68,614.13,True,89.3,89.88,False,False,True,,539.54,672.81,651.68,616.26,True,81.42,82.61,False,False,True,hammer,539.54,672.81,651.68,636.44,True,43.69,48.14,False,False,False,bullish_harami;hammer,634.88,672.81,646.0,672.81,26.81,40.48,66.2,632.33,686.48,634.88,619.3,752.71,"T1 - nearest real resistance (swing level, 8 touch(es))",3.12,False,636.04,657.45,False,down,channel rising but weak fit (R2 0.33 < 0.5),616.65,low,2026-07-29,True,20,10,7,3,3,up,1,down,1,626.39,655.75,685.1,0.78,0.33,43.0,,,,True,0.33,False,1.7,638.23,-2.06,5.0,582.78,-10.57,3.0,668.83,2.63,2.0,0.53,758.82,16.44,2.0,3.31,SiTime Corporation,Technology,Semiconductors,19589175296,1104.1187,43.65819,3.82,16.848488,41.87054,0.59,,0.03012,0.10623,0.013259999,1.265,24747500.0,129.419,19.445,0.87935996,0.060100004,2.862,901.81,243.677,849.5,62.0,Buy,1.55,10,4.0,6.0,1.0,0.0,0.0,3.54,3.55,False,11,2026-11-04,35.0,False,False,,0,0,2026-09-23 Seaport Global: init -> Neutral,0,,0,,N/A,0,N/A,0,0,,,,not fetched for down-trend tickers,,,,,,,,,,,,,,,,,,,,,,,,,,
SKHY,down,WAIT,186.69,186.69,2026-09-29,False,186.89,19:59,0.11,sip,186.08,23:40,-0.33,boats,3481,,,,,186.08,overnight,SUPPORT_BOUNCE,Support bounce,D,UPTREND_WEAK,1.8,2.14,True,False,34,178.18,173.79,198.17,0.89,183.54,,,,186.7,Price: pull back to 183.54 or lower (R:R 1.5+ with the same stop and target) | Then the turn has to show at that price - 1h: reclaim the session VWAP (186.70) | Confirmations: any 3 of: Bullish candle; Volume on the bounce >= average; Daily stochastic reset and turning up; Trend context intact,6.4,"T1 - nearest real resistance (swing level, 2 touch(es))",,0.0,no turn yet on the 1h chart; confirmations 0/4 (need 3); R:R 0.89 below 1.5,weak support bounce: no turn yet on the 1h chart; confirmations 0/4 (need 3); R:R 0.89 below 1.5,,,,,,,True,False,2,False,False,True,True,186.69,170.88,True,54.81,59.58,False,False,False,,172.79,196.48,186.69,178.88,True,34.35,32.95,True,True,False,,172.79,196.48,186.69,186.49,True,67.27,62.5,True,True,False,,179.31,192.55,183.05,188.41,5.36,8.78,61.0,179.63,191.83,179.31,173.79,198.17,"T1 - nearest real resistance (swing level, 2 touch(es))",0.89,True,186.69,186.7,False,down,channel sloping down,162.11,low,2026-07-29,True,20,9,8,3,1,up,1,down,1,179.2,185.45,191.69,-0.45,0.22,60.0,,,,False,0.97,False,1.65,178.18,-4.56,2.0,172.23,-7.75,1.0,198.17,6.15,2.0,0.89,,,,,SK hynix Inc.,Technology,Semiconductors,1327435612160,11.131783,5.526906,0.26,401.49106,0.0070171347,16.77,,0.85619,0.76328003,0.92679,2.568,55768099323904.0,8.037,2.591,0.0018099999,,2.389,199.87,124.8,252.2143,82.4,Buy,1.53,14,5.0,9.0,1.0,0.0,0.0,6.25,6.26,False,3,2026-10-27,27.0,False,False,,0,0,2026-09-10 JP Morgan: init -> Overweight,0,,0,,N/A,0,N/A,0,0,,,,not fetched for down-trend tickers,,,,,,False,True,True,False,False,False,,,,,,,,,,,,,,,
SLB,down,WAIT,49.88,49.88,2026-09-29,False,49.93,19:39,0.1,sip,,,,,0,,,,,49.93,after-hours,,,-,DOWNTREND,-1.69,-0.67,False,True,0,,,,,,,,,50.58,,,,,,,downtrend (below a falling EMA50) - no long setup,,,,,,,False,False,3,True,True,True,False,49.88,52.81,False,10.02,11.52,False,False,False,,49.35,54.29,49.88,52.99,False,23.64,28.26,False,False,False,,49.35,54.29,49.88,51.52,False,17.01,21.81,False,False,False,piercing_line,49.35,52.29,49.35,50.77,1.42,1.73,82.1,49.04,51.08,49.35,48.48,50.47,T1 - nearest resistance,0.42,True,51.63,49.93,False,down,channel sloping down,52.93,low,2026-07-21,False,20,5,10,5,-5,down,1,mixed,1,49.52,50.7,51.88,-0.47,0.4,15.0,,,,False,0.79,False,2.72,48.51,-2.75,2.0,45.18,-9.42,1.0,50.47,1.18,1.0,0.42,51.79,3.83,2.0,1.36,SLB N.V.,Energy,Oil & Gas Equipment & Services,74014220288,24.32683,15.416337,1.36,2.8386838,2.0352588,2.05,2.29,0.08527,0.12706,0.12909001,0.05,2955124992.0,47.002,1.439,0.92533994,0.0467,0.774,60.46,31.64,62.41379,63.3,Buy,1.60,29,7.0,19.0,2.0,1.0,1.0,0.62,0.62,True,21,2026-10-23,23.0,False,True,1957-03-04,0,0,2026-09-14 UBS: main -> Buy,0,,0,,N/A,0,N/A,0,0,,,,not fetched for down-trend tickers,,,,,,,,,,,,,,,,,,,,,,,,,,
SM,down,WAIT,33.11,33.11,2026-09-29,False,33.17,19:55,0.18,sip,,,,,0,,,,,33.17,after-hours,,,-,DOWNTREND,-0.97,-0.42,False,True,0,,,,,,,,,33.23,,,,,,,downtrend (below a falling EMA50) - no long setup,,,,,,,True,False,3,True,True,True,False,33.11,34.63,False,3.82,6.54,False,False,False,,32.55,40.21,33.11,35.64,False,11.23,10.23,True,False,False,,32.55,40.21,33.11,34.65,False,26.47,30.54,False,False,False,,32.55,34.75,32.55,33.54,0.99,1.57,63.1,31.97,34.12,32.55,31.76,34.18,T1 - nearest resistance,0.79,True,34.35,33.23,False,down,channel sloping down,35.44,low,2026-08-06,False,20,8,10,2,-2,down,3,up,2,32.69,33.51,34.33,-0.76,0.61,25.0,,,,True,0.36,False,2.4,32.55,-1.69,1.0,29.34,-11.39,1.0,34.18,3.23,3.0,0.79,35.96,8.61,2.0,2.11,SM Energy Company,Energy,Oil & Gas E&P,7875347968,5.9443445,4.1538963,0.56,1.0064442,1.5871319,5.57,2.62,0.20153,0.60323,0.16125,1.761,1472082944.0,95.136,0.615,0.99654,0.066199996,0.753,41.56,17.45,43.17647,65.0,Buy,1.94,17,2.0,9.0,5.0,1.0,0.0,1.75,1.68,True,15,2026-11-02,33.0,False,False,,0,0,2026-09-15 Keybanc: main -> Overweight,0,,0,,N/A,0,N/A,0,0,,,,not fetched for down-trend tickers,,,,,,,,,,,,,,,,,,,,,,,,,,
SMTC,up,WATCH,180.09,180.09,2026-09-29,False,180.5,19:35,0.23,sip,181.98,20:11,1.05,boats,3,,,,,181.98,overnight,PULLBACK,Pullback in uptrend,C,UPTREND,2.41,3.81,True,True,19,162.56,159.57,187.82,0.38,170.87,,price,187.82,180.81,Price: pull back to 170.87 or lower (R:R 1.5+ with the same stop and target) OR close above 187.82 on 1.5x+ volume (becomes a fresh breakout) | Then the turn has to show at that price - daily: a green candle - trade above 180.81 (today's open / mid-range) and hold it into the close; 1h: reclaim the session VWAP (180.45),4.8,"T1 - overhead resistance (swing level, 2 touch(es)) inside 1 ATR","187.82, 190.64",3.0,no turn yet on the daily and 1h charts; R:R 0.38 below 1.5,no turn yet on the daily and 1h charts; R:R 0.38 below 1.5,,,,,,,False,False,0,False,False,False,False,180.09,151.29,True,73.41,72.51,True,True,False,,153.1,190.64,180.09,161.31,True,55.01,49.85,True,True,False,bullish_engulfing,153.1,190.64,180.09,174.94,True,75.28,74.48,True,True,False,hammer,167.11,185.0,177.18,184.45,7.27,11.95,60.8,172.5,189.13,167.11,159.57,187.82,"T1 - overhead resistance (swing level, 2 touch(es)) inside 1 ATR",0.38,True,173.51,180.45,False,up,WATCH setup overrides the 1h channel (channel rising but weak fit (R2 0.05 < 0.5)),148.14,low,2026-07-29,True,20,9,5,6,4,up,1,down,1,167.45,177.23,187.01,0.3,0.05,65.0,,,,False,0.81,False,1.47,170.43,-5.36,1.0,162.56,-9.73,1.0,187.82,4.29,2.0,0.38,,,,,Semtech Corporation,Technology,Semiconductors,16807945216,124.206894,30.860708,1.21,29.25601,14.314197,1.45,,0.13116999,0.16222,0.23663999,0.327,132654752.0,70.105,1.698,1.01571,0.0853,2.353,190.64,60.28,208.66667,91.9,Strong Buy,1.19,15,1.0,14.0,1.0,0.0,0.0,1.06,1.06,True,15,2026-11-23,54.0,False,False,,0,0,,0,,0,,N/A,0,N/A,0,0,,,,,,True,True,False,True,,,,,,,,,,,,,,True,,,,,,,
SN,up,WAIT,182.46,182.46,2026-09-29,False,182.44,16:00,-0.01,sip,,,,,0,,,,,182.44,after-hours,SUPPORT_BOUNCE,Support bounce,D,UPTREND_WEAK,1.84,1.14,False,False,7,176.15,172.57,192.01,0.97,180.34,,,,184.05,Price: pull back to 180.34 or lower (R:R 1.5+ with the same stop and target) | Then the turn has to show at that price - daily: a green candle - trade above 184.05 (today's open / mid-range) and hold it into the close | Confirmations: any 3 of: Bullish candle; Volume on the bounce >= average; Daily stochastic reset and turning up; Trend context intact,6.3,"T1 - nearest real resistance (swing level, 3 touch(es))",,0.0,no turn yet on the daily chart; confirmations 0/4 (need 3); R:R 0.97 below 1.5,weak support bounce: no turn yet on the daily chart; confirmations 0/4 (need 3); R:R 0.97 below 1.5,,,,,,,False,True,1,False,False,True,False,182.46,169.24,True,88.36,80.55,True,True,True,,164.04,184.69,182.46,173.9,True,86.13,87.08,False,False,True,,164.04,184.69,182.46,176.07,True,73.84,68.35,True,True,False,,175.02,184.69,179.92,184.69,4.77,7.17,66.5,177.52,187.09,175.02,172.57,192.01,"T1 - nearest real resistance (swing level, 3 touch(es))",0.97,True,167.79,181.78,True,up,channel rising (R2 0.87),174.05,low,2026-07-23,True,20,11,8,1,3,up,4,down,1,179.36,183.67,187.98,1.48,0.87,36.0,,,,True,0.03,False,0.88,182.23,-0.13,1.0,176.15,-3.46,2.0,192.01,5.23,3.0,0.97,,,,,"SharkNinja, Inc.",Consumer Cyclical,"Furnishings, Fixtures & Appliances",25700605952,37.232655,23.813314,2.49,9.041531,3.7193587,4.9,,0.100609995,0.1016,0.27528,0.222,638667520.0,32.11,2.08,0.68543,0.1117,1.198,194.54,83.12,209.56416,89.2,Strong Buy,1.15,12,2.0,11.0,0.0,0.0,0.0,1.87,1.87,True,11,2026-11-05,36.0,False,False,,0,0,,0,,0,,N/A,0,N/A,0,0,,,,,,,,,,False,True,True,False,False,False,,,,,,,,,,,,,,,
SNDK,up,WATCH,1729.75,1729.75,2026-09-29,False,1726.7,19:59,-0.18,sip,1724.85,23:37,-0.28,boats,2042,,,,,1724.85,overnight,PULLBACK,Pullback in uptrend,C,UPTREND,1.15,2.01,True,True,9,1659.02,1633.64,1881.55,1.58,,1732.8,trigger,,1744.41,"Turn - daily: a green candle - trade above 1744.41 (today's open / mid-range) and hold it into the close | Note: 1744.41 is above the buy-up-to price 1732.80 (R:R there would be 1.24), so it cannot qualify at that level today - it needs a fresh setup on a later day",1.0,"T1 - nearest real resistance (swing level, 8 touch(es))",,3.0,no turn yet on the daily chart,no turn yet on the daily chart,MA_BOUNCE(watch),,,,,,False,True,1,False,False,False,True,1729.75,1612.52,True,58.13,62.31,False,False,False,hammer,1504.2,1909.48,1729.75,1665.71,True,27.26,34.43,False,False,False,bullish_harami,1504.2,1909.48,1729.75,1735.81,False,55.5,48.07,True,True,False,,1659.02,1787.77,1693.0,1749.78,56.78,101.52,55.9,1648.26,1794.52,1659.02,1633.64,1881.55,"T1 - nearest real resistance (swing level, 8 touch(es))",1.58,False,1776.74,1721.5,True,up,WATCH setup overrides the 1h channel (channel sloping down),1508.6,low,2026-07-29,True,20,8,8,4,0,mixed,1,down,1,1625.77,1712.0,1798.23,-1.07,0.42,60.0,,,,True,0.33,False,1.18,1696.37,-1.93,1.0,1609.6,-6.95,1.0,1817.67,5.08,2.0,0.91,1931.03,11.64,2.0,2.09,Sandisk Corporation,Technology,Computer Hardware,253269737472,23.202682,6.5649147,,16.378597,12.508383,74.55,,0.56465,0.78472,0.9164,3.716,7720875008.0,1.277,2.29,0.80974996,0.060300004,,2354.39,112.0,2136.5417,72.1,Buy,1.52,24,4.0,17.0,3.0,0.0,1.0,46.18,46.21,False,18,2026-10-29,29.0,False,True,2025-11-28,0,0,2026-09-22 Rosenblatt: init -> Buy,4,Examine Sandisk Carefully Before You Jump in on The Buyback News,0,,21,38,18.8,698,0,,,,,,True,True,False,True,,,,,,,,,,,,,,,,,True,,,,
SNX,down,WAIT,258.2,258.2,2026-09-29,False,258.19,16:35,-0.0,sip,,,,,0,,,,,258.19,after-hours,SUPPORT_BOUNCE,Support bounce,D,RANGE,-0.07,0.47,False,True,0,254.58,248.11,293.12,3.46,,266.11,,,258.55,Turn - daily: a green candle - trade above 258.55 (today's open / mid-range) and hold it into the close | Confirmations: any 2 of: Volume on the bounce >= average; Daily stochastic reset and turning up; Trend context intact,3.0,"T1 - nearest real resistance (swing level, 4 touch(es))",,1.0,no turn yet on the daily chart; confirmations 1/4 (need 3),weak support bounce: no turn yet on the daily chart; confirmations 1/4 (need 3),,,,,,,False,True,2,False,True,True,False,258.2,259.04,False,29.09,35.67,False,False,False,hammer,243.03,298.77,258.2,262.96,False,26.05,26.98,False,True,False,piercing_line,243.03,298.77,258.2,264.18,False,46.63,42.57,True,True,False,,254.24,273.5,254.24,259.78,5.54,12.62,43.9,247.16,266.86,254.24,248.11,293.12,"T1 - nearest real resistance (swing level, 4 touch(es))",3.46,False,258.08,257.62,True,down,channel sloping down,261.6,low,2026-07-28,False,20,10,7,3,3,down,2,up,1,235.15,253.69,272.23,-1.78,0.49,62.0,,,,True,0.29,,,254.58,-1.4,18.0,,,,298.77,15.71,1.0,4.02,,,,,TD SYNNEX Corporation,Technology,Electronics & Computer Distribution,20412243968,15.733699,11.797077,0.5,2.288675,0.26974076,16.41,0.75,0.01752,0.02982,0.14932,0.377,-1070279488.0,64.999,1.191,0.95879,0.0224,1.429,298.77,142.22,339.63635,74.1,Buy,1.55,11,4.0,6.0,1.0,0.0,0.0,5.99,4.77,True,9,,,False,False,,0,0,2026-09-25 UBS: main -> Buy,0,,0,,N/A,0,N/A,0,0,,,,not fetched for down-trend tickers,,,,,,,True,True,False,False,False,,,,,,,,,True,,,,,,
SOFI,down,WAIT,15.91,15.91,2026-09-29,False,15.93,19:59,0.13,sip,15.97,23:47,0.38,boats,168,,,,,15.97,overnight,,,-,DOWNTREND,-2.46,-1.33,False,False,0,,,,,,,,,16.1,,,,,,,downtrend (below a falling EMA50) - no long setup,,,,,,,False,False,3,True,True,True,False,15.91,17.39,False,7.54,12.97,False,False,False,,15.86,17.96,15.91,17.16,False,2.79,5.69,False,False,False,,15.86,17.96,15.91,16.49,False,9.36,8.37,True,True,False,,15.86,16.92,15.86,16.21,0.35,0.6,58.3,15.61,16.46,15.86,15.56,16.5,T1 - nearest resistance,1.69,False,16.97,16.0,False,down,channel sloping down,17.42,low,2026-07-29,False,20,6,11,3,-5,down,2,up,1,15.54,15.95,16.35,-1.18,0.78,46.0,,,,False,1.72,,,14.88,-6.47,1.0,,,,16.5,3.71,2.0,1.69,16.93,6.41,2.0,2.91,"SoFi Technologies, Inc.",Financial Services,Credit Services,20548882432,32.469387,19.308487,0.56,1.8534484,4.8141446,0.49,,0.14906,0.16956,0.07095,0.426,,30.835,1.105,0.51444,0.14829999,2.208,32.73,14.88,20.35455,5.8,Hold,2.68,22,4.0,5.0,12.0,2.0,2.0,0.17,0.17,True,7,2026-10-27,27.0,False,False,,0,0,2026-09-09 Loop Capital: init -> Hold,0,,0,,99,5,66.7,7,0,,,,not fetched for down-trend tickers,,,,,,,,,,,,,,,,,,,,,,,,,,
SPCX,up,WATCH,149.2,149.2,2026-09-29,False,149.6,19:59,0.27,sip,149.28,23:46,0.05,boats,1771,,,,,149.28,overnight,PULLBACK,Pullback in uptrend,C,UPTREND,0.76,0.51,True,True,24,145.36,143.86,158.13,1.67,,149.57,trigger,,,"Confirmations: any 1 of: Volume fading into the end of the dip, or Bullish candle",1.0,T1 - nearest real resistance (20-bar high),154.86,2.0,confirmations 2/4 (need 3),confirmations 2/4 (need 3),SUPPORT_BOUNCE(watch); MA_BOUNCE(watch),,,,,,True,True,0,False,False,False,False,149.2,144.64,True,32.34,33.57,False,True,False,,144.36,158.13,149.2,146.83,True,20.05,16.52,True,True,False,,144.36,158.13,149.2,149.05,True,58.39,58.95,False,True,False,,145.36,150.8,145.47,150.06,4.59,5.99,76.6,144.07,151.46,145.36,143.86,158.13,T1 - nearest real resistance (20-bar high),1.67,False,148.55,148.23,True,up,WATCH setup overrides the 1h channel (channel sloping down),138.33,low,2026-08-03,True,20,7,6,7,1,mixed,2,up,1,142.38,145.88,149.39,-0.81,0.65,97.0,,,,False,0.89,False,1.84,143.88,-3.57,2.0,138.17,-7.39,1.0,149.7,0.34,2.0,0.09,154.86,3.79,1.0,1.06,Space Exploration Technologies Corp.,Industrials,Aerospace & Defense,1966115782656,,85.61513,,15.455675,85.320076,-1.1,,-0.35661998,-0.01804,,0.919,,31.211,5.115,0.48341998,0.025799999,,225.64,104.83,223.81818,36.7,Buy,1.68,22,7.0,23.0,5.0,2.0,0.0,0.14,0.14,True,12,2026-11-03,34.0,False,False,,0,0,2026-09-29 TD Cowen: init -> Buy,0,,0,,11,53,35.9,146,0,,,,,,True,False,True,True,False,,,,,,,,,,,,,,,,,,,,
SSRM,filtered,WAIT,33.95,33.95,2026-09-29,False,34.14,17:15,0.56,sip,,,,,0,,,,,34.14,after-hours,,,-,RANGE,-0.13,0.6,False,False,0,,,,,,,,,33.99,,,,,,,no trend (below a flat EMA50) - wait for a reclaim or a breakout,,,,,,,False,True,4,True,True,True,True,33.95,34.14,False,17.09,26.8,False,False,False,,33.45,38.67,33.95,35.49,False,7.01,10.33,False,False,False,bullish_harami,33.45,38.67,33.95,35.21,False,25.22,16.61,True,True,False,,33.45,35.87,33.48,34.37,0.89,1.51,58.9,32.86,34.99,33.45,32.69,34.15,T1 - nearest resistance,0.16,True,36.53,33.87,True,down,channel sloping down,33.66,low,2026-07-29,True,20,8,10,2,-2,mixed,1,down,4,32.37,33.84,35.3,-1.61,0.69,54.0,,,,False,0.58,False,1.61,33.07,-2.59,1.0,31.52,-7.16,1.0,34.15,0.59,1.0,0.16,35.69,5.13,1.0,1.38,SSR Mining Inc.,Basic Materials,Gold,7042246656,12.71161,7.414252,0.02,2.065482,3.6429057,2.67,0.09,0.122980006,0.43659002,0.14272,0.095,450823744.0,0.068,9.79,0.79617995,0.0425,0.982,39.44,18.19,42.4,74.2,Strong Buy,1.40,5,4.0,6.0,0.0,0.0,0.0,0.88,0.90,False,6,2026-11-03,34.0,False,False,,0,0,2026-09-16 RBC Capital: main -> Outperform,0,,0,,N/A,0,N/A,0,0,,,,ticker filtered out,,,,,,,,,,,,,,,,,,,,,,,,,,
ST,down,WAIT,41.9,41.9,2026-09-29,False,41.91,16:08,0.02,sip,,,,,0,,,,,41.91,after-hours,,,-,DOWNTREND,-1.24,-0.81,False,True,0,,,,,,,,,42.09,,,,,,,downtrend (below a falling EMA50) - no long setup,,,,,,,False,True,3,True,True,True,False,41.9,43.28,False,40.81,31.51,True,True,False,hammer,40.63,43.16,41.9,42.36,False,56.39,55.97,True,True,False,bullish_harami,40.63,43.16,41.9,41.79,True,42.18,31.1,True,True,False,,41.23,42.56,41.4,42.23,0.83,1.11,74.8,41.12,42.51,41.23,40.67,43.26,T1 - nearest resistance,1.11,True,41.81,41.68,True,down,channel sloping down,42.06,low,2026-09-01,False,20,9,8,3,1,up,1,mixed,1,40.85,41.62,42.39,-0.11,0.05,68.0,,,,False,0.91,,,40.89,-2.41,4.0,,,,43.26,3.25,6.0,1.11,44.97,7.33,2.0,2.5,Sensata Technologies Holding plc,Technology,Scientific & Technical Instruments,6099407872,67.59677,10.233782,0.23,2.0614855,1.6156087,0.62,1.15,0.023810001,0.16394,0.03079,0.05,504049504.0,82.598,2.291,1.1005,0.0509,1.248,53.89,28.16,53.3,53.4,Buy,2.00,10,1.0,5.0,5.0,0.0,0.0,0.96,0.96,True,11,2026-10-27,27.0,False,False,,1,0,2026-09-08 Barclays: up -> Overweight,0,,0,,N/A,0,N/A,0,0,,,,not fetched for down-trend tickers,,,,,,,,,,,,,,,,,,,,,,,,,,
STT,down,WAIT,177.71,177.71,2026-09-29,False,177.78,16:08,0.04,sip,,,,,0,,,,,177.78,after-hours,,,-,DOWNTREND,-1.38,-0.44,False,False,0,,,,,,,,,181.78,,,,,,,downtrend (below a falling EMA50) - no long setup,,,,,,,False,False,3,True,True,True,False,177.71,183.59,False,15.9,19.35,False,False,False,,176.45,187.11,177.71,184.87,False,20.53,29.42,False,False,False,,176.45,187.11,177.71,180.93,False,24.83,19.95,True,True,False,,176.45,182.93,176.45,181.78,5.33,4.27,124.8,177.51,180.72,176.45,174.31,181.83,T1 - nearest resistance,1.21,True,180.32,177.73,False,down,channel sloping down,185.89,low,2026-07-29,False,20,6,9,5,-3,mixed,1,down,1,175.87,178.63,181.39,-0.34,0.44,33.0,,,,True,0.28,,,176.5,-0.68,3.0,,,,181.83,2.32,6.0,1.21,187.99,5.78,4.0,3.02,State Street Corporation,Financial Services,Asset Management,48836476928,15.873215,11.601644,0.67,2.0432603,3.2507806,11.2,2.05,0.23005,0.34313,0.12437,0.184,,,,0.94965,0.0001,1.418,195.93,104.64,199.5,80.0,Buy,2.06,14,2.0,7.0,6.0,0.0,1.0,3.64,3.64,True,11,2026-10-14,14.0,False,True,2003-03-14,0,0,,0,,0,,N/A,0,N/A,0,0,,,,not fetched for down-trend tickers,,,,,,,,,,,,,,,,,,,,,,,,,,
TER,up,WAIT,403.28,403.28,2026-09-29,False,404.0,19:47,0.18,sip,403.38,21:06,0.02,boats,11,,,,,403.38,overnight,FRESH_BREAKOUT,Fresh breakout,D,UPTREND_WEAK,1.53,1.36,True,False,8,399.4,387.72,409.47,0.4,396.42,,,409.47,410.62,Setup: Volume >= 1.5x average | Price: pull back to 396.42 or lower (R:R 1.5+ with the same stop and target) OR close above 409.47 on 1.5x+ volume (becomes a fresh breakout) | Then the turn has to show at that price - daily: a green candle - trade above 410.62 (today's open / mid-range) and hold it into the close; 1h: reclaim the session VWAP (405.73) and 1h MACD bullish or 1h %K above %D,7.4,"T1 - overhead resistance (swing level, 9 touch(es)) inside 1 ATR",409.47,3.0,Volume >= 1.5x average (best of live/last 3 bars: 0.9x); no turn yet on the daily and 1h charts; R:R 0.40 below 1.5,weak fresh breakout: Volume >= 1.5x average (best of live/last 3 bars: 0.9x); no turn yet on the daily and 1h charts; R:R 0.40 below 1.5,,False,False,True,True,True,False,False,1,False,False,True,False,403.28,373.58,True,94.12,92.19,True,True,True,,336.58,415.61,403.28,375.46,True,83.21,89.53,False,False,True,,336.58,415.61,403.28,389.37,True,60.86,62.48,False,False,False,bullish_harami,383.5,415.61,399.84,415.61,15.77,19.45,81.1,396.16,419.29,383.5,387.72,409.47,"T1 - overhead resistance (swing level, 9 touch(es)) inside 1 ATR",0.4,True,381.74,405.73,False,up,channel rising (R2 0.6),367.88,low,2026-07-28,True,20,11,6,3,5,up,1,mixed,1,391.77,402.63,413.48,0.82,0.6,53.0,,,,True,0.2,False,1.03,399.4,-0.96,1.0,383.29,-4.96,3.0,409.72,1.6,1.0,0.41,444.17,10.14,1.0,2.63,"Teradyne, Inc.",Technology,Semiconductor Equipment & Materials,63008448512,55.28395,34.58666,0.73,18.346611,14.114697,7.29,0.13,0.25766,0.33161,0.36465,1.039,437381248.0,2.883,2.125,1.00734,0.059899997,1.778,487.91,131.75,446.46667,76.2,Buy,1.65,15,1.0,11.0,5.0,0.0,0.0,2.05,1.44,True,15,2026-10-21,21.0,False,True,2020-09-21,0,0,,0,,0,,N/A,0,N/A,0,0,,,,,,,,,,,,,,,,,,,,,,,,,,,,,,
TKR,filtered,WAIT,117.31,117.31,2026-09-29,False,117.26,16:37,-0.04,sip,,,,,0,,,,,117.26,after-hours,,,-,DOWNTREND,-2.09,-1.08,False,False,0,,,,,,,,,,,,,,,,downtrend (below a falling EMA50) - no long setup,,,,,,,True,True,4,True,True,True,True,117.31,123.32,False,30.83,27.54,True,True,False,,114.58,119.92,117.31,119.8,False,52.86,47.35,True,True,False,,114.58,119.92,117.31,117.07,True,72.1,65.92,True,True,False,,115.23,118.5,116.17,118.02,1.85,2.88,64.2,115.14,119.05,115.23,113.79,119.07,T1 - nearest resistance,0.5,True,117.26,117.05,True,down,channel rising but weak fit (R2 0.12 < 0.5),116.82,low,2026-09-21,True,20,6,7,7,-1,up,1,down,1,115.64,117.38,119.11,0.14,0.12,48.0,,,,False,0.9,,,114.71,-2.22,2.0,,,,119.07,1.5,3.0,0.5,121.75,3.78,1.0,1.26,The Timken Company,Industrials,Tools & Accessories,8148926464,31.60647,16.117903,1.27,2.5473583,1.7118515,3.71,1.23,0.05435,0.13015,0.08538,0.075,349212512.0,65.523,3.095,0.96721,0.0636,1.205,146.37,70.57,147.74635,61.7,Buy,2.00,11,2.0,5.0,5.0,0.0,0.0,1.48,1.51,False,12,2026-10-28,28.0,False,False,,1,0,2026-09-01 B of A Securities: up -> Buy,0,,0,,N/A,0,N/A,0,0,,,,ticker filtered out,,,,,,,,,,,,,,,,,,,,,,,,,,
TMO,up,WAIT,679.82,679.82,2026-09-29,False,679.0,17:11,-0.12,sip,,,,,0,,,,,679.0,after-hours,,,-,UPTREND,4.48,2.39,True,True,68,,,,,,,,,,,,,,,,extended 4.5 ATR above EMA50 with no fresh breakout - wait for a pullback to value,,,,,,,True,True,2,True,False,True,False,679.82,611.16,True,93.81,93.25,True,True,True,,638.0,682.98,679.82,639.33,True,84.28,85.32,False,False,True,bullish_engulfing,638.0,682.98,679.82,666.49,True,68.7,60.49,True,True,False,,664.23,682.61,670.9,681.21,10.32,15.32,67.4,665.89,686.22,664.23,656.57,682.98,T1 - nearest resistance,0.14,True,658.94,675.14,True,up,channel rising (R2 0.78),608.35,low,2026-07-21,True,20,10,4,6,6,mixed,3,up,4,672.61,680.87,689.13,0.56,0.78,44.0,,,,False,1.06,False,2.14,663.57,-2.39,1.0,647.0,-4.83,1.0,682.98,0.46,1.0,0.14,,,,,Thermo Fisher Scientific Inc.,Healthcare,Diagnostics & Research,251283947520,36.616917,24.674545,2.02,4.7700963,5.4230824,18.56,0.28,0.15036,0.18751,0.13515,0.105,6237250048.0,80.575,1.551,0.94088,0.0136,0.854,682.98,435.27,653.1111,98.7,Buy,1.52,27,4.0,20.0,4.0,0.0,1.0,6.41,6.40,True,22,2026-10-21,21.0,False,True,2004-08-03,0,0,2026-09-03 CLSA: init -> Outperform,0,,5,"Global Grignard Reagents Market Outlook and Forecast, 2026–2032 - Market to Reach USD 7.87 Billion as Safer, AI-Enabled Production Expands Opportunities for Merck KGaA, Thermo Fisher Scientific, and Tokyo Chemical Industry",N/A,0,N/A,0,0,,,,,,,,,,,,,,,,,,,,,,,,,,,,,,
TOST,down,WAIT,30.47,30.47,2026-09-29,False,30.59,19:37,0.39,sip,,,,,0,,,,,30.59,after-hours,,,-,DOWNTREND,-1.3,-1.02,False,True,0,,,,,,,,,,,,,,,,downtrend (below a falling EMA50) - no long setup,,,,,,,True,True,3,True,True,True,False,30.47,31.78,False,34.65,30.96,True,True,False,hammer,28.77,31.98,30.47,31.73,False,68.67,68.39,True,True,False,bullish_engulfing,28.77,31.98,30.47,30.36,True,41.67,24.95,True,True,False,,29.81,30.94,29.83,30.56,0.73,1.01,72.3,29.55,30.84,29.81,29.31,31.17,T1 - nearest resistance,0.6,True,29.84,30.22,True,down,channel rising but weak fit (R2 0.32 < 0.5),33.18,low,2026-07-23,False,20,4,13,3,-9,mixed,1,down,1,29.75,30.4,31.05,0.36,0.32,55.0,,,,False,0.89,False,1.68,29.57,-2.95,1.0,28.77,-5.58,1.0,31.17,2.3,5.0,0.6,32.98,8.24,3.0,2.16,"Toast, Inc.",Technology,Software - Infrastructure,17605879808,38.55696,17.568447,0.23,8.877878,2.587578,0.79,,0.07143,0.07442,0.25162,0.231,474249984.0,,2.4,0.95521003,0.0623,1.728,39.725,22.26,38.92308,47.0,Buy,1.83,26,5.0,15.0,10.0,0.0,0.0,0.37,0.37,True,15,2026-11-03,34.0,False,False,,0,1,2026-09-02 BNP Paribas: down -> Neutral,0,,0,,N/A,0,N/A,0,0,,,,not fetched for down-trend tickers,,,,,,,,,,,,,,,,,,,,,,,,,,
TRGP,down,WAIT,273.49,273.49,2026-09-29,False,273.49,16:37,0.0,sip,,,,,0,,,,,273.49,after-hours,,,-,DOWNTREND,-1.1,-0.22,False,False,0,,,,,,,,,274.98,,,,,,,downtrend (below a falling EMA50) - no long setup,,,,,,,False,False,3,True,True,True,False,273.49,281.65,False,10.67,11.82,False,False,False,,271.81,296.63,273.49,284.63,False,10.77,11.57,False,False,False,,271.81,296.63,273.49,280.86,False,13.16,20.25,False,False,False,bullish_engulfing,271.81,280.9,271.81,278.15,6.34,7.38,85.9,270.77,279.19,271.81,268.12,276.21,T1 - nearest resistance,0.51,True,283.8,274.4,False,down,channel sloping down,287.6,low,2026-08-07,False,20,5,11,4,-6,down,4,mixed,3,268.91,272.92,276.93,-1.02,0.89,57.0,,,,True,0.44,False,2.19,270.25,-1.18,3.0,257.3,-5.92,3.0,276.21,0.99,2.0,0.51,284.85,4.15,7.0,2.12,Targa Resources Corp.,Energy,Oil & Gas Midstream,58644738048,26.52667,22.640669,1.25,18.723213,3.502956,10.31,1.8,0.13545,0.27803,0.70839995,0.042,65837500.0,515.794,0.771,0.97468,0.0309,0.722,307.94,144.14,325.14285,79.0,Strong Buy,1.36,21,6.0,15.0,1.0,0.0,0.0,2.82,2.78,True,3,2026-11-05,36.0,False,True,2022-10-12,1,0,2026-09-21 Truist Securities: reit -> Buy,0,,0,,N/A,0,N/A,0,0,,,,not fetched for down-trend tickers,,,,,,,,,,,,,,,,,,,,,,,,,,
TSLA,down,WAIT,352.9,352.9,2026-09-29,False,354.15,19:59,0.35,sip,354.11,23:47,0.34,boats,2126,,,,,354.11,overnight,SUPPORT_BOUNCE,Support bounce,D,RANGE,-0.84,0.33,True,True,0,352.65,344.11,367.61,1.67,,353.51,,,358.42,"Setup: Rejection - closed back above the test bar / upper half of range | Turn - daily: a green candle - trade above 358.42 (today's open / mid-range) and hold it into the close; 1h: reclaim the session VWAP (354.01) | Note: 358.42 is above the buy-up-to price 353.51 (R:R there would be 0.64), so it cannot qualify at that level today - it needs a fresh setup on a later day | Confirmations: any 3 of: Bullish candle; Volume on the bounce >= average; Daily stochastic reset and turning up; Trend context intact",8.0,"T1 - nearest real resistance (swing level, 6 touch(es))",,0.0,Rejection - closed back above the test bar / upper half of range; no turn yet on the daily and 1h charts; confirmations 0/4 (need 3),weak support bounce: Rejection - closed back above the test bar / upper half of range; no turn yet on the daily and 1h charts; confirmations 0/4 (need 3),,,,,,,False,False,3,False,True,True,True,352.9,362.11,False,22.9,46.77,False,False,False,,351.67,386.83,352.9,362.72,False,2.68,6.56,False,True,False,,351.67,386.83,352.9,365.79,False,7.79,7.23,True,True,False,,351.67,374.6,351.67,358.74,7.07,10.99,64.3,347.75,362.66,351.67,344.11,367.61,"T1 - nearest real resistance (swing level, 6 touch(es))",1.67,False,379.45,354.01,False,down,channel sloping down,350.85,low,2026-07-29,True,20,8,9,3,-1,down,2,mixed,1,346.27,357.8,369.32,-1.08,0.65,29.0,,,,True,0.02,False,0.94,352.65,-0.07,2.0,342.53,-2.94,1.0,368.28,4.36,3.0,1.75,375.44,6.39,1.0,2.56,"Tesla, Inc.",Consumer Cyclical,Auto Manufacturers,1393558290432,329.757,163.12527,4.27,16.041826,13.448868,1.07,,0.03671,0.014099999,0.046669997,0.255,4835999744.0,18.373,1.941,0.43668,0.0195,1.845,498.83,297.38,395.83212,27.6,Buy,2.35,38,4.0,15.0,20.0,2.0,2.0,0.44,0.45,False,24,2026-10-21,21.0,False,True,2020-12-21,0,0,2026-09-28 JP Morgan: main -> Neutral,0,,0,,8,63,133.3,636,0,,,,not fetched for down-trend tickers,,,,,,False,True,False,False,False,False,,,,,,,,,,,,,,,
TSM,up,WAIT,457.05,457.05,2026-09-29,False,457.63,19:59,0.13,sip,454.84,23:45,-0.48,boats,690,,,,,454.84,overnight,FRESH_BREAKOUT,Fresh breakout,D,UPTREND,2.82,1.25,True,True,9,452.88,447.73,477.9,2.24,,459.8,,,,Setup: Volume >= 1.5x average | Turn - 1h: 1h MACD bullish or 1h %K above %D,4.0,"T1 - nearest real resistance (swing level, 2 touch(es))",,4.0,Volume >= 1.5x average (best of live/last 3 bars: 1.1x); no turn yet on the 1h chart,weak fresh breakout: Volume >= 1.5x average (best of live/last 3 bars: 1.1x); no turn yet on the 1h chart,,False,True,True,True,True,True,False,1,False,False,True,False,457.05,427.99,True,92.95,92.16,True,False,True,,413.88,459.43,457.05,434.84,True,93.14,92.22,True,False,True,,413.88,459.43,457.05,447.94,True,92.93,95.54,False,False,True,,443.11,459.43,447.07,459.43,12.36,10.3,120.0,449.13,457.37,443.11,447.73,477.9,"T1 - nearest real resistance (swing level, 2 touch(es))",2.24,False,451.15,456.25,True,up,channel rising (R2 0.73),421.72,low,2026-07-29,True,20,9,6,5,3,up,1,mixed,1,451.31,456.22,461.14,0.44,0.73,58.0,,,,True,0.4,False,1.45,452.88,-0.91,1.0,442.16,-3.26,4.0,,,,,,,,,Taiwan Semiconductor Manufacturing Company Limited,Technology,Semiconductors,2369907326976,33.67281,20.840954,0.86,93.83356,0.53370374,13.57,0.9,0.49923,0.60344005,0.39969003,0.36,730826014720.0,16.504,2.458,0.15482001,0.0057,1.247,479.0,266.82,552.2594,89.7,Strong Buy,1.38,20,6.0,14.0,1.0,0.0,0.0,4.46,4.46,True,9,2026-10-15,15.0,False,False,,0,0,2026-09-02 Stifel: init -> Buy,1,"Intel Drops 4% on Oil-Driven Rate Fears, NVIDIA Rises 3% on Record $150B Buyback; Taiwan Semiconductor Slips",0,,N/A,0,N/A,0,0,,,,,,,,,,,,,,,,,,,,,,,,,,,,,,
TTC,up,WATCH,97.43,97.43,2026-09-29,False,97.42,16:08,-0.01,sip,,,,,0,,,,,97.42,after-hours,MA_RECLAIM,MA reclaim (early trend),C,EARLY_UPTREND,0.93,0.35,True,True,5,95.51,93.96,100.15,0.78,96.44,,price,,97.43,Price: pull back to 96.44 or lower (R:R 1.5+ with the same stop and target) | Then the turn has to show at that price - daily: a green candle - trade above 97.43 (today's open / mid-range) and hold it into the close,3.5,"T1 - nearest real resistance (swing level, 4 touch(es) + 20-bar high)",,3.0,no turn yet on the daily chart; R:R 0.78 below 1.5,no turn yet on the daily chart; R:R 0.78 below 1.5,SUPPORT_BOUNCE(watch),,,,,,False,True,0,False,False,False,False,97.43,95.51,True,87.88,85.84,True,False,True,,91.11,98.28,97.43,95.54,True,84.66,84.49,True,True,True,,91.11,98.28,97.43,96.1,True,60.58,57.85,True,True,False,bullish_engulfing,95.6,98.28,96.58,98.28,1.7,2.07,82.1,96.21,98.65,95.6,93.96,100.15,"T1 - nearest real resistance (swing level, 4 touch(es) + 20-bar high)",0.78,True,97.14,97.21,True,up,channel rising (R2 0.76),95.9,low,2026-07-31,True,20,8,8,4,0,up,1,down,1,96.69,98.08,99.47,0.62,0.76,27.0,,,,False,0.57,False,1.47,96.24,-1.22,4.0,94.39,-3.12,1.0,100.15,2.79,4.0,0.78,,,,,The Toro Company,Industrials,Tools & Accessories,9222106112,25.978666,19.101961,1.87,6.792163,1.9402707,3.75,1.61,0.07644,0.13983,0.26447,0.084,608062528.0,80.671,1.576,0.98233,0.050300002,0.706,105.19,67.64,111.0,79.3,Buy,2.00,5,0.0,3.0,3.0,0.0,0.0,0.97,0.96,True,6,,,False,False,,0,0,2026-09-23 Oppenheimer: init -> Outperform,1,Can Share Buybacks Continue to Prop Up Toro Stock?,0,,N/A,0,N/A,0,0,,,,,,,,,,,,,,,,True,True,True,True,False,False,True,,,,,,,,
TTEK,down,WAIT,33.7,33.7,2026-09-29,False,33.7,16:46,0.0,sip,,,,,0,,,,,33.7,after-hours,,,-,DOWNTREND,-0.98,-0.38,False,False,0,,,,,,,,,33.89,,,,,,,downtrend (below a falling EMA50) - no long setup,,,,,,,False,False,3,True,True,True,False,33.7,34.59,False,13.78,11.18,True,True,False,,33.26,37.27,33.7,35.21,False,15.51,15.5,True,True,False,bullish_harami,33.26,37.27,33.7,34.41,False,47.11,45.58,True,True,False,,33.26,34.24,33.54,34.24,0.7,0.91,76.9,33.33,34.45,33.26,32.8,34.41,T1 - nearest resistance,0.79,True,33.66,33.73,False,down,channel sloping down,35.18,low,2026-07-24,False,20,5,10,5,-5,up,1,mixed,1,32.44,33.14,33.83,-1.23,0.85,90.0,,,,False,1.49,False,2.35,32.34,-4.04,1.0,31.56,-6.35,1.0,34.41,2.11,1.0,0.79,35.33,4.84,5.0,1.81,"Tetra Tech, Inc.",Industrials,Engineering & Construction,8628697088,20.424244,19.392336,2.1,4.659201,1.9796602,1.65,0.85,0.100030005,0.14253001,0.24297,-0.039,396642240.0,55.247,1.184,1.04414,0.048699997,0.896,43.14,25.81,40.33333,45.5,Buy,2.00,6,2.0,3.0,3.0,0.0,0.0,0.47,0.47,True,6,2026-11-11,42.0,False,False,,0,0,,0,,0,,N/A,0,N/A,0,0,,,,not fetched for down-trend tickers,,,,,,,,,,,,,,,,,,,,,,,,,,
TWLO,up,WATCH,290.8,290.8,2026-09-29,False,290.72,18:13,-0.03,sip,,,,,0,,,,,290.72,after-hours,PULLBACK,Pullback in uptrend,C,UPTREND,3.5,4.97,True,True,37,265.4,261.61,304.75,0.48,278.87,,price,304.75,,"Price: pull back to 278.87 or lower (R:R 1.5+ with the same stop and target) OR close above 304.75 on 1.5x+ volume (becomes a fresh breakout) | Confirmations: any 1 of: Volume fading into the end of the dip, or Daily stochastic reset | Extension: pull back closer to the EMA50 (now 3.5 ATR above, max 3)",5.8,T1 - overhead resistance (120-bar high + 20-bar high + 52-week high) inside 1 ATR,"304.75, 304.75",2.0,confirmations 2/4 (need 3); R:R 0.48 below 1.5; extended 3.5 ATR above EMA50,confirmations 2/4 (need 3); R:R 0.48 below 1.5; extended 3.5 ATR above EMA50,,,,,,,True,True,0,False,False,False,False,290.8,237.88,True,75.53,79.46,False,False,False,,235.2,304.75,290.8,254.64,True,75.55,71.24,True,True,False,hammer,235.2,304.75,290.8,278.62,True,90.01,88.62,True,True,True,hammer,265.4,292.69,281.98,292.69,10.71,15.14,70.7,277.55,297.12,265.4,261.61,304.75,T1 - overhead resistance (120-bar high + 20-bar high + 52-week high) inside 1 ATR,0.48,True,289.6,288.13,True,up,WATCH setup overrides the 1h channel (channel rising but weak fit (R2 0.22 < 0.5)),239.93,low,2026-07-23,True,20,11,6,3,5,up,1,down,2,271.62,292.28,312.94,0.92,0.22,46.0,,,,False,2.14,False,3.19,258.35,-11.16,1.0,242.49,-16.61,2.0,304.75,4.8,1.0,0.48,,,,,Twilio Inc.,Technology,Software - Infrastructure,44656603136,40.107586,42.82077,0.44,4.9739995,8.013994,7.25,,0.20615,0.078260005,0.13497,0.22,954675392.0,11.868,4.621,0.93235,0.045500003,1.405,304.75,99.225,263.0357,93.2,Buy,1.63,28,6.0,19.0,3.0,1.0,1.0,1.47,1.47,True,26,2026-10-29,29.0,False,False,,0,1,2026-09-25 HSBC: down -> Reduce,0,,0,,N/A,0,N/A,0,0,,,,,,True,False,False,True,,,,,,,,,,,,,,True,,,,,,,
TXN,up,WATCH,281.82,281.82,2026-09-29,False,281.69,16:37,-0.05,sip,281.1,21:37,-0.26,boats,10,,,,,281.1,overnight,MA_RECLAIM,MA reclaim (early trend),C,EARLY_UPTREND,1.24,0.39,False,False,3,271.76,265.69,288.64,0.42,274.87,,price,288.64,283.07,Price: pull back to 274.87 or lower (R:R 1.5+ with the same stop and target) OR close above 288.64 on 1.5x+ volume (becomes a fresh breakout) | Then the turn has to show at that price - daily: a green candle - trade above 283.07 (today's open / mid-range) and hold it into the close; 1h: reclaim the session VWAP (281.82),4.9,"T1 - overhead resistance (swing level, 8 touch(es)) inside 1 ATR",288.64,3.0,no turn yet on the daily and 1h charts; R:R 0.42 below 1.5,no turn yet on the daily and 1h charts; R:R 0.42 below 1.5,,,,,,,False,False,0,False,False,False,False,281.82,271.76,True,94.85,93.46,True,True,True,,257.1,284.39,281.82,269.29,True,90.72,92.89,False,False,True,,257.1,284.39,281.82,274.3,True,76.17,76.08,True,True,False,bullish_harami,273.9,284.39,280.23,284.39,4.16,8.1,51.4,276.29,288.33,273.9,265.69,288.64,"T1 - overhead resistance (swing level, 8 touch(es)) inside 1 ATR",0.42,True,269.98,281.82,False,up,channel rising (R2 0.84),265.72,low,2026-09-03,True,20,11,5,4,6,up,3,mixed,3,277.38,281.15,284.92,0.77,0.84,59.0,,,,True,0.32,False,1.57,279.23,-0.92,1.0,269.08,-4.52,6.0,287.12,1.88,3.0,0.33,297.58,5.59,1.0,0.98,Texas Instruments Incorporated,Technology,Semiconductors,257252737024,42.359398,26.462563,0.99,14.2823105,13.224322,6.65,2.18,0.31111,0.42576998,0.35176,0.228,3545250048.0,78.036,4.857,0.91667,0.0241,1.314,334.03,152.73,324.7097,71.2,Buy,2.08,31,3.0,17.0,14.0,2.0,0.0,2.42,2.42,True,24,2026-10-27,27.0,False,True,2001-03-12,0,0,,0,,0,,N/A,0,N/A,0,0,,,,,,,,,,,,,,,,True,True,True,True,False,False,True,,,,,,,,
UBER,filtered,WAIT,69.39,69.39,2026-09-29,False,69.46,19:57,0.1,sip,69.67,23:18,0.4,boats,15,,,,,69.67,overnight,,,-,DOWNTREND,-2.0,-1.08,False,True,0,,,,,,,,,,,,,,,,downtrend (below a falling EMA50) - no long setup,,,,,,,True,True,4,True,True,True,True,69.39,72.75,False,17.24,12.61,True,True,False,,67.73,71.96,69.39,71.86,False,26.38,22.59,True,True,False,,67.73,71.96,69.39,69.6,False,73.69,68.34,True,True,False,,67.73,69.89,68.4,69.89,1.49,1.69,88.2,68.2,70.09,67.73,66.89,71.91,T1 - nearest resistance,1.01,True,69.36,69.24,True,down,channel sloping down,72.96,low,2026-07-27,False,20,4,8,8,-4,up,1,mixed,1,67.68,68.53,69.38,-0.43,0.66,100.0,,,,True,0.33,False,1.57,68.83,-0.81,3.0,66.74,-3.82,1.0,71.91,3.63,5.0,1.01,74.63,7.55,4.0,2.1,"Uber Technologies, Inc.",Technology,Software - Application,141671972864,15.210526,15.678121,5.81,5.179985,2.5652666,4.56,,0.17345,0.13317999,0.3716,0.122,7244749824.0,51.872,0.843,0.85363,0.0232,1.159,101.295,65.41,100.77319,11.1,Buy,1.57,47,9.0,33.0,8.0,1.0,0.0,0.92,0.95,False,31,2026-11-03,34.0,False,True,2023-12-18,0,0,2026-09-09 Scotiabank: init -> Sector Outperform,0,,0,,52,10,400.0,445,0,,,,ticker filtered out,,,,,,,,,,,,,,,,,,,,,,,,,,
UNH,down,WAIT,374.99,374.99,2026-09-29,False,374.75,19:59,-0.06,sip,375.3,23:38,0.08,boats,23,,,,,375.3,overnight,,,-,DOWNTREND,-1.98,-0.87,False,True,0,,,,,,,,,,,,,,,,downtrend (below a falling EMA50) - no long setup,,,,,,,True,True,3,True,True,True,False,374.99,390.7,False,27.47,24.67,True,True,False,,366.0,381.39,374.99,384.2,False,62.1,65.47,False,False,False,bullish_engulfing,366.0,381.39,374.99,375.45,False,25.96,22.96,True,True,False,,371.33,380.98,371.33,376.59,5.26,7.93,66.3,368.66,379.26,371.33,367.36,384.31,T1 - nearest resistance,1.22,True,374.16,373.49,True,down,channel rising but weak fit (R2 0.01 < 0.5),374.08,low,2026-09-23,True,20,7,7,6,0,down,1,up,3,370.33,374.85,379.38,0.04,0.01,51.0,,,,False,1.13,,,366.0,-2.4,1.0,,,,384.31,2.49,3.0,1.22,397.8,6.08,1.0,2.99,UnitedHealth Group Incorporated,Healthcare,Healthcare Plans,336544202752,24.267962,16.582788,1.03,3.4467416,0.74700284,15.45,2.46,0.03135,0.071329996,0.14152999,0.004,24272250880.0,69.211,0.777,0.89682996,0.0164,0.622,461.62,255.97,481.72,57.9,Buy,1.58,25,7.0,15.0,4.0,0.0,0.0,4.15,4.12,True,23,2026-10-13,13.0,False,True,1994-07-01,0,0,,0,,0,,N/A,0,N/A,0,0,,,,not fetched for down-trend tickers,,,,,,,,,,,,,,,,,,,,,,,,,,
USFD,down,WAIT,93.74,93.74,2026-09-29,False,93.7,16:08,-0.04,sip,,,,,0,,,,,93.7,after-hours,,,-,DOWNTREND,-2.01,-1.13,False,False,0,,,,,,,,,,,,,,,,downtrend (below a falling EMA50) - no long setup,,,,,,,True,True,3,True,True,True,False,93.74,98.79,False,29.45,25.52,True,True,False,,91.54,96.98,93.74,97.47,False,34.64,31.68,True,True,False,,91.54,96.98,93.74,93.86,False,56.33,51.51,True,True,False,,91.76,94.92,92.36,94.92,2.56,2.52,101.6,92.4,94.88,91.76,90.5,97.49,T1 - nearest resistance,1.16,True,93.9,93.48,True,down,channel sloping down,93.36,low,2026-09-15,True,20,4,9,7,-5,up,1,down,4,92.17,93.17,94.17,-0.25,0.47,78.0,,,,True,0.24,False,1.41,93.14,-0.64,1.0,90.19,-3.79,1.0,97.49,4.0,3.0,1.16,103.28,10.18,2.0,2.94,US Foods Holding Corp.,Consumer Defensive,Food Distribution,20270188544,28.830769,16.898228,0.91,4.7363896,0.50507534,3.25,,0.01814,0.04197,0.16350001,0.045,805124992.0,126.315,1.137,1.11422,0.0554,0.819,111.42,69.875,116.0,57.4,Buy,1.53,15,0.0,12.0,2.0,1.0,0.0,1.25,1.25,True,13,2026-11-05,36.0,False,False,,0,0,2026-09-29 JP Morgan: main -> Neutral,0,,0,,N/A,0,N/A,0,0,,,,not fetched for down-trend tickers,,,,,,,,,,,,,,,,,,,,,,,,,,
VCYT,up,WATCH,46.12,46.12,2026-09-29,False,46.08,16:00,-0.09,sip,,,,,0,,,,,46.08,after-hours,MA_RECLAIM,MA reclaim (early trend),C,EARLY_UPTREND,0.39,0.36,False,False,4,45.11,42.86,49.0,0.88,45.32,,price,,46.36,Price: pull back to 45.32 or lower (R:R 1.5+ with the same stop and target) | Then the turn has to show at that price - daily: a green candle - trade above 46.36 (today's open / mid-range) and hold it into the close,3.3,T1 - nearest real resistance (20-bar high),,4.0,no turn yet on the daily chart; R:R 0.88 below 1.5,no turn yet on the daily chart; R:R 0.88 below 1.5,,,,,,,False,True,0,False,False,False,False,46.12,45.11,True,68.42,74.31,False,False,False,,38.24,49.0,46.12,43.93,True,66.79,68.24,False,False,False,,38.24,49.0,46.12,44.87,True,54.48,53.33,True,True,False,bullish_harami,44.47,47.62,45.21,47.52,2.31,2.59,89.2,44.93,47.8,44.47,42.86,49.0,T1 - nearest real resistance (20-bar high),0.88,True,46.21,46.08,True,up,channel rising (R2 0.6),43.94,low,2026-09-16,True,20,9,7,4,2,mixed,1,down,1,44.9,47.59,50.29,1.72,0.6,23.0,,,,True,0.14,False,1.17,45.77,-0.76,2.0,43.09,-6.57,1.0,48.48,5.12,2.0,0.72,55.13,19.54,3.0,2.76,"Veracyte, Inc.",Healthcare,Diagnostics & Research,3704404992,32.223778,23.61878,,2.6672843,6.592641,1.43,,0.20374,0.15287,0.087740004,0.155,106230872.0,2.889,9.162,1.13392,0.123500004,1.926,60.91,29.455,58.41667,53.0,Buy,1.62,12,2.0,9.0,1.0,1.0,0.0,0.41,0.41,True,12,2026-11-03,34.0,False,False,,0,0,2026-09-15 Freedom Capital Markets: main -> Buy,0,,0,,N/A,0,N/A,0,0,,,,,,,,,,,,,,,,True,True,True,True,True,False,True,,,,,,,,
VEEV,up,WAIT,278.5,278.5,2026-09-29,False,278.57,16:08,0.03,sip,280.04,22:01,0.55,boats,3,,,,,280.04,overnight,SUPPORT_BOUNCE,Support bounce,D,UPTREND_WEAK,4.2,2.74,True,False,66,272.99,269.28,290.47,1.3,277.76,,,,278.5,"Setup: Rejection - closed back above the test bar / upper half of range | Price: pull back to 277.76 or lower (R:R 1.5+ with the same stop and target) | Then the turn has to show at that price - daily: a green candle - trade above 278.50 (today's open / mid-range) and hold it into the close | Confirmations: any 1 of: Volume on the bounce >= average, or Trend context intact | Extension: pull back closer to the EMA50 (now 4.2 ATR above, max 3)",9.1,T1 - nearest real resistance (20-bar high),282.81,2.0,Rejection - closed back above the test bar / upper half of range; no turn yet on the daily chart; confirmations 2/4 (need 3); R:R 1.30 below 1.5; extended 4.2 ATR above EMA50,weak support bounce: Rejection - closed back above the test bar / upper half of range; no turn yet on the daily chart; confirmations 2/4 (need 3); R:R 1.30 below 1.5; extended 4.2 ATR above EMA50,,,,,,,False,True,1,False,False,True,False,278.5,247.36,True,87.68,81.33,True,True,True,,257.87,282.81,278.5,264.44,True,79.81,84.81,False,False,False,bullish_harami,257.87,282.81,278.5,273.9,True,49.41,38.58,True,True,False,,272.54,282.81,273.92,282.24,8.32,7.41,112.3,274.83,281.33,272.54,269.28,290.47,T1 - nearest real resistance (20-bar high),1.3,True,280.57,277.37,True,up,channel rising (R2 0.8),248.3,low,2026-07-23,True,20,7,8,5,-1,up,1,down,1,276.9,283.63,290.37,1.19,0.8,12.0,,,,False,0.74,False,2.76,272.99,-1.98,2.0,258.02,-7.35,3.0,282.81,1.55,1.0,0.47,288.38,3.55,1.0,1.07,Veeva Systems Inc.,Healthcare,Health Information Services,45102948352,45.667213,27.175865,1.25,6.2141967,13.042705,6.1,,0.29345,0.29637,0.14425,0.176,1257709824.0,2.041,5.458,0.93410003,0.0335,0.974,310.5,148.05,297.2963,80.3,Buy,1.97,27,8.0,12.0,8.0,1.0,0.0,2.34,2.28,True,26,2026-11-25,56.0,False,True,2026-05-07,0,0,,0,,1,"Quality Management System Software Market Forecasts Growth from $11.73B (2026) to $20.43B by 2031, Profiling Veeva Systems, Siemens, PTC, SAP, Oracle & 15 Others",N/A,0,N/A,0,0,,,,,,,,,,True,True,False,False,True,False,,,,,,,,,,,,,,,
VG,down,WAIT,12.54,12.54,2026-09-29,False,12.6,19:59,0.48,sip,,,,,0,,,,,12.6,after-hours,,,-,DOWNTREND,-1.73,-1.38,True,True,0,,,,,,,,,12.58,,,,,,,downtrend (below a falling EMA50) - no long setup,,,,,,,False,False,3,True,True,True,False,12.54,13.76,False,4.57,6.08,False,False,False,,12.34,15.23,12.54,13.89,False,10.21,12.49,False,False,False,hammer,12.34,15.23,12.54,13.23,False,10.89,8.4,True,True,False,,12.34,13.33,12.34,12.81,0.47,0.71,66.2,12.1,13.05,12.34,11.99,12.58,T1 - nearest resistance,0.07,True,12.98,12.58,False,down,channel sloping down,14.02,low,2026-07-28,False,20,7,11,2,-4,down,1,up,1,12.19,12.63,13.06,-1.18,0.66,40.0,,,,,,,,,,,,,,12.58,0.32,5.0,0.07,13.61,8.53,3.0,1.95,"Venture Global, Inc.",Energy,Oil & Gas Midstream,31351164928,9.796875,12.573319,1.38,3.6538463,1.8495171,1.28,1.24,0.22052,0.47794,0.33641997,0.476,-8635625472.0,354.624,1.185,0.90611,0.8047,,17.62,5.72,16.66667,57.3,Buy,2.11,18,4.0,6.0,8.0,0.0,0.0,0.53,0.53,True,7,2026-11-09,40.0,False,False,,0,0,2026-09-10 Scotiabank: main -> Sector Perform,0,,0,,N/A,0,N/A,0,0,,,,not fetched for down-trend tickers,,,,,,,,,,,,,,,,,,,,,,,,,,
VLO,up,WATCH,387.89,387.89,2026-09-29,False,387.18,19:39,-0.18,sip,,,,,0,,,,,387.18,after-hours,MA_BOUNCE,MA bounce,C,UPTREND,1.99,2.04,True,True,67,381.2,366.22,419.04,1.44,387.34,,price,,,Price: pull back to 387.34 or lower (R:R 1.5+ with the same stop and target),2.0,T1 - nearest real resistance (120-bar high + 20-bar high + 52-week high),,3.0,R:R 1.44 below 1.5,R:R 1.44 below 1.5,PULLBACK(watch),,,,,True,True,True,0,False,False,False,False,387.89,353.07,True,43.04,40.09,True,True,False,,364.96,419.04,387.89,376.87,True,43.16,43.82,False,False,False,,364.96,419.04,387.89,387.56,True,54.14,54.12,True,False,False,,371.89,395.85,379.57,389.4,9.83,17.47,56.3,371.93,397.04,371.89,366.22,419.04,T1 - nearest real resistance (120-bar high + 20-bar high + 52-week high),1.44,True,388.21,385.51,True,up,WATCH setup overrides the 1h channel (channel sloping down),370.55,low,2026-08-07,True,20,12,5,3,7,down,1,up,1,366.07,382.33,398.59,-0.31,0.08,67.0,,,,False,0.73,False,1.31,375.1,-3.3,1.0,364.96,-5.91,1.0,419.04,8.03,1.0,1.44,,,,,Valero Energy Corporation,Energy,Oil & Gas Refining & Marketing,111635234816,16.17522,10.192314,1.92,4.4652767,0.84297544,23.97,1.23,0.05446,0.12269,0.27637,0.517,8416374784.0,40.148,1.636,0.87044,0.039100002,0.568,419.04,155.29,360.3158,88.2,Buy,2.40,19,3.0,6.0,9.0,1.0,1.0,18.91,15.64,True,16,2026-10-22,22.0,False,True,2002-12-20,0,1,2026-09-23 Goldman Sachs: main -> Buy,0,,0,,N/A,0,N/A,0,0,,,,,,,True,,,False,,True,,True,,,,,,,,,,,,,,True,True,
VSH,filtered,WAIT,32.47,32.47,2026-09-29,False,32.23,19:37,-0.74,sip,,,,,0,,,,,32.23,after-hours,,,-,DOWNTREND,-1.05,-1.16,True,False,0,,,,,,,,,32.96,,,,,,,downtrend (below a falling EMA50) - no long setup,,,,,,,False,False,4,True,True,True,True,32.47,34.15,False,58.09,55.36,True,True,False,,30.74,33.55,32.47,32.44,True,54.08,51.34,True,True,False,hammer,30.74,33.55,32.47,32.36,True,57.64,59.51,False,False,False,,31.34,33.2,32.22,33.13,0.91,1.59,57.2,31.54,33.81,31.34,30.55,32.7,T1 - nearest resistance,0.12,True,32.5,32.51,False,down,channel sloping down,31.8,low,2026-09-01,True,20,9,8,3,1,up,1,down,1,31.65,32.3,32.96,-0.16,0.09,63.0,,,,False,1.7,,,29.76,-8.35,4.0,,,,32.7,0.71,8.0,0.12,36.42,12.17,2.0,2.06,"Vishay Intertechnology, Inc.",Technology,Semiconductors,4978687488,162.29999,18.635786,1.84,1.7092307,1.4998852,0.2,1.24,0.00856,0.024330001,0.01134,0.166,-3755125.0,37.664,1.802,1.10674,0.1408,1.805,69.47,11.77,40.0,35.9,Buy,2.00,6,2.0,3.0,1.0,0.0,1.0,0.28,0.29,False,6,2026-11-04,35.0,False,False,,0,0,2026-09-15 Oppenheimer: init -> Outperform,0,,0,,N/A,0,N/A,0,0,,,,ticker filtered out,,,,,,,,,,,,,,,,,,,,,,,,,,
VST,filtered,WAIT,140.82,140.82,2026-09-29,False,141.89,19:58,0.76,sip,141.47,23:44,0.46,boats,65,,,,,141.47,overnight,,,-,DOWNTREND,-0.92,-0.9,True,True,0,,,,,,,,,141.18,,,,,,,downtrend (below a falling EMA50) - no long setup,,,,,,,False,False,4,True,True,True,True,140.82,144.64,False,18.73,13.14,True,True,False,,135.77,146.11,140.82,141.99,False,47.32,35.31,True,True,False,bullish_engulfing,135.77,146.11,140.82,139.71,True,65.91,62.44,True,True,False,,135.77,143.51,138.85,143.51,4.66,4.15,112.3,139.36,143.0,135.77,133.69,143.09,T1 - nearest resistance,0.32,True,138.01,140.88,False,down,channel sloping down,142.16,low,2026-08-24,False,20,8,9,3,-1,up,1,down,1,135.0,138.13,141.25,-0.25,0.17,93.0,,,,True,0.29,False,1.47,139.62,-0.85,1.0,134.72,-4.33,3.0,143.09,1.61,2.0,0.32,148.14,5.2,3.0,1.03,Vistra Corp.,Utilities,Utilities - Independent Power Producers,47267504128,23.239275,13.586272,0.34,15.740473,2.4603117,6.06,0.67,0.1155,0.13766,0.42962003,-0.055,37125000.0,373.28,0.973,0.92077005,0.0335,1.414,217.1,132.66,217.57895,9.7,Strong Buy,1.35,19,4.0,15.0,0.0,0.0,1.0,2.59,2.60,False,7,2026-11-06,37.0,False,True,2024-05-08,0,0,,0,,0,,88,5,400.0,14,0,,,,ticker filtered out,,,,,,,,,,,,,,,,,,,,,,,,,,
WAT,up,WATCH,443.48,443.48,2026-09-29,False,443.26,16:08,-0.05,sip,,,,,0,,,,,443.26,after-hours,FRESH_BREAKOUT,Fresh breakout,C,UPTREND_WEAK,3.2,1.49,False,True,50,436.34,430.74,445.48,0.16,436.64,,price,445.48,,Price: pull back to 436.64 or lower (R:R 1.5+ with the same stop and target) OR close above 445.48 on 1.5x+ volume (becomes a fresh breakout),2.6,T1 - overhead resistance (52-week high) inside 1 ATR,445.48,3.0,R:R 0.16 below 1.5,R:R 0.16 below 1.5,,True,True,True,True,False,True,True,0,False,False,False,False,443.48,407.6,True,95.13,90.03,True,True,True,,415.93,445.48,443.48,419.78,True,89.26,90.88,False,False,True,,415.93,445.48,443.48,432.33,True,85.85,82.86,True,True,True,,423.89,445.48,437.88,444.41,6.53,11.2,58.3,433.21,449.08,423.89,430.74,445.48,T1 - overhead resistance (52-week high) inside 1 ATR,0.16,True,423.22,441.56,True,up,channel rising (R2 0.79),403.78,low,2026-07-21,True,20,6,6,8,0,mixed,4,down,1,435.3,441.65,448.01,0.69,0.79,64.0,,,,False,1.76,False,4.24,423.74,-4.45,6.0,395.99,-10.71,6.0,,,,,,,,,Waters Corporation,Healthcare,Diagnostics & Research,43521863680,112.21772,26.78844,1.65,2.865362,9.371056,3.95,,0.03588,0.09422,0.019199999,1.134,-142067632.0,36.045,1.861,1.0228,0.0337,1.194,445.48,282.77,444.79166,98.8,Buy,1.68,24,3.0,15.0,7.0,0.0,0.0,4.00,4.00,True,22,2026-10-30,30.0,False,True,2002-01-02,1,0,2026-09-21 Goldman Sachs: main -> Buy,0,,0,,N/A,0,N/A,0,0,,,,,,,,,,,,,,,,,,,,,,,,,,,,,,
WAY,down,WAIT,25.08,25.08,2026-09-29,False,25.07,16:27,-0.04,sip,,,,,0,,,,,25.07,after-hours,SUPPORT_BOUNCE,Support bounce,D,UPTREND_WEAK,0.62,0.56,False,True,12,24.37,23.82,26.56,1.17,24.92,,,,25.37,Price: pull back to 24.92 or lower (R:R 1.5+ with the same stop and target) | Then the turn has to show at that price - daily: a green candle - trade above 25.37 (today's open / mid-range) and hold it into the close; 1h: reclaim the session VWAP (25.20) and 1h MACD bullish or 1h %K above %D | Confirmations: any 2 of: Bullish candle; Daily stochastic reset and turning up; Trend context intact,6.1,"T1 - nearest real resistance (swing level, 6 touch(es))",,1.0,no turn yet on the daily and 1h charts; confirmations 1/4 (need 3); R:R 1.17 below 1.5,weak support bounce: no turn yet on the daily and 1h charts; confirmations 1/4 (need 3); R:R 1.17 below 1.5,,,,,,,False,False,1,False,False,True,False,25.08,24.39,True,51.6,46.69,True,True,False,,24.33,27.11,25.08,25.06,True,43.54,42.7,True,False,False,,24.33,27.11,25.08,25.21,False,52.6,53.45,False,False,False,,24.42,25.77,25.01,25.53,0.52,1.1,47.3,24.43,26.11,24.42,23.82,26.56,"T1 - nearest real resistance (swing level, 6 touch(es))",1.17,True,25.52,25.2,False,down,channel sloping down,24.45,low,2026-07-30,True,20,3,12,5,-9,mixed,1,up,1,24.22,24.97,25.71,-0.19,0.06,58.0,,,,False,0.65,False,1.52,24.37,-2.83,3.0,23.41,-6.66,4.0,25.18,0.4,1.0,0.08,25.85,3.07,2.0,0.61,Waystar Holding Corp.,Healthcare,Health Information Services,4807132672,36.867645,13.33688,,1.2204858,3.9868834,0.68,,0.11179,0.2441,0.03765,0.181,313745376.0,37.171,1.847,1.13036,0.091000006,0.153,40.35,17.26,33.68182,33.9,Strong Buy,1.36,22,4.0,16.0,2.0,0.0,0.0,0.41,0.41,True,19,2026-10-28,28.0,False,False,,0,1,2026-09-16 Freedom Capital Markets: main -> Buy,0,,0,,N/A,0,N/A,0,0,,,,not fetched for down-trend tickers,,,,,,False,True,True,True,False,False,,,,,,,,,,,,,,,
WDAY,down,WAIT,189.18,189.18,2026-09-29,False,187.44,17:31,-0.92,sip,,,,,0,,,,,187.44,after-hours,SUPPORT_BOUNCE,Support bounce,D,UPTREND_WEAK,1.2,1.1,False,False,47,185.71,180.79,201.88,1.51,,189.23,,,,Confirmations: any 2 of: Bullish candle; Volume on the bounce >= average; Trend context intact,2.0,"T1 - nearest real resistance (swing level, 2 touch(es))",195.92,1.0,confirmations 1/4 (need 3),weak support bounce: confirmations 1/4 (need 3),,,,,,,True,True,1,False,False,True,False,189.18,181.07,True,36.36,34.89,True,True,False,,181.47,201.0,189.18,189.61,False,37.25,37.21,True,True,False,,181.47,201.0,189.18,190.04,False,68.41,57.37,True,True,False,,181.47,191.75,185.0,189.34,4.34,6.76,64.2,182.58,191.76,181.47,180.79,201.88,"T1 - nearest real resistance (swing level, 2 touch(es))",1.51,False,192.19,187.24,True,down,channel sloping down,183.83,low,2026-07-23,True,20,6,8,6,-2,mixed,1,down,2,184.98,187.81,190.64,-0.41,0.54,74.0,,,,False,0.51,False,2.57,185.71,-1.83,5.0,171.78,-9.2,2.0,195.92,3.56,1.0,0.8,201.88,6.71,2.0,1.51,"Workday, Inc.",Technology,Software - Application,45589970944,38.527496,14.295344,0.69,7.0572653,4.4894114,4.91,,0.12319,0.11816,0.16006,0.128,3046374912.0,58.39,0.908,1.12516,0.083100006,1.082,247.4,110.36,208.68184,57.5,Buy,2.26,38,5.0,15.0,19.0,1.0,2.0,2.74,2.64,True,36,,,False,True,2024-12-23,0,0,2026-08-31 Goldman Sachs: main -> Neutral,0,,0,,N/A,0,N/A,0,0,,,,not fetched for down-trend tickers,,,,,,False,True,True,False,True,False,,,,,,,,,,,,,,,
WK,down,WAIT,65.16,65.16,2026-09-29,False,65.15,16:00,-0.02,sip,,,,,0,,,,,65.15,after-hours,,,-,RANGE,-1.07,0.14,False,False,0,,,,,,,,,69.71,,,,,,,no trend (below a flat EMA50) - wait for a reclaim or a breakout,,,,,,,False,False,3,True,True,True,False,65.16,68.51,False,10.6,15.13,False,False,False,,64.89,76.01,65.16,71.41,False,10.72,17.48,False,False,False,,64.89,76.01,65.16,69.83,False,4.73,5.86,False,True,False,,64.89,72.08,64.89,69.71,4.82,3.13,154.0,66.58,68.02,64.89,63.33,71.16,T1 - nearest resistance,3.28,False,70.88,65.85,False,down,channel sloping down,69.92,low,2026-07-23,False,20,4,10,6,-6,mixed,1,down,1,64.85,67.31,69.76,-1.2,0.64,6.0,,,,False,0.87,False,2.39,62.45,-4.16,1.0,57.69,-11.46,2.0,71.16,9.21,5.0,3.28,74.64,14.55,1.0,5.18,Workiva Inc.,Technology,Software - Application,3656174848,81.4375,16.087215,,-290.8482,3.7860475,0.8,,0.04871,0.04571,,0.186,169095376.0,,1.473,1.01569,0.0759,0.487,97.095,43.34,89.8,40.6,Strong Buy,1.18,10,2.0,9.0,0.0,0.0,0.0,0.80,0.80,True,10,2026-11-04,35.0,False,False,,0,0,2026-09-16 Baird: main -> Outperform,0,,0,,N/A,0,N/A,0,0,,,,not fetched for down-trend tickers,,,,,,,,,,,,,,,,,,,,,,,,,,
WSM,up,WATCH,230.02,230.02,2026-09-29,False,229.78,16:14,-0.1,sip,,,,,0,,,,,229.78,after-hours,MA_RECLAIM,MA reclaim (early trend),C,EARLY_UPTREND,0.22,0.13,False,False,4,228.55,223.64,234.32,0.67,227.92,,price,234.32,232.67,"Price: pull back to 227.92 or lower (R:R 1.5+ with the same stop and target) OR close above 234.32 on 1.5x+ volume (becomes a fresh breakout) | Then the turn has to show at that price - daily: a green candle - trade above 232.67 (today's open / mid-range) and hold it into the close | Confirmations: any 1 of: Volume on the reclaim >= 1.2x average, or Daily %K above %D and not overbought, or SMA50 reclaimed as well",4.3,T1 - overhead resistance (20-bar high) inside 1 ATR,234.32,2.0,no turn yet on the daily chart; confirmations 2/5 (need 3); R:R 0.67 below 1.5,no turn yet on the daily chart; confirmations 2/5 (need 3); R:R 0.67 below 1.5,,,,,,,False,True,0,False,False,False,False,230.02,228.55,True,81.04,77.21,True,True,True,,216.68,234.32,230.02,229.21,True,65.01,72.88,False,False,False,,216.68,234.32,230.02,229.3,True,50.13,44.3,True,True,False,,226.22,233.84,228.26,233.4,5.14,6.54,78.6,226.86,234.8,226.22,223.64,234.32,T1 - overhead resistance (20-bar high) inside 1 ATR,0.67,True,229.36,229.87,True,up,WATCH setup overrides the 1h channel (channel rising but weak fit (R2 0.05 < 0.5)),233.03,low,2026-07-23,False,20,7,6,7,1,up,1,down,1,227.11,230.8,234.49,0.09,0.05,39.0,,,,False,1.94,,,217.32,-5.52,5.0,,,,230.56,0.23,9.0,0.08,247.9,7.77,7.0,2.8,"Williams-Sonoma, Inc.",Consumer Cyclical,Specialty Retail,27081930752,23.707218,21.87154,2.62,14.481109,3.383061,9.7,1.32,0.14729,0.17272,0.54960996,0.067,1069320128.0,71.369,1.447,0.98493,0.0493,1.463,254.89,165.51,247.85,72.2,Buy,2.17,20,2.0,9.0,11.0,0.0,1.0,2.20,2.13,True,12,2026-11-18,49.0,False,True,2025-03-24,0,0,2026-09-09 Evercore ISI Group: main -> In-Line,0,,0,,N/A,0,N/A,0,0,,,,,,,,,,,,,,,,True,True,True,True,False,False,False,,,,,,,,
WT,down,WAIT,24.27,24.27,2026-09-29,False,24.27,16:00,0.0,sip,,,,,0,,,,,24.27,after-hours,,,-,UPTREND_WEAK,1.84,1.48,False,True,10,,,,,,,,,24.42,,,,,,,"above the EMA50 but not a clean uptrend yet (missing: higher lows) - pullback and MA-bounce setups need higher highs, higher lows and a rising EMA50",,,,,,,False,True,2,True,False,True,False,24.27,22.6,True,73.87,65.13,True,True,False,hammer,21.59,24.86,24.27,23.49,True,63.86,66.91,False,True,False,bullish_harami,21.59,24.86,24.27,23.84,True,51.35,34.59,True,True,False,,23.73,24.59,23.73,24.42,0.69,0.9,76.7,23.52,24.63,23.73,23.28,24.8,T1 - nearest resistance,0.54,True,23.81,24.0,True,down,channel rising but weak fit (R2 0.46 < 0.5),23.0,low,2026-07-30,True,20,7,6,7,1,mixed,1,down,1,23.79,24.24,24.7,0.43,0.46,53.0,,,,False,1.08,False,1.97,23.3,-4.0,3.0,22.5,-7.29,1.0,24.8,2.18,2.0,0.54,25.9,6.72,2.0,1.65,"WisdomTree, Inc.",Financial Services,Asset Management,3677199104,43.339287,17.958754,1.54,7.627279,6.031359,0.56,0.5,0.13266,0.41166002,0.18731001,0.573,156595376.0,257.672,2.995,1.12108,0.1734,1.202,25.91,10.69,25.18571,89.2,Buy,1.71,7,1.0,4.0,2.0,0.0,0.0,0.31,0.30,True,7,2026-10-30,30.0,False,False,,0,0,2026-09-25 Morgan Stanley: main -> Equal-Weight,0,,0,,N/A,0,N/A,0,0,,,,not fetched for down-trend tickers,,,,,,,,,,,,,,,,,,,,,,,,,,
WTTR,down,WAIT,19.34,19.34,2026-09-29,False,19.35,19:24,0.05,sip,,,,,0,,,,,19.35,after-hours,SUPPORT_BOUNCE,Support bounce,D,CORRECTION,-0.59,-0.23,True,False,0,19.17,18.65,19.51,0.25,18.99,,,19.51,19.82,Setup: Rejection - closed back above the test bar / upper half of range | Price: pull back to 18.99 or lower (R:R 1.5+ with the same stop and target) OR close above 19.51 on 1.5x+ volume (becomes a fresh breakout) | Then the turn has to show at that price - daily: a green candle - trade above 19.82 (today's open / mid-range) and hold it into the close; 1h: reclaim the session VWAP (19.58) and 1h MACD bullish or 1h %K above %D | Confirmations: any 2 of: Bullish candle; Daily stochastic reset and turning up; Trend context intact,9.4,"T1 - overhead resistance (swing level, 16 touch(es)) inside 1 ATR",19.51,1.0,Rejection - closed back above the test bar / upper half of range; no turn yet on the daily and 1h charts; confirmations 1/4 (need 3); R:R 0.25 below 1.5,weak support bounce: Rejection - closed back above the test bar / upper half of range; no turn yet on the daily and 1h charts; confirmations 1/4 (need 3); R:R 0.25 below 1.5,,,,,,,False,False,1,False,False,True,False,19.34,19.85,False,35.79,32.02,True,False,False,,19.03,21.06,19.34,20.07,False,34.07,45.48,False,False,False,,19.03,21.06,19.34,19.97,False,13.78,22.74,False,False,False,,19.28,20.44,19.28,20.05,0.77,0.86,89.5,19.19,20.14,19.28,18.65,19.51,"T1 - overhead resistance (swing level, 16 touch(es)) inside 1 ATR",0.25,True,20.27,19.58,False,down,channel sloping down,20.12,low,2026-07-28,False,20,7,7,6,0,down,2,up,1,18.9,19.61,20.33,-0.6,0.31,31.0,,,,True,0.2,False,1.85,19.17,-0.88,8.0,17.75,-8.22,2.0,20.38,5.38,3.0,1.51,21.39,10.6,6.0,2.97,"Select Water Solutions, Inc.",Energy,Oil & Gas Equipment & Services,2760471040,71.62963,34.4545,,2.3767974,1.9297112,0.27,1.39,0.022349998,0.088479996,0.03128,0.087,-87477752.0,25.666,1.578,0.97494006,0.0514,1.001,22.55,9.285,24.0,75.8,Strong Buy,1.43,7,3.0,4.0,0.0,0.0,0.0,0.16,0.16,True,3,2026-11-03,34.0,False,False,,0,0,,0,,0,,N/A,0,N/A,0,0,,,,not fetched for down-trend tickers,,,,,,False,True,False,True,False,False,,,,,,,,,,,,,,,
XOM,up,WATCH,161.39,161.39,2026-09-29,False,161.29,19:53,-0.06,sip,,,,,0,,,,,161.29,after-hours,MA_BOUNCE,MA bounce,C,UPTREND,0.62,0.35,True,True,6,159.05,156.22,164.75,0.65,159.63,,price,164.75,,Price: pull back to 159.63 or lower (R:R 1.5+ with the same stop and target) OR close above 164.75 on 1.5x+ volume (becomes a fresh breakout) | Then the turn has to show at that price - 1h: 1h MACD bullish or 1h %K above %D,3.5,"T1 - overhead resistance (swing level, 3 touch(es)) inside 1 ATR","161.67, 164.75",3.0,no turn yet on the 1h chart; R:R 0.65 below 1.5,no turn yet on the 1h chart; R:R 0.65 below 1.5,,,,,,True,True,False,0,False,False,False,False,161.39,159.05,True,40.92,40.96,False,False,False,,155.85,167.49,161.39,161.51,False,65.77,66.64,False,False,False,hammer,155.85,167.49,161.39,161.69,False,48.01,49.02,False,False,False,,159.27,163.54,159.27,161.96,2.69,3.78,71.2,158.18,163.05,159.27,156.22,164.75,"T1 - overhead resistance (swing level, 3 touch(es)) inside 1 ATR",0.65,True,161.2,161.22,True,up,WATCH setup overrides the 1h channel (channel rising but weak fit (R2 0.38 < 0.5)),159.89,low,2026-07-21,True,20,8,7,5,1,down,1,up,1,160.1,162.47,164.84,0.28,0.38,27.0,,,,False,1.02,False,2.52,157.52,-2.4,6.0,151.88,-5.89,1.0,161.67,0.17,1.0,0.05,165.28,2.41,2.0,0.75,ExxonMobil Holdings Corporation,Energy,Oil & Gas Integrated,663457038336,20.927368,14.493782,1.39,2.557863,1.8375257,7.71,2.54,0.09072,0.15859,0.12584,0.441,20671000576.0,15.921,1.135,0.67212,0.0108,0.175,176.41,110.39,173.09091,77.2,Buy,2.32,22,3.0,7.0,15.0,0.0,0.0,3.71,3.59,True,16,2026-10-30,30.0,False,True,1957-03-04,0,0,2026-09-28 TD Cowen: main -> Buy,1,ExxonMobil vs. ConocoPhillips: Which Oil Major's Stock Buybacks Will Actually Move the Needle?,1,Prediction: ExxonMobil's Low-Carbon Bets Finally Show Up in Guidance by 2027,N/A,0,N/A,0,0,,,,,,,True,,,True,,True,,False,,,,,,,,,,,,,,True,True,
XYZ,filtered,WAIT,74.08,74.08,2026-09-29,False,74.5,19:05,0.57,sip,,,,,0,,,,,74.5,after-hours,,,-,DOWNTREND,-1.98,-0.93,False,True,0,,,,,,,,,,,,,,,,downtrend (below a falling EMA50) - no long setup,,,,,,,True,True,4,True,True,True,True,74.08,78.35,False,14.29,16.74,False,False,False,,72.86,79.82,74.08,78.01,False,8.29,10.67,False,True,False,morning_star,72.86,79.82,74.08,75.52,False,31.03,19.75,True,True,False,,72.86,77.19,72.86,74.49,1.62,2.15,75.3,72.34,75.01,72.86,71.78,74.36,T1 - nearest resistance,0.12,True,77.8,73.62,True,down,channel sloping down,73.62,low,2026-09-29,True,20,5,10,5,-5,down,2,up,1,71.63,73.59,75.54,-0.88,0.64,63.0,,,,,,,,,,,,,,74.36,0.38,1.0,0.12,76.87,3.77,8.0,1.21,"Block, Inc.",Technology,Software - Infrastructure,44488871936,132.23215,14.278359,0.56,2.017821,1.7765728,0.56,,0.01426,0.06999,0.01612,0.093,-27105876.0,32.58,2.209,0.84246004,0.028800001,2.522,86.92,48.21,98.36357,66.8,Buy,1.55,42,10.0,28.0,9.0,0.0,0.0,1.02,1.03,False,32,2026-11-09,40.0,False,True,2025-07-23,1,0,2026-09-25 Cantor Fitzgerald: reit -> Overweight,0,,0,,N/A,0,N/A,0,0,,,,ticker filtered out,,,,,,,,,,,,,,,,,,,,,,,,,,
ZBRA,up,WATCH,375.93,375.93,2026-09-29,False,375.97,16:37,0.01,sip,,,,,0,,,,,375.97,after-hours,SUPPORT_BOUNCE,Support bounce,C,UPTREND_WEAK,3.39,2.11,False,True,71,370.06,362.86,386.22,0.79,372.2,,price,386.22,378.11,"Price: pull back to 372.20 or lower (R:R 1.5+ with the same stop and target) OR close above 386.22 on 1.5x+ volume (becomes a fresh breakout) | Then the turn has to show at that price - daily: a green candle - trade above 378.11 (today's open / mid-range) and hold it into the close | Confirmations: any 1 of: Daily stochastic reset and turning up, or Trend context intact | Extension: pull back closer to the EMA50 (now 3.4 ATR above, max 3)",6.3,T1 - overhead resistance (120-bar high + 52-week high) inside 1 ATR,"386.22, 386.22",2.0,no turn yet on the daily chart; confirmations 2/4 (need 3); R:R 0.79 below 1.5; extended 3.4 ATR above EMA50,no turn yet on the daily chart; confirmations 2/4 (need 3); R:R 0.79 below 1.5; extended 3.4 ATR above EMA50,FRESH_BREAKOUT(weak),,,,,,False,True,0,False,False,False,False,375.93,339.34,True,89.48,86.07,True,True,True,hammer,338.67,380.85,375.93,355.84,True,83.0,84.33,False,True,True,bullish_harami,338.67,380.85,375.93,365.68,True,63.4,53.47,True,True,False,,363.94,380.85,366.49,380.85,14.35,10.81,132.7,370.04,377.3,363.94,362.86,386.22,T1 - overhead resistance (120-bar high + 52-week high) inside 1 ATR,0.79,True,371.55,372.38,True,up,channel rising (R2 0.67),340.06,low,2026-07-21,True,20,10,7,3,3,up,1,mixed,1,367.52,376.93,386.34,0.88,0.67,45.0,,,,False,0.54,False,1.77,370.06,-1.56,4.0,356.77,-5.1,1.0,386.22,2.74,1.0,0.79,,,,,Zebra Technologies Corporation,Technology,Communication Equipment,17908725760,34.117058,16.935846,0.63,5.1868663,3.0628912,11.02,,0.092180006,0.21259001,0.15286,0.204,576750016.0,86.23,0.516,1.05901,0.045900002,1.607,386.23,199.05,411.45267,94.5,Buy,1.94,15,3.0,7.0,6.0,0.0,0.0,4.90,4.89,True,15,2026-11-03,34.0,False,True,2019-12-23,0,0,2026-09-15 Needham: main -> Buy,0,,0,,N/A,0,N/A,0,0,,,,,,,,,,,True,True,True,False,False,,,,,,,,,,,True,,,,
ZM,filtered,WAIT,88.35,88.35,2026-09-29,False,88.55,19:58,0.23,sip,88.99,20:35,0.72,boats,10,,,,,88.99,overnight,,,-,DOWNTREND,-2.49,-1.27,False,False,0,,,,,,,,,,,,,,,,downtrend (below a falling EMA50) - no long setup,,,,,,,True,True,4,True,True,True,True,88.35,94.95,False,18.27,18.28,False,True,False,bullish_engulfing,85.49,93.33,88.35,93.58,False,27.27,25.89,True,True,False,,85.49,93.33,88.35,89.83,False,64.08,49.12,True,True,False,,85.49,91.83,86.38,88.6,2.22,2.65,83.8,85.95,89.03,85.49,84.16,93.79,T1 - nearest resistance,1.3,True,90.9,87.82,True,down,channel sloping down,97.22,low,2026-07-23,False,20,7,10,3,-3,up,1,down,1,85.47,88.14,90.8,-0.6,0.39,54.0,,,,True,0.11,False,1.9,88.06,-0.33,2.0,83.32,-5.69,1.0,93.79,6.16,4.0,1.3,97.0,9.79,1.0,2.06,"Zoom Communications, Inc.",Technology,Software - Application,25780551680,8.203807,13.931813,2.39,2.6005888,5.163287,10.77,,0.65192,0.24609,0.32143003,0.049,1975528320.0,0.533,3.826,0.79100996,0.0269,1.04,114.74,70.7,118.24,40.1,Buy,1.90,25,2.0,16.0,11.0,0.0,1.0,1.49,1.50,False,25,2026-11-24,55.0,False,False,,0,0,,0,,0,,N/A,0,N/A,0,0,,,,ticker filtered out,,,,,,,,,,,,,,,,,,,,,,,,,,
