ticker,report,signal,current_price,pre_market,pre_market_time_et,pre_market_source,pre_market_gap_pct,pre_market_reason,hard_requirements_met,hard_daily_trend_up,hard_daily_stoch_bullish,hard_4h_trend_up,hard_4h_stoch_bullish,structural_confirmation,structural_daily_pattern,structural_4h_pattern,soft_score,soft_1h_not_overbought,soft_1h_macd_bullish,soft_volume_confirmed,soft_near_support,soft_1h_bullish_pattern,filter_checks_failed,fails_hard_lt_3,fails_no_structural,fails_soft_lt_2,fails_eps_deteriorating,d1_close,d1_ema50,d1_trend_up,d1_stoch_k,d1_stoch_d,d1_k_above_d,d1_stoch_bullish,d1_overbought,d1_patterns,d1_support,d1_resistance,h4_close,h4_ema50,h4_trend_up,h4_stoch_k,h4_stoch_d,h4_k_above_d,h4_stoch_bullish,h4_overbought,h4_patterns,h4_support,h4_resistance,h1_close,h1_ema50,h1_trend_up,h1_stoch_k,h1_stoch_d,h1_k_above_d,h1_stoch_bullish,h1_overbought,h1_patterns,h1_support,h1_resistance,today_low,today_high,today_range,daily_atr,atr_used_today_pct,atr_projected_low,atr_projected_high,entry_support_1h,stop,take_profit,poc,vwap,above_vwap,trend_dir,trend_reason,channel_lower,channel_mid,channel_upper,channel_slope_pct_day,channel_r2,channel_position_pct,name,sector,industry,market_cap,trailing_p_e,forward_p_e,peg_ratio,price_book,price_sales_ttm,eps_ttm,dividend_yield,profit_margin,operating_margin,return_on_equity,revenue_growth_yoy,free_cash_flow,debt_equity,current_ratio,institutional_ownership,short_pct_of_float,beta,52_week_high,52_week_low,analyst_target_mean,pos_in_52w_range_pct,analyst_consensus,analyst_mean_score,analyst_opinions,analyst_strong_buy,analyst_buy,analyst_hold,analyst_sell,analyst_strong_sell,eps_current,eps_30d_ago,eps_improving,eps_num_analysts,next_earnings_date,days_to_earnings,in_earnings_window,in_sp500,sp500_added_date,upgrades,downgrades,latest_rating_action,buyback_headlines_count,latest_buyback_headline,guidance_headlines_count,latest_guidance_headline,reddit_rank,reddit_mentions,reddit_momentum_pct_24h,reddit_upvotes,news_count,latest_news_time,latest_news_headline,latest_news_url,news_not_fetched_reason,error
A,up,WAIT,172.79,,,,,,False,True,False,True,False,True,True,False,2,True,False,True,False,False,1,True,False,False,False,172.79,149.72,True,91.73,92.94,False,False,True,hammer,144.65,174.77,172.79,155.72,True,88.39,88.95,False,False,True,,144.65,174.77,172.79,164.54,True,75.4,73.47,True,True,False,,163.27,174.77,169.43,172.94,3.51,4.81,73.0,168.13,174.24,163.27,160.87,190.67,155.9,171.75,True,up,channel rising (R2 0.91),170.37,173.96,177.55,1.68,0.91,34.0,"Agilent Technologies, Inc.",Healthcare,Diagnostics & Research,48720871424.0,34.14822,25.570675,1.43,6.61701,6.608042,5.06,0.59,0.19533001,0.25559,0.20971,0.081,1060374976.0,56.336,2.05,0.95494,0.020499999,1.241,174.77,108.35,175.42857,97.0,Buy,1.78,21,4.0,12.0,7.0,0.0,0.0,1.73,1.72,True,19,2026-11-25,60.0,False,True,2000-06-05,0,0,2026-08-28 Wells Fargo: main -> Overweight,0,,0,,N/A,0,N/A,0,1,2026-09-25 10:30,Agilent (A) Up 9.6% Since Last Earnings Report: Can It Continue?,https://finnhub.io/api/news?id=21f3938831580f724b9108ab61b3b50cce4c3608a5dfc9c7465bba7828a0d0f6,,
AAOI,filtered,WAIT,101.34,,,,,,False,False,False,False,False,False,False,False,1,True,False,False,False,False,4,True,True,True,True,101.34,113.84,False,31.26,40.5,False,False,False,,94.0,110.74,101.34,107.02,False,42.57,44.09,False,False,False,,94.0,110.74,101.34,102.57,False,56.5,63.12,False,False,False,,97.62,105.03,99.97,105.03,5.06,6.6,76.7,98.43,106.57,97.62,94.32,111.87,101.39,102.1,False,down,channel rising but weak fit (R2 0.01 < 0.5),96.87,103.41,109.95,0.16,0.01,34.0,"Applied Optoelectronics, Inc.",Technology,Communication Equipment,8609498112.0,,22.033897,0.78,5.1297617,14.446195,-0.77,,-0.09568,-0.12884,-0.05449,0.864,-887050112.0,17.994,2.777,0.6291,0.15020001,3.783,233.67,18.5,163.4,38.5,None,N/A,5,2.0,1.0,3.0,0.0,0.0,0.14,0.28,False,6,2026-11-05,40.0,False,False,,0,0,,0,,0,,N/A,0,N/A,0,0,,,,ticker filtered out,
AAPL,down,WAIT,341.04,,,,,,True,True,True,True,True,True,True,False,2,False,True,True,False,False,0,False,False,False,False,341.04,321.46,True,79.16,81.02,False,True,False,morning_star,328.35,345.34,341.04,328.4,True,58.19,52.54,True,True,False,,328.35,345.34,341.04,336.78,True,91.42,93.35,False,False,True,,334.3,341.67,334.53,341.67,7.14,6.79,105.2,334.88,341.32,334.3,330.9,356.25,337.01,339.0,True,down,channel rising but weak fit (R2 0.22 < 0.5),335.45,339.5,343.55,0.16,0.22,69.0,Apple Inc.,Technology,Consumer Electronics,4977636933632.0,39.068733,35.582424,2.7,46.341034,10.662793,8.73,0.32,0.27618998,0.32623002,1.4875101,0.164,107721875456.0,78.445,1.003,0.66344,0.0088,1.085,345.34,243.42,328.22205,95.8,Buy,2.20,39,6.0,19.0,13.0,3.0,3.0,1.98,1.98,True,27,2026-10-29,33.0,False,True,1982-11-30,0,0,2026-09-23 B of A Securities: reit -> Buy,0,,0,,16,19,5.6,30,0,,,,not fetched for down-trend tickers,
ABNB,down,WAIT,157.48,,,,,,False,False,True,False,True,False,False,False,2,False,True,True,False,False,2,True,True,False,False,157.48,165.78,False,11.16,6.82,True,True,False,,149.0,173.43,157.48,167.93,False,30.01,18.7,True,True,False,,149.0,173.43,157.48,159.47,False,82.27,82.59,False,True,True,,149.0,158.64,151.18,158.64,7.46,5.6,133.2,153.04,156.78,149.0,146.2,174.4,152.09,156.29,True,down,channel sloping down,143.95,151.3,158.64,-1.72,0.67,92.0,"Airbnb, Inc.",Consumer Cyclical,Travel Services,94290780160.0,35.952053,25.452288,1.44,11.912399,7.1654973,4.38,,0.2045,0.21009001,0.34542,0.165,3206874880.0,32.004,1.408,0.89359003,0.035,1.161,193.453,110.81,184.35,56.5,Buy,2.00,40,6.0,21.0,16.0,1.0,1.0,2.87,2.85,True,33,2026-11-05,40.0,False,True,2023-09-18,1,0,2026-09-21 RBC Capital: reit -> Outperform,0,,0,,N/A,0,N/A,0,0,,,,not fetched for down-trend tickers,
ACMR,up,WAIT,77.34,,,,,,False,True,False,True,True,False,False,False,1,True,False,False,False,False,2,False,True,True,False,77.34,76.98,True,76.57,78.21,False,False,False,,62.79,82.78,77.34,74.4,True,69.53,70.27,False,True,False,,62.79,82.78,77.34,74.46,True,54.04,47.3,True,True,False,,73.5,82.78,76.08,78.46,2.38,4.82,49.4,73.64,80.9,73.5,71.09,86.72,72.51,77.43,False,up,channel rising (R2 0.79),75.97,79.83,83.7,2.3,0.79,18.0,"ACM Research, Inc.",Technology,Semiconductor Equipment & Materials,5383883264.0,36.46227,26.721977,,2.8940475,5.187925,2.12,,0.14476,0.16982001,0.11627,0.36,-186610256.0,14.524,3.656,0.78008,0.0764,1.953,127.19,28.46,115.875,49.5,Strong Buy,1.44,8,2.0,6.0,1.0,0.0,0.0,0.48,0.47,True,3,2026-11-04,39.0,False,False,,0,0,,0,,0,,N/A,0,N/A,0,0,,,,,
ADI,up,WAIT,393.83,,,,,,False,True,False,True,True,False,False,False,1,False,False,True,False,False,2,False,True,True,False,393.83,376.09,True,86.44,89.74,False,False,True,,358.66,395.92,393.83,374.23,True,87.72,82.15,True,True,True,,358.66,395.92,393.83,381.33,True,88.71,89.43,False,True,True,,377.4,395.92,381.7,395.92,14.22,11.37,125.1,384.55,393.07,377.4,371.72,426.99,382.14,392.56,True,up,channel rising (R2 0.76),384.65,393.9,403.15,1.03,0.76,50.0,"Analog Devices, Inc.",Technology,Semiconductors,190724980736.0,46.745842,24.076164,0.57,5.6846576,13.739266,8.42,1.15,0.29787,0.39503,0.12227,0.396,4147339008.0,27.314,1.25,0.93841004,0.0199,1.205,445.91,223.47,470.71875,76.6,Strong Buy,1.38,32,7.0,24.0,3.0,0.0,0.0,3.85,3.55,True,26,2026-11-24,59.0,False,True,1999-10-12,0,0,2026-09-08 TD Cowen: reit -> Buy,0,,0,,N/A,0,N/A,0,5,2026-09-25 10:40,4 Top-Ranked Chip Stocks to Buy for Better Returns in October,https://finnhub.io/api/news?id=c6a9e0e4f4cca8fd581c637c6e39196ea02aadc7af8086b3eba17327ff024511,,
AER,up,WAIT,149.25,,,,,,False,True,True,True,True,False,False,False,1,False,False,True,False,False,2,False,True,True,False,149.25,145.76,True,88.3,80.32,True,True,True,,136.77,149.92,149.25,144.88,True,94.74,91.83,True,True,True,,136.77,149.92,149.25,144.84,True,92.81,94.95,False,False,True,,143.15,149.92,146.16,149.92,3.76,2.95,127.5,146.97,149.11,143.15,141.68,160.6,143.15,148.62,True,up,channel rising (R2 0.68),144.87,147.43,149.99,0.62,0.68,86.0,AerCap Holdings N.V.,Industrials,Rental & Leasing Services,23453435904.0,7.3357916,8.194048,0.8,1.2516778,2.6170382,20.34,1.1,0.37854,0.575,0.18662001,0.149,-1560377728.0,232.664,1.3,0.94784,0.0222,0.925,158.81,118.96,179.3,76.0,Strong Buy,1.40,10,2.0,7.0,1.0,0.0,0.0,4.15,4.15,True,9,2026-10-28,32.0,False,False,,0,0,,0,,0,,N/A,0,N/A,0,0,,,,,
AIR,up,WAIT,115.97,,,,,,False,False,False,False,False,False,False,False,3,True,False,True,True,False,3,True,True,False,True,115.97,127.71,False,40.29,40.01,True,False,False,,110.36,122.5,115.97,124.03,False,72.42,83.33,False,False,False,,110.36,122.5,115.97,118.31,False,2.19,19.64,False,False,False,,115.92,122.0,115.92,122.0,6.08,5.06,120.2,116.94,120.98,115.92,113.39,119.84,116.53,118.01,False,up,channel rising (R2 0.62),116.91,120.61,124.31,0.98,0.62,-13.0,AAR Corp.,Industrials,Aerospace & Defense,4674454016.0,23.890945,17.74994,2.4,2.6831975,1.4130756,4.86,,0.056739997,0.08384,0.12876001,0.23,-50362500.0,59.397,2.841,1.02608,0.040999997,1.109,154.0,76.1,145.2,51.2,Buy,1.88,5,1.0,4.0,3.0,0.0,0.0,1.30,1.32,False,8,2026-09-29,3.0,True,False,,0,0,2026-09-15 Guggenheim: init -> Neutral,0,,1,AAR Earnings Are Imminent; These Most Accurate Analysts Revise Forecasts Ahead Of Earnings Call,N/A,0,N/A,0,1,2026-09-25 14:11,"Micron Headlines Earnings Calendar; Jabil, Nike Also On Deck",https://finnhub.io/api/news?id=b2a065e2a608124c2ee40cd43fef3d1f244f82498fc022e890d99fcf860f1593,,
ALAB,up,WAIT,364.46,,,,,,False,True,False,True,False,False,False,False,2,True,False,True,False,False,2,True,True,False,False,364.46,311.51,True,91.57,93.32,False,False,True,,251.62,377.87,364.46,313.92,True,91.76,93.83,False,False,True,,251.62,377.87,364.46,341.39,True,64.59,74.88,False,False,False,,348.35,377.87,356.2,377.87,21.67,22.37,96.9,355.5,378.57,348.35,337.16,405.41,362.93,367.06,False,up,channel rising (R2 0.82),359.98,386.35,412.72,3.61,0.82,8.0,"Astera Labs, Inc.",Technology,Semiconductors,63256137728.0,180.50494,57.029976,,36.65628,52.629288,2.02,,0.30742002,0.22744,0.25826,1.045,91913128.0,2.574,10.054,0.75997,0.0657,3.778,499.476,97.89,389.9527,66.4,Buy,1.81,23,7.0,12.0,7.0,0.0,0.0,1.19,0.79,True,20,2026-11-03,38.0,False,False,,0,0,,0,,0,,N/A,0,N/A,0,2,2026-09-25 17:15,"Astera Labs, Inc. (ALAB) Exceeds Market Returns: Some Facts to Consider",https://finnhub.io/api/news?id=f4697137489b0c88f16bc622e231658801569b6ffa3fa57104abbfe79009b1e0,,
AMAT,up,WAIT,485.05,,,,,,False,True,False,True,True,False,False,False,1,False,False,True,False,False,2,False,True,True,False,485.05,482.42,True,98.22,96.85,True,False,True,,411.51,487.68,485.05,466.01,True,97.37,96.86,True,True,True,,411.51,487.68,485.05,463.62,True,92.82,92.57,True,False,True,,460.57,487.68,476.36,487.68,11.32,18.26,62.0,469.42,494.62,460.57,451.44,535.47,464.7,482.88,True,up,channel rising (R2 0.82),473.12,491.77,510.41,1.99,0.82,32.0,"Applied Materials, Inc.",Technology,Semiconductor Equipment & Materials,384894763008.0,41.91876,26.256168,0.94,15.019665,12.481589,11.57,0.45,0.30052,0.33736,0.41068,0.248,3075375104.0,28.666,2.423,0.86267996,0.0178,1.597,739.67,197.39,640.8857,53.0,Strong Buy,1.46,35,4.0,28.0,7.0,0.0,0.0,4.06,4.06,True,25,2026-11-12,47.0,False,True,1995-03-16,0,0,2026-09-01 UBS: main -> Buy,0,,2,Applied Materials (AMAT) Stock May Look Reasonable Following Fresh AI Demand Forecasts,N/A,0,N/A,0,6,2026-09-26 01:12,3 Chip Equipment Stocks Retail Investors Are Watching After The US China Summit,https://finnhub.io/api/news?id=1032ab73bfecff53c142fbfddf270c559183178e596a9a632455b9aab5805b9e,,
AMD,up,WAIT,630.35,,,,,,False,True,False,True,False,True,False,True,2,True,False,False,False,True,1,True,False,False,False,630.35,515.49,True,96.08,97.26,False,False,True,,480.33,638.95,630.35,539.83,True,94.58,95.41,False,False,True,bullish_harami,480.33,638.95,630.35,596.86,True,78.08,77.71,True,True,False,piercing_line,599.35,638.95,625.52,638.95,13.43,26.2,51.3,612.75,651.72,599.35,586.25,696.5,615.58,631.17,False,up,channel rising (R2 0.74),613.12,647.3,681.48,2.22,0.74,25.0,"Advanced Micro Devices, Inc.",Technology,Semiconductors,1029487722496.0,161.7,40.48134,0.64,15.309897,24.924046,3.9,,0.15577,0.1725,0.10196,0.501,8841499648.0,6.361,2.609,0.75401,0.024600001,2.476,638.95,159.33,618.508,98.2,Strong Buy,1.49,50,5.0,39.0,11.0,0.0,0.0,1.93,1.93,True,39,2026-11-03,38.0,False,True,2017-03-20,0,0,2026-09-25 B of A Securities: main -> Buy,0,,2,"AMD, NVIDIA and Intel Forecast: Chip Stocks Push Higher",7,51,-33.8,108,25,2026-09-25 23:52,"Penguin Solutions and onsemi Shares Skyrocket, What You Need To Know",https://finnhub.io/api/news?id=201d327c8a5426783cabc04e64b940e85888d7b01d8c148268bd2b7148b51753,,
AME,up,WAIT,250.97,,,,,,False,True,False,True,True,True,False,True,2,False,False,True,False,True,0,False,False,False,False,250.97,240.34,True,91.94,91.36,True,False,True,,230.01,252.78,250.97,241.11,True,93.13,91.96,True,True,True,hammer,230.01,252.78,250.97,244.35,True,81.71,84.16,False,False,True,bullish_harami,242.11,252.78,249.07,252.78,3.71,5.24,70.8,247.54,254.31,242.11,239.49,268.19,245.88,250.88,True,up,channel rising (R2 0.93),249.31,252.42,255.52,1.09,0.93,27.0,,,,,,,,,,,,,,,,,,,,,,,,,,N/A,N/A,N/A,2.0,12.0,5.0,0.0,1.0,2.10,2.10,True,19,2026-10-29,33.0,False,True,2013-09-23,0,0,2026-09-11 BNP Paribas: main -> Outperform,0,,0,,N/A,0,N/A,0,2,2026-09-25 19:04,"Dividend Champion, Contender, And Challenger Highlights: Week September 27",https://finnhub.io/api/news?id=403589f5a28b768b40e6b9e54ab5a5d2aa8836e772aecee6e6c1fa8830560d81,,
AMRX,down,WAIT,19.76,,,,,,False,True,True,True,False,False,False,False,1,False,False,True,False,False,2,False,True,True,False,19.76,17.82,True,66.63,66.18,True,True,False,,16.56,21.17,19.76,18.32,True,58.76,61.96,False,False,False,,16.56,21.17,19.76,19.15,True,80.63,77.42,True,True,True,,18.74,20.0,19.33,20.0,0.67,0.89,75.3,19.11,20.22,18.74,18.3,21.95,18.34,19.71,True,down,channel rising but weak fit (R2 0.23 < 0.5),18.62,19.88,21.14,0.86,0.23,45.0,"Amneal Pharmaceuticals, Inc.",Healthcare,Drug Manufacturers - Specialty & Generic,6885812736.0,41.1875,16.577644,1.88,191.94176,2.2087271,0.48,,0.050479997,0.18335,6.1301703,0.099,-115327128.0,2386.528,2.205,0.48431998,0.046,1.242,21.175,9.56,22.71429,87.8,Strong Buy,1.43,7,3.0,4.0,0.0,0.0,0.0,0.23,0.23,True,7,2026-10-29,33.0,False,False,,0,0,2026-09-23 Oppenheimer: init -> Outperform,0,,0,,N/A,0,N/A,0,0,,,,not fetched for down-trend tickers,
AMZN,filtered,WAIT,249.74,,,,,,False,False,False,False,False,False,False,False,1,True,False,False,False,False,4,True,True,True,True,249.74,254.49,False,31.95,43.97,False,False,False,,244.3,259.49,249.74,254.32,False,34.64,34.5,True,False,False,,244.3,259.49,249.74,251.24,False,78.68,84.08,False,False,False,,245.6,250.93,247.18,250.88,3.7,5.33,69.4,245.55,252.51,245.6,242.93,259.96,249.63,249.21,True,down,channel sloping down,243.7,249.4,255.1,-0.32,0.24,53.0,,,,,,,,,,,,,,,,,,,,,,,,,,N/A,N/A,N/A,3.0,9.0,10.0,0.0,1.0,1.94,1.95,False,42,2026-10-29,33.0,False,True,2005-11-18,0,0,2026-09-03 Wells Fargo: main -> Overweight,0,,0,,17,19,-17.4,67,0,,,,ticker filtered out,
ANET,up,WAIT,206.51,,,,,,False,True,False,True,False,False,False,False,2,True,False,True,False,False,2,True,True,False,False,206.51,190.41,True,82.95,86.26,False,False,True,,186.11,212.0,206.51,196.95,True,79.69,80.49,False,False,False,,186.11,212.0,206.51,203.1,True,63.5,69.33,False,False,False,,198.76,212.0,205.52,212.0,6.48,7.51,86.3,204.49,213.03,198.76,195.01,223.76,205.34,207.81,False,up,channel rising (R2 0.56),203.18,207.17,211.16,0.54,0.56,42.0,,,,,,,,,,,,,,,,,,,,,,,,,,N/A,N/A,N/A,7.0,23.0,1.0,0.0,0.0,1.08,1.08,True,25,2026-11-03,38.0,False,True,2018-08-28,0,0,2026-09-01 Deutsche Bank: init -> Buy,0,,1,Can Arista's Third Guidance Raise Still Make You Money?,N/A,0,N/A,0,7,2026-09-25 16:25,What Was Cisco Telling You Before Its Stock Ran?,https://finnhub.io/api/news?id=2a133faa94ecb8c97f0eda5ea3c3b360c64abd863e9e4057a029f5063f7fcd91,,
APH,up,WAIT,84.1,,,,,,False,True,True,True,False,False,False,False,1,False,False,True,False,False,2,False,True,True,False,84.1,80.12,True,80.33,74.75,True,True,True,,76.74,85.01,84.1,80.87,True,91.69,91.71,False,False,True,,76.74,85.01,84.1,81.86,True,80.54,83.5,False,False,True,,80.05,85.01,83.48,85.01,1.53,2.78,55.0,82.23,86.26,80.05,78.66,92.26,82.39,84.17,False,up,channel rising (R2 0.88),83.14,84.62,86.09,1.19,0.88,32.0,Amphenol Corporation,Technology,Electronic Components,207363145728.0,42.045,25.634928,0.95,13.381603,7.1475945,2.0,0.6,0.17729001,0.29779,0.38115,0.55,3818374912.0,120.415,1.888,0.96759003,0.0145000005,1.242,89.26,59.005,99.38889,82.9,Strong Buy,1.44,18,4.0,12.0,2.0,0.0,0.0,0.72,0.72,True,15,2026-10-28,32.0,False,True,2008-09-30,0,0,2026-09-23 Bernstein: init -> Outperform,0,,0,,N/A,0,N/A,0,2,2026-09-25 09:05,"Amphenol Setting Earnings Records, Shares Near All-Time Highs",https://finnhub.io/api/news?id=745ebb76952d577c51ad00d5852e258a3744123cf3763ddf3f8cc54a9da6da5c,,
ARMK,down,WAIT,54.94,,,,,,False,False,True,False,True,False,False,False,3,True,True,True,False,False,2,True,True,False,False,54.94,56.87,False,9.55,10.27,False,True,False,,54.01,60.15,54.94,57.07,False,13.69,10.31,True,True,False,,54.01,60.15,54.94,55.87,False,45.61,40.03,True,True,False,,54.01,56.52,54.01,55.03,1.03,1.39,74.1,53.64,55.4,54.01,53.32,57.37,56.6,54.73,True,down,channel sloping down,53.63,54.49,55.35,-0.82,0.81,76.0,Aramark,Industrials,Specialty Business Services,14478286848.0,38.405594,19.507204,0.85,4.264637,0.7295588,1.43,0.88,0.01929,0.04422,0.11694,0.093,374142496.0,186.724,1.285,1.00331,0.031400003,1.19,62.65,35.07,68.5,72.0,Strong Buy,1.50,16,3.0,11.0,1.0,0.0,1.0,0.75,0.75,True,12,2026-11-24,59.0,False,False,,0,0,,0,,0,,N/A,0,N/A,0,0,,,,not fetched for down-trend tickers,
ARQT,down,WAIT,26.92,,,,,,False,True,False,True,True,False,False,False,2,False,True,True,False,False,1,False,True,False,False,26.92,25.47,True,65.9,71.64,False,False,False,,23.1,28.29,26.92,25.39,True,60.41,58.63,True,True,False,,23.1,28.29,26.92,26.03,True,92.58,90.32,True,True,True,,25.19,27.36,25.8,27.09,1.29,1.45,89.0,25.64,27.25,25.19,24.46,30.61,25.97,26.68,True,down,channel rising but weak fit (R2 0.27 < 0.5),25.47,26.86,28.24,0.78,0.27,52.0,"Arcutis Biotherapeutics, Inc.",Healthcare,Biotechnology,3383627520.0,122.36364,19.794117,,15.330296,7.292599,0.22,,0.06147,0.12651,0.15864,0.593,21685376.0,51.744,2.917,1.08472,0.1566,1.503,31.77,17.67,37.0,65.6,Buy,1.57,7,2.0,4.0,1.0,0.0,0.0,0.17,0.16,True,5,2026-10-27,31.0,False,False,,0,0,,0,,0,,N/A,0,N/A,0,0,,,,not fetched for down-trend tickers,
ATI,down,WAIT,185.56,,,,,,False,False,False,False,False,True,True,True,3,True,True,True,False,False,1,True,False,False,False,185.56,197.57,False,17.95,19.32,False,False,False,hammer,179.59,197.0,185.56,196.07,False,33.88,34.98,False,False,False,bullish_harami,179.59,197.0,185.56,187.28,False,52.23,47.74,True,True,False,,181.51,189.98,182.32,186.68,4.35,8.0,54.4,178.68,190.32,181.51,177.51,197.64,185.68,184.55,True,down,channel sloping down,181.66,186.03,190.4,-0.01,0.0,45.0,ATI Inc.,Industrials,Metal Fabrication,25256882176.0,54.39296,29.104534,1.33,13.458134,5.3564816,3.41,,0.10090999,0.18198,0.25357,0.106,346687488.0,109.699,2.327,0.95447,0.048499998,1.011,243.57,76.78,259.8889,65.2,Strong Buy,1.11,9,1.0,8.0,0.0,0.0,0.0,1.37,1.16,True,8,2026-10-27,31.0,False,False,,0,0,,0,,0,,N/A,0,N/A,0,0,,,,not fetched for down-trend tickers,
ATRO,up,WAIT,69.19,,,,,,False,False,False,False,False,True,True,False,3,True,False,True,False,True,1,True,False,False,False,69.19,72.83,False,43.1,43.56,False,False,False,hammer,62.65,72.0,69.19,71.75,False,82.51,83.05,False,False,True,,62.65,72.0,69.19,68.94,True,56.05,54.16,True,True,False,bullish_engulfing,67.51,70.18,68.38,69.93,1.55,3.24,47.8,66.69,71.62,67.51,65.89,74.14,68.94,68.97,True,up,channel rising (R2 0.59),67.95,70.55,73.14,1.09,0.59,24.0,Astronics Corporation,Industrials,Aerospace & Defense,2977087488.0,37.825138,21.992058,1.45,15.018442,3.1600883,1.83,,0.083979994,0.14797,0.33682,0.27,16814124.0,178.068,2.973,0.90079004,0.0946,1.201,94.46,33.12051,100.5,58.8,None,N/A,4,1.0,3.0,0.0,0.0,0.0,0.72,0.60,True,4,2026-11-05,40.0,False,False,,0,0,,0,,0,,N/A,0,N/A,0,0,,,,,
AU,down,WAIT,99.03,,,,,,False,False,False,False,True,True,False,True,2,False,True,True,False,False,1,True,False,False,False,99.03,100.04,False,11.94,19.75,False,False,False,,96.52,104.96,99.03,102.62,False,24.79,19.62,True,True,False,bullish_engulfing,96.52,104.96,99.03,100.22,False,82.89,76.36,True,True,True,,96.52,99.77,97.37,99.17,1.8,3.57,50.4,95.6,100.94,96.52,94.73,105.48,101.84,98.4,True,down,channel sloping down,95.21,97.95,100.68,-0.77,0.56,70.0,AngloGold Ashanti plc,Basic Materials,Gold,50086326272.0,13.274798,9.866749,0.78,5.6436996,4.23563,7.46,4.59,0.32195,0.51192003,0.44731,0.27,3956124928.0,16.676,2.708,0.75184,0.009,0.75,129.14,62.55,116.875,54.8,Buy,1.88,8,3.0,3.0,2.0,0.0,0.0,1.99,0.00,True,3,2026-11-05,40.0,False,False,,0,1,2026-09-16 RBC Capital: main -> Outperform,0,,0,,N/A,0,N/A,0,0,,,,not fetched for down-trend tickers,
AVGO,down,WAIT,352.82,,,,,,False,False,False,False,False,True,False,True,3,True,True,False,False,True,2,True,False,False,True,352.82,370.78,False,45.8,56.54,False,False,False,,335.81,366.54,352.82,361.45,False,46.57,49.46,False,False,False,hammer,335.81,366.54,352.82,353.95,False,68.12,68.43,False,True,False,bullish_engulfing,346.89,357.37,349.43,354.43,5.0,10.13,49.4,344.3,359.56,346.89,341.83,369.31,349.34,351.96,True,down,channel sloping down,343.48,354.21,364.93,-0.08,0.01,44.0,Broadcom Inc.,Technology,Semiconductors,1684184367104.0,45.582687,18.20118,0.35,16.895412,18.901333,7.85,0.74,0.42944,0.54307,0.44245,0.855,30596499456.0,59.604,2.504,0.79813004,0.0111,1.457,495.0,289.96,531.8468,30.7,Strong Buy,1.26,47,7.0,40.0,3.0,0.0,0.0,3.83,3.88,False,39,2026-12-09,74.0,False,True,2014-05-08,1,0,2026-09-10 Piper Sandler: init -> Overweight,0,,0,,26,15,-44.4,32,0,,,,not fetched for down-trend tickers,
AVNT,down,WAIT,41.31,,,,,,False,True,True,False,True,False,False,False,3,False,True,True,False,True,1,False,True,False,False,41.31,41.12,True,31.82,29.1,True,True,False,,39.72,41.98,41.31,41.68,False,60.62,53.2,True,True,False,,39.72,41.98,41.31,41.04,True,84.7,83.69,True,True,True,bullish_harami,40.33,41.49,40.77,41.49,0.72,0.93,77.4,40.56,41.7,40.33,39.86,43.49,41.28,41.25,True,down,channel rising but weak fit (R2 0.11 < 0.5),40.33,41.1,41.86,0.17,0.11,64.0,Avient Corporation,Basic Materials,Specialty Chemicals,3786182912.0,22.313513,11.811125,1.22,1.5536903,1.13648,1.85,2.7,0.051030003,0.1277,0.071100004,0.058,263787504.0,76.563,1.9,1.07981,0.059499998,1.305,46.64,27.48,50.85714,72.2,Buy,1.57,7,0.0,5.0,2.0,0.0,0.0,0.80,0.80,True,7,2026-11-09,44.0,False,False,,0,0,,0,,0,,N/A,0,N/A,0,0,,,,not fetched for down-trend tickers,
AVPT,down,WAIT,13.01,,,,,,False,True,False,False,False,False,False,False,3,True,False,True,False,True,2,True,True,False,False,13.01,12.98,True,36.76,40.14,False,False,False,,12.83,13.93,13.01,13.24,False,30.12,31.37,False,False,False,,12.83,13.93,13.01,13.18,False,32.81,43.23,False,False,False,bullish_harami,12.91,13.23,12.98,13.23,0.25,0.44,56.8,12.79,13.42,12.91,12.69,13.49,13.11,13.06,False,down,channel sloping down,12.71,12.97,13.23,-0.55,0.55,56.0,"AvePoint, Inc.",Technology,Software - Infrastructure,2750350592.0,41.935482,26.229773,,6.292352,5.9001155,0.31,,0.15334,0.08212,0.16246,0.22,81431248.0,6.143,1.999,0.69523,0.0621,1.186,15.58,8.835,16.791,61.9,Buy,1.71,13,2.0,8.0,4.0,0.0,0.0,0.09,0.09,True,12,2026-11-05,40.0,False,False,,0,0,2026-09-21 Stephens & Co.: main -> Overweight,0,,0,,N/A,0,N/A,0,0,,,,not fetched for down-trend tickers,
AXTA,down,WAIT,32.88,,,,,,False,False,False,False,True,False,False,False,1,False,False,True,False,False,3,True,True,True,False,32.88,34.24,False,15.16,14.94,True,False,False,,31.84,33.85,32.88,34.02,False,46.73,36.11,True,True,False,,31.84,33.85,32.88,32.8,True,91.32,93.77,False,False,True,,32.02,32.98,32.42,32.98,0.56,0.85,65.9,32.13,33.27,32.02,31.6,34.8,32.25,32.73,True,down,channel rising but weak fit (R2 0.0 < 0.5),31.85,32.59,33.33,0.02,0.0,70.0,Axalta Coating Systems Ltd.,Basic Materials,Specialty Chemicals,7039117824.0,20.177914,11.452787,2.04,2.7908359,1.3668189,1.63,,0.06777,0.15156001,0.14344,0.031,539500032.0,119.424,1.533,1.07623,0.0432,1.239,38.61,24.937,39.33333,58.1,Buy,2.19,15,1.0,6.0,9.0,0.0,0.0,0.72,0.72,True,14,2026-10-28,32.0,False,False,,0,0,2026-09-11 Keybanc: init -> Overweight,0,,0,,N/A,0,N/A,0,0,,,,not fetched for down-trend tickers,
BE,down,WAIT,288.58,,,,,,False,True,True,True,True,False,False,False,0,False,False,False,False,False,2,False,True,True,False,288.58,245.97,True,77.55,79.26,False,True,False,,249.05,292.72,288.58,255.8,True,76.79,61.76,True,True,False,,249.05,292.72,288.58,274.14,True,92.43,94.44,False,False,True,,251.3,292.72,264.01,292.72,28.71,18.97,151.3,273.75,282.98,251.3,241.81,358.73,274.08,284.16,True,down,channel rising but weak fit (R2 0.01 < 0.5),262.02,276.89,291.76,0.16,0.01,89.0,Bloom Energy Corporation,Industrials,Electrical Equipment & Parts,85030051840.0,384.93335,58.57517,0.6,52.538673,27.313189,0.77,,0.07868,0.17106001,0.22213,1.655,531637504.0,171.578,4.087,0.86109,0.0734,3.811,351.28,70.89,280.23846,77.6,Buy,2.24,26,5.0,10.0,12.0,1.0,1.0,0.67,0.67,True,17,2026-10-27,31.0,False,True,2026-09-21,0,0,2026-09-14 Mizuho: main -> Outperform,0,,0,,29,14,40.0,38,0,,,,not fetched for down-trend tickers,
BIIB,up,WAIT,227.93,,,,,,True,True,True,True,True,True,True,True,2,True,False,True,False,False,1,False,False,False,True,227.93,214.17,True,91.57,88.52,True,True,True,hammer,213.54,229.01,227.93,218.64,True,86.65,84.38,True,True,True,bullish_harami,213.54,229.01,227.93,223.22,True,73.66,69.07,True,True,False,,222.35,228.92,223.76,228.92,5.16,5.84,88.4,223.08,229.6,222.35,219.43,240.68,227.71,226.75,True,up,channel rising (R2 0.82),225.17,228.57,231.98,0.78,0.82,41.0,Biogen Inc.,Healthcare,Drug Manufacturers - General,33628811264.0,40.715565,13.764034,2.33,1.7835593,3.353525,5.62,,0.083229996,0.25058,0.04575,0.034,1266987520.0,44.329,1.865,0.99502,0.043899998,0.171,229.19,135.39,238.18195,98.7,Buy,1.89,31,3.0,19.0,12.0,1.0,0.0,2.03,2.04,False,26,2026-10-28,32.0,False,True,2003-11-13,0,0,2026-09-10 HSBC: main -> Reduce,0,,0,,N/A,0,N/A,0,1,2026-09-25 18:56,Biogen (NASDAQ:BIIB) Q2 Earnings: Leading The Therapeutics Pack,https://finnhub.io/api/news?id=ac4be69f7098cb364449374388a6fdcbed7c228428b62427c8d85bc387b1a8d0,,
BTSG,down,WAIT,56.59,,,,,,False,False,True,False,True,True,True,False,1,False,False,True,False,False,2,True,False,True,False,56.59,60.23,False,13.55,11.69,True,True,False,hammer,54.87,60.77,56.59,58.84,False,30.02,24.4,True,True,False,,54.87,60.77,56.59,56.83,False,82.17,84.42,False,False,True,,54.87,57.01,55.49,57.01,1.52,2.14,71.0,54.87,57.63,54.87,53.8,60.78,56.67,56.48,True,down,channel sloping down,54.39,55.72,57.06,-0.43,0.35,82.0,"BrightSpring Health Services, Inc.",Healthcare,Health Information Services,11197136896.0,50.526787,24.839458,,5.6914415,0.7791156,1.12,,0.02547,0.03367,0.13036,0.23,1028438976.0,116.007,1.588,1.08391,0.0798,1.85,73.75,27.11,78.94118,63.2,Strong Buy,1.18,17,3.0,14.0,0.0,0.0,0.0,0.47,0.44,True,16,2026-10-30,34.0,False,False,,0,0,,0,,0,,N/A,0,N/A,0,0,,,,not fetched for down-trend tickers,
BWA,down,WAIT,61.32,,,,,,False,False,True,False,True,False,False,False,2,False,True,True,False,False,2,True,True,False,False,61.32,64.44,False,17.19,13.54,True,True,False,,58.1,65.4,61.32,63.63,False,31.82,18.96,True,True,False,,58.1,65.4,61.32,61.48,False,93.55,87.72,True,True,True,,58.1,61.39,58.55,61.39,2.84,2.07,137.2,59.32,60.62,58.1,57.07,67.69,60.98,60.66,True,down,channel sloping down,57.65,59.29,60.94,-1.21,0.76,112.0,BorgWarner Inc.,Consumer Cyclical,Auto Parts,12488820736.0,30.206898,10.32664,0.31,2.2218196,0.8706652,2.03,1.16,0.02893,0.106359996,0.08056,0.003,1066249984.0,70.11,2.127,1.09215,0.0359,1.103,78.82,40.5,79.93333,54.3,Buy,1.93,15,4.0,6.0,5.0,0.0,0.0,1.26,1.26,True,14,2026-10-29,33.0,False,False,,0,0,2026-09-01 RBC Capital: init -> Outperform,0,,0,,N/A,0,N/A,0,0,,,,not fetched for down-trend tickers,
CART,down,WAIT,43.19,,,,,,False,False,True,False,True,False,False,False,2,True,False,True,False,False,2,True,True,False,False,43.19,46.96,False,11.07,9.3,True,True,False,,42.12,50.22,43.19,46.82,False,26.01,22.85,True,True,False,,42.12,50.22,43.19,44.44,False,63.75,77.68,False,False,False,,42.33,43.78,42.6,43.78,1.18,1.84,64.1,41.94,44.44,42.33,41.41,45.86,43.32,43.32,False,down,channel sloping down,41.5,42.82,44.14,-1.02,0.64,64.0,Maplebear Inc.,Consumer Cyclical,Internet Retail,9998487552.0,23.601091,8.819703,1.75,4.3346047,2.504004,1.83,,0.120459996,0.14094,0.16001,0.141,917875008.0,1.348,2.279,0.81224996,0.1058,0.799,52.68,32.73,58.14286,52.4,Buy,2.03,28,5.0,13.0,14.0,0.0,0.0,0.63,0.63,True,26,2026-11-09,44.0,False,False,,0,0,2026-09-02 Argus Research: main -> Buy,0,,0,,N/A,0,N/A,0,0,,,,not fetched for down-trend tickers,
CAT,down,WAIT,821.31,,,,,,False,False,True,True,True,False,False,False,2,False,True,True,False,False,1,False,True,False,False,821.31,831.18,False,69.34,66.83,True,True,False,,772.86,827.81,821.31,813.05,True,73.02,66.42,True,True,False,,772.86,827.81,821.31,807.8,True,85.2,83.56,True,True,True,,794.2,823.0,809.05,823.0,13.95,20.5,68.0,802.5,829.55,794.2,783.95,877.35,805.29,816.92,True,down,channel rising but weak fit (R2 0.2 < 0.5),800.54,813.5,826.46,0.2,0.2,80.0,Caterpillar Inc.,Industrials,Farm & Heavy Construction Machinery,377659686912.0,35.428204,25.375156,1.41,19.47195,5.0537233,23.19,0.81,0.14511,0.22183001,0.56972003,0.24,5048999936.0,232.783,1.368,0.73494005,0.020299999,1.594,1073.46,462.38,975.60614,58.7,Buy,2.14,26,1.0,13.0,12.0,1.0,1.0,6.92,6.92,True,21,2026-10-29,33.0,False,True,1957-03-04,0,0,,0,,0,,N/A,0,N/A,0,0,,,,not fetched for down-trend tickers,
CDE,down,WAIT,19.23,,,,,,False,True,False,False,True,False,False,False,2,True,True,False,False,False,3,True,True,False,True,19.23,19.18,True,20.81,29.0,False,False,False,,18.48,20.63,19.23,19.78,False,26.47,26.15,True,True,False,,18.48,20.63,19.23,19.52,False,71.65,66.17,True,True,False,,18.74,19.57,18.81,19.37,0.56,0.97,57.7,18.4,19.78,18.74,18.26,20.68,20.12,19.21,True,down,channel sloping down,18.47,19.06,19.64,-0.81,0.53,65.0,"Coeur Mining, Inc.",Basic Materials,Gold,19756908544.0,16.151258,9.425911,3.75,1.8990217,6.2301087,1.19,0.21,0.26817,0.19387,0.12848,1.259,796743616.0,6.851,3.654,0.82504,0.050100002,1.389,27.77,13.55,23.95455,39.9,Buy,1.73,11,4.0,5.0,2.0,0.0,0.0,0.34,0.35,False,6,2026-10-28,32.0,False,False,,0,0,,0,,0,,N/A,0,N/A,0,0,,,,not fetched for down-trend tickers,
CDNA,up,WAIT,63.71,,,,,,False,True,False,True,False,False,False,False,1,False,False,True,False,False,3,True,True,True,False,63.71,47.27,True,82.35,83.48,False,False,True,,50.17,65.19,63.71,52.61,True,90.18,86.4,True,False,True,,50.17,65.19,63.71,57.69,True,92.61,96.12,False,False,True,,54.0,65.19,60.51,65.19,4.68,2.72,172.1,62.47,63.23,54.0,52.64,80.31,54.21,63.28,True,up,channel rising (R2 0.72),58.21,61.99,65.78,2.43,0.72,73.0,"CareDx, Inc.",Healthcare,Diagnostics & Research,3294435328.0,30.615385,47.931232,,7.702915,7.191693,2.08,,0.24234,0.00195,0.29487,0.522,112160872.0,4.522,4.581,1.03351,0.124,2.43,65.19,13.95,56.14286,97.1,Buy,1.75,7,0.0,5.0,3.0,0.0,0.0,0.25,0.25,True,7,2026-11-03,38.0,False,False,,0,0,2026-09-24 BTIG: main -> Buy,0,,0,,N/A,0,N/A,0,2,2026-09-25 11:22,"CareDx: I Was Wrong, But The Rally Has Outrun The Fundamentals (Rating Upgrade)",https://finnhub.io/api/news?id=657942ffe95a4612e625d7a7764da5fd5c7abd0e8a72e7462be014aae7abfa9a,,
CDNS,up,WAIT,326.16,,,,,,False,True,True,True,False,True,False,True,3,True,False,True,False,True,0,False,False,False,False,326.16,318.01,True,92.15,81.13,True,True,True,,273.07,330.81,326.16,306.17,True,94.36,94.18,True,False,True,hammer,273.07,330.81,326.16,306.87,True,78.83,80.18,False,False,False,bullish_engulfing,305.2,330.81,322.78,330.81,8.03,9.48,84.7,321.33,332.26,305.2,300.46,364.71,283.03,325.6,True,up,channel rising (R2 0.98),323.83,328.92,334.0,2.41,0.98,23.0,"Cadence Design Systems, Inc.",Technology,Software - Application,89813917696.0,64.96613,34.122513,2.46,13.096539,15.40899,5.02,,0.23605,0.28575,0.23229,0.242,1609676544.0,38.661,1.743,0.91611,0.0159,1.137,416.69,262.75,403.37964,41.2,Strong Buy,1.42,27,5.0,18.0,3.0,0.0,0.0,2.05,2.05,True,19,2026-10-26,30.0,False,True,2017-09-18,0,0,,0,,0,,N/A,0,N/A,0,3,2026-09-25 16:50,Cadence Design Systems (CDNS) Outperforms Broader Market: What You Need to Know,https://finnhub.io/api/news?id=15fa9de709874fd8d9a55be9444a8eb3b04bdfbf5b7df93487ed022403f99d5f,,
CDW,down,WAIT,135.46,,,,,,False,False,False,False,False,False,False,False,3,True,False,True,True,False,2,True,True,False,False,135.46,142.38,False,12.06,23.41,False,False,False,,135.33,154.99,135.46,145.1,False,2.23,6.16,False,False,False,,135.33,154.99,135.46,144.15,False,1.5,3.36,False,True,False,,135.33,150.34,135.33,141.45,6.12,5.81,105.3,135.64,141.14,135.33,132.42,140.02,145.19,137.72,False,down,channel sloping down,134.73,139.86,144.98,-1.07,0.58,7.0,CDW Corporation,Technology,Information Technology Services,16931108864.0,16.258102,11.271527,1.33,6.9486914,0.7204604,8.33,1.81,0.04597,0.07345,0.44009998,0.1,676787520.0,263.278,1.167,1.13195,0.088,0.941,167.0,97.12,158.66667,54.9,Buy,1.80,9,2.0,5.0,3.0,0.0,0.0,2.96,2.93,True,10,2026-11-03,38.0,False,True,2019-09-23,0,0,2026-09-21 Barclays: main -> Equal-Weight,0,,0,,N/A,0,N/A,0,0,,,,not fetched for down-trend tickers,
CGNX,down,WAIT,58.65,,,,,,False,False,True,False,True,False,False,False,3,True,True,True,False,False,2,True,True,False,False,58.65,61.65,False,13.14,18.42,False,True,False,,57.1,63.0,58.65,60.74,False,19.44,14.62,True,True,False,,57.1,63.0,58.65,59.31,False,78.45,69.58,True,True,False,,57.1,59.36,57.6,58.94,1.34,2.16,62.0,56.78,59.76,57.1,56.02,62.59,58.57,58.39,True,down,channel sloping down,55.78,57.59,59.4,-1.08,0.66,79.0,Cognex Corporation,Technology,Scientific & Technical Instruments,9868010496.0,56.951458,29.054707,2.71,6.055538,9.062116,1.02,0.59,0.16051,0.29361,0.111490004,0.169,195671376.0,4.448,3.934,1.12862,0.0478,1.49,72.88,34.6,79.63158,62.8,Buy,1.85,19,5.0,9.0,6.0,0.0,0.0,0.52,0.52,True,17,2026-10-28,32.0,False,False,,0,0,2026-09-23 DA Davidson: main -> Neutral,0,,0,,N/A,0,N/A,0,0,,,,not fetched for down-trend tickers,
CHRD,down,WAIT,136.25,,,,,,False,False,True,False,False,True,False,True,2,True,False,True,False,False,1,True,False,False,False,136.25,140.94,False,11.19,8.36,True,True,False,,135.1,157.06,136.25,143.41,False,10.8,13.8,False,False,False,bullish_harami,135.1,157.06,136.25,140.69,False,15.51,10.5,True,True,False,,135.1,141.82,135.1,138.14,3.04,4.98,61.0,133.16,140.08,135.1,132.61,141.71,139.72,136.21,True,down,channel sloping down,131.39,135.41,139.43,-1.1,0.69,60.0,Chord Energy Corporation,Energy,Oil & Gas E&P,7453679104.0,9.060506,8.65563,,0.9000185,1.2508317,14.8,3.72,0.14236,0.34717,0.10312,0.841,961228032.0,17.982,1.221,1.0301,0.0825,0.385,157.06,84.25,173.125,71.4,Strong Buy,1.47,16,2.0,12.0,3.0,0.0,0.0,4.87,4.09,True,16,2026-11-03,38.0,False,False,,0,0,2026-09-22 UBS: main -> Buy,0,,0,,N/A,0,N/A,0,0,,,,not fetched for down-trend tickers,
CIEN,down,WAIT,356.83,,,,,,False,False,False,False,False,False,False,False,3,True,False,True,False,True,2,True,True,False,False,356.83,380.62,False,67.93,73.54,False,False,False,,318.43,376.74,356.83,361.26,False,58.8,62.83,False,False,False,,318.43,376.74,356.83,355.88,True,51.57,56.28,False,False,False,bullish_harami,346.56,366.43,355.01,366.43,11.42,22.01,51.9,344.42,377.02,346.56,335.55,388.75,357.88,358.46,False,down,channel rising but weak fit (R2 0.14 < 0.5),347.77,362.65,377.53,0.41,0.14,30.0,Ciena Corporation,Technology,Communication Equipment,50612883456.0,79.66741,30.259203,0.36,16.5681,8.406207,4.52,,0.10869,0.18076,0.22396,0.37,633368384.0,107.496,3.797,0.95927,0.0399,1.309,637.51,138.12,516.83234,43.8,Buy,1.75,19,5.0,10.0,5.0,0.0,0.0,1.62,1.37,True,5,,,False,True,2026-02-09,1,0,2026-09-21 Evercore ISI Group: up -> Outperform,0,,0,,N/A,0,N/A,0,0,,,,not fetched for down-trend tickers,
COHR,down,WAIT,295.78,,,,,,False,False,False,False,False,False,False,False,1,True,False,False,False,False,3,True,True,True,False,295.78,303.08,False,47.17,58.08,False,False,False,,265.49,332.86,295.78,297.32,False,24.4,32.11,False,False,False,,265.49,332.86,295.78,299.69,False,58.85,67.89,False,False,False,,290.2,305.99,290.28,301.77,11.49,19.84,57.9,281.93,310.12,290.2,280.28,319.03,308.49,295.91,False,down,channel sloping down,277.46,298.58,319.7,-0.59,0.1,43.0,Coherent Corp.,Technology,Scientific & Technical Instruments,57933049856.0,71.62953,21.198381,0.92,5.3111305,8.138743,4.13,,0.11309,0.118269995,0.07981,0.337,-649981632.0,31.612,2.427,0.87517,0.060900003,2.104,440.0,105.02,415.36197,56.9,Buy,1.61,22,4.0,14.0,5.0,0.0,0.0,1.96,1.96,True,19,2026-11-04,39.0,False,True,2026-03-23,0,0,2026-09-24 Rosenblatt: main -> Buy,0,,0,,N/A,0,N/A,0,0,,,,not fetched for down-trend tickers,
COP,down,WAIT,127.3,,,,,,False,False,True,False,True,True,False,True,3,True,False,True,True,False,1,True,False,False,False,127.3,127.61,False,22.02,16.43,True,True,False,,124.47,141.62,127.3,130.8,False,30.54,29.38,True,True,False,bullish_harami,124.47,141.62,127.3,129.71,False,10.33,9.6,True,True,False,,126.97,130.97,126.97,128.56,1.59,3.7,43.0,124.86,130.67,126.97,125.12,130.57,131.88,127.57,False,down,channel sloping down,123.3,126.9,130.51,-0.53,0.36,55.0,ConocoPhillips,Energy,Oil & Gas E&P,152930271232.0,16.81638,13.176786,1.09,2.3402026,2.37252,7.57,2.6,0.144,0.3151,0.1418,0.355,7691375104.0,35.639,1.542,0.8693,0.0134000005,0.134,141.62,85.57,146.08,74.5,Buy,1.74,25,4.0,15.0,8.0,0.0,0.0,2.64,2.61,True,21,2026-11-05,40.0,False,True,1957-03-04,0,0,2026-09-14 UBS: main -> Buy,0,,0,,N/A,0,N/A,0,0,,,,not fetched for down-trend tickers,
CORT,down,WAIT,116.12,,,,,,False,True,False,True,False,False,False,False,2,True,False,True,False,False,2,True,True,False,False,116.12,108.14,True,66.8,67.22,False,False,False,,108.41,120.43,116.12,113.54,True,72.83,71.03,True,False,False,,108.41,120.43,116.12,114.83,True,50.94,48.97,True,True,False,,111.68,120.43,114.51,120.43,5.92,5.69,104.0,114.74,120.2,111.68,108.83,127.06,113.58,116.13,False,down,channel rising but weak fit (R2 0.22 < 0.5),112.66,116.41,120.15,0.43,0.22,46.0,Corcept Therapeutics Incorporated,Healthcare,Biotechnology,12550223872.0,258.0,26.371378,0.81,17.752293,15.105955,0.45,,0.066420004,0.16124001,0.08226,0.317,77395128.0,1.335,2.859,0.76859003,0.1114,0.446,126.38,28.66,141.0,89.5,Buy,2.00,5,1.0,3.0,0.0,1.0,0.0,0.86,0.25,True,4,2026-11-04,39.0,False,False,,0,0,2026-09-18 HC Wainwright & Co.: reit -> Buy,0,,0,,N/A,0,N/A,0,0,,,,not fetched for down-trend tickers,
CRDO,up,WAIT,210.79,,,,,,False,True,False,True,False,False,False,False,1,False,False,True,False,False,3,True,True,True,False,210.79,203.24,True,95.82,91.32,True,False,True,,149.15,214.87,210.79,192.3,True,96.19,96.25,False,False,True,,149.15,214.87,210.79,189.91,True,88.65,92.02,False,False,True,,187.0,214.87,198.0,214.87,16.87,10.06,167.7,204.81,208.06,187.0,181.97,254.02,191.76,207.64,True,up,channel rising (R2 0.9),200.42,208.93,217.45,2.99,0.9,61.0,Credo Technology Group Holding Ltd,Technology,Semiconductors,39652216832.0,74.28522,21.811907,,14.518616,24.922121,2.84,,0.33833,0.25198,0.30674,1.147,248290880.0,0.96,7.399,0.73608,0.0514,3.228,308.67,86.485,280.098,55.9,Strong Buy,1.32,19,4.0,14.0,1.0,0.0,0.0,1.28,1.26,True,17,2026-11-30,65.0,False,False,,0,0,2026-09-21 Mizuho: main -> Outperform,0,,0,,61,7,250.0,34,4,2026-09-25 16:27,Chip Stocks Rise After Two-Day Skid. Tower Semiconductor Among Leaders.,https://finnhub.io/api/news?id=17a7bad0387fc40bd226c09f198ed7b9fe26cce11c3c51383ee41db70336d314,,
CRM,down,WAIT,234.07,,,,,,False,True,True,False,False,False,False,False,4,True,False,True,True,True,2,True,True,False,False,234.07,220.44,True,19.41,15.85,True,True,False,,229.81,262.33,234.07,235.49,False,25.4,26.97,False,False,False,,229.81,262.33,234.07,239.33,False,4.78,4.71,True,True,False,piercing_line,233.38,242.09,233.38,239.37,5.99,8.58,69.8,230.79,241.96,233.38,229.09,241.54,238.23,235.18,False,down,channel sloping down,228.89,235.01,241.12,-0.37,0.25,42.0,"Salesforce, Inc.",Technology,Software - Application,192598458368.0,21.35219,14.620091,0.8,5.018442,4.3834143,10.93,0.74,0.2199,0.21375,0.19381,0.108,17731874816.0,110.417,0.839,0.87474,0.0454,1.202,269.11,146.32,281.0783,71.5,Buy,1.74,53,6.0,32.0,14.0,0.0,2.0,3.45,3.37,True,42,2026-12-02,67.0,False,True,2008-09-15,0,0,2026-09-18 Wells Fargo: main -> Equal-Weight,0,,0,,N/A,0,N/A,0,0,,,,not fetched for down-trend tickers,
CRVW,down,WAIT,0.04,,,,,,False,False,True,False,True,False,False,False,2,True,False,False,True,False,2,True,True,False,False,0.04,0.04,False,34.44,22.81,True,True,False,,0.04,0.04,0.04,0.04,False,34.44,23.04,True,True,False,,0.04,0.05,0.04,0.04,False,34.44,23.33,True,False,False,,0.04,0.05,0.04,0.04,0.0,0.0,,,,0.04,0.04,0.04,0.04,0.04,False,down,channel rising but weak fit (R2 0.18 < 0.5),0.03,0.04,0.04,0.6,0.18,23.0,"CareView Communications, Inc.",Healthcare,Health Information Services,23355230.0,,,,-0.5333333,2.475157,-0.01,,-0.28941,0.17809999,,0.196,1171321.0,,0.093,0.29683,,-0.661,0.08,0.01,,42.9,None,N/A,N/A,,,,,,N/A,N/A,,N/A,,,False,False,,0,0,,0,,0,,N/A,0,N/A,0,0,,,,not fetched for down-trend tickers,
CRWD,up,WAIT,252.13,,,,,,False,True,False,True,False,False,False,False,3,True,False,True,True,False,2,True,True,False,False,252.13,215.47,True,90.68,95.29,False,False,True,,216.17,263.86,252.13,230.52,True,76.11,84.93,False,False,False,,216.17,263.86,252.13,250.21,True,9.25,18.87,False,False,False,,251.13,263.86,251.54,259.8,8.26,12.16,67.9,247.64,263.7,251.13,245.05,262.75,247.02,255.02,False,up,channel rising (R2 0.58),251.1,261.07,271.05,1.12,0.58,5.0,"CrowdStrike Holdings, Inc.",Technology,Software - Infrastructure,258164703232.0,8404.334,157.00133,8.31,50.598038,47.84243,0.03,,0.00834,-0.02259,0.01461,0.258,1995385472.0,15.958,1.57,0.76382005,0.0277,1.255,263.87,85.68,235.67,93.4,Buy,1.70,50,10.0,30.0,12.0,0.0,1.0,0.31,0.31,True,45,2026-12-01,66.0,False,True,2024-06-24,0,0,2026-09-21 Morgan Stanley: main -> Overweight,0,,0,,67,6,-33.3,13,12,2026-09-25 23:17,Why Did CrowdStrike Holdings (CRWD) Move Today?,https://finnhub.io/api/news?id=5d3cbb5caeb77bb7b1deda385c88ba4fb707ac545164a92479871898cae42093,,
CSCO,down,WAIT,106.68,,,,,,False,False,True,False,True,False,False,False,3,True,False,True,False,True,3,True,True,False,True,106.68,111.06,False,28.27,33.44,False,True,False,,104.51,111.74,106.68,109.75,False,36.99,31.5,True,True,False,,104.51,111.74,106.68,107.62,False,48.78,58.45,False,False,False,bullish_harami,105.06,108.64,106.53,108.64,2.11,2.79,75.6,105.85,109.32,105.06,103.66,111.21,106.39,107.29,False,down,channel sloping down,102.8,105.52,108.24,-0.65,0.51,71.0,"Cisco Systems, Inc.",Technology,Communication Equipment,420674011136.0,32.04204,18.979416,0.99,8.373224,6.6430955,3.33,1.57,0.20951,0.27719,0.27319,0.176,11182624768.0,62.017,0.931,0.83384,0.0146,0.992,130.37,66.81,137.25,62.7,Buy,1.82,24,5.0,14.0,9.0,0.0,0.0,1.32,1.33,False,23,2026-11-12,47.0,False,True,1993-12-01,0,0,2026-09-22 Piper Sandler: main -> Neutral,0,,0,,N/A,0,N/A,0,0,,,,not fetched for down-trend tickers,
CTAS,down,WAIT,199.91,,,,,,False,True,True,True,True,False,False,False,1,False,False,True,False,False,2,False,True,True,False,199.91,197.67,True,39.47,30.81,True,True,False,,191.09,204.62,199.91,199.4,True,81.1,65.48,True,True,True,,191.09,204.62,199.91,198.15,True,94.13,93.54,True,True,True,,191.09,200.54,198.22,200.54,2.32,4.06,57.1,196.48,202.28,191.09,189.06,216.19,197.99,199.57,True,down,channel rising but weak fit (R2 0.02 < 0.5),194.89,197.87,200.86,0.05,0.02,84.0,Cintas Corporation,Industrials,Specialty Business Services,79867445248.0,39.507908,32.457294,3.12,15.34582,6.908578,5.06,1.05,0.17824,0.24098,0.41375,0.109,1623005312.0,52.096,1.454,0.70134,0.0376,0.913,219.17,161.16,218.25,66.8,Buy,2.20,16,2.0,8.0,9.0,1.0,0.0,1.36,1.35,True,10,2026-12-17,82.0,False,True,2001-03-01,0,0,2026-09-24 UBS: main -> Buy,0,,0,,N/A,0,N/A,0,0,,,,not fetched for down-trend tickers,
CTVA,down,WAIT,78.49,,,,,,False,False,False,False,True,True,True,True,2,True,False,True,False,False,1,True,False,False,False,78.49,82.05,False,10.97,11.26,False,False,False,hammer,77.33,85.19,78.49,81.99,False,18.31,17.6,True,True,False,bullish_harami,77.33,85.19,78.49,80.32,False,23.96,21.77,True,True,False,,77.33,82.26,77.33,78.98,1.65,2.51,65.7,76.47,79.84,77.33,76.08,82.1,80.45,78.32,True,down,channel sloping down,77.08,78.82,80.56,-0.52,0.48,40.0,"Corteva, Inc.",Basic Materials,Agricultural Inputs,52388229120.0,47.58788,19.039074,1.03,2.0817094,2.941176,1.65,0.91,0.056649998,0.3013,0.04256,-0.012,2417250048.0,19.191,1.516,0.92111,0.0353,0.577,90.97,60.535,92.6,59.0,Buy,1.76,20,4.0,11.0,6.0,0.0,0.0,-0.38,-0.39,True,16,2026-11-03,38.0,False,True,2019-06-03,0,0,2026-09-18 Argus Research: reit -> Buy,0,,0,,N/A,0,N/A,0,0,,,,not fetched for down-trend tickers,
CVLT,down,WAIT,145.59,,,,,,False,True,False,True,False,False,False,False,3,True,False,True,False,True,2,True,True,False,False,145.59,137.77,True,87.98,89.89,False,False,True,,131.69,151.62,145.59,140.97,True,59.76,75.62,False,False,False,,131.69,151.62,145.59,145.76,False,8.66,13.61,False,False,False,bullish_harami,143.51,151.62,145.13,150.99,5.86,5.6,104.6,145.39,150.73,143.51,140.71,152.91,146.09,146.58,False,down,channel rising but weak fit (R2 0.07 < 0.5),143.55,147.63,151.71,0.19,0.07,25.0,"Commvault Systems, Inc.",Technology,Software - Application,6031841792.0,93.29487,23.472185,3.17,115.875786,4.961037,1.56,,0.05618,0.089499995,0.32773998,0.114,303740256.0,1762.992,2.043,1.10984,0.0955,0.821,196.88,71.75,160.55293,59.0,Buy,1.84,17,0.0,11.0,8.0,0.0,0.0,1.24,1.23,True,18,2026-10-27,31.0,False,False,,0,0,,0,,0,,N/A,0,N/A,0,0,,,,not fetched for down-trend tickers,
CVX,down,WAIT,204.43,,,,,,False,True,True,False,False,False,False,False,2,True,False,True,False,False,2,True,True,False,False,204.43,201.43,True,25.98,20.26,True,True,False,,200.78,217.78,204.43,206.33,False,30.32,30.87,False,False,False,,200.78,217.78,204.43,206.85,False,19.22,16.88,True,True,False,,203.4,208.1,203.4,206.54,3.14,4.77,65.8,201.77,208.17,203.4,201.02,209.55,206.23,204.73,False,down,channel sloping down,199.34,203.53,207.72,-0.46,0.45,61.0,Chevron Corporation,Energy,Oil & Gas Integrated,401049780224.0,19.639769,14.462378,0.9,2.1120868,1.9153793,10.4,3.46,0.09834,0.21866,0.12231,0.535,21934000128.0,18.959,1.252,0.71184,0.0106,0.491,217.78,146.49,223.91667,81.3,Buy,1.72,24,6.0,14.0,4.0,1.0,0.0,4.73,4.64,True,18,2026-10-30,34.0,False,True,1957-03-04,0,0,2026-09-25 HSBC: main -> Buy,0,,0,,N/A,0,N/A,0,0,,,,not fetched for down-trend tickers,
DASH,down,WAIT,193.43,,,,,,False,False,True,False,True,False,False,False,2,False,True,True,False,False,2,True,True,False,False,193.43,201.42,False,21.58,13.8,True,True,False,,182.15,204.09,193.43,202.3,False,45.46,34.6,True,True,False,,182.15,204.09,193.43,192.46,True,93.83,92.31,True,True,True,,182.15,193.67,187.53,193.67,6.14,7.1,86.5,186.57,194.63,182.15,178.6,215.68,193.56,191.51,True,down,channel sloping down,183.27,188.18,193.08,-0.55,0.42,104.0,"DoorDash, Inc.",Consumer Cyclical,Internet Retail,83782492160.0,101.2356,23.742662,1.04,8.4440365,5.272323,1.91,,0.05292,0.03862,0.088870004,0.356,5147500032.0,33.276,1.368,0.95796996,0.0401,1.788,285.5,143.3,256.2642,35.3,Buy,1.64,43,9.0,26.0,10.0,0.0,0.0,0.82,0.82,True,32,2026-11-04,39.0,False,True,2025-03-24,0,0,2026-09-09 Scotiabank: init -> Sector Outperform,0,,0,,N/A,0,N/A,0,0,,,,not fetched for down-trend tickers,
DDOG,up,WAIT,268.02,,,,,,False,True,False,True,False,False,False,False,2,True,False,True,False,False,2,True,True,False,False,268.02,237.34,True,90.46,93.2,False,False,True,,220.72,280.7,268.02,239.16,True,85.06,89.43,False,False,True,,220.72,280.7,268.02,250.42,True,65.22,68.82,False,False,False,,247.27,280.7,261.0,280.7,19.7,11.7,168.4,269.0,272.7,247.27,241.42,307.92,237.07,270.97,False,up,channel rising (R2 0.85),257.72,267.25,276.79,2.12,0.85,54.0,"Datadog, Inc.",Technology,Software - Application,96278781952.0,547.2041,90.17411,1.3,22.03929,24.271605,0.49,,0.044770002,0.00666,0.04696,0.356,1051412352.0,29.259,3.205,0.92794997,0.0353,1.488,292.72,98.01,286.25696,87.3,Strong Buy,1.50,46,10.0,31.0,3.0,1.0,1.0,0.64,0.64,True,39,2026-11-05,40.0,False,True,2025-07-09,0,0,,0,,0,,N/A,0,N/A,0,10,2026-09-25 23:12,Why Is Datadog (DDOG) Stock Rocketing Higher Today,https://finnhub.io/api/news?id=fc75eeceaa981540583b5b5a6956cb820c49c38abcf691849cdff44af7139dfd,,
DELL,down,WAIT,562.9,,,,,,False,True,False,True,True,False,False,False,0,False,False,False,False,False,2,False,True,True,False,562.9,484.77,True,52.63,60.54,False,False,False,,525.85,595.51,562.9,523.87,True,40.76,26.45,True,True,False,,525.85,595.51,562.9,555.78,True,81.21,87.87,False,False,True,,530.45,573.8,541.24,573.8,32.56,32.09,101.5,541.71,573.33,530.45,514.4,635.65,549.32,562.06,True,down,channel sloping down,519.47,542.98,566.5,-1.13,0.53,92.0,Dell Technologies Inc.,Technology,Computer Hardware,357892653056.0,32.70715,19.331919,0.63,-252.41704,2.3670619,17.21,0.47,0.07525,0.12020001,,0.577,6033375232.0,,0.962,0.78026,0.0468,1.409,595.51,110.22,577.36,93.3,Buy,1.83,25,6.0,14.0,9.0,0.0,0.0,6.56,4.39,True,24,2026-11-27,62.0,False,True,2024-09-23,0,0,2026-09-21 Morgan Stanley: main -> Equal-Weight,0,,0,,53,8,100.0,30,0,,,,not fetched for down-trend tickers,
DGX,down,WAIT,236.23,,,,,,False,True,True,False,False,False,False,False,2,True,False,True,False,False,2,True,True,False,False,236.23,233.27,True,36.94,39.63,False,True,False,,227.24,248.84,236.23,238.43,False,43.24,41.2,True,False,False,,227.24,248.84,236.23,238.45,False,77.73,81.47,False,False,False,,231.92,238.24,235.48,238.24,2.76,6.1,45.2,232.14,241.58,231.92,228.87,247.27,236.1,236.94,False,down,channel sloping down,225.69,232.52,239.35,-0.97,0.64,77.0,Quest Diagnostics Incorporated,Healthcare,Diagnostics & Research,26083432448.0,25.08705,19.59908,1.54,3.458662,2.2563524,9.41,1.45,0.09187,0.15248,0.14602,0.102,909625024.0,81.074,1.591,0.98905,0.0327,0.549,248.84,171.18,247.73334,83.8,Buy,2.12,15,2.0,7.0,7.0,0.0,1.0,2.86,2.86,True,13,2026-10-22,26.0,False,True,2002-12-12,0,0,2026-09-21 Truist Securities: main -> Hold,0,,0,,N/A,0,N/A,0,0,,,,not fetched for down-trend tickers,
DHR,up,WAIT,224.59,,,,,,False,True,False,True,True,True,False,True,3,True,False,True,False,True,1,False,False,False,True,224.59,206.87,True,91.67,93.11,False,False,True,,199.09,226.65,224.59,211.93,True,87.64,85.43,True,True,True,hammer,199.09,226.65,224.59,218.56,True,67.54,67.41,True,True,False,bullish_engulfing,219.0,226.65,221.6,224.9,3.3,5.4,61.1,219.5,227.0,219.0,216.3,237.02,220.86,223.85,True,up,channel rising (R2 0.89),222.83,226.2,229.57,1.04,0.89,26.0,Danaher Corporation,Healthcare,Diagnostics & Research,157813342208.0,39.944843,24.141722,1.34,3.0009625,6.285631,5.62,0.72,0.15948,0.19777,0.07605,0.055,4325125120.0,52.97,1.651,0.84403,0.013300001,0.808,242.8,160.93,230.8261,77.8,Strong Buy,1.50,23,5.0,17.0,4.0,0.0,0.0,1.91,1.92,False,21,2026-10-21,25.0,False,True,1998-11-18,0,0,,0,,3,"TDM Reagent Kit Market Forecasts Growth from $2.87B (2026) to $6.96B by 2032, Profiling Abbott, Roche, Danaher, Siemens Healthineers & Thermo Fisher",N/A,0,N/A,0,1,2026-09-25 19:04,"Dividend Champion, Contender, And Challenger Highlights: Week September 27",https://finnhub.io/api/news?id=403589f5a28b768b40e6b9e54ab5a5d2aa8836e772aecee6e6c1fa8830560d81,,
DOCN,down,WAIT,139.73,,,,,,False,True,False,True,False,False,False,False,2,True,False,True,False,False,2,True,True,False,False,139.73,127.83,True,74.12,80.86,False,False,False,,114.31,151.83,139.73,129.1,True,61.83,68.19,False,False,False,,114.31,151.83,139.73,138.15,True,40.66,44.69,False,False,False,,136.02,146.48,138.51,146.48,7.97,10.42,76.5,136.06,148.93,136.02,130.81,153.11,146.05,140.88,False,down,channel rising but weak fit (R2 0.25 < 0.5),133.93,145.13,156.34,1.11,0.25,26.0,"DigitalOcean Holdings, Inc.",Technology,Software - Infrastructure,16431741952.0,63.812782,75.883865,1.54,15.766019,16.158339,2.19,,0.23265,0.104449995,0.62273,0.286,-23832624.0,212.506,1.311,0.82585,0.0921,1.57,187.5,33.685,175.2,68.9,Buy,1.53,15,3.0,11.0,3.0,0.0,0.0,0.32,0.28,True,17,2026-11-04,39.0,False,False,,0,0,2026-08-27 Truist Securities: init -> Buy,0,,0,,N/A,0,N/A,0,0,,,,not fetched for down-trend tickers,
DT,up,WAIT,57.96,,,,,,False,True,False,True,False,False,False,False,4,True,False,True,True,True,2,True,True,False,False,57.96,50.87,True,89.84,92.52,False,False,True,,51.26,59.41,57.96,53.78,True,76.19,83.6,False,False,False,,51.26,59.41,57.96,57.06,True,24.15,27.41,False,False,False,bullish_harami,57.69,59.41,57.72,59.17,1.45,1.76,82.4,57.41,59.48,57.69,56.81,59.69,58.99,58.22,False,up,channel rising (R2 0.76),57.78,59.2,60.61,1.06,0.76,6.0,"Dynatrace, Inc.",Technology,Software - Application,16818762752.0,115.9,25.233393,1.2,6.8653007,7.99188,0.5,,0.072230004,0.12889,0.058790002,0.162,546524224.0,6.499,1.208,1.0816001,0.0509,0.741,59.41,31.635,59.70588,94.8,Buy,1.72,34,6.0,20.0,10.0,0.0,0.0,0.49,0.49,True,34,2026-11-04,39.0,False,False,,1,0,2026-09-24 Oppenheimer: main -> Outperform,0,,0,,N/A,0,N/A,0,4,2026-09-25 17:48,Vail Resorts and 3 More Stocks See Action From Activist Investors,https://finnhub.io/api/news?id=288461e5727e9fea504fe926b782f1455b5f08fd955872e44ef7a38becd0dd82,,
ECL,up,WAIT,279.7,,,,,,False,True,True,True,True,False,False,False,3,False,True,True,False,True,1,False,True,False,False,279.7,276.63,True,70.11,55.2,True,True,False,,267.83,280.66,279.7,276.77,True,87.86,80.87,True,True,True,,267.83,280.66,279.7,275.43,True,90.25,93.36,False,False,True,bullish_engulfing,273.14,280.66,273.14,280.66,7.52,5.06,148.6,275.6,278.2,273.14,270.61,293.33,270.52,278.72,True,up,channel rising (R2 0.52),273.63,277.79,281.95,0.39,0.52,73.0,Ecolab Inc.,Basic Materials,Specialty Chemicals,78349041664.0,37.465145,29.681414,2.48,7.791748,4.6518655,7.44,1.06,0.12566,0.18521999,0.21956,0.097,1474824960.0,138.023,1.841,0.94196,0.0214,0.89,309.27,243.15,324.9524,55.3,Buy,1.54,21,5.0,15.0,4.0,0.0,0.0,2.18,2.18,True,18,2026-10-27,31.0,False,True,1989-01-31,0,0,,0,,1,"Global Sanitizer Aerosol Spray Market Forecast, 2026–2032 - Routine Hygiene, Sustainable Packaging and AI Innovation Drive 8.54% CAGR Toward USD 4.12 Billion, with 3M, Ecolab, Reckitt and Clorox Profiled",N/A,0,N/A,0,0,,,,,
EMR,filtered,WAIT,158.11,,,,,,False,True,False,True,False,False,False,False,1,False,False,True,False,False,4,True,True,True,True,158.11,151.27,True,91.47,89.67,True,False,True,,144.4,159.87,158.11,152.51,True,92.79,93.29,False,False,True,,144.4,159.87,158.11,154.0,True,80.35,84.49,False,False,True,,152.52,159.87,156.68,159.87,3.19,3.52,90.6,156.35,160.2,152.52,150.76,169.14,154.78,158.53,False,up,channel rising (R2 0.94),157.23,158.98,160.73,1.1,0.94,25.0,Emerson Electric Co.,Industrials,Specialty Industrial Machinery,88260689920.0,34.62363,21.790712,1.8,4.3309155,4.7555604,4.62,1.42,0.13828,0.26924,0.128,0.07,3706249984.0,67.677,0.896,0.84082,0.0150999995,1.233,166.35,122.64,173.49963,81.1,Buy,1.90,28,4.0,16.0,8.0,1.0,1.0,1.84,1.85,False,21,2026-11-04,39.0,False,True,1965-03-31,0,0,2026-09-25 Wells Fargo: init -> Overweight,0,,0,,N/A,0,N/A,0,0,,,,ticker filtered out,
ENTG,up,WAIT,151.9,,,,,,False,True,False,True,True,True,False,True,2,True,False,True,False,False,0,False,False,False,False,151.9,141.51,True,91.3,93.52,False,False,True,,126.63,153.6,151.9,141.48,True,89.37,86.15,True,True,True,hammer,126.63,153.6,151.9,145.32,True,75.0,75.7,False,True,False,,143.82,153.6,148.0,153.6,5.6,6.21,90.2,147.39,154.21,143.82,140.72,168.67,150.86,151.32,True,up,channel rising (R2 0.81),148.47,153.65,158.84,1.72,0.81,33.0,"Entegris, Inc.",Technology,Semiconductor Equipment & Materials,23208792064.0,75.56716,30.283154,1.29,5.580498,6.954946,2.01,0.27,0.091850005,0.19271,0.07671,0.115,477787488.0,85.655,3.049,1.10767,0.0671,1.364,186.94,67.97,173.36365,70.5,None,N/A,11,1.0,8.0,2.0,1.0,0.0,1.02,1.02,True,11,2026-11-04,39.0,False,False,,0,0,,0,,0,,N/A,0,N/A,0,0,,,,,
EOG,down,WAIT,140.35,,,,,,False,False,True,False,True,True,False,True,3,True,False,True,True,False,2,True,False,False,True,140.35,143.55,False,22.55,18.92,True,True,False,,138.06,154.16,140.35,144.53,False,30.09,29.14,True,True,False,piercing_line,138.06,154.16,140.35,142.76,False,17.18,13.91,True,True,False,,139.68,144.08,139.68,141.79,2.1,3.91,53.7,137.88,143.59,139.68,137.73,144.28,140.29,140.61,False,down,channel sloping down,137.81,140.52,143.23,-0.39,0.41,47.0,"EOG Resources, Inc.",Energy,Oil & Gas E&P,73617670144.0,10.930686,9.412275,1.34,2.3146317,2.7975905,12.84,2.86,0.25733,0.40717998,0.22507,0.587,4478750208.0,25.891,1.851,0.98139,0.033,0.272,154.16,101.59,162.0,73.7,Buy,2.34,28,1.0,10.0,21.0,0.0,0.0,4.05,4.06,False,24,2026-11-05,40.0,False,True,2000-11-02,0,0,2026-09-17 Raymond James: main -> Strong Buy,0,,0,,N/A,0,N/A,0,0,,,,not fetched for down-trend tickers,
ESTC,down,WAIT,88.1,,,,,,False,True,True,True,False,False,False,False,2,True,False,True,False,False,1,False,True,False,False,88.1,80.83,True,62.26,59.16,True,True,False,,83.04,92.64,88.1,86.45,True,67.91,80.46,False,False,False,,83.04,92.64,88.1,89.05,False,8.45,7.83,True,True,False,,87.37,92.64,87.37,92.64,5.27,3.56,148.0,89.08,90.93,87.37,85.59,91.86,89.2,89.33,False,down,channel rising but weak fit (R2 0.32 < 0.5),88.4,90.31,92.22,0.36,0.32,-8.0,Elastic N.V.,Technology,Software - Application,9251831808.0,25.177143,22.28032,1.37,7.1427417,5.1337576,3.5,,0.20844,-0.00606,0.33122003,0.151,504316864.0,45.94,1.81,0.8922,0.045900002,1.037,108.0,42.05,110.69231,69.8,Buy,1.93,26,4.0,14.0,12.0,0.0,0.0,0.81,0.80,True,28,2026-11-19,54.0,False,False,,0,0,2026-09-23 Cantor Fitzgerald: reit -> Neutral,0,,0,,N/A,0,N/A,0,0,,,,not fetched for down-trend tickers,
ETSY,down,WAIT,68.44,,,,,,False,False,False,False,False,False,False,False,2,True,False,True,False,False,2,True,True,False,False,68.44,76.47,False,14.24,20.59,False,False,False,,67.59,76.43,68.44,75.23,False,18.39,20.82,False,False,False,,67.59,76.43,68.44,71.71,False,24.27,32.26,False,False,False,,67.59,73.94,68.4,71.3,2.9,3.09,93.9,68.21,71.49,67.59,66.05,72.03,72.88,69.68,False,down,channel sloping down,67.3,70.03,72.76,-0.81,0.42,21.0,"Etsy, Inc.",Consumer Cyclical,Internet Retail,6281542656.0,21.658228,9.930225,0.73,-4.5315504,2.1353037,3.16,,0.07114,0.18744,,0.062,169665376.0,,1.476,1.26253,0.1314,1.813,87.974,44.0,88.18519,55.6,Buy,2.43,27,3.0,8.0,18.0,1.0,0.0,0.76,0.75,True,24,2026-11-04,39.0,False,False,,2,0,2026-09-18 BTIG: up -> Buy,0,,0,,N/A,0,N/A,0,0,,,,not fetched for down-trend tickers,
EXEL,down,WAIT,58.18,,,,,,False,True,True,True,True,False,False,False,3,True,False,True,False,True,1,False,True,False,False,58.18,55.72,True,62.11,58.98,True,True,False,,54.94,59.15,58.18,56.8,True,62.97,54.97,True,True,False,,54.94,59.15,58.18,57.58,True,79.81,79.72,True,True,False,bullish_harami,56.26,58.62,57.63,58.62,0.99,1.68,58.9,56.94,59.31,56.26,55.42,62.32,58.14,58.1,True,down,channel sloping down,56.26,57.47,58.68,-0.14,0.06,79.0,"Exelixis, Inc.",Healthcare,Biotechnology,14410983424.0,18.289309,13.649666,2.56,7.8509717,5.9160333,3.18,,0.35331002,0.39513,0.44393003,0.106,739715136.0,8.999,3.456,1.06885,0.1456,0.422,59.72,33.76,53.6875,94.1,Buy,2.37,16,1.0,6.0,11.0,0.0,1.0,0.91,0.91,True,10,2026-10-27,31.0,False,False,,0,0,,0,,0,,N/A,0,N/A,0,0,,,,not fetched for down-trend tickers,
EXLS,down,WAIT,34.76,,,,,,False,True,False,False,True,True,False,True,3,True,False,True,False,True,1,True,False,False,False,34.76,34.41,True,21.62,20.92,True,False,False,,34.51,36.83,34.76,35.46,False,23.02,18.24,True,True,False,hammer,34.51,36.83,34.76,35.18,False,9.42,11.88,False,True,False,bullish_engulfing,34.51,35.58,34.51,35.33,0.83,0.91,91.2,34.42,35.42,34.51,34.06,35.81,35.26,34.82,False,down,channel sloping down,34.41,34.82,35.23,-0.27,0.47,42.0,"ExlService Holdings, Inc.",Technology,Information Technology Services,5268534272.0,21.99367,13.380721,0.91,6.08688,2.3730268,1.58,,0.11174,0.14609,0.25944,0.156,262332752.0,56.585,1.244,1.04147,0.075100005,0.81,44.32,24.85,44.625,50.9,Strong Buy,1.33,8,3.0,6.0,0.0,0.0,0.0,0.56,0.56,True,8,2026-10-27,31.0,False,False,,0,0,2026-08-27 TD Cowen: main -> Buy,0,,0,,N/A,0,N/A,0,0,,,,not fetched for down-trend tickers,
EXPE,down,WAIT,264.18,,,,,,False,False,False,False,True,False,False,False,2,True,False,True,False,False,2,True,True,False,False,264.18,288.06,False,11.04,17.57,False,False,False,,256.5,294.69,264.18,287.17,False,21.9,15.07,True,True,False,,256.5,294.69,264.18,270.9,False,66.17,73.69,False,False,False,,256.5,269.26,261.08,269.26,8.18,13.26,61.7,256.0,274.34,256.5,249.87,285.64,261.88,265.66,False,down,channel sloping down,249.03,258.77,268.52,-1.47,0.71,78.0,"Expedia Group, Inc.",Consumer Cyclical,Travel Services,31706234880.0,16.604023,10.797452,0.69,26.220348,2.0194595,15.91,0.73,0.12968001,0.1898,0.89489,0.14,3434374912.0,230.271,0.801,1.08671,0.0675,1.25,342.0,185.34,338.83334,50.3,Buy,2.18,36,0.0,17.0,21.0,1.0,0.0,8.84,8.68,True,26,2026-11-05,40.0,False,True,2007-10-02,0,0,2026-09-01 Rosenblatt: init -> Neutral,0,,0,,N/A,0,N/A,0,0,,,,not fetched for down-trend tickers,
FCX,down,WAIT,72.3,,,,,,False,True,False,True,False,False,False,False,1,True,False,False,False,False,3,True,True,True,False,72.3,70.19,True,45.67,49.65,False,False,False,,67.01,74.9,72.3,71.88,True,53.83,59.28,False,False,False,,67.01,74.9,72.3,72.09,True,67.74,65.01,True,True,False,,71.0,72.87,71.53,72.87,1.34,2.88,46.5,69.99,74.41,71.0,69.56,76.41,72.09,72.21,True,down,channel rising but weak fit (R2 0.22 < 0.5),71.14,72.83,74.52,0.3,0.22,34.0,Freeport-McMoRan Inc.,Basic Materials,Copper,103838425088.0,35.44608,17.455896,4.51,5.163893,4.0141654,2.04,0.83,0.113850005,0.33404,0.14755,-0.073,2159249920.0,32.149,2.066,0.89392996,0.024,1.401,80.24,35.29,72.45455,82.3,Buy,1.78,22,6.0,12.0,4.0,1.0,0.0,0.74,0.73,True,12,2026-10-22,26.0,False,True,2011-07-01,0,0,2026-09-16 RBC Capital: main -> Sector Perform,0,,0,,N/A,0,N/A,0,0,,,,not fetched for down-trend tickers,
FIGS,down,WAIT,13.43,,,,,,False,True,True,True,True,False,False,False,2,False,True,True,False,False,1,False,True,False,False,13.43,13.13,True,28.49,16.46,True,True,False,,11.81,14.29,13.43,13.35,True,76.18,51.72,True,True,False,,11.81,14.29,13.43,12.88,True,91.29,90.49,True,True,True,,11.81,13.45,12.51,13.45,0.94,0.71,132.4,12.74,13.22,11.81,11.45,16.4,13.07,13.12,True,down,channel sloping down,11.81,12.56,13.31,-0.62,0.15,108.0,"FIGS, Inc.",Consumer Cyclical,Apparel Manufacturing,2229602048.0,40.666664,36.294796,,5.0281005,3.1399395,0.33,,0.0872,0.17934,0.14762,0.288,78624496.0,13.036,4.956,0.99938005,0.18129998,1.072,17.48,6.53,18.625,63.0,None,N/A,8,1.0,4.0,4.0,0.0,0.0,0.07,0.07,True,6,2026-11-05,40.0,False,False,,0,0,,0,,0,,N/A,0,N/A,0,0,,,,not fetched for down-trend tickers,
FIVE,down,WAIT,222.51,,,,,,False,False,True,False,False,False,False,False,3,True,True,True,False,False,2,True,True,False,False,222.51,231.44,False,17.81,14.52,True,True,False,,216.67,251.6,222.51,236.77,False,26.68,30.74,False,False,False,,216.67,251.6,222.51,230.75,False,39.44,44.82,False,False,False,,217.06,230.98,217.06,226.38,9.32,9.69,96.2,216.69,226.75,217.06,212.21,237.96,237.0,222.46,True,down,channel sloping down,215.59,222.63,229.68,-1.18,0.69,49.0,"Five Below, Inc.",Consumer Cyclical,Specialty Retail,12255029248.0,19.982046,20.121126,0.98,4.9494166,2.3062353,11.14,,0.11652,0.08859,0.28250998,0.229,367360512.0,82.332,2.222,1.03071,0.044899996,0.989,263.88,137.77,310.9524,67.2,Buy,1.72,21,2.0,15.0,8.0,0.0,0.0,1.14,0.85,True,22,2026-12-02,67.0,False,False,,0,0,2026-09-04 Goldman Sachs: main -> Buy,0,,0,,N/A,0,N/A,0,0,,,,not fetched for down-trend tickers,
FIVN,down,WAIT,35.79,,,,,,False,True,False,True,False,False,False,False,2,True,False,True,False,False,2,True,True,False,False,35.79,31.44,True,66.73,77.71,False,False,False,,30.68,40.0,35.79,33.76,True,54.24,59.08,False,False,False,,30.68,40.0,35.79,36.04,False,13.98,21.46,False,False,False,,35.61,39.09,35.61,37.79,2.18,2.13,102.3,35.66,37.74,35.61,34.55,37.65,36.93,36.45,False,down,channel rising but weak fit (R2 0.44 < 0.5),35.31,38.27,41.22,1.69,0.44,8.0,"Five9, Inc.",Technology,Software - Infrastructure,2672860672.0,52.60294,9.318307,0.28,3.4056935,2.2202108,0.68,,0.049390003,0.033210002,0.079169996,0.103,260481504.0,107.449,4.149,1.1051201,0.118,1.487,40.0,13.29,35.55,84.2,Buy,1.71,20,3.0,12.0,6.0,0.0,0.0,0.80,0.80,True,21,2026-11-09,44.0,False,False,,0,0,2026-09-21 Cantor Fitzgerald: main -> Overweight,0,,0,,N/A,0,N/A,0,0,,,,not fetched for down-trend tickers,
FLS,down,WAIT,73.84,,,,,,False,False,False,False,False,False,False,False,2,True,False,True,False,False,3,True,True,False,True,73.84,75.84,False,72.62,74.01,False,False,False,,68.36,77.77,73.84,75.67,False,54.06,67.59,False,False,False,,68.36,77.77,73.84,75.24,False,18.04,20.01,False,False,False,,72.98,77.77,72.98,77.08,4.1,2.52,162.7,74.56,75.5,72.98,71.72,77.02,73.81,74.46,False,down,channel rising but weak fit (R2 0.42 < 0.5),74.63,76.57,78.5,0.53,0.42,-20.0,Flowserve Corporation,Industrials,Specialty Industrial Machinery,9383465984.0,25.721254,15.875507,1.63,4.157468,2.035946,2.87,1.16,0.08012,0.13919,0.16936001,-0.016,428336256.0,99.608,2.153,1.16027,0.062800005,1.262,92.41,48.71,89.1,57.5,Buy,1.82,10,1.0,6.0,4.0,0.0,0.0,0.98,0.99,False,11,2026-10-27,31.0,False,False,,0,0,,0,,0,,N/A,0,N/A,0,0,,,,not fetched for down-trend tickers,
FLYW,down,WAIT,17.39,,,,,,False,False,True,False,True,False,False,False,1,False,False,True,False,False,3,True,True,True,False,17.39,17.64,False,22.42,15.44,True,True,False,,16.67,18.42,17.39,17.75,False,41.01,29.24,True,True,False,,16.67,18.42,17.39,17.28,True,90.7,90.58,True,False,True,,16.67,17.58,16.88,17.58,0.7,0.51,137.3,17.07,17.39,16.67,16.41,18.86,17.27,17.35,True,down,channel sloping down,16.47,16.92,17.38,-0.57,0.42,101.0,Flywire Corporation,Technology,Software - Infrastructure,2117017472.0,64.44444,12.952886,,2.5912137,2.9669304,0.27,,0.0477,-0.01354,0.04231,0.272,167960368.0,0.18,1.524,1.05305,0.1001,1.307,19.73,10.55,21.15385,74.5,Buy,2.07,13,3.0,5.0,6.0,0.0,0.0,0.49,0.49,True,7,2026-11-03,38.0,False,False,,0,0,2026-08-31 RBC Capital: main -> Outperform,0,,0,,N/A,0,N/A,0,0,,,,not fetched for down-trend tickers,
FORM,up,WAIT,129.69,,,,,,False,True,False,True,False,False,False,False,2,True,False,True,False,False,2,True,True,False,False,129.69,115.32,True,93.93,95.43,False,False,True,,100.39,133.06,129.69,115.31,True,89.15,90.46,False,False,True,,100.39,133.06,129.69,122.81,True,57.85,60.59,False,False,False,,124.36,133.06,128.22,133.06,4.84,6.97,69.4,126.09,135.19,124.36,120.87,142.92,111.42,129.62,True,up,channel rising (R2 0.9),128.75,132.84,136.93,2.29,0.9,11.0,"FormFactor, Inc.",Technology,Semiconductor Equipment & Materials,10131477504.0,89.441376,36.58392,1.39,9.116406,11.20558,1.45,,0.12798001,0.24122,0.10989001,0.319,114850000.0,2.691,4.078,0.94658,0.0584,1.241,160.27,35.38,138.625,75.5,Buy,2.00,8,0.0,5.0,5.0,0.0,0.0,0.86,0.62,True,7,2026-10-28,32.0,False,False,,0,0,,0,,0,,N/A,0,N/A,0,0,,,,,
FRSH,down,WAIT,12.55,,,,,,False,True,True,True,False,False,False,False,1,True,False,False,False,False,2,False,True,True,False,12.55,12.1,True,66.85,55.96,True,True,False,,12.14,13.05,12.55,12.54,True,59.16,70.98,False,False,False,,12.14,13.05,12.55,12.62,False,9.75,13.55,False,False,False,,12.41,13.05,12.52,12.93,0.41,0.46,89.1,12.47,12.98,12.41,12.18,13.11,12.84,12.68,False,down,channel rising but weak fit (R2 0.18 < 0.5),12.33,12.74,13.14,0.36,0.18,26.0,Freshworks Inc.,Technology,Software - Application,3271946496.0,19.904762,15.118088,0.52,3.6784983,3.6199384,0.63,,0.20489,0.05531,0.19695,0.16,260802752.0,3.861,1.693,0.91336995,0.096499994,0.894,13.99,6.79,14.78571,80.0,Buy,2.06,14,2.0,7.0,8.0,0.0,0.0,0.18,0.18,True,17,2026-11-03,38.0,False,False,,0,0,2026-09-14 Keybanc: init -> Overweight,0,,0,,N/A,0,N/A,0,0,,,,not fetched for down-trend tickers,
FTI,down,WAIT,71.0,,,,,,False,False,True,False,True,False,False,False,4,True,True,True,False,True,2,True,True,False,False,71.0,73.8,False,12.21,11.45,True,True,False,,69.75,76.39,71.0,73.92,False,22.8,22.27,True,True,False,,69.75,76.39,71.0,71.81,False,45.93,40.54,True,True,False,bullish_engulfing,70.0,72.17,70.0,71.29,1.29,2.34,55.1,68.95,72.34,70.0,68.83,74.25,71.13,70.83,True,down,channel sloping down,69.49,70.67,71.84,-0.32,0.38,64.0,TechnipFMC plc,Energy,Oil & Gas Equipment & Services,27839748096.0,24.821678,19.734354,2.18,8.5232315,2.6717353,2.86,0.28,0.11282,0.1769,0.35814,0.09,1463362560.0,37.898,1.08,1.0117401,0.0326,0.744,80.7,35.29,76.04762,78.6,Buy,1.95,21,5.0,9.0,6.0,0.0,1.0,0.88,0.87,True,12,2026-10-29,33.0,False,False,,0,0,2026-09-15 Citigroup: main -> Buy,0,,0,,N/A,0,N/A,0,0,,,,not fetched for down-trend tickers,
GEV,down,WAIT,957.25,,,,,,False,False,True,True,False,True,True,False,1,True,False,False,False,False,3,True,False,True,True,957.25,966.3,False,74.99,72.82,True,True,False,hammer,868.25,971.34,957.25,947.45,True,73.71,77.55,False,False,False,,868.25,971.34,957.25,944.35,True,73.97,73.16,True,True,False,,921.53,965.35,943.39,965.35,21.95,35.93,61.1,929.42,979.32,921.53,903.57,1037.77,952.91,953.0,True,down,channel rising but weak fit (R2 0.39 < 0.5),941.55,955.67,969.79,0.29,0.39,56.0,GE Vernova Inc.,Industrials,Specialty Industrial Machinery,255049023488.0,27.47074,38.113457,1.87,21.330437,6.165519,34.86,0.21,0.23035,0.07466,0.82577,0.219,15722125312.0,28.364,0.85,0.81653,0.032899998,0.967,1195.94,530.16,1237.341,64.1,Buy,1.54,33,6.0,24.0,7.0,0.0,0.0,4.17,4.23,False,14,2026-10-28,32.0,False,True,2024-04-02,0,0,2026-09-15 Bernstein: reit -> Outperform,0,,0,,N/A,0,N/A,0,0,,,,not fetched for down-trend tickers,
GLW,down,WAIT,156.7,,,,,,False,False,False,True,True,True,True,True,2,False,True,True,False,False,1,True,False,False,False,156.7,158.02,False,45.85,51.32,False,False,False,hammer,142.35,160.71,156.7,154.53,True,70.05,68.24,True,True,False,hammer,142.35,160.71,156.7,154.72,True,83.21,83.31,False,True,True,,149.6,157.72,154.2,157.72,3.52,8.29,42.5,149.43,162.49,149.6,145.46,173.56,159.24,156.07,True,down,channel rising but weak fit (R2 0.25 < 0.5),151.04,157.7,164.37,0.6,0.25,42.0,Corning Incorporated,Technology,Electronic Components,135014014976.0,72.230415,35.914696,0.92,11.306355,7.9426813,2.17,0.73,0.111999996,0.15649,0.16813,0.166,734499968.0,71.448,1.813,0.74915004,0.0231,1.151,271.78,77.39,189.9375,40.8,Strong Buy,1.47,16,0.0,13.0,4.0,0.0,0.0,0.88,0.87,True,11,2026-10-27,31.0,False,True,1995-02-27,0,0,2026-09-15 Mizuho: main -> Outperform,0,,0,,N/A,0,N/A,0,0,,,,not fetched for down-trend tickers,
GOOG,down,WAIT,341.06,,,,,,False,False,False,True,True,False,False,False,1,True,False,False,False,False,3,True,True,True,False,341.06,343.31,False,36.95,46.36,False,False,False,,332.81,359.98,341.06,341.03,True,28.24,22.09,True,True,False,,332.81,359.98,341.06,341.39,False,75.59,76.99,False,False,False,,332.81,343.6,337.91,343.6,5.69,8.72,65.3,334.88,346.63,332.81,328.45,359.98,335.8,340.68,True,down,channel sloping down,328.41,338.72,349.03,-0.42,0.23,61.0,Alphabet Inc.,Communication Services,Internet Content & Information,4171386060800.0,17.113897,22.892488,1.21,6.7015085,9.355695,19.93,0.26,0.54771,0.34033,0.48676,0.242,22665000960.0,18.859,2.724,0.62126,,1.225,404.47,236.685,422.336,62.2,Strong Buy,1.38,15,13.0,42.0,5.0,0.0,0.0,3.02,3.00,True,39,2026-10-28,32.0,False,True,2014-04-03,0,0,,0,,0,,13,26,-25.7,41,0,,,,not fetched for down-trend tickers,
GOOGL,down,WAIT,343.84,,,,,,False,False,False,False,True,False,False,False,3,True,False,True,False,True,2,True,True,False,False,343.84,346.07,False,37.41,47.05,False,False,False,,336.02,364.17,343.84,344.24,False,27.09,21.97,True,True,False,,336.02,364.17,343.84,344.95,False,70.87,73.49,False,False,False,bullish_harami,336.02,347.03,341.11,347.03,5.92,9.05,65.4,337.98,350.16,336.02,331.5,362.35,339.12,343.85,False,down,channel sloping down,331.32,342.12,352.92,-0.45,0.24,58.0,Alphabet Inc.,Communication Services,Internet Content & Information,4206119354368.0,17.256397,23.083103,1.22,6.7573094,9.433596,19.93,0.26,0.54771,0.34033,0.48676,0.242,22665000960.0,18.859,2.724,0.80994004,0.0149,1.225,408.61,235.84,429.45557,62.5,Strong Buy,1.38,54,13.0,43.0,5.0,0.0,0.0,3.02,3.00,True,42,2026-10-28,32.0,False,True,2006-04-03,0,0,2026-09-18 Tigress Financial: main -> Strong Buy,0,,0,,38,12,-68.4,67,0,,,,not fetched for down-trend tickers,
GTES,up,WAIT,26.86,,,,,,False,True,True,True,True,False,False,False,2,False,True,True,False,False,1,False,True,False,False,26.86,26.3,True,85.32,77.46,True,True,True,,24.82,26.89,26.86,26.11,True,90.5,85.02,True,True,True,,24.82,26.89,26.86,26.13,True,90.32,88.09,True,True,True,,25.82,26.89,26.03,26.89,0.86,0.82,104.9,26.07,26.85,25.82,25.41,29.03,25.6,26.73,True,up,channel rising (R2 0.79),26.25,26.6,26.95,0.64,0.79,88.0,Gates Industrial Corporation Ltd.,Industrials,Specialty Industrial Machinery,6799640576.0,19.049646,13.894709,,1.9307073,1.9402044,1.41,,0.103719994,0.15346,0.10384,0.066,417662496.0,60.695,3.244,1.03072,0.0561,1.263,30.34,20.88,33.33333,63.2,Buy,1.83,12,2.0,6.0,4.0,0.0,0.0,0.44,0.44,True,12,2026-10-28,32.0,False,False,,0,0,2026-09-01 DA Davidson: init -> Neutral,0,,0,,N/A,0,N/A,0,0,,,,,
HALO,up,WAIT,113.91,,,,,,False,True,False,True,False,True,False,True,2,True,False,True,False,False,1,True,False,False,False,113.91,100.92,True,73.57,77.79,False,False,False,,105.5,116.85,113.91,107.99,True,75.35,75.03,True,False,False,bullish_harami,105.5,116.85,113.91,112.61,True,59.89,60.65,False,True,False,,111.07,116.09,113.43,115.62,2.19,3.11,70.4,112.51,116.54,111.07,109.52,120.5,111.73,114.2,False,up,channel rising (R2 0.74),113.47,115.23,116.99,0.64,0.74,12.0,"Halozyme Therapeutics, Inc.",Healthcare,Biotechnology,12927422464.0,33.40176,10.959237,,90.46863,7.7701073,3.41,,0.24858999,0.59803003,1.73674,0.477,337308640.0,1517.687,2.709,1.12145,0.175,0.882,116.85,61.23,99.55556,94.7,None,N/A,9,2.0,5.0,2.0,0.0,0.0,2.29,2.29,True,6,2026-11-02,37.0,False,False,,0,0,2026-09-02 HC Wainwright & Co.: reit -> Buy,0,,0,,N/A,0,N/A,0,0,,,,,
HQY,down,WAIT,88.26,,,,,,False,False,True,False,True,False,False,False,3,True,True,True,False,False,2,True,True,False,False,88.26,96.1,False,4.14,7.65,False,True,False,,87.35,97.92,88.26,95.25,False,6.14,3.57,True,True,False,,87.35,97.92,88.26,91.5,False,14.86,14.98,False,True,False,,87.35,92.0,87.35,89.25,1.91,2.45,78.0,86.8,89.8,87.35,86.12,91.47,94.9,88.18,True,down,channel sloping down,86.04,87.79,89.54,-1.47,0.9,63.0,"HealthEquity, Inc.",Healthcare,Health Information Services,7299624960.0,31.859205,16.045134,1.29,3.6764705,5.359006,2.77,,0.17362,0.28415,0.11434,0.076,397510624.0,48.792,2.993,1.1144,0.0771,0.225,107.62,72.76,119.33333,44.5,Strong Buy,1.33,15,5.0,10.0,0.0,0.0,0.0,1.15,1.15,True,14,,,False,False,,0,0,2026-09-18 Barclays: main -> Overweight,0,,0,,N/A,0,N/A,0,0,,,,not fetched for down-trend tickers,
INGM,down,WAIT,26.99,,,,,,False,False,False,False,True,False,False,False,4,True,True,True,False,True,2,True,True,False,False,26.99,27.7,False,30.95,34.14,False,False,False,,25.68,28.0,26.99,27.39,False,45.42,42.43,True,True,False,,25.68,28.0,26.99,26.91,True,65.82,63.79,True,True,False,bullish_harami,25.99,28.0,26.44,27.47,1.02,1.1,92.7,26.37,27.54,25.99,25.44,29.31,26.94,26.98,True,down,channel sloping down,26.18,26.9,27.61,-0.04,0.0,56.0,Ingram Micro Holding Corporation,Technology,Information Technology Services,6206395392.0,14.743169,7.186752,,1.4539771,0.11087697,1.83,1.31,0.00769,0.01691,0.10342,0.136,395675008.0,99.115,1.308,0.97823995,0.1861,,31.69,19.03,32.61538,62.9,Buy,2.20,13,2.0,5.0,8.0,0.0,0.0,0.78,0.77,True,14,2026-11-10,45.0,False,False,,0,0,2026-09-16 Morgan Stanley: main -> Equal-Weight,0,,0,,N/A,0,N/A,0,0,,,,not fetched for down-trend tickers,
INOD,up,WAIT,69.21,,,,,,False,True,False,True,False,False,False,False,2,True,False,False,False,True,2,True,True,False,False,69.21,62.65,True,83.06,84.77,False,False,True,,51.97,74.93,69.21,61.02,True,77.08,80.57,False,False,False,,51.97,74.93,69.21,65.48,True,6.83,9.17,False,False,False,bullish_engulfing,66.15,74.75,68.75,74.75,6.0,4.04,148.5,70.71,72.79,66.15,64.13,76.83,71.12,70.02,False,up,channel rising (R2 0.8),68.46,74.18,79.91,3.88,0.8,7.0,Innodata Inc.,Technology,Information Technology Services,2379623424.0,53.651165,33.15179,0.87,14.90631,7.5028167,1.29,,0.14656,0.17212999,0.37765998,0.578,169773248.0,2.402,1.728,0.5854,0.146,2.883,125.14,34.23,122.75,38.5,Strong Buy,1.25,4,1.0,3.0,0.0,0.0,0.0,0.27,0.27,True,3,2026-11-05,40.0,False,False,,0,0,2026-09-18 BWS Financial: main -> Top Pick,0,,0,,N/A,0,N/A,0,1,2026-09-25 03:12,BigBear.ai vs. Innodata: What Quarterly Revenue Trends Tell Investors About These Artificial Intelligence Companies,https://finnhub.io/api/news?id=079d3fe1d59a070312db030b6c300d196cc64be170e7c1f138688a85d55dc11a,,
INSW,down,WAIT,105.68,,,,,,False,True,True,True,True,False,False,False,2,True,False,True,False,False,1,False,True,False,False,105.68,98.84,True,34.19,35.16,False,True,False,,99.45,113.14,105.68,103.24,True,42.11,37.51,True,True,False,,99.45,113.14,105.68,105.87,False,73.3,72.08,True,True,False,,100.77,107.5,103.5,107.5,4.0,4.46,89.7,103.04,107.96,100.77,98.54,116.39,104.79,105.78,False,down,channel sloping down,98.45,102.67,106.89,-1.25,0.6,86.0,"International Seaways, Inc.",Energy,Oil & Gas Midstream,5232487936.0,6.7544756,16.45055,,2.3093235,4.1482477,15.64,7.8,0.61767,0.64219004,0.37412,1.401,69650376.0,28.815,5.944,0.84800005,0.078600004,-0.101,113.14,42.26,107.16667,89.5,Strong Buy,1.33,6,0.0,5.0,1.0,0.0,0.0,2.84,2.77,True,4,2026-11-05,40.0,False,False,,0,0,2026-09-18 BTIG: main -> Buy,0,,0,,N/A,0,N/A,0,0,,,,not fetched for down-trend tickers,
INTC,up,WAIT,122.96,,,,,,False,True,False,True,False,False,False,False,2,True,False,True,False,False,2,True,True,False,False,122.96,103.68,True,93.48,95.16,False,False,True,,94.52,127.43,122.96,107.0,True,89.93,94.08,False,False,True,,94.52,127.43,122.96,118.4,True,54.79,58.94,False,False,False,,119.44,127.43,122.84,126.93,4.09,6.94,58.9,119.99,129.78,119.44,115.97,133.44,121.3,124.34,False,up,channel rising (R2 0.68),120.58,128.12,135.65,2.11,0.68,16.0,Intel Corporation,Technology,Semiconductors,650190913536.0,,59.648514,1.36,7.085662,11.400458,-2.09,,-0.19794,0.12189999,-0.10715,0.254,4866375168.0,48.997,1.604,0.62557,0.0301,2.231,142.35,32.89,116.37209,82.3,Buy,2.47,43,1.0,14.0,32.0,1.0,1.0,0.39,0.39,True,35,2026-10-22,26.0,False,True,1976-12-31,1,0,2026-09-24 TD Cowen: reit -> Hold,0,,3,"AMD, NVIDIA and Intel Forecast: Chip Stocks Push Higher",31,13,-38.1,19,25,2026-09-25 23:52,"Penguin Solutions and onsemi Shares Skyrocket, What You Need To Know",https://finnhub.io/api/news?id=201d327c8a5426783cabc04e64b940e85888d7b01d8c148268bd2b7148b51753,,
IOT,down,WAIT,37.98,,,,,,False,False,False,False,False,False,False,False,3,True,False,True,True,False,2,True,True,False,False,37.98,38.43,False,20.28,20.81,False,False,False,,37.74,43.19,37.98,39.27,False,21.17,23.68,False,False,False,,37.74,43.19,37.98,39.06,False,15.74,26.23,False,False,False,,37.92,40.05,37.92,40.05,2.13,2.07,102.9,37.98,39.99,37.92,36.89,39.61,39.17,38.62,False,down,channel sloping down,37.29,38.42,39.55,-0.41,0.24,31.0,Samsara Inc.,Technology,Software - Infrastructure,22229571584.0,253.06665,39.978935,,13.8692,12.031906,0.15,,0.04901,0.00959,0.0643,0.299,260455008.0,4.338,1.625,1.07749,0.0913,1.344,47.47,23.38,52.15652,60.6,Buy,1.56,23,2.0,17.0,6.0,0.0,0.0,0.19,0.18,True,21,2026-12-03,68.0,False,False,,0,0,2026-09-15 Cantor Fitzgerald: init -> Overweight,0,,0,,N/A,0,N/A,0,0,,,,not fetched for down-trend tickers,
IREN,down,WAIT,44.13,,,,,,False,True,False,True,False,True,False,True,2,True,False,False,False,True,2,True,False,False,True,44.13,43.42,True,59.03,74.21,False,False,False,,40.97,49.37,44.13,43.79,True,38.32,51.78,False,False,False,bullish_harami,40.97,49.37,44.13,45.64,False,15.6,14.06,True,True,False,hammer,43.41,49.37,43.41,46.49,3.08,2.7,114.1,43.79,46.11,43.41,42.06,47.23,48.32,44.26,False,down,channel rising but weak fit (R2 0.03 < 0.5),42.91,46.71,50.51,0.36,0.03,16.0,IREN Limited,Financial Services,Capital Markets,17387837440.0,,-11.079334,3.11,4.0080843,24.593586,-2.22,,-0.9938,-1.0247,-0.23409,-0.267,-4219297280.0,187.297,3.551,0.59231997,0.2171,4.285,76.87,28.93,77.97222,31.7,Buy,1.53,18,2.0,13.0,4.0,0.0,0.0,-0.67,-0.26,False,2,2026-11-05,40.0,False,False,,1,0,2026-09-21 Rothschild & Co: init -> Neutral,0,,0,,N/A,0,N/A,0,0,,,,not fetched for down-trend tickers,
KEYS,up,WAIT,362.22,,,,,,False,True,False,True,False,False,False,False,1,False,False,True,False,False,3,True,True,True,False,362.22,332.46,True,96.45,97.32,False,False,True,,311.43,366.88,362.22,335.39,True,94.81,97.0,False,False,True,,311.43,366.88,362.22,347.46,True,82.88,88.89,False,False,True,,341.96,366.88,358.7,366.88,8.18,11.1,73.7,355.78,369.8,341.96,336.41,400.94,333.81,362.67,False,up,channel rising (R2 0.95),358.25,363.08,367.91,1.38,0.95,41.0,"Keysight Technologies, Inc.",Technology,Scientific & Technical Instruments,61654134784.0,48.939186,26.107355,0.71,9.385772,9.367082,7.4,,0.19143,0.25677,0.20897,0.365,1867124992.0,42.094,2.024,0.92977995,0.0159,1.208,374.963,158.79,415.08334,94.1,Buy,1.58,12,3.0,7.0,2.0,0.0,0.0,3.38,2.68,True,12,2026-11-24,59.0,False,True,2018-11-06,0,0,,0,,1,Keysight's 56% Order Jump Puts AI Demand and Q4 Guidance in Focus,N/A,0,N/A,0,2,2026-09-25 19:09,Keysight (KEYS) Stock Looks Fully Priced On Future Cash Flow,https://finnhub.io/api/news?id=277a357d6a8af40826af89e2742e735be5618e6352799e47cc0b8b99c776bc50,,
KLAC,up,WAIT,187.91,,,,,,False,False,False,True,True,False,False,False,2,True,False,True,False,False,2,True,True,False,False,187.91,189.14,False,86.61,85.65,True,False,True,,165.89,189.56,187.91,182.81,True,91.83,91.81,True,True,True,,165.89,189.56,187.91,182.96,True,76.28,73.88,True,True,False,,182.4,189.56,186.01,189.56,3.54,7.28,48.6,182.28,193.29,182.4,178.76,201.63,187.11,187.52,True,up,channel rising (R2 0.76),185.15,191.84,198.52,1.55,0.76,21.0,KLA Corporation,Technology,Semiconductor Equipment & Materials,245236809728.0,51.204357,28.025215,1.79,38.682587,18.059372,3.67,0.49,0.35574,0.42486,0.87496,0.152,2624587520.0,96.88,2.876,0.93931997,0.0202,1.444,307.37,98.097,233.76923,42.9,Buy,1.86,26,5.0,14.0,10.0,0.0,0.0,1.18,1.18,True,22,2026-10-28,32.0,False,True,1997-09-30,0,0,2026-09-01 UBS: main -> Neutral,0,,1,"Semiconductor Metrology Global Market Opportunity Analysis and Industry Forecast 2026-2036 Featuring KLA Corp., Applied Materials, ASML, Hitachi High-Tech Corp., Lam Research Corp. and More",N/A,0,N/A,0,2,2026-09-25 08:30,KLA (NASDAQ:KLAC) Pairs Strong Growth Fundamentals With a Constructive Technical Setup,https://finnhub.io/api/news?id=7a57b127c807435ce1ae147556022d031929592ac5100da85bd32efcfae7e28f,,
KO,down,WAIT,87.82,,,,,,False,True,False,False,False,False,False,False,4,True,False,True,True,True,2,True,True,False,False,87.82,87.12,True,27.21,29.34,False,False,False,,87.12,90.36,87.82,88.2,False,39.43,47.19,False,False,False,,87.12,90.36,87.82,88.17,False,9.46,14.91,False,False,False,bullish_engulfing,87.56,89.36,87.56,88.32,0.76,1.22,62.3,87.1,88.78,87.56,86.95,89.12,87.9,87.84,False,down,channel rising but weak fit (R2 0.05 < 0.5),87.53,88.23,88.94,0.05,0.05,20.0,The Coca-Cola Company,Consumer Defensive,Beverages - Non-Alcoholic,377806815232.0,26.36937,24.900888,4.0,10.452327,7.5366917,3.33,2.41,0.28558,0.34873,0.42054,0.067,5218749952.0,115.519,1.305,0.68226,0.0095,0.342,92.49,65.35,94.69565,82.8,Buy,1.75,23,7.0,12.0,4.0,0.0,1.0,0.88,0.88,True,18,2026-10-20,24.0,False,True,1957-03-04,0,0,,0,,0,,N/A,0,N/A,0,0,,,,not fetched for down-trend tickers,
LECO,up,WAIT,271.81,,,,,,False,True,True,True,True,False,False,False,2,False,True,True,False,False,1,False,True,False,False,271.81,267.44,True,66.56,58.74,True,True,False,,243.62,272.12,271.81,266.46,True,94.3,90.64,True,True,True,,243.62,272.12,271.81,263.92,True,93.76,93.13,True,True,True,,261.1,272.12,266.52,272.12,5.61,7.4,75.8,264.72,273.92,261.1,257.4,293.43,258.91,270.05,True,up,channel rising (R2 0.89),266.73,269.85,272.97,0.82,0.89,81.0,"Lincoln Electric Holdings, Inc.",Industrials,Tools & Accessories,14809214976.0,27.197199,21.691576,1.5,9.528653,3.304862,9.99,1.19,0.12353,0.18243,0.37736,0.12,307077120.0,77.347,1.982,0.83044,0.0226,1.221,310.0,216.22,304.9091,59.3,Buy,2.00,11,1.0,6.0,4.0,0.0,1.0,2.82,2.82,True,11,2026-10-29,33.0,False,False,,0,0,,1,Is The Buyback The Reason To Own Lincoln Electric Stock?,0,,N/A,0,N/A,0,3,2026-09-25 19:04,"Dividend Champion, Contender, And Challenger Highlights: Week September 27",https://finnhub.io/api/news?id=403589f5a28b768b40e6b9e54ab5a5d2aa8836e772aecee6e6c1fa8830560d81,,
LITE,down,WAIT,941.64,,,,,,False,True,False,True,False,False,False,False,1,True,False,False,False,False,3,True,True,True,False,941.64,880.68,True,54.23,56.99,False,False,False,,832.16,1002.0,941.64,906.94,True,51.73,54.23,False,False,False,,832.16,1002.0,941.64,932.86,True,63.27,71.4,False,False,False,,912.0,962.88,913.29,962.88,49.59,61.94,80.1,900.94,975.23,912.0,881.03,1032.56,942.89,940.75,True,down,channel rising but weak fit (R2 0.15 < 0.5),910.34,949.76,989.19,0.43,0.15,40.0,Lumentum Holdings Inc.,Technology,Communication Equipment,84466008064.0,,27.278097,0.63,17.96562,28.024553,-93.0,,-2.3009598,0.27954,-2.40027,1.093,224700000.0,35.987,1.678,0.94295,0.0792,1.541,1085.68,147.81,1149.3787,84.6,Strong Buy,1.50,26,5.0,17.0,4.0,0.0,0.0,4.21,4.21,True,22,2026-11-05,40.0,False,True,2026-03-23,0,0,2026-09-23 Rosenblatt: main -> Buy,0,,0,,N/A,0,N/A,0,0,,,,not fetched for down-trend tickers,
LLY,up,WAIT,1184.33,,,,,,False,True,True,True,False,True,True,True,2,True,False,True,False,False,0,False,False,False,False,1184.33,1162.96,True,72.94,69.74,True,True,False,hammer,1130.5,1197.79,1184.33,1164.17,True,72.22,70.58,True,False,False,bullish_harami,1130.5,1197.79,1184.33,1165.21,True,69.45,60.56,True,True,False,,1145.98,1197.79,1160.84,1190.0,29.16,29.18,99.9,1160.82,1190.02,1145.98,1131.39,1263.74,1146.45,1174.1,True,up,channel rising (R2 0.54),1161.88,1182.68,1203.47,0.47,0.54,54.0,Eli Lilly and Company,Healthcare,Drug Manufacturers - General,1055340232704.0,39.740093,24.996862,1.17,31.142046,13.241349,29.78,0.59,0.33528998,0.54222,1.02286,0.477,11065900032.0,162.071,1.355,0.8532,0.0084,0.502,1292.65,716.08,1325.3855,81.2,Buy,1.63,29,6.0,19.0,3.0,1.0,1.0,9.93,9.87,True,17,2026-10-29,33.0,False,True,1970-12-31,0,0,2026-09-22 TD Cowen: reit -> Buy,0,,0,,N/A,0,N/A,0,24,2026-09-26 01:16,Eli Lilly (LLY) vs. Novo Nordisk (NVO): Has the GLP-1 Race Changed the Moat?,https://finnhub.io/api/news?id=ab290c17e0c5c8e7c1f45409e0570ced3ad7e82c56ca7b24427dce0bc20744bb,,
LRCX,up,WAIT,315.29,,,,,,False,True,True,True,True,False,False,False,1,False,False,True,False,False,2,False,True,True,False,315.29,306.51,True,78.46,75.8,True,True,False,,265.37,317.13,315.29,300.73,True,94.96,90.93,True,True,True,,265.37,317.13,315.29,301.2,True,92.42,92.38,True,False,True,,298.86,317.13,307.5,317.13,9.63,14.22,67.7,302.91,321.72,298.86,291.75,350.6,303.57,313.38,True,up,channel rising (R2 0.78),305.65,319.53,333.41,2.01,0.78,35.0,Lam Research Corporation,Technology,Semiconductor Equipment & Materials,394461478912.0,54.629116,26.850285,1.43,31.625362,16.978725,5.75,0.43,0.31272,0.37390998,0.65066004,0.3,3090484480.0,33.049,2.629,0.88839996,0.0233,1.859,438.5,130.81,373.7742,60.0,Strong Buy,1.46,31,4.0,25.0,6.0,0.0,0.0,2.18,2.18,True,24,2026-10-21,25.0,False,True,2012-06-29,0,0,2026-09-01 UBS: main -> Buy,0,,1,"Semiconductor Metrology Global Market Opportunity Analysis and Industry Forecast 2026-2036 Featuring KLA Corp., Applied Materials, ASML, Hitachi High-Tech Corp., Lam Research Corp. and More",N/A,0,N/A,0,2,2026-09-25 16:45,Lam Research (LRCX) Outperforms Broader Market: What You Need to Know,https://finnhub.io/api/news?id=fd816bec6c7eb13ca80c531ae8aa70e543b9467351adf4e35514be5e09a23126,,
MANH,down,WAIT,206.03,,,,,,False,True,True,False,False,False,False,False,4,True,False,True,True,True,2,True,True,False,False,206.03,197.25,True,41.61,37.45,True,True,False,,202.18,214.62,206.03,207.39,False,48.2,57.92,False,False,False,,202.18,214.62,206.03,208.87,False,3.99,4.24,False,True,False,bullish_harami,205.47,213.3,205.47,210.38,4.9,6.76,72.5,203.62,212.23,205.47,202.09,211.94,209.19,207.14,False,down,channel sloping down,204.05,208.21,212.37,-0.09,0.03,24.0,"Manhattan Associates, Inc.",Technology,Software - Application,12012573696.0,59.20402,33.523,2.57,76.25093,10.666532,3.49,,0.18667999,0.25015,0.96378,0.093,321116384.0,34.209,0.983,1.12954,0.0656,0.947,227.03,119.06,220.7,80.6,Buy,1.55,10,2.0,7.0,2.0,0.0,0.0,1.46,1.46,True,10,2026-10-27,31.0,False,False,,0,0,2026-09-08 Barclays: main -> Overweight,0,,0,,N/A,0,N/A,0,0,,,,not fetched for down-trend tickers,
MDB,up,WAIT,410.35,,,,,,False,True,False,True,False,False,False,False,3,True,False,True,True,False,2,True,True,False,False,410.35,387.08,True,77.08,79.1,False,False,False,,360.0,439.68,410.35,399.42,True,65.71,70.42,False,False,False,,360.0,439.68,410.35,410.43,False,6.04,10.83,False,False,False,,409.18,437.76,409.18,432.86,23.68,19.72,120.1,413.14,428.9,409.18,399.32,426.9,417.35,416.35,False,up,channel rising (R2 0.5),406.62,429.75,452.88,1.33,0.5,8.0,"MongoDB, Inc.",Technology,Software - Infrastructure,33012480000.0,570.05554,52.670074,1.67,11.10588,11.881524,0.72,,0.02116,0.0368,0.01989,0.305,561356224.0,1.846,4.866,0.9675,0.0367,1.585,473.1,215.68,456.88217,75.6,Buy,1.63,37,8.0,24.0,9.0,0.0,0.0,1.61,1.51,True,35,2026-12-01,66.0,False,False,,0,0,2026-09-02 UBS: main -> Neutral,0,,0,,N/A,0,N/A,0,0,,,,,
META,up,WAIT,751.9,,,,,,False,True,False,True,False,True,False,True,1,True,False,False,False,False,3,True,False,True,True,751.9,636.1,True,89.92,90.51,False,False,True,,649.25,779.82,751.9,665.53,True,83.52,88.75,False,False,True,bullish_harami,649.25,779.82,751.9,730.17,True,21.42,20.66,True,True,False,,743.01,779.82,746.54,769.57,23.03,29.56,77.9,740.01,776.1,743.01,728.23,787.4,750.06,753.01,False,up,channel rising (R2 0.74),743.77,780.93,818.09,1.98,0.74,11.0,"Meta Platforms, Inc.",Communication Services,Internet Content & Information,1914858373120.0,28.343136,21.496538,1.03,7.3318377,8.389413,26.52,0.27,0.29834998,0.34827,0.29848,0.28,21553625088.0,42.997,2.226,0.79019,0.014099999,1.243,779.82,520.26,791.62665,89.2,Strong Buy,1.35,57,8.0,47.0,7.0,0.0,0.0,6.40,6.76,False,43,2026-10-28,32.0,False,True,2013-12-23,0,0,,0,,0,,3,125,-59.5,291,25,2026-09-26 00:32,Why Twilio (TWLO) Shares Are Getting Obliterated Today,https://finnhub.io/api/news?id=7dc9dc0d3575a6fad557033ca7cb59601621a589217141e71e862feb04da9982,,
MNST,down,WAIT,43.1,,,,,,False,False,False,False,True,True,False,True,4,True,True,True,False,True,1,True,False,False,False,43.1,45.28,False,36.33,46.82,False,False,False,,42.11,45.08,43.1,44.68,False,22.36,17.28,True,True,False,hammer,42.11,45.08,43.1,43.66,False,43.64,42.81,True,True,False,bullish_engulfing,42.11,44.18,42.11,43.17,1.06,0.9,117.8,42.27,43.01,42.11,41.66,45.26,44.51,42.81,True,down,channel sloping down,42.04,42.8,43.57,-0.78,0.76,69.0,Monster Beverage Corporation,Consumer Defensive,Beverages - Non-Alcoholic,84454719488.0,39.916664,32.929512,2.19,9.018828,9.160984,1.08,,0.23079,0.2918,0.25704,0.202,1681231104.0,0.992,3.729,0.69588,0.030199999,0.515,50.17,32.75,50.23913,59.4,Buy,2.04,23,3.0,11.0,10.0,0.0,1.0,0.30,0.30,True,10,2026-11-05,40.0,False,True,2012-06-28,0,0,,0,,0,,N/A,0,N/A,0,0,,,,not fetched for down-trend tickers,
MPC,down,WAIT,393.05,,,,,,False,True,True,True,False,True,True,False,3,True,True,True,False,False,0,False,False,False,False,393.05,359.9,True,22.32,23.95,False,True,False,piercing_line,378.8,431.08,393.05,386.36,True,21.09,23.7,False,False,False,,378.8,431.08,393.05,397.84,False,55.1,43.35,True,True,False,,378.8,401.08,380.77,394.87,14.1,16.27,86.7,378.6,397.04,378.8,370.66,426.63,422.19,388.53,True,down,channel sloping down,368.69,382.18,395.68,-1.63,0.78,90.0,Marathon Petroleum Corporation,Energy,Oil & Gas Refining & Marketing,110510161920.0,13.640207,8.348921,0.9,5.837709,0.74528635,28.85,1.02,0.05549,0.13561,0.42099,0.537,9249375232.0,133.328,1.25,0.79493,0.0319,0.527,431.08,161.93,375.5,85.9,Buy,2.32,18,4.0,5.0,9.0,0.0,1.0,22.74,19.49,True,17,2026-11-03,38.0,False,True,2011-07-01,0,1,2026-09-22 Jefferies: down -> Hold,0,,0,,N/A,0,N/A,0,0,,,,not fetched for down-trend tickers,
MRK,down,WAIT,148.74,,,,,,False,True,False,True,False,False,False,False,2,True,False,True,False,False,2,True,True,False,False,148.74,141.17,True,52.98,59.29,False,False,False,,142.32,153.57,148.74,146.08,True,43.36,45.48,False,False,False,,142.32,153.57,148.74,148.23,True,26.82,23.66,True,True,False,,146.89,151.46,147.48,149.98,2.5,3.28,76.2,146.7,150.76,146.89,145.25,153.98,148.7,148.36,True,down,channel rising but weak fit (R2 0.12 < 0.5),146.2,149.48,152.76,0.2,0.12,39.0,"Merck & Co., Inc.",Healthcare,Drug Manufacturers - General,367065792512.0,119.98387,15.606773,2.7,8.758978,5.5140653,1.25,2.3,0.047659997,-0.00241,0.06961,0.051,15171500032.0,128.408,1.323,0.83062,0.0139999995,0.226,156.92,78.03,153.65385,89.6,Buy,1.75,26,5.0,15.0,8.0,0.0,0.0,2.21,2.21,True,18,2026-10-29,33.0,False,True,1957-03-04,0,0,2026-09-10 HSBC: main -> Buy,0,,0,,N/A,0,N/A,0,0,,,,not fetched for down-trend tickers,
MRVL,up,WAIT,261.89,,,,,,False,True,False,True,False,False,False,False,2,True,False,True,False,False,2,True,True,False,False,261.89,229.86,True,89.62,91.37,False,False,True,,213.63,267.48,261.89,237.65,True,86.84,86.69,True,False,True,,213.63,267.48,261.89,253.56,True,74.27,82.16,False,False,False,,252.19,267.48,257.43,267.48,10.05,12.65,79.4,254.83,270.08,252.19,245.86,285.93,258.97,262.82,False,up,channel rising (R2 0.67),256.48,267.4,278.31,1.44,0.67,25.0,"Marvell Technology, Inc.",Technology,Semiconductors,235402199040.0,86.4472,38.76355,1.38,12.590607,24.909494,3.03,0.09,0.27934998,0.16679001,0.16523,0.365,2408049920.0,28.525,3.168,0.81797,0.0418,2.253,329.88,70.69,289.10992,73.8,Strong Buy,1.00,43,0.0,7.0,0.0,0.0,0.0,1.10,1.08,True,34,2026-12-01,66.0,False,True,2026-06-22,0,0,2026-09-23 Seaport Global: init -> Buy,0,,1,Should You Sell Your Marvell Stock Now That Higher Forecasts Are Not Enough?,99,3,0.0,6,12,2026-09-25 18:09,Our Pick Of The Best Growth Stocks In September 2026,https://finnhub.io/api/news?id=4c1e36ead20c3884e9836aa9fd3e70f2f58de1b158b27cb560d3af656005ed98,,
MSFT,down,WAIT,516.1,,,,,,False,True,True,True,True,False,False,False,1,False,False,True,False,False,2,False,True,True,False,516.1,476.92,True,62.11,51.74,True,True,False,,487.23,519.4,516.1,494.35,True,75.23,61.02,True,True,False,,487.23,519.4,516.1,501.58,True,90.39,91.41,False,False,True,,491.22,519.4,497.3,519.4,22.1,10.94,202.0,508.46,508.24,491.22,485.75,561.62,495.35,513.92,True,down,channel rising but weak fit (R2 0.44 < 0.5),496.77,507.37,517.97,0.46,0.44,91.0,Microsoft Corporation,Technology,Software - Infrastructure,3832843862016.0,28.788063,21.801512,1.62,8.665659,11.550311,17.97,0.79,0.40305,0.45111,0.34039003,0.177,16545500160.0,29.118,1.23,0.758,0.0091,1.108,553.72,349.2,577.26135,81.6,Strong Buy,1.33,52,14.0,39.0,2.0,0.0,0.0,4.72,4.72,True,25,2026-10-28,32.0,False,True,1994-06-01,1,0,2026-09-23 Stifel: up -> Buy,0,,0,,4,83,245.8,192,0,,,,not fetched for down-trend tickers,
MTCH,down,WAIT,40.56,,,,,,False,True,False,False,True,False,False,False,2,True,False,True,False,False,2,True,True,False,False,40.56,40.47,True,20.7,27.83,False,False,False,,39.46,44.94,40.56,41.54,False,26.85,24.57,True,True,False,,39.46,44.94,40.56,41.66,False,27.98,41.86,False,False,False,,39.46,41.48,40.39,41.43,1.04,1.36,76.5,40.07,41.75,39.46,38.78,43.23,40.51,40.87,False,down,channel sloping down,38.91,40.12,41.32,-1.39,0.78,68.0,,Communication Services,Internet Content & Information,9458957312.0,14.379433,8.85847,0.34,-39.330746,2.652449,2.82,1.96,0.20169,0.28771,,-0.012,930664000.0,,1.724,1.09436,0.057800002,1.323,44.935,28.81,41.88235,72.9,Buy,2.40,17,2.0,5.0,13.0,0.0,0.0,1.01,0.93,True,5,2026-11-03,38.0,False,False,,0,0,,0,,0,,N/A,0,N/A,0,0,,,,not fetched for down-trend tickers,
MTSI,down,WAIT,285.41,,,,,,True,True,True,True,True,True,True,False,2,False,False,True,False,True,0,False,False,False,False,285.41,281.06,True,88.25,85.13,True,True,True,hammer,235.63,289.26,285.41,273.19,True,94.59,92.47,True,True,True,,235.63,289.26,285.41,275.59,True,82.28,86.89,False,False,True,piercing_line,266.42,289.26,279.39,289.26,9.87,14.05,70.2,275.21,293.44,266.42,259.4,324.43,279.32,285.26,True,down,channel rising but weak fit (R2 0.47 < 0.5),273.98,284.16,294.33,0.83,0.47,56.0,"MACOM Technology Solutions Holdings, Inc.",Technology,Semiconductors,21809246208.0,91.23642,33.63525,2.05,14.153945,18.736883,3.13,,0.20698999,0.23337,0.17184,0.358,104351504.0,26.873,2.338,0.97334,0.0435,1.708,418.9,121.97,395.33334,55.0,Buy,1.56,15,3.0,10.0,3.0,0.0,0.0,2.00,2.00,True,16,2026-11-05,40.0,False,False,,1,0,2026-09-18 BMO Capital: up -> Outperform,0,,0,,N/A,0,N/A,0,0,,,,not fetched for down-trend tickers,
MU,up,WAIT,1081.69,,,,,,False,True,False,True,False,False,False,False,1,True,False,False,False,False,3,True,True,True,False,1081.69,961.15,True,85.62,88.24,False,False,True,,902.6,1108.72,1081.69,993.9,True,84.75,84.51,True,False,True,,902.6,1108.72,1081.69,1047.2,True,60.89,60.18,True,False,False,,1044.0,1108.72,1073.0,1108.72,35.72,44.56,80.2,1064.16,1117.56,1044.0,1021.72,1171.64,1082.33,1083.89,False,up,channel rising (R2 0.75),1065.6,1105.19,1144.78,1.55,0.75,20.0,"Micron Technology, Inc.",Technology,Semiconductors,1222319669248.0,24.491516,6.7858047,0.16,12.131145,13.540108,44.19,0.05,0.55906,0.80370003,0.66638,3.457,7639499776.0,6.33,3.425,0.79905,0.024500001,2.222,1255.0,159.97,1515.5435,84.2,Strong Buy,1.37,46,9.0,36.0,3.0,0.0,1.0,31.59,31.33,True,33,2026-09-30,4.0,True,True,1994-09-27,0,0,2026-09-24 Rosenblatt: main -> Buy,0,,1,Micron Likely To Report Higher Q4 Earnings; These Most Accurate Analysts Revise Forecasts Ahead Of Earnings Call,2,147,27.8,419,25,2026-09-25 22:19,IGA: Shares Push Higher As Discount Narrows (Rating Downgrade),https://finnhub.io/api/news?id=cf7ef48bd734eb6b8118ac11b82e75424f375fd438162101d438ec2db052bf2d,,
NBIS,filtered,WAIT,237.44,,,,,,False,True,False,True,False,False,False,False,1,True,False,False,False,False,4,True,True,True,True,237.44,219.94,True,65.01,64.1,True,False,False,,203.87,249.19,237.44,224.73,True,76.67,79.37,False,False,False,,203.87,249.19,237.44,232.71,True,47.62,49.94,False,False,False,,226.39,249.19,235.41,246.9,11.49,15.77,72.9,231.13,251.18,226.39,218.51,265.84,237.72,238.53,False,up,channel rising (R2 0.7),234.26,245.35,256.43,1.72,0.7,14.0,,Communication Services,Internet Content & Information,64519401472.0,,-67.913155,0.55,6.291554,44.46731,-0.07,,0.03129,-0.00223,0.00601,4.54,-9614650368.0,98.596,4.03,0.69393,0.1981,1.436,299.86,73.52,283.57895,72.4,Buy,1.89,19,2.0,5.0,1.0,1.0,0.0,-1.46,-1.12,False,3,2026-11-10,45.0,False,False,,1,0,2026-09-24 BNP Paribas: up -> Outperform,0,,0,,15,20,-77.0,88,0,,,,ticker filtered out,
NEM,down,WAIT,121.42,,,,,,False,True,False,False,True,True,True,False,3,True,True,True,False,False,1,True,False,False,False,121.42,118.27,True,19.99,33.63,False,False,False,hammer,119.9,128.09,121.42,122.79,False,17.18,18.37,False,True,False,,119.9,128.09,121.42,122.81,False,41.95,35.99,True,True,False,,119.9,124.25,119.9,121.94,2.04,4.06,50.2,117.88,123.96,119.9,117.87,126.75,123.42,121.22,True,down,channel sloping down,118.75,121.51,124.28,-0.36,0.29,48.0,Newmont Corporation,Basic Materials,Gold,127949856768.0,15.3127365,11.856615,2.78,3.6487381,4.965648,7.93,0.86,0.33363998,0.51569,0.25905,0.151,8815875072.0,15.807,2.546,0.8163,0.0183,0.543,135.29,76.05,136.59525,76.6,Buy,1.57,21,5.0,15.0,2.0,1.0,0.0,1.94,1.92,True,7,2026-10-22,26.0,False,True,1969-06-30,0,0,2026-09-16 RBC Capital: main -> Outperform,0,,0,,N/A,0,N/A,0,0,,,,not fetched for down-trend tickers,
NESR,down,WAIT,32.13,,,,,,False,True,False,False,False,False,False,False,3,True,False,True,False,True,2,True,True,False,False,32.13,31.85,True,38.79,42.41,False,False,False,,30.75,33.62,32.13,32.89,False,47.7,60.34,False,False,False,,30.75,33.62,32.13,32.66,False,10.37,8.36,True,True,False,piercing_line,31.95,33.27,31.95,33.27,1.32,1.3,101.5,31.97,33.25,31.95,31.3,33.38,32.59,32.22,False,down,channel rising but weak fit (R2 0.03 < 0.5),31.97,32.71,33.45,0.1,0.03,11.0,National Energy Services Reunited Corp.,Energy,Oil & Gas Equipment & Services,3240366848.0,34.923912,11.624878,,3.1097562,2.0015671,0.92,,0.05768,0.124510005,0.09438,0.591,137608992.0,29.256,1.017,0.93187,0.0477,0.399,36.94,9.95,43.28571,82.2,Buy,1.57,7,4.0,3.0,0.0,0.0,0.0,0.53,0.53,True,5,2026-11-12,47.0,False,False,,0,0,,0,,0,,N/A,0,N/A,0,0,,,,not fetched for down-trend tickers,
NOW,down,WAIT,135.63,,,,,,False,True,False,True,False,False,False,False,3,True,False,True,True,False,2,True,True,False,False,135.63,128.11,True,44.72,46.6,False,False,False,,135.07,147.57,135.63,134.92,True,20.67,29.91,False,False,False,,135.07,147.57,135.63,137.97,False,6.87,8.52,False,False,False,,135.6,141.04,135.6,139.83,4.23,5.56,76.1,134.27,141.16,135.6,132.82,139.84,136.69,136.88,False,down,channel sloping down,134.87,137.84,140.8,-0.01,0.0,13.0,"ServiceNow, Inc.",Technology,Software - Application,140212355072.0,84.7625,27.094143,0.99,11.202709,9.517537,1.6,,0.11336,0.04063,0.14244,0.24,5149374976.0,67.538,0.701,0.84839994,0.0279,0.972,192.966,81.24,144.99261,48.7,Strong Buy,1.43,46,10.0,35.0,2.0,1.0,1.0,1.03,1.03,True,39,2026-10-28,32.0,False,True,2019-11-21,0,0,2026-09-21 Cantor Fitzgerald: main -> Overweight,0,,0,,64,6,-14.3,21,0,,,,not fetched for down-trend tickers,
NTAP,down,WAIT,201.21,,,,,,False,True,True,True,True,False,False,False,3,True,True,True,False,False,1,False,True,False,False,201.21,185.24,True,82.76,83.5,False,True,True,,186.13,203.91,201.21,192.06,True,70.93,69.46,True,True,False,,186.13,203.91,201.21,196.47,True,60.77,58.39,True,True,False,,192.97,203.91,196.24,201.39,5.15,7.67,67.1,193.72,203.91,192.97,189.13,219.33,197.53,199.57,True,down,channel rising but weak fit (R2 0.12 < 0.5),193.8,198.3,202.8,0.21,0.12,82.0,"NetApp, Inc.",Technology,Software - Infrastructure,39508701184.0,28.41031,18.08705,2.19,26.369299,5.345515,7.08,1.05,0.19184999,0.26667,1.14818,0.299,1171374976.0,169.498,1.242,1.0198001,0.051799998,1.432,209.06,93.69,197.0,93.2,Buy,2.30,16,2.0,6.0,12.0,0.0,0.0,2.60,2.15,True,18,2026-12-01,66.0,False,True,1999-06-25,0,0,2026-09-03 Wells Fargo: main -> Equal-Weight,0,,0,,N/A,0,N/A,0,0,,,,not fetched for down-trend tickers,
NVDA,down,WAIT,225.08,,,,,,False,True,False,True,False,True,False,True,3,True,False,True,False,True,1,True,False,False,False,225.08,217.13,True,63.27,67.07,False,False,False,,208.93,229.98,225.08,220.72,True,67.52,69.52,False,False,False,bullish_harami;hammer,208.93,229.98,225.08,223.46,True,56.74,59.01,False,True,False,bullish_engulfing,221.09,226.94,223.13,226.94,3.81,5.22,73.0,221.72,228.35,221.09,218.48,234.98,219.58,224.51,True,down,channel rising but weak fit (R2 0.23 < 0.5),220.85,226.58,232.31,0.34,0.23,37.0,NVIDIA Corporation,Technology,Semiconductors,5434765213696.0,28.453857,14.351548,0.48,23.73405,17.938293,7.91,0.45,0.63663,0.66236997,1.17211,1.059,41809874944.0,16.971,4.589,0.71417,0.0127,2.217,236.54,164.27,327.7,84.1,Strong Buy,1.30,59,10.0,48.0,2.0,1.0,0.0,2.47,2.35,True,43,2026-11-17,52.0,False,True,2001-11-30,0,0,2026-09-10 Piper Sandler: init -> Overweight,0,,0,,9,44,-17.0,93,0,,,,not fetched for down-trend tickers,
NWS,down,WAIT,31.74,,,,,,False,False,True,False,True,False,False,False,1,False,False,True,False,False,3,True,True,True,False,31.74,32.67,False,10.89,8.13,True,True,False,,31.16,34.06,31.74,32.96,False,19.9,15.73,True,True,False,,31.16,34.06,31.74,32.2,False,86.95,88.91,False,False,True,,31.16,31.86,31.3,31.86,0.57,0.73,78.1,31.13,32.03,31.16,30.79,33.16,32.84,31.68,True,down,channel sloping down,30.63,31.21,31.79,-1.02,0.83,96.0,News Corporation,Communication Services,Entertainment,17132903424.0,30.825243,21.002567,2.83,2.023711,1.8977519,1.03,0.63,0.06347,0.12537,0.07979,0.108,1045124992.0,31.561,1.623,0.50154,0.0868,0.923,35.76,25.49,,60.9,Strong Buy,1.50,N/A,2.0,5.0,1.0,0.0,0.0,0.26,0.26,True,4,2026-11-05,40.0,False,True,2015-09-18,0,0,,0,,0,,N/A,0,N/A,0,0,,,,not fetched for down-trend tickers,
NWSA,down,WAIT,28.49,,,,,,False,False,True,False,True,False,False,False,2,True,False,True,False,False,2,True,True,False,False,28.49,29.09,False,10.69,10.34,True,True,False,,28.06,30.69,28.49,29.53,False,16.87,14.35,True,True,False,,28.06,30.69,28.49,29.04,False,61.74,63.35,False,False,False,,28.06,28.76,28.24,28.59,0.36,0.7,51.4,27.89,28.94,28.06,27.71,29.66,28.46,28.47,True,down,channel sloping down,27.55,28.05,28.55,-1.2,0.88,94.0,News Corporation,Communication Services,Entertainment,15373745152.0,27.660194,18.846083,2.55,1.8159219,1.702896,1.03,0.7,0.06347,0.12537,0.07979,0.108,1045124992.0,31.561,1.623,1.0849199,0.032899998,0.923,31.66,22.2,36.1625,66.5,Strong Buy,1.50,8,2.0,5.0,1.0,0.0,0.0,0.26,0.26,True,4,2026-11-05,40.0,False,True,2013-08-01,0,0,,0,,0,,N/A,0,N/A,0,0,,,,not fetched for down-trend tickers,
OKTA,up,WAIT,195.14,,,,,,False,True,False,True,False,False,False,False,2,True,False,False,True,False,2,True,True,False,False,195.14,162.37,True,82.06,90.5,False,False,True,,170.22,212.5,195.14,177.87,True,62.44,77.11,False,False,False,,170.22,212.5,195.14,195.99,False,3.0,9.62,False,False,False,,195.04,212.5,195.04,205.0,9.96,10.16,98.0,194.84,205.2,195.04,189.96,202.91,190.45,198.57,False,up,channel rising (R2 0.58),195.51,206.12,216.74,1.49,0.58,-2.0,"Okta, Inc.",Technology,Software - Infrastructure,34123296768.0,116.88024,44.5794,1.71,4.893574,11.10423,1.66,,0.09632,0.13292,0.043130003,0.106,1037625024.0,0.76,1.525,0.99375,0.054899998,0.789,212.5,62.66,207.59792,88.4,Buy,1.66,43,9.0,25.0,10.0,0.0,0.0,0.93,0.93,True,41,2026-12-01,66.0,False,False,,1,1,2026-09-25 Truist Securities: main -> Buy,0,,0,,N/A,0,N/A,0,15,2026-09-25 23:28,"Qualys, Okta, Palo Alto Networks, Rapid7, and SentinelOne Shares Plummet, What You Need To Know",https://finnhub.io/api/news?id=a4a3209cf72656db90c8cafdbb0199d3af24570c52b742040fd73c7e87a54368,,
ONTO,up,WAIT,287.71,,,,,,True,True,True,True,True,True,False,True,2,False,True,True,False,False,0,False,False,False,False,287.71,280.07,True,87.99,86.0,True,True,True,,240.01,290.0,287.71,275.01,True,91.17,88.01,True,True,True,hammer,240.01,290.0,287.71,275.56,True,82.87,81.48,True,True,True,,272.26,290.0,281.0,290.0,9.0,14.42,62.4,275.58,295.42,272.26,265.05,321.7,275.68,286.12,True,up,channel rising (R2 0.78),279.77,291.46,303.16,1.84,0.78,34.0,Onto Innovation Inc.,Technology,Semiconductor Equipment & Materials,17581545472.0,108.13534,24.466238,0.79,7.33551,15.695889,2.66,,0.11838,0.2297,0.06825,0.353,202947248.0,76.547,9.726,1.0137,0.071,1.583,386.46,118.97,386.36365,63.1,Strong Buy,1.18,11,2.0,9.0,0.0,0.0,0.0,2.31,2.29,True,11,2026-11-05,40.0,False,False,,0,0,2026-09-08 Morgan Stanley: main -> Overweight,0,,0,,N/A,0,N/A,0,4,2026-09-25 11:34,Improving Semiconductor Inspection Tool Demand Boosts Onto Innovation (ONTO),https://finnhub.io/api/news?id=fb8f4a2af8be74c9d88774388ad8e6bd602d0e1ae09151338962c7034240d4c0,,
ORCL,down,WAIT,137.09,,,,,,False,False,False,False,False,False,False,False,1,True,False,False,False,False,3,True,True,True,False,137.09,148.14,False,14.45,20.95,False,False,False,,133.48,153.6,137.09,146.63,False,23.8,27.08,False,False,False,,133.48,153.6,137.09,143.8,False,41.61,38.93,True,True,False,,133.48,147.86,136.92,140.88,3.96,7.69,51.5,133.19,144.61,133.48,129.63,148.28,149.78,138.27,False,down,channel sloping down,133.16,138.76,144.36,-1.39,0.66,35.0,Oracle Corporation,Technology,Software - Infrastructure,414554226688.0,21.489029,12.466821,0.78,6.7067804,5.775666,6.38,1.43,0.2636,0.35632,0.41192,0.296,-45853626368.0,251.716,1.171,0.43577,0.0273,1.732,322.54,114.5,237.97415,10.9,Buy,1.60,41,8.0,27.0,7.0,1.0,0.0,1.74,1.74,True,35,2026-12-10,75.0,False,True,1989-08-31,0,0,2026-09-14 Freedom Broker: main -> Buy,0,,0,,28,14,-73.6,23,0,,,,not fetched for down-trend tickers,
P,up,WAIT,126.03,,,,,,False,True,False,True,False,False,False,False,2,True,False,True,False,False,2,True,True,False,False,126.03,97.76,True,81.15,83.88,False,False,True,,92.27,131.41,126.03,104.47,True,81.36,82.6,False,False,True,,92.27,131.41,126.03,114.26,True,70.1,74.82,False,False,False,,107.1,131.41,122.3,128.36,6.06,6.99,86.7,121.37,129.29,107.1,103.61,159.66,109.5,125.62,True,up,channel rising (R2 0.76),117.16,125.9,134.64,3.05,0.76,51.0,"Everpure, Inc.",Technology,Computer Hardware,41986633728.0,172.60274,35.49426,2.49,27.255028,9.851046,0.73,,0.05943,0.053260002,0.17714001,0.377,-114351752.0,14.622,1.511,0.85324997,0.028800001,1.434,131.41,56.78,145.3158,92.8,Buy,1.55,19,5.0,13.0,1.0,1.0,0.0,0.77,0.65,True,19,,,False,True,2026-09-21,1,0,2026-09-25 Barclays: main -> Equal-Weight,0,,1,Everpure Reaffirms FY27 Revenue Guidance Of $5.03B-$5.07B; Issues Preliminary FY28 Revenue Outlook Of $7B-$7.3B,N/A,0,N/A,0,6,2026-09-25 14:39,These Tech Stocks Trade Near Buy Points. One Sees 80% To 100% Core Income Growth.,https://finnhub.io/api/news?id=a2ed7ccbbc01b03656b4cabc1ec21fb89ed095aabe6c17866a15706c2a453256,,
PAA,down,WAIT,24.42,,,,,,False,False,True,False,False,True,False,True,2,True,False,True,False,False,1,True,False,False,False,24.42,24.6,False,9.77,6.41,True,True,False,,24.12,26.38,24.42,25.03,False,14.85,15.69,False,False,False,bullish_harami,24.12,26.38,24.42,24.84,False,21.69,13.41,True,True,False,,24.12,24.85,24.12,24.63,0.5,0.49,102.0,24.14,24.61,24.12,23.87,25.25,25.44,24.31,True,down,channel sloping down,23.91,24.21,24.5,-0.85,0.89,86.0,"Plains All American Pipeline, L.P.",Energy,Oil & Gas Midstream,17229932544.0,20.871796,12.797535,2.35,1.9055794,0.32941273,1.17,6.63,0.05286,0.02775,0.10184,0.663,1402625024.0,60.423,1.116,0.41581002,0.026199998,0.488,26.39,15.69,26.0,81.6,Buy,2.29,16,2.0,6.0,7.0,0.0,2.0,0.46,0.45,True,8,2026-11-04,39.0,False,False,,0,0,2026-09-21 UBS: main -> Buy,0,,0,,N/A,0,N/A,0,0,,,,not fetched for down-trend tickers,
PANW,down,WAIT,374.6,,,,,,False,True,False,True,False,False,False,False,3,True,False,True,True,False,2,True,True,False,False,374.6,351.03,True,86.67,89.3,False,False,True,,340.25,396.3,374.6,364.07,True,61.65,75.35,False,False,False,,340.25,396.3,374.6,376.66,False,8.46,13.23,False,False,False,,373.78,396.3,373.78,388.25,14.47,17.4,83.2,370.85,391.18,373.78,365.08,388.88,374.94,378.31,False,down,channel rising but weak fit (R2 0.36 < 0.5),370.78,386.25,401.73,0.74,0.36,12.0,"Palo Alto Networks, Inc.",Technology,Software - Infrastructure,306537299968.0,960.8718,76.80562,1.99,11.109002,26.701855,0.39,,0.02674,0.05396,0.01739,0.345,4240624896.0,9.337,0.871,0.84442,0.0269,0.908,398.88,139.57,395.7,90.6,Buy,1.71,50,10.0,32.0,11.0,1.0,1.0,0.97,0.94,True,45,2026-11-19,54.0,False,True,2023-06-20,0,1,2026-09-21 Morgan Stanley: main -> Overweight,0,,0,,N/A,0,N/A,0,0,,,,not fetched for down-trend tickers,
PARR,down,WAIT,77.42,,,,,,False,True,True,False,False,True,True,True,3,True,True,True,False,False,1,True,False,False,False,77.42,77.22,True,17.26,17.39,False,True,False,bullish_engulfing,74.22,87.72,77.42,80.08,False,15.78,17.59,False,False,False,bullish_engulfing,74.22,87.72,77.42,79.42,False,59.38,44.51,True,True,False,,74.22,79.28,74.22,78.53,4.31,4.41,97.7,74.12,78.63,74.22,72.02,85.52,76.79,76.62,True,down,channel sloping down,72.32,74.85,77.38,-2.22,0.88,101.0,"Par Pacific Holdings, Inc.",Energy,Oil & Gas Refining & Marketing,3880717056.0,4.5457745,5.597213,,1.9252851,0.45026213,17.04,,0.09942,0.21122,0.53489,0.568,82314872.0,56.166,1.84,1.03786,0.1276,0.773,87.72,33.21,86.57143,81.1,Buy,1.57,7,2.0,4.0,1.0,0.0,0.0,5.94,4.98,True,6,2026-11-03,38.0,False,False,,0,0,2026-09-14 Raymond James: main -> Outperform,0,,0,,N/A,0,N/A,0,0,,,,not fetched for down-trend tickers,
PAY,down,WAIT,30.17,,,,,,False,False,True,False,True,False,False,False,2,True,False,True,False,False,3,True,True,False,True,30.17,34.26,False,11.04,7.12,True,True,False,,29.28,37.9,30.17,34.77,False,14.86,13.17,True,True,False,,29.28,37.9,30.17,32.33,False,53.67,57.91,False,False,False,,29.28,31.0,30.12,30.83,0.7,1.63,42.9,29.2,31.75,29.28,28.47,32.72,30.17,30.35,False,down,channel sloping down,27.32,28.88,30.44,-4.02,0.9,92.0,"Paymentus Holdings, Inc.",Technology,Software - Infrastructure,3799599104.0,45.71212,27.654543,,6.1938004,2.7930589,0.66,,0.06238,0.09043,0.15017,0.288,109502752.0,1.694,4.886,1.01265,0.077,1.312,45.31,20.11,40.14286,39.9,Buy,2.00,7,0.0,4.0,4.0,0.0,0.0,0.21,0.22,False,7,2026-11-02,37.0,False,False,,0,0,2026-09-17 Seaport Global: init -> Buy,0,,0,,N/A,0,N/A,0,0,,,,not fetched for down-trend tickers,
PCTY,down,WAIT,143.35,,,,,,False,True,False,False,True,False,False,False,2,True,False,True,False,False,2,True,True,False,False,143.35,141.74,True,23.42,23.19,True,False,False,,141.65,148.7,143.35,146.01,False,33.19,30.86,True,True,False,,141.65,148.7,143.35,144.71,False,21.65,31.11,False,False,False,,141.96,148.09,142.55,148.09,5.54,4.27,129.7,143.82,146.82,141.96,139.82,148.64,144.26,144.3,False,down,channel sloping down,141.42,143.57,145.72,-0.21,0.25,45.0,Paylocity Holding Corporation,Technology,Software - Application,7936716288.0,29.077082,14.799743,1.16,6.4978924,4.293798,4.93,,0.15228,0.19062,0.21972999,0.11,359865120.0,10.887,1.089,0.89195,0.065,0.454,164.275,92.99,172.0,70.6,Strong Buy,1.45,19,3.0,14.0,3.0,0.0,0.0,1.90,1.90,True,17,2026-11-03,38.0,False,False,,0,0,,0,,0,,N/A,0,N/A,0,0,,,,not fetched for down-trend tickers,
PDFS,up,WAIT,49.57,,,,,,False,True,True,True,True,False,False,False,2,True,False,True,False,False,1,False,True,False,False,49.57,47.48,True,87.94,86.36,True,True,True,,41.12,50.26,49.57,46.38,True,89.58,89.02,True,True,True,,41.12,50.26,49.57,47.13,True,78.17,76.26,True,True,False,,46.62,50.26,48.59,50.26,1.67,2.52,66.3,47.74,51.11,46.62,45.36,55.89,48.23,49.4,True,up,channel rising (R2 0.82),48.03,49.67,51.32,1.76,0.82,47.0,"PDF Solutions, Inc.",Technology,Software - Application,2092358528.0,198.2,29.98487,4.19,5.5724244,8.675614,0.25,,0.042740002,0.08229999,0.03272,0.189,-13259875.0,19.21,3.447,0.94668996,0.098500006,1.634,71.69,23.55,61.5,54.1,Strong Buy,1.43,8,2.0,5.0,1.0,0.0,0.0,0.33,0.33,True,7,2026-11-05,40.0,False,False,,0,0,2026-09-25 Needham: init -> Buy,0,,0,,N/A,0,N/A,0,2,2026-09-25 04:30,This Tower Semiconductor Analyst Begins Coverage On A Bullish Note; Here Are Top 5 Initiations For Friday,https://finnhub.io/api/news?id=4a96eed643f4777abb5ca38eb7c3455d23487afb26f3745856dd4ad87c46f21b,,
PH,up,WAIT,978.33,,,,,,True,True,True,True,True,True,False,True,2,True,False,True,False,False,1,False,False,False,True,978.33,971.01,True,92.57,86.38,True,True,True,,911.41,981.97,978.33,966.79,True,93.96,92.11,True,True,True,hammer,911.41,981.97,978.33,962.29,True,77.31,78.32,False,True,False,,959.45,981.97,966.24,981.97,15.73,20.12,78.2,961.85,986.36,959.45,949.39,1021.74,974.91,975.09,True,up,channel rising (R2 0.86),973.0,987.3,1001.6,0.88,0.86,19.0,Parker-Hannifin Corporation,Industrials,Specialty Industrial Machinery,123379564544.0,34.36354,24.84454,3.27,8.008792,5.738851,28.47,0.82,0.16968,0.23458,0.25076,0.098,2961750016.0,56.66,1.262,0.90445,0.0116,1.123,1099.94,715.37,1158.4137,68.4,Buy,1.73,24,3.0,16.0,6.0,1.0,0.0,8.14,8.15,False,10,2026-11-05,40.0,False,True,1985-11-30,0,0,2026-09-25 Wells Fargo: init -> Equal-Weight,0,,0,,N/A,0,N/A,0,2,2026-09-25 12:36,Wells Fargo Initiates Coverage of Parker-Hannifin at Equal-Weight,https://finnhub.io/api/news?id=3d0f60f89bc4edf7028cf6c97e53a2dfbc60adccbda0e23e383ddf21dfae0440,,
PLTR,up,WAIT,189.66,,,,,,False,True,False,True,False,False,False,False,1,True,False,False,False,False,3,True,True,True,False,189.66,167.22,True,89.85,91.68,False,False,True,,166.42,194.68,189.66,176.92,True,85.97,89.8,False,False,True,,166.42,194.68,189.66,185.74,True,36.08,45.89,False,False,False,,188.24,194.68,189.35,194.21,4.86,5.81,83.6,188.4,195.16,188.24,185.33,196.15,191.28,191.4,False,up,channel rising (R2 0.88),190.78,195.35,199.92,1.58,0.88,-12.0,Palantir Technologies Inc.,Technology,Software - Infrastructure,455788101632.0,162.11111,81.649086,1.85,46.624878,74.04037,1.17,,0.49005002,0.47120997,0.38097,0.928,2159104512.0,2.139,7.228,0.64755,0.027999999,1.621,207.52,106.37,195.56538,82.3,Buy,1.84,26,1.0,19.0,9.0,1.0,1.0,0.41,0.41,True,23,2026-11-02,37.0,False,True,2024-09-23,0,0,2026-09-23 Rosenblatt: main -> Buy,0,,1,Did You Pay For Palantir's Guidance Or For Something Else?,73,5,-73.7,12,19,2026-09-25 23:17,Why Palantir (PLTR) Is Up 6.8% After Expanding AIP Deals And Announcing Nebius AI Partnership,https://finnhub.io/api/news?id=53fff2f1a9b251ec4daa65f89be6de562b1813baaf03ccac6d11bac5b32fa1b2,,
PR,down,WAIT,21.36,,,,,,False,False,True,False,False,False,False,False,3,True,False,True,True,False,2,True,True,False,False,21.36,22.08,False,10.66,8.37,True,True,False,,21.27,24.65,21.36,22.57,False,9.63,12.79,False,False,False,,21.27,24.65,21.36,22.11,False,12.33,9.6,True,True,False,,21.27,22.23,21.27,21.62,0.35,0.75,46.7,20.87,22.02,21.27,20.89,22.06,21.82,21.42,False,down,channel sloping down,20.64,21.23,21.81,-1.21,0.76,62.0,Permian Resources Corporation,Energy,Oil & Gas E&P,17890220032.0,13.780646,9.607989,1.16,1.4900594,3.1182053,1.55,2.88,0.21523,0.57444,0.114029996,0.551,458368128.0,26.246,0.624,0.92730004,0.0254,0.484,24.645,11.92,27.14286,74.2,Strong Buy,1.30,21,3.0,18.0,2.0,0.0,0.0,0.55,0.54,True,18,2026-11-04,39.0,False,False,,0,0,2026-09-24 RBC Capital: reit -> Outperform,0,,0,,N/A,0,N/A,0,0,,,,not fetched for down-trend tickers,
PSX,down,WAIT,255.7,,,,,,False,True,False,True,False,True,False,True,3,True,True,True,False,False,1,True,False,False,False,255.7,237.61,True,25.63,30.11,False,False,False,,250.09,277.12,255.7,252.99,True,16.12,22.96,False,False,False,bullish_engulfing,250.09,277.12,255.7,259.6,False,36.67,25.76,True,True,False,,250.09,263.45,250.09,257.31,7.22,9.14,79.0,248.17,259.23,250.09,245.52,270.97,273.06,253.72,True,down,channel sloping down,244.95,251.83,258.71,-1.27,0.78,78.0,Phillips 66,Energy,Oil & Gas Refining & Marketing,102539124736.0,14.589275,10.272458,0.82,3.2390637,0.67064214,17.53,1.99,0.046609998,0.08529,0.23452999,0.531,4545375232.0,62.884,1.32,0.80527997,0.0196,0.704,277.12,126.74,251.94737,85.8,Buy,2.10,19,3.0,9.0,6.0,1.0,1.0,10.63,9.25,True,17,2026-10-28,32.0,False,True,2012-05-01,0,0,2026-09-17 BMO Capital: main -> Outperform,0,,0,,N/A,0,N/A,0,0,,,,not fetched for down-trend tickers,
Q,up,WAIT,124.75,,,,,,False,False,False,True,True,False,False,False,2,False,True,True,False,False,2,True,True,False,False,124.75,128.34,False,78.6,78.56,True,False,False,,111.75,126.55,124.75,123.66,True,77.07,74.63,True,True,False,,111.75,126.55,124.75,122.19,True,81.49,79.56,True,True,True,,120.05,126.55,121.8,125.39,3.59,4.94,72.7,120.45,126.74,120.05,117.58,135.5,121.89,124.13,True,up,channel rising (R2 0.64),122.18,125.14,128.11,0.79,0.64,43.0,"Qnity Electronics, Inc.",Technology,Semiconductor Equipment & Materials,26086213632.0,44.532143,23.184595,1.29,3.595859,5.010078,2.8,0.26,0.11248,0.22323,0.06722,0.221,772249984.0,59.992,2.008,0.78766,0.024500001,,177.28,70.5,176.75,50.8,None,N/A,8,2.0,6.0,0.0,0.0,0.0,1.20,1.20,True,5,2026-11-16,51.0,False,True,2025-11-03,0,0,,0,,0,,N/A,0,N/A,0,0,,,,,
QCOM,up,WAIT,201.95,,,,,,False,True,False,True,True,False,False,False,2,True,False,True,False,False,1,False,True,False,False,201.95,178.14,True,88.56,91.92,False,False,True,,170.51,205.85,201.95,181.82,True,86.2,82.67,True,True,True,,170.51,205.85,201.95,193.7,True,79.58,84.51,False,False,False,,191.75,205.85,194.53,205.85,11.32,10.29,110.0,195.56,204.82,191.75,186.6,224.97,194.8,202.15,False,up,channel rising (R2 0.57),192.65,201.92,211.2,1.32,0.57,50.0,QUALCOMM Incorporated,Technology,Semiconductors,215716184064.0,23.108696,19.7932,0.86,7.7185006,4.894964,8.74,1.89,0.21013,0.18528,0.33754003,-0.04,10241000448.0,55.21,2.016,0.83088,0.0401,1.679,259.92,121.99,194.13333,58.0,Hold,2.57,30,2.0,9.0,23.0,1.0,2.0,2.16,2.16,True,25,2026-11-04,39.0,False,True,1999-07-22,0,0,2026-09-10 Piper Sandler: init -> Neutral,0,,1,"5G NTN Market Forecasts Growth from $11.91B (2026) to $45.55B by 2031, Profiling Thales, Qualcomm, SpaceX, Ericsson & Nokia",51,8,700.0,16,21,2026-09-25 22:08,"Qualcomm (QCOM) Shares Skyrocket, What You Need To Know",https://finnhub.io/api/news?id=33b73d00f8337dcd834318c8406b56e768202b10d46ff3be8918876e2b01688d,,
REGN,down,WAIT,787.33,,,,,,False,True,False,False,False,False,False,False,3,True,False,True,True,False,3,True,True,False,True,787.33,773.98,True,35.59,35.93,False,False,False,,769.57,813.53,787.33,794.21,False,41.33,49.43,False,False,False,,769.57,813.53,787.33,793.6,False,21.18,18.51,True,True,False,,784.13,807.35,784.13,803.87,19.74,18.68,105.7,785.19,802.81,784.13,774.79,806.14,787.56,788.81,False,down,channel rising but weak fit (R2 0.14 < 0.5),782.89,798.37,813.85,0.19,0.14,14.0,"Regeneron Pharmaceuticals, Inc.",Healthcare,Biotechnology,81132650496.0,19.486647,12.943378,1.31,2.4929218,5.2226725,40.44,0.47,0.27865,0.33106,0.14043,0.167,3065299968.0,8.535,3.335,0.93535006,0.025999999,0.193,859.34,541.0,850.88464,77.4,Buy,1.93,26,4.0,13.0,9.0,0.0,1.0,15.94,16.00,False,20,2026-10-30,34.0,False,True,2013-05-01,0,0,2026-09-10 HSBC: main -> Buy,0,,0,,N/A,0,N/A,0,0,,,,not fetched for down-trend tickers,
RGLD,down,WAIT,252.45,,,,,,False,True,False,True,False,True,True,False,2,True,False,True,False,False,2,True,False,False,True,252.45,241.74,True,44.58,48.43,False,False,False,hammer,240.76,259.88,252.45,250.21,True,54.85,58.27,False,False,False,,240.76,259.88,252.45,252.13,True,68.87,67.09,True,True,False,,247.95,254.63,248.85,253.69,4.84,7.19,67.3,246.5,256.04,247.95,244.36,264.58,252.02,252.17,True,down,channel rising but weak fit (R2 0.04 < 0.5),248.18,252.69,257.2,0.09,0.04,47.0,"Royal Gold, Inc.",Basic Materials,Gold,21392936960.0,27.930311,19.622898,1.06,2.8178432,13.930569,9.04,0.75,0.48054,0.62036,0.136,1.155,-189505504.0,5.186,2.924,0.87056,0.0297,0.497,306.25,168.88,307.33334,60.8,Buy,1.83,12,3.0,6.0,2.0,0.0,1.0,2.53,2.57,False,7,2026-11-04,39.0,False,False,,0,0,2026-09-16 RBC Capital: main -> Outperform,0,,0,,N/A,0,N/A,0,0,,,,not fetched for down-trend tickers,
RKLB,up,WAIT,73.95,,,,,,False,True,False,True,False,False,False,False,1,True,False,False,False,False,3,True,True,True,False,73.95,72.34,True,84.12,86.69,False,False,True,,60.57,75.46,73.95,68.88,True,88.41,88.5,False,False,True,,60.57,75.46,73.95,70.51,True,76.96,79.26,False,False,False,,68.92,75.46,72.78,75.32,2.54,3.83,66.3,71.49,76.61,68.92,67.0,84.38,71.61,73.98,False,up,channel rising (R2 0.75),71.67,74.91,78.14,1.85,0.75,35.0,Rocket Lab Corporation,Industrials,Aerospace & Defense,47284441088.0,,1623.1343,,12.667009,61.47655,-0.27,,-0.21511999,-0.24572,-0.07915,0.62,-251963632.0,3.828,5.482,0.61886,0.0731,2.612,151.0,37.57,109.36842,32.1,Buy,1.60,19,4.0,12.0,4.0,0.0,0.0,-0.07,-0.07,True,11,2026-11-09,44.0,False,False,,0,0,2026-09-11 Raymond James: init -> Outperform,0,,0,,25,16,-50.0,27,6,2026-09-25 21:43,MISSION SUCCESS: Rocket Lab Launches 97th Electron Mission,https://finnhub.io/api/news?id=232a2deb2ebdee8a01c852adddb5f40e505771d500ba9d1db900e783c761aa2f,,
ROK,up,WAIT,434.28,,,,,,False,False,True,True,True,True,False,True,3,True,False,True,False,True,0,False,False,False,False,434.28,435.56,False,88.63,81.86,True,True,True,,406.92,438.5,434.28,428.95,True,88.41,88.19,True,True,True,hammer,406.92,438.5,434.28,427.98,True,64.27,68.54,False,False,False,piercing_line,426.0,438.5,431.23,438.5,7.27,10.51,69.2,427.99,441.74,426.0,420.75,454.57,410.39,434.74,False,up,channel rising (R2 0.84),431.38,438.67,445.96,0.93,0.84,20.0,"Rockwell Automation, Inc.",Industrials,Specialty Industrial Machinery,48309583872.0,40.612724,29.192265,1.91,13.798308,5.3729835,10.69,1.28,0.13385001,0.20968,0.30629,0.079,1303874944.0,103.347,1.075,0.92883,0.038900003,1.515,497.36,332.71,476.84,61.7,Buy,2.29,25,3.0,9.0,15.0,0.0,1.0,3.69,3.68,True,22,2026-11-05,40.0,False,True,2000-03-12,0,0,2026-09-25 Wells Fargo: init -> Equal-Weight,0,,0,,N/A,0,N/A,0,1,2026-09-25 05:38,"Wells Fargo Initiates Coverage On Rockwell Automation with Equal-Weight Rating, Announces Price Target of $426",https://finnhub.io/api/news?id=34548804bb180c4af262e5b2a019e01daa6ca2cae7bd7e5678345e99f6f84c64,,
ROST,up,BUY,236.12,,,,,,True,True,True,True,True,True,True,True,3,True,False,True,False,True,0,False,False,False,False,236.12,233.04,True,89.0,85.49,True,True,True,hammer,222.19,237.0,236.12,232.62,True,91.55,90.37,True,True,True,hammer,222.19,237.0,236.12,232.93,True,62.28,63.66,False,True,False,bullish_engulfing,233.05,237.0,233.34,236.92,3.58,4.81,74.4,232.11,238.15,233.05,230.65,244.32,229.91,235.58,True,up,channel rising (R2 0.82),234.38,236.74,239.11,0.53,0.82,37.0,"Ross Stores, Inc.",Consumer Cyclical,Apparel Retail,75742830592.0,28.585955,26.40463,2.52,11.193705,3.0772638,8.26,0.76,0.10848,0.13578,0.42628,0.133,2002041600.0,70.281,1.612,0.95763,0.0346,0.861,257.0,147.49,269.94443,80.9,Buy,1.75,18,2.0,12.0,5.0,0.0,1.0,1.83,1.83,True,10,2026-11-19,54.0,False,True,2009-12-21,0,0,,0,,0,,N/A,0,N/A,0,2,2026-09-25 19:04,"Dividend Champion, Contender, And Challenger Highlights: Week September 27",https://finnhub.io/api/news?id=403589f5a28b768b40e6b9e54ab5a5d2aa8836e772aecee6e6c1fa8830560d81,,
SANM,up,WAIT,224.78,,,,,,False,True,False,True,False,False,False,False,2,True,False,True,False,False,2,True,True,False,False,224.78,205.71,True,87.91,88.23,False,False,True,,189.57,232.5,224.78,205.75,True,85.13,89.27,False,False,True,,189.57,232.5,224.78,214.99,True,62.22,66.5,False,False,False,,215.78,232.5,224.03,232.5,8.47,10.96,77.3,221.54,234.99,215.78,210.3,246.5,197.9,227.14,False,up,channel rising (R2 0.95),225.14,230.09,235.05,2.31,0.95,-4.0,Sanmina Corporation,Technology,Electronic Components,12047078400.0,40.2093,16.150345,0.76,4.7064366,0.943879,5.59,,0.02414,0.0704,0.12488,0.697,-222215744.0,88.161,1.78,0.94795,0.059699997,1.6,288.68,111.52,260.0,63.9,None,N/A,4,0.0,1.0,3.0,0.0,0.0,3.26,2.95,True,4,2026-11-02,37.0,False,False,,0,0,,0,,0,,N/A,0,N/A,0,1,2026-09-25 07:01,Sanmina (NASDAQ:SANM) Passes Minervini Trend Template and High Growth Momentum Screen,https://finnhub.io/api/news?id=b20064bc04a82645c560ca93280d5ca66bef39c44d5ad568637a5ab258929b19,,
SCHW,down,WAIT,99.02,,,,,,False,False,False,False,True,False,False,False,3,True,False,True,False,True,2,True,True,False,False,99.02,104.75,False,7.26,11.4,False,False,False,,98.06,109.56,99.02,105.3,False,14.11,11.44,True,True,False,,98.06,109.56,99.02,101.86,False,51.18,58.32,False,False,False,hammer,98.06,101.33,98.37,100.61,2.24,2.49,90.0,98.12,100.86,98.06,96.81,102.33,104.89,99.28,False,down,channel sloping down,94.8,98.17,101.54,-1.21,0.67,63.0,The Charles Schwab Corporation,Financial Services,Capital Markets,171256102912.0,18.038252,12.646783,0.84,3.8952916,6.580446,5.49,1.29,0.38793,0.52277,0.20273,0.209,,151.106,0.655,0.85552,0.0,0.753,114.53,83.96,125.45,49.3,Buy,1.73,20,7.0,11.0,3.0,0.0,1.0,1.67,1.67,True,18,2026-10-15,19.0,False,True,1997-06-02,0,0,,0,,0,,N/A,0,N/A,0,0,,,,not fetched for down-trend tickers,
SHC,down,WAIT,18.35,,,,,,False,False,False,False,False,True,False,True,4,True,True,True,False,True,1,True,False,False,False,18.35,18.41,False,21.78,28.15,False,False,False,,18.17,19.64,18.35,18.68,False,14.97,15.61,False,False,False,hammer,18.17,19.64,18.35,18.57,False,25.34,31.67,False,False,False,bullish_engulfing,18.17,18.63,18.21,18.58,0.37,0.46,80.4,18.12,18.67,18.17,17.94,18.97,18.77,18.33,True,down,channel sloping down,17.94,18.22,18.51,-0.69,0.76,73.0,Sotera Health Company,Healthcare,Diagnostics & Research,5233773568.0,32.175438,17.062529,1.31,7.861123,4.303478,0.57,,0.13442001,0.37956002,0.27781,0.092,153967120.0,340.734,2.796,1.05704,0.0496,1.777,19.85,13.09,22.72222,77.8,Buy,1.70,9,3.0,5.0,2.0,0.0,0.0,0.27,0.27,True,10,2026-11-03,38.0,False,False,,0,0,,0,,0,,N/A,0,N/A,0,0,,,,not fetched for down-trend tickers,
SITM,down,WAIT,661.81,,,,,,False,True,True,True,True,False,False,False,1,False,False,True,False,False,3,False,True,True,True,661.81,610.79,True,86.16,84.69,True,True,True,,539.54,669.86,661.81,609.85,True,96.11,90.33,True,True,True,,539.54,669.86,661.81,624.05,True,92.98,94.19,False,False,True,,578.53,669.86,638.63,669.86,31.23,41.29,75.6,628.57,679.92,578.53,557.88,817.7,630.09,658.72,True,down,channel rising but weak fit (R2 0.46 < 0.5),617.42,647.47,677.53,1.07,0.46,74.0,SiTime Corporation,Technology,Semiconductors,19838642176.0,1141.8448,44.38468,3.82,17.128853,42.56728,0.58,,0.03012,0.10623,0.013259999,1.265,24747500.0,129.419,19.445,0.87938005,0.060100004,2.862,901.81,243.677,849.5,63.5,Buy,1.55,10,4.0,6.0,1.0,0.0,0.0,3.54,3.55,False,11,2026-11-04,39.0,False,False,,0,0,2026-09-23 Seaport Global: init -> Neutral,0,,0,,N/A,0,N/A,0,0,,,,not fetched for down-trend tickers,
SKHY,down,WAIT,191.51,,,,,,False,True,False,True,True,False,False,False,0,False,False,False,False,False,3,False,True,True,True,191.51,169.76,True,68.62,74.36,False,False,False,,172.23,196.48,191.51,177.84,True,67.53,65.84,True,True,False,,172.23,196.48,191.51,187.61,True,84.67,84.14,True,False,True,,184.74,192.83,187.8,192.83,5.03,9.39,53.6,183.44,197.19,184.74,180.04,208.71,186.89,190.61,True,down,channel rising but weak fit (R2 0.3 < 0.5),185.58,191.53,197.48,0.51,0.3,50.0,SK hynix Inc.,Technology,Semiconductors,1362136137728.0,11.368546,5.6713853,0.27,411.98645,0.0072005694,16.85,,0.85619,0.76328003,0.92679,2.568,55768099323904.0,8.037,2.591,0.0018099999,,2.389,199.87,124.8,252.2143,88.9,Buy,1.53,14,5.0,9.0,0.0,0.0,1.0,6.25,6.26,False,3,2026-10-27,31.0,False,False,,0,0,2026-09-10 JP Morgan: init -> Overweight,0,,0,,N/A,0,N/A,0,0,,,,not fetched for down-trend tickers,
SLB,down,WAIT,51.54,,,,,,False,False,False,False,True,False,False,False,3,True,False,True,False,True,2,True,True,False,False,51.54,52.99,False,12.99,14.7,False,False,False,,50.47,55.98,51.54,53.4,False,32.17,30.48,True,True,False,,50.47,55.98,51.54,52.23,False,34.28,35.51,False,True,False,bullish_harami,51.02,52.65,51.02,51.93,0.91,1.74,52.3,50.19,52.76,51.02,50.15,53.62,52.25,51.6,False,down,channel rising but weak fit (R2 0.0 < 0.5),50.87,51.81,52.76,0.0,0.0,36.0,SLB N.V.,Energy,Oil & Gas Equipment & Services,76492742656.0,25.141464,15.919593,1.36,2.933743,2.1034136,2.05,2.29,0.08527,0.12706,0.12909001,0.05,2955124992.0,47.002,1.439,0.92533994,0.0467,0.774,60.46,31.64,62.41379,69.0,Buy,1.60,29,7.0,19.0,2.0,1.0,1.0,0.62,0.62,True,21,2026-10-23,27.0,False,True,1957-03-04,0,0,2026-09-14 UBS: main -> Buy,0,,0,,N/A,0,N/A,0,0,,,,not fetched for down-trend tickers,
SMTC,down,WAIT,182.17,,,,,,False,True,True,True,True,False,False,False,0,False,False,False,False,False,2,False,True,True,False,182.17,149.11,True,72.56,72.29,True,True,False,,146.93,190.64,182.17,158.65,True,67.43,62.23,True,True,False,,146.93,190.64,182.17,173.52,True,89.41,91.99,False,False,True,,162.56,185.0,176.48,185.0,8.52,11.91,71.5,173.09,188.39,162.56,156.61,220.51,178.0,181.14,True,down,channel sloping down,164.3,174.38,184.46,-0.37,0.06,89.0,Semtech Corporation,Technology,Semiconductors,17013261312.0,119.93421,31.237686,1.21,29.613384,14.489051,1.51,,0.13116999,0.16222,0.23663999,0.327,132654752.0,70.105,1.698,1.01536,0.0853,2.353,190.64,60.28,208.66667,93.5,Strong Buy,1.19,15,1.0,14.0,1.0,0.0,0.0,1.06,0.73,True,15,2026-11-23,58.0,False,False,,0,0,,0,,0,,N/A,0,N/A,0,0,,,,not fetched for down-trend tickers,
SNDK,down,WAIT,1777.59,,,,,,False,True,False,True,False,False,False,False,2,True,False,False,False,True,3,True,True,False,True,1777.59,1603.47,True,68.67,76.58,False,False,False,,1504.2,1909.48,1777.59,1656.63,True,63.74,65.28,False,False,False,,1504.2,1909.48,1777.59,1751.84,True,52.45,49.89,True,True,False,bullish_engulfing,1726.39,1846.99,1742.95,1815.0,72.05,99.9,72.1,1715.1,1842.85,1726.39,1676.44,1929.31,1774.94,1771.12,True,down,channel rising but weak fit (R2 0.3 < 0.5),1701.62,1837.04,1972.46,1.19,0.3,28.0,Sandisk Corporation,Technology,Computer Hardware,260303716352.0,24.079643,6.7472396,,16.833475,12.855774,73.83,,0.56465,0.78472,0.9164,3.716,7720875008.0,1.277,2.29,0.80966,0.060300004,,2354.39,103.348,2136.5417,74.4,Buy,1.52,24,4.0,17.0,3.0,0.0,1.0,46.18,46.21,False,18,2026-11-06,41.0,False,True,2025-11-28,0,0,2026-09-22 Rosenblatt: init -> Buy,0,,0,,10,39,-40.0,75,0,,,,not fetched for down-trend tickers,
SNX,down,WAIT,262.8,,,,,,False,True,False,False,True,True,False,True,1,True,False,False,False,False,2,True,False,True,False,262.8,259.17,True,48.02,69.41,False,False,False,,243.03,298.77,262.8,263.87,False,33.3,35.16,False,True,False,bullish_harami,243.03,298.77,262.8,269.18,False,45.68,41.8,True,True,False,,243.03,298.77,260.6,280.61,20.01,12.59,158.9,268.02,273.19,243.03,236.73,301.91,265.88,265.89,False,down,channel sloping down,248.05,270.65,293.24,-0.1,0.0,33.0,TD SYNNEX Corporation,Technology,Electronics & Computer Distribution,20794888192.0,20.908585,12.018224,0.73,2.3315783,0.2747973,13.96,0.74,0.01752,0.02982,0.14932,0.377,-1070279488.0,64.999,1.191,0.94785005,0.0224,1.429,298.77,142.22,339.63635,77.0,Buy,1.55,11,4.0,6.0,1.0,0.0,0.0,6.01,4.77,True,8,,,False,False,,0,0,2026-09-25 UBS: main -> Buy,0,,0,,N/A,0,N/A,0,0,,,,not fetched for down-trend tickers,
SOFI,down,WAIT,16.57,,,,,,False,False,False,False,False,False,False,False,1,True,False,False,False,False,3,True,True,True,False,16.57,17.51,False,15.52,17.35,False,False,False,,16.2,17.96,16.57,17.36,False,27.87,25.21,True,False,False,,16.2,17.96,16.57,16.87,False,59.49,66.97,False,False,False,,16.2,16.96,16.55,16.92,0.37,0.61,60.7,16.31,17.16,16.2,15.9,17.57,16.96,16.7,False,down,channel sloping down,16.32,16.69,17.06,-0.28,0.21,34.0,"SoFi Technologies, Inc.",Financial Services,Credit Services,21414236160.0,33.836735,20.121603,0.61,1.9315006,5.0168777,0.49,,0.14906,0.16956,0.07095,0.426,,30.835,1.105,0.51445997,0.14829999,2.208,32.73,14.88,20.35455,9.5,Hold,2.68,22,4.0,5.0,12.0,2.0,2.0,0.17,0.17,True,7,2026-10-27,31.0,False,False,,0,0,2026-09-09 Loop Capital: init -> Hold,0,,0,,55,8,700.0,41,0,,,,not fetched for down-trend tickers,
SPCX,down,WAIT,148.73,,,,,,False,True,False,True,False,True,True,True,2,True,True,False,False,False,1,True,False,False,False,148.73,144.41,True,38.49,52.26,False,False,False,hammer,142.87,158.13,148.73,146.64,True,25.3,29.2,False,False,False,hammer,142.87,158.13,148.73,149.97,False,66.05,60.41,True,True,False,,145.88,152.95,146.0,149.66,3.66,6.54,56.0,143.12,152.54,145.88,142.61,157.91,154.82,147.82,True,down,channel sloping down,144.06,147.61,151.17,-0.77,0.63,66.0,Space Exploration Technologies Corp.,Industrials,Aerospace & Defense,1959866925056.0,,85.29386,,15.397679,84.999916,-1.05,,-0.35661998,-0.01804,,0.919,,31.211,5.115,0.48343,0.025799999,,225.64,104.83,222.42105,36.3,Buy,1.69,19,6.0,22.0,5.0,2.0,0.0,0.14,0.14,True,12,2026-11-03,38.0,False,False,,0,0,2026-09-14 MoffettNathanson: main -> Neutral,0,,0,,37,12,0.0,16,0,,,,not fetched for down-trend tickers,
SSRM,down,WAIT,35.69,,,,,,False,True,False,False,False,True,True,True,2,True,False,True,False,False,1,True,False,False,False,35.69,34.16,True,37.22,48.22,False,False,False,hammer,34.15,38.67,35.69,35.76,False,25.99,29.22,False,False,False,bullish_harami,34.15,38.67,35.69,36.14,False,58.46,47.12,True,True,False,,34.78,37.23,34.78,35.87,1.09,1.43,76.2,34.44,36.21,34.78,34.06,38.13,36.22,35.54,True,down,channel sloping down,34.52,36.0,37.48,-0.28,0.07,40.0,SSR Mining Inc.,Basic Materials,Gold,7275484160.0,13.413533,7.723078,0.02,2.1713731,3.8296666,2.66,0.08,0.122980006,0.43659002,0.14272,0.095,450823744.0,0.068,9.79,0.79613,0.0425,0.982,39.44,18.19,42.2,82.4,Strong Buy,1.40,5,4.0,6.0,0.0,0.0,0.0,0.90,0.90,True,6,2026-11-03,38.0,False,False,,0,0,2026-09-16 RBC Capital: main -> Outperform,0,,0,,N/A,0,N/A,0,0,,,,not fetched for down-trend tickers,
TER,up,WAIT,398.32,,,,,,False,True,False,True,True,False,False,False,1,False,False,True,False,False,2,False,True,True,False,398.32,371.19,True,89.07,90.47,False,False,True,,326.37,400.44,398.32,370.98,True,91.19,86.51,True,True,True,,326.37,400.44,398.32,380.66,True,95.09,94.12,True,True,True,,376.03,400.44,388.38,400.44,12.06,19.61,61.5,380.83,407.99,376.03,366.23,446.45,381.78,395.85,True,up,channel rising (R2 0.73),385.3,400.43,415.55,1.52,0.73,43.0,"Teradyne, Inc.",Technology,Semiconductor Equipment & Materials,62283030528.0,54.647465,34.18846,0.71,19.836678,13.952194,7.29,0.13,0.25766,0.33161,0.36465,1.039,437381248.0,2.883,2.125,1.0071601,0.059899997,1.778,487.91,131.4,446.46667,74.9,Buy,1.65,15,1.0,11.0,5.0,0.0,0.0,2.05,1.44,True,15,2026-10-21,25.0,False,True,2020-09-21,0,0,,0,,0,,N/A,0,N/A,0,4,2026-09-25 17:00,Teradyne (TER) Surpasses Market Returns: Some Facts Worth Knowing,https://finnhub.io/api/news?id=ffa3c1e80364a3e11472ebf51ae10302792b3cb8a16aa4bb4a7198bf0ba642ae,,
TKR,down,WAIT,117.42,,,,,,False,False,True,False,True,False,False,False,2,True,False,True,False,False,3,True,True,False,True,117.42,123.85,False,27.5,20.86,True,True,False,,114.58,119.92,117.42,120.32,False,55.26,50.58,True,True,False,,114.58,119.92,117.42,117.25,True,61.03,66.97,False,False,False,,115.39,119.07,116.96,118.74,1.78,3.11,57.2,115.63,120.07,115.39,113.83,122.81,116.34,117.67,False,down,channel rising but weak fit (R2 0.03 < 0.5),115.23,117.19,119.15,0.07,0.03,56.0,The Timken Company,Industrials,Tools & Accessories,8138913792.0,31.829268,16.14402,1.28,2.5514858,1.7146252,3.69,1.23,0.05435,0.13015,0.08538,0.075,349212512.0,65.523,3.095,0.96722,0.0636,1.205,146.37,70.57,147.74635,61.8,Buy,2.00,11,2.0,5.0,5.0,0.0,0.0,1.48,1.51,False,12,2026-10-28,32.0,False,False,,1,0,2026-09-01 B of A Securities: up -> Buy,0,,0,,N/A,0,N/A,0,0,,,,not fetched for down-trend tickers,
TMO,up,WAIT,674.55,,,,,,False,True,False,True,False,True,True,True,2,True,False,False,False,True,1,True,False,False,False,674.55,605.5,True,92.58,92.89,False,False,True,hammer,605.65,682.98,674.55,632.57,True,78.12,81.82,False,False,False,bullish_harami,605.65,682.98,674.55,659.54,True,60.86,58.03,True,True,False,bullish_engulfing,655.95,682.98,664.53,678.0,13.47,15.43,87.3,662.57,679.96,655.95,648.24,714.01,658.74,671.12,True,up,channel rising (R2 0.65),663.13,672.94,682.76,0.49,0.65,58.0,Thermo Fisher Scientific Inc.,Healthcare,Diagnostics & Research,249579421696.0,36.309845,24.50717,2.02,4.7377396,5.3862963,18.56,0.28,0.15036,0.18751,0.13515,0.105,6237250048.0,80.575,1.551,0.94094,0.0136,0.854,682.98,435.27,653.1111,96.6,Buy,1.52,27,4.0,20.0,4.0,0.0,1.0,6.41,6.40,True,22,2026-10-21,25.0,False,True,2004-08-03,0,0,2026-09-03 CLSA: init -> Outperform,0,,5,"Cell Isolation/Cell Separation Market Forecasts Growth from $6.97B (2026) to $13.51B by 2032, Profiling Thermo Fisher, Bio-Rad, Beckman Coulter & Sartorius",N/A,0,N/A,0,2,2026-09-25 18:29,What Needs To Be True To Buy Twist Bioscience Stock Now?,https://finnhub.io/api/news?id=0c3982056f7b14f13a7982cc07fdcca2279f88e48dd6a8c5632bd84d727307d3,,
TOST,down,WAIT,30.61,,,,,,False,False,True,False,True,False,False,False,1,False,False,True,False,False,3,True,True,True,False,30.61,31.89,False,26.48,16.83,True,True,False,,28.77,33.72,30.61,31.98,False,59.34,43.51,True,True,False,,28.77,33.72,30.61,30.45,True,90.32,92.87,False,False,True,,29.03,30.94,30.22,30.94,0.73,1.05,69.5,29.89,31.27,29.03,28.51,33.76,29.82,30.65,False,down,channel sloping down,28.9,29.89,30.89,-0.2,0.06,86.0,"Toast, Inc.",Technology,Software - Infrastructure,17686800384.0,38.734177,17.649197,0.23,8.634312,2.599471,0.79,,0.07143,0.07442,0.25162,0.231,474249984.0,,2.4,0.95519996,0.0623,1.728,39.725,22.26,38.92308,47.8,Buy,1.83,26,5.0,15.0,10.0,0.0,0.0,0.37,0.37,True,15,2026-11-03,38.0,False,False,,0,1,2026-09-02 BNP Paribas: down -> Neutral,0,,0,,N/A,0,N/A,0,0,,,,not fetched for down-trend tickers,
TSLA,down,WAIT,372.08,,,,,,False,True,False,True,False,False,False,False,2,True,False,False,False,True,2,True,True,False,False,372.08,362.69,True,70.63,77.18,False,False,False,,354.05,386.83,372.08,363.99,True,57.23,68.59,False,False,False,,354.05,386.83,372.08,373.09,False,22.83,24.37,False,False,False,bullish_harami,367.67,386.83,367.67,386.83,19.16,11.12,172.3,375.71,378.79,367.67,362.11,387.03,379.27,373.57,False,down,channel rising but weak fit (R2 0.34 < 0.5),369.92,379.4,388.89,0.45,0.34,11.0,"Tesla, Inc.",Consumer Cyclical,Auto Manufacturers,1469666033664.0,338.2818,169.35335,4.52,16.917934,14.183364,1.1,,0.03671,0.014099999,0.046669997,0.255,4835999744.0,18.373,1.941,0.43668,0.0195,1.845,498.83,297.38,396.62158,37.1,Buy,2.35,38,4.0,15.0,20.0,2.0,2.0,0.45,0.45,True,25,2026-10-21,25.0,False,True,2020-12-21,0,0,2026-09-25 StoneX: reit -> Buy,0,,0,,8,48,77.8,86,0,,,,not fetched for down-trend tickers,
TSM,up,WAIT,450.58,,,,,,False,True,False,True,False,False,False,False,1,True,False,False,False,False,3,True,True,True,False,450.58,425.74,True,90.41,92.67,False,False,True,,412.55,455.03,450.58,431.29,True,90.69,91.76,False,False,True,,412.55,455.03,450.58,442.68,True,71.36,74.01,False,False,False,,440.6,455.03,449.01,455.03,6.02,10.21,59.0,444.82,459.22,440.6,435.5,473.2,450.92,451.22,False,up,channel rising (R2 0.8),447.68,455.34,463.01,0.84,0.8,19.0,Taiwan Semiconductor Manufacturing Company Limited,Technology,Semiconductors,2337076936704.0,33.40326,20.552242,0.85,92.1669,0.5263103,13.49,0.9,0.49923,0.60344005,0.39969003,0.36,730826014720.0,16.504,2.458,0.15482001,0.0057,1.247,479.0,266.82,552.2594,86.6,Strong Buy,1.38,20,6.0,14.0,1.0,0.0,0.0,4.46,4.46,True,9,2026-10-15,19.0,False,False,,0,0,2026-09-02 Stifel: init -> Buy,0,,0,,N/A,0,N/A,0,15,2026-09-25 22:50,TSMC: The Crown Jewel In The World Of Silicon Is Trading At A Discount Today,https://finnhub.io/api/news?id=8a5eedccf93c70f68f67e75114b2a34730f20f929e270ca08a07b0bd4119ee64,,
TTC,up,WAIT,97.14,,,,,,False,True,True,True,True,False,False,False,2,True,False,True,False,False,1,False,True,False,False,97.14,95.36,True,81.25,63.04,True,True,True,,91.11,97.94,97.14,95.28,True,88.31,86.66,True,True,True,,91.11,97.94,97.14,95.31,True,67.82,69.46,False,True,False,,95.35,97.94,96.47,97.94,1.47,2.1,70.0,95.84,98.57,95.35,94.3,101.4,97.05,97.18,False,up,channel rising (R2 0.85),96.11,97.58,99.04,0.87,0.85,35.0,The Toro Company,Industrials,Tools & Accessories,9196547072.0,25.975937,19.04902,1.87,6.773339,1.9348931,3.74,1.61,0.07644,0.13983,0.26447,0.084,608062528.0,80.671,1.576,0.98209,0.050300002,0.706,105.19,67.64,111.0,78.6,Buy,2.00,5,0.0,3.0,3.0,0.0,0.0,0.97,0.96,True,6,,,False,False,,0,0,2026-09-23 Oppenheimer: init -> Outperform,1,Can Share Buybacks Continue to Prop Up Toro Stock?,0,,N/A,0,N/A,0,4,2026-09-25 19:44,"Stocks making big moves this week: TD SYNNEX, Talos Energy, The Toro Company, Dropbox, and Xponential Fitness",https://finnhub.io/api/news?id=71bc217e963ce57d179656734276ffac9feec6255e843944fffd42c8bbf2bc9f,,
TTEK,down,WAIT,33.92,,,,,,False,False,True,False,True,False,False,False,4,True,True,True,False,True,2,True,True,False,False,33.92,34.66,False,9.46,12.63,False,True,False,,33.34,37.27,33.92,35.47,False,9.49,8.51,True,True,False,,33.34,37.27,33.92,34.94,False,24.05,23.32,True,True,False,bullish_engulfing,33.34,35.38,33.34,33.95,0.61,0.88,69.3,33.07,34.22,33.34,32.9,35.45,36.12,33.75,True,down,channel sloping down,33.12,33.77,34.42,-1.21,0.87,62.0,"Tetra Tech, Inc.",Industrials,Engineering & Construction,8682466304.0,20.427711,19.513178,2.1,4.688235,1.9919963,1.66,0.86,0.100030005,0.14253001,0.24297,-0.039,396642240.0,55.247,1.184,1.04406,0.048699997,0.896,43.14,25.81,40.33333,46.8,Buy,2.00,6,2.0,3.0,3.0,0.0,0.0,0.47,0.47,True,6,2026-11-11,46.0,False,False,,0,0,,0,,0,,N/A,0,N/A,0,0,,,,not fetched for down-trend tickers,
TWLO,up,WAIT,275.81,,,,,,False,True,False,True,False,False,False,False,2,True,False,True,False,False,2,True,True,False,False,275.81,233.62,True,83.76,91.55,False,False,True,,225.52,304.75,275.81,248.89,True,70.81,83.44,False,False,False,,225.52,304.75,275.81,273.04,True,4.17,5.21,False,True,False,,273.52,304.75,273.52,298.45,24.93,14.04,177.6,284.41,287.56,273.52,266.5,289.77,243.72,280.56,False,up,channel rising (R2 0.71),278.53,300.75,322.96,2.87,0.71,-6.0,Twilio Inc.,Technology,Software - Infrastructure,42356043776.0,38.041378,40.614788,0.46,4.717756,7.60114,7.24,,0.20615,0.078260005,0.13497,0.22,954675392.0,11.868,4.621,0.93236,0.045500003,1.405,304.75,98.44,263.0357,86.0,Buy,1.63,28,6.0,19.0,3.0,1.0,1.0,1.47,1.47,True,26,2026-10-29,33.0,False,False,,0,1,2026-09-25 HSBC: down -> Reduce,0,,0,,N/A,0,N/A,0,13,2026-09-26 00:32,Why Twilio (TWLO) Shares Are Getting Obliterated Today,https://finnhub.io/api/news?id=7dc9dc0d3575a6fad557033ca7cb59601621a589217141e71e862feb04da9982,,
TXN,up,WAIT,278.01,,,,,,False,True,True,True,True,False,False,False,1,False,False,True,False,False,2,False,True,True,False,278.01,271.06,True,92.84,92.41,True,True,True,,257.1,278.69,278.01,267.41,True,91.06,89.17,True,True,True,,257.1,278.69,278.01,269.92,True,88.31,86.96,True,True,True,,266.79,278.69,269.53,278.69,9.16,8.1,113.1,270.59,277.63,266.79,262.74,300.91,270.27,276.63,True,up,channel rising (R2 0.83),272.31,276.65,280.98,0.84,0.83,66.0,Texas Instruments Incorporated,Technology,Semiconductors,253946789888.0,42.25988,26.122492,0.96,14.098768,13.054377,6.58,2.25,0.31111,0.42576998,0.35176,0.228,3545250048.0,78.036,4.857,0.91663,0.0241,1.314,334.03,152.73,324.7097,69.1,Buy,2.08,31,3.0,17.0,14.0,2.0,0.0,2.42,2.42,True,24,2026-10-27,31.0,False,True,2001-03-12,0,0,,0,,0,,N/A,0,N/A,0,5,2026-09-25 19:00,Texas Instruments Is Up 56% YTD. 2 More Dividend Stocks Are Just as Hot.,https://finnhub.io/api/news?id=f48b07d7fd9bf9c8da81253136e613cbe19dec986d86d73393811c84f7cab585,,
UBER,down,WAIT,69.6,,,,,,False,False,True,False,True,True,False,True,2,True,True,False,False,False,2,True,False,False,True,69.6,73.08,False,10.42,9.82,True,True,False,,68.55,72.8,69.6,72.39,False,23.28,20.45,True,True,False,bullish_engulfing,68.55,72.8,69.6,70.14,False,48.23,41.62,True,True,False,,68.86,70.08,68.86,69.67,0.81,1.8,45.0,67.87,70.66,68.86,67.96,72.06,69.39,69.34,True,down,channel sloping down,68.44,69.08,69.73,-0.42,0.77,90.0,"Uber Technologies, Inc.",Technology,Software - Application,142203043840.0,15.267545,15.774365,5.9,5.199403,2.5748827,4.56,,0.17345,0.13317999,0.3716,0.122,7244749824.0,51.872,0.843,0.85358,0.0232,1.159,101.295,65.41,100.77319,11.7,Buy,1.57,47,9.0,33.0,8.0,1.0,0.0,0.92,0.95,False,31,2026-11-03,38.0,False,True,2023-12-18,0,0,2026-09-09 Scotiabank: init -> Sector Outperform,0,,0,,N/A,0,N/A,0,0,,,,not fetched for down-trend tickers,
VCYT,up,WAIT,45.45,,,,,,False,True,True,True,False,False,False,False,2,True,False,True,False,False,1,False,True,False,False,45.45,45.07,True,78.41,72.23,True,True,False,,38.24,49.0,45.45,43.55,True,80.07,87.0,False,False,True,,38.24,49.0,45.45,43.99,True,43.69,53.29,False,False,False,,42.55,49.0,45.36,49.0,3.64,2.46,148.0,46.54,47.82,42.55,41.32,51.65,43.59,46.47,False,up,channel rising (R2 0.85),45.24,47.34,49.43,2.63,0.85,5.0,"Veracyte, Inc.",Healthcare,Diagnostics & Research,3652150784.0,32.45,23.285614,,2.62966,6.499645,1.4,,0.20374,0.15287,0.087740004,0.155,106230872.0,2.889,9.162,1.13399,0.123500004,1.926,60.91,29.455,58.41667,50.9,Buy,1.62,12,2.0,9.0,1.0,1.0,0.0,0.41,0.41,True,12,2026-11-03,38.0,False,False,,0,0,2026-09-15 Freedom Capital Markets: main -> Buy,0,,0,,N/A,0,N/A,0,4,2026-09-25 17:12,Veracyte Announces Eight Decipher-Focused Studies to Be Presented at ASTRO 2026,https://finnhub.io/api/news?id=71876098a3227a30ec074dc7919adca772beb4a27540509ebf16cd7ae8e17f18,,
VEEV,up,WAIT,280.75,,,,,,False,True,True,True,True,False,False,False,1,False,False,True,False,False,2,False,True,True,False,280.75,244.71,True,70.45,45.06,True,True,False,,257.87,282.81,280.75,261.99,True,93.67,90.51,True,True,True,,257.87,282.81,280.75,270.56,True,89.57,92.22,False,False,True,,267.08,282.81,275.91,282.81,6.9,7.42,93.0,275.39,283.33,267.08,263.37,306.82,261.61,280.04,True,up,channel rising (R2 0.68),269.55,277.41,285.28,1.02,0.68,71.0,Veeva Systems Inc.,Healthcare,Health Information Services,45444575232.0,46.013115,27.381704,1.22,6.2612653,13.141495,6.1,,0.29345,0.29637,0.14425,0.176,1257709824.0,2.041,5.458,0.93363,0.0335,0.974,310.5,148.05,297.2963,81.7,Buy,1.97,27,8.0,12.0,8.0,1.0,0.0,2.34,2.28,True,26,2026-11-25,60.0,False,True,2026-05-07,0,0,2026-08-28 Citigroup: main -> Neutral,0,,1,"Quality Management System Software Market Forecasts Growth from $11.73B (2026) to $20.43B by 2031, Profiling Veeva Systems, Siemens, PTC, SAP, Oracle & 15 Others",N/A,0,N/A,0,6,2026-09-25 16:45,Veeva Systems (VEEV) Outperforms Broader Market: What You Need to Know,https://finnhub.io/api/news?id=7ea6cdf3369e7fff4fb1ff7fe83205a5279969bb48327df3c2fe0b0cab04f3c2,,
VSH,down,WAIT,32.56,,,,,,False,False,False,True,True,False,False,False,3,True,False,True,False,True,3,True,True,False,True,32.56,34.29,False,55.74,62.87,False,False,False,,30.19,33.55,32.56,32.45,True,56.57,53.53,True,True,False,,30.19,33.55,32.56,32.36,True,72.46,77.94,False,False,False,hammer,31.1,33.2,32.21,33.2,0.99,1.59,62.3,31.61,33.8,31.1,30.3,35.95,32.59,32.72,False,down,channel rising but weak fit (R2 0.05 < 0.5),31.85,32.58,33.31,0.12,0.05,48.0,"Vishay Intertechnology, Inc.",Technology,Semiconductors,4992492032.0,171.31578,18.687458,1.82,1.7139698,1.504044,0.2,1.26,0.00856,0.024330001,0.01134,0.166,-3755125.0,37.664,1.802,1.10634,0.1408,1.805,69.47,11.77,40.0,36.0,Buy,2.00,6,2.0,3.0,1.0,0.0,1.0,0.28,0.29,False,6,2026-11-04,39.0,False,False,,0,0,2026-09-15 Oppenheimer: init -> Outperform,0,,0,,N/A,0,N/A,0,0,,,,not fetched for down-trend tickers,
VST,down,WAIT,138.46,,,,,,False,False,False,False,False,True,True,True,3,True,True,True,False,False,2,True,False,False,True,138.46,145.07,False,8.44,11.95,False,False,False,hammer,135.98,146.11,138.46,142.48,False,15.45,16.51,False,False,False,piercing_line,135.98,146.11,138.46,139.89,False,46.72,31.22,True,True,False,,135.98,140.32,136.02,140.1,4.08,4.14,98.6,135.96,140.16,135.98,133.91,145.29,141.35,137.59,True,down,channel sloping down,134.85,136.79,138.72,-0.75,0.82,93.0,Vistra Corp.,Utilities,Utilities - Independent Power Producers,46472052736.0,23.349073,13.357632,0.34,15.47558,2.4189076,5.93,0.67,0.1155,0.13766,0.42962003,-0.055,37125000.0,373.28,0.973,0.92077005,0.0335,1.414,217.1,132.66,217.57895,6.9,Strong Buy,1.35,19,4.0,15.0,0.0,0.0,1.0,2.59,2.60,False,7,2026-11-05,40.0,False,True,2024-05-08,0,0,,0,,0,,N/A,0,N/A,0,0,,,,not fetched for down-trend tickers,
WAT,down,WAIT,433.73,,,,,,False,True,True,True,True,False,False,False,1,False,False,True,False,False,2,False,True,True,False,433.73,404.63,True,83.08,79.61,True,True,True,,402.12,436.34,433.73,415.91,True,83.04,71.25,True,True,True,,402.12,436.34,433.73,426.08,True,86.17,87.4,False,False,True,,418.0,436.34,425.67,435.93,10.26,10.67,96.2,425.26,436.34,418.0,412.66,465.34,423.32,432.63,True,down,channel rising but weak fit (R2 0.22 < 0.5),423.15,430.15,437.15,0.21,0.22,76.0,Waters Corporation,Healthcare,Diagnostics & Research,42567495680.0,109.4798,26.201012,1.6,2.8025289,9.165563,3.96,,0.03588,0.09422,0.019199999,1.134,-142067632.0,36.045,1.861,1.02283,0.0337,1.194,436.34,282.77,444.79166,98.3,Buy,1.68,24,3.0,15.0,7.0,0.0,0.0,4.00,4.00,True,22,2026-10-30,34.0,False,True,2002-01-02,2,0,2026-09-21 Goldman Sachs: main -> Buy,0,,0,,N/A,0,N/A,0,0,,,,not fetched for down-trend tickers,
WAY,down,WAIT,24.72,,,,,,False,True,False,False,True,True,True,False,4,True,True,True,False,True,1,True,False,False,False,24.72,24.31,True,40.42,48.03,False,False,False,piercing_line,23.66,27.28,24.72,25.01,False,11.77,8.61,True,True,False,,23.66,27.28,24.72,25.13,False,26.79,26.18,True,True,False,bullish_engulfing,24.33,25.42,24.33,24.73,0.4,1.08,37.0,23.65,25.41,24.33,23.79,26.11,25.53,24.6,True,down,channel sloping down,23.85,24.26,24.68,-1.41,0.92,105.0,Waystar Holding Corp.,Healthcare,Health Information Services,4736185856.0,35.285717,13.15236,,1.2024732,3.9280424,0.7,,0.11179,0.2441,0.03765,0.181,313745376.0,37.171,1.847,1.13034,0.091000006,0.153,40.35,17.26,33.43478,32.3,Strong Buy,1.35,23,4.0,17.0,2.0,0.0,0.0,0.41,0.41,True,20,2026-10-28,32.0,False,False,,0,1,2026-09-16 Freedom Capital Markets: main -> Buy,0,,0,,N/A,0,N/A,0,0,,,,not fetched for down-trend tickers,
WDAY,down,WAIT,189.41,,,,,,False,True,True,False,False,False,False,False,3,True,False,True,True,False,2,True,True,False,False,189.41,180.43,True,33.33,28.87,True,True,False,,183.6,201.0,189.41,189.89,False,37.45,40.77,False,False,False,,183.6,201.0,189.41,191.64,False,15.33,18.73,False,False,False,,188.75,195.74,188.75,192.07,3.32,6.82,48.7,185.25,195.57,188.75,185.34,195.51,192.13,190.35,False,down,channel sloping down,185.71,189.09,192.47,-0.58,0.63,55.0,"Workday, Inc.",Technology,Software - Application,45657448448.0,38.901436,14.316504,0.7,7.0587573,4.496056,4.91,,0.12319,0.11816,0.16006,0.128,3046374912.0,58.39,0.908,1.12499,0.083100006,1.082,249.85,110.36,208.68184,56.7,Buy,2.26,38,5.0,15.0,19.0,1.0,2.0,2.74,2.64,True,36,,,False,True,2024-12-23,0,1,2026-08-31 Goldman Sachs: main -> Neutral,0,,0,,N/A,0,N/A,0,0,,,,not fetched for down-trend tickers,
WK,down,WAIT,69.66,,,,,,False,True,True,False,False,False,False,False,3,True,False,True,True,False,2,True,True,False,False,69.66,68.67,True,16.29,15.71,True,True,False,,69.16,76.45,69.66,72.19,False,24.24,29.37,False,False,False,,69.16,76.45,69.66,71.83,False,14.91,25.95,False,False,False,,69.6,72.31,69.62,72.31,2.69,2.93,91.8,69.38,72.55,69.6,68.13,71.95,70.93,70.62,False,down,channel sloping down,67.89,69.93,71.98,-0.85,0.58,43.0,Workiva Inc.,Technology,Software - Application,3789564160.0,82.90476,17.195911,,-310.89285,4.0469737,0.84,,0.04871,0.04571,,0.186,169095376.0,,1.473,1.01532,0.0759,0.487,97.095,43.34,89.8,49.0,Strong Buy,1.18,10,2.0,9.0,0.0,0.0,0.0,0.80,0.80,True,10,2026-11-04,39.0,False,False,,0,0,2026-09-16 Baird: main -> Outperform,0,,0,,N/A,0,N/A,0,0,,,,not fetched for down-trend tickers,
WSM,up,WAIT,231.89,,,,,,False,True,False,True,True,False,False,False,2,True,False,False,False,True,1,False,True,False,False,231.89,228.38,True,72.18,73.88,False,False,False,,216.68,234.32,231.89,229.06,True,81.75,74.19,True,True,True,,216.68,234.32,231.89,228.48,True,75.48,81.28,False,False,False,bullish_harami,225.79,233.84,226.87,233.84,6.97,6.46,107.9,227.38,233.33,225.79,222.56,245.88,228.79,231.5,True,up,channel rising (R2 0.61),227.81,233.19,238.57,0.71,0.61,38.0,"Williams-Sonoma, Inc.",Consumer Cyclical,Specialty Retail,27312990208.0,23.809034,22.056053,2.6,14.603274,3.4116013,9.74,1.33,0.14729,0.17272,0.54960996,0.067,1069320128.0,71.369,1.447,0.98489,0.0493,1.463,254.89,165.51,247.85,74.3,Buy,2.17,20,2.0,9.0,11.0,0.0,1.0,2.20,2.13,True,12,2026-11-18,53.0,False,True,2025-03-24,0,0,2026-09-09 Evercore ISI Group: main -> In-Line,0,,0,,N/A,0,N/A,0,3,2026-09-25 16:50,Williams-Sonoma (WSM) Rises Higher Than Market: Key Facts,https://finnhub.io/api/news?id=74cb0c49176db8e5b6765fc2dfa7b32a92a3b98061adcf2de345e200a141be7c,,
XYZ,filtered,WAIT,76.42,,,,,,False,False,True,False,True,False,False,False,1,False,False,True,False,False,4,True,True,True,True,76.42,78.73,False,18.3,16.83,True,True,False,,74.36,80.57,76.42,78.75,False,41.67,35.8,True,True,False,,74.36,80.57,76.42,76.89,False,81.02,84.76,False,False,True,,74.36,77.19,75.4,77.19,1.79,2.19,81.7,75.0,77.59,74.36,73.27,81.15,76.71,76.58,False,down,channel sloping down,74.39,76.18,77.97,-0.18,0.09,57.0,"Block, Inc.",Technology,Software - Infrastructure,45912752128.0,136.46428,14.735344,0.59,2.0824022,1.8334327,0.56,,0.01426,0.06999,0.01612,0.093,-27105876.0,32.58,2.209,0.84244,0.028800001,2.522,86.92,48.21,98.30952,72.9,Buy,1.55,42,10.0,29.0,8.0,0.0,0.0,1.02,1.03,False,32,2026-11-09,44.0,False,True,2025-07-23,1,0,2026-09-25 Cantor Fitzgerald: reit -> Overweight,0,,0,,N/A,0,N/A,0,0,,,,ticker filtered out,
ZBRA,up,WAIT,370.02,,,,,,False,True,False,True,True,False,False,False,2,True,False,True,False,False,1,False,True,False,False,370.02,336.45,True,84.1,81.71,True,False,True,,338.67,374.94,370.02,352.99,True,83.65,81.69,True,True,True,,338.67,374.94,370.02,361.29,True,77.89,81.18,False,False,False,,362.6,374.94,365.09,374.01,8.92,10.69,83.4,363.32,375.78,362.6,357.25,389.17,346.12,370.68,False,up,channel rising (R2 0.86),367.19,375.16,383.13,1.32,0.86,18.0,Zebra Technologies Corporation,Technology,Communication Equipment,17506836480.0,33.886448,16.668724,0.61,5.1050563,3.0145822,10.92,,0.092180006,0.21259001,0.15286,0.204,576750016.0,86.23,0.516,1.05909,0.045900002,1.607,386.23,199.05,411.45267,91.3,Buy,1.94,15,3.0,7.0,6.0,0.0,0.0,4.90,4.89,True,15,2026-11-03,38.0,False,True,2019-12-23,0,0,2026-09-15 Needham: main -> Buy,0,,1,Zebra Technologies To Rally Around 24%? Here Are 10 Top Analyst Forecasts For Tuesday,N/A,0,N/A,0,1,2026-09-25 12:56,"This Physical AI Stock Finds Support, Eyes New Entry As Earnings Gallop 76% Higher",https://finnhub.io/api/news?id=56206f5b181aff4fbaf1644f3a7273dd48d760760edc1a190ffb0f41973a4eb9,,
ZM,down,WAIT,89.74,,,,,,False,False,False,False,False,False,False,False,3,True,False,True,True,False,3,True,True,False,True,89.74,95.55,False,20.72,22.44,False,False,False,,87.81,97.0,89.74,94.63,False,44.11,44.87,False,False,False,,87.81,97.0,89.74,91.47,False,18.7,27.18,False,False,False,,89.5,93.33,89.63,91.83,2.2,2.81,78.3,89.02,92.44,89.5,88.1,92.2,89.74,90.6,False,down,channel sloping down,88.42,90.77,93.12,-0.05,0.01,28.0,"Zoom Communications, Inc.",Technology,Software - Application,26175916032.0,8.329618,14.155827,2.48,2.640471,5.2424703,10.77,,0.65192,0.24609,0.32143003,0.049,1975528320.0,0.533,3.826,0.79096,0.0269,1.04,114.74,70.7,118.24,43.2,Buy,1.90,25,2.0,16.0,11.0,0.0,1.0,1.49,1.50,False,25,2026-11-24,59.0,False,False,,0,0,,0,,0,,N/A,0,N/A,0,0,,,,not fetched for down-trend tickers,
