ticker,report,signal,current_price,close_price,close_date,market_open,after_hours,after_hours_time_et,after_hours_pct,after_hours_source,overnight,overnight_time_et,overnight_pct,overnight_source,overnight_trades,pre_market,pre_market_time_et,pre_market_pct,pre_market_source,current_ext_price,current_ext_session,setup,setup_label,grade,ctx_state,ctx_ext_ema50_atr,ctx_ema50_slope_pct,ctx_higher_lows,ctx_higher_highs,ctx_days_above_ema50,setup_level,setup_stop,setup_target,setup_rr,setup_buy_below,setup_buy_up_to,setup_watch_kind,setup_breakout_above,setup_turn_above,setup_buy_when,setup_distance,setup_target_src,setup_overhead,setup_confirms,setup_fails,wait_reason,other_setups,req_volume_x_average,conf_close_in_the_top_pct_of_the_bar_s_range,conf_tight_base_before_the_break,conf_daily_pct_k_above_and_not_rolling_over,conf_higher_lows_in_place,turn_daily_turn_n,turn_h_turn_above,filter_checks_failed,fails_no_setup,fails_weak_context,fails_wait_signal,fails_eps_deteriorating,d1_close,d1_ema50,d1_trend_up,d1_stoch_k,d1_stoch_d,d1_k_above_d,d1_stoch_bullish,d1_overbought,d1_patterns,d1_support,d1_resistance,h4_close,h4_ema50,h4_trend_up,h4_stoch_k,h4_stoch_d,h4_k_above_d,h4_stoch_bullish,h4_overbought,h4_patterns,h4_support,h4_resistance,h1_close,h1_ema50,h1_trend_up,h1_stoch_k,h1_stoch_d,h1_k_above_d,h1_stoch_bullish,h1_overbought,h1_patterns,h1_support,h1_resistance,today_low,today_high,today_range,daily_atr,atr_used_today_pct,atr_projected_low,atr_projected_high,entry_support_1h,stop,take_profit,target_source,target_r,target_below_min_r,poc,vwap,above_vwap,trend_dir,trend_reason,avwap,avwap_anchor_type,avwap_anchor_date,above_avwap,hhhl_window_days,hhhl_up_days,hhhl_down_days,hhhl_mixed_days,hhhl_net,streak_current_type,streak_current_days,streak_previous_type,streak_previous_days,channel_lower,channel_mid,channel_upper,channel_slope_pct_day,channel_r2,channel_position_pct,premarket_near_support,premarket_near_level,premarket_near_atr,near_s1,near_s1_atr,near_s2,near_s2_atr,day_s1,day_s1_pct,day_s1_touches,day_s2,day_s2_pct,day_s2_touches,day_t1,day_t1_pct,day_t1_touches,day_t1_r,day_t2,day_t2_pct,day_t2_touches,day_t2_r,name,sector,industry,market_cap,trailing_p_e,forward_p_e,peg_ratio,price_book,price_sales_ttm,eps_ttm,dividend_yield,profit_margin,operating_margin,return_on_equity,revenue_growth_yoy,free_cash_flow,debt_equity,current_ratio,institutional_ownership,short_pct_of_float,beta,52_week_high,52_week_low,analyst_target_mean,pos_in_52w_range_pct,analyst_consensus,analyst_mean_score,analyst_opinions,analyst_strong_buy,analyst_buy,analyst_hold,analyst_sell,analyst_strong_sell,eps_current,eps_30d_ago,eps_improving,eps_num_analysts,next_earnings_date,days_to_earnings,in_earnings_window,in_sp500,sp500_added_date,upgrades,downgrades,latest_rating_action,buyback_headlines_count,latest_buyback_headline,guidance_headlines_count,latest_guidance_headline,reddit_rank,reddit_mentions,reddit_momentum_pct_24h,reddit_upvotes,news_count,latest_news_time,latest_news_headline,latest_news_url,news_not_fetched_reason,error,req_structure_intact_pullback_low_above_the,conf_volume_fading_into_the_end_of_the_dip,conf_daily_stochastic_reset,conf_pullback_low_sat_at_value,conf_bullish_candle,req_support_held_no_daily_close_below_it_sin,req_rejection_closed_back_above_the_test_bar,conf_volume_on_the_bounce_average,conf_daily_stochastic_reset_and_turning_up,conf_trend_context_intact,req_held_closes_above_ma,req_not_extended,conf_higher_low_since_the_reclaim,conf_ma_above_ma,conf_volume_on_the_reclaim_x_average,conf_daily_pct_k_above_pct_d_and_not_overboug,conf_ma_reclaimed_as_well,req_ma_rising,req_ma_held_no_daily_close_below_it,conf_bullish_candle_hammer,conf_bullish_candle_bullish_engulfing,conf_volume_fading_into_the_end_of_the_dip_so,conf_bullish_candle_piercing_line,conf_bullish_candle_bullish_harami
A,up,WAIT,174.95,175.2,2026-09-28,True,175.21,16:41,0.01,sip,,,,,0,174.69,09:30,-0.29,sip,,,FRESH_BREAKOUT,Fresh breakout,D,UPTREND_WEAK,4.68,3.12,False,True,13,174.77,170.96,182.91,2.0,,175.74,,,175.2,"Setup: Volume >= 1.5x average | Turn - daily: back above yesterday's close 175.20, or a close in the top half of the day's range | Confirmations: any 2 of: Close in the top 40% of the bar's range; Tight base before the break; Higher lows in place",6.0,2R - no resistance above,,1.0,Volume >= 1.5x average (best of live/last 3 bars: 1.4x); no turn yet on the daily chart; confirmations 1/4 (need 3),weak fresh breakout: Volume >= 1.5x average (best of live/last 3 bars: 1.4x); no turn yet on the daily chart; confirmations 1/4 (need 3),,False,False,False,True,False,False,True,1,False,False,True,False,174.95,151.67,True,95.28,94.11,True,False,True,,150.3,177.05,174.95,158.59,True,91.45,93.73,False,False,True,,150.3,177.05,174.95,169.03,True,74.59,73.55,True,True,False,hammer,169.5,177.05,173.22,177.05,3.83,4.98,76.9,172.07,178.2,169.5,170.96,182.91,2R - no resistance above,2.0,False,166.07,174.9,True,up,channel rising (R2 0.89),151.71,low,2026-07-21,True,20,11,6,3,5,up,1,mixed,1,174.01,177.39,180.77,1.31,0.89,14.0,False,S1,2.2,False,2.25,False,2.9,163.75,-6.4,1.0,160.51,-8.25,1.0,,,,,,,,,"Agilent Technologies, Inc.",Healthcare,Diagnostics & Research,49403232256,34.153996,25.928804,1.43,6.709685,6.7005906,5.13,0.59,0.19533001,0.25559,0.20971,0.081,1060374976.0,56.336,2.05,0.95492995,0.020499999,1.241,176.0228,108.35,175.42857,98.4,Buy,1.78,21,4.0,12.0,7.0,0.0,0.0,1.73,1.73,True,19,2026-11-25,57.0,False,True,2000-06-05,0,0,,0,,0,,N/A,0,N/A,0,1,2026-09-29 08:00,Agilent Introduces Gen5 AI Cell Identification Module for BioTek Automated Cell Imagers,https://finnhub.io/api/news?id=ef18193aa55d6b8032d176e715ec487656be230854007991936e0d42bbb488e7,,,,,,,,,,,,,,,,,,,,,,,,,,
AAOI,filtered,WAIT,101.09,96.81,2026-09-28,True,95.93,19:59,-0.91,sip,97.39,03:40,0.6,boats,689,97.7,09:30,0.92,sip,,,,,-,DOWNTREND,-1.79,-2.39,False,False,0,,,,,,,,,101.59,,,,,,,downtrend (below a falling EMA50) - no long setup,,,,,,,True,False,4,True,True,True,True,101.09,112.7,False,30.54,29.37,True,True,False,,93.62,110.74,101.09,105.83,False,36.9,28.55,True,True,False,,93.62,110.74,101.09,101.18,False,72.61,74.72,False,False,False,,93.62,105.03,97.43,103.83,6.4,6.48,98.8,97.35,103.91,93.62,90.38,102.1,T1 - nearest resistance,0.09,True,101.67,101.59,False,down,channel sloping down,118.63,low,2026-07-29,False,20,6,12,2,-6,down,1,up,1,93.08,97.72,102.35,-1.45,0.6,86.0,False,S1,0.55,False,1.07,False,3.87,94.15,-6.87,3.0,76.01,-24.81,1.0,102.1,1.0,1.0,0.09,110.74,9.55,1.0,0.9,"Applied Optoelectronics, Inc.",Technology,Communication Equipment,8220626944,,21.038677,0.78,4.898062,13.793693,-0.74,,-0.09568,-0.12884,-0.05449,0.864,-887050112.0,17.994,2.777,0.62924,0.15020001,3.783,233.67,18.5,163.4,38.4,None,N/A,5,2.0,1.0,3.0,0.0,0.0,0.14,0.28,False,6,2026-11-05,37.0,False,False,,0,0,,0,,0,,N/A,0,N/A,0,0,,,,ticker filtered out,,,,,,,,,,,,,,,,,,,,,,,,,
AAPL,up,WATCH,330.59,338.36,2026-09-28,True,338.51,19:59,0.04,sip,337.6,03:59,-0.22,boats,1293,333.21,09:30,-1.52,sip,,,PULLBACK,Pullback in uptrend,C,UPTREND,1.22,0.97,True,True,30,330.12,325.26,335.17,0.86,329.22,,price,335.17,338.36,"Price: pull back to 329.22 or lower (R:R 1.5+ with the same stop and target) OR close above 335.17 on 1.5x+ volume (becomes a fresh breakout) | Then the turn has to show at that price - daily: back above yesterday's close 338.36, or a close in the top half of the day's range; 1h: reclaim the session VWAP (332.15) and 1h MACD bullish or 1h %K above %D | Confirmations: any 1 of: Volume fading into the end of the dip, or Daily stochastic reset",5.2,"T1 - overhead resistance (swing level, 3 touch(es)) inside 1 ATR","330.81, 335.17",2.0,no turn yet on the daily and 1h charts; confirmations 2/4 (need 3); R:R 0.86 below 1.5,no turn yet on the daily and 1h charts; confirmations 2/4 (need 3); R:R 0.86 below 1.5,,,,,,,False,False,0,False,False,False,False,330.59,322.45,True,72.31,77.32,False,False,False,,330.12,345.34,330.59,329.37,True,18.51,37.92,False,False,False,,330.12,345.34,330.59,336.01,False,4.96,6.1,False,False,False,bullish_harami,330.12,342.99,330.12,337.06,6.94,6.66,104.2,330.4,336.78,330.12,325.26,335.17,"T1 - overhead resistance (swing level, 3 touch(es)) inside 1 ATR",0.86,True,340.01,332.15,False,up,WATCH setup overrides the 1h channel (channel sloping down),317.95,low,2026-07-31,True,20,11,7,2,4,up,2,down,2,329.62,335.19,340.77,-0.22,0.23,9.0,False,S1,2.19,False,1.79,False,3.15,318.64,-3.61,3.0,309.61,-6.35,3.0,330.81,0.07,1.0,0.04,335.17,1.39,3.0,0.86,Apple Inc.,Technology,Consumer Electronics,4938670276608,39.076214,35.303875,2.74,45.97826,10.579321,8.66,0.32,0.27618998,0.32623002,1.4875101,0.164,107721875456.0,78.445,1.003,0.66344,0.0088,1.085,345.34,243.42,328.22205,85.5,Buy,2.20,39,6.0,19.0,13.0,3.0,3.0,1.98,1.98,True,27,2026-10-29,30.0,False,True,1982-11-30,0,0,2026-09-23 B of A Securities: reit -> Buy,3,Nvidia Is Spending Big on Buybacks. Why Apple Is the Only Mag 7 Rival Joining In.,0,,25,26,13.0,42,25,2026-09-29 15:10,Which dow jones stocks are moving on Tuesday?,https://finnhub.io/api/news?id=d86a89f12f7a3769625ba57f71398b516023a72b2444d33a1d6a23ea31e36d7c,,,True,False,False,True,True,,,,,,,,,,,,,,,,,,,
ABNB,down,WAIT,157.07,156.1,2026-09-28,True,156.03,17:43,-0.04,sip,,,,,0,154.38,09:30,-1.1,sip,,,,,-,DOWNTREND,-1.55,-1.4,False,False,0,,,,,,,,,,,,,,,,downtrend (below a falling EMA50) - no long setup,,,,,,,True,True,3,True,True,True,False,157.07,165.07,False,28.7,19.92,True,True,False,hammer,149.0,170.53,157.07,166.27,False,36.14,37.45,False,False,False,,149.0,170.53,157.07,158.28,False,72.87,65.79,True,True,False,,153.7,158.7,153.7,158.4,4.7,5.16,91.1,153.24,158.86,153.7,151.12,165.83,T1 - nearest resistance,1.47,True,152.09,156.09,True,down,channel sloping down,170.83,low,2026-07-23,False,20,5,11,4,-6,up,2,mixed,1,143.92,152.87,161.81,-0.89,0.27,73.0,True,S1,-0.41,True,0.11,False,1.47,156.5,-0.36,1.0,149.49,-4.83,3.0,165.83,5.58,1.0,1.47,169.6,7.98,1.0,2.11,"Airbnb, Inc.",Consumer Cyclical,Travel Services,93458464768,35.96313,25.22762,1.35,11.807247,7.1022468,4.34,,0.2045,0.21009001,0.34542,0.165,3206874880.0,32.004,1.408,0.89359003,0.035,1.161,193.453,110.81,184.35,56.0,Buy,2.00,40,6.0,21.0,16.0,1.0,1.0,2.87,2.85,True,33,2026-11-05,37.0,False,True,2023-09-18,1,0,2026-09-21 RBC Capital: reit -> Outperform,0,,0,,N/A,0,N/A,0,0,,,,not fetched for down-trend tickers,,,,,,,,,,,,,,,,,,,,,,,,,
ACMR,down,WAIT,75.04,75.95,2026-09-28,True,75.95,16:00,0.0,sip,77.7,02:36,2.3,boats,71,78.09,09:30,2.82,sip,,,,,-,RANGE,-0.39,0.03,False,True,0,,,,,,,,,75.95,,,,,,,no trend (below a flat EMA50) - wait for a reclaim or a breakout,,,,,,,False,False,3,True,True,True,False,75.04,76.86,False,66.63,70.59,False,False,False,,63.41,82.78,75.04,74.58,True,46.96,54.02,False,False,False,,63.41,82.78,75.04,74.98,True,31.94,34.45,False,False,False,,73.47,78.75,74.92,78.75,3.83,4.73,81.0,74.02,79.65,73.47,71.1,77.3,T1 - nearest resistance,0.57,True,75.84,75.83,False,down,channel rising but weak fit (R2 0.14 < 0.5),73.53,low,2026-09-15,True,20,7,9,4,-2,down,1,mixed,2,73.18,77.13,81.08,0.51,0.14,24.0,False,S1,2.47,False,1.82,False,2.51,66.42,-11.49,1.0,63.16,-15.83,2.0,77.3,3.01,6.0,0.57,84.31,12.35,4.0,2.35,"ACM Research, Inc.",Technology,Semiconductor Equipment & Materials,5289856512,35.825474,26.255293,,2.8435042,5.0973206,2.12,,0.14476,0.16982001,0.11627,0.36,-186610256.0,14.524,3.656,0.77924,0.0764,1.953,127.19,28.46,115.875,47.2,Strong Buy,1.44,8,2.0,6.0,1.0,0.0,0.0,0.48,0.47,True,3,2026-11-04,36.0,False,False,,0,0,,0,,0,,N/A,0,N/A,0,0,,,,not fetched for down-trend tickers,,,,,,,,,,,,,,,,,,,,,,,,,
ADI,up,WAIT,397.14,395.68,2026-09-28,True,395.49,19:48,-0.05,sip,395.98,03:39,0.08,boats,32,400.35,09:30,1.18,sip,,,FRESH_BREAKOUT,Fresh breakout,D,UPTREND,1.67,0.8,True,True,8,390.55,384.72,435.85,3.12,,405.17,,,399.48,Setup: Volume >= 1.5x average | Turn - 1h: reclaim the session VWAP (399.48) and 1h MACD bullish or 1h %K above %D,4.0,"T1 - nearest real resistance (swing level, 5 touch(es))",,3.0,Volume >= 1.5x average (best of live/last 3 bars: 1.0x); no turn yet on the 1h chart,weak fresh breakout: Volume >= 1.5x average (best of live/last 3 bars: 1.0x); no turn yet on the 1h chart,SUPPORT_BOUNCE(weak),False,False,True,True,True,True,False,1,False,False,True,False,397.14,377.65,True,92.35,89.66,True,True,True,,358.66,405.38,397.14,377.49,True,85.21,90.43,False,False,True,,358.66,405.38,397.14,387.84,True,55.75,57.91,False,False,False,,388.13,405.38,395.74,405.38,9.64,11.66,82.7,393.72,407.4,388.13,384.72,435.85,"T1 - nearest real resistance (swing level, 5 touch(es))",3.12,False,382.33,399.48,False,up,channel rising (R2 0.71),372.61,low,2026-09-03,True,20,11,6,3,5,up,2,down,2,390.54,397.95,405.36,0.71,0.71,45.0,False,S1,0.98,False,0.7,False,3.46,388.96,-2.06,10.0,356.82,-10.15,7.0,,,,,,,,,"Analog Devices, Inc.",Technology,Semiconductors,191611715584,46.741135,24.188103,0.59,5.7110877,13.8031435,8.46,1.12,0.29787,0.39503,0.12227,0.396,4147339008.0,27.314,1.25,0.93848,0.0199,1.205,445.91,223.47,470.71875,78.1,Strong Buy,1.41,32,6.0,24.0,4.0,0.0,0.0,3.85,3.55,True,26,2026-11-24,56.0,False,True,1999-10-12,0,0,2026-09-08 TD Cowen: reit -> Buy,0,,0,,N/A,0,N/A,0,3,2026-09-29 09:53,DOCU Stock Soars 50.8% in 3 Months: Here's What You Should Know,https://finnhub.io/api/news?id=172ca1db6c8ca777967951052c9c4d162a9bba324e0a34c68c0e2b1ac4dc8174,,,,,,,,,,,,,,,,,,,,,,,,,,
AER,down,WAIT,144.79,146.54,2026-09-28,True,146.51,16:00,-0.02,sip,,,,,0,145.44,09:30,-0.75,sip,,,SUPPORT_BOUNCE,Support bounce,D,RANGE,-0.32,0.07,False,True,0,144.18,142.35,147.25,1.01,144.31,,,147.25,146.54,"Setup: Rejection - closed back above the test bar / upper half of range | Price: pull back to 144.31 or lower (R:R 1.5+ with the same stop and target) OR close above 147.25 on 1.5x+ volume (becomes a fresh breakout) | Then the turn has to show at that price - daily: back above yesterday's close 146.54, or a close in the top half of the day's range; 1h: reclaim the session VWAP (144.96) | Confirmations: any 2 of: Volume on the bounce >= average; Daily stochastic reset and turning up; Trend context intact",9.2,"T1 - overhead resistance (swing level, 3 touch(es)) inside 1 ATR",147.25,1.0,Rejection - closed back above the test bar / upper half of range; no turn yet on the daily and 1h charts; confirmations 1/4 (need 3); R:R 1.01 below 1.5,weak support bounce: Rejection - closed back above the test bar / upper half of range; no turn yet on the daily and 1h charts; confirmations 1/4 (need 3); R:R 1.01 below 1.5,,,,,,,False,False,2,False,True,True,False,144.79,145.75,False,76.72,83.77,False,False,False,,139.0,149.92,144.79,144.95,False,43.28,54.83,False,False,False,bullish_harami,139.0,149.92,144.79,145.07,False,14.31,10.79,True,True,False,,144.06,149.92,144.06,146.82,2.76,3.04,90.8,143.78,147.1,144.06,142.35,147.25,"T1 - overhead resistance (swing level, 3 touch(es)) inside 1 ATR",1.01,True,144.92,144.96,False,down,channel rising but weak fit (R2 0.27 < 0.5),143.34,low,2026-09-15,True,20,8,9,3,-1,down,1,up,1,143.68,146.86,150.05,0.33,0.27,17.0,True,S1,0.41,True,0.2,False,2.64,144.18,-0.42,4.0,136.77,-5.54,1.0,147.25,1.7,3.0,1.01,149.88,3.52,2.0,2.09,AerCap Holdings N.V.,Industrials,Rental & Leasing Services,23029037056,7.332833,8.0457735,0.8,1.2290282,2.569682,19.98,1.07,0.37854,0.575,0.18662001,0.149,-1560377728.0,232.664,1.3,0.94784,0.0222,0.925,158.81,118.96,179.3,64.8,Strong Buy,1.40,10,2.0,7.0,1.0,0.0,0.0,4.15,4.15,True,9,2026-10-28,29.0,False,False,,0,0,,0,,0,,N/A,0,N/A,0,0,,,,not fetched for down-trend tickers,,,,,,True,True,False,False,False,False,,,,,,,,,,,,,,
AIR,down,WAIT,106.83,115.02,2026-09-28,True,119.94,18:36,4.28,sip,118.33,23:34,2.88,boats,7,117.0,09:30,1.72,sip,,,,,-,DOWNTREND,-3.39,-1.91,False,False,0,,,,,,,,,115.02,,,,,,,downtrend (below a falling EMA50) - no long setup,,,,,,,False,False,3,True,True,True,False,106.83,126.42,False,21.0,31.5,False,False,False,,103.48,122.0,106.83,122.13,False,27.13,36.19,False,False,False,,103.48,122.0,106.83,115.17,False,22.57,24.58,False,False,False,,103.48,121.3,103.48,118.0,14.52,5.77,251.6,112.23,109.25,103.48,100.59,110.36,T1 - nearest resistance,0.57,True,116.26,108.4,False,down,channel sloping down,108.4,low,2026-09-29,False,20,6,10,4,-4,down,1,mixed,1,105.84,112.77,119.7,-0.9,0.26,7.0,,,,,,,,,,,,,,110.36,3.3,1.0,0.57,122.58,14.74,3.0,2.52,AAR Corp.,Industrials,Aerospace & Defense,4633389568,23.877592,17.62095,2.4,2.659626,1.400662,4.82,,0.056739997,0.08384,0.12876001,0.23,-50362500.0,59.397,2.841,1.02608,0.040999997,1.109,154.0,76.1,144.8,39.4,Buy,1.88,5,1.0,4.0,3.0,0.0,0.0,1.36,1.36,True,8,,,False,False,,0,0,2026-09-28 RBC Capital: reit -> Outperform,0,,0,,N/A,0,N/A,0,0,,,,not fetched for down-trend tickers,,,,,,,,,,,,,,,,,,,,,,,,,
ALAB,down,WAIT,359.84,351.31,2026-09-28,True,352.5,19:47,0.34,sip,354.0,03:27,0.77,boats,30,354.8,09:30,0.99,sip,,,,,-,UPTREND_WEAK,2.04,3.22,False,True,8,,,,,,,,,361.66,,,,,,,"above the EMA50 but not a clean uptrend yet (missing: higher lows) - pullback and MA-bounce setups need higher highs, higher lows and a rising EMA50",,,,,,,True,False,2,True,False,True,False,359.84,314.91,True,84.69,87.76,False,False,True,,255.23,377.87,359.84,320.13,True,74.55,73.98,True,True,False,,255.23,377.87,359.84,348.2,True,68.75,67.68,True,True,False,,342.0,377.87,349.21,366.7,17.49,21.98,79.6,344.72,371.19,342.0,331.01,371.62,T1 - nearest resistance,0.41,True,363.37,361.66,False,down,channel rising but weak fit (R2 0.22 < 0.5),310.33,low,2026-07-29,True,20,8,8,4,0,down,1,up,1,345.22,365.88,386.54,0.73,0.22,35.0,True,S1,0.04,True,0.27,False,0.8,354.0,-1.62,1.0,342.3,-4.87,1.0,371.62,3.27,3.0,0.41,436.47,21.3,1.0,2.66,"Astera Labs, Inc.",Technology,Semiconductors,60947050496,178.32994,54.948166,,35.318188,50.70812,1.97,,0.30742002,0.22744,0.25826,1.045,91913128.0,2.574,10.054,0.76007,0.0657,3.778,499.476,97.89,389.9527,65.2,Buy,1.81,23,7.0,12.0,7.0,0.0,0.0,1.19,0.79,True,20,2026-11-03,35.0,False,False,,0,0,,0,,0,,N/A,0,N/A,0,0,,,,not fetched for down-trend tickers,,,,,,,,,,,,,,,,,,,,,,,,,
AMAT,up,WATCH,509.64,486.71,2026-09-28,True,485.0,19:55,-0.35,sip,489.12,03:59,0.5,boats,653,505.43,09:30,3.85,sip,,,MA_RECLAIM,MA reclaim (early trend),C,EARLY_UPTREND,1.36,0.14,False,False,3,483.65,466.59,511.67,0.05,484.62,,price,511.67,,Price: pull back to 484.62 or lower (R:R 1.5+ with the same stop and target) OR close above 511.67 on 1.5x+ volume (becomes a fresh breakout),3.3,"T1 - overhead resistance (swing level, 3 touch(es)) inside 1 ATR","511.67, 527.66",3.0,R:R 0.05 below 1.5,R:R 0.05 below 1.5,,,,,,,True,True,0,False,False,False,False,509.64,483.65,True,97.71,97.98,False,False,True,,411.51,511.79,509.64,470.38,True,94.09,94.22,False,True,True,,411.51,511.79,509.64,477.38,True,91.46,85.61,True,True,True,,471.38,511.79,499.17,511.79,12.62,19.17,65.8,492.62,518.34,471.38,466.59,511.67,"T1 - overhead resistance (swing level, 3 touch(es)) inside 1 ATR",0.05,True,465.07,505.56,True,up,channel rising (R2 0.8),458.28,low,2026-09-16,True,20,9,9,2,0,down,1,up,1,485.84,498.28,510.73,1.22,0.8,96.0,True,S1,0.42,False,0.64,False,1.86,497.32,-2.42,1.0,474.04,-6.99,1.0,512.13,0.49,2.0,0.06,557.54,9.4,3.0,1.11,"Applied Materials, Inc.",Technology,Semiconductor Equipment & Materials,386291499008,41.85383,26.369062,0.96,15.074169,12.526883,11.63,0.44,0.30052,0.33736,0.41068,0.248,3075375104.0,28.666,2.423,0.86294997,0.0178,1.597,739.67,202.87,638.94446,57.1,Strong Buy,1.45,36,4.0,29.0,7.0,0.0,0.0,4.06,4.06,True,25,2026-11-12,44.0,False,True,1995-03-16,0,0,2026-09-28 Morgan Stanley: main -> Equal-Weight,0,,2,Applied Materials (AMAT) Stock May Look Reasonable Following Fresh AI Demand Forecasts,N/A,0,N/A,0,9,2026-09-29 15:05,These S&P500 stocks are moving in today's session,https://finnhub.io/api/news?id=315e57ce622f8cc62888c5533b64c07666c88222f0472c993343a6500fe225eb,,,,,,,,,,,,,True,True,True,True,False,False,True,,,,,,,
AMD,down,WAIT,607.77,607.86,2026-09-28,True,610.3,19:59,0.4,sip,610.99,03:46,0.51,boats,1590,614.0,09:30,1.01,sip,,,,,-,UPTREND,3.3,4.2,True,True,16,,,,,,,,,614.02,,,,,,,extended 3.3 ATR above EMA50 with no fresh breakout - wait for a pullback to value,,,,,,,False,False,2,True,False,True,False,607.77,522.59,True,85.11,90.84,False,False,True,,506.05,638.95,607.77,549.99,True,61.73,68.72,False,False,False,,506.05,638.95,607.77,602.13,True,36.07,39.49,False,False,False,,596.07,634.66,607.41,624.13,16.72,25.83,64.7,598.3,633.24,596.07,583.15,638.95,T1 - nearest resistance,1.27,True,614.58,614.02,False,down,channel sloping down,511.24,low,2026-07-29,True,20,12,6,2,6,down,1,up,1,599.58,615.38,631.18,-0.03,0.0,26.0,False,S1,1.79,False,1.55,False,3.21,567.83,-6.57,2.0,524.74,-13.66,3.0,638.95,5.13,1.0,1.27,,,,,"Advanced Micro Devices, Inc.",Technology,Semiconductors,992332546048,161.23872,39.02033,0.64,14.757349,24.024513,3.91,,0.15577,0.1725,0.10196,0.501,8841499648.0,6.361,2.609,0.75404,0.024600001,2.476,639.0,159.33,618.508,93.5,Strong Buy,1.49,50,5.0,39.0,11.0,0.0,0.0,1.93,1.93,True,39,2026-11-03,35.0,False,True,2017-03-20,0,0,2026-09-25 B of A Securities: main -> Buy,0,,0,,9,56,9.8,5599,0,,,,not fetched for down-trend tickers,,,,,,,,,,,,,,,,,,,,,,,,,
AME,up,WATCH,250.79,251.64,2026-09-28,True,251.67,16:00,0.01,sip,,,,,0,251.95,09:30,0.12,sip,,,FRESH_BREAKOUT,Fresh breakout,C,UPTREND,1.78,0.78,True,True,7,248.57,245.87,261.16,2.11,,251.99,trigger,,251.64,"Turn - daily: back above yesterday's close 251.64, or a close in the top half of the day's range | Confirmations: any 1 of: Close in the top 40% of the bar's range, or Daily %K above 50 and not rolling over",2.0,T1 - nearest real resistance (52-week high + 120-bar high),,2.0,no turn yet on the daily chart; confirmations 2/4 (need 3),no turn yet on the daily chart; confirmations 2/4 (need 3),,True,False,True,False,True,False,True,0,False,False,False,False,250.79,241.17,True,90.99,92.32,False,False,True,,230.01,254.19,250.79,242.57,True,84.51,88.3,False,False,True,bullish_harami,230.01,254.19,250.79,247.14,True,36.01,33.5,True,True,False,,248.87,254.19,249.59,254.19,4.61,5.41,85.2,248.78,255.0,248.87,245.87,261.16,T1 - nearest real resistance (52-week high + 120-bar high),2.11,False,250.74,250.75,True,up,channel rising (R2 0.82),239.85,low,2026-09-01,True,20,10,7,3,3,down,1,up,1,249.94,252.91,255.87,0.62,0.82,14.0,False,S1,0.84,False,0.63,False,1.5,247.4,-1.35,1.0,242.66,-3.24,3.0,257.95,2.85,1.0,1.46,261.16,4.13,1.0,2.11,"AMETEK, Inc.",Industrials,Specialty Industrial Machinery,57698177024,36.740147,26.161232,2.85,5.1237836,7.3352094,6.85,0.54,0.20044,0.26182,0.14562,0.15,1492221312.0,20.522,1.214,0.92646,0.0146,0.989,261.16,179.24,278.33334,87.3,Buy,1.75,18,2.0,12.0,5.0,0.0,1.0,2.10,2.10,True,18,2026-10-29,30.0,False,True,2013-09-23,0,0,2026-09-11 BNP Paribas: main -> Outperform,0,,0,,N/A,0,N/A,0,0,,,,,,,,,,,,,,,,,,,,,,,,,,,,,
AMRX,up,WATCH,20.14,20.5,2026-09-28,True,20.8,18:56,1.46,sip,,,,,0,20.41,09:30,-0.44,sip,,,PULLBACK,Pullback in uptrend,C,UPTREND,2.19,2.4,True,True,10,18.74,18.49,21.17,0.63,19.56,,price,,20.5,"Price: pull back to 19.56 or lower (R:R 1.5+ with the same stop and target) | Then the turn has to show at that price - daily: back above yesterday's close 20.50, or a close in the top half of the day's range; 1h: reclaim the session VWAP (20.26) and 1h MACD bullish or 1h %K above %D | Confirmations: any 1 of: Volume fading into the end of the dip, or Daily stochastic reset",5.6,T1 - nearest real resistance (120-bar high + 20-bar high + 52-week high),,2.0,no turn yet on the daily and 1h charts; confirmations 2/4 (need 3); R:R 0.63 below 1.5,no turn yet on the daily and 1h charts; confirmations 2/4 (need 3); R:R 0.63 below 1.5,,,,,,,False,False,0,False,False,False,False,20.14,18.01,True,77.48,73.07,True,True,False,,16.56,21.17,20.14,18.61,True,67.48,69.81,False,False,False,,16.56,21.17,20.14,19.62,True,52.36,55.47,False,False,False,bullish_harami,19.33,20.76,20.06,20.76,0.7,0.97,72.2,19.79,21.03,19.33,18.49,21.17,T1 - nearest real resistance (120-bar high + 20-bar high + 52-week high),0.63,True,19.54,20.26,False,up,WATCH setup overrides the 1h channel (channel rising but weak fit (R2 0.04 < 0.5)),19.32,low,2026-09-16,True,20,7,7,6,0,up,2,mixed,3,19.0,20.0,21.0,0.25,0.04,57.0,False,S1,2.6,False,2.32,,,17.89,-11.17,15.0,,,,21.17,5.11,1.0,0.62,,,,,"Amneal Pharmaceuticals, Inc.",Healthcare,Drug Manufacturers - Specialty & Generic,7140068864,41.0,17.189768,1.88,199.02913,2.2902834,0.5,,0.050479997,0.18335,6.1301703,0.099,-115327128.0,2386.528,2.205,0.48441002,0.046,1.242,21.175,9.56,22.71429,91.1,Strong Buy,1.43,7,3.0,4.0,0.0,0.0,0.0,0.23,0.23,True,7,2026-10-29,30.0,False,False,,0,0,2026-09-23 Oppenheimer: init -> Outperform,0,,0,,N/A,0,N/A,0,0,,,,,,True,False,False,True,True,,,,,,,,,,,,,,,,,,,
AMZN,filtered,WAIT,247.23,246.26,2026-09-28,True,246.34,19:59,0.03,sip,246.55,03:49,0.12,boats,731,246.59,09:30,0.13,sip,,,,,-,DOWNTREND,-1.27,-0.48,False,True,0,,,,,,,,,,,,,,,,downtrend (below a falling EMA50) - no long setup,,,,,,,True,True,4,True,True,True,True,247.23,253.89,False,22.67,26.96,False,False,False,,244.3,259.49,247.23,253.2,False,13.24,14.81,False,True,False,bullish_engulfing,244.3,259.49,247.23,249.32,False,48.01,40.88,True,True,False,bullish_harami,244.73,250.88,245.14,248.84,3.7,5.24,70.6,243.6,250.38,244.73,242.11,250.85,T1 - nearest resistance,0.71,True,249.6,246.76,True,down,channel sloping down,257.9,low,2026-07-23,False,20,7,11,2,-4,down,1,up,1,240.55,244.73,248.91,-0.69,0.73,80.0,False,S1,0.51,False,0.64,False,1.71,243.9,-1.35,3.0,238.25,-3.63,1.0,250.85,1.46,3.0,0.71,258.01,4.36,7.0,2.11,"Amazon.com, Inc.",Consumer Cyclical,Internet Retail,2655051055104,20.077486,23.498806,1.48,4.8117523,3.422869,12.26,,0.1744,0.13689,0.30558002,0.196,3219124992.0,45.617,1.033,0.68714,0.0083,1.443,287.2,196.0,329.5393,56.2,Strong Buy,1.32,57,15.0,42.0,2.0,0.0,0.0,1.94,1.95,False,43,2026-10-29,30.0,False,True,2005-11-18,0,0,2026-09-03 Wells Fargo: main -> Overweight,0,,0,,17,40,53.8,4500,0,,,,ticker filtered out,,,,,,,,,,,,,,,,,,,,,,,,,
ANET,down,WAIT,202.66,204.96,2026-09-28,True,205.01,19:57,0.02,sip,205.0,03:43,0.02,boats,14,204.7,09:30,-0.13,sip,,,SUPPORT_BOUNCE,Support bounce,D,UPTREND,1.51,1.55,True,True,43,199.89,196.17,210.55,1.22,201.92,,,,204.96,"Setup: Rejection - closed back above the test bar / upper half of range | Price: pull back to 201.92 or lower (R:R 1.5+ with the same stop and target) | Then the turn has to show at that price - daily: back above yesterday's close 204.96, or a close in the top half of the day's range; 1h: reclaim the session VWAP (203.27) | Confirmations: any 1 of: Volume on the bounce >= average, or Daily stochastic reset and turning up",8.1,"T1 - nearest real resistance (swing level, 5 touch(es))",,2.0,Rejection - closed back above the test bar / upper half of range; no turn yet on the daily and 1h charts; confirmations 2/4 (need 3); R:R 1.22 below 1.5,weak support bounce: Rejection - closed back above the test bar / upper half of range; no turn yet on the daily and 1h charts; confirmations 2/4 (need 3); R:R 1.22 below 1.5,MA_BOUNCE(weak),,,,,,False,False,1,False,False,True,False,202.66,191.44,True,71.84,78.22,False,False,False,,192.98,212.0,202.66,197.98,True,38.24,49.89,False,False,False,bullish_harami,192.98,212.0,202.66,203.49,False,26.74,22.53,True,True,False,,201.35,209.41,201.35,207.48,6.13,7.45,82.3,200.03,208.8,201.35,196.17,210.55,"T1 - nearest real resistance (swing level, 5 touch(es))",1.22,True,205.25,203.27,False,down,channel rising but weak fit (R2 0.02 < 0.5),193.54,low,2026-07-29,True,20,8,8,4,0,down,1,up,1,201.63,205.09,208.56,0.07,0.02,15.0,False,S1,0.65,True,0.37,False,2.43,199.89,-1.37,3.0,184.55,-8.94,6.0,210.55,3.89,5.0,1.22,,,,,"Arista Networks, Inc.",Technology,Computer Hardware,258450161664,65.05396,39.50326,1.55,17.46527,24.519028,3.15,,0.38371,0.45393002,0.31476,0.377,3891512576.0,,2.957,0.73341006,0.0127,1.617,214.89,114.52,241.92892,87.8,Strong Buy,1.29,28,7.0,23.0,1.0,0.0,0.0,1.08,1.08,True,25,2026-11-03,35.0,False,True,2018-08-28,0,0,2026-09-01 Deutsche Bank: init -> Buy,0,,0,,N/A,0,N/A,0,0,,,,not fetched for down-trend tickers,,,,,,True,True,False,False,False,True,,,,,,,,,,,,,,
APH,up,WAIT,83.97,84.61,2026-09-28,True,85.42,19:13,0.96,sip,,,,,0,85.12,09:30,0.6,sip,,,SUPPORT_BOUNCE,Support bounce,D,UPTREND_WEAK,1.21,0.88,False,True,7,82.34,80.89,85.71,0.56,82.82,,,85.71,84.61,"Setup: Rejection - closed back above the test bar / upper half of range | Price: pull back to 82.82 or lower (R:R 1.5+ with the same stop and target) OR close above 85.71 on 1.5x+ volume (becomes a fresh breakout) | Then the turn has to show at that price - daily: back above yesterday's close 84.61, or a close in the top half of the day's range; 1h: reclaim the session VWAP (84.52) and 1h MACD bullish or 1h %K above %D | Confirmations: any 3 of: Bullish candle; Volume on the bounce >= average; Daily stochastic reset and turning up; Trend context intact",10.4,T1 - overhead resistance (20-bar high) inside 1 ATR,"85.71, 86.22",0.0,Rejection - closed back above the test bar / upper half of range; no turn yet on the daily and 1h charts; confirmations 0/4 (need 3); R:R 0.56 below 1.5,weak support bounce: Rejection - closed back above the test bar / upper half of range; no turn yet on the daily and 1h charts; confirmations 0/4 (need 3); R:R 0.56 below 1.5,,,,,,,False,False,1,False,False,True,False,83.97,80.44,True,84.3,83.58,True,False,True,,76.74,86.22,83.97,81.35,True,78.88,81.71,False,False,False,,76.74,86.22,83.97,82.84,True,44.18,48.37,False,False,False,,82.52,86.22,83.82,86.22,2.4,2.91,82.5,83.31,86.73,82.52,80.89,85.71,T1 - overhead resistance (20-bar high) inside 1 ATR,0.56,True,82.33,84.52,False,up,channel rising (R2 0.8),80.85,low,2026-07-28,True,20,10,7,3,3,mixed,1,up,1,83.7,84.88,86.06,0.69,0.8,12.0,False,S1,0.96,False,0.56,False,2.49,82.34,-1.94,7.0,76.73,-8.62,3.0,86.22,2.68,2.0,0.73,88.17,5.0,1.0,1.36,Amphenol Corporation,Technology,Electronic Components,208670113792,42.099503,25.796501,0.96,13.465946,7.192644,2.01,0.59,0.17729001,0.29779,0.38115,0.55,3818374912.0,120.415,1.888,0.96765,0.0145000005,1.242,89.26,59.005,99.38889,82.5,Strong Buy,1.44,18,4.0,12.0,2.0,0.0,0.0,0.72,0.72,True,15,2026-10-28,29.0,False,True,2008-09-30,0,0,2026-09-23 Bernstein: init -> Outperform,0,,0,,N/A,0,N/A,0,2,2026-09-29 13:02,"Amphenol, Stock Of The Day, Offers Entry Amid Booming AI Growth",https://finnhub.io/api/news?id=04c2dd51d72364df53fe5a01ae2b294d229e43c3591a4b50b34c7b4dd0529492,,,,,,,False,True,False,False,False,False,,,,,,,,,,,,,,
ARMK,down,WAIT,54.37,54.26,2026-09-28,True,54.26,16:00,0.0,sip,,,,,0,54.13,09:30,-0.24,sip,,,,,-,DOWNTREND,-1.78,-0.76,False,True,0,,,,,,,,,,,,,,,,downtrend (below a falling EMA50) - no long setup,,,,,,,True,True,3,True,True,True,False,54.37,56.68,False,9.56,9.03,True,True,False,,53.76,58.79,54.37,56.65,False,9.79,10.91,False,True,False,bullish_engulfing,53.76,58.79,54.37,55.19,False,38.62,27.86,True,True,False,,53.76,55.03,53.76,54.38,0.62,1.3,47.7,53.08,55.06,53.76,53.11,55.8,T1 - nearest resistance,1.13,True,56.57,54.06,True,down,channel sloping down,54.06,low,2026-09-29,True,20,6,10,4,-4,mixed,1,down,3,52.93,53.73,54.52,-0.84,0.84,90.0,,,,,,,,,,,,,,55.8,2.63,7.0,1.13,58.45,7.5,5.0,3.24,Aramark,Industrials,Specialty Business Services,14304293888,38.48227,19.272776,0.86,4.213387,0.72079134,1.41,0.87,0.01929,0.04422,0.11694,0.093,374142496.0,186.724,1.285,1.00331,0.031400003,1.19,62.65,35.07,68.5,70.0,Strong Buy,1.50,16,3.0,11.0,1.0,0.0,1.0,0.75,0.75,True,12,2026-11-24,56.0,False,False,,0,0,,0,,0,,N/A,0,N/A,0,0,,,,not fetched for down-trend tickers,,,,,,,,,,,,,,,,,,,,,,,,,
ARQT,up,WATCH,26.97,27.35,2026-09-28,True,27.33,16:02,-0.07,sip,,,,,0,27.26,09:30,-0.33,sip,,,MA_BOUNCE,MA bounce,C,UPTREND,0.94,1.05,True,True,10,25.85,24.75,26.99,0.01,25.65,,price,26.99,27.35,"Price: pull back to 25.65 or lower (R:R 1.5+ with the same stop and target) OR close above 26.99 on 1.5x+ volume (becomes a fresh breakout) | Then the turn has to show at that price - daily: back above yesterday's close 27.35, or a close in the top half of the day's range; 1h: reclaim the session VWAP (27.05) and 1h MACD bullish or 1h %K above %D",4.9,"T1 - overhead resistance (swing level, 2 touch(es)) inside 1 ATR","26.99, 28.29",3.0,no turn yet on the daily and 1h charts; R:R 0.01 below 1.5,no turn yet on the daily and 1h charts; R:R 0.01 below 1.5,PULLBACK(watch),,,,,True,False,False,0,False,False,False,False,26.97,25.6,True,76.69,71.61,True,True,False,,23.63,28.29,26.97,25.65,True,63.13,67.56,False,False,False,,23.63,28.29,26.97,26.49,True,50.07,52.61,False,False,False,bullish_harami,25.88,27.64,26.73,27.64,0.91,1.46,62.3,26.18,28.19,25.88,24.75,26.99,"T1 - overhead resistance (swing level, 2 touch(es)) inside 1 ATR",0.01,True,26.9,27.05,False,up,WATCH setup overrides the 1h channel (channel rising but weak fit (R2 0.18 < 0.5)),25.87,low,2026-09-15,True,20,10,6,4,4,up,2,down,1,25.85,27.12,28.38,0.54,0.18,44.0,False,S1,1.37,False,1.17,False,2.58,25.26,-6.34,8.0,23.21,-13.94,4.0,26.99,0.07,2.0,0.01,28.99,7.49,5.0,0.91,"Arcutis Biotherapeutics, Inc.",Healthcare,Biotechnology,3435161344,124.22727,20.095589,,15.563781,7.4036684,0.22,,0.06147,0.12651,0.15864,0.593,21685376.0,51.744,2.917,1.0849099,0.1566,1.503,31.77,18.62,37.0,63.5,Buy,1.57,7,2.0,4.0,1.0,0.0,0.0,0.17,0.16,True,5,2026-10-27,28.0,False,False,,0,0,,0,,0,,N/A,0,N/A,0,0,,,,,,,True,,,True,,True,,False,,,,,,,,,True,True,,,,,
ATI,down,WAIT,188.35,180.6,2026-09-28,True,180.67,16:00,0.04,sip,,,,,0,185.7,09:30,2.82,sip,,,,,-,DOWNTREND,-1.0,-1.29,False,False,0,,,,,,,,,,,,,,,,downtrend (below a falling EMA50) - no long setup,,,,,,,True,True,3,True,True,True,False,188.35,196.57,False,20.36,18.02,True,True,False,,178.26,197.0,188.35,194.32,False,46.19,29.54,True,True,False,,178.26,197.0,188.35,185.97,True,97.94,97.16,True,True,True,,178.26,188.68,182.42,188.68,6.26,8.22,76.2,180.46,190.64,178.26,174.15,198.12,T1 - nearest resistance,0.69,True,185.57,186.02,True,down,channel sloping down,203.88,low,2026-07-29,False,20,5,11,4,-6,down,1,mixed,1,179.04,183.24,187.44,-0.4,0.33,111.0,False,S1,0.86,False,1.19,,,178.6,-5.18,4.0,,,,198.12,5.19,6.0,0.69,212.29,12.71,1.0,1.69,ATI Inc.,Industrials,Metal Fabrication,24601903104,54.418674,28.349775,1.33,13.109128,5.2175736,3.32,,0.10090999,0.18198,0.25357,0.106,346687488.0,109.699,2.327,0.9546,0.048499998,1.011,243.57,79.29,259.8889,66.4,Strong Buy,1.11,9,1.0,8.0,0.0,0.0,0.0,1.37,1.16,True,8,2026-10-27,28.0,False,False,,0,0,,0,,0,,N/A,0,N/A,0,0,,,,not fetched for down-trend tickers,,,,,,,,,,,,,,,,,,,,,,,,,
ATRO,down,WAIT,67.04,67.7,2026-09-28,True,67.65,16:00,-0.07,sip,,,,,0,68.72,09:30,1.51,sip,,,,,-,DOWNTREND,-1.65,-1.21,False,False,0,,,,,,,,,67.7,,,,,,,downtrend (below a falling EMA50) - no long setup,,,,,,,False,True,3,True,True,True,False,67.04,72.41,False,36.4,39.79,False,False,False,,62.65,70.41,67.04,71.1,False,39.78,53.04,False,False,False,,62.65,70.41,67.04,68.24,False,38.18,36.49,True,True,False,,65.66,69.46,65.66,68.99,3.33,3.25,102.5,65.74,68.91,65.66,64.03,70.41,T1 - nearest resistance,1.12,True,68.94,66.85,True,down,channel sloping down,67.08,low,2026-09-17,False,20,7,9,4,-2,down,1,mixed,3,66.03,67.48,68.93,-0.5,0.47,35.0,False,S1,1.32,False,0.81,False,1.35,64.42,-3.91,2.0,62.65,-6.55,1.0,70.41,5.03,1.0,1.12,73.37,9.44,5.0,2.1,Astronics Corporation,Industrials,Aerospace & Defense,2909563136,37.793297,21.493248,1.45,14.677804,3.0884132,1.83,,0.083979994,0.14797,0.33682,0.27,16814124.0,178.068,2.973,0.90182996,0.0946,1.201,94.46,33.12051,100.5,55.3,None,N/A,4,1.0,3.0,0.0,0.0,0.0,0.72,0.60,True,4,2026-11-05,37.0,False,False,,0,0,,0,,0,,N/A,0,N/A,0,0,,,,not fetched for down-trend tickers,,,,,,,,,,,,,,,,,,,,,,,,,
AU,down,WAIT,94.39,92.76,2026-09-28,True,92.98,18:46,0.24,sip,93.26,03:43,0.54,boats,37,93.72,09:30,1.03,sip,,,,,-,DOWNTREND,-1.33,-0.66,False,True,0,,,,,,,,,,,,,,,,downtrend (below a falling EMA50) - no long setup,,,,,,,True,True,3,True,True,True,False,94.39,99.54,False,13.2,12.34,True,True,False,,91.85,104.96,94.39,101.28,False,13.72,13.41,True,True,False,,91.85,104.96,94.39,97.44,False,52.48,37.58,True,True,False,,91.85,99.06,93.06,94.61,1.56,3.87,40.3,90.74,96.93,91.85,89.92,98.2,T1 - nearest resistance,0.85,True,98.54,93.95,True,down,channel sloping down,102.18,low,2026-07-31,False,20,6,12,2,-6,down,1,up,1,89.95,93.18,96.4,-1.55,0.77,69.0,True,S1,-0.16,True,0.01,False,3.14,94.34,-0.05,1.0,82.23,-12.88,3.0,98.2,4.04,1.0,0.85,101.27,7.29,1.0,1.54,AngloGold Ashanti plc,Basic Materials,Gold,46920212480,13.271817,9.24304,0.78,5.286943,3.9678824,7.46,4.56,0.32195,0.51192003,0.44731,0.27,3956124928.0,16.676,2.708,0.7517,0.009,0.75,129.14,62.55,117.5,47.8,Buy,1.88,8,3.0,3.0,2.0,0.0,0.0,1.99,0.00,True,3,2026-11-05,37.0,False,False,,0,1,2026-09-16 RBC Capital: main -> Outperform,0,,0,,N/A,0,N/A,0,0,,,,not fetched for down-trend tickers,,,,,,,,,,,,,,,,,,,,,,,,,
AVGO,filtered,WAIT,355.54,349.57,2026-09-28,True,349.47,19:59,-0.03,sip,350.06,03:59,0.14,boats,1907,358.89,09:30,2.67,sip,,,,,-,DOWNTREND,-1.4,-0.99,True,False,0,,,,,,,,,358.05,,,,,,,downtrend (below a falling EMA50) - no long setup,,,,,,,True,False,4,True,True,True,True,355.54,369.38,False,50.84,46.44,True,True,False,,335.81,366.54,355.54,360.22,False,34.2,28.14,True,True,False,,335.81,366.54,355.54,353.99,True,56.88,58.6,False,False,False,hammer,347.32,361.86,354.0,361.86,7.86,9.9,79.4,351.96,363.9,347.32,342.37,357.71,T1 - nearest resistance,0.16,True,349.84,358.05,False,down,channel sloping down,353.69,low,2026-09-16,True,20,8,9,3,-1,mixed,1,up,1,342.17,350.67,359.17,-0.4,0.31,79.0,False,S1,1.26,False,0.92,False,1.99,346.43,-2.56,3.0,335.81,-5.55,1.0,357.71,0.61,2.0,0.16,372.51,4.77,6.0,1.29,Broadcom Inc.,Technology,Semiconductors,1668717871104,45.04768,18.03403,0.35,16.740255,18.727755,7.85,0.74,0.42944,0.54307,0.44245,0.855,30596499456.0,59.604,2.504,0.79813004,0.0111,1.457,495.0,289.96,531.8468,32.0,Strong Buy,1.26,47,7.0,40.0,3.0,0.0,0.0,3.83,3.88,False,39,2026-12-09,71.0,False,True,2014-05-08,1,0,2026-09-10 Piper Sandler: init -> Overweight,0,,0,,42,14,7.7,3928,0,,,,ticker filtered out,,,,,,,,,,,,,,,,,,,,,,,,,
AVNT,down,WAIT,40.74,41.2,2026-09-28,True,41.19,16:00,-0.02,sip,,,,,0,41.24,09:30,0.1,sip,,,,,-,CORRECTION,-0.41,-0.06,True,False,0,,,,,,,,,41.2,,,,,,,under EMA50 by 0.4 ATR with a higher low intact - wait for a support bounce or an EMA50 reclaim,,,,,,,False,False,2,True,False,True,False,40.74,41.11,False,44.28,37.97,True,True,False,,39.72,41.98,40.74,41.58,False,45.79,56.55,False,False,False,,39.72,41.98,40.74,41.01,False,35.0,39.65,False,False,False,,40.39,41.49,40.71,41.38,0.67,0.91,73.6,40.47,41.62,40.39,39.93,41.49,T1 - nearest resistance,0.93,True,41.25,40.94,False,down,channel rising but weak fit (R2 0.03 < 0.5),42.62,low,2026-07-29,False,20,6,9,5,-3,mixed,1,up,1,40.49,41.05,41.61,0.06,0.03,22.0,False,S1,1.0,True,0.45,False,1.12,40.33,-1.01,1.0,39.72,-2.5,1.0,41.49,1.84,1.0,0.93,42.2,3.58,4.0,1.8,Avient Corporation,Basic Materials,Specialty Chemicals,3777928192,22.264864,11.785374,1.22,1.5503029,1.1340021,1.85,2.66,0.051030003,0.1277,0.071100004,0.058,263787504.0,76.563,1.9,1.07981,0.059499998,1.305,46.64,27.48,50.85714,69.2,Buy,1.57,7,0.0,5.0,2.0,0.0,0.0,0.80,0.80,True,7,2026-11-09,41.0,False,False,,0,0,,0,,0,,N/A,0,N/A,0,0,,,,not fetched for down-trend tickers,,,,,,,,,,,,,,,,,,,,,,,,,
AVPT,down,WAIT,13.52,13.68,2026-09-28,True,13.61,16:34,-0.51,sip,13.59,02:52,-0.66,boats,31,13.73,09:30,0.37,sip,,,,,-,UPTREND_WEAK,0.98,0.48,True,False,12,,,,,,,,,13.68,,,,,,,"above the EMA50 but not a clean uptrend yet (missing: higher highs) - pullback and MA-bounce setups need higher highs, higher lows and a rising EMA50",,,,,,,False,True,2,True,False,True,False,13.52,13.02,True,60.08,49.3,True,True,False,,12.64,13.91,13.52,13.27,True,74.22,69.78,True,True,False,bullish_harami,12.64,13.91,13.52,13.28,True,67.69,63.11,True,True,False,,12.64,13.91,13.31,13.91,0.6,0.5,120.0,13.41,13.81,12.64,12.39,13.53,T1 - nearest resistance,0.01,True,13.11,13.48,True,down,channel rising but weak fit (R2 0.05 < 0.5),13.19,low,2026-07-23,True,20,4,11,5,-7,mixed,1,up,1,12.9,13.29,13.69,0.16,0.05,78.0,False,S1,2.08,False,1.66,False,2.92,12.69,-6.14,6.0,12.06,-10.8,2.0,13.53,0.07,9.0,0.01,14.39,6.43,1.0,0.77,"AvePoint, Inc.",Technology,Software - Infrastructure,2892099328,41.42424,27.581614,,6.6166506,6.204198,0.33,,0.15334,0.08212,0.16246,0.22,81431248.0,6.143,1.999,0.69523,0.0621,1.186,15.58,8.835,16.791,69.5,Buy,1.71,13,2.0,8.0,4.0,0.0,0.0,0.09,0.09,True,12,2026-11-05,37.0,False,False,,0,0,2026-09-21 Stephens & Co.: main -> Overweight,0,,0,,N/A,0,N/A,0,0,,,,not fetched for down-trend tickers,,,,,,,,,,,,,,,,,,,,,,,,,
AXTA,down,WAIT,32.61,32.69,2026-09-28,True,32.68,16:00,-0.03,sip,32.45,03:46,-0.73,boats,18,32.52,09:30,-0.52,sip,,,,,-,DOWNTREND,-1.95,-0.99,False,False,0,,,,,,,,,,,,,,,,downtrend (below a falling EMA50) - no long setup,,,,,,,True,True,3,True,True,True,False,32.61,34.12,False,24.59,19.38,True,True,False,hammer,31.84,33.65,32.61,33.81,False,41.26,43.59,False,True,False,bullish_harami,31.84,33.65,32.61,32.68,False,64.68,55.65,True,True,False,,32.01,32.98,32.36,32.7,0.34,0.78,43.6,31.92,33.14,32.01,31.62,33.05,T1 - nearest resistance,0.44,True,32.46,32.5,True,down,channel rising but weak fit (R2 0.01 < 0.5),34.94,low,2026-07-23,False,20,5,12,3,-7,down,1,up,1,31.93,32.6,33.26,0.04,0.01,51.0,False,S1,0.99,False,1.1,,,31.75,-2.64,3.0,,,,33.05,1.35,3.0,0.44,33.66,3.22,2.0,1.06,Axalta Coating Systems Ltd.,Basic Materials,Specialty Chemicals,6994173440,20.17284,11.3796625,2.04,2.7730167,1.358092,1.62,,0.06777,0.15156001,0.14344,0.031,539500032.0,119.424,1.533,1.07623,0.0432,1.239,38.61,24.937,39.33333,56.1,Buy,2.19,15,1.0,6.0,9.0,0.0,0.0,0.72,0.72,True,14,2026-10-28,29.0,False,False,,0,0,2026-09-11 Keybanc: init -> Overweight,0,,0,,N/A,0,N/A,0,0,,,,not fetched for down-trend tickers,,,,,,,,,,,,,,,,,,,,,,,,,
BE,up,WATCH,291.66,262.9,2026-09-28,True,264.84,19:59,0.74,sip,266.48,03:43,1.36,boats,1754,278.44,09:30,5.91,sip,,,FRESH_BREAKOUT,Fresh breakout,C,UPTREND,2.08,2.64,True,True,18,288.0,275.01,312.19,1.23,289.88,,price,312.19,293.69,Price: pull back to 289.88 or lower (R:R 1.5+ with the same stop and target) OR close above 312.19 on 1.5x+ volume (becomes a fresh breakout) | Then the turn has to show at that price - 1h: reclaim the session VWAP (293.69) and 1h MACD bullish or 1h %K above %D,3.1,"T1 - overhead resistance (swing level, 5 touch(es)) inside 1 ATR",312.19,4.0,no turn yet on the 1h chart; R:R 1.23 below 1.5,no turn yet on the 1h chart; R:R 1.23 below 1.5,,True,True,True,True,True,True,False,0,False,False,False,False,291.66,248.4,True,67.39,68.46,False,True,False,,251.3,302.35,291.66,259.32,True,65.05,55.14,True,True,False,,251.3,302.35,291.66,277.51,True,77.63,81.83,False,False,False,,259.46,302.35,271.2,302.35,31.15,20.81,149.7,281.54,292.01,259.46,275.01,312.19,"T1 - overhead resistance (swing level, 5 touch(es)) inside 1 ATR",1.23,True,274.27,293.69,False,up,WATCH setup overrides the 1h channel (channel rising but weak fit (R2 0.11 < 0.5)),236.16,low,2026-07-29,True,20,10,6,4,4,down,1,up,1,261.86,282.98,304.11,0.64,0.11,71.0,True,S1,-0.36,True,0.28,False,1.95,285.91,-1.97,2.0,251.02,-13.93,5.0,,,,,,,,,Bloom Energy Corporation,Industrials,Electrical Equipment & Parts,77422403584,337.01282,53.334442,0.65,47.838036,24.869474,0.78,,0.07868,0.17106001,0.22213,1.655,531637504.0,171.578,4.087,0.86210996,0.0734,3.811,351.28,70.89,280.23846,78.7,Buy,2.24,26,5.0,10.0,12.0,1.0,1.0,0.67,0.67,True,17,2026-10-27,28.0,False,True,2026-09-21,0,0,2026-09-28 RBC Capital: main -> Outperform,0,,0,,5,75,212.5,138,22,2026-09-29 15:05,These S&P500 stocks are moving in today's session,https://finnhub.io/api/news?id=315e57ce622f8cc62888c5533b64c07666c88222f0472c993343a6500fe225eb,,,,,,,,,,,,,,,,,,,,,,,,,,
BIIB,up,WAIT,227.43,228.71,2026-09-28,True,228.69,16:00,-0.01,sip,,,,,0,227.63,09:30,-0.47,sip,,,SUPPORT_BOUNCE,Support bounce,D,UPTREND,2.22,1.29,True,True,48,222.41,219.67,230.49,0.39,224.0,,,230.49,,"Setup: Rejection - closed back above the test bar / upper half of range | Price: pull back to 224.00 or lower (R:R 1.5+ with the same stop and target) OR close above 230.49 on 1.5x+ volume (becomes a fresh breakout) | Confirmations: any 1 of: Volume on the bounce >= average, or Daily stochastic reset and turning up",6.6,T1 - overhead resistance (52-week high + 120-bar high + 20-bar high) inside 1 ATR,"229.01, 230.49",2.0,Rejection - closed back above the test bar / upper half of range; confirmations 2/4 (need 3); R:R 0.39 below 1.5,weak support bounce: Rejection - closed back above the test bar / upper half of range; confirmations 2/4 (need 3); R:R 0.39 below 1.5,,,,,,,True,True,2,False,False,True,True,227.43,215.24,True,90.73,91.16,False,False,True,,214.59,230.49,227.43,220.02,True,81.82,86.24,False,False,True,bullish_engulfing,214.59,230.49,227.43,225.1,True,44.95,40.18,True,True,False,,223.76,230.49,224.45,229.41,4.96,5.48,90.5,223.93,229.93,223.76,219.67,230.49,T1 - overhead resistance (52-week high + 120-bar high + 20-bar high) inside 1 ATR,0.39,True,226.83,226.52,True,up,channel rising (R2 0.59),214.14,low,2026-07-23,True,20,10,5,5,5,up,1,mixed,2,225.5,229.14,232.78,0.48,0.59,26.0,True,S1,0.33,True,0.3,False,0.92,225.8,-0.72,1.0,222.41,-2.21,3.0,229.01,0.69,1.0,0.2,,,,,Biogen Inc.,Healthcare,Drug Manufacturers - General,33789861888,40.692173,13.829951,2.35,1.7921009,3.369585,5.62,,0.083229996,0.25058,0.04575,0.034,1266987520.0,44.329,1.865,0.995,0.043899998,0.171,230.49,136.94,238.18195,96.7,Buy,1.89,31,3.0,19.0,12.0,1.0,0.0,2.03,2.04,False,26,2026-10-28,29.0,False,True,2003-11-13,0,0,2026-09-10 HSBC: main -> Reduce,0,,0,,N/A,0,N/A,0,1,2026-09-29 00:23,"Why Did KOD, RGEN, BIIB Stocks Rise To 52-Week Highs?",https://finnhub.io/api/news?id=e56065f8d8bb86d533d9eb5479d567e55420ae19d538b5fd5211f4c034ab3811,,,,,,,True,True,False,False,False,True,,,,,,,,,,,,,,
BTSG,down,WAIT,55.71,56.54,2026-09-28,True,56.5,19:48,-0.07,sip,56.5,00:12,-0.07,boats,1,56.4,09:30,-0.25,sip,,,,,-,DOWNTREND,-2.03,-1.38,False,False,0,,,,,,,,,56.54,,,,,,,downtrend (below a falling EMA50) - no long setup,,,,,,,False,True,3,True,True,True,False,55.71,59.92,False,17.62,16.6,True,False,False,,54.87,60.0,55.71,58.45,False,38.83,45.87,False,False,False,bullish_harami;hammer,54.87,60.0,55.71,56.55,False,16.8,15.96,True,True,False,bullish_engulfing;bullish_harami,55.26,57.69,55.26,56.8,1.54,2.07,74.4,54.73,57.33,55.26,54.22,57.61,T1 - nearest resistance,1.28,True,56.59,55.66,True,down,channel sloping down,56.31,low,2026-09-24,False,20,8,6,6,2,up,2,down,2,55.16,56.15,57.13,-0.05,0.01,27.0,False,S1,0.62,True,0.29,,,55.11,-1.08,2.0,,,,57.61,3.41,6.0,1.28,60.65,8.87,1.0,3.32,"BrightSpring Health Services, Inc.",Healthcare,Health Information Services,11187244032,50.482143,24.817513,,5.686413,0.77842724,1.12,,0.02547,0.03367,0.13036,0.23,1028438976.0,116.007,1.588,1.08403,0.0798,1.85,73.75,27.11,78.94118,61.3,Strong Buy,1.18,17,3.0,14.0,0.0,0.0,0.0,0.47,0.44,True,16,2026-10-30,31.0,False,False,,0,0,,0,,0,,N/A,0,N/A,0,0,,,,not fetched for down-trend tickers,,,,,,,,,,,,,,,,,,,,,,,,,
BWA,down,WAIT,61.14,61.09,2026-09-28,True,61.07,16:00,-0.03,sip,,,,,0,61.06,09:30,-0.05,sip,,,,,-,DOWNTREND,-1.51,-1.24,False,False,0,,,,,,,,,,,,,,,,downtrend (below a falling EMA50) - no long setup,,,,,,,True,True,3,True,True,True,False,61.14,64.19,False,33.61,24.84,True,True,False,hammer,58.1,64.5,61.14,63.23,False,49.52,47.77,True,True,False,,58.1,64.5,61.14,61.25,False,35.61,29.29,True,True,False,,59.82,62.12,60.36,61.31,0.95,2.02,47.0,59.29,62.38,59.82,58.81,63.03,T1 - nearest resistance,0.81,True,60.97,60.86,True,down,channel sloping down,60.32,low,2026-09-24,True,20,7,10,3,-3,up,2,down,3,57.91,60.03,62.16,-0.48,0.23,76.0,True,S1,0.09,True,0.13,False,1.5,60.87,-0.44,4.0,58.1,-4.97,1.0,63.03,3.09,1.0,0.81,65.94,7.85,8.0,2.06,BorgWarner Inc.,Consumer Cyclical,Auto Parts,12437904384,30.232674,10.279588,0.33,2.2127612,0.8671155,2.02,1.11,0.02893,0.106359996,0.08056,0.003,1066249984.0,70.11,2.127,1.0919499,0.0359,1.103,78.82,40.5,79.93333,53.9,Buy,1.93,15,4.0,6.0,5.0,0.0,0.0,1.26,1.26,True,13,2026-10-29,30.0,False,False,,0,0,2026-09-01 RBC Capital: init -> Outperform,0,,0,,N/A,0,N/A,0,0,,,,not fetched for down-trend tickers,,,,,,,,,,,,,,,,,,,,,,,,,
CART,down,WAIT,43.54,43.34,2026-09-28,True,43.34,16:00,0.0,sip,,,,,0,43.33,09:30,-0.02,sip,,,,,-,DOWNTREND,-1.95,-1.6,False,False,0,,,,,,,,,43.72,,,,,,,downtrend (below a falling EMA50) - no long setup,,,,,,,True,False,3,True,True,True,False,43.54,46.69,False,15.81,13.51,True,True,False,,42.04,47.1,43.54,46.32,False,33.73,30.07,True,True,False,,42.04,47.1,43.54,44.01,False,70.34,70.95,False,True,False,bullish_harami,42.04,44.22,43.3,44.22,0.92,1.61,57.1,42.61,44.91,42.04,41.23,43.78,T1 - nearest resistance,0.1,True,43.35,43.72,False,down,channel sloping down,43.35,low,2026-09-28,True,20,5,11,4,-6,down,1,mixed,2,41.2,42.76,44.33,-0.7,0.38,75.0,False,S1,0.76,False,0.89,,,42.11,-3.28,2.0,,,,43.78,0.55,1.0,0.1,44.74,2.76,2.0,0.52,Maplebear Inc.,Consumer Cyclical,Internet Retail,10286029824,23.68306,8.850335,1.74,4.349659,2.5760155,1.84,,0.120459996,0.14094,0.16001,0.141,917875008.0,1.348,2.279,0.79229,0.1058,0.799,52.68,32.73,58.14286,54.2,Buy,2.03,28,5.0,13.0,14.0,0.0,0.0,0.63,0.63,True,26,2026-11-09,41.0,False,False,,0,0,2026-09-02 Argus Research: main -> Buy,0,,0,,N/A,0,N/A,0,0,,,,not fetched for down-trend tickers,,,,,,,,,,,,,,,,,,,,,,,,,
CAT,down,WAIT,827.03,819.36,2026-09-28,True,819.9,19:40,0.07,sip,819.16,03:22,-0.02,boats,31,827.15,09:30,0.95,sip,,,,,-,CORRECTION,-0.17,-0.35,True,False,0,,,,,,,,,,,,,,,,under EMA50 by 0.2 ATR with a higher low intact - wait for a support bounce or an EMA50 reclaim,,,,,,,True,True,2,True,False,True,False,827.03,830.58,False,87.9,77.34,True,True,True,hammer,774.47,829.74,827.03,814.41,True,81.25,78.91,True,True,True,,774.47,829.74,827.03,813.81,True,80.28,71.01,True,True,True,,808.2,829.74,815.5,829.74,14.24,20.67,68.9,809.07,836.17,808.2,797.87,833.39,T1 - nearest resistance,0.22,True,818.01,823.43,True,down,channel rising but weak fit (R2 0.22 < 0.5),805.0,low,2026-09-02,True,20,7,7,6,0,mixed,1,up,1,806.36,819.96,833.56,0.22,0.22,76.0,False,S1,1.43,False,1.42,False,2.59,797.6,-3.56,2.0,773.42,-6.48,3.0,833.39,0.77,5.0,0.22,871.2,5.34,1.0,1.51,Caterpillar Inc.,Industrials,Farm & Heavy Construction Machinery,376910413824,35.34267,25.324812,1.44,19.43332,5.043697,23.2,0.79,0.14511,0.22183001,0.56972003,0.24,5048999936.0,232.783,1.368,0.73497003,0.020299999,1.594,1073.46,467.46,975.60614,59.3,Buy,2.07,26,1.0,14.0,11.0,1.0,1.0,6.92,6.92,True,21,2026-10-29,30.0,False,True,1957-03-04,0,0,,0,,0,,N/A,0,N/A,0,0,,,,not fetched for down-trend tickers,,,,,,,,,,,,,,,,,,,,,,,,,
CDE,filtered,WAIT,17.75,17.87,2026-09-28,True,17.9,19:50,0.17,sip,18.05,03:41,1.01,boats,39,17.82,09:30,-0.28,sip,,,,,-,DOWNTREND,-1.31,-0.56,False,False,0,,,,,,,,,,,,,,,,downtrend (below a falling EMA50) - no long setup,,,,,,,True,True,4,True,True,True,True,17.75,19.07,False,13.48,15.82,False,True,False,hammer,17.12,20.63,17.75,19.49,False,10.54,10.3,True,True,False,bullish_harami,17.12,20.63,17.75,18.81,False,31.62,26.79,True,True,False,,17.12,19.37,17.12,17.93,0.81,1.02,79.4,16.91,18.14,17.12,16.61,18.48,T1 - nearest resistance,0.64,True,19.33,17.56,True,down,channel sloping down,19.15,low,2026-07-29,False,20,7,10,3,-3,down,1,up,1,17.01,17.82,18.64,-1.94,0.75,45.0,True,S1,0.21,True,0.14,False,1.25,17.61,-0.79,1.0,16.47,-7.21,2.0,18.48,4.11,2.0,0.64,19.76,11.32,1.0,1.76,"Coeur Mining, Inc.",Basic Materials,Gold,18369198080,16.0991,8.763842,3.75,1.7656358,5.7925105,1.11,0.21,0.26817,0.19387,0.12848,1.259,796743616.0,6.851,3.654,0.82424,0.050100002,1.389,27.77,13.55,23.95455,29.5,Buy,1.73,11,4.0,5.0,2.0,0.0,0.0,0.34,0.35,False,6,2026-10-28,29.0,False,False,,0,0,,0,,0,,N/A,0,N/A,0,0,,,,ticker filtered out,,,,,,,,,,,,,,,,,,,,,,,,,
CDNA,up,WATCH,63.62,64.63,2026-09-28,True,64.69,18:29,0.09,sip,,,,,0,64.35,09:30,-0.43,sip,,,FRESH_BREAKOUT,Fresh breakout,C,UPTREND,5.18,6.37,True,True,115,63.09,61.29,65.5,0.81,62.97,,price,65.5,64.63,"Price: pull back to 62.97 or lower (R:R 1.5+ with the same stop and target) OR close above 65.50 on 1.5x+ volume (becomes a fresh breakout) | Then the turn has to show at that price - daily: back above yesterday's close 64.63, or a close in the top half of the day's range; 1h: reclaim the session VWAP (63.78) | Confirmations: any 1 of: Close in the top 40% of the bar's range, or Tight base before the break",5.2,T1 - overhead resistance (52-week high) inside 1 ATR,65.5,2.0,no turn yet on the daily and 1h charts; confirmations 2/4 (need 3); R:R 0.81 below 1.5,no turn yet on the daily and 1h charts; confirmations 2/4 (need 3); R:R 0.81 below 1.5,,True,False,False,True,True,False,False,0,False,False,False,False,63.62,48.56,True,91.6,88.42,True,True,True,,52.61,65.5,63.62,54.29,True,86.25,88.38,False,False,True,bullish_harami,52.61,65.5,63.62,60.36,True,39.8,37.18,True,True,False,,61.69,65.5,62.9,65.48,2.59,2.91,89.0,62.57,65.81,61.69,61.29,65.5,T1 - overhead resistance (52-week high) inside 1 ATR,0.81,True,56.04,63.78,False,up,channel rising (R2 0.84),50.59,low,2026-07-30,True,20,14,3,3,11,up,6,down,1,62.86,66.18,69.49,2.88,0.84,11.0,False,S1,3.16,False,2.91,False,3.42,55.16,-13.3,1.0,53.67,-15.64,1.0,,,,,,,,,"CareDx, Inc.",Healthcare,Diagnostics & Research,3342030848,30.616114,48.623707,,7.814201,7.295593,2.11,,0.24234,0.00195,0.29487,0.522,112160872.0,4.522,4.581,1.0335801,0.124,2.43,65.495,13.95,56.14286,96.4,Buy,1.75,7,0.0,5.0,3.0,0.0,0.0,0.25,0.25,True,7,2026-11-03,35.0,False,False,,0,0,2026-09-24 BTIG: main -> Buy,0,,0,,N/A,0,N/A,0,0,,,,,,,,,,,,,,,,,,,,,,,,,,,,,
CDNS,up,WATCH,322.82,326.7,2026-09-28,True,328.91,17:34,0.68,sip,326.69,02:23,-0.0,boats,5,321.6,09:30,-1.56,sip,,,MA_RECLAIM,MA reclaim (early trend),C,EARLY_UPTREND,0.44,0.22,False,True,4,318.53,302.74,330.28,0.37,313.76,,price,330.28,,Price: pull back to 313.76 or lower (R:R 1.5+ with the same stop and target) OR close above 330.28 on 1.5x+ volume (becomes a fresh breakout),2.9,"T1 - overhead resistance (swing level, 5 touch(es)) inside 1 ATR",330.28,3.0,R:R 0.37 below 1.5,R:R 0.37 below 1.5,,,,,,,True,True,0,False,False,False,False,322.82,318.53,True,90.33,92.48,False,False,True,hammer,274.16,330.81,322.82,308.89,True,85.22,88.79,False,False,True,,274.16,330.81,322.82,314.25,True,53.63,50.37,True,True,False,,314.0,329.27,314.0,323.42,9.42,9.83,95.8,313.59,323.83,314.0,302.74,330.28,"T1 - overhead resistance (swing level, 5 touch(es)) inside 1 ATR",0.37,True,324.65,320.72,True,up,channel rising (R2 0.82),301.93,low,2026-09-15,True,20,8,10,2,-2,down,1,up,1,322.34,332.62,342.91,1.64,0.82,2.0,True,S1,0.16,True,0.28,False,1.16,320.07,-0.85,1.0,311.43,-3.53,1.0,329.96,2.21,4.0,0.36,348.01,7.8,4.0,1.25,"Cadence Design Systems, Inc.",Technology,Software - Application,89970892800,64.950294,34.18215,2.49,13.119429,15.435923,5.03,,0.23605,0.28575,0.23229,0.242,1609676544.0,38.661,1.743,0.91611,0.0159,1.137,416.69,262.75,405.47116,39.0,Strong Buy,1.36,26,5.0,18.0,2.0,0.0,0.0,2.05,2.05,True,18,2026-10-26,27.0,False,True,2017-09-18,0,0,,0,,0,,N/A,0,N/A,0,3,2026-09-29 10:35,These S&P500 stocks are gapping in today's session,https://finnhub.io/api/news?id=8acb71f6bcd5530d4f16a827ba1bcbbab536ced61d28c2174e86a6b7ca7ad951,,,,,,,,,,,,,True,True,True,True,False,False,True,,,,,,,
CDW,down,WAIT,130.05,130.3,2026-09-28,True,130.33,16:41,0.02,sip,,,,,0,129.99,09:30,-0.24,sip,,,,,-,DOWNTREND,-2.03,-0.85,True,False,0,,,,,,,,,130.3,,,,,,,downtrend (below a falling EMA50) - no long setup,,,,,,,False,False,3,True,True,True,False,130.05,141.44,False,4.03,6.68,False,True,False,,128.67,154.12,130.05,142.91,False,6.74,6.83,False,False,False,,128.67,154.12,130.05,138.21,False,17.77,15.73,True,True,False,piercing_line,128.67,140.73,128.77,131.99,3.22,5.62,57.3,126.37,134.39,128.67,125.86,131.62,T1 - nearest resistance,0.37,True,130.19,130.27,False,down,channel sloping down,141.96,low,2026-08-05,False,20,8,9,3,-1,down,3,up,2,123.2,129.32,135.44,-2.41,0.81,56.0,True,S1,0.46,True,0.47,False,3.01,127.39,-2.05,1.0,113.12,-13.02,1.0,131.62,1.21,2.0,0.37,143.35,10.23,4.0,3.17,CDW Corporation,Technology,Information Technology Services,16293521408,16.29125,10.847067,1.33,6.6870193,0.6933295,8.0,1.86,0.04597,0.07345,0.44009998,0.1,676787520.0,263.278,1.167,1.13195,0.088,0.941,167.0,97.12,158.66667,47.1,Buy,1.80,9,2.0,5.0,3.0,0.0,0.0,2.96,2.93,True,10,2026-11-03,35.0,False,True,2019-09-23,0,0,2026-09-21 Barclays: main -> Equal-Weight,0,,0,,N/A,0,N/A,0,0,,,,not fetched for down-trend tickers,,,,,,,,,,,,,,,,,,,,,,,,,
CGNX,down,WAIT,59.46,58.78,2026-09-28,True,58.74,18:49,-0.07,sip,,,,,0,59.52,09:30,1.26,sip,,,,,-,DOWNTREND,-0.92,-1.02,False,False,0,,,,,,,,,,,,,,,,downtrend (below a falling EMA50) - no long setup,,,,,,,True,True,3,True,True,True,False,59.46,61.45,False,25.74,18.82,True,True,False,hammer,57.1,63.0,59.46,60.49,False,33.84,30.98,True,True,False,bullish_harami,57.1,63.0,59.46,59.15,True,85.91,77.18,True,True,True,,57.62,59.52,58.5,59.52,1.02,2.16,47.2,57.36,60.66,57.62,56.54,60.59,T1 - nearest resistance,0.39,True,58.93,58.99,True,down,channel sloping down,58.39,low,2026-09-24,True,20,8,9,3,-1,up,2,down,2,55.71,57.93,60.15,-0.6,0.28,84.0,False,S1,0.81,False,0.78,,,57.78,-2.83,5.0,,,,60.59,1.9,2.0,0.39,63.76,7.23,6.0,1.47,Cognex Corporation,Technology,Scientific & Technical Instruments,9883150336,56.490387,29.099285,2.71,6.064829,9.076019,1.04,0.58,0.16051,0.29361,0.111490004,0.169,195671376.0,4.448,3.934,1.1291001,0.0478,1.49,72.88,34.6,79.63158,64.9,Buy,1.85,19,5.0,9.0,6.0,0.0,0.0,0.52,0.52,True,17,2026-10-28,29.0,False,False,,0,0,2026-09-23 DA Davidson: main -> Neutral,0,,0,,N/A,0,N/A,0,0,,,,not fetched for down-trend tickers,,,,,,,,,,,,,,,,,,,,,,,,,
CHRD,down,WAIT,134.43,135.1,2026-09-28,True,135.15,16:00,0.04,sip,,,,,0,133.78,09:30,-0.98,sip,,,,,-,DOWNTREND,-1.24,-0.61,False,False,0,,,,,,,,,,,,,,,,downtrend (below a falling EMA50) - no long setup,,,,,,,True,True,3,True,True,True,False,134.43,140.47,False,4.49,8.06,False,False,False,,132.69,154.68,134.43,142.17,False,10.33,8.53,True,True,False,,132.69,154.68,134.43,138.3,False,26.69,26.8,False,True,False,,132.69,138.86,132.69,135.04,2.35,4.86,48.4,130.18,137.55,132.69,130.26,136.96,T1 - nearest resistance,0.61,True,139.58,134.36,True,down,channel sloping down,141.58,low,2026-07-28,False,20,8,9,3,-1,mixed,1,down,1,132.28,134.91,137.55,-0.56,0.57,41.0,True,S1,0.19,True,0.33,False,1.24,132.84,-1.18,1.0,128.42,-4.47,2.0,136.96,1.88,2.0,0.61,141.32,5.13,4.0,1.65,Chord Energy Corporation,Energy,Oil & Gas E&P,7392417280,9.212679,8.584489,,0.8926212,1.2405512,14.8,3.82,0.14236,0.34717,0.10312,0.841,961228032.0,17.982,1.221,1.0303199,0.0825,0.385,157.06,84.25,173.125,68.9,Strong Buy,1.47,16,2.0,12.0,3.0,0.0,0.0,4.67,4.09,True,16,2026-11-03,35.0,False,False,,0,0,2026-09-22 UBS: main -> Buy,0,,0,,N/A,0,N/A,0,0,,,,not fetched for down-trend tickers,,,,,,,,,,,,,,,,,,,,,,,,,
CIEN,down,WAIT,351.3,343.88,2026-09-28,True,344.0,19:58,0.03,sip,345.98,03:44,0.61,boats,69,349.69,09:30,1.69,sip,,,,,-,DOWNTREND,-1.26,-1.44,True,True,0,,,,,,,,,,,,,,,,downtrend (below a falling EMA50) - no long setup,,,,,,,True,True,3,True,True,True,False,351.3,378.09,False,55.29,61.04,False,False,False,bullish_harami,327.5,376.74,351.3,359.1,False,22.97,21.53,True,True,False,,327.5,376.74,351.3,352.04,False,58.87,50.07,True,True,False,,339.33,361.65,344.8,356.21,11.41,21.33,53.5,334.88,366.13,339.33,328.67,357.92,T1 - nearest resistance,0.29,True,359.16,349.04,True,down,channel sloping down,341.34,low,2026-09-03,True,20,8,9,3,-1,down,1,up,1,336.48,346.03,355.58,-0.94,0.66,78.0,False,S1,1.5,False,1.57,,,317.77,-9.54,3.0,,,,357.92,1.88,4.0,0.29,378.88,7.85,3.0,1.22,Ciena Corporation,Technology,Communication Equipment,48809078784,77.172646,29.180788,0.36,15.977625,8.106616,4.46,,0.10869,0.18076,0.22396,0.37,633368384.0,107.496,3.797,0.95927,0.0399,1.309,637.51,143.0,516.83234,42.1,Buy,1.75,19,5.0,10.0,5.0,0.0,0.0,1.62,1.37,True,5,,,False,True,2026-02-09,1,0,2026-09-21 Evercore ISI Group: up -> Outperform,0,,0,,N/A,0,N/A,0,0,,,,not fetched for down-trend tickers,,,,,,,,,,,,,,,,,,,,,,,,,
COHR,down,WAIT,291.7,282.38,2026-09-28,True,282.2,19:57,-0.06,sip,284.7,03:42,0.82,boats,650,289.19,09:30,2.41,sip,,,,,-,CORRECTION,-0.52,-0.72,True,True,0,,,,,,,,,295.71,,,,,,,under EMA50 by 0.5 ATR with a higher low intact - wait for a support bounce or an EMA50 reclaim,,,,,,,True,False,2,True,False,True,False,291.7,301.86,False,36.31,39.87,False,True,False,,275.79,332.86,291.7,295.81,False,23.59,16.86,True,True,False,,275.79,332.86,291.7,294.8,False,58.69,62.05,False,False,False,,275.79,302.72,285.85,302.72,16.87,19.69,85.7,283.03,305.54,275.79,265.95,311.95,T1 - nearest resistance,0.79,True,291.2,295.71,False,down,channel sloping down,305.05,low,2026-07-29,False,20,8,10,2,-2,down,1,up,1,266.05,281.17,296.29,-1.99,0.69,85.0,False,S1,1.5,False,1.63,False,3.61,259.63,-10.99,4.0,220.68,-24.35,1.0,311.95,6.94,4.0,0.79,333.79,14.43,3.0,1.63,Coherent Corp.,Technology,Scientific & Technical Instruments,55312818176,71.87023,20.239609,0.92,5.0709157,7.7706394,3.93,,0.11309,0.118269995,0.07981,0.337,-649981632.0,31.612,2.427,0.87518,0.060900003,2.104,440.0,105.02,415.36197,55.7,Buy,1.61,22,4.0,14.0,5.0,0.0,0.0,1.96,1.96,True,19,2026-11-04,36.0,False,True,2026-03-23,0,0,2026-09-24 Rosenblatt: main -> Buy,0,,0,,N/A,0,N/A,0,0,,,,not fetched for down-trend tickers,,,,,,,,,,,,,,,,,,,,,,,,,
COP,down,WAIT,125.53,125.96,2026-09-28,True,125.82,19:57,-0.11,sip,125.92,23:57,-0.03,boats,5,124.17,09:30,-1.42,sip,,,,,-,DOWNTREND,-0.52,-0.05,False,False,0,,,,,,,,,125.54,,,,,,,downtrend (below a falling EMA50) - no long setup,,,,,,,True,False,3,True,True,True,False,125.53,127.47,False,12.2,17.36,False,False,False,,123.46,139.19,125.53,130.1,False,23.66,24.6,False,False,False,,123.46,139.19,125.53,128.18,False,35.62,37.74,False,False,False,,123.46,129.36,123.46,126.18,2.72,3.7,73.5,122.48,127.16,123.46,121.61,128.0,T1 - nearest resistance,0.63,True,125.94,125.54,False,down,channel sloping down,128.57,low,2026-07-28,False,20,10,6,4,4,mixed,1,down,1,124.14,126.69,129.23,-0.18,0.11,27.0,True,S1,-0.08,True,0.29,False,1.06,124.47,-0.84,1.0,121.6,-3.13,2.0,128.0,1.97,1.0,0.63,131.77,4.97,2.0,1.59,ConocoPhillips,Energy,Oil & Gas E&P,151416569856,16.82777,13.046364,1.08,2.3170395,2.349037,7.49,2.64,0.144,0.3151,0.1418,0.355,7691375104.0,35.639,1.542,0.86931,0.0134000005,0.134,141.62,85.57,146.08,71.3,Buy,1.74,25,4.0,15.0,8.0,0.0,0.0,2.64,2.61,True,21,2026-11-05,37.0,False,True,1957-03-04,0,0,2026-09-14 UBS: main -> Buy,0,,0,,N/A,0,N/A,0,0,,,,not fetched for down-trend tickers,,,,,,,,,,,,,,,,,,,,,,,,,
CORT,down,WAIT,115.29,115.56,2026-09-28,True,115.63,16:00,0.06,sip,,,,,0,115.36,09:30,-0.17,sip,,,,,-,UPTREND_WEAK,1.17,1.44,True,False,125,,,,,,,,,115.98,,,,,,,"above the EMA50 but not a clean uptrend yet (missing: higher highs) - pullback and MA-bounce setups need higher highs, higher lows and a rising EMA50",,,,,,,False,False,2,True,False,True,False,115.29,108.71,True,60.22,66.62,False,False,False,,108.41,120.48,115.29,113.82,True,57.21,59.13,False,False,False,,108.41,120.48,115.29,115.16,True,31.42,39.51,False,False,False,bullish_harami,113.17,120.48,113.17,120.48,7.31,5.66,129.2,114.82,118.83,113.17,110.34,116.29,T1 - nearest resistance,0.2,True,115.54,115.98,False,down,channel rising but weak fit (R2 0.0 < 0.5),113.57,low,2026-07-28,True,20,5,7,8,-2,down,1,up,1,112.55,115.64,118.73,0.02,0.0,44.0,False,S1,1.1,False,1.08,False,3.34,109.15,-5.33,7.0,96.36,-16.42,2.0,116.29,0.87,3.0,0.2,122.21,6.0,1.0,1.4,Corcept Therapeutics Incorporated,Healthcare,Biotechnology,12499418112,256.95557,26.264622,0.81,17.680428,15.044804,0.45,,0.066420004,0.16124001,0.08226,0.317,77395128.0,1.335,2.859,0.76861,0.1114,0.446,126.38,28.66,141.0,88.7,Buy,2.00,5,1.0,3.0,0.0,1.0,0.0,0.86,0.25,True,4,2026-11-04,36.0,False,False,,0,0,2026-09-18 HC Wainwright & Co.: reit -> Buy,0,,0,,N/A,0,N/A,0,0,,,,not fetched for down-trend tickers,,,,,,,,,,,,,,,,,,,,,,,,,
CRDO,down,WAIT,192.48,192.61,2026-09-28,True,192.5,19:58,-0.06,sip,193.35,03:28,0.38,boats,536,193.86,09:30,0.65,sip,,,,,-,DOWNTREND,-0.91,-0.58,False,True,0,,,,,,,,,194.83,,,,,,,downtrend (below a falling EMA50) - no long setup,,,,,,,False,False,3,True,True,True,False,192.48,202.41,False,75.28,85.75,False,False,False,,152.72,214.87,192.48,192.34,True,47.3,54.67,False,False,False,,152.72,214.87,192.48,191.47,True,16.44,17.05,False,True,False,,189.01,214.87,189.01,199.38,10.37,10.91,95.1,188.47,199.92,189.01,183.55,212.26,T1 - nearest resistance,2.22,False,192.23,194.83,False,down,channel rising but weak fit (R2 0.21 < 0.5),180.54,low,2026-09-14,True,20,9,7,4,2,down,1,up,1,187.36,199.7,212.03,0.78,0.21,21.0,False,S1,0.73,False,0.61,False,1.37,185.87,-3.43,1.0,177.5,-7.78,2.0,212.26,10.28,3.0,2.22,242.79,26.14,2.0,5.63,Credo Technology Group Holding Ltd,Technology,Semiconductors,36212695040,74.10385,19.852919,,13.259238,22.76032,2.6,,0.33833,0.25198,0.30674,1.147,248290880.0,0.96,7.399,0.73623,0.0514,3.228,308.67,86.485,280.098,47.7,Strong Buy,1.32,19,4.0,14.0,1.0,0.0,0.0,1.28,1.26,True,17,2026-11-30,62.0,False,False,,0,0,2026-09-21 Mizuho: main -> Outperform,0,,0,,60,9,80.0,16,0,,,,not fetched for down-trend tickers,,,,,,,,,,,,,,,,,,,,,,,,,
CRM,down,WAIT,225.87,227.31,2026-09-28,True,227.52,19:27,0.09,sip,227.05,01:30,-0.11,boats,13,226.3,09:30,-0.44,sip,,,,,-,UPTREND_WEAK,0.61,1.16,False,False,46,,,,,,,,,227.31,,,,,,,"above the EMA50 but not a clean uptrend yet (missing: higher highs, higher lows) - pullback and MA-bounce setups need higher highs, higher lows and a rising EMA50",,,,,,,False,False,2,True,False,True,False,225.87,220.91,True,13.13,16.75,False,False,False,,221.18,256.4,225.87,234.19,False,22.4,25.13,False,False,False,,221.18,256.4,225.87,234.2,False,38.3,34.0,True,True,False,,221.18,237.54,223.43,228.98,5.55,8.13,68.3,220.85,231.56,221.18,217.12,229.81,T1 - nearest resistance,0.45,True,237.98,226.21,False,down,channel sloping down,223.12,low,2026-07-23,True,20,5,9,6,-4,down,2,up,1,221.41,228.56,235.72,-0.7,0.45,31.0,False,S1,1.62,False,1.56,False,2.64,213.17,-5.62,1.0,204.4,-9.51,1.0,229.81,1.74,1.0,0.45,241.75,7.03,1.0,1.81,"Salesforce, Inc.",Technology,Software - Application,187043217408,20.79323,14.198394,0.78,4.873692,4.2569804,10.93,0.75,0.2199,0.21375,0.19381,0.108,17731874816.0,110.417,0.839,0.87477,0.0454,1.202,269.11,146.32,281.0783,64.8,Buy,1.74,53,6.0,32.0,14.0,0.0,2.0,3.45,3.37,True,42,2026-12-02,64.0,False,True,2008-09-15,0,0,2026-09-18 Wells Fargo: main -> Equal-Weight,0,,0,,N/A,0,N/A,0,0,,,,not fetched for down-trend tickers,,,,,,,,,,,,,,,,,,,,,,,,,
CRVW,down,WAIT,0.04,0.04,2026-09-21,True,,,,,,,,,0,,,,,,,,,-,DOWNTREND,-8.21,-3.36,False,False,0,,,,,,,,,0.04,,,,,,,downtrend (below a falling EMA50) - no long setup,,,,,,,True,False,3,True,True,True,False,0.04,0.04,False,34.44,22.81,True,True,False,,0.04,0.04,0.04,0.04,False,34.44,23.04,True,True,False,,0.04,0.05,0.04,0.04,False,34.44,23.33,True,False,False,,0.04,0.05,0.04,0.04,0.0,0.0,,,,0.04,0.04,0.05,T1 - nearest resistance,,False,0.04,0.04,False,down,channel rising but weak fit (R2 0.18 < 0.5),0.04,low,2026-08-27,False,20,4,7,9,-3,down,1,up,1,0.03,0.04,0.04,0.6,0.18,23.0,,,,,,,,,,,,,,0.05,25.0,1.0,,0.05,25.0,5.0,,"CareView Communications, Inc.",Healthcare,Health Information Services,23355230,,,,-0.5333333,2.475157,-0.01,,-0.28941,0.17809999,,0.196,1171321.0,,0.093,0.29683,,-0.661,0.08,0.01,,42.9,None,N/A,N/A,,,,,,N/A,N/A,,N/A,,,False,False,,0,0,,0,,0,,N/A,0,N/A,0,0,,,,not fetched for down-trend tickers,,,,,,,,,,,,,,,,,,,,,,,,,
CRWD,down,WAIT,261.83,259.24,2026-09-28,True,259.27,19:59,0.01,sip,259.6,03:49,0.14,boats,217,260.24,09:30,0.39,sip,,,,,-,UPTREND,3.38,4.23,True,True,23,,,,,,,,,,,,,,,,extended 3.4 ATR above EMA50 with no fresh breakout - wait for a pullback to value,,,,,,,True,True,2,True,False,True,False,261.83,218.93,True,89.72,89.63,True,True,True,,230.85,263.86,261.83,234.91,True,88.78,85.2,True,True,True,,230.85,263.86,261.83,254.22,True,94.78,89.82,True,True,True,,246.51,262.35,255.76,262.35,6.6,12.68,52.1,249.67,268.44,246.51,240.17,263.86,T1 - nearest resistance,0.09,True,259.57,259.66,True,down,channel rising but weak fit (R2 0.47 < 0.5),220.59,low,2026-07-28,True,20,10,4,6,6,mixed,1,down,1,254.19,262.27,270.34,0.71,0.47,47.0,False,S1,0.78,False,0.91,False,2.53,250.32,-4.4,1.0,229.78,-12.24,4.0,263.86,0.78,1.0,0.09,,,,,"CrowdStrike Holdings, Inc.",Technology,Software - Infrastructure,265455108096,8641.667,161.43495,8.07,52.026894,49.19347,0.03,,0.00834,-0.02259,0.01461,0.258,1995385472.0,15.958,1.57,0.76383,0.0277,1.255,263.87,85.68,235.67,98.9,Buy,1.70,50,10.0,30.0,12.0,0.0,1.0,0.31,0.31,True,45,2026-12-01,63.0,False,True,2024-06-24,0,0,2026-09-21 Morgan Stanley: main -> Overweight,0,,0,,93,5,0.0,7,0,,,,not fetched for down-trend tickers,,,,,,,,,,,,,,,,,,,,,,,,,
CSCO,filtered,WAIT,107.27,106.79,2026-09-28,True,106.94,19:58,0.14,sip,106.73,03:53,-0.06,boats,23,106.75,09:30,-0.04,sip,,,,,-,DOWNTREND,-1.23,-0.78,False,False,0,,,,,,,,,,,,,,,,downtrend (below a falling EMA50) - no long setup,,,,,,,True,True,4,True,True,True,True,107.27,110.75,False,31.17,29.77,True,True,False,hammer,104.51,111.49,107.27,109.32,False,32.76,32.37,True,True,False,bullish_engulfing,104.51,111.49,107.27,107.29,False,69.81,52.44,True,True,False,,105.99,107.9,106.06,107.4,1.34,2.83,47.3,104.57,108.89,105.99,104.57,108.29,T1 - nearest resistance,0.38,True,106.53,106.68,True,down,channel sloping down,106.48,low,2026-09-22,True,20,6,10,4,-4,down,1,up,1,103.46,106.22,108.98,-0.23,0.11,69.0,False,S1,0.79,False,0.98,,,104.51,-2.57,1.0,,,,108.29,0.95,7.0,0.38,112.08,4.48,4.0,1.78,"Cisco Systems, Inc.",Technology,Communication Equipment,420831723520,32.054054,18.98653,0.98,8.376364,6.645586,3.33,1.57,0.20951,0.27719,0.27319,0.176,11182624768.0,62.017,0.931,0.83385,0.0146,0.992,130.37,66.81,137.25,63.7,Buy,1.82,24,5.0,14.0,9.0,0.0,0.0,1.32,1.33,False,23,2026-11-12,44.0,False,True,1993-12-01,0,0,2026-09-22 Piper Sandler: main -> Neutral,0,,0,,N/A,0,N/A,0,0,,,,ticker filtered out,,,,,,,,,,,,,,,,,,,,,,,,,
CTAS,down,WAIT,197.64,200.53,2026-09-28,True,200.58,16:41,0.02,sip,,,,,0,200.12,09:30,-0.2,sip,,,,,-,DOWNTREND,-0.03,-0.02,False,True,0,,,,,,,,,200.53,,,,,,,downtrend (below a falling EMA50) - no long setup,,,,,,,False,True,3,True,True,True,False,197.64,197.78,False,61.12,53.89,True,True,False,,191.09,201.51,197.64,199.33,False,70.46,80.87,False,False,False,,191.09,201.51,197.64,198.41,False,18.24,14.21,True,True,False,,196.48,201.45,196.48,201.26,4.79,4.19,114.3,197.07,200.67,196.48,194.39,198.07,T1 - nearest resistance,0.13,True,197.41,197.43,True,down,channel rising but weak fit (R2 0.16 < 0.5),198.53,low,2026-09-24,False,20,7,11,2,-4,up,2,mixed,1,195.63,199.16,202.7,0.19,0.16,28.0,False,S1,2.16,False,1.56,False,5.1,191.09,-3.31,1.0,176.29,-10.8,1.0,198.07,0.22,6.0,0.13,206.23,4.35,4.0,2.64,Cintas Corporation,Industrials,Specialty Business Services,80135118848,39.406677,32.552654,3.16,15.397251,6.9317317,5.09,1.04,0.17824,0.24098,0.41375,0.109,1623005312.0,52.096,1.454,0.70134,0.0376,0.913,219.17,161.16,218.25,62.9,Buy,2.20,16,2.0,8.0,9.0,1.0,0.0,1.36,1.35,True,9,2026-12-17,79.0,False,True,2001-03-01,0,0,2026-09-24 UBS: main -> Buy,0,,0,,N/A,0,N/A,0,0,,,,not fetched for down-trend tickers,,,,,,,,,,,,,,,,,,,,,,,,,
CTVA,down,WAIT,77.95,77.72,2026-09-28,True,77.8,19:50,0.1,sip,,,,,0,77.16,09:30,-0.72,sip,,,,,-,DOWNTREND,-1.63,-0.8,False,False,0,,,,,,,,,,,,,,,,downtrend (below a falling EMA50) - no long setup,,,,,,,True,False,3,True,True,True,False,77.95,81.72,False,9.71,9.35,True,True,False,,76.5,83.34,77.95,81.41,False,21.1,18.78,True,True,False,,76.5,83.34,77.95,79.38,False,61.79,65.6,False,False,False,,76.5,78.89,76.5,78.47,1.97,2.31,85.3,76.16,78.81,76.5,75.35,78.59,T1 - nearest resistance,0.25,True,78.29,77.94,True,down,channel sloping down,81.6,low,2026-08-04,False,20,4,9,7,-5,mixed,1,down,2,76.26,77.86,79.45,-0.56,0.55,53.0,False,S1,1.05,False,1.39,,,74.73,-4.13,2.0,,,,78.59,0.82,1.0,0.25,82.1,5.32,5.0,1.6,"Corteva, Inc.",Basic Materials,Agricultural Inputs,51867820032,47.69325,18.849945,1.02,2.0610301,2.9119592,1.63,0.92,0.056649998,0.3013,0.04256,-0.012,2417250048.0,19.191,1.516,0.92111,0.0353,0.577,90.97,60.535,92.6,57.2,Buy,1.76,20,4.0,11.0,6.0,0.0,0.0,-0.38,-0.39,True,16,2026-11-03,35.0,False,True,2019-06-03,0,0,2026-09-18 Argus Research: reit -> Buy,0,,0,,N/A,0,N/A,0,0,,,,not fetched for down-trend tickers,,,,,,,,,,,,,,,,,,,,,,,,,
CVLT,up,WATCH,145.71,148.2,2026-09-28,True,148.08,16:30,-0.08,sip,,,,,0,147.5,09:30,-0.47,sip,,,PULLBACK,Pullback in uptrend,C,UPTREND,1.23,1.5,True,True,12,141.1,139.62,151.62,0.97,144.42,,price,,148.2,"Price: pull back to 144.42 or lower (R:R 1.5+ with the same stop and target) | Then the turn has to show at that price - daily: back above yesterday's close 148.20, or a close in the top half of the day's range; 1h: reclaim the session VWAP (145.88) | Confirmations: any 1 of: Volume fading into the end of the dip, or Daily stochastic reset",5.2,"T1 - nearest real resistance (20-bar high + swing level, 5 touch(es))",,2.0,no turn yet on the daily and 1h charts; confirmations 2/4 (need 3); R:R 0.97 below 1.5,no turn yet on the daily and 1h charts; confirmations 2/4 (need 3); R:R 0.97 below 1.5,SUPPORT_BOUNCE(weak); MA_BOUNCE(weak),,,,,,False,False,0,False,False,False,False,145.71,138.47,True,76.85,82.72,False,False,False,,141.1,151.62,145.71,141.74,True,49.25,50.37,False,False,False,bullish_harami,141.1,151.62,145.71,145.83,False,55.8,52.97,True,True,False,,141.1,149.49,143.96,149.49,5.53,5.89,93.9,143.6,149.85,141.1,139.62,151.62,"T1 - nearest real resistance (20-bar high + swing level, 5 touch(es))",0.97,True,146.25,145.88,False,up,WATCH setup overrides the 1h channel (channel sloping down),137.48,low,2026-07-31,True,20,7,8,5,-1,down,2,up,2,143.12,146.64,150.17,-0.0,0.0,37.0,False,S1,0.76,True,0.46,False,1.3,143.03,-1.84,4.0,138.03,-5.27,2.0,151.11,3.71,4.0,0.89,,,,,"Commvault Systems, Inc.",Technology,Software - Application,6137111040,94.92308,23.88183,3.17,117.89809,5.0476184,1.56,,0.05618,0.089499995,0.32773998,0.114,303740256.0,1762.992,2.043,1.10981,0.0955,0.821,196.88,71.75,160.55293,59.1,Buy,1.84,17,0.0,11.0,8.0,0.0,0.0,1.24,1.23,True,18,2026-10-27,28.0,False,False,,0,0,,0,,0,,N/A,0,N/A,0,1,2026-09-29 13:30,"NetApp Delivers Secure, Zero-Copy Data Activation for the Agentic Enterprise",https://finnhub.io/api/news?id=578b37399387fcf277534a39e7ae8d57c8d37a00514720e60c919d85bdd27d65,,,True,False,False,True,True,,,,,,,,,,,,,,,,,,,
CVX,down,WAIT,204.05,206.25,2026-09-28,True,206.35,19:53,0.05,sip,206.55,00:17,0.15,boats,1,203.27,09:30,-1.44,sip,,,,,-,UPTREND_WEAK,0.51,0.38,False,True,56,,,,,,,,,206.25,,,,,,,"above the EMA50 but not a clean uptrend yet (missing: higher lows) - pullback and MA-bounce setups need higher highs, higher lows and a rising EMA50",,,,,,,False,False,2,True,False,True,False,204.05,201.72,True,24.29,25.89,False,False,False,,200.78,215.27,204.05,206.19,False,42.32,44.57,False,False,False,,200.78,215.27,204.05,206.2,False,23.78,28.42,False,False,False,,202.7,208.25,202.7,205.48,2.78,4.58,60.7,200.9,207.28,202.7,200.41,208.05,T1 - nearest resistance,1.1,True,206.29,204.42,False,down,channel rising but weak fit (R2 0.03 < 0.5),206.12,low,2026-08-07,False,20,10,6,4,4,up,1,down,1,203.05,205.57,208.09,0.05,0.03,20.0,False,S1,0.54,False,0.71,False,1.39,200.78,-1.6,1.0,197.69,-3.12,3.0,208.05,1.96,2.0,1.1,217.78,6.73,1.0,3.77,Chevron Corporation,Energy,Oil & Gas Integrated,404816068608,19.862366,14.598194,0.89,2.1319213,1.9333668,10.4,3.48,0.09834,0.21866,0.12231,0.535,21934000128.0,18.959,1.252,0.71184,0.0106,0.491,217.78,146.49,224.33333,80.7,Buy,1.72,24,6.0,14.0,4.0,1.0,0.0,4.70,4.68,True,19,2026-10-30,31.0,False,True,1957-03-04,0,0,2026-09-28 TD Cowen: main -> Hold,0,,0,,N/A,0,N/A,0,0,,,,not fetched for down-trend tickers,,,,,,,,,,,,,,,,,,,,,,,,,
DASH,down,WAIT,186.3,178.41,2026-09-28,True,178.36,19:33,-0.03,sip,,,,,0,180.79,09:30,1.33,sip,,,,,-,DOWNTREND,-1.83,-1.43,False,False,0,,,,,,,,,,,,,,,,downtrend (below a falling EMA50) - no long setup,,,,,,,True,True,3,True,True,True,False,186.3,199.96,False,24.68,21.73,True,True,False,bullish_harami,178.04,201.49,186.3,199.36,False,20.58,18.85,True,True,False,,178.04,201.49,186.3,188.41,False,57.19,49.38,True,True,False,,178.04,193.67,179.84,187.33,7.49,7.48,100.1,179.85,187.32,178.04,174.3,193.86,T1 - nearest resistance,0.63,True,193.6,184.21,True,down,channel sloping down,206.26,low,2026-07-23,False,20,3,13,4,-10,down,1,up,1,176.0,182.46,188.93,-0.96,0.55,80.0,True,S1,-0.31,True,0.43,False,2.64,183.12,-1.71,2.0,166.58,-10.59,1.0,193.86,4.06,4.0,0.63,200.24,7.48,2.0,1.16,"DoorDash, Inc.",Consumer Cyclical,Internet Retail,77296017408,100.78531,21.904497,1.07,7.7902966,4.864138,1.77,,0.05292,0.03862,0.088870004,0.356,5147500032.0,33.276,1.368,0.958,0.0401,1.788,285.5,143.3,256.2642,30.2,Buy,1.64,43,9.0,26.0,10.0,0.0,0.0,0.82,0.82,True,32,2026-11-04,36.0,False,True,2025-03-24,0,0,2026-09-09 Scotiabank: init -> Sector Outperform,0,,0,,N/A,0,N/A,0,0,,,,not fetched for down-trend tickers,,,,,,,,,,,,,,,,,,,,,,,,,
DDOG,up,WATCH,268.46,268.73,2026-09-28,True,269.94,19:50,0.45,sip,269.0,02:45,0.1,boats,20,267.51,09:30,-0.45,sip,,,FRESH_BREAKOUT,Fresh breakout,C,UPTREND,2.44,2.2,True,True,7,258.39,252.51,271.08,0.16,259.94,,price,271.08,,Price: pull back to 259.94 or lower (R:R 1.5+ with the same stop and target) OR close above 271.08 on 1.5x+ volume (becomes a fresh breakout),2.7,"T1 - overhead resistance (swing level, 8 touch(es)) inside 1 ATR",271.08,3.0,R:R 0.16 below 1.5,R:R 0.16 below 1.5,,True,True,True,False,True,True,True,0,False,False,False,False,268.46,239.75,True,82.44,86.99,False,False,True,hammer,226.83,280.7,268.46,243.53,True,75.67,77.79,False,False,False,,226.83,280.7,268.46,258.07,True,73.7,66.73,True,True,False,,255.5,274.61,259.26,269.44,10.18,11.76,86.6,257.68,271.02,255.5,252.51,271.08,"T1 - overhead resistance (swing level, 8 touch(es)) inside 1 ATR",0.16,True,271.54,265.64,True,up,channel rising (R2 0.83),239.59,low,2026-09-08,True,20,9,6,5,3,down,1,up,1,265.69,274.7,283.72,1.8,0.83,15.0,False,S1,1.4,False,1.48,False,2.62,251.08,-6.47,3.0,237.67,-11.47,1.0,269.79,0.5,6.0,0.08,292.72,9.04,1.0,1.52,"Datadog, Inc.",Technology,Software - Application,96483459072,526.8628,90.36581,1.36,22.086142,24.323202,0.51,,0.044770002,0.00666,0.04696,0.356,1051412352.0,29.259,3.205,0.92793,0.0353,1.488,292.72,98.01,286.25696,87.5,Strong Buy,1.50,46,10.0,31.0,3.0,1.0,1.0,0.64,0.64,True,39,2026-11-05,37.0,False,True,2025-07-09,0,0,,0,,0,,N/A,0,N/A,0,2,2026-09-29 10:51,"MongoDB Dropped by 25% Over The Last Month: A Large, Influential Wall Street Bank Predicts 70% Gains From Here",https://finnhub.io/api/news?id=3bd6e2d46c9402a366f0d5a6cef7128f7c541af9cb855bd06bec4413e4e8ca4d,,,,,,,,,,,,,,,,,,,,,,,,,,
DELL,down,WAIT,540.51,543.42,2026-09-28,True,542.61,19:55,-0.15,sip,546.82,03:35,0.63,boats,194,545.54,09:30,0.39,sip,,,,,-,UPTREND_WEAK,1.65,2.66,True,False,43,,,,,,,,,543.63,,,,,,,"above the EMA50 but not a clean uptrend yet (missing: higher highs) - pullback and MA-bounce setups need higher highs, higher lows and a rising EMA50",,,,,,,False,False,2,True,False,True,False,540.51,489.16,True,47.83,48.88,False,True,False,,530.45,595.51,540.51,526.58,True,17.38,22.44,False,False,False,bullish_harami,530.45,595.51,540.51,550.17,False,19.6,17.96,True,True,False,,535.5,573.8,538.06,551.39,13.33,31.18,42.8,520.21,569.24,535.5,519.91,573.8,T1 - nearest resistance,1.62,False,549.67,543.63,False,down,channel sloping down,496.17,low,2026-07-28,True,20,11,7,2,4,down,1,up,1,517.36,539.56,561.76,-0.71,0.33,52.0,True,S1,0.48,True,0.32,False,0.97,530.45,-1.86,1.0,510.12,-5.62,2.0,573.8,6.16,1.0,1.62,595.51,10.18,1.0,2.67,Dell Technologies Inc.,Technology,Computer Hardware,345519718400,32.796017,18.663584,0.66,-243.69058,2.2852285,16.57,0.45,0.07525,0.12020001,,0.577,6033375232.0,,0.962,0.78024,0.0468,1.409,595.51,110.22,577.36,88.7,Buy,1.83,25,6.0,14.0,9.0,0.0,0.0,6.56,4.39,True,24,2026-11-27,59.0,False,True,2024-09-23,0,0,2026-09-21 Morgan Stanley: main -> Equal-Weight,0,,0,,N/A,0,N/A,0,0,,,,not fetched for down-trend tickers,,,,,,,,,,,,,,,,,,,,,,,,,
DGX,down,WAIT,232.08,237.61,2026-09-28,True,237.62,16:41,0.0,sip,,,,,0,236.16,09:30,-0.61,sip,,,,,-,RANGE,-0.21,0.16,False,True,0,,,,,,,,,237.61,,,,,,,no trend (below a flat EMA50) - wait for a reclaim or a breakout,,,,,,,False,False,3,True,True,True,False,232.08,233.39,False,37.35,39.45,False,False,False,,227.24,248.84,232.08,237.85,False,32.41,37.64,False,False,False,,227.24,248.84,232.08,236.85,False,11.08,7.59,True,True,False,bullish_harami,231.06,238.24,231.06,237.62,6.56,6.17,106.3,231.45,237.23,231.06,227.98,233.34,T1 - nearest resistance,0.31,True,236.1,233.37,False,down,channel sloping down,235.46,low,2026-07-21,False,20,5,6,9,-1,down,1,up,1,226.35,233.11,239.87,-0.46,0.29,42.0,False,S1,3.53,False,2.87,False,3.46,214.4,-7.62,1.0,210.76,-9.19,1.0,233.34,0.54,10.0,0.31,247.34,6.58,3.0,3.72,Quest Diagnostics Incorporated,Healthcare,Diagnostics & Research,26226917376,25.225052,19.706894,1.54,3.4776878,2.2687645,9.41,1.46,0.09187,0.15248,0.14602,0.102,909625024.0,81.074,1.591,0.98923,0.0327,0.549,248.84,171.18,247.73334,78.4,Buy,2.12,15,2.0,7.0,7.0,0.0,1.0,2.86,2.86,True,13,2026-10-22,23.0,False,True,2002-12-12,0,0,2026-09-21 Truist Securities: main -> Hold,0,,0,,N/A,0,N/A,0,0,,,,not fetched for down-trend tickers,,,,,,,,,,,,,,,,,,,,,,,,,
DHR,up,WAIT,225.41,227.48,2026-09-28,True,226.6,19:43,-0.39,sip,225.93,03:41,-0.68,boats,3,226.49,09:30,-0.44,sip,,,,,-,UPTREND_WEAK,3.13,1.76,False,False,12,,,,,,,,,227.48,,,,,,,"above the EMA50 but not a clean uptrend yet (missing: higher highs, higher lows) - pullback and MA-bounce setups need higher highs, higher lows and a rising EMA50",,,,,,,False,True,3,True,False,True,True,225.41,208.38,True,93.1,92.59,True,True,True,,206.68,228.38,225.41,214.07,True,86.83,91.0,False,False,True,,206.68,228.38,225.41,221.64,True,52.11,47.76,True,True,False,,222.1,228.38,223.51,227.65,4.14,5.44,76.1,222.21,228.95,222.1,219.38,234.45,1.5R - no resistance above,1.5,False,224.44,224.85,True,up,channel rising (R2 0.77),201.02,low,2026-07-21,True,20,7,8,5,-1,up,1,mixed,2,224.22,227.91,231.61,0.74,0.77,16.0,False,S1,1.26,False,1.06,False,2.74,219.62,-2.57,2.0,210.5,-6.61,3.0,,,,,,,,,Danaher Corporation,Healthcare,Diagnostics & Research,159809814528,40.02289,24.447136,1.34,3.0389273,6.36515,5.68,0.71,0.15948,0.19777,0.07605,0.055,4325125120.0,52.97,1.651,0.84404,0.013300001,0.808,242.8,160.93,230.8261,78.8,Strong Buy,1.50,23,5.0,17.0,4.0,0.0,0.0,1.91,1.92,False,21,2026-10-21,22.0,False,True,1998-11-18,0,0,,0,,3,"TDM Reagent Kit Market Forecasts Growth from $2.87B (2026) to $6.96B by 2032, Profiling Abbott, Roche, Danaher, Siemens Healthineers & Thermo Fisher",N/A,0,N/A,0,0,,,,,,,,,,,,,,,,,,,,,,,,,,,,,
DOCN,up,WATCH,136.54,136.26,2026-09-28,True,136.29,16:05,0.02,sip,,,,,0,137.76,09:30,1.1,sip,,,PULLBACK,Pullback in uptrend,C,UPTREND,0.85,1.83,True,True,9,133.0,128.99,137.63,0.14,132.45,,price,137.63,139.6,Price: pull back to 132.45 or lower (R:R 1.5+ with the same stop and target) OR close above 137.63 on 1.5x+ volume (becomes a fresh breakout) | Then the turn has to show at that price - 1h: reclaim the session VWAP (139.60) and 1h MACD bullish or 1h %K above %D,3.4,"T1 - overhead resistance (swing level, 5 touch(es)) inside 1 ATR",137.63,3.0,no turn yet on the 1h chart; R:R 0.14 below 1.5,no turn yet on the 1h chart; R:R 0.14 below 1.5,MA_BOUNCE(watch),,,,,,True,False,0,False,False,False,False,136.54,128.49,True,61.94,67.82,False,False,False,,118.01,151.83,136.54,130.3,True,40.35,41.9,False,False,False,,118.01,151.83,136.54,137.9,False,37.77,48.01,False,False,False,bullish_harami,133.0,143.06,136.36,143.06,6.7,9.43,71.0,133.63,145.79,133.0,128.99,137.63,"T1 - overhead resistance (swing level, 5 touch(es)) inside 1 ATR",0.14,True,141.57,139.6,False,up,WATCH setup overrides the 1h channel (channel sloping down),131.19,low,2026-09-03,True,20,8,7,5,1,down,1,up,1,131.68,136.17,140.65,-1.17,0.67,54.0,False,S1,2.65,False,2.52,,,112.81,-17.38,8.0,,,,137.45,0.67,3.0,0.12,148.25,8.58,3.0,1.55,"DigitalOcean Holdings, Inc.",Technology,Software - Infrastructure,16024915968,63.68691,74.00509,1.54,15.375675,15.758281,2.14,,0.23265,0.104449995,0.62273,0.286,-23832624.0,212.506,1.311,0.82566,0.0921,1.57,187.5,33.685,175.2,66.9,Buy,1.53,15,3.0,11.0,3.0,0.0,0.0,0.32,0.28,True,17,2026-11-04,36.0,False,False,,0,0,,0,,1,"DigitalOcean Holdings (DOCN) Beat Expectations And Raised Guidance, Is The Upside Already Priced In?",N/A,0,N/A,0,0,,,,,,True,True,False,True,True,,,,,,,,,,,,,,,,,,,
DT,down,WAIT,57.47,57.84,2026-09-28,True,57.84,16:04,0.0,sip,57.8,20:36,-0.07,boats,9,57.5,09:30,-0.59,sip,,,,,-,UPTREND_WEAK,3.43,2.96,False,True,46,,,,,,,,,,,,,,,,"above the EMA50 but not a clean uptrend yet (missing: higher lows) - pullback and MA-bounce setups need higher highs, higher lows and a rising EMA50",,,,,,,True,True,2,True,False,True,False,57.47,51.39,True,82.87,86.67,False,False,True,,54.36,59.41,57.47,54.32,True,55.92,58.95,False,False,False,,54.36,59.41,57.47,57.18,True,65.73,57.64,True,True,False,hammer,55.64,58.69,56.76,58.06,1.3,1.77,73.4,56.29,58.53,55.64,54.75,59.41,T1 - nearest resistance,0.71,True,57.09,57.21,True,down,channel rising but weak fit (R2 0.12 < 0.5),51.38,low,2026-07-23,True,20,12,5,3,7,down,1,mixed,1,56.27,58.2,60.13,0.3,0.12,31.0,False,S1,1.51,False,1.49,False,2.37,54.83,-4.59,1.0,53.28,-7.29,1.0,59.41,3.38,1.0,0.71,,,,,"Dynatrace, Inc.",Technology,Software - Application,16786837504,115.68,25.185493,1.18,6.8522687,7.9767103,0.5,,0.072230004,0.12889,0.058790002,0.162,546524224.0,6.499,1.208,1.08075,0.0509,0.741,59.41,31.635,59.70588,93.0,Buy,1.75,34,6.0,20.0,9.0,0.0,1.0,0.49,0.49,True,34,2026-11-04,36.0,False,False,,1,0,2026-09-24 Oppenheimer: main -> Outperform,0,,0,,N/A,0,N/A,0,0,,,,not fetched for down-trend tickers,,,,,,,,,,,,,,,,,,,,,,,,,
ECL,up,WAIT,277.66,280.31,2026-09-28,True,280.23,16:00,-0.03,sip,,,,,0,279.17,09:30,-0.41,sip,,,SUPPORT_BOUNCE,Support bounce,D,EARLY_UPTREND,0.17,0.1,True,True,3,273.09,270.63,277.78,0.02,273.49,,,277.78,280.31,"Setup: Rejection - closed back above the test bar / upper half of range | Price: pull back to 273.49 or lower (R:R 1.5+ with the same stop and target) OR close above 277.78 on 1.5x+ volume (becomes a fresh breakout) | Then the turn has to show at that price - daily: back above yesterday's close 280.31, or a close in the top half of the day's range; 1h: reclaim the session VWAP (278.28)",7.8,"T1 - overhead resistance (swing level, 9 touch(es)) inside 1 ATR",277.78,3.0,Rejection - closed back above the test bar / upper half of range; no turn yet on the daily and 1h charts; R:R 0.02 below 1.5,weak support bounce: Rejection - closed back above the test bar / upper half of range; no turn yet on the daily and 1h charts; R:R 0.02 below 1.5,MA_RECLAIM(weak),,,,,,False,False,2,False,False,True,True,277.66,276.81,True,86.17,79.27,True,True,True,,267.83,281.27,277.66,277.05,True,79.39,84.12,False,False,False,,267.83,281.27,277.66,276.93,True,18.96,18.87,True,True,False,hammer,275.44,281.27,276.72,280.82,4.1,4.91,83.5,275.91,281.63,275.44,270.63,277.78,"T1 - overhead resistance (swing level, 9 touch(es)) inside 1 ATR",0.02,True,279.79,278.28,False,up,channel rising (R2 0.71),279.04,low,2026-07-23,False,20,6,8,6,-2,up,1,mixed,1,277.24,280.59,283.94,0.46,0.71,6.0,True,S1,0.34,True,0.03,False,0.93,277.5,-0.06,4.0,273.09,-1.65,3.0,281.2,1.27,1.0,0.5,285.68,2.89,1.0,1.14,Ecolab Inc.,Basic Materials,Specialty Chemicals,78556487680,37.564346,29.778091,2.52,7.8123784,4.664182,7.46,1.04,0.12566,0.18521999,0.21956,0.097,1474824960.0,138.023,1.841,0.94217,0.0214,0.89,309.27,243.15,324.9524,52.2,Buy,1.54,21,5.0,15.0,4.0,0.0,0.0,2.17,2.18,False,18,2026-10-27,28.0,False,True,1989-01-31,0,0,,0,,1,"Global Sanitizer Aerosol Spray Market Forecast, 2026–2032 - Routine Hygiene, Sustainable Packaging and AI Innovation Drive 8.54% CAGR Toward USD 4.12 Billion, with 3M, Ecolab, Reckitt and Clorox Profiled",N/A,0,N/A,0,1,2026-09-29 11:01,3 Chemical Stocks Bucking the Dividend Cut Trend While Peers Slash Payouts,https://finnhub.io/api/news?id=a1152ffe619db05d8ad03c4af0d261b4894d0c4ddf819c69653e82326cb9a8a2,,,,,,,True,True,False,False,True,True,,,,,,,,,,,,,,
EMR,up,WAIT,157.48,159.41,2026-09-28,True,159.39,16:04,-0.01,sip,159.38,02:26,-0.02,boats,3,160.17,09:30,0.48,sip,,,,,-,UPTREND_WEAK,1.52,0.79,False,False,7,,,,,,,,,159.41,,,,,,,"above the EMA50 but not a clean uptrend yet (missing: higher highs, higher lows) - pullback and MA-bounce setups need higher highs, higher lows and a rising EMA50",,,,,,,False,True,3,True,False,True,True,157.48,151.83,True,88.79,91.5,False,False,True,,144.4,160.29,157.48,153.37,True,80.86,86.64,False,False,True,bullish_harami,144.4,160.29,157.48,155.73,True,28.65,27.04,True,True,False,,156.24,160.29,156.24,160.29,4.05,3.71,109.2,156.58,159.95,156.24,154.38,159.82,T1 - nearest resistance,0.75,True,154.67,157.31,True,up,channel rising (R2 0.76),153.6,low,2026-07-21,True,20,10,8,2,2,mixed,1,up,1,157.07,159.57,162.06,0.68,0.76,8.0,False,S1,1.61,False,0.88,False,1.45,154.21,-2.08,3.0,152.09,-3.42,1.0,159.82,1.49,1.0,0.75,165.61,5.16,2.0,2.62,Emerson Electric Co.,Industrials,Specialty Industrial Machinery,88907743232,34.574837,21.950462,1.82,4.362666,4.790424,4.61,1.4,0.13828,0.26924,0.128,0.07,3706249984.0,67.677,0.896,0.84082,0.0150999995,1.233,166.35,122.64,173.49963,79.7,Buy,1.90,28,4.0,16.0,8.0,1.0,1.0,1.84,1.85,False,21,2026-11-04,36.0,False,True,1965-03-31,0,0,2026-09-25 Wells Fargo: init -> Overweight,0,,0,,N/A,0,N/A,0,1,2026-09-29 08:30,Wall Street Analysts Look Bullish on Emerson Electric (EMR): Should You Buy?,https://finnhub.io/api/news?id=8010fb85caef79bfb452a5578edb2ccaaddc8426b46d920452c974563b153341,,,,,,,,,,,,,,,,,,,,,,,,,,
ENTG,up,WAIT,154.7,150.69,2026-09-28,True,148.25,19:27,-1.62,sip,149.6,01:18,-0.72,boats,4,152.6,09:30,1.27,sip,,,FRESH_BREAKOUT,Fresh breakout,D,UPTREND_WEAK,1.9,1.43,True,False,8,152.33,149.09,155.84,0.2,151.79,,,155.84,155.1,Setup: Volume >= 1.5x average | Price: pull back to 151.79 or lower (R:R 1.5+ with the same stop and target) OR close above 155.84 on 1.5x+ volume (becomes a fresh breakout) | Then the turn has to show at that price - 1h: reclaim the session VWAP (155.10),6.4,"T1 - overhead resistance (swing level, 4 touch(es)) inside 1 ATR",155.84,3.0,Volume >= 1.5x average (best of live/last 3 bars: 1.1x); no turn yet on the 1h chart; R:R 0.20 below 1.5,weak fresh breakout: Volume >= 1.5x average (best of live/last 3 bars: 1.1x); no turn yet on the 1h chart; R:R 0.20 below 1.5,,False,False,True,True,True,True,False,1,False,False,True,False,154.7,142.37,True,92.17,90.95,True,True,True,,127.52,156.62,154.7,143.13,True,86.83,86.26,True,True,True,,127.52,156.62,154.7,148.51,True,84.89,84.62,True,True,True,,145.32,156.62,152.6,156.62,4.02,6.49,61.9,150.13,159.09,145.32,149.09,155.84,"T1 - overhead resistance (swing level, 4 touch(es)) inside 1 ATR",0.2,True,150.53,155.1,False,up,channel rising (R2 0.62),139.27,low,2026-07-29,True,20,10,9,1,1,down,1,up,1,149.48,154.27,159.07,0.99,0.62,54.0,True,S1,-0.06,True,0.26,False,1.17,152.99,-1.11,1.0,147.12,-4.9,1.0,166.2,7.43,1.0,2.05,,,,,"Entegris, Inc.",Technology,Semiconductor Equipment & Materials,23016265728,75.69347,30.031942,1.32,5.5342054,6.897252,1.99,0.26,0.091850005,0.19271,0.07671,0.115,477787488.0,85.655,3.049,1.10764,0.0671,1.364,186.94,67.97,173.36365,72.9,None,N/A,11,1.0,8.0,2.0,1.0,0.0,1.02,1.02,True,11,2026-11-04,36.0,False,False,,0,0,,0,,0,,N/A,0,N/A,0,0,,,,,,,,,,,,,,,,,,,,,,,,,,,,,
EOG,down,WAIT,139.48,140.64,2026-09-28,True,140.63,16:13,-0.01,sip,,,,,0,138.63,09:30,-1.43,sip,,,,,-,DOWNTREND,-0.99,-0.35,False,False,0,,,,,,,,,139.52,,,,,,,downtrend (below a falling EMA50) - no long setup,,,,,,,True,False,3,True,True,True,False,139.48,143.28,False,14.22,18.94,False,False,False,,137.4,150.96,139.48,143.89,False,31.91,33.93,False,False,False,hammer,137.4,150.96,139.48,141.65,False,39.83,41.83,False,False,False,,137.4,142.38,137.4,140.26,2.86,3.82,74.9,136.44,141.22,137.4,135.49,143.48,T1 - nearest resistance,1.0,True,140.41,139.52,False,down,channel sloping down,145.24,low,2026-08-07,False,20,9,7,4,2,up,1,down,1,138.36,140.42,142.48,-0.15,0.15,27.0,False,S1,1.28,False,1.5,,,133.74,-4.12,3.0,,,,143.48,2.87,5.0,1.0,148.68,6.6,3.0,2.31,"EOG Resources, Inc.",Energy,Oil & Gas E&P,73764544512,10.918479,9.424732,1.32,2.3192494,2.8031719,12.88,2.91,0.25733,0.40717998,0.22507,0.587,4478750208.0,25.891,1.851,0.98139,0.033,0.272,154.16,101.59,162.0,72.1,Buy,2.34,28,1.0,10.0,21.0,0.0,0.0,4.07,3.99,True,24,2026-11-05,37.0,False,True,2000-11-02,0,0,2026-09-17 Raymond James: main -> Strong Buy,0,,0,,N/A,0,N/A,0,0,,,,not fetched for down-trend tickers,,,,,,,,,,,,,,,,,,,,,,,,,
ESTC,down,WAIT,88.44,87.95,2026-09-28,True,87.93,17:10,-0.02,sip,,,,,0,88.0,09:30,0.06,sip,,,,,-,UPTREND_WEAK,1.98,2.21,False,False,47,,,,,,,,,,,,,,,,"above the EMA50 but not a clean uptrend yet (missing: higher highs, higher lows) - pullback and MA-bounce setups need higher highs, higher lows and a rising EMA50",,,,,,,True,True,2,True,False,True,False,88.44,81.4,True,57.3,59.61,False,False,False,,83.65,92.64,88.44,86.69,True,41.81,43.18,False,True,False,morning_star,83.65,92.64,88.44,88.7,False,82.19,76.67,True,True,True,,84.62,91.21,86.72,89.09,2.37,3.56,66.6,85.53,90.28,84.62,82.84,92.64,T1 - nearest resistance,0.75,True,88.07,88.21,True,down,channel sloping down,84.42,low,2026-07-23,True,20,8,9,3,-1,down,1,mixed,2,86.58,88.6,90.63,-0.21,0.12,46.0,True,S1,-0.11,True,0.02,False,1.77,88.38,-0.07,3.0,82.15,-7.11,1.0,92.64,4.75,1.0,0.75,108.0,22.12,1.0,3.49,Elastic N.V.,Technology,Software - Application,9232933888,25.197708,22.234808,1.37,7.1281514,5.123271,3.49,,0.20844,-0.00606,0.33122003,0.151,504316864.0,45.94,1.81,0.89198995,0.045900002,1.037,108.0,42.05,110.69231,70.3,Buy,1.93,26,4.0,14.0,12.0,0.0,0.0,0.81,0.80,True,28,2026-11-19,51.0,False,False,,0,0,2026-09-23 Cantor Fitzgerald: reit -> Neutral,0,,0,,N/A,0,N/A,0,0,,,,not fetched for down-trend tickers,,,,,,,,,,,,,,,,,,,,,,,,,
ETSY,down,WAIT,69.79,68.94,2026-09-28,True,68.92,16:00,-0.03,sip,,,,,0,69.11,09:30,0.25,sip,,,,,-,DOWNTREND,-2.15,-1.72,False,False,0,,,,,,,,,,,,,,,,downtrend (below a falling EMA50) - no long setup,,,,,,,True,True,3,True,True,True,False,69.79,75.92,False,23.77,17.8,True,True,False,,66.21,75.98,69.79,74.34,False,30.95,27.32,True,True,False,bullish_engulfing,66.21,75.98,69.79,70.67,False,94.7,85.83,True,True,True,,66.21,71.3,68.68,69.96,1.28,2.85,44.9,67.11,71.53,66.21,64.78,69.99,T1 - nearest resistance,0.04,True,69.04,69.48,True,down,channel sloping down,69.05,low,2026-09-28,True,20,6,10,4,-4,down,1,mixed,1,65.71,68.26,70.81,-1.16,0.61,80.0,,,,,,,,,,,,,,69.99,0.29,1.0,0.04,77.36,10.85,6.0,1.51,"Etsy, Inc.",Consumer Cyclical,Internet Retail,6325597696,21.672955,9.999869,0.72,-4.5633316,2.1502795,3.18,,0.07114,0.18744,,0.062,169665376.0,,1.476,1.26324,0.1314,1.813,87.974,44.0,88.18519,58.6,Buy,2.43,27,3.0,8.0,18.0,1.0,0.0,0.76,0.75,True,24,2026-11-04,36.0,False,False,,2,0,2026-09-18 BTIG: up -> Buy,0,,0,,N/A,0,N/A,0,0,,,,not fetched for down-trend tickers,,,,,,,,,,,,,,,,,,,,,,,,,
EXEL,down,WAIT,59.04,58.36,2026-09-28,True,58.36,18:12,0.0,sip,,,,,0,58.17,09:30,-0.33,sip,,,,,-,UPTREND_WEAK,1.89,0.85,True,False,29,,,,,,,,,,,,,,,,"above the EMA50 but not a clean uptrend yet (missing: higher highs) - pullback and MA-bounce setups need higher highs, higher lows and a rising EMA50",,,,,,,True,True,2,True,False,True,False,59.04,55.95,True,85.16,74.36,True,True,True,,56.26,59.15,59.04,57.04,True,79.1,72.51,True,True,False,,56.26,59.15,59.04,57.94,True,98.11,82.53,True,True,True,,57.51,59.11,57.53,59.11,1.58,1.64,96.3,57.47,59.17,57.51,56.69,59.43,T1 - nearest resistance,0.17,True,58.23,58.38,True,down,channel rising but weak fit (R2 0.23 < 0.5),56.18,low,2026-08-13,True,20,9,6,5,3,mixed,1,up,1,57.14,58.37,59.6,0.28,0.23,77.0,False,S1,0.87,False,1.4,False,3.08,56.74,-3.9,5.0,53.99,-8.55,5.0,59.43,0.66,2.0,0.17,,,,,"Exelixis, Inc.",Healthcare,Biotechnology,14463016960,18.297806,13.698952,2.56,7.8793197,5.9373946,3.19,,0.35331002,0.39513,0.44393003,0.106,739715136.0,8.999,3.456,1.06886,0.1456,0.422,59.72,33.76,53.6875,97.4,Buy,2.37,16,1.0,6.0,11.0,0.0,1.0,0.91,0.91,True,10,2026-10-27,28.0,False,False,,0,0,,0,,0,,N/A,0,N/A,0,0,,,,not fetched for down-trend tickers,,,,,,,,,,,,,,,,,,,,,,,,,
EXLS,down,WAIT,34.44,34.61,2026-09-28,True,34.6,16:41,-0.03,sip,,,,,0,34.26,09:30,-1.01,sip,,,SUPPORT_BOUNCE,Support bounce,D,UPTREND_WEAK,0.02,0.21,True,False,46,34.19,33.77,36.09,2.5,,34.7,,,34.61,"Setup: Rejection - closed back above the test bar / upper half of range | Turn - daily: back above yesterday's close 34.61, or a close in the top half of the day's range | Confirmations: any 2 of: Volume on the bounce >= average; Daily stochastic reset and turning up; Trend context intact",6.0,"T1 - nearest real resistance (swing level, 2 touch(es))",34.75,1.0,Rejection - closed back above the test bar / upper half of range; no turn yet on the daily chart; confirmations 1/4 (need 3),weak support bounce: Rejection - closed back above the test bar / upper half of range; no turn yet on the daily chart; confirmations 1/4 (need 3),,,,,,,False,True,1,False,False,True,False,34.44,34.42,True,15.8,19.9,False,False,False,,34.05,36.09,34.44,35.31,False,15.96,17.92,False,False,False,bullish_engulfing,34.05,36.09,34.44,34.86,False,43.67,32.72,True,True,False,hammer,34.05,35.18,34.05,34.84,0.79,0.83,95.2,34.01,34.88,34.05,33.77,36.09,"T1 - nearest real resistance (swing level, 2 touch(es))",2.5,False,35.23,34.37,True,down,channel sloping down,35.09,low,2026-07-23,False,20,3,12,5,-9,down,2,mixed,3,34.0,34.38,34.76,-0.43,0.71,57.0,True,S1,0.08,True,0.3,False,1.34,34.19,-0.73,2.0,33.33,-3.22,1.0,34.75,0.9,1.0,0.46,35.4,2.79,1.0,1.43,"ExlService Holdings, Inc.",Technology,Information Technology Services,5245792256,22.038216,13.322963,0.9,6.0606055,2.3627837,1.57,,0.11174,0.14609,0.25944,0.156,262332752.0,56.585,1.244,1.04146,0.075100005,0.81,44.15,24.85,44.625,49.7,None,N/A,8,3.0,6.0,0.0,0.0,0.0,0.56,0.56,True,8,2026-10-27,28.0,False,False,,0,0,,0,,0,,N/A,0,N/A,0,0,,,,not fetched for down-trend tickers,,,,,,,True,False,False,False,False,,,,,,,,,,True,,,,
EXPE,down,WAIT,264.6,264.38,2026-09-28,True,264.99,16:47,0.23,sip,,,,,0,258.94,09:30,-2.06,sip,,,,,-,DOWNTREND,-1.81,-1.77,False,False,0,,,,,,,,,,,,,,,,downtrend (below a falling EMA50) - no long setup,,,,,,,True,True,3,True,True,True,False,264.6,286.26,False,21.29,16.48,True,True,False,hammer,255.07,292.39,264.6,283.7,False,25.21,24.31,True,True,False,bullish_engulfing,255.07,292.39,264.6,267.37,False,77.0,65.63,True,True,False,,255.07,269.26,255.07,267.01,11.94,11.99,99.6,255.02,267.06,255.07,249.07,273.85,T1 - nearest resistance,0.6,True,263.7,261.23,True,down,channel sloping down,293.06,low,2026-07-23,False,20,4,9,7,-5,down,1,up,1,247.52,258.5,269.48,-0.9,0.42,78.0,True,S1,0.2,False,0.67,,,256.54,-3.05,5.0,,,,273.85,3.5,2.0,0.6,294.69,11.37,1.0,1.94,"Expedia Group, Inc.",Consumer Cyclical,Travel Services,31713435648,16.607794,10.799904,0.69,26.226305,2.019918,15.91,0.73,0.12968001,0.1898,0.89489,0.14,3434374912.0,230.271,0.801,1.08673,0.0675,1.25,342.0,185.34,338.83334,50.6,Buy,2.18,36,0.0,17.0,21.0,1.0,0.0,8.84,8.68,True,26,2026-11-05,37.0,False,True,2007-10-02,0,0,2026-09-01 Rosenblatt: init -> Neutral,0,,0,,N/A,0,N/A,0,0,,,,not fetched for down-trend tickers,,,,,,,,,,,,,,,,,,,,,,,,,
FCX,down,WAIT,70.64,71.92,2026-09-28,True,71.88,19:00,-0.06,sip,72.18,03:15,0.36,boats,24,71.95,09:30,0.04,sip,,,,,-,UPTREND_WEAK,0.14,0.51,False,False,9,,,,,,,,,71.92,,,,,,,"above the EMA50 but not a clean uptrend yet (missing: higher highs, higher lows) - pullback and MA-bounce setups need higher highs, higher lows and a rising EMA50",,,,,,,False,False,2,True,False,True,False,70.64,70.28,True,45.24,45.11,True,True,False,,67.8,74.9,70.64,71.78,False,28.23,37.23,False,False,False,,67.8,74.9,70.64,71.72,False,40.16,37.45,True,True,False,,69.46,72.87,70.28,72.27,1.99,2.65,75.1,69.62,72.93,69.46,68.14,71.07,T1 - nearest resistance,0.17,True,72.13,70.88,False,down,channel sloping down,71.38,low,2026-07-29,False,20,8,8,4,0,down,1,up,1,69.68,71.29,72.9,-0.35,0.28,30.0,False,S1,1.86,False,1.37,False,1.94,67.01,-5.14,1.0,65.5,-7.28,2.0,71.07,0.61,3.0,0.17,74.9,6.03,1.0,1.7,Freeport-McMoRan Inc.,Basic Materials,Copper,103335821312,35.448277,17.371405,4.52,5.138899,3.9947357,2.03,0.83,0.113850005,0.33404,0.14755,-0.073,2159249920.0,32.149,2.066,0.89401,0.024,1.401,80.24,36.05,72.77273,78.3,Buy,1.78,22,6.0,12.0,4.0,1.0,0.0,0.74,0.73,True,12,2026-10-22,23.0,False,True,2011-07-01,0,0,2026-09-16 RBC Capital: main -> Sector Perform,0,,0,,N/A,0,N/A,0,0,,,,not fetched for down-trend tickers,,,,,,,,,,,,,,,,,,,,,,,,,
FIGS,up,WATCH,14.01,13.61,2026-09-28,True,13.23,19:31,-2.79,sip,13.6,01:31,-0.07,boats,3,13.89,09:30,2.06,sip,,,MA_RECLAIM,MA reclaim (early trend),C,EARLY_UPTREND,1.22,-0.07,False,False,3,13.19,12.34,14.53,0.31,13.22,,price,14.53,,Price: pull back to 13.22 or lower (R:R 1.5+ with the same stop and target) OR close above 14.53 on 1.5x+ volume (becomes a fresh breakout),3.2,"T1 - overhead resistance (swing level, 4 touch(es)) inside 1 ATR",14.53,4.0,R:R 0.31 below 1.5,R:R 0.31 below 1.5,FRESH_BREAKOUT(watch),,,,,,True,True,0,False,False,False,False,14.01,13.19,True,75.47,52.22,True,True,False,,11.81,14.26,14.01,13.42,True,86.44,89.5,False,False,True,,11.81,14.26,14.01,13.26,True,75.16,70.72,True,True,False,,12.85,14.26,13.6,14.26,0.66,0.68,97.1,13.58,14.28,12.85,12.34,14.53,"T1 - overhead resistance (swing level, 4 touch(es)) inside 1 ATR",0.31,True,13.06,13.86,True,up,WATCH setup overrides the 1h channel (channel rising but weak fit (R2 0.31 < 0.5)),13.11,low,2026-07-23,True,20,5,9,6,-4,up,2,down,2,12.59,13.59,14.6,1.22,0.31,71.0,True,S1,0.41,False,0.59,False,1.87,13.61,-2.86,3.0,12.74,-9.06,2.0,14.32,2.21,2.0,0.19,14.87,6.14,1.0,0.51,"FIGS, Inc.",Consumer Cyclical,Apparel Manufacturing,2262830080,40.058823,36.8357,,5.103035,3.1867344,0.34,,0.0872,0.17934,0.14762,0.288,78624496.0,13.036,4.956,0.99942,0.18129998,1.072,17.48,6.575,18.625,68.2,Buy,2.00,8,1.0,4.0,4.0,0.0,0.0,0.07,0.07,True,6,2026-11-05,37.0,False,False,,0,0,,0,,0,,N/A,0,N/A,0,0,,,,,,,,,,,,,,,,True,True,True,False,True,True,True,,,,,,,
FIVE,down,WAIT,222.98,228.07,2026-09-28,True,228.05,16:36,-0.01,sip,,,,,0,225.22,09:30,-1.25,sip,,,,,-,DOWNTREND,-0.84,-0.6,False,False,0,,,,,,,,,228.07,,,,,,,downtrend (below a falling EMA50) - no long setup,,,,,,,False,True,3,True,True,True,False,222.98,230.98,False,20.78,19.33,True,True,False,,216.67,242.4,222.98,235.05,False,29.43,34.43,False,False,False,,216.67,242.4,222.98,228.24,False,23.66,21.4,True,True,False,bullish_engulfing,217.23,230.49,220.63,227.24,6.61,9.49,69.7,217.75,230.12,217.23,212.48,223.0,T1 - nearest resistance,0.0,True,226.19,222.64,True,down,channel sloping down,236.71,low,2026-07-23,False,20,4,5,11,-1,up,1,down,1,212.45,220.4,228.34,-1.07,0.59,66.0,False,S1,0.9,False,0.66,False,1.23,216.67,-2.83,1.0,211.26,-5.26,1.0,223.0,0.01,1.0,0.0,241.57,8.34,9.0,1.77,"Five Below, Inc.",Consumer Cyclical,Specialty Retail,12552320000,19.947506,20.609238,0.98,5.0694833,2.3621814,11.43,,0.11652,0.08859,0.28250998,0.229,367360512.0,82.332,2.222,1.03062,0.044899996,0.989,263.88,137.77,310.9524,67.6,Buy,1.72,21,2.0,15.0,8.0,0.0,0.0,1.14,0.85,True,22,2026-12-02,64.0,False,False,,0,0,2026-09-04 Goldman Sachs: main -> Buy,0,,0,,N/A,0,N/A,0,0,,,,not fetched for down-trend tickers,,,,,,,,,,,,,,,,,,,,,,,,,
FIVN,down,WAIT,33.92,34.66,2026-09-28,True,34.8,19:15,0.4,sip,34.46,21:20,-0.58,boats,1,34.64,09:30,-0.06,sip,,,,,-,UPTREND,1.07,2.89,True,True,47,,,,,,,,,34.66,,,,,,,"trend intact, but price is not at a level/MA and there is no fresh breakout",,,,,,,False,False,2,True,False,True,False,33.92,31.65,True,47.37,56.88,False,False,False,,32.14,40.0,33.92,33.82,True,21.92,28.57,False,False,False,bullish_harami,32.14,40.0,33.92,35.31,False,15.17,8.76,True,True,False,hammer,33.44,37.47,33.44,34.76,1.32,2.13,62.0,32.63,35.57,33.44,32.38,34.38,T1 - nearest resistance,0.3,True,36.91,33.99,False,down,channel sloping down,31.49,low,2026-07-23,True,20,9,9,2,0,down,3,up,3,32.22,34.76,37.3,-1.32,0.35,33.0,False,S1,1.76,False,1.42,False,3.35,30.89,-8.93,6.0,26.78,-21.05,3.0,34.38,1.36,6.0,0.3,40.0,17.92,1.0,3.95,"Five9, Inc.",Technology,Software - Infrastructure,2589917440,52.51515,9.029145,0.27,3.3000095,2.151314,0.66,,0.049390003,0.033210002,0.079169996,0.103,260481504.0,107.449,4.149,1.10488,0.118,1.487,40.0,13.29,35.8,77.2,Buy,1.71,20,3.0,12.0,6.0,0.0,0.0,0.80,0.80,True,21,2026-11-09,41.0,False,False,,0,0,2026-09-21 Cantor Fitzgerald: main -> Overweight,0,,0,,N/A,0,N/A,0,0,,,,not fetched for down-trend tickers,,,,,,,,,,,,,,,,,,,,,,,,,
FLS,down,WAIT,73.94,74.08,2026-09-28,True,74.09,16:41,0.01,sip,,,,,0,73.94,09:30,-0.19,sip,,,,,-,CORRECTION,-0.72,-0.22,True,False,0,,,,,,,,,74.08,,,,,,,under EMA50 by 0.7 ATR with a higher low intact - wait for a support bounce or an EMA50 reclaim,,,,,,,False,True,2,True,False,True,False,73.94,75.7,False,58.78,65.49,False,False,False,,71.43,77.77,73.94,75.41,False,19.14,19.71,False,True,False,,71.43,77.77,73.94,74.69,False,36.09,30.92,True,True,False,,72.98,76.28,73.46,74.67,1.21,2.44,49.6,72.23,75.9,72.98,71.76,76.08,T1 - nearest resistance,0.98,True,75.9,73.79,True,down,channel sloping down,76.01,low,2026-07-21,False,20,8,7,5,1,mixed,2,down,1,72.21,74.3,76.39,-0.37,0.22,42.0,True,S1,0.39,True,0.39,False,1.05,72.98,-1.3,1.0,71.39,-3.45,1.0,76.08,2.89,2.0,0.98,78.66,6.38,3.0,2.17,Flowserve Corporation,Industrials,Specialty Industrial Machinery,9417785344,25.81533,15.936587,1.58,4.1726737,2.0433924,2.87,1.19,0.08012,0.13919,0.16936001,-0.016,428336256.0,99.608,2.153,1.1600701,0.062800005,1.262,92.41,48.71,89.1,57.7,Buy,1.82,10,1.0,6.0,4.0,0.0,0.0,0.99,0.99,True,11,2026-10-27,28.0,False,False,,0,0,,0,,0,,N/A,0,N/A,0,0,,,,not fetched for down-trend tickers,,,,,,,,,,,,,,,,,,,,,,,,,
FLYW,down,WAIT,17.33,17.32,2026-09-28,True,17.3,16:00,-0.12,sip,,,,,0,17.19,09:30,-0.75,sip,,,,,-,DOWNTREND,-0.59,-0.51,False,False,0,,,,,,,,,,,,,,,,downtrend (below a falling EMA50) - no long setup,,,,,,,True,True,3,True,True,True,False,17.33,17.62,False,38.57,31.3,True,True,False,,16.67,18.06,17.33,17.69,False,64.2,60.39,True,True,False,bullish_engulfing,16.67,18.06,17.33,17.3,True,59.1,54.28,True,True,False,,16.91,17.58,17.16,17.45,0.3,0.49,61.2,16.96,17.65,16.91,16.66,18.41,T1 - nearest resistance,1.61,False,17.26,17.29,True,down,channel rising but weak fit (R2 0.09 < 0.5),17.77,low,2026-07-24,False,20,5,11,4,-6,mixed,1,up,1,16.9,17.29,17.68,0.18,0.09,55.0,True,S1,0.0,True,0.29,False,3.49,17.19,-0.81,8.0,15.62,-9.87,2.0,18.41,6.23,2.0,1.61,18.91,9.12,3.0,2.36,Flywire Corporation,Technology,Software - Infrastructure,2104850688,64.074066,12.882759,,2.5763216,2.949879,0.27,,0.0477,-0.01354,0.04231,0.272,167960368.0,0.18,1.524,1.05305,0.1001,1.307,19.73,10.55,21.15385,73.9,Buy,2.07,13,3.0,5.0,6.0,0.0,0.0,0.49,0.49,True,7,2026-11-03,35.0,False,False,,0,0,2026-08-31 RBC Capital: main -> Outperform,0,,0,,N/A,0,N/A,0,0,,,,not fetched for down-trend tickers,,,,,,,,,,,,,,,,,,,,,,,,,
FORM,up,WAIT,136.62,131.05,2026-09-28,True,130.5,19:49,-0.42,sip,132.25,20:00,0.92,boats,1,134.81,09:30,2.87,sip,,,FRESH_BREAKOUT,Fresh breakout,D,UPTREND,2.94,2.91,True,True,8,131.48,128.09,138.7,0.24,132.34,,,138.7,,Setup: Volume >= 1.5x average | Price: pull back to 132.34 or lower (R:R 1.5+ with the same stop and target) OR close above 138.70 on 1.5x+ volume (becomes a fresh breakout),5.6,"T1 - overhead resistance (swing level, 4 touch(es)) inside 1 ATR",138.7,3.0,Volume >= 1.5x average (best of live/last 3 bars: 1.3x); R:R 0.24 below 1.5,weak fresh breakout: Volume >= 1.5x average (best of live/last 3 bars: 1.3x); R:R 0.24 below 1.5,,False,True,False,True,True,True,True,1,False,False,True,False,136.62,116.75,True,94.45,93.44,True,True,True,,103.25,136.69,136.62,117.98,True,94.37,90.72,True,True,True,,103.25,136.69,136.62,127.1,True,96.37,93.38,True,True,True,,124.1,136.69,132.51,136.69,4.18,6.77,61.7,129.92,139.28,124.1,128.09,138.7,"T1 - overhead resistance (swing level, 4 touch(es)) inside 1 ATR",0.24,True,129.63,134.98,True,up,channel rising (R2 0.8),112.95,low,2026-07-29,True,20,10,7,3,3,down,1,up,1,130.72,134.94,139.15,1.57,0.8,70.0,False,S1,1.86,False,2.12,False,3.08,122.24,-10.53,3.0,115.74,-15.28,3.0,139.73,2.28,1.0,0.36,,,,,"FormFactor, Inc.",Technology,Semiconductor Equipment & Materials,10231472128,89.09524,36.944992,1.39,9.206383,11.3161745,1.47,,0.12798001,0.24122,0.10989001,0.319,114850000.0,2.691,4.078,0.94577,0.0584,1.241,160.27,35.67,138.625,81.0,Buy,2.00,8,0.0,5.0,5.0,0.0,0.0,0.86,0.62,True,7,2026-10-28,29.0,False,False,,0,0,,0,,0,,N/A,0,N/A,0,0,,,,,,,,,,,,,,,,,,,,,,,,,,,,,
FRSH,up,WATCH,12.52,12.54,2026-09-28,True,12.35,17:55,-1.52,sip,,,,,0,12.49,09:30,-0.4,sip,,,PULLBACK,Pullback in uptrend,C,UPTREND,0.86,0.96,True,True,47,11.7,11.59,13.04,0.55,12.17,,price,,,"Price: pull back to 12.17 or lower (R:R 1.5+ with the same stop and target) | Confirmations: any 1 of: Volume fading into the end of the dip, or Daily stochastic reset",3.8,"T1 - nearest real resistance (swing level, 5 touch(es))",12.57,2.0,confirmations 2/4 (need 3); R:R 0.55 below 1.5,confirmations 2/4 (need 3); R:R 0.55 below 1.5,SUPPORT_BOUNCE(weak); MA_BOUNCE(weak),,,,,,True,True,0,False,False,False,False,12.52,12.13,True,62.09,65.61,False,False,False,hammer,11.96,13.05,12.52,12.53,False,46.08,45.3,True,True,False,bullish_engulfing,11.96,13.05,12.52,12.55,False,77.59,66.32,True,True,False,,11.96,12.8,12.3,12.6,0.31,0.46,67.4,12.14,12.76,11.96,11.59,13.04,"T1 - nearest real resistance (swing level, 5 touch(es))",0.55,True,12.4,12.47,True,up,WATCH setup overrides the 1h channel (channel rising but weak fit (R2 0.05 < 0.5)),12.01,low,2026-07-23,True,20,6,10,4,-4,down,2,up,2,12.22,12.63,13.04,0.18,0.05,37.0,False,S1,0.7,False,0.76,False,1.74,12.17,-2.8,2.0,11.72,-6.39,2.0,12.57,0.4,1.0,0.05,13.04,4.15,5.0,0.56,Freshworks Inc.,Technology,Software - Application,3269337088,19.88889,15.106031,0.51,3.6755648,3.6170514,0.63,,0.20489,0.05531,0.19695,0.16,260802752.0,3.861,1.693,0.91328,0.096499994,0.894,13.99,6.79,14.78571,79.6,None,N/A,14,2.0,7.0,8.0,0.0,0.0,0.18,0.18,True,17,2026-11-03,35.0,False,False,,0,0,2026-09-14 Keybanc: init -> Overweight,0,,0,,N/A,0,N/A,0,0,,,,,,True,False,False,True,,,,,,,,,,,,,,,,,True,,,
FTI,down,WAIT,68.94,70.61,2026-09-28,True,70.62,16:41,0.01,sip,,,,,0,69.06,09:30,-2.2,sip,,,,,-,DOWNTREND,-2.01,-0.89,False,False,0,,,,,,,,,,,,,,,,downtrend (below a falling EMA50) - no long setup,,,,,,,True,True,3,True,True,True,False,68.94,73.49,False,8.69,10.43,False,False,False,hammer,68.29,75.31,68.94,73.32,False,17.68,25.69,False,False,False,,68.29,75.31,68.94,70.95,False,15.58,14.29,True,True,False,,68.29,72.05,68.29,69.34,1.04,2.26,46.0,67.08,70.55,68.29,67.16,70.53,T1 - nearest resistance,0.89,True,71.14,68.8,True,down,channel sloping down,74.1,low,2026-07-30,False,20,5,11,4,-6,up,1,down,2,68.48,69.89,71.3,-0.38,0.37,16.0,False,S1,0.64,False,0.59,,,67.61,-1.93,2.0,,,,70.53,2.31,3.0,0.89,72.3,4.87,1.0,1.89,TechnipFMC plc,Energy,Oil & Gas Equipment & Services,27694649344,24.77895,19.6315,2.18,8.478808,2.6578102,2.85,0.28,0.11282,0.1769,0.35814,0.09,1463362560.0,37.898,1.08,1.01173,0.0326,0.744,80.7,35.29,76.04762,74.1,None,N/A,21,5.0,9.0,6.0,0.0,1.0,0.88,0.87,True,12,2026-10-29,30.0,False,False,,0,0,2026-09-15 Citigroup: main -> Buy,0,,0,,N/A,0,N/A,0,0,,,,not fetched for down-trend tickers,,,,,,,,,,,,,,,,,,,,,,,,,
GEV,down,WAIT,963.97,949.6,2026-09-28,True,948.0,19:44,-0.17,sip,949.48,03:09,-0.01,boats,44,963.68,09:30,1.48,sip,,,,,-,CORRECTION,-0.05,-0.23,True,False,0,,,,,,,,,,,,,,,,under EMA50 by 0.1 ATR with a higher low intact - wait for a support bounce or an EMA50 reclaim,,,,,,,True,True,3,True,False,True,True,963.97,965.6,False,79.68,76.35,True,True,False,,890.99,973.41,963.97,948.93,True,71.57,70.91,True,True,False,bullish_engulfing,890.99,973.41,963.97,950.5,True,59.26,53.95,True,True,False,hammer,943.39,973.41,954.45,973.41,18.96,34.44,55.1,938.97,988.89,943.39,926.17,975.84,T1 - nearest resistance,0.31,True,953.18,962.72,True,down,channel rising but weak fit (R2 0.2 < 0.5),930.12,low,2026-09-14,True,20,12,5,3,7,up,2,mixed,2,946.26,957.78,969.31,0.15,0.2,77.0,False,S1,1.22,False,1.23,False,1.92,921.53,-4.4,1.0,897.68,-6.88,1.0,975.84,1.23,5.0,0.31,1046.93,8.61,1.0,2.19,GE Vernova Inc.,Industrials,Specialty Industrial Machinery,252955656192,27.473822,37.800632,1.87,21.155363,6.1149144,34.57,0.21,0.23035,0.07466,0.82577,0.219,15722125312.0,28.364,0.85,0.81643,0.032899998,0.967,1195.94,530.16,1237.341,65.2,Buy,1.54,33,6.0,24.0,7.0,0.0,0.0,4.17,4.23,False,14,2026-10-28,29.0,False,True,2024-04-02,0,0,2026-09-15 Bernstein: reit -> Outperform,0,,0,,N/A,0,N/A,0,0,,,,not fetched for down-trend tickers,,,,,,,,,,,,,,,,,,,,,,,,,
GLW,down,WAIT,158.66,151.56,2026-09-28,True,151.51,19:57,-0.03,sip,152.3,03:33,0.49,boats,501,156.96,09:30,3.56,sip,,,MA_RECLAIM,MA reclaim (early trend),D,EARLY_UPTREND,0.11,-0.37,True,False,1,157.8,151.77,165.91,1.05,157.43,,,165.91,158.66,Setup: Held 2+ closes above EMA50 | Price: pull back to 157.43 or lower (R:R 1.5+ with the same stop and target) OR close above 165.91 on 1.5x+ volume (becomes a fresh breakout) | Then the turn has to show at that price - 1h: reclaim the session VWAP (158.66),6.2,"T1 - overhead resistance (swing level, 13 touch(es)) inside 1 ATR",165.91,4.0,Held 2+ closes above EMA50 (has 1); no turn yet on the 1h chart; R:R 1.05 below 1.5,weak ma reclaim (early trend): Held 2+ closes above EMA50 (has 1); no turn yet on the 1h chart; R:R 1.05 below 1.5,,,,,,,True,False,1,False,False,True,False,158.66,157.8,True,47.67,44.72,True,True,False,,142.35,161.39,158.66,154.63,True,57.84,48.54,True,True,False,,142.35,161.39,158.66,155.09,True,76.81,74.13,True,True,False,,149.26,161.39,155.62,161.39,5.77,8.04,71.8,153.35,163.66,149.26,151.77,165.91,"T1 - overhead resistance (swing level, 13 touch(es)) inside 1 ATR",1.05,True,159.09,158.66,False,down,channel sloping down,148.34,low,2026-07-28,True,20,8,9,3,-1,down,1,up,1,149.43,154.44,159.45,-0.32,0.14,92.0,False,S1,1.01,False,1.22,False,2.19,148.83,-6.2,2.0,141.08,-11.08,3.0,160.17,0.95,4.0,0.22,170.56,7.5,3.0,1.73,Corning Incorporated,Technology,Electronic Components,130577858560,72.531105,34.734646,0.94,10.934862,7.6817083,2.09,0.71,0.111999996,0.15649,0.16813,0.166,734499968.0,71.448,1.813,0.74914,0.0231,1.151,271.78,77.39,189.9375,41.8,Strong Buy,1.47,16,0.0,13.0,4.0,0.0,0.0,0.88,0.87,True,11,2026-10-27,28.0,False,True,1995-02-27,0,0,2026-09-15 Mizuho: main -> Outperform,0,,0,,N/A,0,N/A,0,0,,,,not fetched for down-trend tickers,,,,,,,,,,,,False,True,True,True,False,True,True,,,,,,,
GOOG,down,WAIT,337.98,339.3,2026-09-28,True,338.71,19:59,-0.17,sip,338.61,03:59,-0.2,boats,1026,338.11,09:30,-0.35,sip,,,,,-,DOWNTREND,-0.6,-0.29,False,True,0,,,,,,,,,,,,,,,,downtrend (below a falling EMA50) - no long setup,,,,,,,True,True,3,True,True,True,False,337.98,342.95,False,40.21,39.44,True,False,False,hammer,332.81,359.98,337.98,340.56,False,17.93,20.64,False,False,False,bullish_harami,332.81,359.98,337.98,339.7,False,42.7,29.88,True,True,False,,335.02,342.38,335.02,339.63,4.61,8.23,56.0,331.4,343.25,335.02,330.9,347.58,T1 - nearest resistance,1.36,True,335.8,336.46,True,down,channel sloping down,341.7,low,2026-07-23,False,20,9,8,3,1,down,1,up,1,325.03,333.8,342.57,-0.68,0.52,74.0,True,S1,0.33,True,0.31,False,2.81,335.39,-0.77,8.0,314.89,-6.83,1.0,347.58,2.84,6.0,1.36,359.98,6.51,1.0,3.11,Alphabet Inc.,Communication Services,Internet Content & Information,4147904774144,17.026104,22.503342,1.22,6.663785,9.30303,19.92,0.26,0.54771,0.34033,0.48676,0.242,22665000960.0,18.859,2.724,0.62129,,1.225,404.47,236.685,422.336,60.4,Strong Buy,1.38,15,13.0,42.0,5.0,0.0,0.0,3.03,3.01,True,17,2026-10-28,29.0,False,True,2014-04-03,0,0,,0,,0,,18,40,66.7,3975,0,,,,not fetched for down-trend tickers,,,,,,,,,,,,,,,,,,,,,,,,,
GOOGL,down,WAIT,341.2,342.8,2026-09-28,True,342.22,19:59,-0.17,sip,341.95,03:59,-0.25,boats,2886,341.47,09:30,-0.39,sip,,,,,-,DOWNTREND,-0.54,-0.26,False,True,0,,,,,,,,,,,,,,,,downtrend (below a falling EMA50) - no long setup,,,,,,,True,True,3,True,True,True,False,341.2,345.75,False,40.81,40.05,True,False,False,hammer,336.02,364.17,341.2,343.79,False,17.8,20.14,False,False,False,bullish_harami,336.02,364.17,341.2,343.11,False,44.62,33.01,True,True,False,,338.02,345.56,338.02,342.84,4.82,8.49,56.8,334.35,346.51,338.02,333.78,350.54,T1 - nearest resistance,1.26,True,339.12,339.65,True,down,channel sloping down,344.06,low,2026-07-23,False,20,7,8,5,-1,down,1,up,1,327.67,336.75,345.82,-0.73,0.54,75.0,True,S1,0.26,True,0.23,False,1.58,339.28,-0.56,7.0,327.75,-3.94,1.0,350.54,2.74,6.0,1.26,364.17,6.73,1.0,3.1,Alphabet Inc.,Communication Services,Internet Content & Information,4191810224128,17.267002,22.741539,1.23,6.734321,9.401503,19.85,0.26,0.54771,0.34033,0.48676,0.242,22665000960.0,18.859,2.724,0.80992997,0.0149,1.225,408.61,235.84,429.54816,61.0,Strong Buy,1.38,54,13.0,43.0,5.0,0.0,0.0,3.03,3.01,True,42,2026-10-28,29.0,False,True,2006-04-03,0,0,2026-09-28 Piper Sandler: reit -> Overweight,0,,0,,15,46,253.8,651,0,,,,not fetched for down-trend tickers,,,,,,,,,,,,,,,,,,,,,,,,,
GTES,up,WATCH,26.72,26.66,2026-09-28,True,26.67,16:00,0.04,sip,,,,,0,26.4,09:30,-0.98,sip,,,MA_RECLAIM,MA reclaim (early trend),C,EARLY_UPTREND,0.48,0.21,True,False,3,26.33,25.72,26.98,0.26,26.22,,price,26.98,,Price: pull back to 26.22 or lower (R:R 1.5+ with the same stop and target) OR close above 26.98 on 1.5x+ volume (becomes a fresh breakout),2.6,T1 - overhead resistance (20-bar high) inside 1 ATR,26.98,3.0,R:R 0.26 below 1.5,R:R 0.26 below 1.5,,,,,,,True,True,0,False,False,False,False,26.72,26.33,True,88.24,86.43,True,True,True,,24.82,27.17,26.72,26.18,True,74.1,76.32,False,True,False,bullish_harami,24.82,27.17,26.72,26.36,True,52.99,49.74,True,True,False,,26.2,27.17,26.4,27.17,0.77,0.81,95.1,26.36,27.21,26.2,25.72,26.98,T1 - overhead resistance (20-bar high) inside 1 ATR,0.26,True,26.67,26.7,True,up,channel rising (R2 0.75),25.83,low,2026-09-02,True,20,10,6,4,4,up,2,mixed,1,26.49,26.86,27.23,0.6,0.75,31.0,False,S1,0.68,False,1.07,False,2.42,25.85,-3.26,4.0,24.76,-7.34,2.0,26.81,0.34,2.0,0.09,27.65,3.48,1.0,0.93,Gates Industrial Corporation Ltd.,Industrials,Specialty Industrial Machinery,6751541760,19.050001,13.796421,,1.9170501,1.9264799,1.4,,0.103719994,0.15346,0.10384,0.066,417662496.0,60.695,3.244,1.0300499,0.0561,1.263,30.34,20.88,33.33333,61.7,Buy,1.83,12,2.0,6.0,4.0,0.0,0.0,0.44,0.44,True,12,2026-10-28,29.0,False,False,,0,0,2026-09-01 DA Davidson: init -> Neutral,0,,0,,N/A,0,N/A,0,0,,,,,,,,,,,,,,,,True,True,True,True,False,False,True,,,,,,,
HALO,down,WAIT,112.47,112.88,2026-09-28,True,113.15,16:48,0.24,sip,,,,,0,113.14,09:30,0.23,sip,,,SUPPORT_BOUNCE,Support bounce,D,UPTREND_WEAK,3.51,2.57,False,True,82,110.4,108.88,116.85,1.22,112.07,,,,112.88,"Setup: Rejection - closed back above the test bar / upper half of range | Price: pull back to 112.07 or lower (R:R 1.5+ with the same stop and target) | Then the turn has to show at that price - daily: back above yesterday's close 112.88, or a close in the top half of the day's range | Confirmations: any 2 of: Volume on the bounce >= average; Daily stochastic reset and turning up; Trend context intact | Extension: pull back closer to the EMA50 (now 3.5 ATR above, max 3)",10.1,T1 - nearest real resistance (120-bar high + 20-bar high + 52-week high),,1.0,Rejection - closed back above the test bar / upper half of range; no turn yet on the daily chart; confirmations 1/4 (need 3); R:R 1.22 below 1.5; extended 3.5 ATR above EMA50,weak support bounce: Rejection - closed back above the test bar / upper half of range; no turn yet on the daily chart; confirmations 1/4 (need 3); R:R 1.22 below 1.5; extended 3.5 ATR above EMA50,,,,,,,False,True,1,False,False,True,False,112.47,101.83,True,66.89,71.77,False,False,False,,105.5,116.85,112.47,108.65,True,26.63,39.75,False,False,False,bullish_harami,105.5,116.85,112.47,112.52,False,35.15,24.68,True,True,False,,111.03,115.05,111.03,114.52,3.49,3.04,114.8,111.48,114.07,111.03,108.88,116.85,T1 - nearest real resistance (120-bar high + 20-bar high + 52-week high),1.22,True,114.19,111.86,True,down,channel sloping down,102.84,low,2026-07-23,True,20,7,5,8,2,down,1,mixed,1,110.86,113.21,115.57,-0.0,0.0,34.0,False,S1,0.9,False,0.68,False,2.47,110.4,-1.84,2.0,104.95,-6.69,4.0,116.85,3.89,1.0,1.22,,,,,"Halozyme Therapeutics, Inc.",Healthcare,Biotechnology,12812788736,33.399406,10.862056,,89.666405,7.7012057,3.38,,0.24858999,0.59803003,1.73674,0.477,337308640.0,1517.687,2.709,1.12205,0.175,0.882,116.85,61.23,99.55556,92.1,None,N/A,9,2.0,5.0,2.0,0.0,0.0,2.29,2.29,True,6,2026-11-02,34.0,False,False,,0,0,2026-09-02 HC Wainwright & Co.: reit -> Buy,0,,0,,N/A,0,N/A,0,0,,,,not fetched for down-trend tickers,,,,,,True,True,False,False,False,False,,,,,,,,,,,,,,
HQY,down,WAIT,86.64,88.45,2026-09-28,True,90.2,18:57,1.98,sip,,,,,0,87.6,09:30,-0.96,sip,,,,,-,DOWNTREND,-3.75,-1.61,True,False,0,,,,,,,,,88.45,,,,,,,downtrend (below a falling EMA50) - no long setup,,,,,,,False,False,3,True,True,True,False,86.64,95.44,False,8.37,6.56,True,True,False,,86.01,97.92,86.64,94.09,False,6.83,10.23,False,False,False,bullish_harami,86.01,97.92,86.64,89.79,False,18.23,13.71,True,True,False,bullish_harami,86.01,89.51,86.01,88.57,2.55,2.35,108.5,86.22,88.36,86.01,84.84,88.68,T1 - nearest resistance,1.13,True,88.7,86.74,False,down,channel sloping down,86.74,low,2026-09-29,False,20,7,9,4,-2,mixed,1,down,3,84.08,85.81,87.54,-1.46,0.9,74.0,,,,,,,,,,,,,,88.68,2.35,1.0,1.13,91.63,5.76,2.0,2.77,"HealthEquity, Inc.",Healthcare,Health Information Services,7315340800,31.9278,16.079678,1.28,3.684386,5.3705435,2.78,,0.17362,0.28415,0.11434,0.076,397510624.0,48.792,2.993,1.11438,0.0771,0.225,107.62,72.76,119.33333,39.8,Strong Buy,1.33,15,5.0,10.0,0.0,0.0,0.0,1.15,1.15,True,14,,,False,False,,0,0,2026-09-18 Barclays: main -> Overweight,0,,0,,N/A,0,N/A,0,0,,,,not fetched for down-trend tickers,,,,,,,,,,,,,,,,,,,,,,,,,
INGM,down,WAIT,26.91,26.47,2026-09-28,True,26.46,16:00,-0.04,sip,,,,,0,26.55,09:30,0.3,sip,,,,,-,CORRECTION,-0.72,-0.65,True,True,0,,,,,,,,,,,,,,,,under EMA50 by 0.7 ATR with a higher low intact - wait for a support bounce or an EMA50 reclaim,,,,,,,True,True,2,True,False,True,False,26.91,27.62,False,40.07,33.07,True,True,False,,25.68,28.0,26.91,27.28,False,35.73,31.73,True,True,False,,25.68,28.0,26.91,26.77,True,68.9,64.72,True,True,False,bullish_engulfing,26.1,27.23,26.19,26.96,0.77,0.99,77.8,25.97,27.18,26.1,25.61,27.53,T1 - nearest resistance,0.48,True,26.9,26.71,True,down,channel sloping down,26.78,low,2026-09-16,True,20,8,8,4,0,down,1,up,1,25.86,26.57,27.28,-0.3,0.17,74.0,False,S1,0.68,False,1.04,,,25.88,-3.83,3.0,,,,27.53,2.3,8.0,0.48,29.45,9.44,8.0,1.95,Ingram Micro Holding Corporation,Technology,Information Technology Services,6086775808,14.459016,7.0482373,,1.4259539,0.10873997,1.83,1.28,0.00769,0.01691,0.10342,0.136,395675008.0,99.115,1.308,0.97839,0.1861,,31.69,19.03,32.61538,62.2,Buy,2.20,13,2.0,5.0,8.0,0.0,0.0,0.78,0.77,True,14,2026-11-10,42.0,False,False,,0,0,2026-09-16 Morgan Stanley: main -> Equal-Weight,0,,0,,N/A,0,N/A,0,0,,,,not fetched for down-trend tickers,,,,,,,,,,,,,,,,,,,,,,,,,
INOD,up,WATCH,67.42,66.8,2026-09-28,True,66.68,19:45,-0.18,sip,66.94,03:16,0.21,boats,18,66.59,09:30,-0.31,sip,,,MA_RECLAIM,MA reclaim (early trend),C,EARLY_UPTREND,1.04,2.29,False,False,6,62.99,59.79,71.4,0.52,64.44,,price,71.4,67.47,Price: pull back to 64.44 or lower (R:R 1.5+ with the same stop and target) OR close above 71.40 on 1.5x+ volume (becomes a fresh breakout) | Then the turn has to show at that price - 1h: reclaim the session VWAP (67.47),3.7,"T1 - overhead resistance (swing level, 3 touch(es)) inside 1 ATR",71.4,4.0,no turn yet on the 1h chart; R:R 0.52 below 1.5,no turn yet on the 1h chart; R:R 0.52 below 1.5,SUPPORT_BOUNCE(weak),,,,,,True,False,0,False,False,False,False,67.42,62.99,True,68.99,75.84,False,False,False,bullish_harami,53.37,74.93,67.42,61.9,True,57.77,60.37,False,False,False,bullish_engulfing,53.37,74.93,67.42,66.29,True,39.83,35.5,True,True,False,,65.69,70.82,65.69,68.8,3.11,4.26,73.0,64.54,69.95,65.69,59.79,71.4,"T1 - overhead resistance (swing level, 3 touch(es)) inside 1 ATR",0.52,True,71.23,67.47,False,up,WATCH setup overrides the 1h channel (channel rising but weak fit (R2 0.2 < 0.5)),66.18,low,2026-09-14,True,20,7,6,7,1,down,1,mixed,3,63.31,70.52,77.72,1.25,0.2,29.0,True,S1,0.14,True,0.34,False,1.93,65.99,-2.12,4.0,59.21,-12.18,6.0,71.78,6.47,2.0,0.57,74.84,11.01,2.0,0.97,Innodata Inc.,Technology,Information Technology Services,2296417280,53.862904,31.992603,0.87,14.385096,7.240473,1.24,,0.14656,0.17212999,0.37765998,0.578,169773248.0,2.402,1.728,0.58542997,0.146,2.883,125.14,34.23,122.75,36.5,Strong Buy,1.25,4,1.0,3.0,0.0,0.0,0.0,0.27,0.27,True,3,2026-11-05,37.0,False,False,,0,0,2026-09-18 BWS Financial: main -> Top Pick,0,,0,,N/A,0,N/A,0,0,,,,,,,,,,,,,,,,True,True,True,True,True,False,True,,,,,,,
INSW,down,WAIT,109.43,108.32,2026-09-28,True,108.15,16:00,-0.16,sip,,,,,0,108.05,09:30,-0.25,sip,,,,,-,UPTREND_WEAK,2.15,1.48,False,True,62,,,,,,,,,109.72,,,,,,,"above the EMA50 but not a clean uptrend yet (missing: higher lows) - pullback and MA-bounce setups need higher highs, higher lows and a rising EMA50",,,,,,,True,False,2,True,False,True,False,109.43,99.61,True,61.07,48.37,True,True,False,,99.45,113.14,109.43,104.1,True,73.88,66.83,True,True,False,,99.45,113.14,109.43,107.24,True,73.78,80.92,False,False,False,,104.54,110.96,106.77,110.96,4.19,4.56,91.9,106.4,111.33,104.54,102.26,113.14,T1 - nearest resistance,0.52,True,104.93,109.72,False,down,channel rising but weak fit (R2 0.07 < 0.5),102.75,low,2026-08-11,True,20,13,4,3,9,up,3,down,3,102.46,107.66,112.87,0.33,0.07,67.0,True,S1,0.29,False,0.59,False,1.55,106.73,-2.47,1.0,102.36,-6.46,1.0,113.14,3.39,1.0,0.52,,,,,"International Seaways, Inc.",Energy,Oil & Gas Midstream,5364736512,6.7567058,16.86633,,2.3676906,4.253093,16.03,7.74,0.61767,0.64219004,0.37412,1.401,69650376.0,28.815,5.944,0.84836996,0.078600004,-0.101,113.14,42.26,107.16667,94.8,Strong Buy,1.33,6,0.0,5.0,1.0,0.0,0.0,2.84,2.77,True,4,2026-11-05,37.0,False,False,,0,0,2026-09-18 BTIG: main -> Buy,0,,0,,N/A,0,N/A,0,0,,,,not fetched for down-trend tickers,,,,,,,,,,,,,,,,,,,,,,,,,
INTC,up,WATCH,116.07,116.13,2026-09-28,True,116.06,19:59,-0.06,sip,116.2,03:57,0.06,boats,21003,116.56,09:30,0.37,sip,,,PULLBACK,Pullback in uptrend,C,UPTREND,1.67,3.55,True,True,10,113.97,110.58,117.85,0.32,113.49,,price,117.85,116.49,"Price: pull back to 113.49 or lower (R:R 1.5+ with the same stop and target) OR close above 117.85 on 1.5x+ volume (becomes a fresh breakout) | Then the turn has to show at that price - daily: back above yesterday's close 116.13, or a close in the top half of the day's range; 1h: reclaim the session VWAP (116.49)",4.4,"T1 - overhead resistance (swing level, 3 touch(es)) inside 1 ATR",117.85,3.0,no turn yet on the daily and 1h charts; R:R 0.32 below 1.5,no turn yet on the daily and 1h charts; R:R 0.32 below 1.5,,,,,,,False,False,0,False,False,False,False,116.07,104.64,True,72.51,83.31,False,False,False,,99.29,127.43,116.07,108.36,True,36.81,46.87,False,False,False,,99.29,127.43,116.07,117.48,False,23.0,22.66,True,True,False,hammer,113.97,125.56,113.97,118.75,4.78,6.86,69.7,111.89,120.83,113.97,110.58,117.85,"T1 - overhead resistance (swing level, 3 touch(es)) inside 1 ATR",0.32,True,121.38,116.49,False,up,WATCH setup overrides the 1h channel (channel sloping down),101.13,low,2026-07-29,True,20,11,5,4,6,down,1,mixed,1,112.21,117.94,123.66,-0.76,0.28,34.0,False,S1,1.42,False,1.34,False,3.14,106.85,-7.94,5.0,94.52,-18.57,3.0,116.77,0.6,1.0,0.13,126.08,8.62,2.0,1.82,Intel Corporation,Technology,Semiconductors,613346770944,,56.26843,1.36,6.684141,10.754432,-1.97,,-0.19794,0.12189999,-0.10715,0.254,4866375168.0,48.997,1.604,0.62568,0.0301,2.231,142.35,32.89,116.37209,76.0,Buy,2.47,43,1.0,14.0,32.0,1.0,1.0,0.39,0.39,True,35,2026-10-22,23.0,False,True,1976-12-31,1,0,2026-09-24 TD Cowen: reit -> Hold,1,"Intel Drops 4% on Oil-Driven Rate Fears, NVIDIA Rises 3% on Record $150B Buyback; Taiwan Semiconductor Slips",3,"AMD, NVIDIA and Intel Forecast: Chip Stocks Push Higher",50,10,0.0,18,19,2026-09-29 14:05,Most active S&P500 stocks in Tuesday's session,https://finnhub.io/api/news?id=57da3c33a98b6dff9df75407d1dc4d7cc57eb8111eda3462d1f025924b5a269f,,,True,True,False,True,True,,,,,,,,,,,,,,,,,,,
IOT,down,WAIT,37.81,37.92,2026-09-28,True,37.89,19:19,-0.08,sip,,,,,0,37.7,09:30,-0.58,sip,,,,,-,CORRECTION,-0.3,0.01,True,False,0,,,,,,,,,,,,,,,,under EMA50 by 0.3 ATR with a higher low intact - wait for a support bounce or an EMA50 reclaim,,,,,,,True,True,2,True,False,True,False,37.81,38.38,False,18.17,19.55,False,False,False,,36.4,42.84,37.81,39.03,False,32.61,28.82,True,True,False,piercing_line,36.4,42.84,37.81,38.49,False,59.29,47.63,True,True,False,hammer,36.4,39.47,37.13,38.43,1.3,1.95,66.7,36.48,39.08,36.4,35.42,38.37,T1 - nearest resistance,0.23,True,38.26,37.71,True,down,channel sloping down,39.18,low,2026-07-23,False,20,3,12,5,-9,down,1,mixed,3,36.99,38.0,39.01,-0.3,0.17,40.0,False,S1,1.31,False,1.36,False,3.25,35.15,-7.04,2.0,31.47,-16.77,1.0,38.37,1.48,11.0,0.23,42.1,11.35,5.0,1.79,Samsara Inc.,Technology,Software - Infrastructure,22212003840,252.86665,39.94734,,13.858239,12.022397,0.15,,0.04901,0.00959,0.0643,0.299,260455008.0,4.338,1.625,1.07666,0.0913,1.344,47.47,23.38,52.15652,59.9,Buy,1.56,23,2.0,17.0,6.0,0.0,0.0,0.19,0.18,True,21,2026-12-03,65.0,False,False,,0,0,2026-09-15 Cantor Fitzgerald: init -> Overweight,0,,0,,N/A,0,N/A,0,0,,,,not fetched for down-trend tickers,,,,,,,,,,,,,,,,,,,,,,,,,
IREN,down,WAIT,41.4,41.72,2026-09-28,True,41.96,19:59,0.58,sip,41.98,03:57,0.62,boats,2841,42.09,09:30,0.89,sip,,,,,-,CORRECTION,-0.74,0.36,True,True,0,,,,,,,,,41.75,,,,,,,under EMA50 by 0.7 ATR with a higher low intact - wait for a support bounce or an EMA50 reclaim,,,,,,,False,False,3,True,False,True,True,41.4,43.27,False,17.21,37.48,False,False,False,,40.98,49.37,41.4,43.48,False,3.32,5.86,False,False,False,,40.98,49.37,41.4,44.03,False,11.29,9.82,True,True,False,,40.98,44.9,40.98,42.85,1.87,2.52,74.2,40.33,43.5,40.98,39.72,41.5,T1 - nearest resistance,0.06,True,48.28,41.75,False,down,channel sloping down,41.49,low,2026-07-29,False,20,10,9,1,1,down,3,up,6,39.3,41.34,43.38,-2.91,0.85,51.0,False,S1,1.04,False,0.76,False,1.7,39.48,-4.64,1.0,37.11,-10.36,1.0,41.5,0.24,3.0,0.06,43.72,5.6,1.0,1.38,IREN Limited,Financial Services,Capital Markets,16440127488,,-10.475464,3.11,3.7896268,23.253134,-2.1,,-0.9938,-1.0247,-0.23409,-0.267,-4219297280.0,187.297,3.551,0.59233004,0.2171,4.285,76.87,28.93,77.97222,26.0,Buy,1.60,18,2.0,13.0,5.0,0.0,0.0,-0.67,-0.26,False,2,2026-11-05,37.0,False,False,,1,0,2026-09-21 Rothschild & Co: init -> Neutral,0,,0,,87,6,500.0,351,0,,,,not fetched for down-trend tickers,,,,,,,,,,,,,,,,,,,,,,,,,
KEYS,up,WAIT,359.03,359.85,2026-09-28,True,359.74,16:41,-0.03,sip,,,,,0,362.57,09:30,0.76,sip,,,,,-,UPTREND_WEAK,2.2,1.62,False,True,9,,,,,,,,,359.85,,,,,,,"above the EMA50 but not a clean uptrend yet (missing: higher lows) - pullback and MA-bounce setups need higher highs, higher lows and a rising EMA50",,,,,,,False,True,2,True,False,True,False,359.03,334.54,True,88.25,92.31,False,False,True,,316.45,366.88,359.03,338.89,True,76.11,78.69,False,False,False,bullish_harami,316.45,366.88,359.03,352.25,True,36.9,30.95,True,True,False,,355.33,366.88,356.6,364.95,8.35,11.11,75.2,353.84,367.71,355.33,349.77,366.65,T1 - nearest resistance,0.82,True,357.76,358.66,True,up,channel rising (R2 0.77),331.03,low,2026-07-29,True,20,11,6,3,5,down,1,up,5,357.16,364.57,371.98,0.92,0.77,13.0,False,S1,2.11,False,1.79,False,2.55,339.18,-5.53,1.0,330.68,-7.9,4.0,366.65,2.12,2.0,0.82,,,,,"Keysight Technologies, Inc.",Technology,Scientific & Technical Instruments,61243846656,49.0109,25.933619,0.72,9.323312,9.304748,7.34,,0.19143,0.25677,0.20897,0.365,1867124992.0,42.094,2.024,0.92987996,0.0159,1.208,374.963,158.79,415.08334,92.6,Buy,1.58,12,3.0,7.0,2.0,0.0,0.0,3.38,2.68,True,12,2026-11-24,56.0,False,True,2018-11-06,0,0,,0,,1,Keysight's 56% Order Jump Puts AI Demand and Q4 Guidance in Focus,N/A,0,N/A,0,1,2026-09-29 11:00,Keysight Introduces Dual Channel Analog Signal Generator for Advanced Device Testing,https://finnhub.io/api/news?id=318485e210c7cf820aec9e7d183be27ea7b19d28de82b68ed7c7cb7eb629b460,,,,,,,,,,,,,,,,,,,,,,,,,,
KLAC,up,WATCH,196.09,189.37,2026-09-28,True,189.22,19:59,-0.08,sip,190.06,03:59,0.36,boats,892,194.27,09:30,2.59,sip,,,MA_RECLAIM,MA reclaim (early trend),C,EARLY_UPTREND,0.9,0.04,False,False,2,189.42,180.85,205.3,0.6,190.63,,price,,,Price: pull back to 190.63 or lower (R:R 1.5+ with the same stop and target),2.7,"T1 - nearest real resistance (swing level, 2 touch(es))",,3.0,R:R 0.60 below 1.5,R:R 0.60 below 1.5,FRESH_BREAKOUT(weak),,,,,,True,True,0,False,False,False,False,196.09,189.42,True,92.81,89.46,True,True,True,hammer,165.89,197.47,196.09,184.21,True,91.47,92.48,False,False,True,bullish_engulfing,165.89,197.47,196.09,187.0,True,89.03,85.29,True,True,True,hammer,182.7,197.47,192.57,197.47,4.9,7.4,66.2,190.07,199.97,182.7,180.85,205.3,"T1 - nearest real resistance (swing level, 2 touch(es))",0.6,True,187.32,195.39,True,up,channel rising (R2 0.67),181.88,low,2026-09-16,True,20,8,8,4,0,mixed,1,up,1,188.44,192.78,197.12,0.8,0.67,88.0,False,S1,0.85,False,1.09,False,2.78,188.01,-4.12,4.0,175.53,-10.48,2.0,204.58,4.33,1.0,0.56,214.8,9.54,1.0,1.23,KLA Corporation,Technology,Semiconductor Equipment & Materials,246868066304,51.265583,28.211632,1.8,38.939896,18.179499,3.69,0.49,0.35574,0.42486,0.87496,0.152,2624587520.0,96.88,2.876,0.93935996,0.0202,1.444,307.37,98.097,233.76923,46.8,Buy,1.86,26,5.0,14.0,10.0,0.0,0.0,1.18,1.18,True,22,2026-10-28,29.0,False,True,1997-09-30,0,0,2026-09-01 UBS: main -> Neutral,0,,1,"Semiconductor Metrology Global Market Opportunity Analysis and Industry Forecast 2026-2036 Featuring KLA Corp., Applied Materials, ASML, Hitachi High-Tech Corp., Lam Research Corp. and More",N/A,0,N/A,0,3,2026-09-29 10:02,KLAC's Backlog Surges on AI Demand: Can It Outpace AMAT & ASML?,https://finnhub.io/api/news?id=3fa002456fd921076c17e917147b8a8f3b33977b2abbccfe16ee41381b12839b,,,,,,,,,,,,,True,True,True,True,False,False,True,,,,,,,
KO,down,WAIT,86.88,87.18,2026-09-28,True,87.24,19:50,0.07,sip,87.18,03:49,0.0,boats,288,86.91,09:30,-0.31,sip,,,,,-,RANGE,-0.2,0.12,False,False,0,,,,,,,,,87.18,,,,,,,no trend (below a flat EMA50) - wait for a reclaim or a breakout,,,,,,,False,False,3,True,True,True,False,86.88,87.11,False,12.75,20.01,False,False,False,,86.56,89.36,86.88,88.03,False,14.75,15.66,False,True,False,,86.56,89.36,86.88,87.72,False,29.54,32.25,False,False,False,bullish_harami,86.56,88.11,86.56,87.28,0.72,1.19,60.5,86.09,87.75,86.56,85.96,87.42,T1 - nearest resistance,0.59,True,87.93,86.98,False,down,channel sloping down,88.06,low,2026-07-23,False,20,6,10,4,-4,down,2,up,3,86.34,87.27,88.21,-0.19,0.35,29.0,False,S1,1.39,False,1.36,False,3.33,85.26,-1.86,4.0,82.92,-4.56,1.0,87.42,0.62,5.0,0.59,89.36,2.85,1.0,2.7,The Coca-Cola Company,Consumer Defensive,Beverages - Non-Alcoholic,375096213504,26.180182,24.722237,3.99,10.3773365,7.4826193,3.3,2.41,0.28558,0.34873,0.42054,0.067,5218749952.0,115.519,1.305,0.68227,0.0095,0.342,92.49,65.35,94.65217,79.3,Buy,1.75,23,7.0,12.0,4.0,0.0,1.0,0.88,0.88,True,18,2026-10-20,21.0,False,True,1957-03-04,0,0,2026-09-28 JP Morgan: main -> Overweight,0,,0,,N/A,0,N/A,0,0,,,,not fetched for down-trend tickers,,,,,,,,,,,,,,,,,,,,,,,,,
LECO,up,WATCH,270.33,271.22,2026-09-28,True,271.18,16:41,-0.01,sip,,,,,0,272.16,09:30,0.35,sip,,,MA_RECLAIM,MA reclaim (early trend),C,EARLY_UPTREND,0.37,0.12,False,False,3,267.7,262.3,277.69,0.92,268.46,,price,,271.22,"Price: pull back to 268.46 or lower (R:R 1.5+ with the same stop and target) | Then the turn has to show at that price - daily: back above yesterday's close 271.22, or a close in the top half of the day's range | Confirmations: any 1 of: EMA9 above EMA20, or Volume on the reclaim >= 1.2x average, or Daily %K above %D and not overbought",4.3,"T1 - nearest real resistance (swing level, 8 touch(es))",,2.0,no turn yet on the daily chart; confirmations 2/5 (need 3); R:R 0.92 below 1.5,no turn yet on the daily chart; confirmations 2/5 (need 3); R:R 0.92 below 1.5,FRESH_BREAKOUT(weak); SUPPORT_BOUNCE(weak),,,,,,False,True,0,False,False,False,False,270.33,267.7,True,83.04,74.77,True,True,True,,253.07,274.17,270.33,266.98,True,80.77,82.86,False,True,True,bullish_harami,253.07,274.17,270.33,266.53,True,36.5,30.29,True,True,False,,266.7,274.17,268.02,274.17,6.15,7.2,85.4,266.97,275.22,266.7,262.3,277.69,"T1 - nearest real resistance (swing level, 8 touch(es))",0.92,True,265.69,269.75,True,up,channel rising (R2 0.83),271.63,low,2026-07-30,False,20,11,6,3,5,up,2,mixed,1,269.01,272.39,275.78,0.68,0.83,19.0,False,S1,0.68,True,0.42,False,1.31,267.3,-1.12,2.0,260.9,-3.49,2.0,277.32,2.59,4.0,0.87,288.5,6.72,1.0,2.26,"Lincoln Electric Holdings, Inc.",Industrials,Tools & Accessories,14780870656,27.172346,21.650059,1.53,9.510416,3.2985365,9.98,1.16,0.12353,0.18243,0.37736,0.12,307077120.0,77.347,1.982,0.83048,0.0226,1.221,310.0,216.22,304.9091,57.7,Buy,2.00,11,1.0,6.0,4.0,0.0,1.0,2.82,2.82,True,11,2026-10-29,30.0,False,False,,0,0,,1,Is The Buyback The Reason To Own Lincoln Electric Stock?,0,,N/A,0,N/A,0,0,,,,,,,,,,,,,,,,True,True,True,False,False,False,True,,,,,,,
LITE,down,WAIT,968.95,921.66,2026-09-28,True,916.26,19:58,-0.59,sip,931.8,03:55,1.1,boats,721,936.23,09:30,1.58,sip,,,SUPPORT_BOUNCE,Support bounce,D,UPTREND_WEAK,1.38,1.38,True,False,10,909.87,875.19,1001.28,0.34,925.62,,,1001.28,974.65,Price: pull back to 925.62 or lower (R:R 1.5+ with the same stop and target) OR close above 1001.28 on 1.5x+ volume (becomes a fresh breakout) | Then the turn has to show at that price - 1h: reclaim the session VWAP (974.65) and 1h MACD bullish or 1h %K above %D | Confirmations: any 2 of: Bullish candle; Daily stochastic reset and turning up; Trend context intact,5.7,"T1 - overhead resistance (swing level, 9 touch(es)) inside 1 ATR","1001.28, 1026.76",1.0,no turn yet on the 1h chart; confirmations 1/4 (need 3); R:R 0.34 below 1.5,weak support bounce: no turn yet on the 1h chart; confirmations 1/4 (need 3); R:R 0.34 below 1.5,,,,,,,True,False,1,False,False,True,False,968.95,885.69,True,60.93,55.27,True,True,False,,855.18,1002.0,968.95,911.83,True,60.42,43.18,True,True,False,,855.18,1002.0,968.95,937.12,True,74.11,75.55,False,False,False,,881.23,998.88,934.51,998.88,64.38,60.45,106.5,938.43,994.96,881.23,875.19,1001.28,"T1 - overhead resistance (swing level, 9 touch(es)) inside 1 ATR",0.34,True,945.24,974.65,False,down,channel sloping down,880.54,low,2026-07-29,True,20,8,11,1,-3,down,1,up,1,887.56,934.69,981.82,-0.28,0.05,86.0,True,S1,0.44,False,0.98,False,2.64,909.87,-6.1,2.0,809.24,-16.48,6.0,993.07,2.49,5.0,0.26,,,,,Lumentum Holdings Inc.,Technology,Communication Equipment,82642403328,,26.539871,0.63,17.577745,27.419508,-90.93,,-2.3009598,0.27954,-2.40027,1.093,224700000.0,35.987,1.678,0.943,0.0792,1.541,1085.68,147.81,1157.071,87.6,Strong Buy,1.50,26,5.0,17.0,4.0,0.0,0.0,4.21,4.21,True,22,2026-11-05,37.0,False,True,2026-03-23,0,0,2026-09-28 Citigroup: main -> Buy,0,,0,,N/A,0,N/A,0,0,,,,not fetched for down-trend tickers,,,,,,False,True,True,True,False,False,,,,,,,,,,,,,,
LLY,up,WATCH,1185.97,1185.97,2026-09-28,True,1187.59,19:55,0.14,sip,1191.0,03:50,0.42,boats,23,1187.56,09:30,0.13,sip,,,MA_RECLAIM,MA reclaim (early trend),C,EARLY_UPTREND,0.74,0.27,True,True,4,1164.74,1143.33,1197.79,0.28,1165.12,,price,1197.79,,Price: pull back to 1165.12 or lower (R:R 1.5+ with the same stop and target) OR close above 1197.79 on 1.5x+ volume (becomes a fresh breakout),2.7,T1 - overhead resistance (20-bar high) inside 1 ATR,1197.79,4.0,R:R 0.28 below 1.5,R:R 0.28 below 1.5,,,,,,,True,True,0,False,False,False,False,1185.97,1164.74,True,85.36,80.84,True,True,True,hammer,1132.63,1197.79,1185.97,1167.24,True,78.67,79.65,False,False,False,piercing_line,1132.63,1197.79,1185.97,1173.36,True,66.9,60.5,True,True,False,piercing_line,1160.84,1194.09,1168.47,1192.94,24.47,28.54,85.7,1164.4,1197.01,1160.84,1143.33,1197.79,T1 - overhead resistance (20-bar high) inside 1 ATR,0.28,True,1187.02,1179.3,True,up,WATCH setup overrides the 1h channel (channel rising but weak fit (R2 0.35 < 0.5)),1180.04,low,2026-08-03,True,20,9,4,7,5,up,1,mixed,1,1166.43,1187.3,1208.17,0.32,0.35,47.0,False,S1,1.44,False,1.38,False,2.59,1146.55,-3.32,6.0,1112.0,-6.24,3.0,1191.73,0.49,3.0,0.14,1236.05,4.22,2.0,1.17,Eli Lilly and Company,Healthcare,Drug Manufacturers - General,1056517390336,39.67783,25.024744,1.17,31.176783,13.256119,29.86,0.58,0.33528998,0.54222,1.02286,0.477,11065900032.0,162.071,1.355,0.8532,0.0084,0.502,1292.65,725.31,1328.8337,81.2,Buy,1.63,29,6.0,19.0,3.0,1.0,1.0,9.96,9.87,True,17,2026-10-29,30.0,False,True,1970-12-31,0,0,2026-09-28 JP Morgan: main -> Overweight,0,,0,,N/A,0,N/A,0,17,2026-09-29 12:23,Management Raised the Bar For Eli Lilly Stock; Does The Chart Agree?,https://finnhub.io/api/news?id=c06ff2c0c822e8896c0b556b2872150995680256580705e1edafdf2fc7709e30,,,,,,,,,,,,,True,True,True,True,True,False,True,,,,,,,
LRCX,up,WATCH,323.32,314.51,2026-09-28,True,313.51,19:56,-0.32,sip,315.78,03:32,0.4,boats,45,322.99,09:30,2.7,sip,,,MA_RECLAIM,MA reclaim (early trend),C,EARLY_UPTREND,1.11,0.46,False,False,6,307.47,292.51,345.73,0.73,313.8,,price,,,Price: pull back to 313.80 or lower (R:R 1.5+ with the same stop and target),2.7,"T1 - nearest real resistance (swing level, 2 touch(es))",,3.0,R:R 0.73 below 1.5,R:R 0.73 below 1.5,FRESH_BREAKOUT(weak),,,,,,True,True,0,False,False,False,False,323.32,307.47,True,88.78,83.28,True,True,True,,265.78,328.32,323.32,303.32,True,88.12,90.99,False,False,True,piercing_line,265.78,328.32,323.32,308.65,True,74.57,71.79,True,True,False,,305.54,328.32,319.15,328.32,9.17,14.29,64.2,314.03,333.44,305.54,292.51,345.73,"T1 - nearest real resistance (swing level, 2 touch(es))",0.73,True,304.21,322.99,True,up,channel rising (R2 0.76),302.63,low,2026-07-29,True,20,8,8,4,0,down,1,up,1,313.12,320.22,327.32,0.98,0.76,72.0,True,S1,0.01,True,0.03,False,0.84,322.91,-0.13,5.0,311.31,-3.71,1.0,345.28,6.79,1.0,0.71,356.28,10.19,1.0,1.07,Lam Research Corporation,Technology,Semiconductor Equipment & Materials,393535422464,54.690434,26.78725,1.47,31.551119,16.938866,5.75,0.42,0.31272,0.37390998,0.65066004,0.3,3090484480.0,33.049,2.629,0.88845,0.0233,1.859,438.5,130.81,373.7742,62.6,Strong Buy,1.46,31,4.0,25.0,6.0,0.0,0.0,2.18,2.18,True,25,2026-10-21,22.0,False,True,2012-06-29,0,0,2026-09-01 UBS: main -> Buy,0,,1,"Semiconductor Metrology Global Market Opportunity Analysis and Industry Forecast 2026-2036 Featuring KLA Corp., Applied Materials, ASML, Hitachi High-Tech Corp., Lam Research Corp. and More",N/A,0,N/A,0,1,2026-09-29 08:42,Is Applied Materials Still The Business You Bought?,https://finnhub.io/api/news?id=fa3817732c0d9b26a58c0e02d7106f4d6c0b7392d61661ad4c43fa920396b355,,,,,,,,,,,,,True,True,True,True,False,False,True,,,,,,,
MANH,down,WAIT,199.21,201.98,2026-09-28,True,201.88,16:00,-0.05,sip,,,,,0,200.99,09:30,-0.49,sip,,,,,-,UPTREND_WEAK,0.26,0.87,True,False,64,,,,,,,,,201.98,,,,,,,"above the EMA50 but not a clean uptrend yet (missing: higher highs) - pullback and MA-bounce setups need higher highs, higher lows and a rising EMA50",,,,,,,False,True,3,True,False,True,True,199.21,197.5,True,26.63,35.49,False,False,False,,196.79,213.3,199.21,206.25,False,16.99,21.4,False,False,False,,196.79,213.3,199.21,204.95,False,30.14,21.6,True,True,False,,196.79,210.38,197.55,201.13,3.57,6.56,54.4,194.57,204.11,196.79,193.51,202.24,T1 - nearest resistance,0.53,True,209.5,199.15,True,down,channel sloping down,200.08,low,2026-07-23,False,20,4,10,6,-6,down,2,up,1,194.49,200.94,207.4,-0.73,0.46,37.0,False,S1,0.6,True,0.32,False,1.83,197.08,-1.07,1.0,187.22,-6.02,3.0,202.24,1.52,4.0,0.53,207.48,4.15,1.0,1.45,"Manhattan Associates, Inc.",Technology,Software - Application,11770607616,59.202347,32.862354,2.57,74.71503,10.451678,3.48,,0.18667999,0.25015,0.96378,0.093,321116384.0,34.209,0.983,1.1295301,0.0656,0.947,227.03,119.06,220.7,74.2,Buy,1.73,10,2.0,6.0,3.0,0.0,0.0,1.46,1.47,False,10,2026-10-27,28.0,False,False,,0,1,2026-09-28 DA Davidson: down -> Neutral,0,,0,,N/A,0,N/A,0,0,,,,not fetched for down-trend tickers,,,,,,,,,,,,,,,,,,,,,,,,,
MDB,down,WAIT,335.2,334.6,2026-09-28,True,337.47,19:59,0.86,sip,338.95,03:41,1.3,boats,286,335.35,09:30,0.22,sip,,,,,-,RANGE,-1.72,0.04,False,False,0,,,,,,,,,,,,,,,,no trend (below a flat EMA50) - wait for a reclaim or a breakout,,,,,,,True,True,3,True,True,True,False,335.2,383.07,False,38.56,57.35,False,False,False,,300.0,439.68,335.2,389.91,False,24.16,28.66,False,False,False,bullish_engulfing,300.0,439.68,335.2,378.06,False,45.13,34.36,True,True,False,bullish_harami,300.0,420.51,321.0,349.0,28.0,27.76,100.9,321.24,348.76,300.0,286.12,354.17,T1 - nearest resistance,0.39,True,334.92,332.26,True,down,channel sloping down,377.34,low,2026-07-24,False,20,4,6,10,-2,down,1,mixed,1,293.0,347.9,402.79,-3.91,0.5,38.0,False,S1,0.7,False,0.7,False,1.56,315.88,-5.76,1.0,291.79,-12.95,1.0,354.17,5.66,3.0,0.39,373.33,11.38,1.0,0.78,"MongoDB, Inc.",Technology,Software - Infrastructure,26918957056,587.1579,42.948105,1.67,9.055929,9.688403,0.57,,0.02116,0.0368,0.01989,0.305,561356224.0,1.846,4.866,0.96752,0.0367,1.585,473.1,215.68,454.15244,46.4,Buy,1.63,37,8.0,24.0,9.0,0.0,0.0,1.61,1.51,True,34,2026-12-01,63.0,False,False,,0,0,2026-09-02 UBS: main -> Neutral,0,,0,,33,18,-43.8,26,0,,,,not fetched for down-trend tickers,,,,,,,,,,,,,,,,,,,,,,,,,
META,down,WAIT,734.24,715.72,2026-09-28,True,718.1,19:59,0.33,sip,717.06,03:50,0.19,boats,3157,724.0,09:30,1.16,sip,,,PULLBACK,Pullback in uptrend,D,UPTREND,3.09,3.61,True,True,19,713.19,705.81,779.82,1.6,,735.41,,,,"Confirmations: any 2 of: Volume fading into the end of the dip; Daily stochastic reset; Pullback low sat at value | Extension: pull back closer to the EMA50 (now 3.1 ATR above, max 3)",4.0,T1 - nearest real resistance (120-bar high + 20-bar high + 52-week high),,1.0,confirmations 1/4 (need 3); extended 3.1 ATR above EMA50,weak pullback in uptrend: confirmations 1/4 (need 3); extended 3.1 ATR above EMA50,,,,,,,True,True,2,False,False,True,True,734.24,642.95,True,68.37,79.08,False,False,False,bullish_harami,660.8,779.82,734.24,674.31,True,52.16,53.68,False,True,False,,660.8,779.82,734.24,727.75,True,50.38,41.82,True,True,False,,713.19,754.35,715.1,735.37,20.27,29.52,68.7,705.85,744.62,713.19,705.81,779.82,T1 - nearest real resistance (120-bar high + 20-bar high + 52-week high),1.6,False,748.75,725.83,True,down,channel sloping down,634.48,low,2026-07-30,True,20,13,3,4,10,down,1,mixed,1,701.97,735.44,768.91,-0.27,0.05,48.0,False,S1,1.42,False,1.77,False,2.68,681.96,-7.12,2.0,655.24,-10.76,3.0,779.82,6.21,1.0,1.6,,,,,"Meta Platforms, Inc.",Communication Services,Internet Content & Information,1823046369280,28.330166,20.547644,0.99,6.9802966,7.987165,25.26,0.28,0.29834998,0.34827,0.29848,0.28,21553625088.0,42.997,2.226,0.79017997,0.014099999,1.243,779.82,520.26,793.90735,82.4,Strong Buy,1.42,57,8.0,46.0,7.0,1.0,0.0,6.40,6.53,False,43,2026-10-28,29.0,False,True,2013-12-23,0,0,,0,,0,,4,77,-22.2,129,0,,,,not fetched for down-trend tickers,,True,False,False,False,True,,,,,,,,,,,,,,,,,,,
MNST,down,WAIT,41.76,41.87,2026-09-28,True,41.58,16:56,-0.69,sip,41.91,02:51,0.1,boats,7,41.35,09:30,-1.24,sip,,,,,-,DOWNTREND,-3.35,-1.16,False,False,0,,,,,,,,,,,,,,,,downtrend (below a falling EMA50) - no long setup,,,,,,,True,True,3,True,True,True,False,41.76,45.01,False,22.59,27.01,False,True,False,,41.05,45.08,41.76,44.25,False,17.32,18.61,False,True,False,,41.05,45.08,41.76,42.84,False,43.17,35.14,True,True,False,,41.05,43.17,41.05,41.9,0.85,0.97,87.6,40.93,42.02,41.05,40.56,42.19,T1 - nearest resistance,0.36,True,41.85,41.55,True,down,channel sloping down,41.55,low,2026-09-29,True,20,6,13,1,-7,down,4,up,1,40.74,41.42,42.11,-1.18,0.89,74.0,,,,,,,,,,,,,,42.19,1.03,1.0,0.36,45.05,7.88,4.0,2.74,Monster Beverage Corporation,Consumer Defensive,Beverages - Non-Alcoholic,82005909504,39.86667,31.974703,2.22,8.757322,8.895356,1.05,,0.23079,0.2918,0.25704,0.202,1681231104.0,0.992,3.729,0.69588995,0.030199999,0.515,50.17,32.94,50.23913,51.2,Buy,2.04,23,3.0,11.0,10.0,0.0,1.0,0.30,0.30,True,10,2026-11-05,37.0,False,True,2012-06-28,0,0,,0,,0,,N/A,0,N/A,0,0,,,,not fetched for down-trend tickers,,,,,,,,,,,,,,,,,,,,,,,,,
MPC,up,WATCH,394.13,389.55,2026-09-28,True,389.55,19:12,0.0,sip,,,,,0,384.7,09:30,-1.25,sip,,,SUPPORT_BOUNCE,Support bounce,C,UPTREND_WEAK,1.9,1.79,False,True,67,378.95,370.59,431.08,1.57,,394.79,trigger,,,"Confirmations: any 1 of: Volume on the bounce >= average, or Trend context intact",1.0,T1 - nearest real resistance (120-bar high + 20-bar high + 52-week high),,2.0,confirmations 2/4 (need 3),confirmations 2/4 (need 3),,,,,,,True,True,0,False,False,False,False,394.13,362.36,True,25.71,23.75,True,True,False,piercing_line,378.8,431.08,394.13,387.16,True,25.27,23.92,True,True,False,,378.8,431.08,394.13,395.13,False,74.8,70.56,True,True,False,,380.0,398.33,380.0,394.19,14.19,16.72,84.9,377.47,396.72,380.0,370.59,431.08,T1 - nearest real resistance (120-bar high + 20-bar high + 52-week high),1.57,False,390.82,390.26,True,up,WATCH setup overrides the 1h channel (channel sloping down),379.17,low,2026-08-07,True,20,12,4,4,8,up,1,down,1,373.26,386.12,398.99,-0.65,0.38,81.0,True,S1,-0.21,True,0.36,False,0.91,388.16,-1.51,1.0,378.95,-3.85,2.0,431.08,9.38,1.0,1.57,,,,,Marathon Petroleum Corporation,Energy,Oil & Gas Refining & Marketing,109364396032,13.640631,8.262361,0.91,5.777184,0.73755926,28.55,1.02,0.05549,0.13561,0.42099,0.537,9249375232.0,133.328,1.25,0.79495,0.0319,0.527,431.08,161.93,375.5,86.3,Buy,2.32,18,4.0,5.0,9.0,0.0,1.0,22.74,19.49,True,17,2026-11-03,35.0,False,True,2011-07-01,0,1,2026-09-22 Jefferies: down -> Hold,0,,0,,N/A,0,N/A,0,2,2026-09-29 09:47,Can HF Sinclair's Go-West Initiative Drive Long-Term Midstream Growth?,https://finnhub.io/api/news?id=9905c5d72e95b06dd9651917bc88ad6ebb54af3d6f471fc40bc6fd6f50a1fa04,,,,,,,True,True,True,False,True,False,,,,,,,,,,,,,,
MRK,down,WAIT,149.24,148.73,2026-09-28,True,148.98,19:41,0.17,sip,148.49,01:33,-0.16,boats,2,148.66,09:30,-0.05,sip,,,,,-,UPTREND_WEAK,2.23,1.08,False,True,69,,,,,,,,,,,,,,,,"above the EMA50 but not a clean uptrend yet (missing: higher lows) - pullback and MA-bounce setups need higher highs, higher lows and a rising EMA50",,,,,,,True,True,3,True,False,True,True,149.24,141.77,True,58.5,55.44,True,True,False,,143.5,153.57,149.24,146.47,True,40.05,38.28,True,True,False,,143.5,153.57,149.24,148.31,True,70.54,63.0,True,True,False,,146.09,150.36,146.09,150.36,4.27,3.35,127.5,147.01,149.44,146.09,144.42,153.19,T1 - nearest resistance,0.82,True,148.71,147.95,True,down,channel sloping down,142.58,low,2026-07-21,True,20,7,7,6,0,down,2,mixed,1,145.54,147.94,150.34,-0.21,0.21,77.0,False,S1,0.87,False,1.04,False,2.07,145.75,-2.34,1.0,142.32,-4.64,1.0,153.19,2.65,2.0,0.82,156.92,5.15,1.0,1.59,"Merck & Co., Inc.",Healthcare,Drug Manufacturers - General,366843756544,118.952,15.597333,2.72,8.753679,5.51073,1.25,2.29,0.047659997,-0.00241,0.06961,0.051,15171500032.0,128.408,1.323,0.83064,0.0139999995,0.226,156.92,78.4,153.65385,90.2,Buy,1.75,26,5.0,15.0,8.0,0.0,0.0,2.19,2.21,False,18,2026-10-29,30.0,False,True,1957-03-04,0,0,2026-09-10 HSBC: main -> Buy,0,,0,,N/A,0,N/A,0,0,,,,not fetched for down-trend tickers,,,,,,,,,,,,,,,,,,,,,,,,,
MRVL,down,WAIT,262.86,251.89,2026-09-28,True,252.35,19:59,0.18,sip,254.0,03:56,0.84,boats,1903,258.65,09:30,2.68,sip,,,SUPPORT_BOUNCE,Support bounce,D,UPTREND,2.46,2.67,True,True,11,252.93,246.65,266.74,0.24,254.69,,,266.74,,Price: pull back to 254.69 or lower (R:R 1.5+ with the same stop and target) OR close above 266.74 on 1.5x+ volume (becomes a fresh breakout) | Confirmations: any 2 of: Bullish candle; Volume on the bounce >= average; Daily stochastic reset and turning up,4.7,"T1 - overhead resistance (swing level, 2 touch(es) + 20-bar high) inside 1 ATR",266.74,1.0,confirmations 1/4 (need 3); R:R 0.24 below 1.5,weak support bounce: confirmations 1/4 (need 3); R:R 0.24 below 1.5,,,,,,,True,True,1,False,False,True,False,262.86,231.99,True,84.03,85.41,False,True,True,,224.58,267.48,262.86,240.65,True,71.6,66.08,True,True,False,,224.58,267.48,262.86,255.53,True,89.64,86.15,True,True,True,,248.14,267.48,256.88,264.39,7.51,12.56,59.8,251.83,269.44,248.14,246.65,266.74,"T1 - overhead resistance (swing level, 2 touch(es) + 20-bar high) inside 1 ATR",0.24,True,258.71,261.72,True,down,channel rising but weak fit (R2 0.01 < 0.5),225.17,low,2026-07-29,True,20,10,6,4,4,down,1,up,1,251.39,259.79,268.19,0.07,0.01,68.0,True,S1,0.46,False,0.79,False,1.67,252.93,-3.78,3.0,241.88,-7.98,1.0,266.74,1.48,2.0,0.24,,,,,"Marvell Technology, Inc.",Technology,Semiconductors,226383691776,86.86206,37.21305,1.39,12.108248,23.955185,3.01,0.09,0.27934998,0.16679001,0.16523,0.365,2408049920.0,28.525,3.168,0.81813,0.0418,2.253,329.88,70.69,290.389,74.1,Strong Buy,1.41,43,9.0,32.0,5.0,0.0,0.0,1.10,1.10,True,34,2026-12-01,63.0,False,True,2026-06-22,0,0,2026-09-23 Seaport Global: init -> Buy,0,,0,,N/A,0,N/A,0,0,,,,not fetched for down-trend tickers,,,,,,False,True,True,False,False,True,,,,,,,,,,,,,,
MSFT,up,WAIT,511.4,509.47,2026-09-28,True,509.3,19:59,-0.03,sip,508.17,03:59,-0.26,boats,864,507.5,09:30,-0.39,sip,,,MA_BOUNCE,MA bounce,D,UPTREND,2.72,1.3,True,True,43,499.69,490.9,515.3,0.19,500.66,,,515.3,,"Setup: Rejection - closed back above the test bar / upper half of range | Price: pull back to 500.66 or lower (R:R 1.5+ with the same stop and target) OR close above 515.30 on 1.5x+ volume (becomes a fresh breakout) | Confirmations: any 1 of: Volume fading into the end of the dip so far - too short to judge), or Daily stochastic reset and turning up",6.9,"T1 - overhead resistance (swing level, 5 touch(es)) inside 1 ATR","515.3, 519.4",2.0,Rejection - closed back above the test bar / upper half of range; confirmations 2/4 (need 3); R:R 0.19 below 1.5,weak ma bounce: Rejection - closed back above the test bar / upper half of range; confirmations 2/4 (need 3); R:R 0.19 below 1.5,,,,,,True,True,True,1,False,False,True,False,511.4,479.49,True,78.81,69.94,True,True,False,,487.23,519.4,511.4,496.62,True,63.22,67.51,False,False,False,bullish_engulfing,487.23,519.4,511.4,505.01,True,57.64,42.28,True,True,False,hammer,502.22,519.4,502.4,513.64,11.24,11.73,95.8,501.91,514.13,502.22,490.9,515.3,"T1 - overhead resistance (swing level, 5 touch(es)) inside 1 ATR",0.19,True,497.7,508.39,True,up,channel rising (R2 0.57),476.56,low,2026-07-23,True,20,8,8,4,0,mixed,1,up,1,503.2,513.31,523.42,0.56,0.57,41.0,False,S1,1.5,False,1.83,False,2.86,489.96,-4.19,5.0,477.84,-6.56,2.0,515.3,0.76,5.0,0.19,,,,,Microsoft Corporation,Technology,Software - Infrastructure,3781236359168,28.353008,21.507965,1.68,8.548981,11.394792,17.96,0.76,0.40305,0.45111,0.34039003,0.177,16545500160.0,29.118,1.23,0.75803,0.0091,1.108,553.72,349.2,577.26135,79.3,Strong Buy,1.33,52,14.0,39.0,2.0,0.0,0.0,4.72,4.72,True,25,2026-10-28,29.0,False,True,1994-06-01,1,0,2026-09-23 Stifel: up -> Buy,0,,0,,24,27,-20.6,4097,25,2026-09-29 15:10,Which dow jones stocks are moving on Tuesday?,https://finnhub.io/api/news?id=d86a89f12f7a3769625ba57f71398b516023a72b2444d33a1d6a23ea31e36d7c,,,,,,,,,False,,False,,,,,,,,,True,True,True,,False,,
MTCH,down,WAIT,39.78,39.53,2026-09-28,True,39.4,18:58,-0.33,sip,,,,,0,39.32,09:30,-0.53,sip,,,,,-,DOWNTREND,-0.48,-0.11,False,True,0,,,,,,,,,,,,,,,,downtrend (below a falling EMA50) - no long setup,,,,,,,True,True,3,True,True,True,False,39.78,40.41,False,12.23,16.45,False,False,False,piercing_line,39.11,44.58,39.78,41.25,False,10.65,9.16,True,True,False,,39.11,44.58,39.78,40.77,False,52.88,40.75,True,True,False,,39.11,41.43,39.11,40.03,0.92,1.31,70.2,38.72,40.42,39.11,38.46,39.96,T1 - nearest resistance,0.14,True,40.55,39.6,True,down,channel sloping down,40.71,low,2026-08-06,False,20,4,9,7,-5,down,2,mixed,1,37.82,39.08,40.35,-1.37,0.75,78.0,False,S1,0.77,False,1.12,False,1.67,38.31,-3.7,1.0,37.59,-5.51,2.0,39.96,0.45,5.0,0.14,41.22,3.62,2.0,1.09,,Communication Services,Internet Content & Information,9216360448,14.367272,8.631273,0.34,-38.322014,2.584421,2.75,1.97,0.20169,0.28771,,-0.012,930664000.0,,1.724,1.09436,0.057800002,1.323,44.935,28.81,41.88235,68.0,Buy,2.40,17,2.0,5.0,13.0,0.0,0.0,1.01,0.93,True,5,2026-11-03,35.0,False,False,,0,0,,0,,0,,N/A,0,N/A,0,0,,,,not fetched for down-trend tickers,,,,,,,,,,,,,,,,,,,,,,,,,
MTSI,down,WAIT,284.34,278.59,2026-09-28,True,278.56,16:26,-0.01,sip,,,,,0,280.59,09:30,0.72,sip,,,MA_RECLAIM,MA reclaim (early trend),D,EARLY_UPTREND,0.24,0.07,True,True,1,281.1,270.94,289.2,0.36,278.24,,,289.2,,Setup: Held 2+ closes above EMA50 | Price: pull back to 278.24 or lower (R:R 1.5+ with the same stop and target) OR close above 289.20 on 1.5x+ volume (becomes a fresh breakout),5.5,"T1 - overhead resistance (swing level, 7 touch(es) + 20-bar high) inside 1 ATR",289.2,3.0,Held 2+ closes above EMA50 (has 1); R:R 0.36 below 1.5,weak ma reclaim (early trend): Held 2+ closes above EMA50 (has 1); R:R 0.36 below 1.5,,,,,,,True,True,2,False,False,True,True,284.34,281.1,True,87.92,88.43,False,False,True,bullish_harami;hammer,242.16,289.26,284.34,274.35,True,67.91,65.83,True,True,False,,242.16,289.26,284.34,278.08,True,79.27,72.2,True,True,False,hammer,274.48,289.26,279.02,286.3,7.28,13.55,53.7,272.75,292.57,274.48,270.94,289.2,"T1 - overhead resistance (swing level, 7 touch(es) + 20-bar high) inside 1 ATR",0.36,True,278.98,283.63,True,down,channel rising but weak fit (R2 0.12 < 0.5),274.52,low,2026-07-29,True,20,9,9,2,0,down,1,up,1,273.97,282.23,290.49,0.27,0.12,63.0,False,S1,1.05,False,1.32,False,2.26,266.42,-6.3,1.0,253.72,-10.77,2.0,286.98,0.93,5.0,0.2,318.42,11.99,1.0,2.54,"MACOM Technology Solutions Holdings, Inc.",Technology,Semiconductors,21273884672,91.032684,32.82502,2.05,13.806502,18.276941,3.06,,0.20698999,0.23337,0.17184,0.358,104351504.0,26.873,2.338,0.97331,0.0435,1.708,418.9,121.97,395.33334,54.7,Buy,1.56,15,3.0,10.0,3.0,0.0,0.0,1.97,2.00,False,16,2026-11-05,37.0,False,False,,1,0,2026-09-18 BMO Capital: up -> Outperform,0,,0,,N/A,0,N/A,0,0,,,,not fetched for down-trend tickers,,,,,,,,,,,,False,True,True,True,False,False,True,,,,,,,
MU,down,WAIT,1069.83,1053.89,2026-09-28,True,1055.37,19:59,0.14,sip,1071.13,03:59,1.64,boats,13002,1076.56,09:30,2.15,sip,,,SUPPORT_BOUNCE,Support bounce,D,UPTREND_WEAK,2.31,2.39,False,True,9,1038.01,1016.16,1099.01,0.54,1049.3,,,1099.01,1071.32,Price: pull back to 1049.30 or lower (R:R 1.5+ with the same stop and target) OR close above 1099.01 on 1.5x+ volume (becomes a fresh breakout) | Then the turn has to show at that price - 1h: reclaim the session VWAP (1071.32) | Confirmations: any 3 of: Bullish candle; Volume on the bounce >= average; Daily stochastic reset and turning up; Trend context intact,6.5,"T1 - overhead resistance (swing level, 2 touch(es)) inside 1 ATR","1099.01, 1108.72",0.0,no turn yet on the 1h chart; confirmations 0/4 (need 3); R:R 0.54 below 1.5,weak support bounce: no turn yet on the 1h chart; confirmations 0/4 (need 3); R:R 0.54 below 1.5,,,,,,,True,False,1,False,False,True,False,1069.83,968.91,True,80.47,82.81,False,False,True,,917.65,1108.72,1069.83,1004.19,True,58.66,62.94,False,False,False,,917.65,1108.72,1069.83,1054.1,True,71.92,72.45,False,False,False,,1032.0,1087.2,1057.7,1082.66,24.96,43.7,57.1,1038.96,1101.4,1032.0,1016.16,1099.01,"T1 - overhead resistance (swing level, 2 touch(es)) inside 1 ATR",0.54,True,1071.73,1071.32,False,down,channel rising but weak fit (R2 0.03 < 0.5),935.44,low,2026-07-29,True,20,9,6,5,3,down,1,up,1,1042.7,1072.08,1101.46,0.12,0.03,46.0,False,S1,0.88,False,0.73,False,1.94,1038.01,-2.97,3.0,984.96,-7.93,4.0,1108.72,3.64,1.0,0.72,,,,,"Micron Technology, Inc.",Technology,Semiconductors,1190357762048,24.44862,6.542628,0.16,11.813933,13.186053,43.11,0.05,0.55906,0.80370003,0.66638,3.457,7639499776.0,6.33,3.425,0.799,0.024500001,2.222,1255.0,163.96,1520.7609,83.0,Strong Buy,1.37,46,9.0,36.0,3.0,0.0,1.0,31.71,31.33,True,33,2026-09-30,1.0,True,True,1994-09-27,0,0,2026-09-28 Wedbush: reit -> Outperform,0,,0,,2,176,-7.4,4829,0,,,,not fetched for down-trend tickers,,,,,,False,True,True,False,False,False,,,,,,,,,,,,,,
NBIS,down,WAIT,238.85,231.81,2026-09-28,True,232.25,19:59,0.19,sip,233.46,03:55,0.71,boats,1716,235.41,09:30,1.55,sip,,,SUPPORT_BOUNCE,Support bounce,D,UPTREND_WEAK,1.16,1.48,True,False,9,229.42,221.76,251.97,0.77,233.84,,,251.97,241.61,Price: pull back to 233.84 or lower (R:R 1.5+ with the same stop and target) OR close above 251.97 on 1.5x+ volume (becomes a fresh breakout) | Then the turn has to show at that price - 1h: reclaim the session VWAP (241.61) and 1h MACD bullish or 1h %K above %D | Confirmations: any 2 of: Volume on the bounce >= average; Daily stochastic reset and turning up; Trend context intact,5.3,"T1 - overhead resistance (swing level, 2 touch(es)) inside 1 ATR",251.97,1.0,no turn yet on the 1h chart; confirmations 1/4 (need 3); R:R 0.77 below 1.5,weak support bounce: no turn yet on the 1h chart; confirmations 1/4 (need 3); R:R 0.77 below 1.5,,,,,,,True,False,2,False,False,True,True,238.85,221.13,True,67.79,66.93,True,False,False,,208.48,249.19,238.85,226.46,True,64.21,62.83,True,True,False,,208.48,249.19,238.85,234.86,True,56.0,60.89,False,False,False,piercing_line,228.38,246.98,233.61,246.98,13.37,15.33,87.2,231.65,248.94,228.38,221.76,251.97,"T1 - overhead resistance (swing level, 2 touch(es)) inside 1 ATR",0.77,True,233.85,241.61,False,down,channel rising but weak fit (R2 0.12 < 0.5),220.46,low,2026-07-29,True,20,9,7,4,2,down,1,mixed,1,230.46,239.62,248.77,0.34,0.12,46.0,True,S1,0.39,False,0.62,False,2.52,229.42,-3.95,4.0,200.19,-16.19,3.0,251.97,5.49,2.0,0.77,280.83,17.58,1.0,2.46,,Communication Services,Internet Content & Information,63037792256,,-66.353615,0.54,6.147076,43.446175,-0.07,,0.03129,-0.00223,0.00601,4.54,-9614650368.0,98.596,4.03,0.69456,0.1981,1.436,299.86,73.52,283.57895,73.0,Buy,1.89,19,2.0,5.0,1.0,1.0,0.0,-1.46,-1.12,False,3,2026-11-10,42.0,False,False,,1,0,2026-09-24 BNP Paribas: up -> Outperform,0,,0,,23,29,107.1,483,0,,,,not fetched for down-trend tickers,,,,,,True,True,True,False,False,False,,,,,,,,,,,,,,
NEM,down,WAIT,116.92,116.04,2026-09-28,True,116.29,19:58,0.22,sip,117.0,03:34,0.83,boats,117,117.32,09:30,1.1,sip,,,,,-,RANGE,-0.29,0.29,False,True,0,,,,,,,,,116.93,,,,,,,no trend (below a flat EMA50) - wait for a reclaim or a breakout,,,,,,,True,False,3,True,True,True,False,116.92,118.14,False,12.97,14.93,False,True,False,,114.63,128.09,116.92,121.87,False,14.41,14.0,True,True,False,,114.63,128.09,116.92,120.19,False,46.5,36.88,True,True,False,,114.63,121.94,115.97,117.8,1.83,4.17,43.9,113.63,120.14,114.63,112.55,120.58,T1 - nearest resistance,0.84,True,116.38,116.93,False,down,channel sloping down,119.58,low,2026-07-29,False,20,6,11,3,-5,down,4,up,1,113.14,116.64,120.14,-1.09,0.68,54.0,False,S1,0.97,False,0.87,False,4.76,113.28,-3.11,1.0,97.05,-16.99,3.0,120.58,3.13,3.0,0.84,126.0,7.77,1.0,2.08,Newmont Corporation,Basic Materials,Gold,122280992768,15.310027,11.343232,2.78,3.4870796,4.745643,7.93,0.86,0.33363998,0.51569,0.25905,0.151,8815875072.0,15.807,2.546,0.81622005,0.0183,0.543,135.29,76.05,137.07143,69.0,Buy,1.57,21,5.0,15.0,2.0,1.0,0.0,1.94,1.92,True,7,2026-10-22,23.0,False,True,1969-06-30,0,0,2026-09-16 RBC Capital: main -> Outperform,0,,0,,N/A,0,N/A,0,0,,,,not fetched for down-trend tickers,,,,,,,,,,,,,,,,,,,,,,,,,
NESR,filtered,WAIT,26.61,29.83,2026-09-28,True,30.19,19:47,1.21,sip,29.92,02:48,0.3,boats,4,27.51,09:30,-7.78,sip,,,,,-,DOWNTREND,-3.09,-0.6,False,False,0,,,,,,,,,29.83,,,,,,,downtrend (below a falling EMA50) - no long setup,,,,,,,False,True,4,True,True,True,True,26.61,31.57,False,13.34,25.59,False,False,False,,25.77,33.62,26.61,32.22,False,7.65,7.41,True,True,False,hammer,25.77,33.62,26.61,30.77,False,10.49,10.12,True,True,False,bullish_engulfing,25.77,32.62,25.77,28.92,3.15,1.6,196.9,27.32,27.37,25.77,24.97,27.03,T1 - nearest resistance,0.26,True,32.29,26.57,True,down,channel sloping down,32.61,low,2026-07-29,False,20,7,8,5,-1,down,1,mixed,1,25.71,28.67,31.62,-2.88,0.56,15.0,False,S1,1.96,False,1.4,,,24.37,-8.42,1.0,,,,27.03,1.58,1.0,0.26,30.01,12.78,3.0,2.07,National Energy Services Reunited Corp.,Energy,Oil & Gas Equipment & Services,3006390784,35.070587,10.8790455,,2.885211,1.8570406,0.85,,0.05768,0.124510005,0.09438,0.591,137608992.0,29.256,1.017,0.93193,0.0477,0.399,36.94,9.95,43.14286,61.7,Buy,1.57,7,4.0,3.0,0.0,0.0,0.0,0.49,0.53,False,5,2026-11-12,44.0,False,False,,0,0,,0,,0,,N/A,0,N/A,0,0,,,,ticker filtered out,,,,,,,,,,,,,,,,,,,,,,,,,
NOW,down,WAIT,130.01,131.44,2026-09-28,True,131.06,19:59,-0.29,sip,131.21,03:30,-0.17,boats,30,131.06,09:30,-0.29,sip,,,,,-,UPTREND_WEAK,0.3,1.15,True,False,46,,,,,,,,,131.44,,,,,,,"above the EMA50 but not a clean uptrend yet (missing: higher highs) - pullback and MA-bounce setups need higher highs, higher lows and a rising EMA50",,,,,,,False,False,2,True,False,True,False,130.01,128.31,True,22.9,33.21,False,False,False,,126.75,142.1,130.01,134.23,False,21.07,22.38,False,False,False,bullish_harami,126.75,142.1,130.01,134.81,False,38.7,30.05,True,True,False,,126.75,138.25,128.12,132.44,4.32,5.61,77.0,126.83,133.73,126.75,123.95,130.44,T1 - nearest resistance,0.07,True,137.34,130.29,False,down,channel sloping down,124.09,low,2026-07-23,True,20,5,10,5,-5,down,2,mixed,3,126.63,131.52,136.41,-0.96,0.52,35.0,False,S1,1.64,False,1.45,False,2.15,121.88,-6.25,1.0,117.97,-9.26,2.0,130.44,0.33,3.0,0.07,135.72,4.39,2.0,0.94,"ServiceNow, Inc.",Technology,Software - Application,135901159424,82.15625,26.26106,0.98,10.858252,9.2248955,1.6,,0.11336,0.04063,0.14244,0.24,5149374976.0,67.538,0.701,0.84849,0.0279,0.972,192.966,81.24,144.99261,43.7,Strong Buy,1.43,46,10.0,35.0,2.0,1.0,1.0,1.03,1.03,True,39,2026-10-28,29.0,False,True,2019-11-21,0,0,2026-09-21 Cantor Fitzgerald: main -> Overweight,0,,0,,51,10,100.0,28,0,,,,not fetched for down-trend tickers,,,,,,,,,,,,,,,,,,,,,,,,,
NTAP,up,WAIT,208.42,204.52,2026-09-28,True,205.81,19:51,0.63,sip,,,,,0,204.5,09:30,-0.01,sip,,,FRESH_BREAKOUT,Fresh breakout,D,UPTREND,2.81,1.8,True,True,115,203.91,200.08,209.06,0.08,203.67,,,209.06,,Setup: Volume >= 1.5x average | Price: pull back to 203.67 or lower (R:R 1.5+ with the same stop and target) OR close above 209.06 on 1.5x+ volume (becomes a fresh breakout) | Then the turn has to show at that price - 1h: 1h MACD bullish or 1h %K above %D,6.6,T1 - overhead resistance (120-bar high) inside 1 ATR,"209.06, 209.06",4.0,Volume >= 1.5x average (best of live/last 3 bars: 1.3x); no turn yet on the 1h chart; R:R 0.08 below 1.5,weak fresh breakout: Volume >= 1.5x average (best of live/last 3 bars: 1.3x); no turn yet on the 1h chart; R:R 0.08 below 1.5,,False,True,True,True,True,True,False,1,False,False,True,False,208.42,186.88,True,93.48,87.42,True,True,True,,186.13,210.04,208.42,194.07,True,92.79,92.53,True,False,True,,186.13,210.04,208.42,200.35,True,88.87,89.23,False,True,True,bullish_harami;hammer,197.5,210.04,200.79,210.04,9.25,7.66,120.8,202.38,208.45,197.5,200.08,209.06,T1 - overhead resistance (120-bar high) inside 1 ATR,0.08,True,203.72,206.46,True,up,channel rising (R2 0.72),192.28,low,2026-09-03,True,20,9,5,6,4,up,1,mixed,1,201.07,205.79,210.52,0.91,0.72,78.0,False,S1,0.56,False,1.07,False,1.7,200.2,-3.94,2.0,195.38,-6.26,2.0,209.06,0.31,1.0,0.08,,,,,"NetApp, Inc.",Technology,Software - Infrastructure,40150011904,28.39028,18.38064,2.23,26.797327,5.432284,7.2,1.03,0.19184999,0.26667,1.14818,0.299,1171374976.0,169.498,1.242,1.01977,0.051799998,1.432,209.06,93.69,197.0,99.4,Buy,2.30,16,2.0,6.0,12.0,0.0,0.0,2.60,2.16,True,18,2026-12-01,63.0,False,True,1999-06-25,0,0,2026-09-03 Wells Fargo: main -> Equal-Weight,0,,0,,N/A,0,N/A,0,11,2026-09-29 13:30,NetApp Honors the International Union for Conservation of Nature with the Social Impact Award for Intelligent Data for Good,https://finnhub.io/api/news?id=b1bcafb707d596cf30df7de821ac019a311da6e13fce2db85af5dc0edd7df5c4,,,,,,,,,,,,,,,,,,,,,,,,,,
NVDA,down,WAIT,228.08,228.88,2026-09-28,True,229.42,19:59,0.24,sip,230.19,03:59,0.57,boats,9717,230.92,09:30,0.89,sip,,,,,-,UPTREND_WEAK,1.89,0.87,True,False,9,,,,,,,,,229.9,,,,,,,"above the EMA50 but not a clean uptrend yet (missing: higher highs) - pullback and MA-bounce setups need higher highs, higher lows and a rising EMA50",,,,,,,False,False,2,True,False,True,False,228.08,218.0,True,75.4,69.31,True,True,False,,212.5,233.21,228.08,221.95,True,66.83,70.57,False,False,False,,212.5,233.21,228.08,226.06,True,32.37,46.62,False,False,False,hammer,223.13,233.21,227.69,232.82,5.13,5.34,96.1,227.48,233.03,223.13,220.46,229.46,T1 - nearest resistance,0.18,True,224.61,229.9,False,down,channel rising but weak fit (R2 0.08 < 0.5),218.88,low,2026-07-29,True,20,12,8,0,4,up,2,down,2,223.08,228.08,233.08,0.16,0.08,50.0,False,S1,1.15,False,0.62,False,1.31,224.76,-1.46,1.0,221.09,-3.06,1.0,229.46,0.61,3.0,0.18,234.76,2.93,1.0,0.88,NVIDIA Corporation,Technology,Semiconductors,5526282305536,28.500624,14.593216,0.47,24.133713,18.24036,8.03,0.44,0.63663,0.66236997,1.17211,1.059,41809874944.0,16.971,4.589,0.71419,0.0127,2.217,236.54,164.27,327.7,88.3,Strong Buy,1.30,59,10.0,48.0,2.0,1.0,0.0,2.47,2.47,True,43,2026-11-17,49.0,False,True,2001-11-30,0,0,2026-09-10 Piper Sandler: init -> Overweight,0,,0,,3,82,-42.3,4350,0,,,,not fetched for down-trend tickers,,,,,,,,,,,,,,,,,,,,,,,,,
NWS,down,WAIT,31.31,32.24,2026-09-28,True,32.24,16:00,0.0,sip,,,,,0,31.37,09:30,-2.7,sip,,,,,-,DOWNTREND,-1.68,-0.66,False,False,0,,,,,,,,,32.24,,,,,,,downtrend (below a falling EMA50) - no long setup,,,,,,,False,False,3,True,True,True,False,31.31,32.6,False,21.04,18.23,True,False,False,,31.15,33.86,31.31,32.76,False,23.27,29.24,False,False,False,,31.15,33.86,31.31,31.95,False,16.67,17.06,False,True,False,bullish_harami;hammer,31.15,32.27,31.21,32.15,0.94,0.77,122.1,31.38,31.98,31.15,30.77,31.57,T1 - nearest resistance,0.48,True,31.53,31.44,False,down,channel sloping down,33.08,low,2026-07-23,False,20,3,9,8,-6,mixed,3,down,1,30.57,31.29,32.01,-0.56,0.49,51.0,True,S1,0.47,True,0.39,False,2.22,31.01,-0.96,3.0,29.6,-5.46,1.0,31.57,0.83,1.0,0.48,32.08,2.46,1.0,1.43,News Corporation,Communication Services,Entertainment,17394434048,30.704765,21.326702,2.85,2.054943,1.9267207,1.05,0.63,0.06347,0.12537,0.07979,0.108,1045124992.0,31.561,1.623,0.50158,0.0868,0.923,35.76,25.49,,56.7,Strong Buy,1.50,N/A,2.0,5.0,1.0,0.0,0.0,0.26,0.26,True,4,2026-11-05,37.0,False,True,2015-09-18,0,0,,0,,0,,N/A,0,N/A,0,0,,,,not fetched for down-trend tickers,,,,,,,,,,,,,,,,,,,,,,,,,
NWSA,down,WAIT,28.32,29.1,2026-09-28,True,28.69,16:59,-1.41,sip,,,,,0,28.61,09:30,-1.68,sip,,,,,-,DOWNTREND,-1.01,-0.42,False,False,0,,,,,,,,,29.1,,,,,,,downtrend (below a falling EMA50) - no long setup,,,,,,,False,False,3,True,True,True,False,28.32,29.06,False,23.32,19.24,True,False,False,,27.98,30.64,28.32,29.38,False,26.54,29.01,False,False,False,bullish_harami,27.98,30.64,28.32,28.82,False,32.34,31.95,True,True,False,bullish_harami;hammer,27.98,29.12,28.18,29.05,0.87,0.74,117.6,28.31,28.92,27.98,27.61,29.04,T1 - nearest resistance,1.01,True,28.49,28.42,False,down,channel sloping down,29.26,low,2026-07-23,False,20,2,8,10,-6,mixed,3,down,1,27.44,28.15,28.86,-0.65,0.52,62.0,True,S1,0.45,True,0.05,False,1.22,28.28,-0.14,3.0,27.42,-3.18,1.0,29.04,2.54,3.0,1.01,30.18,6.57,1.0,2.62,News Corporation,Communication Services,Entertainment,15700310016,27.714287,19.249598,2.56,1.8548027,1.7390685,1.03,0.7,0.06347,0.12537,0.07979,0.108,1045124992.0,31.561,1.623,1.0849199,0.032899998,0.923,31.66,22.2,36.1625,64.7,Strong Buy,1.50,8,2.0,5.0,1.0,0.0,0.0,0.26,0.26,True,4,2026-11-05,37.0,False,True,2013-08-01,0,0,,0,,0,,N/A,0,N/A,0,0,,,,not fetched for down-trend tickers,,,,,,,,,,,,,,,,,,,,,,,,,
OKTA,up,WATCH,203.62,202.17,2026-09-28,True,202.74,18:48,0.28,sip,,,,,0,205.5,09:30,1.65,sip,,,PULLBACK,Pullback in uptrend,C,UPTREND,3.51,5.21,True,True,24,190.74,188.02,212.5,0.57,197.81,,price,212.5,,"Price: pull back to 197.81 or lower (R:R 1.5+ with the same stop and target) OR close above 212.50 on 1.5x+ volume (becomes a fresh breakout) | Extension: pull back closer to the EMA50 (now 3.5 ATR above, max 3)",4.5,T1 - overhead resistance (120-bar high + 20-bar high + 52-week high) inside 1 ATR,"212.5, 212.5",3.0,R:R 0.57 below 1.5; extended 3.5 ATR above EMA50,R:R 0.57 below 1.5; extended 3.5 ATR above EMA50,,,,,,,True,True,1,False,False,False,True,203.62,165.49,True,73.79,77.29,False,False,False,,180.55,212.5,203.62,181.55,True,70.49,66.29,True,True,False,bullish_engulfing;hammer,180.55,212.5,203.62,198.63,True,70.55,69.72,True,True,False,,190.74,208.69,200.59,208.69,8.1,10.86,74.6,197.83,211.45,190.74,188.02,212.5,T1 - overhead resistance (120-bar high + 20-bar high + 52-week high) inside 1 ATR,0.57,True,203.23,203.31,True,up,WATCH setup overrides the 1h channel (channel rising but weak fit (R2 0.31 < 0.5)),178.85,low,2026-08-26,True,20,9,7,4,2,down,2,up,3,195.6,205.45,215.29,0.79,0.31,41.0,False,S1,1.19,False,1.02,False,2.12,192.55,-5.44,1.0,180.55,-11.33,1.0,212.5,4.36,1.0,0.57,,,,,"Okta, Inc.",Technology,Software - Infrastructure,35345293312,121.065865,46.175842,1.61,5.068819,11.501885,1.66,,0.09632,0.13292,0.043130003,0.106,1037625024.0,0.76,1.525,0.99362,0.054899998,0.789,212.5,62.66,211.20256,94.1,Buy,1.66,43,9.0,25.0,10.0,0.0,0.0,0.93,0.94,False,41,2026-12-01,63.0,False,False,,0,1,2026-09-28 Scotiabank: main -> Sector Outperform,0,,0,,N/A,0,N/A,0,4,2026-09-29 11:19,"Okta Could See Acceleration From Increased AI Safety Concerns, Morgan Stanley Says",https://finnhub.io/api/news?id=1be548cb2d8080d30d74b5e646ae291d6869012995aad26f4781962a108c76a0,,,True,True,False,True,,,,,,,,,,,,,,,,True,,,,
ONTO,up,WATCH,302.52,288.63,2026-09-28,True,288.74,16:00,0.04,sip,,,,,0,295.89,09:30,2.52,sip,,,MA_RECLAIM,MA reclaim (early trend),C,EARLY_UPTREND,1.47,0.58,True,False,3,281.27,270.45,308.08,0.17,285.5,,price,308.08,,Price: pull back to 285.50 or lower (R:R 1.5+ with the same stop and target) OR close above 308.08 on 1.5x+ volume (becomes a fresh breakout),3.2,"T1 - overhead resistance (swing level, 7 touch(es)) inside 1 ATR",308.08,3.0,R:R 0.17 below 1.5,R:R 0.17 below 1.5,,,,,,,True,True,0,False,False,False,False,302.52,281.27,True,95.65,91.17,True,True,True,,240.2,303.37,302.52,278.0,True,93.26,92.43,True,True,True,,240.2,303.37,302.52,284.01,True,92.53,88.88,True,True,True,,279.66,303.37,295.89,303.37,7.48,14.43,51.8,288.94,310.32,279.66,270.45,308.08,"T1 - overhead resistance (swing level, 7 touch(es)) inside 1 ATR",0.17,True,275.64,300.38,True,up,channel rising (R2 0.73),282.27,low,2026-07-29,True,20,9,8,3,1,mixed,1,up,1,287.62,296.09,304.57,1.16,0.73,88.0,False,S1,0.5,False,0.96,False,2.01,288.62,-4.59,1.0,273.46,-9.61,2.0,304.69,0.72,2.0,0.07,330.52,9.26,2.0,0.87,Onto Innovation Inc.,Technology,Semiconductor Equipment & Materials,17648781312,107.33829,24.704983,0.81,7.3635616,15.755914,2.69,,0.11838,0.2297,0.06825,0.353,202947248.0,76.547,9.726,1.0152301,0.071,1.583,386.46,118.97,386.36365,68.6,Strong Buy,1.18,11,2.0,9.0,0.0,0.0,0.0,2.30,2.30,True,10,2026-11-05,37.0,False,False,,0,0,2026-09-08 Morgan Stanley: main -> Overweight,0,,0,,N/A,0,N/A,0,1,2026-09-29 11:00,Onto Innovation (ONTO) Upgraded to Strong Buy: Here's Why,https://finnhub.io/api/news?id=29fc50866b98c6f3dcebb9b872ae05fff92fc08cc8317d68a8470fe46d9f554b,,,,,,,,,,,,,True,True,True,True,False,False,True,,,,,,,
ORCL,down,WAIT,138.27,132.63,2026-09-28,True,132.38,19:59,-0.19,sip,132.86,03:59,0.17,boats,1426,133.08,09:30,0.34,sip,,,,,-,DOWNTREND,-1.16,-1.32,False,True,0,,,,,,,,,139.15,,,,,,,downtrend (below a falling EMA50) - no long setup,,,,,,,True,False,3,True,True,True,False,138.27,147.16,False,10.72,11.61,False,True,False,,131.58,153.6,138.27,145.0,False,21.03,14.99,True,True,False,,131.58,153.6,138.27,140.56,False,53.63,53.18,True,True,False,,131.58,143.67,132.53,143.67,11.14,7.69,144.9,135.98,140.22,131.58,127.74,138.72,T1 - nearest resistance,0.04,True,138.41,139.15,False,down,channel sloping down,145.05,low,2026-07-28,False,20,6,11,3,-5,down,1,up,1,127.22,133.24,139.26,-1.88,0.74,92.0,False,S1,0.55,False,1.23,False,2.37,128.84,-6.82,1.0,120.03,-13.19,1.0,138.72,0.33,4.0,0.04,150.95,9.17,6.0,1.2,Oracle Corporation,Technology,Software - Infrastructure,401977049088,21.491087,12.057626,0.77,6.4866457,5.600438,6.17,1.46,0.2636,0.35632,0.41192,0.296,-45853626368.0,251.716,1.171,0.43467999,0.0273,1.732,322.54,114.5,237.97415,11.4,Buy,1.60,41,8.0,27.0,7.0,1.0,0.0,1.74,1.74,True,35,2026-12-10,72.0,False,True,1989-08-31,0,0,2026-09-14 Freedom Broker: main -> Buy,0,,0,,16,41,70.8,209,0,,,,not fetched for down-trend tickers,,,,,,,,,,,,,,,,,,,,,,,,,
P,up,WAIT,131.03,129.44,2026-09-28,True,129.75,19:51,0.24,sip,129.0,03:59,-0.34,boats,10,130.52,09:30,0.83,sip,,,,,-,UPTREND,4.42,5.54,True,True,43,,,,,,,,,,,,,,,,extended 4.4 ATR above EMA50 with no fresh breakout - wait for a pullback to value,,,,,,,True,True,2,True,False,True,False,131.03,100.26,True,92.57,86.45,True,True,True,hammer,95.43,132.43,131.03,108.24,True,93.51,91.79,True,True,True,bullish_engulfing,95.43,132.43,131.03,120.94,True,81.03,78.98,True,True,True,bullish_harami,124.15,132.43,127.71,132.43,4.72,6.96,67.8,125.47,134.67,124.15,120.67,131.41,T1 - nearest resistance,0.04,True,109.73,130.16,True,up,channel rising (R2 0.77),104.94,low,2026-07-28,True,20,10,5,5,5,up,1,mixed,1,124.95,133.6,142.24,2.92,0.77,35.0,False,S1,1.66,False,1.74,False,2.55,118.95,-9.22,2.0,113.25,-13.57,2.0,131.41,0.29,1.0,0.04,,,,,"Everpure, Inc.",Technology,Computer Hardware,43119607808,172.53333,36.452038,2.57,27.99048,10.116868,0.75,,0.05943,0.053260002,0.17714001,0.377,-114351752.0,14.622,1.511,0.85326,0.028800001,1.434,131.41,56.78,145.3158,99.5,Buy,1.55,19,5.0,13.0,1.0,1.0,0.0,0.77,0.65,True,19,,,False,True,2026-09-21,0,0,2026-09-25 Barclays: main -> Equal-Weight,0,,2,Everpure’s $7 Billion Forecast Just Blew Past Wall Street’s Numbers,N/A,0,N/A,0,1,2026-09-29 07:01,Chief Product Officer Of Everpure Sold $5.33M In Stock,https://finnhub.io/api/news?id=ce5a347880eeb71300adb88f92ec598e00b99383a2c0ecc923f8657de439b56a,,,,,,,,,,,,,,,,,,,,,,,,,,
PAA,down,WAIT,23.84,24.53,2026-09-28,True,24.59,19:44,0.24,sip,,,,,0,24.36,09:30,-0.69,sip,,,,,-,DOWNTREND,-1.38,-0.18,False,True,0,,,,,,,,,24.53,,,,,,,downtrend (below a falling EMA50) - no long setup,,,,,,,False,False,3,True,True,True,False,23.84,24.57,False,11.0,11.98,False,False,False,,23.8,25.78,23.84,24.92,False,10.17,17.74,False,False,False,,23.8,25.78,23.84,24.57,False,4.52,4.27,True,True,False,,23.8,24.77,23.8,24.44,0.64,0.52,123.1,23.92,24.32,23.8,23.54,24.17,T1 - nearest resistance,1.1,True,24.65,24.07,False,down,channel sloping down,24.86,low,2026-08-07,False,20,6,8,6,-2,up,1,down,1,23.73,24.05,24.36,-0.62,0.79,18.0,False,S1,2.04,False,1.04,False,2.29,23.3,-2.27,1.0,22.65,-4.99,2.0,24.17,1.38,1.0,1.1,25.06,5.12,4.0,4.07,"Plains All American Pipeline, L.P.",Energy,Oil & Gas Midstream,17307545600,20.788137,12.855182,2.35,1.9141632,0.3308966,1.18,6.69,0.05286,0.02775,0.10184,0.663,1402625024.0,60.423,1.116,0.41581002,0.026199998,0.488,26.39,15.69,26.0,76.2,Buy,2.29,16,2.0,6.0,7.0,0.0,2.0,0.46,0.45,True,8,2026-11-04,36.0,False,False,,0,0,2026-09-21 UBS: main -> Buy,0,,0,,N/A,0,N/A,0,0,,,,not fetched for down-trend tickers,,,,,,,,,,,,,,,,,,,,,,,,,
PANW,up,WATCH,386.04,392.06,2026-09-28,True,392.2,19:58,0.04,sip,392.43,03:29,0.09,boats,47,389.81,09:30,-0.57,sip,,,PULLBACK,Pullback in uptrend,C,UPTREND,1.7,2.12,True,True,12,367.27,362.56,396.3,0.44,376.06,,price,396.3,,"Price: pull back to 376.06 or lower (R:R 1.5+ with the same stop and target) OR close above 396.30 on 1.5x+ volume (becomes a fresh breakout) | Confirmations: any 1 of: Volume fading into the end of the dip, or Daily stochastic reset",3.5,T1 - overhead resistance (20-bar high) inside 1 ATR,"396.3, 398.87",2.0,confirmations 2/4 (need 3); R:R 0.44 below 1.5,confirmations 2/4 (need 3); R:R 0.44 below 1.5,MA_BOUNCE(weak),,,,,,True,True,0,False,False,False,False,386.04,353.95,True,82.83,84.74,False,False,True,,356.0,396.3,386.04,367.6,True,76.7,77.15,False,False,False,bullish_harami,356.0,396.3,386.04,380.76,True,69.02,64.86,True,True,False,,367.27,394.5,377.96,391.75,13.79,18.83,73.2,372.92,396.79,367.27,362.56,396.3,T1 - overhead resistance (20-bar high) inside 1 ATR,0.44,True,391.27,383.5,True,up,WATCH setup overrides the 1h channel (channel rising but weak fit (R2 0.33 < 0.5)),358.97,low,2026-07-28,True,20,9,5,6,4,mixed,1,down,1,376.17,389.52,402.87,0.6,0.33,37.0,True,S1,0.24,True,0.04,False,1.78,385.23,-0.21,6.0,352.5,-8.69,2.0,,,,,,,,,"Palo Alto Networks, Inc.",Technology,Software - Infrastructure,320729612288,911.83716,80.361626,1.91,11.623336,27.938118,0.43,,0.02674,0.05396,0.01739,0.345,4240624896.0,9.337,0.871,0.84440005,0.0269,0.908,398.88,139.57,396.12,95.0,Buy,1.71,50,10.0,32.0,11.0,1.0,1.0,0.97,0.93,True,45,2026-11-19,51.0,False,True,2023-06-20,0,1,2026-09-28 BTIG: main -> Buy,0,,1,Palo Alto Networks (PANW) Is Up 12.2% After New AI Guidance And Capital Moves - Has The Bull Case Changed?,N/A,0,N/A,0,6,2026-09-29 13:05,Stock Market Today: Dow Dips As Consumer Confidence Falls; Nvidia Shares Hit This Buy Point (Live Coverage),https://finnhub.io/api/news?id=60ab5b13e4159409d7d3c42a0ead560573f0cd2d44ed41e150d0c8fc827d99e6,,,True,False,False,True,True,,,,,,,,,,,,,,,,,,,
PARR,down,WAIT,78.18,77.96,2026-09-28,True,78.88,19:44,1.18,sip,,,,,0,77.0,09:30,-1.23,sip,,,,,-,UPTREND_WEAK,0.21,0.06,False,True,3,,,,,,,,,,,,,,,,"above the EMA50 but not a clean uptrend yet (missing: higher lows) - pullback and MA-bounce setups need higher highs, higher lows and a rising EMA50",,,,,,,True,False,2,True,False,True,False,78.18,77.29,True,26.9,21.95,True,True,False,piercing_line,74.22,87.72,78.18,79.76,False,31.83,28.01,True,True,False,hammer,74.22,87.72,78.18,78.73,False,66.49,67.96,False,False,False,,75.12,79.08,75.83,79.08,3.25,4.24,76.7,74.84,80.07,75.12,73.0,81.09,T1 - nearest resistance,0.56,True,77.87,77.98,True,down,channel sloping down,79.05,low,2026-08-07,False,20,7,7,6,0,mixed,1,down,1,72.8,76.09,79.37,-0.9,0.42,82.0,False,S1,0.82,False,1.1,False,3.11,73.51,-5.97,4.0,64.98,-16.88,1.0,81.09,3.72,6.0,0.56,87.24,11.59,3.0,1.75,"Par Pacific Holdings, Inc.",Energy,Oil & Gas Refining & Marketing,3906268160,4.5463557,5.634065,,1.9379613,0.45322672,17.15,,0.09942,0.21122,0.53489,0.568,82314872.0,56.166,1.84,1.03786,0.1276,0.773,87.72,33.21,86.57143,82.5,Buy,1.57,7,2.0,4.0,1.0,0.0,0.0,5.94,4.98,True,6,2026-11-03,35.0,False,False,,0,0,2026-09-14 Raymond James: main -> Outperform,0,,0,,N/A,0,N/A,0,0,,,,not fetched for down-trend tickers,,,,,,,,,,,,,,,,,,,,,,,,,
PAY,filtered,WAIT,29.88,29.95,2026-09-28,True,29.92,16:00,-0.1,sip,,,,,0,29.74,09:30,-0.7,sip,,,,,-,DOWNTREND,-2.65,-2.4,False,True,0,,,,,,,,,,,,,,,,downtrend (below a falling EMA50) - no long setup,,,,,,,True,True,4,True,True,True,True,29.88,33.93,False,8.34,10.6,False,False,False,hammer,29.28,37.41,29.88,34.04,False,9.16,9.01,True,True,False,,29.28,37.41,29.88,31.27,False,45.21,36.48,True,True,False,,29.37,30.76,29.37,30.08,0.71,1.53,46.4,28.55,30.9,29.37,28.61,30.28,T1 - nearest resistance,0.31,True,29.95,29.79,True,down,channel sloping down,36.52,low,2026-07-23,False,20,5,10,5,-5,down,1,mixed,1,26.68,28.66,30.63,-2.55,0.69,81.0,True,S1,0.26,True,0.35,False,1.11,29.34,-1.81,2.0,28.18,-5.69,1.0,30.28,1.34,1.0,0.31,32.41,8.47,1.0,1.99,"Paymentus Holdings, Inc.",Technology,Software - Infrastructure,3768114176,45.333332,27.425386,,6.142476,2.7699146,0.66,,0.06238,0.09043,0.15017,0.288,109502752.0,1.694,4.886,1.01274,0.077,1.312,45.31,20.11,40.14286,38.8,Buy,2.00,7,0.0,4.0,4.0,0.0,0.0,0.21,0.22,False,7,2026-11-02,34.0,False,False,,0,0,2026-09-17 Seaport Global: init -> Buy,0,,0,,N/A,0,N/A,0,0,,,,ticker filtered out,,,,,,,,,,,,,,,,,,,,,,,,,
PCTY,down,WAIT,141.48,142.86,2026-09-28,True,143.04,19:11,0.13,sip,,,,,0,144.0,09:30,0.8,sip,,,SUPPORT_BOUNCE,Support bounce,D,CORRECTION,-0.07,0.19,True,True,0,140.69,138.25,148.52,2.18,,142.36,,,142.86,"Setup: Rejection - closed back above the test bar / upper half of range | Turn - daily: back above yesterday's close 142.86, or a close in the top half of the day's range | Confirmations: any 2 of: Volume on the bounce >= average; Daily stochastic reset and turning up; Trend context intact",6.0,"T1 - nearest real resistance (swing level, 5 touch(es))",,1.0,Rejection - closed back above the test bar / upper half of range; no turn yet on the daily chart; confirmations 1/4 (need 3),weak support bounce: Rejection - closed back above the test bar / upper half of range; no turn yet on the daily chart; confirmations 1/4 (need 3),,,,,,,False,True,1,False,False,True,False,141.48,141.78,False,25.89,25.56,True,False,False,,139.51,148.7,141.48,145.42,False,18.83,27.06,False,False,False,,139.51,148.7,141.48,143.59,False,35.25,25.47,True,True,False,hammer,139.51,145.53,139.51,144.26,4.75,4.04,117.6,140.22,143.55,139.51,138.25,148.52,"T1 - nearest real resistance (swing level, 5 touch(es))",2.18,False,143.71,140.76,True,down,channel sloping down,145.73,low,2026-07-23,False,20,5,9,6,-4,down,1,mixed,2,139.76,142.26,144.76,-0.29,0.31,34.0,False,S1,0.82,True,0.2,False,2.34,140.69,-0.56,3.0,132.01,-6.69,1.0,148.52,4.98,5.0,2.18,155.32,9.78,3.0,4.28,Paylocity Holding Corporation,Technology,Software - Application,7901835776,29.12653,14.734699,1.16,6.4693346,4.2749276,4.9,,0.15228,0.19062,0.21972999,0.11,359865120.0,10.887,1.089,0.89181,0.065,0.454,162.35,92.99,172.0,69.9,Strong Buy,1.45,19,3.0,14.0,3.0,0.0,0.0,1.90,1.90,True,17,2026-11-03,35.0,False,False,,0,0,,0,,0,,N/A,0,N/A,0,0,,,,not fetched for down-trend tickers,,,,,,True,True,False,False,False,False,,,,,,,,,,,,,,
PDFS,up,WATCH,49.03,49.81,2026-09-28,True,49.5,19:55,-0.62,sip,,,,,0,50.25,09:30,0.88,sip,,,MA_RECLAIM,MA reclaim (early trend),C,EARLY_UPTREND,0.58,0.62,True,False,6,47.63,45.8,50.4,0.42,47.64,,price,50.4,49.81,"Price: pull back to 47.64 or lower (R:R 1.5+ with the same stop and target) OR close above 50.40 on 1.5x+ volume (becomes a fresh breakout) | Then the turn has to show at that price - daily: back above yesterday's close 49.81, or a close in the top half of the day's range; 1h: reclaim the session VWAP (49.30)",4.6,"T1 - overhead resistance (swing level, 11 touch(es) + 20-bar high) inside 1 ATR",50.4,3.0,no turn yet on the daily and 1h charts; R:R 0.42 below 1.5,no turn yet on the daily and 1h charts; R:R 0.42 below 1.5,FRESH_BREAKOUT(weak); SUPPORT_BOUNCE(weak),,,,,,False,False,0,False,False,False,False,49.03,47.63,True,89.53,88.89,True,True,True,,41.59,50.68,49.03,46.8,True,76.76,83.74,False,False,False,bullish_harami,41.59,50.68,49.03,48.06,True,26.86,21.43,True,True,False,,48.25,50.68,48.35,50.68,2.33,2.44,95.5,48.24,50.79,48.25,45.8,50.4,"T1 - overhead resistance (swing level, 11 touch(es) + 20-bar high) inside 1 ATR",0.42,True,48.28,49.3,False,up,channel rising (R2 0.66),45.98,low,2026-09-03,True,20,7,6,7,1,mixed,1,up,1,48.46,49.83,51.21,0.95,0.66,21.0,False,S1,0.59,True,0.09,False,1.19,48.81,-0.45,4.0,46.12,-5.94,2.0,52.65,7.38,3.0,1.12,55.0,12.18,2.0,1.85,"PDF Solutions, Inc.",Technology,Software - Application,2100803968,199.0,30.1059,4.19,5.594917,8.710631,0.25,,0.042740002,0.08229999,0.03272,0.189,-13259875.0,19.21,3.447,0.94664,0.098500006,1.634,71.69,23.55,61.5,52.9,Strong Buy,1.50,8,2.0,5.0,1.0,0.0,0.0,0.33,0.33,True,7,2026-11-05,37.0,False,False,,0,0,2026-09-25 Needham: init -> Buy,0,,0,,N/A,0,N/A,0,0,,,,,,,,,,,,,,,,True,True,True,True,False,False,True,,,,,,,
PH,filtered,WAIT,968.11,969.55,2026-09-28,True,970.29,16:03,0.08,sip,,,,,0,967.17,09:30,-0.25,sip,,,,,-,RANGE,-0.13,0.03,False,False,0,,,,,,,,,969.55,,,,,,,no trend (below a flat EMA50) - wait for a reclaim or a breakout,,,,,,,False,True,4,True,True,True,True,968.11,970.85,False,84.41,88.84,False,False,True,,911.41,983.92,968.11,966.83,True,66.77,72.51,False,False,False,bullish_harami,911.41,983.92,968.11,964.91,True,27.95,23.03,True,True,False,hammer,960.99,983.92,960.99,978.53,17.54,20.85,84.1,957.68,981.84,960.99,950.57,977.89,T1 - nearest resistance,0.56,True,974.58,966.23,True,down,channel rising but weak fit (R2 0.21 < 0.5),956.94,low,2026-09-16,True,20,9,8,3,1,mixed,1,up,6,961.77,974.11,986.44,0.16,0.21,26.0,False,S1,1.46,False,1.5,False,2.72,936.81,-3.23,3.0,911.41,-5.86,1.0,977.89,1.01,2.0,0.56,997.12,3.0,2.0,1.65,Parker-Hannifin Corporation,Industrials,Specialty Industrial Machinery,122272292864,34.36902,24.62157,3.28,7.9369173,5.687348,28.21,0.82,0.16968,0.23458,0.25076,0.098,2961750016.0,56.66,1.262,0.90443003,0.0116,1.123,1099.94,715.37,1158.4137,65.7,Buy,1.73,24,3.0,16.0,6.0,1.0,0.0,8.14,8.15,False,10,2026-11-05,37.0,False,True,1985-11-30,0,0,2026-09-25 Wells Fargo: init -> Equal-Weight,0,,0,,N/A,0,N/A,0,0,,,,ticker filtered out,,,,,,,,,,,,,,,,,,,,,,,,,
PLTR,down,WAIT,185.85,187.56,2026-09-28,True,187.93,19:59,0.2,sip,186.94,03:44,-0.33,boats,568,187.81,09:30,0.13,sip,,,,,-,UPTREND_WEAK,2.97,2.78,False,True,40,,,,,,,,,187.56,,,,,,,"above the EMA50 but not a clean uptrend yet (missing: higher lows) - pullback and MA-bounce setups need higher highs, higher lows and a rising EMA50",,,,,,,False,False,2,True,False,True,False,185.85,168.72,True,76.8,83.64,False,False,False,,168.96,194.68,185.85,178.42,True,57.76,66.16,False,False,False,bullish_harami;hammer,168.96,194.68,185.85,186.27,False,15.19,13.81,True,True,False,,184.81,192.35,184.81,188.63,3.82,5.77,66.2,182.86,190.58,184.81,181.92,188.37,T1 - nearest resistance,0.64,True,191.28,186.25,False,down,channel rising but weak fit (R2 0.14 < 0.5),167.36,low,2026-07-28,True,20,8,9,3,-1,down,1,mixed,1,183.41,190.37,197.33,0.37,0.14,18.0,False,S1,1.23,False,0.89,False,3.19,180.74,-2.75,3.0,167.45,-9.9,5.0,188.37,1.36,1.0,0.64,194.68,4.75,1.0,2.25,Palantir Technologies Inc.,Technology,Software - Infrastructure,450525396992,158.88136,80.70633,1.83,46.08653,73.18546,1.17,,0.49005002,0.47120997,0.38097,0.928,2159104512.0,2.139,7.228,0.64754,0.027999999,1.621,207.52,106.37,195.56538,78.6,Buy,1.84,26,1.0,19.0,9.0,1.0,1.0,0.41,0.41,True,23,2026-11-02,34.0,False,True,2024-09-23,0,0,2026-09-23 Rosenblatt: main -> Buy,0,,0,,35,18,500.0,365,0,,,,not fetched for down-trend tickers,,,,,,,,,,,,,,,,,,,,,,,,,
PR,down,WAIT,21.17,21.31,2026-09-28,True,21.55,18:12,1.13,sip,,,,,0,21.03,09:30,-1.31,sip,,,,,-,DOWNTREND,-1.14,-0.55,False,False,0,,,,,,,,,21.17,,,,,,,downtrend (below a falling EMA50) - no long setup,,,,,,,True,False,3,True,True,True,False,21.17,22.01,False,4.33,7.39,False,False,False,,20.84,23.9,21.17,22.38,False,13.04,8.92,True,True,False,hammer,20.84,23.9,21.17,21.75,False,36.88,39.18,False,False,False,,20.84,21.68,20.84,21.28,0.44,0.74,59.5,20.54,21.58,20.84,20.47,21.95,T1 - nearest resistance,1.11,True,21.38,21.17,False,down,channel sloping down,22.35,low,2026-07-28,False,20,8,6,6,2,mixed,1,down,1,20.86,21.19,21.52,-0.6,0.7,46.0,True,S1,0.2,True,0.39,False,2.38,20.88,-1.37,1.0,19.41,-8.31,4.0,21.95,3.68,7.0,1.11,23.23,9.73,2.0,2.94,Permian Resources Corporation,Energy,Oil & Gas E&P,17839964160,13.741936,9.580999,1.13,1.4858737,3.109446,1.55,2.95,0.21523,0.57444,0.114029996,0.551,458368128.0,26.246,0.624,0.92727,0.0254,0.484,24.645,11.92,27.14286,72.7,Strong Buy,1.30,21,3.0,18.0,2.0,0.0,0.0,0.55,0.54,True,18,2026-11-04,36.0,False,False,,0,0,2026-09-24 RBC Capital: reit -> Outperform,0,,0,,39,17,1600.0,315,0,,,,not fetched for down-trend tickers,,,,,,,,,,,,,,,,,,,,,,,,,
PSX,up,BUY,252.84,253.5,2026-09-28,True,253.48,19:23,-0.01,sip,,,,,0,249.82,09:30,-1.45,sip,,,PULLBACK,Pullback in uptrend,B,UPTREND,1.53,1.5,True,True,63,248.51,245.48,277.12,3.3,,258.14,,,,,0.0,T1 - nearest real resistance (120-bar high + 20-bar high + 52-week high),253.41,3.0,,,SUPPORT_BOUNCE(weak),,,,,,True,True,0,False,False,False,False,252.84,238.81,True,16.18,20.65,False,False,False,,248.51,277.12,252.84,253.01,False,13.4,14.49,False,False,False,,248.51,277.12,252.84,256.74,False,38.26,34.62,True,True,False,,248.51,259.11,248.51,252.95,4.44,9.19,48.3,243.76,257.7,248.51,245.48,277.12,T1 - nearest real resistance (120-bar high + 20-bar high + 52-week high),3.3,False,253.18,251.49,True,up,BUY setup overrides the 1h channel (channel sloping down),247.33,low,2026-08-05,True,20,11,6,3,5,up,1,down,1,245.38,250.62,255.87,-0.77,0.69,71.0,True,S1,0.26,False,0.58,False,2.1,247.47,-2.12,2.0,233.55,-7.63,1.0,253.41,0.23,1.0,0.08,277.12,9.6,1.0,3.3,Phillips 66,Energy,Oil & Gas Refining & Marketing,101657075712,14.597006,10.163037,0.82,3.211201,0.6648731,17.37,1.99,0.046609998,0.08529,0.23452999,0.531,4545375232.0,62.884,1.32,0.80531,0.0196,0.704,277.12,126.74,251.94737,83.9,Buy,2.10,19,3.0,9.0,6.0,1.0,1.0,10.53,9.25,True,17,2026-10-28,29.0,False,True,2012-05-01,0,0,2026-09-17 BMO Capital: main -> Outperform,0,,0,,N/A,0,N/A,0,5,2026-09-29 10:45,Why Phillips 66 (PSX) is a Great Dividend Stock Right Now,https://finnhub.io/api/news?id=49367c964636f3c1d3e6cc700374be6a642fdffbace31519f6d75c5a1c1450a6,,,True,True,True,True,False,,,,,,,,,,,,,,,,,,,
Q,down,WAIT,125.73,124.92,2026-09-28,True,126.0,19:06,0.86,sip,,,,,0,126.61,09:30,1.35,sip,,,SUPPORT_BOUNCE,Support bounce,D,CORRECTION,-0.5,-0.62,True,False,0,122.57,120.18,127.16,0.26,122.97,,,127.16,,Price: pull back to 122.97 or lower (R:R 1.5+ with the same stop and target) OR close above 127.16 on 1.5x+ volume (becomes a fresh breakout) | Confirmations: any 2 of: Volume on the bounce >= average; Daily stochastic reset and turning up; Trend context intact,4.6,T1 - overhead resistance (20-bar high) inside 1 ATR,"127.16, 128.52",1.0,confirmations 1/4 (need 3); R:R 0.26 below 1.5,weak support bounce: confirmations 1/4 (need 3); R:R 0.26 below 1.5,,,,,,,True,True,1,False,False,True,False,125.73,128.11,False,85.7,81.2,True,True,True,,113.53,127.77,125.73,123.91,True,75.64,79.79,False,False,False,,113.53,127.77,125.73,123.52,True,59.34,58.03,True,True,False,bullish_engulfing,122.22,127.77,124.84,127.77,2.93,4.77,61.4,123.0,129.61,122.22,120.18,127.16,T1 - overhead resistance (20-bar high) inside 1 ATR,0.26,True,124.75,125.72,True,down,channel rising but weak fit (R2 0.47 < 0.5),119.95,low,2026-09-15,True,20,12,5,3,7,up,2,down,1,123.2,125.55,127.89,0.43,0.47,54.0,False,S1,0.85,False,0.66,False,1.19,122.57,-2.51,2.0,120.05,-4.52,1.0,128.39,2.12,5.0,0.48,140.63,11.85,1.0,2.68,"Qnity Electronics, Inc.",Technology,Semiconductor Equipment & Materials,26132240384,44.451958,23.225502,1.32,3.6022036,5.0189176,2.81,0.26,0.11248,0.22323,0.06722,0.221,772249984.0,59.992,2.008,0.78815,0.024500001,,177.28,70.5,176.75,51.7,None,N/A,8,2.0,6.0,0.0,0.0,0.0,1.20,1.20,True,5,2026-11-16,48.0,False,True,2025-11-03,0,0,,0,,0,,N/A,0,N/A,0,0,,,,not fetched for down-trend tickers,,,,,,True,True,True,False,False,False,,,,,,,,,,,,,,
QCOM,down,WAIT,185.07,187.41,2026-09-28,True,187.83,19:59,0.22,sip,189.0,03:51,0.85,boats,930,189.27,09:30,0.99,sip,,,MA_BOUNCE,MA bounce,D,UPTREND,0.61,1.79,True,True,16,184.35,176.59,205.85,2.45,,188.29,,,187.41,"Setup: Rejection - closed back above the test bar / upper half of range | Turn - daily: back above yesterday's close 187.41, or a close in the top half of the day's range; 1h: reclaim the session VWAP (186.15) | Confirmations: any 1 of: Volume fading into the end of the dip so far - too short to judge), or Daily stochastic reset and turning up",6.0,T1 - nearest real resistance (20-bar high),,2.0,Rejection - closed back above the test bar / upper half of range; no turn yet on the daily and 1h charts; confirmations 2/4 (need 3),weak ma bounce: Rejection - closed back above the test bar / upper half of range; no turn yet on the daily and 1h charts; confirmations 2/4 (need 3),,,,,,True,False,False,1,False,False,True,False,185.07,178.76,True,59.32,73.77,False,False,False,,175.97,205.85,185.07,182.52,True,28.25,40.67,False,False,False,bullish_harami,175.97,205.85,185.07,190.81,False,13.41,10.42,True,True,False,bullish_engulfing,182.23,205.85,182.23,190.0,7.77,10.35,75.1,179.65,192.58,182.23,176.59,205.85,T1 - nearest real resistance (20-bar high),2.45,False,194.41,186.15,False,down,channel sloping down,174.79,low,2026-08-03,True,20,12,5,3,7,down,1,up,1,180.29,190.74,201.19,-0.44,0.1,23.0,False,S1,2.14,False,1.73,False,4.08,167.13,-9.69,14.0,142.89,-22.79,1.0,196.09,5.95,1.0,1.3,205.85,11.23,1.0,2.45,QUALCOMM Incorporated,Technology,Semiconductors,200239972352,23.088669,18.373169,0.9,7.164749,4.543783,8.12,1.82,0.21013,0.18528,0.33754003,-0.04,10241000448.0,55.21,2.016,0.83081,0.0401,1.679,259.92,121.99,194.13333,45.7,Hold,2.59,30,2.0,9.0,22.0,1.0,3.0,2.16,2.16,True,26,2026-11-04,36.0,False,True,1999-07-22,0,0,2026-09-10 Piper Sandler: init -> Neutral,0,,0,,N/A,0,N/A,0,0,,,,not fetched for down-trend tickers,,,,,,,,False,,False,,,,,,,,,True,True,,True,False,,
REGN,filtered,WAIT,751.86,752.24,2026-09-28,True,752.25,16:41,0.0,sip,,,,,0,745.13,09:30,-0.95,sip,,,,,-,RANGE,-1.07,0.12,False,False,0,,,,,,,,,,,,,,,,no trend (below a flat EMA50) - wait for a reclaim or a breakout,,,,,,,True,True,4,True,True,True,True,751.86,772.31,False,17.31,25.93,False,False,False,,741.83,813.53,751.86,787.88,False,9.6,9.15,True,True,False,,741.83,813.53,751.86,776.08,False,21.37,17.65,True,True,False,,741.83,792.09,741.83,752.43,10.6,19.12,55.4,733.31,760.95,741.83,732.27,774.33,T1 - nearest resistance,1.15,True,795.6,748.08,True,down,channel sloping down,775.4,low,2026-07-23,False,20,7,11,2,-4,down,3,mixed,1,732.15,755.14,778.14,-1.13,0.69,43.0,False,S1,2.82,False,3.18,False,4.2,691.13,-8.08,1.0,671.52,-10.69,1.0,774.33,2.99,2.0,1.15,814.6,8.34,2.0,3.2,"Regeneron Pharmaceuticals, Inc.",Healthcare,Biotechnology,77447888896,19.493393,12.355539,1.3,2.379702,4.985477,38.59,0.48,0.27865,0.33106,0.14043,0.167,3065299968.0,8.535,3.335,0.93531996,0.025999999,0.193,859.34,541.0,850.88464,66.2,Buy,1.93,26,4.0,13.0,9.0,0.0,1.0,15.94,16.00,False,20,2026-10-30,31.0,False,True,2013-05-01,0,0,2026-09-10 HSBC: main -> Buy,0,,0,,N/A,0,N/A,0,0,,,,ticker filtered out,,,,,,,,,,,,,,,,,,,,,,,,,
RGLD,down,WAIT,239.81,240.39,2026-09-28,True,245.14,17:05,1.98,sip,,,,,0,241.0,09:30,0.25,sip,,,SUPPORT_BOUNCE,Support bounce,D,CORRECTION,-0.24,0.53,True,True,0,239.5,233.79,246.97,1.19,239.06,,,246.97,240.54,"Setup: Rejection - closed back above the test bar / upper half of range | Price: pull back to 239.06 or lower (R:R 1.5+ with the same stop and target) OR close above 246.97 on 1.5x+ volume (becomes a fresh breakout) | Then the turn has to show at that price - daily: back above yesterday's close 240.39, or a close in the top half of the day's range; 1h: reclaim the session VWAP (240.54) and 1h MACD bullish or 1h %K above %D | Confirmations: any 3 of: Bullish candle; Volume on the bounce >= average; Daily stochastic reset and turning up; Trend context intact",10.1,"T1 - overhead resistance (swing level, 4 touch(es)) inside 1 ATR",246.97,0.0,Rejection - closed back above the test bar / upper half of range; no turn yet on the daily and 1h charts; confirmations 0/4 (need 3); R:R 1.19 below 1.5,weak support bounce: Rejection - closed back above the test bar / upper half of range; no turn yet on the daily and 1h charts; confirmations 0/4 (need 3); R:R 1.19 below 1.5,,,,,,,False,False,2,False,False,True,True,239.81,241.62,False,16.77,30.55,False,False,False,,239.02,259.88,239.81,248.81,False,4.52,10.05,False,False,False,,239.02,259.88,239.81,247.55,False,9.41,9.72,False,True,False,,239.02,253.69,239.02,242.16,3.14,7.52,41.8,234.64,246.54,239.02,233.79,246.97,"T1 - overhead resistance (swing level, 4 touch(es)) inside 1 ATR",1.19,True,252.58,240.54,False,down,channel sloping down,235.95,low,2026-07-21,True,20,6,8,6,-2,down,1,up,1,235.27,243.15,251.02,-0.72,0.45,29.0,True,S1,0.2,True,0.04,False,1.93,239.5,-0.13,2.0,225.28,-6.06,1.0,246.99,2.99,1.0,1.19,253.54,5.73,2.0,2.28,"Royal Gold, Inc.",Basic Materials,Gold,20361799680,27.944185,18.677076,1.06,2.6820233,13.259117,8.6,0.75,0.48054,0.62036,0.136,1.155,-189505504.0,5.186,2.924,0.87042,0.0297,0.497,306.25,168.88,309.83334,51.6,Buy,1.83,12,3.0,6.0,2.0,0.0,1.0,2.53,2.57,False,7,2026-11-04,36.0,False,False,,0,0,2026-09-16 RBC Capital: main -> Outperform,0,,0,,N/A,0,N/A,0,0,,,,not fetched for down-trend tickers,,,,,,False,True,False,False,False,False,,,,,,,,,,,,,,
RKLB,down,WAIT,69.62,72.2,2026-09-28,True,72.14,19:59,-0.08,sip,72.28,03:50,0.11,boats,1740,73.76,09:30,2.16,sip,,,SUPPORT_BOUNCE,Support bounce,D,CORRECTION,-0.69,-0.1,True,True,0,68.31,66.43,74.41,1.5,,69.62,,,72.2,"Setup: Rejection - closed back above the test bar / upper half of range | Turn - daily: back above yesterday's close 72.20, or a close in the top half of the day's range; 1h: reclaim the session VWAP (71.00) | Confirmations: any 3 of: Bullish candle; Volume on the bounce >= average; Daily stochastic reset and turning up; Trend context intact",8.0,"T1 - nearest real resistance (swing level, 6 touch(es))",,0.0,Rejection - closed back above the test bar / upper half of range; no turn yet on the daily and 1h charts; confirmations 0/4 (need 3),weak support bounce: Rejection - closed back above the test bar / upper half of range; no turn yet on the daily and 1h charts; confirmations 0/4 (need 3),,,,,,,False,False,1,False,False,True,False,69.62,72.23,False,76.25,81.86,False,False,False,,61.74,75.46,69.62,69.21,True,56.17,67.79,False,False,False,,61.74,75.46,69.62,70.86,False,3.06,2.67,True,True,False,,69.4,75.32,69.4,74.25,4.85,3.77,128.6,70.48,73.17,69.4,66.43,74.41,"T1 - nearest real resistance (swing level, 6 touch(es))",1.5,False,71.51,71.0,False,down,channel rising but weak fit (R2 0.11 < 0.5),70.46,low,2026-07-29,False,20,7,7,6,0,down,1,mixed,3,69.57,72.7,75.84,0.37,0.11,1.0,False,S1,1.45,True,0.35,False,1.36,68.31,-1.88,2.0,64.51,-7.34,1.0,72.64,4.34,2.0,0.95,75.46,8.39,2.0,1.83,Rocket Lab Corporation,Industrials,Aerospace & Defense,46159081472,,1584.504,,12.365537,60.01342,-0.27,,-0.21511999,-0.24572,-0.07915,0.62,-251963632.0,3.828,5.482,0.61902,0.0731,2.612,151.0,37.57,109.36842,28.3,None,N/A,19,4.0,12.0,4.0,0.0,0.0,-0.07,-0.07,True,11,2026-11-09,41.0,False,False,,0,0,2026-09-11 Raymond James: init -> Outperform,0,,0,,21,32,300.0,660,0,,,,not fetched for down-trend tickers,,,,,,False,True,False,False,False,False,,,,,,,,,,,,,,
ROK,down,WAIT,430.99,431.18,2026-09-28,True,431.22,16:00,0.01,sip,430.36,20:01,-0.19,boats,1,433.09,09:30,0.44,sip,,,,,-,DOWNTREND,-0.4,-0.14,False,True,0,,,,,,,,,431.18,,,,,,,downtrend (below a falling EMA50) - no long setup,,,,,,,False,True,3,True,True,True,False,430.99,435.22,False,79.9,84.23,False,False,False,,406.92,438.5,430.99,429.23,True,71.06,75.33,False,False,False,bullish_harami,406.92,438.5,430.99,429.18,True,42.71,34.25,True,True,False,,427.47,438.5,427.7,434.71,7.01,10.51,66.7,424.2,438.21,427.47,422.22,435.27,T1 - nearest resistance,0.49,True,432.82,429.94,True,down,channel rising but weak fit (R2 0.36 < 0.5),423.43,low,2026-09-17,True,20,9,7,4,2,down,1,up,1,427.41,434.47,441.52,0.3,0.36,25.0,False,S1,0.64,True,0.44,False,1.46,426.32,-1.08,2.0,415.64,-3.56,1.0,435.27,0.99,6.0,0.49,452.08,4.89,5.0,2.4,"Rockwell Automation, Inc.",Industrials,Specialty Industrial Machinery,47983554560,40.64279,28.981144,1.91,13.705187,5.3367224,10.61,1.27,0.13385001,0.20968,0.30629,0.079,1303874944.0,103.347,1.075,0.9292,0.038900003,1.515,497.36,332.71,476.84,59.7,Buy,2.29,25,3.0,9.0,15.0,0.0,1.0,3.68,3.68,True,22,2026-11-05,37.0,False,True,2000-03-12,0,0,2026-09-25 Wells Fargo: init -> Equal-Weight,0,,0,,N/A,0,N/A,0,0,,,,not fetched for down-trend tickers,,,,,,,,,,,,,,,,,,,,,,,,,
ROST,up,WATCH,234.41,237.15,2026-09-28,True,237.09,16:00,-0.03,sip,,,,,0,235.12,09:30,-0.86,sip,,,MA_RECLAIM,MA reclaim (early trend),C,EARLY_UPTREND,0.24,0.21,False,False,5,233.25,229.54,239.73,1.09,233.61,,price,,237.15,"Price: pull back to 233.61 or lower (R:R 1.5+ with the same stop and target) | Then the turn has to show at that price - daily: back above yesterday's close 237.15, or a close in the top half of the day's range; 1h: reclaim the session VWAP (234.73) and 1h MACD bullish or 1h %K above %D | Confirmations: any 1 of: Volume on the reclaim >= 1.2x average, or Daily %K above %D and not overbought, or SMA50 reclaimed as well",5.2,T1 - nearest real resistance (20-bar high),,2.0,no turn yet on the daily and 1h charts; confirmations 2/5 (need 3); R:R 1.09 below 1.5,no turn yet on the daily and 1h charts; confirmations 2/5 (need 3); R:R 1.09 below 1.5,,,,,,,False,False,0,False,False,False,False,234.41,233.25,True,83.02,87.18,False,False,True,,222.19,239.73,234.41,233.02,True,67.05,72.53,False,False,False,,222.19,239.73,234.41,233.97,True,22.56,23.16,False,True,False,,233.33,239.73,233.6,236.14,2.54,4.95,51.3,231.19,238.55,233.33,229.54,239.73,T1 - nearest real resistance (20-bar high),1.09,True,235.78,234.73,False,up,channel rising (R2 0.56),231.78,low,2026-09-16,True,20,7,7,6,0,mixed,3,up,2,234.18,236.74,239.3,0.3,0.56,5.0,False,S1,0.86,False,0.72,False,2.28,230.87,-1.51,4.0,223.14,-4.81,3.0,243.12,3.72,2.0,1.79,250.34,6.8,1.0,3.27,"Ross Stores, Inc.",Consumer Cyclical,Apparel Retail,76053987328,28.56506,26.513103,2.53,11.239689,3.0899055,8.3,0.75,0.10848,0.13578,0.42628,0.133,2002041600.0,70.281,1.612,0.95787,0.0346,0.861,257.0,147.49,270.55557,79.4,Buy,1.75,18,2.0,12.0,5.0,0.0,1.0,1.83,1.83,True,10,2026-11-19,51.0,False,True,2009-12-21,0,0,,0,,0,,N/A,0,N/A,0,1,2026-09-29 07:24,Macy's Digital Push Gains Traction as AI & Omnichannel Efforts Expand,https://finnhub.io/api/news?id=3fd38ea6261563a0dcc78df4291421e2c688bb4d6b4055d65a19334040138861,,,,,,,,,,,,,True,True,True,True,False,False,False,,,,,,,
SANM,up,WATCH,222.6,220.06,2026-09-28,True,220.06,16:00,0.0,sip,,,,,0,223.28,09:30,1.46,sip,,,SUPPORT_BOUNCE,Support bounce,C,UPTREND,1.44,1.66,True,True,7,219.55,213.9,232.5,1.14,221.34,,price,232.5,,"Price: pull back to 221.34 or lower (R:R 1.5+ with the same stop and target) OR close above 232.50 on 1.5x+ volume (becomes a fresh breakout) | Confirmations: any 1 of: Volume on the bounce >= average, or Daily stochastic reset and turning up",3.1,T1 - overhead resistance (20-bar high) inside 1 ATR,232.5,2.0,confirmations 2/4 (need 3); R:R 1.14 below 1.5,confirmations 2/4 (need 3); R:R 1.14 below 1.5,,,,,,,True,True,0,False,False,False,False,222.6,206.91,True,76.66,81.74,False,False,False,hammer,193.2,232.5,222.6,208.03,True,71.01,69.78,True,True,False,,193.2,232.5,222.6,217.69,True,56.32,52.44,True,True,False,bullish_engulfing,216.51,230.0,218.71,224.65,5.94,10.87,54.6,213.78,229.58,216.51,213.9,232.5,T1 - overhead resistance (20-bar high) inside 1 ATR,1.14,True,223.2,222.17,True,up,channel rising (R2 0.58),197.32,low,2026-07-28,True,20,9,8,3,1,down,1,up,4,218.39,227.45,236.51,1.15,0.58,23.0,True,S1,0.34,True,0.28,False,1.22,219.55,-1.37,5.0,209.35,-5.95,4.0,232.5,4.45,1.0,1.14,,,,,Sanmina Corporation,Technology,Electronic Components,11794633728,40.156933,15.811918,0.77,4.6078143,0.92410016,5.48,,0.02414,0.0704,0.12488,0.697,-222215744.0,88.161,1.78,0.94788,0.059699997,1.6,288.68,111.52,260.0,62.7,None,N/A,4,0.0,1.0,3.0,0.0,0.0,3.26,2.95,True,4,2026-11-02,34.0,False,False,,0,0,,0,,0,,N/A,0,N/A,0,1,2026-09-29 09:36,2 Mid-Cap Stocks Worth Your Attention and 1 That Underwhelm,https://finnhub.io/api/news?id=dff07ce30ebeccf5d6456f3edbdfd6671a334323585d4da8a3d3b8e9d3413101,,,,,,,,True,True,False,False,True,,,,,,,,,,,True,,,
SCHW,down,WAIT,98.69,98.3,2026-09-28,True,98.5,19:00,0.2,sip,,,,,0,98.0,09:30,-0.31,sip,,,,,-,DOWNTREND,-2.32,-1.11,False,False,0,,,,,,,,,,,,,,,,downtrend (below a falling EMA50) - no long setup,,,,,,,True,True,3,True,True,True,False,98.69,104.27,False,7.88,7.78,True,False,False,piercing_line,97.4,107.58,98.69,104.26,False,7.98,6.53,True,True,False,,97.4,107.58,98.69,100.34,False,67.87,47.27,True,True,False,,97.4,99.93,97.4,98.96,1.56,2.4,65.0,96.56,99.8,97.4,96.2,100.23,T1 - nearest resistance,0.62,True,100.3,98.13,True,down,channel sloping down,98.13,low,2026-09-29,True,20,6,9,5,-3,down,1,up,1,93.25,96.66,100.06,-1.13,0.63,80.0,,,,,,,,,,,,,,100.23,1.56,3.0,0.62,103.76,5.14,5.0,2.04,The Charles Schwab Corporation,Financial Services,Capital Markets,169993699328,18.0367,12.553557,0.84,3.8665776,6.531938,5.45,1.29,0.38793,0.52277,0.20273,0.209,,151.106,0.655,0.85554004,0.0,0.753,114.53,83.96,125.45,48.2,Buy,1.73,20,7.0,11.0,3.0,0.0,1.0,1.67,1.67,True,18,2026-10-15,16.0,False,True,1997-06-02,0,0,,0,,0,,N/A,0,N/A,0,0,,,,not fetched for down-trend tickers,,,,,,,,,,,,,,,,,,,,,,,,,
SHC,up,WATCH,18.64,18.45,2026-09-28,True,18.45,16:00,0.0,sip,,,,,0,18.49,09:30,0.22,sip,,,PULLBACK,Pullback in uptrend,C,UPTREND,0.5,0.02,True,True,2,18.01,17.9,19.64,1.35,18.6,,price,,,Price: pull back to 18.60 or lower (R:R 1.5+ with the same stop and target),2.1,T1 - nearest real resistance (20-bar high),,3.0,R:R 1.35 below 1.5,R:R 1.35 below 1.5,,,,,,,True,True,0,False,False,False,False,18.64,18.42,True,28.83,25.29,True,True,False,,18.17,19.64,18.64,18.65,False,41.31,32.12,True,True,False,,18.17,19.64,18.64,18.52,True,94.0,76.67,True,True,True,,18.22,18.65,18.27,18.65,0.38,0.44,86.4,18.21,18.71,18.22,17.9,19.64,T1 - nearest real resistance (20-bar high),1.35,True,18.44,18.48,True,up,WATCH setup overrides the 1h channel (channel sloping down),18.5,low,2026-07-21,True,20,6,8,6,-2,mixed,1,down,1,18.02,18.33,18.64,-0.27,0.29,100.0,True,S1,0.07,True,0.41,False,1.36,18.46,-0.97,4.0,18.04,-3.22,3.0,19.21,3.06,1.0,0.77,19.7,5.69,4.0,1.43,Sotera Health Company,Healthcare,Diagnostics & Research,5265164800,32.368423,17.164867,1.31,7.908273,4.329289,0.57,,0.13442001,0.37956002,0.27781,0.092,153967120.0,340.734,2.796,1.05705,0.0496,1.777,19.85,13.09,22.72222,82.1,Buy,1.70,9,3.0,5.0,2.0,0.0,0.0,0.27,0.27,True,10,2026-11-03,35.0,False,False,,0,0,,0,,0,,N/A,0,N/A,0,0,,,,,,True,True,True,True,False,,,,,,,,,,,,,,,,,,,
SITM,down,WAIT,651.86,656.72,2026-09-28,True,656.65,16:00,-0.01,sip,655.71,00:08,-0.15,boats,3,662.88,09:30,0.94,sip,,,FRESH_BREAKOUT,Fresh breakout,D,UPTREND,0.94,1.14,True,True,8,645.24,619.61,752.71,3.13,,672.85,,,659.06,"Setup: Volume >= 1.5x average | Turn - daily: back above yesterday's close 656.72, or a close in the top half of the day's range; 1h: reclaim the session VWAP (659.06) and 1h MACD bullish or 1h %K above %D | Confirmations: any 1 of: Close in the top 40% of the bar's range, or Daily %K above 50 and not rolling over",6.0,"T1 - nearest real resistance (swing level, 8 touch(es))",,2.0,Volume >= 1.5x average (best of live/last 3 bars: 1.3x); no turn yet on the daily and 1h charts; confirmations 2/4 (need 3),weak fresh breakout: Volume >= 1.5x average (best of live/last 3 bars: 1.3x); no turn yet on the daily and 1h charts; confirmations 2/4 (need 3),SUPPORT_BOUNCE(weak),False,False,True,False,True,False,False,2,False,False,True,True,651.86,614.14,True,89.34,89.9,False,False,True,,539.54,672.81,651.86,616.27,True,81.49,82.63,False,True,True,,539.54,672.81,651.86,636.44,True,43.85,48.19,False,False,False,bullish_harami,634.88,672.81,648.43,672.81,24.38,40.31,60.5,632.5,688.74,634.88,619.61,752.71,"T1 - nearest real resistance (swing level, 8 touch(es))",3.13,False,636.04,659.06,False,down,channel rising but weak fit (R2 0.33 < 0.5),616.54,low,2026-07-29,True,20,9,8,3,1,down,1,up,1,626.41,655.76,685.12,0.78,0.33,43.0,False,S1,0.61,True,0.34,False,1.71,638.23,-2.09,5.0,582.78,-10.6,3.0,668.83,2.6,2.0,0.53,758.82,16.41,2.0,3.32,SiTime Corporation,Technology,Semiconductors,19670292480,1112.9662,44.008034,3.82,16.9835,42.20606,0.59,,0.03012,0.10623,0.013259999,1.265,24747500.0,129.419,19.445,0.87935996,0.060100004,2.862,901.81,243.677,849.5,62.0,Buy,1.55,10,4.0,6.0,1.0,0.0,0.0,3.54,3.55,False,11,2026-11-04,36.0,False,False,,0,0,2026-09-23 Seaport Global: init -> Neutral,0,,0,,N/A,0,N/A,0,0,,,,not fetched for down-trend tickers,,,,,,,,,,,,,,,,,,,,,,,,,
SKHY,down,WAIT,186.9,181.91,2026-09-28,True,182.83,19:59,0.51,sip,184.1,03:57,1.2,boats,7319,185.36,09:30,1.9,sip,,,SUPPORT_BOUNCE,Support bounce,D,UPTREND_WEAK,1.82,2.15,True,False,34,178.18,173.79,198.17,0.86,183.54,,,,,Price: pull back to 183.54 or lower (R:R 1.5+ with the same stop and target) | Confirmations: any 3 of: Bullish candle; Volume on the bounce >= average; Daily stochastic reset and turning up; Trend context intact,5.4,"T1 - nearest real resistance (swing level, 2 touch(es))",,0.0,confirmations 0/4 (need 3); R:R 0.86 below 1.5,weak support bounce: confirmations 0/4 (need 3); R:R 0.86 below 1.5,,,,,,,True,True,2,False,False,True,True,186.9,170.89,True,55.1,59.67,False,False,False,,172.79,196.48,186.9,178.89,True,34.76,33.08,True,True,False,,172.79,196.48,186.9,186.5,True,68.04,62.76,True,True,False,,179.31,192.55,183.05,188.41,5.36,8.78,61.0,179.63,191.83,179.31,173.79,198.17,"T1 - nearest real resistance (swing level, 2 touch(es))",0.86,True,187.04,186.7,True,down,channel sloping down,162.08,low,2026-07-29,True,20,9,8,3,1,down,1,up,1,179.21,185.46,191.71,-0.44,0.22,62.0,False,S1,0.82,False,0.99,False,1.67,178.18,-4.67,2.0,172.23,-7.85,1.0,198.17,6.03,2.0,0.86,,,,,SK hynix Inc.,Technology,Semiconductors,1293588496384,11.521215,5.38598,0.28,391.25378,0.006838211,15.79,,0.85619,0.76328003,0.92679,2.568,55768099323904.0,8.037,2.591,0.0018099999,,2.389,199.87,124.8,252.2143,82.7,Buy,1.53,14,5.0,9.0,0.0,0.0,1.0,6.25,6.26,False,3,2026-10-27,28.0,False,False,,0,0,2026-09-10 JP Morgan: init -> Overweight,0,,0,,N/A,0,N/A,0,0,,,,not fetched for down-trend tickers,,,,,,False,True,True,False,False,False,,,,,,,,,,,,,,
SLB,down,WAIT,49.64,51.47,2026-09-28,True,51.49,17:52,0.04,sip,,,,,0,50.43,09:30,-2.02,sip,,,,,-,DOWNTREND,-1.83,-0.68,False,False,0,,,,,,,,,51.47,,,,,,,downtrend (below a falling EMA50) - no long setup,,,,,,,False,False,3,True,True,True,False,49.64,52.8,False,9.05,11.19,False,False,False,,49.35,54.29,49.64,52.98,False,21.56,27.57,False,False,False,,49.35,54.29,49.64,51.51,False,14.29,20.9,False,False,False,,49.35,52.29,49.35,50.77,1.42,1.73,82.1,49.04,51.08,49.35,48.48,50.47,T1 - nearest resistance,0.72,True,51.63,49.97,False,down,channel sloping down,52.96,low,2026-07-21,False,20,6,9,5,-3,mixed,1,down,2,49.48,50.68,51.88,-0.48,0.4,7.0,False,S1,1.11,False,0.65,False,2.58,48.51,-2.28,2.0,45.18,-8.98,1.0,50.47,1.67,1.0,0.72,51.79,4.33,2.0,1.85,SLB N.V.,Energy,Oil & Gas Equipment & Services,76418539520,25.117075,15.904395,1.36,2.930897,2.1013732,2.05,2.29,0.08527,0.12706,0.12909001,0.05,2955124992.0,47.002,1.439,0.92533994,0.0467,0.774,60.46,31.64,62.41379,62.5,Buy,1.60,29,7.0,19.0,2.0,1.0,1.0,0.62,0.62,True,21,2026-10-23,24.0,False,True,1957-03-04,0,0,2026-09-14 UBS: main -> Buy,0,,0,,N/A,0,N/A,0,0,,,,not fetched for down-trend tickers,,,,,,,,,,,,,,,,,,,,,,,,,
SMTC,down,WAIT,179.81,174.79,2026-09-28,True,171.0,19:38,-2.17,sip,174.75,02:11,-0.02,boats,25,179.5,09:30,2.69,sip,,,,,-,UPTREND_WEAK,2.39,3.8,True,False,19,,,,,,,,,180.57,,,,,,,"above the EMA50 but not a clean uptrend yet (missing: higher highs) - pullback and MA-bounce setups need higher highs, higher lows and a rising EMA50",,,,,,,True,False,2,True,False,True,False,179.81,151.28,True,73.19,72.44,True,True,False,,153.1,190.64,179.81,161.3,True,54.68,49.74,True,True,False,piercing_line,153.1,190.64,179.81,174.93,True,74.74,74.3,True,True,False,,167.11,185.0,177.18,184.45,7.27,11.95,60.8,172.5,189.13,167.11,161.13,187.82,T1 - nearest resistance,0.43,True,173.51,180.57,False,down,channel rising but weak fit (R2 0.04 < 0.5),148.05,low,2026-07-29,True,20,8,6,6,2,down,1,up,1,167.44,177.21,186.98,0.29,0.04,63.0,False,S1,0.76,False,0.78,False,1.44,170.43,-5.22,1.0,162.56,-9.59,1.0,187.82,4.45,2.0,0.43,,,,,Semtech Corporation,Technology,Semiconductors,16311452672,120.537926,29.949108,1.21,21.782152,13.891368,1.45,,0.13116999,0.16222,0.23663999,0.327,132654752.0,70.105,1.698,1.01571,0.0853,2.353,190.64,60.28,208.66667,91.7,Strong Buy,1.19,15,1.0,14.0,1.0,0.0,0.0,1.06,1.06,True,15,2026-11-23,55.0,False,False,,0,0,,0,,0,,N/A,0,N/A,0,0,,,,not fetched for down-trend tickers,,,,,,,,,,,,,,,,,,,,,,,,,
SNDK,up,BUY,1722.0,1712.0,2026-09-28,True,1711.6,19:59,-0.02,sip,1730.67,03:59,1.09,boats,6829,1741.47,09:30,1.72,sip,,,PULLBACK,Pullback in uptrend,B,UPTREND,1.08,1.99,True,True,9,1659.02,1633.64,1881.55,1.81,,1732.8,,,,,0.0,"T1 - nearest real resistance (swing level, 8 touch(es))",,3.0,,,MA_BOUNCE(watch),,,,,,True,True,1,False,False,False,True,1722.0,1612.22,True,57.49,62.09,False,False,False,,1504.2,1909.48,1722.0,1665.41,True,26.23,34.09,False,False,False,bullish_harami,1504.2,1909.48,1722.0,1735.5,False,52.99,47.23,True,True,False,,1659.02,1787.77,1693.0,1749.78,56.78,101.52,55.9,1648.26,1794.52,1659.02,1633.64,1881.55,"T1 - nearest real resistance (swing level, 8 touch(es))",1.81,False,1776.74,1721.0,True,up,BUY setup overrides the 1h channel (channel sloping down),1508.41,low,2026-07-29,True,20,9,8,3,1,down,1,up,1,1625.26,1711.39,1797.51,-1.07,0.43,56.0,True,S1,0.44,True,0.25,False,1.11,1696.37,-1.49,1.0,1609.6,-6.53,1.0,1817.67,5.56,2.0,1.08,1931.03,12.14,2.0,2.37,Sandisk Corporation,Technology,Computer Hardware,250799652864,24.098059,6.5008883,,16.21886,12.386391,71.08,,0.56465,0.78472,0.9164,3.716,7720875008.0,1.277,2.29,0.80974996,0.060300004,,2354.39,103.348,2136.5417,71.9,Buy,1.52,24,4.0,17.0,3.0,0.0,1.0,46.18,46.21,False,18,2026-11-06,38.0,False,True,2025-11-28,0,0,2026-09-22 Rosenblatt: init -> Buy,4,Examine Sandisk Carefully Before You Jump in on The Buyback News,0,,20,33,26.9,92,11,2026-09-29 12:58,"SK Hynix Climbs 3%, Outpaces U.S. Rivals Micron and Seagate as Traders Weigh Memory Demand",https://finnhub.io/api/news?id=27be0b0b3b849ca40a5664512c4f6d988e5b75d1d842cad6fc523758e85e9cf4,,,True,True,False,True,True,,,,,,,,,,,,,,,,,,,
SNX,down,WAIT,258.21,256.74,2026-09-28,True,256.75,16:02,0.0,sip,,,,,0,257.61,09:30,0.34,sip,,,SUPPORT_BOUNCE,Support bounce,D,RANGE,-0.07,0.47,False,True,0,254.58,248.12,293.12,3.46,,266.12,,,,Confirmations: any 2 of: Volume on the bounce >= average; Daily stochastic reset and turning up; Trend context intact,2.0,"T1 - nearest real resistance (swing level, 4 touch(es))",,1.0,confirmations 1/4 (need 3),weak support bounce: confirmations 1/4 (need 3),,,,,,,True,True,2,False,True,True,False,258.21,259.04,False,29.1,35.67,False,False,False,hammer,243.03,298.77,258.21,262.96,False,26.06,26.98,False,True,False,piercing_line,243.03,298.77,258.21,264.18,False,46.67,42.59,True,True,False,,254.24,273.5,254.24,259.78,5.54,12.62,43.9,247.16,266.86,254.24,248.12,293.12,"T1 - nearest real resistance (swing level, 4 touch(es))",3.46,False,258.08,257.47,True,down,channel sloping down,261.62,low,2026-07-28,False,20,10,7,3,3,down,1,up,1,235.15,253.69,272.23,-1.78,0.49,62.0,True,S1,0.24,True,0.29,,,254.58,-1.41,18.0,,,,298.77,15.71,1.0,4.02,,,,,TD SYNNEX Corporation,Technology,Electronics & Computer Distribution,20298397696,15.645947,10.684632,0.74,2.2759104,0.26823634,16.41,0.73,0.01752,0.02982,0.14932,0.377,-1070279488.0,64.999,1.191,0.95879,0.0224,1.429,298.77,142.22,339.63635,74.1,Buy,1.55,11,4.0,6.0,1.0,0.0,0.0,5.99,4.77,True,9,,,False,False,,0,0,2026-09-25 UBS: main -> Buy,0,,0,,N/A,0,N/A,0,0,,,,not fetched for down-trend tickers,,,,,,,True,True,False,False,False,,,,,,,,,,,,,True,
SOFI,down,WAIT,15.96,15.93,2026-09-28,True,15.94,19:59,0.06,sip,15.93,03:55,0.0,boats,451,15.98,09:30,0.31,sip,,,,,-,DOWNTREND,-2.38,-1.32,False,True,0,,,,,,,,,16.01,,,,,,,downtrend (below a falling EMA50) - no long setup,,,,,,,True,False,3,True,True,True,False,15.96,17.39,False,8.31,13.22,False,False,False,,15.86,17.96,15.96,17.16,False,3.55,5.94,False,False,False,,15.86,17.96,15.96,16.49,False,12.22,9.33,True,True,False,,15.86,16.92,15.86,16.21,0.35,0.6,58.3,15.61,16.46,15.86,15.56,16.5,T1 - nearest resistance,1.35,True,16.97,16.01,False,down,channel sloping down,17.42,low,2026-07-29,False,20,6,11,3,-5,down,1,up,1,15.55,15.95,16.35,-1.18,0.78,52.0,False,S1,1.83,False,1.8,,,14.88,-6.77,1.0,,,,16.5,3.38,2.0,1.35,16.93,6.08,2.0,2.42,"SoFi Technologies, Inc.",Financial Services,Credit Services,20574715904,33.89362,19.33276,0.59,1.8557783,4.8201966,0.49,,0.14906,0.16956,0.07095,0.426,,30.835,1.105,0.51444,0.14829999,2.208,32.73,14.88,20.35455,6.1,Hold,2.68,22,4.0,5.0,12.0,2.0,2.0,0.17,0.17,True,7,2026-10-27,28.0,False,False,,0,0,2026-09-09 Loop Capital: init -> Hold,0,,0,,N/A,0,N/A,0,0,,,,not fetched for down-trend tickers,,,,,,,,,,,,,,,,,,,,,,,,,
SPCX,up,WATCH,148.81,145.49,2026-09-28,True,146.08,19:59,0.41,sip,146.36,03:55,0.6,boats,10395,146.56,09:30,0.74,sip,,,SUPPORT_BOUNCE,Support bounce,C,UPTREND_WEAK,0.7,0.5,False,True,24,143.88,140.88,158.13,1.18,147.78,,price,,,"Price: pull back to 147.78 or lower (R:R 1.5+ with the same stop and target) | Confirmations: any 1 of: Volume on the bounce >= average, or Trend context intact",3.2,T1 - nearest real resistance (20-bar high),,2.0,confirmations 2/4 (need 3); R:R 1.18 below 1.5,confirmations 2/4 (need 3); R:R 1.18 below 1.5,,,,,,,True,True,0,False,False,False,False,148.81,144.62,True,31.49,33.28,False,True,False,,144.36,158.13,148.81,146.81,True,19.03,16.18,True,True,False,hammer,144.36,158.13,148.81,149.03,False,56.0,58.15,False,False,False,,145.36,150.8,145.47,150.02,4.55,5.99,76.0,144.03,151.46,145.36,140.88,158.13,T1 - nearest real resistance (20-bar high),1.18,True,148.55,148.09,True,up,WATCH setup overrides the 1h channel (channel sloping down),138.31,low,2026-08-03,True,20,8,6,6,2,mixed,1,up,1,142.37,145.85,149.33,-0.82,0.66,93.0,True,S1,0.45,False,0.82,False,1.78,143.88,-3.31,2.0,138.17,-7.15,1.0,149.7,0.6,2.0,0.11,154.86,4.07,1.0,0.76,Space Exploration Technologies Corp.,Industrials,Aerospace & Defense,1917553606656,,83.45237,,15.065245,83.16477,-1.1,,-0.35661998,-0.01804,,0.919,,31.211,5.115,0.48341998,0.025799999,,225.64,104.83,223.8,36.4,Buy,1.69,20,7.0,22.0,5.0,2.0,0.0,0.14,0.14,True,12,2026-11-03,35.0,False,False,,0,0,2026-09-28 Deutsche Bank: reit -> Buy,0,,0,,8,57,137.5,4202,25,2026-09-29 14:08,NASA Gives Boeing Starliner $359 Million Lifeline,https://finnhub.io/api/news?id=29deba6ad4384a64f4acae3d4535dad3f31c60ab3251745d7d573187ccf5add7,,,,,,,True,True,True,False,True,False,,,,,,,,,,,,,,
SSRM,down,WAIT,33.88,33.85,2026-09-28,True,33.5,18:42,-1.03,sip,33.9,01:30,0.15,boats,4,34.35,09:30,1.48,sip,,,,,-,RANGE,-0.17,0.6,False,True,0,,,,,,,,,,,,,,,,no trend (below a flat EMA50) - wait for a reclaim or a breakout,,,,,,,True,True,3,True,True,True,False,33.88,34.14,False,16.68,26.66,False,False,False,,33.45,38.67,33.88,35.49,False,6.59,10.19,False,False,False,bullish_harami,33.45,38.67,33.88,35.21,False,23.32,15.98,True,True,False,,33.45,35.87,33.48,34.37,0.89,1.51,58.9,32.86,34.99,33.45,32.69,34.15,T1 - nearest resistance,0.23,True,36.53,33.85,True,down,channel sloping down,33.66,low,2026-07-29,True,20,8,11,1,-3,down,4,up,2,32.37,33.83,35.29,-1.61,0.69,52.0,False,S1,0.85,False,0.54,False,1.56,33.07,-2.39,1.0,31.52,-6.97,1.0,34.15,0.8,1.0,0.23,35.69,5.34,1.0,1.52,SSR Mining Inc.,Basic Materials,Gold,6900291072,13.375494,7.3920035,0.02,2.0593965,3.6321726,2.53,0.08,0.122980006,0.43659002,0.14272,0.095,450823744.0,0.068,9.79,0.79617995,0.0425,0.982,39.44,18.19,42.4,73.8,Strong Buy,1.40,5,4.0,6.0,0.0,0.0,0.0,0.90,0.90,True,6,2026-11-03,35.0,False,False,,0,0,2026-09-16 RBC Capital: main -> Outperform,0,,0,,N/A,0,N/A,0,0,,,,not fetched for down-trend tickers,,,,,,,,,,,,,,,,,,,,,,,,,
TER,up,WATCH,401.49,401.25,2026-09-28,True,401.2,19:47,-0.01,sip,403.45,03:48,0.55,boats,95,412.02,09:30,2.68,sip,,,SUPPORT_BOUNCE,Support bounce,C,UPTREND,1.44,1.34,True,True,8,383.29,373.59,401.97,0.02,384.94,,price,401.97,406.55,"Price: pull back to 384.94 or lower (R:R 1.5+ with the same stop and target) OR close above 401.97 on 1.5x+ volume (becomes a fresh breakout) | Then the turn has to show at that price - 1h: reclaim the session VWAP (406.55) and 1h MACD bullish or 1h %K above %D | Confirmations: any 1 of: Volume on the bounce >= average, or Daily stochastic reset and turning up",4.9,T1 - overhead resistance (20-bar high) inside 1 ATR,"401.97, 409.47",2.0,no turn yet on the 1h chart; confirmations 2/4 (need 3); R:R 0.02 below 1.5,no turn yet on the 1h chart; confirmations 2/4 (need 3); R:R 0.02 below 1.5,FRESH_BREAKOUT(weak),,,,,,True,False,0,False,False,False,False,401.49,373.51,True,93.45,91.96,True,True,True,,336.58,415.61,401.49,375.39,True,81.89,89.09,False,False,True,,336.58,415.61,401.49,389.3,True,59.01,61.86,False,False,False,bullish_harami,383.5,415.61,400.57,415.61,15.04,19.4,77.5,396.21,419.97,383.5,373.59,401.97,T1 - overhead resistance (20-bar high) inside 1 ATR,0.02,True,381.74,406.55,False,up,channel rising (R2 0.6),367.78,low,2026-07-28,True,20,10,7,3,3,mixed,1,up,1,391.63,402.49,413.34,0.81,0.6,45.0,False,S1,0.65,True,0.11,False,0.94,399.4,-0.52,1.0,383.29,-4.53,3.0,409.72,2.05,1.0,0.29,444.17,10.63,1.0,1.53,"Teradyne, Inc.",Technology,Semiconductor Equipment & Materials,62739542016,54.673023,34.43905,0.73,19.982073,14.054459,7.29,0.13,0.25766,0.33161,0.36465,1.039,437381248.0,2.883,2.125,1.00734,0.059899997,1.778,487.91,131.75,446.46667,75.7,Buy,1.65,15,1.0,11.0,5.0,0.0,0.0,2.05,1.44,True,15,2026-10-21,22.0,False,True,2020-09-21,0,0,,0,,0,,N/A,0,N/A,0,4,2026-09-29 12:22,A Teradyne Director Sells 400 Shares After the Stock Soared Over 200% in the Past Year,https://finnhub.io/api/news?id=049bc57b5e08066bff8bcf0ad76800473e3379b94eabfde994c2f48ce10d6601,,,,,,,True,True,True,False,False,True,,,,,,,,,,,,,,
TKR,filtered,WAIT,117.37,116.68,2026-09-28,True,116.75,16:41,0.06,sip,,,,,0,116.75,09:30,0.06,sip,,,,,-,DOWNTREND,-2.07,-1.08,False,False,0,,,,,,,,,,,,,,,,downtrend (below a falling EMA50) - no long setup,,,,,,,True,True,4,True,True,True,True,117.37,123.32,False,31.16,27.65,True,True,False,,114.58,119.92,117.37,119.8,False,53.3,47.5,True,True,False,,114.58,119.92,117.37,117.08,True,72.82,66.16,True,True,False,,115.23,118.5,116.17,118.02,1.85,2.88,64.2,115.14,119.05,115.23,113.79,119.07,T1 - nearest resistance,0.47,True,116.99,116.93,True,down,channel rising but weak fit (R2 0.12 < 0.5),116.8,low,2026-09-21,True,20,5,8,7,-3,down,1,up,1,115.64,117.38,119.12,0.14,0.12,50.0,False,S1,0.71,False,0.92,,,114.71,-2.27,2.0,,,,119.07,1.45,3.0,0.47,121.75,3.73,1.0,1.22,The Timken Company,Industrials,Tools & Accessories,8090405888,31.811989,16.047802,1.28,2.536279,1.704406,3.67,1.23,0.05435,0.13015,0.08538,0.075,349212512.0,65.523,3.095,0.96721,0.0636,1.205,146.37,70.57,147.74635,61.7,Buy,2.00,11,2.0,5.0,5.0,0.0,0.0,1.48,1.51,False,12,2026-10-28,29.0,False,False,,1,0,2026-09-01 B of A Securities: up -> Buy,0,,0,,N/A,0,N/A,0,0,,,,ticker filtered out,,,,,,,,,,,,,,,,,,,,,,,,,
TMO,up,WAIT,679.51,678.2,2026-09-28,True,673.0,17:06,-0.77,sip,,,,,0,676.79,09:30,-0.21,sip,,,,,-,UPTREND_WEAK,4.46,2.39,False,True,68,,,,,,,,,,,,,,,,"above the EMA50 but not a clean uptrend yet (missing: higher lows) - pullback and MA-bounce setups need higher highs, higher lows and a rising EMA50",,,,,,,True,True,2,True,False,True,False,679.51,611.15,True,93.69,93.21,True,True,True,,638.0,682.98,679.51,639.31,True,83.97,85.22,False,False,True,bullish_engulfing,638.0,682.98,679.51,666.99,True,78.16,68.47,True,True,False,,664.23,682.61,670.9,681.21,10.32,15.32,67.4,665.89,686.22,664.23,656.57,682.98,T1 - nearest resistance,0.15,True,658.94,675.14,True,up,channel rising (R2 0.79),608.35,low,2026-07-21,True,20,10,5,5,5,mixed,2,up,4,673.06,681.26,689.46,0.57,0.79,39.0,False,S1,0.86,False,1.04,False,2.12,663.57,-2.35,1.0,647.0,-4.78,1.0,682.98,0.51,1.0,0.15,,,,,Thermo Fisher Scientific Inc.,Healthcare,Diagnostics & Research,250910507008,36.366558,24.637875,2.01,4.763007,5.415023,18.56,0.28,0.15036,0.18751,0.13515,0.105,6237250048.0,80.575,1.551,0.94088,0.0136,0.854,682.98,435.27,653.1111,98.6,Buy,1.52,27,4.0,20.0,4.0,0.0,1.0,6.41,6.40,True,22,2026-10-21,22.0,False,True,2004-08-03,0,0,2026-09-03 CLSA: init -> Outperform,0,,6,"Global Grignard Reagents Market Outlook and Forecast, 2026–2032 - Market to Reach USD 7.87 Billion as Safer, AI-Enabled Production Expands Opportunities for Merck KGaA, Thermo Fisher Scientific, and Tokyo Chemical Industry",N/A,0,N/A,0,1,2026-09-29 02:11,Thermo Fisher Scientific (TMO) Stock Seems Reasonable Following Its 47% Run,https://finnhub.io/api/news?id=d91634b5352d5649bd2051f18acf345913d25fd2183ccb0f091e8a105122089b,,,,,,,,,,,,,,,,,,,,,,,,,,
TOST,down,WAIT,30.17,30.39,2026-09-28,True,30.39,19:51,0.0,sip,,,,,0,30.25,09:30,-0.46,sip,,,,,-,DOWNTREND,-1.59,-1.06,False,False,0,,,,,,,,,30.39,,,,,,,downtrend (below a falling EMA50) - no long setup,,,,,,,False,True,3,True,True,True,False,30.17,31.76,False,32.59,30.28,True,True,False,,28.77,31.98,30.17,31.71,False,63.97,66.83,False,False,False,bullish_harami,28.77,31.98,30.17,30.34,False,29.57,20.91,True,True,False,,29.81,30.94,29.83,30.54,0.71,1.0,71.0,29.54,30.83,29.81,29.31,31.17,T1 - nearest resistance,1.16,True,29.84,30.15,True,down,channel rising but weak fit (R2 0.29 < 0.5),33.2,low,2026-07-23,False,20,4,14,2,-10,down,1,up,2,29.72,30.38,31.03,0.34,0.29,34.0,False,S1,0.68,False,0.6,False,1.4,29.57,-1.99,1.0,28.77,-4.64,1.0,31.17,3.31,5.0,1.16,32.98,9.31,3.0,3.27,"Toast, Inc.",Technology,Software - Infrastructure,17559640064,38.94872,17.522306,0.23,8.572235,2.580782,0.78,,0.07143,0.07442,0.25162,0.231,474249984.0,,2.4,0.95521003,0.0623,1.728,39.725,22.26,38.92308,45.3,Buy,1.83,26,5.0,15.0,10.0,0.0,0.0,0.37,0.37,True,15,2026-11-03,35.0,False,False,,0,1,2026-09-02 BNP Paribas: down -> Neutral,0,,0,,N/A,0,N/A,0,0,,,,not fetched for down-trend tickers,,,,,,,,,,,,,,,,,,,,,,,,,
TSLA,down,WAIT,352.76,357.39,2026-09-28,True,358.1,19:59,0.2,sip,358.38,03:55,0.28,boats,6159,356.5,09:30,-0.25,sip,,,SUPPORT_BOUNCE,Support bounce,D,RANGE,-0.85,0.33,True,True,0,352.65,343.97,367.61,1.69,,353.43,,,357.39,"Setup: Rejection - closed back above the test bar / upper half of range | Turn - daily: back above yesterday's close 357.39, or a close in the top half of the day's range; 1h: reclaim the session VWAP (354.14) | Confirmations: any 3 of: Bullish candle; Volume on the bounce >= average; Daily stochastic reset and turning up; Trend context intact",8.0,"T1 - nearest real resistance (swing level, 6 touch(es))",,0.0,Rejection - closed back above the test bar / upper half of range; no turn yet on the daily and 1h charts; confirmations 0/4 (need 3),weak support bounce: Rejection - closed back above the test bar / upper half of range; no turn yet on the daily and 1h charts; confirmations 0/4 (need 3),,,,,,,False,False,3,False,True,True,True,352.76,362.1,False,22.76,46.73,False,False,False,,351.67,386.83,352.76,362.72,False,2.55,6.52,False,True,False,,351.67,386.83,352.76,365.78,False,7.53,7.15,True,True,False,,351.67,374.6,351.67,358.74,7.07,10.99,64.3,347.75,362.66,351.67,343.97,367.61,"T1 - nearest real resistance (swing level, 6 touch(es))",1.69,False,379.45,354.14,False,down,channel sloping down,350.85,low,2026-07-29,True,20,9,8,3,1,down,1,mixed,1,346.26,357.79,369.32,-1.08,0.65,28.0,True,S1,0.35,True,0.01,False,0.93,352.65,-0.03,2.0,342.53,-2.9,1.0,368.28,4.4,3.0,1.77,375.44,6.43,1.0,2.58,"Tesla, Inc.",Consumer Cyclical,Auto Manufacturers,1411765764096,343.70193,164.50443,4.45,16.251421,13.624583,1.04,,0.03671,0.014099999,0.046669997,0.255,4835999744.0,18.373,1.941,0.43668,0.0195,1.845,498.83,297.38,395.83212,27.5,Buy,2.35,38,4.0,15.0,20.0,2.0,2.0,0.44,0.45,False,24,2026-10-21,22.0,False,True,2020-12-21,0,0,2026-09-28 JP Morgan: main -> Neutral,0,,0,,14,48,152.6,466,0,,,,not fetched for down-trend tickers,,,,,,False,True,False,False,False,False,,,,,,,,,,,,,,
TSM,up,WAIT,458.74,452.88,2026-09-28,True,452.11,19:52,-0.17,sip,450.73,03:59,-0.47,boats,1386,449.49,09:30,-0.75,sip,,,FRESH_BREAKOUT,Fresh breakout,D,UPTREND,2.98,1.26,True,True,9,452.88,447.73,477.9,1.74,,459.8,,,,Setup: Volume >= 1.5x average | Turn - 1h: 1h MACD bullish or 1h %K above %D,4.0,"T1 - nearest real resistance (swing level, 2 touch(es))",,4.0,Volume >= 1.5x average (best of live/last 3 bars: 0.9x); no turn yet on the 1h chart,weak fresh breakout: Volume >= 1.5x average (best of live/last 3 bars: 0.9x); no turn yet on the 1h chart,,False,True,True,True,True,True,False,1,False,False,True,False,458.74,428.06,True,94.15,92.56,True,True,True,,413.88,459.43,458.74,434.91,True,95.66,93.06,True,True,True,,413.88,459.43,458.74,448.0,True,96.29,96.63,False,False,True,,443.11,459.43,447.07,459.43,12.36,10.3,120.0,449.13,457.37,443.11,447.73,477.9,"T1 - nearest real resistance (swing level, 2 touch(es))",1.74,False,451.15,456.06,True,up,channel rising (R2 0.73),421.62,low,2026-07-29,True,20,8,7,5,1,mixed,1,up,1,451.39,456.35,461.32,0.44,0.73,74.0,True,S1,-0.33,False,0.57,False,1.61,452.88,-1.28,1.0,442.16,-3.61,4.0,,,,,,,,,Taiwan Semiconductor Manufacturing Company Limited,Technology,Semiconductors,2348850348032,33.546665,20.655779,0.86,92.999825,0.5289617,13.5,0.9,0.49923,0.60344005,0.39969003,0.36,730826014720.0,16.504,2.458,0.15482001,0.0057,1.247,479.0,266.82,552.2594,90.5,Strong Buy,1.38,20,6.0,14.0,1.0,0.0,0.0,4.46,4.46,True,9,2026-10-15,16.0,False,False,,0,0,2026-09-02 Stifel: init -> Buy,1,"Intel Drops 4% on Oil-Driven Rate Fears, NVIDIA Rises 3% on Record $150B Buyback; Taiwan Semiconductor Slips",0,,100,4,33.3,7,4,2026-09-29 07:10,TSMC: 2nm Is Moving Into High Gear,https://finnhub.io/api/news?id=9d98446224caa70206c6c50ea21fef2ec02622d271f85ec953376e3c51884011,,,,,,,,,,,,,,,,,,,,,,,,,,
TTC,up,WATCH,97.25,97.07,2026-09-28,True,97.07,16:00,0.0,sip,,,,,0,97.11,09:30,0.04,sip,,,MA_RECLAIM,MA reclaim (early trend),C,EARLY_UPTREND,0.85,0.34,False,False,5,95.5,93.95,100.15,0.88,96.43,,price,,,Price: pull back to 96.43 or lower (R:R 1.5+ with the same stop and target),2.4,"T1 - nearest real resistance (swing level, 4 touch(es) + 20-bar high)",,3.0,R:R 0.88 below 1.5,R:R 0.88 below 1.5,SUPPORT_BOUNCE(weak),,,,,,True,True,0,False,False,False,False,97.25,95.5,True,87.05,85.56,True,False,True,,91.11,98.28,97.25,95.53,True,83.55,84.12,False,True,True,,91.11,98.28,97.25,96.09,True,58.72,57.35,True,True,False,,95.6,98.28,96.58,98.28,1.7,2.07,82.1,96.21,98.65,95.6,93.95,100.15,"T1 - nearest real resistance (swing level, 4 touch(es) + 20-bar high)",0.88,True,97.03,97.2,True,up,channel rising (R2 0.75),95.9,low,2026-07-31,True,20,7,9,4,-2,down,1,up,1,96.67,98.07,99.46,0.62,0.75,21.0,True,S1,0.42,True,0.49,False,1.38,96.24,-1.04,4.0,94.39,-2.94,1.0,100.15,2.98,4.0,0.88,,,,,The Toro Company,Industrials,Tools & Accessories,9188973568,25.954546,19.033333,1.88,6.87562,1.9332998,3.74,1.61,0.07644,0.13983,0.26447,0.084,608062528.0,80.671,1.576,0.98233,0.050300002,0.706,105.19,67.64,111.0,78.9,Buy,2.00,5,0.0,3.0,3.0,0.0,0.0,0.97,0.96,True,6,,,False,False,,0,0,2026-09-23 Oppenheimer: init -> Outperform,1,Can Share Buybacks Continue to Prop Up Toro Stock?,0,,N/A,0,N/A,0,0,,,,,,,,,,,,,,,,True,True,True,True,False,False,True,,,,,,,
TTEK,down,WAIT,33.55,33.89,2026-09-28,True,33.8,17:20,-0.27,sip,,,,,0,33.62,09:30,-0.8,sip,,,,,-,DOWNTREND,-1.14,-0.4,False,False,0,,,,,,,,,33.89,,,,,,,downtrend (below a falling EMA50) - no long setup,,,,,,,False,False,3,True,True,True,False,33.55,34.59,False,12.53,10.77,True,True,False,,33.26,37.27,33.55,35.2,False,13.89,14.96,False,False,False,,33.26,37.27,33.55,34.41,False,42.01,43.88,False,False,False,,33.26,34.24,33.55,34.24,0.69,0.91,75.8,33.33,34.46,33.26,32.8,34.41,T1 - nearest resistance,1.15,True,33.66,33.76,False,down,channel sloping down,35.18,low,2026-07-24,False,20,4,11,5,-7,mixed,1,down,3,32.43,33.12,33.81,-1.23,0.85,81.0,False,S1,1.41,False,1.33,False,2.19,32.34,-3.61,1.0,31.56,-5.93,1.0,34.41,2.56,1.0,1.15,35.33,5.31,5.0,2.37,"Tetra Tech, Inc.",Industrials,Engineering & Construction,8677345280,20.415663,19.501669,2.1,4.6854696,1.9908214,1.66,0.85,0.100030005,0.14253001,0.24297,-0.039,396642240.0,55.247,1.184,1.04414,0.048699997,0.896,43.14,25.81,40.33333,44.7,Buy,2.00,6,2.0,3.0,3.0,0.0,0.0,0.47,0.47,True,6,2026-11-11,43.0,False,False,,0,0,,0,,0,,N/A,0,N/A,0,0,,,,not fetched for down-trend tickers,,,,,,,,,,,,,,,,,,,,,,,,,
TWLO,down,WAIT,290.92,287.08,2026-09-28,True,286.0,18:32,-0.38,sip,,,,,0,286.62,09:30,-0.16,sip,,,,,-,UPTREND_WEAK,3.5,4.97,False,True,37,,,,,,,,,,,,,,,,"above the EMA50 but not a clean uptrend yet (missing: higher lows) - pullback and MA-bounce setups need higher highs, higher lows and a rising EMA50",,,,,,,True,True,2,True,False,True,False,290.92,237.88,True,75.57,79.48,False,False,False,,235.2,304.75,290.92,254.64,True,75.62,71.26,True,True,False,hammer,235.2,304.75,290.92,278.62,True,90.15,88.66,True,True,True,,265.4,292.69,281.98,292.69,10.71,15.14,70.7,277.55,297.12,265.4,257.83,304.75,T1 - nearest resistance,0.42,True,284.75,287.58,True,down,channel rising but weak fit (R2 0.22 < 0.5),239.67,low,2026-07-23,True,20,10,7,3,3,down,2,up,6,271.63,292.29,312.95,0.93,0.22,47.0,False,S1,1.87,False,2.15,False,3.2,258.35,-11.2,1.0,242.49,-16.65,2.0,304.75,4.75,1.0,0.42,,,,,Twilio Inc.,Technology,Software - Infrastructure,44073017344,39.58345,42.261177,0.43,4.908998,7.909265,7.25,,0.20615,0.078260005,0.13497,0.22,954675392.0,11.868,4.621,0.93235,0.045500003,1.405,304.75,98.44,263.0357,93.3,Buy,1.63,28,6.0,19.0,3.0,1.0,1.0,1.47,1.47,True,26,2026-10-29,30.0,False,False,,0,1,2026-09-25 HSBC: down -> Reduce,0,,0,,N/A,0,N/A,0,0,,,,not fetched for down-trend tickers,,,,,,,,,,,,,,,,,,,,,,,,,
TXN,up,WATCH,281.26,278.51,2026-09-28,True,278.3,18:07,-0.08,sip,277.6,02:35,-0.33,boats,55,282.46,09:30,1.42,sip,,,MA_RECLAIM,MA reclaim (early trend),C,EARLY_UPTREND,1.18,0.38,True,True,3,271.74,265.67,288.64,0.47,274.86,,price,288.64,281.87,Price: pull back to 274.86 or lower (R:R 1.5+ with the same stop and target) OR close above 288.64 on 1.5x+ volume (becomes a fresh breakout) | Then the turn has to show at that price - 1h: reclaim the session VWAP (281.87) and 1h MACD bullish or 1h %K above %D,3.8,"T1 - overhead resistance (swing level, 8 touch(es)) inside 1 ATR",288.64,3.0,no turn yet on the 1h chart; R:R 0.47 below 1.5,no turn yet on the 1h chart; R:R 0.47 below 1.5,FRESH_BREAKOUT(weak),,,,,,True,False,0,False,False,False,False,281.26,271.74,True,94.2,93.25,True,True,True,,257.1,284.39,281.26,269.26,True,89.88,92.61,False,False,True,,257.1,284.39,281.26,274.28,True,74.39,75.48,False,False,False,,273.9,284.39,280.23,284.39,4.16,8.1,51.4,276.29,288.33,273.9,265.67,288.64,"T1 - overhead resistance (swing level, 8 touch(es)) inside 1 ATR",0.47,True,269.98,281.87,False,up,channel rising (R2 0.84),265.57,low,2026-09-03,True,20,10,5,5,5,up,2,mixed,3,277.34,281.11,284.87,0.76,0.84,52.0,True,S1,0.4,True,0.25,False,1.5,279.23,-0.72,1.0,269.08,-4.33,6.0,287.12,2.08,3.0,0.38,297.58,5.8,1.0,1.05,Texas Instruments Incorporated,Technology,Semiconductors,254165958656,42.168182,26.145037,0.99,14.110937,13.065643,6.6,2.19,0.31111,0.42576998,0.35176,0.228,3545250048.0,78.036,4.857,0.91667,0.0241,1.314,334.03,152.73,324.7097,70.9,Buy,2.08,31,3.0,17.0,14.0,2.0,0.0,2.42,2.42,True,24,2026-10-27,28.0,False,True,2001-03-12,0,0,,0,,0,,N/A,0,N/A,0,3,2026-09-29 08:42,Is Applied Materials Still The Business You Bought?,https://finnhub.io/api/news?id=fa3817732c0d9b26a58c0e02d7106f4d6c0b7392d61661ad4c43fa920396b355,,,,,,,,,,,,,True,True,True,True,False,False,True,,,,,,,
UBER,filtered,WAIT,69.2,68.19,2026-09-28,True,68.17,19:59,-0.03,sip,68.28,03:49,0.13,boats,126,68.5,09:30,0.45,sip,,,,,-,DOWNTREND,-2.1,-1.09,False,False,0,,,,,,,,,69.22,,,,,,,downtrend (below a falling EMA50) - no long setup,,,,,,,True,False,4,True,True,True,True,69.2,72.74,False,16.17,12.25,True,True,False,bullish_harami,67.73,71.96,69.2,71.85,False,24.9,22.09,True,True,False,,67.73,71.96,69.2,69.59,False,70.99,67.49,True,True,False,,67.73,69.89,68.4,69.89,1.49,1.69,88.2,68.2,70.09,67.73,66.89,71.91,T1 - nearest resistance,1.17,True,69.36,69.22,False,down,channel sloping down,72.97,low,2026-07-27,False,20,3,9,8,-6,mixed,1,down,1,67.67,68.52,69.36,-0.44,0.67,91.0,True,S1,-0.2,True,0.22,False,1.46,68.83,-0.53,3.0,66.74,-3.55,1.0,71.91,3.92,5.0,1.17,74.63,7.85,4.0,2.35,"Uber Technologies, Inc.",Technology,Software - Application,139220910080,15.282512,15.443562,5.94,5.090366,2.520885,4.46,,0.17345,0.13317999,0.3716,0.122,7244749824.0,51.872,0.843,0.85363,0.0232,1.159,101.295,65.41,100.77319,10.6,Buy,1.57,47,9.0,33.0,8.0,1.0,0.0,0.92,0.95,False,31,2026-11-03,35.0,False,True,2023-12-18,0,0,2026-09-09 Scotiabank: init -> Sector Outperform,0,,0,,46,12,1100.0,394,0,,,,ticker filtered out,,,,,,,,,,,,,,,,,,,,,,,,,
VCYT,up,WATCH,46.15,45.24,2026-09-28,True,45.23,16:30,-0.02,sip,,,,,0,46.08,09:30,1.86,sip,,,MA_RECLAIM,MA reclaim (early trend),C,EARLY_UPTREND,0.4,0.36,False,True,4,45.11,42.86,49.0,0.87,45.32,,price,,,Price: pull back to 45.32 or lower (R:R 1.5+ with the same stop and target),2.3,T1 - nearest real resistance (20-bar high),,4.0,R:R 0.87 below 1.5,R:R 0.87 below 1.5,,,,,,,True,True,0,False,False,False,False,46.15,45.11,True,68.51,74.34,False,False,False,,38.24,49.0,46.15,43.93,True,66.89,68.28,False,False,False,,38.24,49.0,46.15,44.87,True,54.81,53.44,True,True,False,bullish_harami,44.47,47.62,45.21,47.52,2.31,2.59,89.2,44.93,47.8,44.47,42.86,49.0,T1 - nearest real resistance (20-bar high),0.87,True,43.53,46.03,True,up,channel rising (R2 0.6),43.87,low,2026-09-16,True,20,9,8,3,1,down,1,up,4,44.9,47.6,50.29,1.72,0.6,23.0,True,S1,0.12,True,0.15,False,1.18,45.77,-0.82,2.0,43.09,-6.63,1.0,48.48,5.05,2.0,0.71,55.13,19.46,3.0,2.73,"Veracyte, Inc.",Healthcare,Diagnostics & Research,3636072704,32.53957,23.183102,,2.618083,6.471031,1.39,,0.20374,0.15287,0.087740004,0.155,106230872.0,2.889,9.162,1.13392,0.123500004,1.926,60.91,29.455,58.41667,53.1,Buy,1.62,12,2.0,9.0,1.0,1.0,0.0,0.41,0.41,True,12,2026-11-03,35.0,False,False,,0,0,2026-09-15 Freedom Capital Markets: main -> Buy,0,,0,,N/A,0,N/A,0,1,2026-09-29 04:02,Veracyte To Present New Findings From Retrospective Ancillary Analysis Of Randomized Phase III NRG/RTOG 0815 Trial At 2026 ASTRO Annual Meeting,https://finnhub.io/api/news?id=7a54b2047aef35ae8fd9694680e4b4136901fa4d2a874439a561985bf71a05da,,,,,,,,,,,,,True,True,True,True,True,False,True,,,,,,,
VEEV,up,WAIT,278.02,279.96,2026-09-28,True,280.0,16:33,0.01,sip,,,,,0,281.02,09:30,0.38,sip,,,SUPPORT_BOUNCE,Support bounce,D,UPTREND_WEAK,4.14,2.73,False,True,66,272.99,269.28,290.47,1.42,277.76,,,,279.96,"Setup: Rejection - closed back above the test bar / upper half of range | Price: pull back to 277.76 or lower (R:R 1.5+ with the same stop and target) | Then the turn has to show at that price - daily: back above yesterday's close 279.96, or a close in the top half of the day's range | Confirmations: any 1 of: Volume on the bounce >= average, or Trend context intact | Extension: pull back closer to the EMA50 (now 4.1 ATR above, max 3)",9.0,T1 - nearest real resistance (20-bar high),282.81,2.0,Rejection - closed back above the test bar / upper half of range; no turn yet on the daily chart; confirmations 2/4 (need 3); R:R 1.42 below 1.5; extended 4.1 ATR above EMA50,weak support bounce: Rejection - closed back above the test bar / upper half of range; no turn yet on the daily chart; confirmations 2/4 (need 3); R:R 1.42 below 1.5; extended 4.1 ATR above EMA50,,,,,,,False,True,1,False,False,True,False,278.02,247.34,True,87.04,81.12,True,True,True,,257.87,282.81,278.02,264.42,True,79.17,84.6,False,False,False,bullish_harami,257.87,282.81,278.02,273.88,True,47.76,38.03,True,True,False,,272.54,282.81,273.92,282.24,8.32,7.41,112.3,274.83,281.33,272.54,269.28,290.47,T1 - nearest real resistance (20-bar high),1.42,True,280.57,277.14,True,up,channel rising (R2 0.8),248.22,low,2026-07-23,True,20,6,8,6,-2,down,1,up,4,276.83,283.6,290.36,1.19,0.8,9.0,False,S1,1.08,False,0.68,False,2.7,272.99,-1.81,2.0,258.02,-7.19,3.0,282.81,1.72,1.0,0.55,288.38,3.73,1.0,1.19,Veeva Systems Inc.,Healthcare,Health Information Services,45327998976,46.04605,27.311464,1.25,6.245204,13.107783,6.08,,0.29345,0.29637,0.14425,0.176,1257709824.0,2.041,5.458,0.93410003,0.0335,0.974,310.5,148.05,297.2963,80.0,Buy,1.97,27,8.0,12.0,8.0,1.0,0.0,2.34,2.28,True,26,2026-11-25,57.0,False,True,2026-05-07,0,0,,0,,1,"Quality Management System Software Market Forecasts Growth from $11.73B (2026) to $20.43B by 2031, Profiling Veeva Systems, Siemens, PTC, SAP, Oracle & 15 Others",N/A,0,N/A,0,1,2026-09-29 08:30,Brokers Suggest Investing in Veeva (VEEV): Read This Before Placing a Bet,https://finnhub.io/api/news?id=21a6430771670cdbb2703d676f251161a924eab4a30fc37b1fec50df5daaacb6,,,,,,,True,True,False,False,True,False,,,,,,,,,,,,,,
VSH,filtered,WAIT,32.47,32.25,2026-09-28,True,32.23,19:38,-0.06,sip,32.52,03:35,0.84,boats,1,32.88,09:30,1.95,sip,,,,,-,DOWNTREND,-1.06,-1.16,True,False,0,,,,,,,,,32.55,,,,,,,downtrend (below a falling EMA50) - no long setup,,,,,,,True,False,4,True,True,True,True,32.47,34.15,False,58.01,55.33,True,True,False,,30.74,33.55,32.47,32.44,True,53.95,51.29,True,True,False,hammer,30.74,33.55,32.47,32.36,True,57.45,59.45,False,False,False,,31.34,33.2,32.22,33.13,0.91,1.59,57.2,31.54,33.81,31.34,30.55,32.7,T1 - nearest resistance,0.12,True,32.59,32.55,False,down,channel sloping down,31.78,low,2026-09-01,True,20,8,9,3,-1,down,1,up,1,31.65,32.3,32.96,-0.16,0.1,62.0,False,S1,1.96,False,1.7,,,29.76,-8.35,4.0,,,,32.7,0.71,8.0,0.12,36.42,12.17,2.0,2.06,"Vishay Intertechnology, Inc.",Technology,Semiconductors,4943410688,169.63158,18.50374,1.86,1.6971197,1.4892577,0.2,1.23,0.00856,0.024330001,0.01134,0.166,-3755125.0,37.664,1.802,1.10674,0.1408,1.805,69.47,11.77,40.0,35.9,Buy,2.00,6,2.0,3.0,1.0,0.0,1.0,0.28,0.29,False,6,2026-11-04,36.0,False,False,,0,0,2026-09-15 Oppenheimer: init -> Outperform,0,,0,,N/A,0,N/A,0,0,,,,ticker filtered out,,,,,,,,,,,,,,,,,,,,,,,,,
VST,filtered,WAIT,141.18,138.05,2026-09-28,True,138.85,19:58,0.58,sip,138.6,03:13,0.4,boats,175,140.16,09:30,1.53,sip,,,,,-,DOWNTREND,-0.84,-0.89,True,False,0,,,,,,,,,,,,,,,,downtrend (below a falling EMA50) - no long setup,,,,,,,True,True,4,True,True,True,True,141.18,144.66,False,19.43,13.38,True,True,False,,135.77,146.11,141.18,142.0,False,48.87,35.82,True,True,False,bullish_engulfing,135.77,146.11,141.18,139.73,True,67.46,62.96,True,True,False,,135.77,143.51,138.85,143.51,4.66,4.15,112.3,139.36,143.0,135.77,133.69,143.09,T1 - nearest resistance,0.26,True,138.01,140.87,True,down,channel sloping down,142.16,low,2026-08-24,False,20,7,10,3,-3,down,1,up,1,135.0,138.16,141.31,-0.25,0.16,98.0,True,S1,0.13,True,0.38,False,1.56,139.62,-1.1,1.0,134.72,-4.58,3.0,143.09,1.35,2.0,0.26,148.14,4.93,3.0,0.93,Vistra Corp.,Utilities,Utilities - Independent Power Producers,46324371456,23.35364,13.315184,0.35,15.426401,2.4112208,5.91,0.66,0.1155,0.13766,0.42962003,-0.055,37125000.0,373.28,0.973,0.92077005,0.0335,1.414,217.1,132.66,217.57895,10.1,Strong Buy,1.35,19,4.0,15.0,0.0,0.0,1.0,2.59,2.60,False,7,2026-11-05,37.0,False,True,2024-05-08,0,0,,0,,0,,91,5,400.0,12,0,,,,ticker filtered out,,,,,,,,,,,,,,,,,,,,,,,,,
WAT,up,WATCH,442.14,442.97,2026-09-28,True,443.0,16:26,0.01,sip,,,,,0,,,,,,,FRESH_BREAKOUT,Fresh breakout,C,UPTREND,3.09,1.48,True,True,50,436.34,430.74,445.48,0.29,436.64,,price,445.48,,Price: pull back to 436.64 or lower (R:R 1.5+ with the same stop and target) OR close above 445.48 on 1.5x+ volume (becomes a fresh breakout),2.5,T1 - overhead resistance (52-week high) inside 1 ATR,445.48,4.0,R:R 0.29 below 1.5,R:R 0.29 below 1.5,,True,True,True,True,True,True,True,0,False,False,False,False,442.14,407.55,True,94.28,89.74,True,True,True,,415.93,445.48,442.14,419.73,True,87.64,90.34,False,False,True,,415.93,445.48,442.14,432.28,True,83.78,82.17,True,True,True,,423.89,445.48,437.88,444.41,6.53,11.2,58.3,433.21,449.08,423.89,430.74,445.48,T1 - overhead resistance (52-week high) inside 1 ATR,0.29,True,423.22,441.14,True,up,channel rising (R2 0.79),403.63,low,2026-07-21,True,20,6,7,7,-1,mixed,3,down,1,435.22,441.55,447.88,0.69,0.79,55.0,,,,False,1.64,False,4.12,423.74,-4.16,6.0,395.99,-10.44,6.0,,,,,,,,,Waters Corporation,Healthcare,Diagnostics & Research,43490443264,109.91067,26.7691,1.61,2.8632932,9.36429,4.03,,0.03588,0.09422,0.019199999,1.134,-142067632.0,36.045,1.861,1.0228,0.0337,1.194,445.48,282.77,444.79166,97.9,Buy,1.68,24,3.0,15.0,7.0,0.0,0.0,4.00,4.00,True,22,2026-10-30,31.0,False,True,2002-01-02,1,0,2026-09-21 Goldman Sachs: main -> Buy,0,,0,,N/A,0,N/A,0,0,,,,,,,,,,,,,,,,,,,,,,,,,,,,,
WAY,up,WATCH,25.19,25.76,2026-09-28,True,25.74,16:39,-0.08,sip,,,,,0,25.29,09:30,-1.82,sip,,,PULLBACK,Pullback in uptrend,C,UPTREND,0.72,0.57,True,True,12,24.33,24.05,26.56,1.2,25.05,,price,,25.76,"Price: pull back to 25.05 or lower (R:R 1.5+ with the same stop and target) | Then the turn has to show at that price - daily: back above yesterday's close 25.76, or a close in the top half of the day's range; 1h: reclaim the session VWAP (25.22)",4.1,"T1 - nearest real resistance (swing level, 6 touch(es))",,3.0,no turn yet on the daily and 1h charts; R:R 1.20 below 1.5,no turn yet on the daily and 1h charts; R:R 1.20 below 1.5,MA_BOUNCE(watch); SUPPORT_BOUNCE(watch),,,,,,False,False,0,False,False,False,False,25.19,24.4,True,52.45,46.97,True,True,False,,24.33,27.11,25.19,25.06,True,45.42,43.32,True,False,False,bullish_harami,24.33,27.11,25.19,25.21,False,55.39,54.38,True,True,False,hammer,24.42,25.77,25.01,25.53,0.52,1.1,47.3,24.43,26.11,24.42,24.05,26.56,"T1 - nearest real resistance (swing level, 6 touch(es))",1.2,True,25.52,25.22,False,up,WATCH setup overrides the 1h channel (channel sloping down),24.45,low,2026-07-30,True,20,3,12,5,-9,up,1,down,6,24.23,24.97,25.72,-0.18,0.06,64.0,True,S1,0.1,True,0.01,False,0.75,25.18,-0.04,1.0,24.37,-3.26,3.0,25.85,2.62,2.0,0.58,27.08,7.5,2.0,1.66,Waystar Holding Corp.,Healthcare,Health Information Services,4935604224,35.260273,13.69331,,1.2531035,4.093434,0.73,,0.11179,0.2441,0.03765,0.181,313745376.0,37.171,1.847,1.13036,0.091000006,0.153,40.35,17.26,33.68182,34.3,Strong Buy,1.36,22,4.0,16.0,2.0,0.0,0.0,0.41,0.41,True,19,2026-10-28,29.0,False,False,,0,1,2026-09-16 Freedom Capital Markets: main -> Buy,0,,0,,N/A,0,N/A,0,0,,,,,,True,True,False,True,,,,,,,,,,,,,,,,True,,,,
WDAY,up,BUY,187.71,188.5,2026-09-28,True,188.6,18:28,0.05,sip,,,,,0,187.65,09:30,-0.45,sip,,,PULLBACK,Pullback in uptrend,B,UPTREND,1.0,1.07,True,True,47,181.47,179.79,201.88,1.79,,188.63,,,,,0.0,"T1 - nearest real resistance (swing level, 2 touch(es))",,4.0,,,SUPPORT_BOUNCE(weak); MA_BOUNCE(weak),,,,,,True,True,0,False,False,False,False,187.71,181.02,True,33.85,34.05,False,False,False,hammer,181.47,201.0,187.71,189.55,False,34.1,36.16,False,False,False,,181.47,201.0,187.71,189.99,False,63.23,55.65,True,True,False,hammer,181.47,191.75,185.0,188.71,3.71,6.71,55.3,182.0,191.71,181.47,179.79,201.88,"T1 - nearest real resistance (swing level, 2 touch(es))",1.79,False,192.19,186.86,True,up,BUY setup overrides the 1h channel (channel sloping down),183.82,low,2026-07-23,True,20,6,8,6,-2,down,2,up,1,184.89,187.69,190.5,-0.42,0.56,50.0,True,S1,0.29,True,0.3,False,2.37,185.71,-1.07,5.0,171.78,-8.49,2.0,195.92,4.37,1.0,1.04,201.88,7.55,2.0,1.79,"Workday, Inc.",Technology,Software - Application,45452603392,38.726902,14.252271,0.69,7.0360007,4.4758844,4.91,,0.12319,0.11816,0.16006,0.128,3046374912.0,58.39,0.908,1.12516,0.083100006,1.082,249.14,110.36,208.68184,55.7,Buy,2.26,38,5.0,15.0,19.0,1.0,2.0,2.74,2.64,True,36,,,False,True,2024-12-23,0,0,2026-08-31 Goldman Sachs: main -> Neutral,0,,0,,N/A,0,N/A,0,1,2026-09-29 08:30,The gut-check questions every leader needs to ask before building with AI,https://finnhub.io/api/news?id=16bcfe73789ef6809514a43779a21460d9d707e22bbf4d4f098d8cd05dfb2a7c,,,True,True,True,True,,,,,,,,,,,,,,,,True,,,,
WK,down,WAIT,65.68,68.17,2026-09-28,True,68.19,16:00,0.03,sip,,,,,0,68.76,09:30,0.87,sip,,,,,-,RANGE,-0.92,0.17,False,False,0,,,,,,,,,68.17,,,,,,,no trend (below a flat EMA50) - wait for a reclaim or a breakout,,,,,,,False,False,3,True,True,True,False,65.68,68.53,False,10.52,15.1,False,False,False,,65.45,76.01,65.68,71.43,False,10.63,17.45,False,False,False,,65.45,76.01,65.68,69.85,False,4.66,5.84,False,True,False,,65.45,72.08,65.45,69.71,4.26,3.09,137.9,66.62,68.54,65.45,63.91,71.16,T1 - nearest resistance,3.1,False,70.91,66.54,False,down,channel sloping down,70.01,low,2026-07-23,False,20,5,10,5,-5,down,1,mixed,1,64.93,67.35,69.76,-1.19,0.64,16.0,False,S1,2.04,False,1.05,False,2.59,62.45,-4.92,1.0,57.69,-12.17,2.0,71.16,8.34,5.0,3.1,74.64,13.64,1.0,5.06,Workiva Inc.,Technology,Software - Application,3710660352,81.17857,16.83787,,-304.41965,3.9627104,0.84,,0.04871,0.04571,,0.186,169095376.0,,1.473,1.01569,0.0759,0.487,97.095,43.34,89.8,41.6,Strong Buy,1.18,10,2.0,9.0,0.0,0.0,0.0,0.80,0.80,True,10,2026-11-04,36.0,False,False,,0,0,2026-09-16 Baird: main -> Outperform,0,,0,,N/A,0,N/A,0,0,,,,not fetched for down-trend tickers,,,,,,,,,,,,,,,,,,,,,,,,,
WSM,up,WATCH,230.21,231.03,2026-09-28,True,231.03,16:04,0.0,sip,,,,,0,231.99,09:30,0.42,sip,,,MA_RECLAIM,MA reclaim (early trend),C,EARLY_UPTREND,0.25,0.14,True,False,4,228.56,223.65,234.32,0.63,227.92,,price,234.32,231.03,"Price: pull back to 227.92 or lower (R:R 1.5+ with the same stop and target) OR close above 234.32 on 1.5x+ volume (becomes a fresh breakout) | Then the turn has to show at that price - daily: back above yesterday's close 231.03, or a close in the top half of the day's range | Confirmations: any 1 of: Volume on the reclaim >= 1.2x average, or Daily %K above %D and not overbought, or SMA50 reclaimed as well",4.3,T1 - overhead resistance (20-bar high) inside 1 ATR,234.32,2.0,no turn yet on the daily chart; confirmations 2/5 (need 3); R:R 0.63 below 1.5,no turn yet on the daily chart; confirmations 2/5 (need 3); R:R 0.63 below 1.5,,,,,,,False,True,0,False,False,False,False,230.21,228.56,True,81.4,77.33,True,True,True,,216.68,234.32,230.21,229.22,True,65.55,73.06,False,False,False,,216.68,234.32,230.21,229.32,True,51.0,44.59,True,True,False,,226.22,233.84,228.26,233.4,5.14,6.54,78.6,226.86,234.8,226.22,223.65,234.32,T1 - overhead resistance (20-bar high) inside 1 ATR,0.63,True,228.89,229.84,True,up,WATCH setup overrides the 1h channel (channel rising but weak fit (R2 0.05 < 0.5)),233.07,low,2026-07-23,False,20,6,7,7,-1,down,1,up,1,227.15,230.84,234.54,0.09,0.05,41.0,False,S1,2.24,False,1.97,,,217.32,-5.6,5.0,,,,230.56,0.15,9.0,0.05,247.9,7.68,7.0,2.7,"Williams-Sonoma, Inc.",Consumer Cyclical,Specialty Retail,27210522624,23.817526,21.973309,2.63,14.548489,3.398802,9.7,1.31,0.14729,0.17272,0.54960996,0.067,1069320128.0,71.369,1.447,0.98493,0.0493,1.463,254.89,165.51,247.85,72.4,Buy,2.17,20,2.0,9.0,11.0,0.0,1.0,2.20,2.13,True,12,2026-11-18,50.0,False,True,2025-03-24,0,0,2026-09-09 Evercore ISI Group: main -> In-Line,0,,0,,N/A,0,N/A,0,1,2026-09-29 05:36,2 Profitable Stocks with Promising Prospects and 1 We Avoid,https://finnhub.io/api/news?id=8bc1c7bb9e8a291585cfa531d4933b9ae736227e9a1a001c9b12acd015eb001c,,,,,,,,,,,,,True,True,True,True,False,False,False,,,,,,,
XYZ,filtered,WAIT,74.03,73.32,2026-09-28,True,73.2,19:49,-0.16,sip,73.06,00:09,-0.35,boats,45,73.05,09:30,-0.37,sip,,,,,-,DOWNTREND,-2.01,-0.94,False,False,0,,,,,,,,,,,,,,,,downtrend (below a falling EMA50) - no long setup,,,,,,,True,True,4,True,True,True,True,74.03,78.34,False,14.08,16.67,False,False,False,,72.86,79.82,74.03,78.01,False,8.05,10.59,False,True,False,morning_star,72.86,79.82,74.03,75.52,False,30.35,19.52,True,True,False,,72.86,77.19,72.86,74.49,1.62,2.15,75.3,72.34,75.01,72.86,71.78,74.36,T1 - nearest resistance,0.15,True,77.8,73.5,True,down,channel sloping down,73.5,low,2026-09-29,True,20,5,10,5,-5,down,1,up,1,71.63,73.58,75.54,-0.88,0.64,61.0,,,,,,,,,,,,,,74.36,0.45,1.0,0.15,76.87,3.84,8.0,1.26,"Block, Inc.",Technology,Software - Infrastructure,44044279808,130.9107,14.135672,0.59,1.9976563,1.758819,0.56,,0.01426,0.06999,0.01612,0.093,-27105876.0,32.58,2.209,0.84246004,0.028800001,2.522,86.92,48.21,98.30952,66.7,Buy,1.55,42,10.0,29.0,8.0,0.0,0.0,1.02,1.03,False,32,2026-11-09,41.0,False,True,2025-07-23,1,0,2026-09-25 Cantor Fitzgerald: reit -> Overweight,0,,0,,N/A,0,N/A,0,0,,,,ticker filtered out,,,,,,,,,,,,,,,,,,,,,,,,,
ZBRA,up,WATCH,374.96,371.95,2026-09-28,True,371.87,16:00,-0.02,sip,,,,,0,376.14,09:30,1.13,sip,,,SUPPORT_BOUNCE,Support bounce,C,UPTREND,3.3,2.1,True,True,71,370.06,362.86,386.22,0.93,372.2,,price,,,"Price: pull back to 372.20 or lower (R:R 1.5+ with the same stop and target) | Confirmations: any 1 of: Volume on the bounce >= average, or Daily stochastic reset and turning up | Extension: pull back closer to the EMA50 (now 3.3 ATR above, max 3)",5.3,T1 - nearest real resistance (120-bar high + 52-week high),,2.0,confirmations 2/4 (need 3); R:R 0.93 below 1.5; extended 3.3 ATR above EMA50,confirmations 2/4 (need 3); R:R 0.93 below 1.5; extended 3.3 ATR above EMA50,FRESH_BREAKOUT(weak),,,,,,True,True,0,False,False,False,False,374.96,339.3,True,88.74,85.83,True,True,True,hammer,338.67,380.85,374.96,355.81,True,82.06,84.01,False,False,True,bullish_harami,338.67,380.85,374.96,365.64,True,61.48,52.83,True,True,False,,363.94,380.85,366.49,380.85,14.35,10.81,132.7,370.04,377.3,363.94,362.86,386.22,T1 - nearest real resistance (120-bar high + 52-week high),0.93,True,371.55,371.72,True,up,channel rising (R2 0.67),339.96,low,2026-07-21,True,20,9,8,3,1,mixed,1,up,1,367.43,376.85,386.28,0.88,0.67,40.0,False,S1,0.56,True,0.45,False,1.68,370.06,-1.31,4.0,356.77,-4.85,1.0,386.22,3.0,1.0,0.93,,,,,Zebra Technologies Corporation,Technology,Communication Equipment,17593415680,33.867943,16.751158,0.62,5.130303,3.02949,10.98,,0.092180006,0.21259001,0.15286,0.204,576750016.0,86.23,0.516,1.05901,0.045900002,1.607,386.23,199.05,411.45267,94.0,Buy,1.94,15,3.0,7.0,6.0,0.0,0.0,4.90,4.89,True,15,2026-11-03,35.0,False,True,2019-12-23,0,0,2026-09-15 Needham: main -> Buy,0,,1,Zebra Technologies To Rally Around 24%? Here Are 10 Top Analyst Forecasts For Tuesday,N/A,0,N/A,0,1,2026-09-29 06:56,3 S&P 500 Stocks to Target This Week,https://finnhub.io/api/news?id=78341468d52b0f706a78c44b7f129bb142879bdffd5ef4406c43f76f0dc82b62,,,,,,,,True,True,False,False,True,,,,,,,,,,,,,,True
ZM,filtered,WAIT,88.32,87.3,2026-09-28,True,87.39,18:09,0.1,sip,87.16,00:27,-0.16,boats,7,87.36,09:30,0.07,sip,,,,,-,DOWNTREND,-2.52,-1.27,False,False,0,,,,,,,,,,,,,,,,downtrend (below a falling EMA50) - no long setup,,,,,,,True,True,4,True,True,True,True,88.32,94.95,False,18.16,18.24,False,True,False,bullish_engulfing,85.49,93.33,88.32,93.58,False,27.13,25.84,True,True,False,,85.49,93.33,88.32,89.83,False,66.76,50.02,True,True,False,,85.49,91.83,86.38,88.32,1.94,2.63,73.8,85.69,89.01,85.49,84.17,93.79,T1 - nearest resistance,1.32,True,90.9,87.67,True,down,channel sloping down,97.26,low,2026-07-23,False,20,6,11,3,-5,down,1,mixed,1,85.47,88.13,90.8,-0.6,0.39,53.0,True,S1,-0.27,True,0.1,False,1.9,88.06,-0.29,2.0,83.32,-5.66,1.0,93.79,6.19,4.0,1.32,97.0,9.83,1.0,2.09,"Zoom Communications, Inc.",Technology,Software - Application,25472718848,8.330153,13.765461,2.46,2.5695367,5.101635,10.48,,0.65192,0.24609,0.32143003,0.049,1975528320.0,0.533,3.826,0.79100996,0.0269,1.04,114.74,70.7,118.24,40.0,Buy,1.90,25,2.0,16.0,11.0,0.0,1.0,1.49,1.50,False,25,2026-11-24,56.0,False,False,,0,0,,0,,0,,N/A,0,N/A,0,0,,,,ticker filtered out,,,,,,,,,,,,,,,,,,,,,,,,,
