entry_time,entry,stop,tp1,tp2,exit_time,exit_reason,_exit_i,sessions_held,r_multiple,pct_return,rr_at_trigger,lrc_r2,flow_n,risk_atr,pos,slope,r2,adx,cmf,udv,obv,above_avwap,ema_ok,rs,trend_ok,flow_ok,stop_src,tp1_src,entry_type,symbol,sector_etf,quadrant,score,setup_date,shares,pnl
2022-12-01 10:00:00,163.44,158.23,174.64,179.24,2022-12-13 15:54:00,stop,305,8,-1.030870441458733,-0.03286120288790998,2.1497120921305126,0.8933748464480176,3,1.6061388678923985,19.600619873477545,0.4402963201468008,0.8933748464480176,24.81139904750666,0.04434003366840616,1.0598773085460673,0.6454083226476295,True,True,0.14094959566270204,True,True,POC,LRC_upper,limit,GPC,XLY,Improving,83.2,2022-11-30,122,-655.241870000001
2022-12-01 10:00:00,2586.98,2521.97,2717.0,2774.03,2022-12-06 15:54:00,stop,300,3,-2.284171512075058,-0.05740051720539008,1.999999999999993,0.8498449385015387,3,1.1563472468676488,42.03301219518154,0.3776603365006603,0.8498449385015387,22.888227346056304,0.018238913140914356,1.2034464587756089,0.1297202924859416,True,True,0.17480028128778669,True,True,VAH,LRC_upper,limit,AZO,XLY,Improving,82.6,2022-11-30,7,-1039.45793
2022-12-01 10:00:00,14.92,14.56,15.65,17.07,2022-12-05 15:54:00,stop,299,2,-1.0409444444444444,-0.02511662198391417,2.027777777777782,0.695082645735989,3,0.8018858434326731,56.37098840961834,0.302109223005407,0.695082645735989,9.740147315643283,0.06751672436546739,1.4233722036318064,0.49829874842037175,True,True,0.036709459324719695,True,True,POC,swing_high,limit,HST,XLRE,Improving,67.4,2022-11-30,1340,-502.15159999999923
2022-12-01 10:00:00,18.6,18.12,19.56,21.56,2022-12-05 15:54:00,lrc_break,299,3,-0.6842604166666708,-0.017658333333333453,1.9999999999999927,0.8848954510364138,2,0.9912327691753805,56.04444675768091,0.4287319487382754,0.8848954510364138,18.680014398810744,-0.03112523327236002,1.6309870906109736,0.6520521591636853,True,True,0.06043544588647842,True,True,POC,swing_high,limit,KIM,XLRE,Improving,66.3,2022-11-30,1074,-352.74993000000245
2022-12-01 10:00:00,9.78,9.22,10.9,23.48,2022-12-06 15:54:00,stop,300,3,-1.0169642857142858,-0.058231083844580644,2.000000000000006,0.28948893356213196,3,1.003995110174214,56.10260238002722,0.42993537845958507,0.28948893356213196,10.35728462386156,0.15698803855188145,1.025661717877459,0.6679269458115069,True,True,0.013362693999431352,True,True,POC,swing_high,limit,CCL,XLY,Improving,58.3,2022-11-30,1785,-1016.5574999999977
2022-12-01 10:00:00,49.88,48.66,52.32,54.25,2022-12-01 15:54:00,stop,297,0,-1.0403852459016392,-0.02544647153167614,1.9999999999999885,0.0034460436153526193,3,1.0213229618404573,74.6596630306607,0.02302437344141455,0.0034460436153526193,15.839404384547187,0.15513623246206037,1.174952598344879,0.9055538453956153,True,False,-0.10211386701560521,True,True,swing_low,swing_high,limit,LNT,XLU,Improving,48.0,2022-11-30,89,-112.96503000000052
2022-12-02 10:00:00,91.86,90.66,95.66,98.59,2022-12-05 15:54:00,stop,299,1,-1.0760499999999997,-0.014056825604180305,3.1666666666666567,0.8992015510218749,3,0.5164624975114522,31.654610453443237,0.4618154873938586,0.8992015510218749,25.600800216801026,0.15539844088315055,1.262668961985707,0.7473307271193086,True,True,0.054927761145477705,True,True,swing_low,swing_high,limit,FRT,XLRE,Improving,75.4,2022-12-01,47,-60.689220000000134
2022-12-02 10:00:00,23.89,23.52,25.03,25.79,2022-12-19 15:54:00,lrc_break,309,12,-0.1996351351351365,-0.003091879447467589,3.0810810810810745,0.8335751233310043,3,0.5696788581076511,50.83424856140585,0.4250954230300951,0.8335751233310043,26.825806531708736,0.1378789591442005,1.1152863963546016,0.876881791074718,True,True,0.08335408174163428,True,True,POC,52w_high,limit,AES,XLU,Improving,73.3,2022-12-01,1,-0.07386500000000071
2022-12-06 10:00:00,383.1,367.8,413.7,446.01,2022-12-06 15:54:00,stop,300,0,-1.0245392156862745,-0.040917384494909975,1.9999999999999962,0.8719874103618918,3,1.1607816630036532,42.3955698821358,0.4814041080802943,0.8719874103618918,20.705191829222382,0.1994353920235156,1.1912773341971117,0.21317070319799925,True,True,-0.07406482740831388,True,True,VAL,swing_high,limit,CHTR,XLC,Improving,68.0,2022-12-02,51,-799.4479500000007
2022-12-06 10:00:00,140.25,138.25,145.3,170.87,2022-12-16 15:54:00,stop,308,8,-1.069625,-0.015253119429590019,2.5250000000000057,0.6923005386838543,2,0.5885030053724232,68.8638342069448,0.3052888529456957,0.6923005386838543,24.626018598506818,0.24640203702928715,0.8303130160584706,0.7646732077598412,True,True,0.0011382377043291925,True,True,VAH,swing_high,limit,AWK,XLU,Improving,61.8,2022-12-02,140,-299.495
2022-12-07 10:00:00,27.86,27.37,29.14,29.96,2022-12-16 15:54:00,stop,308,7,-1.0563571428571432,-0.01857914572864316,2.612244897959194,0.21503310282503973,2,0.8033778004873445,66.02813575456395,0.1727279776536768,0.21503310282503973,23.291289778580644,0.3317313596063403,0.7609874627602544,0.8600202534267066,True,True,-0.06777538865460964,True,True,swing_low,swing_high,limit,CNP,XLU,Improving,48.8,2022-12-02,691,-357.6719649999989
2022-12-14 10:00:00,79.5,77.03,84.44,106.11,2022-12-15 15:54:00,stop,307,1,-1.1045242914979785,-0.03431666666666674,2.0,0.8679221024719419,3,0.9599498417286709,28.799976431294215,0.39567871460644893,0.8679221024719419,17.27285582021277,0.0678060224609854,1.2763539269471136,0.6530565951325116,True,True,0.01771085712899989,True,True,POC,swing_high,limit,BKNG,XLY,Improving,73.8,2022-12-13,242,-660.2183500000014
2022-12-14 10:00:00,338.72,330.9,354.37,369.31,2022-12-15 15:54:00,stop,307,1,-1.0428145780051148,-0.024075371988663347,2.001278772378501,0.7708503575396334,2,0.7659719205441513,-2.350885812170047,0.4019953996453941,0.7708503575396334,25.677253279142732,-0.034368639392256754,1.4417623131799275,0.22470282272614991,True,True,0.0396738060395152,True,True,swing_low,swing_high,limit,DPZ,XLY,Improving,65.8,2022-12-13,56,-456.66936000000277
2022-12-14 10:00:00,325.99,310.57,360.65,376.07,2022-12-16 15:54:00,stop,308,2,-1.0608281452658885,-0.05017936133010221,2.247730220492862,0.7409218190530406,2,0.9424341187445411,40.19600019936764,0.5119970953424131,0.7409218190530406,14.833704862394926,0.04143102038672907,1.094861392382621,-0.5568935053146302,True,True,-0.00597705373765911,True,True,POC,LRC_upper,limit,ENPH,XLY,Improving,65.3,2022-12-13,56,-916.0463200000011
2022-12-14 10:00:00,28.12,27.56,29.25,30.82,2022-12-15 15:54:00,stop,307,1,-1.0497142857142854,-0.020904694167852143,2.017857142857133,0.21918821068502853,3,0.7262532123709804,66.16937510367822,0.11281981698510506,0.21918821068502853,15.40291951941384,0.12160290833132059,1.2027668891823142,0.8096863236040238,True,True,-0.05359901344100304,True,True,swing_low,swing_high,limit,FOX,XLC,Improving,49.3,2022-12-13,1,-0.5878400000000022
2022-12-16 10:00:00,124.73,117.43,142.53,232.98,2022-12-27 15:54:00,lrc_break,314,7,-0.481237671232877,-0.028165116651968254,2.438356164383562,0.5468256448147042,3,1.0557619915771757,54.97273936656166,0.561295649825254,0.5468256448147042,30.012542139831165,0.1343928173670272,1.2461034973071163,0.7610991632387523,True,True,0.15668923505838217,True,True,POC,swing_high,limit,ETSY,XLY,Improving,66.7,2022-12-13,128,-449.66848000000005
2023-01-12 10:00:00,41.9,39.8,46.1,54.96,2023-01-19 15:54:00,stop,329,4,-1.0194523809523808,-0.05109427207637235,2.0,0.7312018091650436,3,1.3103648732339395,51.38278837129283,0.5834513144967822,0.7312018091650436,28.563243849386502,0.0458652646311181,1.2558261730744824,0.7120247951125999,True,True,0.23427415358749437,True,True,VAH,LRC_upper,limit,BBWI,XLY,Improving,78.2,2023-01-11,439,-939.8331500000006
2023-01-12 10:00:00,71.37,67.99,78.14,90.04,2023-01-19 15:54:00,stop,329,4,-1.0206153846153845,-0.048335154826958236,2.00295857988165,0.6137071817747113,3,1.846342086084736,48.45734906466313,0.39120292962499276,0.6137071817747113,16.159130459505104,0.1585515419971226,1.8677680398651293,0.03796051207515812,True,True,0.22370788395629182,True,True,VAH,LRC_upper,limit,BBY,XLY,Improving,74.5,2023-01-11,258,-890.0174400000025
2023-01-12 10:00:00,132.42,127.37,142.53,153.27,2023-02-13 15:54:00,trail,346,21,-0.5911277357572413,-0.02254338518029043,2.0019801980198113,0.37356234791600335,3,0.8130211245163047,53.708356985022654,0.4031249113957582,0.37356234791600335,15.441268081510872,0.12926737653708378,1.66207737472379,0.42704563154789266,True,True,0.14834538859595847,True,True,VAH,swing_high,limit,ETSY,XLY,Improving,62.3,2023-01-11,139,-414.94211411479415
2023-01-13 10:00:00,16.9,16.61,17.61,18.06,2023-02-28 15:54:00,stop,356,30,-1.0577758620689657,-0.018151183431952614,2.4482758620689755,0.7055241290756512,3,0.5836261892308849,71.30739088402107,0.3087312566476363,0.7055241290756512,24.28230996073031,0.07182712403244543,1.432023100862775,0.4012367616252271,True,True,0.2431591068319714,True,True,VAH,LRC_upper,limit,FLEX,XLK,Improving,74.7,2023-01-12,1090,-334.3629499999991
2023-01-13 10:00:00,157.6,154.8,167.67,173.5,2023-01-19 15:54:00,stop,329,3,-1.0557857142857148,-0.018757614213197864,3.596428571428591,0.3739577152527905,3,0.6800818920997354,39.99900522719892,0.20498542101243566,0.3739577152527905,13.58792819789204,0.06197324896955476,1.178931058427246,0.35412374205005087,True,True,0.09301865330508563,True,True,POC,swing_high,limit,ADI,XLK,Improving,64.8,2023-01-12,116,-342.91919999999806
2023-01-13 10:00:00,249.0,244.9,261.35,269.66,2023-03-13 15:54:00,time,365,40,13.04246951219514,0.2147555220883534,3.0121951219512293,0.11042612909864656,2,0.5052719765420979,59.00788900044694,0.10619736518853297,0.11042612909864656,16.200885981135436,0.08177746839987773,1.0619712030910549,-0.44930963403502505,True,True,0.11557103638745692,True,True,VAH,swing_high,limit,ANSS,XLK,Improving,47.5,2023-01-12,1,53.474125
2023-01-23 10:00:00,89.58,87.65,93.44,119.18,2023-02-07 15:54:00,trail,342,11,0.26006826020833795,0.00560316747267348,2.0000000000000075,0.5576156307107919,3,1.0342624250645651,46.02279217289332,0.175689849902728,0.5576156307107919,25.18368404164431,0.273695212809431,1.594787908270573,0.7993314486658033,True,True,0.11365785249630944,True,True,VAL,swing_high,limit,GRMN,XLY,Improving,67.7,2023-01-20,202,101.39021192482227
2023-01-25 10:00:00,68.31,66.9,71.13,77.53,2023-02-09 15:54:00,trail,344,11,1.622224497471029,0.03348465146295045,2.0,0.47247572596598786,3,0.7700464602910707,29.04960069974504,0.2800204149198488,0.47247572596598786,16.294441871653905,0.238970129475097,1.5506792847126494,0.6667421228723467,True,True,0.21480897509278574,True,True,POC,swing_high,limit,BBY,XLY,Improving,67.5,2023-01-20,269,615.2935296457852
2023-01-25 10:00:00,177.71,174.43,185.58,190.07,2023-02-22 15:54:00,trail,352,19,-5.252798780487804,-0.09695110010691578,2.3993902439024395,0.12642699717282418,3,0.7615982928696097,54.234383579462545,0.07491016310122198,0.12642699717282418,19.939695228432395,0.126781189513443,1.1750887119073932,0.41088801554820287,True,True,0.028759572552258472,True,True,AVWAP,swing_high,limit,KEYS,XLK,Improving,51.9,2023-01-20,93,-1602.3137400000003
2023-02-17 10:00:00,65.48,62.97,72.81,75.68,2023-04-17 15:54:00,time,389,40,4.1112848605577605,0.15759506719609043,2.920318725099595,0.8596018322151723,3,1.655002437452176,28.231266816189148,0.6129236166584304,0.8596018322151723,40.62560677070631,0.5244616716107299,2.123218369046869,0.7291964529562406,True,True,0.20509861816923314,True,True,POC,LRC_upper,limit,GE,XLI,Improving,83.9,2023-02-16,281,2899.730325
2023-02-17 10:00:00,138.43,136.06,145.0,148.08,2023-02-21 15:54:00,stop,351,1,-1.057909282700422,-0.018112006068048865,2.772151898734169,0.8810758207952388,3,0.7952349568429566,45.643623320868066,0.36423351735186665,0.8810758207952388,38.0859498214164,0.42559720362713865,1.3910858164263225,0.8242319346716748,True,True,0.20364177435920694,True,True,POC,LRC_upper,limit,FERG,XLI,Improving,82.6,2023-02-16,133,-333.46358500000065
2023-02-17 10:00:00,25.86,24.99,28.59,29.56,2023-02-21 15:54:00,stop,351,1,-1.0292241379310345,-0.03462587006960561,3.1379310344827553,0.850083529011361,3,1.1351411277843562,10.89252501384872,0.45886993704021795,0.850083529011361,31.08443949618508,0.29007733602796154,1.4751081943726128,0.19483718169948053,True,True,0.13917580407410868,True,True,swing_low,swing_high,limit,BEN,XLF,Improving,82.4,2023-02-16,711,-636.6471750000007
2023-02-22 10:00:00,464.85,455.09,484.38,505.74,2023-03-17 15:54:00,lrc_break,369,18,0.46645901639343845,0.00979378294073353,2.001024590163922,0.7716545149544352,3,0.6508708972580783,20.795259190222538,0.31348850230511416,0.7716545149544352,20.141088721668453,0.09993575677298182,1.0076589321990286,0.2516744236113712,True,True,0.1667737556962159,True,True,VAL,swing_high,limit,BIO,XLV,Improving,75.6,2023-02-21,38,173.0003199999993
2023-02-22 10:00:00,475.51,464.53,497.48,547.71,2023-02-22 15:54:00,lrc_break,352,1,0.02769581056466567,0.0006395238796240448,2.0009107468123855,0.7782807403021965,3,0.6747652264912594,-0.7948931417557872,0.4363228669732262,0.7782807403021965,25.140133234136986,0.11381544168298198,1.156673741973586,0.6362591126198331,True,True,0.14561330500297842,True,True,AVWAP,swing_high,limit,IDXX,XLV,Improving,75.6,2023-02-21,37,11.251700000001092
2023-02-22 10:00:00,65.56,63.81,70.01,73.83,2023-03-09 15:54:00,stop,363,11,-1.0369628571428573,-0.02767975899938987,2.5428571428571445,0.8030850256527069,3,0.7682074888950433,40.78245688131332,0.3146773465602317,0.8030850256527069,21.80624498387665,0.23013935035550098,1.3817522510589082,0.8177967625389996,True,True,0.09200105107808154,True,True,VAL,swing_high,limit,APO,XLF,Improving,71.4,2023-02-16,8,-14.51748
2023-02-22 10:00:00,23.69,22.83,25.43,27.21,2023-04-19 15:54:00,time,391,40,1.2857499999999944,0.0466756015196285,2.0232558139534795,0.44384865877141877,2,1.4044148640854388,37.78941837525998,0.2149517237721289,0.44384865877141877,18.608465859006404,0.3354269972228149,0.7244624159588556,0.324587473388578,True,True,-0.012478826520499475,True,True,VAL,swing_high,limit,FAST,XLI,Improving,55.9,2023-02-21,2,2.2114899999999977
2023-02-23 10:00:00,119.74,113.12,133.0,141.54,2023-03-10 15:54:00,stop,364,11,-1.0175876132930515,-0.056258810756639306,2.0030211480362574,0.8226695953703633,3,1.0013430927834972,3.12002424499134,0.6038066826706594,0.8226695953703633,30.64443083278048,0.14906588480170524,1.6667561818551702,0.5728339125370878,True,True,0.14134660918270892,True,True,swing_low,swing_high,limit,GNRC,XLI,Improving,81.1,2023-02-22,133,-895.9451899999987
2023-02-23 10:00:00,298.22,277.79,339.1,368.87,2023-04-20 15:54:00,time,392,40,2.6355699951052345,0.18055360136811735,2.0009789525208017,0.8631479402253771,3,1.4207718963538167,9.954051335490227,1.0001400637641065,0.8631479402253771,47.556780448264384,0.1721584176120818,1.846379069028593,0.4911672637843526,True,True,0.5333223633202779,True,True,VAL,swing_high,limit,ALGN,XLV,Improving,79.9,2023-02-21,43,2315.3218849999985
2023-03-01 10:00:00,470.86,458.87,497.48,513.1,2023-03-10 15:54:00,stop,364,7,-1.0387710592160133,-0.026451312492035868,2.220183486238531,0.6588486537681004,3,0.8046285451831592,3.5734627246305877,0.388172600726399,0.6588486537681004,19.788522888107185,0.1176941903844503,1.1706916506889233,0.001897573233044429,True,True,0.16272537914445295,True,True,swing_low,swing_high,limit,IDXX,XLV,Improving,73.7,2023-02-28,37,-460.83000500000037
2023-03-10 10:00:00,22.2,21.61,23.38,25.16,2023-03-10 15:54:00,stop,364,0,-1.0371271186440678,-0.02756328828828828,2.0,0.04692193601348729,2,0.79631658965062,50.478398520921395,0.043488778641666365,0.04692193601348729,16.387835462476495,-0.021904616045817046,1.0941753065296962,0.22664029741851588,True,False,-0.0259137527692872,True,True,VAL,swing_high,limit,CTRA,XLE,Improving,41.6,2023-03-09,223,-136.45481499999997
2023-03-15 10:00:00,112.08,108.71,121.12,134.76,2023-05-10 15:54:00,time,406,40,3.0779451038575614,0.09254706459671659,2.682492581602372,0.11817091098721723,2,0.7548197280108648,46.61111905483867,0.09264144697882779,0.11817091098721723,14.243993836335866,0.09455404746828983,1.0779994019723558,-0.5642701076811654,True,True,-0.0289600712590391,True,True,swing_low,swing_high,limit,DXCM,XLV,Improving,44.0,2023-03-14,160,1659.6279999999992
2023-03-17 10:00:00,57.58,56.47,59.81,60.94,2023-03-22 15:54:00,stop,372,3,-1.051373873873874,-0.02026788815560958,2.009009009009014,0.006302619923956681,2,0.7826057131659266,68.50853960249866,0.010146937508038467,0.006302619923956681,8.459564516166132,0.02752562132095975,1.3061538720168404,-0.1661621441075001,True,True,0.0494621666255064,True,True,POC,52w_high,limit,EIX,XLU,Improving,44.2,2023-03-14,314,-366.44584999999984
2023-03-22 10:00:00,480.05,468.67,509.62,607.54,2023-03-22 15:54:00,stop,372,0,-1.0416836555360283,-0.024694011040516606,2.598418277680141,0.5440513584828991,2,0.7342899912753923,25.016991660457244,0.16021608270650173,0.5440513584828991,17.64242668998032,0.01827527164012461,1.1388696480234335,-0.34894955698960906,True,True,0.12677981205716793,True,True,AVWAP,swing_high,limit,BIO,XLV,Improving,65.4,2023-03-21,37,-438.6113199999998
2023-03-28 10:00:00,80.41,78.98,83.27,88.83,2023-05-17 15:54:00,lrc_break,411,36,5.011164335664361,0.08911783360278573,2.0000000000000098,0.02626319188060228,3,0.6589092162342431,70.69484827758082,0.028733354098366522,0.02626319188060228,15.75541300621457,0.16535422357077065,1.507819076581904,0.8575653777119948,True,True,0.039716983201715905,True,True,AVWAP,LRC_upper,limit,EW,XLV,Improving,48.3,2023-03-27,220,1576.5123
2023-04-03 10:00:00,41.0,40.17,42.67,43.93,2023-04-04 15:54:00,stop,381,1,-1.048897590361446,-0.021233780487804835,2.0120481927710907,0.07492827660435607,2,0.825363745638397,55.01112483957552,0.07111142488050565,0.07492827660435607,18.27330443205657,-0.06279099772698242,2.0082882688506802,0.33913471881219914,True,True,0.1362373656529905,True,True,VAH,swing_high,limit,BWA,XLB,Improving,47.0,2023-03-31,442,-384.7985699999992
2023-04-05 10:00:00,64.33,63.29,68.73,70.0,2023-05-17 15:54:00,lrc_break,411,30,4.858759615384624,0.07854982123426092,4.23076923076924,0.18272827203961808,2,0.6118180123106391,44.302841304220834,0.11328652534634932,0.18272827203961808,18.254269191373652,-0.08498455453892528,1.3434120317673328,0.24769856243843674,True,True,0.00912136285011389,True,True,AVWAP,52w_high,limit,ACGL,XLF,Improving,52.9,2023-04-04,279,1409.8176900000014
2023-04-10 10:00:00,45.18,44.52,48.97,50.43,2023-06-05 15:54:00,time,423,40,1.3853636363636448,0.020237715803452874,5.742424242424271,0.4758250624524943,3,0.550186096118101,5.890436846989554,0.17720999885059174,0.4758250624524943,22.336426814807275,0.12212827425505786,1.0075132079124902,0.3579884448758141,True,True,0.06280014435689196,True,True,swing_low,swing_high,limit,CRH,XLB,Improving,70.0,2023-04-06,4,3.6573600000000033
2023-04-19 10:00:00,157.57,154.78,166.56,176.33,2023-05-23 15:54:00,lrc_break,415,25,1.340673835125454,0.023738528907787052,3.2222222222222348,0.5249590129107481,3,0.9684512336525057,40.20936659370201,0.15664747544604757,0.5249590129107481,22.5590067627851,0.15900841538333174,1.0794965241234518,0.6514380275714949,True,True,0.029396917518523136,True,True,VAL,LRC_upper,limit,ECL,XLB,Improving,67.0,2023-04-18,118,441.3766400000007
2023-04-20 10:00:00,165.94,163.52,170.79,197.16,2023-04-24 15:54:00,stop,394,2,-1.0680702479338846,-0.015576292635892417,2.0041322314049665,0.3449758087162148,3,0.8965674618859013,61.00367898861108,0.09932831672040301,0.3449758087162148,21.49908528972647,0.07822385158137615,1.0104447048793468,0.5569066169702779,True,True,0.03630774506506973,True,True,swing_low,swing_high,limit,CME,XLF,Improving,56.7,2023-04-19,16,-41.3556799999998
2023-04-21 10:00:00,33.24,32.28,35.16,36.36,2023-04-27 15:54:00,stop,397,4,-1.419348958333334,-0.040992027677497045,1.9999999999999927,0.04720633171950881,2,1.5139641641075434,63.623549412007485,0.05592858423367696,0.04720633171950881,21.550974684078035,0.27565149594522537,0.8667891123841326,0.7515435541909016,True,True,0.0019224752308197868,True,True,AVWAP,52w_high,limit,IPG,XLI,Improving,41.6,2023-04-20,458,-624.0593500000009
2023-04-24 10:00:00,30.7,29.78,32.54,34.05,2023-04-25 15:54:00,stop,395,1,-1.0328695652173914,-0.030952442996742612,2.000000000000004,0.042632883203743935,3,0.845225544856984,56.04958924638307,0.06085462290419532,0.042632883203743935,21.765193889089407,0.18934521011800456,1.1148400347443008,0.7411513292204372,True,True,-0.07717631954464343,True,True,VAL,swing_high,limit,EQT,XLE,Improving,44.7,2023-04-21,1,-0.9502399999999981
2023-04-25 10:00:00,223.89,218.7,244.26,250.06,2023-04-26 15:54:00,stop,396,1,-1.0426387283236993,-0.024169435883692875,3.9248554913294824,0.6810956072788482,3,1.00351647862917,28.08200570705462,0.30178668998979585,0.6810956072788482,19.976683561706547,0.0826881898965274,2.159931977006685,0.8541741492988295,True,True,0.14919781931891962,True,True,VAL,LRC_upper,limit,AXON,XLI,Improving,80.3,2023-04-24,11,-59.52424499999997
2023-04-26 10:00:00,75.73,73.61,79.98,83.55,2023-04-26 15:54:00,lrc_break,396,1,-0.17716037735848883,-0.0049594612438927385,2.0047169811320713,0.9315072788183503,3,1.4398231614808454,31.267410220280606,0.35806337685816286,0.9315072788183503,44.148096054914376,0.06814162620659169,1.4055696494151493,0.7726612253567989,True,True,0.19874292747981537,True,True,POC,52w_high,limit,GE,XLI,Improving,79.8,2023-04-25,2,-0.7511599999999943
2023-04-28 10:00:00,213.82,211.24,221.25,227.93,2023-04-28 15:54:00,stop,398,0,-1.0823759689922485,-0.013060190814703884,2.8798449612403303,0.5436800956467435,3,0.5083895528095473,5.0614516734844175,0.23610912281363658,0.5436800956467435,18.342337385613405,0.06431187774860683,1.7877807754348773,0.3570540436437913,True,True,0.09572396452714282,True,True,swing_low,swing_high,limit,AXON,XLI,Improving,66.4,2023-04-27,80,-223.40239999999872
2023-05-01 10:00:00,39.11,38.66,40.51,41.38,2023-06-09 15:54:00,trail,427,28,8.417333736196872,0.09684991514417327,3.1111111111110885,0.858015481420675,3,0.822581178540385,62.63262683211702,0.2844914369347658,0.858015481420675,38.727135453230865,0.4623611070265392,1.9809311769424323,0.9532639841166516,True,True,0.14517825102864568,True,True,POC,LRC_upper,limit,CPRT,XLI,Improving,76.9,2023-04-28,433,1640.117478497971
2023-05-11 10:00:00,169.38,166.98,174.19,183.37,2023-05-12 15:54:00,stop,408,1,-1.0700749999999999,-0.015162238753099574,2.004166666666663,0.6528704838092171,3,0.741946173030104,12.670614985248555,0.25802809556244083,0.6528704838092171,13.893187875733574,0.01400955042490612,1.6017764114553672,0.492740115331601,True,True,0.07660480252563007,True,True,AVWAP,swing_high,limit,FDX,XLI,Improving,69.7,2023-05-10,114,-292.7725200000006
2023-05-11 10:00:00,226.56,222.68,237.31,251.61,2023-05-31 15:54:00,stop,420,13,-1.0578917525773197,-0.0181171433615819,2.770618556701034,0.4116039353117748,3,0.5825589609868334,71.2772526159546,0.20737588986977673,0.4116039353117748,19.70859403949221,0.05843619907203232,1.1246796098764154,0.7028138422755662,True,True,0.08227975551491795,True,True,VAH,LRC_upper,limit,CPAY,XLF,Improving,63.1,2023-05-10,1,-4.104619999999995
2023-05-11 10:00:00,61.29,60.16,64.17,65.95,2023-05-24 15:54:00,lrc_break,416,10,-0.9918230088495572,-0.01828618045358137,2.548672566371678,0.21170725036148108,3,0.8427165650008076,42.566256789437226,0.10268793219844902,0.21170725036148108,12.676850074343767,0.18360014012304893,1.0086686639863667,0.22828828142539936,True,True,-0.05611136846451237,True,True,AVWAP,swing_high,limit,AFL,XLF,Improving,50.9,2023-05-10,1,-1.1207600000000022
2023-05-15 10:00:00,42.25,41.6,44.44,46.45,2023-05-16 15:54:00,stop,410,1,-1.0645000000000002,-0.016376923076923042,3.3692307692307732,0.2312810931277053,3,0.68584177004506,69.89772649358589,0.09919527122741853,0.2312810931277053,14.81379460478918,0.07372881924916784,1.0820889321448564,0.2033164254401114,True,True,-0.07115966261908124,True,True,swing_low,LRC_upper,limit,EBAY,XLY,Improving,49.1,2023-05-10,450,-311.3662499999994
2023-05-18 10:00:00,57.53,56.73,59.67,61.08,2023-05-24 15:54:00,stop,416,4,-1.0714124999999997,-0.014898835390231258,2.6749999999999865,0.36949299196555474,2,0.816919285547692,46.127198819049774,0.10287092300181157,0.36949299196555474,15.097864738716506,0.05703608060707393,1.0138040250959222,-0.6305161393444635,True,True,-0.06825410146343824,True,True,swing_low,swing_high,limit,L,XLF,Improving,51.8,2023-05-17,331,-283.71003000000144
2023-05-23 10:00:00,267.35,259.71,282.63,296.27,2023-07-20 15:54:00,time,454,40,7.203532068062785,0.20585369365999617,1.9999999999999851,0.8053410092477192,3,1.0938559058887156,24.537783086859903,0.402992370527012,0.8053410092477192,34.7938980232702,0.04000636674123401,1.1136083074089573,0.28974672190838047,True,True,0.053245272212632866,True,True,AVWAP,swing_high,limit,LII,XLI,Improving,70.8,2023-05-22,72,3962.5189199999986
2023-05-23 10:00:00,113.72,111.62,117.92,120.83,2023-05-24 15:54:00,stop,416,1,-1.1155261904761953,-0.020599762574745023,2.0000000000000067,0.6460151820794863,3,1.1007940945984016,52.72980268218335,0.14659793275462216,0.6460151820794863,17.364901680752716,0.02283962315227678,1.1157925054520699,0.44937453083297935,True,True,0.030113858553250328,True,True,POC,LRC_upper,limit,CTAS,XLI,Improving,66.4,2023-05-22,167,-391.2150350000006
2023-05-25 10:00:00,68.1,66.92,72.46,74.46,2023-05-25 15:54:00,lrc_break,417,1,0.5606228813559391,0.009714170337738678,3.6949152542373107,0.8172218662498436,3,0.6795554881176699,-30.90506529719094,0.31754843540196764,0.8172218662498436,16.86124439487331,0.05337805772464062,1.4113756567108475,0.23417994569282768,True,True,0.019166566799156737,True,True,AVWAP,POC,limit,ACGL,XLF,Improving,78.6,2023-05-24,278,183.9067300000011
2023-05-25 10:00:00,42.55,41.8,44.07,45.08,2023-05-25 15:54:00,lrc_break,417,1,0.3697200000000003,0.006516803760282027,2.026666666666671,0.8088714612586383,3,0.8420031334721643,-21.220315561169386,0.22145690901897952,0.8088714612586383,15.21457562429834,0.05679521882160727,1.1950706337630779,0.132527447238999,True,True,-0.00013218648127244492,True,True,AVWAP,POC,limit,HWM,XLI,Improving,70.1,2023-05-24,445,123.3940500000001
2023-05-25 10:00:00,25.99,25.51,27.37,28.28,2023-05-30 15:54:00,stop,419,2,-1.428458333333343,-0.026381685263562916,2.875000000000024,0.014936833138154562,2,0.6582424002938648,53.955294509670104,0.028822277925784963,0.014936833138154562,10.805251555342949,-0.1425339303169474,1.4247671265424662,0.24615993383221993,True,False,-0.08474482704036967,True,True,POC,swing_high,limit,BKR,XLE,Improving,34.6,2023-05-24,717,-491.61822000000006
2023-05-26 10:00:00,197.68,194.65,209.1,221.96,2023-05-26 15:54:00,lrc_break,418,1,-0.2895511551155137,-0.004438182921894004,3.7689768976897633,0.836470428032752,2,0.9741946362505954,-34.74643997606754,0.3342952755493451,0.836470428032752,31.95086496467194,0.18528539746230344,1.4416477236935927,-0.23133251048597614,True,True,0.05641140391987243,True,True,swing_low,POC,limit,AJG,XLF,Improving,77.0,2023-05-25,96,-84.22464000000066
2023-05-26 10:00:00,29.17,28.64,30.25,31.01,2023-05-26 15:54:00,lrc_break,418,1,0.2466981132075402,0.0044823448748713265,2.037735849056596,0.8039190632841742,3,0.8136733785978911,-17.172546981881116,0.2203567899034919,0.8039190632841742,24.19164948363343,0.04890516829914072,1.1440079536013628,0.3940205477721622,True,True,-0.038869101231194025,True,True,swing_low,POC,limit,CSX,XLI,Improving,67.9,2023-05-25,654,85.51049999999778
2023-05-26 10:00:00,117.81,115.96,121.51,126.88,2023-05-30 15:54:00,stop,419,1,-1.0631810810810807,-0.01669539937187003,1.9999999999999922,0.7572716736227498,2,0.6712630198951127,4.090878638724716,0.31025874059438047,0.7572716736227498,21.659854157628473,-0.033029219230189845,1.145718066747802,0.7773986316977709,True,True,-0.06870642677508321,True,True,swing_low,swing_high,limit,AIZ,XLF,Improving,60.2,2023-05-25,1,-1.9668850000000084
2023-05-30 10:00:00,58.3,56.92,61.07,62.54,2023-05-31 15:54:00,stop,420,1,-1.0417463768115942,-0.0246588336192109,2.007246376811603,0.45984107910393174,3,1.0497682573636278,35.73300215659066,0.15416040242605872,0.45984107910393174,15.74374690185365,0.08975361286996378,1.1566145765150868,0.04362884904097529,True,True,-0.06503663791985104,True,True,AVWAP,swing_high,limit,JCI,XLI,Improving,61.4,2023-05-25,328,-471.5360799999985
2023-05-30 10:00:00,33.77,33.15,35.82,37.07,2023-05-30 15:54:00,stop,419,0,-1.0539677419354836,-0.019350310926858294,3.306451612903197,0.6613749641246734,2,0.5023907314246525,63.934096857651234,0.3119227736344875,0.6613749641246734,27.3369305181758,0.08530552869283037,0.9988762846842929,0.161811046969226,True,True,0.020260587902667826,True,True,swing_low,swing_high,limit,EQT,XLE,Improving,59.2,2023-05-26,561,-366.5910600000026
2023-05-31 10:00:00,60.69,59.0,64.09,66.46,2023-05-31 15:54:00,lrc_break,420,1,0.08237278106509055,0.0022937881034767317,2.0118343195266335,0.8851998220650961,3,1.5431058784220504,-27.996340952338745,0.3906948353370724,0.8851998220650961,46.07821347929308,0.05512833290045871,2.133948565518211,0.09164911863317252,True,True,0.06595071062670654,True,True,AVWAP,POC,limit,BRO,XLF,Improving,74.0,2023-05-25,314,43.711940000000894
2023-05-31 10:00:00,98.27,96.25,102.31,110.36,2023-07-20 15:54:00,trail,454,34,0.4708935643564352,0.009679505444184363,2.000000000000007,0.0884446718951148,3,0.8433888263328585,69.24192509590512,0.07246812890644454,0.0884446718951148,14.347594061169048,0.04120512762190347,1.1914935256556372,0.8180819264655727,True,False,-0.12755135140097817,True,True,swing_low,LRC_upper,limit,DFS,XLF,Improving,46.5,2023-05-26,181,172.16810499999949
2023-06-01 10:00:00,144.37,141.28,150.56,155.83,2023-07-28 15:54:00,lrc_break,460,40,5.293648867313907,0.11330175936828975,2.0032362459546897,0.011531827511237549,2,0.819921904011425,51.28528579622086,0.02095996563689422,0.011531827511237549,17.06487181872723,0.04369854757306327,1.0153464380578623,-0.01417921652578715,True,False,-0.1164201977000211,True,True,POC,swing_high,limit,JKHY,XLF,Improving,34.1,2023-05-31,130,2126.458749999999
2023-06-08 10:00:00,31.14,30.62,32.72,33.23,2023-06-08 15:54:00,stop,426,0,-1.0593846153846154,-0.017690430314707756,3.038461538461538,0.6583924389163803,2,0.8529110235065948,70.99297468973656,0.15802665041296954,0.6583924389163803,22.955635973630553,0.13600606258125497,1.2605447237406364,-0.09672309510495167,True,True,0.006358020837500256,True,True,VAH,52w_high,limit,CSX,XLI,Improving,66.4,2023-06-07,622,-342.64735999999976
2023-06-09 10:00:00,238.83,234.03,248.44,252.71,2023-07-27 15:54:00,lrc_break,459,33,1.274581249999994,0.025616505464137608,2.0020833333333257,0.7374570026596184,2,0.8641359614452424,52.80410721298986,0.2625543458118522,0.7374570026596184,23.59084879723555,0.15012382123791312,1.2884309135435252,-0.7317959330490618,True,True,0.05830155830979922,True,True,VAH,LRC_upper,limit,CPAY,XLF,Improving,68.1,2023-06-08,79,483.3212099999988
2023-06-09 10:00:00,78.75,76.45,86.54,89.53,2023-06-20 15:54:00,stop,433,6,-1.0337391304347825,-0.030191746031745993,3.3869565217391373,0.6809751707896113,2,1.205954624451269,71.05896551612014,0.1937301226421871,0.6809751707896113,16.114673850476937,0.14820681697234492,0.8902013144664785,0.12526976254099786,True,True,-0.12301640695520522,True,True,VAH,swing_high,limit,CBRE,XLRE,Improving,64.3,2023-06-08,2,-4.755199999999995
2023-06-12 10:00:00,14.42,14.17,14.94,15.29,2023-06-14 15:54:00,stop,430,2,-1.05718,-0.018328363384188626,2.0799999999999983,0.5273605201733378,3,0.7461075052797812,70.17618852976682,0.16743899577071159,0.5273605201733378,23.16037090374654,0.10211380313580465,1.866261268058772,0.8865116053080095,True,True,0.004751889297189615,True,True,VAH,LRC_upper,limit,HST,XLRE,Improving,61.3,2023-06-09,1289,-340.676255
2023-06-15 10:00:00,29.73,29.31,30.57,31.37,2023-06-22 15:54:00,stop,435,4,-1.070285714285714,-0.015120080726538906,1.9999999999999916,0.672642889205075,2,0.7124369009129958,26.531741575782853,0.16009516307162108,0.672642889205075,14.016592003873036,0.13084690592979145,1.254227986870053,-0.33199032709231024,True,True,-0.032818009391554326,True,True,POC,swing_high,limit,INVH,XLRE,Improving,57.7,2023-06-14,614,-276.00528000000105
2023-06-21 10:00:00,53.14,51.67,56.08,58.59,2023-08-08 15:54:00,lrc_break,467,34,0.40580612244897896,0.01122572450131725,2.0,0.1591868474636603,3,0.806311782966332,60.19009450976406,0.10952181565859448,0.1591868474636603,16.421875518175632,0.18050828083509568,1.1407681432729038,0.42345395562142946,True,True,-0.02494472231840905,True,True,AVWAP,swing_high,limit,BALL,XLB,Improving,50.4,2023-06-20,2,1.1930699999999972
2023-06-23 10:00:00,446.72,435.21,476.79,488.97,2023-07-11 15:54:00,stop,447,11,-1.0383114682884447,-0.026752697439111853,2.612510860121622,0.807843684102554,3,1.3505204026632716,38.40099951896322,0.37424614885772367,0.807843684102554,43.25301100952448,0.1896730409218803,2.0482645608862167,0.9135977636436388,True,True,0.24081117584410627,True,True,POC,LRC_upper,limit,LLY,XLV,Improving,82.3,2023-06-22,40,-478.0386000000019
2023-06-23 10:00:00,87.6,84.78,93.26,95.8,2023-08-18 15:54:00,time,387,40,5.345679078014197,0.17208692922374433,2.007092198581569,0.8908308831749415,3,1.487062364343834,8.449146294195316,0.4476236108486531,0.8908308831749415,46.2018728565154,0.11810923322064494,1.3096609538872164,0.7385271768832218,True,True,0.07716253865495348,True,True,VAL,swing_high,limit,CEG,XLU,Improving,79.9,2023-06-22,1,15.074815000000003
2023-06-23 10:00:00,45.64,44.91,47.1,48.33,2023-08-01 15:54:00,trail,462,26,3.230677314930322,0.05167384837640552,1.9999999999999902,0.6109529200256609,3,0.8311943231954203,68.30655883523522,0.14374129793813423,0.6109529200256609,20.059921071431084,0.1474654764299949,1.1571717130089823,0.45445056689053415,True,True,0.029508316216037667,True,True,swing_low,LRC_upper,limit,HWM,XLI,Improving,63.9,2023-06-22,1,2.3583944398991483
2023-07-12 10:00:00,76.91,75.31,93.76,95.33,2023-07-14 15:54:00,stop,450,2,-1.0475687500000002,-0.021793134832921522,10.531250000000043,0.3628228709259894,2,0.8546908785111174,73.39611976561476,0.11698169698443822,0.3628228709259894,12.724789172810125,0.03831411180795398,0.7652948058715122,0.4754291903761585,True,True,0.00996361458072359,True,True,VAH,52w_high,limit,EXE,XLE,Improving,61.1,2023-07-11,226,-378.8008599999987
2023-07-17 10:00:00,96.75,94.4,102.37,112.15,2023-09-11 15:54:00,time,490,40,5.466712765957461,0.13278320413436695,2.3914893617021353,0.539813024228315,3,0.9778920770571677,69.69423327014725,0.14029734157190707,0.539813024228315,12.483986622620504,0.1540974557253121,1.1428861447610075,0.8107926953386838,True,True,-0.08948135979606142,True,True,VAH,swing_high,limit,COP,XLE,Improving,61.6,2023-07-14,176,2261.0324000000005
2023-07-21 10:00:00,188.22,186.27,196.02,197.88,2023-07-24 15:54:00,stop,456,1,-1.0960230769230774,-0.0113550366592285,4.000000000000029,0.881587053703641,3,0.8261390046348599,34.05775254599026,0.29774769417239727,0.881587053703641,33.94315442333063,0.19308371493765655,1.824613053988693,0.8418794055104132,True,True,0.07606651289134136,True,True,POC,LRC_upper,limit,COR,XLV,Improving,85.8,2023-07-20,106,-226.5479699999988
2023-07-21 10:00:00,225.56,221.32,234.04,241.86,2023-08-01 15:54:00,stop,462,7,-1.2177099056603742,-0.02289009576165986,1.9999999999999933,0.9170803724670149,3,1.0587936172017316,41.90436343953508,0.33442860592088974,0.9170803724670149,20.239488428299616,0.3022603567997659,1.500003338601787,0.6046332324497478,True,True,0.02327420873160113,True,True,swing_low,LRC_upper,limit,IQV,XLV,Improving,75.6,2023-07-20,89,-459.5150099999998
2023-07-25 10:00:00,54.67,52.75,73.14,75.27,2023-08-14 15:54:00,lrc_break,471,15,1.0647291666666665,0.03739308578745201,9.619791666666657,0.9093027991344005,3,1.1770283700380968,72.24741783070463,0.5751799278434732,0.9093027991344005,41.225308875549544,0.29963323071324266,1.390656873975213,0.919313768095279,True,True,0.1378230301682315,True,True,VAH,52w_high,limit,BXP,XLRE,Improving,88.9,2023-07-24,370,756.3836000000006
2023-07-28 10:00:00,112.53,111.27,115.05,116.74,2023-08-02 15:54:00,stop,463,3,-1.3505833333333306,-0.015122500666488965,1.9999999999999887,0.637297700340216,3,0.7021007241563606,65.64354366536304,0.12460429857928615,0.637297700340216,20.73848905057642,0.364691726438064,1.856158902534017,0.9499100714018713,True,True,-0.037781220155460926,True,True,VAH,LRC_upper,limit,ATO,XLU,Improving,63.9,2023-07-27,177,-301.20709500000066
2023-07-31 10:00:00,43.77,42.08,47.16,57.43,2023-07-31 15:54:00,lrc_break,461,1,-0.7888313609467471,-0.030457505140507338,2.005917159763304,0.8246466828373392,3,1.370855092164359,20.057923880392423,0.3208482959452241,0.8246466828373392,25.808126673246605,0.12360534983171932,1.215865486498695,0.9516141721961237,True,True,-0.090244767952819,True,True,AVWAP,swing_high,limit,BAX,XLV,Improving,68.3,2023-07-28,459,-611.9043750000028
2023-08-01 10:00:00,65.93,64.56,68.67,72.82,2023-08-02 15:54:00,stop,463,1,-1.0476240875912408,-0.02176922493553776,1.9999999999999896,0.4837764088316514,3,1.2380256642923102,69.26185176070537,0.17188055725589707,0.4837764088316514,29.196558931207,0.006683471417151142,1.3456161823838182,0.8481978683220442,True,True,-0.07022296617188262,True,True,swing_low,LRC_upper,limit,CVS,XLV,Improving,57.2,2023-07-31,304,-436.3144800000014
2023-08-02 10:00:00,204.48,202.31,213.98,221.16,2023-08-02 15:54:00,lrc_break,463,1,1.0066013824884918,0.010682340571205082,4.377880184331822,0.9356693000058262,3,0.5160067225096481,-11.338301257094077,0.43139969227229064,0.9356693000058262,39.89551358382496,0.18969259838386332,1.7564443646469294,0.3772274554060215,True,True,0.011416571790896057,True,True,POC,52w_high,limit,LH,XLV,Improving,79.6,2023-08-01,96,209.69520000000142
2023-08-02 10:00:00,208.75,204.62,217.01,221.44,2023-09-06 15:54:00,trail,487,24,5.213271721943754,0.1031416153850428,2.0,0.605406022159263,2,1.1590745570047576,42.95349229803143,0.1342540039560244,0.605406022159263,21.88431887999763,-0.022100929523645958,1.1773217179984048,0.8809730413562046,True,True,-0.11053679535321492,True,True,VAL,swing_high,limit,AMGN,XLV,Improving,53.1,2023-08-01,1,21.530812211627683
2023-08-03 10:00:00,516.84,507.87,550.22,581.94,2023-08-03 15:54:00,stop,464,0,-1.0571187290969897,-0.018346790109124732,3.7212931995540575,0.8238832065634325,3,0.6058953764209387,-7.804556257032716,0.394559995225562,0.8238832065634325,35.38816287500802,0.3135975893898242,1.2529845862160118,0.8363308376362352,True,True,0.010112130800912,True,True,AVWAP,POC,limit,IDXX,XLV,Improving,76.9,2023-08-02,38,-360.32949000000104
2023-08-03 10:00:00,217.77,214.38,224.69,233.88,2023-08-03 15:54:00,stop,464,0,-1.063738938053097,-0.016559099049455916,2.0412979351032323,0.8258045265684966,3,0.7070514784131917,-16.835218993494944,0.2624201284078998,0.8258045265684966,23.8496338978531,0.14533869253482956,1.1290049155142468,0.6970042644153835,True,True,0.07341173867448303,True,True,VAL,swing_high,limit,IQV,XLV,Improving,73.5,2023-08-02,91,-328.15282500000137
2023-08-03 10:00:00,81.52,80.58,84.71,87.28,2023-08-03 15:54:00,stop,464,0,-1.0862234042553194,-0.012525147203140307,3.3936170212766017,0.4429752635755782,2,0.6804351740385162,34.80465319374062,0.08969779686148427,0.4429752635755782,12.52254195341686,0.04488839284979648,0.9271570380779576,0.6472320340789485,True,True,-0.12903338144920284,True,True,AVWAP,swing_high,limit,DUK,XLU,Improving,53.0,2023-08-02,242,-247.09409999999946
2023-08-04 10:00:00,206.85,203.29,213.98,222.51,2023-08-04 15:54:00,lrc_break,465,1,0.02612359550562115,0.0004496011602611136,2.0028089887640426,0.9288007018503289,2,0.8823940836797155,-4.8930491248354215,0.4249031142833328,0.9288007018503289,34.82877489294635,0.21195959989343016,1.7637173394180876,-0.011868458732416867,True,True,0.03445499898342397,True,True,POC,52w_high,limit,LH,XLV,Improving,70.6,2023-08-03,94,8.74200000000107
2023-08-04 10:00:00,65.93,64.47,68.85,72.82,2023-08-17 15:54:00,stop,474,9,-3.481794520547933,-0.0771032913696346,1.9999999999999805,0.5678312581402198,2,0.992286679232516,52.39800152284759,0.19911616524820164,0.5678312581402198,29.764233595786113,-0.0017830888789078134,1.3056261047677244,0.868056751932128,True,True,-0.03163746618479313,True,True,swing_low,swing_high,limit,CVS,XLV,Improving,56.0,2023-08-03,297,-1509.775740000003
2023-08-08 10:00:00,205.46,203.27,213.98,223.86,2023-08-08 15:54:00,lrc_break,467,1,0.39452283105022556,0.004205222427723124,3.890410958904105,0.9131488085688767,2,0.5704512971376581,-5.9825434745158566,0.4128560312229645,0.9131488085688767,31.528521720260787,0.19894441645939592,1.6743542328622611,-0.4444901172292933,True,True,0.05101603277147282,True,True,POC,52w_high,limit,LH,XLV,Improving,71.0,2023-08-07,96,82.94447999999934
2023-08-08 10:00:00,107.42,104.73,112.8,115.75,2023-08-08 15:54:00,lrc_break,467,1,0.2610315985130122,0.0065367250046546475,2.0,0.6908300578789137,3,1.3203187664617202,-8.767635198910405,0.13555178057669215,0.6908300578789137,17.83607208375407,0.10234877357339842,1.6334018942310675,0.26915986940783665,True,True,-0.04468376930526907,True,True,swing_low,POC,limit,ATO,XLU,Improving,63.4,2023-08-03,176,123.5828000000004
2023-08-09 10:00:00,271.56,264.89,284.92,316.62,2023-08-17 15:54:00,stop,474,6,-2.7335194902548654,-0.06714013477684488,2.0029985007496225,0.8455548090216045,2,1.0877101205662993,20.4308092245493,0.3017923106151722,0.8455548090216045,22.035007679743345,-0.01287392937563438,1.5669632642168703,0.7176568673167718,True,True,0.016189637096688303,True,True,VAL,swing_high,limit,CI,XLV,Improving,64.9,2023-08-08,72,-1312.7453999999998
2023-08-10 10:00:00,76.98,75.11,80.72,87.28,2023-08-15 15:54:00,stop,472,3,-1.0406657754010693,-0.02527987789036119,1.9999999999999925,0.9264837044877394,3,1.2537771231405537,33.08054530901583,0.4095872398895465,0.9264837044877394,46.865088754144985,0.045001548660688555,1.4530060531778488,0.8308500185351274,True,True,0.05727617689407771,True,True,swing_low,LRC_upper,limit,ADM,XLP,Improving,77.6,2023-08-09,252,-490.40334000000115
2023-08-10 10:00:00,45.64,45.16,46.6,47.55,2023-08-14 15:54:00,stop,471,2,-1.0945833333333326,-0.01151183172655574,1.9999999999999851,0.798059105302518,3,0.6470606783668527,61.08747866969764,0.15611128056160695,0.798059105302518,16.137057610542204,0.052006680536846116,1.0929800511708911,0.9554213842272482,True,True,-0.07465272954452196,True,True,POC,LRC_upper,limit,KR,XLP,Improving,67.4,2023-08-09,1,-0.525400000000004
2023-08-15 10:00:00,53.62,52.38,56.1,58.59,2023-08-15 15:54:00,lrc_break,472,1,-0.011000000000000733,-0.00025438269302500657,2.0000000000000115,0.766295962019054,3,1.2330650813128667,5.186054757221202,0.2617640706714928,0.766295962019054,25.750305995436797,0.1966824402821447,1.4939086135862507,0.10323116962033452,True,True,0.01109119361831401,True,True,AVWAP,swing_high,limit,IRM,XLRE,Improving,69.1,2023-08-14,368,-5.019520000000313
2023-08-15 10:00:00,83.54,82.62,86.56,89.09,2023-08-15 15:54:00,stop,472,0,-1.0903043478260868,-0.01200718218817335,3.2826086956521636,0.5418139369319326,2,0.5358749541013687,26.127715266258676,0.23601998627447426,0.5418139369319326,19.092759596690644,-0.07024351621942766,1.2511115104933321,0.2793279816780364,True,True,0.05968733022046124,True,True,AVWAP,swing_high,limit,CBRE,XLRE,Improving,56.9,2023-08-14,15,-15.046200000000026
2023-08-16 10:00:00,44.77,44.2,45.91,46.74,2023-08-16 15:54:00,stop,473,0,-1.0780438596491229,-0.013725374134465049,1.9999999999999876,0.7852744537221995,3,0.7808467446707296,5.900975431942105,0.14948297960153945,0.7852744537221995,14.633628531544941,0.05215508953450331,1.1510258483646216,0.6788472946491708,True,True,-0.08679698753679455,True,True,swing_low,swing_high,limit,KR,XLP,Improving,68.1,2023-08-15,436,-267.9154600000001
2023-08-17 10:00:00,53.92,51.11,59.55,61.86,2023-08-17 15:54:00,lrc_break,474,1,-0.10099822064057072,-0.005263445845697403,2.0035587188612065,0.9266498419902045,3,1.6007324902489217,-30.159196952509937,0.5562941941492145,0.9266498419902045,35.30508645679342,0.06948857107544851,1.575680997006521,0.8579608595589973,True,True,0.24134704765076465,True,True,swing_low,swing_high,limit,BXP,XLRE,Improving,81.4,2023-08-15,345,-97.91272500000139
2023-08-17 10:00:00,30.98,30.62,31.71,32.72,2023-08-22 15:54:00,stop,477,3,-1.0855555555555556,-0.012614590058101982,2.027777777777782,0.7403801920532986,3,0.7255182285526818,49.55023567671776,0.19772546944267538,0.7403801920532986,23.2394153856025,0.0022767827148327878,1.6496877805938304,0.8469501792630555,True,True,-0.005905711031745864,True,True,swing_low,swing_high,limit,KDP,XLP,Improving,69.6,2023-08-16,627,-245.03159999999963
2023-08-21 10:00:00,81.11,80.38,84.6,87.26,2023-08-21 15:54:00,stop,476,0,-1.1106095890410954,-0.009995623227715498,4.780821917808186,0.13663790875640783,2,0.5413576828615713,40.506745931680754,0.04441057013750427,0.13663790875640783,10.295941320350405,-0.15047269620632314,1.3453919225729343,0.7929875183033508,True,False,-0.04917264471134819,True,True,VAL,LRC_upper,limit,DUK,XLU,Improving,48.0,2023-08-18,234,-189.71433000000093
2023-08-22 10:00:00,35.49,34.96,36.87,37.99,2023-09-22 15:54:00,trail,499,22,0.29286556613864034,0.004373591153944202,2.603773584905646,0.012100106219996402,2,0.9468818077512721,28.00887677815317,0.016523141759608964,0.012100106219996402,23.95462139626142,-0.1002926345836947,1.4824977033859414,0.5632266812777942,True,False,-0.019221787737418006,True,True,swing_low,swing_high,limit,EXC,XLU,Improving,40.0,2023-08-18,533,82.73159377850469
2023-08-24 10:00:00,195.17,192.28,200.96,203.96,2023-09-15 15:54:00,lrc_break,494,16,0.8835484429065785,0.013083235128349645,2.0034602076124735,0.9039419429743022,3,0.8517063483553454,49.401919300981504,0.305456266479476,0.9039419429743022,38.588031692712434,0.1318777554973432,1.4530142042489258,0.7180337867896512,True,True,0.12458351465391315,True,True,POC,LRC_upper,limit,CDW,XLK,Improving,80.4,2023-08-23,96,245.13168000000002
2023-08-24 10:00:00,130.83,129.31,134.58,136.37,2023-09-26 15:54:00,trail,501,22,0.41889186827601466,0.004866740348387575,2.4671052631578783,0.6667347079096191,2,0.9116225161838909,46.18200620803747,0.1954476171821463,0.6667347079096191,35.412633746886634,0.03364042156169198,1.262838006106785,-0.3171861315677912,True,True,0.053798736821745186,True,True,POC,52w_high,limit,IBM,XLK,Improving,66.9,2023-08-23,144,91.68705212825472
2023-08-24 10:00:00,66.58,65.77,68.58,69.56,2023-08-25 15:54:00,stop,480,1,-1.0816975308641972,-0.013159732652448217,2.469135802469129,0.7019450314488962,2,0.6547612397653941,50.39068731813629,0.21379398703608984,0.7019450314488962,21.3877883032048,-0.034681245607250694,1.2082421009888034,0.03326158969288954,True,True,0.04099385343625084,True,True,POC,swing_high,limit,CTSH,XLK,Improving,64.4,2023-08-23,284,-248.83370000000065
2023-08-25 10:00:00,104.77,103.08,108.15,109.95,2023-08-29 15:54:00,stop,394,2,-1.0614940828402368,-0.017122506442683955,2.0000000000000084,0.8559213428546943,3,0.8405949305965695,53.2401560700761,0.35780437170508594,0.8559213428546943,50.07463150850971,0.09805883539249179,1.0128280811917965,0.6952885347817723,True,True,0.20623241088180122,True,True,POC,52w_high,limit,CEG,XLU,Improving,81.5,2023-08-24,1,-1.7939249999999975
2023-08-29 10:00:00,19.16,18.82,19.85,20.44,2023-09-07 15:54:00,stop,488,6,-1.0558529411764705,-0.018736430062630472,2.029411764705887,0.7994434689171187,2,0.7080181725826218,29.328909183573522,0.2962484402673006,0.7994434689171187,24.559050412765355,0.021629574479844996,0.8478018382969649,0.30479990873596685,True,True,0.13497039870305216,True,True,VAL,swing_high,limit,GEN,XLK,Improving,69.1,2023-08-28,976,-350.3742399999999
2023-08-31 10:00:00,103.93,101.82,108.15,110.06,2023-08-31 15:54:00,stop,396,0,-1.048755924170616,-0.021291975368036307,1.9999999999999865,0.9054853394496278,3,1.1110113710811116,16.395804641537897,0.37618336484501713,0.9054853394496278,48.46646515915153,0.028798501211138517,1.1499195632462722,0.18076009651194466,True,True,0.16479073522702414,True,True,swing_low,52w_high,limit,CEG,XLU,Improving,83.5,2023-08-30,1,-2.2128750000000137
2023-09-01 10:00:00,85.42,83.63,89.09,91.4,2023-09-13 15:54:00,stop,492,7,-1.0472206703910614,-0.021944802154062353,2.0502793296089323,0.09699879388721647,2,1.0325956622694576,48.205514403688916,0.08159951768770912,0.09699879388721647,18.08915851050791,-0.12047352841352223,1.4024362640458499,0.35078375851835275,True,True,0.05796415022896251,True,True,POC,swing_high,limit,CBRE,XLRE,Improving,50.6,2023-08-31,1,-1.8745250000000062
2023-09-07 10:00:00,9.856,9.07,11.44,12.26,2023-09-20 15:54:00,stop,497,9,-1.0120394402035624,-0.08070850243506489,2.0152671755725198,0.4093833136265953,3,1.0152900700917713,55.517294688904514,0.7132237664425691,0.4093833136265953,35.24948441044074,0.09257519487693808,1.7854405424938535,0.7225265221706358,True,True,2.26538295498152,True,True,VAH,swing_high,limit,CVNA,XLY,Improving,66.2,2023-09-06,25,-19.886574999999993
2023-09-08 10:00:00,138.62,134.66,149.38,156.85,2023-09-13 15:54:00,stop,492,3,-1.0345050505050504,-0.029553022651854045,2.7171717171717096,0.015221162222398069,2,0.6656374820708427,38.32311124916189,0.0383878091758248,0.015221162222398069,27.307606558699437,0.09374664324292015,1.393101257157976,-0.1310483217351582,True,True,0.0869707675513729,True,True,swing_low,swing_high,limit,BLDR,XLY,Improving,47.0,2023-09-07,132,-540.756480000001
2023-09-11 10:00:00,55.13,53.55,58.29,60.27,2023-09-11 15:54:00,stop,490,0,-1.034392405063291,-0.029645202249229192,1.999999999999991,0.023616305670205125,2,0.9663970092405522,50.93553055999385,0.05355803348175278,0.023616305670205125,13.487400719124004,-0.03021329149073569,1.311025461089619,0.21411479507878095,True,True,0.08614071257555955,True,True,swing_low,swing_high,limit,CZR,XLY,Improving,47.7,2023-09-08,1,-1.6343400000000055
2023-09-13 10:00:00,51.92,51.0,53.76,54.86,2023-09-20 15:54:00,lrc_break,497,6,-0.7517391304347818,-0.013320493066255788,1.9999999999999922,0.8799995912403543,2,1.4130802310182815,24.64011438081332,0.24004536198615553,0.8799995912403543,45.02438115264825,-0.16042761594298754,1.5871683783616881,0.8478947209953589,True,True,0.09071665329853196,True,True,POC,52w_high,limit,CSCO,XLK,Improving,70.3,2023-09-12,367,-253.8172000000002
2023-09-13 10:00:00,60.94,58.91,65.0,70.23,2023-09-15 15:54:00,stop,494,2,-1.0295197044334974,-0.034294798162126695,2.0,0.6040687080415028,3,1.3886750341034761,53.009911375126414,0.23913929696345776,0.6040687080415028,35.041605219679546,0.17061473995436005,1.4251814433897336,0.8417870536366385,True,True,0.11109401446376377,True,True,AVWAP,LRC_upper,limit,HAS,XLY,Improving,68.0,2023-09-08,4,-8.359700000000005
2023-09-18 10:00:00,108.33,106.38,113.09,117.03,2023-09-26 15:54:00,stop,413,6,-1.0550538461538461,-0.01899155358626422,2.44102564102564,0.8698869229851244,2,0.9192436396051824,66.51031620738533,0.3396398760289349,0.8698869229851244,47.43060327131285,-0.08950802919560105,1.182246311032474,0.682941021352074,True,True,0.1701598832042277,True,True,VAH,LRC_upper,limit,CEG,XLU,Improving,69.9,2023-09-14,176,-362.09448000000054
2023-09-18 10:00:00,56.3,55.06,59.55,67.56,2023-09-21 15:54:00,stop,498,3,-1.0449032258064517,-0.023013854351687298,2.6209677419354946,0.28463247500891065,2,0.8477271786930144,40.42655028868751,0.1320338664982853,0.28463247500891065,14.994679134373506,0.0369926389432038,1.337121841193517,-0.5357967797482286,True,True,0.21025411279153294,True,True,VAL,swing_high,limit,BXP,XLRE,Improving,59.4,2023-09-15,320,-414.61759999999833
2023-09-21 10:00:00,138.56,136.41,145.22,148.2,2023-09-29 15:54:00,stop,504,6,-1.0639465116279068,-0.016508985277136297,3.097674418604641,0.4770467540912384,2,1.0244331076896358,51.0983891755046,0.16467047566877177,0.4770467540912384,23.27123326186476,-0.02793044461572309,1.465597475029383,0.8671027263029438,True,True,0.12124444013018398,True,True,VAH,LRC_upper,limit,ABBV,XLV,Improving,65.8,2023-09-20,137,-313.38544500000074
2023-09-21 10:00:00,53.95,53.24,55.38,56.24,2023-09-26 15:54:00,stop,501,3,-1.0754859154929577,-0.014153753475440237,2.014084507042251,0.10390296977027345,2,0.6862040420038316,72.41620375005293,0.0546362559301154,0.10390296977027345,19.461462981573582,-0.05370246237949638,1.13515833531142,0.02378188842882071,True,True,-0.009374711563141847,True,True,POC,52w_high,limit,BSX,XLV,Improving,43.2,2023-09-20,1,-0.7635950000000008
2023-09-25 10:00:00,258.66,255.04,269.29,276.72,2023-09-27 15:54:00,stop,502,2,-1.0709530386740325,-0.014988208458981028,2.936464088397762,0.6750774008001652,2,0.5345427412811602,38.885704056078005,0.24336321870532607,0.6750774008001652,21.134701804359825,-0.0015432810868881478,1.2415273394792077,0.8097198585638377,True,True,0.2232108842434608,True,True,swing_low,swing_high,limit,EPAM,XLY,Improving,67.8,2023-09-22,72,-279.1332000000024
2023-09-25 10:00:00,386.02,377.16,404.21,415.1,2023-09-27 15:54:00,stop,502,2,-1.0430688487584652,-0.023940702554271685,2.053047404063215,0.11301148518025901,3,0.9805628335143355,49.75244219589344,0.05124338474709621,0.11301148518025901,15.366525190630623,0.13062297310120666,1.491843643618297,0.6094561161351946,True,True,0.039921318979869946,True,True,swing_low,LRC_upper,limit,LULU,XLY,Improving,51.9,2023-09-22,46,-425.11313999999805
2023-09-26 10:00:00,92.94,91.8,95.34,97.57,2023-09-26 15:54:00,stop,501,0,-1.0810263157894737,-0.013259845061329897,2.1052631578947407,0.7877651845533131,2,0.773857769409087,11.240112264804782,0.17848413042328204,0.7877651845533131,26.465432759013325,-0.054579012057346256,1.5235173531500013,0.7527222790540011,True,True,0.11095005660096646,True,True,AVWAP,swing_high,limit,EMR,XLI,Improving,69.4,2023-09-25,2,-2.4647400000000013
2023-09-28 10:00:00,362.83,355.74,383.11,397.35,2023-10-03 15:54:00,stop,506,3,-1.0506748942172075,-0.020531061378606993,2.8603667136812554,0.42291010471633556,3,0.7407144144970478,30.95735056071738,0.18607812289512277,0.42291010471633556,15.575407847549501,0.14804816869322504,1.4647639725288637,0.3997885800881779,True,True,0.19644549393986632,True,True,AVWAP,52w_high,limit,LII,XLI,Improving,68.9,2023-09-27,51,-379.9135349999987
2023-09-29 10:00:00,117.5,115.81,120.89,123.83,2023-11-24 15:54:00,time,543,40,10.55237869822487,0.1517746382978724,2.0059171597633165,0.0036379580367213917,2,0.8316211967215063,12.008930811487458,0.008906926209752405,0.0036379580367213917,23.299212301884808,-0.1841095227033675,1.5085205233453691,0.4256276470840781,True,True,0.008761422826844,True,True,swing_low,swing_high,limit,CTAS,XLI,Improving,41.0,2023-09-28,157,2799.862640000001
2023-10-02 10:00:00,160.71,159.12,166.73,168.75,2023-10-03 15:54:00,stop,506,1,-1.100575471698113,-0.010888650364009728,3.786163522012559,0.20806661396087112,2,0.6165010739031466,50.03658642303933,0.0616669428770013,0.20806661396087112,16.84295825985161,0.00458323376089305,1.4394987516482336,-0.8214099419776533,True,True,0.13845762442406073,True,True,POC,LRC_upper,limit,FFIV,XLK,Improving,56.6,2023-09-29,114,-199.4903100000004
2023-10-05 10:00:00,361.3,355.3,373.3,387.84,2023-10-06 15:54:00,stop,509,1,-1.0597166666666666,-0.01759839468585663,2.0,0.170883582586435,2,0.6000861998340211,36.44843297754844,0.08349617976197493,0.170883582586435,13.50402583914766,0.08056854665713016,1.5093846593604294,-0.6103109150730124,True,True,0.2101961599597697,True,True,swing_low,swing_high,limit,LII,XLI,Improving,52.5,2023-10-04,50,-317.915
2023-10-05 10:00:00,103.52,102.29,106.13,108.54,2023-10-19 15:54:00,stop,518,10,-1.083662601626017,-0.01287582109737239,2.121951219512212,0.1628698112746219,2,0.6106079841756171,49.5231857289789,0.06898593322905962,0.1628698112746219,16.04267712601425,-0.10647328795487405,1.2528329247067087,0.2589771526653558,True,True,0.1514925789749808,True,True,swing_low,52w_high,limit,J,XLI,Improving,51.1,2023-10-04,177,-235.92418499999818
2023-10-12 10:00:00,2555.96,2519.64,2628.61,2733.78,2023-10-19 15:54:00,stop,518,5,-1.0698733480176208,-0.015202820075431603,2.000275330396469,0.4202706184602498,2,0.6820710410763167,52.06187998399545,0.0830890236819085,0.4202706184602498,10.460350082796406,0.04148580058714359,1.0522487433928578,-0.4366300702168005,True,True,0.040336744778950884,True,True,AVWAP,swing_high,limit,AZO,XLY,Improving,53.0,2023-10-11,7,-272.0046000000011
2023-10-12 10:00:00,369.59,362.83,383.11,392.66,2023-10-13 15:54:00,stop,514,1,-1.054173076923077,-0.019281392894829382,2.0000000000000084,0.10197660683860028,2,0.6633243114419867,63.525882938115586,0.05651873279042392,0.10197660683860028,12.685272178344084,0.05983041719558656,1.2785607067172458,-0.3100451592152133,True,True,0.1722486031220245,True,True,POC,52w_high,limit,LII,XLI,Improving,48.6,2023-10-10,50,-356.31049999999954
2023-10-17 10:00:00,101.62,100.36,104.15,106.01,2023-10-18 15:54:00,stop,517,1,-1.0801507936507933,-0.013392934461720183,2.007936507936501,0.28844754464122435,2,0.7755859885427762,73.38147824299864,0.06615661136537285,0.28844754464122435,15.884412145196203,-0.12712096433002426,1.1966089727688676,0.8580858969604488,True,True,0.04827219561031004,True,True,POC,52w_high,limit,GRMN,XLY,Improving,49.2,2023-10-12,183,-249.06117000000094
2023-10-18 10:00:00,364.12,356.5,382.41,394.82,2023-10-18 15:54:00,stop,517,0,-1.0472847769028872,-0.021916703284631453,2.4002624671916024,0.1979154356847192,3,0.7090891400701999,45.086962644692555,0.08242471677821496,0.1979154356847192,11.71199518012713,0.022487998973921102,1.2798620376116316,0.46151490058393124,True,True,0.18137400099220824,True,True,swing_low,swing_high,limit,LII,XLI,Improving,58.3,2023-10-17,48,-383.0548800000002
2023-10-19 10:00:00,44.6,43.52,46.77,48.48,2023-10-20 15:54:00,stop,519,1,-1.0407962962962964,-0.025203139013452877,2.009259259259264,0.1405910794872734,3,1.1058211165469791,58.0327265133063,0.05712628925803002,0.1405910794872734,23.440970030586936,0.06289900599301113,1.5794976833956476,0.943278910522546,True,True,0.038636980789102715,True,True,swing_low,LRC_upper,limit,CPRT,XLI,Improving,50.5,2023-10-18,412,-463.1127199999993
2023-10-20 10:00:00,111.59,109.51,115.75,118.35,2023-10-23 15:54:00,stop,432,1,-1.0531490384615385,-0.019630343220718684,2.0,0.5759955051153874,3,0.7863963262065224,58.964454261316824,0.1608481577869474,0.5759955051153874,30.945640884613773,0.20062613910715202,1.2586343048655484,0.8205757894910045,True,True,0.25343427202566104,True,True,VAH,LRC_upper,limit,CEG,XLU,Improving,71.5,2023-10-19,162,-354.8690999999997
2023-10-20 10:00:00,209.65,204.9,219.16,225.7,2023-10-26 15:54:00,stop,523,4,-1.043636842105263,-0.023645480562842835,2.0021052631578926,0.04753517705073477,3,0.8334642292639095,60.578761713408994,0.0629745060910606,0.04753517705073477,23.90904622100767,0.14515495337331077,1.287437213085896,0.950877179348063,True,True,0.24660665675356386,True,True,AVWAP,swing_high,limit,AXON,XLI,Improving,53.9,2023-10-19,86,-426.32565
2023-10-24 10:00:00,26.65,26.06,27.84,28.58,2023-12-19 15:54:00,time,560,40,6.4261694915254255,0.14226791744840528,2.0169491525423755,0.0013118164982075223,2,1.0708762585744793,66.82017003112968,0.007495562566662748,0.0013118164982075223,29.650049159309006,0.07449014494366983,0.9784794621851113,0.6699975391627918,True,True,0.06582355166343934,True,True,swing_low,LRC_upper,limit,FAST,XLI,Improving,42.6,2023-10-20,673,2551.6391200000003
2023-10-27 10:00:00,110.85,108.88,116.22,119.43,2023-10-27 15:54:00,stop,436,0,-1.055769035532995,-0.018762877762742436,2.7258883248731003,0.5948947447773876,3,0.7335759448068,52.967347307955905,0.1649341161620125,0.5948947447773876,25.933382344526443,0.1616668241677616,1.1430621893235084,0.8262122426329104,True,True,0.2611752606270876,True,True,AVWAP,LRC_upper,limit,CEG,XLU,Improving,71.7,2023-10-24,161,-334.85826499999985
2023-11-02 10:00:00,159.58,157.89,162.97,165.23,2023-11-02 15:54:00,stop,528,0,-1.0939260355029572,-0.011585004386514764,2.0059171597632743,0.9046665012969153,3,0.671377570217017,55.10861680668556,0.2100126831181123,0.9046665012969153,37.6221759213084,0.09622360241385267,1.8170440272580688,0.8895032614761978,True,True,0.2568215548016928,True,True,VAH,LRC_upper,limit,CBOE,XLF,Improving,80.8,2023-11-01,112,-207.0583200000029
2023-11-06 10:00:00,270.83,266.12,280.26,295.6,2023-12-08 15:54:00,stop,553,23,-1.0570010615711256,-0.018382287782003397,2.0021231422505408,0.2815567381234637,2,0.9197077061400125,42.02457492202126,0.1733651118203587,0.2815567381234637,13.84340861024194,-0.15659611385194527,1.3194656041251611,0.8573629589404153,True,True,0.14596653365433432,True,True,AVWAP,swing_high,limit,CASY,XLP,Improving,57.9,2023-11-03,66,-328.57934999999867
2023-11-07 10:00:00,210.69,206.38,219.57,223.37,2023-12-08 15:54:00,lrc_break,553,23,0.7952412993039474,0.016267929185058688,2.060324825986077,0.5249854116965377,3,1.038166391263282,70.60829528197048,0.1218287149456705,0.5249854116965377,20.538400173964526,0.035107219499605956,1.2905229950300734,0.3625897840255584,True,True,0.1291812113442672,True,True,VAH,52w_high,limit,CB,XLF,Improving,71.4,2023-11-02,85,291.33665000000127
2023-11-08 10:00:00,547.17,541.56,558.4,565.46,2023-11-09 15:54:00,stop,533,1,-1.0970347593582885,-0.011247628707714265,2.0017825311942943,0.1233663614222383,2,0.63807539277914,70.66768453762994,0.04000340550779755,0.1233663614222383,17.33248910510173,0.057448558962154554,1.380986514687954,-0.6137323340760971,True,True,0.055553669052461174,True,True,VAH,LRC_upper,limit,COST,XLP,Improving,45.8,2023-11-06,29,-178.4765850000004
2023-11-09 10:00:00,21.59,21.07,22.64,27.93,2023-12-20 15:54:00,trail,561,28,2.779603658647805,0.0669473785315821,2.0192307692307723,0.033898889694372276,2,0.7909618458510197,72.16811746889985,0.04879354950050693,0.033898889694372276,24.28135152701664,-0.09462867555523528,2.0895729493669726,0.18990752573280997,True,False,0.09346606618992581,True,True,AVWAP,swing_high,limit,DXC,XLF,Improving,43.6,2023-11-08,2,2.890787804993715
2023-11-14 10:00:00,122.21,119.71,129.02,131.46,2023-12-20 15:54:00,trail,561,25,2.702230443464563,0.05527842327683011,2.7240000000000064,0.8753633534324232,2,0.9870014179441499,37.02755863358863,0.4052127391752277,0.8753633534324232,37.66804395094505,-0.06786091339730217,1.5668874854481956,0.827003672006362,True,True,0.24953091851760534,True,True,swing_low,LRC_upper,limit,ALL,XLF,Improving,79.1,2023-11-13,128,864.71374190866
2023-11-27 10:00:00,110.31,108.91,115.52,118.28,2023-12-15 15:54:00,trail,558,14,12.46963987214969,0.15825850621892518,3.721428571428552,0.29855377938164307,3,0.5553053829933492,74.81233199117078,0.2389363775612371,0.29855377938164307,38.89127359381175,0.03833288114931025,1.2415427124808123,0.9654506126762274,True,True,0.08126698573083257,True,True,swing_low,swing_high,limit,LEN,XLY,Improving,58.7,2023-11-24,170,2967.774289571638
2023-11-28 10:00:00,789.59,774.44,824.43,842.16,2023-11-28 15:54:00,stop,545,0,-1.0516181518151815,-0.020177579503286486,2.2996699669966976,0.776372591136164,3,1.300739355237133,61.53184950730748,0.34591521569087125,0.776372591136164,47.564174547978574,0.11907949796249091,1.685016518458884,0.9240673662527654,True,True,0.11031086760185027,True,True,POC,LRC_upper,limit,GWW,XLI,Improving,75.8,2023-11-27,3,-47.79604499999993
2023-11-28 10:00:00,135.46,133.99,139.35,140.79,2023-11-29 15:54:00,stop,546,1,-1.0916496598639456,-0.011846486047541701,2.6462585034013535,0.6162595535793848,3,0.8091934258869089,71.37769914762127,0.22708800741262766,0.6162595535793848,44.126675602425394,0.1534194085443539,1.837477676624419,0.9830105003275473,True,True,0.08182964516160585,True,True,POC,LRC_upper,limit,CTAS,XLI,Improving,73.2,2023-11-27,1,-1.6047249999999988
2023-11-29 10:00:00,225.42,217.89,240.49,249.67,2024-01-03 15:54:00,lrc_break,569,24,2.891577025232406,0.09659114098127948,2.0013280212483426,0.6587096378622576,3,1.4882431713676112,50.1886788890519,0.285569267265645,0.6587096378622576,30.100058233820416,0.007203432621307906,1.3461576431479736,0.9189853956715047,True,True,0.08901433847600249,True,True,POC,LRC_upper,limit,AXON,XLI,Improving,70.1,2023-11-28,10,217.73575000000017
2023-11-30 10:00:00,43.66,43.08,46.34,47.44,2023-12-28 15:54:00,lrc_break,566,20,3.216181034482774,0.0427252633989923,4.6206896551724395,0.6579489494467281,3,0.8973134256911344,67.87968101760868,0.3751463139781432,0.6579489494467281,52.46027567191897,0.30908277250411553,1.5231844550237377,0.9632729374360433,True,True,0.1289739356098356,True,True,POC,LRC_upper,limit,CMG,XLY,Improving,73.4,2023-11-27,5,9.326925000000019
2023-12-11 10:00:00,103.02,100.29,109.37,111.66,2023-12-14 15:54:00,stop,557,3,-1.1910054945054958,-0.03156129877693643,2.3260073260073377,0.8957590680546331,3,1.752558369376876,22.032570902201424,0.42140342491051774,0.8957590680546331,38.53836678712173,0.13616902241861376,2.256819951658726,0.8972978066629249,True,True,0.16271564177769426,True,True,swing_low,LRC_upper,limit,CAH,XLV,Improving,85.6,2023-12-08,186,-604.7687699999984
2023-12-11 10:00:00,208.78,205.25,215.85,220.49,2024-01-11 15:54:00,trail,575,21,1.9776496619028934,0.03343760564478023,2.002832861189799,0.7938789093896711,3,1.1294168894817733,50.160572860766614,0.19869036502211598,0.7938789093896711,32.83009164796088,0.10769230551225863,1.1716166426420862,0.923621622369208,True,True,0.0451935556557006,True,True,POC,swing_high,limit,LH,XLV,Improving,71.8,2023-12-08,79,551.5071612148602
2023-12-15 10:00:00,50.48,49.78,51.88,53.23,2023-12-20 15:54:00,stop,561,3,-1.071614285714286,-0.014859944532488031,2.0000000000000204,0.6414443235830277,3,0.8618186351340535,68.9934090814766,0.16015299621156173,0.6414443235830277,23.718804593987517,0.0401936822645408,1.2078126563226195,0.7376855576770724,True,True,-0.04747698492775654,True,True,VAH,LRC_upper,limit,K,XLP,Improving,62.9,2023-12-12,369,-276.79796999999843
2023-12-18 10:00:00,74.11,73.1,76.13,78.92,2023-12-20 15:54:00,stop,561,2,-1.072876237623762,-0.014621576035622792,1.999999999999986,0.8607414229559853,3,0.7133336114665715,62.59502162980212,0.23199373515360097,0.8607414229559853,20.50099616890927,0.06950620135452218,1.2550337349684821,0.09174586413006193,True,True,-0.02405876830091258,True,True,VAH,LRC_upper,limit,AEP,XLU,Improving,70.1,2023-12-15,262,-283.9045100000014
2023-12-20 10:00:00,97.15,95.33,101.31,104.13,2023-12-20 15:54:00,stop,561,0,-1.0528791208791206,-0.01972454966546585,2.2857142857142745,0.7517389725090265,3,0.8800915520231244,-15.333942039545615,0.3447229030043841,0.7517389725090265,35.257687514106635,0.17490033963892962,1.5902857579717657,0.5735033332191549,True,True,0.07658357998205223,True,True,AVWAP,swing_high,limit,CAH,XLV,Improving,75.8,2023-12-18,201,-385.1642400000015
2023-12-26 10:00:00,133.43,131.9,136.49,140.5,2023-12-26 15:54:00,lrc_break,564,1,-0.6359542483660148,-0.007292288091133953,2.0,0.9497767968933474,3,0.8479150480860101,4.372773153232253,0.3966419079175009,0.9497767968933474,52.46904412184467,0.20151403298642945,1.5571023324174638,0.6370598147949033,True,True,0.04601933452441376,True,True,swing_low,swing_high,limit,FI,XLE,Improving,78.0,2023-12-22,144,-140.11344000000048
2023-12-27 10:00:00,15.63,15.38,16.14,16.46,2024-01-17 15:54:00,lrc_break,578,14,-0.782160000000006,-0.012510556621881093,2.039999999999999,0.6696304454052534,2,0.9732494369823251,57.30415180571442,0.1627213342983566,0.6696304454052534,13.841330934423276,-0.06526655794538841,1.0763517125133593,0.5020124503321007,True,True,-0.016831061062936525,True,True,POC,LRC_upper,limit,KMI,XLE,Improving,59.4,2023-12-26,1234,-241.29636000000184
2023-12-28 10:00:00,132.65,130.94,136.49,141.36,2023-12-28 15:54:00,lrc_break,566,1,0.3491140350877117,0.004500452318130341,2.2456140350877107,0.9387234281740748,3,1.0091593882876737,-6.338735225521853,0.38755242186388944,0.9387234281740748,49.81627185412645,0.15495970123617267,1.5467989498596877,0.389815104756671,True,True,0.04643555667236998,True,True,VAL,swing_high,limit,FI,XLE,Improving,77.7,2023-12-27,145,86.56282499999851
2023-12-28 10:00:00,130.58,128.54,134.66,137.27,2024-01-10 15:54:00,trail,574,8,-0.8671733605258521,-0.013547508465865799,1.9999999999999722,0.7015900217719372,3,1.0480756241123603,28.61375201650324,0.19226559246996788,0.7015900217719372,24.129319845201927,0.052837411128211206,1.4495309458401184,0.7237526353158777,True,True,-0.0014346547887479355,True,True,POC,swing_high,limit,DGX,XLV,Improving,70.6,2023-12-27,147,-260.04794735449514
2023-12-28 10:00:00,55.92,55.43,56.9,58.93,2024-02-26 15:54:00,time,605,40,21.8136836734693,0.19114279327610872,1.9999999999999856,0.8246926212870376,2,0.6411543798349872,21.38926380131872,0.24341280890710165,0.8246926212870376,22.066600257896216,0.3057783708492554,1.5877962998430437,-0.21588599312640053,True,True,-0.042493709756868725,True,True,POC,52w_high,limit,BSX,XLV,Improving,63.6,2023-12-27,333,3559.338765
2023-12-29 10:00:00,138.31,135.52,144.61,148.0,2024-01-02 15:54:00,stop,568,1,-1.0490734767025092,-0.021161991179234993,2.2580645161290427,0.23503587846455942,3,1.011597960127575,65.952433999153,0.11796846197931102,0.23503587846455942,19.308276106300504,0.054402357000600504,1.1018226660339352,0.6924736697083077,True,True,-0.05103969722066115,True,True,VAH,LRC_upper,limit,GOOGL,XLC,Improving,52.9,2023-12-28,139,-406.8411849999989
2023-12-29 10:00:00,139.36,136.01,146.11,150.05,2024-01-05 15:54:00,stop,571,4,-1.0410999999999997,-0.025026442307692468,2.014925373134315,0.23200495720381348,3,1.2308282297415156,63.66779132756434,0.11735033005059956,0.23200495720381348,18.903631764415604,0.026497993504535317,1.1032241310605733,0.7200444418123446,True,True,-0.04987955847168157,True,True,VAH,LRC_upper,limit,GOOG,XLC,Improving,52.4,2023-12-28,2,-6.975370000000045
2023-12-29 10:00:00,37.25,36.67,38.62,39.77,2024-01-04 15:54:00,stop,570,3,-1.0637241379310347,-0.016562684563758343,2.3620689655172438,0.27134788982116714,2,0.8466325084207638,61.176158333942546,0.10001204774614512,0.27134788982116714,17.624156840472917,0.18412463522704314,0.9666353932643931,0.17721900355142928,True,True,-0.11370334590229081,True,True,swing_low,LRC_upper,limit,CMCSA,XLC,Improving,47.1,2023-12-28,1,-0.6169599999999983
2024-01-03 10:00:00,640.79,632.47,657.44,672.61,2024-01-04 15:54:00,stop,570,1,-1.1029471153846195,-0.014320635465597099,2.001201923076949,0.9113268958971429,3,0.8524641108908123,36.11954167392407,0.4284898043265835,0.9113268958971429,46.89692240732668,0.3182752341358021,1.5865791459660232,0.8931052103561548,True,True,0.05071303429233032,True,True,swing_low,swing_high,limit,COST,XLP,Improving,78.4,2024-01-02,29,-266.1190799999989
2024-01-04 10:00:00,32.28,31.67,33.51,35.04,2024-01-18 15:54:00,stop,579,9,-1.0524180327868853,-0.01988770136307309,2.0163934426229475,0.9206450566552465,3,1.2621240837313557,54.57398298324993,0.36923839118206225,0.9206450566552465,45.804158177550086,0.17377260233964004,1.8947801267005617,0.5825824591376001,True,True,0.041768272130091155,True,True,VAH,LRC_upper,limit,KHC,XLP,Improving,74.4,2024-01-03,84,-53.925899999999956
2024-01-05 10:00:00,16.41,15.91,17.67,18.18,2024-01-05 15:54:00,lrc_break,571,1,-0.03282,-0.001,2.520000000000003,0.9097647379554494,2,1.1045645217710296,-3.1215969917500415,0.5216857106664919,0.9097647379554494,36.59815129039566,-0.03915675152926227,1.350811313732843,0.5608918150373341,True,True,0.30844924223477244,True,True,swing_low,swing_high,limit,AES,XLU,Improving,77.4,2024-01-04,1119,-18.36279
2024-01-08 10:00:00,54.09,53.45,55.38,57.51,2024-01-11 15:54:00,stop,575,3,-1.084015625,-0.012826215566648189,2.015624999999997,0.7263484512768739,2,0.7533784974496919,51.432744860631374,0.1584920077796322,0.7263484512768739,21.882929645975544,0.13658019094219642,1.2924443631677949,-0.1904303837943797,True,True,0.044132752260473085,True,True,VAH,swing_high,limit,CMS,XLU,Improving,61.8,2024-01-05,344,-238.6568800000002
2024-01-11 10:00:00,52.35,51.82,54.53,58.46,2024-01-12 15:54:00,stop,576,1,-1.0982735849056602,-0.01111910219675265,4.113207547169802,0.8827157571610715,2,0.6365690296709425,21.84550917078599,0.23659553617188991,0.8827157571610715,27.52445563650927,0.05912760907246842,1.1047570168166425,-0.04399535367305824,True,True,0.010194724351486162,True,True,swing_low,LRC_upper,limit,K,XLP,Improving,73.8,2024-01-10,361,-210.1326850000004
2024-01-11 10:00:00,47.78,47.25,48.86,49.69,2024-01-11 15:54:00,stop,575,0,-1.0896509433962263,-0.01208696107157809,2.037735849056596,0.6790801775312572,3,0.7662921529883708,56.590091601848194,0.15320393501838,0.6790801775312572,21.90733027121702,0.08330102708589839,1.5859933426986073,0.8818122356543061,True,True,0.02619728211197203,True,True,VAH,swing_high,limit,ETR,XLU,Improving,67.4,2024-01-10,1,-0.5775150000000011
2024-01-12 10:00:00,73.15,71.79,75.87,77.88,2024-01-17 15:54:00,stop,578,2,-1.0532867647058823,-0.019582638414217354,2.0,0.7543423243867009,2,1.0566512498625353,-12.927198498155898,0.1740607634499034,0.7543423243867009,21.794112506192164,-0.11384624099611448,1.039311031841687,0.2580526050446404,True,True,-0.01453446865575414,True,True,swing_low,POC,limit,AEP,XLU,Improving,66.0,2024-01-11,262,-375.30713999999983
2024-01-16 10:00:00,134.59,129.34,145.09,148.62,2024-01-18 15:54:00,lrc_break,579,3,-0.4216285714285738,-0.016446615647522197,2.0,0.8843111234292573,3,1.8454074067058115,4.072320184018511,0.45254699860386655,0.8843111234292573,37.35448977771148,0.022554295158932855,1.8511809424304337,0.8492413962374047,True,True,0.14458975317279843,True,True,VAL,swing_high,limit,DLTR,XLP,Improving,78.9,2024-01-12,143,-316.53765000000175
2024-01-16 10:00:00,75.68,75.02,77.0,77.9,2024-01-17 15:54:00,stop,578,1,-1.1141666666666648,-0.009716569767442002,1.999999999999957,0.8408703705161049,3,0.7300087054531071,60.92960528069423,0.14514138786599187,0.8408703705161049,27.506635109545453,0.2333213402591372,1.9876574461824505,0.9624220365862164,True,True,0.058787013470730454,True,True,POC,LRC_upper,limit,CL,XLP,Improving,73.5,2024-01-12,207,-152.2174500000022
2024-01-16 10:00:00,47.08,46.19,48.86,49.69,2024-01-17 15:54:00,stop,578,1,-1.0523988764044943,-0.019894541206457107,2.0,0.6408312968476158,2,1.2568852195446554,35.40094479971154,0.13530676904215055,0.6408312968476158,20.36781201429724,-0.00547456913127214,1.4014427376649925,0.9435849903756508,True,True,0.010238890081929242,True,True,POC,swing_high,limit,ETR,XLU,Improving,59.5,2024-01-12,1,-0.9366350000000006
2024-01-19 10:00:00,75.73,75.03,77.29,78.1,2024-02-12 15:54:00,trail,596,16,3.812346146382767,0.03523890535412581,2.228571428571423,0.8373574938186091,3,0.7462010836354879,47.30504100614152,0.14263331663305684,0.8373574938186091,26.511532457402847,0.2856985914693357,2.0645415265458578,0.9537824594588229,True,True,0.02870221540670359,True,True,POC,LRC_upper,limit,CL,XLP,Improving,74.4,2024-01-18,251,669.8292179194549
2024-02-05 10:00:00,32.09,31.61,33.05,33.89,2024-02-07 15:54:00,stop,593,2,-1.0663541666666663,-0.0159504518541603,1.9999999999999705,0.5741193956181324,3,0.9877959828303579,33.548585217017504,0.154293777034377,0.5741193956181324,22.051306367097137,0.1848956119567347,1.7993674666690278,0.6147717381133491,True,True,0.00716549296449509,True,True,POC,swing_high,limit,KHC,XLP,Improving,63.9,2024-02-02,607,-310.6929500000024
2024-02-05 10:00:00,137.8,134.49,145.09,149.62,2024-03-13 15:54:00,trail,617,26,-2.653617824773414,-0.06374074746008712,2.202416918428999,0.4300009499218033,3,1.0502182735875816,48.34692237447288,0.22863522890110813,0.4300009499218033,21.640811942234386,0.05337223232712723,1.6090925519560608,0.17985698686616342,True,True,0.05944616960456006,True,True,POC,swing_high,limit,DLTR,XLP,Improving,62.3,2024-02-02,141,-1238.4699750000007
2024-02-05 10:00:00,142.13,140.63,146.07,154.52,2024-02-08 15:54:00,stop,594,3,-1.0942533333333333,-0.011548441567578978,2.626666666666665,0.0017167071580925252,3,0.5040405206372371,73.73457847040072,0.008204738687594967,0.0017167071580925252,13.621660683866025,0.09997911076625374,1.165695642986084,0.43323303618398507,True,False,-0.1235765138915319,True,True,swing_low,swing_high,limit,HES,XLE,Improving,41.7,2024-02-02,120,-196.9656
2024-02-08 10:00:00,185.88,182.38,196.05,199.07,2024-02-13 15:54:00,stop,597,3,-1.0526085714285716,-0.019819937594146762,2.90571428571429,0.5431395681342944,3,1.2098931223656715,45.46137240949132,0.19802682610974728,0.5431395681342944,25.56419128875421,0.3130950786465241,1.831441340655222,0.5899606206930309,True,True,0.08109928361354357,True,True,VAH,LRC_upper,limit,FERG,XLI,Improving,74.0,2024-02-07,103,-379.46538999999996
2024-02-09 10:00:00,192.49,190.32,196.88,199.86,2024-02-13 15:54:00,stop,597,2,-1.70080184331796,-0.019173671359551146,2.023041474654357,0.9217303793814633,3,0.6738340049455431,41.68069609154198,0.2799652324220093,0.9217303793814633,49.94941337709932,0.30640520683940786,2.061914183066885,0.9746398486707938,True,True,0.07592891194523688,True,True,POC,52w_high,limit,HLT,XLY,Improving,76.5,2024-02-08,87,-321.09438
2024-02-09 10:00:00,134.31,129.41,145.22,150.36,2024-03-14 15:54:00,trail,618,23,0.36699626335301994,0.013389037975056212,2.2265306122448947,0.619581646657707,3,1.5577906091765465,35.4204107407322,0.2666463788544611,0.619581646657707,23.172482025862827,0.09156537756859884,1.318199253826476,0.31889878235247915,True,True,0.1153114197563867,True,True,VAL,LRC_upper,limit,LEN,XLY,Improving,72.2,2024-02-08,1,1.7982816904297998
2024-02-09 10:00:00,29.16,28.74,30.8,31.88,2024-02-09 15:54:00,stop,595,0,-1.068928571428571,-0.015396090534979482,3.9047619047618904,0.4314427962962495,3,0.718943674308037,14.557772651535869,0.12290916595526637,0.4314427962962495,16.788606819447768,0.10867599286497641,1.2554097550455456,0.44306151694173684,True,True,-0.03508866323665216,True,True,swing_low,swing_high,limit,IPG,XLI,Improving,57.0,2024-02-07,1,-0.4489500000000017
2024-02-12 10:00:00,33.11,32.57,34.63,35.23,2024-02-13 15:54:00,stop,597,1,-1.0608148148148149,-0.017301117487163974,2.814814814814825,0.7247025727038421,3,1.0361185611941968,55.26947332387198,0.27769120916824014,0.7247025727038421,38.78578385938594,0.22415171087689503,1.7408997126799457,0.5332337897401898,True,True,0.03896621969241054,True,True,POC,LRC_upper,limit,FAST,XLI,Improving,73.8,2024-02-09,1,-0.5728399999999991
2024-02-13 10:00:00,158.47,155.99,163.44,166.56,2024-02-29 15:54:00,lrc_break,608,12,1.2942923387096845,0.020255221808544232,2.004032258064524,0.9493782577922844,3,0.9385406643875556,42.16316443406441,0.3518486155409117,0.9493782577922844,61.97578210617798,0.20687560114716608,2.56780487192756,0.8586129141786969,True,True,0.09174131255666729,True,True,VAH,LRC_upper,limit,ABBV,XLV,Improving,78.6,2024-02-12,123,394.81093500000054
2024-02-13 10:00:00,142.48,140.1,147.25,151.38,2024-03-11 15:54:00,lrc_break,615,19,2.9890294117647196,0.04992904267265595,2.004201680672277,0.851787885321768,3,1.1438741754024397,56.98709577097015,0.20271291284200457,0.851787885321768,43.56937974442663,0.3064641586507423,1.793904707194789,0.8380722538775343,True,True,0.0420332467867468,True,True,POC,LRC_upper,limit,FI,XLE,Improving,71.4,2024-02-12,1,7.113890000000019
2024-02-14 10:00:00,39.81,38.55,42.34,44.89,2024-03-06 15:54:00,trail,612,14,1.0505973136104199,0.033251761244640396,2.007936507936501,0.45728090329664484,3,1.0782270058759733,27.193938203972408,0.2670191536076833,0.45728090329664484,19.304964579181757,0.09984163084363314,1.5111093435836587,0.4767735955149331,True,True,0.2456549192731643,True,True,swing_low,swing_high,limit,BBWI,XLY,Improving,70.1,2024-02-13,484,640.696265732181
2024-02-14 10:00:00,133.59,128.26,147.89,157.86,2024-02-14 15:54:00,lrc_break,598,1,-0.13945309568480524,-0.005563926940639371,2.682926829268283,0.026191162321421563,3,0.8622176822946308,-15.238751769848106,0.04295099888828583,0.026191162321421563,25.26679130927785,0.30550372638426304,1.198899146241176,0.327948574076439,True,True,0.009134147540037496,True,True,AVWAP,swing_high,limit,EXPE,XLY,Improving,54.4,2024-02-13,119,-88.45091500000163
2024-02-15 10:00:00,145.77,143.54,150.23,152.76,2024-02-23 15:54:00,stop,604,5,-1.064867713004484,-0.016290423269534324,1.9999999999999745,0.6679014955694703,3,0.7040380920453986,58.87334732757681,0.22404812752208825,0.6679014955694703,37.231951210590296,0.19941815001593194,2.0096700452429035,0.9226856293325987,True,True,0.05386260853396885,True,True,VAH,52w_high,limit,BKNG,XLY,Improving,69.7,2024-02-14,109,-258.83739500000195
2024-02-26 10:00:00,10.33,10.0,11.0,12.64,2024-04-12 15:54:00,trail,638,33,1.8661132976789487,0.059614461590905436,2.03030303030303,0.1506803358314006,3,1.1877063304074487,57.36466377316074,0.11605976016635074,0.1506803358314006,20.28287609907918,0.15914430418927578,1.054185172465012,0.604618556512592,True,True,0.08767180254287466,True,True,AVWAP,swing_high,limit,F,XLY,Improving,53.2,2024-02-23,1515,932.9633431745905
2024-02-28 10:00:00,75.61,74.62,77.61,78.95,2024-04-01 15:54:00,lrc_break,629,23,6.87974242424246,0.09007994974209761,2.0202020202020305,0.8372459992926536,3,0.7201035982182701,71.88995505976973,0.30914855543281966,0.8372459992926536,37.94285768753331,0.25468144102705775,1.4022397256379817,0.8458568032969345,True,True,0.14894027332851456,True,True,VAH,LRC_upper,limit,CRH,XLB,Improving,76.8,2024-02-27,266,1811.7113700000002
2024-02-28 10:00:00,53.34,52.62,56.14,57.32,2024-02-29 15:54:00,stop,608,1,-1.0735833333333327,-0.014491563554555793,3.888888888888853,0.5397382851321405,2,0.617035774951881,62.202090541945395,0.3533075474194787,0.5397382851321405,43.9619062093159,-0.10590078681936668,1.2329085698510205,0.8553712451955077,True,True,0.06056951402796584,True,True,POC,swing_high,limit,CTVA,XLB,Improving,63.1,2024-02-27,38,-29.373240000000227
2024-03-01 10:00:00,139.87,137.09,149.55,244.65,2024-03-06 15:54:00,stop,612,3,-1.0498129496402877,-0.020865660970901558,3.4820143884892096,0.04058869855893444,2,0.6262872336071476,72.75612758787491,0.07282970860641554,0.04058869855893444,19.637201408922632,-0.17751111797373897,1.040210683480318,0.699127076181703,True,True,0.06156787869259639,True,True,POC,LRC_upper,limit,EL,XLP,Improving,44.1,2024-02-29,144,-420.2611200000002
2024-03-05 10:00:00,81.99,81.32,85.75,86.86,2024-03-14 15:54:00,lrc_break,618,8,2.055641791044783,0.016798146115380025,5.611940298507456,0.9643635654074806,3,0.61823210290243,11.23784831780771,0.40137217908998896,0.9643635654074806,36.39450726956111,0.3335626855082063,1.3773923251959588,0.9002615760372082,True,True,-0.0017866327298280416,True,True,POC,LRC_upper,limit,BRO,XLF,Improving,81.6,2024-03-04,21,28.922880000000166
2024-03-07 10:00:00,139.01,135.64,156.99,159.43,2024-04-04 15:54:00,trail,632,19,-0.22982842537175496,-0.005571698392222252,5.335311572700295,0.8211870876766724,3,1.5166904109964072,71.53231078498831,0.18206347128979838,0.8211870876766724,13.476005027913656,0.27514876222865015,1.379316571528899,0.6300760459372104,True,True,-0.019980261466306493,True,True,swing_low,52w_high,limit,GPC,XLY,Improving,80.4,2024-03-06,144,-111.53113826440539
2024-03-07 10:00:00,343.57,338.11,354.5,366.96,2024-04-09 15:54:00,trail,635,22,2.0560042772396567,0.03267393356151143,2.0018315018315107,0.12556877488413645,3,0.7831752506975007,30.17553126028707,0.05819184130939857,0.12556877488413645,12.224261729479334,0.13273859241399386,1.5229809351712529,0.5787508523075745,True,False,-0.20574975141982454,True,True,swing_low,swing_high,limit,EG,XLF,Improving,42.2,2024-03-04,57,639.8696511625235
2024-03-12 10:00:00,126.77,120.23,139.86,145.39,2024-03-13 15:54:00,lrc_break,617,2,-0.6979434250764531,-0.03600654729036837,2.001529051987773,0.8400887978857607,2,1.3842746112231936,1.4114460323128633,0.43777102959142655,0.8400887978857607,33.232940078902814,-0.007061414092033422,1.4080233371956967,0.8244861159125692,True,True,0.2573451507344173,True,True,AVWAP,swing_high,limit,AVGO,XLK,Improving,77.1,2024-03-11,1,-4.564549999999998
2024-03-14 10:00:00,162.14,151.98,182.47,195.86,2024-05-09 15:54:00,time,569,40,4.958914862204728,0.31073501295177025,2.000984251968506,0.7836011259699922,3,1.742621619569881,52.093126184351014,0.8025310019983172,0.7836011259699922,55.77513043635207,0.3795194473609915,1.8475322239550955,0.9080759410978196,True,True,0.2913245202116159,True,True,VAL,swing_high,limit,CEG,XLU,Improving,77.3,2024-03-13,97,4887.109775000002
2024-03-14 10:00:00,104.14,96.02,120.38,126.19,2024-04-16 15:54:00,trail,640,22,0.9940603448275847,0.07750883426157089,1.9999999999999982,0.6759714538656357,2,1.5941806235339733,53.081063486104505,0.7354029324845908,0.6759714538656357,38.401426366625856,-0.07946488927824895,1.4883521990656947,0.8159169944954778,True,True,0.42301646651055935,True,True,AVWAP,LRC_upper,limit,DELL,XLK,Improving,68.1,2024-03-13,25,201.79424999999983
2024-03-15 10:00:00,184.83,173.27,220.6,242.12,2024-03-25 15:54:00,stop,625,6,-1.0474796712802772,-0.06551352594275825,3.094290657439444,0.7751772832632182,3,1.2627772684406515,29.905376684806388,0.5857482500270376,0.7751772832632182,36.38415092610389,0.13766616570896179,1.2154146096414085,0.5330082226440808,True,True,0.29234912072206676,True,True,POC,LRC_upper,limit,AMD,XLK,Improving,76.8,2024-03-13,10,-121.08865000000007
2024-03-15 10:00:00,55.46,54.64,57.55,61.33,2024-04-15 15:54:00,trail,639,20,0.11412484989098279,0.0016873850867400995,2.5487804878048728,0.08387738350140729,3,0.7685379160487177,71.40827852348494,0.04604280206736396,0.08387738350140729,17.511444089776973,0.13111137601208622,1.1956136030804219,0.8276814220894622,True,True,-0.0273961651890815,True,True,AVWAP,swing_high,limit,EQR,XLRE,Improving,45.9,2024-03-14,2,0.18716475382121184
2024-03-26 10:00:00,60.42,59.52,62.23,64.52,2024-04-15 15:54:00,lrc_break,639,14,-0.0005000000000053735,-7.4478649454623534e-06,2.011111111111109,0.09918606292093692,3,0.8567627462027776,61.08916358218875,0.052030995195757726,0.09918606292093692,18.230669002585813,0.03395080703072897,1.4178006966223147,0.9655614951713134,True,True,-0.07856792911285426,True,True,AVWAP,swing_high,limit,EIX,XLU,Improving,44.7,2024-03-25,29,-0.013050000000140116
2024-04-02 10:00:00,67.4,65.71,74.55,77.7,2024-04-15 15:54:00,lrc_break,639,10,2.3435414201183273,0.058762388724035615,4.230769230769196,0.9214518331935577,3,0.5434635337149677,25.327796314565443,0.9311713234204511,0.9214518331935577,45.17004311595439,0.27725720332535636,1.7239490687848755,0.7458853103688122,True,True,0.5448577163773762,True,True,VAH,52w_high,limit,APP,XLC,Improving,83.4,2024-03-27,308,1219.8601800000004
2024-04-05 10:00:00,16.26,15.6,18.1,21.36,2024-04-10 15:54:00,lrc_break,636,4,-0.26693939393939337,-0.010835178351783525,2.7878787878787796,0.8726616205556232,2,0.6286151141378324,0.3742119997345376,1.1721159082599626,0.8726616205556232,35.698139450228744,-0.10052898627074679,2.0374948031247877,0.6374544892194762,True,True,0.6084942169042076,True,True,POC,swing_high,limit,CVNA,XLY,Improving,75.3,2024-04-04,1275,-224.62950000000018
2024-04-11 10:00:00,108.05,105.13,113.89,116.9,2024-04-15 15:54:00,stop,639,2,-1.0365034246575342,-0.028011013419713113,2.0,0.5967143994566555,2,0.9596120402768015,9.091166443926845,0.16685335686906955,0.5967143994566555,10.716896258083347,0.026652204387438632,0.7783014388102893,0.661659618939652,True,True,-0.11200096139279547,True,True,swing_low,swing_high,limit,ARE,XLRE,Improving,55.7,2024-04-10,194,-587.1584600000004
2024-04-11 10:00:00,15.86,15.57,16.45,17.5,2024-04-15 15:54:00,stop,639,2,-1.054189655172414,-0.01927585119798229,2.0344827586206953,0.20574457116265665,3,0.6702235599201658,72.03605969811387,0.12394058012434742,0.20574457116265665,27.03297869962741,0.19551228012573385,1.3693762051818916,0.890312849009203,True,True,-0.12244176422154562,True,True,VAH,swing_high,limit,DOC,XLRE,Improving,48.5,2024-04-10,1268,-387.6466199999989
2024-04-15 10:00:00,67.24,65.29,71.15,74.73,2024-04-17 15:54:00,stop,641,2,-1.0339820512820515,-0.029986094586555455,2.0051282051282224,0.5243827562666139,3,1.0563644322963062,10.118241152983794,0.22802777534051752,0.5243827562666139,9.882606991545112,0.04505130656801954,1.3510659920487589,0.8518937966908744,True,True,0.12834352051417008,True,True,swing_low,swing_high,limit,KLAC,XLK,Improving,72.7,2024-04-12,246,-496.00118999999717
2024-04-16 10:00:00,328.78,323.39,354.52,362.72,2024-04-16 15:54:00,lrc_break,640,1,-0.42630705009276,-0.006988852728268054,4.775510204081646,0.3163710901343929,3,0.8186286058454684,29.81898209043844,0.07307689578721216,0.3163710901343929,15.922251904534185,0.12025065995390198,1.3218218415931586,0.7476430643496857,True,True,-0.12099116404018229,True,True,swing_low,swing_high,limit,ANSS,XLK,Improving,49.7,2024-04-11,61,-140.1654949999982
2024-04-17 10:00:00,123.05,121.01,127.15,129.39,2024-04-19 15:54:00,stop,643,2,-1.0598186274509807,-0.01757033726127584,2.0098039215686394,0.8283526782987578,3,0.7932401121296458,28.165576945029606,0.2719106351327607,0.8283526782987578,29.63735402957663,0.13280457128677958,1.3831921413890995,0.8314366727741476,True,True,0.10475519157651836,True,True,POC,swing_high,limit,GDDY,XLK,Improving,76.8,2024-04-16,164,-354.5729199999987
2024-04-17 10:00:00,128.59,124.53,136.71,141.98,2024-04-18 15:54:00,stop,642,1,-1.0311724137931033,-0.03255743059335875,2.0,0.3233783418158741,2,0.889094875529882,37.933771444364254,0.14408749264908238,0.3233783418158741,28.74199243963383,0.02430630654516215,1.1507023679617838,-0.12463739655525818,True,True,0.12558901508397535,True,True,swing_low,swing_high,limit,AVGO,XLK,Improving,54.2,2024-04-16,157,-657.2899200000004
2024-04-18 10:00:00,115.16,110.39,126.19,140.76,2024-04-19 15:54:00,stop,643,1,-1.0236425576519916,-0.04239992184786381,2.3123689727463335,0.7283059033213953,2,0.8743635479831046,18.832196294172483,0.7153990251269707,0.7283059033213953,27.680964266077456,0.05157644461676894,1.3979659964074207,-0.014665527426587754,True,True,0.455278279312169,True,True,AVWAP,swing_high,limit,DELL,XLK,Improving,72.8,2024-04-17,173,-844.7200749999993
2024-04-19 10:00:00,61.93,60.87,64.66,66.06,2024-05-24 15:54:00,lrc_break,668,26,-0.8221933962264155,-0.014072743419990348,2.575471698113199,0.7603831532877222,2,0.9622489864194809,35.392673690393536,0.21687113781695047,0.7603831532877222,25.246318674351485,-0.017727271310112258,1.8299293265080654,0.8076298069337636,True,True,0.046598214856085285,True,True,swing_low,LRC_upper,limit,GIS,XLP,Improving,70.6,2024-04-18,320,-278.8880000000007
2024-04-19 10:00:00,32.11,31.64,33.05,34.31,2024-05-01 15:54:00,trail,651,8,-0.12411576931980968,-0.0018167054369452012,2.0,0.38158438701793806,3,1.024532443644401,61.97491548673486,0.11295169698026808,0.38158438701793806,20.755324954006863,0.13778920839522468,1.1949318261112907,0.22832939302352617,True,True,-0.035547228525333985,True,True,POC,swing_high,limit,KHC,XLP,Improving,58.6,2024-04-18,617,-35.99233194505152
2024-04-19 10:00:00,27.58,26.97,29.08,29.89,2024-04-19 15:54:00,stop,643,0,-1.0447131147540984,-0.023106417693981127,2.4590163934426252,0.18570643730769337,2,0.8188026507494445,27.33216882520944,0.12525836705660942,0.18570643730769337,18.95997684422627,0.043360797915306844,1.2465543869306732,-0.5492898851937366,True,True,0.19351734405188403,True,True,swing_low,swing_high,limit,FLEX,XLK,Improving,51.0,2024-04-17,83,-52.89382499999996
2024-04-24 10:00:00,76.7,75.76,78.58,87.88,2024-04-25 15:54:00,stop,647,1,-1.0810957446808513,-0.01324941329856581,2.0,0.4229319214797277,2,0.7372587461315655,47.71807852899988,0.07912994600380499,0.4229319214797277,17.25063517634517,0.0948831318053979,1.3125110989461353,-0.04548623248880812,True,True,-0.012371334697449665,True,True,VAL,swing_high,limit,HOLX,XLV,Improving,50.7,2024-04-23,260,-264.2197999999994
2024-04-26 10:00:00,234.86,232.22,240.15,242.86,2024-05-01 15:54:00,stop,651,3,-3.9960984848484706,-0.04491910074086699,2.0037878787878647,0.21180142461288332,2,0.8207931175313863,40.875681999076534,0.04599008552636409,0.21180142461288332,20.33598492729018,-0.027290556128412594,1.3774731563378926,0.21574647198630484,True,True,0.06088515003569395,True,True,AVWAP,swing_high,limit,COR,XLV,Improving,50.7,2024-04-25,84,-886.1748000000018
2024-04-30 10:00:00,50.66,49.69,55.33,56.41,2024-04-30 15:54:00,stop,650,0,-1.0517268041237116,-0.02013768258981443,4.814432989690729,0.47257044663597103,2,1.0264755570032762,42.64519525173368,0.2539250506500816,0.47257044663597103,31.111089378436663,-0.08642039202674427,1.5666449278436043,0.2376741440670169,True,True,0.1948052534027076,True,True,POC,LRC_upper,limit,EBAY,XLY,Improving,71.3,2024-04-29,393,-400.92877499999963
2024-04-30 10:00:00,44.13,43.3,46.78,48.42,2024-04-30 15:54:00,stop,650,0,-1.0526686746987948,-0.019798663041015303,3.192771084337327,0.6932133865088854,2,0.8067737483887059,62.07800037141913,0.2851504417535378,0.6932133865088854,29.970939934429314,0.06201933796302844,1.8042017567688065,-0.6372801084982501,True,True,0.2529104988674076,True,True,POC,LRC_upper,limit,GM,XLY,Improving,67.3,2024-04-29,28,-24.464020000000154
2024-05-01 10:00:00,90.85,89.02,94.9,101.56,2024-05-28 15:54:00,trail,669,18,1.568735553288192,0.03159918615869443,2.213114754098369,0.3370598268576315,3,1.0060689637470444,54.93569928126647,0.09864954262608788,0.3370598268576315,10.728475184234934,0.03615367412545004,1.4457376782175995,0.39675330912236595,True,True,0.033295200886819254,True,True,AVWAP,LRC_upper,limit,CPT,XLRE,Improving,57.6,2024-04-30,217,622.9605755662733
2024-05-01 10:00:00,144.13,140.42,151.55,156.99,2024-05-17 15:54:00,stop,663,12,-1.0383490566037736,-0.02672778047595926,2.0,0.28496055940281023,2,1.2271742292877497,49.64096247838973,0.1264410496001183,0.28496055940281023,29.187775963649802,-0.1128574422800334,1.1656072176379915,0.33457497313019646,True,True,0.0769338441218117,True,True,AVWAP,swing_high,limit,GPC,XLY,Improving,51.9,2024-04-30,7,-26.965925000000055
2024-05-02 10:00:00,493.68,482.15,516.74,529.26,2024-05-14 15:54:00,stop,660,8,-1.042316999132697,-0.024343532247609847,1.9999999999999951,0.7388050175278169,3,0.9019425049435547,58.927370987854346,0.3195777285678345,0.7388050175278169,31.584902587591465,0.02874076671204003,2.075417149062304,0.2822535958689713,True,True,0.16962552154599808,True,True,VAH,LRC_upper,limit,DPZ,XLY,Improving,76.6,2024-05-01,39,-468.69868500000115
2024-05-02 10:00:00,72.41,71.2,74.85,76.76,2024-05-02 15:54:00,stop,652,0,-1.0593429752066117,-0.01770204391658602,2.016528925619843,0.003876577161348347,2,0.8822456477146825,52.33999877486225,0.014242823125013883,0.003876577161348347,19.49722940591274,-0.008413183253782193,1.6815974336782644,0.3064864966781393,True,True,0.12208430958815564,True,True,AVWAP,swing_high,limit,IRM,XLRE,Improving,48.9,2024-05-01,267,-342.24193499999836
2024-05-06 10:00:00,192.97,181.19,232.0,242.36,2024-06-14 15:54:00,trail,682,28,7.241113112666006,0.44203924168111913,3.3132427843803054,0.7400881260565693,2,1.5916087355533834,74.32753596866608,0.4196663814561608,0.7400881260565693,29.936774407666533,-0.008403149160544568,2.2800368578223233,0.7069193012301488,True,True,0.3018624375268115,True,True,VAH,52w_high,limit,FSLR,XLK,Improving,79.2,2024-05-03,83,7079.925934778062
2024-05-06 10:00:00,16.36,16.06,16.97,17.5,2024-05-29 15:54:00,trail,670,16,-0.5875999999999991,-0.010775061124694387,2.0333333333333266,0.7425800583994027,2,0.6974516720010809,61.21280886219391,0.249169435215939,0.7425800583994027,21.503115007683874,-0.03902554758038895,1.9759632615609393,0.19551330518839377,True,True,0.03231884305131594,True,True,swing_low,LRC_upper,limit,DOC,XLRE,Improving,63.6,2024-05-03,184,-32.435520000000025
2024-05-14 10:00:00,32.48,31.75,33.94,34.54,2024-05-16 15:54:00,stop,662,2,-1.0439931506849316,-0.02346413177339892,2.0000000000000098,0.7986927434189791,3,1.1567838518851232,74.00770839423855,0.22761467821014583,0.7986927434189791,28.682576246360462,0.0767889866046943,2.030433214960367,0.8231098162111254,True,True,0.05459335169557766,True,True,VAH,52w_high,limit,FOXA,XLC,Improving,77.5,2024-05-13,622,-474.03552999999806
2024-05-14 10:00:00,183.82,180.96,192.66,199.18,2024-05-21 15:54:00,stop,665,5,-1.0637727272727275,-0.01655091937765197,3.090909090909108,0.3721360495185327,2,0.6335596995928829,65.357615702503,0.10776992015689775,0.3721360495185327,15.478531131650294,-0.12270962530283817,1.3595582483336226,0.6556787912103264,True,True,0.03097171983753655,True,True,AVWAP,LRC_upper,limit,AMZN,XLY,Improving,50.1,2024-05-10,2,-6.08477999999997
2024-05-20 10:00:00,182.71,180.5,187.13,190.34,2024-05-23 15:54:00,stop,667,3,-1.0821742081447963,-0.013089622899677128,1.9999999999999871,0.7128614278134603,2,0.7907834980061287,72.31987419606428,0.1865797575488398,0.7128614278134603,29.879409202516566,-0.053535153676173064,1.2059029379953898,0.6676049787088285,True,True,0.06618183515197651,True,True,VAH,LRC_upper,limit,AVB,XLRE,Improving,62.7,2024-05-17,110,-263.0765500000009
2024-05-22 10:00:00,136.25,134.25,140.25,143.45,2024-05-23 15:54:00,stop,667,1,-1.067625,-0.015671559633027524,2.0,0.7331756484405336,3,0.8215780073098239,73.02706085491825,0.22038360031234996,0.7331756484405336,45.66189487903451,0.14515317238239506,1.3523621621975888,0.6652708808350588,True,True,0.06113162779376369,True,True,VAH,LRC_upper,limit,DGX,XLV,Improving,69.1,2024-05-21,145,-309.61125
2024-05-24 10:00:00,59.92,58.84,62.53,63.33,2024-05-29 15:54:00,stop,670,2,-1.6195138888888958,-0.029190170226969372,2.41666666666667,0.6688280510409751,2,1.1216075055161487,20.22063849287827,0.19471357533063968,0.6688280510409751,23.63505993364165,-0.23291847069119626,1.415863239892527,0.06807959026594622,True,True,0.056671682253249145,True,True,AVWAP,swing_high,limit,EQR,XLRE,Improving,70.6,2024-05-23,345,-603.4308750000016
2024-05-24 10:00:00,285.21,278.33,298.97,308.47,2024-05-29 15:54:00,stop,670,2,-1.040954941860465,-0.02511051505907926,2.0000000000000084,0.5421267694856727,2,1.047988233421422,52.71620869964511,0.30591549278137264,0.5421267694856727,37.439726978194024,-0.022047521535371786,1.2040591767964095,0.7814539711668532,True,True,0.027486390965628438,True,True,VAL,swing_high,limit,AMGN,XLV,Improving,57.8,2024-05-23,65,-465.5150499999997
2024-05-28 10:00:00,134.05,131.26,139.63,143.84,2024-06-14 15:54:00,lrc_break,682,14,-0.7179623655913943,-0.014943043640432708,1.9999999999999796,0.7589267888981347,3,1.1750660069449514,43.53291564575063,0.22795276841750226,0.7589267888981347,43.244430026603176,0.08845608825190449,1.3341845527583034,0.5103093843190277,True,True,0.07270901751834291,True,True,POC,swing_high,limit,DGX,XLV,Improving,70.7,2024-05-24,146,-292.4547900000006
2024-05-31 10:00:00,171.66,168.36,178.26,183.17,2024-07-17 15:54:00,trail,703,31,2.7358506317383853,0.05259412259545977,2.0000000000000084,0.9102817362697428,3,0.9700717547710771,0.04099747932049856,0.34958504695038384,0.9102817362697428,24.956243293750827,0.37930794618891117,1.6668984936197482,0.9150481506472975,True,True,0.20338377141202524,True,True,VAL,swing_high,limit,GOOG,XLC,Improving,82.9,2024-05-30,121,1092.4251572531316
2024-05-31 10:00:00,82.36,79.29,88.5,91.71,2024-05-31 15:54:00,stop,672,0,-1.026327361563518,-0.03825673870811065,2.0000000000000044,0.5268209786694144,2,0.8725087019578609,48.77850827203426,0.3495060944805719,0.5268209786694144,19.95405171868464,0.11194138829182258,0.9851620624870733,0.18183148704061658,True,True,0.33888208012490106,True,True,AVWAP,swing_high,limit,APP,XLC,Improving,65.2,2024-05-30,252,-794.0078999999982
2024-06-03 10:00:00,19.44,17.3,24.8,26.7,2024-06-10 15:54:00,trail,678,5,-0.9398151464106487,-0.10345701714602822,2.5046728971962606,0.8624373903600264,3,2.6830931102103928,74.20900049730125,0.6324468381290062,0.8624373903600264,17.814974990224922,0.24124297168468314,1.1769970532325318,0.5468394694395708,True,True,0.40799938755514153,True,True,POC,52w_high,limit,ECHO,XLC,Improving,85.9,2024-05-31,482,-969.4005272196562
2024-06-07 10:00:00,156.82,155.6,164.46,177.95,2024-06-10 15:54:00,stop,678,1,-1.1280409836065575,-0.008775730136462179,6.262295081967231,0.5683205409894244,3,0.5091567806779818,28.201709294719706,0.3476848431961992,0.5683205409894244,25.616318976156638,0.004692689348158648,1.343710828193001,0.5820396137842354,True,True,0.1179165385202583,True,True,POC,swing_high,limit,GRMN,XLY,Improving,77.7,2024-06-06,132,-181.65971999999985
2024-06-07 10:00:00,489.96,483.17,518.41,527.29,2024-07-01 15:54:00,trail,692,15,-1.064409790617215,-0.014750882680812415,4.18998527245952,0.3506363234356839,2,0.692603827607631,38.97951787779261,0.11067785819090031,0.3506363234356839,21.0255597079575,0.02984058748938787,1.338970846804669,-0.6133499241000275,True,True,0.1058605561229764,True,True,VAL,LRC_upper,limit,DPZ,XLY,Improving,60.5,2024-06-06,20,-144.546849565817
2024-06-10 10:00:00,59.32,58.44,62.07,63.87,2024-08-05 15:54:00,lrc_break,716,39,4.930090909090893,0.07313688469318946,3.124999999999991,0.4714533984262507,3,0.9221033155978033,21.211052116779957,0.15336391124145307,0.4714533984262507,15.43449611901064,0.09305342064310594,1.664476548480943,0.4890208861294093,True,True,-0.009156313965178797,True,True,VAL,swing_high,limit,EQR,XLRE,Improving,66.4,2024-06-07,1,4.338479999999999
2024-06-10 10:00:00,50.93,49.94,53.05,54.46,2024-08-06 15:54:00,time,717,40,3.148974747474743,0.06121117219713335,2.1414141414141343,0.21193184653827335,3,0.8910470008304291,61.866941161832386,0.07874005332236725,0.21193184653827335,27.739279277277486,0.20449299094094275,1.143084789000319,0.8609552935358754,True,True,0.011842312983684433,True,True,VAL,LRC_upper,limit,EBAY,XLY,Improving,52.8,2024-06-07,1,3.1174850000000016
2024-06-11 10:00:00,183.62,181.84,191.14,193.43,2024-06-11 15:54:00,stop,679,0,-1.1026573033707865,-0.010689086156192143,4.224719101123583,0.686241330572206,3,0.6080040308141709,46.644313740531366,0.18242880128056027,0.686241330572206,21.981784263785233,0.029530378108856618,1.230146683798238,0.6109968669429785,True,True,0.036794299110509465,True,True,POC,LRC_upper,limit,AVB,XLRE,Improving,74.9,2024-06-10,112,-219.82576000000014
2024-06-11 10:00:00,225.73,220.51,237.22,246.44,2024-06-20 15:54:00,stop,685,6,-1.042743295019157,-0.024113409825898192,2.2011494252873587,0.6182619981136167,3,0.8571861447596535,31.52319900147824,0.30181518404696916,0.6182619981136167,24.392902841943503,0.30902562369181835,1.203723317971324,0.5008516418813036,True,True,-0.06537140285367382,True,True,VAL,swing_high,limit,BIIB,XLV,Improving,65.3,2024-06-10,37,-201.39543999999995
2024-06-12 10:00:00,281.65,276.86,291.23,298.01,2024-06-13 15:54:00,stop,681,1,-1.058299582463466,-0.017998420024853416,2.0000000000000235,0.702614624683957,2,0.8603488593510029,11.7280552846338,0.3584309428300051,0.702614624683957,27.34891882518141,0.0011923390744320484,1.0705841796460074,-0.5901447229819378,True,True,0.05066370461818703,True,True,AVWAP,swing_high,limit,AMGN,XLV,Improving,66.6,2024-06-11,72,-364.98635999999743
2024-06-14 10:00:00,184.05,182.17,191.5,193.98,2024-08-05 15:54:00,trail,716,34,2.918497364396478,0.029811328688212162,3.962765957446752,0.6548020015380525,3,0.6492954705987368,47.57620032223363,0.16853961637254203,0.6548020015380525,22.42939928070394,0.07436330497304146,1.3079374359513831,0.7266694288421591,True,True,0.04713465956924545,True,True,POC,LRC_upper,limit,AVB,XLRE,Improving,73.3,2024-06-13,108,592.5717048670684
2024-06-17 10:00:00,181.63,179.39,192.05,200.74,2024-06-17 15:54:00,stop,683,0,-1.0805848214285712,-0.013326598028960024,4.651785714285703,0.5742923014402024,3,0.5848863730343851,58.06951260920944,0.2412044855527456,0.5742923014402024,22.50615938131695,0.031174875146159447,1.2950435414883974,0.8662222372851032,True,True,-0.045893541029113916,True,True,POC,swing_high,limit,AMT,XLRE,Improving,64.4,2024-06-14,113,-273.517630000001
2024-06-17 10:00:00,45.75,44.86,47.54,48.45,2024-06-26 15:54:00,stop,689,6,-1.0509044943820225,-0.020443825136612036,2.0112359550561774,0.34707586344768077,3,0.8201537718711314,61.825707710773415,0.12938974840899603,0.34707586344768077,23.659981323532506,0.16740235822123276,1.0508309650952152,0.7353254391754761,True,True,0.08264413479067723,True,True,VAH,LRC_upper,limit,GM,XLY,Improving,62.3,2024-06-14,449,-419.95194500000025
2024-06-26 10:00:00,18.26,18.04,18.86,19.08,2024-06-26 15:54:00,stop,689,0,-1.0824999999999991,-0.013042168674698927,2.7272727272726875,0.7956394743962506,3,0.9019310788691328,46.64825268971757,0.2106172332008267,0.7956394743962506,29.425893596516048,0.15544505713374787,1.610342195535497,0.7951943287266393,True,True,0.08052323356032587,True,True,VAH,LRC_upper,limit,KMI,XLE,Improving,78.6,2024-06-25,1129,-268.87135000000274
2024-06-28 10:00:00,137.78,135.58,142.18,144.86,2024-07-19 15:54:00,trail,705,14,0.5922793338446606,0.009457211020890163,2.000000000000013,0.8376668624095137,3,1.023496262915654,49.799111397173405,0.22233884139380913,0.8376668624095137,27.880219037733166,0.16964689587709791,1.358589384158648,0.726326739299964,True,True,0.011283252812458677,True,True,POC,LRC_upper,limit,EA,XLC,Improving,72.5,2024-06-27,149,194.14916563427875
2024-07-01 10:00:00,251.07,247.67,262.21,267.51,2024-07-31 15:54:00,trail,713,21,1.6390006220609996,0.02219541209625765,3.2764705882352847,0.8201579890752303,3,0.7542473781596708,23.688093937291935,0.2746056022280713,0.8201579890752303,30.57607856553381,0.17707933148428126,1.7035814137904766,0.7767058027538595,True,True,0.07490149916664346,True,True,VAL,swing_high,limit,ESS,XLRE,Improving,75.6,2024-06-28,81,451.38077131560004
2024-07-01 10:00:00,87.97,86.87,90.18,92.19,2024-07-01 15:54:00,lrc_break,692,1,-0.3798227272727277,-0.004749403205638267,2.0090909090909266,0.8018771001173473,3,0.8064741220482542,-7.5480259217926875,0.24192822285044585,0.8018771001173473,30.83908992392804,0.26983014073177297,2.0178303270819447,0.672152502880326,True,True,-0.01998283010127766,True,True,swing_low,swing_high,limit,BRO,XLF,Improving,72.8,2024-06-28,100,-41.780499999999826
2024-07-02 10:00:00,180.54,177.89,188.48,192.06,2024-07-17 15:54:00,trail,703,10,-0.21816296844258393,-0.003202236991098087,2.9962264150943323,0.7863260896937253,3,0.8405768535447979,47.2299810950271,0.24277172796757654,0.7863260896937253,22.14667757685994,0.1454035219461369,2.055293695799136,0.9496180210656427,True,True,0.12449967950149587,True,True,VAH,LRC_upper,limit,GOOGL,XLC,Improving,77.1,2024-07-01,102,-58.969450370030565
2024-07-18 10:00:00,893.26,864.3,951.43,978.97,2024-07-18 15:54:00,stop,704,0,-1.0303446132596685,-0.033404361552067746,2.008632596685079,0.9607069106482273,3,1.4736140802473092,-48.93628696680794,0.42553400110010586,0.9607069106482273,36.44673812536588,0.02655258995277422,1.6890035457717458,0.24679831119002654,True,True,0.09476611942184854,True,True,VAL,52w_high,limit,LLY,XLV,Improving,82.0,2024-07-17,23,-686.2919400000007
2024-07-18 10:00:00,422.17,411.86,442.79,464.62,2024-07-18 15:54:00,lrc_break,704,1,-0.6255242483026215,-0.015276203898903355,2.0,0.8972052491681128,3,1.2177398596880877,-43.25775705354755,0.3039877747553994,0.8972052491681128,27.319147112088622,0.027504360455939705,1.423778335705654,0.1702267028726581,True,True,0.014705391952369862,True,True,swing_low,POC,limit,ISRG,XLV,Improving,73.3,2024-07-17,46,-296.6611300000013
2024-07-18 10:00:00,116.46,114.73,119.93,122.39,2024-08-01 15:54:00,stop,714,10,-1.0668179190751448,-0.015847458354799844,2.0057803468208286,0.7805524797035908,3,0.6840961794960789,52.329476859688015,0.1636925559882791,0.7805524797035908,21.2934103466275,0.06837635314159642,1.4457180031241585,0.8592262207332826,True,True,0.016860647789658456,True,True,VAH,52w_high,limit,APO,XLF,Improving,69.7,2024-07-17,2,-3.6911899999999798
2024-07-19 10:00:00,54.78,53.76,56.83,58.74,2024-07-23 15:54:00,stop,707,2,-1.053205882352941,-0.01961062431544365,2.0098039215686185,0.22499709607808507,3,0.6937484870578724,46.22717845736448,0.12085077882937233,0.22499709607808507,16.878819108099403,0.18929519891849236,1.3273098582446872,0.11870090702694544,True,False,-0.20393313517847467,True,True,swing_low,swing_high,limit,CVS,XLV,Improving,47.1,2024-07-18,377,-404.99979000000116
2024-07-19 10:00:00,225.67,220.37,236.73,246.44,2024-07-26 15:54:00,stop,710,5,-2.7374575471698184,-0.06429088935170821,2.086792452830196,0.09160967482571966,2,0.8148053663947181,45.01123926613772,0.0466798645072097,0.09160967482571966,12.443728286395263,-0.02084635298714867,1.312174300282904,0.5418091681760839,True,True,0.05441997743781202,True,True,VAL,swing_high,limit,BIIB,XLV,Improving,43.6,2024-07-17,81,-1175.1905249999993
2024-07-22 10:00:00,59.64,57.78,78.55,80.23,2024-07-23 15:54:00,stop,707,1,-1.0315645161290323,-0.03217152917505029,10.166666666666668,0.2945791496577467,3,1.50094246040363,72.8895525449438,0.08550269458593406,0.2945791496577467,12.575732122316385,0.18231995962836497,1.4628218642256188,0.28552999877312996,True,True,-0.049057794420582,True,True,VAH,52w_high,limit,ADM,XLP,Improving,63.5,2024-07-19,343,-658.1175299999998
2024-07-24 10:00:00,369.97,363.23,383.46,409.27,2024-08-05 15:54:00,trail,716,8,-1.5155853115727016,-0.027610468416358145,2.001483679525213,0.6267107340891844,2,0.9525555759800183,32.03999566841216,0.31154668575650063,0.6267107340891844,25.413073505729866,0.036329447836241265,1.0881530667170698,-0.27680599822282637,True,True,0.08232049834477517,True,True,swing_low,swing_high,limit,CASY,XLP,Improving,60.6,2024-07-23,55,-561.8274750000012
2024-07-24 10:00:00,102.9,101.54,106.17,108.3,2024-07-31 15:54:00,stop,713,5,-3.3681323529411813,-0.04451564625850344,2.4044117647058805,0.6634675289963861,2,0.6552620764867516,45.41655279016389,0.1645419528254335,0.6634675289963861,20.525846751739756,-0.003457156869459966,1.148932458737812,0.2664335514921785,True,True,-0.08552124689183771,True,True,swing_low,52w_high,limit,BG,XLP,Improving,55.9,2024-07-23,194,-888.6480400000008
2024-07-29 10:00:00,127.69,125.34,132.4,135.33,2024-07-30 15:54:00,stop,712,1,-1.2920148936170228,-0.023778173701934344,2.0042553191489443,0.6843749339816162,2,0.9933485286966293,28.792446088745855,0.17084163445737172,0.6843749339816162,30.359714136070092,-0.12172033126627946,1.4741255851918007,0.8523626119348037,True,True,-0.03333842723177882,True,True,POC,52w_high,limit,KMB,XLP,Improving,59.4,2024-07-25,134,-406.8554899999995
2024-07-31 10:00:00,19.56,18.91,20.86,24.8,2024-08-05 15:54:00,stop,716,3,-2.2136153846153865,-0.07356083844580769,2.0000000000000053,0.20963859315071556,2,0.8451069900661512,59.60131809987591,0.1525811002420105,0.20963859315071556,21.962753990519516,-0.04288734319673788,1.5340002810090325,0.9710177437092448,True,True,0.15145092117471104,True,True,swing_low,swing_high,limit,ECHO,XLC,Improving,53.1,2024-07-30,857,-1233.0944499999985
2024-08-16 10:00:00,1725.45,1680.11,1816.13,1869.81,2024-09-03 15:54:00,stop,736,11,-1.037555800617556,-0.02726406444695595,1.999999999999995,0.9040243279317296,2,0.84667362680968,46.12666055847367,0.46708838438154965,0.9040243279317296,28.477677325455623,-0.12352167107885376,2.13307633935791,0.6323564089676732,True,True,0.20996087212041492,True,True,VAH,LRC_upper,limit,FICO,XLK,Improving,75.2,2024-08-15,11,-517.4705800000016
2024-08-16 10:00:00,481.89,472.4,500.87,512.58,2024-10-11 15:54:00,time,764,40,4.091511591148578,0.08057532839444695,2.0,0.7760459621130775,2,0.8391447387656652,49.81255824675333,0.22240162066960167,0.7760459621130775,13.897994524163554,-0.11337587574562084,1.130051681721554,0.5301699375925126,True,True,0.045408786588216454,True,True,POC,LRC_upper,limit,IT,XLK,Improving,65.2,2024-08-15,39,1514.3093550000017
2024-08-16 10:00:00,72.05,70.99,74.17,76.33,2024-10-10 15:54:00,lrc_break,763,39,-0.3697075471698041,-0.005439139486467636,2.0,0.7737024969811874,2,0.6774918412622764,40.75146264343562,0.29237133216233274,0.7737024969811874,32.718049436874416,-0.09500244079058419,1.7282401410958745,0.8363015169487841,True,True,0.05091718988124905,True,True,POC,swing_high,limit,CTSH,XLK,Improving,64.8,2024-08-15,266,-104.2427399999982
2024-08-22 10:00:00,3180.0,3142.49,3318.96,3378.69,2024-08-23 15:54:00,stop,730,1,-1.084277392695281,-0.01278969968553466,3.704612103439062,0.719451325786173,3,0.6407496271632482,56.717173015691266,0.23500027585196195,0.719451325786173,34.526178722265854,0.13299359879784128,1.9304193612731053,0.9246194167738269,True,True,0.07250854325745326,True,True,POC,LRC_upper,limit,AZO,XLY,Improving,73.1,2024-08-21,6,-244.0274700000013
2024-08-22 10:00:00,231.4,225.56,243.08,249.91,2024-10-17 15:54:00,time,768,40,6.638542808219176,0.16754144338807264,2.0,0.5585811566161459,3,1.0555050220334805,46.84523338932712,0.21156162299800027,0.5585811566161459,23.496717151073796,0.10606524532832991,1.7627431817749868,0.3646490334390662,True,True,0.02325658722005941,True,True,swing_low,swing_high,limit,LOW,XLY,Improving,64.2,2024-08-21,83,3217.834470000001
2024-08-23 10:00:00,197.0,192.67,213.87,222.09,2024-10-03 15:54:00,stop,758,28,-1.0449965357967668,-0.02296870558375641,3.896073903002299,0.48890913100823324,2,0.6396690855603235,23.823259902695973,0.2958114076340944,0.48890913100823324,18.206328087673793,-0.0001524113020652116,1.6568366193036024,0.1785389889401965,True,False,-0.007857181674016278,True,True,AVWAP,swing_high,limit,EPAM,XLY,Improving,55.2,2024-08-21,3,-13.574505000000038
2024-08-27 10:00:00,183.22,176.05,200.14,211.51,2024-10-04 15:54:00,lrc_break,759,28,-0.414480474198047,-0.016219981443073857,2.359832635983266,0.7975968576456495,2,1.3748851304782568,59.90154340622149,0.5920718059646847,0.7975968576456495,33.57823993808987,0.048986223554922284,1.2685621232620685,-0.2732662363634041,True,True,0.2545336302182677,True,True,VAH,LRC_upper,limit,DHI,XLY,Improving,70.5,2024-08-23,103,-306.0979749999992
2024-09-16 10:00:00,149.51,146.37,159.62,165.09,2024-10-31 15:54:00,lrc_break,778,34,-0.20677070063694356,-0.00434258578021537,3.2197452229299546,0.15799647419147514,3,0.8126869049358468,58.64596904960927,0.18587829855442745,0.15799647419147514,22.53726337878704,0.11721342762887864,1.4963576680028687,0.7264528493721735,True,True,0.04625761101348691,True,True,swing_low,swing_high,limit,KEYS,XLK,Improving,57.8,2024-09-13,124,-80.50824
2024-09-18 10:00:00,36.6,36.11,37.58,38.97,2024-11-12 15:54:00,time,786,40,12.510846938775462,0.1674949453551913,1.9999999999999856,0.7732318853825458,2,0.7764279687867326,23.72942797575586,0.2559865173795236,0.7732318853825458,26.35477467402973,0.007792108367766379,1.308861432708024,-0.4331697142470687,True,True,0.17672855448705782,True,True,VAL,swing_high,limit,FOX,XLC,Improving,70.6,2024-09-17,2,12.260630000000003
2024-10-11 10:00:00,108.99,105.01,117.51,120.81,2024-10-14 15:54:00,stop,765,1,-1.0268844221105529,-0.03749885310578943,2.140703517587948,0.7040869916652283,2,1.5631271498085113,26.96300744725263,0.3027572987990661,0.7040869916652283,19.70734251824552,0.10779296293126564,2.0502797093173597,-0.10395370542638518,True,True,0.14378403351780467,True,True,VAL,LRC_upper,limit,ACGL,XLF,Improving,71.8,2024-10-10,183,-747.9209999999981
2024-10-11 10:00:00,201.3,198.26,207.38,215.92,2024-11-06 15:54:00,stop,782,18,-1.0657171052631575,-0.016094287133631497,1.9999999999999813,0.3180883438400635,2,0.7314123291633648,23.234129237746075,0.1011996810597256,0.3180883438400635,20.54309175050428,-0.023527897414459986,1.763260453819114,0.7189527379562365,True,True,0.18588424299098016,True,True,swing_low,swing_high,limit,CBOE,XLF,Improving,56.0,2024-10-10,90,-291.5802000000018
2024-10-14 10:00:00,271.01,266.05,281.0,285.96,2024-10-18 15:54:00,stop,769,4,-1.054139112903226,-0.019292756724844026,2.0141129032258167,0.8575409121322076,3,0.9382578987993715,49.38202708753733,0.3095445601913149,0.8575409121322076,18.425070123370094,0.06811579480204344,1.1941538171787964,0.1268539726867129,True,True,0.09603947770069543,True,True,VAH,LRC_upper,limit,AXP,XLF,Improving,78.4,2024-10-11,74,-386.9112199999985
2024-10-16 10:00:00,80.97,79.41,84.09,87.02,2024-10-23 15:54:00,stop,772,5,-1.1218814102564099,-0.021614610349512186,2.0,0.7526062713535817,3,0.8536745802233128,58.62555946340571,0.40151884380246905,0.7526062713535817,30.334222693462475,0.12857945875360963,1.0937698333354078,0.30525333621361483,True,True,0.009350825494786497,True,True,swing_low,swing_high,limit,EXE,XLE,Improving,70.3,2024-10-15,242,-423.53267000000045
2024-10-24 10:00:00,156.91,154.65,161.43,163.37,2024-11-01 15:54:00,trail,779,6,3.83457722438623,0.0552300333128089,2.0000000000000124,0.7777893462377408,2,0.9171418182021096,54.7101652796692,0.22207654600826104,0.7777893462377408,32.46935656042559,0.13103215070157928,1.1121714879848479,-0.06549771430756898,True,True,0.05284863312041699,True,True,VAH,LRC_upper,limit,DLR,XLRE,Improving,69.5,2024-10-23,126,1091.9342104162185
2024-10-24 10:00:00,251.05,247.99,257.18,262.56,2024-10-25 15:54:00,stop,774,1,-1.0815424836601306,-0.013182712607050397,2.003267973856206,0.8102891558861613,3,0.8564610161421381,44.968413586032284,0.1297298967368926,0.8102891558861613,26.281701169443863,0.10865441638231914,1.5913908458703037,0.8466725440367494,True,True,-0.011695527442118991,True,True,POC,swing_high,limit,ECL,XLB,Improving,68.0,2024-10-23,79,-261.4520800000002
2024-10-24 10:00:00,462.8,456.76,474.88,483.2,2024-10-31 15:54:00,stop,778,5,-3.3233427152317776,-0.04337292566983579,1.9999999999999907,0.569555187835941,3,1.09315919503383,31.4786169762279,0.09306143043073704,0.569555187835941,14.995772675711477,0.1431875197708328,1.4128766450460808,0.12327506904824333,True,True,0.00370181202920139,True,True,AVWAP,swing_high,limit,LIN,XLB,Improving,63.2,2024-10-23,42,-843.0655800000002
2024-10-24 10:00:00,99.25,97.78,102.21,103.94,2024-10-25 15:54:00,stop,774,1,-1.0670170068027212,-0.01580367758186397,2.013605442176868,0.48762718283095785,2,0.9592556468821473,33.80863965050571,0.09858536223949976,0.48762718283095785,13.465794603074425,0.10103117494762812,1.2262281655183205,-0.01817205414743938,True,True,-0.0025760647802535175,True,True,VAL,swing_high,limit,IFF,XLB,Improving,55.2,2024-10-23,22,-34.507329999999975
2024-10-28 10:00:00,62.76,61.23,66.02,67.35,2024-10-29 15:54:00,lrc_break,776,2,-0.857604575163398,-0.020907186105799874,2.1307189542483633,0.406078808047945,2,1.4106994300742066,20.13670543855875,0.10222270015658692,0.406078808047945,14.757632049289697,-0.08673137485363898,1.14483881194499,0.6935255436006169,True,True,-0.016963412079186502,True,True,swing_low,swing_high,limit,BALL,XLB,Improving,50.1,2024-10-23,321,-421.195335
2024-10-28 10:00:00,19.61,19.25,20.33,20.67,2024-11-14 15:54:00,stop,788,13,-1.192791666666669,-0.021897246302906688,2.0,0.10546850086483776,2,0.8453562865362273,39.04354857702113,0.03651840770974701,0.10546850086483776,16.89865038892218,0.06861430526807986,1.1540994883672686,-0.28514279114612634,True,True,-0.029371508209763086,True,True,VAL,LRC_upper,limit,DOC,XLRE,Improving,45.1,2024-10-25,82,-35.21121000000001
2024-10-30 10:00:00,68.89,68.05,72.48,74.13,2024-10-31 15:54:00,stop,778,1,-3.2351964285714225,-0.03944788793729142,4.27380952380951,0.054717314752254886,2,0.7761833178775198,50.57026264299962,0.03367028570195353,0.054717314752254886,18.587407410640964,0.12310402127949864,0.8198594113424738,0.4920425001967396,True,True,0.011729585946176568,True,True,swing_low,LRC_upper,limit,EQR,XLRE,Improving,43.2,2024-10-28,286,-777.2235900000016
2024-11-01 10:00:00,116.52,113.73,122.1,124.37,2024-11-01 15:54:00,stop,779,0,-1.041263440860215,-0.024932415036045246,2.000000000000005,0.8701725140051692,2,1.1942888456313472,13.546812333640029,0.2693828461527508,0.8701725140051692,34.51590514663611,-0.06133372431804978,2.171160793725419,0.9595681600535185,True,True,0.0901896532748383,True,True,VAL,swing_high,limit,IRM,XLRE,Improving,74.4,2024-10-31,167,-485.15587499999873
2024-11-05 10:00:00,80.61,79.46,83.69,86.49,2024-12-18 15:54:00,lrc_break,811,31,8.117113043478223,0.11580052102716787,2.678260869565203,0.7963710737192984,2,0.5148906036519139,17.621023467328843,0.41935320323003505,0.7963710737192984,18.855621502905322,0.11535141262483045,1.0903431901762048,-0.6182953967119053,True,True,0.1177519961311082,True,True,swing_low,swing_high,limit,EXE,XLE,Improving,68.1,2024-11-04,239,2230.9885200000003
2024-11-05 10:00:00,140.67,138.73,144.55,148.25,2024-12-06 15:54:00,lrc_break,803,23,1.813144329896922,0.025005331627212805,2.0000000000000147,0.4887616864000087,3,0.8033936000690848,65.82340687521582,0.13396665937973726,0.4887616864000087,14.161210792303393,0.0625762306002184,1.5056526290842456,0.36497946300890527,True,True,-0.0068974418656759795,True,True,VAH,swing_high,limit,CVX,XLE,Improving,59.5,2024-11-04,137,481.89750000000345
2024-11-26 10:00:00,317.7,309.35,334.42,344.38,2024-12-05 15:54:00,stop,802,6,-2.0741550898203664,-0.05451430594900847,2.00239520958085,0.5086409682740546,3,1.4974582773120788,61.839967717178446,0.22189847426853965,0.5086409682740546,31.390012308572917,0.17798195793311447,2.292335929948257,0.9291921052926975,True,True,0.1326747533019248,True,True,VAH,LRC_upper,limit,APD,XLB,Improving,67.4,2024-11-25,63,-1091.1092849999995
2024-11-27 10:00:00,54.37,52.05,59.02,61.76,2024-12-09 15:54:00,stop,804,7,-1.0229353448275862,-0.04364925510391761,2.0043103448275885,0.680131361505496,3,1.7545671986680633,58.0945965362742,0.47237762565647456,0.680131361505496,39.710422616901965,0.29250541145013315,1.6532704469822879,0.8679313808023827,True,True,0.13888069488626908,True,True,POC,LRC_upper,limit,IP,XLB,Improving,72.9,2024-11-26,370,-878.0877
2024-11-29 10:00:00,75.71,73.29,83.95,86.11,2024-12-02 15:54:00,stop,799,1,-1.0307851239669423,-0.03294809140139992,3.404958677685972,0.5298903215396976,2,0.959939227063297,36.41149905151614,0.37940874918852435,0.5298903215396976,32.55869579876295,0.22239973172336652,1.0989831918727517,-0.4793627625754897,True,True,0.0640847167374301,True,True,POC,swing_high,limit,INCY,XLV,Improving,67.9,2024-11-27,227,-566.2514999999971
2024-12-03 10:00:00,107.41,102.91,146.88,151.67,2024-12-04 15:54:00,stop,801,1,-1.0233688888888888,-0.042874592682245596,8.77111111111111,0.5825456100350116,3,1.0424222845298678,73.36895917452372,0.2954051681013055,0.5825456100350116,22.403018384460815,0.19358530850728814,1.4926189710157105,0.8860649189720895,True,True,0.2119009490801489,True,True,POC,52w_high,limit,ALB,XLB,Improving,81.5,2024-12-02,154,-709.19464
2024-12-03 10:00:00,88.31,86.11,92.73,95.72,2024-12-04 15:54:00,stop,801,1,-1.039640909090909,-0.02589978484882802,2.0090909090909075,0.6560759532773772,3,1.239353250853578,56.532651258959035,0.22543198243940846,0.6560759532773772,27.922088185572765,0.11575025584935757,1.8102447437920344,0.12487113096926462,True,True,0.08567345665876824,True,True,POC,LRC_upper,limit,GILD,XLV,Improving,68.9,2024-12-02,1,-2.2872100000000026
2024-12-05 10:00:00,39.53,38.1,42.39,43.78,2024-12-09 15:54:00,stop,804,2,-1.0271433566433568,-0.03715696939033645,2.0,0.8111927645106255,3,1.2426818944932332,35.38945160423136,0.40175021794115934,0.8111927645106255,28.768493983521434,0.07515018467958919,1.93754847873328,0.8230494695520921,True,True,0.17132742361983144,True,True,swing_low,LRC_upper,limit,FLEX,XLK,Improving,80.1,2024-12-04,402,-590.4636299999999
2024-12-06 10:00:00,2363.51,2275.65,2539.25,2630.76,2024-12-09 15:54:00,stop,804,1,-1.0264008650125198,-0.03815493905251094,2.0002276348736574,0.8090723721892552,3,1.6326555586496825,42.587139246977856,0.4473837905356634,0.8090723721892552,38.728721634534175,0.26384668105293335,1.6011812105914152,0.9295919728265833,True,True,0.21221893479431575,True,True,VAL,LRC_upper,limit,FICO,XLK,Improving,80.3,2024-12-05,8,-721.436640000001
2024-12-09 10:00:00,99.98,97.53,104.88,108.23,2024-12-09 15:54:00,lrc_break,804,1,-0.775134693877549,-0.018994598919783928,1.9999999999999942,0.8647661513840483,3,1.4303660985680597,42.12135417223888,0.2984160786253389,0.8647661513840483,38.00687605116722,0.027098673978185522,2.4020000330768867,0.9632477663004376,True,True,0.07306907916946015,True,True,VAL,LRC_upper,limit,CRH,XLB,Improving,74.6,2024-12-05,191,-362.72427999999945
2024-12-09 10:00:00,97.27,93.64,104.54,109.36,2024-12-18 15:54:00,stop,811,7,-1.0262961432506887,-0.038300143929269,2.0027548209366444,0.7302024713043094,3,1.38749890025757,61.61897569590384,0.4672528376442997,0.7302024713043094,36.12602587375534,0.13640355113675234,1.4394975415305744,0.05683574476520042,True,True,0.1633409075834722,True,True,POC,LRC_upper,limit,FTNT,XLK,Improving,74.3,2024-12-05,7,-26.078184999999966
2024-12-10 10:00:00,256.33,252.37,264.26,268.94,2024-12-18 15:54:00,stop,811,6,-1.064229797979798,-0.01644111106776413,2.0025252525252646,0.816461964323976,3,0.9228587496472357,68.75853663751357,0.33388073643957855,0.816461964323976,40.917854450244334,0.10283362121250442,1.606828978852515,0.9139742068730504,True,True,0.1474198879003934,True,True,VAH,LRC_upper,limit,FFIV,XLK,Improving,77.3,2024-12-05,73,-307.6475499999985
2024-12-10 10:00:00,88.4,86.33,94.36,98.95,2024-12-10 15:54:00,stop,805,0,-1.0422053140096617,-0.024404581447963883,2.879227053140083,0.837746248853396,3,0.6790906607195476,56.161018054898534,0.47496958906972536,0.837746248853396,29.90107679784902,0.16812716997169266,1.4021340675629852,0.7309067170578833,True,True,0.31482148195846626,True,True,POC,swing_high,limit,CRWD,XLK,Improving,76.6,2024-12-05,213,-459.51874500000156
2024-12-10 10:00:00,118.74,116.36,123.52,126.67,2024-12-11 15:54:00,stop,806,1,-1.049390756302521,-0.02103377126494859,2.0084033613445422,0.7265047641314755,2,0.896035969888945,29.017144633237564,0.2513247494183199,0.7265047641314755,31.377450722386744,-0.01366990326326138,1.2603430351387275,0.010560775731174147,True,True,-0.03373040132437566,True,True,AVWAP,swing_high,limit,CAH,XLV,Improving,61.7,2024-12-09,158,-394.6128999999993
2024-12-10 10:00:00,20.88,20.44,22.02,23.04,2024-12-10 15:54:00,lrc_break,403,1,-0.11560227272726784,-0.0024360632183906892,2.5909090909091055,0.5759819831299454,3,0.8593584500109381,14.109452215044627,0.1958419910900369,0.5759819831299454,19.261273516543945,0.08870528264185579,1.191183735157264,0.14069637270000118,True,True,-0.0936411643354167,True,True,swing_low,POC,limit,KVUE,XLP,Improving,59.2,2024-12-05,727,-36.97885499999824
2024-12-11 10:00:00,28.7,28.18,29.74,30.7,2024-12-17 15:54:00,lrc_break,810,5,-0.5549423076923042,-0.010054703832752544,2.0,0.7846248702649594,3,0.7789041451485299,5.288277819780137,0.30694784167271394,0.7846248702649594,40.927183150739495,0.034799596394607904,1.2443435370054217,0.5970519041149687,True,True,0.055114268780988684,True,True,AVWAP,POC,limit,GEN,XLK,Improving,72.0,2024-12-10,652,-188.14763999999872
2024-12-11 10:00:00,146.01,141.8,155.49,162.22,2024-12-11 15:54:00,stop,806,0,-1.034181710213777,-0.02981922471063612,2.2517814726841006,0.004176189026307889,3,0.8372574838428898,69.27777672282986,0.01763357996414715,0.004176189026307889,15.438730158770799,0.02962294248480812,1.1258371965510743,0.040292031195507845,True,True,0.09100291804709415,True,True,AVWAP,LRC_upper,limit,ILMN,XLV,Improving,48.9,2024-12-10,101,-439.744404999998
2024-12-13 10:00:00,971.62,956.92,1006.57,1034.83,2024-12-13 15:54:00,stop,808,0,-1.0655965986394556,-0.016121806879232668,2.377551020408159,0.8100397887425506,3,0.97494434565697,69.05157192872807,0.2543803660605805,0.8100397887425506,41.030178676440535,0.15867423413608595,1.3389219842393798,0.8659123334346626,True,True,-0.0012408286532092916,True,True,POC,LRC_upper,limit,COST,XLP,Improving,68.6,2024-12-11,19,-297.62113000000085
2024-12-13 10:00:00,539.41,531.0,556.23,575.95,2024-12-18 15:54:00,stop,811,3,-1.063639120095125,-0.01658331324966161,2.0000000000000133,0.8364173280178915,2,0.8179135315921781,18.042967949664806,0.27797892881629904,0.8364173280178915,19.63349795531794,-0.03368726688389914,1.082026603351279,0.23973557872532814,True,True,0.009661670720031212,True,True,VAL,52w_high,limit,ISRG,XLV,Improving,64.0,2024-12-11,26,-232.57532999999916
2024-12-13 10:00:00,76.19,74.71,79.15,82.63,2024-12-17 15:54:00,stop,810,2,-1.0509797297297296,-0.02041540884630534,2.0,0.3364279883348636,3,0.6681069889685323,74.69444808688066,0.15014414008650379,0.3364279883348636,23.27983244103437,0.21821366287567073,1.5834748051616412,0.7838359246228336,True,True,0.03438625188646505,True,True,POC,LRC_upper,limit,HSIC,XLV,Improving,56.9,2024-12-11,3,-4.666350000000012
2024-12-19 10:00:00,58.18,56.64,61.27,63.3,2025-01-07 15:54:00,stop,823,11,-1.0372792207792207,-0.027456342385699536,2.0064935064935097,0.7962598176308661,3,1.1328549823336578,31.04527265474411,0.21881407613952025,0.7962598176308661,24.91433822507532,0.01972011251567595,1.0744153026318441,0.30546023422123175,True,True,0.0842073942932906,True,True,AVWAP,swing_high,limit,KR,XLP,Improving,73.3,2024-12-18,313,-499.98932999999977
2024-12-19 10:00:00,952.19,939.43,977.71,998.61,2024-12-19 15:54:00,lrc_break,812,1,-0.5853393416927927,-0.007843949211817068,1.9999999999999822,0.8319309879355303,2,0.7309946404913543,5.502094312064741,0.2642319835651842,0.8319309879355303,34.241820452860686,-0.008289853277033438,1.2425092061409289,0.8746756489513641,True,True,0.0412934198862589,True,True,AVWAP,POC,limit,COST,XLP,Improving,66.5,2024-12-18,19,-141.90967000000182
2024-12-19 10:00:00,29.22,28.84,30.33,31.2,2024-12-30 15:54:00,stop,818,6,-1.0763947368421054,-0.01399828884325801,2.9210526315789536,0.28302053249081094,3,0.6168380441985216,41.73041158031231,0.11379868867951302,0.28302053249081094,19.91468150566461,0.20899808897980984,1.1393186477179562,0.2594395089197748,True,True,-0.027091364643848537,True,True,swing_low,swing_high,limit,HRL,XLP,Improving,54.3,2024-12-18,624,-255.23471999999936
2024-12-27 10:00:00,79.87,77.52,84.58,117.19,2024-12-31 15:54:00,stop,819,2,-1.0334872340425532,-0.030408100663578422,2.004255319148926,0.6477714906850452,3,0.9342060619188545,54.707268687788776,0.25967515449704115,0.6477714906850452,20.39358757691752,0.10502426477045179,1.3248276061024578,0.6719306326268707,True,True,0.1316771926456095,True,True,POC,LRC_upper,limit,DXCM,XLV,Improving,70.8,2024-12-26,230,-558.599850000002
2024-12-27 10:00:00,53.11,52.29,55.43,57.77,2024-12-30 15:54:00,stop,818,1,-1.0642682926829268,-0.016431933722462818,2.8292682926829262,0.4668114117278114,3,0.7165283530735801,32.62213385378725,0.19133846962497347,0.4668114117278114,17.940531811788478,0.1232438711417136,1.1293720088477088,0.09807803832215489,True,True,0.10992904545974458,True,True,AVWAP,swing_high,limit,BMY,XLV,Improving,66.2,2024-12-26,346,-301.9542000000001
2024-12-27 10:00:00,116.22,114.22,121.45,127.07,2025-01-31 15:54:00,trail,839,22,2.60220337415927,0.04478064660401428,2.615000000000002,0.3237885019883145,3,0.8600040158694076,30.508588617390014,0.14987005304879392,0.3237885019883145,18.38755619107872,0.05508657283937596,1.4897555576558865,0.47284872751978746,True,True,0.0398682249540816,True,True,POC,swing_high,limit,CAH,XLV,Improving,60.0,2024-12-26,154,801.4786392410551
2025-01-02 10:00:00,89.25,88.08,91.6,94.49,2025-02-25 15:54:00,trail,855,35,10.490955280620552,0.1375284893930091,2.008547008547001,0.517929583678029,2,0.769711962284929,17.23964123318136,0.12278117942275532,0.517929583678029,10.649088313540641,0.024437405603638284,0.7860797802496768,0.5844950541103955,True,True,0.026490113387701797,True,True,AVWAP,swing_high,limit,BSX,XLV,Improving,58.3,2024-12-31,202,2479.4323710218646
2025-01-03 10:00:00,45.37,44.13,47.93,52.27,2025-01-27 15:54:00,trail,835,14,4.39571154563989,0.12013846851649639,2.064516129032268,0.4233552353859522,3,1.084169346586903,32.237435445389515,0.32649451353083925,0.4233552353859522,26.437150026513162,0.026821391902727792,1.4029663992004384,0.15483326300468486,True,True,0.2423754570330876,True,True,POC,swing_high,limit,IBKR,XLF,Improving,70.7,2025-01-02,398,2169.37156200419
2025-01-03 10:00:00,96.43,93.47,103.24,106.2,2025-01-27 15:54:00,trail,835,14,-0.09197969900916711,-0.002823394265966352,2.3006756756756657,0.6050405692367615,2,1.3819037501583034,47.99815953016323,0.2904656103354576,0.6050405692367615,22.988618141747036,-0.13661926615739883,1.3044617357494033,0.8684414286200629,True,True,0.18624833245958783,True,True,VAH,LRC_upper,limit,EXE,XLE,Improving,68.6,2025-01-02,184,-50.095823268352916
2025-01-03 10:00:00,46.28,44.16,50.53,52.75,2025-01-27 15:54:00,trail,835,14,1.1615484832060132,0.05320835748480452,2.0047169811320713,0.5815767931408806,2,1.634968918118684,52.54321968256416,0.38702870019673086,0.5815767931408806,20.82331150533673,-0.042236132681447915,1.328052634391861,0.16550840198341296,True,True,0.25387528566780504,True,True,VAH,LRC_upper,limit,EQT,XLE,Improving,66.8,2025-01-02,1,2.4624827843967534
2025-01-03 10:00:00,16.51,16.2,17.13,17.57,2025-01-07 15:54:00,stop,823,2,-1.0527580645161287,-0.019767110841914126,1.9999999999999771,0.01197446967311739,2,0.767090950677258,39.43813979270997,0.016076946384417205,0.01197446967311739,15.621423655130311,-0.04205155821471145,1.1318307115345072,0.21797796316657866,True,True,-0.025544691082617588,True,True,AVWAP,swing_high,limit,IVZ,XLF,Improving,41.0,2025-01-02,2,-0.6527100000000046
2025-01-08 10:00:00,53.07,52.32,55.43,57.03,2025-01-08 15:54:00,stop,824,0,-1.07026,-0.01512521198417185,3.146666666666666,0.1716373077690827,3,0.7029972421102397,41.4191588598922,0.09541453417530518,0.1716373077690827,12.549531255014932,0.04415155896542915,1.2353449292111278,0.8504582572282168,True,True,0.03930514329783752,True,True,AVWAP,swing_high,limit,BMY,XLV,Improving,57.3,2025-01-07,334,-268.10013
2025-01-10 10:00:00,39.7,37.64,43.83,48.45,2025-02-20 15:54:00,trail,852,27,8.912590263715288,0.46246690033384164,2.0048543689320346,0.7361569909648437,3,0.8617853057529256,27.47533384717982,0.7062780084562007,0.7361569909648437,17.668671649555066,0.1441087101551112,1.87464701366181,0.11093273355154241,True,True,0.5442056734837595,True,True,POC,swing_high,limit,HOOD,XLF,Improving,74.6,2025-01-08,440,8078.371815031545
2025-01-29 10:00:00,79.74,76.38,86.47,89.94,2025-02-04 15:54:00,stop,841,4,-1.6122232142857114,-0.06793416102332568,2.002976190476192,0.3590410655123224,3,1.3463808913389148,65.24654588016907,0.27576008545088027,0.3590410655123224,20.79982046852912,0.04092424038870538,1.687753377723053,0.66761819179908,True,True,-0.10180685731764316,True,True,VAH,LRC_upper,limit,EL,XLP,Improving,53.5,2025-01-28,250,-1354.2674999999972
2025-01-29 10:00:00,86.83,84.79,90.91,94.13,2025-02-06 15:54:00,stop,843,6,-1.0420637254901963,-0.024482436945755984,2.000000000000007,0.12677465580994374,2,0.8139113944792163,42.871938282205576,0.09590720996311475,0.12677465580994374,21.30439909525038,-0.004743342550085262,1.3431303371543026,0.005213517751871326,True,True,0.041680026596774056,True,True,VAL,swing_high,limit,CF,XLB,Improving,47.6,2025-01-28,207,-440.04266999999834
2025-02-03 10:00:00,261.01,253.83,275.38,290.79,2025-02-06 15:54:00,stop,843,3,-1.4910564066852396,-0.0410167618098923,2.0013927576601738,0.0965968339404062,2,1.1068338225411811,72.45767970713288,0.06936383971435747,0.0965968339404062,23.317578837255073,0.06840391360197358,0.9563775131778932,0.2744081623205459,True,True,-0.03499112738989196,True,True,AVWAP,LRC_upper,limit,EFX,XLI,Improving,39.0,2025-01-29,71,-760.1107349999992
2025-02-04 10:00:00,53.25,52.35,55.11,57.69,2025-02-05 15:54:00,stop,842,1,-1.0586666666666666,-0.017892957746478845,2.066666666666669,0.09385509864882356,3,1.0491078109816527,67.79968509981981,0.059129228516308543,0.09385509864882356,20.767459711324424,0.21400043095431526,1.4227213729945567,0.9389045861192207,True,True,0.07734763840018366,True,True,swing_low,LRC_upper,limit,FTV,XLI,Improving,54.1,2025-02-03,4,-3.811199999999994
2025-02-06 10:00:00,62.51,61.65,65.13,66.72,2025-02-06 15:54:00,stop,843,0,-1.072186046511628,-0.01475091985282354,3.046511627906976,0.11826405836152111,3,0.6279325637867988,63.931382857394745,0.11410802117234223,0.11826405836152111,32.593907555644954,0.32700510947034533,1.086027444554494,0.7861808757551615,True,True,-0.009635008346486118,True,True,AVWAP,52w_high,limit,CTVA,XLB,Improving,52.8,2025-02-05,301,-277.54607999999985
2025-02-07 10:00:00,307.74,303.55,328.17,336.37,2025-02-07 15:54:00,stop,844,0,-1.0729463007159905,-0.014608581919802424,4.87589498806683,0.006078479552717266,3,0.5984312484285755,69.34514420992444,0.030252097965163604,0.006078479552717266,28.03958897979031,0.35554679503622594,1.251483034638792,0.9225632062356728,True,True,0.010240063895344376,True,True,AVWAP,52w_high,limit,APD,XLB,Improving,45.9,2025-02-06,64,-287.72127999999987
2025-02-11 10:00:00,141.38,138.2,147.75,153.41,2025-02-12 15:54:00,stop,847,1,-1.0439591194968554,-0.023481326920356534,2.0031446540880475,0.09749566270672437,3,0.912085105460614,69.14490148105963,0.09401163307271482,0.09749566270672437,20.468898409815974,0.10600513347628582,1.350755882604081,0.8306492056757367,True,True,0.08271445128118504,True,True,swing_low,52w_high,limit,CBRE,XLRE,Improving,50.1,2025-02-10,141,-468.090390000001
2025-02-11 10:00:00,73.47,71.87,78.01,104.17,2025-02-12 15:54:00,stop,847,1,-1.2453187500000056,-0.027120048999591695,2.837500000000014,0.19063794955697938,2,0.586196868238469,55.110020887115176,0.08815316533775486,0.19063794955697938,12.398905253730513,0.01796823028507943,0.9340960124938082,0.1466889680665267,True,True,0.04471968574270524,True,True,AVWAP,LRC_upper,limit,DLTR,XLP,Improving,47.2,2025-02-06,271,-539.9702100000005
2025-02-12 10:00:00,164.78,160.36,174.37,178.85,2025-02-21 15:54:00,lrc_break,853,7,-0.600347285067877,-0.01610350163854842,2.169683257918559,0.8751576110899297,3,1.0497205309222903,32.48319342912566,0.47694592097257915,0.8751576110899297,24.225426930249505,0.09852096721604249,1.8351497282311926,0.6953019035747743,True,True,0.19582805429547956,True,True,POC,swing_high,limit,JBL,XLK,Improving,79.4,2025-02-11,83,-220.24340500000076
2025-02-12 10:00:00,27.29,26.65,28.72,30.03,2025-02-12 15:54:00,stop,847,0,-1.042140625,-0.024440087944301966,2.234374999999998,0.50999034904521,3,0.9655947717613529,43.68646698934213,0.30225696282984904,0.50999034904521,22.028296220819556,0.023146857535773536,1.5882567981213087,0.27533061604979575,True,True,0.15594976018467532,True,True,VAL,swing_high,limit,CTRA,XLE,Improving,69.7,2025-02-11,1,-0.6669700000000006
2025-02-13 10:00:00,41.96,40.54,44.8,47.27,2025-02-21 15:54:00,stop,853,5,-1.0290492957746478,-0.0348248331744519,1.999999999999995,0.6371966743370251,3,0.9272445365712317,45.76114398252349,0.2669832317950378,0.6371966743370251,19.68117571958042,0.10873533192965319,1.4304846074238462,0.8530495830494823,True,True,0.060071814807145296,True,True,AVWAP,swing_high,limit,FLEX,XLK,Improving,65.6,2025-02-12,471,-688.2487500000009
2025-02-13 10:00:00,100.58,98.8,104.42,106.8,2025-02-18 15:54:00,stop,850,2,-1.0560056179775281,-0.0186885066613641,2.1573033707865172,0.03235290053288169,3,0.7947874992689172,74.73172796072835,0.04314151655142316,0.03235290053288169,24.23992076801748,0.3232451650552848,1.4494856140511299,0.8712316313703478,True,True,0.11735052478377117,True,True,swing_low,LRC_upper,limit,AKAM,XLK,Improving,52.5,2025-02-12,189,-355.2614100000002
2025-02-19 10:00:00,306.99,299.67,325.21,333.13,2025-02-21 15:54:00,stop,853,2,-1.041438524590164,-0.02483250268738393,2.4890710382513643,0.7171236769100379,3,1.098201064884057,61.132645106145965,0.4132557695412391,0.7171236769100379,31.70585685046526,0.3443045267768579,2.3907359991886423,0.8987619044522451,True,True,0.2127860013282301,True,True,swing_low,LRC_upper,limit,FFIV,XLK,Improving,78.9,2025-02-18,61,-465.0231299999996
2025-02-25 10:00:00,72.26,70.23,76.32,81.52,2025-02-25 15:54:00,lrc_break,855,1,-0.2719310344827604,-0.007639357874342705,1.999999999999993,0.7841639988690291,3,0.8564283457449989,4.644722858864787,0.3993422455008231,0.7841639988690291,18.504505644863144,0.06044982706619864,1.597405638131493,0.9472883626623189,True,True,0.18287865770723255,True,True,AVWAP,swing_high,limit,KLAC,XLK,Improving,76.3,2025-02-24,269,-148.4933800000011
2025-02-25 10:00:00,289.13,279.7,308.0,330.03,2025-03-03 15:54:00,lrc_break,859,5,-0.558498409331921,-0.018215474008231654,2.0010604453870617,0.7621718589775262,3,1.3556285116228,15.002951804011486,0.4356534998704843,0.7621718589775262,26.43063223495507,0.26008442573676793,1.8994483704426957,0.6033485156662018,True,True,0.20517583005686246,True,True,AVWAP,swing_high,limit,FFIV,XLK,Improving,76.0,2025-02-24,67,-352.8648800000012
2025-02-25 10:00:00,81.8,80.7,87.78,89.08,2025-02-28 15:54:00,stop,858,3,-1.0738636363636367,-0.014440709046454699,5.4363636363636685,0.5235709896192818,3,0.6725416057102233,36.45367905642318,0.24386532963890875,0.5235709896192818,31.38039640286661,0.13297165577118783,1.103960772394071,0.6708439660318167,True,True,0.09501326466521953,True,True,AVWAP,swing_high,limit,CTSH,XLK,Improving,75.8,2025-02-24,238,-281.1374999999986
2025-02-27 10:00:00,72.32,70.33,76.32,81.52,2025-02-27 15:54:00,stop,857,0,-1.0358417085427136,-0.028502834623893736,2.0100502512562866,0.7354690630054765,3,0.8522814354068105,9.589132840085504,0.37760422854531295,0.7354690630054765,16.574461794186053,0.011575327324535326,1.5924906412085744,0.870711878250426,True,True,0.16335100547147818,True,True,AVWAP,swing_high,limit,KLAC,XLK,Improving,74.0,2025-02-26,268,-552.4350999999986
2025-03-25 10:00:00,238.85,233.38,255.02,275.19,2025-03-28 15:54:00,stop,878,3,-1.0431654478976233,-0.023889951852627166,2.9561243144424165,0.36298285173419725,2,0.7623843138635499,23.211967745357583,0.24540612563888997,0.36298285173419725,15.616830296867978,0.14805589282587744,1.1610933124668354,-0.639907839346989,True,True,0.1527476674743775,True,True,VAL,swing_high,limit,IBM,XLK,Improving,62.3,2025-03-24,80,-456.48919999999987
2025-03-26 10:00:00,23.68,22.31,26.42,27.93,2025-03-31 15:54:00,stop,879,3,-1.0167846715328468,-0.05882580236486491,2.0,0.31864588648715086,2,1.0263042272097647,50.18217796556694,0.36630107900182207,0.31864588648715086,23.85443461719852,-0.1558002270987112,1.036409802896982,0.08522331219406891,True,True,0.2849501067892899,True,True,AVWAP,swing_high,limit,INTC,XLK,Improving,56.3,2025-03-25,698,-972.3105100000007
2025-05-13 10:00:00,147.46,144.52,157.94,167.08,2025-05-29 15:54:00,stop,920,11,-1.049656462585034,-0.020927641394276397,3.564625850340135,0.5526940527164891,2,0.7248613703158557,40.46552150596974,0.20369143585510363,0.5526940527164891,22.686255456658802,-0.01207454371117891,2.0542711327322003,0.8679070662336288,True,True,0.1706144826676088,True,True,swing_low,LRC_upper,limit,EA,XLC,Improving,66.7,2025-05-12,127,-391.92072999999976
2025-05-30 10:00:00,90.14,88.43,96.92,121.92,2025-06-04 15:54:00,trail,924,3,-0.9329065801214497,-0.01769769527410332,3.9649122807017694,0.8826094090980783,3,0.6344390435985457,40.58381745728553,0.553857618007965,0.8826094090980783,28.24729227763691,0.058812229016208556,2.1530765896361603,0.9320682407439419,True,True,0.22394357554356925,True,True,VAH,LRC_upper,limit,DLTR,XLP,Improving,86.5,2025-05-29,208,-331.816212417596
2025-05-30 10:00:00,151.48,148.02,161.44,165.36,2025-07-11 15:54:00,lrc_break,949,29,2.2180939306358547,0.050664147082123134,2.8786127167630253,0.754847966762507,3,1.1738632587975018,47.181134964929086,0.3587440971446308,0.754847966762507,23.678704699358928,0.265876842576669,1.4240851007942315,0.912480712793431,True,True,0.19864111252444183,True,True,swing_low,LRC_upper,limit,CAH,XLV,Improving,80.7,2025-05-29,123,943.9764150000016
2025-05-30 10:00:00,995.11,985.23,1032.01,1059.39,2025-06-05 15:54:00,lrc_break,925,5,0.7541158906882525,0.007487277788385135,3.7348178137651815,0.8307860811652408,3,0.5207823274643611,7.882120862362154,0.23466826916491773,0.8307860811652408,22.474922155629628,0.12437286284463096,1.288272108182597,0.6378171459272814,True,True,-0.022721007571915752,True,True,VAL,swing_high,limit,COST,XLP,Improving,72.6,2025-05-29,18,134.11196999999876
2025-05-30 10:00:00,373.11,367.52,384.31,394.45,2025-06-09 15:54:00,stop,927,6,-1.0662459749552768,-0.015974685749510952,2.0035778175312924,0.6256590439296608,3,0.6426169650986927,57.52313279977632,0.2808247618377541,0.6256590439296608,29.34338677426913,0.08366921499193927,1.3533088917089586,0.37971010942321787,True,True,0.16894982749635545,True,True,swing_low,swing_high,limit,HCA,XLV,Improving,71.6,2025-05-29,50,-298.01575000000156
2025-05-30 10:00:00,68.64,67.24,72.66,74.15,2025-06-25 15:54:00,lrc_break,938,18,2.6210642857142714,0.05345993589743582,2.871428571428557,0.5333266846316959,3,1.1016420659523531,63.745457235758316,0.29824566690581655,0.5333266846316959,36.49534606059483,0.33500934192107473,1.3678168763674572,0.9222568585180755,True,True,0.0999463935008249,True,True,POC,LRC_upper,limit,CTVA,XLB,Improving,71.1,2025-05-29,273,1001.7707699999986
2025-05-30 10:00:00,85.07,82.81,89.59,93.25,2025-06-11 15:54:00,lrc_break,929,9,-0.9575353982300915,-0.025438227342188764,2.0000000000000124,0.5845307444093286,3,0.8977409981182536,46.01893096901331,0.5226116202359854,0.5845307444093286,36.407857392496176,0.14412985495019812,1.1478091405293616,0.34757079372698463,True,True,-0.04465149616388664,True,True,swing_low,swing_high,limit,DXCM,XLV,Improving,66.0,2025-05-29,12,-25.96835999999998
2025-06-05 10:00:00,52.14,51.11,54.2,56.18,2025-07-30 15:54:00,lrc_break,962,38,4.73339320388349,0.09350584963559647,2.0,0.385959024715895,3,0.8304698325231391,47.90742552775969,0.19462918774439036,0.385959024715895,18.358310659936848,0.10002143845875541,1.1395727060948702,0.1548684965875312,True,True,0.005057042558620273,True,True,VAL,swing_high,limit,BALL,XLB,Improving,59.2,2025-06-04,353,1721.014435
2025-06-06 10:00:00,26.86,26.19,28.2,29.32,2025-06-09 15:54:00,stop,927,1,-1.0395895522388061,-0.02593168279970209,2.0000000000000053,0.19126553820196762,3,1.202591185424567,59.70265739879493,0.10493481198144013,0.19126553820196762,10.471735424352408,0.12014352822855533,1.4404829765760099,0.24530766670789872,True,True,0.04484913401274149,True,True,swing_low,LRC_upper,limit,KMI,XLE,Improving,56.3,2025-06-05,672,-468.0647999999988
2025-06-10 10:00:00,110.26,107.59,115.62,119.8,2025-06-10 15:54:00,stop,928,0,-1.0407958801498127,-0.025203382913114473,2.0074906367041185,0.5657381571591821,3,1.087909472272501,38.17495029490817,0.25841087409687985,0.5657381571591821,23.403223269657484,0.06703404439313711,1.3160278669711085,0.3705907787518469,True,True,0.09300911928885203,True,True,VAL,swing_high,limit,EXE,XLE,Improving,67.8,2025-06-09,170,-472.4172500000003
2025-06-10 10:00:00,146.47,144.91,151.41,157.95,2025-07-11 15:54:00,trail,949,21,2.1544944978162355,0.022946756445643014,3.1666666666666607,0.24434040983485436,3,0.5148082182991277,36.786176923661465,0.11104451269239328,0.24434040983485436,14.530073828282728,0.029450682449249487,1.3812924910360396,0.4326094897647843,True,True,0.0421854538094073,True,True,POC,swing_high,limit,EA,XLC,Improving,56.9,2025-06-05,117,393.23833574141986
2025-06-11 10:00:00,33.6,32.61,36.24,37.01,2025-06-13 15:54:00,stop,931,2,-1.2757424242424258,-0.0375888392857144,2.666666666666662,0.7800796643295712,3,1.2974510418238534,45.78531607737273,0.5125316272905948,0.7800796643295712,32.94102540163508,0.1415774907584941,1.4936921932336644,0.5781427031835862,True,True,0.0696424674049001,True,True,VAH,LRC_upper,limit,BWA,XLB,Improving,81.4,2025-06-10,546,-689.5898100000022
2025-06-12 10:00:00,364.19,356.24,380.18,404.8,2025-06-16 15:54:00,stop,932,2,-1.0453100628930818,-0.02281835031165048,2.0113207547169853,0.7122338915682135,2,0.8569224306896217,7.637054928375547,0.31681280768590064,0.7122338915682135,27.198591284764777,0.14604626736264179,1.3154566473739513,-0.0347998377725981,True,True,0.0910629168900281,True,True,AVWAP,POC,limit,HCA,XLV,Improving,67.9,2025-06-11,2,-16.620429999999978
2025-06-12 10:00:00,26.12,25.57,27.22,28.18,2025-07-09 15:54:00,trail,947,17,0.33421979298832394,0.007037553068284012,1.9999999999999936,0.42501105903022335,2,1.0061257258077307,26.301880697472672,0.15104269150710964,0.42501105903022335,10.7562479001567,0.10592774467656449,1.3187177312056706,-0.4717035398360511,True,True,-0.02814923135875924,True,True,swing_low,swing_high,limit,KMI,XLE,Improving,52.9,2025-06-11,10,1.838208861435784
2025-06-16 10:00:00,56.1,54.29,59.91,61.63,2025-07-01 15:54:00,trail,942,10,-0.7593310539583819,-0.02449891635765905,2.1049723756906022,0.7266222896267258,2,1.138615733167486,40.41387530356813,0.32645484985441936,0.7266222896267258,24.27361538586376,0.043114414799720176,1.28031319885102,-0.9349674665075156,True,True,0.05647280039637126,True,True,POC,LRC_upper,limit,EQT,XLE,Improving,67.3,2025-06-13,314,-431.55821120670726
2025-06-17 10:00:00,14.19,13.96,14.8,15.2,2025-07-31 15:54:00,lrc_break,963,31,1.4158260869565296,0.022948555320648337,2.652173913043499,0.8262994119473545,3,0.6122741835911908,19.477871641856492,0.3534380487685238,0.8262994119473545,24.88741171949901,0.09810347738821971,1.1813887626164057,0.8046524391768257,True,True,-0.026998126024370683,True,True,POC,swing_high,limit,HST,XLRE,Improving,71.6,2025-06-16,53,17.25891999999999
2025-06-26 10:00:00,21.78,20.96,23.42,24.2,2025-07-31 15:54:00,lrc_break,963,25,1.2045304878048753,0.04534963269054169,2.0,0.8189797641944003,3,1.8116642980129125,38.872589697265084,0.45925685973083025,0.8189797641944003,33.72554037399454,0.14510612335925815,1.5509489543621553,0.6627087312377161,True,True,0.11357564084030525,True,True,VAH,LRC_upper,limit,BEN,XLF,Improving,78.4,2025-06-25,888,877.0909199999984
2025-06-26 10:00:00,304.43,297.39,318.51,325.68,2025-07-16 15:54:00,trail,952,13,0.19541977261387367,0.004519118349708223,1.999999999999992,0.7308842892917716,3,1.1386074330659361,46.03250109459333,0.32962004199488465,0.7308842892917716,14.282759002596187,0.1527514589871569,1.3879222602588028,0.12302767930710903,True,True,0.047705295566017325,True,True,swing_low,swing_high,limit,AXP,XLF,Improving,72.5,2025-06-25,1,1.3757551992016746
2025-07-02 10:00:00,100.91,99.32,109.36,111.54,2025-08-11 15:54:00,lrc_break,970,28,8.347421383647788,0.1315271033594293,5.314465408805022,0.9424651627751602,3,0.5493193346330542,59.92865985102745,0.43354035002968794,0.9424651627751602,34.538755836433886,0.18909458339828927,1.3773977989286053,0.08767166198613076,True,True,0.22093374331351856,True,True,VAH,52w_high,limit,DLTR,XLP,Improving,90.8,2025-07-01,171,2269.5804000000016
2025-07-11 10:00:00,45.11,43.66,48.01,50.09,2025-08-01 15:54:00,trail,964,15,-0.3411599381428994,-0.010966125256200514,1.9999999999999951,0.8416115793614977,3,1.7263296726787585,20.66341093492309,0.3121447134020704,0.8416115793614977,30.778326022468086,0.024692860175873858,1.4731319131311833,0.8419603269600756,True,True,0.06694450343364955,True,True,swing_low,52w_high,limit,BAC,XLF,Improving,73.3,2025-07-10,6,-2.968091461843231
2025-07-14 10:00:00,225.07,221.07,234.39,242.15,2025-08-01 15:54:00,stop,964,14,-2.0202849999999963,-0.0359050073310525,2.3299999999999983,0.7968998372806083,3,0.8722491720055806,51.4886029771847,0.2949870615987752,0.7968998372806083,24.12156465460492,0.039833666429013516,1.221068770980335,0.2746526372014072,True,True,0.03282576277902072,True,True,POC,LRC_upper,limit,AMZN,XLY,Improving,75.5,2025-07-11,87,-703.0591799999986
2025-07-14 10:00:00,68.6,66.5,72.8,77.45,2025-07-22 15:54:00,stop,956,6,-1.0321666666666667,-0.03159693877551012,2.0000000000000067,0.6348433288713872,3,0.7690817779046331,38.77220443314964,0.4626618872630728,0.6348433288713872,31.08943554256349,0.04899837135033545,1.8583572667908395,0.9277337881822394,True,True,0.3673285254153946,True,True,VAH,swing_high,limit,CVNA,XLY,Improving,74.9,2025-07-11,255,-552.7252499999985
2025-07-17 10:00:00,69.12,67.69,72.81,76.6,2025-07-21 15:54:00,stop,955,2,-1.047835664335664,-0.0216783130787038,2.5804195804195666,0.7120658944811281,2,0.7386246382949949,24.208809351851226,0.26914218684834845,0.7120658944811281,29.126222698270013,-0.20015099420480575,1.2394148263404947,0.14281883471016976,True,True,0.00668539124408718,True,True,swing_low,swing_high,limit,INCY,XLV,Improving,65.1,2025-07-16,5,-7.492025000000034
2025-07-22 10:00:00,74.82,73.35,78.11,79.34,2025-07-23 15:54:00,stop,957,1,-1.0503979591836734,-0.02063732959101843,2.238095238095244,0.8584043670511513,3,0.8996090765347003,49.65807110295945,0.400918415588856,0.8584043670511513,40.85089361239035,0.2804308383192744,2.0236158888465727,0.7039397048934349,True,True,0.24410874163753604,True,True,POC,LRC_upper,limit,HAS,XLY,Improving,85.5,2025-07-21,4,-6.176339999999995
2025-07-23 10:00:00,238.25,233.1,248.56,259.91,2025-08-11 15:54:00,trail,970,13,2.600861015491306,0.056220080712613814,2.001941747572814,0.8932032539183846,3,0.8088795173305994,9.07303779075239,0.44476184402602315,0.8932032539183846,22.54592094263793,0.28860367231446843,1.951701630470565,0.8370542699240379,True,True,0.13719588580285214,True,True,VAL,swing_high,limit,DASH,XLY,Improving,78.3,2025-07-22,71,951.0048303143972
2025-07-24 10:00:00,86.42,84.13,91.0,95.05,2025-08-11 15:54:00,lrc_break,970,13,0.45546506550218013,0.01206913908817398,1.9999999999999938,0.907721589811618,3,0.8457573369189393,38.8682300325884,0.6937624553715154,0.907721589811618,40.777557407337504,0.1658508137858327,2.0218389948981055,0.768383524829983,True,True,0.33568689998541745,True,True,POC,swing_high,limit,EL,XLP,Improving,79.0,2025-07-23,4,4.172059999999982
2025-07-31 10:00:00,166.21,163.1,173.2,189.0,2025-08-01 15:54:00,stop,964,1,-1.2971945337620536,-0.024272155706636208,2.247588424437283,0.817474802712013,3,0.7481842230997805,62.0209019119758,0.505935652049414,0.817474802712013,40.37333969741725,0.21527893659378872,1.265612124006995,0.9099107032364876,True,True,0.14380296361798717,True,True,VAH,swing_high,limit,BX,XLF,Improving,76.3,2025-07-30,119,-480.07872500000053
2025-08-01 10:00:00,213.05,210.06,225.01,234.63,2025-09-26 15:54:00,time,1003,40,7.791033444816024,0.10934142220136109,3.999999999999981,0.7502433026417299,3,0.6145624319952779,7.362266665147731,0.29316040247254616,0.7502433026417299,38.43119830392466,0.057773905203186766,1.8006539614823058,0.7661325892825537,True,True,0.028597208694274734,True,True,POC,swing_high,limit,GRMN,XLY,Improving,74.3,2025-07-31,93,2166.4526699999983
2025-08-01 10:00:00,207.77,203.87,217.94,228.28,2025-08-01 15:54:00,stop,964,0,-1.052774358974359,-0.019761370746498558,2.6076923076923006,0.7924506896309507,2,0.8196969051158903,11.174319846298323,0.31657807118527037,0.7924506896309507,27.896267376842523,-0.1785764208554905,1.5158336021185013,0.9124613164510228,True,True,0.046603939687635876,True,True,swing_low,swing_high,limit,COF,XLF,Improving,63.9,2025-07-31,7,-28.740740000000038
2025-08-04 10:00:00,165.56,160.34,180.12,254.15,2025-08-06 15:54:00,stop,967,2,-1.6362777777777773,-0.051590782797777214,2.789272030651342,0.8287770276141093,3,0.7851078969536168,27.38179281310909,0.44062886203690943,0.8287770276141093,31.90918844825522,0.053635925160954744,1.7047828902763251,0.7184531102298543,True,True,0.2788804435387402,True,True,swing_low,swing_high,limit,CRL,XLV,Improving,81.4,2025-08-01,117,-999.3402899999994
2025-08-04 10:00:00,69.22,68.08,71.5,74.21,2025-08-13 15:54:00,trail,972,7,-0.9861957456250807,-0.01624188312644601,2.0,0.38935608904182084,2,0.8210159070561228,39.30423905901788,0.15498191911781706,0.38935608904182084,18.914859742182152,0.13509468942445949,0.9576394683342819,0.7585181658145357,True,True,-0.11014505809000985,True,True,AVWAP,swing_high,limit,KR,XLP,Improving,48.2,2025-08-01,281,-315.9179451535385
2025-08-05 10:00:00,193.46,190.41,199.56,205.84,2025-09-25 15:54:00,trail,1002,36,15.54508313407236,0.24507651999855717,1.9999999999999907,0.7424090475604046,3,0.7054621205519317,70.61359480206008,0.2726707099358654,0.7424090475604046,33.40951679577632,0.09384017948740431,1.3711040455342796,0.9395935425376053,True,True,0.06585778862442071,True,True,POC,LRC_upper,limit,GOOGL,XLC,Improving,71.2,2025-08-04,5,237.06251779460436
2025-08-05 10:00:00,20.99,20.24,22.49,23.47,2025-08-08 15:54:00,stop,969,3,-1.0274866666666667,-0.03671343496903288,2.0,0.36681661352504197,3,1.0211163335008782,26.623346372802903,0.19662461012664684,0.36681661352504197,10.66826002562475,0.137566244544706,1.1430276104087673,0.587228031546709,True,True,-0.050172139333495736,True,True,swing_low,swing_high,limit,HAL,XLE,Improving,56.9,2025-08-04,8,-6.16492
2025-08-07 10:00:00,42.6,41.9,44.01,45.84,2025-08-11 15:54:00,stop,970,2,-1.0603571428571426,-0.01742370892018786,2.0142857142857014,0.6827021512196784,3,0.619509179339341,45.34163085965958,0.3631744584053014,0.6827021512196784,28.657012041458195,0.28422477818566316,1.4224179607531826,0.6950196895016584,True,True,0.056087326547196614,True,True,swing_low,swing_high,limit,BKR,XLE,Improving,69.5,2025-08-06,431,-319.9097500000012
2025-08-11 10:00:00,74.33,71.72,80.37,83.06,2025-09-15 15:54:00,trail,994,24,0.010100791222373215,0.00035467597323280087,2.314176245210731,0.7532040383732099,2,1.6113576013483477,27.228554023035368,0.3249981561987922,0.7532040383732099,21.31387739312334,0.10804659293694184,1.325057779767406,-0.7290315555962865,True,True,0.12044444639262242,True,True,VAL,LRC_upper,limit,HAS,XLY,Improving,70.2,2025-08-08,2,0.052726130180788186
2025-08-12 10:00:00,67.47,64.81,72.8,77.03,2025-08-20 15:54:00,stop,977,6,-1.0248646616541353,-0.04040521713354078,2.0037593984962427,0.2679258194089332,2,0.7569707919861773,36.550101170376045,0.18640007775142522,0.2679258194089332,20.027114705355867,-0.17649458290249925,1.3201955898203974,0.38115920104201045,True,True,0.13946003969577814,True,True,VAL,swing_high,limit,CVNA,XLY,Improving,51.4,2025-08-11,291,-793.306739999999
2025-08-12 10:00:00,79.54,77.67,83.32,95.89,2025-08-13 15:54:00,stop,972,1,-1.0420347593582886,-0.024498428463666136,2.021390374331539,0.0016092777208212385,2,0.8539067834548305,72.86364054054495,0.012937079925556386,0.0016092777208212385,21.628066484147094,0.10717209947749998,0.7697861864043757,0.3870902709542115,True,True,-0.05129753633657619,True,True,VAH,LRC_upper,limit,BG,XLP,Improving,41.0,2025-08-11,246,-479.3568300000011
2025-08-13 10:00:00,113.76,111.61,118.06,122.95,2025-08-14 15:54:00,lrc_break,973,2,0.35153720930232013,0.006643855485231982,1.9999999999999933,0.937027545307066,3,0.8939464837919386,-7.068948031218754,0.46723041158721185,0.937027545307066,47.90414522281565,0.17295727021916368,1.408888206660259,0.6301530028323862,True,True,0.159103615197425,True,True,swing_low,52w_high,limit,DLTR,XLP,Improving,81.7,2025-08-12,146,110.3475299999986
2025-08-14 10:00:00,172.72,169.59,185.18,191.71,2025-10-09 15:54:00,time,1012,40,4.485677316293936,0.08128861741547011,3.980830670926526,0.5619299912887241,2,0.6402038049337655,27.09201205972284,0.24903323277427272,0.5619299912887241,28.59703429228115,-0.04999648782109554,1.3496881912197958,0.5633098177884006,True,True,0.008859459805845349,True,True,VAL,swing_high,limit,HSY,XLP,Improving,63.4,2025-08-13,113,1586.53921
2025-08-18 10:00:00,100.51,95.27,111.0,156.66,2025-09-04 15:54:00,stop,987,12,-1.0186812977099235,-0.05310804895035328,2.0019083969465603,0.4697802293932654,2,1.4825029608800584,30.327554803121632,0.29517306860736764,0.4697802293932654,23.586974207578947,0.0429467790449662,1.4167965396781335,-0.5668167056428342,True,True,0.13222388524200257,True,True,AVWAP,swing_high,limit,ILMN,XLV,Improving,62.3,2025-08-15,186,-992.8475400000017
2025-08-18 10:00:00,156.58,151.03,168.12,180.12,2025-09-08 15:54:00,stop,989,14,-1.0277126126126126,-0.03642741729467372,2.0792792792792736,0.26671711478185345,2,0.9551753886758331,24.918840969047213,0.20633276380354323,0.26671711478185345,22.569035914328435,0.028563371118418092,1.5316166071556678,-0.4837151602489099,True,True,0.03215746440763434,True,True,POC,swing_high,limit,CRL,XLV,Improving,51.6,2025-08-15,106,-604.6033300000012
2025-08-18 10:00:00,77.94,76.12,81.59,83.73,2025-09-10 15:54:00,lrc_break,991,17,0.1438956043956068,0.0033601488324352504,2.005494505494516,0.37102274117484196,2,1.1116670446799848,36.97481186902582,0.08896388970781763,0.37102274117484196,12.632056457434516,-0.0575478361667585,1.0720090178337576,0.37535079025769863,True,True,-0.06861370834222491,True,True,VAL,LRC_upper,limit,EW,XLV,Improving,49.2,2025-08-15,1,0.2618900000000034
2025-08-21 10:00:00,95.97,94.71,98.49,102.44,2025-10-02 15:54:00,lrc_break,1007,30,4.691289682539668,0.06159242471605715,1.9999999999999887,0.9208214612715601,3,0.7330825513845568,0.35544122711088205,0.3499435682857922,0.9208214612715601,33.44633192704056,0.04948666481038962,1.828025360675164,0.18948875564747483,True,True,0.06331536655210956,True,True,VAL,swing_high,limit,BNY,XLF,Improving,75.4,2025-08-20,196,1158.5609000000009
2025-09-05 10:00:00,692.95,673.82,731.23,816.98,2025-10-22 15:54:00,trail,1021,33,4.043275849690394,0.11162113717378919,2.0010454783063243,0.80188892129902,2,0.7836936758067895,17.401385449692327,0.6790553883038523,0.80188892129902,33.26903383331556,0.08014232474155929,1.4918594524156497,-0.6817569665990082,True,True,0.35251002923457797,True,True,VAL,swing_high,limit,FIX,XLI,Improving,71.9,2025-09-02,25,1933.6966751144305
2025-09-09 10:00:00,86.39,83.69,93.83,96.7,2025-09-12 15:54:00,stop,993,3,-1.0314962962962961,-0.032237990508160695,2.755555555555552,0.8866181052950197,3,1.407627782031495,27.70290540560016,0.5486665471537768,0.8866181052950197,47.75675285242538,0.20651962795542797,1.2674676007473245,0.6616185221071581,True,True,0.15887425525634846,True,True,VAL,LRC_upper,limit,INCY,XLV,Improving,83.5,2025-09-08,190,-529.1576000000006
2025-09-11 10:00:00,22.19,21.75,23.59,25.25,2025-10-09 15:54:00,lrc_break,1012,21,1.4715340909090824,0.029178684091933218,3.1818181818181692,0.6342728437487496,3,0.5013072003387853,71.43758157505691,0.3980691824432302,0.6342728437487496,34.005475955274854,0.19049391366342291,1.1008654558438402,0.6961523269850706,True,True,0.12911231811785684,True,True,VAH,LRC_upper,limit,APA,XLE,Improving,70.7,2025-09-10,5,3.237374999999991
2025-09-15 10:00:00,139.6,133.37,156.32,162.34,2025-10-14 15:54:00,trail,1015,21,0.29299129421748765,0.013075471081482415,2.683788121990373,0.8534581864916647,3,1.121573982302377,8.628386014915355,0.610810962884546,0.8534581864916647,24.645963544242672,0.17853979427415703,1.7558904880644348,0.8592552211867853,True,True,0.33273363259718614,True,True,POC,52w_high,limit,ANET,XLK,Improving,85.1,2025-09-12,113,206.26294121616877
2025-09-16 10:00:00,239.95,237.1,253.94,260.96,2025-10-01 15:54:00,stop,1006,11,-1.0836929824561405,-0.012871535736611771,4.908771929824574,0.16519024699375914,2,0.5625699174173592,49.06545025673276,0.1191551433663014,0.16519024699375914,21.997104866875034,0.10072536969923834,0.9624227059984217,0.2054163258577451,True,True,-0.01592429087571645,True,True,AVWAP,52w_high,limit,ADI,XLK,Improving,48.6,2025-09-15,1,-3.0885249999999944
2025-09-29 10:00:00,129.74,126.65,135.92,145.7,2025-10-09 15:54:00,lrc_break,1012,9,-0.9412135922330137,-0.022416756590103403,1.999999999999991,0.8796280304750375,3,1.12803699195268,1.879940116089846,0.5504808397740025,0.8796280304750375,47.87128023443229,0.02772454372691556,1.5243297229178194,0.5957152108044966,True,True,0.2695933545004574,True,True,VAL,swing_high,limit,CHRW,XLI,Improving,82.6,2025-09-26,155,-450.79425000000236
2025-09-29 10:00:00,172.85,170.09,178.38,182.5,2025-10-10 15:54:00,lrc_break,1013,10,-0.5841050724637693,-0.009326757304020815,2.003623188405804,0.7909549908133745,3,0.9223394727731866,22.089929351472374,0.23011414130295094,0.7909549908133745,41.10313948860202,0.07400539633526283,1.3818710821116011,0.8762661210955531,True,True,0.12938353014699455,True,True,VAL,swing_high,limit,ALLE,XLI,Improving,76.6,2025-09-26,17,-27.406209999999962
2025-10-02 10:00:00,213.24,210.76,223.87,231.96,2025-10-16 15:54:00,stop,1017,10,-1.5731431451612778,-0.01829579347214405,4.286290322580612,0.5782513968104791,3,0.6987444840334758,36.023465308417386,0.26902910848933514,0.5782513968104791,22.98028291434238,0.15578198040650762,1.3038075920735046,0.5977991861362046,True,True,0.01694597883888327,True,True,VAH,52w_high,limit,AIZ,XLF,Improving,73.7,2025-09-30,1,-3.9013949999999977
2025-10-08 10:00:00,17.89,17.65,18.38,20.53,2025-10-08 15:54:00,stop,1011,0,-1.0740416666666661,-0.014408608160983901,2.0416666666666434,0.9306167440406883,2,0.7895188857880101,44.48130710819036,0.2918048369991065,0.9306167440406883,40.47753137157467,-0.004886908078803198,1.1537539906832943,0.8422967504596904,True,True,-0.008515239369700556,True,True,VAH,LRC_upper,limit,DOC,XLRE,Improving,68.9,2025-10-07,1126,-290.24902000000225
2025-10-09 10:00:00,169.55,166.83,175.0,187.0,2025-10-10 15:54:00,stop,1013,1,-1.0618345588235294,-0.017034444116779703,2.003676470588232,0.07941968561026833,3,0.8242074279398612,69.62882247079652,0.053073967514676045,0.07941968561026833,23.580438230785283,0.13256610733691213,1.079297044095493,0.6355165535597324,True,True,-0.041674169367008074,True,True,POC,swing_high,limit,DLR,XLRE,Improving,47.5,2025-10-07,117,-337.9182299999999
2025-10-10 10:00:00,490.22,483.47,503.72,586.85,2025-10-15 15:54:00,stop,1016,3,-1.0721251851851852,-0.014762443392762432,2.0,0.9747144459029244,3,0.8793352730683852,49.324555655426465,0.3753049840013709,0.9747144459029244,52.363018819515766,0.006719131192478914,2.0263116930709804,0.7262383967981099,True,True,0.013716533707072598,True,True,VAH,LRC_upper,limit,LMT,XLI,Improving,74.1,2025-10-09,41,-296.710645
2025-10-10 10:00:00,85.46,83.98,91.83,96.8,2025-10-14 15:54:00,stop,1015,2,-1.0572432432432435,-0.01830938450737175,4.304054054054087,0.08095921597132584,2,0.6049289935053201,50.99255650223484,0.06845617551887351,0.08095921597132584,17.54038412764526,0.06150411144223739,0.9443615532481063,0.4964617158741701,True,True,-0.15930660204053837,True,True,swing_low,swing_high,limit,CF,XLB,Improving,37.9,2025-10-09,240,-375.53279999999756
2025-10-13 10:00:00,46.48,45.62,48.2,50.37,2025-10-13 15:54:00,lrc_break,1014,1,-0.7629941860465115,-0.01411736230636832,2.0000000000000084,0.24501741590094975,2,0.9416315472537716,34.79775548575454,0.038081365339280936,0.24501741590094975,8.754285934587177,0.0722579281462245,0.8830221033664938,0.638318518488551,True,False,-0.06474994293021352,True,True,swing_low,LRC_upper,limit,GIS,XLP,Improving,43.0,2025-10-10,436,-286.09229999999974
2025-10-14 10:00:00,564.15,550.67,591.11,604.1,2025-10-21 15:54:00,stop,1020,5,-1.041350890207715,-0.024882407161216022,2.0,0.6204061424999655,3,1.1994230672761723,53.76434790806146,0.23419293203976893,0.6204061424999655,26.361079558242565,0.08230821397862582,1.4504376539937236,0.39085360467335356,True,True,0.023540982362792562,True,True,POC,LRC_upper,limit,CASY,XLP,Improving,68.9,2025-10-13,35,-491.3093500000007
2025-10-14 10:00:00,183.08,179.53,190.9,197.04,2025-10-14 15:54:00,stop,1015,0,-1.0510718309859153,-0.02038073519772783,2.2028169014084416,0.5320697435902626,3,0.8630459485554446,26.96813385513724,0.13730179208721227,0.5320697435902626,17.839556712960555,0.18005895080762216,1.1756202917889524,0.7952400907427645,True,True,0.0950377578059165,True,True,AVWAP,swing_high,limit,HSY,XLP,Improving,67.6,2025-10-13,14,-52.238270000000156
2025-10-15 10:00:00,410.77,403.02,426.27,440.0,2025-10-17 15:54:00,stop,1018,2,-1.0525025806451613,-0.019857572364096698,2.0,0.7441220917035287,3,0.7698975996597017,5.353861938517573,0.2158323125853106,0.7441220917035287,35.96828767960128,0.0396551091657306,1.4765892050707976,0.6382741070162725,True,True,0.13914189043042446,True,True,VAL,swing_high,limit,CMI,XLI,Improving,76.7,2025-10-14,48,-391.53096
2025-10-16 10:00:00,184.01,180.33,196.64,200.74,2025-10-16 15:54:00,lrc_break,1017,1,-0.5144442934782583,-0.010288326721373727,3.4320652173913233,0.6996950876830424,3,0.8975261447292859,6.964401582147715,0.18264082349501443,0.6996950876830424,20.482989461476212,0.06739822209531085,2.2123671956494473,0.8370952174784442,True,True,0.08195359825298265,True,True,AVWAP,LRC_upper,limit,LDOS,XLI,Improving,76.7,2025-10-15,108,-204.4607399999978
2025-10-16 10:00:00,183.74,180.16,190.9,197.04,2025-10-16 15:54:00,lrc_break,1017,1,-0.7241717877094938,-0.014109801893980606,1.999999999999992,0.653496389651456,3,0.8545045690244693,35.79385080969551,0.15320914584225853,0.653496389651456,17.128410068895935,0.24105764639201324,1.2786690423722087,0.7684667029153153,True,True,0.06166959688438145,True,True,VAL,swing_high,limit,HSY,XLP,Improving,66.6,2025-10-15,103,-267.0311049999996
2025-10-17 10:00:00,478.13,469.92,503.0,511.99,2025-10-17 15:54:00,lrc_break,1018,1,0.4956875761266774,0.008511482232865563,3.029232643118157,0.954959563624762,2,0.9346097347875562,-39.659797019372114,0.3553193578318697,0.954959563624762,42.36190910696913,-0.02552095929182593,1.3676647251501781,0.35321232060358204,True,True,0.014491970718944813,True,True,VAL,swing_high,limit,LMT,XLI,Improving,71.6,2025-10-16,41,166.8533950000005
2025-10-17 10:00:00,101.09,97.96,107.37,122.1,2025-10-29 15:54:00,stop,1026,8,-1.0317971246006388,-0.03194702740132564,2.0063897763578216,0.8457234537463534,2,1.3177378443962966,44.76990565969729,0.3587800990954701,0.8457234537463534,23.945251054954753,-0.06659961767697713,1.7345059428607859,0.41199653326161284,True,True,0.01379857931654005,True,True,POC,LRC_upper,limit,IRM,XLRE,Improving,65.0,2025-10-16,187,-603.9211750000018
2025-10-17 10:00:00,41.98,41.33,44.17,46.24,2025-10-30 15:54:00,stop,1027,9,-1.5715230769230757,-0.024332777513101405,3.369230769230784,0.2317419450986747,2,0.7209656555462072,27.926499533978248,0.11946050236698545,0.2317419450986747,33.13924693897671,-0.044731750194900735,1.4247015673929184,0.49561172754722377,True,True,0.16387608201819392,True,True,swing_low,swing_high,limit,BWA,XLB,Improving,55.2,2025-10-16,1,-1.021489999999997
2025-10-20 10:00:00,182.03,178.5,190.9,197.04,2025-10-20 15:54:00,lrc_break,1019,1,-0.41116005665722655,-0.007973383508212988,2.512747875354108,0.6881643280598028,3,0.8101961871873259,0.4851076482724398,0.15715210160965049,0.6881643280598028,15.33171458332121,0.1892540641100939,1.457617496549581,0.7148226522976114,True,True,0.010114355164283939,True,True,VAL,swing_high,limit,HSY,XLP,Improving,71.2,2025-10-17,108,-156.75066000000112
2025-10-21 10:00:00,93.41,85.0,110.23,120.28,2025-11-04 15:54:00,trail,1030,10,-0.5062439706747014,-0.04557875809200553,2.0000000000000018,0.531460525537877,2,1.6602851432498416,73.97563756021033,0.3524953394322118,0.531460525537877,24.41958456855873,-0.07677575733385851,1.4353744765662413,0.8511919576537099,True,True,0.08485512840808518,True,True,AVWAP,52w_high,limit,ALB,XLB,Improving,59.6,2025-10-20,117,-498.1288798247857
2025-10-21 10:00:00,167.38,164.87,172.4,176.65,2025-10-21 15:54:00,stop,1020,0,-1.0661852589641436,-0.01598831999044086,2.000000000000011,0.5041413146593631,3,0.7009612709459668,33.04993608407196,0.13083114068287743,0.5041413146593631,18.93564413188897,0.06337794639799764,1.2198634780489088,0.7415439279978739,True,True,-0.09283849335653904,True,True,VAL,swing_high,limit,DLR,XLRE,Improving,58.1,2025-10-20,117,-313.106624999999
2025-10-21 10:00:00,371.75,362.62,390.01,401.97,2025-10-22 15:54:00,stop,1021,1,-1.0402174151150054,-0.025547236045729643,2.0,0.6559613869539722,2,0.894518415982206,43.94928150988702,0.1750618113883097,0.6559613869539722,15.678984045558533,-0.09069713378396284,1.0163838395161553,0.7275750668053698,True,True,-0.05111073315327075,True,True,VAL,LRC_upper,limit,ETN,XLI,Improving,57.4,2025-10-20,22,-208.9380699999999
2025-10-21 10:00:00,36.12,35.27,37.82,38.75,2025-10-21 15:54:00,stop,1020,0,-1.041994117647059,-0.024520902547065182,2.000000000000017,0.09358228922782708,2,1.1639852380292988,73.36283406374298,0.09737167581752817,0.09358228922782708,34.21192160319226,0.13333191722539658,0.8884010383667204,0.6463245752655933,True,True,-0.023732130828400533,True,True,POC,LRC_upper,limit,CSX,XLI,Improving,43.3,2025-10-20,7,-6.199864999999961
2025-10-22 10:00:00,472.38,457.07,503.0,515.81,2025-10-22 15:54:00,lrc_break,1021,1,0.13170313520574845,0.004268544392226616,2.0,0.9146634504165809,3,1.5453951367506293,-34.35239279334479,0.32527359277218487,0.9146634504165809,35.935827425629654,0.002420696829166581,1.4398819076362026,0.07337336084248185,True,True,0.10767285341272204,True,True,AVWAP,swing_high,limit,LMT,XLI,Improving,77.8,2025-10-21,41,82.67137500000037
2025-10-23 10:00:00,540.62,531.36,559.15,598.49,2025-10-23 15:54:00,stop,1022,0,-1.0578822894168467,-0.018119917872072788,2.0010799136069104,0.7046992519170864,2,0.8386223528623507,-0.18007438716669297,0.2584076028516394,0.7046992519170864,23.504019918081124,0.03545180913675973,1.262281144473564,-0.6222889853466946,True,True,-0.017156123322139005,True,True,swing_low,POC,limit,CASY,XLP,Improving,60.4,2025-10-22,35,-342.8596499999997
2025-10-23 10:00:00,35.2,34.56,36.48,38.02,2025-11-05 15:54:00,lrc_break,1031,10,-0.5703671875000079,-0.010370312500000152,1.999999999999989,0.16490352528205285,2,0.8617620814137147,56.52081147287499,0.1291328904443721,0.16490352528205285,32.86431702654594,0.012674690381420958,0.8608781045037903,0.7366111171771836,True,True,-0.023990435418812295,True,True,VAL,swing_high,limit,CSX,XLI,Improving,43.2,2025-10-22,542,-197.8489700000029
2025-10-24 10:00:00,474.21,459.82,503.0,518.1,2025-10-24 15:54:00,lrc_break,1023,1,-0.10449583043780224,-0.0031709474705298767,2.000694927032665,0.856603931329584,2,1.483584835727462,-19.351877321155484,0.30020567748626004,0.856603931329584,32.53308072680012,0.05299032987496625,1.2910295307120043,-0.4290080025686329,True,True,0.10396732474393366,True,True,AVWAP,swing_high,limit,LMT,XLI,Improving,70.8,2025-10-23,40,-60.14779999999891
2025-10-24 10:00:00,73.94,69.95,81.94,85.87,2025-10-29 15:54:00,stop,1026,3,-1.0180313283208022,-0.05493569110089255,2.0050125313283234,0.5018754294401393,3,1.1830397375200115,58.04566733398913,0.4618171096516056,0.5018754294401393,32.35203175540857,0.0985846618298399,1.0662420314276801,0.2977842181259382,True,True,0.11870794130200713,True,True,POC,LRC_upper,limit,ETSY,XLY,Improving,68.7,2025-10-23,240,-974.8667999999988
2025-10-24 10:00:00,167.63,163.74,175.41,181.79,2025-10-24 15:54:00,lrc_break,1023,1,-0.595515424164528,-0.013819453558432294,2.000000000000007,0.5603192094229527,3,1.1324040366230452,-22.924610773188284,0.11189261821239657,0.5603192094229527,22.231912895228888,0.028935423615360775,1.189303850114403,0.5732203739556333,True,True,-0.018758126451456136,True,True,swing_low,POC,limit,ALLE,XLI,Improving,61.7,2025-10-23,59,-136.67674500000035
2025-10-27 10:00:00,247.4,242.38,257.44,261.44,2025-10-28 15:54:00,stop,1025,1,-1.0487828685258962,-0.02128088116410675,1.9999999999999944,0.6738273396056388,3,1.1131000031188412,31.29590304431159,0.19505096580542416,0.6738273396056388,21.778419943258516,0.027389395100977956,1.2873030947610844,0.46629579940549576,True,True,-0.0024830863086000576,True,True,VAL,swing_high,limit,GRMN,XLY,Improving,72.0,2025-10-24,78,-410.66142000000076
2025-10-27 10:00:00,174.29,170.28,187.0,191.01,2025-10-28 15:54:00,stop,1025,1,-1.0429638403990025,-0.023996127144414427,3.169576059850383,0.5535227909255334,3,1.0243209992436508,73.18289989793436,0.14190274620865445,0.5535227909255334,18.549875439928428,0.1677576889319145,1.481273773894699,0.7998468923516651,True,True,-0.03635531652757329,True,True,VAH,52w_high,limit,DLR,XLRE,Improving,68.6,2025-10-24,54,-225.8433899999995
2025-10-29 10:00:00,184.63,181.2,191.5,197.0,2025-11-20 15:54:00,trail,1042,16,-0.18975763504086512,-0.003525259644641546,2.002915451895041,0.5569974112197625,3,0.7851083082883556,26.21084333743774,0.1497340772118208,0.5569974112197625,16.13744767144713,0.13368180576732938,1.7928519652636166,0.09669897697625081,True,True,0.08490029921934328,True,True,VAL,swing_high,limit,LDOS,XLI,Improving,64.4,2025-10-27,103,-67.03947488358737
2025-10-29 10:00:00,795.79,780.3,826.77,852.69,2025-10-29 15:54:00,stop,1026,0,-1.050874435119432,-0.020455201749205204,2.0,0.6326302429485107,3,0.9847185531783518,41.40479612187765,0.13400837801272256,0.6326302429485107,19.883764393127905,0.1397218912638326,1.349987019702835,0.9665533963981146,True,True,-0.05130276679963641,True,True,swing_low,LRC_upper,limit,EQIX,XLRE,Improving,64.1,2025-10-28,11,-179.0584950000001
2025-10-29 10:00:00,167.08,163.66,175.41,181.69,2025-10-29 15:54:00,stop,1026,0,-1.0483538011695905,-0.021459001675844,2.435672514619867,0.31698377847054204,3,0.9132877057046848,-2.1916630833078354,0.08300120126869544,0.31698377847054204,24.881667897648285,0.01361216881515557,1.273414756305116,0.2891467002528439,True,True,-0.03491613664509907,True,True,swing_low,POC,limit,ALLE,XLI,Improving,54.1,2025-10-27,1,-3.585370000000016
2025-11-10 10:00:00,101.74,100.4,104.42,106.38,2025-12-05 15:54:00,trail,1052,18,1.2197686231681342,0.016065362247348995,2.0000000000000213,0.409908448527488,3,0.8733621616176621,67.68143785924107,0.09080812428605589,0.409908448527488,18.340540888678078,0.05801105547010805,1.363146221706666,0.8221708913220224,True,True,0.03568948569251118,True,True,VAH,LRC_upper,limit,L,XLF,Improving,59.1,2025-11-07,183,299.1116617732875
2025-11-11 10:00:00,27.19,26.38,28.83,31.03,2025-11-12 15:54:00,stop,1036,1,-1.0330679012345678,-0.03077546892239802,2.024691358024682,0.6275331957262309,3,0.9425966169357689,65.57790144382184,0.41304839679140065,0.6275331957262309,32.20848553664343,0.10894237266058983,1.3586443945163922,0.8123734803683339,True,True,0.25219683292598205,True,True,POC,LRC_upper,limit,HAL,XLE,Improving,75.8,2025-11-10,688,-575.7080800000015
2025-11-11 10:00:00,167.32,162.07,186.03,197.0,2025-11-14 15:54:00,stop,1038,3,-1.0313704761904763,-0.03236131365049008,3.5638095238095255,0.6206572437296943,2,1.0901836283791848,49.71782423258498,0.4857119611374039,0.6206572437296943,41.8929349973491,0.15842516600792023,0.9376508903901449,0.3709387499683354,True,True,0.11234508738692384,True,True,VAL,LRC_upper,limit,JBHT,XLI,Improving,70.3,2025-11-10,111,-601.0311449999999
2025-11-11 10:00:00,78.46,76.41,82.56,84.68,2025-11-17 15:54:00,stop,1039,4,-1.0377731707317073,-0.027114899311751175,2.000000000000007,0.6784027656279862,2,1.0849562714144045,43.3104277244521,0.3194419055511713,0.6784027656279862,15.716451231703296,-0.09266864386365599,1.3574044714363473,0.3272180041428943,True,True,0.10535588803488616,True,True,POC,52w_high,limit,CMA,XLF,Improving,66.3,2025-11-10,221,-470.1631349999994
2025-11-11 10:00:00,70.19,68.44,75.42,77.81,2025-11-13 15:54:00,stop,1037,2,-1.0396085714285714,-0.025919860378971364,2.9885714285714307,0.6085524061156165,2,0.7093824978931537,44.536718773743814,0.25084862233168037,0.6085524061156165,12.54459760795227,-0.06963961344779337,1.4674214737042608,0.5158569071473883,True,True,-0.009548117742479545,True,True,POC,LRC_upper,limit,IBKR,XLF,Improving,59.9,2025-11-10,1,-1.819315
2025-11-13 10:00:00,555.92,537.59,592.59,622.38,2025-11-13 15:54:00,lrc_break,1037,1,-0.34277441352972887,-0.011302084832349808,2.000545553737055,0.9443328287947628,3,1.0660778698183526,35.91305708802495,0.5923973454522424,0.9443328287947628,39.555020139628624,0.035647412753407985,1.4413174977702523,0.07697960213687549,True,True,0.3046435263089915,True,True,swing_low,swing_high,limit,CAT,XLI,Improving,80.5,2025-11-10,32,-201.05775999999696
2025-11-13 10:00:00,71.54,69.97,74.93,76.19,2025-11-14 15:54:00,stop,1038,1,-1.0450668789808915,-0.022934791724909243,2.1592356687897993,0.6022234124195534,3,0.9548153879258481,71.66247652298568,0.40741515549442303,0.6022234124195534,44.892988373500934,0.24140516156171615,1.263397747439132,0.6722586351754558,True,True,0.20162571193848655,True,True,VAH,LRC_upper,limit,GM,XLY,Improving,78.1,2025-11-12,4,-6.56302000000003
2025-11-14 10:00:00,337.38,333.59,355.79,361.78,2025-11-19 15:54:00,stop,1041,3,-1.0885184696569916,-0.012228006995079794,4.857519788918186,0.7242128594630222,3,0.6325619649699434,21.123768551485036,0.16693158214896187,0.7242128594630222,30.425375980334884,0.051170310328279775,1.2553545293549748,0.7867888567237326,True,True,0.05182893293073132,True,True,VAL,LRC_upper,limit,GD,XLI,Improving,75.3,2025-11-13,52,-214.52522000000107
2025-11-14 10:00:00,23.02,22.54,23.99,24.69,2025-11-17 15:54:00,stop,1039,1,-1.0474583333333334,-0.021841007819287595,2.020833333333329,0.5098224907019778,3,0.68206369369522,53.25268987577498,0.14065208948702382,0.5098224907019778,20.87138951877541,0.055455431308730714,1.8362501260097628,0.8895308600086814,True,True,0.08398775223496835,True,True,AVWAP,52w_high,limit,IVZ,XLF,Improving,64.0,2025-11-13,7,-3.5194600000000027
2025-11-17 10:00:00,43.96,43.12,45.65,46.8,2025-11-17 15:54:00,stop,1039,0,-1.0518333333333332,-0.02009872611464976,2.011904761904751,0.0564553874211676,2,0.8372932406231405,65.75017699192378,0.039207379038434555,0.0564553874211676,15.266837338830697,-0.012391878352669663,1.2625200962620078,0.8901002132597814,True,True,0.029874563384409525,True,True,AVWAP,LRC_upper,limit,BWA,XLB,Improving,42.1,2025-11-14,415,-366.6691000000014
2025-11-18 10:00:00,896.21,846.68,995.27,1053.49,2025-11-20 15:54:00,lrc_break,1042,3,-0.4473162729658781,-0.024721410160565026,1.9999999999999953,0.7454108062216458,3,1.0790089203578412,15.573361263341653,0.4868041063242925,0.7454108062216458,20.465751016606145,0.03498373561981168,1.001316598335371,0.34133389981015516,True,True,0.2898926541509763,True,True,AVWAP,swing_high,limit,FIX,XLI,Improving,75.4,2025-11-17,18,-398.8003499999997
2025-11-18 10:00:00,254.12,250.65,261.06,265.68,2025-11-19 15:54:00,stop,1041,1,-1.0727334293948128,-0.014648138674641896,2.0,0.4969376668051002,3,0.6726676228976537,74.60881468071466,0.15729186991636576,0.4969376668051002,29.4823505323385,0.14517025781816287,1.211499565571591,0.9419345565970448,True,True,0.007311261530345448,True,True,VAH,LRC_upper,limit,CBOE,XLF,Improving,61.4,2025-11-17,71,-264.28933499999994
2025-11-18 10:00:00,103.17,101.75,106.01,109.06,2026-01-15 15:54:00,time,1079,40,12.639295774647874,0.17396336144227975,2.0,0.44679096667740276,2,0.6812458491723425,15.019025333300027,0.0893385094024623,0.44679096667740276,15.30469851072494,-0.03578271507750745,1.3984718772192715,0.9063645232821805,True,True,0.0328638777173651,True,True,VAL,swing_high,limit,BNY,XLF,Improving,53.2,2025-11-17,7,125.6346
2025-11-20 10:00:00,200.13,194.46,211.49,218.79,2025-11-21 15:54:00,stop,1043,1,-1.0347962962962964,-0.029317418677859333,2.003527336860677,0.7102276256336715,2,0.9951401110676502,24.33941906661684,0.20158332834282888,0.7102276256336715,14.76186037184935,-0.12488924349835002,1.0090019287459948,0.1119618073943304,True,True,0.11619523452125669,True,True,AVWAP,swing_high,limit,HWM,XLI,Improving,65.5,2025-11-19,91,-533.9238449999989
2025-11-20 10:00:00,98.32,96.25,102.47,104.56,2025-11-20 15:54:00,stop,1042,0,-1.0469975845410628,-0.022043175345809532,2.0048309178744055,9.5671150249497e-05,3,0.751783858337383,54.628049351150764,0.001577129851685164,9.5671150249497e-05,9.654272500729995,0.18618303876730483,1.2717716877806318,0.081653940760852,True,True,0.03738880576404724,True,True,VAL,LRC_upper,limit,C,XLF,Improving,50.3,2025-11-19,172,-372.7730199999988
2025-11-21 10:00:00,264.33,259.41,274.18,279.72,2025-12-08 15:54:00,stop,1053,10,-1.053225609756098,-0.019603790716150114,2.0020325203252245,0.5281756286780693,3,0.8693476497089908,44.088098941895524,0.11373645184560763,0.5281756286780693,18.009670384212363,0.0837180869094215,1.516146001606048,0.9249102547989367,True,True,0.011838221735553267,True,True,POC,LRC_upper,limit,CME,XLF,Improving,64.0,2025-11-20,67,-347.1852899999973
2025-11-24 10:00:00,330.71,321.5,349.14,355.81,2025-12-01 15:54:00,lrc_break,1048,5,-0.32457980456025787,-0.00903927912672725,2.0010857763300813,0.5461501155462315,3,1.463986404980623,13.303206083786169,0.1285945467251837,0.5461501155462315,21.705204874480224,0.034568970296595114,1.265068484140863,0.02683742399282316,True,True,0.0388873611102627,True,True,swing_low,swing_high,limit,GD,XLI,Improving,62.8,2025-11-21,53,-158.4371399999983
2025-11-24 10:00:00,64.18,62.98,66.59,68.81,2025-11-24 15:54:00,stop,1044,0,-1.052983333333333,-0.01968806481770037,2.0083333333333138,0.4170979493453171,3,0.804254718263221,57.96207166348951,0.20190817792674967,0.4170979493453171,26.84685722518248,0.0005366660399627093,1.6609920954516522,0.556828247732389,True,True,0.0732698105824321,True,True,swing_low,52w_high,limit,FOXA,XLC,Improving,59.5,2025-11-21,277,-350.0116600000028
2025-11-24 10:00:00,16.24,15.91,16.9,17.28,2026-01-22 15:54:00,time,1083,40,5.069439393939424,0.10301200738916265,2.0000000000000107,0.0013894799555831843,2,0.7821180165120412,71.83013582236534,0.008868401932564355,0.0013894799555831843,19.036851976482772,0.14325977253038913,0.8869556210582686,0.6688578149399064,True,True,0.013876912044588963,True,True,swing_low,LRC_upper,limit,HST,XLRE,Improving,41.5,2025-11-21,979,1637.7837850000014
2025-11-25 10:00:00,553.08,540.08,579.09,613.08,2025-12-17 15:54:00,trail,1060,15,1.216983808189507,0.028604884476863365,2.00076923076923,0.8171895221117852,2,0.7450149977224217,17.062907719911216,0.43400510435033446,0.8171895221117852,25.13907514810453,0.0033510974681423547,1.3662533958176284,-0.4115516785870207,True,True,0.2519927916316562,True,True,VAL,swing_high,limit,CAT,XLI,Improving,72.2,2025-11-24,31,490.4444747003713
2025-11-26 10:00:00,170.65,166.53,189.2,193.75,2026-01-26 15:54:00,time,1085,40,8.044341019417464,0.1942143861705244,4.50242718446601,0.7166366417964416,2,0.8653346017056891,37.367470183222345,0.519563714612917,0.7166366417964416,26.39384696067747,0.08910485100872967,1.0509998216639351,-0.5489909360818692,True,True,0.13016156594312123,True,True,POC,52w_high,limit,JBHT,XLI,Improving,76.1,2025-11-25,1,33.142684999999986
2025-11-26 10:00:00,64.02,62.97,66.27,68.92,2026-01-15 15:54:00,lrc_break,1079,34,7.42100000000002,0.12171274601686972,2.1428571428571486,0.3976585656107008,3,0.6931885534888408,45.86764805899812,0.1932260634975198,0.3976585656107008,23.306535615967793,0.0019641359943808278,1.556036705430358,0.43572000553370427,True,True,0.0436689357393254,True,True,swing_low,swing_high,limit,FOXA,XLC,Improving,62.0,2025-11-25,1,7.79205
2025-12-02 10:00:00,72.52,70.11,78.98,81.2,2026-01-14 15:54:00,lrc_break,1078,30,3.362402489626563,0.11174007170435751,2.6804979253112102,0.7145328384620717,3,1.4856395592194878,46.25570574367849,0.46607011575835205,0.7145328384620717,36.882586010424845,0.0177567246372274,1.5748391398761958,0.9574655074778184,True,True,0.1729274787116386,True,True,POC,LRC_upper,limit,GM,XLY,Improving,80.7,2025-12-01,240,1944.8136000000018
2025-12-08 10:00:00,318.37,310.74,333.63,343.33,2025-12-08 15:54:00,stop,1053,0,-1.0412260812581915,-0.024953843012846675,2.0,0.9054262391552029,2,0.8163588797331376,59.90370177494305,0.5559879643806129,0.9054262391552029,37.76349341981614,-0.03637070842507943,1.6239704409473643,0.8454198754216908,True,True,0.2953599135101195,True,True,swing_low,LRC_upper,limit,GOOGL,XLC,Improving,74.6,2025-12-05,56,-444.8950799999997
2025-12-09 10:00:00,160.27,156.3,173.21,179.17,2025-12-17 15:54:00,stop,1060,6,-1.0398702770780857,-0.02575831409496474,3.2594458438287157,0.3716948516517742,3,0.628776796760488,61.79271695913183,0.2403953767382929,0.3716948516517742,12.75655880385585,0.05620324668189926,1.461123687255358,0.5509731022434338,True,True,0.46767610206430144,True,True,POC,LRC_upper,limit,LRCX,XLK,Improving,67.1,2025-12-08,111,-458.23963499999985
2025-12-09 10:00:00,121.12,118.23,127.76,131.54,2025-12-12 15:54:00,stop,1057,3,-1.041410034602076,-0.0248487037648613,2.29757785467128,0.32663237513573984,3,0.7457110131145404,59.78624969948426,0.19809861701789397,0.32663237513573984,14.980624771791682,0.007621696273643125,1.127444411850177,0.48307749716388654,True,True,0.26803495472024363,True,True,VAH,52w_high,limit,KLAC,XLK,Improving,64.5,2025-12-08,146,-439.41255000000007
2025-12-15 10:00:00,273.93,266.98,287.84,298.38,2025-12-17 15:54:00,lrc_break,1060,3,-0.44640503597122144,-0.01132594093381515,2.001438848920862,0.7818636261646125,3,1.4422382215412386,23.57054044533258,0.22640794108857126,0.7818636261646125,29.15171713060594,0.00021070103879887073,1.2542429417497227,0.49420995615053814,True,True,0.13764403565097982,True,True,AVWAP,swing_high,limit,AAPL,XLK,Improving,73.8,2025-12-12,64,-198.56095999999897
2025-12-18 10:00:00,64.24,62.21,71.08,73.88,2025-12-30 15:54:00,stop,1068,7,-1.0311453201970444,-0.0325844489414694,3.369458128078829,0.05096566195365745,3,0.6583978340704308,60.46277719527525,0.09716353545963033,0.05096566195365745,24.86889483931137,0.07708820743673615,1.2655824679835606,0.8648603334542889,True,True,0.11495028713482269,True,True,AVWAP,LRC_upper,limit,FLEX,XLK,Improving,55.5,2025-12-16,279,-584.0097749999984
2025-12-24 10:00:00,58.04,55.69,73.64,75.74,2026-02-23 15:54:00,time,1104,40,6.287038297872335,0.25455789110957955,6.638297872340422,0.37132457397945196,2,2.0321446257152616,72.32829360833902,0.09645284042431396,0.37132457397945196,11.037491964784916,-0.1609747272395485,1.3217285279818158,0.8222489666541907,True,True,0.061532308239517164,True,True,AVWAP,52w_high,limit,EIX,XLU,Improving,63.3,2025-12-23,309,4565.332859999999
2025-12-24 10:00:00,16.23,15.99,16.77,17.98,2026-01-06 15:54:00,stop,670,7,-1.067125,-0.015780036968576723,2.2499999999999947,0.6763787761921661,2,0.7413889795241827,22.774336238448683,0.3319849270320561,0.6763787761921661,20.838988729845237,-0.2004067353844987,1.2053029070778896,0.5230247403551535,True,True,-0.02079336867729209,True,True,VAL,swing_high,limit,KVUE,XLP,Improving,61.8,2025-12-23,1018,-260.71998000000025
2025-12-31 10:00:00,82.23,80.65,85.39,87.78,2025-12-31 15:54:00,lrc_break,1069,1,-0.5011867088607651,-0.009630001216101277,2.0,0.9334600233544109,3,1.0763268876352017,13.530485504241154,0.46571526973659116,0.9334600233544109,46.27144454391404,0.17043407935759097,2.1018124359344186,0.9456154611408459,True,True,0.2181562931581973,True,True,VAL,swing_high,limit,CTSH,XLK,Improving,82.2,2025-12-30,210,-166.29375000000167
2026-01-02 10:00:00,262.16,257.63,271.22,278.91,2026-01-02 15:54:00,stop,1070,0,-1.0573719646799113,-0.018270884192859434,1.9999999999999873,0.08615670461263313,3,0.8369656579396872,67.63800570115683,0.10206005250556081,0.08615670461263313,35.05431471304378,0.2516477215330111,1.4145446180725052,0.850143368305426,True,True,0.10030593027861578,True,True,POC,swing_high,limit,CRM,XLK,Improving,53.4,2025-12-31,65,-311.3431750000019
2026-01-05 10:00:00,107.1,105.55,110.22,119.44,2026-01-08 15:54:00,stop,1074,3,-1.0685967741935485,-0.015465219421101748,2.012903225806458,0.6131236072480194,3,0.9842386542998266,73.23133218681485,0.17147581327253184,0.6131236072480194,27.912362307174256,0.10593704301109931,1.3217949350202163,0.9148885926822755,True,True,0.040900207285589296,True,True,POC,LRC_upper,limit,CPT,XLRE,Improving,64.8,2026-01-02,157,-260.04302499999955
2026-01-07 10:00:00,83.0,81.64,87.78,89.25,2026-01-20 15:54:00,stop,1081,8,-1.060529411764706,-0.017377349397590353,3.5147058823529433,0.8785492253261867,3,0.7950949666800511,23.830987040602395,0.4203040083626779,0.8785492253261867,37.277643820058756,0.09049283153410959,2.214141838354176,0.7805553422700319,True,True,0.21334969513935564,True,True,POC,52w_high,limit,CTSH,XLK,Improving,87.3,2026-01-06,196,-282.6947199999999
2026-01-09 10:00:00,643.4,632.24,665.72,682.76,2026-01-09 15:54:00,stop,1075,0,-1.0571523297491041,-0.01833668013677334,2.00000000000001,0.00521565382531544,3,0.7253242145798976,38.51162040864906,0.010217865691978545,0.00521565382531544,17.987298164487093,0.03920907922785377,1.2057549765936302,0.630028108027953,True,False,-0.03236256222591338,True,True,AVWAP,POC,limit,INTU,XLK,Improving,45.4,2026-01-08,25,-294.94549999999924
2026-01-12 10:00:00,141.38,135.45,154.92,160.82,2026-01-29 15:54:00,lrc_break,1088,13,-0.19070573355818005,-0.007998903663884631,2.2833052276559824,0.898042055074971,3,1.5540018794924417,36.353916614516365,0.7597117267078912,0.898042055074971,49.785617789485705,0.22401563660611787,1.8894362790353834,0.838324734686321,True,True,0.4007841156807981,True,True,VAH,LRC_upper,limit,DG,XLP,Improving,84.6,2026-01-09,115,-130.05177500000104
2026-01-16 10:00:00,298.52,288.21,319.14,330.35,2026-03-03 15:54:00,trail,1110,30,3.7208671193016483,0.12850777167358973,2.0,0.8203892258061278,2,1.5351226299001761,50.675475036757646,0.4948894970297094,0.8203892258061278,33.616351227039274,-0.056372308607991604,1.693378293346748,0.761285215975371,True,True,0.2196121388220118,True,True,VAH,LRC_upper,limit,ADI,XLK,Improving,73.5,2026-01-15,60,2301.7284000000004
2026-01-16 10:00:00,339.41,320.85,376.53,456.2,2026-01-16 15:54:00,stop,1080,0,-1.017787176724138,-0.05565578503874371,1.999999999999997,0.7345528959094156,2,0.6342215922625323,1.290640126419723,0.8263499209620795,0.7345528959094156,19.78181418708225,0.13685766718065986,1.7447436704170454,-0.6583427309105657,True,True,1.1005064167749317,True,True,VAL,swing_high,limit,LITE,XLK,Improving,69.9,2026-01-15,7,-132.23091000000002
2026-01-20 10:00:00,106.06,104.39,109.4,119.44,2026-01-22 15:54:00,stop,1083,2,-1.063008982035928,-0.016737931359607786,2.0,0.7521513896272685,3,0.8356649900503316,23.553356144776963,0.18815205994675382,0.7521513896272685,20.916099466993312,0.019036693508089,1.1973492384348916,0.33540591050801555,True,True,0.0309748757585826,True,True,VAL,swing_high,limit,CPT,XLRE,Improving,71.9,2026-01-15,21,-37.279725000000035
2026-01-21 10:00:00,65.05,61.81,71.54,74.14,2026-02-04 15:54:00,stop,1092,10,-1.019577160493827,-0.05078293620292075,2.0030864197530924,0.1290059277667876,2,1.2068891646058326,49.01808187687059,0.14456001636345292,0.1290059277667876,12.718234385327952,0.016943223124157008,1.2075429108584963,-0.7254263855921123,True,True,0.013278982252365346,True,True,swing_low,LRC_upper,limit,FLEX,XLK,Improving,49.5,2026-01-20,246,-812.6437799999987
2026-01-26 10:00:00,44.28,42.05,53.02,56.04,2026-03-09 15:54:00,stop,1114,29,-1.0193565022421525,-0.05133615627822954,3.9192825112107563,0.4747762688528293,3,0.7214795699921952,44.65685861406419,0.5161127965159759,0.4747762688528293,40.064805738742066,0.060004016609247285,1.3587104876594704,0.9195895681647094,True,True,0.1792979112037496,True,True,AVWAP,LRC_upper,limit,INTC,XLK,Improving,72.3,2026-01-23,398,-904.7196700000015
2026-01-29 10:00:00,53.45,51.37,58.07,60.24,2026-02-12 15:54:00,stop,1098,10,-1.0251971153846153,-0.03989541627689439,2.221153846153839,0.3740851257791696,3,1.107504687320177,45.030536996407925,0.3255483194696097,0.3740851257791696,33.68675330806599,0.17121923832128358,1.0497218885701105,0.9132348542908441,True,True,-0.3008481954033714,True,True,VAL,swing_high,limit,ARE,XLRE,Improving,56.4,2026-01-28,43,-91.69363000000023
2026-01-30 10:00:00,17.6,17.2,18.4,18.99,2026-03-02 15:54:00,trail,1109,20,1.6898151499335994,0.03840488977121837,1.9999999999999822,0.8101367234288367,3,1.0470043863427343,35.46935954462209,0.21049557100525587,0.8101367234288367,21.253930943928594,0.040402979124178486,1.1297122498252308,0.7739804059981955,True,True,0.15141278132895364,True,True,VAL,52w_high,limit,HST,XLRE,Improving,75.4,2026-01-29,918,620.500123055621
2026-02-05 10:00:00,44.96,44.29,46.31,47.2,2026-03-19 15:54:00,trail,1122,29,5.114931640234716,0.0762234030017186,2.0149253731343255,0.1082384187964238,2,0.8753215688865785,50.60504087935493,0.058765373291927686,0.1082384187964238,29.219093903292507,0.15069815481676246,0.9481946496989796,0.4195334287722618,True,True,0.010403936574136408,True,True,AVWAP,swing_high,limit,FE,XLU,Improving,44.8,2026-02-04,338,1158.327419247557
2026-02-23 10:00:00,244.62,233.64,271.58,282.14,2026-02-26 15:54:00,stop,1107,3,-1.02177868852459,-0.045863502575423175,2.4553734061930723,0.8485707127233854,3,0.9584319764572385,37.52031569171042,0.7199254131653123,0.8485707127233854,31.93765433644767,0.04196209909164332,1.5476851091784156,0.46332264124570005,True,True,0.6349558684150733,True,True,POC,LRC_upper,limit,LRCX,XLK,Improving,84.2,2026-02-20,9,-100.97217000000016
2026-02-27 10:00:00,247.02,236.54,276.5,290.1,2026-03-06 15:54:00,trail,1113,5,-0.7455376908396955,-0.03162996923326055,2.8129770992366354,0.8105450646929684,3,0.5795823500278631,69.22687281689718,0.6087295757847588,0.8105450646929684,19.0945281147932,0.007395259436769686,1.347831472682114,0.13378990715872455,True,True,0.5938239540057959,True,True,VAH,52w_high,limit,COHR,XLK,Improving,80.6,2026-02-26,79,-617.2455650000016
2026-03-05 10:00:00,334.81,325.36,359.98,374.16,2026-03-05 15:54:00,stop,1112,0,-1.0349296296296298,-0.02921085093037839,2.6634920634920682,0.9409344126046997,3,0.9534337556588641,-6.093079538413281,0.5064249563828336,0.9409344126046997,47.772761837762026,0.14951506882676643,1.4804271794592478,0.9346198275865032,True,True,0.27702513607956547,True,True,VAL,swing_high,limit,ADI,XLK,Improving,82.6,2026-03-04,59,-577.0250149999993
2026-03-06 10:00:00,610.445,557.65,783.8,876.97,2026-03-06 15:54:00,stop,1113,0,-1.01106255327209,-0.08744284497374877,3.2835495785585693,0.7643904677462007,3,0.9128326529763888,38.53066606822403,1.2187415569344078,0.7643904677462007,41.323413206462895,0.20970875206570555,1.6180520857616516,0.8785345925694575,True,True,1.1436092017002877,True,True,VAL,swing_high,limit,LITE,XLK,Improving,77.3,2026-03-05,18,-960.8228550000014
2026-03-06 10:00:00,92.66,91.09,99.37,104.6,2026-03-06 15:54:00,stop,1113,0,-1.058519108280255,-0.017935193179365348,4.273885350318495,0.8308509641503525,2,0.5833213737961831,-12.298231075360636,0.44524760414638187,0.8308509641503525,27.170498207994864,0.11986381985227701,1.0548378934862044,-0.2568752850967972,True,True,0.17302736880960823,True,True,AVWAP,POC,limit,HAS,XLY,Improving,73.6,2026-03-05,208,-345.6699999999986
2026-03-06 10:00:00,21.42,20.67,24.23,25.71,2026-03-06 15:54:00,stop,1113,0,-1.02806,-0.03599649859943977,3.746666666666665,0.4832138002052091,3,0.6631481479847855,15.688136909504822,0.26679721264838885,0.4832138002052091,17.584522276147762,0.10781046093152782,1.312876285944847,0.8320899197798148,True,True,0.20568116179580076,True,True,swing_low,swing_high,limit,BBWI,XLY,Improving,71.3,2026-03-05,524,-404.02758
2026-03-09 10:00:00,289.49,273.96,365.9,386.11,2026-03-30 15:54:00,trail,1129,15,4.823518176463805,0.25876278033950406,4.9201545396007615,0.7491072273053155,3,0.6384495923816836,1.5217105053944495,0.7363952081393182,0.7491072273053155,23.389254173580692,0.4424688770663608,1.37142040512831,0.5734811967727309,True,True,0.5429204706086144,True,True,AVWAP,swing_high,limit,CIEN,XLK,Improving,84.8,2026-03-06,59,4419.6449995485
2026-03-09 10:00:00,267.93,246.45,316.03,342.01,2026-05-04 15:54:00,time,1153,40,3.869197392923647,0.3101943044825141,2.2392923649906855,0.7145600112871857,3,1.6850236966910537,38.000408286409254,0.6863246103840972,0.7145600112871857,49.46930426351468,0.2604355254710786,1.9242733506160197,0.8972836806052511,True,True,0.3371894135793758,True,True,AVWAP,LRC_upper,limit,KEYS,XLK,Improving,76.7,2026-03-06,43,3573.745480000001
2026-03-10 10:00:00,131.57,119.44,161.25,170.42,2026-03-12 15:54:00,lrc_break,1117,3,-0.195420445177245,-0.018016645131868823,2.4468260511129447,0.843083145717709,3,1.3553208231583254,-5.648413764401634,0.9948057436693473,0.843083145717709,39.00181346381182,0.005363766534864647,1.3571748027691046,0.5653049469399276,True,True,0.5222093917658597,True,True,VAL,swing_high,limit,GLW,XLK,Improving,87.6,2026-03-09,78,-184.89509999999848
2026-03-10 10:00:00,292.37,284.52,308.08,321.31,2026-03-10 15:54:00,stop,1115,0,-1.036744585987261,-0.027836115196497663,2.0012738853503103,0.8533826182151151,3,1.108371568307567,56.026406188003584,0.33118232955658145,0.8533826182151151,27.423204316012455,0.18227826587312568,1.7038002407628918,0.8542993610533368,True,True,0.18371418247321603,True,True,swing_low,LRC_upper,limit,CBOE,XLF,Improving,76.9,2026-03-09,64,-520.8604800000014
2026-03-10 10:00:00,93.87,91.22,99.17,104.6,2026-03-10 15:54:00,lrc_break,1115,1,-0.1372584905660413,-0.003874880153403752,1.9999999999999947,0.7660570799518824,2,0.9270848743128481,0.19582914800071216,0.41080944127480457,0.7660570799518824,26.11128412298329,0.23533228840780315,1.102038751793966,-0.7953654842599607,True,True,0.18530851274021654,True,True,AVWAP,POC,limit,HAS,XLY,Improving,70.7,2026-03-09,190,-69.10965000000193
2026-03-11 10:00:00,43.155,39.75,50.83,55.29,2026-03-27 15:54:00,stop,1128,12,-1.129589574155653,-0.08912646275055033,2.2540381791483095,0.5485025041416325,2,1.1366108444344343,22.429225791493444,0.6029818084773128,0.5485025041416325,21.852055413027283,0.027081259980485377,1.1989315977021895,-0.5143951821495737,True,True,0.40824958952225043,True,True,VAL,swing_high,limit,ENPH,XLY,Improving,65.9,2026-03-10,280,-1076.9506999999999
2026-03-11 10:00:00,204.34,201.0,211.13,218.86,2026-03-27 15:54:00,stop,1128,12,-1.0606796407185628,-0.01733713418811786,2.0329341317365226,0.16519317554012702,3,0.6608735481873688,45.04049160829482,0.09022736075623233,0.16519317554012702,16.39124880537858,0.2954316509848468,1.190851672473462,0.614750533223605,True,True,0.040930145914385596,True,True,VAL,swing_high,limit,ALL,XLF,Improving,52.6,2026-03-10,93,-329.4683100000003
2026-03-11 10:00:00,114.02,111.2,119.66,123.48,2026-05-06 15:54:00,time,1155,40,6.725686170212788,0.1663430538502019,2.000000000000005,0.0003981265253219234,3,0.8135264870167941,17.933344927110724,0.0032034119554460827,0.0003981265253219234,19.474611740272657,0.04887247870593378,1.016632642385258,0.4554483679713933,True,True,0.04207274946832351,True,True,swing_low,swing_high,limit,BNY,XLF,Improving,48.9,2026-03-10,42,796.5902700000008
2026-03-12 10:00:00,75.98,74.76,80.03,82.65,2026-03-18 15:54:00,stop,1121,4,-1.0617786885245901,-0.01704882863911554,3.319672131147542,0.004903598922237446,2,0.6660408562310186,50.216938248035234,0.02342738997268013,0.004903598922237446,18.327701023794525,0.1340088873797119,0.9821356986521139,0.47168502549142466,True,True,0.03500638232287656,True,True,swing_low,swing_high,limit,AIG,XLF,Improving,44.0,2026-03-11,1,-1.2953699999999988
2026-03-13 10:00:00,93.4,90.52,99.17,104.6,2026-03-18 15:54:00,stop,1121,3,-1.0319305555555554,-0.031819700214132864,2.0034722222222143,0.687195146600343,2,1.0595124463203445,-2.106659430699264,0.3720992178928895,0.687195146600343,24.479248883630788,0.04359041412731396,1.0307178693886623,-0.9594259600872814,True,True,0.17920714518554215,True,True,swing_low,POC,limit,HAS,XLY,Improving,72.6,2026-03-11,107,-317.99972000000105
2026-03-20 10:00:00,306.21,300.14,318.35,329.22,2026-03-20 15:54:00,lrc_break,1123,1,-0.36330477759472485,-0.00720178962150151,2.0000000000000093,0.9026623070445841,3,0.9836318742618644,2.569699531881004,0.36694441825940505,0.9026623070445841,23.595043572523856,0.14592603053748573,1.9080373645575919,0.5486671844186621,True,True,0.19560693615154645,True,True,VAL,swing_high,limit,CME,XLF,Improving,81.2,2026-03-19,64,-141.13663999999855
2026-04-09 10:00:00,197.13,193.8,211.56,215.76,2026-04-10 15:54:00,stop,1137,1,-1.0586981981981984,-0.017883959823466668,4.333333333333356,0.04797847171351117,2,0.7639216034917332,43.06073383105534,0.05779995531310861,0.04797847171351117,10.519495774524104,-0.06170248800447555,1.2687642246616808,0.6717270102024858,True,True,0.13432318315126057,True,True,POC,swing_high,limit,DGX,XLV,Improving,53.4,2026-04-08,97,-341.97010499999845
2026-04-14 10:00:00,325.5,321.8,339.42,345.58,2026-04-22 15:54:00,stop,1145,6,-1.6574581081081137,-0.01884053763440861,3.762162162162178,0.015613498178058322,2,0.6272419669552589,53.63371268330287,0.016493179615934946,0.015613498178058322,12.483172999004806,-0.17012431821962956,1.3899173433701721,0.14648669929568306,True,True,0.08818636401950042,True,True,POC,LRC_upper,limit,CB,XLF,Improving,45.6,2026-04-13,59,-361.82310500000017
2026-04-21 10:00:00,27.9,26.42,30.88,32.55,2026-05-12 15:54:00,stop,1159,15,-1.0183513513513514,-0.05402007168458771,2.013513513513518,0.6238757079227472,2,1.4001710338323083,32.241952614342715,0.5575900318118274,0.6238757079227472,22.485232574378838,-0.05487888849729727,1.5640824998722562,0.22055860414669526,True,True,0.10512059924046602,True,True,POC,swing_high,limit,CZR,XLY,Improving,67.3,2026-04-20,656,-988.696959999998
2026-04-23 10:00:00,177.18,169.36,192.83,207.66,2026-04-29 15:54:00,stop,1150,4,-1.7417461636828682,-0.07687354667569712,2.001278772378519,0.4036194648263561,2,1.1371312615029292,42.02847056931726,0.19494037467497297,0.4036194648263561,18.67201071346267,0.06236395268284329,0.9826567945358771,0.7666089181378868,True,True,-0.1633440196787509,True,True,AVWAP,LRC_upper,limit,BKNG,XLY,Improving,46.7,2026-04-22,108,-1471.0091400000017
2026-04-27 10:00:00,97.72,94.52,106.72,109.57,2026-05-27 15:54:00,lrc_break,1169,22,3.717587499999997,0.12173843634875155,2.8124999999999973,0.7746700836873336,3,1.016022835609132,16.753860560514035,0.39306402201965374,0.7746700836873336,35.12098734820745,0.09634828830561254,1.5992761534207587,0.8158026450709684,True,True,0.01056757884152737,True,True,POC,swing_high,limit,EBAY,XLY,Improving,77.4,2026-04-24,199,2367.35972
2026-05-01 10:00:00,124.99,122.44,130.1,133.18,2026-05-04 15:54:00,stop,1153,1,-1.0485156862745098,-0.021391431314505136,2.003921568627453,0.2591367839781671,2,0.6313231342848664,55.82439863766759,0.10082308644267408,0.2591367839781671,13.960280222442929,0.07440127810894626,1.1035986288614783,-0.8310777642799986,True,True,0.06891784615175789,True,True,swing_low,swing_high,limit,BG,XLP,Improving,50.8,2026-04-30,154,-411.7521099999996
2026-05-04 10:00:00,138.08,132.32,149.6,155.21,2026-05-07 15:54:00,stop,1156,3,-1.4329895833333293,-0.05977708574739284,1.9999999999999902,0.2689770285669875,3,1.4998729547032161,44.963076014788754,0.17756755378100528,0.2689770285669875,16.681193844344087,0.2314568803997788,1.484475398053706,0.60510205941907,True,True,0.19567617593312892,True,True,swing_low,swing_high,limit,EOG,XLE,Improving,64.7,2026-05-01,130,-1073.0226000000007
2026-05-05 10:00:00,50.53,48.95,53.7,55.32,2026-05-06 15:54:00,stop,1155,1,-2.3536044303797503,-0.073593805660004,2.0063291139240538,0.354935315261266,3,0.9900245612203933,64.36716789690581,0.22859130243478906,0.354935315261266,19.023501765094647,0.3111632114860196,1.318978985784021,0.264530242369527,True,True,0.2399792072601623,True,True,VAH,LRC_upper,limit,DVN,XLE,Improving,66.9,2026-05-04,385,-1431.6975750000006
2026-05-07 10:00:00,188.9,184.35,202.67,212.17,2026-06-12 15:54:00,trail,1181,25,-0.06980427581387086,-0.0016813629166390323,3.0263736263736147,0.5607478843006877,3,0.6604165348379651,22.5039312973078,0.2668911255071093,0.5607478843006877,15.359231662916695,0.18143868079871192,1.0590062935145383,0.7774992015388544,True,True,0.08290237695850755,True,True,AVWAP,swing_high,limit,FANG,XLE,Improving,65.7,2026-05-06,100,-31.760945495311326
2026-05-07 10:00:00,38.89,37.3,42.08,44.82,2026-05-27 15:54:00,trail,1169,13,-0.037674591824033536,-0.0015403085883315365,2.006289308176095,0.7354431104743362,2,1.2784697001599676,35.91814964786709,0.3342794503580849,0.7354431104743362,26.423959007648143,0.12501391235106213,0.9791276694617455,0.8547475114627574,True,True,0.10236075062907357,True,True,POC,52w_high,limit,HAL,XLE,Improving,63.5,2026-05-06,489,-29.292371889104377
2026-05-14 10:00:00,124.16,121.42,129.64,132.7,2026-05-14 15:54:00,stop,1161,0,-1.0448138686131387,-0.02305726481958759,2.0,0.24775568409819645,3,0.7099744464923732,40.50559020631762,0.09659568989121389,0.24775568409819645,17.308985198902576,0.025825297737590226,1.2659879992748442,0.3507155914826016,True,True,-0.03449461349865002,True,True,AVWAP,swing_high,limit,BG,XLP,Improving,53.9,2026-05-13,155,-443.7324499999992
2026-05-14 10:00:00,98.28,96.26,102.33,108.56,2026-05-15 15:54:00,stop,1162,1,-1.0481534653465348,-0.021543243793243752,2.0049504950495076,0.3371099235825337,2,0.6969616912072246,58.98769780742879,0.10787467919282742,0.3371099235825337,14.731643123094415,-0.020659027117575383,1.1215126739746413,0.8708249774411467,True,True,-0.07059442644058145,True,True,POC,LRC_upper,limit,INCY,XLV,Improving,47.4,2026-05-13,155,-328.1768499999994
2026-05-19 10:00:00,140.15,135.58,149.31,155.53,2026-07-16 15:54:00,time,1203,40,10.926652078774632,0.35629539778808417,2.004376367614882,0.7069121903042663,3,0.8019706778076704,54.80764844034483,0.32996802119579516,0.7069121903042663,14.49250993469539,0.14141316320188413,1.1713176584253546,0.7594660761796684,True,True,0.11971238740206736,True,True,swing_low,LRC_upper,limit,ILMN,XLV,Improving,72.1,2026-05-18,139,6940.937199999999
2026-05-19 10:00:00,281.69,276.6,291.87,299.92,2026-05-21 15:54:00,stop,1166,2,-1.05484184675835,-0.01906047428023705,2.000000000000011,0.7668202524590542,2,0.6803824265919929,29.449721292113868,0.21361717093436286,0.7668202524590542,17.59831256112199,-0.009668873803063917,1.0548187517254834,0.6940870693590617,True,True,-0.085842666568272,True,True,swing_low,swing_high,limit,CI,XLV,Improving,59.2,2026-05-18,50,-268.4572499999988
2026-05-20 10:00:00,22.26,21.73,23.33,26.92,2026-06-04 15:54:00,trail,1175,10,-0.8074873112544949,-0.019225888363202298,2.0188679245282914,0.1463799530107823,2,0.8804419470215025,62.42525644605201,0.07515550932161555,0.1463799530107823,18.250354762332492,0.013723517978556627,0.8733190608874771,0.7785503773513167,True,True,-0.07789451935999792,True,True,AVWAP,swing_high,limit,KHC,XLP,Improving,40.2,2026-05-19,6,-2.5678096497892993
2026-05-22 10:00:00,1028.17,1004.05,1076.41,1121.14,2026-05-26 15:54:00,stop,1168,1,-1.0421272802653399,-0.024447426009317638,1.9999999999999907,0.46740198060183324,3,1.106765041224422,65.32506770117963,0.12476048680674004,0.46740198060183324,16.297883921869595,0.18488006047827882,1.2265096232177222,0.7764623077841232,True,True,-0.011650363904944006,True,True,AVWAP,LRC_upper,limit,COST,XLP,Improving,57.4,2026-05-21,13,-326.76943000000153
2026-05-22 10:00:00,28.52,28.09,29.43,30.58,2026-07-07 15:54:00,trail,1196,29,6.488757529338872,0.09783189823337002,2.1162790697674434,0.486571101309616,2,0.59724870730144,48.46702312086723,0.21983475025292215,0.486571101309616,26.4717368438039,0.02344299667438007,0.9295629301203503,0.23831679525447821,True,True,-0.06821949828736895,True,True,VAL,swing_high,limit,KDP,XLP,Improving,52.1,2026-05-19,16,44.64265180185141
2026-05-27 10:00:00,31.47,30.34,34.24,35.26,2026-05-29 15:54:00,lrc_break,1171,3,-0.7000796460176979,-0.02513790911979657,2.4513274336283235,0.9138270856008367,3,1.427795999587697,24.9145076099991,0.6692153353996221,0.9138270856008367,33.90054233569515,0.17719530550059623,1.566597099515385,0.840195266813465,True,True,0.08231604349760246,True,True,POC,LRC_upper,limit,BEN,XLF,Improving,82.6,2026-05-26,414,-327.5112599999992
2026-05-28 10:00:00,272.27,260.29,304.93,316.49,2026-06-01 15:54:00,lrc_break,1172,3,-0.9412992487479154,-0.04141758181217171,2.726210350584318,0.829284801460782,3,1.7799045251124166,21.712501883924073,0.568422062096984,0.829284801460782,28.369108664732348,0.06901903026941857,1.769417894998143,0.3189535915436969,True,True,0.18873369066004653,True,True,VAL,LRC_upper,limit,AMZN,XLY,Improving,84.2,2026-05-27,69,-778.0967849999994
2026-05-28 10:00:00,346.18,334.59,369.38,383.12,2026-05-29 15:54:00,stop,1171,1,-1.0293688524590163,-0.03446295279912193,2.0017256255392515,0.8433331133800775,3,1.1951580550422978,21.488975209206217,0.5286658221812818,0.8433331133800775,36.587850066347116,0.18363607928048278,1.2085970855045716,0.7272254337247978,True,True,0.1022091255381381,True,True,VAL,52w_high,limit,CBOE,XLF,Improving,78.3,2026-05-27,54,-644.2407900000018
2026-05-28 10:00:00,138.7,135.01,148.09,152.27,2026-07-24 15:54:00,time,1209,40,5.2659918699187065,0.14009740447007943,2.544715447154477,0.8093188823282641,3,1.3191913558744275,37.72198844799678,0.3617403441700719,0.8093188823282641,36.018539156828666,0.041265267246282614,2.704696339904303,0.8805382715796229,True,True,0.07410145519411704,True,True,VAH,LRC_upper,limit,BNY,XLF,Improving,76.5,2026-05-27,24,466.3562400000003
2026-06-01 10:00:00,57.15,56.25,61.28,63.56,2026-06-15 15:54:00,trail,1182,10,-6.038288888888893,-0.09509116360454935,4.588888888888899,0.7101484122588013,3,0.6084502304211223,43.45790022902437,0.23632526593358877,0.7101484122588013,19.042477287997308,0.04075890435775034,1.039639602395475,0.04874422716939675,True,True,0.04253415644671543,True,True,swing_low,swing_high,limit,FOX,XLC,Improving,67.7,2026-05-28,332,-1804.2407199999986
2026-06-01 10:00:00,152.22,150.04,156.58,164.5,2026-06-01 15:54:00,lrc_break,1172,1,-0.24405045871559347,-0.0034951386151622355,2.0,0.7975692677819254,2,0.6634966124897242,2.4182745012337734,0.2565323426868487,0.7975692677819254,13.205145832534301,-0.1106176723341367,1.4932584731676217,0.7319029354642506,True,True,-0.04381423010620267,True,True,swing_low,swing_high,limit,GL,XLF,Improving,61.8,2026-05-29,77,-40.96630999999965
2026-06-02 10:00:00,110.42,107.04,118.62,122.52,2026-06-02 15:54:00,lrc_break,1173,1,-0.5856464497041441,-0.017926870132222463,2.426035502958584,0.8791089172916075,3,0.9423633534178022,-2.7568393453300404,0.4879998414051601,0.8791089172916075,21.575352422217893,0.08191435089443308,1.4297690705913624,0.5348019756014127,True,True,0.12854123773910708,True,True,POC,swing_high,limit,EBAY,XLY,Improving,83.5,2026-06-01,174,-344.4303900000008
2026-06-02 10:00:00,14.03,13.51,15.07,16.08,2026-06-03 15:54:00,stop,1174,1,-1.0264807692307691,-0.038044903777619356,2.0000000000000036,0.7878074026146121,3,0.8737464246315384,67.61556891485003,0.5365226525827258,0.7878074026146121,26.77740492953977,0.11627791304059827,1.3356680431334385,0.7997445613056969,True,True,0.033535044374199297,True,True,swing_low,LRC_upper,limit,AAL,XLY,Improving,69.7,2026-06-01,751,-400.8612699999997
2026-06-03 10:00:00,1264.54,1234.91,1323.82,1354.8,2026-07-22 15:54:00,lrc_break,1207,34,2.886332939588264,0.06763095275752441,2.0006749915626125,0.8388738523538819,3,1.0983657961145552,44.95147149914836,0.32726007472875246,0.8388738523538819,23.97159668268328,0.048994083902687856,1.2256535878686226,0.004257494323191972,True,True,-0.014083771458948346,True,True,POC,LRC_upper,limit,GWW,XLI,Improving,73.2,2026-06-02,14,1197.308629999999
2026-06-04 10:00:00,109.59,105.28,118.62,123.12,2026-06-04 15:54:00,lrc_break,1175,1,-0.2039918793503503,-0.00802267542659011,2.0951276102088157,0.8302645087701032,3,1.2295164617983116,-6.202135495452606,0.45413213880746334,0.8302645087701032,19.046423662331495,0.18643885815430913,1.4235498809273452,0.16570351622723942,True,True,0.08953696314865534,True,True,VAL,swing_high,limit,EBAY,XLY,Improving,81.6,2026-06-03,103,-90.55811500000105
2026-06-05 10:00:00,407.39,394.32,436.98,448.67,2026-06-11 15:54:00,stop,1180,4,-1.0306698546289212,-0.03306623873929157,2.2639632746748313,0.9154269159888869,3,1.2210917587108694,32.12160076781394,0.6278440605754345,0.9154269159888869,47.767803675105036,0.27267485336155495,1.9102125816738769,0.8201271765352112,True,True,0.2905069403057787,True,True,VAH,LRC_upper,limit,ELV,XLV,Improving,86.4,2026-06-04,27,-363.71308499999986
2026-06-05 10:00:00,193.21,190.08,202.42,225.08,2026-08-03 15:54:00,lrc_break,1215,40,12.861519169329092,0.20835647740800164,2.9424920127795504,0.6901095758769403,3,0.5264573425004497,39.00444074622234,0.6353435295900411,0.6901095758769403,29.961291380573606,0.14013508363589186,1.527427927606431,0.15894991547768816,True,True,0.14134599017025096,True,True,swing_low,swing_high,limit,DVA,XLV,Improving,73.1,2026-06-03,1,40.256555
2026-06-12 10:00:00,14.51,14.44,14.71,15.8,2026-06-17 15:54:00,stop,1184,3,-1.2067857142857135,-0.0058218470020675595,2.8571428571428608,0.8692816052582871,3,0.9781395236486049,25.485802040842405,0.08793559378529506,0.8692816052582871,48.19113691205192,0.1082581192910875,1.4688391072259528,0.5767136708815128,True,True,-0.059465247557357825,True,True,VAL,LRC_upper,limit,AES,XLU,Improving,79.0,2026-06-11,743,-62.76492500000021
2026-06-15 10:00:00,66.87,65.9,69.21,70.54,2026-07-31 15:54:00,lrc_break,1214,33,1.5900257731958776,0.023064528189023468,2.4123711340206104,0.5710410887549454,2,0.7025947248435958,67.68894774295082,0.18485851871187603,0.5710410887549454,20.18799277219552,-0.06539717524129128,1.6137251395259806,0.7986568720303918,True,True,-0.033858471530960665,True,True,POC,LRC_upper,limit,D,XLU,Improving,56.3,2026-06-12,281,433.39332499999983
2026-06-16 10:00:00,14.63,13.86,17.34,18.09,2026-06-17 15:54:00,stop,1184,1,-1.0185,-0.05360526315789482,3.519480519480512,0.624860703435033,3,1.1486155136850058,30.438363705007067,0.5697895551718062,0.624860703435033,26.351050123210058,0.041882870208931396,1.396796379501862,0.3991352066074582,True,True,0.1287836150241779,True,True,VAL,LRC_upper,limit,F,XLY,Improving,78.8,2026-06-15,1178,-923.8406100000016
2026-06-18 10:00:00,161.46,158.06,168.52,174.48,2026-06-24 15:54:00,lrc_break,1188,4,-0.42965000000000264,-0.009047504025764966,2.076470588235291,0.8854789298165654,2,0.954132112305743,40.02492043314066,0.28742918434389064,0.8854789298165654,26.255932855909077,-0.030478686674186715,1.4531219060854037,0.8711711862564459,True,True,0.026652919608908476,True,True,POC,52w_high,limit,EXPD,XLI,Improving,65.2,2026-06-16,112,-163.6107200000013
2026-06-18 10:00:00,24.16,23.54,25.42,26.08,2026-08-04 15:54:00,trail,1216,31,0.6398283524066114,0.016419436195865052,2.032258064516128,0.4915362819248452,2,1.249214296717496,44.24396551691216,0.1527910799272011,0.4915362819248452,28.575121510196265,-0.05108301170250434,1.4584049172671179,0.7754434496629828,True,True,-0.03570092656473012,True,True,AVWAP,LRC_upper,limit,KIM,XLRE,Improving,55.1,2026-06-17,370,146.7766240420769
2026-06-25 10:00:00,62.76,61.34,66.55,76.09,2026-07-16 15:54:00,lrc_break,1203,15,0.7511795774647934,0.016996096239643124,2.669014084507052,0.8295572541222965,3,0.5940586086565686,18.297131912330844,0.847671945925481,0.8295572541222965,44.92236144520099,0.11596100915891093,1.4551096845238898,0.2929191080156091,True,True,0.6087204213012043,True,True,POC,52w_high,limit,CNC,XLV,Improving,78.5,2026-06-22,285,304.0023750000007
2026-07-08 10:00:00,68.06,66.09,75.95,78.45,2026-08-10 15:54:00,trail,1220,23,-0.12707865087775766,-0.003678297711272149,4.0050761421319825,0.8475185088259848,3,1.160558420820814,72.06507012384475,0.3455306283908306,0.8475185088259848,33.673019460297084,0.08972788731394397,1.4657383085621087,0.6591474581470576,True,True,0.17388091037187814,True,True,VAH,52w_high,limit,BXP,XLRE,Improving,84.5,2026-07-07,8,-2.0027595378334597
2026-07-17 10:00:00,107.5,104.48,113.55,129.49,2026-09-08 15:54:00,stop,1240,36,-1.0350960264900662,-0.029078976744186007,2.0033112582781474,0.7696216069680409,3,1.0195137008550894,29.983233092917587,0.34524219086142094,0.7696216069680409,25.925388136082628,0.05385383639064339,1.2196926678388302,0.6013773598500628,True,True,0.06131942572419713,True,True,VAL,swing_high,limit,KMB,XLP,Improving,73.7,2026-07-16,182,-568.9301799999994
2026-07-17 10:00:00,126.99,121.26,138.46,145.65,2026-07-23 15:54:00,stop,1208,4,-1.2397033158813269,-0.05593747539176305,2.0017452006980863,0.8643258714824897,2,1.277205262992553,46.21758876995986,0.6298420338634769,0.8643258714824897,37.719986174630456,-0.04422518686678101,1.1064199807455626,0.13227438313123294,True,True,0.17885511185067338,True,True,POC,LRC_upper,limit,DLTR,XLP,Improving,72.7,2026-07-16,154,-1093.9389999999985
2026-07-24 10:00:00,61.5,60.34,63.83,66.74,2026-08-04 15:54:00,trail,1216,7,0.08484482758620421,0.0016003252032519772,2.008620689655177,0.6699120482571359,2,0.782047233632417,39.21253538584226,0.3043219072932068,0.6699120482571359,30.936311145405195,0.06115198627712009,1.3161510260513625,-0.3514959160778951,True,True,-0.042245629235287074,True,True,VAL,swing_high,limit,BALL,XLB,Improving,57.3,2026-07-23,312,30.707039999998933
2026-07-27 10:00:00,88.59,86.97,92.17,94.26,2026-07-27 15:54:00,stop,1210,0,-1.0541851851851851,-0.019277345072807366,2.2098765432098695,0.49503439913865827,3,0.8572660221681289,73.75484339289498,0.23586417004643503,0.49503439913865827,30.7094323191525,0.30649167287905477,1.4856531108906006,0.7640399808938209,True,True,0.0742560948413622,True,True,VAH,LRC_upper,limit,CTVA,XLB,Improving,64.7,2026-07-24,219,-374.003820000001
2026-08-04 10:00:00,57.75,56.07,61.12,64.21,2026-09-16 15:54:00,lrc_break,1246,31,0.5903124999999985,0.017172727272727225,2.0059523809523796,0.8667890303176432,2,0.7810846769293086,27.293494293171484,0.5832334187585408,0.8667890303176432,31.55502301577049,-0.08636497862234029,1.4070504484247586,0.8149267005458422,True,True,0.4386892734761232,True,True,VAL,swing_high,limit,KMX,XLY,Improving,72.6,2026-08-03,332,329.25269999999904
2026-08-04 10:00:00,277.26,270.65,294.09,306.79,2026-09-10 15:54:00,stop,1242,26,-1.2062647503782107,-0.028757880689605386,2.5461422087745764,0.5048423408352369,3,1.0007506520324196,44.97555622051603,0.1748248337473279,0.5048423408352369,16.500252573347872,0.07819531166366332,1.50966432815059,0.22320747950498948,True,True,0.024306332077977943,True,True,POC,LRC_upper,limit,ECL,XLB,Improving,64.8,2026-08-03,69,-550.1652899999992
2026-08-04 10:00:00,20.69,19.76,23.43,30.98,2026-08-07 15:54:00,stop,1219,3,-1.021747311827957,-0.045926776220396315,2.946236559139784,0.24607148135024398,2,1.0078097868035065,44.226820124863266,0.2414892782946001,0.24607148135024398,11.411245693353733,-0.062299453969688855,1.2752138545195626,0.10689213672126661,True,True,0.047609982847312216,True,True,POC,swing_high,limit,BBWI,XLY,Improving,54.0,2026-08-03,398,-378.1895499999998
2026-08-07 10:00:00,94.13,87.81,106.77,135.0,2026-09-23 15:54:00,lrc_break,1251,33,2.5044153481012694,0.16814942101349206,2.000000000000002,0.0036488581895595213,3,0.9453918375792363,50.408244331795146,0.04245202995298904,0.0036488581895595213,26.942337537231413,0.2738362286577613,1.2670280414818158,0.8388355053125557,True,True,-0.17139966098757775,True,True,swing_low,swing_high,limit,EPAM,XLY,Improving,44.9,2026-08-06,150,2374.185750000001
2026-08-10 10:00:00,84.21,82.36,91.44,94.63,2026-08-10 15:54:00,stop,1220,0,-1.0450189189189192,-0.022957902861892823,3.9081081081081224,0.8794898728030799,2,0.5363788376762798,32.36417160730692,0.4678450636561594,0.8794898728030799,33.45735283511154,0.1321481285062449,1.4181687198758797,-0.4720215435210691,True,True,0.2610265879636575,True,True,POC,LRC_upper,limit,ETSY,XLY,Improving,75.7,2026-08-07,227,-438.8556949999987
2026-08-10 10:00:00,187.11,173.23,214.89,230.33,2026-09-25 15:54:00,open_at_end,1253,34,1.386395533141208,0.10284415584415584,2.0014409221901963,0.42522689620709214,2,1.251129208686053,69.34559736555566,0.26508435396714103,0.42522689620709214,18.632037845154745,-0.02931246004781246,1.3696330248356596,0.665865442482875,True,True,0.2560290420175815,True,True,POC,52w_high,limit,ANET,XLK,Improving,61.5,2026-08-07,15,288.64754999999997
2026-08-11 10:00:00,310.46,302.81,330.83,341.58,2026-09-01 15:54:00,stop,1236,15,-1.0400830065359479,-0.02562853507698247,2.662745098039224,0.8716846818748577,3,0.5971733703092046,74.13001173135501,0.5783681467669178,0.8716846818748577,33.44170125617584,0.04177275481762727,1.7496130423529594,0.6797858896945973,True,True,0.3022571861117751,True,True,VAH,52w_high,limit,EXPE,XLY,Improving,81.2,2026-08-10,61,-485.3547349999986
2026-08-11 10:00:00,62.08,60.96,64.91,67.19,2026-08-12 15:54:00,lrc_break,1222,2,-0.18036607142857236,-0.0032540270618556795,2.5267857142857184,0.811615691356466,2,0.6571672639764671,6.278743942504855,0.3730650418324579,0.811615691356466,29.38259635431164,0.14560888388513418,1.2064453386416514,-0.6098231431969633,True,True,0.02272177867580205,True,True,swing_low,swing_high,limit,BALL,XLB,Improving,63.8,2026-08-06,6,-1.2120600000000035
2026-08-13 10:00:00,84.34,82.22,88.58,91.21,2026-08-18 15:54:00,stop,1226,3,-1.0392830188679243,-0.026123784681052933,1.9999999999999933,0.17754254520547377,2,0.611165482286589,66.79539518234913,0.14874112721683655,0.17754254520547377,14.089603072057105,-0.12319048717817066,1.2959453932871563,0.40460338970800325,True,True,0.26879133165786473,True,True,VAH,swing_high,limit,APH,XLK,Improving,53.0,2026-08-12,4,-8.81312000000002
2026-08-17 10:00:00,27.71,26.7,29.73,31.34,2026-09-18 15:54:00,lrc_break,1248,24,1.259049504950494,0.04589101407434142,1.9999999999999964,0.6665556157755437,3,1.0300411463468824,47.96059079688752,0.33508347249333337,0.6665556157755437,16.80356819011726,0.14257443924487828,1.3786097529662924,0.9219482430409018,True,True,0.18689140133827942,True,True,swing_low,swing_high,limit,GEN,XLK,Improving,71.7,2026-08-14,2,2.5432800000000015
2026-08-19 10:00:00,157.97,152.57,170.57,176.01,2026-08-19 15:54:00,stop,1227,0,-1.0287537037037036,-0.03516661391403435,2.33333333333333,0.5134886238482966,2,0.8473014565965044,19.38387021160783,0.225208482561841,0.5134886238482966,31.31699577533214,-0.0975678364217815,1.4213972466491989,0.6654706222815863,True,True,0.19913053597829244,True,True,AVWAP,swing_high,limit,FTNT,XLK,Improving,66.4,2026-08-18,2,-11.110540000000013
2026-08-20 10:00:00,196.97,186.71,217.5,227.2,2026-08-20 15:54:00,lrc_break,1228,1,-0.6650735867446395,-0.034643118241356526,2.0009746588693975,0.6659267826338479,3,1.0861154694267237,13.751620476907156,0.4615031656510211,0.6659267826338479,30.954822102697467,0.10523447151958636,1.1529324298311665,0.2645144407533119,True,True,0.24413987146694205,True,True,AVWAP,swing_high,limit,CRWD,XLK,Improving,73.0,2026-08-19,1,-6.823654999999996
2026-08-21 10:00:00,300.17,294.01,312.49,322.55,2026-09-10 15:54:00,stop,1242,13,-1.048228896103896,-0.02151144351534139,1.9999999999999907,0.4945502991943709,2,0.8794151486927934,28.141852314548405,0.1725834600669682,0.4945502991943709,19.613920500467508,-0.10667441345184868,1.1237201622936326,0.8348009541179688,True,True,0.013119653436608036,True,True,POC,swing_high,limit,APD,XLB,Improving,57.4,2026-08-20,1,-6.457090000000025
2026-09-02 10:00:00,183.28,178.21,193.45,206.49,2026-09-08 15:54:00,stop,1240,3,-1.0356499013806706,-0.02864876145787862,2.005917159763314,0.7538336769574043,3,0.9195145597538249,35.3543421046087,0.5974488173737398,0.7538336769574043,42.04507919572093,0.10215585781437986,1.1890719835989463,0.7084747985958816,True,True,0.351306765391185,True,True,VAL,swing_high,limit,ABNB,XLY,Improving,81.1,2026-09-01,100,-525.0744999999993
2026-09-10 10:00:00,290.16,282.45,307.95,327.79,2026-09-14 15:54:00,stop,1156,2,-1.8065288586251587,-0.04800226599117741,2.3073929961089337,0.8130759235730564,2,0.7866856652785037,63.39781274078759,0.3218252791289159,0.8130759235730564,18.480915570607404,-0.14339809804066037,1.0467687754434583,0.5614232228624512,True,True,0.12793497708080714,True,True,VAH,swing_high,limit,CEG,XLU,Improving,68.6,2026-09-09,66,-919.2702750000026
