entry_time,entry,stop,tp1,tp2,exit_time,exit_reason,_exit_i,sessions_held,r_multiple,pct_return,rr_at_trigger,lrc_r2,flow_n,risk_atr,pos,slope,r2,adx,cmf,udv,obv,above_avwap,ema_ok,rs,trend_ok,flow_ok,stop_src,tp1_src,entry_type,symbol,sector_etf,quadrant,score,setup_date,shares,pnl
2019-10-04 10:00:00,38.32,37.62,39.77,47.54,2019-11-19 15:54:00,lrc_break,293,33,7.498621428571397,0.13697899269311062,2.071428571428567,0.9038769125999454,2,0.9346060158919244,11.294417196040826,0.232756065570569,0.9038769125999454,23.27749911337124,-0.05112920571878002,1.6453054263924627,0.8832166520801679,True,True,0.14464090989897738,True,True,swing_low,LRC_upper,limit,BMY,XLV,Improving,76.3,2019-10-03,521,2734.747235
2019-10-07 10:00:00,155.43,148.9,168.49,181.53,2019-10-23 15:54:00,stop,274,12,-1.023302450229709,-0.04299147526217591,2.0,0.5050026137279452,3,1.1441179221160922,25.752971184863537,0.37242926719873004,0.5050026137279452,27.26443701789032,0.13774086993699533,1.186508808714323,0.7365297575029971,True,True,0.3649795904597881,True,True,VAL,swing_high,limit,PODD,XLV,Improving,71.4,2019-10-04,129,-861.9992850000001
2019-10-07 10:00:00,166.22,165.0,168.83,188.59,2019-10-09 15:54:00,stop,263,2,-1.1357459016393445,-0.00833600048128985,2.1393442622950953,0.7689795970724843,2,0.7158419476785847,64.15684821212857,0.12512647007663294,0.7689795970724843,29.22259309047971,-0.057738385439793934,1.1116681854014376,0.7779292707424259,True,True,0.05614486069850955,True,True,VAH,LRC_upper,limit,AGN,XLV,Improving,66.0,2019-10-04,120,-166.27319999999986
2019-10-10 10:00:00,48.36,47.46,50.17,52.28,2019-12-05 15:54:00,time,304,40,4.899344444444454,0.09117886683209267,2.011111111111117,0.009974159290108779,2,0.6463085921746392,69.32009627513936,0.0208602256762637,0.009974159290108779,16.35924851420981,0.18141618183035454,0.978627264713883,0.6523072207096694,True,False,0.01623368278728088,True,True,AVWAP,swing_high,limit,TECH,XLV,Improving,40.4,2019-10-09,414,1825.4957400000003
2019-10-29 10:00:00,184.98,182.27,196.44,200.39,2019-11-11 15:54:00,stop,287,9,-1.2779852398524085,-0.018722780841172026,4.228782287822913,0.5968310943519126,2,0.586608368306846,74.17652585565455,0.18949502008293193,0.5968310943519126,16.01348270211775,-0.013524456065835919,1.9888719193129278,0.8467849169160409,True,True,0.05676753930382583,True,True,VAH,52w_high,limit,ISRG,XLV,Improving,64.5,2019-10-28,110,-380.9674000000001
2019-11-04 10:00:00,36.49,35.2,39.69,40.57,2019-12-03 15:54:00,lrc_break,302,21,0.4133527131782951,0.014612907645930399,2.480620155038758,0.8853432612692006,2,1.6696184051485223,18.203903968256274,0.5667867380970885,0.8853432612692006,36.27946585230143,-0.08662583763954347,1.6282530351163753,0.8167091565492637,True,True,0.24325847931249078,True,True,POC,LRC_upper,limit,JBL,XLK,Improving,83.9,2019-11-01,565,301.2721250000002
2019-11-04 10:00:00,36.48,35.94,37.56,38.33,2019-11-04 15:54:00,stop,281,0,-1.0670555555555556,-0.01579523026315787,2.0000000000000133,0.738944041867838,3,0.7354431505382686,37.190711460874574,0.16765727411291032,0.738944041867838,27.157587867912227,0.28022692645483793,1.509428419071764,0.7590732475354538,True,True,0.06142288688374742,True,True,POC,52w_high,limit,HCP,XLK,Improving,70.1,2019-11-01,492,-283.4953199999996
2019-11-05 10:00:00,46.0,45.04,48.58,49.61,2019-12-03 15:54:00,lrc_break,302,20,0.12907812500000165,0.002693804347826124,2.687499999999996,0.5413089781369781,3,0.881223260584817,59.540393759907396,0.2563681440044016,0.5413089781369781,30.740621158992727,0.38371887033450547,1.484856281012014,0.9664024721140337,True,True,0.22935278880105558,True,True,POC,LRC_upper,limit,STX,XLK,Improving,74.4,2019-11-04,384,47.58336000000065
2019-11-20 10:00:00,108.88,107.58,114.11,116.41,2019-12-03 15:54:00,stop,302,8,-1.0832538461538463,-0.012933780308596595,4.0230769230769345,0.7128987040057053,3,0.7469109387924646,53.638480173286126,0.2702400427397999,0.7128987040057053,45.98243925897009,0.12288817726055365,1.339937822443104,0.8388404762830978,True,True,0.12610042952560385,True,True,POC,LRC_upper,limit,JPM,XLF,Improving,79.8,2019-11-19,190,-267.5636999999994
2019-11-20 10:00:00,25.93,25.38,27.74,28.5,2019-12-03 15:54:00,stop,301,8,-1.0466454545454544,-0.02220034708831472,3.2909090909090843,0.6365909114709429,3,0.713324586055599,71.92073602103125,0.5255106140565263,0.6365909114709429,56.35327345621738,0.06540329735512838,1.3726401251240234,0.8688844496436019,True,True,0.2560195078238232,True,True,POC,LRC_upper,limit,XRX,XLF,Improving,76.0,2019-11-19,801,-461.0996550000006
2019-11-20 10:00:00,217.19,212.98,225.61,229.82,2019-12-02 15:54:00,lrc_break,300,8,-1.0059809976247036,-0.019499884893411347,2.0,0.7702908441335214,3,1.173168968639512,52.35707276268893,0.25854827643827666,0.7702908441335214,42.90846051886235,0.0696408002887164,1.447971065516018,0.3726348186764851,True,True,0.09019232594801263,True,True,POC,LRC_upper,limit,RTN,XLF,Improving,75.5,2019-11-19,5,-21.17590000000005
2019-12-03 10:00:00,235.24,229.15,247.49,257.41,2019-12-18 15:54:00,lrc_break,313,12,0.7327438423645297,0.018969605509267084,2.011494252873562,0.8214881872260162,3,1.1134315077990165,43.619538355715356,0.37740101049347935,0.8214881872260162,30.5059372535877,0.12224846852497391,1.2676053529649005,0.48841239037206563,True,True,-0.0008299902257722369,True,True,VAL,52w_high,limit,MSCI,XLF,Improving,69.3,2019-12-02,5,22.312049999999942
2019-12-04 10:00:00,26.06,25.03,28.47,29.3,2020-01-27 15:54:00,lrc_break,338,36,2.5850436893203956,0.1021717191097468,2.339805825242724,0.7534413384846159,3,1.4616732286852265,34.999194797447295,0.45916820351512616,0.7534413384846159,21.77627868648605,0.2879495631177838,1.216491024623817,0.8865169420251069,True,True,0.043926239079507434,True,True,VAL,LRC_upper,limit,ARES,XLF,Improving,77.6,2019-12-03,784,2087.4744800000008
2019-12-04 10:00:00,74.66,73.81,76.83,77.85,2020-01-02 15:54:00,lrc_break,321,20,-0.21718235294117721,-0.0024726091615322717,2.552941176470607,0.8427515997285464,3,0.8037841393782338,60.74762506455848,0.2753483987086274,0.8427515997285464,41.46614568770944,0.30391845051369887,1.1764791248313384,0.934361349049755,True,True,0.08322769286170328,True,True,POC,LRC_upper,limit,LW,XLF,Improving,77.2,2019-12-03,273,-50.397164999999845
2019-12-19 10:00:00,105.38,101.26,132.7,137.26,2020-01-06 15:54:00,stop,323,10,-1.105134708737864,-0.043207012715885264,6.631067961165062,0.8648774995855191,3,1.5824612178671777,71.94190293906205,0.3738613388455848,0.8648774995855191,33.30448326005921,0.07215468943367792,1.2298350537440077,0.32051488852211274,True,True,0.14729127571195932,True,True,VAH,52w_high,limit,PVH,XLF,Improving,88.0,2019-12-18,196,-892.4183799999977
2020-01-10 10:00:00,52.07,48.79,72.92,76.38,2020-01-16 15:54:00,lrc_break,331,5,-0.9330990853658528,-0.058777895141156104,6.356707317073169,0.8580203845783013,2,2.1951979684531815,70.3212866243665,0.4005165565144157,0.8580203845783013,40.86309642506723,0.16507762634910988,0.8589201548142326,0.8632527382175365,True,True,0.09907151685048277,True,True,POC,52w_high,limit,XEC,XLF,Improving,79.3,2020-01-09,316,-967.1385399999995
2020-01-10 10:00:00,32.68,32.24,33.62,33.93,2020-02-07 15:54:00,trail,347,19,4.633932918394006,0.06239077368706708,2.136363636363642,0.8318964049148581,3,1.0667932228225934,24.877214777384424,0.16610002699356954,0.8318964049148581,30.50148525867088,0.08377361357892278,1.4675278458845766,0.7575712717643005,True,True,-0.03566185478860706,True,True,swing_low,LRC_upper,limit,NDAQ,XLF,Improving,77.9,2020-01-09,635,1294.7208573992789
2020-01-23 10:00:00,14.18,13.58,15.39,17.27,2020-02-05 15:54:00,lrc_break,344,10,-0.0069750000000003585,-0.00029513399153739163,2.0166666666666693,0.8208874518946245,3,1.3601361527079672,44.37176606013903,0.4592265034164809,0.8208874518946245,26.194124944666218,0.15082969162292612,1.4836370722906673,0.8221389371204427,True,True,0.13210394348913956,True,True,VAL,LRC_upper,limit,MAT,XLF,Improving,75.7,2020-01-22,1465,-6.131025000000314
2020-01-28 10:00:00,204.67,200.67,214.04,216.89,2020-01-31 15:54:00,lrc_break,342,4,-0.42348124999999515,-0.008276371720330194,2.342500000000001,0.8674181119997704,3,1.1238532297460928,-1.596423863767861,0.27327712442414187,0.8674181119997704,32.987421278242174,0.12175129464185792,1.276723686522102,0.7271773010135271,True,True,0.04183281931600047,True,True,VAL,52w_high,limit,GS,XLF,Improving,82.9,2020-01-27,100,-169.39249999999805
2020-02-03 10:00:00,77.32,76.32,79.4,81.03,2020-02-21 15:54:00,lrc_break,355,14,0.0026400000000125073,3.4143817899799634e-05,2.0800000000000125,0.9392502595943176,3,0.8381030565002169,35.30755982866652,0.24240357344210275,0.9392502595943176,32.18791922374807,0.2854330700254941,2.1751960986588044,0.7810515621993845,True,True,0.057429703791517905,True,True,POC,swing_high,limit,INFO,XLF,Improving,75.2,2020-01-29,271,0.7154400000033867
2020-05-27 10:00:00,142.14,136.79,152.85,159.15,2020-06-11 15:54:00,lrc_break,433,12,1.6940663551401904,0.06376287463064591,2.0018691588785082,0.9258185853148357,3,1.0409032318760802,37.70010255238467,0.9135790984747155,0.9258185853148357,43.848153169041325,0.16791530942378463,1.3998952428956397,0.8804456182886004,True,True,0.4161827468122381,True,True,swing_low,52w_high,limit,PYPL,XLF,Improving,80.0,2020-05-26,146,1323.2352300000011
2020-05-27 10:00:00,79.5,76.28,85.94,90.45,2020-05-27 15:54:00,stop,422,0,-1.0241894409937888,-0.041482893081760994,2.0,0.9183247433144968,3,0.7581904624546134,44.21631711543934,1.0317590291327352,0.9183247433144968,30.653637187577754,0.09896231327801742,1.5219689397168465,0.9169661546747268,True,True,0.10771785497028952,True,True,swing_low,swing_high,limit,XYZ,XLF,Improving,77.4,2020-05-26,261,-860.7492899999996
2020-05-27 10:00:00,67.79,65.07,73.56,79.75,2020-06-12 15:54:00,trail,433,12,-0.15705049252309664,-0.006301480154341715,2.121323529411753,0.6654111001572953,3,1.4266813946227106,31.59426325818441,0.4319554749103101,0.6654111001572953,10.432524591477652,0.034099867952013606,1.122487647486034,0.3916494744620853,True,True,-0.03561995805495022,True,True,POC,swing_high,limit,INFO,XLF,Improving,73.4,2020-05-26,306,-130.7162659368244
2020-05-28 10:00:00,285.01,274.9,311.15,319.4,2020-06-11 15:54:00,lrc_break,433,11,-0.9574985163204712,-0.033964808252341945,2.5855588526211624,0.8860171593900484,2,1.2412252872596692,30.2709470094457,0.6662455713900334,0.8860171593900484,29.656511579695827,-0.10154852055922359,1.4553797084226183,0.7520925594887795,True,True,0.1407406710396164,True,True,VAH,LRC_upper,limit,SPGI,XLF,Improving,79.4,2020-05-27,72,-696.9823199999984
2020-06-12 10:00:00,12.28,10.81,15.22,19.21,2020-06-26 15:54:00,lrc_break,443,11,-0.7154829931972789,-0.08564820846905531,2.000000000000002,0.8145554053156293,3,1.4202417327431216,8.456397315563569,1.053693397326319,0.8145554053156293,27.661303643884466,0.012739678970032522,1.8186178975374474,0.9565372296048066,True,True,0.4697487203271593,True,True,swing_low,swing_high,limit,FLR,XLF,Improving,87.7,2020-06-11,704,-740.4390399999994
2020-06-12 10:00:00,31.47,28.82,36.77,42.31,2020-06-26 15:54:00,lrc_break,443,11,0.39546792452830143,0.03330123927550042,2.0000000000000027,0.8705319598352297,3,1.5865861308479545,16.7894560505709,0.929399335051765,0.8705319598352297,37.39677142527127,0.14710403794361504,2.0427464299543088,0.9522946548563005,True,True,0.24094997428204046,True,True,VAL,swing_high,limit,DISH,XLF,Improving,82.7,2020-06-11,390,408.7160999999994
2020-06-15 10:00:00,84.21,79.84,92.96,98.67,2020-07-13 15:54:00,trail,454,19,8.198329773220632,0.42544473469865907,2.0022883295194553,0.9407340909606092,3,0.9923455074842104,3.9903660908329495,0.9294660000232584,0.9407340909606092,32.64433387090983,0.10151938658220776,1.7083653539432666,0.7837417481694822,True,True,0.2492634789185597,True,True,POC,swing_high,limit,XYZ,XLF,Improving,80.6,2020-06-12,237,8490.928162826856
2020-06-22 10:00:00,256.04,248.51,271.11,285.77,2020-06-24 15:54:00,stop,441,2,-1.0335026560424965,-0.03039476253710369,2.001328021248331,0.9319070546706059,3,0.8256692804315917,58.61137004092545,0.8539953241175411,0.9319070546706059,50.79779900504361,0.346263048776676,2.0936211295417624,0.9492053215317624,True,True,0.34697621392042555,True,True,POC,LRC_upper,limit,ABMD,XLV,Improving,83.1,2020-06-19,85,-661.4933750000025
2020-06-22 10:00:00,312.18,301.57,333.41,346.51,2020-08-17 15:54:00,time,479,40,6.773017436380762,0.23019320584278294,2.0009425070688023,0.8947374633488239,3,0.9953275404144964,25.27303507147997,0.3947095532803771,0.8947374633488239,29.4323618107938,0.12951385381087668,2.099929403037795,0.83264819555242,True,True,0.17391080756465516,True,True,VAL,LRC_upper,limit,IDXX,XLV,Improving,80.2,2020-06-19,69,4958.458334999999
2020-06-22 10:00:00,212.37,206.22,236.06,243.02,2020-08-17 15:54:00,time,479,40,9.464781300812998,0.27408958421622637,3.8520325203251993,0.6885681813655616,3,0.8876119568412182,37.407794646337436,0.4324459424050824,0.6885681813655616,17.197244458163865,0.184830991015367,3.405283723364524,0.5886063434013179,True,True,0.13465352267654418,True,True,POC,LRC_upper,limit,WST,XLV,Improving,79.5,2020-06-19,90,5238.756449999999
2020-06-25 10:00:00,143.76,139.91,151.46,156.84,2020-08-20 15:54:00,time,482,40,7.932698701298718,0.21244358653311088,2.0000000000000075,0.6173027167791771,3,1.0544763924408749,40.19071760642341,0.19409809767958125,0.6173027167791771,18.19619742948242,0.020980336002713193,1.1792050267790688,0.5801080449785111,True,True,0.038116365780271444,True,True,POC,swing_high,limit,DHR,XLV,Improving,65.8,2020-06-24,147,4489.510830000003
2020-07-16 10:00:00,65.65,63.83,69.29,71.96,2020-08-31 15:54:00,lrc_break,488,33,8.942953296703257,0.24792345773038832,1.9999999999999922,0.5899460496869783,3,0.7770413354245205,68.48333434410797,0.34627569976755657,0.5899460496869783,9.696492130045911,0.06355051368070393,1.2208305313399543,0.6453718276259619,True,True,0.2793425214565677,True,True,swing_low,swing_high,limit,FBHS,XLF,Improving,70.6,2020-07-15,357,5810.594474999998
2020-07-16 10:00:00,35.01,34.02,39.24,43.32,2020-07-29 15:54:00,stop,466,9,-1.0348636363636365,-0.029263496143958727,4.272727272727299,0.3970782990596405,2,0.640882325069401,54.518122003807775,0.37511574783361057,0.3970782990596405,12.106720236062909,-0.017316960395366433,1.171306774674987,0.3259960197364233,True,True,0.23158733215900962,True,True,VAH,swing_high,limit,PFG,XLF,Improving,64.3,2020-07-15,670,-686.4250499999965
2020-07-16 10:00:00,99.8,97.98,104.03,106.71,2020-09-03 15:54:00,lrc_break,492,36,1.680560439560444,0.03064749498997993,2.324175824175835,0.630002461924217,2,0.6767722715105512,67.65848390353574,0.2707150951321381,0.630002461924217,16.20573871483366,-0.062141441654449285,2.244458779201936,0.8128688524744093,True,True,0.08567219178719299,True,True,VAH,swing_high,limit,TROW,XLF,Improving,61.7,2020-07-15,21,64.23101999999993
2020-08-17 10:00:00,68.53,65.77,74.06,78.73,2020-08-19 15:54:00,lrc_break,481,3,-0.470259057971015,-0.01893936961914496,2.003623188405794,0.7777253529948072,2,1.211884667999189,24.59734720144339,0.5825350456134663,0.7777253529948072,34.202424418227814,0.09246106309942963,2.0235003629985093,-0.18138452538736338,True,True,0.3252404706114811,True,True,swing_low,swing_high,limit,CINF,XLF,Improving,71.7,2020-08-14,333,-432.2056950000013
2020-08-20 10:00:00,196.27,193.94,203.07,206.76,2020-08-21 15:54:00,stop,483,1,-1.0837360515021455,-0.0128654659397769,2.9184549356222944,0.9642422916274088,3,0.5788360581643242,43.23680009947078,0.43460424523879115,0.9642422916274088,35.242514381748826,0.11381183533021924,1.73036114526918,0.9280136950675136,True,True,0.12171834516219193,True,True,VAH,LRC_upper,limit,ERIE,XLF,Improving,80.5,2020-08-19,132,-333.3138600000017
2020-08-24 10:00:00,103.89,102.15,107.39,110.27,2020-08-24 15:54:00,lrc_break,483,1,0.10687643678161311,0.001790018288574514,2.011494252873569,0.8397402852097465,2,0.981361848065345,-23.246870314000674,0.2575356893321455,0.8397402852097465,34.02191974747727,0.0628795039144576,1.1919881889704402,-0.38929761607310526,True,True,-0.05103146447577478,True,True,AVWAP,swing_high,limit,MMC,XLF,Improving,61.3,2020-08-21,250,46.491250000001564
2020-08-25 10:00:00,19.16,18.3,21.08,37.63,2020-09-09 15:54:00,trail,494,10,0.8375211974838614,0.037592287569734886,2.2325581395348832,0.7839621299734362,2,1.0444490509804771,24.588500361519934,0.5079414885511649,0.7839621299734362,26.523165999666688,-0.029409867490665396,1.2337203757189714,0.7778270468744045,True,True,0.023330366828096416,True,True,POC,swing_high,limit,DXC,XLF,Improving,71.9,2020-08-24,1362,981.0053290367958
2020-09-01 10:00:00,135.51,132.69,141.16,152.98,2020-09-01 15:54:00,lrc_break,489,1,0.2071382978723405,0.004310604383440328,2.003546099290787,0.9437293537856349,3,0.9889849400947615,-11.983710857898638,0.7487452358759169,0.9437293537856349,61.32135843400763,0.14942523213203723,1.9485383355355945,0.340056711771711,True,True,0.27143353571224793,True,True,VAL,52w_high,limit,WHR,XLF,Improving,83.7,2020-08-31,193,112.73708999999977
2020-09-02 10:00:00,83.7,82.2,89.43,90.85,2020-09-03 15:54:00,stop,491,1,-1.0553000000000001,-0.018912186379928315,3.8200000000000025,0.966866980479239,3,0.8161291065858666,6.442386223536911,0.6727674265525926,0.966866980479239,61.907668794066275,0.19174539562002904,1.9619924636315418,0.8175679577592,True,True,0.26853557292079766,True,True,POC,LRC_upper,limit,FBHS,XLF,Improving,93.0,2020-09-01,314,-497.0463
2020-09-04 10:00:00,14.15,13.81,15.11,16.44,2020-09-04 15:54:00,stop,492,0,-1.0411176470588235,-0.02501625441696112,2.8235294117647043,0.8597120508463478,3,0.7265690169333243,17.699140428652914,0.71943608882135,0.8597120508463478,41.40764759951137,0.02097261160774879,1.1845709488593272,0.6325003418972616,True,True,0.24092917617542575,True,True,swing_low,52w_high,limit,HBI,XLF,Improving,80.1,2020-09-02,1875,-663.7124999999997
2020-09-04 10:00:00,94.34,92.6,97.83,100.93,2020-09-04 15:54:00,stop,493,0,-1.0537183908045973,-0.01943470426118305,2.005747126436768,0.894405899884263,3,1.0257137806245535,9.103022965531906,0.3207513741920257,0.894405899884263,48.89419623251655,0.22500240356859505,1.916672049101073,0.9424384754739651,True,True,0.03875126807088081,True,True,VAL,swing_high,limit,ICE,XLF,Improving,73.4,2020-09-03,281,-515.2050700000026
2020-09-08 10:00:00,29.09,28.08,31.47,34.91,2020-09-08 15:54:00,lrc_break,493,1,-0.6126683168316821,-0.021271742866964587,2.356435643564352,0.9480592769342227,3,0.7619802441584562,0.5645680249407491,1.2002014736823041,0.9480592769342227,64.05357814126064,0.01225622055250443,1.779603906552225,0.8167524445989751,True,True,0.5705990746614751,True,True,swing_low,52w_high,limit,LB,XLF,Improving,81.5,2020-09-04,897,-555.0591149999999
2020-09-08 10:00:00,95.03,92.27,100.98,114.93,2020-09-23 15:54:00,trail,504,11,0.45120909825467836,0.013104673378753179,2.1557971014492723,0.9152515645311121,2,1.093941229357405,40.3371293623187,0.4272175608615866,0.9152515645311121,35.19891036187635,0.06586539368404642,1.219112876539922,-0.4405538604668804,True,True,0.0894479464146063,True,True,POC,LRC_upper,limit,CE,XLF,Improving,69.4,2020-09-04,274,341.2223684641186
2020-09-09 10:00:00,325.99,311.85,354.84,361.72,2020-09-10 15:54:00,lrc_break,496,2,-0.331245403111741,-0.014367956072272196,2.0403111739745396,0.8450996146979257,3,1.709449992843928,-20.412348629380674,0.36459416986867016,0.8450996146979257,40.87823743139689,0.09250543030382574,1.4015928393181367,0.6274127769252474,True,True,0.0697026059011856,True,True,VAL,swing_high,limit,MA,XLF,Improving,84.5,2020-09-08,79,-370.02099000000106
2020-09-10 10:00:00,191.14,185.72,201.98,210.11,2020-09-10 15:54:00,lrc_break,496,1,-0.6161559040590379,-0.017471826933137896,2.0000000000000053,0.6628227484343596,3,0.7376651173342865,11.394943388440112,0.3254308134313515,0.6628227484343596,25.336885135359335,0.13705718774200615,1.3340446733445441,0.26190319151695546,True,True,0.18521893368244124,True,True,VAL,swing_high,limit,PYPL,XLF,Improving,73.7,2020-09-09,135,-450.8412749999969
2020-09-11 10:00:00,19.56,18.81,21.08,22.62,2020-09-11 15:54:00,lrc_break,496,1,-0.039406666666664016,-0.0015109918200407982,2.026666666666666,0.842030081873488,3,0.7984984090042665,-4.492696017730609,0.5502106243320666,0.842030081873488,26.470883723924675,0.040201022172395275,1.3802871270955879,0.5862469236057593,True,True,0.21916722214891937,True,True,VAL,swing_high,limit,DXC,XLF,Improving,81.5,2020-09-10,1311,-38.74660499999739
2020-09-11 10:00:00,102.08,99.76,106.74,115.4,2020-09-11 15:54:00,lrc_break,496,1,-0.23786853448276055,-0.005406103056426361,2.008620689655177,0.8575536881186591,3,0.8858910607854308,-28.061681298867487,0.38926769782672394,0.8575536881186591,35.75867676603261,0.0008833029864378578,1.4169978100818037,0.5716419470007138,True,True,0.07949576739725162,True,True,AVWAP,swing_high,limit,KMX,XLF,Improving,76.1,2020-09-10,251,-138.5156050000007
2020-09-14 10:00:00,237.47,227.97,259.61,265.82,2020-09-17 15:54:00,stop,501,3,-1.0244968421052632,-0.04098505074325178,2.3305263157894753,0.7346688175199205,3,1.3149829808280786,7.673935396326187,0.3939993294559665,0.7346688175199205,41.368771904417166,0.14104530727212267,1.4437940113946715,0.7599912205757317,True,True,0.17988888748573406,True,True,swing_low,52w_high,limit,ISRG,XLV,Improving,85.3,2020-09-11,108,-1051.13376
2020-09-14 10:00:00,94.92,92.67,99.42,101.32,2020-09-21 15:54:00,stop,503,5,-1.0416866666666666,-0.0246923198482933,2.0,0.6754554567808979,3,1.0560173153621182,19.502849565544413,0.19451906578224862,0.6754554567808979,17.401496469307947,0.04386241818574971,2.1046085055933856,0.7698272740405776,True,True,0.07622851258790031,True,True,VAL,52w_high,limit,A,XLV,Improving,74.2,2020-09-11,270,-632.82465
2020-09-14 10:00:00,116.56,113.8,122.09,129.97,2020-11-06 15:54:00,time,536,40,8.674422101449256,0.20539983699382286,2.003623188405794,0.4648323473292588,3,0.8325943903972169,30.325392733064042,0.24790123229686198,0.4648323473292588,17.539236771523044,0.05155106580155356,2.1014090158671235,0.3479332680481275,True,True,0.13695239655599156,True,True,VAL,swing_high,limit,PKI,XLV,Improving,66.4,2020-09-11,220,5267.109099999999
2020-09-15 10:00:00,329.92,317.46,354.84,364.54,2020-09-21 15:54:00,stop,503,4,-1.0259783306581058,-0.038747847963142686,1.999999999999991,0.7688269758816288,2,1.408126994193267,12.595126477277335,0.33230145753340584,0.7688269758816288,32.27925779261268,0.14235775317088545,1.2110998233144425,-0.14512078907285983,True,True,0.06163420202571035,True,True,POC,swing_high,limit,MA,XLF,Improving,70.9,2020-09-14,75,-958.7767500000027
2020-09-15 10:00:00,27.94,27.4,29.03,30.36,2020-09-16 15:54:00,stop,499,1,-1.0512407407407405,-0.020317465998568457,2.018518518518508,0.8596125264756191,2,0.6138756266228815,22.442389616618826,0.43412243807839473,0.8596125264756191,37.48068832169671,-0.03292672865409933,1.6316616326178184,0.7112021297316711,True,True,0.10847541931186555,True,True,POC,swing_high,limit,LKQ,XLF,Improving,69.8,2020-09-14,6,-3.406020000000016
2020-09-17 10:00:00,82.17,80.29,92.61,95.42,2020-09-21 15:54:00,stop,502,2,-1.0432074468085106,-0.023867956675185535,5.553191489361715,0.8135601577195025,3,0.9092381519854599,19.64622197769378,0.49383108986073854,0.8135601577195025,42.54283334050158,0.08802030808246938,2.068937474834777,0.59890450880758,True,True,0.26952534983416077,True,True,VAL,LRC_upper,limit,FBHS,XLF,Improving,86.1,2020-09-16,2,-3.922459999999991
2020-09-18 10:00:00,81.78,80.09,85.17,88.22,2020-09-21 15:54:00,stop,502,1,-1.0478905325443788,-0.021654866715578352,2.0059171597633165,0.884495615875577,3,0.9635041499843583,64.45015699319538,0.332251431998762,0.884495615875577,39.96042201991755,0.2897798917550754,1.311837423716188,0.8386843591043054,True,True,0.12081794474995688,True,True,POC,LRC_upper,limit,BLL,XLV,Improving,75.1,2020-09-17,300,-531.2804999999994
2020-09-22 10:00:00,217.88,212.39,228.86,237.35,2020-09-23 15:54:00,stop,505,1,-1.0391867030965392,-0.02618475766476964,2.0,0.5915956561801717,3,0.8331281141169398,29.085449029887567,0.2552607313771102,0.5915956561801717,21.351403246471023,0.10132466575455079,1.2317435554212288,0.3453739266481687,True,True,0.19921427192262797,True,True,VAL,swing_high,limit,CRL,XLV,Improving,74.1,2020-09-21,115,-656.0905250000011
2020-09-22 10:00:00,271.15,264.8,283.86,296.56,2020-09-23 15:54:00,stop,505,1,-1.042200787401575,-0.02440706251152486,2.001574803149623,0.521175973140546,2,0.7655441885369688,30.202936077819302,0.22171723536566368,0.521175973140546,17.19431518429166,0.0561374690190193,1.074689390085392,-0.35324344561025295,True,True,0.2246685521005527,True,True,VAL,swing_high,limit,WST,XLV,Improving,63.3,2020-09-21,93,-615.4716749999968
2020-09-22 10:00:00,11.72,11.3,14.83,15.19,2020-09-22 15:54:00,stop,503,0,-1.027404761904762,-0.03681825938566552,7.404761904761905,0.07819306944744671,3,0.9746847469293041,74.03538334539112,0.059114453962461996,0.07819306944744671,14.978416099070259,0.036992823847344036,1.2257110303413157,0.854615065104369,True,True,0.11348504868525944,True,True,VAH,52w_high,limit,MAT,XLF,Improving,63.1,2020-09-18,1940,-837.1293999999998
2020-09-24 10:00:00,148.8,145.83,154.74,161.22,2020-10-28 15:54:00,trail,530,24,-0.009924783905067656,-0.00019809548520195513,2.0,0.6668594100929613,3,0.933901872157196,15.545213876487512,0.21471742492951387,0.6668594100929613,29.353173146783185,0.04128669043861326,1.5266550432268575,0.5946384618938618,True,True,0.12831793519062695,True,True,swing_low,swing_high,limit,ZTS,XLV,Improving,71.0,2020-09-23,165,-4.863640352678402
2020-09-24 10:00:00,87.86,86.69,91.99,96.02,2020-09-24 15:54:00,stop,506,0,-1.074594017094017,-0.014309981789210127,3.529914529914521,0.8161499991729156,2,0.5711272114194021,-0.7807941824666678,0.25124166800551456,0.8161499991729156,28.144304537458392,0.03703357377128072,1.23133665177642,-0.2805004671688615,True,True,0.08422294452717605,True,True,AVWAP,POC,limit,MDT,XLV,Improving,65.6,2020-09-22,280,-352.0370000000005
2020-09-28 10:00:00,80.4,78.49,84.23,86.28,2020-11-20 15:54:00,time,546,40,8.194623036649165,0.1946732587064676,2.0052356020942286,0.8353532307803078,2,0.9923132612072232,13.217879198025514,0.300299165979052,0.8353532307803078,29.60524973393238,0.1198203268648237,1.564447912886681,-0.01551624576486083,True,True,0.12255506019677487,True,True,VAL,swing_high,limit,BLL,XLV,Improving,71.2,2020-09-25,307,4805.081109999998
2020-10-05 10:00:00,24.35,23.08,32.44,33.34,2020-10-26 15:54:00,stop,528,15,-1.0186732283464566,-0.05312997946611922,6.370078740157462,0.6807379479530783,2,1.3943257369286723,72.18942964288527,0.284417110861472,0.6807379479530783,23.20388032083836,0.011361461061969997,1.1075309269006217,-0.45891358932049164,True,True,0.1502207105492217,True,True,VAH,52w_high,limit,SYF,XLF,Improving,75.9,2020-10-02,987,-1276.896705000003
2020-10-05 10:00:00,5.87,5.23,7.15,7.88,2020-10-29 15:54:00,stop,495,18,-1.008671875,-0.1099744463373083,2.0000000000000013,0.5902119061333102,3,1.031112645499626,66.32395025494603,1.182129455683425,0.5902119061333102,41.85393930219757,0.014716977204572596,1.6238076737402394,0.892880298537087,True,True,0.9610623052885712,True,True,swing_low,LRC_upper,limit,CTRA,XLF,Improving,71.4,2020-10-02,1959,-1264.6324499999994
2020-10-05 10:00:00,329.74,317.19,354.84,365.03,2020-10-26 15:54:00,stop,528,15,-1.1404577689243025,-0.043406153332929,1.9999999999999956,0.29398897945001323,2,1.4653838384999542,34.97951886972272,0.15191723229469303,0.29398897945001323,17.77546301791945,-0.09085837010631793,1.1732970279252268,0.18759959987448233,True,True,0.05024331828309703,True,True,VAL,swing_high,limit,MA,XLF,Improving,55.6,2020-10-02,36,-515.2588200000004
2020-10-30 10:00:00,168.04,163.11,177.92,183.2,2020-10-30 15:54:00,lrc_break,532,1,0.13013286004056898,0.0038178707450607138,2.0040567951318535,0.8645763435432198,3,1.2395831275514073,-29.055450466131582,0.40196831597534616,0.8645763435432198,34.52316343635058,0.014556179251055564,1.522677020544702,0.21675167487761635,True,True,0.0910184296059171,True,True,AVWAP,POC,limit,STE,XLV,Improving,76.6,2020-10-29,148,94.95014000000033
2020-11-03 10:00:00,14.76,13.68,21.96,22.74,2020-12-22 15:54:00,lrc_break,567,35,1.9483148148148137,0.1425596205962059,6.666666666666667,0.8853043860994467,3,1.5525952375160095,72.83723064408106,0.6236256950676073,0.8853043860994467,32.89506172997802,0.12361632151234762,2.365461359820938,0.9418793619582111,True,True,0.41929071783460037,True,True,POC,52w_high,limit,UAA,XLF,Improving,90.6,2020-11-02,1164,2449.265519999999
2020-11-03 10:00:00,34.65,33.68,36.59,38.14,2020-12-30 15:54:00,time,573,40,5.167860824742278,0.14467027417027428,2.000000000000007,0.6632320193585094,2,1.0019269811863503,10.062508936006152,0.25112251597810215,0.6632320193585094,26.935428796279588,-0.1108450389613459,1.5221681010138746,0.33610342541613086,True,True,0.02569200439584729,True,True,AVWAP,POC,limit,ARES,XLF,Improving,62.0,2020-11-02,725,3634.298125000003
2020-11-04 10:00:00,10.67,10.33,12.17,14.43,2020-12-29 15:54:00,lrc_break,572,38,8.317382352941179,0.26503373945641984,4.411764705882355,0.7870819657442704,3,0.8149732189958211,43.05572452951281,0.6244507221562535,0.7870819657442704,28.1848619457772,0.039488393095942965,1.5151926496616142,0.6929219764389121,True,True,0.33200428621446765,True,True,VAL,LRC_upper,limit,IVZ,XLF,Improving,79.4,2020-11-03,2375,6716.28625
2020-11-04 10:00:00,216.96,210.5,229.88,239.74,2020-12-31 15:54:00,time,574,40,4.679227554179557,0.13932434550147482,1.9999999999999956,0.0983873957704066,2,0.9850666758602264,59.788319961577095,0.10547910425344537,0.0983873957704066,33.69865449566023,0.03181885504437795,0.936735145253179,0.7354871805036306,True,True,-0.007275286179832086,True,True,swing_low,swing_high,limit,WAT,XLV,Improving,44.7,2020-11-03,7,211.59466999999987
2020-11-10 10:00:00,572.91,558.19,635.12,656.89,2020-11-10 15:54:00,stop,538,0,-1.038420516304348,-0.026680543191775173,4.226222826086984,0.8284231201293862,2,0.659919993710911,14.910516055579585,0.40944025642307486,0.8284231201293862,31.066115606188703,-0.029691752553879704,2.4789333576903783,0.9307728161772455,True,True,0.060342490476549715,True,True,POC,LRC_upper,limit,BIO,XLV,Improving,71.4,2020-11-09,46,-703.135299999996
2020-11-11 10:00:00,464.7,448.62,507.05,535.42,2020-11-17 15:54:00,stop,544,4,-1.0283992537313433,-0.03558566817301481,2.6337064676616957,0.6521118079870913,3,0.8005716200767967,73.13226014910428,0.7802468229665716,0.6521118079870913,38.579231651499065,0.18952615260191386,1.6478534348908387,0.8487220952000951,True,True,0.42323761230858237,True,True,POC,52w_high,limit,ALGN,XLV,Improving,72.5,2020-11-09,56,-926.0529599999992
2020-12-01 10:00:00,408.04,392.36,446.33,459.88,2021-01-04 15:54:00,lrc_break,574,23,0.4992244897959151,0.019184001568473562,2.4419642857142825,0.7257453525924741,3,1.0887300788680998,48.38773471003896,0.5420830322802234,0.7257453525924741,17.053418917093495,0.015493656966442747,2.6254539441404825,0.8399215110495266,True,True,0.21582118309110032,True,True,VAH,LRC_upper,limit,PAYC,XLK,Improving,81.9,2020-11-30,67,524.4652799999967
2020-12-01 10:00:00,131.27,130.77,138.81,139.52,2021-01-06 15:54:00,open_at_end,576,25,0.11726999999999543,0.0004466747924125673,15.079999999999984,0.8964438510491729,3,0.9447371382266101,12.686114071312923,0.317797413553911,0.8964438510491729,66.02882838253609,0.16487208147740642,4.609770493678161,0.812331527754621,True,True,-0.05417883531641521,True,True,POC,LRC_upper,limit,TIF,XLK,Improving,81.4,2020-11-30,209,12.254714999999527
2020-12-01 10:00:00,164.0,158.72,174.57,178.66,2021-01-28 15:54:00,time,592,40,7.039266098484846,0.22663003048780483,2.0018939393939377,0.8639844185870326,3,1.159566545213623,49.55914654173058,0.6248135367185229,0.8639844185870326,41.693889664792536,0.18576305757847997,1.3955679199817865,0.9143791885743361,True,True,0.074018784179672,True,True,POC,LRC_upper,limit,FFIV,XLK,Improving,81.0,2020-11-30,25,929.1831249999999
2020-12-23 10:00:00,202.25,197.01,212.74,226.56,2021-01-29 15:54:00,trail,593,24,-0.8802058699171961,-0.02280483934915261,2.001908396946563,0.5868961553353637,3,1.1720641746558793,25.55954734796978,0.3361661996049903,0.5868961553353637,18.342814174896098,0.15806584938916535,1.4985082758549242,0.24854584502694213,True,True,-0.00986197243376652,True,True,POC,52w_high,limit,RMD,XLV,Improving,69.2,2020-12-22,97,-447.3910395615132
2020-12-29 10:00:00,19.79,19.15,21.93,22.53,2021-01-04 15:54:00,stop,574,3,-1.030421875,-0.033323395654370924,3.343749999999998,0.8922221175654939,3,1.2512190470848221,10.587594604406975,0.5865851453055415,0.8922221175654939,34.12645644355705,0.08440424167620021,1.4141421341905929,0.4463986297232426,True,True,0.1385565121325132,True,True,VAL,LRC_upper,limit,IPG,XLF,Improving,87.2,2020-12-28,1,-0.6594700000000006
2020-12-30 10:00:00,130.79,126.22,141.68,149.0,2021-01-21 15:54:00,trail,586,14,2.8681523302172214,0.10021757129056261,2.382932166301976,0.9170889858581154,3,1.178327902718944,18.705945500635416,0.9646173939124751,0.9170889858581154,58.565052480199824,0.289458026299338,1.0344913387984174,0.9223900230907046,True,True,0.3171462080292409,True,True,POC,52w_high,limit,SBNY,XLF,Improving,87.0,2020-12-29,218,2857.4254405022048
2020-12-31 10:00:00,29.61,28.87,35.0,35.97,2021-01-04 15:54:00,stop,574,1,-1.0395135135135136,-0.025979061127997246,7.2837837837838,0.8805606390007239,2,0.5801616971804834,32.07933291212892,1.1447005476117222,0.8805606390007239,42.59528980687991,0.12085144573573188,1.510860374497701,-0.7210683191801016,True,True,0.7983001402096352,True,True,VAH,LRC_upper,limit,KSS,XLF,Improving,83.8,2020-12-30,965,-742.3165999999985
2021-01-04 10:00:00,86.15,84.09,95.86,97.9,2021-01-04 15:54:00,stop,575,0,-1.0413203883495143,-0.02489982588508418,4.713592233009701,0.737479386030392,2,1.246559494557051,28.385111188392443,0.44286588285792367,0.737479386030392,25.556862448011337,0.08712743963221033,1.159113808893773,-0.715335673875296,True,True,0.00397008925296527,True,True,POC,LRC_upper,limit,ABBV,XLV,Improving,72.1,2020-12-31,63,-135.14256000000015
2021-01-05 10:00:00,40.6,38.91,44.75,50.08,2021-01-05 15:54:00,lrc_break,575,1,0.2776005917159744,0.011555295566502415,2.4556213017751403,0.9304420717094731,2,0.9055296375561233,-19.43757597624211,1.0913782620232877,0.9304420717094731,62.01528452677957,-0.06458673171822224,1.9318727661771984,0.5311248312512615,True,True,0.7954092461358817,True,True,VAL,52w_high,limit,CPRI,XLF,Improving,79.5,2021-01-04,696,326.5249199999986
2021-01-05 10:00:00,28.14,27.48,30.87,31.79,2021-01-22 15:54:00,trail,588,12,3.289030303030301,0.07714143567874908,4.136363636363636,0.7672913571531311,2,0.7995126014238118,21.911441648204974,0.5004602668269424,0.7672913571531311,23.93810526544352,0.06102712698600307,1.3336781054462057,-0.7154201995823993,True,True,0.12209077592033313,True,True,POC,52w_high,limit,CFG,XLF,Improving,77.4,2021-01-04,1004,2179.443039999999
2021-01-05 10:00:00,156.24,151.11,171.52,177.22,2021-03-02 15:54:00,trail,613,38,-1.017333411289078,-0.0334032283660584,2.9785575048732973,0.5886040761233138,2,1.4552898358323945,63.087536911988074,0.544601503153865,0.5886040761233138,40.89442911636963,-0.33250661326072134,1.434204589640946,0.5290963098544813,True,True,0.14783716668296343,True,True,swing_low,LRC_upper,limit,ALXN,XLV,Improving,67.7,2021-01-04,28,-146.129771197563
2021-01-06 10:00:00,6.92,6.58,7.61,9.93,2021-01-11 15:54:00,stop,579,3,-1.0198529411764705,-0.050108381502890154,2.0294117647058845,0.7283990271693718,2,0.822152854880125,11.441036630277637,1.1870149573201496,0.7283990271693718,23.100955828250235,-0.060365710090080425,1.7862806727417488,0.629060775465648,True,True,0.8974227681818574,True,True,VAL,swing_high,limit,COTY,XLF,Improving,72.8,2021-01-05,4117,-1427.5697499999994
2021-01-06 10:00:00,181.64,178.78,187.56,191.95,2021-01-14 15:54:00,trail,583,6,-0.07529719890935181,-0.0011855868139217412,2.069930069930086,0.05138914347279128,3,0.7118130438104179,62.85664443584773,0.043027828671874255,0.05138914347279128,14.252835715903771,0.03011161303412322,1.1602357452677803,0.7513885204892756,True,True,-0.09112062540600463,True,True,swing_low,52w_high,limit,STE,XLV,Improving,43.4,2021-01-05,1,-0.21534998888074508
2021-01-13 10:00:00,54.64,52.66,58.61,65.83,2021-01-19 15:54:00,stop,585,3,-1.0270959595959597,-0.03721907027818456,2.0050505050505003,0.9079516670463753,2,1.2709451184960452,46.810621466928836,0.6801084462900983,0.9079516670463753,55.44750240331551,-0.07106835107075017,2.3176353134243217,0.8166003492193741,True,True,0.19646240202901244,True,True,VAH,LRC_upper,limit,C,XLF,Improving,75.5,2021-01-12,541,-1100.204650000002
2021-01-15 10:00:00,129.05,127.31,136.48,140.69,2021-01-21 15:54:00,stop,586,3,-1.0736666666666663,-0.01447640449438209,4.270114942528701,0.7243905930690961,3,0.5722532610106353,30.232662265936106,0.26882473234162657,0.7243905930690961,17.35524128977213,0.05966680457787845,1.682258637578239,0.3014830043666179,True,True,-0.246475225803236,True,True,POC,swing_high,limit,CTXS,XLV,Improving,64.1,2021-01-14,195,-364.2951000000018
2021-01-20 10:00:00,40.14,38.91,45.21,46.49,2021-01-22 15:54:00,stop,587,2,-1.5034430894308912,-0.04606963129048336,4.121951219512182,0.5856879102002857,2,0.8868483282983357,40.014772283768835,0.4982618909532283,0.5856879102002857,19.483831125581695,-0.13754796373031006,1.088514573106586,0.2664838131638286,True,True,0.25902117820299453,True,True,VAH,52w_high,limit,LNC,XLF,Improving,74.6,2021-01-14,709,-1311.1076150000015
2021-01-22 10:00:00,158.58,155.28,166.27,170.45,2021-01-26 15:54:00,lrc_break,590,3,-0.7265030303030305,-0.015118299911716539,2.3303030303030217,0.8847409616508547,3,0.8489006117352808,5.529516938495052,0.3005835485325375,0.8847409616508547,23.72776484618857,0.05890754815784191,1.3711742919660619,0.3638645438434616,True,True,-0.014809253025237612,True,True,POC,52w_high,limit,HCA,XLV,Improving,73.6,2021-01-21,181,-433.9402600000017
2021-01-27 10:00:00,492.34,477.3,523.86,546.39,2021-01-27 15:54:00,stop,591,0,-1.0322353723404256,-0.03153272129016526,2.0957446808510714,0.4677940471968555,2,1.3655488112217027,60.28231214182968,0.1990675820217345,0.4677940471968555,27.071952993183338,-0.057911059879508044,1.4177628962261113,0.9600044925568892,True,True,-0.13069076216734965,True,True,VAL,LRC_upper,limit,TMO,XLV,Improving,48.0,2021-01-26,58,-900.4395599999979
2021-01-28 10:00:00,209.13,206.23,214.93,218.89,2021-01-28 15:54:00,stop,592,0,-1.0716137931034482,-0.014860039210060755,2.0,0.49633462350975566,3,0.6650795731280841,73.02429497083386,0.20096270465212027,0.49633462350975566,38.80648063889344,0.3403990761104172,1.0293041371362923,0.9627384343158187,True,True,-0.07605820172465827,True,True,VAH,swing_high,limit,AMGN,XLV,Improving,58.0,2021-01-27,135,-419.53680000000077
2021-01-29 10:00:00,260.26,251.35,278.08,288.2,2021-01-29 15:54:00,lrc_break,593,1,-0.1649444444444422,-0.005646872358410741,2.0,0.8032290320852583,3,1.1036095215136414,2.79965854854274,0.35889895382750586,0.8032290320852583,25.899731607083453,0.1825976592719844,1.0445780278902121,0.4606120399459254,True,True,-0.08542913269638164,True,True,AVWAP,swing_high,limit,CRL,XLV,Improving,69.2,2021-01-28,108,-158.72273999999777
2021-02-01 10:00:00,39.09,37.57,42.13,44.06,2021-03-04 15:54:00,stop,615,22,-1.0252171052631578,-0.03986518291123057,1.9999999999999953,0.7208450604608729,2,1.0843699424606368,67.63082813628327,0.4952062567703119,0.7208450604608729,42.05806384041418,0.14142006353379366,0.8414877503866021,0.7881782322302332,True,True,0.16414375578476204,True,True,POC,LRC_upper,limit,WBA,XLV,Improving,66.2,2021-01-29,718,-1118.8809400000023
2021-02-01 10:00:00,200.94,196.68,209.48,217.0,2021-02-03 15:54:00,stop,596,2,-1.7083098591549295,-0.03621678112869505,2.0046948356807537,0.6346220370700291,2,0.703726123575514,28.852788909340244,0.2310639364389019,0.6346220370700291,41.78309683353368,0.21760550280410026,0.9040244795967624,0.817424203048206,True,True,-0.1104491956475353,True,True,swing_low,swing_high,limit,AMGN,XLV,Improving,54.8,2021-01-29,139,-1011.5585999999978
2021-02-04 10:00:00,185.44,175.22,205.88,216.67,2021-03-15 15:54:00,trail,623,26,-0.5656522979183547,-0.031174323148865316,2.0,0.8756774190955906,3,1.7531695496702044,17.712638447362774,0.6786665407780665,0.8756774190955906,45.98630899794327,0.10373451224243263,1.3662479777365304,0.8617264732550259,True,True,0.18326463190418085,True,True,VAL,52w_high,limit,LLY,XLV,Improving,81.5,2021-02-03,136,-786.2114419226795
2021-02-08 10:00:00,17.21,16.54,18.55,19.44,2021-03-25 15:54:00,lrc_break,631,33,1.0334850746268642,0.04023445671121446,1.9999999999999947,0.7951892493651566,2,1.0627046311489834,57.56812483408618,0.5251133980392854,0.7951892493651566,29.32544893512268,0.08652675255774928,1.5867249862670796,-0.0386853656808644,True,True,0.18558722955340268,True,True,POC,LRC_upper,limit,IBKR,XLF,Improving,70.4,2021-02-05,1632,1130.0539200000014
2021-02-08 10:00:00,44.91,43.77,47.19,51.76,2021-02-12 15:54:00,stop,603,4,-1.0388947368421055,-0.0263714094856378,2.0000000000000124,0.5991486844279448,3,0.9649529762175559,34.30994039478895,0.22787226565564966,0.5991486844279448,19.429764014889262,0.11246636216882476,1.216993817505267,0.06075698628454937,True,True,0.056236717798456404,True,True,POC,swing_high,limit,HIG,XLF,Improving,69.5,2021-02-05,625,-740.2124999999959
2021-02-08 10:00:00,43.33,42.23,45.55,46.88,2021-02-26 15:54:00,trail,611,13,0.4151038092619409,0.010538061162892583,2.0181818181818145,0.6331812076348989,3,0.6790394915166668,71.92459747189926,0.38495991975319727,0.6331812076348989,30.33503974631267,0.1415518089791921,1.415009707552128,0.30781266862855394,True,True,0.05800152897384847,True,True,VAH,LRC_upper,limit,FL,XLF,Improving,68.3,2021-02-05,591,269.85898640118813
2021-03-04 10:00:00,213.81,207.76,225.92,239.26,2021-03-04 15:54:00,stop,615,0,-1.0348404958677684,-0.029282002712688885,2.001652892561977,0.9372493677167663,3,0.7070773296887644,32.614236071120104,0.9833727463177295,0.9372493677167663,53.281692332046866,0.18574660110638763,2.210106467573132,0.6352176614748828,True,True,0.5086179846069308,True,True,POC,52w_high,limit,SBNY,XLF,Improving,80.6,2021-03-03,131,-820.1628350000016
2021-03-04 10:00:00,16.66,16.16,17.88,18.41,2021-03-04 15:54:00,stop,616,0,-1.03282,-0.03099699879951981,2.4399999999999977,0.8753084316530614,3,0.9329423067877254,41.6942904656566,0.5571403593431495,0.8753084316530614,39.62238338842094,0.10377889451103026,1.167294692089791,0.681890217097783,True,True,0.05393060267205052,True,True,swing_low,LRC_upper,limit,RF,XLF,Improving,78.1,2021-03-03,1693,-874.28213
2021-03-05 10:00:00,44.59,42.92,47.93,49.83,2021-03-24 15:54:00,trail,629,13,-0.27701486007233234,-0.010374855714752084,1.9999999999999958,0.6387831527349629,3,1.0249100326159468,54.51214170550088,0.40998713914071166,0.6387831527349629,35.75895338611256,0.09391523614911598,1.2781590779514413,0.6297909396618775,True,True,0.0614151784953787,True,True,swing_low,52w_high,limit,ZION,XLF,Improving,69.1,2021-03-04,619,-286.35857130257244
2021-03-05 10:00:00,24.99,24.29,26.4,27.33,2021-03-25 15:54:00,trail,630,14,2.4794434866888726,0.06945219850669104,2.0142857142857165,0.6488356394307162,3,0.9018608667066427,57.273287606574605,0.4322039670244756,0.6488356394307162,39.5728611610817,0.21006689379888288,1.9471676524603194,0.8341351363368931,True,True,0.006172444132879207,True,True,POC,52w_high,limit,JEF,XLF,Improving,65.9,2021-03-04,1106,1919.5851473945233
2021-03-11 10:00:00,39.29,38.5,41.07,42.13,2021-03-18 15:54:00,stop,626,5,-1.0492341772151899,-0.021096843980656636,2.2531645569620293,0.7345330315105846,2,0.8661924328941598,41.79332028507166,0.21636353499267413,0.7345330315105846,12.633155322483544,-0.07101296676473669,1.493370330992284,0.6624677558791144,True,True,-0.1127540817327416,True,True,POC,LRC_upper,limit,BSX,XLV,Improving,60.4,2021-03-10,698,-578.5687099999994
2021-03-17 10:00:00,150.25,144.38,170.8,185.98,2021-03-17 15:54:00,stop,571,0,-1.0250962521294718,-0.040048685524126486,3.5008517887563877,0.10953617164856098,3,0.5295522307939813,45.797658793451255,0.3191631735818632,0.10953617164856098,24.082151551975382,0.05658074195696202,1.6381554292956624,0.003892007775885998,True,True,-0.252823409920817,True,True,swing_low,swing_high,limit,MRNA,XLV,Improving,42.0,2021-03-16,162,-974.8050300000008
2021-03-18 10:00:00,47.82,46.5,53.32,55.16,2021-03-23 15:54:00,stop,629,3,-1.0357272727272728,-0.02858971141781682,4.166666666666666,0.8539061374520466,2,0.6249431687819795,36.25994317320032,0.6621133015119602,0.8539061374520466,25.15046044892366,-0.13746655730752344,2.249256800945647,0.92621764373493,True,True,0.04002646798387466,True,True,POC,LRC_upper,limit,WDC,XLK,Improving,72.1,2021-03-17,491,-671.2755600000002
2021-03-19 10:00:00,34.64,33.43,38.56,39.74,2021-03-24 15:54:00,lrc_break,630,4,-0.3425206611570267,-0.011964491916859195,3.2396694214876023,0.8612343699334428,3,1.004301052618302,0.9919473791055696,0.47079729457612657,0.8612343699334428,28.625941893048495,0.24098522785656518,1.2227143580468074,0.21877436650947138,True,True,0.010187624262619543,True,True,POC,LRC_upper,limit,FTNT,XLK,Improving,80.2,2021-03-18,775,-321.198750000002
2021-03-19 10:00:00,13.21,12.88,13.87,14.38,2021-03-23 15:54:00,stop,629,2,-1.0395303030303031,-0.025968584405753222,1.9999999999999947,0.920219499531274,3,0.7804049277458509,44.36788045573649,0.5465526932505669,0.920219499531274,44.38159497924174,0.1093126707716005,1.8697944762677945,0.9580776245315791,True,True,-0.0065462099521297334,True,True,VAH,52w_high,limit,HPE,XLK,Improving,72.4,2021-03-18,1,-0.3430450000000001
2021-03-24 10:00:00,39.55,38.26,42.14,43.37,2021-05-04 15:54:00,trail,590,28,3.9363488372093083,0.12839165613147926,2.0077519379845,0.873854352749088,2,1.3208299602886262,9.45261262326013,0.37212102896150584,0.873854352749088,26.13555939587424,-0.008078992697779322,1.1170128263543269,0.6683131443330623,True,True,-0.07419612130024855,True,True,VAL,swing_high,limit,DELL,XLK,Improving,66.3,2021-03-23,577,2929.9425300000025
2021-03-25 10:00:00,65.41,58.03,93.94,102.33,2021-03-25 15:54:00,lrc_break,327,1,-0.056264905149050755,-0.00634818835040505,3.865853658536588,0.8758963585635697,3,1.1362011497154791,-40.49054840251075,1.2176808885528574,0.8758963585635697,62.95037960102261,0.09410919730069409,2.053598706727069,0.9004938943684764,True,True,0.5904988746719206,True,True,swing_low,POC,limit,VIAC,XLF,Improving,84.1,2021-03-24,185,-76.81847499999895
2021-03-25 10:00:00,12.62,12.28,13.87,14.31,2021-05-20 15:54:00,time,670,40,3.5787205882352966,0.09641561014263078,3.6764705882352957,0.8837744877747634,2,0.8210507659817521,-11.102910444366154,0.5119412588337688,0.8837744877747634,36.739329118504166,-0.07881730309118425,1.7117461656560722,0.7986883161820315,True,True,0.0057860683368125,True,True,POC,52w_high,limit,HPE,XLK,Improving,72.3,2021-03-24,2169,2639.163285000001
2021-03-25 10:00:00,28.09,27.47,29.33,29.94,2021-04-08 15:54:00,trail,639,9,-0.7856229145048537,-0.017340199608152723,1.9999999999999942,0.6740487784833193,3,1.0280640368595682,46.952536253771996,0.20873398191028786,0.6740487784833193,26.111313427977617,0.027038281611442033,1.4688113743036335,0.9371294024426433,True,True,-0.18475008479003352,True,True,swing_low,LRC_upper,limit,CAG,XLV,Improving,62.5,2021-03-24,511,-248.90105177342812
2021-03-26 10:00:00,59.53,54.9,68.8,73.06,2021-05-21 15:54:00,time,670,40,2.441638228941684,0.18990063833361337,2.002159827213821,0.7325160589066093,3,1.4573032135568582,7.721593031044854,0.7097013101877517,0.7325160589066093,30.34110860751194,0.024669182031059583,1.3494169693242282,0.5616441329663825,True,True,0.23365759765391925,True,True,AVWAP,52w_high,limit,XEC,XLF,Improving,83.0,2021-03-25,295,3334.9115750000014
2021-03-26 10:00:00,53.41,47.64,64.95,71.42,2021-04-20 15:54:00,stop,647,16,-1.008756499133449,-0.1089781876053173,2.0000000000000027,0.8349188434374415,2,1.3088816297657264,23.124956450651815,1.0398637974625111,0.8349188434374415,33.60233864377194,-0.04053169372751716,1.6772371753703712,0.31964910492491044,True,True,0.6284245600276346,True,True,AVWAP,52w_high,limit,TRIP,XLF,Improving,73.6,2021-03-25,237,-1379.4644249999992
2021-03-26 10:00:00,34.31,32.4,38.77,40.62,2021-05-12 15:54:00,lrc_break,664,33,2.6508586387434474,0.1475703876420867,2.3350785340314095,0.8001072274596138,3,1.6389536490389451,-5.49107056815137,0.42804356820027417,0.8001072274596138,21.601343786049686,0.14100017345600918,1.135692896781861,0.39718925909615643,True,True,-0.1233767087668417,True,True,VAL,52w_high,limit,FTNT,XLK,Improving,70.0,2021-03-25,717,3630.2713799999956
2021-03-26 10:00:00,13.59,12.28,16.79,18.24,2021-05-21 15:54:00,time,670,40,0.981496183206107,0.09461074319352471,2.442748091603052,0.5409499820732678,2,1.2262927249690079,19.679307481914236,0.53306458955658,0.5409499820732678,26.10075199444123,-0.001245003742158554,1.1948711796764337,0.07240252730127636,True,True,0.26315402930772414,True,True,POC,LRC_upper,limit,M,XLF,Improving,69.4,2021-03-25,1045,1343.6192000000005
2021-03-26 10:00:00,130.51,127.29,136.95,141.38,2021-05-21 15:54:00,time,671,40,7.139107142857176,0.17613918473680176,2.000000000000009,0.2718173500154533,2,0.8317487405823735,54.5002191722756,0.10513678058452246,0.2718173500154533,14.928679615909834,-0.11185726680636708,1.0157825252618133,0.4559670194187136,True,True,-0.2216808001778544,True,True,swing_low,swing_high,limit,UHS,XLV,Improving,39.9,2021-03-25,13,298.84302499999995
2021-04-09 10:00:00,207.44,202.95,216.42,231.64,2021-04-28 15:54:00,trail,654,13,-0.8787461024498888,-0.01902029502506753,1.9999999999999936,0.21988130736070083,3,1.1334510333590955,56.273889396580955,0.11571906508281496,0.21988130736070083,37.72664474146799,0.2679745068876257,1.1606346788528927,0.8532121842190434,True,True,-0.16901280441519662,True,True,VAL,swing_high,limit,AMGN,XLV,Improving,47.6,2021-04-08,68,-268.2987600000006
2021-04-21 10:00:00,33.09,32.34,34.9,36.93,2021-04-21 15:54:00,lrc_break,649,1,1.0886466666666592,0.02467467512843742,2.413333333333327,0.8665316182202057,3,0.9094080133672604,-26.044387485691107,0.3502215994714725,0.8665316182202057,26.533148533374945,0.026563131919731135,1.4368307853290239,0.7605895916604591,True,True,-0.06709049965246261,True,True,AVWAP,POC,limit,BAC,XLF,Improving,70.5,2021-04-20,343,280.054354999998
2021-04-22 10:00:00,37.86,37.33,39.53,40.13,2021-04-28 15:54:00,lrc_break,654,5,-0.6560471698113236,-0.009183967247754946,3.1509433962264115,0.9135721489153823,3,0.7117735930691909,22.35812360912917,0.30115925583637265,0.9135721489153823,33.31808817445638,0.23002855036761571,1.4318831247687716,0.576738286506562,True,True,-0.08938927597738522,True,True,swing_low,LRC_upper,limit,ACGL,XLF,Improving,75.6,2021-04-21,307,-106.7454350000007
2021-04-29 10:00:00,131.98,129.76,136.44,141.23,2021-05-06 15:54:00,stop,659,5,-1.0589504504504503,-0.017812320048492186,2.009009009009014,0.3592080093241152,2,0.7176138360788621,49.31651355574941,0.15716773072229862,0.3592080093241152,15.287107417399143,0.009717179721538518,1.066306907754541,-0.09796793854284895,True,True,-0.1997393133982146,True,True,POC,swing_high,limit,KMX,XLF,Improving,42.0,2021-04-27,192,-451.36703999999975
2021-05-21 10:00:00,42.31,41.08,44.78,46.16,2021-07-19 15:54:00,time,710,40,7.295268292682899,0.21208177735759856,2.0081300813008056,0.6682765506464474,3,1.013834332532982,54.80705602971193,0.299172575375916,0.6682765506464474,17.17064609296203,0.11095631276522884,1.4486759230704411,0.7643854615473659,True,True,0.13642036911091648,True,True,VAH,LRC_upper,limit,FTNT,XLK,Improving,73.0,2021-05-20,696,6245.333279999998
2021-05-21 10:00:00,217.69,213.74,228.03,233.27,2021-05-27 15:54:00,lrc_break,675,5,-0.3638177215189881,-0.006601497542376769,2.61772151898735,0.9248510869714395,2,1.0804108048680456,24.540911713686928,0.3281042405753179,0.9248510869714395,33.87222040360902,0.1107597332642954,1.3098255395064755,-0.6977506649462558,True,True,0.03670384197147669,True,True,POC,LRC_upper,limit,VRSN,XLK,Improving,70.4,2021-05-20,135,-194.00579999999985
2021-05-21 10:00:00,53.43,51.95,56.4,57.84,2021-07-08 15:54:00,lrc_break,703,33,1.355094594594599,0.03753584128766614,2.00675675675676,0.480780231533019,3,1.079664845184296,43.291924407265775,0.16465129030824358,0.480780231533019,14.696301453690541,0.041652630331079306,1.9026523202675476,0.8308014109231329,True,True,0.12298460590069626,True,True,swing_low,LRC_upper,limit,JBL,XLK,Improving,68.4,2021-05-20,551,1105.0525400000013
2021-05-28 10:00:00,434.46,427.69,451.32,456.6,2021-07-26 15:54:00,time,715,40,5.839814623338274,0.09099927496202184,2.490398818316109,0.7787017960690523,2,0.9694229670661474,36.67469285545144,0.21553242116911808,0.7787017960690523,25.812717255410483,0.00652204470013234,1.5110179251085303,-0.16441261538956622,True,True,0.06510091638108895,True,True,POC,LRC_upper,limit,ROP,XLK,Improving,73.7,2021-05-27,68,2688.4170600000007
2021-07-16 10:00:00,13.83,13.3,14.91,16.61,2021-07-16 15:54:00,lrc_break,708,1,-0.950160377358492,-0.0364125090383225,2.0377358490566064,0.7345720025081386,3,0.8070990477892771,8.955218330742705,0.5434831107463763,0.7345720025081386,24.46350341048141,0.05673177654693113,1.4921487854754751,0.6903306174925105,True,True,0.38603202492589817,True,True,swing_low,swing_high,limit,MAC,XLF,Improving,75.9,2021-07-15,2271,-1143.6415350000004
2021-07-16 10:00:00,53.38,52.46,57.82,58.85,2021-07-16 15:54:00,stop,709,0,-1.0575217391304346,-0.01822630198576249,4.826086956521728,0.6385934383457931,2,0.7104839934970423,9.955449418304918,0.19972716164182178,0.6385934383457931,22.249542184941166,0.33417812869863117,1.0886304953160133,-0.040906853302714936,True,True,0.16144725747530475,True,True,AVWAP,LRC_upper,limit,APO,XLF,Improving,75.0,2021-07-15,588,-572.0769600000009
2021-07-16 10:00:00,160.25,157.39,165.97,171.24,2021-07-19 15:54:00,stop,710,1,-1.5832395104895045,-0.028256255850234037,1.99999999999999,0.8201180352119033,3,0.8770186441282602,63.78409609276526,0.20917110130635672,0.8201180352119033,20.22236385388017,0.07253654608421464,1.6483574630753668,0.9193402375068729,True,True,0.13549594566120993,True,True,POC,LRC_upper,limit,AXP,XLF,Improving,73.5,2021-07-15,165,-747.1307250000008
2021-07-19 10:00:00,358.56,353.05,369.6,375.07,2021-07-28 15:54:00,lrc_break,717,8,0.5915843920145208,0.009090891343150392,2.0036297640653427,0.9052158007601276,3,1.073471566014443,47.06511257548286,0.3119075125965778,0.9052158007601276,53.74912982325732,0.35649189950176985,1.6331712642406828,0.8935724946797792,True,True,0.14723628088936036,True,True,VAH,LRC_upper,limit,MCO,XLF,Improving,81.8,2021-07-15,86,280.32818000000043
2021-07-19 10:00:00,528.15,520.66,555.18,567.04,2021-07-19 15:54:00,stop,710,0,-1.0700140186915887,-0.015174486414844285,3.6088117489986566,0.8347504354953348,3,0.8278516976432824,61.42958178780755,0.43509066889119474,0.8347504354953348,56.62184921421925,0.3908431200280694,1.2406739593501286,0.7410037100089907,True,True,0.17734699298259482,True,True,VAH,LRC_upper,limit,MSCI,XLF,Improving,80.4,2021-07-16,57,-456.82108500000055
2021-07-21 10:00:00,531.78,518.64,558.1,570.79,2021-08-18 15:54:00,lrc_break,732,21,3.3429208523592133,0.0826017902139983,2.0030441400304473,0.8906232099285801,3,1.4047957464437673,46.27336946650986,0.4619334202939162,0.8906232099285801,55.62940358905943,0.3618420603481994,1.235861843655244,0.624588954233274,True,True,0.1632408891438346,True,True,VAH,LRC_upper,limit,MSCI,XLF,Improving,82.3,2021-07-20,58,2547.706840000001
2021-07-21 10:00:00,130.18,129.13,133.84,135.3,2021-09-14 15:54:00,lrc_break,750,39,14.725733333333167,0.11877415885696722,3.485714285714245,0.6450561442331864,3,0.6295389614445218,44.24395239562772,0.10397964015829897,0.6450561442331864,16.258800889129052,0.238974769274524,1.4973322713252246,0.6079654700756836,True,True,0.07312648805504307,True,True,swing_low,LRC_upper,limit,MRSH,XLF,Improving,72.0,2021-07-20,237,3664.4987399999986
2021-07-29 10:00:00,255.51,249.73,271.85,283.19,2021-07-30 15:54:00,stop,719,1,-1.1215216262975758,-0.02537041603068369,2.8269896193771675,0.8190893331460859,3,0.6225980723564177,52.96218596578994,0.4024120573793958,0.8190893331460859,13.365323165156171,0.0044855516526792856,1.312631228607535,0.07428514796547611,True,True,-0.005662107383912707,True,True,VAH,LRC_upper,limit,XYZ,XLF,Improving,71.4,2021-07-28,122,-790.8521899999988
2021-08-03 10:00:00,363.54,356.81,380.34,386.32,2021-08-10 15:54:00,lrc_break,726,6,-0.0035230312035698336,-6.521978324262816e-05,2.4962852897473864,0.9341980228545615,3,1.3161931570276288,0.6273450869169447,0.3102477015253643,0.9341980228545615,39.346351168793284,0.14481604662965578,1.8156367433128748,0.3038862066783352,True,True,0.11469321387260334,True,True,VAL,LRC_upper,limit,MCO,XLF,Improving,84.9,2021-08-02,86,-2.039060000002154
2021-10-19 10:00:00,86.01,82.42,95.0,98.44,2021-10-26 15:54:00,stop,780,5,-1.023458217270195,-0.042718462969422194,2.5041782729804978,0.7555536316049941,3,1.8866737103186302,40.9713872031831,0.540288064519908,0.7555536316049941,33.26985311755979,0.15632062159981164,2.3955037225130904,0.7963081838616822,True,True,0.2160046092442851,True,True,VAH,LRC_upper,limit,PANW,XLK,Improving,81.6,2021-10-18,372,-1366.8079800000014
2021-10-19 10:00:00,504.55,497.3,519.05,528.97,2021-11-03 15:54:00,trail,785,11,0.07868804746869001,0.00113068743265881,1.9999999999999922,0.7110027838785952,2,0.6632225065970789,68.43543399426407,0.20354495802341366,0.7110027838785952,19.07851984047314,-0.031541999360431235,1.8650241700259989,0.9086517815708673,True,True,0.30296757124420415,True,True,VAH,LRC_upper,limit,PAYC,XLK,Improving,68.1,2021-10-18,63,35.940765681324166
2021-10-19 10:00:00,227.2,221.09,239.43,251.86,2021-11-10 15:54:00,trail,790,16,3.0709985311239874,0.08258715239950493,2.001636661211137,0.365606707596404,3,0.7311673919634332,68.47409993041859,0.21554755509200502,0.365606707596404,14.756510554084025,0.07228705099409942,1.6101373723833043,0.09334208995728469,True,True,0.10740290884680226,True,True,VAH,LRC_upper,limit,ETSY,XLK,Improving,62.7,2021-10-18,140,2626.9321435234524
2021-10-25 10:00:00,140.63,137.3,147.31,151.65,2021-11-23 15:54:00,trail,800,21,3.3260017871195284,0.07875692207287191,2.0060060060060176,0.41337018520061103,3,0.9108171321350311,60.74504515546886,0.1499767890086728,0.41337018520061103,17.057100758867918,0.0875043719884495,1.1531002566186754,0.7581618368251014,True,True,0.18634290228028605,True,True,VAH,LRC_upper,limit,DXCM,XLV,Improving,65.8,2021-10-22,230,2547.3847687548346
2021-10-25 10:00:00,122.71,120.36,127.42,132.16,2021-11-03 15:54:00,stop,786,7,-1.0517170212765958,-0.020141268030315334,2.0042553191489443,0.012449963541072216,2,0.7711573370086939,52.50351351868162,0.02896029733430391,0.012449963541072216,19.67727425013799,-0.20309545344926297,5.593267713358617,0.8612108595308727,True,True,0.014877232898708348,True,True,POC,swing_high,limit,TECH,XLV,Improving,40.6,2021-10-22,261,-645.0706349999986
2021-10-27 10:00:00,134.1,131.85,138.6,142.09,2021-11-22 15:54:00,stop,799,18,-1.0591,-0.01777013422818792,2.0,0.29153700501857827,3,0.759085303894777,61.501807506308026,0.1461992195434861,0.29153700501857827,24.01153473397016,0.007881265441184188,1.7729798073274203,0.8510186883340556,True,True,0.09964532578223517,True,True,VAH,52w_high,limit,NOW,XLK,Improving,57.5,2021-10-26,228,-543.3183
2021-11-03 10:00:00,55.05,54.26,57.29,58.01,2021-11-30 15:54:00,lrc_break,803,19,2.966772151898745,0.0425749318801091,2.8354430379746893,0.2968184536508922,3,0.8611390348858018,72.63081046600581,0.17875388981860538,0.2968184536508922,37.335247369403575,0.1536513256435405,1.3556122332629001,0.7779096249643741,True,True,0.05536536546469151,True,True,POC,LRC_upper,limit,DRE,XLV,Improving,64.5,2021-11-02,1,2.3437500000000058
2021-11-04 10:00:00,214.28,207.42,228.0,234.6,2021-11-30 15:54:00,trail,804,17,-0.1793785974237845,-0.005742659969792627,1.9999999999999958,0.5009504361649882,3,1.4927359074020914,22.136455395844287,0.18571138949743127,0.5009504361649882,27.034697844802288,0.24722858672066572,1.1390557760538131,0.8368788662833913,True,True,-0.02047163175658695,True,True,swing_low,swing_high,limit,STE,XLV,Improving,63.7,2021-11-03,152,-187.04165110572893
2021-11-24 10:00:00,75.76,74.5,80.09,81.62,2021-11-26 15:54:00,stop,802,1,-1.0596269841269839,-0.017623152059134173,3.436507936507921,0.8597006930309231,2,0.6516760515330001,47.67578513610488,0.4365860271540266,0.8597006930309231,30.978563950046848,-0.030354150431548564,1.4134149570356973,0.5976238562747249,True,True,0.16637949079843573,True,True,POC,LRC_upper,limit,CNC,XLV,Improving,76.8,2021-11-23,431,-575.4410300000022
2021-11-30 10:00:00,73.36,71.76,77.64,80.78,2021-11-30 15:54:00,stop,804,0,-1.0453500000000002,-0.022799345692475385,2.67500000000001,0.8630747086829668,3,0.86467634863486,8.618733039139,0.43387408161531094,0.8630747086829668,26.945757655324908,0.01702842475647284,1.1108394932622383,0.06821587631902563,True,True,0.15981607608351256,True,True,swing_low,swing_high,limit,CNC,XLV,Improving,80.6,2021-11-29,443,-740.9440799999975
2021-12-01 10:00:00,74.44,73.17,76.98,80.77,2021-12-01 15:54:00,stop,804,0,-1.0581141732283468,-0.018052189682966097,2.000000000000011,0.006978208605525957,2,0.6597783673867659,70.3956728848501,0.016215158439766054,0.006978208605525957,17.48285404109251,-0.01644222417908415,1.0543308154761086,0.9142980730409184,True,True,-0.035435049753718806,True,True,POC,swing_high,limit,HOLX,XLV,Improving,39.1,2021-11-30,433,-581.8675649999983
2021-12-01 10:00:00,429.84,417.79,453.94,469.15,2021-12-06 15:54:00,stop,808,3,-1.0351713692946058,-0.029019670109808195,2.0000000000000093,0.024819615073088643,2,0.9372445153014234,71.6420010018641,0.0387558572549996,0.024819615073088643,18.363458405779784,0.08030751314897691,0.911436705022388,0.6377885922764729,True,True,0.0017665967211872857,True,True,AVWAP,LRC_upper,limit,WST,XLV,Improving,38.9,2021-11-30,75,-935.5361249999967
2021-12-02 10:00:00,514.99,503.89,542.07,571.63,2021-12-03 15:54:00,stop,806,1,-1.0458954954954953,-0.02254303967067326,2.4396396396396383,0.8666770310692768,3,0.8875039234384845,13.833905292689352,0.5478807287568397,0.8666770310692768,46.568768614208146,0.06052480136094088,1.2707919809181674,0.572076771440115,True,True,0.16772779418109218,True,True,VAL,swing_high,limit,POOL,XLV,Improving,84.1,2021-12-01,62,-719.7852800000014
2021-12-02 10:00:00,258.4,253.45,272.25,278.05,2022-01-05 15:54:00,trail,829,23,0.9026761898368677,0.017291978094785162,2.797979797979809,0.4401116420251564,2,0.7622816527469093,34.76323124921743,0.15632188827753676,0.4401116420251564,16.88266576736296,-0.16488306463404917,1.1518159005458166,0.7517975342276444,True,True,0.025358703463237653,True,True,AVWAP,52w_high,limit,IQV,XLV,Improving,57.4,2021-12-01,124,554.0626453218682
2021-12-06 10:00:00,40.11,38.6,43.13,45.6,2022-01-03 15:54:00,lrc_break,827,20,2.4556390728476853,0.09244614809274496,2.000000000000005,0.7680837381807755,2,1.0644687074389643,61.71550189957382,0.49775633288297916,0.7680837381807755,46.04080905488147,0.14203880697573532,0.9827309779290888,0.28527949283170495,True,True,0.1662501436628796,True,True,swing_low,52w_high,limit,PFE,XLV,Improving,67.2,2021-12-02,798,2958.99597
2022-01-05 10:00:00,448.72,439.72,470.23,478.97,2022-01-05 15:54:00,stop,829,0,-1.0493577777777778,-0.021047022642182205,2.389999999999999,0.8676251268411731,3,0.8942749685037069,-9.396856818063066,0.2047279360564746,0.8676251268411731,13.689755686294488,0.2632374348801797,3.2585978919493246,0.877583496881296,True,True,0.11517081738142187,True,True,VAL,52w_high,limit,FDS,XLF,Improving,81.2,2022-01-04,72,-679.98384
2022-01-05 10:00:00,25.04,23.93,27.26,28.61,2022-01-07 15:54:00,stop,830,2,-1.0220585585585586,-0.04530690894568688,2.000000000000003,0.7538610976153033,3,1.302035342792276,45.049269274435545,0.4301501376891002,0.7538610976153033,26.797868007784743,0.06119932025098476,1.5080668848326741,0.8698242965345263,True,True,0.46775225393784825,True,True,POC,LRC_upper,limit,FLR,XLF,Improving,77.1,2022-01-04,1302,-1477.0994699999994
2022-01-05 10:00:00,66.67,65.81,68.39,69.39,2022-01-05 15:54:00,stop,829,0,-1.0770232558139534,-0.013892905354732255,2.0,0.7901537885079236,3,0.6854549519039521,49.55419741633839,0.20947688578164847,0.7901537885079236,18.503791082515768,0.13298866476553883,1.4744930845503885,0.6329598977594592,True,True,0.11341634924570321,True,True,VAH,52w_high,limit,BRO,XLF,Improving,75.3,2022-01-04,489,-452.93135999999976
2022-01-06 10:00:00,101.14,99.09,105.24,107.53,2022-01-10 15:54:00,stop,831,2,-1.048836585365854,-0.021258799683606854,2.0,0.5511974162636665,3,0.8578416941638356,66.85937223272056,0.22480951231564653,0.5511974162636665,19.84926339877079,0.08647701571257733,1.2564150101811549,0.7024494399746078,True,True,0.13757059634833735,True,True,VAH,LRC_upper,limit,EMN,XLF,Improving,69.5,2022-01-05,316,-679.4363399999991
2022-01-06 10:00:00,18.74,18.47,20.01,20.81,2022-01-10 15:54:00,stop,832,2,-1.0689074074074074,-0.015400480256136584,4.703703703703723,0.7466041281922212,2,0.5339025297111262,41.55501519348543,0.19442128331920744,0.7466041281922212,24.831922791883127,-0.12179727223844153,1.1201641452762416,0.015169261551146295,True,True,0.10237974472312938,True,True,POC,LRC_upper,limit,IBKR,XLF,Improving,64.6,2022-01-04,1708,-492.93733999999927
2022-01-10 10:00:00,211.01,206.96,219.11,227.03,2022-01-21 15:54:00,stop,839,8,-1.0516012345679016,-0.020183806454670317,2.000000000000014,0.648405398447668,2,1.0104212258897745,64.53087536563693,0.1316521031035695,0.648405398447668,13.944329087855861,-0.12932282083911492,1.4057173118220252,0.10959721688985985,True,True,0.07790322972124275,True,True,AVWAP,LRC_upper,limit,AVB,XLF,Improving,59.2,2022-01-06,151,-643.1067349999975
2022-01-11 10:00:00,74.96,74.04,77.54,79.12,2022-01-11 15:54:00,stop,832,0,-1.0809782608695664,-0.013267075773745833,2.804347826087008,0.5379431915056229,2,0.6411968313040511,72.41748574965068,0.12594347379100446,0.5379431915056229,14.64944255777404,-0.006759394761306846,1.0279800369543624,0.14689570628955223,True,True,0.04957520059257048,True,True,VAH,52w_high,limit,EQR,XLF,Improving,57.4,2022-01-06,423,-420.67349999999476
2022-02-01 10:00:00,116.93,113.28,124.6,127.84,2022-02-02 15:54:00,stop,848,1,-1.031535616438356,-0.03219964936286672,2.101369863013692,0.8350665658774055,3,1.6822707795101215,24.687578384596303,0.3508930065019773,0.8350665658774055,36.024864356893936,0.1026095981050135,1.9141100108789801,0.8513013367748183,True,True,0.24073869066260078,True,True,POC,LRC_upper,limit,ABBV,XLV,Improving,83.4,2022-01-31,269,-1012.8132450000015
2022-02-01 10:00:00,12.23,11.82,13.14,14.92,2022-02-17 15:54:00,lrc_break,318,13,-0.29798780487805165,-0.0099897792313983,2.219512195121951,0.7518118086959137,2,1.3206560378394407,43.47936394352146,0.39435840488342994,0.7518118086959137,26.054085216118487,0.16713482172861405,1.2250420317926805,-0.18725841142017768,True,True,0.1626692112269592,True,True,POC,LRC_upper,limit,VTRS,XLV,Improving,71.9,2022-01-31,2577,-314.8449750000031
2022-02-01 10:00:00,90.67,89.17,93.67,96.7,2022-02-09 15:54:00,lrc_break,853,7,-0.6601466666666704,-0.010921142605051348,2.0,0.8070946688092541,2,0.7549976421694519,34.626714602744215,0.31995685573310506,0.8070946688092541,23.694273986616523,0.10336317149576355,1.4488071779878682,-0.2595871441004728,True,True,0.23375474537213248,True,True,POC,52w_high,limit,CVS,XLV,Improving,71.0,2022-01-31,347,-343.606340000002
2022-02-03 10:00:00,53.56,51.94,56.81,58.55,2022-03-31 15:54:00,time,888,40,4.520216049382701,0.1367205003734129,2.006172839506167,0.8244937344975513,2,1.5911936856700393,26.56041068000831,0.3339490074279013,0.8244937344975513,19.450127074335576,0.31956895181008566,1.125286723836531,-0.6862864950093875,True,True,0.14547198951278473,True,True,VAL,swing_high,limit,BMY,XLV,Improving,71.7,2022-02-02,590,4320.422499999998
2022-02-10 10:00:00,15.14,14.91,16.19,16.5,2022-02-14 15:54:00,stop,856,2,-1.0653260869565218,-0.016183949801849434,4.565217391304342,0.6248217231057824,2,0.6122874855983035,51.08211898577575,0.2907386278312729,0.6248217231057824,21.026324420213683,0.1936561109352232,1.2343206050354751,-0.47980540581353,True,True,0.1433097087655968,True,True,POC,LRC_upper,limit,HPE,XLK,Improving,70.5,2022-02-09,2092,-512.5923000000009
2022-02-10 10:00:00,114.74,112.9,119.57,122.18,2022-02-10 15:54:00,stop,854,0,-1.0618586956521743,-0.017028237754924083,2.6250000000000147,0.7113355202154529,2,0.7788659611743006,38.4336812333885,0.2597426107417193,0.7113355202154529,17.80023447395618,0.22340009501922897,1.280079751340193,-0.4048064600451546,True,True,0.1614235100519954,True,True,swing_low,swing_high,limit,IBM,XLK,Improving,68.8,2022-02-09,276,-539.254319999997
2022-02-10 10:00:00,31.61,30.62,33.89,35.28,2022-02-14 15:54:00,stop,855,2,-1.031429292929293,-0.03230354318253712,2.3030303030303076,0.15413684088903346,3,1.0855916410138011,59.0091164636488,0.10706729395148352,0.15413684088903346,27.092403000776493,0.13243450115933492,1.3461377056322887,0.1117918223713887,True,True,0.14607313387037313,True,True,swing_low,LRC_upper,limit,JNPR,XLK,Improving,56.7,2022-02-09,940,-959.8480999999986
2022-02-14 10:00:00,111.67,109.59,115.84,119.57,2022-02-14 15:54:00,stop,856,0,-1.0531875,-0.019616996507566924,2.0048076923076947,0.6563402612501835,2,0.8780962344826063,15.015458756630442,0.22625711744988772,0.6563402612501835,16.080995557410592,0.14629378942601703,1.3398211215758322,-0.14199139334959684,True,True,0.1731943791201953,True,True,VAL,swing_high,limit,IBM,XLK,Improving,65.7,2022-02-11,279,-611.1857699999995
2022-02-16 10:00:00,512.64,500.21,541.01,558.73,2022-02-17 15:54:00,stop,859,1,-1.0407421560740144,-0.02523491143882648,2.28238133547868,0.7324040150909233,3,0.7760464037101987,70.16270511546688,0.4412430722642244,0.7324040150909233,38.2883807335594,0.1360575378758839,2.1580368368645138,0.8999759604248194,True,True,0.3803568551259098,True,True,VAH,LRC_upper,limit,FICO,XLK,Improving,75.8,2022-02-15,60,-776.1855000000004
2022-02-16 10:00:00,15.22,14.8,16.23,16.72,2022-02-22 15:54:00,stop,861,3,-1.0357380952380952,-0.02858147174770039,2.4047619047619047,0.5861738280681287,3,1.0302826373293776,50.92683039521538,0.2594520771572552,0.5861738280681287,22.021522908154058,0.11131847391773751,1.331456773942744,0.3109341706153522,True,True,0.2398287888482762,True,True,POC,LRC_upper,limit,HPE,XLK,Improving,73.7,2022-02-15,2048,-890.9004799999999
2022-02-16 10:00:00,31.3,30.63,32.78,33.68,2022-02-22 15:54:00,stop,860,3,-1.0462164179104476,-0.02239504792332274,2.208955223880592,0.03061896070085418,3,0.7471785366935453,55.69782511579935,0.039580405361367324,0.03061896070085418,22.281363439558486,0.10256383472594333,1.3212313894263232,0.6602843773154963,True,True,0.12810685057286086,True,True,swing_low,swing_high,limit,JNPR,XLK,Improving,52.4,2022-02-15,911,-638.5791150000016
2022-03-21 10:00:00,487.89,475.48,531.03,551.28,2022-03-21 15:54:00,stop,880,0,-1.038814262691378,-0.026423343376580723,3.4762288477034726,0.23026653782380344,3,0.7067775054809308,43.27584670610002,0.1997111574692999,0.23026653782380344,16.147916198128083,0.06600193236202984,1.4681178619326025,0.6607153121747086,True,True,0.22579858522530283,True,True,POC,swing_high,limit,FICO,XLK,Improving,65.1,2022-03-18,63,-812.176154999998
2022-03-21 10:00:00,98.93,96.84,103.11,105.59,2022-03-23 15:54:00,stop,881,2,-1.1663923444976074,-0.024641261498028942,1.9999999999999931,0.11906254626057251,3,0.6753320485084853,65.16942495638357,0.0957426024570325,0.11906254626057251,17.000878973923697,0.22366249542268465,1.197471116370991,0.019011399258868484,True,True,0.14289424399517947,True,True,swing_low,swing_high,limit,RHI,XLF,Improving,56.2,2022-03-18,311,-758.1433600000009
2022-03-21 10:00:00,40.71,39.8,42.55,43.55,2022-03-24 15:54:00,stop,882,3,-1.0442362637362637,-0.02334205354949653,2.02197802197801,0.09873080188581704,2,0.7005505590112503,74.30103062216462,0.09952129151175766,0.09873080188581704,13.712007112567546,0.07804887108541829,0.8434395710584823,0.22201597738328452,True,True,0.17739207974892168,True,True,POC,LRC_upper,limit,VNO,XLF,Improving,51.0,2022-03-18,757,-719.3430350000028
2022-03-21 10:00:00,60.01,58.22,63.6,66.24,2022-04-05 15:54:00,stop,890,11,-1.0330251396648045,-0.03081344775870687,2.0055865921787737,0.04480222459742301,2,1.1075442777711448,72.64034860358646,0.0642127582066583,0.04480222459742301,10.804456885212593,0.19289066571237853,1.0719156752977594,-0.4433211049321547,True,True,0.16721277502930976,True,True,swing_low,LRC_upper,limit,SLG,XLF,Improving,46.3,2022-03-18,450,-832.1017499999997
2022-03-23 10:00:00,316.19,295.51,362.23,389.71,2022-04-08 15:54:00,lrc_break,893,13,-0.7214161025145072,-0.0471832916917044,2.2263056092843327,0.6772453799031979,2,0.9689600124571572,55.79284792461468,0.6579541366541556,0.6772453799031979,16.81810602356435,0.2990936690129872,1.000622971994166,-0.003097597649342719,True,True,0.2417205249399561,True,True,swing_low,LRC_upper,limit,SEDG,XLK,Improving,67.3,2022-03-22,73,-1089.078605000001
2022-03-23 10:00:00,81.61,78.17,88.49,93.09,2022-05-05 15:54:00,stop,912,30,-1.0232238372093023,-0.043130621247396125,2.0,0.25571649679899494,3,1.0965847340830486,58.426959932469245,0.171080595776214,0.25571649679899494,14.127477210792943,0.17704796322415411,1.1250624495450074,0.7349246558999495,True,True,0.12423252118151318,True,True,AVWAP,LRC_upper,limit,GDDY,XLK,Improving,58.5,2022-03-22,84,-295.6707599999998
2022-03-24 10:00:00,203.18,198.73,212.1,219.01,2022-03-29 15:54:00,stop,886,3,-1.0451584269662921,-0.02289081110345515,2.0044943820224614,0.3349753627156073,3,0.8660754279137415,70.90924175412337,0.14233247143548566,0.3349753627156073,19.03792567975514,0.06947687238283819,1.1739269546073328,0.5759137616471295,True,True,0.12371649036319887,True,True,VAH,52w_high,limit,CME,XLF,Improving,59.7,2022-03-22,147,-683.6903850000025
2022-03-24 10:00:00,147.94,139.73,168.09,186.16,2022-04-06 15:54:00,stop,642,9,-1.0175194884287453,-0.05646772340137899,2.4543239951278912,0.004845519810304805,2,0.7072718056407656,52.94519925927871,0.04720235488449867,0.004845519810304805,19.156930967967934,0.05096308037906504,1.0455306275690572,-0.7284120901876525,True,False,-0.10765099231191999,True,True,swing_low,swing_high,limit,DDOG,XLK,Improving,39.1,2022-03-22,1,-8.353835000000007
2022-03-25 10:00:00,97.05,94.03,103.11,105.73,2022-04-01 15:54:00,stop,888,5,-1.031635761589404,-0.03210242143225138,2.0066225165562948,0.08047023806105276,3,1.1034709723007712,46.86720076719782,0.07611668920536588,0.08047023806105276,15.580527502568355,0.2541971221828203,1.2471873086969665,0.7168885863599812,True,True,0.11357256615348676,True,True,swing_low,swing_high,limit,RHI,XLF,Improving,57.4,2022-03-24,310,-965.8173999999988
2022-03-30 10:00:00,154.64,151.52,160.88,166.44,2022-03-30 15:54:00,stop,887,0,-1.049064102564103,-0.021165804449042785,2.000000000000018,0.14449244491138627,2,0.599680768421786,45.48599392167228,0.09072091800867191,0.14449244491138627,13.683480430283861,0.07835121976659344,0.9005437070005263,0.7434127101808067,True,True,0.22222774191848504,True,True,AVWAP,swing_high,limit,MTB,XLF,Improving,51.6,2022-03-28,188,-615.3390399999955
2022-03-31 10:00:00,126.39,124.39,130.77,133.63,2022-03-31 15:54:00,stop,888,0,-1.062695,-0.016816124693409287,2.190000000000005,0.5070348345533271,3,0.7799557730430235,68.03728925865009,0.15430470934995139,0.5070348345533271,18.47471242932644,0.1408450298729616,1.0807198856865663,0.9175054903715866,True,True,0.022157320843031236,True,True,swing_low,LRC_upper,limit,ICE,XLF,Improving,62.2,2022-03-28,226,-480.33813999999995
2022-11-11 10:00:00,28.38,27.72,29.7,34.97,2022-11-17 15:54:00,stop,1047,4,-1.4513863636363629,-0.033753171247357286,2.0,0.23472534745507,3,0.7787617098966008,73.54083157689996,0.17690213728630888,0.23472534745507,25.954626143928518,0.0839080507074078,1.067306748900269,0.839629226503147,True,True,0.12250226574068934,True,True,swing_low,LRC_upper,limit,JNPR,XLK,Improving,60.8,2022-11-10,1043,-999.1053449999996
2022-11-11 10:00:00,73.6,71.48,79.04,99.74,2022-12-05 15:54:00,lrc_break,1059,16,0.9977853773585007,0.028740557065217553,2.566037735849074,0.06362381073961103,3,1.0159436385465186,73.32494466415767,0.13256028135955497,0.06362381073961103,36.89607221848202,0.1278544335718966,1.0569154686060063,0.8895297364181636,True,True,0.034949248163462565,True,True,swing_low,LRC_upper,limit,ORCL,XLK,Improving,54.1,2022-11-10,402,850.3526100000048
2022-11-15 10:00:00,238.74,232.2,251.83,258.81,2022-12-15 15:54:00,lrc_break,1067,22,1.1677859327217082,0.03199011476920497,2.0015290519877618,0.04072010682302567,2,0.9398870420566116,71.76783011018114,0.06546518113394625,0.04072010682302567,25.234907536220796,0.043359189921812785,0.8555674456623441,0.6162853322308312,True,True,0.036282167345148775,True,True,swing_low,LRC_upper,limit,MSI,XLK,Improving,43.2,2022-11-14,124,947.0276799999995
2023-01-05 10:00:00,59.45,58.89,63.73,64.53,2023-01-20 15:54:00,stop,1090,10,-1.1056607142857138,-0.010414970563498775,7.6428571428571015,0.7975381558723196,3,0.5328023893622471,32.10244388795267,0.33651898995199264,0.7975381558723196,42.04936665470392,0.15880225595669953,4.199801246815991,0.8283256672024222,True,True,0.2213990510168462,True,True,VAH,LRC_upper,limit,ACGL,XLF,Improving,87.9,2023-01-04,500,-309.5850000000012
2023-01-05 10:00:00,58.66,57.74,61.32,62.18,2023-01-13 15:54:00,stop,1086,6,-1.0632608695652177,-0.016675758608932743,2.891304347826108,0.8481980135442895,3,0.8189223335567114,30.713581074174893,0.2706261694998286,0.8481980135442895,29.98681971358764,0.1518029961144028,1.6553681927025754,0.700602127366679,True,True,0.17598181483306852,True,True,VAH,LRC_upper,limit,AIG,XLF,Improving,85.4,2023-01-04,507,-495.9473999999973
2023-01-05 10:00:00,73.97,72.18,83.25,112.78,2023-02-08 15:54:00,trail,1102,23,5.581561452513995,0.13506820332567265,5.184357541899465,0.811045061787572,2,0.7091991352794624,42.36761571272983,0.6939107361468585,0.811045061787572,34.87109641053677,0.13890832450027152,1.4074042373112372,-0.5394136972784814,True,True,0.4343448375591574,True,True,VAH,LRC_upper,limit,PVH,XLF,Improving,78.8,2023-01-04,402,4016.379990000003
2023-01-13 10:00:00,16.9,16.61,17.61,18.06,2023-02-28 15:54:00,stop,1116,30,-1.0577758620689657,-0.018151183431952614,2.4482758620689755,0.7055241290761317,3,0.5836261892300331,71.30739088401637,0.30873125664773343,0.7055241290761317,24.28230994624397,0.07182712403244543,1.432023100862775,0.40123676162547783,True,True,0.1938751950934825,True,True,VAH,LRC_upper,limit,FLEX,XLK,Improving,74.5,2023-01-12,1806,-553.9995299999985
2023-01-13 10:00:00,157.6,154.8,167.67,173.5,2023-01-19 15:54:00,stop,1089,3,-1.0557857142857148,-0.018757614213197864,3.596428571428591,0.3739577152528938,3,0.6800818921002457,39.99900522719672,0.20498542101243566,0.3739577152528938,13.58792818480619,0.06197324896955476,1.178931058427246,0.35412374205143854,True,True,0.04968692324578061,True,True,POC,swing_high,limit,ADI,XLK,Improving,63.2,2023-01-12,184,-543.9407999999968
2023-01-17 10:00:00,54.77,53.63,57.32,59.96,2023-01-19 15:54:00,stop,1089,2,-1.0475438596491229,-0.02180390724849371,2.2368421052631544,0.8212801912274321,2,0.7360564421826499,38.01767716953546,0.37036556950884225,0.8212801912274321,37.15112818537697,0.164038155400882,1.038746391315646,-0.5948609759644297,True,True,0.16729825515255659,True,True,VAH,swing_high,limit,AVGO,XLK,Improving,71.0,2023-01-13,535,-638.8970000000004
2023-01-17 10:00:00,31.78,30.96,33.43,34.33,2023-02-09 15:54:00,trail,1103,17,1.6486078514521563,0.04253802511613494,2.0121951219512173,0.6001209770483236,3,1.34745097042542,64.32808341326884,0.27153743242716405,0.6001209770483236,27.557256834555982,0.2342889649013819,1.1912218282749478,0.8421571374446656,True,True,0.16080902971036837,True,True,VAH,LRC_upper,limit,IPG,XLF,Improving,70.7,2023-01-13,1,1.3518584381907688
2023-01-25 10:00:00,177.71,174.43,185.58,190.07,2023-02-22 15:54:00,trail,1112,19,-5.252798780487804,-0.09695110010691578,2.3993902439024395,0.12642699717330003,3,0.761598292889244,54.234383579439736,0.07491016310133752,0.12642699717330003,19.93969521576867,0.126781189513443,1.1750887119073932,0.4108880155474905,True,True,-0.024318544605557935,True,True,AVWAP,swing_high,limit,KEYS,XLK,Improving,49.9,2023-01-20,174,-2997.8773200000005
2023-01-25 10:00:00,32.38,31.62,33.9,38.6,2023-01-31 15:54:00,trail,1097,4,-0.95327696571069,-0.022374629213716055,1.9999999999999907,0.13881111403360488,3,1.138601386291022,74.90321499786171,0.1041152421619889,0.13881111403360488,27.49481916181758,0.22781747131782007,1.0779540455375847,0.8864033778246246,True,True,0.010610787259851984,True,True,swing_low,swing_high,limit,GLW,XLK,Improving,49.5,2023-01-20,955,-691.8884217128203
2023-01-27 10:00:00,61.29,60.24,63.41,64.74,2023-02-02 15:54:00,stop,1099,4,-1.0578714285714288,-0.018123103279490897,2.019047619047622,0.8833807485004481,3,1.0386068414815333,41.82970472826867,0.24387299439599017,0.8833807485004481,30.735747624680187,0.2013169023239222,1.6589845544524822,0.7401115950248329,True,True,0.1841430116637588,True,True,VAH,LRC_upper,limit,ACGL,XLF,Improving,80.1,2023-01-26,403,-447.63829499999883
2023-02-03 10:00:00,11.08,10.9,11.61,12.7,2023-02-09 15:54:00,stop,1103,4,-1.0610555555555556,-0.0172373646209386,2.9444444444444455,0.6489600249988025,3,0.6261391097331304,62.636841787128986,0.25801418635678985,0.6489600249988025,24.616112234248295,0.13002555859496248,1.3047206212628093,0.7370340049347256,True,True,-0.013425905285373352,True,True,swing_low,LRC_upper,limit,PX,XLF,Improving,66.9,2023-02-02,2799,-534.5810099999992
2023-02-09 10:00:00,22.75,22.03,24.19,28.04,2023-03-10 15:54:00,trail,607,20,3.77204399543372,0.11937897480053952,2.000000000000005,0.7460888401791409,3,1.2342798409111677,70.50626701656903,0.42642779843646467,0.7460888401791409,37.95303422685896,0.38142678944524455,1.4994636820109317,0.7581449077056885,True,True,0.19145806073578142,True,True,VAH,LRC_upper,limit,VNT,XLF,Improving,74.1,2023-02-06,1331,3614.8252017040368
2023-02-21 10:00:00,335.14,326.8,369.22,383.75,2023-02-27 15:54:00,stop,1114,4,-1.0396846522781777,-0.025872680073998854,4.086330935251816,0.8309698444124184,3,0.8764900054466002,16.125445394379962,0.597285942477991,0.8309698444124184,35.891009491013385,0.13467609948170953,1.4002513011659812,0.048304691657657564,True,True,0.27618075494077665,True,True,VAL,52w_high,limit,MKTX,XLV,Improving,85.3,2023-02-17,92,-797.7292399999976
2023-02-21 10:00:00,82.02,80.61,86.65,88.77,2023-02-21 15:54:00,lrc_break,1110,1,-0.6465283687943266,-0.011114423311387447,3.283687943262426,0.8633772777521499,3,0.867094053957823,6.57356102682293,0.28090687785350427,0.8633772777521499,28.47765673314902,0.3151146460806749,1.2140699770944583,0.15844836335976256,True,True,0.04701638725772006,True,True,swing_low,swing_high,limit,HOLX,XLV,Improving,76.1,2023-02-17,324,-295.36001999999945
2023-02-22 10:00:00,475.51,464.53,497.48,547.71,2023-02-22 15:54:00,lrc_break,1112,1,0.02769581056466567,0.0006395238796240448,2.0009107468123855,0.778280740301993,3,0.6747652264923794,-0.7948931417240589,0.4363228669732018,0.778280740301993,25.140133231902674,0.11381544168298195,1.156673741973586,0.6362591126187519,True,True,0.1174632260397841,True,True,AVWAP,swing_high,limit,IDXX,XLV,Improving,74.6,2023-02-21,55,16.725500000001627
2023-02-22 10:00:00,160.22,155.74,169.18,173.94,2023-03-10 15:54:00,stop,1124,12,-1.035263392857143,-0.028947572088378417,2.000000000000006,0.7117340767772624,3,0.9555760484589775,42.01263963409533,0.33313585113901995,0.7117340767772624,16.607309799446412,0.15014065369287677,1.1605878849959386,0.19454740178772728,True,True,0.13713152816619378,True,True,POC,swing_high,limit,ZTS,XLV,Improving,71.9,2023-02-21,1,-4.63797999999999
2023-02-23 10:00:00,478.82,464.74,506.98,651.83,2023-03-17 15:54:00,lrc_break,1128,17,-0.6693426846590909,-0.01968243807693912,2.000000000000004,0.7769057990595267,3,0.9402838976415963,34.231631157494675,0.31505146491207175,0.7769057990595267,20.491299097540622,0.15335249499713696,1.0191696556074352,0.14955771789389807,True,True,0.15415462025729187,True,True,swing_low,LRC_upper,limit,BIO,XLV,Improving,80.9,2023-02-22,62,-584.3093899999993
2023-03-01 10:00:00,470.86,458.87,497.48,513.1,2023-03-10 15:54:00,stop,1124,7,-1.0387710592160133,-0.026451312492035868,2.220183486238531,0.6588486537680036,3,0.8046285451841662,3.573462724640638,0.38817260072639903,0.6588486537680036,19.78852288660523,0.11769419038445025,1.1706916506889233,0.001897573233041261,True,True,0.13930466630432048,True,True,swing_low,swing_high,limit,IDXX,XLV,Improving,72.8,2023-02-28,63,-784.6564950000005
2023-04-11 10:00:00,65.23,63.48,68.73,70.53,2023-05-17 15:54:00,lrc_break,1171,27,2.3729485714285614,0.06366181204967038,1.9999999999999918,0.18090199708418714,3,1.1286144313875037,49.77713813690996,0.11215087450631218,0.18090199708418714,15.077010423824554,0.05582107713609829,1.358495138338521,0.8091275599291299,True,True,0.0868628904360722,True,True,POC,52w_high,limit,ACGL,XLF,Improving,57.4,2023-04-10,450,1868.6969999999994
2023-04-12 10:00:00,167.21,164.79,172.22,204.83,2023-04-14 15:54:00,stop,1148,2,-1.0685950413223135,-0.015465582202021504,2.0702479338842803,0.42890583094667295,2,0.7946523178957798,68.42348328798789,0.13020634844344275,0.42890583094667295,24.466937258796463,0.0014020268684769035,1.0753813777086882,-0.2023036821392187,True,True,0.1203718819561681,True,True,VAH,LRC_upper,limit,CME,XLF,Improving,58.0,2023-04-10,175,-452.5500000000028
2023-04-12 10:00:00,113.72,111.83,117.51,120.06,2023-05-23 15:54:00,lrc_break,1175,30,2.3460343915343893,0.0389905469574393,2.005291005291008,0.0006586568523974196,3,0.8460461181014817,62.754258222836334,0.005528428396721279,0.0006586568523974196,13.601309279650081,0.11745949136522803,1.0009664488119954,0.10810466064302321,True,True,0.13284808089441125,True,True,POC,swing_high,limit,FISV,XLF,Improving,49.8,2023-04-11,258,1143.9732899999992
2023-04-17 10:00:00,26.57,26.09,28.04,28.64,2023-04-26 15:54:00,stop,639,7,-1.0548541666666666,-0.019056454648099373,3.062499999999995,0.42401467431144274,2,0.7164679146304902,49.46951487527151,0.20240514090579517,0.42401467431144274,23.313383719162157,-0.07559385164402721,1.7881708113840005,0.7495924211190051,True,True,0.2773537904720291,True,True,VAH,52w_high,limit,VNT,XLF,Improving,63.5,2023-04-14,1110,-562.0263000000006
2023-06-27 10:00:00,402.2,396.44,423.62,435.21,2023-07-19 15:54:00,trail,1213,15,-0.5021266692821742,-0.007191073135418495,3.7187500000000084,0.768436695286123,3,0.8093185817251204,56.09874592703585,0.2761406524001605,0.768436695286123,22.313126150592094,0.1939298474433133,1.6216688592670443,0.9515141976232502,True,True,0.02323965004591977,True,True,VAH,LRC_upper,limit,MCK,XLV,Improving,70.5,2023-06-26,74,-214.0264715148336
2023-06-27 10:00:00,124.62,121.96,132.24,134.9,2023-06-27 15:54:00,stop,1198,0,-1.0463496240601502,-0.022334216016690826,2.8646616541353285,0.1886417327948584,2,0.7555180161923408,49.765245308453245,0.10168826761974625,0.1886417327948584,18.852490056040004,0.1081093838994652,0.9539686930842864,0.6591285401701992,True,True,-0.06590177533103603,True,True,AVWAP,LRC_upper,limit,DXCM,XLV,Improving,48.7,2023-06-26,238,-662.4230200000026
2023-06-28 10:00:00,194.89,188.92,214.28,232.26,2023-07-25 15:54:00,trail,1217,18,-0.14509756846603145,-0.0044447251461963546,3.2479061976549444,0.2751794782705631,3,1.1828279281900267,70.20917555320288,0.23359432561996063,0.2751794782705631,28.96902132008691,0.1078442730805312,1.0335260428779558,0.5659117826341881,True,True,-0.03366593379817051,True,True,VAL,LRC_upper,limit,VEEV,XLV,Improving,52.2,2023-06-27,152,-131.66733752881555
2023-06-28 10:00:00,345.97,341.73,354.46,359.85,2023-07-07 15:54:00,stop,1205,6,-1.0810966981132073,-0.01324927016793366,2.002358490566022,0.05351744881332654,3,0.5974146666764623,66.60236180987096,0.039062437866400436,0.05351744881332654,18.207063239981764,0.07544186816305058,1.098142921294896,0.5327785786720558,True,True,-0.04279305001616507,True,True,VAH,52w_high,limit,VRTX,XLV,Improving,46.6,2023-06-27,85,-389.6272500000008
2023-06-29 10:00:00,123.01,119.18,174.47,178.24,2023-08-17 15:54:00,lrc_break,1233,35,-0.7315065274151457,-0.022775953174538708,13.436031331592694,0.6351527711750782,3,0.9510358222656347,59.97846651668473,2.672238639812351,0.6351527711750782,74.90934284411533,0.2315034437266609,1.6232370656600787,0.7250694914423321,True,True,32.26748142583149,True,True,POC,LRC_upper,limit,FI,XLF,Improving,83.1,2023-06-28,242,-678.0041400000017
2023-06-29 10:00:00,113.05,110.37,120.89,123.33,2023-07-06 15:54:00,stop,1203,4,-1.0416828358208956,-0.02469447147279958,2.9253731343283675,0.5987903793201665,3,1.2593384730999653,58.863299334117734,0.3743812130665783,0.5987903793201665,38.72040689446503,0.3116943386078904,1.558066445260626,0.8260534571688041,True,True,0.07011748838017362,True,True,POC,LRC_upper,limit,DFS,XLF,Improving,74.5,2023-06-28,261,-728.636309999998
2023-06-29 10:00:00,35.01,34.53,37.05,37.92,2023-06-29 15:54:00,stop,1199,0,-1.0724375000000004,-0.014703513281919363,4.250000000000026,0.5822815346212677,3,0.6639931993797357,29.362930399615667,0.22405288797862433,0.5822815346212677,20.2379957577578,0.08328853676334612,1.1724660055828753,0.4920076896641113,True,True,-0.053099144269731835,True,True,swing_low,52w_high,limit,IPG,XLF,Improving,68.7,2023-06-28,1,-0.5147699999999968
2023-06-30 10:00:00,9.93,9.63,10.54,11.5,2023-07-06 15:54:00,stop,1203,3,-1.0326000000000002,-0.03119637462235639,2.0333333333333385,0.5252457770905236,3,0.8117660420054659,66.15892703693397,0.3381236653820939,0.5252457770905236,26.915873633170744,0.23955305049657424,2.0582604922057506,0.8807664331632516,True,True,-0.004639428918340016,True,True,POC,LRC_upper,limit,MAC,XLF,Improving,64.4,2023-06-29,5,-1.5488999999999948
2023-07-07 10:00:00,53.26,52.29,55.23,56.66,2023-08-14 15:54:00,lrc_break,1231,27,2.3768659793814453,0.04328877206158467,2.0309278350515476,0.8381254157745264,3,0.8854998454394326,47.71804235701791,0.23523693035537863,0.8381254157745264,18.42503674297568,0.2804373923091422,1.1274071522251763,0.8691762183503654,True,True,0.009794561701687687,True,True,POC,LRC_upper,limit,AIG,XLF,Improving,71.9,2023-07-06,541,1247.3079599999999
2023-07-07 10:00:00,17.74,17.11,19.0,20.27,2023-08-14 15:54:00,trail,1230,26,2.3791388682079644,0.08449027547750931,2.0000000000000058,0.8035571671101929,2,0.8820878062765971,25.30032888213039,0.6490421000699946,0.8035571671101929,27.084670391332665,0.15791826203570694,1.236202542964711,-0.10893648276801805,True,True,0.04323894565787456,True,True,VAL,swing_high,limit,JWN,XLF,Improving,68.1,2023-07-06,1,1.4988574869710152
2023-07-11 10:00:00,192.25,190.0,196.76,199.09,2023-07-12 15:54:00,stop,1207,1,-1.0849444444444445,-0.012697659297789337,2.0044444444444403,0.8696069384080496,3,0.8343440416432076,64.83847256948539,0.29601131721853546,0.8696069384080496,38.12821353095367,0.3988032018134186,1.6242850134540006,0.9378155106192708,True,True,-0.011263664901744574,True,True,POC,LRC_upper,limit,ABC,XLV,Improving,74.3,2023-07-10,150,-366.16875
2023-07-13 10:00:00,290.38,285.93,303.94,315.25,2023-07-28 15:54:00,trail,1219,11,1.5586968184880472,0.023886634211281052,3.0471910112359635,0.0008699779889200912,3,0.639986836010326,55.497107834884375,0.005871577053569069,0.0008699779889200912,19.374173512646298,0.1330575172059954,1.2490072836361588,0.9049262595872666,True,True,-0.15829818634158577,True,True,POC,swing_high,limit,MOH,XLV,Improving,43.5,2023-07-12,98,679.7476825426356
2023-07-18 10:00:00,20.53,20.19,22.29,22.62,2023-07-24 15:54:00,stop,1216,4,-1.0598823529411765,-0.01755284948855333,5.176470588235291,0.8288045894703406,3,0.9146808006664522,30.3015544822424,0.4616234688359866,0.8288045894703406,38.059986831376804,0.16376210459402998,2.5724012541248515,0.4854649730050769,True,True,0.09637391180483323,True,True,POC,LRC_upper,limit,FLEX,XLK,Improving,85.0,2023-07-17,9,-3.243239999999999
2023-07-20 10:00:00,29.44,27.71,32.91,35.57,2023-08-09 15:54:00,trail,1228,14,0.13897398843930606,0.00816661005434781,2.005780346820806,0.8160653223987228,3,0.9813968420857002,55.90527536420107,1.0461435347635126,0.8160653223987228,52.135108841567224,0.03225506358895085,2.041993340393401,0.9671066986994764,True,True,1.1876646463166498,True,True,VAH,52w_high,limit,SMCI,XLK,Improving,77.0,2023-07-19,880,211.57399999999964
2023-07-20 10:00:00,46.36,44.14,51.97,54.76,2023-07-21 15:54:00,stop,1215,1,-1.0203828828828827,-0.04886216566005174,2.527027027027028,0.8389858048975681,2,1.4791684743894213,44.99403134745516,0.76430281945542,0.8389858048975681,43.09887263281522,0.10293645361242924,1.2399344923546076,-0.01197458745377453,True,True,0.4206126738803868,True,True,VAH,LRC_upper,limit,NVDA,XLK,Improving,74.3,2023-07-19,78,-176.68949999999992
2023-07-24 10:00:00,336.76,328.47,358.07,366.26,2023-07-24 15:54:00,stop,1216,0,-1.0401224366706878,-0.0256046294096685,2.570566948130289,0.8722491594024465,2,1.0697475581495592,-3.0103678232061384,0.29428844545209415,0.8722491594024465,32.23051919321775,0.0688602272969297,1.4895990791089655,-0.07345627509432595,True,True,-0.05957312019696026,True,True,AVWAP,52w_high,limit,ISRG,XLV,Improving,68.6,2023-07-21,10,-86.22614999999963
2023-07-26 10:00:00,190.41,189.13,194.28,202.2,2023-07-26 15:54:00,stop,1217,0,-1.1482578124999998,-0.007718974843758212,3.023437500000001,0.8666527300337095,3,0.5327731138033598,15.34421111954287,0.28800348026234573,0.8666527300337095,29.473799067575357,0.08307180252014525,1.590866961697049,0.6773073539258244,True,True,-0.049943342718201,True,True,VAL,52w_high,limit,ABC,XLV,Improving,70.4,2023-07-25,161,-236.63297000000017
2023-07-26 10:00:00,185.7,184.45,189.47,197.19,2023-07-26 15:54:00,stop,1218,0,-1.1480599999999999,-0.007727921378567582,3.016000000000008,0.8665576552533224,3,0.533643700553524,15.354600675324367,0.2879743191261052,0.8665576552533224,29.47192127981557,0.08304654308654628,1.590866961697049,0.6773073539262566,True,True,-0.049947734191930215,True,True,VAL,52w_high,limit,COR,XLV,Improving,70.4,2023-07-25,12,-17.2209
2023-07-28 10:00:00,88.11,86.88,90.58,95.65,2023-07-31 15:54:00,stop,1221,1,-1.0711341463414632,-0.014952843037112747,2.0081300813008056,0.7501040388547475,2,0.9555278721904638,11.250796742481088,0.2737422534303069,0.7501040388547475,16.688048782011084,0.03629622660905034,1.3519939335979774,-0.9453779863302846,True,True,-0.06619870201802502,True,True,swing_low,swing_high,limit,CAH,XLV,Improving,61.2,2023-07-27,345,-454.5357750000014
2023-07-28 10:00:00,185.62,183.1,190.67,193.51,2023-07-28 15:54:00,lrc_break,1219,1,0.10482341269840775,0.0014230955715978267,2.003968253968239,0.8210543642841641,2,0.9798901610248244,-11.619026557900364,0.2736680008557057,0.8210543642841641,27.630583813093004,-0.06464201430285607,1.4869802309714126,0.19432383897542294,True,True,-0.08302324165643626,True,True,AVWAP,POC,limit,ABC,XLV,Improving,60.2,2023-07-27,12,3.169859999999864
2023-07-31 10:00:00,105.34,103.64,108.74,110.93,2023-08-01 15:54:00,stop,1222,1,-1.0614647058823528,-0.017130149990506955,1.9999999999999916,0.38177038786197043,3,0.9449510683441774,72.67414789628178,0.14036222712740587,0.38177038786197043,37.722024619490625,0.1407931206305744,1.237723320257454,0.8267749843258914,True,True,-0.15925329603320193,True,True,VAH,LRC_upper,limit,ABT,XLV,Improving,52.0,2023-07-27,288,-519.6931200000008
2023-07-31 10:00:00,79.62,78.3,82.27,84.92,2023-08-01 15:54:00,stop,1221,1,-5.178969696969672,-0.08586083898517967,2.00757575757574,0.0022647598900292854,3,0.9209180361781281,65.31975552294396,0.005248299456914985,0.0022647598900292854,14.429138211576038,0.030500836619492294,1.301766119845425,0.7629765325244541,True,False,-0.22479183937100355,True,True,VAL,swing_high,limit,HOLX,XLV,Improving,36.5,2023-07-28,15,-102.54360000000007
2023-08-01 10:00:00,151.67,149.27,159.89,162.64,2023-08-23 15:54:00,trail,1238,16,-0.5450744580250012,-0.008625164497000003,3.425000000000032,0.521994532606129,2,0.885926259288833,45.5686238178318,0.1553732005913876,0.521994532606129,25.869023855659666,-0.0012980137290685477,1.2056438622463876,0.7087711046516413,True,True,-0.15541567990645688,True,True,AVWAP,LRC_upper,limit,JNJ,XLV,Improving,52.4,2023-07-31,197,-257.7112037542181
2023-08-02 10:00:00,204.48,202.31,213.98,221.16,2023-08-02 15:54:00,lrc_break,1223,1,1.0066013824884918,0.010682340571205082,4.377880184331822,0.9356693000059935,3,0.5160067225096483,-11.338301257186806,0.4313996922723198,0.9356693000059935,39.89551358382415,0.18969259838386332,1.7564443646469294,0.377227455406424,True,True,-0.08596576791031973,True,True,POC,52w_high,limit,LH,XLV,Improving,75.9,2023-08-01,148,323.28010000000216
2023-08-02 10:00:00,198.6,192.33,211.14,229.08,2023-08-08 15:54:00,stop,1227,4,-1.0311746411483256,-0.03255521148036245,2.0000000000000044,0.6124928084407134,2,1.2840616516750243,23.109317272313685,0.37067581728178667,0.6124928084407134,20.82275258811426,-0.10260068709520428,1.015221382235695,0.013796163213857529,True,True,-0.0640972152810605,True,True,VAL,swing_high,limit,VEEV,XLV,Improving,54.8,2023-07-28,3,-19.396394999999945
2023-08-03 10:00:00,516.84,507.87,550.22,581.94,2023-08-03 15:54:00,stop,1224,0,-1.0571187290969897,-0.018346790109124732,3.7212931995540575,0.8238832065637294,3,0.6058953764209392,-7.804556257100208,0.39455999522565344,0.8238832065637294,35.38816287500716,0.3135975893898242,1.2529845862160118,0.8363308376351899,True,True,-0.09696046164177041,True,True,AVWAP,POC,limit,IDXX,XLV,Improving,72.9,2023-08-02,58,-549.9765900000017
2023-08-04 10:00:00,101.43,98.12,110.04,114.62,2023-08-09 15:54:00,lrc_break,1228,4,-0.7372386706948646,-0.024058562555457,2.6012084592144995,0.8646305483434118,3,0.9435466414496306,29.105610763318328,0.4324869196479262,0.8646305483434118,31.464686562876132,0.061589296011264914,1.0820833127216776,0.8528509040580786,True,True,0.06004659679366986,True,True,POC,LRC_upper,limit,ON,XLK,Improving,75.7,2023-08-03,297,-724.7572200000011
2023-08-04 10:00:00,43.87,42.32,46.98,49.84,2023-08-04 15:54:00,stop,1224,0,-1.0278032258064518,-0.03631399589696826,2.0064516129032293,0.7504789128258036,2,1.0178689179873783,26.590752346317032,0.4902785251207253,0.7504789128258036,27.059261443383953,0.09865732720569072,1.4225643400883077,-0.02259004064485856,True,True,0.11533667522060576,True,True,VAL,swing_high,limit,MTCH,XLK,Improving,66.7,2023-08-03,1,-1.5930949999999973
2023-08-08 10:00:00,16.05,15.77,17.4,17.83,2023-08-16 15:54:00,stop,1233,6,-1.0568214285714284,-0.018436760124610662,4.8214285714285445,0.6937904849903651,2,0.8206782905927411,33.76136776563049,0.2866634646964752,0.6937904849903651,21.189749866253372,-0.05099333499608192,1.718675760198905,0.5923854977631586,True,True,0.016760702221820578,True,True,VAL,LRC_upper,limit,HPE,XLK,Improving,66.9,2023-08-07,2,-0.5918200000000022
2023-08-09 10:00:00,220.82,217.28,227.9,259.45,2023-08-14 15:54:00,stop,1231,3,-1.0618785310734464,-0.017023141019835125,2.000000000000008,0.6875929178388926,3,0.6502095148579482,65.69413454883934,0.21683103635709777,0.6875929178388926,17.875868947036928,0.16638206291220303,1.5207051561872038,0.6555641853675013,True,True,-0.11575531195899114,True,True,POC,swing_high,limit,DHR,XLV,Improving,62.2,2023-08-08,2,-7.518099999999984
2023-08-10 10:00:00,21.47,21.19,22.03,22.4,2023-08-15 15:54:00,stop,1232,3,-1.076178571428572,-0.01403493246390301,2.0000000000000253,0.9076871507154853,3,0.8119670574201839,28.502606425090317,0.2848129080276435,0.9076871507154853,28.084994732334987,0.059647711807568456,1.3465465943661907,0.7656957034451161,True,True,-0.03763748847803128,True,True,swing_low,52w_high,limit,APH,XLK,Improving,71.7,2023-08-09,1377,-414.9314099999967
2023-08-10 10:00:00,91.27,90.57,92.67,97.55,2023-08-17 15:54:00,stop,1233,5,-1.1298857142857137,-0.008665717103100722,2.0,0.8595410166812301,2,0.7841920009651042,22.175688904363874,0.35961672325999716,0.8595410166812301,48.612874929063494,-0.22124930207016005,1.497208178057377,0.06924908088746716,True,True,-0.0010265136044271816,True,True,VAL,52w_high,limit,ATVI,XLK,Improving,65.9,2023-08-09,286,-226.20312000000084
2023-08-15 10:00:00,136.17,133.56,141.4,145.35,2023-08-22 15:54:00,stop,1237,5,-1.0516724137931037,-0.020157633840052768,2.0038314176245393,0.6640584399324385,3,1.0990528766808225,71.03709890025533,0.25807493091213896,0.6640584399324385,41.29111807600164,0.12144608752961361,1.1998460835649494,0.6989681421198097,True,True,-0.153164167274902,True,True,POC,LRC_upper,limit,ABBV,XLV,Improving,59.8,2023-08-14,216,-592.8908399999968
2023-08-15 10:00:00,88.32,87.31,90.36,95.09,2023-08-15 15:54:00,stop,1232,0,-1.0869455445544562,-0.012429970561594101,2.0198019801980442,0.4117842618516149,2,0.8044657440535601,31.481354502513348,0.14746765092921338,0.4117842618516149,14.23781350342167,-0.17027153050301005,1.3429560972057542,0.1884682211419995,True,True,-0.10735628475320502,True,True,VAL,swing_high,limit,CAH,XLV,Improving,47.2,2023-08-14,12,-13.17377999999989
2023-08-16 10:00:00,194.63,190.12,203.67,208.68,2023-08-18 15:54:00,stop,1235,2,-1.6986463414634179,-0.03936132661974002,2.0044345898004456,0.9173830786086883,3,1.2624748692267018,71.95460968111148,0.32937830708852656,0.9173830786086883,44.97694205646132,0.081084600590281,1.2687917083755635,0.908553424650753,True,True,-0.004781336912583201,True,True,VAH,52w_high,limit,CDW,XLK,Improving,75.2,2023-08-15,150,-1149.1342499999998
2023-08-16 10:00:00,204.6,201.63,210.54,214.97,2023-08-18 15:54:00,stop,1235,2,-1.0683888888888888,-0.01550887096774193,2.0,0.7599174208728495,2,0.7399310629394806,43.93557210201866,0.23985893070668382,0.7599174208728495,17.99209919413986,-0.10684337971158579,1.3972175117677945,0.4352699535022315,True,True,-0.07154130808959624,True,True,VAL,swing_high,limit,BDX,XLV,Improving,59.0,2023-08-15,5,-15.865574999999994
2023-08-21 10:00:00,20.78,20.53,21.59,21.91,2023-08-21 15:54:00,lrc_break,1236,1,0.23671999999999316,0.0028479307025985703,3.239999999999995,0.7958452571351009,2,0.7866921502651955,-17.22538192451843,0.2128177013294335,0.7958452571351009,21.553556891116518,-0.07268660038173894,1.2251777984277665,0.17169952475006525,True,True,-0.0371777355391002,True,True,AVWAP,POC,limit,APH,XLK,Improving,66.8,2023-08-17,1389,82.20101999999764
2023-08-21 10:00:00,65.09,63.48,68.58,70.27,2023-09-28 15:54:00,trail,1263,27,-0.9219751552795004,-0.022805039176524836,2.1677018633540253,0.7277844607285404,2,1.2193476094827547,24.83559502360751,0.22641914848839895,0.7277844607285404,22.04816795898145,-0.04906066491754752,1.1734215787739606,0.05947471505428772,True,True,-0.06892359200141962,True,True,VAL,52w_high,limit,CTSH,XLK,Improving,61.7,2023-08-18,443,-657.5803400000007
2023-08-22 10:00:00,32.81,31.6,35.23,36.6,2023-08-28 15:54:00,lrc_break,1240,5,-0.9027107438016542,-0.033291069795794034,1.9999999999999942,0.7359105814074745,3,1.6547444732421284,35.84099358449905,0.3275804955303874,0.7359105814074745,37.17891998372098,0.05195841368804407,1.413962312725863,0.23346000031268657,True,True,-0.04035097815705779,True,True,AVWAP,swing_high,limit,PRGO,XLV,Improving,68.3,2023-08-21,874,-954.652720000002
2023-08-22 10:00:00,129.27,127.84,132.14,134.58,2023-09-26 15:54:00,trail,1261,24,1.5764309198361028,0.0174386649289521,2.006993006992981,0.6228367879503303,3,0.8675006229969212,42.73155444880795,0.18571695158173862,0.6228367879503303,36.74998870926163,0.11092330824683747,1.3758270495501121,0.18063065054430244,True,True,-0.0372148354121814,True,True,VAL,swing_high,limit,IBM,XLK,Improving,63.7,2023-08-21,206,464.38502036532134
2023-08-23 10:00:00,42.84,41.84,47.13,60.94,2023-08-25 15:54:00,stop,1239,2,-1.04234,-0.024330999066293182,4.289999999999999,0.2986102689332891,2,0.646537331647763,30.74358536757069,0.16790918859175805,0.2986102689332891,21.278175271986992,0.013583311183102718,1.112080683575312,-0.7472836204882904,True,True,0.13886416313688632,True,True,swing_low,swing_high,limit,MTCH,XLK,Improving,62.0,2023-08-22,669,-697.32546
2023-08-24 10:00:00,219.39,216.78,224.61,234.49,2023-09-06 15:54:00,stop,1247,8,-1.0835574712643683,-0.012890674141938946,2.0000000000000218,0.4944710394167234,2,0.6554707885150305,20.105260051211108,0.1376956595870197,0.4944710394167234,29.350725069008934,-0.1947930832071453,1.6856876817643898,0.48226369369860506,True,True,-0.05266580458609227,True,True,swing_low,swing_high,limit,STE,XLV,Improving,53.0,2023-08-23,131,-370.47913499999805
2023-08-29 10:00:00,336.59,327.43,359.31,371.51,2023-09-07 15:54:00,stop,1247,6,-1.0362456331877732,-0.028200511007457053,2.4803493449781775,0.002643739039555165,2,1.1051331886120586,19.62826384338868,0.011809147449778054,0.002643739039555165,20.762550729623086,0.053685956917822165,1.0480312019197284,-0.7513675618805116,True,True,-0.08078742502999392,True,True,swing_low,swing_high,limit,POOL,XLV,Improving,41.7,2023-08-28,84,-797.3288399999974
2023-08-31 10:00:00,265.08,259.24,276.77,284.08,2023-10-26 15:54:00,time,1283,40,3.7130034246575563,0.08180149388863753,2.0017123287671317,0.10759943232615322,2,1.1318206368224941,30.8382894427851,0.059646102947117904,0.10759943232615322,17.62179768075175,-0.048887460062210994,1.3386531741085876,0.18652477934038703,True,True,-0.05245633634277347,True,True,AVWAP,swing_high,limit,CI,XLV,Improving,42.8,2023-08-30,107,2320.181580000004
2023-09-20 10:00:00,558.07,542.32,589.57,626.44,2023-09-21 15:54:00,stop,1258,1,-1.034933015873016,-0.029208154890963494,2.0,0.886870471316771,3,1.3734273604459695,12.633316294024588,0.5944246128299804,0.886870471316771,46.165126628453095,0.12490454230588668,1.636511780165241,0.7449061779929577,True,True,0.2617043306294722,True,True,POC,52w_high,limit,LLY,XLV,Improving,80.3,2023-09-19,50,-815.0097499999999
2023-09-20 10:00:00,210.11,203.03,225.49,231.97,2023-09-22 15:54:00,stop,1259,2,-1.0291765536723163,-0.03467978677835425,2.1723163841807867,0.06942025254807671,2,1.3459145426139794,57.68757144001273,0.09376825354016509,0.06942025254807671,26.04255098951909,0.1552043312512072,0.8999739790258573,0.40116246690218565,True,True,0.02456286367716065,True,True,VAL,52w_high,limit,VEEV,XLV,Improving,47.1,2023-09-19,133,-969.1138100000016
2023-09-22 10:00:00,244.66,240.16,260.4,266.49,2023-10-03 15:54:00,stop,1266,7,-1.0538688888888887,-0.01938367530450421,3.4977777777777734,0.7135589430552768,2,1.0358308752968957,48.25982316505241,0.3030354505873005,0.7135589430552768,31.798437900714884,-0.08222741843460421,1.3389009510669785,0.07100920584720617,True,True,0.1832305946362116,True,True,VAH,LRC_upper,limit,AMGN,XLV,Improving,71.8,2023-09-21,111,-526.40751
2023-09-25 10:00:00,538.88,528.96,589.57,632.81,2023-09-25 15:54:00,lrc_break,1260,1,0.16230292338709515,0.002987761653800433,5.109879032258091,0.8228042268992208,3,0.8363932893534478,-8.878504294515587,0.5434966647810687,0.8228042268992208,40.34779847013983,0.059746316235147194,1.6381749576914642,0.4568310188383454,True,True,0.19587070431235243,True,True,swing_low,52w_high,limit,LLY,XLV,Improving,88.5,2023-09-22,50,80.50224999999887
2023-09-26 10:00:00,478.49,468.12,499.24,519.77,2023-10-02 15:54:00,stop,1265,4,-1.0456417550626809,-0.022661508077493793,2.0009643201542904,0.1984697847055763,2,1.116471713607476,72.6063664024874,0.1079601883772949,0.1984697847055763,20.614422520503908,0.00946390614305532,1.8451841986870767,-0.0019128205629868698,True,True,0.12022770062160526,True,True,swing_low,LRC_upper,limit,HUM,XLV,Improving,49.3,2023-09-25,56,-607.2250800000003
2023-10-03 10:00:00,328.58,321.46,342.83,374.0,2023-10-03 15:54:00,stop,1265,0,-1.0456488764044944,-0.02265816543916247,2.001404494382021,0.7241335506890042,3,1.123142043435423,47.550469311610186,0.17531100183578185,0.7241335506890042,29.0891153392482,0.09393918566073736,1.2956940028570152,0.8947380703378739,True,True,0.1619245504225264,True,True,VAL,swing_high,limit,MOH,XLV,Improving,72.8,2023-10-02,83,-617.9366600000004
2023-10-04 10:00:00,468.69,461.25,483.57,495.61,2023-11-01 15:54:00,trail,1287,20,1.2696975118263525,0.02015521877571115,2.0,0.08997473532527468,3,0.8049102290027869,54.23993530939283,0.0603926244277446,0.08997473532527468,23.252338883760824,0.06212932503475409,1.5314902289848695,0.8550327036679325,True,True,0.15887863520845635,True,True,AVWAP,swing_high,limit,HUM,XLV,Improving,54.4,2023-10-03,58,547.8998703033076
2023-10-05 10:00:00,328.73,321.68,342.83,374.0,2023-10-24 15:54:00,trail,1280,13,1.5424198616605331,0.03307900107902161,1.999999999999992,0.7410859200207484,3,1.0479840024853029,22.210933078228088,0.17806641281865299,0.7410859200207484,25.257074295849783,0.11538719238793912,1.3103350267807354,0.8164168958070289,True,True,0.13252597169293878,True,True,VAL,swing_high,limit,MOH,XLV,Improving,77.5,2023-10-04,83,902.5469820506623
2023-11-28 10:00:00,510.93,501.65,529.5,538.33,2023-11-29 15:54:00,stop,1306,1,-1.4778367456896482,-0.026841886364081146,2.0010775862068892,0.7721840032883494,3,1.3105984611423505,32.35741607468978,0.17402440764636878,0.7721840032883494,21.669825731164465,0.2827950449908688,1.135944669566549,0.4913374790021624,True,True,0.11094511450550293,True,True,POC,LRC_upper,limit,UNH,XLV,Improving,76.9,2023-11-27,54,-740.5735499999989
2023-11-28 10:00:00,127.67,124.89,133.24,137.27,2023-12-15 15:54:00,trail,1318,13,0.06492240297012508,0.0014136780783030297,2.00359712230216,0.7601169952617057,2,1.4227974820527562,50.21315193449448,0.23692132618575254,0.7601169952617057,34.829890196099136,0.049794618503116846,1.084341384978321,-0.5351001330192158,True,True,0.02778162017909591,True,True,VAL,LRC_upper,limit,DGX,XLV,Improving,64.0,2023-11-27,219,39.52605737627157
2023-11-28 10:00:00,581.0,566.73,615.12,628.93,2023-12-04 15:54:00,stop,1309,4,-1.0402147862648914,-0.025548820998278796,2.3910301331464643,0.3483440117458997,3,0.8473248582416438,36.59224202947951,0.1681866967671097,0.3483440117458997,21.35439501763168,0.01832539500082523,1.2127374704897,0.9063717557429061,True,True,0.0700446359591671,True,True,VAL,swing_high,limit,LLY,XLV,Improving,64.0,2023-11-27,48,-712.5055199999991
2023-11-30 10:00:00,325.24,317.73,340.26,356.93,2024-01-03 15:54:00,trail,1328,22,4.570814646112502,0.10554303896293458,2.0,6.620192172810874e-05,2,0.9180701893053461,63.97146267478006,0.0021274129331778375,6.620192172810874e-05,21.00605316136529,0.010173784360008886,0.7973054951794611,0.7895419366344294,True,True,-0.05612050382607581,True,True,AVWAP,swing_high,limit,POOL,XLV,Improving,36.6,2023-11-29,85,2917.7795293459117
2023-12-06 10:00:00,198.57,196.31,203.09,205.98,2023-12-06 15:54:00,stop,1311,0,-1.0873628318584074,-0.012375686156015465,2.0000000000000124,0.8725058246587131,3,0.7346889592621623,60.51230199562717,0.22533799202480087,0.8725058246587131,33.06330336435929,0.08851192828864808,1.4825653165475734,0.7390393865015679,True,True,0.15033364981316577,True,True,VAH,LRC_upper,limit,COR,XLV,Improving,78.4,2023-12-05,140,-344.0415999999987
2023-12-07 10:00:00,104.27,101.77,113.8,116.97,2023-12-20 15:54:00,lrc_break,1321,10,-0.2016279999999966,-0.004834276397813288,3.8120000000000003,0.22884747414650877,3,0.8605608042459616,72.39826755619141,0.3422192762252007,0.22884747414650877,53.61910093357028,0.16497281609716724,1.1848370749610788,0.9568705103988229,True,True,0.0662236468003714,True,True,swing_low,LRC_upper,limit,DVA,XLV,Improving,65.8,2023-12-06,268,-135.09075999999772
2023-12-18 10:00:00,121.85,119.04,130.9,139.24,2023-12-20 15:54:00,stop,1321,2,-1.0428629893238437,-0.024049610176446353,3.2206405693950355,0.9466148859045023,3,0.8186429174129168,39.48744876584719,0.8072471885845459,0.9466148859045023,42.836113850011046,0.16778193071939637,1.719997149359829,0.939031683064946,True,True,0.17942825753746194,True,True,VAH,LRC_upper,limit,DXCM,XLV,Improving,85.4,2023-12-15,234,-685.7241299999972
2023-12-21 10:00:00,138.06,136.11,141.96,148.2,2024-01-29 15:54:00,lrc_break,1346,25,6.3977589743590135,0.09036382732145447,2.0000000000000147,0.0674435758776863,3,0.8569507832737017,74.49126944498238,0.06455418138097788,0.0674435758776863,37.11900074315652,0.17316078646304867,1.3028626103474124,0.9389570495177733,True,True,-0.09724702173423405,True,True,swing_low,swing_high,limit,ABBV,XLV,Improving,47.0,2023-12-20,204,2545.0285200000008
2023-12-22 10:00:00,122.38,119.51,133.97,139.24,2024-01-03 15:54:00,lrc_break,1329,7,-0.7774651567944275,-0.01823275862068965,4.038327526132419,0.955680437355824,3,0.737056438362331,11.982855992985519,0.7998671911016103,0.955680437355824,36.50002041825737,0.12107826397946536,1.9678840897223446,0.8270068245664374,True,True,0.24612180613904333,True,True,VAH,LRC_upper,limit,DXCM,XLV,Improving,90.4,2023-12-21,231,-515.4360749999998
2024-04-16 10:00:00,76.96,75.73,79.42,87.88,2024-04-16 15:54:00,stop,1399,0,-1.0620691056910574,-0.016974337318087184,2.000000000000023,0.7498762668807142,3,1.038681706018104,40.78993572435981,0.12261911013688649,0.7498762668807142,21.765475044493957,0.18238281746501508,1.0450780540290516,0.6215975417933641,True,True,0.03655160375048894,True,True,VAL,LRC_upper,limit,HOLX,XLV,Improving,69.3,2024-04-15,369,-482.04130499999627
2024-04-16 10:00:00,25.39,24.66,26.85,31.94,2024-05-28 15:54:00,lrc_break,1428,30,0.37597260273972677,0.01080976762504926,2.0,0.5342636403283203,2,1.3656493756625923,42.26408483790961,0.17800745901746629,0.5342636403283203,22.63620283238521,-0.05260648388237086,1.0682328880189613,0.8756411297048539,True,True,0.01191326142292315,True,True,POC,LRC_upper,limit,CAG,XLV,Improving,58.2,2024-04-15,1121,307.6696600000008
2024-04-16 10:00:00,116.25,114.52,119.72,121.88,2024-05-28 15:54:00,lrc_break,1429,30,0.15812427745664734,0.0023531612903225853,2.005780346820804,0.02172860382904089,3,0.8773104327605411,48.37669191319003,0.02203941254120764,0.02172860382904089,22.14022378261264,0.10842098423439907,1.1649329983150591,0.5561051009731327,True,True,0.04110557383803548,True,True,swing_low,swing_high,limit,MRK,XLV,Improving,48.8,2024-04-15,244,66.74742000000013
2024-04-17 10:00:00,103.89,99.84,112.0,118.83,2024-04-22 15:54:00,stop,1350,3,-1.0251518518518519,-0.039964048512850105,2.00246913580247,0.5732490980540368,2,0.8227190307070158,20.292738414867003,0.34624705133615724,0.5732490980540368,18.53562197378752,0.05981774524183569,1.1135937177392863,-0.2738265053064011,True,True,-0.01572616365852697,True,True,AVWAP,swing_high,limit,MRNA,XLV,Improving,59.2,2024-04-16,273,-1133.4591449999991
2024-04-19 10:00:00,120.88,117.75,127.15,130.06,2024-04-19 15:54:00,lrc_break,1403,1,-0.28130990415335216,-0.0072840833884843725,2.00319488817892,0.8011907333781926,3,1.2221143186802006,7.313193769693858,0.26056279229579293,0.8011907333781926,26.112724218057974,0.00514542572435773,1.2199367727683803,0.6701363936069371,True,True,0.1024805348979212,True,True,swing_low,swing_high,limit,GDDY,XLK,Improving,75.4,2024-04-18,234,-206.03699999999785
2024-04-19 10:00:00,112.03,107.61,126.19,140.98,2024-05-31 15:54:00,trail,1364,29,6.071151583710407,0.23952950102651083,3.2036199095022604,0.7054374831364478,2,0.8260562061380056,16.01289673755759,0.6903876592265602,0.7054374831364478,25.93231276018008,0.01274989285409189,1.3976732885892633,-0.2522826003083896,True,True,0.47806717372074536,True,True,POC,swing_high,limit,DELL,XLK,Improving,70.7,2024-04-18,252,6762.291480000002
2024-04-22 10:00:00,173.1,165.49,188.32,232.0,2024-06-14 15:54:00,trail,1442,38,14.023528116274127,0.6165167473416863,2.0000000000000036,0.5989164531933878,3,1.104799755029195,44.92864751676375,0.3645599106281867,0.5989164531933878,34.33404930895568,0.05166993123257032,1.7968185279837243,0.8578975154682555,True,True,0.1521740460584402,True,True,VAL,swing_high,limit,FSLR,XLK,Improving,71.1,2024-04-18,162,17288.485932305033
2024-04-23 10:00:00,19.78,17.36,24.62,27.66,2024-05-28 15:54:00,trail,1428,24,0.38563390421563326,0.04718069000009268,1.9999999999999984,0.7592735917550592,3,1.080918640456958,47.50927743256784,1.2001227791443487,0.7592735917550592,47.3822856834562,0.034082352997949705,1.8635767721660075,0.8415207704755311,True,True,1.6250367281862896,True,True,VAL,LRC_upper,limit,NKTR,XLV,Improving,77.0,2024-04-22,588,548.741620342678
2024-05-08 10:00:00,47.8,46.22,52.15,54.4,2024-06-26 15:54:00,lrc_break,1449,34,2.101591772151904,0.06946684100418421,2.7531645569620293,0.6224623360571957,2,0.8037482350863459,34.80462229503903,0.3455186871572285,0.6224623360571957,28.97111951389796,0.020160761784238375,1.1610155754966378,-0.6892786367675526,True,True,0.18069678519193388,True,True,VAL,52w_high,limit,WDC,XLK,Improving,66.4,2024-05-07,328,1089.1289200000017
2024-05-29 10:00:00,279.61,274.8,292.51,303.74,2024-07-25 15:54:00,time,1469,40,6.7929116424116325,0.11685528056936435,2.6819126819126757,0.5594020091113753,2,0.7530103486739783,35.79212139349687,0.3122392949661604,0.5594020091113753,35.420239611481165,-0.09081847596595079,1.3383128955012606,0.45307608087181644,True,True,0.07338882251524392,True,True,AVWAP,POC,limit,AMGN,XLV,Improving,61.9,2024-05-28,123,4018.8903149999965
2024-05-29 10:00:00,77.5,74.84,84.54,88.43,2024-05-30 15:54:00,stop,1431,1,-1.0286353383458646,-0.03530541935483866,2.646616541353389,0.4027805808896197,2,1.1100929790456913,48.7241413945222,0.3918802027187759,0.4027805808896197,39.812653638906184,0.09900242988501523,0.9544894584284895,0.7929162816780843,True,True,0.07336286888548171,True,True,POC,swing_high,limit,TECH,XLV,Improving,56.0,2024-05-28,444,-1214.8594799999985
2024-05-30 10:00:00,56.4,55.3,58.61,59.69,2024-05-30 15:54:00,lrc_break,1430,1,-0.08761818181818093,-0.0017088652482269353,2.0090909090909075,0.7304176407753659,3,1.1027164702823764,0.06657939544157242,0.23231637087889967,0.7304176407753659,33.74495296575878,0.029695472699223614,1.1816012788798735,0.5542927306713402,True,True,0.0694207238470752,True,True,AVWAP,POC,limit,K,XLV,Improving,71.8,2024-05-29,10,-0.9637999999999916
2024-06-26 10:00:00,88.93,87.8,92.19,94.48,2024-06-26 15:54:00,stop,1449,0,-1.0781991150442471,-0.013700269875182835,2.8849557522123566,0.8711700615765055,3,0.8269931844142003,12.317767936759903,0.27165095915181214,0.8711700615765055,37.13398181708841,0.2502316153297819,2.1068103489756567,0.8662461936925143,True,True,0.08754152529208148,True,True,POC,52w_high,limit,BRO,XLF,Improving,76.2,2024-06-25,377,-459.3236050000036
2024-06-26 10:00:00,251.67,247.18,260.65,265.96,2024-06-26 15:54:00,stop,1449,0,-1.055551224944321,-0.018831902888703386,2.000000000000006,0.8568747174683969,3,1.1351522132480154,22.30690467963481,0.24622783159761152,0.8568747174683969,31.43379914457047,0.24909585856190028,1.4036219507485252,0.8924458226213238,True,True,0.08572448024163104,True,True,POC,52w_high,limit,AJG,XLF,Improving,73.8,2024-06-25,133,-630.3435249999974
2024-06-26 10:00:00,205.54,203.99,211.9,215.24,2024-06-26 15:54:00,stop,1448,0,-1.1321064516129047,-0.008537340663617705,4.1032258064516665,0.7921895601195608,3,0.5780281190723903,38.581804651608024,0.14444396973585016,0.7921895601195608,20.433912056564075,0.19774438339282235,1.5529370223226184,0.8735379098219144,True,True,0.07327509192647841,True,True,POC,52w_high,limit,MMC,XLF,Improving,73.2,2024-06-25,163,-286.02669499999723
2024-06-27 10:00:00,27.84,27.31,29.66,31.17,2024-07-09 15:54:00,stop,1456,7,-1.4103396226415041,-0.02684913793103444,3.4339622641509364,0.7279900869080748,3,0.7766313141725786,10.374923237471814,0.3428369474321424,0.7279900869080748,18.487714365223177,0.22515915339436696,1.6092404838285228,0.483686779277779,True,True,0.0759679572992138,True,True,AVWAP,52w_high,limit,LNC,XLF,Improving,75.6,2024-06-26,1189,-888.7537199999987
2024-06-27 10:00:00,411.61,406.81,421.21,431.8,2024-07-24 15:54:00,trail,1468,18,3.413456140822563,0.03980610159118666,1.9999999999999882,0.7742989755450442,3,0.7359931975701896,37.389883839845666,0.24101800374085508,0.7742989755450442,21.889194431448225,0.24939281573800887,1.5699987811704246,0.6830733155019072,True,True,0.10449982145481984,True,True,VAH,52w_high,limit,MCO,XLF,Improving,74.9,2024-06-26,80,1310.7671580758674
2024-06-27 10:00:00,103.9,102.23,107.26,113.43,2024-07-01 15:54:00,stop,1452,2,-1.0617155688622755,-0.01706511068334939,2.0119760479041893,0.7533647897236341,3,0.9203725851015236,24.307699508201434,0.1614105336846355,0.7533647897236341,21.280522792759665,0.23368928468279945,1.3885008931113871,0.32592805873976244,True,True,0.02556303226218093,True,True,POC,swing_high,limit,TROW,XLF,Improving,71.6,2024-06-26,318,-563.8346700000004
2024-07-02 10:00:00,49.06,47.73,51.73,54.31,2024-08-02 15:54:00,trail,1474,22,5.434292159948816,0.14732182170264888,2.007518796992469,0.6355540805338453,3,0.9546159607207875,49.93506006767257,0.2372386144138257,0.6355540805338453,27.76007870952261,0.16660019151264036,1.1466605000897976,0.7863838854161825,True,True,0.09358016543126513,True,True,VAL,swing_high,limit,SLG,XLF,Improving,66.1,2024-06-27,672,4856.952960875873
2024-07-23 10:00:00,494.69,487.08,517.58,526.41,2024-07-24 15:54:00,stop,1468,1,-1.0645052562417872,-0.016375679718611685,3.0078843626806835,0.7494851795257028,2,0.8694742636841059,46.71162545325347,0.24510180308019708,0.7494851795257028,27.19663742794347,-0.17552461783219697,1.5082799149594668,0.23041568745528798,True,True,0.16973421312190706,True,True,VAH,LRC_upper,limit,VRTX,XLV,Improving,72.9,2024-07-22,70,-567.061950000001
2024-07-23 10:00:00,23.67,23.62,23.88,24.99,2024-08-05 15:54:00,trail,1475,9,2.564160879199192,0.005416478409799806,4.1999999999998865,0.5239280051900642,2,1.0131987439527936,58.878935819198816,0.03096254866242138,0.5239280051900642,30.30163123676868,-0.3962518668401485,1.207270595133392,0.612995644278621,True,True,-0.05117852678771928,True,True,POC,LRC_upper,limit,CA,XLV,Improving,55.5,2024-07-22,1163,149.10595512543512
2024-07-26 10:00:00,215.7,210.6,225.9,248.89,2024-09-20 15:54:00,time,1508,40,4.232038235294123,0.10006210013908208,2.0000000000000058,0.18217573928198424,3,0.8986910517772584,73.07223045326695,0.10323910750590752,0.18217573928198424,26.940805037215366,0.09758226288647531,1.110163291791483,0.8933928805632672,True,True,0.02854163283180955,True,True,swing_low,swing_high,limit,TFX,XLV,Improving,50.7,2024-07-24,160,3453.3432000000007
2024-07-29 10:00:00,1063.58,1049.98,1095.82,1114.39,2024-08-01 15:54:00,stop,1474,3,-1.0777044117647063,-0.013780608886966575,2.370588235294134,0.8173393085673313,2,0.60826312469965,31.49479941604963,0.22236559669206374,0.8173393085673313,27.326354513560634,-0.09077394918596254,1.8590176930819202,0.5652013171698863,True,True,0.14210903700747868,True,True,POC,52w_high,limit,REGN,XLV,Improving,70.2,2024-07-26,32,-469.0169599999971
2024-08-16 10:00:00,1725.45,1680.11,1816.13,1869.81,2024-09-03 15:54:00,stop,1496,11,-1.037555800617556,-0.02726406444695595,1.999999999999995,0.9040243279322738,2,0.84667362680968,46.12666055842672,0.46708838438166345,0.9040243279322738,28.477677325455623,-0.12352167107885376,2.13307633935791,0.6323564089643811,True,True,0.24258755781328278,True,True,VAH,LRC_upper,limit,FICO,XLK,Improving,75.2,2024-08-15,20,-940.8556000000029
2024-08-16 10:00:00,145.03,142.15,151.52,155.08,2024-09-06 15:54:00,lrc_break,1498,15,-0.793041666666673,-0.01574819002964914,2.253472222222229,0.7392433631407367,2,1.025672641951402,32.94891112908915,0.17159353397929153,0.7392433631407367,28.713024438706906,-0.05373007245334438,1.2683766166508526,0.6823990828830986,True,True,0.13141564810286122,True,True,swing_low,LRC_upper,limit,EA,XLK,Improving,68.1,2024-08-15,240,-548.1504000000035
2024-08-16 10:00:00,481.89,472.4,500.87,512.58,2024-10-11 15:54:00,time,1524,40,4.091511591148578,0.08057532839444695,2.0,0.7760459621139106,2,0.8391447387656652,49.81255824671212,0.22240162066971092,0.7760459621139106,13.897994524163554,-0.11337587574562079,1.130051681721554,0.5301699375956773,True,True,0.07359831294934804,True,True,POC,LRC_upper,limit,IT,XLK,Improving,66.2,2024-08-15,72,2795.648040000003
2024-09-13 10:00:00,148.83,144.1,159.62,164.47,2024-10-31 15:54:00,lrc_break,1538,35,0.006570824524308299,0.0002088288651480103,2.2811839323467127,0.14602967350807722,3,1.1972381817869708,55.856823052886405,0.17802024822281806,0.14602967350807722,22.93027227433375,0.15347367014426627,1.4378493500980045,0.7333501419408162,True,True,0.03464197453901785,True,True,VAL,swing_high,limit,KEYS,XLK,Improving,56.9,2024-09-12,235,7.303799999994922
2024-09-16 10:00:00,432.59,427.22,443.33,448.52,2024-09-18 15:54:00,stop,1507,2,-1.0800567970204848,-0.013407394992949323,2.0000000000000213,0.9280748100919297,2,0.8400068549304388,45.13705671737107,0.28590623478645233,0.9280748100919297,48.831895568464475,0.18455975918591855,1.3957024837951368,-0.425673101416943,True,True,0.11470697481644887,True,True,POC,LRC_upper,limit,MSI,XLK,Improving,74.9,2024-09-13,81,-469.7923049999958
2024-09-19 10:00:00,320.61,314.62,332.6,348.39,2024-10-30 15:54:00,trail,1537,29,4.000738283108744,0.07474633453673125,2.0016694490818017,0.5846994090948693,3,0.9486444394093564,19.57330128668501,0.19032998580447946,0.5846994090948693,33.858062864564296,0.15808002021483963,1.5409505681617124,0.4362700919153047,True,True,0.108992625342192,True,True,AVWAP,swing_high,limit,ACN,XLK,Improving,66.9,2024-09-18,109,2612.1220324245337
2024-11-01 10:00:00,277.23,272.37,286.96,296.38,2024-11-05 15:54:00,stop,1540,2,-1.7434423868312803,-0.030563539299498774,2.0020576131687107,0.8983539521287042,3,0.9002772794472822,26.849425275759515,0.40593120538790173,0.8983539521287042,50.69879228422038,0.022268031170076676,1.2893695393050242,0.7075294627479484,True,True,0.15680266706468537,True,True,swing_low,52w_high,limit,MKTX,XLV,Improving,77.8,2024-10-31,128,-1084.5606400000058
2024-11-01 10:00:00,230.07,226.39,237.76,243.33,2024-11-14 15:54:00,trail,1548,9,8.069959510042825,0.12908006692292628,2.0896739130434736,0.4894417636453365,2,0.7037446719431594,22.022737414105027,0.2969143538402091,0.4894417636453365,20.85204464286242,0.07834408513796758,1.6769919005428986,-0.6248577268951628,True,True,0.10174365900956128,True,True,VAL,swing_high,limit,PODD,XLV,Improving,57.9,2024-10-31,155,4603.104904528435
2024-11-04 10:00:00,77.77,77.44,78.45,78.88,2024-12-31 15:54:00,time,1578,40,2.6719696969697346,0.01133791950623644,2.060606060606092,0.6576741624686739,2,1.1107499528692517,5.2197036259379,0.02285971392251215,0.6576741624686739,55.50748738694683,-0.16082069098462262,1.2770287408013297,0.24985309377364887,True,True,0.20559763408988574,True,True,swing_low,52w_high,limit,K,XLV,Improving,67.1,2024-10-31,462,407.3685000000037
2024-11-07 10:00:00,265.59,258.14,280.49,298.56,2024-11-07 15:54:00,lrc_break,1542,1,-0.058457046979860365,-0.0016397642983544528,2.0000000000000075,0.8181898665395911,3,1.0811422642420987,-19.868263696401005,0.3517164163645826,0.8181898665395911,43.54050534484034,0.07055393244355893,1.0320242405365838,0.004866942354798748,True,True,0.06189434936643834,True,True,AVWAP,POC,limit,MKTX,XLV,Improving,75.5,2024-11-06,134,-58.35766999999451
2024-12-02 10:00:00,620.98,608.12,669.47,684.62,2024-12-04 15:54:00,stop,1561,2,-1.0477877138413685,-0.02169884698379982,3.7706065318818007,0.7783570369528039,3,1.0446030185649458,55.37704343431319,0.544179512339011,0.7783570369528039,43.75192928543688,0.17499320599574622,1.1931525945039814,0.7700956913104529,True,True,0.043945886059656436,True,True,POC,LRC_upper,limit,MCK,XLV,Improving,77.9,2024-11-29,58,-781.5239000000008
2024-12-02 10:00:00,384.86,379.8,395.0,400.79,2024-12-05 15:54:00,stop,1562,3,-1.0755592885375493,-0.014141064283115942,2.003952569169957,0.6872667446170003,3,0.7016144748007749,68.01400202437812,0.19860048877098305,0.6872667446170003,29.025260424814373,0.18057369493506706,1.0926361721612299,0.6817449731735721,True,True,0.01627255268382588,True,True,POC,LRC_upper,limit,SYK,XLV,Improving,68.8,2024-11-29,94,-511.5790200000002
2024-12-05 10:00:00,121.97,120.34,125.93,128.18,2024-12-05 15:54:00,stop,1562,0,-1.0743282208588958,-0.01435725998196274,2.429447852760748,0.7343650034111115,3,0.6439134314735628,68.81382578506442,0.256100971326482,0.7343650034111115,34.04267220216685,0.061234827235572595,1.456571504922865,0.5660869905392425,True,True,0.020923447008599716,True,True,VAH,LRC_upper,limit,CAH,XLV,Improving,69.9,2024-12-04,297,-520.0930349999986
2024-12-06 10:00:00,87.25,84.35,93.06,97.21,2025-02-05 15:54:00,time,1602,40,2.7202620689655133,0.09041558739255019,2.0034482758620658,0.632929174713549,3,1.5372646058983894,45.659336466766746,0.21493166891501167,0.632929174713549,25.377848692211053,0.07596786056440731,1.8933734437542487,0.2616218948166099,True,True,0.07841087796035207,True,True,AVWAP,LRC_upper,limit,GILD,XLV,Improving,67.6,2024-12-05,414,3265.9466400000015
2024-12-06 10:00:00,72.71,69.77,94.62,97.28,2025-01-13 15:54:00,trail,1586,23,-0.9805978919256022,-0.03965008667667815,7.452380952380961,0.3542534428519647,3,1.4647139379475849,74.42675788320244,0.13016735600067164,0.3542534428519647,21.436090806193068,0.33131214888333754,1.2403883785474872,0.8766966922799742,True,True,-0.02361476132767193,True,True,POC,swing_high,limit,EW,XLV,Improving,66.2,2024-12-05,497,-1432.8300277238504
2025-01-06 10:00:00,90.68,89.24,94.6,96.05,2025-02-25 15:54:00,trail,1615,33,7.544917969235705,0.11981343047749785,2.722222222222191,0.5439675210978719,2,0.9517184205783719,36.17418105661403,0.1265502319478639,0.5439675210978719,10.556983410909371,0.016683979921517874,0.8901271589033121,0.7337496789521205,True,True,0.052520891910351475,True,True,swing_low,LRC_upper,limit,BSX,XLV,Improving,63.2,2025-01-03,400,4345.872750279802
2025-01-21 10:00:00,86.27,80.87,142.0,145.51,2025-03-03 15:54:00,lrc_break,1619,29,-0.06780185185185217,-0.0042440013909818145,10.320370370370387,0.6148894047742272,3,1.7849462813709145,73.9651011506966,0.24017557176726426,0.6148894047742272,16.92752513177274,0.02954919250181136,1.5346168030578249,0.21353564737524466,True,True,0.1877004630901573,True,True,VAH,52w_high,limit,DXCM,XLV,Improving,82.0,2025-01-17,338,-123.75194000000037
2025-06-09 10:00:00,523.4,515.34,578.47,588.04,2025-06-09 15:54:00,stop,1687,0,-1.0644379652605465,-0.01639161253343513,6.832506203473998,0.8456908033156528,3,0.7202646838542917,32.310239915284974,0.5955244773518912,0.8456908033156528,43.14265116542964,0.37286337052662677,1.1433693216826935,0.04107694029858098,True,True,0.20151507648419953,True,True,VAH,LRC_upper,limit,IDXX,XLV,Improving,89.4,2025-06-06,71,-609.1352699999961
2025-06-09 10:00:00,377.86,369.21,403.25,410.96,2025-06-09 15:54:00,stop,1687,0,-1.0431832369942196,-0.023880630392208845,2.935260115606923,0.7132818551011687,3,1.1300521893581328,48.28109128217556,0.3180238598391056,0.7132818551011687,30.16243784726842,0.09924354168695504,1.4947747956515636,0.3023404966867067,True,True,0.1487374372531729,True,True,VAL,LRC_upper,limit,HCA,XLV,Improving,76.2,2025-06-06,98,-884.3064300000033
2025-06-09 10:00:00,77.25,75.86,81.93,95.25,2025-06-09 15:54:00,stop,1687,0,-1.0550755395683453,-0.018984530744336574,3.3669064748201474,0.7080244589266432,3,0.8861909285611289,35.07158075570026,0.23330017870720837,0.7080244589266432,22.05683783657756,0.24891988506136015,1.434756371294319,0.8665595984234481,True,True,0.08519344522195138,True,True,swing_low,LRC_upper,limit,EW,XLV,Improving,75.9,2025-06-06,483,-708.3460650000003
2025-06-10 10:00:00,150.64,148.44,155.04,164.9,2025-07-11 15:54:00,lrc_break,1709,22,3.870465909090936,0.056525657195963995,2.000000000000013,0.7996146733294986,3,0.82289580996267,21.462686492412264,0.3753567628781454,0.7996146733294986,25.619683019024915,0.2964128976168175,1.571211414855042,0.941643152380709,True,True,0.19220864577740793,True,True,VAL,swing_high,limit,CAH,XLV,Improving,76.8,2025-06-09,245,2086.1811250000037
2025-06-10 10:00:00,525.81,514.35,555.29,603.4,2025-06-10 15:54:00,lrc_break,1688,1,0.28466797556719886,0.006204322854263094,2.5724258289703505,0.7043510669547217,2,0.7638248226518524,-9.810466796421192,0.3310414998296316,0.7043510669547217,14.694907271332246,0.32863008255507664,1.2065021364201634,-0.725859558700857,True,True,0.04466697752064941,True,True,swing_low,POC,limit,ISRG,XLV,Improving,66.9,2025-06-09,70,228.36065000000542
2025-06-10 10:00:00,216.53,211.44,226.72,286.96,2025-07-03 15:54:00,stop,1703,16,-1.042040275049116,-0.024495381702304548,2.001964636542238,0.07969588661797228,2,0.9267486794531943,59.9872611011176,0.051422286880136975,0.07969588661797228,11.617899362518315,0.030428017016963894,0.8681647251857408,0.680828601669411,True,True,0.00978901816129718,True,True,AVWAP,swing_high,limit,MKTX,XLV,Improving,42.4,2025-06-09,170,-901.6774500000006
2025-06-11 10:00:00,526.31,517.39,582.47,591.01,2025-06-17 15:54:00,stop,1693,4,-1.0585033632287,-0.01793971233683563,6.295964125560576,0.8654272188488485,2,0.8067682714078827,24.510220088889096,0.6037584458027176,0.8654272188488485,40.60069554231122,0.3434595878328186,1.1214707189382855,-0.3257450106947409,True,True,0.15933309278539998,True,True,VAH,LRC_upper,limit,IDXX,XLV,Improving,81.8,2025-06-10,70,-660.9294999999971
2025-06-23 10:00:00,523.52,510.96,591.46,604.42,2025-07-15 15:54:00,lrc_break,1711,16,0.20819347133757848,0.004994861705378947,5.409235668789813,0.8412811555783193,2,1.2205938611810194,9.225555842823635,0.5353823124176762,0.8412811555783193,32.0311161254135,0.37386843475578757,1.48362866986239,-0.6821201165607553,True,True,0.21841958315927879,True,True,swing_low,LRC_upper,limit,IDXX,XLV,Improving,82.6,2025-06-20,71,185.65860999999904
2025-06-26 10:00:00,24.05,23.74,33.18,33.94,2025-08-01 15:54:00,trail,1723,25,1.529121428938356,0.01971008910481887,29.451612903225588,0.7674912087634217,2,0.836576797328941,19.777925960550657,1.299562573088198,0.7674912087634217,58.55906845961721,-0.01729675086600108,1.4910333952822306,0.6410540215293448,True,True,0.4846846535028684,True,True,VAL,LRC_upper,limit,FL,XLF,Improving,80.4,2025-06-25,1559,739.0090953916235
2025-06-26 10:00:00,21.78,20.96,23.42,24.2,2025-07-31 15:54:00,lrc_break,1723,25,1.2045304878048753,0.04534963269054169,2.0,0.818979764194635,3,1.8116642980129125,38.872589697242695,0.4592568597309005,0.818979764194635,33.72554037399454,0.14510612335925815,1.5509489543621553,0.6627087312383223,True,True,0.1396391412061455,True,True,VAH,LRC_upper,limit,BEN,XLF,Improving,79.4,2025-06-25,1641,1620.8403149999967
2025-06-26 10:00:00,3.11,3.03,3.27,3.42,2025-07-30 15:54:00,lrc_break,1721,24,0.7107500000000001,0.018282958199356932,2.0,0.7158767444610908,3,1.1169601200308206,30.079217721576523,0.1854374353091927,0.7158767444610908,29.847807116166745,0.07014312951684404,1.2614502456001793,0.6912960672959912,True,True,-0.05433314468227757,True,True,AVWAP,LRC_upper,limit,AIV,XLF,Improving,67.1,2025-06-25,2,0.1137200000000001
2025-07-25 10:00:00,291.91,284.27,321.62,328.6,2025-07-30 15:54:00,stop,1722,3,-1.037708115183246,-0.027159364187592214,3.8887434554973574,0.48862191851836234,2,1.1278974644012312,42.95607085936985,0.3055856671019019,0.48862191851836234,14.638597710378605,0.05596530292465293,1.1044036595354023,-0.6283292020219445,True,True,0.12158019262389552,True,True,VAH,LRC_upper,limit,VEEV,XLV,Improving,69.1,2025-07-24,130,-1030.6517000000056
2025-07-25 10:00:00,295.24,290.28,305.16,321.34,2025-07-28 15:54:00,stop,1720,1,-1.0590241935483868,-0.017791491667795815,1.9999999999999885,0.610997182883464,3,0.7829781035370221,72.5913211981696,0.19969117353648555,0.610997182883464,19.38537675958257,0.141995536838871,1.0900864822507514,0.6315481677825877,True,True,-0.04873391046909048,True,True,VAH,LRC_upper,limit,AMGN,XLV,Improving,61.7,2025-07-24,128,-672.3532800000046
2025-07-25 10:00:00,73.79,72.6,76.17,77.9,2025-07-30 15:54:00,stop,333,3,-1.0615084033613438,-0.01711878303293145,1.999999999999976,0.0760166184875684,2,0.7236759919145547,33.70712360575866,0.039717119742821626,0.0760166184875684,9.459531333071808,0.012027062234389284,1.1546006565164297,-0.30307363612906596,True,True,-0.047275428866461855,True,True,VAL,swing_high,limit,SOLV,XLV,Improving,41.6,2025-07-24,494,-624.0183300000059
2025-07-29 10:00:00,108.97,106.72,113.47,116.29,2025-08-07 15:54:00,stop,1728,7,-1.0479311111111111,-0.02163756079654951,2.0,0.40266982002869267,2,0.8334088304401254,55.25398694852643,0.11464147820630866,0.40266982002869267,15.874943658620829,-0.010934452885183125,1.6365200968384237,0.7416821998479767,True,True,-0.04234484812563366,True,True,POC,LRC_upper,limit,GILD,XLV,Improving,50.5,2025-07-28,341,-804.025145
2025-07-31 10:00:00,104.81,101.32,111.8,156.66,2025-08-01 15:54:00,stop,1723,1,-3.524558452722053,-0.11736197881881498,2.002865329512887,0.9035865597811067,2,0.9993610097199618,51.82191365576029,0.5312660487701322,0.9035865597811067,33.666430610935116,0.13541882457139065,1.5017451713882843,-0.3741488077923447,True,True,0.223858072262759,True,True,VAH,LRC_upper,limit,ILMN,XLV,Improving,73.0,2025-07-30,358,-4403.653821999998
2025-07-31 10:00:00,185.59,178.01,200.76,252.88,2025-08-06 15:54:00,stop,1727,4,-1.0239841688654354,-0.04182229645993864,2.001319261213715,0.7395344123815304,3,1.1259178837069204,72.75465672693923,0.5374298850459225,0.7395344123815304,40.27644441245534,0.03890360413853794,1.6309370755703954,0.6030449448145284,True,True,0.10427297997236762,True,True,swing_low,LRC_upper,limit,IQV,XLV,Improving,70.1,2025-07-30,189,-1466.9802000000022
2025-08-04 10:00:00,165.56,160.34,180.12,254.15,2025-08-06 15:54:00,stop,1727,2,-1.6362777777777773,-0.051590782797777214,2.789272030651342,0.8287770276133781,3,0.7851078969536168,27.381792813167362,0.44062886203690943,0.8287770276133781,31.90918844825522,0.0536359251609548,1.7047828902763251,0.7184531102298826,True,True,0.3051195574464718,True,True,swing_low,swing_high,limit,CRL,XLV,Improving,81.4,2025-08-01,218,-1862.018659999999
2025-08-07 10:00:00,274.49,267.03,289.41,299.33,2025-08-28 15:54:00,lrc_break,1743,16,-0.3034175603217156,-0.008246183831833615,1.9999999999999925,0.7698470890502478,3,1.1514471094056566,71.6155881413334,0.25157604195291583,0.7698470890502478,43.95378799220299,0.3420328842248472,1.2153638423909845,0.8357470332007587,True,True,0.06019798301243262,True,True,POC,52w_high,limit,RMD,XLV,Improving,71.6,2025-08-06,129,-291.9908550000012
2025-08-07 10:00:00,277.3,270.48,290.95,298.58,2025-08-07 15:54:00,lrc_break,1728,1,-0.26342228739003526,-0.0064786873422287726,2.0014662756598227,0.0017333489880529027,2,1.083459345158538,-4.973095864780131,0.004139518748944063,0.0017333489880529027,19.316075644084894,0.11096530916961948,1.0770008213006843,-0.6463404085502907,True,True,-0.10772219419501261,True,True,swing_low,POC,limit,COR,XLV,Improving,34.3,2025-08-06,127,-228.16058000000493
2025-08-14 10:00:00,187.81,179.36,206.78,252.88,2025-09-04 15:54:00,stop,1747,14,-1.0217260355029587,-0.045969783291624454,2.244970414201186,0.6780216725544139,3,1.4603846757544483,51.979331195316036,0.4602295633832084,0.6780216725544139,29.97283622370095,0.19740639304530314,1.7140629858485752,0.39313214845107347,True,True,0.18655049239397092,True,True,POC,swing_high,limit,IQV,XLV,Improving,74.5,2025-08-13,189,-1631.7475649999978
2025-08-14 10:00:00,99.86,97.08,111.0,156.66,2025-09-02 15:54:00,stop,1744,12,-1.0354208633093525,-0.02882505507710796,4.007194244604315,0.5328428979893102,2,0.7370600330492909,33.72878544208483,0.33698233176885517,0.5328428979893102,26.909238600979428,0.04955578803684547,1.4911375265692954,-0.5490422802409655,True,True,0.18342677954356823,True,True,POC,swing_high,limit,ILMN,XLV,Improving,66.9,2025-08-13,356,-1024.7353200000005
2025-09-02 10:00:00,103.5,100.79,108.92,112.59,2025-09-15 15:54:00,stop,1754,9,-1.0376918819188192,-0.027170483091787382,2.0000000000000053,0.6957028634909158,3,1.2145246564866206,57.22349517649747,0.2940543827636214,0.6957028634909158,40.55204634879523,0.16273556602629308,1.3163656618769344,0.8639006612213971,True,True,0.034940193572486455,True,True,POC,LRC_upper,limit,ZBH,XLV,Improving,69.5,2025-08-28,342,-961.7535899999979
2025-09-03 10:00:00,1267.34,1232.06,1340.86,1521.01,2025-09-10 15:54:00,lrc_break,1751,6,-0.4458646541950124,-0.012411906039421172,2.0839002267573705,0.7464988723052396,3,1.0782259409168757,23.925585780154755,0.22786954426737466,0.7464988723052396,12.962310339235772,0.1321518469288542,1.1604649708572312,0.05000039854884102,True,True,0.003015212756966923,True,True,VAL,swing_high,limit,MTD,XLV,Improving,68.2,2025-08-28,27,-424.7128350000007
2025-09-09 10:00:00,470.56,464.18,486.47,497.07,2025-09-18 15:54:00,lrc_break,1757,8,-0.3009145768025063,-0.0040798941686500945,2.4937304075235165,0.8759945780107448,3,0.8779896250292235,52.0184597709359,0.29859775537894606,0.8759945780107448,31.686931136684716,0.2083237790288811,1.7650166161139402,0.0009299788905864502,True,True,0.057224595716017346,True,True,VAH,LRC_upper,limit,MSI,XLK,Improving,77.1,2025-09-08,74,-142.06778999999915
2025-09-09 10:00:00,205.0,202.52,209.96,228.54,2025-10-10 15:54:00,lrc_break,1773,24,2.863445564516142,0.03464070731707318,2.0000000000000115,0.7276325351797293,3,0.7007594065949275,25.14420872975004,0.40547332793805524,0.7276325351797293,27.3716780932346,0.21482484736423166,1.7327277648175807,0.7170645675745804,True,True,0.16611060959000978,True,True,POC,52w_high,limit,TEL,XLK,Improving,74.6,2025-09-08,170,1207.2286500000002
2025-09-09 10:00:00,33.51,31.48,37.58,39.54,2025-09-09 15:54:00,stop,1749,0,-1.0160073891625616,-0.06154864219635923,2.0049261083743866,0.5864530327504633,3,0.790644066278245,56.39571009230079,0.5971365343305509,0.5864530327504633,28.354222657941353,0.17351530152828634,1.6623799914973885,0.9262823765610276,True,True,0.6934842548950162,True,True,POC,LRC_upper,limit,SEDG,XLK,Improving,74.5,2025-09-08,862,-1777.870689999998
2025-09-10 10:00:00,114.66,110.12,128.35,143.37,2025-09-12 15:54:00,stop,1753,2,-1.0247555066079297,-0.040575527646956155,3.015418502202648,0.860447662440682,3,1.1531198159893783,14.061336147631776,0.5607150946055066,0.860447662440682,33.26446293904344,0.0473621476481768,1.2003610246361154,0.7604349768313367,True,True,0.22551497596460157,True,True,VAL,LRC_upper,limit,TER,XLK,Improving,85.5,2025-09-09,285,-1325.9311499999978
2025-10-02 10:00:00,58.8,54.47,68.74,73.12,2025-10-09 15:54:00,stop,1771,5,-1.0130796766743648,-0.07460263605442174,2.2956120092378756,0.8525606182583109,3,1.2350299646913045,53.78624013146616,1.536641388897762,0.8525606182583109,58.82003807192891,0.39718300935952094,2.101341405856681,0.9093056716145361,True,True,1.1892677036097865,True,True,swing_low,LRC_upper,limit,NKTR,XLV,Improving,83.1,2025-10-01,396,-1737.1074599999993
2025-10-02 10:00:00,74.0,71.71,79.45,82.25,2025-10-30 15:54:00,trail,1787,20,0.11608296943231558,0.0035922972972973434,2.3799126637554533,0.8943288045204129,3,1.308685533211802,27.555776341045572,0.45163313622534296,0.8943288045204129,25.56135175884697,0.1649777680576773,1.9547075418108213,0.885199536934749,True,True,0.10829884274887358,True,True,POC,LRC_upper,limit,CVS,XLV,Improving,79.0,2025-10-01,464,123.34512000000157
2025-10-02 10:00:00,421.01,411.34,449.49,461.33,2025-10-10 15:54:00,stop,1773,6,-1.0430377456049635,-0.023957091280492185,2.9451913133402243,0.7613784004492714,3,1.027022874317052,44.643688424506415,0.3454581540353104,0.7613784004492714,22.987754298524834,0.34544930973395677,1.9784250017866292,0.6940808888971134,True,True,0.07233077479106109,True,True,VAH,LRC_upper,limit,HCA,XLV,Improving,75.4,2025-10-01,81,-816.9801750000013
2025-10-10 10:00:00,281.65,267.08,310.81,335.74,2025-10-14 15:54:00,stop,1775,2,-1.284998284145504,-0.06647408130658615,2.0013726835964336,0.0061137082036153406,3,1.220523436906853,71.54422877722104,0.03995579215838076,0.0061137082036153406,32.111227367078556,0.1878416760527453,1.939291052688677,0.19892565692021602,True,True,0.18778622099224362,True,True,VAH,52w_high,limit,HUM,XLV,Improving,51.5,2025-10-07,116,-2171.801299999999
2025-10-15 10:00:00,56.71,54.49,61.15,75.43,2025-10-16 15:54:00,stop,1776,1,-1.025045045045045,-0.04012696173514369,2.0,0.8857238428321184,3,0.6455681839400543,6.678533211779077,1.445455752350685,0.8857238428321184,46.77442868621969,0.019130339841587303,1.9032954832899842,0.39718001792300855,True,True,1.2066303187955292,True,True,swing_low,swing_high,limit,NKTR,XLV,Improving,81.5,2025-10-14,589,-1340.3283999999992
2025-10-15 10:00:00,220.63,213.6,234.69,243.33,2025-10-31 15:54:00,stop,1788,12,-1.030884068278805,-0.03284736889815529,2.0,0.8945398244230615,2,1.516816566719914,14.613188547097433,0.32339487160734515,0.8945398244230615,40.196466091933885,0.002060862014997639,1.1899400781663965,-0.05629866614553575,True,True,0.12198139614192383,True,True,POC,LRC_upper,limit,ABBV,XLV,Improving,71.6,2025-10-14,151,-1094.3143650000002
2025-10-17 10:00:00,201.85,196.8,211.95,238.19,2025-12-04 15:54:00,trail,1811,33,5.193055445544571,0.12992286351250928,2.0000000000000058,0.8788401469448658,3,1.0552303061099342,37.026180833979325,0.3499319935392873,0.8788401469448658,37.59593069303997,0.14713557290361917,1.5788881579790115,0.7038794477390269,True,True,0.12956420953936987,True,True,POC,swing_high,limit,UHS,XLV,Improving,76.7,2025-10-15,165,4327.11345
2025-11-04 10:00:00,18.82,18.16,20.91,22.01,2025-12-24 15:54:00,trail,1824,35,4.216089311929169,0.1478543541909273,3.1666666666666656,0.6779853962588133,3,1.1666551339069018,56.15524895754701,0.49716421151512064,0.6779853962588133,37.2627107973152,0.005547220804595295,1.9489197460447683,0.9151676729168366,True,True,0.5563688142075105,True,True,VAH,LRC_upper,limit,M,XLF,Improving,75.0,2025-11-03,1768,4919.67029630391
2025-11-04 10:00:00,60.82,59.77,64.51,68.36,2025-11-10 15:54:00,stop,1793,4,-1.0574238095238098,-0.018255425846760886,3.5142857142857284,0.6589952111010976,3,0.6766914333628147,23.883824853458165,0.35393373135356415,0.6589952111010976,30.266792721047807,0.18953878621029127,1.5124913445761354,0.7436568854388393,True,True,0.09992513943619374,True,True,AVWAP,swing_high,limit,LW,XLF,Improving,73.4,2025-11-03,547,-607.3313649999984
2025-11-04 10:00:00,22.55,21.94,23.79,24.7,2025-11-07 15:54:00,stop,1793,3,-1.036467213114754,-0.02803747228381372,2.032786885245901,0.6093652352511868,2,0.815630445244676,39.4081121477793,0.1667639984691252,0.6093652352511868,24.96815774008661,-0.0016486535034540635,1.9333815154941962,0.8741240279371959,True,True,0.04136590782473393,True,True,VAL,swing_high,limit,IVZ,XLF,Improving,58.6,2025-11-03,1475,-932.5613749999992
2025-11-10 10:00:00,44.71,41.27,51.6,57.5,2025-11-13 15:54:00,lrc_break,1796,4,-0.49821947674418693,-0.03833314694699176,2.0029069767441876,0.6883815219611487,2,1.5353743259330108,3.184383304763734,0.3528739863751638,0.6883815219611487,19.907809014105194,-0.040856233692206013,1.2709440314826812,0.01711427013679089,True,True,0.012789944751299576,True,True,swing_low,swing_high,limit,FLR,XLF,Improving,60.9,2025-11-07,489,-838.0848750000008
2025-11-11 10:00:00,133.99,127.16,149.83,166.03,2025-11-13 15:54:00,stop,1079,2,-1.0191178623718888,-0.05194846630345557,2.3191800878477267,0.5216488722933735,2,0.7922369346166905,19.405771832162753,0.4593700463534333,0.5216488722933735,16.732663360767127,-0.14162052138091605,1.6952454902500207,0.40557298869104674,True,True,0.11223298855362707,True,True,AVWAP,swing_high,limit,HOOD,XLF,Improving,60.7,2025-11-10,245,-1705.340875000003
2025-11-14 10:00:00,115.36,113.97,119.56,121.74,2025-11-17 15:54:00,stop,1799,1,-1.0824928057553957,-0.0130432125520111,3.0215827338129504,0.6342779417132979,3,0.5272424278265424,47.61666408393799,0.1276990094208224,0.6342779417132979,11.658948079359373,0.08347181170358188,1.0880341699563612,0.7950091040246403,True,True,0.018995925063446828,True,True,POC,LRC_upper,limit,STT,XLF,Improving,67.1,2025-11-13,285,-428.82952500000016
2025-11-14 10:00:00,159.87,155.68,168.27,175.51,2025-11-18 15:54:00,stop,1800,2,-1.0376551312649165,-0.02719569024832675,2.00477326968974,0.637316965154927,3,1.097443964288106,52.97277353832649,0.1608123035648178,0.637316965154927,21.318310969970106,0.024863287915571432,1.4706039917858134,0.21877419699526357,True,True,0.0943721911282327,True,True,VAL,LRC_upper,limit,MS,XLF,Improving,66.9,2025-11-13,205,-891.2938749999996
2025-11-18 10:00:00,14.55,14.2,15.28,15.83,2025-11-20 15:54:00,stop,1801,2,-1.0410714285714284,-0.02504295532646058,2.0857142857142734,0.6346884902280356,3,0.7098264900025137,44.428028653984796,0.37541029073152377,0.6346884902280356,35.27547652731115,0.03322544370403992,1.379502244808002,0.8983375874010525,True,True,0.19015786211992203,True,True,VAL,swing_high,limit,NOV,XLF,Improving,72.2,2025-11-17,2221,-809.2768750000032
2025-11-19 10:00:00,18.69,18.26,19.55,20.16,2025-12-22 15:54:00,lrc_break,1822,23,2.5366395348837214,0.05836035313001602,2.0,0.6712401027800862,3,0.770803821564472,22.39427826602611,0.2385623636310103,0.6712401027800862,17.387374988925902,0.02988840034315665,1.029202907083053,0.0706601874089809,True,True,0.032233515068728735,True,True,AVWAP,swing_high,limit,MAT,XLF,Improving,69.6,2025-11-18,1746,1904.458229999999
2025-11-21 10:00:00,104.06,102.38,108.79,111.02,2026-01-21 15:54:00,time,1842,40,8.053047619047586,0.13001268498942917,2.8154761904761814,0.3662623600918616,3,0.8263268900998509,29.69004614884036,0.07396807906575659,0.3662623600918616,14.543308613752943,0.03997842654150135,1.503230614116226,0.9029439370338659,True,True,0.04694927301398932,True,True,VAL,LRC_upper,limit,BNY,XLF,Improving,61.3,2025-11-19,308,4166.96896
2026-01-05 10:00:00,388.34,364.55,439.55,461.11,2026-01-05 15:54:00,stop,1831,0,-1.0158236654056327,-0.06223012051295248,2.1525851197982395,0.9221011965046234,3,1.0818617528620555,30.86508433622234,1.1491647389142978,0.9221011965046234,31.73440376335454,0.055496385032604206,2.137381023459363,0.8178310626162515,True,True,1.2024836400550698,True,True,VAH,LRC_upper,limit,LITE,XLK,Improving,86.0,2026-01-02,72,-1739.9840399999975
2026-01-05 10:00:00,69.25,69.1,69.61,75.14,2026-01-16 15:54:00,lrc_break,491,10,-1.0613666666666492,-0.00229898916967514,2.3999999999999053,0.8173995400595992,2,0.9674243170320137,30.21989336607517,0.025959255944062974,0.8173995400595992,21.888071564946493,-0.12237195982582982,1.117023129196374,0.7981496605584248,True,True,-0.027766755802975385,True,True,POC,LRC_upper,limit,DAY,XLK,Improving,65.9,2026-01-02,495,-78.80647500000168
2026-01-05 10:00:00,266.08,256.13,285.99,304.2,2026-01-07 15:54:00,stop,1833,2,-1.2381959798994961,-0.046302052014431654,2.001005025125633,0.25913145308636854,3,0.882380841628763,60.79161802952999,0.16044820706102456,0.25913145308636854,22.350953931878344,0.07083389510512321,1.021706258954642,0.6118592788402514,True,True,0.14437743915229073,True,True,AVWAP,52w_high,limit,FSLR,XLK,Improving,57.1,2026-01-02,128,-1576.9663999999966
2026-01-06 10:00:00,203.97,203.26,205.59,206.35,2026-01-29 15:54:00,stop,1847,16,-1.2867816901408418,-0.004479163602490601,2.2816901408450514,0.8829558803052127,2,1.0523537826264295,30.71602430448504,0.05269142020261177,0.8829558803052127,41.27904698939577,-0.1522666187170002,1.4534389287132818,0.937470175505112,True,True,-0.014352916534092985,True,True,POC,LRC_upper,limit,EA,XLK,Improving,68.5,2026-01-02,168,-153.48732000000132
2026-01-21 10:00:00,12.42,12.08,13.18,13.47,2026-01-28 15:54:00,lrc_break,1306,6,0.6983970588235296,0.019118760064412238,2.2352941176470593,0.9152050605079459,3,1.0533158772425646,14.1356348587925,0.4803010456786708,0.9152050605079459,47.75064728496547,0.08900815552961124,1.6077320267957345,0.9256813841178224,True,True,0.20227638984984075,True,True,POC,52w_high,limit,VTRS,XLV,Improving,86.9,2026-01-20,2727,647.539785
2026-01-21 10:00:00,52.48,50.83,55.78,57.98,2026-01-29 15:54:00,lrc_break,1848,7,0.349821212121214,0.01099857088414639,2.0000000000000044,0.885844109536188,2,1.3824526507824835,-5.780697007322012,0.4042010965536358,0.885844109536188,38.4864148271754,0.09794131669508184,1.4342623768573606,-0.3289239558620763,True,True,0.2003569506726366,True,True,AVWAP,swing_high,limit,BMY,XLV,Improving,73.5,2026-01-20,645,372.2972250000017
2026-01-21 10:00:00,189.04,184.37,198.38,206.89,2026-01-21 15:54:00,stop,1841,0,-1.0399796573875804,-0.0256914145154464,2.000000000000006,0.8981495131398591,3,0.7175699613167748,66.84924960714646,0.5882294447426858,0.8981495131398591,35.236902766021664,0.14907331773594418,2.0858880561621533,0.9346554557720489,True,True,-0.052356978106717356,True,True,swing_low,LRC_upper,limit,MOH,XLV,Improving,70.3,2026-01-20,163,-791.642914999998
2026-01-22 10:00:00,45.15,44.44,47.47,66.81,2026-01-27 15:54:00,stop,1846,3,-1.682499999999996,-0.026457918050941276,3.2676056338028134,0.8203058726644034,3,0.5099098422030242,52.262296626182625,0.4892365310840044,0.8203058726644034,23.427825228832038,0.04422030932213876,1.4990585256850555,0.9053682252854476,True,True,0.23855445235512196,True,True,swing_low,swing_high,limit,CNC,XLV,Improving,78.5,2026-01-20,751,-897.125824999999
2026-01-23 10:00:00,217.05,208.33,234.5,269.0,2026-01-29 15:54:00,stop,1847,4,-1.0243910550458717,-0.041154987330108264,2.0011467889908245,0.7825864103304478,3,1.2803159000848163,39.419041856108414,0.3779180336973426,0.7825864103304478,25.988272248808606,0.008019611779010402,1.8181152119303363,0.1389088172070676,True,True,0.3381947456887475,True,True,POC,LRC_upper,limit,EPAM,XLK,Improving,77.9,2026-01-22,149,-1330.9708099999998
2026-01-23 10:00:00,41.84,41.62,42.37,332.23,2026-02-05 15:54:00,stop,1089,9,-1.3259772727272368,-0.0069721558317399615,2.409090909090817,0.7436260711859874,3,1.5983295860247124,17.153447441504547,0.04769796159185256,0.7436260711859874,31.248750761188205,0.2556994821644089,2.121354735692075,0.45470592613239424,True,False,-0.027243249341280307,True,True,AVWAP,LRC_upper,limit,FB,XLK,Improving,73.6,2026-01-22,1,-0.291715
2026-02-05 10:00:00,369.41,332.16,455.24,502.26,2026-02-09 15:54:00,lrc_break,1855,3,0.3622457718120791,0.03652758452667753,2.3041610738255027,0.9198792978061564,3,1.4447751675454752,-0.6365342187005861,1.0918500653673018,0.9198792978061564,44.321164282792864,0.04277868941063967,1.6282278085496507,0.9195990667048618,True,True,0.5372415628665914,True,True,POC,52w_high,limit,MU,XLK,Improving,82.7,2026-02-04,44,593.7208199999977
2026-02-05 10:00:00,207.73,189.52,251.39,271.25,2026-02-05 15:54:00,lrc_break,1853,1,0.2723605161998914,0.02387563182977912,2.39758374519495,0.9025041679107586,2,1.4445914621461928,-24.689077115245254,0.8387164723730715,0.9025041679107586,40.26764650849307,-0.07009727533394201,1.8152790355757056,0.6597830814275549,True,True,0.23875203540438283,True,True,AVWAP,52w_high,limit,LRCX,XLK,Improving,77.4,2026-02-04,91,451.33133500000145
2026-02-12 10:00:00,40.115,36.9,54.0,57.61,2026-03-30 15:54:00,trail,1835,31,2.5066285789861698,0.20089270550767904,4.3188180404354535,0.7649920722605726,2,1.006572450573147,4.808116487075527,0.9443957026526123,0.7649920722605726,34.81355088364569,0.012682704423739892,1.6608304852119833,-0.3711756118401095,True,True,0.5593999824733353,True,True,AVWAP,LRC_upper,limit,MRNA,XLV,Improving,79.3,2026-02-11,522,4206.699280111964
2026-02-12 10:00:00,254.17,250.08,270.09,280.13,2026-02-12 15:54:00,stop,1858,0,-1.061644254278729,-0.017083546445292426,3.892420537897331,0.43029513981570966,3,0.5554366913851868,43.15712924613293,0.1286632588640237,0.43029513981570966,20.611261998488505,0.19198727651940087,1.3727638829125584,0.7241805204881284,True,True,-0.008255241898728616,True,True,AVWAP,LRC_upper,limit,RMD,XLV,Improving,60.4,2026-02-11,132,-573.1604999999967
2026-02-12 10:00:00,82.62,80.95,85.97,89.83,2026-03-05 15:54:00,stop,1872,14,-1.1567035928143752,-0.023380476882110972,2.0059880239520904,0.09761279521669952,2,0.8882590378422683,59.479184163106346,0.04978549214074711,0.09761279521669952,14.872190561361665,0.05572179903584792,1.1520965780658712,-0.45453541983158324,True,True,0.11929176094431337,True,True,AVWAP,LRC_upper,limit,COO,XLV,Improving,47.4,2026-02-11,406,-784.2681700000035
2026-02-17 10:00:00,274.13,268.05,286.3,294.31,2026-02-17 15:54:00,stop,1860,0,-1.0445871710526318,-0.023168168387261462,2.0016447368421133,0.44733269089873595,3,0.9099741173400153,63.3575567077507,0.16161174692175911,0.44733269089873595,33.966335479850144,0.21448641719782535,1.2315434184200218,0.9267755399414265,True,True,0.01833213459760774,True,True,swing_low,swing_high,limit,LH,XLV,Improving,60.4,2026-02-12,123,-781.1840699999982
2026-02-27 10:00:00,19.66,19.05,20.9,21.68,2026-03-03 15:54:00,stop,1869,2,-1.0317295081967213,-0.032011953204476064,2.032786885245901,0.9255237377186487,3,0.8773611585769576,35.371276555009025,0.5050679273743226,0.9255237377186487,22.74320424319803,0.2197652636780113,1.3912510961116098,0.9294352406476614,True,True,0.2665951266867934,True,True,VAH,LRC_upper,limit,NOV,XLF,Improving,81.9,2026-02-26,1762,-1108.923509999999
2026-02-27 10:00:00,26.3,25.87,27.63,28.53,2026-02-27 15:54:00,stop,1868,0,-1.0606627906976744,-0.017341634980988584,3.0930232558139514,0.8884661311730384,3,0.5863025043434509,17.121329498872218,0.3426560610488647,0.8884661311730384,28.695232080339096,0.27921582252613825,2.3982586940605817,0.59543339024045,True,True,0.1850594448347498,True,True,swing_low,52w_high,limit,BEN,XLF,Improving,78.7,2026-02-26,1317,-600.6639449999996
2026-02-27 10:00:00,71.38,68.81,76.52,80.53,2026-03-03 15:54:00,stop,1869,2,-1.0272743190661477,-0.03698648080694863,2.0000000000000053,0.8343831653930581,3,1.0256950333449562,2.752945216583916,0.47453636362566376,0.8343831653930581,36.196555971197306,0.0450336695655175,1.5223905021058821,0.7972137046567986,True,True,0.21827333032709983,True,True,AVWAP,swing_high,limit,EMN,XLF,Improving,78.0,2026-02-26,485,-1280.4460749999967
2026-03-02 10:00:00,34.39,32.7,37.77,39.87,2026-03-03 15:54:00,lrc_break,1869,2,-0.5112278106508873,-0.0251228554812445,2.000000000000004,0.8670610959152072,3,1.1788812842698888,23.439057809903723,0.47874749512616754,0.8670610959152072,21.94610989659386,0.21294283360553495,1.3403968990122832,0.2371318369038137,True,True,0.23795831840578496,True,True,VAL,LRC_upper,limit,HP,XLF,Improving,80.3,2026-02-27,1015,-876.9346249999983
2026-03-04 10:00:00,6.94,6.56,7.7,8.41,2026-03-04 15:54:00,lrc_break,1870,1,-0.6495263157894728,-0.035564841498559104,1.9999999999999953,0.9057165603856638,3,1.0120998030005903,-12.020841760444613,0.8870388335795745,0.9057165603856638,41.65509905852626,0.1947104860468307,1.6968223850119237,0.752093687367537,True,True,0.5526677554683419,True,True,VAL,swing_high,limit,UA,XLF,Improving,82.8,2026-03-03,4425,-1092.178500000001
2026-03-04 10:00:00,7.09,6.78,7.94,8.58,2026-03-04 15:54:00,lrc_break,1870,1,-0.8934032258064514,-0.039062764456981605,2.741935483870973,0.9127452112273212,3,0.800015229788344,-6.4132565039742655,0.8942524764868811,0.9127452112273212,46.462609150235565,0.17708953318728538,1.9522437762269138,0.8349581812079824,True,True,0.5174471324743359,True,True,VAL,swing_high,limit,UAA,XLF,Improving,82.3,2026-03-02,4743,-1313.597564999998
2026-03-04 10:00:00,29.22,28.27,31.13,32.33,2026-03-05 15:54:00,lrc_break,1871,2,-0.27274210526315856,-0.008867385352498303,2.0105263157894755,0.7928587007812399,3,0.9150316227980921,4.695915746958947,0.3623146903219749,0.7928587007812399,18.108016934297897,0.2255695905677255,1.11694432287196,0.6758260953287264,True,True,0.16286963833449009,True,True,AVWAP,swing_high,limit,BBT,XLF,Improving,79.2,2026-03-03,1150,-297.97075000000046
2026-03-05 10:00:00,19.11,18.42,20.49,21.18,2026-03-05 15:54:00,lrc_break,1871,1,-0.751971014492756,-0.027151229722658293,2.0000000000000053,0.8966226963585607,3,1.019963177628533,-7.7102606753856815,0.4707065949127972,0.8966226963585607,19.626353810351826,0.15389680087488197,1.489573877695699,0.8380617015949918,True,True,0.23764952600534572,True,True,POC,52w_high,limit,NOV,XLF,Improving,82.5,2026-03-04,1775,-920.9765
2026-03-05 10:00:00,63.61,61.34,68.15,71.94,2026-03-05 15:54:00,lrc_break,1871,1,0.2801938325991207,0.00999905675208305,2.000000000000006,0.9838132843081342,3,1.047204185803258,-7.139776291316691,0.727130677473795,0.9838132843081342,43.925084420351034,0.371518900186687,2.395503980402581,0.8935706122705829,True,True,0.3933263764834254,True,True,POC,52w_high,limit,FTI,XLF,Improving,81.5,2026-03-04,533,339.0093200000015
2026-03-06 10:00:00,6.61,6.15,7.94,8.7,2026-03-06 15:54:00,lrc_break,1872,1,-0.05782608695652275,-0.004024205748865426,2.8913043478260874,0.8271972705478575,3,1.2196954455536775,-20.345087074986598,0.7925954137109512,0.8271972705478575,38.06275860220741,0.10040857829390787,1.9183421771317735,0.18854237430406645,True,True,0.4475320923826709,True,True,AVWAP,swing_high,limit,UAA,XLF,Improving,81.8,2026-03-05,3606,-95.91960000000167
2026-03-06 10:00:00,30.65,29.76,32.43,33.7,2026-04-01 15:54:00,trail,1855,18,2.9992220499565896,0.08708997143430199,2.000000000000008,0.8169618241883861,2,0.9024258866473527,30.967757555554442,0.46594763352810037,0.8169618241883861,38.780392740474426,-0.0014346411043089087,2.108469447773569,0.6476709592231344,True,True,0.1592095878312043,True,True,VAL,52w_high,limit,CTRA,XLF,Improving,70.2,2026-03-05,1082,2888.190849667187
2026-03-06 10:00:00,96.95,94.86,102.64,104.85,2026-03-11 15:54:00,stop,1876,3,-1.0458875598086124,-0.02254672511603923,2.7224880382775063,0.3635343983799682,3,0.976725382810295,25.273079207744043,0.12376230329059382,0.3635343983799682,13.696011230604219,0.034002593360847766,1.527860281161172,0.9362157042234206,True,True,0.02866962992776645,True,True,swing_low,swing_high,limit,ACGL,XLF,Improving,62.9,2026-03-05,342,-747.579510000001
2026-03-09 10:00:00,6.26,5.95,6.97,7.7,2026-03-09 15:54:00,stop,1873,0,-1.0196935483870968,-0.050496006389776305,2.290322580645164,0.7944945585807266,3,0.8667325141735609,-21.888716674219893,0.7696825271337928,0.7944945585807266,34.49591202780969,0.18210436655309334,1.8557446102079758,0.04965540847518477,True,True,0.46443519911999864,True,True,AVWAP,POC,limit,UA,XLF,Improving,77.4,2026-03-06,5282,-1669.6666099999982
2026-03-10 10:00:00,63.24,61.16,68.15,70.48,2026-03-10 15:54:00,lrc_break,1874,1,0.6999999999999996,0.023023402909550964,2.360576923076919,0.9602818938949285,3,0.9308756172157068,-31.02811432762732,0.6869216476553273,0.9602818938949285,37.509961757019916,0.33028268150030826,1.9089687268276032,0.5599117943569702,True,True,0.375971827660875,True,True,POC,52w_high,limit,FTI,XLF,Improving,86.2,2026-03-09,521,758.5760000000016
2026-03-11 10:00:00,18.31,17.22,20.49,21.29,2026-03-12 15:54:00,lrc_break,1876,2,0.05655963302752463,0.003367012561441936,2.0,0.7333822888114349,3,1.5838261639940303,-6.870638494329982,0.3735317956085017,0.7333822888114349,18.396231128516593,0.09109157553750348,1.2685858936226546,0.4000198011095102,True,True,0.1889184662959944,True,True,swing_low,52w_high,limit,NOV,XLF,Improving,76.3,2026-03-10,1511,93.1531500000028
2026-03-12 10:00:00,280.91,272.94,296.86,309.3,2026-03-23 15:54:00,lrc_break,1884,8,-0.2421687578419106,-0.006870830515111723,2.001254705144283,0.8194912532797849,3,1.014708800737539,-4.534012085906855,0.31766917527611516,0.8194912532797849,26.001967784574745,0.07354280021230807,1.406304753788922,0.5299779441255108,True,True,0.14459311617935877,True,True,AVWAP,POC,limit,CBOE,XLF,Improving,77.0,2026-03-11,118,-227.75003000000402
2026-03-16 10:00:00,55.68,53.46,60.89,63.62,2026-05-11 15:54:00,time,1918,40,2.712288288288289,0.10814080459770112,2.3468468468468484,0.02989077345064718,2,1.1167306300288211,10.016580188405902,0.05408622136534372,0.02989077345064718,26.718563382008607,0.16135333210217023,1.1300543419637805,-0.37564369091473093,True,True,0.07581181444145524,True,True,swing_low,swing_high,limit,CFG,XLF,Improving,41.3,2026-03-11,596,3588.682879999999
2026-03-26 10:00:00,51.57,50.0,56.21,60.03,2026-03-30 15:54:00,stop,1888,2,-1.0323471337579617,-0.03142883459375607,2.9554140127388533,0.16417203379425863,2,0.6029923821757471,41.442130201867855,0.22487877294746933,0.16417203379425863,15.853834685513046,0.11797960038295999,1.1369030774485773,-0.8336157836714316,True,True,0.3574329484546037,True,True,POC,swing_high,limit,AAP,XLF,Improving,53.9,2026-03-25,661,-1071.3388850000003
2026-04-02 10:00:00,18.82,18.38,20.29,21.02,2026-05-29 15:54:00,time,1930,40,7.635204545454521,0.1785063761955366,3.3409090909090784,0.03946742649905221,2,0.66850757725444,56.89378977609212,0.0509947115797715,0.03946742649905221,24.733394304388764,-0.17075627743759925,1.5554643010963536,0.8166365330874448,True,True,0.0932343470796897,True,True,POC,LRC_upper,limit,MAC,XLF,Improving,45.6,2026-04-01,1756,5899.264439999997
2026-04-08 10:00:00,208.02,205.21,213.64,216.99,2026-05-21 15:54:00,lrc_break,1926,32,1.4945818505338053,0.020189284684164966,1.9999999999999898,0.19595646538652356,2,0.642931188264529,55.35704422037975,0.07126638676141822,0.19595646538652356,11.441424968902915,-0.18149448024029582,1.5211131583651927,0.29149347372406004,True,True,0.07640462436449003,True,True,VAH,52w_high,limit,ALL,XLF,Improving,49.3,2026-04-07,160,671.9639999999994
2026-05-14 10:00:00,98.28,96.26,102.33,108.56,2026-05-15 15:54:00,stop,1922,1,-1.0481534653465348,-0.021543243793243752,2.0049504950495076,0.33710992358257497,2,0.6969616912072246,58.987697807403606,0.10787467919289681,0.33710992358257497,14.731643123094415,-0.020659027117575383,1.1215126739746413,0.8708249774411663,True,True,-0.021685730900979805,True,True,POC,LRC_upper,limit,INCY,XLV,Improving,49.3,2026-05-13,350,-741.0444999999986
2026-05-15 10:00:00,296.57,290.8,319.88,330.66,2026-07-14 15:54:00,time,1961,40,10.48925563258236,0.20407662609164792,4.039861351819771,0.8786290291029007,3,0.5534261230699533,13.50647891871505,0.5877158681269623,0.8786290291029007,38.01373081428689,0.013463549370678217,1.4689673224895297,0.6102477922454753,True,True,0.17178447951254383,True,True,VAL,swing_high,limit,WST,XLV,Improving,82.4,2026-05-14,116,7020.668580000002
2026-05-15 10:00:00,13.35,13.06,16.14,16.42,2026-07-14 15:54:00,time,1282,40,0.4020172413793142,0.008732958801498186,9.620689655172445,0.800479629217868,2,0.7854957805204477,48.10324560393396,1.3940542961650126,0.800479629217868,61.41293426854781,-0.24229197445202333,3.2341175431099387,0.8458857823835151,True,True,0.8051966670111639,True,True,POC,LRC_upper,limit,OGN,XLV,Improving,81.3,2026-05-14,2342,273.04207000000184
2026-05-18 10:00:00,58.11,56.43,62.2,64.54,2026-06-16 15:54:00,lrc_break,1943,21,1.916815476190477,0.05541645155739117,2.434523809523812,0.6722632991949321,3,0.8557121006897495,69.3680630456182,0.9357053837341034,0.6722632991949321,53.64755893567767,0.32530475679867826,1.1207563510193514,0.8190539288948249,True,True,0.38684594599059663,True,True,VAH,52w_high,limit,CNC,XLV,Improving,77.2,2026-05-15,579,1864.5247500000007
2026-06-15 10:00:00,32.39,30.87,35.44,36.38,2026-07-20 15:54:00,lrc_break,1965,24,-0.12651973684210774,-0.005937326335288783,2.00657894736842,0.7824636716032224,3,1.800666948893098,25.60479939752602,0.4852175780479186,0.7824636716032224,21.62237818375895,0.009888995408071614,1.7546460165734576,0.15987700940589641,True,True,0.14093279609706677,True,True,POC,LRC_upper,limit,BEN,XLF,Improving,84.7,2026-06-12,1112,-213.8487200000041
2026-06-15 10:00:00,358.26,345.83,383.12,393.4,2026-06-18 15:54:00,stop,1945,3,-1.0283222043443283,-0.035678124825545714,2.0,0.6809273609735708,3,1.0878513953199376,42.33877733807823,0.32959193225268496,0.6809273609735708,13.989443114306248,0.16847963631044086,1.3586854709882474,0.8329257997309912,True,True,-0.052701799250579495,True,True,POC,LRC_upper,limit,CPAY,XLF,Improving,69.8,2026-06-12,100,-1278.2045000000007
2026-06-15 10:00:00,171.73,167.5,180.2,186.22,2026-07-22 15:54:00,trail,1967,25,1.5828977832009232,0.038989446357304426,2.002364066193858,0.653523110069326,3,1.0912208179134506,61.05786828174665,0.2376317110231383,0.653523110069326,18.855932576654688,0.19115102585925958,1.4363491085374016,0.08250606743059871,True,True,0.0804807836614374,True,True,VAH,LRC_upper,limit,NTRS,XLF,Improving,68.3,2026-06-12,6,40.173945737639336
2026-06-17 10:00:00,366.86,353.58,395.98,411.02,2026-06-22 15:54:00,lrc_break,1946,3,-0.553717243975903,-0.020044063130349475,2.1927710843373447,0.9643640730148398,3,1.1095300391379588,38.941993508894136,1.0809050858143525,0.9643640730148398,69.44245574601251,0.24154541084291473,3.1477146862841003,0.8938556988275295,True,True,0.8657259122723879,True,True,VAH,LRC_upper,limit,HUM,XLV,Improving,84.8,2026-06-16,96,-705.9230400000009
2026-06-22 10:00:00,136.54,132.6,144.43,151.39,2026-06-23 15:54:00,stop,1947,1,-1.325887055837565,-0.03825981397392708,2.002538071065995,0.5446274513731669,2,0.9430027716625624,54.377723629642624,0.2677268795826309,0.5446274513731669,28.26741046578776,-0.21581431996879932,1.1461675184188949,0.24785098590154717,True,True,0.06620215172904476,True,True,VAH,swing_high,limit,APO,XLF,Improving,60.2,2026-06-18,255,-1332.118725000001
2026-06-24 10:00:00,352.84,339.28,379.96,409.12,2026-06-24 15:54:00,lrc_break,1948,1,0.5599693952802393,0.021520193288742905,2.0,0.9579282553444554,3,1.1635228903038433,-5.793133376360567,1.0316123315598253,0.9579282553444554,65.52026150581969,0.06628740456790977,2.4190832026756093,0.8069047241909028,True,True,0.8359168884643442,True,True,VAL,swing_high,limit,HUM,XLV,Improving,82.0,2026-06-23,100,759.3185000000045
2026-06-24 10:00:00,48.96,47.49,51.92,63.44,2026-07-08 15:54:00,trail,1956,9,-0.6167193952609219,-0.01851669752928012,2.013605442176873,0.6875666875513607,3,0.8292518637353152,55.57282570918548,0.3876103616297973,0.6875666875513607,32.49879276679161,0.05195235954844757,1.9131684723397941,0.9073813947372218,True,True,0.13771068448794876,True,True,swing_low,swing_high,limit,SLG,XLF,Improving,71.7,2026-06-23,669,-606.500354881448
2026-06-26 10:00:00,374.33,360.55,415.41,429.98,2026-07-16 15:54:00,lrc_break,1963,14,0.8541070391872321,0.03144176261587379,2.9811320754717068,0.9507933741107543,3,1.1127736897001546,21.09117455796238,0.9973869529634546,0.9507933741107543,62.658071070115426,0.10953832149527395,2.5947134719375633,0.7277165966051532,True,True,0.8674949054266561,True,True,POC,LRC_upper,limit,HUM,XLV,Improving,87.9,2026-06-25,95,1118.1115250000032
2026-08-04 10:00:00,40.04,39.44,41.94,43.04,2026-08-05 15:54:00,stop,1976,1,-3.598299999999987,-0.05392057942057936,3.1666666666666567,0.6819849134954437,3,0.53312077815917,68.08855488890042,0.28093187833885325,0.6819849134954437,19.87648000829859,0.04777861845746016,1.3938014893030801,0.03581674998172848,True,True,-0.06978398606495528,True,True,VAH,LRC_upper,limit,MTCH,XLK,Improving,64.1,2026-08-03,895,-1932.2870999999977
2026-08-06 10:00:00,138.13,131.36,156.06,169.28,2026-08-24 15:54:00,stop,1990,12,-1.0199032496307239,-0.04998729457757172,2.64844903988184,0.3605529399158772,3,0.8381729589846635,38.71555327356583,0.24770872320766038,0.3605529399158772,22.485077418916756,0.25930255109666106,1.206385771048605,0.30219560707656307,True,True,-0.1020887529521689,True,True,AVWAP,LRC_upper,limit,CDW,XLK,Improving,56.2,2026-08-05,256,-1767.6147199999955
2026-08-06 10:00:00,407.17,396.99,427.54,441.87,2026-08-17 15:54:00,stop,1985,7,-1.0394970530451866,-0.02598934106147311,2.000982318271119,0.13884931014829896,3,0.6586907387858817,50.80691690189314,0.08441183963276049,0.13884931014829896,19.95998101269694,0.06298678390288348,1.528880057416426,0.15754336055276447,True,True,0.05478539262793225,True,True,AVWAP,swing_high,limit,FFIV,XLK,Improving,52.0,2026-08-05,87,-920.6409600000005
2026-08-06 10:00:00,49.79,46.74,55.89,63.9,2026-09-01 15:54:00,trail,1996,18,0.32439893326470604,0.019871796474339273,2.000000000000002,0.0540890657553957,2,1.0350358632691439,64.39115544998832,0.1407442205725344,0.0540890657553957,14.285395942345517,0.02641065988940693,1.438284491753872,-0.010576070885685244,True,True,0.5560003001923406,True,True,AVWAP,LRC_upper,limit,HPE,XLK,Improving,50.4,2026-08-03,581,574.8511296917218
2026-08-24 10:00:00,190.94,182.29,209.06,219.04,2026-08-31 15:54:00,lrc_break,1995,6,-0.6749265895953759,-0.03057565203728923,2.094797687861271,0.7910124594591401,3,1.194075369609282,30.899940381534595,0.5188684884631234,0.7910124594591401,38.46824147716811,0.0418238057948676,1.1292686165612504,0.8785914052315745,True,True,0.3654986466243224,True,True,VAL,52w_high,limit,NTAP,XLK,Improving,79.0,2026-08-21,186,-1085.889390000001
2026-08-25 10:00:00,152.33,147.18,162.64,217.64,2026-09-04 15:54:00,stop,1999,8,-1.029078640776699,-0.034791275520252116,2.001941747572808,0.8003687148981502,3,0.9514035675556702,68.01601725716475,0.5744140044434248,0.8003687148981502,36.720093317852744,0.06832961379065922,1.3659644342699204,0.8420353309130804,True,True,-0.06921301466670049,True,True,POC,LRC_upper,limit,PTC,XLK,Improving,66.9,2026-08-21,230,-1218.9436500000013
