symbol,sector_etf,quadrant,setup_date,trigger_time,entry_time,entry,stop,stop_src,tp1,tp1_src,tp2,rr_at_trigger,rvol,entry_type,score,lrc_r2,flow_n,exit_time,exit_reason,fills,sessions_held,r_multiple,pct_return,shares,pnl
CB,XLF,Improving,2023-11-02,2023-11-03 11:00:00-04:00,2023-11-03 11:15:00-04:00,210.09,206.07,VAH,219.57,52w_high,223.68,2.38,2.35,vwap_reclaim,70.5,0.52,3,2023-12-08 15:45:00-05:00,lrc_break,"[('2023-12-08 15:45:00-05:00', 1.0, 214.27, 'lrc_break')]",25,0.9870199004975116,0.018886286829454077,95,376.9429000000007
HII,XLI,Improving,2023-11-17,2023-11-20 09:45:00-05:00,2023-11-20 10:00:00-05:00,223.21,219.04,POC,231.37,LRC_upper,234.89,2.04,2.12,vwap_reclaim,72.9,0.67,3,2024-01-05 15:45:00-05:00,lrc_break,"[('2024-01-05 15:45:00-05:00', 1.0, 238.66, 'lrc_break')]",32,3.6496558752997434,0.06818272030822986,89,1354.496784999999
DRI,XLY,Improving,2023-11-27,2023-11-29 11:45:00-05:00,2023-11-29 12:00:00-05:00,142.37,139.66,swing_low,147.95,LRC_upper,151.44,2.06,1.16,vwap_reclaim,61.1,0.52,3,2023-12-15 09:30:00-05:00,trail,"[('2023-12-15 09:30:00-05:00', 1.0, 142.25, 'trail')]",12,-0.09679335793358072,-0.001842452763925016,141,-36.985710000000644
AES,XLU,Improving,2023-11-28,2023-11-29 12:45:00-05:00,2023-11-29 13:00:00-05:00,15.04,14.63,POC,15.9,swing_high,16.55,2.1,1.08,vwap_reclaim,49.9,0.26,2,2023-12-20 15:45:00-05:00,lrc_break,"[('2023-12-20 15:45:00-05:00', 1.0, 16.04, 'lrc_break')]",16,2.4011219512195217,0.0654561170212766,1337,1316.2230200000001
GD,XLI,Improving,2023-11-28,2023-11-29 15:30:00-05:00,2023-11-29 15:45:00-05:00,231.89,230.16,POC,235.94,swing_high,248.12,2.32,1.24,level_bounce,66.3,0.77,2,2024-01-05 15:45:00-05:00,lrc_break,"[('2024-01-05 15:45:00-05:00', 1.0, 240.67, 'lrc_break')]",26,4.938566473988469,0.03684384837638536,86,734.7599200000002
MLM,XLB,Improving,2023-12-08,2023-12-11 11:15:00-05:00,2023-12-11 11:30:00-05:00,463.65,455.37,POC,486.88,LRC_upper,493.72,2.8,2.36,level_bounce,70.6,0.69,2,2024-01-03 15:45:00-05:00,lrc_break,"[('2024-01-03 15:45:00-05:00', 1.0, 474.85, 'lrc_break')]",16,1.295984299516918,0.023144074193896354,43,461.42225000000195
CLX,XLP,Improving,2023-12-08,2023-12-11 11:45:00-05:00,2023-12-11 12:00:00-05:00,126.84,125.51,swing_low,130.39,swing_high,138.33,2.7,1.14,level_bounce,62.7,0.64,3,2023-12-11 12:30:00-05:00,stop,"[('2023-12-11 12:30:00-05:00', 1.0, 125.51, 'stop')]",0,-1.0948684210526316,-0.011480408388520958,3,-4.3685249999999956
ECL,XLB,Improving,2023-12-11,2023-12-12 09:45:00-05:00,2023-12-12 10:00:00-05:00,187.83,183.94,POC,197.72,LRC_upper,201.35,2.52,1.84,level_bounce,75.4,0.75,3,2024-01-03 15:45:00-05:00,lrc_break,"[('2024-01-03 15:45:00-05:00', 1.0, 190.7, 'lrc_break')]",15,0.68913496143958,0.014272134376829986,2,5.361469999999953
DGX,XLV,Improving,2023-12-14,2023-12-15 12:45:00-05:00,2023-12-15 13:00:00-05:00,128.98,127.63,POC,133.8,swing_high,136.82,3.35,3.08,vwap_reclaim,73.6,0.86,3,2023-12-15 15:45:00-05:00,lrc_break,"[('2023-12-15 15:45:00-05:00', 1.0, 128.05, 'lrc_break')]",1,-0.7840851851851725,-0.008206815010078914,155,-164.06982499999665
AWK,XLU,Improving,2023-12-15,2023-12-18 10:45:00-05:00,2023-12-18 11:00:00-05:00,122.58,121.27,VAL,132.0,swing_high,135.62,7.07,1.02,level_bounce,69.2,0.77,2,2024-01-17 09:30:00-05:00,stop,"[('2024-01-17 09:30:00-05:00', 1.0, 120.57, 'stop')]",19,-1.6271564885496195,-0.017389255996084232,162,-345.3151500000008
BSX,XLV,Improving,2023-12-18,2023-12-21 09:45:00-05:00,2023-12-21 10:00:00-05:00,55.35,54.69,swing_low,56.9,52w_high,58.75,2.35,1.02,level_bounce,69.8,0.76,3,2024-02-20 15:45:00-05:00,time,"[('2024-02-20 15:45:00-05:00', 1.0, 66.23, 'time')]",40,16.392742424242336,0.19546901535682026,375,4057.2037500000006
ABBV,XLV,Improving,2023-12-28,2023-12-29 11:30:00-05:00,2023-12-29 11:45:00-05:00,141.08,139.34,POC,146.35,LRC_upper,147.93,3.03,1.01,vwap_reclaim,62.4,0.37,3,2024-01-29 15:45:00-05:00,lrc_break,"[('2024-01-29 15:45:00-05:00', 1.0, 150.71, 'lrc_break')]",20,5.450635057471233,0.0672250141763538,4,37.936419999999984
CMCSA,XLC,Improving,2023-12-28,2024-01-02 10:15:00-05:00,2024-01-02 10:30:00-05:00,37.22,36.67,swing_low,38.62,LRC_upper,39.77,2.48,1.42,level_bounce,47.1,0.27,2,2024-01-04 09:30:00-05:00,stop,"[('2024-01-04 09:30:00-05:00', 1.0, 36.67, 'stop')]",2,-1.0671727272727276,-0.015769613111230447,3,-1.7608349999999915
DXCM,XLV,Improving,2024-01-02,2024-01-04 10:30:00-05:00,2024-01-04 10:45:00-05:00,122.7569,117.52,POC,137.83,LRC_upper,143.4,2.85,1.55,level_bounce,85.8,0.93,3,2024-01-04 15:45:00-05:00,lrc_break,"[('2024-01-04 15:45:00-05:00', 1.0, 121.83, 'lrc_break')]",1,-0.20034628310641833,-0.008546920376777218,170,-178.36288650000057
CVX,XLE,Improving,2024-01-04,2024-01-05 13:30:00-05:00,2024-01-05 13:45:00-05:00,134.31,132.15,swing_low,138.94,LRC_upper,143.2,2.14,1.16,level_bounce,41.1,0.13,2,2024-01-08 09:30:00-05:00,stop,"[('2024-01-08 09:30:00-05:00', 1.0, 132.15, 'stop')]",1,-1.0616805555555557,-0.017074156801429503,154,-353.15741999999943
DTE,XLU,Improving,2024-01-04,2024-01-05 15:30:00-05:00,2024-01-05 15:45:00-05:00,100.49,98.83,swing_low,103.9,swing_high,105.67,2.11,1.01,vwap_reclaim,70.7,0.92,2,2024-01-11 10:00:00-05:00,stop,"[('2024-01-11 10:00:00-05:00', 1.0, 98.83, 'stop')]",4,-1.0600361445783135,-0.017510797094238202,208,-366.0092799999993
CNP,XLU,Improving,2024-01-05,2024-01-08 10:00:00-05:00,2024-01-08 10:15:00-05:00,27.31,26.87,POC,28.29,LRC_upper,28.92,2.23,1.4,level_bounce,65.4,0.71,2,2024-01-11 10:00:00-05:00,stop,"[('2024-01-11 10:00:00-05:00', 1.0, 26.87, 'stop')]",3,-1.0615681818181821,-0.017103258879531225,766,-357.7909399999982
KMI,XLE,Improving,2024-01-05,2024-01-08 10:30:00-05:00,2024-01-08 10:45:00-05:00,15.76,15.63,VAH,16.3,LRC_upper,16.52,4.15,1.27,level_bounce,68.6,0.84,2,2024-01-11 12:15:00-05:00,stop,"[('2024-01-11 12:15:00-05:00', 1.0, 15.63, 'stop')]",3,-1.1207307692307702,-0.00924460659898471,1298,-189.1121099999987
COST,XLP,Improving,2024-01-10,2024-01-11 12:30:00-05:00,2024-01-11 12:45:00-05:00,660.38,654.15,VAH,687.42,LRC_upper,695.73,4.29,1.13,vwap_reclaim,84.6,0.92,3,2024-03-08 09:30:00-05:00,trail,"[('2024-03-08 09:30:00-05:00', 1.0, 745.57, 'trail')]",39,13.56132022471907,0.1279369832520671,31,2619.0977750000015
DUK,XLU,Improving,2024-01-10,2024-01-11 14:15:00-05:00,2024-01-11 14:30:00-05:00,88.03,87.21,POC,91.85,52w_high,94.35,4.66,1.21,level_bounce,73.3,0.92,3,2024-01-11 15:45:00-05:00,lrc_break,"[('2024-01-11 15:45:00-05:00', 1.0, 87.77, 'lrc_break')]",1,-0.4242682926829292,-0.003952061797114678,237,-82.45230000000122
CNP,XLU,Improving,2024-01-12,2024-01-16 10:15:00-05:00,2024-01-16 10:30:00-05:00,26.57,26.29,VAL,27.3,swing_high,28.41,2.48,1.82,level_bounce,58.6,0.64,2,2024-01-17 11:30:00-05:00,stop,"[('2024-01-17 11:30:00-05:00', 1.0, 26.29, 'stop')]",1,-1.0943928571428567,-0.011532931878058003,788,-241.4668400000009
ATO,XLU,Improving,2024-01-12,2024-01-16 10:30:00-05:00,2024-01-16 10:45:00-05:00,108.27,107.18,POC,111.36,swing_high,115.75,2.7,1.78,level_bounce,73.0,0.82,3,2024-01-16 14:30:00-05:00,stop,"[('2024-01-16 14:30:00-05:00', 1.0, 107.18, 'stop')]",0,-1.0988302752293588,-0.01106239032049496,183,-219.18367499999803
KDP,XLP,Improving,2024-01-11,2024-01-16 11:00:00-05:00,2024-01-16 11:15:00-05:00,29.55,29.26,VAL,30.21,swing_high,31.21,2.28,2.49,vwap_reclaim,56.8,0.57,2,2024-01-18 09:30:00-05:00,stop,"[('2024-01-18 09:30:00-05:00', 1.0, 29.26, 'stop')]",2,-1.1013965517241382,-0.010808967851099803,2,-0.6388099999999982
ED,XLU,Improving,2024-01-16,2024-01-17 14:15:00-05:00,2024-01-17 14:30:00-05:00,82.43,81.71,POC,86.29,swing_high,89.56,5.36,1.32,level_bounce,50.5,0.38,2,2024-01-18 09:45:00-05:00,stop,"[('2024-01-18 09:45:00-05:00', 1.0, 81.71, 'stop')]",1,-1.113986111111109,-0.009730316632294225,252,-202.12164000000328
MPC,XLE,Improving,2024-01-11,2024-01-17 14:15:00-05:00,2024-01-17 14:30:00-05:00,145.12,142.9,POC,153.83,52w_high,158.2,3.95,1.18,level_bounce,44.1,0.17,2,2024-01-18 09:30:00-05:00,stop,"[('2024-01-18 09:30:00-05:00', 1.0, 142.9, 'stop')]",1,-1.0648693693693696,-0.016290035832414545,143,-338.0534299999998
MDLZ,XLP,Improving,2024-01-17,2024-01-18 14:15:00-05:00,2024-01-18 14:30:00-05:00,67.63,66.84,swing_low,69.22,swing_high,71.68,2.01,1.29,vwap_reclaim,70.4,0.73,3,2024-01-31 09:30:00-05:00,trail,"[('2024-01-31 09:30:00-05:00', 1.0, 68.28, 'trail')]",9,0.7367658227848247,0.008606313766080226,306,178.10577000000174
DLTR,XLP,Improving,2024-01-18,2024-01-19 13:15:00-05:00,2024-01-19 13:30:00-05:00,130.675,127.38,AVWAP,139.1,swing_high,145.09,2.56,1.58,vwap_reclaim,73.3,0.84,3,2024-01-19 15:45:00-05:00,lrc_break,"[('2024-01-19 15:45:00-05:00', 1.0, 130.51, 'lrc_break')]",1,-0.08970940819423946,-0.0022620432370386106,158,-46.70361500000324
KO,XLP,Improving,2024-02-05,2024-02-06 11:00:00-05:00,2024-02-06 11:15:00-05:00,55.39,54.98,AVWAP,56.66,LRC_upper,58.7,3.0,1.49,level_bounce,64.2,0.58,3,2024-02-08 13:30:00-05:00,stop,"[('2024-02-08 13:30:00-05:00', 1.0, 54.98, 'stop')]",2,-1.1345975609756085,-0.008398357104170494,382,-177.70067000000142
DG,XLP,Improving,2024-02-05,2024-02-06 14:00:00-05:00,2024-02-06 14:15:00-05:00,127.01,124.55,VAL,132.57,swing_high,147.93,2.21,1.0,level_bounce,54.4,0.38,2,2024-02-13 10:00:00-05:00,stop,"[('2024-02-13 10:00:00-05:00', 1.0, 124.55, 'stop')]",5,-1.0511300813008126,-0.02035886938036381,166,-429.2394800000013
EXPD,XLI,Improving,2024-02-07,2024-02-08 14:30:00-05:00,2024-02-08 14:45:00-05:00,122.64,120.3,VAL,127.38,52w_high,131.0,2.08,1.07,vwap_reclaim,53.8,0.51,2,2024-02-20 09:30:00-05:00,stop,"[('2024-02-20 09:30:00-05:00', 1.0, 114.28, 'stop')]",7,-3.623273504273499,-0.0691329093281148,173,-1466.7735799999998
LEN,XLY,Improving,2024-02-08,2024-02-09 10:15:00-05:00,2024-02-09 10:30:00-05:00,134.03,132.07,POC,145.22,LRC_upper,147.7,6.19,2.05,level_bounce,79.4,0.62,3,2024-02-13 09:30:00-05:00,stop,"[('2024-02-13 09:30:00-05:00', 1.0, 132.07, 'stop')]",2,-1.0678826530612242,-0.015616279937327523,131,-274.189550000001
ILMN,XLV,Improving,2024-02-12,2024-02-13 11:00:00-05:00,2024-02-13 11:15:00-05:00,131.06,126.92,AVWAP,143.44,swing_high,157.71,3.02,1.16,level_bounce,68.3,0.63,3,2024-02-13 14:45:00-05:00,stop,"[('2024-02-13 14:45:00-05:00', 1.0, 126.92, 'stop')]",0,-1.0311570048309178,-0.03257279108805128,161,-687.30739
EXE,XLE,Improving,2024-02-12,2024-02-13 11:00:00-05:00,2024-02-13 11:15:00-05:00,71.06,69.66,swing_low,74.64,LRC_upper,77.01,2.61,1.54,level_bounce,34.0,0.01,2,2024-02-14 10:30:00-05:00,stop,"[('2024-02-14 10:30:00-05:00', 1.0, 69.66, 'stop')]",1,-1.0502571428571426,-0.020691809738249446,237,-348.4753200000013
EXPE,XLY,Improving,2024-02-13,2024-02-14 13:30:00-05:00,2024-02-14 13:45:00-05:00,133.93,128.26,AVWAP,147.89,swing_high,157.86,2.47,1.19,level_bounce,54.5,0.03,3,2024-02-14 15:45:00-05:00,lrc_break,"[('2024-02-14 15:45:00-05:00', 1.0, 133.01, 'lrc_break')]",1,-0.18579717813051375,-0.007865825431195518,155,-163.28785000000246
DRI,XLY,Improving,2024-02-13,2024-02-14 15:00:00-05:00,2024-02-14 15:15:00-05:00,148.37,145.73,swing_low,155.0,swing_high,159.02,2.55,1.04,vwap_reclaim,54.8,0.32,3,2024-03-21 09:30:00-04:00,trail,"[('2024-03-21 09:30:00-04:00', 1.0, 152.01, 'trail')]",25,1.3218977272727148,0.023520994810271527,108,376.89947999999856
CPRT,XLI,Improving,2024-02-13,2024-02-14 15:00:00-05:00,2024-02-14 15:15:00-05:00,49.04,48.55,POC,51.38,LRC_upper,52.06,4.78,1.11,vwap_reclaim,46.5,0.12,2,2024-02-20 09:45:00-05:00,stop,"[('2024-02-20 09:45:00-05:00', 1.0, 48.55, 'stop')]",3,-1.099581632653061,-0.010986847471451917,2,-1.077590000000004
AOS,XLI,Improving,2024-02-14,2024-02-15 13:30:00-05:00,2024-02-15 13:45:00-05:00,76.69,75.32,swing_low,79.38,LRC_upper,81.34,2.05,1.12,level_bounce,40.7,0.09,2,2024-02-20 10:00:00-05:00,stop,"[('2024-02-20 10:00:00-05:00', 1.0, 75.3, 'stop')]",2,-1.0700693430656902,-0.01911585604381276,269,-394.35265500000014
EXE,XLE,Improving,2024-02-16,2024-02-20 10:00:00-05:00,2024-02-20 10:15:00-05:00,72.92,71.48,swing_low,77.01,swing_high,80.14,2.84,1.5,level_bounce,49.4,0.08,3,2024-04-11 15:45:00-04:00,lrc_break,"[('2024-04-11 15:45:00-04:00', 1.0, 82.0, 'lrc_break')]",37,6.251763888888897,0.12345776193088313,282,2538.7162799999996
DASH,XLY,Improving,2024-02-16,2024-02-20 12:30:00-05:00,2024-02-20 12:45:00-05:00,112.3,108.8,AVWAP,123.4,LRC_upper,130.61,3.15,1.51,vwap_reclaim,69.2,0.68,3,2024-04-04 15:45:00-04:00,lrc_break,"[('2024-04-04 15:45:00-04:00', 1.0, 134.56, 'lrc_break')]",32,6.324734285714287,0.19711994657168305,173,3829.626610000001
ABNB,XLY,Improving,2024-02-20,2024-02-21 14:00:00-05:00,2024-02-21 14:15:00-05:00,148.42,143.88,AVWAP,157.96,LRC_upper,162.23,2.07,1.16,level_bounce,54.4,0.29,2,2024-04-02 15:45:00-04:00,lrc_break,"[('2024-04-02 15:45:00-04:00', 1.0, 160.09, 'lrc_break')]",29,2.5365077092511092,0.07758890311278815,139,1600.6885550000022
CEG,XLU,Improving,2024-02-22,2024-02-23 12:15:00-05:00,2024-02-23 12:30:00-05:00,130.08,128.57,POC,135.83,LRC_upper,138.41,3.71,2.33,vwap_reclaim,65.6,0.61,3,2024-03-08 11:00:00-05:00,trail,"[('2024-03-08 11:00:00-05:00', 1.0, 168.28, 'trail')]",10,25.199218543046026,0.29251860393603923,32,1217.6262399999996
CINF,XLF,Improving,2024-03-04,2024-03-05 11:45:00-05:00,2024-03-05 12:00:00-05:00,105.43,103.15,swing_low,110.74,LRC_upper,112.9,2.3,1.18,vwap_reclaim,71.4,0.71,3,2024-04-11 15:45:00-04:00,lrc_break,"[('2024-04-11 15:45:00-04:00', 1.0, 112.36, 'lrc_break')]",27,2.9917127192982407,0.064697951247273,1,6.821104999999992
AVGO,XLK,Improving,2024-03-11,2024-03-12 09:45:00-04:00,2024-03-12 10:00:00-04:00,125.91,120.23,AVWAP,139.86,52w_high,145.39,2.49,1.05,vwap_reclaim,77.1,0.84,2,2024-03-12 15:45:00-04:00,lrc_break,"[('2024-03-12 15:45:00-04:00', 1.0, 125.53, 'lrc_break')]",1,-0.08903521126760496,-0.004016519736319558,178,-90.01815999999918
KEYS,XLK,Improving,2024-03-11,2024-03-12 10:45:00-04:00,2024-03-12 11:00:00-04:00,152.71,149.37,VAL,159.92,swing_high,172.72,2.16,1.08,vwap_reclaim,50.7,0.01,3,2024-03-15 13:15:00-04:00,stop,"[('2024-03-15 13:15:00-04:00', 1.0, 149.37, 'stop')]",3,-1.0452215568862275,-0.02286058542335147,39,-136.15056000000013
IT,XLK,Improving,2024-03-12,2024-03-13 11:15:00-04:00,2024-03-13 11:30:00-04:00,472.63,468.02,POC,488.3,LRC_upper,496.44,3.13,1.18,vwap_reclaim,48.1,0.34,2,2024-03-15 09:30:00-04:00,stop,"[('2024-03-15 09:30:00-04:00', 1.0, 465.84, 'stop')]",2,-1.57467136659436,-0.015359234496329097,47,-341.184045000001
KLAC,XLK,Improving,2024-03-12,2024-03-13 13:00:00-04:00,2024-03-13 13:15:00-04:00,67.67,66.67,POC,71.55,52w_high,73.39,3.65,1.08,vwap_reclaim,80.3,0.89,3,2024-03-19 09:30:00-04:00,stop,"[('2024-03-19 09:30:00-04:00', 1.0, 66.47, 'stop')]",4,-1.2670700000000028,-0.018724250036944032,3,-3.8012100000000086
EL,XLP,Improving,2024-03-14,2024-03-15 10:30:00-04:00,2024-03-15 10:45:00-04:00,145.09,142.32,VAH,151.98,swing_high,244.65,2.51,1.19,vwap_reclaim,67.0,0.64,3,2024-03-18 09:30:00-04:00,stop,"[('2024-03-18 09:30:00-04:00', 1.0, 142.32, 'stop')]",1,-1.051879061371841,-0.02008205251912613,150,-437.0557500000015
CDW,XLK,Improving,2024-03-13,2024-03-15 13:00:00-04:00,2024-03-15 13:15:00-04:00,236.4,233.46,VAL,248.55,LRC_upper,254.09,4.0,1.73,vwap_reclaim,77.3,0.94,3,2024-03-15 15:45:00-04:00,lrc_break,"[('2024-03-15 15:45:00-04:00', 1.0, 236.0, 'lrc_break')]",1,-0.21639455782313133,-0.0026912013536379256,25,-15.905000000000141
DLTR,XLP,Improving,2024-03-15,2024-03-18 12:00:00-04:00,2024-03-18 12:15:00-04:00,127.535,123.0,swing_low,138.12,swing_high,145.09,2.32,1.36,level_bounce,47.8,0.26,2,2024-03-18 15:45:00-04:00,lrc_break,"[('2024-03-18 15:45:00-04:00', 1.0, 127.27, 'lrc_break')]",1,-0.08652756339581055,-0.00307682204884934,174,-68.2780350000001
DLR,XLRE,Improving,2024-03-18,2024-03-19 12:15:00-04:00,2024-03-19 12:30:00-04:00,130.42,127.6,swing_low,137.4,swing_high,142.11,2.49,2.64,vwap_reclaim,56.6,0.38,3,2024-03-25 10:15:00-04:00,stop,"[('2024-03-25 10:15:00-04:00', 1.0, 127.6, 'stop')]",4,-1.0457482269503549,-0.022611639319122783,171,-504.28070999999886
DIS,XLC,Improving,2024-03-19,2024-03-20 10:30:00-04:00,2024-03-20 10:45:00-04:00,111.71,108.87,POC,120.29,LRC_upper,122.81,2.99,3.81,vwap_reclaim,84.7,0.86,3,2024-04-12 09:30:00-04:00,trail,"[('2024-04-12 09:30:00-04:00', 1.0, 113.03, 'trail')]",16,0.4252218309859197,0.01081040193357808,45,54.343350000000335
MKC,XLP,Improving,2024-03-19,2024-03-20 15:15:00-04:00,2024-03-20 15:30:00-04:00,64.39,63.63,POC,66.51,LRC_upper,86.85,2.74,1.11,level_bounce,53.3,0.31,3,2024-03-21 09:30:00-04:00,stop,"[('2024-03-21 09:30:00-04:00', 1.0, 63.63, 'stop')]",1,-1.0842236842105266,-0.012797173474141917,1,-0.824009999999998
AEE,XLU,Improving,2024-03-20,2024-03-25 12:15:00-04:00,2024-03-25 12:30:00-04:00,66.37,65.46,POC,68.75,swing_high,72.15,2.62,1.68,vwap_reclaim,42.9,0.2,2,2024-04-12 15:45:00-04:00,lrc_break,"[('2024-04-12 15:45:00-04:00', 1.0, 66.6, 'lrc_break')]",14,0.1796868131867998,0.0024636884134396526,341,55.75861499999651
MNST,XLP,Improving,2024-03-22,2024-03-25 14:15:00-04:00,2024-03-25 14:30:00-04:00,29.66,29.35,POC,30.61,52w_high,31.15,3.2,1.37,vwap_reclaim,53.5,0.38,2,2024-04-01 10:15:00-04:00,stop,"[('2024-04-01 10:15:00-04:00', 1.0, 29.35, 'stop')]",4,-1.0951774193548391,-0.011446561024949384,526,-178.57962999999933
CVNA,XLY,Improving,2024-03-27,2024-03-28 14:30:00-04:00,2024-03-28 14:45:00-04:00,17.34,16.76,VAH,20.54,LRC_upper,21.84,5.41,1.58,level_bounce,76.2,0.89,2,2024-04-02 09:30:00-04:00,stop,"[('2024-04-02 09:30:00-04:00', 1.0, 16.76, 'stop')]",2,-1.0293965517241381,-0.03443194925028825,1,-0.5970499999999983
CHD,XLP,Improving,2024-03-28,2024-04-01 11:15:00-04:00,2024-04-01 11:30:00-04:00,101.14,99.7,VAL,104.15,LRC_upper,105.67,2.03,1.22,vwap_reclaim,70.9,0.71,3,2024-04-04 14:15:00-04:00,stop,"[('2024-04-04 14:15:00-04:00', 1.0, 99.7, 'stop')]",3,-1.0697361111111112,-0.015230571485070177,152,-234.14383999999967
ADM,XLP,Improving,2024-04-01,2024-04-03 11:30:00-04:00,2024-04-03 11:45:00-04:00,57.35,55.72,VAH,60.87,LRC_upper,67.02,2.16,1.16,vwap_reclaim,47.3,0.38,2,2024-04-15 10:00:00-04:00,stop,"[('2024-04-15 10:00:00-04:00', 1.0, 55.72, 'stop')]",8,-1.0346840490797546,-0.029407759372275546,388,-654.3755800000009
HRL,XLP,Improving,2024-04-01,2024-04-03 14:45:00-04:00,2024-04-03 15:00:00-04:00,31.24,30.96,VAH,32.37,swing_high,33.7,4.04,1.08,level_bounce,68.7,0.66,3,2024-04-12 09:45:00-04:00,stop,"[('2024-04-12 09:45:00-04:00', 1.0, 30.96, 'stop')]",7,-1.1110714285714296,-0.00995838668373872,1,-0.3110999999999976
GRMN,XLY,Improving,2024-04-03,2024-04-05 09:45:00-04:00,2024-04-05 10:00:00-04:00,140.0,138.72,VAL,143.06,swing_high,153.34,2.47,1.23,level_bounce,76.2,0.86,3,2024-04-10 15:45:00-04:00,lrc_break,"[('2024-04-10 15:45:00-04:00', 1.0, 140.18, 'lrc_break')]",4,0.031179687500005285,0.00028507142857147716,161,6.425510000001097
F,XLY,Improving,2024-04-04,2024-04-05 11:30:00-04:00,2024-04-05 11:45:00-04:00,11.42,11.17,VAH,11.95,LRC_upper,12.64,2.0,1.49,vwap_reclaim,71.5,0.65,3,2024-04-11 10:15:00-04:00,stop,"[('2024-04-11 10:15:00-04:00', 1.0, 11.17, 'stop')]",4,-1.04518,-0.022880472854640982,1390,-363.20005
MAA,XLRE,Improving,2024-04-10,2024-04-11 11:45:00-04:00,2024-04-11 12:00:00-04:00,118.27,116.57,POC,122.3,swing_high,138.0,2.22,1.2,vwap_reclaim,53.1,0.34,3,2024-04-12 12:30:00-04:00,stop,"[('2024-04-12 12:30:00-04:00', 1.0, 116.57, 'stop')]",1,-1.069070588235294,-0.015366703305994782,190,-345.30980000000056
INVH,XLRE,Improving,2024-04-10,2024-04-11 12:15:00-04:00,2024-04-11 12:30:00-04:00,31.36,30.97,VAL,32.41,52w_high,33.14,2.69,1.09,vwap_reclaim,59.7,0.75,2,2024-04-12 10:00:00-04:00,stop,"[('2024-04-12 10:00:00-04:00', 1.0, 30.97, 'stop')]",1,-1.0799102564102563,-0.013430006377551039,497,-209.31900500000026
AVGO,XLK,Improving,2024-04-12,2024-04-16 11:15:00-04:00,2024-04-16 11:30:00-04:00,129.23,126.66,swing_low,137.1,swing_high,141.71,3.06,1.04,level_bounce,56.5,0.39,2,2024-04-17 12:30:00-04:00,stop,"[('2024-04-17 12:30:00-04:00', 1.0, 126.66, 'stop')]",1,-1.0497840466926072,-0.02087707962547391,170,-458.65064999999885
DELL,XLK,Improving,2024-04-18,2024-04-22 13:30:00-04:00,2024-04-22 13:45:00-04:00,111.77,108.6,POC,126.19,swing_high,140.98,4.58,1.18,level_bounce,72.2,0.71,2,2024-05-31 09:30:00-04:00,trail,"[('2024-05-31 09:30:00-04:00', 1.0, 138.99, 'trail')]",28,8.547198738170346,0.24241406459694026,196,5310.545520000003
HCA,XLV,Improving,2024-04-24,2024-04-25 11:45:00-04:00,2024-04-25 12:00:00-04:00,309.61,303.95,VAL,322.96,swing_high,335.95,2.28,2.6,vwap_reclaim,46.3,0.13,2,2024-04-26 09:30:00-04:00,stop,"[('2024-04-26 09:30:00-04:00', 1.0, 291.92, 'stop')]",1,-3.178580388692565,-0.05810782920448304,71,-1277.3443149999998
ALGN,XLV,Improving,2024-04-24,2024-04-29 12:00:00-04:00,2024-04-29 12:15:00-04:00,310.49,303.19,swing_low,332.34,swing_high,413.2,2.96,1.68,vwap_reclaim,49.2,0.05,2,2024-04-30 09:30:00-04:00,stop,"[('2024-04-30 09:30:00-04:00', 1.0, 300.0, 'stop')]",1,-1.4788006849315056,-0.03476841444168897,70,-755.6671500000007
COR,XLV,Improving,2024-04-29,2024-04-30 13:45:00-04:00,2024-04-30 14:00:00-04:00,234.25,232.56,POC,240.15,swing_high,242.69,3.52,1.57,level_bounce,49.2,0.16,2,2024-05-01 09:30:00-04:00,stop,"[('2024-05-01 09:30:00-04:00', 1.0, 224.54, 'stop')]",1,-5.88129881656806,-0.04243071504802565,93,-924.3637350000007
CVNA,XLY,Improving,2024-04-29,2024-04-30 14:30:00-04:00,2024-04-30 14:45:00-04:00,16.5,15.91,swing_low,18.1,swing_high,20.14,2.71,1.59,level_bounce,51.9,0.12,2,2024-05-28 09:30:00-04:00,trail,"[('2024-05-28 09:30:00-04:00', 1.0, 21.54, 'trail')]",19,8.510135593220346,0.30430181818181834,1332,6687.94536
A,XLV,Improving,2024-04-29,2024-05-02 14:00:00-04:00,2024-05-02 14:15:00-04:00,135.65,132.42,AVWAP,144.87,swing_high,148.71,2.9,1.23,vwap_reclaim,41.3,0.0,2,2024-05-30 09:30:00-04:00,trail,"[('2024-05-30 09:30:00-04:00', 1.0, 123.13, 'trail')]",19,-3.9162198142414675,-0.0932502027276079,160,-2023.9024000000018
HCA,XLV,Improving,2024-04-29,2024-05-02 15:15:00-04:00,2024-05-02 15:30:00-04:00,304.2,299.82,AVWAP,322.96,swing_high,332.49,4.25,1.39,level_bounce,47.8,0.01,2,2024-06-28 15:30:00-04:00,trail,"[('2024-06-28 15:30:00-04:00', 1.0, 314.3, 'trail')]",39,2.235331050228318,0.03218523997370159,71,695.1432500000017
FSLR,XLK,Improving,2024-05-03,2024-05-06 10:45:00-04:00,2024-05-06 11:00:00-04:00,195.42,180.26,VAH,232.0,52w_high,243.29,2.42,1.58,vwap_reclaim,78.0,0.74,2,2024-06-14 11:45:00-04:00,trail,"[('2024-06-14 11:45:00-04:00', 1.0, 278.52, 'trail')]",28,5.465899076517155,0.4240253300583362,78,6463.316339999999
MCHP,XLK,Improving,2024-05-07,2024-05-08 14:00:00-04:00,2024-05-08 14:15:00-04:00,85.35,83.81,AVWAP,89.43,LRC_upper,91.89,2.7,2.45,level_bounce,44.5,0.09,2,2024-06-14 09:45:00-04:00,trail,"[('2024-06-14 09:45:00-04:00', 1.0, 85.62, 'trail')]",26,0.11981493506494233,0.0021618629173990656,50,9.225750000000513
HUM,XLV,Improving,2024-05-24,2024-05-28 13:15:00-04:00,2024-05-28 13:30:00-04:00,339.01,331.56,swing_low,357.18,LRC_upper,371.09,2.44,2.14,vwap_reclaim,41.7,0.01,2,2024-05-29 09:30:00-04:00,stop,"[('2024-05-29 09:30:00-04:00', 1.0, 331.56, 'stop')]",1,-1.0450046979865772,-0.022964765051178396,77,-599.4669449999991
MCK,XLV,Improving,2024-05-23,2024-05-29 10:00:00-04:00,2024-05-29 10:15:00-04:00,546.14,540.49,swing_low,562.06,LRC_upper,573.65,2.78,1.27,vwap_reclaim,52.8,0.44,2,2024-06-28 15:45:00-04:00,lrc_break,"[('2024-06-28 15:45:00-04:00', 1.0, 578.51, 'lrc_break')]",22,5.629676991150466,0.058240881458966574,48,1526.7684000000002
ECHO,XLC,Improving,2024-05-31,2024-06-03 09:45:00-04:00,2024-06-03 10:00:00-04:00,19.37,18.52,VAH,24.8,52w_high,25.48,7.0,3.68,vwap_reclaim,89.8,0.86,3,2024-06-10 09:30:00-04:00,stop,"[('2024-06-10 09:30:00-04:00', 1.0, 18.52, 'stop')]",5,-1.0222882352941176,-0.04486035105833771,1293,-1123.5458850000018
CCI,XLRE,Improving,2024-06-07,2024-06-10 11:30:00-04:00,2024-06-10 11:45:00-04:00,87.59,86.69,POC,91.34,swing_high,93.26,4.34,1.2,vwap_reclaim,40.1,0.04,2,2024-06-13 10:30:00-04:00,stop,"[('2024-06-13 10:30:00-04:00', 1.0, 86.69, 'stop')]",3,-1.0968222222222217,-0.011270007991779948,283,-279.3606200000016
GRMN,XLY,Improving,2024-06-07,2024-06-10 13:30:00-04:00,2024-06-10 13:45:00-04:00,155.38,154.16,VAL,164.46,swing_high,178.23,7.8,1.18,vwap_reclaim,66.8,0.57,2,2024-06-11 09:30:00-04:00,stop,"[('2024-06-11 09:30:00-04:00', 1.0, 154.16, 'stop')]",1,-1.126860655737705,-0.008847792508688371,147,-202.09118999999984
DPZ,XLY,Improving,2024-06-10,2024-06-11 10:45:00-04:00,2024-06-11 11:00:00-04:00,502.99,496.37,VAH,519.89,52w_high,527.89,2.49,1.5,level_bounce,58.2,0.37,2,2024-06-21 13:15:00-04:00,stop,"[('2024-06-21 13:15:00-04:00', 1.0, 496.37, 'stop')]",7,-1.0754803625377642,-0.014154714805463337,45,-320.3856000000002
COO,XLV,Improving,2024-06-12,2024-06-13 12:15:00-04:00,2024-06-13 12:30:00-04:00,94.25,92.59,VAL,98.62,swing_high,103.4,2.55,1.15,vwap_reclaim,36.8,0.0,2,2024-06-17 09:30:00-04:00,stop,"[('2024-06-17 09:30:00-04:00', 1.0, 92.59, 'stop')]",2,-1.056277108433735,-0.018603925729442937,260,-455.8891999999991
FOX,XLC,Improving,2024-06-12,2024-06-14 12:00:00-04:00,2024-06-14 12:15:00-04:00,30.0,29.74,VAL,31.62,swing_high,32.15,6.52,1.47,vwap_reclaim,79.9,0.86,3,2024-06-14 15:45:00-04:00,lrc_break,"[('2024-06-14 15:45:00-04:00', 1.0, 30.09, 'lrc_break')]",1,0.2305961538461519,0.001998499999999995,834,50.00246999999989
CMG,XLY,Improving,2024-06-13,2024-06-14 13:45:00-04:00,2024-06-14 14:00:00-04:00,65.03,64.12,VAH,67.98,LRC_upper,69.17,3.11,1.21,vwap_reclaim,69.5,0.5,3,2024-06-20 12:00:00-04:00,trail,"[('2024-06-20 12:00:00-04:00', 1.0, 64.69, 'trail')]",3,-0.44490109890110435,-0.0062257419652468615,14,-5.6680400000000475
KIM,XLRE,Improving,2024-06-13,2024-06-14 14:15:00-04:00,2024-06-14 14:30:00-04:00,16.89,16.62,AVWAP,17.51,swing_high,18.49,2.3,1.1,vwap_reclaim,50.6,0.32,2,2024-08-12 15:45:00-04:00,time,"[('2024-08-12 15:45:00-04:00', 1.0, 19.65, 'time')]",40,10.154555555555564,0.1623285968028418,3,8.225189999999994
DVA,XLV,Improving,2024-06-14,2024-06-17 11:45:00-04:00,2024-06-17 12:00:00-04:00,140.47,138.16,AVWAP,145.04,swing_high,150.95,2.13,2.74,vwap_reclaim,57.7,0.64,2,2024-06-21 09:30:00-04:00,stop,"[('2024-06-21 09:30:00-04:00', 1.0, 138.16, 'stop')]",3,-1.0603095238095237,-0.017436570086139403,176,-431.0794400000004
FRT,XLRE,Improving,2024-06-13,2024-06-18 12:30:00-04:00,2024-06-18 12:45:00-04:00,91.61,90.19,VAL,95.5,LRC_upper,97.8,2.82,1.18,vwap_reclaim,38.6,0.0,2,2024-06-26 09:30:00-04:00,stop,"[('2024-06-26 09:30:00-04:00', 1.0, 90.19, 'stop')]",5,-1.0640140845070423,-0.016492740967143343,266,-401.89940000000047
CMG,XLY,Improving,2024-06-21,2024-06-24 12:15:00-04:00,2024-06-24 12:30:00-04:00,63.98,62.89,AVWAP,68.86,LRC_upper,70.18,4.69,1.11,vwap_reclaim,70.6,0.46,3,2024-06-26 09:30:00-04:00,stop,"[('2024-06-26 09:30:00-04:00', 1.0, 62.89, 'stop')]",2,-1.058197247706422,-0.01802805564238819,389,-448.6862149999986
DECK,XLY,Improving,2024-06-25,2024-06-26 15:30:00-04:00,2024-06-26 15:45:00-04:00,163.95,158.96,AVWAP,177.65,POC,184.48,2.66,1.03,vwap_reclaim,71.2,0.72,2,2024-07-01 09:45:00-04:00,stop,"[('2024-07-01 09:45:00-04:00', 1.0, 158.83, 'stop')]",3,-1.0583947895791577,-0.03221341872522096,150,-792.2084999999963
EBAY,XLY,Improving,2024-06-26,2024-06-27 11:15:00-04:00,2024-06-27 11:30:00-04:00,51.5,50.84,VAL,53.55,52w_high,54.65,3.11,2.11,level_bounce,68.1,0.7,3,2024-07-01 09:30:00-04:00,stop,"[('2024-07-01 09:30:00-04:00', 1.0, 50.84, 'stop')]",2,-1.0775303030303036,-0.013809126213592168,479,-340.6504299999984
DPZ,XLY,Improving,2024-06-26,2024-06-27 15:00:00-04:00,2024-06-27 15:15:00-04:00,495.89,490.38,AVWAP,517.83,swing_high,530.27,3.75,1.08,level_bounce,59.8,0.53,2,2024-07-01 09:45:00-04:00,stop,"[('2024-07-01 09:45:00-04:00', 1.0, 489.44, 'stop')]",2,-1.2600117967332123,-0.014000413398132627,43,-298.5345949999995
GRMN,XLY,Improving,2024-06-28,2024-07-01 09:45:00-04:00,2024-07-01 10:00:00-04:00,157.55,154.98,POC,164.46,swing_high,176.78,2.93,1.23,level_bounce,55.2,0.2,2,2024-07-02 09:30:00-04:00,stop,"[('2024-07-02 09:30:00-04:00', 1.0, 154.98, 'stop')]",1,-1.0608035019455246,-0.017304125674389218,152,-414.39228000000327
AMT,XLRE,Improving,2024-06-28,2024-07-01 12:15:00-04:00,2024-07-01 12:30:00-04:00,180.1,178.0,VAL,184.98,swing_high,192.05,2.31,1.09,level_bounce,67.8,0.78,3,2024-08-08 09:30:00-04:00,trail,"[('2024-08-08 09:30:00-04:00', 1.0, 207.56, 'trail')]",27,12.983890476190515,0.151394614103276,133,3626.400610000001
BRO,XLF,Improving,2024-06-28,2024-07-01 13:00:00-04:00,2024-07-01 13:15:00-04:00,87.61,86.87,swing_low,90.18,swing_high,92.19,3.41,4.61,vwap_reclaim,72.7,0.8,3,2024-07-01 15:45:00-04:00,lrc_break,"[('2024-07-01 15:45:00-04:00', 1.0, 87.64, 'lrc_break')]",1,-0.07787162162162063,-0.0006577445497089245,273,-15.731624999999692
DOC,XLRE,Improving,2024-06-28,2024-07-01 14:30:00-04:00,2024-07-01 14:45:00-04:00,16.84,16.49,AVWAP,17.59,swing_high,17.97,2.14,1.23,vwap_reclaim,51.5,0.38,2,2024-08-26 15:45:00-04:00,time,"[('2024-08-26 15:45:00-04:00', 1.0, 19.77, 'time')]",40,8.319128571428537,0.17290350356294537,1422,4140.430289999999
GM,XLY,Improving,2024-07-01,2024-07-02 11:15:00-04:00,2024-07-02 11:30:00-04:00,45.73,44.8,VAL,47.97,swing_high,48.85,2.37,1.18,vwap_reclaim,61.5,0.36,3,2024-07-23 09:45:00-04:00,trail,"[('2024-07-23 09:45:00-04:00', 1.0, 45.74, 'trail')]",14,-0.03842473118279785,-0.0007814345068883007,522,-18.65366999999733
ACGL,XLF,Improving,2024-07-01,2024-07-02 12:15:00-04:00,2024-07-02 12:30:00-04:00,94.99,93.78,VAL,98.48,swing_high,102.1,2.88,1.36,vwap_reclaim,58.2,0.55,2,2024-07-03 09:30:00-04:00,stop,"[('2024-07-03 09:30:00-04:00', 1.0, 93.78, 'stop')]",1,-1.0780041322314053,-0.013731813875144687,251,-327.40063499999843
IBKR,XLF,Improving,2024-07-02,2024-07-03 11:15:00-04:00,2024-07-03 11:30:00-04:00,31.09,30.48,VAH,32.56,LRC_upper,33.64,2.53,2.64,level_bounce,50.5,0.34,2,2024-07-05 09:30:00-04:00,stop,"[('2024-07-05 09:30:00-04:00', 1.0, 30.48, 'stop')]",1,-1.050467213114754,-0.020610646510131857,766,-490.8413099999995
BLK,XLF,Improving,2024-07-03,2024-07-05 12:15:00-04:00,2024-07-05 12:30:00-04:00,751.49,743.17,POC,770.29,swing_high,798.48,2.04,1.61,vwap_reclaim,49.6,0.14,3,2024-08-02 11:00:00-04:00,trail,"[('2024-08-02 11:00:00-04:00', 1.0, 804.17, 'trail')]",20,6.238241586538418,0.06906568284341767,31,1608.9672699999985
AFL,XLF,Improving,2024-07-01,2024-07-05 12:30:00-04:00,2024-07-05 12:45:00-04:00,84.76,83.93,swing_low,87.01,swing_high,88.09,2.71,1.07,vwap_reclaim,67.4,0.85,2,2024-08-02 11:15:00-04:00,trail,"[('2024-08-02 11:15:00-04:00', 1.0, 93.42, 'trail')]",20,10.326397590361463,0.10111974988201977,275,2357.000249999999
FOXA,XLC,Improving,2024-07-03,2024-07-05 13:30:00-04:00,2024-07-05 13:45:00-04:00,33.73,33.42,POC,35.02,LRC_upper,35.51,4.16,1.59,vwap_reclaim,72.8,0.71,3,2024-08-05 09:30:00-04:00,trail,"[('2024-08-05 09:30:00-04:00', 1.0, 35.74, 'trail')]",21,6.3718225806452775,0.058561073228580056,1,1.9752650000000052
IP,XLB,Improving,2024-07-22,2024-07-23 14:00:00-04:00,2024-07-23 14:15:00-04:00,41.78,40.81,VAH,45.25,LRC_upper,46.75,3.53,2.14,vwap_reclaim,65.0,0.31,3,2024-07-25 09:30:00-04:00,stop,"[('2024-07-25 09:30:00-04:00', 1.0, 40.64, 'stop')]",2,-1.217742268041239,-0.02827213977979896,571,-674.4709100000002
CHRW,XLI,Improving,2024-07-24,2024-07-25 11:00:00-04:00,2024-07-25 11:15:00-04:00,86.85,84.57,VAH,93.69,52w_high,95.38,3.0,2.08,vwap_reclaim,76.2,0.63,2,2024-07-31 09:30:00-04:00,stop,"[('2024-07-31 09:30:00-04:00', 1.0, 84.57, 'stop')]",4,-1.037592105263158,-0.027239032815198634,267,-631.6445700000003
ECHO,XLC,Improving,2024-07-31,2024-08-01 14:15:00-04:00,2024-08-01 14:30:00-04:00,19.57,19.15,VAL,21.06,LRC_upper,24.8,3.39,1.94,level_bounce,50.7,0.22,2,2024-08-02 09:30:00-04:00,stop,"[('2024-08-02 09:30:00-04:00', 1.0, 19.15, 'stop')]",1,-1.046095238095238,-0.02245068983137464,1152,-506.14272000000193
AAPL,XLK,Improving,2024-08-16,2024-08-19 14:15:00-04:00,2024-08-19 14:30:00-04:00,222.78,218.75,swing_low,234.99,swing_high,240.41,3.03,1.47,vwap_reclaim,59.7,0.19,3,2024-09-04 09:30:00-04:00,stop,"[('2024-09-04 09:30:00-04:00', 1.0, 218.75, 'stop')]",11,-1.0547803970223326,-0.019080550318700068,114,-484.58721000000014
IT,XLK,Improving,2024-08-20,2024-08-21 12:30:00-04:00,2024-08-21 12:45:00-04:00,480.4,469.25,swing_low,503.75,LRC_upper,518.36,2.19,1.69,vwap_reclaim,63.4,0.78,2,2024-10-16 15:45:00-04:00,time,"[('2024-10-16 15:45:00-04:00', 1.0, 531.17, 'time')]",40,4.508001345291487,0.10462992298084925,53,2664.0033949999993
FFIV,XLK,Improving,2024-08-20,2024-08-21 13:00:00-04:00,2024-08-21 13:15:00-04:00,196.67,194.47,POC,205.17,LRC_upper,209.07,3.71,1.14,level_bounce,74.0,0.77,3,2024-10-15 15:45:00-04:00,lrc_break,"[('2024-10-15 15:45:00-04:00', 1.0, 216.97, 'lrc_break')]",39,9.133263636363688,0.10216698022067429,129,2592.0202200000017
HD,XLY,Improving,2024-08-28,2024-08-29 10:15:00-04:00,2024-08-29 10:30:00-04:00,351.13,346.21,swing_low,363.86,LRC_upper,372.14,2.68,1.32,vwap_reclaim,63.3,0.36,3,2024-09-03 15:30:00-04:00,stop,"[('2024-09-03 15:30:00-04:00', 1.0, 346.21, 'stop')]",2,-1.0708678861788616,-0.015004898470651942,73,-384.61291000000114
DHI,XLY,Improving,2024-08-28,2024-08-30 14:00:00-04:00,2024-08-30 14:15:00-04:00,182.52,179.42,VAH,189.22,52w_high,203.3,2.18,1.01,vwap_reclaim,72.7,0.82,2,2024-09-03 15:30:00-04:00,stop,"[('2024-09-03 15:30:00-04:00', 1.0, 179.42, 'stop')]",1,-1.0583774193548383,-0.01797594784133258,142,-465.8977400000032
COHR,XLK,Improving,2024-08-29,2024-09-04 10:30:00-04:00,2024-09-04 10:45:00-04:00,72.56,70.06,AVWAP,84.5,LRC_upper,92.16,4.78,1.5,level_bounce,52.3,0.0,3,2024-09-06 11:30:00-04:00,stop,"[('2024-09-06 11:30:00-04:00', 1.0, 70.06, 'stop')]",2,-1.028524,-0.03543701764057332,351,-902.52981
LOW,XLY,Improving,2024-09-03,2024-09-04 15:15:00-04:00,2024-09-04 15:30:00-04:00,234.05,229.58,POC,243.24,swing_high,249.91,2.04,1.5,vwap_reclaim,70.0,0.7,3,2024-10-22 09:30:00-04:00,trail,"[('2024-10-22 09:30:00-04:00', 1.0, 257.94, 'trail')]",34,5.289486577181206,0.10102117069002343,108,2553.5525399999988
AKAM,XLK,Improving,2024-09-13,2024-09-16 11:45:00-04:00,2024-09-16 12:00:00-04:00,98.725,96.78,AVWAP,102.75,swing_high,105.89,2.05,1.94,vwap_reclaim,55.6,0.3,2,2024-10-31 11:00:00-04:00,trail,"[('2024-10-31 11:00:00-04:00', 1.0, 100.565, 'trail')]",33,0.894784061696663,0.01762831096480125,264,459.4537200000009
MA,XLF,Improving,2024-10-10,2024-10-11 09:45:00-04:00,2024-10-11 10:00:00-04:00,492.57,486.08,POC,510.45,LRC_upper,517.13,2.61,1.01,vwap_reclaim,81.2,0.87,3,2024-10-31 15:45:00-04:00,lrc_break,"[('2024-10-31 15:45:00-04:00', 1.0, 494.3, 'lrc_break')]",15,0.19053389830508727,0.0025104350650669307,48,59.355120000000866
ACGL,XLF,Improving,2024-10-10,2024-10-11 13:30:00-04:00,2024-10-11 13:45:00-04:00,108.99,105.38,VAL,117.51,LRC_upper,120.44,2.38,1.61,vwap_reclaim,73.0,0.7,2,2024-10-14 09:30:00-04:00,stop,"[('2024-10-14 09:30:00-04:00', 1.0, 105.38, 'stop')]",1,-1.029691135734072,-0.03410574364620607,2,-7.4343699999999995
AIZ,XLF,Improving,2024-10-11,2024-10-14 11:00:00-04:00,2024-10-14 11:15:00-04:00,186.25,182.46,VAL,194.72,swing_high,205.72,2.26,1.09,level_bounce,61.8,0.52,2,2024-12-09 15:45:00-05:00,time,"[('2024-12-09 15:45:00-05:00', 1.0, 213.13, 'time')]",40,7.039659630606874,0.1432499865771812,1,26.680309999999995
EOG,XLE,Improving,2024-10-15,2024-10-16 15:30:00-04:00,2024-10-16 15:45:00-04:00,119.59,116.43,AVWAP,126.53,swing_high,129.29,2.16,1.17,vwap_reclaim,50.3,0.06,3,2024-10-25 12:30:00-04:00,stop,"[('2024-10-25 12:30:00-04:00', 1.0, 116.43, 'stop')]",7,-1.0373449367088607,-0.027410402207542407,229,-750.6642899999991
EQT,XLE,Improving,2024-10-16,2024-10-21 15:15:00-04:00,2024-10-21 15:30:00-04:00,35.51,34.92,VAL,37.38,swing_high,40.51,3.17,1.61,vwap_reclaim,72.9,0.83,3,2024-10-23 09:30:00-04:00,stop,"[('2024-10-23 09:30:00-04:00', 1.0, 34.92, 'stop')]",2,-1.0596864406779665,-0.01760673049845104,778,-486.4172699999972
ARE,XLRE,Improving,2024-10-23,2024-10-24 10:30:00-04:00,2024-10-24 10:45:00-04:00,107.69,106.12,swing_low,111.4,swing_high,115.93,2.47,1.56,level_bounce,43.9,0.11,2,2024-10-24 11:15:00-04:00,stop,"[('2024-10-24 11:15:00-04:00', 1.0, 106.12, 'stop')]",0,-1.0680923566878984,-0.015571594391308322,250,-419.2262499999983
LIN,XLB,Improving,2024-10-23,2024-10-24 15:30:00-04:00,2024-10-24 15:45:00-04:00,462.38,457.1,VAL,474.88,52w_high,482.86,2.34,1.22,vwap_reclaim,63.4,0.57,3,2024-10-31 09:30:00-04:00,stop,"[('2024-10-31 09:30:00-04:00', 1.0, 443.18, 'stop')]",5,-3.7221174242424415,-0.042503525238980905,58,-1139.8612399999995
BXP,XLRE,Improving,2024-10-29,2024-10-30 13:00:00-04:00,2024-10-30 13:15:00-04:00,75.85,74.95,VAL,82.7,52w_high,86.85,7.61,2.94,level_bounce,77.9,0.91,3,2024-10-30 15:45:00-04:00,lrc_break,"[('2024-10-30 15:45:00-04:00', 1.0, 75.98, 'lrc_break')]",1,0.060094444444455754,0.0007130520764668381,352,19.037920000003407
BXP,XLRE,Improving,2024-10-31,2024-11-01 15:00:00-04:00,2024-11-01 15:15:00-04:00,73.03,71.82,swing_low,76.02,swing_high,80.19,2.47,1.38,level_bounce,68.6,0.83,2,2024-11-01 15:45:00-04:00,lrc_break,"[('2024-11-01 15:45:00-04:00', 1.0, 72.59, 'lrc_break')]",1,-0.42380991735536727,-0.007021908804600819,360,-184.61159999999919
MDT,XLV,Improving,2024-11-05,2024-11-08 12:00:00-05:00,2024-11-08 12:15:00-05:00,83.97,82.77,swing_low,87.68,swing_high,90.16,3.02,1.63,vwap_reclaim,45.3,0.23,2,2024-11-08 15:45:00-05:00,lrc_break,"[('2024-11-08 15:45:00-05:00', 1.0, 83.36, 'lrc_break')]",1,-0.5780541666666649,-0.008260866976301053,313,-217.11714499999982
MNST,XLP,Improving,2024-11-20,2024-11-21 11:45:00-05:00,2024-11-21 12:00:00-05:00,26.8,26.31,POC,28.35,swing_high,30.61,3.16,1.2,vwap_reclaim,64.1,0.52,2,2024-12-06 11:15:00-05:00,stop,"[('2024-12-06 11:15:00-05:00', 1.0, 26.31, 'stop')]",10,-1.0541938775510202,-0.019274440298507535,980,-506.223900000002
MCK,XLV,Improving,2024-11-27,2024-11-29 10:15:00-05:00,2024-11-29 10:30:00-05:00,622.02,606.83,POC,665.64,LRC_upper,679.98,2.92,1.56,vwap_reclaim,77.4,0.75,3,2024-12-04 12:30:00-05:00,stop,"[('2024-12-04 12:30:00-05:00', 1.0, 606.83, 'stop')]",3,-1.0404493087557605,-0.025408226423587574,42,-663.7858499999975
ETR,XLU,Improving,2024-11-29,2024-12-02 11:15:00-05:00,2024-12-02 11:30:00-05:00,73.89,72.73,VAH,76.65,LRC_upper,78.51,2.38,1.24,vwap_reclaim,72.6,0.87,2,2024-12-03 15:30:00-05:00,stop,"[('2024-12-03 15:30:00-05:00', 1.0, 72.73, 'stop')]",1,-1.063198275862069,-0.016691162538909142,357,-440.29166999999876
IRM,XLRE,Improving,2024-11-29,2024-12-02 15:15:00-05:00,2024-12-02 15:30:00-05:00,114.22,112.59,VAH,120.52,LRC_upper,123.87,3.61,3.5,vwap_reclaim,47.6,0.0,3,2024-12-04 09:45:00-05:00,stop,"[('2024-12-04 09:45:00-05:00', 1.0, 112.59, 'stop')]",2,-1.0695736196319021,-0.015263570302924141,231,-402.72655499999894
HUM,XLV,Improving,2024-12-02,2024-12-03 10:00:00-05:00,2024-12-03 10:15:00-05:00,285.93,278.38,POC,305.28,swing_high,316.38,2.57,1.11,level_bounce,37.9,0.03,2,2024-12-04 10:00:00-05:00,stop,"[('2024-12-04 10:00:00-05:00', 1.0, 278.38, 'stop')]",1,-1.0373715231788079,-0.027391861644458473,90,-704.893950000001
KR,XLP,Improving,2024-12-02,2024-12-03 12:30:00-05:00,2024-12-03 12:45:00-05:00,57.46,56.86,POC,59.33,LRC_upper,60.42,3.12,1.27,vwap_reclaim,60.7,0.67,2,2024-12-05 09:30:00-05:00,stop,"[('2024-12-05 09:30:00-05:00', 1.0, 56.57, 'stop')]",2,-1.5783583333333306,-0.0164812913331013,3,-2.841045000000002
FRT,XLRE,Improving,2024-12-03,2024-12-04 11:30:00-05:00,2024-12-04 11:45:00-05:00,105.17,103.75,swing_low,108.72,swing_high,110.42,2.6,4.52,vwap_reclaim,54.1,0.29,3,2024-12-10 10:15:00-05:00,stop,"[('2024-12-10 10:15:00-05:00', 1.0, 103.75, 'stop')]",4,-1.07356338028169,-0.014495198250451665,246,-375.0171600000004
INCY,XLV,Improving,2024-12-02,2024-12-04 12:00:00-05:00,2024-12-04 12:15:00-05:00,74.71,70.28,VAL,83.95,52w_high,86.91,2.11,1.14,vwap_reclaim,64.3,0.52,2,2024-12-13 09:30:00-05:00,stop,"[('2024-12-13 09:30:00-05:00', 1.0, 70.28, 'stop')]",7,-1.016364559819413,-0.06026629634587061,292,-1314.728539999998
ABT,XLV,Improving,2024-12-02,2024-12-04 13:45:00-05:00,2024-12-04 14:00:00-05:00,111.85,110.03,swing_low,116.03,swing_high,118.55,2.28,1.18,level_bounce,51.9,0.48,2,2024-12-09 09:45:00-05:00,stop,"[('2024-12-09 09:45:00-05:00', 1.0, 110.03, 'stop')]",3,-1.0609560439560441,-0.017263656683057606,231,-446.0471399999984
IP,XLB,Improving,2024-12-03,2024-12-04 14:00:00-05:00,2024-12-04 14:15:00-05:00,53.67,52.63,POC,55.95,swing_high,60.02,2.13,1.5,vwap_reclaim,73.0,0.77,3,2024-12-05 10:45:00-05:00,stop,"[('2024-12-05 10:45:00-05:00', 1.0, 52.63, 'stop')]",1,-1.0511057692307693,-0.020367989565865458,482,-526.8982999999996
ATO,XLU,Improving,2024-12-03,2024-12-04 14:00:00-05:00,2024-12-04 14:15:00-05:00,138.35,137.01,VAL,146.74,swing_high,150.11,6.21,1.21,level_bounce,70.0,0.7,3,2024-12-06 09:30:00-05:00,stop,"[('2024-12-06 09:30:00-05:00', 1.0, 137.01, 'stop')]",2,-1.1027462686567162,-0.010680737260571041,22,-32.50896000000007
EVRG,XLU,Improving,2024-12-04,2024-12-06 13:30:00-05:00,2024-12-06 13:45:00-05:00,59.22,58.15,VAL,61.42,swing_high,62.65,2.11,1.56,vwap_reclaim,62.8,0.56,3,2024-12-10 09:30:00-05:00,stop,"[('2024-12-10 09:30:00-05:00', 1.0, 58.15, 'stop')]",2,-1.0548457943925234,-0.01905918608578184,432,-487.59192000000013
GEN,XLK,Improving,2024-12-05,2024-12-06 15:00:00-05:00,2024-12-06 15:15:00-05:00,30.11,29.71,POC,31.27,LRC_upper,31.81,2.9,1.11,vwap_reclaim,75.4,0.77,3,2024-12-09 10:15:00-05:00,stop,"[('2024-12-09 10:15:00-05:00', 1.0, 29.71, 'stop')]",1,-1.0747750000000003,-0.014277980737296532,850,-365.4234999999988
DGX,XLV,Improving,2024-12-05,2024-12-06 15:30:00-05:00,2024-12-06 15:45:00-05:00,152.6,151.32,AVWAP,157.19,POC,160.16,3.52,6.13,vwap_reclaim,58.5,0.68,2,2024-12-11 10:15:00-05:00,stop,"[('2024-12-11 10:15:00-05:00', 1.0, 151.32, 'stop')]",3,-1.1187187499999998,-0.00938374836173002,20,-28.639200000000024
CPT,XLRE,Improving,2024-12-06,2024-12-09 10:15:00-05:00,2024-12-09 10:30:00-05:00,114.15,112.0,VAL,118.64,LRC_upper,120.69,2.09,1.59,vwap_reclaim,49.5,0.1,3,2024-12-13 14:15:00-05:00,stop,"[('2024-12-13 14:15:00-05:00', 1.0, 112.0, 'stop')]",4,-1.0525930232558138,-0.019825448970652696,223,-504.6657250000013
MAA,XLRE,Improving,2024-12-05,2024-12-09 11:30:00-05:00,2024-12-09 11:45:00-05:00,147.15,145.34,VAL,151.01,swing_high,153.75,2.36,1.41,vwap_reclaim,51.1,0.47,2,2024-12-13 14:45:00-05:00,stop,"[('2024-12-13 14:45:00-05:00', 1.0, 145.29, 'stop')]",4,-1.1084088397790117,-0.013633843017329348,171,-343.06362000000235
MO,XLP,Improving,2024-12-09,2024-12-10 09:45:00-05:00,2024-12-10 10:00:00-05:00,48.86,48.16,swing_low,50.66,swing_high,52.59,2.52,1.15,level_bounce,76.6,0.83,3,2024-12-11 11:30:00-05:00,stop,"[('2024-12-11 11:30:00-05:00', 1.0, 48.16, 'stop')]",1,-1.0692999999999997,-0.015319484240687738,517,-386.9796700000015
CHD,XLP,Improving,2024-12-05,2024-12-10 09:45:00-05:00,2024-12-10 10:00:00-05:00,104.02,103.06,AVWAP,111.0,swing_high,114.73,7.27,1.02,vwap_reclaim,55.1,0.63,2,2024-12-11 15:45:00-05:00,lrc_break,"[('2024-12-11 15:45:00-05:00', 1.0, 103.29, 'lrc_break')]",2,-0.8683906249999951,-0.008014372236108343,1,-0.8336549999999898
FTNT,XLK,Improving,2024-12-05,2024-12-10 10:15:00-05:00,2024-12-10 10:30:00-05:00,97.26,94.4,POC,104.54,LRC_upper,108.6,2.54,1.13,vwap_reclaim,75.1,0.73,3,2024-12-18 15:00:00-05:00,stop,"[('2024-12-18 15:00:00-05:00', 1.0, 94.4, 'stop')]",6,-1.033506993006993,-0.03039101377750359,258,-762.6041399999999
CAH,XLV,Improving,2024-12-09,2024-12-10 13:45:00-05:00,2024-12-10 14:00:00-05:00,118.5,116.36,AVWAP,123.52,swing_high,126.67,2.35,1.31,vwap_reclaim,61.8,0.73,2,2024-12-11 10:00:00-05:00,stop,"[('2024-12-11 10:00:00-05:00', 1.0, 116.36, 'stop')]",1,-1.054873831775701,-0.019050042194092832,3,-6.772290000000002
CLX,XLP,Improving,2024-12-10,2024-12-12 11:00:00-05:00,2024-12-12 11:15:00-05:00,154.41,152.93,AVWAP,159.46,52w_high,162.54,3.41,1.64,level_bounce,62.2,0.62,3,2024-12-12 13:30:00-05:00,stop,"[('2024-12-12 13:30:00-05:00', 1.0, 152.93, 'stop')]",0,-1.1038310810810819,-0.01058007901042672,162,-264.65453999999835
FICO,XLK,Improving,2024-12-11,2024-12-12 12:30:00-05:00,2024-12-12 13:00:00-05:00,2197.69,2144.97,AVWAP,2371.28,POC,2565.49,3.08,2.31,vwap_reclaim,72.1,0.71,2,2024-12-12 15:45:00-05:00,lrc_break,"[('2024-12-12 15:45:00-05:00', 1.0, 2186.91, 'lrc_break')]",1,-0.246060318664646,-0.005902697832724451,1,-12.972300000000201
CDNS,XLK,Improving,2024-12-12,2024-12-13 14:30:00-05:00,2024-12-13 14:45:00-05:00,306.07,301.1,swing_low,324.24,swing_high,340.34,3.77,1.34,level_bounce,72.7,0.68,3,2024-12-18 15:30:00-05:00,stop,"[('2024-12-18 15:30:00-05:00', 1.0, 301.1, 'stop')]",3,-1.0610835010060367,-0.01722999640605081,80,-421.8867999999976
CTSH,XLK,Improving,2024-12-12,2024-12-13 15:30:00-05:00,2024-12-13 15:45:00-05:00,77.32,76.62,swing_low,79.35,52w_high,81.69,2.96,1.12,vwap_reclaim,61.6,0.51,3,2024-12-18 15:15:00-05:00,stop,"[('2024-12-18 15:15:00-05:00', 1.0, 76.62, 'stop')]",3,-1.1099571428571446,-0.010048758406621686,320,-248.63039999999634
COST,XLP,Improving,2024-12-18,2024-12-19 13:15:00-05:00,2024-12-19 13:30:00-05:00,951.32,939.43,AVWAP,983.16,POC,1019.36,2.67,1.56,level_bounce,67.7,0.83,2,2024-12-19 15:45:00-05:00,lrc_break,"[('2024-12-19 15:45:00-05:00', 1.0, 945.73, 'lrc_break')]",1,-0.5499179983179122,-0.006873107892191935,25,-163.46312500000082
DXCM,XLV,Improving,2024-12-27,2024-12-30 15:00:00-05:00,2024-12-30 15:15:00-05:00,78.43,77.08,VAL,84.78,LRC_upper,117.19,4.62,8.24,vwap_reclaim,71.7,0.65,3,2025-01-10 10:00:00-05:00,stop,"[('2025-01-10 10:00:00-05:00', 1.0, 77.08, 'stop')]",7,-1.057596296296296,-0.018204194823409518,311,-444.0318050000027
CAH,XLV,Improving,2024-12-27,2025-01-02 10:45:00-05:00,2025-01-02 11:00:00-05:00,116.43,114.92,POC,121.45,swing_high,127.02,3.21,1.0,level_bounce,62.8,0.3,3,2025-01-31 09:30:00-05:00,trail,"[('2025-01-31 09:30:00-05:00', 1.0, 121.8, 'trail')]",19,3.477407284768203,0.04509907240401962,209,1097.4349649999979
EXE,XLE,Improving,2025-01-02,2025-01-03 10:00:00-05:00,2025-01-03 10:15:00-05:00,96.73,94.64,POC,103.24,LRC_upper,105.03,3.11,1.64,level_bounce,74.4,0.61,2,2025-01-03 13:30:00-05:00,stop,"[('2025-01-03 13:30:00-05:00', 1.0, 94.64, 'stop')]",0,-1.0457822966507175,-0.022595730383541852,251,-548.6069350000009
CME,XLF,Improving,2025-01-02,2025-01-03 10:15:00-05:00,2025-01-03 10:30:00-05:00,220.5,217.62,VAL,229.5,swing_high,232.75,2.93,1.98,level_bounce,67.6,0.71,2,2025-01-06 09:30:00-05:00,stop,"[('2025-01-06 09:30:00-05:00', 1.0, 217.61, 'stop')]",1,-1.079532986111108,-0.014100022675736899,110,-341.9960499999985
AXP,XLF,Improving,2025-01-03,2025-01-06 09:45:00-05:00,2025-01-06 10:00:00-05:00,299.39,292.86,swing_low,316.74,LRC_upper,322.01,2.71,1.15,level_bounce,70.1,0.63,2,2025-01-07 10:00:00-05:00,stop,"[('2025-01-07 10:00:00-05:00', 1.0, 292.86, 'stop')]",1,-1.0453483920367537,-0.022800110224122292,81,-552.9161249999978
BSX,XLV,Improving,2025-01-03,2025-01-06 09:45:00-05:00,2025-01-06 10:00:00-05:00,90.93,89.24,swing_low,94.6,LRC_upper,96.05,2.18,1.87,level_bounce,62.4,0.54,2,2025-02-25 09:45:00-05:00,trail,"[('2025-02-25 09:45:00-05:00', 1.0, 101.66, 'trail')]",33,6.292133136094624,0.11694385791267997,268,2849.832939999997
KMI,XLE,Improving,2025-01-03,2025-01-06 15:00:00-05:00,2025-01-06 15:15:00-05:00,25.97,25.63,swing_low,26.83,52w_high,28.01,2.53,1.46,level_bounce,61.4,0.36,3,2025-01-27 09:30:00-05:00,trail,"[('2025-01-27 09:30:00-05:00', 1.0, 27.05, 'trail')]",13,3.0985000000000067,0.040565652676164875,911,959.7293900000017
IBKR,XLF,Improving,2025-01-06,2025-01-07 10:30:00-05:00,2025-01-07 10:45:00-05:00,46.53,44.63,VAH,52.03,LRC_upper,54.53,2.78,4.95,vwap_reclaim,67.5,0.37,3,2025-01-27 11:15:00-05:00,trail,"[('2025-01-27 11:15:00-05:00', 1.0, 50.76, 'trail')]",12,2.2007131578947408,0.08986363636363645,509,2128.3096949999986
BMY,XLV,Improving,2025-01-08,2025-01-10 11:00:00-05:00,2025-01-10 11:15:00-05:00,52.36,51.45,VAL,55.43,swing_high,56.72,3.37,1.4,level_bounce,54.2,0.13,3,2025-01-13 09:30:00-05:00,stop,"[('2025-01-13 09:30:00-05:00', 1.0, 51.45, 'stop')]",1,-1.0570384615384618,-0.01837098930481277,457,-439.59058499999844
ETR,XLU,Improving,2025-01-10,2025-01-13 11:30:00-05:00,2025-01-13 11:45:00-05:00,72.23,71.18,POC,75.5,52w_high,76.98,3.11,1.81,level_bounce,62.7,0.28,3,2025-01-27 09:30:00-05:00,trail,"[('2025-01-27 09:30:00-05:00', 1.0, 75.63, 'trail')]",9,3.167685714285715,0.046048317873459664,325,1080.9727499999974
HST,XLRE,Improving,2025-01-10,2025-01-13 11:45:00-05:00,2025-01-13 12:00:00-05:00,15.25,15.04,VAL,15.83,swing_high,16.6,2.76,2.77,vwap_reclaim,40.2,0.02,2,2025-01-29 10:15:00-05:00,stop,"[('2025-01-29 10:15:00-05:00', 1.0, 15.04, 'stop')]",11,-1.0721190476190472,-0.014763606557377105,3,-0.6754350000000026
APA,XLE,Improving,2025-01-27,2025-01-28 13:45:00-05:00,2025-01-28 14:00:00-05:00,21.74,21.21,VAL,23.15,swing_high,25.13,2.66,1.94,vwap_reclaim,49.3,0.36,2,2025-01-31 09:30:00-05:00,stop,"[('2025-01-31 09:30:00-05:00', 1.0, 21.21, 'stop')]",3,-1.0405188679245285,-0.025366835326586828,1189,-655.7037749999971
MOS,XLB,Improving,2025-02-10,2025-02-11 10:45:00-05:00,2025-02-11 11:00:00-05:00,25.73,25.03,AVWAP,27.22,swing_high,28.27,2.22,1.07,level_bounce,47.3,0.25,2,2025-02-12 09:30:00-05:00,stop,"[('2025-02-12 09:30:00-05:00', 1.0, 25.03, 'stop')]",1,-1.0362571428571428,-0.028191993781577895,997,-723.2038599999993
AMAT,XLK,Improving,2025-02-11,2025-02-12 12:45:00-05:00,2025-02-12 13:00:00-05:00,178.88,175.3,swing_low,189.89,swing_high,196.54,3.1,1.13,level_bounce,45.3,0.23,2,2025-02-14 09:30:00-05:00,stop,"[('2025-02-14 09:30:00-05:00', 1.0, 172.53, 'stop')]",2,-1.8228226256983304,-0.036480908989266515,142,-926.6501099999991
CEG,XLU,Improving,2025-02-10,2025-02-13 13:30:00-05:00,2025-02-13 13:45:00-05:00,306.48,293.55,POC,348.5,52w_high,373.58,3.16,2.23,vwap_reclaim,70.0,0.55,3,2025-02-21 10:15:00-05:00,stop,"[('2025-02-21 10:15:00-05:00', 1.0, 293.55, 'stop')]",5,-1.0232030162412993,-0.04316762920908381,83,-1098.0912450000005
ADSK,XLK,Improving,2025-02-13,2025-02-14 11:30:00-05:00,2025-02-14 11:45:00-05:00,303.21,297.99,POC,314.09,swing_high,326.62,2.03,1.25,vwap_reclaim,46.7,0.0,3,2025-02-18 09:30:00-05:00,stop,"[('2025-02-18 09:30:00-05:00', 1.0, 297.99, 'stop')]",1,-1.057586206896552,-0.01820718314039765,83,-458.20979999999753
AKAM,XLK,Improving,2025-02-18,2025-02-19 11:45:00-05:00,2025-02-19 12:00:00-05:00,98.36,97.15,VAL,103.03,swing_high,106.03,3.86,1.34,level_bounce,53.0,0.06,3,2025-02-21 09:30:00-05:00,stop,"[('2025-02-21 09:30:00-05:00', 1.0, 89.0, 'stop')]",2,-7.812958677685991,-0.09611305408702725,258,-2439.04944
JBL,XLK,Improving,2025-02-18,2025-02-20 12:30:00-05:00,2025-02-20 12:45:00-05:00,165.72,162.85,swing_low,174.37,swing_high,181.63,3.11,2.13,vwap_reclaim,78.1,0.88,3,2025-02-21 13:00:00-05:00,stop,"[('2025-02-21 13:00:00-05:00', 1.0, 162.85, 'stop')]",1,-1.0572421602787456,-0.018309709147960443,153,-464.2456050000007
CBRE,XLRE,Improving,2025-02-19,2025-02-20 12:30:00-05:00,2025-02-20 12:45:00-05:00,142.22,140.11,VAL,147.75,52w_high,153.37,2.64,1.24,level_bounce,58.1,0.35,3,2025-02-21 10:15:00-05:00,stop,"[('2025-02-21 10:15:00-05:00', 1.0, 140.11, 'stop')]",1,-1.0669028436018961,-0.015828751230487874,151,-339.92591499999776
FLEX,XLK,Improving,2025-02-18,2025-02-20 15:15:00-05:00,2025-02-20 15:30:00-05:00,41.69,40.63,AVWAP,44.8,swing_high,46.77,2.97,1.14,vwap_reclaim,69.1,0.66,3,2025-02-21 12:45:00-05:00,stop,"[('2025-02-21 12:45:00-05:00', 1.0, 40.63, 'stop')]",1,-1.0388301886792455,-0.026413048692731957,1,-1.1011599999999953
IBM,XLK,Improving,2025-02-24,2025-02-25 11:30:00-05:00,2025-02-25 11:45:00-05:00,251.63,244.2,POC,268.99,LRC_upper,276.63,2.35,1.2,vwap_reclaim,75.4,0.6,3,2025-02-27 09:30:00-05:00,stop,"[('2025-02-27 09:30:00-05:00', 1.0, 244.2, 'stop')]",2,-1.0333667563930014,-0.03051271708460838,95,-729.4019250000006
JBL,XLK,Improving,2025-02-24,2025-02-25 11:45:00-05:00,2025-02-25 12:00:00-05:00,158.43,154.24,swing_low,171.11,swing_high,183.56,3.02,1.78,level_bounce,76.5,0.8,2,2025-02-25 15:45:00-05:00,lrc_break,"[('2025-02-25 15:45:00-05:00', 1.0, 157.19, 'lrc_break')]",1,-0.33360620525059903,-0.00882288707946733,152,-212.4671200000014
KLAC,XLK,Improving,2025-02-24,2025-02-25 12:45:00-05:00,2025-02-25 13:00:00-05:00,72.22,70.23,AVWAP,76.32,swing_high,81.52,2.11,1.49,vwap_reclaim,76.2,0.78,3,2025-02-25 15:45:00-05:00,lrc_break,"[('2025-02-25 15:45:00-05:00', 1.0, 71.78, 'lrc_break')]",1,-0.25728643216080355,-0.007089448906120158,334,-171.00799999999924
JBL,XLK,Improving,2025-02-26,2025-02-27 10:00:00-05:00,2025-02-27 10:15:00-05:00,158.59,154.26,swing_low,168.43,POC,174.37,2.43,1.04,level_bounce,72.3,0.7,2,2025-02-27 15:15:00-05:00,stop,"[('2025-02-27 15:15:00-05:00', 1.0, 154.26, 'stop')]",0,-1.0361258660508081,-0.028289457090611085,150,-672.9637500000017
HPQ,XLK,Improving,2025-02-26,2025-02-27 10:00:00-05:00,2025-02-27 10:15:00-05:00,31.1,30.67,AVWAP,32.14,LRC_upper,33.77,2.42,1.4,level_bounce,44.7,0.01,3,2025-02-27 15:15:00-05:00,stop,"[('2025-02-27 15:15:00-05:00', 1.0, 30.67, 'stop')]",0,-1.0718255813953488,-0.014819453376205778,768,-353.9596799999998
CTSH,XLK,Improving,2025-02-25,2025-02-27 12:30:00-05:00,2025-02-27 12:45:00-05:00,81.98,80.74,AVWAP,87.78,52w_high,89.33,4.72,1.42,vwap_reclaim,74.5,0.55,3,2025-02-28 09:30:00-05:00,stop,"[('2025-02-28 09:30:00-05:00', 1.0, 80.74, 'stop')]",1,-1.0656129032258062,-0.01611807757989765,291,-384.5157600000026
FFIV,XLK,Improving,2025-02-26,2025-02-28 15:00:00-05:00,2025-02-28 15:15:00-05:00,287.93,280.24,AVWAP,308.0,swing_high,331.46,2.65,1.44,vwap_reclaim,75.2,0.76,3,2025-03-03 15:45:00-05:00,lrc_break,"[('2025-03-03 15:45:00-05:00', 1.0, 284.16, 'lrc_break')]",2,-0.5274440832249653,-0.014086913485916652,82,-332.5956899999985
CTVA,XLB,Improving,2025-05-29,2025-05-30 12:30:00-04:00,2025-05-30 12:45:00-04:00,68.99,67.24,POC,72.66,LRC_upper,74.15,2.1,6.87,vwap_reclaim,71.0,0.53,3,2025-06-25 15:45:00-04:00,lrc_break,"[('2025-06-25 15:45:00-04:00', 1.0, 72.38, 'lrc_break')]",18,1.8967514285714289,0.048112987389476745,341,1131.8864150000002
ISRG,XLV,Improving,2025-05-29,2025-05-30 14:15:00-04:00,2025-05-30 14:30:00-04:00,551.01,534.57,VAL,594.55,LRC_upper,612.54,2.69,1.08,vwap_reclaim,65.1,0.59,3,2025-06-09 09:30:00-04:00,stop,"[('2025-06-09 09:30:00-04:00', 1.0, 531.5, 'stop')]",6,-1.219662712895381,-0.036390001996333986,42,-842.1527099999996
IRM,XLRE,Improving,2025-05-30,2025-06-02 10:15:00-04:00,2025-06-02 10:30:00-04:00,93.58,90.77,VAL,100.56,swing_high,105.85,2.56,1.11,level_bounce,70.3,0.61,3,2025-06-26 09:45:00-04:00,trail,"[('2025-06-26 09:45:00-04:00', 1.0, 94.16, 'trail')]",17,0.17299999999999924,0.005194806582603102,252,122.50475999999958
AMT,XLRE,Improving,2025-05-30,2025-06-02 10:30:00-04:00,2025-06-02 10:45:00-04:00,203.98,201.11,POC,215.1,swing_high,221.47,4.05,1.39,level_bounce,53.4,0.0,3,2025-06-09 10:00:00-04:00,stop,"[('2025-06-09 10:00:00-04:00', 1.0, 201.11, 'stop')]",5,-1.0705731707317079,-0.015062971859986158,115,-353.34267499999726
EQIX,XLRE,Improving,2025-05-30,2025-06-02 10:45:00-04:00,2025-06-02 11:00:00-04:00,861.78,847.17,VAH,910.03,swing_high,928.93,3.11,1.44,level_bounce,57.3,0.44,2,2025-06-25 15:15:00-04:00,stop,"[('2025-06-25 15:15:00-04:00', 1.0, 847.17, 'stop')]",16,-1.0584856262833675,-0.017944806099004403,27,-417.5408250000004
ALGN,XLV,Improving,2025-05-30,2025-06-02 12:00:00-04:00,2025-06-02 12:15:00-04:00,177.58,173.07,AVWAP,191.61,swing_high,199.95,3.03,3.4,vwap_reclaim,53.9,0.5,2,2025-06-03 09:30:00-04:00,stop,"[('2025-06-03 09:30:00-04:00', 1.0, 173.07, 'stop')]",1,-1.0388747228381372,-0.02638430566505248,4,-18.741300000000077
CNP,XLU,Improving,2025-06-02,2025-06-03 11:15:00-04:00,2025-06-03 11:30:00-04:00,36.09,35.62,VAL,37.98,swing_high,38.77,3.92,1.06,vwap_reclaim,56.9,0.4,2,2025-06-05 10:00:00-04:00,stop,"[('2025-06-05 10:00:00-04:00', 1.0, 35.62, 'stop')]",2,-1.0762872340425522,-0.014016486561374506,20,-10.11710000000012
MOS,XLB,Improving,2025-06-04,2025-06-05 10:30:00-04:00,2025-06-05 10:45:00-04:00,35.01,34.03,POC,38.11,LRC_upper,39.14,3.16,2.39,vwap_reclaim,86.2,0.87,3,2025-06-06 09:30:00-04:00,stop,"[('2025-06-06 09:30:00-04:00', 1.0, 32.86, 'stop')]",1,-2.228505102040822,-0.062380319908597506,20,-43.67869999999997
KMI,XLE,Improving,2025-06-05,2025-06-06 13:00:00-04:00,2025-06-06 13:15:00-04:00,26.72,26.42,POC,28.2,LRC_upper,29.32,4.74,1.17,vwap_reclaim,60.0,0.19,3,2025-06-09 09:30:00-04:00,stop,"[('2025-06-09 09:30:00-04:00', 1.0, 26.42, 'stop')]",1,-1.0885666666666673,-0.012221931137724445,25,-8.16424999999993
ECL,XLB,Improving,2025-06-06,2025-06-09 11:30:00-04:00,2025-06-09 11:45:00-04:00,261.93,259.65,POC,268.73,52w_high,275.83,3.11,1.84,level_bounce,63.6,0.57,3,2025-06-13 14:45:00-04:00,stop,"[('2025-06-13 14:45:00-04:00', 1.0, 259.65, 'stop')]",4,-1.114381578947367,-0.009700263429160576,90,-228.67110000000264
MPC,XLE,Improving,2025-06-06,2025-06-09 12:00:00-04:00,2025-06-09 12:15:00-04:00,157.87,150.13,swing_low,175.41,52w_high,181.9,2.3,1.06,vwap_reclaim,75.2,0.61,3,2025-07-30 15:45:00-04:00,lrc_break,"[('2025-07-30 15:45:00-04:00', 1.0, 167.05, 'lrc_break')]",36,1.1650568475452192,0.05712003547222403,142,1280.4906800000008
IFF,XLB,Improving,2025-06-10,2025-06-11 15:30:00-04:00,2025-06-11 15:45:00-04:00,75.68,74.73,VAH,79.39,LRC_upper,84.33,3.85,1.22,level_bounce,49.3,0.19,3,2025-06-13 09:30:00-04:00,stop,"[('2025-06-13 09:30:00-04:00', 1.0, 74.44, 'stop')]",2,-1.3842736842105317,-0.017376585623678765,1,-1.3150600000000092
EXR,XLRE,Improving,2025-06-12,2025-06-13 15:30:00-04:00,2025-06-13 15:45:00-04:00,139.52,137.55,VAL,144.25,swing_high,149.34,2.33,1.18,vwap_reclaim,63.1,0.62,3,2025-06-25 11:00:00-04:00,stop,"[('2025-06-25 11:00:00-04:00', 1.0, 137.55, 'stop')]",7,-1.0703223350253808,-0.015112779529816505,167,-352.1253449999998
KMI,XLE,Improving,2025-06-16,2025-06-18 12:30:00-04:00,2025-06-18 12:45:00-04:00,26.11,25.62,swing_low,27.22,swing_high,27.98,2.27,1.2,vwap_reclaim,59.1,0.72,2,2025-07-08 11:00:00-04:00,trail,"[('2025-07-08 11:00:00-04:00', 1.0, 26.37, 'trail')]",12,0.4770612244898006,0.008952891612409098,4,0.9350400000000062
EQT,XLE,Improving,2025-06-24,2025-06-25 12:15:00-04:00,2025-06-25 12:30:00-04:00,58.16,57.23,VAH,61.3,LRC_upper,63.53,3.33,1.29,level_bounce,70.2,0.78,3,2025-06-26 09:30:00-04:00,stop,"[('2025-06-26 09:30:00-04:00', 1.0, 57.23, 'stop')]",1,-1.0620376344086022,-0.016982376203576337,394,-389.1518299999999
LNT,XLU,Improving,2025-06-24,2025-06-26 12:15:00-04:00,2025-06-26 12:30:00-04:00,58.09,57.62,VAL,60.61,LRC_upper,63.11,5.5,1.29,level_bounce,38.5,0.04,2,2025-06-30 09:30:00-04:00,stop,"[('2025-06-30 09:30:00-04:00', 1.0, 57.62, 'stop')]",2,-1.1230957446808494,-0.009086847994491408,402,-212.19771000000236
FIS,XLF,Improving,2025-06-25,2025-06-26 15:15:00-04:00,2025-06-26 15:30:00-04:00,76.31,75.54,VAL,79.57,swing_high,81.96,4.17,1.33,level_bounce,63.2,0.52,3,2025-07-11 14:15:00-04:00,stop,"[('2025-07-11 14:15:00-04:00', 1.0, 75.54, 'stop')]",10,-1.0986038961038966,-0.01108537544227488,306,-258.8530499999988
DGX,XLV,Improving,2025-06-25,2025-06-26 15:15:00-04:00,2025-06-26 15:30:00-04:00,172.42,170.69,AVWAP,178.42,swing_high,182.17,3.47,1.88,level_bounce,54.8,0.3,3,2025-07-07 11:15:00-04:00,stop,"[('2025-07-07 11:15:00-04:00', 1.0, 170.69, 'stop')]",6,-1.0991647398843938,-0.011028621969609036,135,-256.70992499999863
ICE,XLF,Improving,2025-06-26,2025-06-27 10:15:00-04:00,2025-06-27 10:30:00-04:00,178.88,174.72,POC,187.96,LRC_upper,191.17,2.21,1.24,level_bounce,67.1,0.74,2,2025-08-13 10:00:00-04:00,trail,"[('2025-08-13 10:00:00-04:00', 1.0, 177.9, 'trail')]",32,-0.2784591346153824,-0.006475793828264702,131,-151.74908999999866
APA,XLE,Improving,2025-06-26,2025-06-27 10:15:00-04:00,2025-06-27 10:30:00-04:00,17.87,16.78,VAL,20.16,swing_high,22.39,2.13,1.09,level_bounce,61.4,0.71,2,2025-07-16 15:45:00-04:00,lrc_break,"[('2025-07-16 15:45:00-04:00', 1.0, 17.29, 'lrc_break')]",13,-0.5482385321100935,-0.03344040290990497,21,-12.549180000000039
ARES,XLF,Improving,2025-06-30,2025-07-01 09:45:00-04:00,2025-07-01 10:00:00-04:00,165.39,161.93,VAH,177.24,LRC_upper,187.17,3.56,3.07,level_bounce,75.2,0.58,3,2025-08-01 09:45:00-04:00,trail,"[('2025-08-01 09:45:00-04:00', 1.0, 167.14, 'trail')]",22,0.45772687861271943,0.009575760324082472,139,220.139165
DLTR,XLP,Improving,2025-07-02,2025-07-03 12:30:00-04:00,2025-07-03 12:45:00-04:00,102.1075,100.28,VAH,109.36,52w_high,112.09,3.91,1.32,level_bounce,85.9,0.94,3,2025-08-11 15:45:00-04:00,lrc_break,"[('2025-08-11 15:45:00-04:00', 1.0, 114.29, 'lrc_break')]",27,6.607004787961697,0.11825087530298954,1,12.074301250000005
MO,XLP,Improving,2025-07-07,2025-07-08 13:15:00-04:00,2025-07-08 13:30:00-04:00,54.98,54.58,VAH,56.42,LRC_upper,57.37,3.6,1.71,vwap_reclaim,48.7,0.23,3,2025-07-09 09:30:00-04:00,stop,"[('2025-07-09 09:30:00-04:00', 1.0, 54.58, 'stop')]",1,-1.1369500000000006,-0.008271735176427767,421,-191.4623799999994
ADM,XLP,Improving,2025-07-08,2025-07-09 12:00:00-04:00,2025-07-09 12:15:00-04:00,51.87,50.62,POC,54.81,LRC_upper,61.21,2.3,1.1,vwap_reclaim,60.3,0.66,2,2025-07-17 11:00:00-04:00,stop,"[('2025-07-17 11:00:00-04:00', 1.0, 50.62, 'stop')]",6,-1.040996,-0.02508665895508001,443,-576.4515349999999
AMP,XLF,Improving,2025-07-10,2025-07-11 14:00:00-04:00,2025-07-11 14:15:00-04:00,528.36,523.44,VAH,551.85,LRC_upper,569.13,4.61,1.12,vwap_reclaim,67.8,0.64,3,2025-07-15 09:45:00-04:00,stop,"[('2025-07-15 09:45:00-04:00', 1.0, 523.44, 'stop')]",2,-1.10689024390244,-0.010307176924823906,43,-234.17369999999823
JNJ,XLV,Improving,2025-07-11,2025-07-14 11:30:00-04:00,2025-07-14 11:45:00-04:00,151.86,150.58,POC,155.12,LRC_upper,159.38,2.55,2.75,level_bounce,48.4,0.13,3,2025-07-15 10:30:00-04:00,stop,"[('2025-07-15 10:30:00-04:00', 1.0, 150.58, 'stop')]",1,-1.1181406249999999,-0.009424601606743058,2,-2.8624400000000025
EXR,XLRE,Improving,2025-07-14,2025-07-15 09:45:00-04:00,2025-07-15 10:00:00-04:00,142.31,139.17,AVWAP,149.34,swing_high,169.01,2.41,1.48,level_bounce,55.0,0.18,3,2025-07-16 10:30:00-04:00,stop,"[('2025-07-16 10:30:00-04:00', 1.0, 139.17, 'stop')]",1,-1.0448216560509553,-0.023053474808516723,158,-518.3569200000023
BDX,XLV,Improving,2025-07-14,2025-07-15 10:45:00-04:00,2025-07-15 11:00:00-04:00,135.81,130.29,AVWAP,157.41,swing_high,176.77,3.91,2.05,vwap_reclaim,51.6,0.31,2,2025-08-01 10:15:00-04:00,trail,"[('2025-08-01 10:15:00-04:00', 1.0, 133.16, 'trail')]",13,-0.5044356884057972,-0.020502798026654927,2,-5.568970000000012
DASH,XLY,Improving,2025-07-14,2025-07-16 11:45:00-04:00,2025-07-16 12:00:00-04:00,236.02,229.51,VAL,257.96,LRC_upper,271.3,3.19,1.18,vwap_reclaim,77.7,0.89,3,2025-07-16 15:45:00-04:00,lrc_break,"[('2025-07-16 15:45:00-04:00', 1.0, 234.489, 'lrc_break')]",1,-0.2713140552995393,-0.0074834950427930085,93,-164.26166850000055
IDXX,XLV,Improving,2025-07-16,2025-07-17 10:45:00-04:00,2025-07-17 11:00:00-04:00,518.99,511.1,swing_low,549.52,swing_high,561.09,3.83,1.1,level_bounce,78.3,0.71,3,2025-07-17 15:45:00-04:00,lrc_break,"[('2025-07-17 15:45:00-04:00', 1.0, 518.64, 'lrc_break')]",1,-0.11011596958175213,-0.0016740495963313796,44,-38.227860000001
BXP,XLRE,Improving,2025-07-16,2025-07-17 11:45:00-04:00,2025-07-17 12:00:00-04:00,66.15,65.24,AVWAP,70.39,swing_high,72.2,4.6,1.04,vwap_reclaim,53.1,0.42,2,2025-07-30 13:00:00-04:00,stop,"[('2025-07-30 13:00:00-04:00', 1.0, 65.24, 'stop')]",9,-1.0721923076923068,-0.014749735449735612,330,-321.9793500000036
EOG,XLE,Improving,2025-07-17,2025-07-18 09:45:00-04:00,2025-07-18 10:00:00-04:00,114.91,112.34,swing_low,119.9,swing_high,123.18,2.09,1.26,level_bounce,60.6,0.59,2,2025-08-01 10:30:00-04:00,stop,"[('2025-08-01 10:30:00-04:00', 1.0, 112.34, 'stop')]",10,-1.0442120622568094,-0.023354146723522696,198,-531.3577499999986
LVS,XLY,Improving,2025-07-16,2025-07-18 12:15:00-04:00,2025-07-18 12:30:00-04:00,47.39,46.71,VAH,49.36,swing_high,54.46,2.9,2.12,level_bounce,74.4,0.68,3,2025-09-05 10:15:00-04:00,trail,"[('2025-09-05 10:15:00-04:00', 1.0, 53.08, 'trail')]",34,8.29377205882353,0.11900749103186321,1,5.639764999999998
AXP,XLF,Improving,2025-07-29,2025-07-30 12:45:00-04:00,2025-07-30 13:00:00-04:00,303.26,297.85,VAL,325.66,swing_high,333.08,4.12,1.53,level_bounce,60.8,0.51,2,2025-07-31 11:00:00-04:00,stop,"[('2025-07-31 11:00:00-04:00', 1.0, 297.85, 'stop')]",1,-1.055555452865065,-0.018830557937083586,70,-399.7388499999978
A,XLV,Improving,2025-07-29,2025-07-31 09:45:00-04:00,2025-07-31 10:00:00-04:00,117.14,115.25,swing_low,122.12,swing_high,125.43,2.65,1.16,level_bounce,48.8,0.39,2,2025-07-31 14:00:00-04:00,stop,"[('2025-07-31 14:00:00-04:00', 1.0, 115.25, 'stop')]",0,-1.0614788359788359,-0.017126472596892612,200,-401.2390000000001
CINF,XLF,Improving,2025-07-30,2025-07-31 11:45:00-04:00,2025-07-31 12:00:00-04:00,145.49,142.78,AVWAP,154.55,52w_high,157.18,3.38,1.06,vwap_reclaim,46.7,0.04,2,2025-08-01 09:30:00-04:00,stop,"[('2025-08-01 09:30:00-04:00', 1.0, 142.76, 'stop')]",1,-1.0605627306273098,-0.01975479414392754,146,-419.6222500000026
ES,XLU,Improving,2025-07-31,2025-08-01 10:45:00-04:00,2025-08-01 11:00:00-04:00,62.22,61.47,POC,63.92,LRC_upper,64.92,2.36,1.83,level_bounce,52.3,0.2,3,2025-08-08 11:15:00-04:00,stop,"[('2025-08-08 11:15:00-04:00', 1.0, 61.47, 'stop')]",5,-1.08246,-0.013047974927675988,365,-296.323425
KHC,XLP,Improving,2025-07-31,2025-08-01 11:00:00-04:00,2025-08-01 11:15:00-04:00,25.28,24.47,swing_low,27.04,LRC_upper,28.19,2.17,2.99,vwap_reclaim,55.5,0.42,3,2025-09-02 11:15:00-04:00,stop,"[('2025-09-02 11:15:00-04:00', 1.0, 24.47, 'stop')]",21,-1.0307098765432097,-0.033025118670886165,899,-750.5526250000021
GRMN,XLY,Improving,2025-07-31,2025-08-01 11:45:00-04:00,2025-08-01 12:00:00-04:00,212.18,209.48,POC,225.01,swing_high,234.63,5.02,1.43,vwap_reclaim,73.2,0.75,3,2025-09-26 15:45:00-04:00,time,"[('2025-09-26 15:45:00-04:00', 1.0, 236.58, 'time')]",40,8.953933333333278,0.11393920256386089,107,2586.7913400000007
FANG,XLE,Improving,2025-07-31,2025-08-01 11:45:00-04:00,2025-08-01 12:00:00-04:00,142.13,139.72,VAH,150.49,LRC_upper,155.72,3.53,1.27,vwap_reclaim,50.8,0.14,3,2025-08-05 09:30:00-04:00,stop,"[('2025-08-05 09:30:00-04:00', 1.0, 139.72, 'stop')]",2,-1.05847510373444,-0.017947829451910202,151,-385.1896749999995
AMT,XLRE,Improving,2025-08-04,2025-08-05 12:15:00-04:00,2025-08-05 12:30:00-04:00,202.86,197.87,swing_low,215.79,swing_high,221.47,2.59,1.19,vwap_reclaim,43.9,0.29,2,2025-08-05 15:45:00-04:00,lrc_break,"[('2025-08-05 15:45:00-04:00', 1.0, 202.25, 'lrc_break')]",1,-0.16283667334669583,-0.004005496401459202,104,-84.50572000000142
GILD,XLV,Improving,2025-08-05,2025-08-06 10:30:00-04:00,2025-08-06 10:45:00-04:00,108.65,106.38,VAL,113.24,LRC_upper,115.85,2.02,1.32,level_bounce,58.2,0.37,3,2025-08-07 09:45:00-04:00,stop,"[('2025-08-07 09:45:00-04:00', 1.0, 106.38, 'stop')]",1,-1.0473634361233477,-0.021882328578002853,194,-461.23791000000193
COP,XLE,Improving,2025-08-06,2025-08-07 11:15:00-04:00,2025-08-07 11:30:00-04:00,89.4,87.11,VAL,94.27,swing_high,97.33,2.1,1.61,vwap_reclaim,53.6,0.45,2,2025-09-05 13:15:00-04:00,trail,"[('2025-09-05 13:15:00-04:00', 1.0, 89.77, 'trail')]",20,0.12245196506550382,0.003136633109619737,230,64.49544999999777
HAS,XLY,Improving,2025-08-08,2025-08-11 11:15:00-04:00,2025-08-11 11:30:00-04:00,74.61,72.2,VAL,80.37,LRC_upper,82.58,2.39,1.04,vwap_reclaim,71.9,0.75,2,2025-09-15 15:15:00-04:00,trail,"[('2025-09-15 15:15:00-04:00', 1.0, 74.42, 'trail')]",24,-0.1097572614107876,-0.0035453022383058266,301,-79.61901499999931
DLTR,XLP,Improving,2025-08-12,2025-08-13 10:45:00-04:00,2025-08-13 11:00:00-04:00,113.69,111.61,swing_low,118.06,52w_high,122.95,2.06,1.39,level_bounce,81.8,0.94,3,2025-08-14 15:45:00-04:00,lrc_break,"[('2025-08-14 15:45:00-04:00', 1.0, 114.61, 'lrc_break')]",2,0.38742788461538574,0.007088134400562949,200,161.17000000000033
HSY,XLP,Improving,2025-08-13,2025-08-14 11:00:00-04:00,2025-08-14 11:15:00-04:00,172.74,166.78,AVWAP,185.18,swing_high,191.71,2.11,1.03,level_bounce,58.5,0.56,2,2025-10-09 15:45:00-04:00,time,"[('2025-10-09 15:45:00-04:00', 1.0, 186.96, 'time')]",40,2.3557298657718087,0.08127908996179228,3,42.12045
KEY,XLF,Improving,2025-08-19,2025-08-20 11:00:00-04:00,2025-08-20 11:15:00-04:00,17.17,16.94,AVWAP,17.88,swing_high,18.37,2.92,1.31,vwap_reclaim,56.6,0.43,2,2025-10-08 15:00:00-04:00,trail,"[('2025-10-08 15:00:00-04:00', 1.0, 17.39, 'trail')]",34,0.8813913043478195,0.011806639487478093,1340,271.6447999999985
IVZ,XLF,Improving,2025-08-22,2025-08-25 14:00:00-04:00,2025-08-25 14:15:00-04:00,21.0,20.01,POC,23.94,LRC_upper,24.82,2.97,1.35,vwap_reclaim,80.6,0.84,2,2025-10-10 15:30:00-04:00,trail,"[('2025-10-10 15:30:00-04:00', 1.0, 21.86, 'trail')]",33,0.8470404040404048,0.03993190476190474,2,1.677139999999999
MAS,XLI,Improving,2025-08-28,2025-09-02 13:00:00-04:00,2025-09-02 13:15:00-04:00,71.02,70.06,swing_low,75.01,swing_high,83.67,4.16,1.18,level_bounce,67.6,0.86,2,2025-09-17 15:45:00-04:00,lrc_break,"[('2025-09-17 15:45:00-04:00', 1.0, 71.17, 'lrc_break')]",12,0.08219270833333979,0.0011110250633625132,309,24.38164500000176
EG,XLF,Improving,2025-09-05,2025-09-08 10:45:00-04:00,2025-09-08 11:00:00-04:00,330.25,326.49,swing_low,340.11,LRC_upper,357.24,2.72,1.73,level_bounce,46.1,0.08,3,2025-09-16 09:30:00-04:00,stop,"[('2025-09-16 09:30:00-04:00', 1.0, 326.49, 'stop')]",6,-1.0873324468085108,-0.012379621498864467,62,-253.47893999999945
ABT,XLV,Improving,2025-09-05,2025-09-08 12:45:00-04:00,2025-09-08 13:00:00-04:00,129.46,127.96,POC,132.99,swing_high,135.31,2.29,1.07,vwap_reclaim,37.3,0.0,2,2025-09-10 09:30:00-04:00,stop,"[('2025-09-10 09:30:00-04:00', 1.0, 127.96, 'stop')]",2,-1.085806666666666,-0.012580797157423253,1,-1.628710000000014
CRH,XLB,Improving,2025-09-08,2025-09-10 12:00:00-04:00,2025-09-10 12:15:00-04:00,110.18,108.75,VAL,120.71,LRC_upper,122.8,7.25,1.02,vwap_reclaim,79.5,0.84,2,2025-09-25 09:30:00-04:00,stop,"[('2025-09-25 09:30:00-04:00', 1.0, 108.02, 'stop')]",11,-1.586783216783217,-0.020594481757124805,2,-4.538200000000021
HAL,XLE,Improving,2025-09-11,2025-09-16 10:15:00-04:00,2025-09-16 10:30:00-04:00,21.51,21.14,AVWAP,22.67,LRC_upper,24.83,3.14,1.46,level_bounce,37.0,0.03,2,2025-10-10 09:45:00-04:00,trail,"[('2025-10-10 09:45:00-04:00', 1.0, 22.6, 'trail')]",18,2.88633783783782,0.04964876801487663,1067,1139.4973149999998
HST,XLRE,Improving,2025-09-12,2025-09-16 12:45:00-04:00,2025-09-16 13:00:00-04:00,16.16,15.97,POC,16.82,LRC_upper,17.12,3.47,1.44,vwap_reclaim,52.8,0.32,2,2025-09-22 09:30:00-04:00,stop,"[('2025-09-22 09:30:00-04:00', 1.0, 15.97, 'stop')]",4,-1.0845526315789475,-0.01275154702970294,1216,-250.57503999999938
FE,XLU,Improving,2025-09-24,2025-09-25 14:30:00-04:00,2025-09-25 14:45:00-04:00,42.43,41.81,VAH,44.03,LRC_upper,44.6,2.58,1.51,vwap_reclaim,64.3,0.59,2,2025-10-27 11:00:00-04:00,trail,"[('2025-10-27 11:00:00-04:00', 1.0, 44.34, 'trail')]",22,3.010669354838728,0.04399281168984218,550,1026.638250000002
DUK,XLU,Improving,2025-09-24,2025-09-25 14:30:00-04:00,2025-09-25 14:45:00-04:00,118.52,117.77,VAH,122.07,swing_high,123.75,4.81,1.01,level_bounce,44.9,0.16,2,2025-09-29 09:45:00-04:00,stop,"[('2025-09-29 09:45:00-04:00', 1.0, 117.77, 'stop')]",2,-1.1575266666666666,-0.007324881876476544,154,-133.69433
EXPD,XLI,Improving,2025-09-26,2025-09-29 10:45:00-04:00,2025-09-29 11:00:00-04:00,120.71,118.21,AVWAP,125.84,swing_high,128.56,2.13,1.2,level_bounce,69.9,0.69,3,2025-10-08 11:00:00-04:00,stop,"[('2025-10-08 11:00:00-04:00', 1.0, 118.21, 'stop')]",7,-1.047784,-0.021700439068842683,196,-513.41416
EIX,XLU,Improving,2025-09-29,2025-09-30 13:15:00-04:00,2025-09-30 13:30:00-04:00,52.25,51.31,AVWAP,54.62,swing_high,80.57,2.48,1.59,vwap_reclaim,53.7,0.34,2,2025-10-02 09:30:00-04:00,stop,"[('2025-10-02 09:30:00-04:00', 1.0, 51.31, 'stop')]",2,-1.055085106382979,-0.018981435406698523,378,-374.8928399999991
HIG,XLF,Improving,2025-09-30,2025-10-02 10:45:00-04:00,2025-10-02 11:00:00-04:00,130.04,129.02,POC,136.44,LRC_upper,138.46,6.2,1.19,level_bounce,63.0,0.63,2,2025-10-09 11:15:00-04:00,stop,"[('2025-10-09 11:15:00-04:00', 1.0, 129.02, 'stop')]",5,-1.1269901960784336,-0.008839818517379128,149,-171.2799699999973
MMM,XLI,Improving,2025-10-07,2025-10-08 13:00:00-04:00,2025-10-08 13:15:00-04:00,151.75,149.99,swing_low,155.63,swing_high,159.8,2.3,3.54,level_bounce,46.5,0.32,2,2025-10-09 10:00:00-04:00,stop,"[('2025-10-09 10:00:00-04:00', 1.0, 149.99, 'stop')]",1,-1.0857215909090914,-0.012592224052718226,152,-290.45223999999865
ETN,XLI,Improving,2025-10-08,2025-10-09 10:45:00-04:00,2025-10-09 11:00:00-04:00,373.6,366.01,POC,388.59,LRC_upper,396.18,2.09,1.55,vwap_reclaim,50.2,0.07,3,2025-10-14 09:30:00-04:00,stop,"[('2025-10-14 09:30:00-04:00', 1.0, 365.69, 'stop')]",3,-1.0908623188405784,-0.022161790685224905,62,-513.3379900000016
DLR,XLRE,Improving,2025-10-07,2025-10-09 11:45:00-04:00,2025-10-09 12:00:00-04:00,169.63,167.08,POC,175.0,swing_high,187.0,2.06,1.16,vwap_reclaim,47.9,0.08,3,2025-10-10 11:30:00-04:00,stop,"[('2025-10-10 11:30:00-04:00', 1.0, 167.08, 'stop')]",1,-1.0660215686274515,-0.016025201910039397,136,-369.69627999999767
CF,XLB,Improving,2025-10-09,2025-10-10 11:00:00-04:00,2025-10-10 11:15:00-04:00,86.52,84.05,VAL,91.83,swing_high,96.8,2.15,1.33,vwap_reclaim,38.1,0.08,2,2025-10-14 10:00:00-04:00,stop,"[('2025-10-14 10:00:00-04:00', 1.0, 84.05, 'stop')]",2,-1.0345283400809715,-0.02953403837263059,265,-677.1505249999997
LDOS,XLI,Improving,2025-10-09,2025-10-10 12:15:00-04:00,2025-10-10 12:30:00-04:00,190.17,187.89,VAH,198.48,52w_high,202.42,3.69,1.22,vwap_reclaim,74.8,0.76,3,2025-10-10 14:30:00-04:00,stop,"[('2025-10-10 14:30:00-04:00', 1.0, 187.89, 'stop')]",0,-1.082907894736842,-0.012983278119577226,120,-296.2836000000001
LMT,XLI,Improving,2025-10-10,2025-10-14 10:45:00-04:00,2025-10-14 11:00:00-04:00,490.48,485.55,VAH,505.4,LRC_upper,586.85,3.03,1.7,level_bounce,72.1,0.97,2,2025-10-15 11:30:00-04:00,stop,"[('2025-10-15 11:30:00-04:00', 1.0, 485.55, 'stop')]",1,-1.0989888438133872,-0.011046352552601547,46,-249.2286900000003
IR,XLI,Improving,2025-10-14,2025-10-15 13:45:00-04:00,2025-10-15 14:00:00-04:00,76.88,74.99,swing_low,80.97,POC,84.84,2.16,1.18,level_bounce,47.9,0.19,3,2025-10-15 15:45:00-04:00,lrc_break,"[('2025-10-15 15:45:00-04:00', 1.0, 76.58, 'lrc_break')]",1,-0.19932804232804074,-0.0049002341311133865,294,-110.75861999999917
LDOS,XLI,Improving,2025-10-14,2025-10-15 15:30:00-04:00,2025-10-15 15:45:00-04:00,184.62,180.31,VAL,196.64,LRC_upper,201.46,2.83,1.03,vwap_reclaim,76.0,0.73,3,2025-10-16 15:45:00-04:00,lrc_break,"[('2025-10-16 15:45:00-04:00', 1.0, 182.25, 'lrc_break')]",2,-0.5924443155452445,-0.013830760480988,122,-311.51907000000057
LUV,XLI,Improving,2025-10-15,2025-10-16 10:30:00-04:00,2025-10-16 10:45:00-04:00,33.11,31.65,POC,37.01,swing_high,38.33,2.67,1.3,vwap_reclaim,60.4,0.41,3,2025-10-23 09:30:00-04:00,stop,"[('2025-10-23 09:30:00-04:00', 1.0, 31.65, 'stop')]",5,-1.022178082191781,-0.045073391724554546,682,-1017.8031600000006
ETN,XLI,Improving,2025-10-15,2025-10-16 13:00:00-04:00,2025-10-16 13:15:00-04:00,372.89,366.91,POC,395.41,52w_high,407.08,3.66,1.65,level_bounce,61.4,0.55,3,2025-10-22 09:45:00-04:00,stop,"[('2025-10-22 09:45:00-04:00', 1.0, 366.91, 'stop')]",4,-1.0618561872909704,-0.01702888251226893,60,-380.99399999999764
CASY,XLP,Improving,2025-10-15,2025-10-16 15:30:00-04:00,2025-10-16 15:45:00-04:00,558.45,543.4,VAL,593.7,LRC_upper,612.51,2.39,1.85,vwap_reclaim,69.0,0.67,3,2025-10-22 12:00:00-04:00,stop,"[('2025-10-22 12:00:00-04:00', 1.0, 543.4, 'stop')]",4,-1.0366063122923586,-0.027936117826126004,40,-624.0370000000028
JCI,XLI,Improving,2025-10-16,2025-10-17 09:45:00-04:00,2025-10-17 10:00:00-04:00,107.87,106.42,POC,111.31,52w_high,113.28,2.37,1.68,level_bounce,52.7,0.47,2,2025-11-18 09:45:00-05:00,trail,"[('2025-11-18 09:45:00-05:00', 1.0, 113.78, 'trail')]",22,3.999431034482748,0.0537607768610364,187,1084.4457249999994
LDOS,XLI,Improving,2025-10-24,2025-10-27 09:45:00-04:00,2025-10-27 10:00:00-04:00,187.84,183.76,AVWAP,197.0,swing_high,201.03,2.43,1.38,level_bounce,71.7,0.58,3,2025-11-20 13:45:00-05:00,stop,"[('2025-11-20 13:45:00-05:00', 1.0, 183.76, 'stop')]",18,-1.0455392156862744,-0.022709752981260715,118,-503.36440000000147
LMT,XLI,Improving,2025-10-24,2025-10-27 11:00:00-04:00,2025-10-27 11:15:00-04:00,470.76,461.07,AVWAP,492.89,POC,503.0,2.23,1.26,vwap_reclaim,68.8,0.82,2,2025-10-27 15:45:00-04:00,lrc_break,"[('2025-10-27 15:45:00-04:00', 1.0, 474.54, 'lrc_break')]",1,0.34131578947368735,0.007025554422635801,47,155.4454500000014
DLR,XLRE,Improving,2025-10-24,2025-10-27 15:15:00-04:00,2025-10-27 15:30:00-04:00,173.78,170.01,VAH,187.0,52w_high,191.28,3.51,1.6,vwap_reclaim,67.8,0.55,3,2025-10-28 09:30:00-04:00,stop,"[('2025-10-28 09:30:00-04:00', 1.0, 170.01, 'stop')]",1,-1.0455954907161802,-0.022683248935435666,127,-500.62066500000134
ADM,XLP,Improving,2025-10-23,2025-10-28 12:45:00-04:00,2025-10-28 13:00:00-04:00,60.16,58.97,swing_low,62.61,LRC_upper,64.38,2.06,1.24,level_bounce,42.9,0.04,2,2025-10-29 09:30:00-04:00,stop,"[('2025-10-29 09:30:00-04:00', 1.0, 58.97, 'stop')]",1,-1.0500546218487397,-0.020770694813829753,366,-457.3407899999992
MNST,XLP,Improving,2025-10-27,2025-10-28 13:45:00-04:00,2025-10-28 14:00:00-04:00,34.49,34.14,swing_low,36.07,LRC_upper,36.77,4.51,2.06,level_bounce,74.9,0.83,3,2025-10-29 09:30:00-04:00,stop,"[('2025-10-29 09:30:00-04:00', 1.0, 34.14, 'stop')]",1,-1.0980428571428567,-0.0111427950130473,639,-245.5772850000009
CSX,XLI,Improving,2025-10-24,2025-10-29 10:45:00-04:00,2025-10-29 11:00:00-04:00,35.05,34.67,VAL,36.48,swing_high,38.12,3.64,1.03,level_bounce,44.8,0.29,2,2025-10-29 14:30:00-04:00,stop,"[('2025-10-29 14:30:00-04:00', 1.0, 34.67, 'stop')]",0,-1.0917368421052642,-0.011836233951497731,623,-258.4577799999972
HUBB,XLI,Improving,2025-11-10,2025-11-11 12:45:00-05:00,2025-11-11 13:00:00-05:00,450.04,439.81,AVWAP,472.69,LRC_upper,489.59,2.21,1.27,vwap_reclaim,51.1,0.19,3,2025-11-13 09:45:00-05:00,stop,"[('2025-11-13 09:45:00-05:00', 1.0, 439.81, 'stop')]",2,-1.0434921798631476,-0.023719947115811966,49,-523.0713250000009
GD,XLI,Improving,2025-11-12,2025-11-13 13:45:00-05:00,2025-11-13 14:00:00-05:00,341.67,335.53,POC,355.53,LRC_upper,364.9,2.27,1.28,vwap_reclaim,69.7,0.74,3,2025-11-14 09:30:00-05:00,stop,"[('2025-11-14 09:30:00-05:00', 1.0, 335.53, 'stop')]",1,-1.0551465798045598,-0.018961571106623474,64,-414.6304000000028
GM,XLY,Improving,2025-11-13,2025-11-14 11:15:00-05:00,2025-11-14 11:30:00-05:00,70.65,68.95,VAH,75.51,LRC_upper,77.84,2.9,1.67,vwap_reclaim,74.4,0.62,3,2025-11-17 10:30:00-05:00,stop,"[('2025-11-17 10:30:00-05:00', 1.0, 68.95, 'stop')]",1,-1.0410588235294118,-0.02505024769992927,311,-550.4078000000009
AMZN,XLY,Improving,2025-11-13,2025-11-17 15:30:00-05:00,2025-11-17 15:45:00-05:00,232.05,224.99,VAL,251.75,swing_high,264.34,2.79,1.13,vwap_reclaim,42.3,0.13,2,2025-11-18 10:00:00-05:00,stop,"[('2025-11-18 10:00:00-05:00', 1.0, 224.99, 'stop')]",1,-1.032368271954674,-0.03140926524455937,94,-685.1208800000002
EME,XLI,Improving,2025-11-14,2025-11-18 11:00:00-05:00,2025-11-18 11:15:00-05:00,610.31,585.81,swing_low,662.71,swing_high,699.74,2.03,2.24,level_bounce,43.6,0.17,2,2025-11-20 15:30:00-05:00,stop,"[('2025-11-20 15:30:00-05:00', 1.0, 585.81, 'stop')]",2,-1.024410612244898,-0.04112346184725796,35,-878.4321
GS,XLF,Improving,2025-11-14,2025-11-18 11:15:00-05:00,2025-11-18 11:30:00-05:00,765.88,747.43,swing_low,809.33,swing_high,837.55,2.3,1.05,level_bounce,48.0,0.02,3,2025-11-21 09:30:00-05:00,stop,"[('2025-11-21 09:30:00-05:00', 1.0, 747.43, 'stop')]",3,-1.0410111111111109,-0.02507789079229128,28,-537.7863400000012
GD,XLI,Improving,2025-11-18,2025-11-19 10:45:00-05:00,2025-11-19 11:00:00-05:00,336.45,331.06,AVWAP,349.14,swing_high,355.81,2.36,1.64,level_bounce,63.5,0.64,2,2025-11-24 09:30:00-05:00,stop,"[('2025-11-24 09:30:00-05:00', 1.0, 331.06, 'stop')]",3,-1.0619211502782933,-0.01701220092138501,63,-360.59656499999915
BNY,XLF,Improving,2025-11-19,2025-11-20 13:00:00-05:00,2025-11-20 13:15:00-05:00,104.51,102.69,VAL,108.79,LRC_upper,110.71,2.33,1.18,level_bounce,61.9,0.37,3,2025-11-21 09:45:00-05:00,stop,"[('2025-11-21 09:45:00-05:00', 1.0, 102.69, 'stop')]",1,-1.0569230769230766,-0.018405894172806497,203,-390.4908000000015
CSX,XLI,Improving,2025-11-26,2025-12-01 10:30:00-05:00,2025-12-01 10:45:00-05:00,34.92,34.26,swing_low,36.48,swing_high,37.07,2.36,2.02,level_bounce,46.4,0.0,2,2025-12-02 09:30:00-05:00,stop,"[('2025-12-02 09:30:00-05:00', 1.0, 34.26, 'stop')]",1,-1.0524090909090906,-0.019890893470790483,600,-416.75400000000224
FERG,XLI,Improving,2025-11-26,2025-12-01 12:15:00-05:00,2025-12-01 12:30:00-05:00,247.52,242.62,POC,257.76,LRC_upper,263.81,2.17,1.14,vwap_reclaim,63.0,0.49,3,2025-12-08 12:30:00-05:00,stop,"[('2025-12-08 12:30:00-05:00', 1.0, 242.62, 'stop')]",5,-1.0500142857142858,-0.02078648190045251,84,-432.1858800000005
CEG,XLU,Improving,2025-11-28,2025-12-02 10:00:00-05:00,2025-12-02 10:15:00-05:00,363.96,345.85,POC,400.47,LRC_upper,417.37,2.01,1.07,vwap_reclaim,47.5,0.0,2,2025-12-10 10:15:00-05:00,stop,"[('2025-12-10 10:15:00-05:00', 1.0, 345.85, 'stop')]",6,-1.0195971838763114,-0.05073333608088789,57,-1052.4995849999975
HII,XLI,Improving,2025-11-26,2025-12-02 10:45:00-05:00,2025-12-02 11:00:00-05:00,306.7,301.1,VAL,323.62,swing_high,331.69,2.92,1.23,level_bounce,74.8,0.77,3,2025-12-03 09:30:00-05:00,stop,"[('2025-12-03 09:30:00-05:00', 1.0, 301.1, 'stop')]",1,-1.0542678571428574,-0.019249755461362785,68,-401.46519999999765
EIX,XLU,Improving,2025-11-28,2025-12-02 11:15:00-05:00,2025-12-02 11:30:00-05:00,56.06,54.67,AVWAP,58.87,LRC_upper,80.57,2.02,1.24,vwap_reclaim,65.6,0.66,3,2025-12-03 13:00:00-05:00,stop,"[('2025-12-03 13:00:00-05:00', 1.0, 54.67, 'stop')]",1,-1.0398309352517987,-0.025782465215840183,372,-537.6757800000001
FOX,XLC,Improving,2025-12-01,2025-12-02 11:45:00-05:00,2025-12-02 12:00:00-05:00,58.24,57.32,POC,60.11,52w_high,62.61,2.07,1.35,vwap_reclaim,50.1,0.38,2,2026-01-27 15:45:00-05:00,lrc_break,"[('2026-01-27 15:45:00-05:00', 1.0, 64.24, 'lrc_break')]",38,6.455173913043459,0.10197046703296692,358,2126.0760799999975
CBOE,XLF,Improving,2025-12-01,2025-12-02 12:30:00-05:00,2025-12-02 12:45:00-05:00,252.7,249.12,VAL,260.33,52w_high,266.01,2.06,1.37,level_bounce,65.1,0.54,3,2025-12-04 09:30:00-05:00,stop,"[('2025-12-04 09:30:00-05:00', 1.0, 249.12, 'stop')]",2,-1.0700865921787712,-0.015159912940245289,1,-3.830909999999984
CL,XLP,Improving,2025-12-02,2025-12-03 11:30:00-05:00,2025-12-03 11:45:00-05:00,77.34,76.25,VAL,79.71,swing_high,84.28,2.2,2.47,level_bounce,39.1,0.03,2,2025-12-04 11:45:00-05:00,stop,"[('2025-12-04 11:45:00-05:00', 1.0, 76.25, 'stop')]",1,-1.0704541284403668,-0.015086565813292001,264,-308.0338800000009
CINF,XLF,Improving,2025-12-02,2025-12-03 13:15:00-05:00,2025-12-03 13:30:00-05:00,159.25,157.41,AVWAP,164.61,swing_high,169.33,2.71,1.59,vwap_reclaim,49.9,0.29,2,2025-12-08 10:00:00-05:00,stop,"[('2025-12-08 10:00:00-05:00', 1.0, 157.41, 'stop')]",3,-1.086048913043478,-0.012548383045525925,127,-253.7879100000004
CTVA,XLB,Improving,2025-12-02,2025-12-03 14:00:00-05:00,2025-12-03 14:15:00-05:00,65.27,63.79,AVWAP,68.28,LRC_upper,72.0,2.03,1.74,level_bounce,38.0,0.0,2,2025-12-10 13:30:00-05:00,stop,"[('2025-12-10 13:30:00-05:00', 1.0, 63.79, 'stop')]",5,-1.0436013513513513,-0.02366370461161325,2,-3.0890599999999937
L,XLF,Improving,2025-12-03,2025-12-04 12:15:00-05:00,2025-12-04 12:30:00-05:00,105.15,103.37,AVWAP,108.87,52w_high,111.07,2.09,1.11,level_bounce,57.4,0.53,2,2025-12-05 10:00:00-05:00,stop,"[('2025-12-05 10:00:00-05:00', 1.0, 103.37, 'stop')]",1,-1.0585730337078652,-0.017919733713742284,193,-363.6621800000002
AIZ,XLF,Improving,2025-12-04,2025-12-05 13:45:00-05:00,2025-12-05 14:00:00-05:00,219.96,217.49,AVWAP,227.51,swing_high,232.53,2.71,1.17,vwap_reclaim,50.6,0.36,2,2025-12-09 09:30:00-05:00,stop,"[('2025-12-09 09:30:00-05:00', 1.0, 217.49, 'stop')]",2,-1.0885526315789473,-0.012223699763593375,91,-244.6739749999999
FICO,XLK,Improving,2025-12-05,2025-12-08 12:00:00-05:00,2025-12-08 12:15:00-05:00,1770.62,1725.02,VAL,1905.33,swing_high,1998.01,3.0,2.56,vwap_reclaim,51.9,0.26,2,2025-12-10 11:00:00-05:00,stop,"[('2025-12-10 11:00:00-05:00', 1.0, 1725.02, 'stop')]",2,-1.0383293859649123,-0.026740813952174893,11,-520.8260199999991
GM,XLY,Improving,2025-12-05,2025-12-08 13:45:00-05:00,2025-12-08 14:00:00-05:00,75.38,72.78,VAH,80.75,LRC_upper,83.52,2.05,1.61,vwap_reclaim,78.9,0.76,3,2026-01-14 15:45:00-05:00,lrc_break,"[('2026-01-14 15:45:00-05:00', 1.0, 80.69, 'lrc_break')]",26,2.012294230769236,0.06940786680817196,272,1423.0944800000004
JCI,XLI,Improving,2025-12-09,2025-12-10 11:00:00-05:00,2025-12-10 11:15:00-05:00,114.76,111.85,VAL,122.67,swing_high,125.55,2.72,1.37,level_bounce,58.1,0.4,2,2026-01-06 09:30:00-05:00,trail,"[('2026-01-06 09:30:00-05:00', 1.0, 111.86, 'trail')]",17,-1.0355017182130564,-0.026257493900313744,177,-533.355870000001
MMM,XLI,Improving,2025-12-09,2025-12-10 12:30:00-05:00,2025-12-10 12:45:00-05:00,162.83,160.17,swing_low,169.71,swing_high,178.35,2.59,1.03,vwap_reclaim,70.8,0.61,3,2025-12-17 09:30:00-05:00,stop,"[('2025-12-17 09:30:00-05:00', 1.0, 159.93, 'stop')]",5,-1.1508947368420965,-0.0188010808819014,125,-382.6725000000007
GOOG,XLC,Improving,2025-12-05,2025-12-10 14:00:00-05:00,2025-12-10 14:15:00-05:00,318.38,310.84,swing_low,333.85,LRC_upper,344.26,2.08,1.9,level_bounce,74.2,0.91,2,2025-12-11 13:15:00-05:00,stop,"[('2025-12-11 13:15:00-05:00', 1.0, 310.84, 'stop')]",1,-1.0417254641909812,-0.0246705509140022,57,-447.71277000000117
FICO,XLK,Improving,2025-12-12,2025-12-15 13:00:00-05:00,2025-12-15 13:15:00-05:00,1815.655,1789.53,VAH,1905.33,swing_high,1998.01,3.03,1.15,level_bounce,57.4,0.21,3,2025-12-16 11:00:00-05:00,stop,"[('2025-12-16 11:00:00-05:00', 1.0, 1789.53, 'stop')]",1,-1.0689987559808611,-0.015381552387430431,9,-251.3483325
DD,XLI,Improving,2025-12-11,2025-12-15 14:45:00-05:00,2025-12-15 15:00:00-05:00,120.84,118.03,VAH,131.68,LRC_upper,136.59,3.84,1.03,vwap_reclaim,73.3,0.81,2,2026-02-11 15:45:00-05:00,time,"[('2026-02-11 15:45:00-05:00', 1.0, 152.63, 'time')]",40,11.26450711743771,0.2619436031115524,11,348.1859149999999
AAPL,XLK,Improving,2025-12-15,2025-12-16 13:30:00-05:00,2025-12-16 13:45:00-05:00,272.69,267.3,VAL,287.84,52w_high,293.91,2.82,1.49,vwap_reclaim,71.1,0.77,2,2025-12-17 15:45:00-05:00,lrc_break,"[('2025-12-17 15:45:00-05:00', 1.0, 271.12, 'lrc_break')]",2,-0.34172634508348754,-0.006754574791888199,59,-108.6723949999996
KLAC,XLK,Improving,2025-12-16,2025-12-17 15:30:00-05:00,2025-12-17 15:45:00-05:00,117.12,114.99,swing_low,127.76,52w_high,132.01,5.0,1.19,level_bounce,63.9,0.39,3,2026-01-30 09:30:00-05:00,trail,"[('2026-01-30 09:30:00-05:00', 1.0, 153.43, 'trail')]",29,16.983438967136074,0.3088688951502732,175,6330.576875000001
FLEX,XLK,Improving,2025-12-16,2025-12-19 12:15:00-05:00,2025-12-19 12:30:00-05:00,64.64,62.21,AVWAP,71.08,LRC_upper,73.88,2.59,1.3,vwap_reclaim,55.5,0.05,3,2025-12-30 09:30:00-05:00,stop,"[('2025-12-30 09:30:00-05:00', 1.0, 62.21, 'stop')]",6,-1.0261008230452675,-0.038574025371287124,240,-598.4219999999999
EIX,XLU,Improving,2025-12-23,2025-12-24 12:45:00-05:00,2025-12-24 13:00:00-05:00,57.83,55.73,POC,73.64,52w_high,75.7,7.65,2.55,vwap_reclaim,63.3,0.37,2,2026-02-23 15:45:00-05:00,time,"[('2026-02-23 15:45:00-05:00', 1.0, 72.91, 'time')]",40,7.149823809523804,0.2596339270274944,1,15.014629999999999
KDP,XLP,Improving,2025-12-26,2025-12-31 12:00:00-05:00,2025-12-31 12:15:00-05:00,27.46,27.04,VAL,29.24,swing_high,33.13,4.24,1.09,vwap_reclaim,65.4,0.23,3,2026-01-05 09:30:00-05:00,stop,"[('2026-01-05 09:30:00-05:00', 1.0, 27.04, 'stop')]",2,-1.0648809523809522,-0.016287327021121692,543,-242.85675000000091
HPE,XLK,Improving,2026-01-02,2026-01-05 10:15:00-05:00,2026-01-05 10:30:00-05:00,23.88,23.38,swing_low,24.94,swing_high,25.97,2.18,1.05,level_bounce,49.9,0.06,3,2026-01-07 09:30:00-05:00,stop,"[('2026-01-07 09:30:00-05:00', 1.0, 23.38, 'stop')]",2,-1.04726,-0.021927554438860974,614,-321.50882
CBRE,XLRE,Improving,2026-01-05,2026-01-06 11:00:00-05:00,2026-01-06 11:15:00-05:00,163.445,161.57,swing_low,170.53,LRC_upper,173.36,3.74,1.2,level_bounce,61.2,0.36,3,2026-01-14 10:30:00-05:00,stop,"[('2026-01-14 10:30:00-05:00', 1.0, 161.57, 'stop')]",6,-1.0866706666666666,-0.012466013031906756,121,-246.53840749999998
COHR,XLK,Improving,2026-01-06,2026-01-07 10:15:00-05:00,2026-01-07 10:30:00-05:00,190.27,180.8,swing_low,219.01,LRC_upper,232.32,2.96,1.62,level_bounce,79.7,0.79,3,2026-01-08 09:45:00-05:00,stop,"[('2026-01-08 09:45:00-05:00', 1.0, 180.8, 'stop')]",1,-1.01959186906019,-0.05074649182740315,75,-724.1651249999999
CPT,XLRE,Improving,2026-01-08,2026-01-09 12:15:00-05:00,2026-01-09 12:30:00-05:00,108.03,105.19,POC,119.44,52w_high,123.41,4.02,1.57,vwap_reclaim,78.1,0.82,3,2026-01-12 13:15:00-05:00,stop,"[('2026-01-12 13:15:00-05:00', 1.0, 105.19, 'stop')]",1,-1.0375387323943661,-0.02727584930112009,126,-371.2728600000004
CTSH,XLK,Improving,2026-01-08,2026-01-12 15:30:00-05:00,2026-01-12 15:45:00-05:00,83.58,82.09,POC,87.78,52w_high,89.93,2.84,1.13,vwap_reclaim,81.3,0.87,3,2026-01-20 09:30:00-05:00,stop,"[('2026-01-20 09:30:00-05:00', 1.0, 82.09, 'stop')]",5,-1.0555939597315438,-0.018818317779372994,158,-248.5079299999992
GLW,XLK,Improving,2026-01-13,2026-01-14 13:30:00-05:00,2026-01-14 13:45:00-05:00,88.65,87.06,POC,94.89,LRC_upper,97.24,3.92,1.22,level_bounce,48.9,0.17,2,2026-01-29 10:30:00-05:00,trail,"[('2026-01-29 10:30:00-05:00', 1.0, 99.99, 'trail')]",10,7.072754716981111,0.12685482233502526,220,2474.0495999999976
CPT,XLRE,Improving,2026-01-15,2026-01-20 13:00:00-05:00,2026-01-20 13:15:00-05:00,105.65,104.53,VAL,109.4,swing_high,119.44,3.59,1.48,vwap_reclaim,72.4,0.75,3,2026-01-22 15:00:00-05:00,stop,"[('2026-01-22 15:00:00-05:00', 1.0, 104.53, 'stop')]",2,-1.0938303571428567,-0.011595740653099899,203,-248.69327000000092
CIEN,XLK,Improving,2026-01-20,2026-01-21 14:30:00-05:00,2026-01-21 14:45:00-05:00,235.355,226.4,swing_low,261.13,swing_high,275.94,2.88,1.6,vwap_reclaim,75.4,0.71,3,2026-01-22 10:00:00-05:00,stop,"[('2026-01-22 10:00:00-05:00', 1.0, 226.4, 'stop')]",1,-1.025781965382468,-0.03902988039344813,57,-523.595017499999
FLEX,XLK,Improving,2026-01-21,2026-01-22 12:45:00-05:00,2026-01-22 13:00:00-05:00,64.545,62.78,POC,71.87,LRC_upper,75.69,4.11,1.31,vwap_reclaim,46.2,0.16,2,2026-01-27 09:30:00-05:00,stop,"[('2026-01-27 09:30:00-05:00', 1.0, 62.78, 'stop')]",3,-1.0360694050991501,-0.028331590363312426,201,-367.56116250000014
ARE,XLRE,Improving,2026-01-28,2026-01-29 13:15:00-05:00,2026-01-29 13:30:00-05:00,52.36,51.14,VAL,58.07,swing_high,60.24,4.63,1.97,level_bounce,54.9,0.37,3,2026-02-12 10:30:00-05:00,stop,"[('2026-02-12 10:30:00-05:00', 1.0, 51.14, 'stop')]",10,-1.0424180327868853,-0.024288579067990812,415,-527.7762499999994
FRT,XLRE,Improving,2026-01-29,2026-01-30 12:15:00-05:00,2026-01-30 12:30:00-05:00,98.18,97.13,AVWAP,101.52,swing_high,103.4,3.35,1.24,level_bounce,66.0,0.76,2,2026-03-09 09:30:00-04:00,trail,"[('2026-03-09 09:30:00-04:00', 1.0, 103.7, 'trail')]",25,5.161009523809464,0.05519515176206963,218,1181.3550799999991
CPT,XLRE,Improving,2026-01-29,2026-01-30 12:30:00-05:00,2026-01-30 12:45:00-05:00,105.9,104.54,VAL,109.4,swing_high,111.75,2.57,1.07,vwap_reclaim,65.1,0.56,3,2026-02-03 09:30:00-05:00,stop,"[('2026-02-03 09:30:00-05:00', 1.0, 104.54, 'stop')]",2,-1.0773676470588236,-0.01383588290840415,202,-295.9744399999999
DTE,XLU,Improving,2026-01-29,2026-01-30 14:00:00-05:00,2026-01-30 14:15:00-05:00,130.29,128.82,swing_low,134.88,LRC_upper,138.97,3.01,4.06,level_bounce,46.3,0.01,3,2026-03-20 15:30:00-04:00,trail,"[('2026-03-20 15:30:00-04:00', 1.0, 140.27, 'trail')]",34,6.697088435374168,0.07556005833141469,164,1614.5340800000029
FLEX,XLK,Improving,2026-02-02,2026-02-03 10:30:00-05:00,2026-02-03 10:45:00-05:00,64.475,61.8,swing_low,72.22,swing_high,75.1,2.86,2.25,level_bounce,49.8,0.19,2,2026-02-04 09:30:00-05:00,stop,"[('2026-02-04 09:30:00-05:00', 1.0, 61.8, 'stop')]",1,-1.0236028037383178,-0.042468204730515664,331,-906.323512499999
AMAT,XLK,Improving,2026-02-02,2026-02-03 14:45:00-05:00,2026-02-03 15:00:00-05:00,314.22,306.92,swing_low,343.38,52w_high,363.69,3.89,1.31,level_bounce,76.9,0.83,3,2026-02-04 10:15:00-05:00,stop,"[('2026-02-04 10:15:00-05:00', 1.0, 306.92, 'stop')]",1,-1.0425438356164383,-0.024220514289351444,61,-464.2447700000007
ADI,XLK,Improving,2026-02-02,2026-02-04 13:00:00-05:00,2026-02-04 13:15:00-05:00,312.19,304.0,VAH,330.77,LRC_upper,340.82,2.34,2.27,vwap_reclaim,79.2,0.8,3,2026-03-03 15:45:00-05:00,lrc_break,"[('2026-03-03 15:45:00-05:00', 1.0, 337.07, 'lrc_break')]",19,2.9982136752136754,0.07865520996828854,67,1645.2097899999997
ES,XLU,Improving,2026-02-05,2026-02-09 12:30:00-05:00,2026-02-09 12:45:00-05:00,65.09,63.36,swing_low,69.1,swing_high,71.52,2.34,1.05,vwap_reclaim,57.3,0.63,2,2026-03-19 12:00:00-04:00,trail,"[('2026-03-19 12:00:00-04:00', 1.0, 69.32, 'trail')]",27,2.40623988439306,0.06395444768781693,284,1182.2337799999968
COO,XLV,Improving,2026-02-11,2026-02-17 13:30:00-05:00,2026-02-17 13:45:00-05:00,82.08,80.95,AVWAP,85.97,LRC_upper,89.83,3.24,5.39,vwap_reclaim,48.8,0.1,2,2026-03-05 09:30:00-05:00,stop,"[('2026-03-05 09:30:00-05:00', 1.0, 80.77, 'stop')]",12,-1.231349557522131,-0.016952058966861628,270,-375.68475000000063
LRCX,XLK,Improving,2026-02-20,2026-02-23 15:30:00-05:00,2026-02-23 15:45:00-05:00,241.79,234.58,POC,271.58,LRC_upper,281.2,4.13,1.02,vwap_reclaim,85.2,0.85,3,2026-02-26 10:00:00-05:00,stop,"[('2026-02-26 10:00:00-05:00', 1.0, 234.58, 'stop')]",3,-1.0330353675450763,-0.030804355018817897,3,-22.34455499999994
MCHP,XLK,Improving,2026-02-23,2026-02-25 13:00:00-05:00,2026-02-25 13:15:00-05:00,75.1,73.07,VAL,80.07,swing_high,84.59,2.45,1.71,vwap_reclaim,71.1,0.76,2,2026-02-26 10:15:00-05:00,stop,"[('2026-02-26 10:15:00-05:00', 1.0, 73.07, 'stop')]",1,-1.0364950738916257,-0.02801711051930761,1,-2.1040850000000013
KLAC,XLK,Improving,2026-02-27,2026-03-02 11:30:00-05:00,2026-03-02 11:45:00-05:00,151.46,143.06,swing_low,168.71,swing_high,177.74,2.05,1.28,vwap_reclaim,63.6,0.48,2,2026-03-03 10:15:00-05:00,stop,"[('2026-03-03 10:15:00-05:00', 1.0, 143.06, 'stop')]",1,-1.0175309523809524,-0.056432457414498906,5,-42.73630000000003
FFIV,XLK,Improving,2026-03-03,2026-03-04 09:45:00-05:00,2026-03-04 10:00:00-05:00,280.91,274.28,POC,292.33,LRC_upper,304.67,2.0,1.1,level_bounce,67.6,0.46,3,2026-04-29 15:45:00-04:00,time,"[('2026-04-29 15:45:00-04:00', 1.0, 328.04, 'time')]",40,7.062673453996927,0.16669226798618772,80,3746.042
JBL,XLK,Improving,2026-03-04,2026-03-05 15:15:00-05:00,2026-03-05 15:30:00-05:00,251.41,244.98,swing_low,268.97,swing_high,281.25,2.7,1.09,level_bounce,75.5,0.71,3,2026-03-06 09:30:00-05:00,stop,"[('2026-03-06 09:30:00-05:00', 1.0, 244.89, 'stop')]",1,-1.0525894245723177,-0.026920766874826023,90,-609.1335000000008
CIEN,XLK,Improving,2026-03-05,2026-03-06 14:00:00-05:00,2026-03-06 14:15:00-05:00,304.2,273.32,AVWAP,365.9,52w_high,391.88,2.06,2.61,level_bounce,81.4,0.76,3,2026-03-30 11:15:00-04:00,trail,"[('2026-03-30 11:15:00-04:00', 1.0, 364.52, 'trail')]",16,1.9425401554404147,0.197191452991453,36,2159.483039999999
GRMN,XLY,Improving,2026-03-09,2026-03-10 11:15:00-04:00,2026-03-10 11:30:00-04:00,237.96,231.27,VAL,252.11,swing_high,264.15,2.1,1.37,vwap_reclaim,71.6,0.57,3,2026-03-11 14:00:00-04:00,stop,"[('2026-03-11 14:00:00-04:00', 1.0, 231.27, 'stop')]",1,-1.0350695067264575,-0.029099911749873916,94,-650.9138099999998
GLW,XLK,Improving,2026-03-10,2026-03-11 11:00:00-04:00,2026-03-11 11:15:00-04:00,134.54,122.67,AVWAP,161.25,52w_high,174.34,2.24,1.03,level_bounce,74.8,0.84,2,2026-03-12 15:45:00-04:00,lrc_break,"[('2026-03-12 15:45:00-04:00', 1.0, 129.28, 'lrc_break')]",2,-0.45424684077506283,-0.040076631485060146,83,-447.52852999999925
HAS,XLY,Improving,2026-03-10,2026-03-11 12:45:00-04:00,2026-03-11 13:00:00-04:00,92.79,91.29,AVWAP,98.58,POC,104.6,3.7,1.6,vwap_reclaim,72.0,0.73,2,2026-03-11 15:45:00-04:00,lrc_break,"[('2026-03-11 15:45:00-04:00', 1.0, 92.82, 'lrc_break')]",1,-0.04187000000000873,-0.0006768509537667107,1,-0.06280500000001307
AIG,XLF,Improving,2026-03-11,2026-03-12 11:45:00-04:00,2026-03-12 12:00:00-04:00,76.27,74.76,swing_low,80.03,swing_high,82.65,2.47,1.63,level_bounce,43.8,0.0,2,2026-03-18 11:00:00-04:00,stop,"[('2026-03-18 11:00:00-04:00', 1.0, 74.76, 'stop')]",4,-1.0500099337748348,-0.020788186705126405,286,-453.4572899999974
MGM,XLY,Improving,2026-03-13,2026-03-16 13:45:00-04:00,2026-03-16 14:00:00-04:00,36.385,35.42,AVWAP,38.69,LRC_upper,39.95,2.41,1.28,level_bounce,52.5,0.14,3,2026-03-20 14:15:00-04:00,stop,"[('2026-03-20 14:15:00-04:00', 1.0, 35.42, 'stop')]",4,-1.0372046632124354,-0.02750865741376931,295,-295.2662374999989
GLW,XLK,Improving,2026-03-16,2026-03-18 11:00:00-04:00,2026-03-18 11:15:00-04:00,133.72,123.32,AVWAP,161.25,52w_high,171.91,2.66,1.22,vwap_reclaim,78.9,0.77,2,2026-03-20 15:45:00-04:00,lrc_break,"[('2026-03-20 15:45:00-04:00', 1.0, 124.32, 'lrc_break')]",3,-0.9162519230769232,-0.07126099311995218,108,-1029.1341600000007
CME,XLF,Improving,2026-03-19,2026-03-20 13:00:00-04:00,2026-03-20 13:15:00-04:00,303.99,300.14,VAL,318.35,52w_high,329.22,3.73,1.12,vwap_reclaim,81.2,0.9,3,2026-03-20 15:45:00-04:00,lrc_break,"[('2026-03-20 15:45:00-04:00', 1.0, 304.3, 'lrc_break')]",1,0.0015207792207798027,1.926050199020453e-05,74,0.433270000000169
DGX,XLV,Improving,2026-04-08,2026-04-09 11:45:00-04:00,2026-04-09 12:00:00-04:00,197.04,193.31,POC,211.56,swing_high,216.25,3.72,1.03,level_bounce,52.2,0.05,2,2026-04-10 10:15:00-04:00,stop,"[('2026-04-10 10:15:00-04:00', 1.0, 193.31, 'stop')]",1,-1.0523257372654156,-0.019920701380430318,112,-439.61959999999885
MGM,XLY,Improving,2026-04-13,2026-04-14 10:45:00-04:00,2026-04-14 11:00:00-04:00,36.415,35.64,swing_low,39.23,LRC_upper,40.34,3.54,1.47,vwap_reclaim,52.4,0.21,2,2026-05-11 15:45:00-04:00,lrc_break,"[('2026-05-11 15:45:00-04:00', 1.0, 37.3, 'lrc_break')]",20,1.0943774193548381,0.023291020183990062,604,512.2780699999988
CB,XLF,Improving,2026-04-13,2026-04-14 14:30:00-04:00,2026-04-14 14:45:00-04:00,324.67,320.74,POC,339.42,LRC_upper,346.64,3.71,1.23,vwap_reclaim,44.7,0.02,2,2026-04-22 09:30:00-04:00,stop,"[('2026-04-22 09:30:00-04:00', 1.0, 319.69, 'stop')]",6,-1.3491552162849896,-0.0163309822281086,67,-355.2460600000012
COP,XLE,Improving,2026-05-01,2026-05-04 11:15:00-04:00,2026-05-04 11:30:00-04:00,122.79,117.82,swing_low,133.97,52w_high,137.62,2.26,1.16,level_bounce,60.4,0.25,2,2026-05-06 09:30:00-04:00,stop,"[('2026-05-06 09:30:00-04:00', 1.0, 116.31, 'stop')]",2,-1.3278772635814864,-0.05374664060591257,184,-1214.3172000000006
HAL,XLE,Improving,2026-05-05,2026-05-06 12:30:00-04:00,2026-05-06 12:45:00-04:00,40.16,39.37,VAH,42.95,LRC_upper,44.93,3.59,1.14,level_bounce,73.0,0.73,3,2026-05-07 09:30:00-04:00,stop,"[('2026-05-07 09:30:00-04:00', 1.0, 39.37, 'stop')]",1,-1.0503354430379748,-0.02066147908366532,556,-461.3493399999996
BG,XLP,Improving,2026-05-04,2026-05-06 15:15:00-04:00,2026-05-06 15:30:00-04:00,124.67,122.42,swing_low,130.32,52w_high,133.96,2.69,1.47,level_bounce,51.5,0.3,2,2026-05-07 10:00:00-04:00,stop,"[('2026-05-07 10:00:00-04:00', 1.0, 122.42, 'stop')]",1,-1.054908888888889,-0.019038621961979627,179,-424.864555
MPC,XLE,Improving,2026-05-06,2026-05-07 11:45:00-04:00,2026-05-07 12:00:00-04:00,236.66,229.42,swing_low,254.1,swing_high,264.74,2.43,1.93,vwap_reclaim,58.4,0.26,3,2026-06-17 15:45:00-04:00,lrc_break,"[('2026-06-17 15:45:00-04:00', 1.0, 244.16, 'lrc_break')]",29,1.0027058011049712,0.030675188033465733,93,675.14187
FANG,XLE,Improving,2026-05-06,2026-05-07 13:15:00-04:00,2026-05-07 13:30:00-04:00,187.99,184.35,AVWAP,202.67,swing_high,212.17,3.86,1.55,level_bounce,65.7,0.56,3,2026-06-12 09:30:00-04:00,trail,"[('2026-06-12 09:30:00-04:00', 1.0, 188.77, 'trail')]",25,0.16253296703296669,0.003147082291611262,118,69.81116000000014
MDLZ,XLP,Improving,2026-05-13,2026-05-15 12:00:00-04:00,2026-05-15 12:15:00-04:00,60.2,59.46,swing_low,62.9,LRC_upper,68.76,3.59,1.95,level_bounce,60.2,0.55,3,2026-06-01 11:00:00-04:00,stop,"[('2026-06-01 11:00:00-04:00', 1.0, 59.46, 'stop')]",10,-1.0808513513513511,-0.01328621262458475,374,-299.1364200000007
BIIB,XLV,Improving,2026-05-19,2026-05-20 15:30:00-04:00,2026-05-20 15:45:00-04:00,189.1,184.9,VAL,198.33,swing_high,205.97,2.06,1.1,vwap_reclaim,50.4,0.23,3,2026-06-02 09:45:00-04:00,stop,"[('2026-06-02 09:45:00-04:00', 1.0, 184.9, 'stop')]",8,-1.0445238095238096,-0.023199365415124216,121,-530.8269999999986
INCY,XLV,Improving,2026-05-20,2026-05-21 10:15:00-04:00,2026-05-21 10:30:00-04:00,96.6,94.85,POC,102.08,LRC_upper,109.03,2.79,1.1,level_bounce,55.8,0.57,2,2026-06-01 10:15:00-04:00,stop,"[('2026-06-01 10:15:00-04:00', 1.0, 94.85, 'stop')]",6,-1.0547,-0.019106884057971018,215,-396.830875
DVA,XLV,Improving,2026-05-29,2026-06-01 13:00:00-04:00,2026-06-01 13:15:00-04:00,190.525,187.61,VAL,202.42,swing_high,222.25,3.91,1.02,vwap_reclaim,70.8,0.67,3,2026-06-02 15:00:00-04:00,stop,"[('2026-06-02 15:00:00-04:00', 1.0, 187.61, 'stop')]",1,-1.064860205831904,-0.01629217950400206,117,-363.17589749999905
CL,XLP,Improving,2026-05-29,2026-06-01 13:15:00-04:00,2026-06-01 13:30:00-04:00,87.69,86.46,AVWAP,92.14,LRC_upper,94.52,3.62,1.26,vwap_reclaim,50.8,0.65,2,2026-06-03 09:30:00-04:00,stop,"[('2026-06-03 09:30:00-04:00', 1.0, 86.46, 'stop')]",2,-1.070792682926829,-0.015019671570304528,231,-304.2443250000009
BAX,XLV,Improving,2026-05-29,2026-06-01 13:15:00-04:00,2026-06-01 13:30:00-04:00,18.4,17.72,swing_low,19.79,swing_high,21.22,2.09,2.24,vwap_reclaim,47.2,0.5,2,2026-07-22 15:45:00-04:00,lrc_break,"[('2026-07-22 15:45:00-04:00', 1.0, 21.74, 'lrc_break')]",36,4.882250000000002,0.18043097826086957,3,9.95979
ABNB,XLY,Improving,2026-06-01,2026-06-03 13:00:00-04:00,2026-06-03 13:15:00-04:00,134.52,131.74,POC,147.11,swing_high,153.24,4.43,1.07,level_bounce,43.1,0.17,2,2026-06-09 12:15:00-04:00,stop,"[('2026-06-09 12:15:00-04:00', 1.0, 131.74, 'stop')]",4,-1.047888489208633,-0.021655738923580144,167,-486.4927100000002
LYV,XLC,Improving,2026-05-29,2026-06-03 14:30:00-04:00,2026-06-03 14:45:00-04:00,164.52,161.51,VAL,175.25,52w_high,182.15,3.8,1.08,level_bounce,60.0,0.57,3,2026-06-04 10:30:00-04:00,stop,"[('2026-06-04 10:30:00-04:00', 1.0, 161.51, 'stop')]",1,-1.0541578073089697,-0.019286500121565884,136,-431.53004000000266
CAT,XLI,Improving,2026-06-03,2026-06-04 10:45:00-04:00,2026-06-04 11:00:00-04:00,928.52,896.01,POC,1004.0,LRC_upper,1032.46,2.28,1.23,level_bounce,75.1,0.81,2,2026-06-09 11:15:00-04:00,stop,"[('2026-06-09 11:15:00-04:00', 1.0, 896.01, 'stop')]",3,-1.0280610581359582,-0.03599520204195924,24,-802.1343599999998
EBAY,XLY,Improving,2026-06-03,2026-06-04 11:15:00-04:00,2026-06-04 11:30:00-04:00,109.27,104.72,VAL,118.62,swing_high,123.12,2.05,1.21,vwap_reclaim,79.9,0.83,3,2026-06-04 15:45:00-04:00,lrc_break,"[('2026-06-04 15:45:00-04:00', 1.0, 108.83, 'lrc_break')]",1,-0.12067032967032924,-0.005024709435343624,174,-95.5346999999996
MAS,XLI,Improving,2026-06-04,2026-06-05 09:45:00-04:00,2026-06-05 10:00:00-04:00,69.53,67.59,AVWAP,73.67,swing_high,78.13,2.3,1.21,level_bounce,52.8,0.39,2,2026-07-08 09:30:00-04:00,trail,"[('2026-07-08 09:30:00-04:00', 1.0, 76.12, 'trail')]",21,3.3593685567010367,0.09373184237019996,272,1772.671600000001
MCO,XLF,Improving,2026-06-05,2026-06-09 12:00:00-04:00,2026-06-09 12:15:00-04:00,448.62,440.11,swing_low,466.61,swing_high,478.75,2.05,1.09,level_bounce,40.4,0.15,2,2026-06-11 10:45:00-04:00,stop,"[('2026-06-11 10:45:00-04:00', 1.0, 440.11, 'stop')]",2,-1.052216803760282,-0.01995979893896837,49,-438.76388499999956
CVS,XLV,Improving,2026-06-08,2026-06-09 12:45:00-04:00,2026-06-09 13:00:00-04:00,96.13,93.73,POC,104.28,LRC_upper,107.03,3.41,2.44,vwap_reclaim,76.1,0.84,2,2026-07-30 15:45:00-04:00,lrc_break,"[('2026-07-30 15:45:00-04:00', 1.0, 105.195, 'lrc_break')]",36,3.735140625000012,0.09325223655466554,223,1999.0472624999993
HOOD,XLF,Improving,2026-06-08,2026-06-09 13:15:00-04:00,2026-06-09 13:30:00-04:00,81.84,78.25,AVWAP,93.86,swing_high,111.46,3.35,1.28,level_bounce,52.3,0.22,3,2026-07-17 09:30:00-04:00,trail,"[('2026-07-17 09:30:00-04:00', 1.0, 100.505, 'trail')]",26,5.173768105849575,0.22695292644183765,1,18.573827499999993
INVH,XLRE,Improving,2026-06-10,2026-06-11 13:15:00-04:00,2026-06-11 13:30:00-04:00,28.93,28.64,POC,30.55,LRC_upper,32.15,5.59,2.69,level_bounce,77.8,0.88,2,2026-06-15 14:15:00-04:00,stop,"[('2026-06-15 14:15:00-04:00', 1.0, 28.64, 'stop')]",2,-1.0992586206896555,-0.011019184237815387,744,-237.17603999999935
BEN,XLF,Improving,2026-06-11,2026-06-12 10:00:00-04:00,2026-06-12 10:15:00-04:00,31.81,30.71,POC,35.44,LRC_upper,36.22,3.22,1.51,vwap_reclaim,81.0,0.79,2,2026-07-20 15:45:00-04:00,lrc_break,"[('2026-07-20 15:45:00-04:00', 1.0, 32.25, 'lrc_break')]",25,0.37088181818182003,0.012825212197422236,693,282.7232100000009
FOXA,XLC,Improving,2026-06-11,2026-06-12 13:00:00-04:00,2026-06-12 13:15:00-04:00,67.27,65.8,VAH,72.5,swing_high,75.68,3.62,6.45,vwap_reclaim,69.3,0.59,3,2026-06-12 15:30:00-04:00,stop,"[('2026-06-12 15:30:00-04:00', 1.0, 65.8, 'stop')]",0,-1.0452619047619047,-0.022841311134235157,3,-4.609604999999997
CSX,XLI,Improving,2026-06-12,2026-06-15 11:45:00-04:00,2026-06-15 12:00:00-04:00,47.05,46.47,VAH,48.79,LRC_upper,49.76,3.0,1.13,vwap_reclaim,68.0,0.83,2,2026-06-17 09:30:00-04:00,stop,"[('2026-06-17 09:30:00-04:00', 1.0, 46.47, 'stop')]",2,-1.0806206896551727,-0.013321147715196564,4,-2.5070399999999933
DD,XLI,Improving,2026-06-15,2026-06-16 12:30:00-04:00,2026-06-16 12:45:00-04:00,144.7,141.24,POC,152.33,swing_high,156.07,2.22,1.32,vwap_reclaim,43.9,0.12,2,2026-06-23 09:30:00-04:00,stop,"[('2026-06-23 09:30:00-04:00', 1.0, 141.24, 'stop')]",4,-1.041320809248555,-0.024899585348997787,147,-529.636589999997
ADP,XLI,Improving,2026-06-16,2026-06-17 11:00:00-04:00,2026-06-17 11:15:00-04:00,220.11,214.98,POC,233.83,swing_high,255.03,2.64,1.08,vwap_reclaim,67.3,0.85,2,2026-06-17 15:45:00-04:00,lrc_break,"[('2026-06-17 15:45:00-04:00', 1.0, 217.4, 'lrc_break')]",1,-0.5709074074074063,-0.013305869792376574,1,-2.9287550000000078
CPAY,XLF,Improving,2026-06-15,2026-06-18 14:00:00-04:00,2026-06-18 14:15:00-04:00,349.12,341.78,VAL,367.43,52w_high,383.35,2.49,2.03,vwap_reclaim,66.3,0.67,3,2026-06-23 09:45:00-04:00,stop,"[('2026-06-23 09:45:00-04:00', 1.0, 341.78, 'stop')]",2,-1.0470640326975473,-0.022013777497708616,62,-476.497900000002
FRT,XLRE,Improving,2026-06-18,2026-06-22 10:00:00-04:00,2026-06-22 10:15:00-04:00,119.85,117.25,VAL,125.25,swing_high,127.29,2.14,1.07,vwap_reclaim,72.7,0.89,2,2026-07-01 15:45:00-04:00,lrc_break,"[('2026-07-01 15:45:00-04:00', 1.0, 120.48, 'lrc_break')]",8,0.19609038461538877,0.004253942428035125,10,5.098350000000097
LYV,XLC,Improving,2026-06-17,2026-06-23 11:30:00-04:00,2026-06-23 11:45:00-04:00,170.51,167.11,POC,178.7,LRC_upper,183.11,2.41,1.01,vwap_reclaim,59.0,0.41,3,2026-06-24 09:30:00-04:00,stop,"[('2026-06-24 09:30:00-04:00', 1.0, 167.11, 'stop')]",1,-1.0496500000000004,-0.020930209371884216,127,-453.2388699999971
MAR,XLY,Improving,2026-06-23,2026-06-24 14:00:00-04:00,2026-06-24 14:15:00-04:00,383.28,372.87,AVWAP,410.15,52w_high,423.33,2.56,1.61,level_bounce,58.9,0.5,2,2026-06-26 10:30:00-04:00,stop,"[('2026-06-26 10:30:00-04:00', 1.0, 372.87, 'stop')]",2,-1.0363184438040347,-0.02814672041327481,56,-604.1321999999983
CNC,XLV,Improving,2026-06-22,2026-06-24 15:15:00-04:00,2026-06-24 15:30:00-04:00,62.29,60.95,POC,66.55,52w_high,76.09,3.21,1.13,level_bounce,77.8,0.83,3,2026-07-16 15:45:00-04:00,lrc_break,"[('2026-07-16 15:45:00-04:00', 1.0, 63.9, 'lrc_break')]",16,1.1544067164179133,0.024833921977845553,322,498.1034099999999
D,XLU,Improving,2026-06-25,2026-06-29 15:15:00-04:00,2026-06-29 15:30:00-04:00,68.46,67.31,VAH,70.92,LRC_upper,72.43,2.14,1.03,vwap_reclaim,64.7,0.78,2,2026-07-01 09:45:00-04:00,stop,"[('2026-07-01 09:45:00-04:00', 1.0, 67.31, 'stop')]",2,-1.0590304347826092,-0.017789731229915156,304,-370.23703999999736
CHD,XLP,Improving,2026-07-02,2026-07-06 14:45:00-04:00,2026-07-06 15:00:00-04:00,97.41,96.0,POC,101.24,swing_high,105.37,2.64,1.59,level_bounce,48.6,0.38,2,2026-07-08 09:45:00-04:00,stop,"[('2026-07-08 09:45:00-04:00', 1.0, 96.0, 'stop')]",2,-1.068585106382979,-0.015467662457653185,222,-334.4885099999992
MNST,XLP,Improving,2026-07-06,2026-07-07 14:30:00-04:00,2026-07-07 14:45:00-04:00,48.21,47.63,VAH,51.26,LRC_upper,52.32,5.26,16.27,level_bounce,77.3,0.9,2,2026-07-08 15:45:00-04:00,stop,"[('2026-07-08 15:45:00-04:00', 1.0, 47.63, 'stop')]",1,-1.0826206896551727,-0.013024683675585942,1,-0.6279199999999984
BXP,XLRE,Improving,2026-07-07,2026-07-08 13:30:00-04:00,2026-07-08 13:45:00-04:00,67.0903,66.09,VAH,75.95,52w_high,78.45,8.76,2.17,vwap_reclaim,84.5,0.85,3,2026-08-10 10:00:00-04:00,trail,"[('2026-08-10 10:00:00-04:00', 1.0, 67.93, 'trail')]",23,0.7719582625212545,0.011509709302239036,329,254.0504606500025
DOC,XLRE,Improving,2026-07-07,2026-07-08 14:00:00-04:00,2026-07-08 14:15:00-04:00,21.4,20.94,VAH,23.24,LRC_upper,23.92,4.0,1.06,vwap_reclaim,79.2,0.74,3,2026-07-31 15:45:00-04:00,lrc_break,"[('2026-07-31 15:45:00-04:00', 1.0, 21.61, 'lrc_break')]",18,0.40977173913043907,0.008808177570093499,931,175.48884500000077
IP,XLB,Improving,2026-07-08,2026-07-09 10:00:00-04:00,2026-07-09 10:15:00-04:00,36.5,35.15,VAL,39.37,swing_high,42.13,2.08,1.22,level_bounce,65.1,0.72,2,2026-08-07 09:30:00-04:00,trail,"[('2026-08-07 09:30:00-04:00', 1.0, 39.73, 'trail')]",21,2.3643592592592597,0.08744890410958915,1,3.191884999999997
HD,XLY,Improving,2026-07-17,2026-07-20 15:15:00-04:00,2026-07-20 15:30:00-04:00,330.74,325.94,swing_low,348.35,swing_high,364.92,3.73,1.15,level_bounce,65.6,0.72,3,2026-07-21 09:30:00-04:00,stop,"[('2026-07-21 09:30:00-04:00', 1.0, 325.94, 'stop')]",1,-1.0684041666666664,-0.015505653988026882,62,-317.9570800000007
ABNB,XLY,Improving,2026-07-17,2026-07-20 15:30:00-04:00,2026-07-20 15:45:00-04:00,145.2,142.45,AVWAP,150.88,52w_high,154.41,2.09,1.08,level_bounce,56.4,0.55,2,2026-07-22 09:30:00-04:00,stop,"[('2026-07-22 09:30:00-04:00', 1.0, 142.45, 'stop')]",2,-1.0523,-0.019929924242424246,152,-439.86139999999995
KVUE,XLP,Improving,2026-07-16,2026-07-21 12:15:00-04:00,2026-07-21 12:30:00-04:00,18.53,18.16,VAL,19.54,swing_high,21.36,2.73,1.27,vwap_reclaim,67.9,0.78,2,2026-09-08 15:45:00-04:00,stop,"[('2026-09-08 15:45:00-04:00', 1.0, 18.16, 'stop')]",34,-1.049581081081081,-0.020957636265515434,1112,-431.8396400000011
CTVA,XLB,Improving,2026-07-24,2026-07-27 14:15:00-04:00,2026-07-27 14:30:00-04:00,87.76,86.64,VAH,92.17,LRC_upper,94.59,3.89,1.66,vwap_reclaim,64.1,0.5,3,2026-07-31 09:30:00-04:00,stop,"[('2026-07-31 09:30:00-04:00', 1.0, 83.81, 'stop')]",4,-3.6033794642857018,-0.04598661121239747,247,-996.8388950000007
CF,XLB,Improving,2026-08-03,2026-08-05 12:00:00-04:00,2026-08-05 12:15:00-04:00,116.82,113.07,swing_low,128.01,swing_high,132.83,3.07,1.07,level_bounce,53.7,0.23,3,2026-08-06 09:30:00-04:00,stop,"[('2026-08-06 09:30:00-04:00', 1.0, 111.42, 'stop')]",1,-1.4704319999999977,-0.0472018489984591,186,-1025.6263199999985
BALL,XLB,Improving,2026-08-06,2026-08-10 12:00:00-04:00,2026-08-10 12:15:00-04:00,62.24,60.96,swing_low,64.91,swing_high,67.19,2.02,1.44,vwap_reclaim,63.8,0.81,2,2026-08-10 15:45:00-04:00,lrc_break,"[('2026-08-10 15:45:00-04:00', 1.0, 62.39, 'lrc_break')]",1,0.06850390624999882,0.0014088206940873805,342,29.988269999999517
LULU,XLY,Improving,2026-08-12,2026-08-13 14:30:00-04:00,2026-08-13 14:45:00-04:00,119.72,115.58,AVWAP,128.86,swing_high,135.65,2.22,2.2,level_bounce,40.2,0.09,2,2026-08-17 13:45:00-04:00,stop,"[('2026-08-17 13:45:00-04:00', 1.0, 115.58, 'stop')]",2,-1.0284178743961354,-0.03556339792849984,177,-753.6040500000001
CDW,XLK,Improving,2026-08-13,2026-08-14 14:30:00-04:00,2026-08-14 14:45:00-04:00,139.22,134.28,POC,151.94,LRC_upper,168.13,2.58,3.73,vwap_reclaim,62.1,0.25,3,2026-08-17 11:15:00-04:00,stop,"[('2026-08-17 11:15:00-04:00', 1.0, 134.28, 'stop')]",1,-1.0276821862348178,-0.03646566585260737,153,-776.7427499999998
CRWD,XLK,Improving,2026-08-14,2026-08-17 13:15:00-04:00,2026-08-17 13:30:00-04:00,214.78,209.72,VAH,226.9,swing_high,234.13,2.43,1.06,level_bounce,67.6,0.67,2,2026-08-18 10:45:00-04:00,stop,"[('2026-08-18 10:45:00-04:00', 1.0, 209.72, 'stop')]",1,-1.0419466403162054,-0.024547211099729967,98,-516.6805000000002
GPC,XLY,Improving,2026-08-13,2026-08-18 09:45:00-04:00,2026-08-18 10:00:00-04:00,132.43,129.9,VAH,146.0,LRC_upper,150.41,5.26,1.17,level_bounce,84.1,0.84,3,2026-08-20 09:30:00-04:00,stop,"[('2026-08-20 09:30:00-04:00', 1.0, 129.9, 'stop')]",2,-1.0518438735177866,-0.02009488031412823,158,-420.46407000000016
DPZ,XLY,Improving,2026-08-14,2026-08-18 09:45:00-04:00,2026-08-18 10:00:00-04:00,337.66,329.34,VAL,371.06,swing_high,409.42,3.48,1.1,level_bounce,63.8,0.61,2,2026-08-20 09:30:00-04:00,stop,"[('2026-08-20 09:30:00-04:00', 1.0, 329.34, 'stop')]",2,-1.0400841346153844,-0.025627850500503615,62,-536.517000000003
GEN,XLK,Improving,2026-08-14,2026-08-18 11:00:00-04:00,2026-08-18 11:15:00-04:00,27.765,26.9,VAL,29.73,swing_high,31.34,2.27,1.19,vwap_reclaim,72.2,0.67,3,2026-09-18 15:45:00-04:00,lrc_break,"[('2026-09-18 15:45:00-04:00', 1.0, 29.0, 'lrc_break')]",23,1.394933526011557,0.043458220781559496,750,904.9631249999995
FTNT,XLK,Improving,2026-08-14,2026-08-18 12:00:00-04:00,2026-08-18 12:15:00-04:00,157.49,152.39,AVWAP,170.57,swing_high,178.19,2.6,1.05,vwap_reclaim,64.6,0.57,2,2026-08-19 10:00:00-04:00,stop,"[('2026-08-19 10:00:00-04:00', 1.0, 152.39, 'stop')]",1,-1.0303803921568626,-0.033366816940758284,132,-693.652080000003
GM,XLY,Improving,2026-08-14,2026-08-18 12:45:00-04:00,2026-08-18 13:00:00-04:00,83.8,81.87,AVWAP,89.55,swing_high,93.74,2.98,1.02,vwap_reclaim,49.0,0.3,2,2026-09-18 11:15:00-04:00,stop,"[('2026-09-18 11:15:00-04:00', 1.0, 81.87, 'stop')]",22,-1.0429196891191712,-0.02401951073985672,1,-2.0128349999999924
CRWD,XLK,Improving,2026-08-20,2026-08-21 10:15:00-04:00,2026-08-21 10:30:00-04:00,190.325,180.81,POC,209.5,swing_high,227.2,2.01,1.24,level_bounce,72.1,0.6,3,2026-08-25 15:45:00-04:00,lrc_break,"[('2026-08-25 15:45:00-04:00', 1.0, 185.33, 'lrc_break')]",3,-0.5447007356805027,-0.02723145934585565,108,-559.7453699999975
ANET,XLK,Improving,2026-08-20,2026-08-21 11:15:00-04:00,2026-08-21 11:30:00-04:00,186.58,174.48,AVWAP,211.45,swing_high,220.72,2.06,1.08,level_bounce,71.8,0.61,2,2026-09-25 15:45:00-04:00,open_at_end,"[('2026-09-25 15:45:00-04:00', 1.0, 206.51, 'open_at_end')]",25,1.630864049586772,0.10576404223389418,85,1677.343674999998
ECL,XLB,Improving,2026-08-20,2026-08-21 15:30:00-04:00,2026-08-21 15:45:00-04:00,280.02,275.37,VAL,293.21,LRC_upper,306.79,2.84,1.3,vwap_reclaim,61.8,0.26,3,2026-09-04 09:30:00-04:00,stop,"[('2026-09-04 09:30:00-04:00', 1.0, 275.14, 'stop')]",10,-1.1091569892473163,-0.018418612956217398,73,-376.5033399999997
CHTR,XLC,Improving,2026-08-21,2026-08-24 10:45:00-04:00,2026-08-24 11:00:00-04:00,150.35,143.54,POC,165.19,LRC_upper,175.05,2.27,1.24,level_bounce,52.9,0.35,2,2026-09-09 09:30:00-04:00,stop,"[('2026-09-09 09:30:00-04:00', 1.0, 143.54, 'stop')]",11,-1.0215778267254039,-0.0462716661124044,27,-187.83751500000008
GIS,XLP,Improving,2026-08-21,2026-08-24 11:15:00-04:00,2026-08-24 11:30:00-04:00,40.795,38.08,VAH,48.3,52w_high,50.19,2.76,1.05,vwap_reclaim,83.8,0.69,3,2026-09-08 09:30:00-04:00,trail,"[('2026-09-08 09:30:00-04:00', 1.0, 38.215, 'trail')]",10,-0.96482688766114,-0.064211422968501,2,-5.239009999999997
AES,XLU,Improving,2026-08-25,2026-08-26 10:00:00-04:00,2026-08-26 10:15:00-04:00,14.725,14.68,VAL,14.87,LRC_upper,17.23,2.8,2.97,level_bounce,70.3,0.86,2,2026-09-25 15:45:00-04:00,open_at_end,"[('2026-09-25 15:45:00-04:00', 1.0, 14.875, 'open_at_end')]",22,3.004444444444457,0.009181663837011909,1359,183.73680000000047
IT,XLK,Improving,2026-09-03,2026-09-04 15:30:00-04:00,2026-09-04 15:45:00-04:00,187.19,181.78,VAL,223.82,LRC_upper,265.85,6.62,1.07,vwap_reclaim,81.0,0.86,3,2026-09-08 09:30:00-04:00,stop,"[('2026-09-08 09:30:00-04:00', 1.0, 181.78, 'stop')]",1,-1.0341007393715342,-0.02988666595437789,107,-598.6098949999997
HPQ,XLK,Improving,2026-09-03,2026-09-08 15:15:00-04:00,2026-09-08 15:30:00-04:00,30.91,29.99,VAH,33.46,LRC_upper,35.09,2.77,1.07,level_bounce,73.9,0.91,2,2026-09-22 15:45:00-04:00,lrc_break,"[('2026-09-22 15:45:00-04:00', 1.0, 32.035, 'lrc_break')]",11,1.1886168478260808,0.03537779035910697,632,691.1093799999977
