entry_time,entry,stop,tp1,tp2,exit_time,exit_reason,_exit_i,sessions_held,r_multiple,pct_return,rr_at_trigger,lrc_r2,flow_n,risk_atr,pos,slope,r2,adx,cmf,udv,obv,above_avwap,ema_ok,rs,trend_ok,flow_ok,stop_src,tp1_src,entry_type,symbol,sector_etf,quadrant,score,setup_date,shares,pnl
2019-10-04 10:00:00,262.45,257.55,274.82,279.34,2019-10-08 15:54:00,stop,263,2,-1.053061224489796,-0.019660887788150037,2.52448979591838,0.6084055941916267,3,0.847146492118295,38.670778190343405,0.1698214777663128,0.6084055941916267,15.271027040830873,0.08864610096625278,1.7339953867589994,0.44235955637190866,True,True,0.24110907922472102,True,True,POC,LRC_upper,limit,TYL,XLK,off,73.8,2019-10-03,76,-392.15999999999826
2019-10-04 10:00:00,38.32,37.62,39.77,47.54,2020-01-27 15:54:00,trail,338,77,15.451785714285652,0.28226122129436326,2.071428571428567,0.9038769125999454,2,0.9346060158919244,11.294417196040826,0.232756065570569,0.9038769125999454,23.27749911337124,-0.05112920571878002,1.6453054263924627,0.8832166520801679,True,True,0.14464090989897738,True,True,swing_low,LRC_upper,limit,BMY,XLV,off,72.3,2019-10-03,521,5635.26625
2019-10-04 10:00:00,57.26,55.66,60.62,61.78,2020-01-27 15:54:00,trail,338,77,6.957205701568203,0.19440323301622658,2.099999999999998,0.41228598266291516,2,1.1119578816453624,53.53407227100948,0.21002257455991352,0.41228598266291516,27.643100176340514,0.10560365998902616,0.8955012538345627,0.34442899441097874,True,True,0.31169921390899424,True,True,POC,LRC_upper,limit,TER,XLK,off,63.0,2019-10-03,349,3884.903663755688
2019-10-04 10:00:00,219.75,215.81,228.8,233.36,2019-10-08 15:54:00,stop,263,2,-1.055274111675127,-0.018920500568828207,2.2969543147208165,0.40076764304157775,3,1.0505231637943604,38.43368268067612,0.14350512661335607,0.40076764304157775,20.116692288375642,0.25572912824934385,1.245786239169095,0.8334823646416497,True,True,0.0704635831938012,True,True,VAL,swing_high,limit,EG,XLF,off,61.6,2019-10-03,90,-374.2001999999998
2019-10-04 10:00:00,10.01,9.81,10.43,10.75,2019-10-07 15:54:00,tsm_off,262,2,0.09987499999999716,0.0019955044955044317,2.100000000000007,0.2093095352510235,3,0.7893051949596394,37.01649347899008,0.17545440560614767,0.2093095352510235,23.137867789370663,0.06864852000705558,1.144132377933718,0.34662137148853006,True,True,0.05140366555866405,True,True,AVWAP,POC,limit,HBAN,XLF,off,54.0,2019-10-03,1997,39.890074999998724
2019-10-04 10:00:00,11.11,10.85,11.64,12.33,2019-10-08 15:54:00,tsm_off,263,3,-0.6962500000000004,-0.01629387938793879,2.0384615384615445,0.2159514418934497,3,1.1743257532307465,58.0185599405621,0.13653208503995637,0.2159514418934497,22.133228242412795,0.16816115512063046,1.1263282613342975,0.6717686101650356,True,True,0.013882518653153042,True,True,VAL,swing_high,limit,APH,XLK,off,52.3,2019-10-03,25,-4.525624999999998
2019-10-08 10:00:00,97.12,95.6,100.16,102.12,2019-10-08 15:54:00,stop,263,0,-1.0633947368421048,-0.01664291598023075,1.9999999999999813,0.8666274697819725,3,0.9286778044230352,38.368086957198685,0.1898352244611026,0.8666274697819725,16.741214560694655,0.250300352545777,1.4984673775890727,0.59875208579899,True,True,0.12317095580839688,True,True,POC,LRC_upper,limit,CINF,XLF,off,73.1,2019-10-07,206,-332.97016000000207
2019-10-08 10:00:00,13.17,12.74,14.05,16.79,2019-12-19 15:54:00,trail,313,51,0.18227046521823465,0.005951123769463997,2.04651162790698,0.8483314342361751,2,1.043431056064553,29.7126299826086,0.49494312383635414,0.8483314342361751,35.849269869374375,0.03445560110925423,1.3521979980275975,-0.4884668174041533,True,True,0.29879072133874995,True,True,POC,swing_high,limit,NWL,XLF,off,68.9,2019-10-07,2,0.1567526000876817
2019-10-10 10:00:00,34.01,32.83,36.87,38.14,2020-01-30 15:54:00,trail,341,76,3.6659287151121083,0.1271918813240896,2.4237288135593222,0.6947467989637182,3,1.2394915269139957,56.912243033013695,0.49918149962875147,0.6947467989637182,35.04713746821238,0.0034314728681752887,1.415193227225845,0.7758191435887775,True,True,0.22433802019107962,True,True,swing_low,LRC_upper,limit,JBL,XLK,off,74.0,2019-10-09,586,2534.9163879257203
2019-10-10 10:00:00,21.53,21.16,22.57,23.76,2019-12-03 15:54:00,trail,302,37,5.9928378378378175,0.10298885276358562,2.8108108108108008,0.7649394679659978,2,0.665053153422618,23.444989732485134,0.3984959305740468,0.7649394679659978,22.690622318538566,0.04712684219153809,1.4675143136636355,-0.6989181966703402,True,True,0.333520105598462,True,True,VAL,52w_high,limit,LRCX,XLK,off,70.1,2019-10-09,926,2053.2660999999985
2019-10-10 10:00:00,53.45,52.61,55.4,56.4,2020-02-24 15:54:00,trail,356,92,14.835958817935,0.2331563219282591,2.321428571428557,0.4668427830680668,3,0.7486491503819175,67.71370215046937,0.17091591401828538,0.4668427830680668,18.728687106966305,0.06086872948117796,1.3979923598784574,0.9240395961889366,True,True,0.07276701613166825,True,True,VAH,LRC_upper,limit,FBHS,XLF,off,60.9,2019-10-09,356,4436.545124915299
2019-10-15 10:00:00,14.26,14.01,14.77,15.08,2019-11-13 15:54:00,trail,288,21,6.034839245220864,0.10580012702000112,2.039999999999999,0.7732216566081802,3,0.983992098847979,56.6928548620647,0.234229933122991,0.7732216566081802,27.866713771843727,0.09329077946227815,1.6181653099682947,0.5448853734500969,True,True,0.20393413579535524,True,True,VAH,LRC_upper,limit,WU,XLF,off,73.6,2019-10-14,1,1.508709811305216
2019-11-15 10:00:00,1.3,1.29,1.33,1.35,2019-11-22 15:54:00,stop,295,5,-1.1294999999999997,-0.008688461538461544,3.0,0.6486144162797464,2,0.535751955320208,32.53131786217265,0.13066989348778782,0.6486144162797464,18.04949522268948,0.21461636735901288,1.1544056694303217,-0.5320248148195931,True,True,-0.018345857941627575,True,True,swing_low,52w_high,limit,AIV,XLF,off,55.9,2019-11-14,14,-0.15813000000000013
2019-11-26 10:00:00,1.29,1.27,1.33,1.36,2019-12-02 15:54:00,stop,300,3,-1.0639999999999998,-0.016496124031007767,2.0,0.5223577717913624,3,1.092666295260217,10.40476378770785,0.10507179663075389,0.5223577717913624,15.797139304944844,0.10511155940559141,1.0815952754560494,0.4964845057658351,True,True,-0.05799867858307095,True,True,swing_low,52w_high,limit,AIV,XLF,off,58.5,2019-11-25,14,-0.29792000000000024
2019-12-03 10:00:00,16.81,16.58,17.72,18.23,2020-02-25 15:54:00,trail,357,56,5.921884914902082,0.0810251951473814,3.956521739130428,0.5258493097098755,2,0.7298883801260461,71.9324434712889,0.25999646086309547,0.5258493097098755,31.088517860822492,0.18379625526701257,0.42562037032067546,0.8169432196585771,True,True,0.040087296294395225,True,True,swing_low,52w_high,limit,JEF,XLF,off,52.8,2019-12-02,1,1.3620335304274813
2019-12-04 10:00:00,320.64,317.82,334.37,338.62,2019-12-09 15:54:00,stop,305,3,-1.1132021276595747,-0.009790512724550877,4.868794326241153,0.901604460248894,3,0.5546332168361748,55.081796942635904,0.44795597116676233,0.901604460248894,56.45274879392452,0.11275598065284001,1.2643760312548515,0.9595970368139368,True,True,0.08073457623812663,True,True,POC,LRC_upper,limit,WCG,XLV,off,78.4,2019-11-29,68,-213.46763999999953
2019-12-04 10:00:00,184.1,179.25,197.99,202.78,2019-12-10 15:54:00,stop,307,4,-1.037458762886598,-0.02733120586637694,2.863917525773202,0.37483679731826364,3,0.9770373740085738,66.85079777274781,0.31913864981914464,0.37483679731826364,36.940332165640356,0.29268786438417504,1.7044071942652494,0.8329991726024818,True,True,0.08518738655830527,True,True,POC,LRC_upper,limit,PODD,XLV,off,62.9,2019-12-03,1,-5.031674999999995
2019-12-10 10:00:00,178.5,175.57,185.6,188.86,2019-12-12 15:54:00,stop,309,2,-1.0604215017064844,-0.017406358543417405,2.4232081911262724,0.7867868617769279,3,0.7769457239947913,70.25007453088506,0.4343638114920099,0.7867868617769279,48.097746612171356,0.38907248998139954,1.5921668875482455,0.9547033646421419,True,True,0.13911091449910273,True,True,POC,LRC_upper,limit,ADSK,XLK,off,74.1,2019-12-09,120,-372.8442000000008
2019-12-11 10:00:00,95.32,93.76,98.44,100.4,2019-12-12 15:54:00,stop,309,1,-1.0606025641025647,-0.017357742341586112,2.000000000000018,0.9620748035721786,3,0.7760485839494221,50.456533223011405,0.5009507354670226,0.9620748035721786,55.981095535418575,0.1488241895903089,1.7562448164274393,0.9565775653207476,True,True,0.16220773228306573,True,True,POC,LRC_upper,limit,INCY,XLV,off,77.7,2019-12-10,3,-4.963619999999964
2019-12-13 10:00:00,74.28,71.27,80.6,84.36,2020-02-18 15:54:00,trail,353,43,3.179525674231437,0.12884184544206573,2.099667774086373,0.9097122434270863,3,1.3496966516673026,41.27417211793426,0.6869532524467128,0.9097122434270863,34.87969793002266,0.18347020118372678,1.8407781477535967,0.0238714116876634,True,True,0.19322675153594626,True,True,VAH,LRC_upper,limit,LITE,XLK,off,77.6,2019-12-12,288,2756.2672164777528
2019-12-23 10:00:00,11.04,10.89,11.34,11.57,2020-01-02 15:54:00,stop,322,6,-1.0731000000000006,-0.014580163043478133,2.0000000000000235,0.809395683744025,2,0.8315658979316899,40.366597579829936,0.16557093534937647,0.809395683744025,19.243225869366658,-0.11102257400136668,1.360437469839997,0.024990455078979904,True,True,-0.026259812782177705,True,True,VAL,52w_high,limit,HBAN,XLF,off,57.8,2019-12-20,2,-0.32192999999999716
2020-01-03 10:00:00,23.69,23.22,24.83,26.87,2020-01-06 15:54:00,stop,323,1,-1.0499042553191487,-0.020829674968341174,2.425531914893598,0.7042752594034336,2,0.6739552920589255,60.154255599876336,0.3764060793375558,0.7042752594034336,33.14450717066276,0.07930325751861407,0.9968212413873478,0.7699881242825948,True,True,0.023088301191258154,True,True,VAH,swing_high,limit,NBL,XLF,off,58.0,2020-01-02,1,-0.4934550000000024
2020-01-07 10:00:00,20.37,19.97,21.41,23.65,2020-01-08 15:54:00,tsm_off,325,2,0.07401250000000137,0.0014533627884143695,2.599999999999984,0.2045721172998905,3,0.7294616771993385,46.25692224047323,0.25416960147835155,0.2045721172998905,34.21827633393847,0.3184240614193418,1.1967358057821582,0.9380118695473423,True,True,-0.05490979007083996,True,True,VAL,swing_high,limit,UAA,XLF,off,49.4,2020-01-06,1,0.029605000000000714
2020-01-10 10:00:00,12.47,12.21,13.04,13.48,2020-01-13 15:54:00,stop,328,1,-1.0859038461538522,-0.02264113873295921,2.1923076923076885,0.7026979000345468,3,0.7135687865934173,38.22840313294681,0.3184798381992239,0.7026979000345468,25.59957213617117,0.11385053682492653,1.388437657667586,0.9448139920392922,True,True,0.05053888817569918,True,True,swing_low,swing_high,limit,MRO,XLF,off,66.1,2020-01-09,2,-0.5646700000000027
2020-01-15 10:00:00,12.32,12.09,13.04,13.52,2020-01-17 15:54:00,tsm_off,332,3,-0.05356521739130425,-0.001,3.1304347826086847,0.6640526426027933,3,0.6575115453226876,26.595437016106693,0.2980245456180583,0.6640526426027933,22.44705019756332,0.15811431956017596,1.5263711862902383,0.9071212687002259,True,True,-0.0018520086757415344,True,True,VAL,swing_high,limit,MRO,XLF,off,66.0,2020-01-14,2,-0.024640000000000002
2020-01-28 10:00:00,80.79,79.18,84.02,88.82,2020-01-29 15:54:00,stop,339,1,-1.0496801242236025,-0.020918244832281215,2.006211180124218,0.8208211601171947,3,0.6959658017206382,6.900518062702107,0.5819340051977451,0.8208211601171947,43.421840423873704,0.058946749323543185,1.6336519725290712,0.5761653925057515,True,True,0.04846754928603825,True,True,swing_low,swing_high,limit,MTCH,XLK,off,70.2,2020-01-27,292,-493.4756199999998
2020-01-29 10:00:00,253.72,245.52,270.12,275.88,2020-01-30 15:54:00,stop,340,1,-1.4107390243902451,-0.04559380419359922,2.0000000000000036,0.7138269960215391,3,1.2295476032349995,13.43620457093496,0.22965931960612587,0.7138269960215391,25.766159317700634,0.16817838572055185,1.1697056041069336,0.6021864762536003,True,True,0.0438551498108819,True,True,swing_low,LRC_upper,limit,SIVB,XLF,off,72.8,2020-01-28,93,-1075.8295799999994
2020-01-29 10:00:00,47.58,46.98,50.09,51.01,2020-01-30 15:54:00,stop,340,1,-1.8117666666666612,-0.02284699453551911,4.183333333333332,0.49979867950993506,3,0.5222631048833348,73.236185178698,0.30749135513944675,0.49979867950993506,35.03471321086092,0.17880991522216436,1.5208457400016304,0.7050395654283148,True,True,0.009572028127816212,True,True,VAH,LRC_upper,limit,PRGO,XLV,off,61.8,2020-01-28,48,-52.17887999999996
2020-01-30 10:00:00,96.72,95.09,100.77,102.66,2020-01-30 15:54:00,stop,341,0,-1.0588374233128834,-0.017844344499586388,2.4846625766871218,0.8815174360157665,3,0.9615154464408647,-14.497905108195674,0.2213824077774197,0.8815174360157665,33.766807900192696,0.19576421651527445,1.3897149639488613,0.6317874668571173,True,True,0.041967021142245375,True,True,VAL,swing_high,limit,RVTY,XLV,off,73.0,2020-01-29,239,-412.4912949999989
2020-01-31 10:00:00,48.4,46.69,52.81,54.77,2020-02-03 15:54:00,stop,343,1,-1.1973099415204673,-0.042301652892561985,2.5789473684210535,0.8681411303607525,3,0.9568980145958891,5.869119267777651,0.5480041561581378,0.8681411303607525,37.123068278208436,0.16859355223617042,1.3555063843010025,0.5088428267821409,True,True,0.36536288779821957,True,True,swing_low,swing_high,limit,AMD,XLK,off,78.3,2020-01-30,482,-986.8468
2020-01-31 10:00:00,47.78,46.55,50.25,51.92,2020-02-24 15:54:00,stop,357,15,-1.078975609756095,-0.027776056927584787,2.0081300813008056,0.8819566431561537,3,1.0301633586403052,43.07848169515942,0.34765026134231897,0.8819566431561537,37.01450501935228,0.1326825579772259,2.225304776713671,0.8935415574847815,True,True,0.07681658693933113,True,True,swing_low,LRC_upper,limit,BX,XLF,off,71.4,2020-01-30,488,-647.6443200000006
2020-01-31 10:00:00,128.17,125.09,134.34,136.55,2020-02-25 15:54:00,trail,358,16,-0.3457768668316044,-0.008309220175090396,2.003246753246769,0.9209937293985543,3,1.4296835785752342,8.087151573656886,0.3483748398054455,0.9209937293985543,43.84443613568251,0.1784783670083737,2.178410821927716,0.8300240955127627,True,True,0.012912907622282921,True,True,swing_low,52w_high,limit,ZTS,XLV,off,70.0,2020-01-30,181,-192.76368772128183
2020-01-31 10:00:00,58.54,56.9,62.14,64.45,2020-01-31 15:54:00,stop,341,0,-1.0351951219512194,-0.029001024940211832,2.1951219512195124,0.8148939463410635,3,1.4675034416298491,32.22300494844403,0.2618253917637323,0.8148939463410635,25.813910842099393,0.12777364808498964,1.6439394483222771,0.3711997666290315,True,True,0.04248043870250173,True,True,VAL,LRC_upper,limit,ATVI,XLK,off,68.3,2020-01-30,1,-1.6977200000000006
2020-02-04 10:00:00,68.29,66.38,72.13,74.02,2020-02-05 15:54:00,tsm_off,345,2,0.09507068062827172,0.0026590276760872747,2.0104712041884647,0.44793745165801385,2,1.185361883542127,15.749031585358056,0.12537285714691093,0.44793745165801385,24.65227186170268,0.06239091574114799,1.2016874279305743,-0.3932574806894426,True,True,-0.009542760372147852,True,True,swing_low,POC,limit,GDDY,XLK,off,47.8,2020-02-03,328,59.55987999999999
2020-02-05 10:00:00,2.922,2.85,3.47,3.54,2020-02-06 15:54:00,stop,346,1,-1.0400833333333332,-0.02562833675564684,7.611111111111105,0.6353382378722227,3,0.8211610306688752,61.722476900298794,1.1877880572519277,0.6353382378722227,91.56262912734033,0.09952151034887714,2.7927693696894877,0.8052674673316261,True,True,0.7307699285001232,True,True,POC,LRC_upper,limit,SMCI,XLK,off,79.1,2020-02-04,6,-0.4493160000000004
2020-02-06 10:00:00,77.62,76.02,81.39,82.72,2020-02-10 15:54:00,stop,348,2,-1.1979374999999957,-0.024693377995362063,2.356249999999985,0.9301987036254139,3,0.9256095069486057,24.469148415112326,0.4299681190028876,0.9301987036254139,35.36684595891487,0.12812075928601602,1.3555325064520343,0.1710325656437389,True,True,0.15107480915039995,True,True,POC,LRC_upper,limit,AAPL,XLK,off,82.4,2020-02-05,289,-553.926300000001
2020-02-10 10:00:00,14.38,14.14,15.17,15.67,2020-02-14 15:54:00,stop,352,4,-3.349937500000001,-0.055909944367176695,3.2916666666666603,0.8667169505720799,3,0.7305851127021746,44.107190728873555,0.4119909411890367,0.8667169505720799,33.29950231656665,0.14802917948215633,1.5914029681098003,0.6416440417231095,True,True,0.1304673884676426,True,True,swing_low,swing_high,limit,ANET,XLK,off,75.6,2020-02-07,3,-2.411955000000003
2020-02-11 10:00:00,55.69,54.01,59.05,62.43,2020-02-24 15:54:00,stop,357,8,-2.240377976190477,-0.067585473154965,2.0,0.6411873132372459,2,0.9493082632076435,28.959093872713744,0.3679789131745842,0.6411873132372459,21.09325316972695,0.04055105729676207,1.8327758505168201,-0.012589663464503482,True,True,0.10093000611037595,True,True,swing_low,52w_high,limit,MU,XLK,off,60.1,2020-02-10,392,-1475.4233200000003
2020-02-18 10:00:00,75.01,73.53,77.97,79.56,2020-02-24 15:54:00,stop,356,4,-1.7255202702702683,-0.034045727236368534,1.9999999999999905,0.6214846929845582,3,0.9291331393565675,49.422086513139014,0.1666818802075646,0.6214846929845582,29.653120794503057,0.05455014902454587,2.2643130244518983,0.8308870070772558,True,True,0.06192023587751594,True,True,POC,LRC_upper,limit,CERN,XLV,off,65.2,2020-02-14,1,-2.553770000000004
2020-02-19 10:00:00,76.55,75.17,79.32,81.37,2020-02-20 15:54:00,stop,354,1,-1.11291304347826,-0.02006296538210312,2.007246376811598,0.8672217617473711,3,0.7632417827800638,63.82027799827139,0.42759241928569347,0.8672217617473711,54.02751810180481,0.2942089991503161,1.6339871068462484,0.9163992004015286,True,True,0.10008033265524219,True,True,VAH,LRC_upper,limit,BLL,XLV,off,73.8,2020-02-18,312,-479.17583999999806
2020-02-19 10:00:00,58.72,57.71,60.74,62.5,2020-02-20 15:54:00,stop,355,1,-1.0576386138613862,-0.018191672343324215,2.000000000000007,0.8408059747745894,3,0.8338182279606783,30.09418890407481,0.36897706305150746,0.8408059747745894,37.51969020334901,0.09326066635135005,2.0434471945758563,0.8981857646011576,True,True,0.0629551390769707,True,True,swing_low,swing_high,limit,INTC,XLK,off,73.7,2020-02-18,4,-4.2728599999999926
2020-02-21 10:00:00,84.39,79.97,93.23,99.56,2020-02-24 15:54:00,stop,357,1,-1.4301515837104055,-0.07490543903306073,2.0,0.5509655461101053,3,1.4325353381141082,44.96284214680966,0.3162809931195887,0.5509655461101053,27.22229409865327,0.05402375692441824,1.3070955853916093,0.8494271299851264,True,True,0.15852545246910532,True,True,AVWAP,swing_high,limit,LITE,XLK,off,64.1,2020-02-20,271,-1713.0641699999985
2020-02-21 10:00:00,174.07,170.03,182.94,188.29,2020-02-21 15:54:00,stop,356,0,-1.0425866336633662,-0.024197449302004893,2.195544554455451,0.5110063789431298,3,0.842967504665911,35.69550291895573,0.15012470870633704,0.5110063789431298,25.107881858801655,0.07012185488287145,1.4127281531427403,0.2927736086032075,True,True,0.059074919306375984,True,True,AVWAP,swing_high,limit,MPWR,XLK,off,60.3,2020-02-20,4,-16.84819999999997
2020-02-24 10:00:00,74.67,73.75,80.02,81.79,2020-02-25 15:54:00,stop,357,1,-1.0806630434782607,-0.013314718092942301,5.815217391304331,0.9087040954741075,3,0.5248087753019671,28.34874856934231,0.4469199678470771,0.9087040954741075,54.36029913761938,0.19742128559062155,1.6328790604140777,0.8774807286632932,True,True,0.07454210605148814,True,True,swing_low,LRC_upper,limit,BLL,XLV,off,77.1,2020-02-21,10,-9.942100000000018
2020-02-25 10:00:00,252.73,246.54,268.98,274.55,2020-02-25 15:54:00,stop,358,0,-1.0403287560581582,-0.025480295176670748,2.625201938610668,0.9408744403169846,3,1.0619763752242652,-26.807949586445606,0.3505464173377983,0.9408744403169846,35.250848680966456,0.23902849733423023,1.4645442830893534,0.8937219908886295,True,True,0.15177995595923144,True,True,swing_low,LRC_upper,limit,MCO,XLF,off,82.8,2020-02-24,88,-566.6878799999998
2020-02-25 10:00:00,283.5,271.68,307.14,318.87,2020-02-28 15:54:00,stop,361,3,-1.392166666666668,-0.058043774250440945,2.0,0.8568489603422504,3,1.4358822266184001,20.98913586120444,0.43577628856740735,0.8568489603422504,45.53006948093012,0.24541966033024656,1.1916435480921064,0.8557361714632735,True,True,0.14670242162146074,True,True,POC,LRC_upper,limit,MSCI,XLF,off,76.3,2020-02-24,79,-1299.9773900000005
2020-02-25 10:00:00,132.44,129.49,138.35,143.17,2020-02-25 15:54:00,stop,358,0,-1.0443949152542373,-0.023263100271821116,2.003389830508481,0.7270913641473614,3,1.1533734303477723,-35.720144833728774,0.18854984036340297,0.7270913641473614,35.43840862641129,0.04856624959184725,2.25842580320845,0.6530649283651806,True,True,0.061435812000292245,True,True,AVWAP,POC,limit,DHR,XLV,off,68.2,2020-02-24,169,-520.6830849999981
2020-02-25 10:00:00,59.61,58.17,62.51,64.11,2020-02-25 15:54:00,stop,358,0,-1.0408958333333336,-0.025144942123804696,2.013888888888891,0.5795225962171049,3,1.077216608828651,45.18858997766497,0.25463367203970433,0.5795225962171049,35.340859731396996,0.2982497280818897,1.4561036083930705,0.7222295604812473,True,True,0.029356841545556955,True,True,AVWAP,swing_high,limit,CTSH,XLK,off,58.8,2020-02-24,348,-521.6137199999991
2020-02-26 10:00:00,33.04,30.48,39.18,40.77,2020-02-26 15:54:00,stop,358,0,-1.01240625,-0.07844309927360771,2.3984375000000013,0.7251182580781794,3,1.4236215086668058,10.734989659503862,0.762290421899573,0.7251182580781794,53.98762656961524,0.04274521981356862,2.278119220099142,0.8928064454654402,True,True,0.4504330304159434,True,True,AVWAP,52w_high,limit,PENN,XLF,off,81.8,2020-02-25,428,-1109.2732799999992
2020-02-26 10:00:00,162.59,158.64,178.98,182.8,2020-02-27 15:54:00,stop,360,1,-1.139346835443034,-0.027679562088689363,4.1493670886075735,0.6963731017827121,3,0.9216180300397414,9.129690507854441,0.2807794801876995,0.6963731017827121,36.08845897116922,0.11784285173956437,1.4608440652664718,0.7155960742813967,True,True,0.1561432070002433,True,True,AVWAP,LRC_upper,limit,CRL,XLV,off,79.2,2020-02-25,134,-603.0562800000005
2020-02-26 10:00:00,76.88,74.27,82.1,87.25,2020-03-06 15:54:00,stop,366,7,-1.0289559386973182,-0.03493203694068678,2.0,0.8564871365141979,3,0.7931858039029909,-4.250426331234507,0.5577512785210618,0.8564871365141979,35.601906683764334,0.23228787295157877,1.448085248996112,0.8957239976380997,True,True,0.13918486512040107,True,True,VAL,swing_high,limit,XYZ,XLF,off,75.2,2020-02-25,285,-765.3888749999999
2020-02-26 10:00:00,73.02,71.19,76.68,80.26,2020-02-28 15:54:00,stop,360,2,-1.5091120218579237,-0.037820802519857546,2.0000000000000075,0.5454578733195222,3,0.7302132953683762,29.787747737163116,0.25783137911125886,0.5454578733195222,25.323097771116995,0.16847320196861904,1.1971087786559291,0.17482617663226177,True,True,0.26552883208243405,True,True,VAL,swing_high,limit,CDAY,XLK,off,68.5,2020-02-25,300,-828.5024999999993
2020-02-26 10:00:00,270.52,265.92,279.73,292.99,2020-02-27 15:54:00,stop,360,1,-1.9448217391304508,-0.0330703090344522,2.0021739130435012,0.8701884544959234,2,0.6532915803399774,-34.92261967204016,0.3055293932631232,0.8701884544959234,33.89576923428917,-0.011293759485298791,1.5694740511773329,0.09202796882302262,True,True,0.049004699762146275,True,True,swing_low,swing_high,limit,INTU,XLK,off,63.7,2020-02-25,28,-250.4930400000002
2020-02-27 10:00:00,73.88,72.67,77.62,80.76,2020-02-27 15:54:00,stop,359,0,-1.0605578512396696,-0.017369721169463913,3.0909090909091144,0.8958233926669217,3,0.655517906626448,3.605914157981234,0.43627372197667347,0.8958233926669217,49.52805847831045,0.11011481484979915,1.7550689801099228,0.7308166743772088,True,True,0.16661127580947555,True,True,VAL,swing_high,limit,BLL,XLV,off,77.9,2020-02-26,179,-229.70622499999888
2020-03-03 10:00:00,68.39,66.29,72.59,75.63,2020-03-03 15:54:00,stop,363,0,-1.032066666666667,-0.0316908904810644,2.0000000000000067,0.7993626704802453,3,0.8771062129406654,25.36305305305322,0.4398307555644269,0.7993626704802453,30.372799378475086,0.13314681320028024,1.7866248834238339,0.525103909509293,True,True,0.2742620687560027,True,True,VAL,52w_high,limit,NOW,XLK,off,74.3,2020-03-02,312,-676.2100799999982
2020-03-03 10:00:00,16.89,16.24,18.2,19.4,2020-03-06 15:54:00,stop,366,3,-1.025484615384615,-0.03946506808762593,2.015384615384607,0.8170737475977877,3,1.0761986455262043,37.56867640601496,0.6705942661010623,0.8170737475977877,54.063782646706514,0.06183255659496162,1.8821763433826182,0.6278195775482136,True,True,0.44860699520540037,True,True,VAL,swing_high,limit,GEN,XLK,off,72.2,2020-03-02,1263,-841.8715950000026
2020-03-03 10:00:00,42.5,41.52,44.47,46.44,2020-03-06 15:54:00,stop,366,3,-1.0428673469387757,-0.024047294117646986,2.0102040816326583,0.7827197475495,3,0.9148013734062405,6.271404148291366,0.4253059129716261,0.7827197475495,49.05802006129622,0.15829248665205498,1.7472967487251772,0.34085865699944634,True,True,0.24849351357079152,True,True,AVWAP,POC,limit,BRO,XLF,off,70.8,2020-03-02,502,-513.0490199999984
2020-03-03 10:00:00,17.08,16.7,17.91,18.74,2020-03-03 15:54:00,stop,363,0,-1.0444473684210527,-0.023237119437939054,2.1842105263158,0.6730336999342255,3,0.7242496364316551,8.917253353397227,0.18525982598147575,0.6730336999342255,27.748053960667455,0.02684873918024873,1.4390123003427364,0.830765418875034,True,True,0.15929840349032975,True,True,VAL,swing_high,limit,HPQ,XLK,off,70.7,2020-03-02,1152,-457.2172799999988
2020-03-04 10:00:00,69.46,66.64,76.37,81.16,2020-03-09 15:54:00,stop,367,3,-1.449450354609931,-0.05884609847394179,2.4503546099290876,0.780368249292359,3,0.7872015221684632,58.10089436747315,0.546603440056287,0.780368249292359,36.72950586875456,0.14949664137288063,1.5173450328231655,0.8536700447671108,True,True,0.30703256225538733,True,True,VAL,LRC_upper,limit,DXCM,XLV,off,72.3,2020-03-02,302,-1234.409899999999
2020-03-04 10:00:00,27.81,26.88,29.8,31.58,2020-03-05 15:54:00,stop,365,1,-1.1691182795698913,-0.039096727795756875,2.139784946236562,0.38128325080299025,2,0.9096999307085211,1.6604755015896884,0.22817754337808036,0.38128325080299025,29.306518831614284,0.13717021376263167,1.1355659731181464,-0.18389155265261695,True,True,0.05237635047017908,True,True,swing_low,swing_high,limit,KKR,XLF,off,49.0,2020-03-02,679,-738.2631199999992
2020-03-05 10:00:00,6.87,6.6,7.61,8.08,2020-03-06 15:54:00,stop,366,1,-1.0249444444444444,-0.040281659388646356,2.740740740740737,0.5725710159362759,3,0.7353093709887578,57.74430500483226,0.3661346419400904,0.5725710159362759,24.365217883210338,0.15409299149566003,1.401129969859706,0.18009277225615247,True,True,0.3877641092132249,True,True,POC,LRC_upper,limit,NVDA,XLK,off,66.5,2020-03-04,3,-0.8302050000000014
2020-05-27 10:00:00,62.69,61.28,68.72,72.0,2020-05-27 15:54:00,stop,422,0,-1.0439609929078015,-0.02348037964587648,4.276595744680862,0.90731430671981,3,0.551281056440386,19.982277042341835,0.8747114490546095,0.90731430671981,33.95723008651225,0.25020486036265766,1.60719949551508,0.7428957107479912,True,True,0.3950884489716886,True,True,swing_low,52w_high,limit,TECH,XLV,off,81.6,2020-05-26,320,-471.0351999999989
2020-05-27 10:00:00,168.58,161.81,182.14,188.86,2020-09-04 15:54:00,trail,493,71,5.9857091290967555,0.2403799430773822,2.0029542097488853,0.909892055400776,3,1.3494245666727467,34.34488268888995,0.664261731776579,0.909892055400776,18.54605752984889,0.0689378519356258,1.3904162297926492,0.9234396320816768,True,True,0.2524027049555162,True,True,VAH,LRC_upper,limit,SNPS,XLK,off,79.9,2020-05-26,119,4822.266845674226
2020-05-27 10:00:00,342.32,329.0,368.96,384.39,2020-06-11 15:54:00,stop,432,11,-1.0251996996996997,-0.03989150502453843,2.0,0.8889886748565671,3,1.2095247603142125,48.827084026889075,0.6810535638570088,0.8889886748565671,38.887643876038126,0.0688453575038806,1.6520426908894852,0.9319083032111625,True,True,0.3869605042840818,True,True,VAH,LRC_upper,limit,ILMN,XLV,off,77.6,2020-05-26,58,-792.0282799999997
2020-05-27 10:00:00,183.92,176.59,208.01,215.13,2020-05-27 15:54:00,stop,421,0,-1.0245914051841747,-0.04083435732927351,3.2864938608458467,0.8667613394136439,2,0.9889449302769591,24.723655137600563,0.7433172409036354,0.8667613394136439,23.226034413986778,-0.028370384865586167,1.6990908004678442,0.9043166431052255,True,True,0.5040166142083293,True,True,POC,LRC_upper,limit,MOH,XLV,off,77.1,2020-05-26,109,-818.6177949999982
2020-05-27 10:00:00,142.14,136.79,152.85,159.15,2020-09-04 15:54:00,trail,493,71,8.528205018058065,0.3209926610849205,2.0018691588785082,0.9258185853148357,3,1.0409032318760802,37.70010255238467,0.9135790984747155,0.9258185853148357,43.848153169041325,0.16791530942378463,1.3998952428956397,0.8804456182886004,True,True,0.4161827468122381,True,True,swing_low,52w_high,limit,PYPL,XLF,off,76.0,2020-05-26,141,6433.251455372095
2020-05-27 10:00:00,170.9,167.5,178.08,191.87,2020-09-04 15:54:00,trail,493,71,9.031916343608524,0.17968704252936823,2.111764705882351,0.8673623677103526,3,0.7349310626465612,4.879825540238716,0.5029661196784647,0.8673623677103526,23.077825954061826,0.0011241857720799833,1.0071129436195685,0.9229184364633674,True,True,0.14446942883337766,True,True,VAL,swing_high,limit,MSFT,XLK,off,73.5,2020-05-26,1,30.708515568269032
2020-05-27 10:00:00,79.5,76.28,85.94,90.45,2020-05-27 15:54:00,stop,422,0,-1.0241894409937888,-0.041482893081760994,2.0,0.9183247433144968,3,0.7581904624546134,44.21631711543934,1.0317590291327352,0.9183247433144968,30.653637187577754,0.09896231327801742,1.5219689397168465,0.9169661546747268,True,True,0.10771785497028952,True,True,swing_low,swing_high,limit,XYZ,XLF,off,73.4,2020-05-26,1,-3.297889999999999
2020-05-27 10:00:00,26.62,24.96,29.94,31.57,2020-07-15 15:54:00,trail,456,34,-0.8388361194072839,-0.05230908933944745,2.0,0.8082611121734222,3,1.4228984403008313,40.139688546137016,0.8571233628919119,0.8082611121734222,34.431612224162684,0.04983298959543848,1.5225522911301648,0.921207811420154,True,True,0.38327564005907333,True,True,VAL,52w_high,limit,FTNT,XLK,off,72.8,2020-05-26,2,-2.784935916432182
2020-05-28 10:00:00,207.88,196.02,285.77,297.51,2020-09-04 15:54:00,trail,492,70,6.479386248070028,0.3696628867717454,6.5674536256323846,0.9281665716063924,3,1.4812014896959795,73.55367206263665,0.6934375961369356,0.9281665716063924,39.171047017096186,0.10221144809236203,1.6000257512138931,0.3838691508067988,True,True,0.37586519742440916,True,True,VAH,52w_high,limit,ABMD,XLV,off,87.8,2020-05-27,84,6455.023755777278
2020-05-28 10:00:00,472.32,456.6,518.86,532.98,2020-06-05 15:54:00,stop,428,6,-1.0295458015267176,-0.03426587906504058,2.960559796437666,0.9181200269712041,3,1.004779847671806,13.72888634670946,0.6593577168243732,0.9181200269712041,35.06733788646755,0.16262639212216456,2.0307535385203845,0.9150968640248598,True,True,0.30174131472035426,True,True,swing_low,LRC_upper,limit,BIO,XLV,off,85.3,2020-05-27,42,-679.7473199999988
2020-05-28 10:00:00,285.01,274.9,311.15,319.4,2020-09-04 15:54:00,trail,493,70,2.2188839034647603,0.07870922516413023,2.5855588526211624,0.8860171593900484,2,1.2412252872596692,30.2709470094457,0.6662455713900334,0.8860171593900484,29.656511579695827,-0.10154852055922359,1.4553797084226183,0.7520925594887795,True,True,0.1407406710396164,True,True,VAH,LRC_upper,limit,SPGI,XLF,off,75.4,2020-05-27,5,112.16458132014377
2020-06-08 10:00:00,73.83,71.61,80.52,86.9,2020-06-11 15:54:00,stop,432,3,-2.6580698198198207,-0.0799257077068942,3.013513513513514,0.9387971263965403,2,0.7401304294582708,-21.01979228602581,0.8353378503554374,0.9387971263965403,39.46665351571015,-0.10259420648956902,2.168337321027292,0.8242014295749494,True,True,0.3408141444927828,True,True,swing_low,52w_high,limit,CTLT,XLV,off,73.5,2020-06-05,261,-1540.1388149999996
2020-06-12 10:00:00,12.28,10.81,15.22,19.21,2020-07-01 15:54:00,tsm_off,446,14,-0.5590986394557819,-0.0669279315960911,2.000000000000002,0.8145554053156293,3,1.4202417327431216,8.456397315563569,1.053693397326319,0.8145554053156293,27.661303643884466,0.012739678970032522,1.8186178975374474,0.9565372296048066,True,True,0.4697487203271593,True,True,swing_low,swing_high,limit,FLR,XLF,off,83.7,2020-06-11,686,-563.8062499999992
2020-06-12 10:00:00,93.59,90.0,100.77,104.16,2020-11-09 15:54:00,trail,538,104,9.603440043957745,0.36837642651787944,1.999999999999996,0.9205720758301514,3,1.2772656836462397,-31.133159073061073,0.5900805819720975,0.9205720758301514,36.87109441106666,0.13684306972148585,2.016358769228301,0.8764738079502641,True,True,0.07369166849406894,True,True,swing_low,swing_high,limit,RVTY,XLV,off,72.0,2020-06-11,215,7412.415197928793
2020-07-02 10:00:00,175.86,170.85,185.89,206.76,2020-09-04 15:54:00,trail,493,45,4.608650749394773,0.1312938715709536,2.001996007984019,0.6259119664556099,2,0.8921273238878735,18.173538939830795,0.4552164201053051,0.6259119664556099,19.866838960739265,-0.11135527226708321,1.4002510072807197,0.0979337052447784,True,True,0.09170553691513228,True,True,VAL,swing_high,limit,CRL,XLV,off,61.3,2020-07-01,91,2101.1299631565785
2020-07-16 10:00:00,35.01,34.02,39.24,43.32,2020-07-29 15:54:00,stop,466,9,-1.0348636363636365,-0.029263496143958727,4.272727272727299,0.3970782990596405,2,0.640882325069401,54.518122003807775,0.37511574783361057,0.3970782990596405,12.106720236062909,-0.017316960395366433,1.171306774674987,0.3259960197364233,True,True,0.23158733215900962,True,True,VAH,swing_high,limit,PFG,XLF,off,60.3,2020-07-15,6,-6.147089999999969
2020-07-30 10:00:00,91.12,89.53,96.36,99.58,2020-09-03 15:54:00,trail,492,25,18.52948564500846,0.32333057699257584,3.295597484276719,0.8936560214745316,2,0.6800528780297544,3.7605423137068015,0.4171361857361917,0.8936560214745316,33.80722508184964,-0.011810700983288682,1.3355401349760354,0.03520340318006878,True,True,0.16673910681486492,True,True,VAL,swing_high,limit,AAPL,XLK,off,70.8,2020-07-29,2,58.923764351127026
2020-09-04 10:00:00,94.34,92.6,97.83,100.93,2020-09-04 15:54:00,stop,493,0,-1.0537183908045973,-0.01943470426118305,2.005747126436768,0.894405899884263,3,1.0257137806245535,9.103022965531906,0.3207513741920257,0.894405899884263,48.89419623251655,0.22500240356859505,1.916672049101073,0.9424384754739651,True,True,0.03875126807088081,True,True,VAL,swing_high,limit,ICE,XLF,off,69.4,2020-09-03,2,-3.666940000000018
2020-09-08 10:00:00,236.06,222.99,277.35,304.29,2020-12-02 15:54:00,stop,554,60,-1.1498592195868416,-0.06366457680250788,3.159143075745986,0.5336903027974184,3,1.1062888370865198,64.37960338089772,0.5972048860747643,0.5336903027974184,46.74939237875453,0.32224263759192595,1.5855007561876513,0.8894814285073259,True,True,0.4518371008387989,True,True,AVWAP,LRC_upper,limit,CRM,XLK,off,64.8,2020-09-04,91,-1367.6080600000012
2020-09-08 10:00:00,12.84,12.42,13.88,26.67,2020-09-21 15:54:00,tsm_off,502,10,-0.45892857142857085,-0.015011682242990633,2.476190476190479,0.7603560749753187,3,0.8851693318856756,36.34014000829558,0.43585466135442885,0.7603560749753187,29.96381463692464,0.08479581872404376,1.7453950284271251,0.7479559437393956,True,True,-0.03922915518009673,True,True,VAL,swing_high,limit,XRX,XLF,off,63.5,2020-09-04,1863,-359.0932499999995
2020-09-08 10:00:00,369.47,362.52,388.38,399.55,2020-09-10 15:54:00,stop,495,2,-1.0526611510791364,-0.019801323517471093,2.7208633093524957,0.3617828854311934,3,0.70386480932814,52.18881592133424,0.1334009556741115,0.3617828854311934,21.867562237675486,0.1547363470651673,1.0356903058216775,0.33362517413620535,True,True,0.04571976283991841,True,True,AVWAP,swing_high,limit,TFX,XLV,off,55.0,2020-09-04,64,-468.2236800000029
2020-09-08 10:00:00,31.27,30.53,33.58,37.09,2020-09-08 15:54:00,stop,493,0,-1.041756756756757,-0.02465302206587779,3.1216216216216264,0.6769907641422984,2,0.6093618882774096,54.18954425966205,0.3057357445993065,0.6769907641422984,21.681077820897556,-0.09899695273666573,1.0922731337436826,0.08667451062283714,True,True,-0.09116080057245934,True,True,POC,swing_high,limit,CMA,XLF,off,51.9,2020-09-04,765,-589.7384999999988
2020-09-08 10:00:00,88.35,86.87,91.32,98.38,2020-09-08 15:54:00,stop,494,0,-1.0591959459459463,-0.017743180531974986,2.00675675675677,0.58242346575795,2,0.6486283484678841,64.54768990879491,0.16772459868179432,0.58242346575795,21.010724960093814,-0.2145850237323857,1.3363624886591825,0.04587775252610028,True,True,-0.0727829453904344,True,True,POC,swing_high,limit,JPM,XLF,off,50.4,2020-09-04,27,-42.325469999999726
2020-09-09 10:00:00,325.99,311.85,354.84,361.72,2020-09-21 15:54:00,stop,503,8,-1.0225544554455446,-0.044353875885763325,2.0403111739745396,0.8450996146979257,3,1.709449992843928,-20.412348629380674,0.36459416986867016,0.8450996146979257,40.87823743139689,0.09250543030382574,1.4015928393181367,0.6274127769252474,True,True,0.0697026059011856,True,True,VAL,swing_high,limit,MA,XLF,off,80.5,2020-09-08,72,-1041.042239999999
2020-09-09 10:00:00,268.36,253.59,297.91,309.93,2020-09-17 15:54:00,stop,500,6,-1.0575951252538933,-0.058207929646743234,2.0006770480704126,0.7710538046557343,3,1.4036980083282675,9.088970687262316,0.45376062994129374,0.7710538046557343,39.8288158766452,0.023172373668597982,1.9902271877988962,0.8554729680205284,True,True,0.1460136328640116,True,True,POC,swing_high,limit,FB,XLK,off,76.2,2020-09-08,8,-124.96544000000011
2020-09-09 10:00:00,31.11,29.53,34.27,38.28,2020-11-10 15:54:00,trail,358,44,-0.8735640073475404,-0.04436615659302836,2.0000000000000044,0.3244849388798199,2,0.7488332630097468,65.90728197564911,0.3351805059206682,0.3244849388798199,25.384644272083335,0.16963372417167188,0.9303610298633606,0.15307766234485062,True,True,0.349401339510661,True,True,POC,LRC_upper,limit,CRWD,XLK,off,53.8,2020-09-08,2,-2.7604622632182245
2020-09-10 10:00:00,10.89,10.6,11.48,11.83,2020-09-10 15:54:00,stop,495,0,-1.037051724137931,-0.027616620752984475,2.034482758620683,0.6662914363897839,2,0.892437070539869,27.76532413781238,0.29369335249912526,0.6662914363897839,28.072892555693333,-0.01744614471144436,1.021465020712068,0.07533895609223959,True,True,-0.012379227330320819,True,True,VAL,swing_high,limit,CTL,XLF,off,59.2,2020-09-09,1,-0.30074500000000093
2020-09-11 10:00:00,363.52,350.39,389.79,407.65,2020-09-18 15:54:00,stop,502,5,-1.0271862147753237,-0.03710099856954224,2.0007616146230043,0.6544431589654166,3,1.1797708578204942,2.0907858860150874,0.2963144342419613,0.6544431589654166,28.90196328974182,0.21259210066596296,1.446282422246038,0.886492877529791,True,True,0.13213895368193218,True,True,swing_low,swing_high,limit,IDXX,XLV,off,64.6,2020-09-09,63,-849.6781649999997
2020-09-11 10:00:00,134.53,131.78,140.03,147.93,2020-09-21 15:54:00,stop,502,6,-1.04842,-0.02143131643499591,2.0,0.7048856998327531,2,0.8090033231354834,6.034872350027749,0.2662244573050505,0.7048856998327531,33.51696161820528,-0.026206347806667238,1.3731703963799848,0.5248259400363005,True,True,0.06253826000799201,True,True,swing_low,swing_high,limit,AAP,XLF,off,61.0,2020-09-10,2,-5.76631
2020-09-18 10:00:00,145.93,143.13,151.96,172.02,2020-09-21 15:54:00,stop,503,1,-1.051617857142857,-0.02017768793257049,2.15357142857142,0.8995032962771016,3,0.8811884559541389,48.8649343863318,0.3411885150624745,0.8995032962771016,30.096678363645566,0.1729708717209111,2.0724923367884016,0.10415836943839944,True,True,0.05318248250872615,True,True,VAH,LRC_upper,limit,MSI,XLK,off,71.2,2020-09-17,14,-41.22342000000016
2020-09-22 10:00:00,217.88,212.39,228.86,237.35,2020-09-23 15:54:00,stop,505,1,-1.0391867030965392,-0.02618475766476964,2.0,0.5915956561801717,3,0.8331281141169398,29.085449029887567,0.2552607313771102,0.5915956561801717,21.351403246471023,0.10132466575455079,1.2317435554212288,0.3453739266481687,True,True,0.19921427192262797,True,True,VAL,52w_high,limit,CRL,XLV,off,70.1,2020-09-21,107,-610.449445000001
2020-09-22 10:00:00,271.15,264.8,283.86,296.56,2020-09-23 15:54:00,stop,505,1,-1.042200787401575,-0.02440706251152486,2.001574803149623,0.521175973140546,2,0.7655441885369688,30.202936077819302,0.22171723536566368,0.521175973140546,17.19431518429166,0.0561374690190193,1.074689390085392,-0.35324344561025295,True,True,0.2246685521005527,True,True,VAL,swing_high,limit,WST,XLV,off,59.3,2020-09-21,86,-569.145849999997
2020-09-22 10:00:00,11.72,11.16,14.83,15.27,2020-09-22 15:54:00,stop,503,0,-1.0204285714285715,-0.048757679180887414,5.553571428571423,0.06619003506712522,3,1.2827621229966608,69.56534531965073,0.05284122975359071,0.06619003506712522,14.092050466925983,0.12229005582495499,1.109676789738988,0.7949854611714479,True,True,0.11254420812934751,True,True,AVWAP,52w_high,limit,MAT,XLF,off,58.7,2020-09-21,2002,-1144.0228800000011
2020-09-22 10:00:00,30.0,29.05,31.91,33.58,2020-09-22 15:54:00,stop,503,0,-1.0310789473684212,-0.03265083333333331,2.0105263157894755,0.5849889277253183,2,0.7900334256005545,3.116615062962263,0.24362778897163045,0.5849889277253183,25.97325175159178,-0.03231801887736396,1.006610621020834,0.3355876235835938,True,True,-0.042442695964653665,True,True,swing_low,swing_high,limit,CMA,XLF,off,51.5,2020-09-21,7,-6.856674999999996
2020-09-23 10:00:00,62.86,59.7,69.18,72.93,2020-09-24 15:54:00,stop,505,1,-1.0193924050632912,-0.051245307031498516,2.0000000000000044,0.763733982150555,3,1.0196262045164697,33.40179608740585,0.6636394945526161,0.763733982150555,39.16256994861279,0.027685447916290837,1.6850917736064048,0.7751617951387205,True,True,0.26109754946920716,True,True,VAL,swing_high,limit,PVH,XLF,off,72.9,2020-09-22,358,-1153.218239999999
2020-09-23 10:00:00,20.12,19.37,21.67,22.66,2020-09-23 15:54:00,stop,504,0,-1.0263266666666666,-0.038257703777335984,2.0666666666666678,0.6531905092397642,2,0.9654131641501796,1.0452186384946647,0.247343283417148,0.6531905092397642,23.866127778160966,-0.28273336329026705,1.1518564486817835,0.0351250895075652,True,True,-0.02887715272560487,True,True,VAL,swing_high,limit,DISCK,XLF,off,55.8,2020-09-22,1,-0.769745
2020-09-24 10:00:00,21.73,21.18,23.79,32.44,2020-09-24 15:54:00,stop,506,0,-1.0390090909090908,-0.02629797514956285,3.7454545454545385,0.7637599595496538,2,0.6039555052759192,-4.275441832599209,0.31837326465748844,0.7637599595496538,30.11531693738024,-0.08159066005443184,1.14028585782113,0.3273463763129968,True,True,0.08936830065243173,True,True,VAL,swing_high,limit,SYF,XLF,off,66.6,2020-09-23,1045,-597.1704750000008
2020-09-24 10:00:00,29.24,28.24,31.47,36.36,2020-09-24 15:54:00,stop,505,0,-1.02874,-0.03518262653898769,2.2300000000000004,0.7518916550827962,2,0.7660783204194098,19.21793270622149,0.7767792943402964,0.7518916550827962,47.66553502007962,0.0017228505457508097,1.3988376937675884,-0.8996901271626777,True,True,1.0621265708906202,True,True,VAL,52w_high,limit,LB,XLF,off,65.7,2020-09-23,776,-798.30224
2020-09-25 10:00:00,29.66,28.88,33.75,35.69,2021-01-28 15:54:00,trail,591,85,9.672584639806093,0.2543700613300325,5.243589743589736,0.6072408029786621,3,0.5241992775518126,31.364636184185414,0.3716045074946351,0.6072408029786621,30.72612398377213,0.04264600263371442,1.1734073522166142,0.605915848780294,True,True,0.20627791151759345,True,True,AVWAP,LRC_upper,limit,WRK,XLF,off,74.8,2020-09-24,753,5681.09586234372
2020-09-28 10:00:00,62.04,58.48,69.18,72.93,2020-09-29 15:54:00,stop,508,1,-1.0169269662921347,-0.05835364281108966,2.005617977528091,0.7493534184224592,3,1.181753119843789,10.325826045651269,0.645388657027975,0.7493534184224592,32.172753824131796,0.03320799103021614,1.2992578461377733,0.2552272588148577,True,True,0.275307240161657,True,True,VAL,swing_high,limit,PVH,XLF,off,80.0,2020-09-25,322,-1165.7237200000006
2020-09-28 10:00:00,311.28,295.84,342.16,351.57,2021-03-04 15:54:00,trail,616,108,3.398715795177999,0.1685818937212423,2.0000000000000036,0.2506905158385364,2,1.4716625890357213,32.02723785438079,0.17271599895364806,0.2506905158385364,20.40914682937424,0.055067808699358435,1.5988443389017448,-0.797376154150647,True,True,0.03111929700996341,True,True,swing_low,LRC_upper,limit,INTU,XLK,off,54.2,2020-09-25,73,3830.7605470610256
2020-09-28 10:00:00,113.12,110.07,119.22,123.58,2020-12-09 15:54:00,tsm_off,558,52,1.476908196721303,0.039821163366336544,1.9999999999999907,0.3894686890904833,2,0.7233243655416077,67.02297053902646,0.17936007045387642,0.3894686890904833,22.99070209161927,0.1362388226900083,0.9573987531681075,0.19104401237064322,True,True,-0.06728494129661122,True,True,AVWAP,LRC_upper,limit,ALXN,XLV,off,44.1,2020-09-25,3,13.513709999999971
2020-09-29 10:00:00,31.06,29.88,36.21,37.4,2020-09-29 15:54:00,stop,508,0,-1.025822033898305,-0.03897198969735994,4.36440677966102,0.6967465100575503,2,0.885257369627012,37.54193415536772,0.6730620865804479,0.6967465100575503,42.69432147651265,0.1349027466212967,1.321627197180622,-0.7934733728714976,True,True,0.9270605400682299,True,True,VAH,LRC_upper,limit,LB,XLF,off,74.2,2020-09-28,1,-1.2104699999999997
2020-09-30 10:00:00,127.67,125.12,132.79,136.42,2020-10-02 15:54:00,stop,512,2,-1.0495666666666668,-0.020963382157123813,2.0078431372549006,0.12024729072912134,3,0.8037560737118747,58.90882136100045,0.049271335462157104,0.12024729072912134,15.338257455670279,0.16051546269148292,1.239654466408272,0.31992087942440217,True,True,0.053541837272362836,True,True,AVWAP,LRC_upper,limit,FIS,XLF,off,47.3,2020-09-29,147,-393.43006499999956
2020-10-01 10:00:00,31.58,29.91,35.88,37.32,2021-01-25 15:54:00,trail,588,78,5.557087882442036,0.2938675352653005,2.574850299401203,0.6672529817898318,2,1.1712260720481475,41.892156479876654,0.5981145941930832,0.6672529817898318,40.95386351489504,0.012269393840547076,1.3169253885306267,-0.653310182951533,True,True,0.9680695771344463,True,True,VAH,LRC_upper,limit,LB,XLF,off,70.2,2020-09-30,3,27.841010291034568
2020-10-05 10:00:00,24.35,23.08,32.44,33.34,2020-10-26 15:54:00,stop,528,15,-1.0186732283464566,-0.05312997946611922,6.370078740157462,0.6807379479530783,2,1.3943257369286723,72.18942964288527,0.284417110861472,0.6807379479530783,23.20388032083836,0.011361461061969997,1.1075309269006217,-0.45891358932049164,True,True,0.1502207105492217,True,True,VAH,52w_high,limit,SYF,XLF,off,71.9,2020-10-02,754,-975.4611100000022
2020-10-27 10:00:00,292.52,287.42,306.24,313.27,2020-10-28 15:54:00,stop,529,1,-1.5546470588235373,-0.02710481334609595,2.690196078431396,0.2051565389587359,3,0.6332106358717676,69.17327911787913,0.17075594951644343,0.2051565389587359,32.35612155094859,0.20607697418341042,1.1771204375536868,0.8533186117535002,True,True,0.061981950915931394,True,True,POC,52w_high,limit,ANTM,XLV,off,52.3,2020-10-26,59,-467.7932999999992
2020-10-29 10:00:00,10.24,9.72,11.29,11.96,2021-03-04 15:54:00,trail,616,85,15.21125514942,0.7724465505564837,2.0192307692307687,0.7850219046508428,2,1.2871722864018977,28.702094050878447,0.6336265653794187,0.7850219046508428,35.07979588540396,-0.11590663949395842,1.514710741246385,0.873627213643155,True,True,0.32546472763369594,True,True,VAL,swing_high,limit,IVZ,XLF,off,66.0,2020-10-28,1654,13082.896328913142
2020-11-10 10:00:00,472.58,459.51,511.47,529.08,2020-11-10 15:54:00,stop,539,0,-1.0356576128538637,-0.028642864700156572,2.9755164498852382,0.825232681716959,2,0.8534684829587422,26.25340053512437,0.35914015653088815,0.825232681716959,33.365182156853486,-0.20418181154913378,1.4638499431850727,0.8926301578696422,True,True,0.08125571212641391,True,True,POC,LRC_upper,limit,TMO,XLV,off,65.9,2020-11-09,52,-703.8743399999996
2020-11-11 10:00:00,101.16,91.8,120.48,128.62,2021-03-04 15:54:00,trail,615,76,0.6918325137988808,0.06401297280701387,2.064102564102565,0.5964103462960788,2,2.135767540047207,70.12014568607626,0.31199721418286874,0.5964103462960788,26.243013831443996,-0.17090234131759646,2.4565508068248594,0.7649882864141869,True,True,0.03728235833464599,True,True,AVWAP,52w_high,limit,CTLT,XLV,off,59.6,2020-11-10,129,835.3462504613207
2020-11-12 10:00:00,305.92,293.74,344.22,355.12,2020-11-13 15:54:00,stop,542,1,-1.0246165845648605,-0.040794423378661106,3.144499178981937,0.8101660430533332,3,0.8565586240936918,10.327573758359119,0.5817577530589307,0.8101660430533332,24.796773697851965,0.0313096961806471,1.7848739664049305,0.7531223380874018,True,True,0.033665761338801836,True,True,swing_low,52w_high,limit,MPWR,XLK,off,76.7,2020-11-11,45,-561.5923500000004
2020-11-16 10:00:00,69.17,67.03,73.63,76.63,2021-02-25 15:54:00,trail,610,68,1.7046403044040959,0.052738618641387396,2.084112149532707,0.7387451005717676,3,0.7903211314548864,16.130683376229115,0.3300028403987125,0.7387451005717676,19.7044234700761,0.14150410911042594,1.364939906546583,0.3374196026110819,True,True,-0.07538459033789768,True,True,swing_low,swing_high,limit,HOLX,XLV,off,62.2,2020-11-13,191,696.7546780221303
2020-12-03 10:00:00,383.83,377.56,396.37,417.07,2020-12-18 15:54:00,stop,566,11,-1.0607169059011166,-0.01732718912018337,2.000000000000009,0.7519843093030751,3,0.6050700004896605,48.397703109528436,0.47232879848614046,0.7519843093030751,29.709887071939043,0.18421746519423815,1.3779015558976366,0.5256245259110198,True,True,0.04888780680225424,True,True,swing_low,swing_high,limit,TDY,XLK,off,66.7,2020-12-02,52,-345.83613999999903
2020-12-10 10:00:00,225.58,221.84,233.06,241.42,2021-01-27 15:54:00,trail,591,31,0.49076405403596773,0.008136614780098075,1.9999999999999925,0.710876352740984,3,0.8943126103909057,33.37924976285432,0.26446634039943145,0.710876352740984,20.98629892825401,0.14911504867056413,1.5716299141778762,0.7724720744127762,True,True,-0.1384095825653875,True,True,VAL,52w_high,limit,ACN,XLK,off,58.9,2020-12-09,2,3.6709151241890474
2020-12-21 10:00:00,113.5,111.59,125.84,129.61,2021-02-02 15:54:00,trail,595,28,-0.23953960470834917,-0.0040310188986162655,6.460732984293207,0.805088481907807,2,0.7117442535347496,41.14036070846417,0.536107247582645,0.805088481907807,29.09202588393609,0.03786919379770249,1.1642805346320177,-0.5774822157109787,True,True,0.08116686646462212,True,True,VAH,LRC_upper,limit,DVA,XLV,off,68.5,2020-12-18,173,-79.15107158377967
2021-01-26 10:00:00,147.71,143.51,164.07,174.62,2021-01-27 15:54:00,stop,591,1,-1.0346690476190474,-0.029419876785593504,3.895238095238076,0.7460078432460149,3,1.281403622363023,0.7542943833578679,0.32592470157369313,0.7460078432460149,38.6348914089327,0.05733704821336749,1.131827646993545,0.25154142320115724,True,True,-0.06546453633933436,True,True,AVWAP,swing_high,limit,CME,XLF,off,72.4,2021-01-25,1,-4.345610000000017
2021-01-28 10:00:00,183.59,177.02,196.75,204.52,2021-03-04 15:54:00,trail,616,24,1.999192357586452,0.07154362323298097,2.003044140030443,0.640203410812381,2,1.5445146636264118,25.951717887523145,0.242120274701687,0.640203410812381,31.046454825760676,0.13708331933122317,0.8651033892570701,0.8213655526125074,True,True,0.0060687862337098775,True,True,AVWAP,52w_high,limit,AMP,XLF,off,56.0,2021-01-27,3,39.404081368028926
2021-01-29 10:00:00,7.093,6.63,8.32,11.47,2021-03-18 15:54:00,trail,625,33,7.173085582947525,0.46822763638865145,2.6501079913606915,0.7429908858063117,3,1.0026509469476546,11.867453631044672,0.6212180104824022,0.7429908858063117,30.50686330939861,0.09770510264134738,1.411362890714618,0.5785244527294241,True,True,0.47926888231782105,True,True,swing_low,swing_high,limit,MRO,XLF,off,76.5,2021-01-28,2864,9511.741021727074
2021-01-29 10:00:00,76.18,73.24,82.07,86.01,2021-03-25 15:54:00,trail,631,38,0.9735884353741449,0.03757351010763976,2.003401360544205,0.8355596124789729,2,0.9085914361622619,7.9570563412485456,0.5025312310761704,0.8355596124789729,48.54096082180287,-0.08476317763118225,1.0929368699930435,0.23311181450021234,True,True,0.21248015645750384,True,True,VAL,swing_high,limit,MU,XLK,off,70.0,2021-01-28,102,291.95969999999977
2021-02-03 10:00:00,98.15,94.33,105.8,110.32,2021-03-05 15:54:00,trail,617,21,0.9972820175682832,0.038814236445347414,2.0026178010471143,0.7428035010230087,3,0.9954217224876927,44.26524271152496,0.5059196514975404,0.7428035010230087,37.62066545783342,0.06419361817114294,1.5941909579868954,0.6030139337761575,True,True,0.35491981902629033,True,True,POC,52w_high,limit,AMAT,XLK,off,73.1,2021-02-02,199,758.1138441150588
2021-02-26 10:00:00,139.01,137.51,143.4,148.27,2021-02-26 15:54:00,stop,612,0,-1.0921733333333334,-0.01178519530968995,2.9266666666666765,0.6983770792543479,2,0.6527934323481988,14.267879328514956,0.18381025126368847,0.6983770792543479,15.863677038152684,-0.13671415351412186,1.115149546732263,0.2909096393366677,True,True,-0.1373051542561955,True,True,VAL,swing_high,limit,JNJ,XLV,off,52.3,2021-02-25,100,-163.826
2021-03-01 10:00:00,567.5737,537.42,634.46,664.15,2021-03-03 15:54:00,stop,615,2,-1.018322688426296,-0.05410080990363026,2.218178863622038,0.5173022584241992,3,1.349050272505484,17.887142698883284,0.26078707099111803,0.5173022584241992,23.332786921674643,0.06650419822142989,1.2809193389345541,0.1633468167609441,True,True,-0.0755469667575489,True,True,swing_low,swing_high,limit,ALGN,XLV,off,58.7,2021-02-26,24,-736.9487244000017
2021-03-05 10:00:00,7.48,7.04,8.37,9.1,2021-07-19 15:54:00,trail,709,93,1.5503977272727247,0.09119986631016036,2.022727272727268,0.30906449102723793,3,0.8379483858035606,63.776963186386624,0.2459417929330133,0.30906449102723793,16.439519625678386,0.15540367887380022,1.3870287104718941,0.6616112719385675,True,True,-0.12133847159328892,True,True,AVWAP,swing_high,limit,COTY,XLF,off,44.8,2021-03-04,3331,2272.3249249999985
2021-03-05 10:00:00,82.49,80.64,86.2,88.11,2021-06-18 15:54:00,trail,690,73,6.387533594079401,0.14325296580248342,2.005405405405416,0.2775102028068974,2,0.8118824338545737,45.65464063448574,0.10961715385361985,0.2775102028068974,13.50103166297786,-0.07660394376236006,1.0183538332750504,0.46008263807482697,True,True,-0.17454759848977064,True,True,VAL,52w_high,limit,NTRS,XLF,off,39.8,2021-03-04,355,4195.012687911635
2021-03-08 10:00:00,478.14,464.81,516.3,536.47,2021-03-08 15:54:00,stop,618,0,-1.0353694673668417,-0.02886492449910065,2.8627156789197308,0.7786262424658285,3,0.7983687214316504,30.08029073665488,0.5477486321570706,0.7786262424658285,44.74778603124752,0.23104519101096413,1.1105876196684772,0.5117486209078468,True,True,0.002584319134419477,True,True,VAL,swing_high,limit,ZBRA,XLK,off,71.7,2021-03-05,62,-855.6914499999991
2021-03-08 10:00:00,96.46,94.98,100.44,102.46,2021-03-11 15:54:00,stop,621,3,-1.0646756756756761,-0.016335475844909703,2.6891891891892103,0.6493876564444091,2,0.5915990548335677,36.2189664867955,0.1742643945445052,0.6493876564444091,21.62398051317855,-0.14607199581814015,1.1702407976665472,0.15852114092311972,True,True,-0.10672586706088805,True,True,VAL,52w_high,limit,COO,XLV,off,52.7,2021-03-05,213,-335.6283599999978
2021-03-09 10:00:00,196.99,192.55,205.88,222.56,2021-03-12 15:54:00,stop,622,3,-1.0438671171171172,-0.023527945580993945,2.00225225225225,0.6385776712832338,2,0.9266622963779009,28.701046320879946,0.41471529078122066,0.6385776712832338,33.14656368929361,0.0006091887263721625,1.5794125939362436,-0.4793915860310526,True,True,0.1172283553821607,True,True,POC,52w_high,limit,LLY,XLV,off,63.8,2021-03-08,146,-676.6764199999997
2021-03-10 10:00:00,38.37,37.14,42.29,44.88,2021-03-25 15:54:00,stop,631,11,-1.1850894308943076,-0.03798957518894956,3.1869918699187085,0.717964991051879,3,0.5727886185612787,7.1768818374032834,0.4342513153630815,0.717964991051879,24.67110989768654,0.25837833649557307,1.4259788150049524,0.27166764157548695,True,True,0.03184943911191751,True,True,AVWAP,swing_high,limit,ON,XLK,off,68.1,2021-03-05,1,-1.4576599999999946
2021-03-10 10:00:00,12.46,11.92,13.54,14.27,2021-05-13 15:54:00,trail,665,45,1.801037695223565,0.07805460316378224,1.9999999999999933,0.04325015819663977,2,0.8261659333212801,7.562662217715623,0.08216354631384139,0.04325015819663977,27.254983338454256,0.006019426825414366,1.013366967031626,-0.7348250363081048,True,False,-0.2784187268745688,True,True,AVWAP,swing_high,limit,NVDA,XLK,off,32.1,2021-03-09,1,0.9725603554207268
2021-03-12 10:00:00,282.35,275.87,303.79,312.92,2021-03-24 15:54:00,stop,630,8,-1.0430725308641975,-0.02393876394545783,3.3086419753086322,0.43907237723863435,2,0.6748729113969226,41.814957953807294,0.2018786452888227,0.43907237723863435,19.319232660550895,0.10207698969242757,1.2712322905690088,-0.7790037824419191,True,True,-0.09797339801735327,True,True,VAL,52w_high,limit,CRL,XLV,off,48.1,2021-03-11,71,-479.89681000000127
2021-03-17 10:00:00,150.25,144.38,170.8,185.98,2021-03-17 15:54:00,stop,571,0,-1.0250962521294718,-0.040048685524126486,3.5008517887563877,0.10953617164856098,3,0.5295522307939813,45.797658793451255,0.3191631735818632,0.10953617164856098,24.082151551975382,0.05658074195696202,1.6381554292956624,0.003892007775885998,True,True,-0.252823409920817,True,True,swing_low,swing_high,limit,MRNA,XLV,off,38.0,2021-03-16,188,-1131.2552200000007
2021-03-19 10:00:00,93.7,92.14,99.29,101.88,2021-03-23 15:54:00,stop,629,2,-1.0595641025641025,-0.017640554962646767,3.5833333333333304,0.7078967681622425,3,0.5973068255694424,68.02885165218294,0.4175884530232417,0.7078967681622425,46.71408189196098,0.1359184948534013,1.2312616998924246,0.5458423637136303,True,True,0.030602367116195905,True,True,POC,LRC_upper,limit,CINF,XLF,off,66.5,2021-03-18,312,-515.7110400000007
2021-03-19 10:00:00,40.11,39.36,41.61,42.6,2021-03-22 15:54:00,stop,627,1,-1.05298,-0.01968922961854899,2.0,0.161408120776773,2,0.8767061869759974,68.54059783814925,0.08275738817663136,0.161408120776773,20.90699860131074,-0.13064146942646981,1.085293502010997,0.027395088718647518,True,True,-0.18602943394577642,True,True,POC,52w_high,limit,DRE,XLV,off,33.5,2021-03-18,690,-544.91715
2021-03-23 10:00:00,38.1,37.32,39.76,41.25,2021-03-23 15:54:00,stop,629,0,-1.0483461538461538,-0.02146220472440948,2.1282051282051206,0.5642719501914271,2,0.9168966867042893,10.437614363269574,0.16811014855787026,0.5642719501914271,11.16956869362053,-0.1723280355650498,1.2731992958337017,0.14116927401627133,True,True,-0.16439825641840877,True,True,swing_low,swing_high,limit,BSX,XLV,off,47.9,2021-03-22,712,-582.2095200000008
2021-03-24 10:00:00,23.96,21.74,28.4,30.69,2021-06-04 15:54:00,trail,679,50,1.2323734412432978,0.11418485140067296,1.999999999999997,0.7620167344156087,3,1.8313846029065517,19.12864453247399,0.7114544938479067,0.7620167344156087,43.69019393279516,0.026190993635464756,1.3401923192013947,0.8946422911309407,True,True,0.08597086554648947,True,True,AVWAP,52w_high,limit,GPS,XLF,off,70.7,2021-03-23,634,1734.540971081119
2021-03-24 10:00:00,135.68,132.03,143.82,170.25,2021-03-24 15:54:00,tsm_off,629,1,-0.6313958904109623,-0.01698551739386804,2.2301369863013627,0.060853688753102105,2,0.9461256828995598,72.10505771225908,0.039428459706539534,0.060853688753102105,10.984287335570386,0.013222815666159737,1.1599843394141518,-0.48693697667622887,True,True,-0.18278898150864042,True,True,AVWAP,swing_high,limit,CTXS,XLV,off,32.7,2021-03-22,207,-477.0511650000033
2021-03-25 10:00:00,28.09,27.47,29.33,29.94,2021-04-08 15:54:00,stop,639,9,-1.0448064516129032,-0.02306087575649701,1.9999999999999942,0.6740487784833193,3,1.0280640368595682,46.952536253771996,0.20873398191028786,0.6740487784833193,26.111313427977617,0.027038281611442033,1.4688113743036335,0.9371294024426433,True,True,-0.18475008479003352,True,True,swing_low,LRC_upper,limit,CAG,XLV,off,58.5,2021-03-24,993,-643.245540000001
2021-03-26 10:00:00,130.51,127.29,136.95,141.38,2021-08-12 15:54:00,trail,728,96,3.0852344720497107,0.07612025898398607,2.000000000000009,0.2718173500154533,2,0.8317487405823735,54.5002191722756,0.10513678058452246,0.2718173500154533,14.928679615909834,-0.11185726680636708,1.0157825252618133,0.4559670194187136,True,True,-0.2216808001778544,True,True,swing_low,swing_high,limit,UHS,XLV,off,35.9,2021-03-25,219,2175.645645000005
2021-03-26 10:00:00,20.39,19.97,21.24,23.4,2021-05-06 15:54:00,tsm_off,377,29,-0.45310714285714504,-0.00933325159391867,2.0238095238095104,0.02458448893120364,2,0.7891304420349288,52.25121459572364,0.028912661050570512,0.02458448893120364,20.157336640802125,-0.055069824567002226,1.0039974670487775,0.7652642631316401,True,True,-0.22682024508114051,True,True,AVWAP,swing_high,limit,NLOK,XLK,off,30.2,2021-03-25,530,-100.8616500000009
2021-04-09 10:00:00,52.35,51.09,54.88,56.65,2021-05-04 15:54:00,stop,658,17,-1.183833333333339,-0.028493409742120435,2.007936507936512,0.7752029604001706,3,0.9138202157747426,71.24653870464994,0.4390931716831931,0.7752029604001706,24.701697147254183,0.11858354426083814,1.6040727372100703,0.8918155754406415,True,True,-0.04483729485434884,True,True,VAH,LRC_upper,limit,JBL,XLK,off,63.3,2021-04-08,520,-775.6476000000024
2021-04-13 10:00:00,28.51,27.94,29.66,30.28,2021-06-17 15:54:00,stop,688,46,-1.0495175438596491,-0.020982988425114008,2.0175438596491193,0.7203026501062599,3,0.836620435698896,30.77709787524495,0.23203848300458318,0.7203026501062599,20.287910647754906,0.11127670658458139,1.3463023373074623,0.5065310235679729,True,True,-0.12561260008419595,True,True,VAL,52w_high,limit,CAG,XLV,off,61.0,2021-04-12,1,-0.5982250000000003
2021-05-05 10:00:00,64.17,63.25,68.23,70.26,2021-08-05 15:54:00,trail,723,64,4.080404999732653,0.05850043010369406,4.413043478260864,0.2845307809202661,3,0.5484394727589402,49.617573894576125,0.12332397043319752,0.2845307809202661,17.04030397601501,0.02723466308347995,1.3090282472268278,0.6470123465784099,True,True,-0.162965593960665,True,True,VAH,LRC_upper,limit,CNC,XLV,off,50.4,2021-05-04,412,1546.6367110986678
2021-05-10 10:00:00,76.61,73.5,82.83,87.41,2021-05-12 15:54:00,stop,664,2,-1.0241334405144693,-0.04157492494452421,2.0,0.7964411958398087,3,1.350941021234341,54.45261402039334,0.4875472210045283,0.7964411958398087,36.06832685417451,0.24182418951078946,2.4134533646905076,0.827536579142717,True,True,0.03258072905858733,True,True,swing_low,swing_high,limit,STX,XLK,off,66.5,2021-05-07,140,-445.9076999999999
2021-05-13 10:00:00,19.76,19.27,20.74,21.51,2021-09-13 15:54:00,trail,749,84,4.2228469387754926,0.10471634615384613,1.9999999999999856,0.8432912912529673,3,0.9724938061371489,-3.0264742601062817,0.3350100849226425,0.8432912912529673,22.70114595919855,0.12014241365787749,1.4654943971584924,0.4555072034080094,True,True,-0.18452446235888809,True,True,VAL,52w_high,limit,ANET,XLK,off,63.9,2021-05-12,520,1075.9814
2021-05-28 10:00:00,13.22,12.92,13.83,14.53,2021-06-16 15:54:00,stop,688,12,-1.0435666666666668,-0.02368154311649022,2.0333333333333266,0.007198258091697393,2,0.6967421601195186,70.49495421822478,0.015951191190514722,0.007198258091697393,14.457532426399338,-0.08227953751924615,1.2265102097262301,0.16797321010086688,True,False,-0.09295095671787834,True,True,AVWAP,swing_high,limit,FLEX,XLK,off,31.4,2021-05-27,1,-0.31307000000000074
2021-06-07 10:00:00,27.6,26.8,29.2,30.03,2021-06-17 15:54:00,stop,406,8,-1.034,-0.029971014492753648,1.9999999999999956,0.7124165233811267,3,1.2524409210435123,71.08999526395694,0.5588334740356923,0.7124165233811267,54.92946314876129,0.21341743491133433,2.2707762685871304,0.95246685501763,True,True,0.2703103740304156,True,True,POC,LRC_upper,limit,NLOK,XLK,off,73.5,2021-06-04,613,-507.07360000000045
2021-06-18 10:00:00,455.79,447.19,473.0,482.99,2021-09-30 15:54:00,trail,762,72,7.590109211807166,0.14321274977849843,2.001162790697667,0.6481641384204373,3,0.9650346357974562,72.26136739655774,0.30169041318410195,0.6481641384204373,33.484831537360215,0.2344904154588772,1.569737059912611,0.8683344461010315,True,True,0.1963800463480423,True,True,VAH,LRC_upper,limit,INTU,XLK,off,70.2,2021-06-17,36,2349.8978119755047
2021-06-18 10:00:00,48.34,47.33,50.36,52.12,2021-09-20 15:54:00,trail,754,64,15.598932982499495,0.325918955571464,1.999999999999986,0.14873561053568682,3,1.0205029903128033,73.39605475362151,0.10828845291721112,0.14873561053568682,29.941604742585668,0.19364761072524883,1.0302137915480563,0.9138904118335882,True,True,0.007607851393816034,True,True,VAH,52w_high,limit,ARES,XLF,off,44.9,2021-06-17,1,15.75492231232457
2021-06-22 10:00:00,37.45,36.61,41.75,43.63,2021-08-05 15:54:00,trail,722,31,1.0347968013123137,0.023210395543453857,5.119047619047595,0.8583274804279653,3,0.6636555769798951,-18.436386079226402,0.5254972428843001,0.8583274804279653,42.83118467092634,0.07511793210756268,1.2503140569387046,0.5426409553292301,True,True,0.2787294565002625,True,True,AVWAP,52w_high,limit,DXC,XLF,off,85.7,2021-06-21,817,710.1603488046176
2021-06-22 10:00:00,379.95,359.59,427.5,468.55,2021-06-24 15:54:00,stop,694,2,-1.4909113457760308,-0.07989197262797738,2.3354616895874254,0.5530350866890036,3,1.0827871040674146,61.57290920180174,0.7305614011500949,0.5530350866890036,49.16788429089021,0.08556155143542982,1.3312369566977253,0.773985683904668,True,True,0.31749391605341737,True,True,VAL,swing_high,limit,BIIB,XLV,off,69.8,2021-06-21,7,-212.48468500000007
2021-06-25 10:00:00,121.16,119.28,124.92,129.59,2021-07-06 15:54:00,stop,701,6,-1.0639468085106385,-0.016508913832948134,2.0000000000000075,0.326831190754301,2,0.8410025836398822,28.87658685035199,0.14221235971050078,0.326831190754301,12.892376908740582,-0.11679639477748771,1.2436323883810159,0.022985615818445725,True,True,0.0016446214779470836,True,True,AVWAP,swing_high,limit,DVA,XLV,off,47.3,2021-06-24,22,-44.0048399999999
2021-07-07 10:00:00,223.54,218.91,234.2,239.54,2021-09-09 15:54:00,trail,747,45,3.740044157991193,0.07746445580880025,2.3023758099352065,0.8980675294165739,2,0.948708223635716,52.15010140649168,0.4776578816615985,0.8980675294165739,46.846981973141546,-0.016206615691602262,1.420531077517618,0.16106585132229603,True,True,0.22390992418960076,True,True,VAH,LRC_upper,limit,LLY,XLV,off,72.3,2021-07-06,11,190.48044896649128
2021-07-21 10:00:00,67.59,65.95,71.62,74.96,2021-08-10 15:54:00,stop,725,14,-1.0407134146341463,-0.025251812398283776,2.4573170731707314,0.9072686705844656,3,0.7711992050054082,3.9286874950971247,0.5724962664763308,0.9072686705844656,30.964417917738352,0.10765143622107877,1.3593395670440052,0.3279542796159463,True,True,-0.0027104539000410988,True,True,VAL,swing_high,limit,TWTR,XLK,off,71.6,2021-07-20,404,-689.5350800000002
2021-08-09 10:00:00,232.45,228.7,241.88,245.29,2021-08-10 15:54:00,stop,726,1,-1.0614866666666667,-0.017124435362443537,2.5146666666666686,0.6871988962409347,3,0.9284708354041002,12.65064843394452,0.1516430257041191,0.6871988962409347,18.12914204957155,0.005108262599568735,1.4538003040069887,0.5410630082663492,True,True,0.004913694720094952,True,True,swing_low,swing_high,limit,V,XLF,off,69.1,2021-08-06,131,-521.455325
2021-08-09 10:00:00,260.77,254.66,273.0,283.43,2021-08-11 15:54:00,stop,726,2,-1.0421792144026187,-0.024418894044560286,2.001636661211137,0.6187230339995485,3,0.7906128389844047,45.038921207476754,0.1696155218357118,0.6187230339995485,13.54514838080909,0.28417679974728566,1.2214628375115237,0.8134274125090457,True,True,-0.04514858360820284,True,True,swing_low,swing_high,limit,MOH,XLV,off,57.2,2021-08-06,110,-700.4486499999983
2021-08-11 10:00:00,164.84,163.18,168.17,170.62,2021-08-17 15:54:00,stop,731,4,-1.0988012048192772,-0.011065336083474864,2.006024096385537,0.9336034299966093,3,0.7182970454679724,47.452485049015586,0.2647848225418802,0.9336034299966093,29.597401665234383,0.04583139306090174,1.4583970425979216,0.7616698639109681,True,True,0.12993379577043562,True,True,VAH,52w_high,limit,KEYS,XLK,off,74.3,2021-08-10,181,-330.14580999999936
2021-08-11 10:00:00,110.67,108.69,114.64,120.5,2021-09-13 15:54:00,trail,749,22,-0.5759285544678311,-0.010303953536155307,2.0050505050505003,0.00415075062729021,3,0.836309020998721,58.41655570319229,0.00887713806192445,0.00415075062729021,18.34427604135478,0.023912453248263743,1.1897266960521313,0.8077675120326068,True,False,-0.08382666795415328,True,True,AVWAP,LRC_upper,limit,FISV,XLF,off,40.4,2021-08-10,243,-277.1022646966528
2021-08-12 10:00:00,43.63,42.37,46.16,47.42,2021-10-04 15:54:00,stop,764,36,-1.034126984126984,-0.02986477194590889,2.007936507936495,0.3866015920397959,2,1.302444869009867,22.077211166780728,0.10631787892495637,0.3866015920397959,18.076335369897677,0.12674931630362662,0.9489837539337627,0.398591292162931,True,True,-0.027828325148899102,True,True,swing_low,swing_high,limit,BSX,XLV,off,48.9,2021-08-11,642,-836.5260000000033
2021-08-13 10:00:00,268.62,258.78,288.31,298.12,2021-08-16 15:54:00,stop,730,1,-1.0267987804878047,-0.037613357158811825,2.001016260162595,0.8316580199152919,3,0.833183820857347,34.72890462829667,0.42589312689477127,0.8316580199152919,19.83128789587285,0.16042333481836368,1.1875506457137852,0.6081159548206272,True,True,0.2701763226714944,True,True,POC,LRC_upper,limit,XYZ,XLF,off,77.5,2021-08-12,111,-1121.5107000000035
2021-08-17 10:00:00,75.34,73.48,79.06,82.45,2021-08-19 15:54:00,stop,733,2,-1.0615000000000034,-0.02620639766392362,2.0,0.47104202350333796,3,1.1168907725407715,64.3800981091885,0.17944950661634165,0.47104202350333796,26.329144833437283,0.2223447739232251,1.002995645101109,0.7383051857785085,True,True,-0.00019258921366038795,True,True,POC,52w_high,limit,STT,XLF,off,54.1,2021-08-16,393,-775.9352700000022
2021-08-18 10:00:00,138.97,137.44,142.15,145.26,2021-08-19 15:54:00,stop,733,1,-1.913447712418294,-0.021066237317406578,2.0784313725490224,0.689705143049158,3,0.6611563964888595,57.30541427823537,0.2588650194454081,0.689705143049158,29.03018117684652,0.26268667080582486,1.4757676256823757,0.9224583806555304,True,True,0.09633683676953408,True,True,POC,52w_high,limit,TEL,XLK,off,67.4,2021-08-17,212,-620.6458999999983
2021-08-20 10:00:00,331.18,323.71,346.12,352.76,2021-08-26 15:54:00,stop,738,4,-1.8479839357429675,-0.041682589528353214,1.9999999999999925,0.9067201194744151,3,1.1394726708317884,32.12574072573931,0.37507304206406933,0.9067201194744151,33.65608586783779,0.29762152138150244,2.0537534626651692,0.6201273800376519,True,True,0.13947647896983506,True,True,swing_low,LRC_upper,limit,ADSK,XLK,off,78.9,2021-08-19,89,-1228.5951600000014
2021-08-20 10:00:00,46.09,45.02,48.23,49.47,2021-09-10 15:54:00,trail,747,14,-0.5643000143076754,-0.01310047765912807,1.9999999999999933,0.4995125254951409,3,1.0923968638849546,47.15949630356523,0.17262469402294334,0.4995125254951409,22.813409689184322,0.019062323406950854,1.0509940509617919,0.8706910694900177,True,True,0.01822961450220295,True,True,AVWAP,52w_high,limit,BK,XLF,off,59.1,2021-08-19,613,-370.13002238454743
2021-08-30 10:00:00,314.98,307.37,330.21,344.39,2021-09-01 15:54:00,stop,742,2,-1.040890275952694,-0.025148184011683325,2.001314060446772,0.8176427270035719,3,0.9261901508763889,-22.27124058574856,0.33986046544947635,0.8176427270035719,33.738362727312044,0.044242363051592994,1.8300729809659422,0.11227567921251977,True,True,0.045955613489900626,True,True,AVWAP,POC,limit,ADSK,XLK,off,70.4,2021-08-27,89,-704.9845750000012
2021-09-02 10:00:00,72.64,71.47,76.3,77.44,2021-09-10 15:54:00,stop,748,5,-1.0615854700854699,-0.017098774779735707,3.1282051282051206,0.3453453550960881,3,0.8821549755201107,71.82656724831892,0.07805467245527356,0.3453453550960881,14.093967498650624,0.26014731486945525,1.0957319754028503,0.5253302334460722,True,True,-0.058351624209713515,True,True,swing_low,52w_high,limit,CVS,XLV,off,57.8,2021-09-01,379,-470.73884500000065
2021-09-10 10:00:00,40.95,40.12,42.63,44.72,2021-09-13 15:54:00,stop,748,1,-1.04883734939759,-0.02125848595848609,2.024096385542155,0.3869415813165681,2,1.064504387214167,65.84307251364804,0.15143673520995798,0.3869415813165681,21.82015012396567,0.04753157934747741,0.7912547214208683,0.4170455542366185,True,True,-0.11126743341732337,True,True,swing_low,swing_high,limit,WBA,XLV,off,42.6,2021-09-09,65,-56.58477500000035
2021-09-13 10:00:00,179.6,177.35,184.11,188.22,2021-09-13 15:54:00,stop,749,0,-1.0793222222222223,-0.013521575723830736,2.004444444444453,0.9073912773940417,3,0.8638727595398111,74.89843595009697,0.32009740351399996,0.9073912773940417,46.27155088611865,0.3829868220899941,1.3420416052126023,0.9335521518413877,True,True,0.18337810739504912,True,True,VAH,LRC_upper,limit,KEYS,XLK,off,74.0,2021-09-08,160,-388.556
2021-09-13 10:00:00,94.41,92.78,97.67,101.58,2021-09-14 15:54:00,stop,749,1,-1.0574202453987733,-0.01825648766020544,2.000000000000009,0.7203341737753455,3,1.109871513594294,38.75342270315321,0.3660611005777246,0.7203341737753455,35.824418757419586,0.1840405055779635,1.5789486363162233,0.7228338999276104,True,True,0.13625542323093165,True,True,VAL,swing_high,limit,BLL,XLV,off,71.7,2021-09-10,277,-477.43581499999874
2021-09-14 10:00:00,256.22,252.09,264.48,267.96,2021-09-20 15:54:00,stop,754,4,-1.0615387409200965,-0.017110900788385074,1.9999999999999862,0.598231376936708,3,0.9224135556686175,19.092487014123318,0.12985959998558283,0.598231376936708,26.213083324181635,0.05790218573766817,1.0160820481108344,0.01983722284639406,True,True,0.010392030030251131,True,True,AVWAP,swing_high,limit,IQV,XLV,off,65.4,2021-09-13,111,-486.6412050000027
2021-09-14 10:00:00,152.13,149.01,158.38,161.45,2021-09-16 15:54:00,stop,752,2,-1.0482596153846153,-0.02149852100177483,2.003205128205125,0.8472624794474715,2,1.383144936311172,17.12145771918373,0.2301689333854904,0.8472624794474715,22.422866334747933,-0.05801649147951101,1.1620508520730415,0.49046845895601726,True,True,0.011054861277601136,True,True,AVWAP,52w_high,limit,AIZ,XLF,off,59.8,2021-09-13,187,-611.5965900000009
2021-09-14 10:00:00,13.5,13.21,14.09,14.58,2021-09-17 15:54:00,stop,753,3,-1.0460517241379312,-0.022470740740740677,2.0344827586206953,0.5797717791922634,2,0.9286399334492023,39.950089302283644,0.22363848995278776,0.5797717791922634,12.981615084177545,-0.18081855483847972,1.2600748090697989,0.6294460836290887,True,True,-0.021128485995105195,True,True,POC,swing_high,limit,FLEX,XLK,off,57.0,2021-09-13,896,-271.8060799999992
2021-09-15 10:00:00,409.37,401.78,428.22,435.93,2021-09-16 15:54:00,stop,752,1,-1.0534354413702238,-0.01953141412414205,2.483530961791824,0.9172401107489306,3,0.9336510606935938,-18.92395696637676,0.288156237174817,0.9172401107489306,33.61587589772723,0.01803700595298309,1.7170488546761278,0.8358370972718125,True,True,0.1668475942017742,True,True,POC,52w_high,limit,WAT,XLV,off,80.4,2021-09-14,62,-495.72565000000196
2021-09-15 10:00:00,60.33,58.3,64.39,68.24,2021-09-20 15:54:00,stop,754,3,-1.02921921182266,-0.03463144372617273,2.0,0.8260961824904038,2,1.1656092061109617,-10.520579196946722,0.4296741558507557,0.8260961824904038,14.891497032648036,-0.15042297694770168,1.2883099662330424,0.03912597006821379,True,True,0.2726519042526412,True,True,swing_low,swing_high,limit,FTNT,XLK,off,71.9,2021-09-14,5,-10.446575000000005
2021-09-17 10:00:00,142.28,140.44,145.96,150.87,2021-09-20 15:54:00,stop,754,1,-1.6906494565217356,-0.021863895136350852,2.0,0.5316845327083547,3,0.8045331454952784,23.83364680266649,0.14011737096030452,0.5316845327083547,18.584643628006845,0.02122505429946,1.6470673147715489,0.8432519462137117,True,True,0.006301661412472903,True,True,swing_low,swing_high,limit,TRV,XLF,off,60.1,2021-09-16,200,-622.1589999999998
2021-09-17 10:00:00,115.76,113.55,120.18,122.91,2021-09-20 15:54:00,stop,754,1,-1.0518800904977375,-0.020081677608845955,1.9999999999999936,0.513619959622083,3,1.0489554134619787,50.03176313859029,0.14290414737702364,0.513619959622083,15.003898720080146,0.10284201239865035,1.2897607723708535,0.8242237998756075,True,True,0.013507306014013176,True,True,swing_low,52w_high,limit,COR,XLV,off,58.8,2021-09-16,209,-485.8528950000017
2021-09-20 10:00:00,128.87,125.51,136.22,140.92,2021-09-28 15:54:00,stop,760,6,-1.0378541666666667,-0.02705975013579576,2.1874999999999987,0.8328946919593933,3,1.3609156892928203,38.299213907718304,0.3366381223338657,0.8328946919593933,39.20695540218155,0.11044750142828805,1.3430166537928019,0.5428102947370596,True,True,0.14803150162096368,True,True,swing_low,52w_high,limit,NOW,XLK,off,72.8,2021-09-17,92,-320.82147999999995
2021-09-21 10:00:00,92.04,91.14,93.85,97.67,2021-09-27 15:54:00,stop,758,4,-1.1017666666666661,-0.010773468057366424,2.0111111111110853,0.7022515622700172,2,0.6282100895116377,15.220453168748291,0.3541571242684973,0.7022515622700172,27.46657713774958,0.02418338576576081,1.2457813297336953,-0.648910245331079,True,True,0.13544888451195658,True,True,AVWAP,swing_high,limit,BLL,XLV,off,61.6,2021-09-20,302,-299.4601800000017
2021-09-21 10:00:00,202.87,200.44,213.78,222.26,2021-09-21 15:54:00,stop,755,0,-1.0829855967078188,-0.012972125006161616,4.4897119341563645,0.34669828341073167,3,0.601030731726649,32.98469634530533,0.1592261187006176,0.34669828341073167,14.687075648123107,0.03717987693222326,1.3000443552294296,0.21926153381599217,True,True,0.04925437559156198,True,True,VAL,swing_high,limit,FFIV,XLK,off,58.1,2021-09-17,137,-360.53673500000093
2021-09-21 10:00:00,585.54,573.89,608.84,622.58,2021-12-01 15:54:00,trail,804,50,8.491902323444132,0.1689562832054581,2.0000000000000098,0.1621085976389116,2,0.6664377044198938,54.8762573796019,0.08261726190069445,0.1621085976389116,11.432303049456406,-0.009667030384229875,1.118086920537768,0.9136902135508501,True,True,0.03713302534796181,True,True,swing_low,swing_high,limit,SIVB,XLF,off,42.9,2021-09-20,41,4056.157144793082
2021-09-21 10:00:00,16.36,15.96,17.17,18.16,2021-11-19 15:54:00,trail,797,43,13.493788493066537,0.32992147904808045,2.025000000000013,0.021858551343147105,3,0.6769861038029151,66.56584761008423,0.04001004054254867,0.021858551343147105,17.514178133193603,0.2163988179003661,1.1831823160410235,0.8281664169692036,True,False,-0.06722548965334385,True,True,POC,swing_high,limit,GT,XLF,off,40.2,2021-09-20,18,97.15527715007873
2021-09-22 10:00:00,610.3,592.62,645.67,682.5,2021-09-28 15:54:00,stop,759,4,-1.4919349547511338,-0.043220399803375345,2.0005656108597343,0.7705290180418474,3,1.2868395084435802,-1.6850919197086132,0.3295334937315084,0.7705290180418474,28.3611686685563,0.009984751238847952,1.5357503100877652,0.19279126181721234,True,True,0.1615364948970326,True,True,swing_low,swing_high,limit,EPAM,XLK,off,72.2,2021-09-21,44,-1160.6060399999988
2021-09-22 10:00:00,184.25,181.6,189.56,192.47,2021-09-24 15:54:00,stop,758,2,-1.0690283018867923,-0.015375440976933545,2.003773584905657,0.3620726921430878,3,1.023089983189455,56.850297279141316,0.10482580566954912,0.3620726921430878,25.546241750012577,0.10897879089046389,1.4062385985721289,0.8411396021545241,True,True,0.061832517888428695,True,True,VAL,swing_high,limit,BDX,XLV,off,53.6,2021-09-21,3,-8.498775000000016
2021-09-27 10:00:00,146.04,144.02,150.08,153.67,2021-09-28 15:54:00,stop,760,1,-1.071797029702971,-0.014824910983292127,2.000000000000028,0.83844176876306,3,1.0127615565831363,26.437068093376542,0.22172305900213155,0.83844176876306,33.14268795190548,0.0016724536078143208,1.8898953652309491,0.2465858801431419,True,True,0.11168423137209249,True,True,VAL,52w_high,limit,MRSH,XLF,off,69.7,2021-09-24,3,-6.495089999999945
2021-09-28 10:00:00,122.96,120.72,131.95,136.21,2021-09-28 15:54:00,stop,760,0,-1.0543928571428574,-0.019208197787898465,4.013392857142864,0.7944452415427998,3,0.663866876040137,9.046810881131147,0.27133124046054513,0.7944452415427998,27.311407313609912,0.12067444658568026,5.407512443312636,0.9555053296927518,True,True,0.10797445478464396,True,True,AVWAP,swing_high,limit,TECH,XLV,off,71.5,2021-09-27,224,-529.0521599999988
2021-09-29 10:00:00,95.85,92.17,107.27,112.5,2021-11-16 15:54:00,trail,795,34,2.8411998199808637,0.10908310211298444,3.103260869565224,0.5277467462754238,3,0.999100247063222,15.524667974433179,0.2959310708358707,0.5277467462754238,19.400316135692712,0.004745557316795613,1.6634333732133628,0.5761533974946399,True,True,0.009549125571791883,True,True,VAL,swing_high,limit,FSLR,XLK,off,68.3,2021-09-28,289,3021.672832546042
2021-09-29 10:00:00,168.7,165.86,174.38,177.67,2021-10-01 15:54:00,stop,763,2,-1.0589014084507047,-0.01782620035566079,2.00000000000002,0.3977089498196377,3,0.9542009604224584,49.67992334480918,0.09052829967983307,0.3977089498196377,16.008845812748966,0.24153362952608598,1.0146854740110385,0.36982009978716124,True,True,-0.0020435934231393116,True,True,AVWAP,52w_high,limit,TXN,XLK,off,55.3,2021-09-28,164,-493.1939199999959
2021-09-30 10:00:00,269.1,260.09,288.53,303.75,2021-10-05 15:54:00,stop,764,3,-1.0293668146503883,-0.034465235971757886,2.156492785793546,0.1983108464214948,3,0.9042170748915189,73.12193711634043,0.24893223331430972,0.1983108464214948,42.97978689918432,0.26520405454384305,1.3409099820157855,0.9731751766546238,True,True,0.02689204968868375,True,True,swing_low,LRC_upper,limit,NKTR,XLV,off,52.7,2021-09-29,34,-315.33623000000165
2021-09-30 10:00:00,44.83,43.96,46.58,47.84,2021-09-30 15:54:00,stop,762,0,-1.051028735632184,-0.020396944010707057,2.011494252873569,0.0641577957216009,2,0.6843833437915002,64.78492878861599,0.06179745356490442,0.0641577957216009,15.098772039970017,-0.2107450795104639,1.189920704236022,0.6339157656838186,True,True,0.02827098394572447,True,True,VAH,swing_high,limit,SYF,XLF,off,37.9,2021-09-29,5,-4.571974999999987
2021-10-01 10:00:00,562.48,548.99,601.89,616.13,2021-10-01 15:54:00,stop,763,0,-1.041196071163825,-0.02497108341629926,2.9214232765011077,0.8102881430987477,3,0.9487499343424737,-2.228846013094012,0.2322560354303465,0.8102881430987477,25.284376219042176,0.011687792247944528,1.481162671281133,0.8698027534942723,True,True,0.12509648106762183,True,True,POC,LRC_upper,limit,TMO,XLV,off,76.7,2021-09-30,33,-463.5092550000003
2021-10-01 10:00:00,68.53,66.93,71.73,74.05,2021-10-04 15:54:00,stop,764,1,-1.0423312500000002,-0.024335765358237185,2.000000000000009,0.7537296048326445,2,0.8859825162615703,-15.160381196038722,0.29021432432184635,0.7537296048326445,20.68361456113886,0.08369566628841833,1.5738822033975088,-0.05592909047374681,True,True,0.04546641101486748,True,True,swing_low,swing_high,limit,MCHP,XLK,off,61.0,2021-09-30,6,-10.006379999999966
2021-10-04 10:00:00,150.65,147.4,158.81,165.49,2021-10-04 15:54:00,stop,763,0,-1.0458538461538462,-0.022562396282774642,2.5107692307692298,0.4836708550795486,2,0.7158027307681846,19.503280890572512,0.1885090068969264,0.4836708550795486,10.067193604210312,0.03504700992886619,0.8499790654471235,0.1461108478683397,True,True,0.04165476462500073,True,True,AVWAP,swing_high,limit,XLNX,XLK,off,54.1,2021-10-01,184,-625.4205999999999
2021-10-04 10:00:00,44.53,43.49,46.62,47.79,2021-10-13 15:54:00,stop,771,7,-1.0423173076923078,-0.024343364024253297,2.009615384615383,0.033389630338984955,2,0.7920246200544572,57.30981576716289,0.042801270176290214,0.033389630338984955,14.109466500161025,-0.17556705203885006,1.1653984452229913,0.6605110072476138,True,True,0.013551470669180832,True,True,AVWAP,swing_high,limit,SYF,XLF,off,38.6,2021-10-01,394,-427.0999399999996
2021-10-05 10:00:00,562.93,546.19,603.14,617.88,2022-01-07 15:54:00,trail,831,66,2.1390083179145005,0.06360826255820176,2.4020310633214033,0.7594209078932411,3,1.140290531689301,-2.495459200539798,0.21758693723186703,0.7594209078932411,25.00338299087575,0.029098825190088048,1.390273445040029,0.7940830217015981,True,True,0.09411796586595833,True,True,VAL,LRC_upper,limit,TMO,XLV,off,74.5,2021-10-04,48,1718.7359636106485
2021-10-06 10:00:00,78.88,77.56,82.24,91.51,2021-12-06 15:54:00,trail,808,42,3.816723430691227,0.06387011826207396,2.5454545454545583,0.6986578161587303,3,0.6717142503273672,25.661657477541976,0.521508711190156,0.6986578161587303,32.77243025148578,0.09508034919088493,2.1758999527085066,0.367017356022366,True,True,0.20832881760777,True,True,swing_low,swing_high,limit,PANW,XLK,off,72.5,2021-10-05,346,1743.1739252652883
2021-10-06 10:00:00,133.82,130.26,140.94,149.51,2021-11-23 15:54:00,trail,800,34,3.459519181258629,0.0920332408106466,2.0,0.6504941039192841,2,0.8607316931387479,12.467310240973752,0.27533393203937917,0.6504941039192841,26.234676030799072,0.11445411291218838,1.0717098029856231,-0.6353990696088563,True,True,0.18724098597787897,True,True,AVWAP,swing_high,limit,DXCM,XLV,off,61.9,2021-10-05,68,837.4804033990894
2021-10-06 10:00:00,125.12,120.63,134.1,140.44,2021-11-23 15:54:00,trail,800,34,0.48086358775196986,0.01725605425996123,1.9999999999999936,0.5621619848362548,2,1.3874447261253458,16.732005877191632,0.24534663197053355,0.5621619848362548,28.11103653085562,-0.028115645740582947,1.5133388488791446,0.25145236887728933,True,True,0.10849136347978106,True,True,swing_low,swing_high,limit,NOW,XLK,off,56.4,2021-10-05,1,2.159077509006349
2021-10-14 10:00:00,3.15,3.06,3.33,3.56,2022-02-17 15:54:00,tsm_off,858,88,-0.03500000000000006,-0.001,2.000000000000005,0.5043423391541445,2,0.8218151187612641,58.907085988345344,0.2491816418539624,0.5043423391541445,21.856570243735767,-0.3175040615692036,1.078269700025984,0.4466515211420796,True,True,0.18968072306845185,True,True,VAH,LRC_upper,limit,FI,XLF,off,60.8,2021-10-13,5435,-17.120250000000002
2021-11-17 10:00:00,4.3,4.11,4.68,4.97,2021-11-26 15:54:00,stop,802,6,-1.0221315789473686,-0.04516395348837198,2.000000000000005,0.32888117392933247,3,1.2306554935466516,74.96652500273755,0.32295451165612565,0.32888117392933247,38.29135966022281,0.20629002675735225,1.3632803153399393,0.6944776748687139,True,True,0.14747306115108305,True,True,AVWAP,LRC_upper,limit,SMCI,XLK,off,56.5,2021-11-16,7023,-1363.9017149999963
2021-11-22 10:00:00,116.6,114.63,120.54,123.27,2021-11-23 15:54:00,stop,800,1,-1.3072944162436524,-0.02208722126929669,2.000000000000007,0.0028007784482466675,3,0.7505646321847496,56.14030436564131,0.012291926066545524,0.0028007784482466675,11.602899976077968,0.2296367641288107,1.0876635574784181,0.8834398943871743,True,True,-0.03540841094518321,True,True,VAL,swing_high,limit,EW,XLV,off,41.7,2021-11-19,7,-18.027589999999957
2021-11-24 10:00:00,149.46,144.11,161.88,167.69,2021-12-03 15:54:00,stop,807,6,-1.0274364485981309,-0.03677763281145453,2.321495327102804,0.873302054067667,3,0.8476187993655182,47.73796947430801,0.7935479581081614,0.873302054067667,57.38295508996521,0.09938514260684125,1.2796860826862722,0.7171014108715091,True,True,0.34980144748197084,True,True,POC,52w_high,limit,AMD,XLK,off,78.9,2021-11-23,73,-401.2653049999996
2021-11-24 10:00:00,21.97,21.19,24.89,26.08,2021-11-26 15:54:00,stop,801,1,-1.271134615384618,-0.04512903959945375,3.7435897435897574,0.8445757892404502,2,0.9081687257075832,24.501347827939036,0.5974152295790452,0.8445757892404502,34.06212558012982,-0.06439624508758314,1.312579443402272,0.5286716783773443,True,True,0.41794777337613054,True,True,VAL,52w_high,limit,GT,XLF,off,71.5,2021-11-23,2,-1.9829699999999977
2021-11-29 10:00:00,22.15,21.26,23.95,25.08,2021-11-30 15:54:00,stop,803,1,-1.0243876404494383,-0.04116049661399535,2.022471910112367,0.9084306248626475,3,0.9482232945416886,5.609902934962458,0.7990060258471885,0.9084306248626475,39.86645895342509,0.09981341648646049,1.3166064096573162,0.667126148559688,True,True,0.32783815177251996,True,True,VAL,swing_high,limit,FLR,XLF,off,81.1,2021-11-26,1303,-1187.951614999996
2021-12-01 10:00:00,91.72,89.47,96.22,98.34,2021-12-01 15:54:00,stop,804,0,-1.0402644444444444,-0.02551891626689926,2.0,0.8398781547039319,2,1.150530339172377,-40.78605705451933,0.3141221896479758,0.8398781547039319,24.820639407079586,0.028388993942784595,1.133002870194428,-1.4650481868703836e-05,True,True,0.10190752719011575,True,True,swing_low,POC,limit,RHI,XLF,off,69.2,2021-11-30,301,-704.519095
2021-12-01 10:00:00,74.44,73.17,76.98,80.77,2021-12-01 15:54:00,stop,804,0,-1.0581141732283468,-0.018052189682966097,2.000000000000011,0.006978208605525957,2,0.6597783673867659,70.3956728848501,0.016215158439766054,0.006978208605525957,17.48285404109251,-0.01644222417908415,1.0543308154761086,0.9142980730409184,True,True,-0.035435049753718806,True,True,POC,swing_high,limit,HOLX,XLV,off,35.1,2021-11-30,1,-1.3438049999999961
2021-12-02 10:00:00,514.99,503.89,542.07,571.63,2021-12-03 15:54:00,stop,806,1,-1.0458954954954953,-0.02254303967067326,2.4396396396396383,0.8666770310692768,3,0.8875039234384845,13.833905292689352,0.5478807287568397,0.8666770310692768,46.568768614208146,0.06052480136094088,1.2707919809181674,0.572076771440115,True,True,0.16772779418109218,True,True,VAL,52w_high,limit,POOL,XLV,off,80.1,2021-12-01,55,-638.5192000000013
2021-12-02 10:00:00,223.68,217.17,239.12,245.83,2022-01-18 15:54:00,trail,837,31,-0.05217147661327552,-0.0015184026857672777,2.3717357910906225,0.8378229487695771,3,1.075321465208578,0.22436974917653588,0.3500449843909885,0.8378229487695771,29.880226114167655,0.09635656385498216,1.4641581024888868,0.7391899216155062,True,True,0.14647705544563916,True,True,AVWAP,swing_high,limit,FFIV,XLK,off,76.6,2021-12-01,119,-40.41672121753854
2021-12-03 10:00:00,22.78,21.63,25.08,26.42,2022-01-20 15:54:00,stop,838,32,-1.019308695652174,-0.051457638279192364,1.9999999999999938,0.8725352653854391,2,1.049808223076866,26.99389210013029,0.7360649762151872,0.8725352653854391,34.63850935334917,0.1023187424465822,1.4870163757298238,-0.038958315437848584,True,True,0.39578207141655875,True,True,VAL,52w_high,limit,FLR,XLF,off,70.4,2021-12-02,4,-4.688820000000009
2021-12-06 10:00:00,41.64,40.58,43.82,45.26,2021-12-06 15:54:00,stop,808,0,-1.0387830188679243,-0.02644356388088382,2.056603773584901,0.8029032769135739,3,0.7609817562865688,70.420100404196,0.5214460565900024,0.8029032769135739,46.497892591847766,0.17467445585994654,1.0026160978478744,0.21058027093072712,True,True,0.20296180544914755,True,True,VAH,LRC_upper,limit,PFE,XLV,off,73.8,2021-12-03,682,-750.9570200000015
2021-12-06 10:00:00,155.74,149.4,168.44,182.23,2022-01-21 15:54:00,stop,840,32,-1.0240646687697161,-0.04168851932708362,2.0031545741324894,0.8058465774040422,3,1.1701658417547045,34.689121148448024,0.7663835845452399,0.8058465774040422,49.07677941542004,0.07779130677533003,1.4725017698390666,0.3346542130556676,True,True,0.26076116677528294,True,True,VAL,swing_high,limit,QCOM,XLK,off,72.9,2021-12-03,63,-409.03191000000015
2021-12-08 10:00:00,31.28,30.18,33.48,38.5,2022-01-07 15:54:00,trail,831,21,1.1097024759695264,0.03902406405263685,1.9999999999999936,0.7618589682740741,2,1.0532814417722258,18.262970949050832,0.7657356213710932,0.7618589682740741,34.64724537085129,0.018395993691021448,1.638167486426426,-0.7780810479472059,True,True,0.3816101968820578,True,True,swing_low,swing_high,limit,ANET,XLK,off,66.3,2021-12-07,906,1105.9294875512317
2021-12-08 10:00:00,313.89,302.6,336.47,346.93,2021-12-10 15:54:00,stop,811,2,-1.0273024800708592,-0.03695003026537948,2.00000000000001,0.610668652334151,2,0.867459886797171,20.522133379247013,0.2626941291554651,0.610668652334151,24.48267700990911,-0.1935131952320596,1.5164606619187873,0.5131527168476674,True,True,0.21656421255204528,True,True,AVWAP,52w_high,limit,SBNY,XLF,off,65.1,2021-12-07,90,-1043.8420499999968
2021-12-08 10:00:00,57.69,56.69,59.7,61.3,2022-01-20 15:54:00,trail,839,29,0.20446934883327797,0.003544277150862853,2.010000000000005,0.05968291287457002,2,0.9307283320313715,69.87082279289002,0.03563555463783122,0.05968291287457002,19.94571463139872,-0.08509830186503807,1.176574961581546,0.7968131693477061,True,True,-0.03774812480852907,True,True,AVWAP,LRC_upper,limit,GILD,XLV,off,34.5,2021-12-07,1,0.20446934883327797
2021-12-13 10:00:00,92.26,88.88,99.54,104.5,2021-12-13 15:54:00,tsm_off,812,1,-0.6985576923076933,-0.025592076739648927,2.153846153846148,0.7372785926329867,2,1.498168572328702,44.17677090533559,0.3817901904167056,0.7372785926329867,27.147687670769407,-0.2118965309378927,1.2445438055353852,0.6510048872932465,True,True,0.07695449285950917,True,True,POC,LRC_upper,limit,FMC,XLF,off,62.6,2021-12-10,295,-696.531875000003
2021-12-14 10:00:00,232.55,227.09,243.65,248.6,2022-01-06 15:54:00,stop,830,16,-1.0420915750915751,-0.02446708234788221,2.032967032967029,0.6041753115426154,2,0.8555216070503643,52.576324277917685,0.11929673461748493,0.6041753115426154,13.127118182114778,-0.2577625553530343,1.2911661940607921,0.15765853591093928,True,True,-0.035778654779576424,True,True,POC,swing_high,limit,LH,XLV,off,56.4,2021-12-13,114,-648.639480000001
2022-01-07 10:00:00,220.78,213.59,236.46,242.99,2022-02-10 15:54:00,trail,854,23,2.1452414815968988,0.06986269704086284,2.1808066759388054,0.8515504906421959,3,1.6782295573520825,36.23230320074863,0.42863567045648193,0.8515504906421959,44.330174765341766,0.25285786144083505,1.2550172818722571,0.7437890663292854,True,True,0.18326202051732166,True,True,swing_low,LRC_upper,limit,VRTX,XLV,off,76.8,2022-01-06,117,1804.6414915637588
2022-01-10 10:00:00,79.11,77.64,82.93,84.73,2022-01-21 15:54:00,stop,840,8,-1.0533163265306122,-0.0195724307925673,2.59863945578232,0.7214095347698046,3,0.9440346650070268,41.31565286852472,0.2586467204582,0.7214095347698046,35.517982190553035,0.0909120520884987,1.2284909352258506,0.8674337021741813,True,True,0.1164170578396031,True,True,POC,swing_high,limit,CTSH,XLK,off,66.7,2022-01-07,352,-545.0279999999996
2022-01-10 10:00:00,42.87,42.17,44.28,44.97,2022-01-24 15:54:00,stop,841,9,-1.0607428571428574,-0.017320270585490922,2.014285714285732,0.48492137846213246,2,0.8203646164719269,73.06118590556548,0.11974376421919816,0.48492137846213246,13.033363755261497,-0.0989428178612739,1.1189746112065813,0.7798873899710482,True,True,0.05795032578351256,True,True,VAH,52w_high,limit,ACGL,XLF,off,55.2,2022-01-07,650,-482.6379999999972
2022-01-19 10:00:00,44.12,43.37,45.62,46.47,2022-01-21 15:54:00,stop,840,2,-1.0583266666666666,-0.017990593834995468,2.0,0.2257756288500001,3,0.7366296163995447,70.93581160313191,0.12461701926436461,0.2257756288500001,19.042652495866005,0.08099495409326044,1.3229831362833078,0.7714620253658737,True,True,0.02999677205233353,True,True,swing_low,swing_high,limit,BSX,XLV,off,51.5,2022-01-18,636,-504.82182
2022-01-21 10:00:00,59.61,58.01,65.2,77.88,2022-01-21 15:54:00,tsm_off,839,1,-0.3933281249999998,-0.010557372924006044,3.493749999999999,0.6277472903401056,3,1.0013023599908661,52.34877679121358,0.4179289125207713,0.6277472903401056,45.8751162174966,0.004465796637821342,1.104162561624702,0.8310038800356001,True,True,0.22427975858128057,True,True,swing_low,swing_high,limit,LW,XLF,off,68.9,2022-01-19,20,-12.586500000000006
2022-01-24 10:00:00,25.46,24.67,27.23,28.27,2022-01-28 15:54:00,stop,844,4,-1.031727848101266,-0.032013550667714025,2.2405063291139258,0.46718325675888295,2,1.0933779237251742,45.74663749060844,0.18555156751694268,0.46718325675888295,19.24881707737928,0.03067133251156285,0.7268075481345015,0.41948438982598774,True,True,0.12689990925956307,True,True,VAL,52w_high,limit,BBT,XLF,off,55.1,2022-01-19,1077,-877.8250049999991
2022-01-24 10:00:00,11.8,11.47,12.54,13.02,2022-01-24 15:54:00,stop,300,0,-1.0352575757575757,-0.0289521186440678,2.2424242424242373,0.20308787977474,3,1.1940618673213337,63.66229586657538,0.20412488119523203,0.20308787977474,39.399501562052876,0.12583135356916167,1.0313662536380401,0.8200035708465542,True,True,0.11305961314265689,True,True,swing_low,swing_high,limit,VTRS,XLV,off,51.2,2022-01-19,2325,-794.3013750000001
2022-02-01 10:00:00,97.84,95.49,102.55,105.61,2022-02-24 15:54:00,stop,863,16,-1.0411340425531912,-0.02500679681112028,2.004255319148926,0.7111492993219715,3,0.9165958247668602,39.85823982534128,0.32198618389992284,0.7111492993219715,22.29479466207531,0.09873502434171941,1.0223474595375979,0.6707680764397437,True,True,0.18445149638552638,True,True,VAL,swing_high,limit,GL,XLF,off,70.8,2022-01-31,279,-682.6195350000024
2022-02-01 10:00:00,19.32,18.75,21.4,22.03,2022-04-01 15:54:00,open_at_end,888,43,0.12392105263157863,0.0036560559006211103,3.649122807017539,0.40029641180725734,3,0.8382020537601681,42.4770265651716,0.28433926061246695,0.40029641180725734,22.228967193071522,0.1972871077292412,1.0291807113110474,0.3332639606563681,True,True,0.1740134233864623,True,True,POC,52w_high,limit,PBCT,XLF,off,68.1,2022-01-31,1415,99.94852499999979
2022-02-01 10:00:00,12.23,11.82,13.14,14.92,2022-02-04 15:54:00,tsm_off,309,4,0.287085365853656,0.009624284546197792,2.219512195121951,0.7518118086959137,2,1.3206560378394407,43.47936394352146,0.39435840488342994,0.7518118086959137,26.054085216118487,0.16713482172861405,1.2250420317926805,-0.18725841142017768,True,True,0.1626692112269592,True,True,POC,LRC_upper,limit,VTRS,XLV,off,67.9,2022-01-31,2236,263.1883799999978
2022-02-01 10:00:00,90.67,89.17,93.67,96.7,2022-02-11 15:54:00,stop,855,8,-1.0599466666666666,-0.017535237675085476,2.0,0.8070946688092541,2,0.7549976421694519,34.626714602744215,0.31995685573310506,0.8070946688092541,23.694273986616523,0.10336317149576355,1.4488071779878682,-0.2595871441004728,True,True,0.23375474537213248,True,True,POC,52w_high,limit,CVS,XLV,off,67.0,2022-01-31,101,-160.58192
2022-02-03 10:00:00,14.91,14.62,15.49,16.03,2022-02-23 15:54:00,stop,862,13,-1.0509137931034482,-0.02044030851777337,1.9999999999999938,0.6507858163922623,2,0.6652640716397754,47.12270140430947,0.3102700526737906,0.6507858163922623,21.92245358879985,0.14801055235311972,1.3666343126317926,-0.5847082642564907,True,True,0.156915474021738,True,True,swing_low,52w_high,limit,HPE,XLK,off,61.3,2022-02-02,1,-0.3047650000000009
2022-02-03 10:00:00,4.341,4.22,4.68,4.84,2022-02-03 15:54:00,stop,849,0,-1.035376033057851,-0.028859824925132557,2.8016528925619695,0.0008198345313930302,3,0.6559955475192432,61.59102377621593,0.008865176022301916,0.0008198345313930302,22.183768474994082,0.13988835835060545,1.433158768805517,0.256469112435508,True,False,0.214355630257979,True,True,swing_low,LRC_upper,limit,SMCI,XLK,off,52.1,2022-02-02,1,-0.12528050000000043
2022-02-07 10:00:00,67.33,65.8,70.4,72.62,2022-02-07 15:54:00,tsm_off,851,1,-0.1223986928104604,-0.002781375315609751,2.006535947712422,0.5874681804335852,3,1.0228465194001908,11.942724217937135,0.2113835480585241,0.5874681804335852,19.29325851193068,0.2091527759670405,1.0951386593224581,0.45064420620207674,True,True,-0.0849801628169522,True,True,swing_low,POC,limit,MRK,XLV,off,55.8,2022-02-04,410,-76.78070000000187
2022-02-08 10:00:00,12.37,11.89,13.33,14.92,2022-02-22 15:54:00,stop,320,9,-1.0252708333333334,-0.03978415521422786,2.0000000000000075,0.8709855989396946,2,1.6022777091061162,31.752323524625787,0.4459725872773658,0.8709855989396946,24.372698519898748,0.15024121155869433,1.3510280934549457,-0.306658754551833,True,True,0.17519674641351046,True,True,VAL,LRC_upper,limit,VTRS,XLV,off,69.0,2022-02-07,2226,-1095.4813799999972
2022-02-11 10:00:00,209.58,204.67,219.42,235.03,2022-02-24 15:54:00,stop,863,8,-1.5164887983706663,-0.03552800839774792,2.0040733197555856,0.47401431464663496,2,0.7794310209458276,22.908485707522104,0.23487800707081286,0.47401431464663496,21.510336426177517,0.0746077482935472,2.1861298530955606,-0.7640932598593401,True,True,0.08860334185833829,True,True,swing_low,swing_high,limit,CI,XLV,off,53.5,2022-02-10,131,-975.4207600000012
2022-02-14 10:00:00,233.75,227.13,253.23,259.99,2022-02-24 15:54:00,stop,863,7,-1.034809667673716,-0.029306695187165794,2.942598187311175,0.8707851419192316,3,1.077269927503216,-8.418297713522296,0.3283837249087012,0.8707851419192316,34.63267913261435,0.1232519415313282,1.5116296139265475,0.5679894998254766,True,True,0.3221997782269237,True,True,POC,LRC_upper,limit,VRTX,XLV,off,81.8,2022-02-11,39,-267.1671600000002
2022-02-14 10:00:00,36.71,35.9,38.34,39.51,2022-02-23 15:54:00,stop,862,6,-1.0448209876543209,-0.02305380005448113,2.012345679012343,0.40607085343673505,2,0.8283199973547786,63.45338563420745,0.2519475240718651,0.40607085343673505,27.74506524788613,-0.10575034171938139,1.0995036712713975,0.7373866641138626,True,True,0.1500283952191428,True,True,AVWAP,swing_high,limit,GLW,XLK,off,52.0,2022-02-11,1,-0.8463050000000023
2022-03-21 10:00:00,87.27,85.08,92.66,94.84,2022-04-27 15:54:00,stop,906,26,-1.0393493150684932,-0.026081986937091756,2.461187214611875,0.6603798126042227,2,1.0293495955453964,51.797282682010874,0.31066867316896035,0.6603798126042227,30.471185856381464,0.127233423538288,1.0227644542771672,-0.7377940151964467,True,True,0.20690479700305353,True,True,POC,LRC_upper,limit,HSIC,XLV,off,67.4,2022-03-18,310,-705.6142499999993
2022-03-21 10:00:00,487.89,475.48,531.03,551.28,2022-03-21 15:54:00,stop,880,0,-1.038814262691378,-0.026423343376580723,3.4762288477034726,0.23026653782380344,3,0.7067775054809308,43.27584670610002,0.1997111574692999,0.23026653782380344,16.147916198128083,0.06600193236202984,1.4681178619326025,0.6607153121747086,True,True,0.22579858522530283,True,True,POC,swing_high,limit,FICO,XLK,off,61.1,2022-03-18,55,-709.0426749999982
2022-03-21 10:00:00,98.93,96.84,103.11,105.59,2022-03-23 15:54:00,stop,881,2,-1.1663923444976074,-0.024641261498028942,1.9999999999999931,0.11906254626057251,3,0.6753320485084853,65.16942495638357,0.0957426024570325,0.11906254626057251,17.000878973923697,0.22366249542268465,1.197471116370991,0.019011399258868484,True,True,0.14289424399517947,True,True,swing_low,swing_high,limit,RHI,XLF,off,52.2,2022-03-18,273,-665.508480000001
2022-03-21 10:00:00,40.71,39.8,42.55,43.55,2022-03-24 15:54:00,stop,882,3,-1.0442362637362637,-0.02334205354949653,2.02197802197801,0.09873080188581704,2,0.7005505590112503,74.30103062216462,0.09952129151175766,0.09873080188581704,13.712007112567546,0.07804887108541829,0.8434395710584823,0.22201597738328452,True,True,0.17739207974892168,True,True,POC,LRC_upper,limit,VNO,XLF,off,47.0,2022-03-18,606,-575.8545300000022
2022-03-23 10:00:00,142.69,140.22,149.88,154.68,2022-03-23 15:54:00,stop,882,0,-1.0572692307692308,-0.018301597869507316,2.910931174089069,0.7718860655786497,3,0.6337545673922467,27.79243887576784,0.34222733940830813,0.7718860655786497,17.165557915272977,0.20076394672397332,1.056648117919295,0.6919021832629699,True,True,0.16248828917363323,True,True,VAL,swing_high,limit,UHS,XLV,off,74.7,2022-03-22,183,-477.89626499999974
2022-03-24 10:00:00,203.18,198.73,212.1,219.01,2022-03-29 15:54:00,stop,886,3,-1.0451584269662921,-0.02289081110345515,2.0044943820224614,0.3349753627156073,3,0.8660754279137415,70.90924175412337,0.14233247143548566,0.3349753627156073,19.03792567975514,0.06947687238283819,1.1739269546073328,0.5759137616471295,True,True,0.12371649036319887,True,True,VAH,52w_high,limit,CME,XLF,off,55.7,2022-03-22,131,-609.2751050000022
2022-03-24 10:00:00,464.26,455.67,485.57,501.44,2022-05-12 15:54:00,trail,916,34,1.634026671677149,0.030233681794052187,2.4807916181606595,0.507462800853735,2,0.6727730942834351,59.95319865954028,0.13160687276453448,0.507462800853735,21.626351492385176,0.15452084003978142,0.8791437527426313,0.12227979468583657,True,True,0.061781714693378786,True,True,VAL,LRC_upper,limit,ANTM,XLV,off,51.7,2022-03-22,54,757.9596119241601
2022-03-24 10:00:00,147.94,139.73,168.09,186.16,2022-04-06 15:54:00,stop,642,9,-1.0175194884287453,-0.05646772340137899,2.4543239951278912,0.004845519810304805,2,0.7072718056407656,52.94519925927871,0.04720235488449867,0.004845519810304805,19.156930967967934,0.05096308037906504,1.0455306275690572,-0.7284120901876525,True,False,-0.10765099231191999,True,True,swing_low,swing_high,limit,DDOG,XLK,off,35.1,2022-03-22,2,-16.707670000000014
2022-03-25 10:00:00,27.77,26.95,29.85,31.02,2022-03-29 15:54:00,stop,603,2,-1.0333658536585366,-0.030513503781058708,2.53658536585366,0.17047913637981504,3,0.7531110496215762,39.92339543552716,0.14987225023842482,0.17047913637981504,13.216026855252164,0.26978028550165584,1.1224849623754456,0.4042383231215505,True,True,0.12847882613024963,True,True,POC,swing_high,limit,NLOK,XLK,off,56.9,2022-03-24,868,-735.5084800000002
2022-03-30 10:00:00,22.62,22.04,24.1,24.74,2022-04-04 15:54:00,stop,889,3,-1.0384999999999998,-0.026628205128205205,2.551724137931027,0.8119614587767705,3,0.9937735396711718,36.814681353144415,0.35322761471712305,0.8119614587767705,28.163923561568797,0.2216511898975818,2.0109766737894175,0.9045007444017148,True,True,0.13996231211215848,True,True,swing_low,LRC_upper,limit,HRB,XLF,off,75.5,2022-03-29,1185,-713.7610500000022
2022-03-30 10:00:00,340.2,331.92,356.76,368.27,2022-04-04 15:54:00,stop,889,3,-1.0405869565217392,-0.025326455026454947,2.0000000000000067,0.846272629368748,3,0.8550453870896995,58.16860368304513,0.3800780602134696,0.846272629368748,29.91082081685466,0.15867284896137523,3.277980486536281,0.9468443515717262,True,True,0.0815010886372658,True,True,VAH,LRC_upper,limit,MOH,XLV,off,70.3,2022-03-29,66,-568.6599599999981
2022-03-30 10:00:00,21.96,21.22,23.45,26.33,2022-03-31 15:54:00,stop,887,1,-1.0291756756756756,-0.03468078324225874,2.013513513513506,0.016550525420496322,2,0.6421007454328765,70.19377075394884,0.044156136097357676,0.016550525420496322,14.047046680652556,0.12620175219302143,0.8732707520066618,0.7780254617026252,True,True,0.045547235810072584,True,True,swing_low,LRC_upper,limit,M,XLF,off,37.8,2022-03-29,5,-3.8079500000000097
2022-04-01 10:00:00,102.76,99.7,108.88,112.93,2022-04-11 15:54:00,stop,895,6,-1.0330816993464051,-0.03076323472168161,1.9999999999999953,0.6934691840815133,3,0.7655334378908131,68.7035734306853,0.42462198150908365,0.6934691840815133,18.371295327016714,0.21774494386686724,1.7199509589701008,0.8776479295716836,True,True,0.16128700984058164,True,True,VAH,LRC_upper,limit,PANW,XLK,off,69.1,2022-03-31,1,-3.1612300000000024
2022-04-01 10:00:00,8.88,8.6,9.46,9.84,2022-04-06 15:54:00,stop,891,3,-1.0312142857142856,-0.0325157657657659,2.071428571428563,0.015069636002482876,2,0.7378690724689709,57.20143310952089,0.04820548160534089,0.015069636002482876,12.806598201678117,-0.025724011631974925,1.3547849821690081,0.881810270759764,True,False,-0.09378293461791021,True,True,swing_low,swing_high,limit,COTY,XLF,off,32.2,2022-03-31,1,-0.28874000000000116
2022-04-04 10:00:00,21.84,20.54,24.46,26.4,2022-06-14 15:54:00,trail,903,49,3.709790593665984,0.2208208686705944,2.015384615384615,0.797342376717998,3,1.3391677325735682,43.63018354148307,0.5440278010112621,0.797342376717998,26.559983264221536,0.03231586715333185,1.7370819763885585,0.8270396030496342,True,True,0.518274436605145,True,True,POC,swing_high,limit,CTRA,XLF,off,72.7,2022-04-01,1015,4895.068688342268
2022-04-05 10:00:00,62.93,62.0,65.04,65.97,2022-04-07 15:54:00,stop,893,2,-1.0671666666666666,-0.015770935960591127,2.268817204301083,0.6709661640035286,3,0.8090069545849146,34.70422035945924,0.17747160797656183,0.6709661640035286,27.28616259094134,0.23169870826875674,1.0712989686276226,0.6320548865543503,True,True,0.1464067903059203,True,True,POC,swing_high,limit,L,XLF,off,71.7,2022-04-04,412,-408.8955799999998
2022-04-05 10:00:00,82.53,81.11,85.5,87.77,2022-04-05 15:54:00,stop,891,0,-1.057619718309859,-0.018197261601841774,2.0915492957746444,0.5628145703350589,3,0.7973287813198988,30.66033914041259,0.15587946161146546,0.5628145703350589,10.624333819585624,0.05371333604642669,1.546304970478625,0.9433835031289945,True,True,0.05030531839259189,True,True,VAL,swing_high,limit,CTSH,XLK,off,60.7,2022-04-04,314,-471.5714800000005
2022-04-06 10:00:00,33.08,32.2,34.97,36.5,2022-04-11 15:54:00,stop,894,3,-1.0370909090909093,-0.027588875453446054,2.1477272727272845,0.4709646745449609,3,1.0134324067528637,66.0808086984817,0.19627182641603516,0.4709646745449609,25.424325862216968,0.36579232492004116,1.2070933312778034,0.8503644481480094,True,True,0.09066636380046611,True,True,POC,52w_high,limit,JNPR,XLK,off,58.1,2022-04-04,779,-710.9465599999966
2022-04-07 10:00:00,55.36,53.78,58.54,61.17,2022-04-25 15:54:00,stop,904,11,-1.0345379746835444,-0.029526192196531763,2.012658227848103,0.2006369893142641,3,1.0002674361403388,56.72320682697046,0.12345541615383922,0.2006369893142641,15.76991408286884,0.0051762816735804636,1.1365252528718632,0.8916253549687216,True,True,0.14139068122832232,True,True,AVWAP,52w_high,limit,AIG,XLF,off,51.9,2022-04-04,24,-39.22967999999996
2022-08-15 10:00:00,75.14,73.49,78.46,80.15,2022-08-29 15:54:00,stop,990,10,-1.0450393939393938,-0.022948030343359137,2.012121212121201,0.8701712328905448,3,1.0146873092057498,52.59546468082452,0.4142362053418337,0.8701712328905448,39.442516781170156,0.1328763596796197,1.656610947538287,0.8187283265856661,True,True,0.20147863863056248,True,True,POC,LRC_upper,limit,LW,XLF,off,78.4,2022-08-12,349,-601.7859350000019
2022-08-15 10:00:00,229.54,224.6,239.42,251.57,2022-08-19 15:54:00,stop,985,4,-1.0459655870445346,-0.02251054282477999,2.0,0.8320285128131373,3,0.8981203679483218,36.37892077087522,0.3682792038283952,0.8320285128131373,32.04657014245132,0.18440259879498433,1.7175287791486897,0.7545211239261254,True,True,0.12465719806873676,True,True,swing_low,swing_high,limit,RMD,XLV,off,72.6,2022-08-12,114,-589.0459799999998
2022-08-15 10:00:00,499.73,492.35,527.0,536.25,2022-08-23 15:54:00,stop,987,6,-1.0672140921409214,-0.015760590718988245,3.695121951219512,0.7559537687070028,3,0.7351548777092232,43.40927946603369,0.27122114718715534,0.7559537687070028,16.719504468794376,0.0004993972901209974,1.0687752989698907,0.9633014957960284,True,True,0.026981881823636256,True,True,POC,LRC_upper,limit,UNH,XLV,off,71.5,2022-08-12,52,-409.5540799999998
2022-08-15 10:00:00,472.79,467.77,498.36,506.35,2022-08-26 15:54:00,stop,990,9,-1.0936812749003977,-0.01161251295501182,5.093625498007928,0.6949985232827736,3,0.5047520541884265,48.332742466835626,0.24002219249383122,0.6949985232827736,12.551165308517726,0.1571476835506081,1.310419835885364,0.2635607147972307,True,True,0.04570528595675727,True,True,VAH,LRC_upper,limit,HUM,XLV,off,70.7,2022-08-12,55,-301.96540000000215
2022-08-15 10:00:00,74.84,73.89,77.37,79.56,2022-08-22 15:54:00,stop,986,5,-1.078278947368421,-0.01368739978621062,2.6631578947368353,0.6290060774506333,3,0.6670067894595021,72.7933368220274,0.2607770749518205,0.6290060774506333,25.14324819758288,0.1889804073910597,1.0202563217384761,0.7297582685110994,True,True,0.01294439606501907,True,True,VAH,swing_high,limit,ORCL,XLK,off,63.6,2022-08-12,350,-358.527750000001
2022-08-15 10:00:00,284.39,278.2,297.63,322.17,2022-08-17 15:54:00,tsm_off,982,3,-0.7564119547657479,-0.016463975526565554,2.138933764135705,0.43246832285280873,3,0.7444285691147601,67.37109850551283,0.297384938819681,0.43246832285280873,29.645566223881012,0.2197872906543687,1.4619442698814054,0.8490144050670548,True,True,0.066148338007332,True,True,POC,swing_high,limit,ANSS,XLK,off,60.6,2022-08-12,2,-9.364379999999954
2022-08-15 10:00:00,99.05,97.87,102.82,104.8,2022-08-22 15:54:00,stop,986,5,-1.083440677966102,-0.012907218576476453,3.194915254237305,0.4305302216675259,3,0.6463655568051809,68.75825463826814,0.14587447686254137,0.4305302216675259,15.742516440372855,0.09481404109418455,1.2892577352516934,0.43314921920678806,True,True,-0.019998799342351714,True,True,VAH,LRC_upper,limit,GL,XLF,off,55.3,2022-08-12,1,-1.2784599999999926
2022-08-18 10:00:00,497.84,486.96,519.6,534.13,2022-08-19 15:54:00,stop,985,1,-1.0452573529411764,-0.022843483850233,2.0000000000000053,0.8200872269069278,3,0.8014667245687642,70.58150594490536,0.4658133397927377,0.8200872269069278,27.691667800811285,0.3300562872808778,1.7550091315891472,0.9706999088782691,True,True,0.2631966596133628,True,True,VAH,LRC_upper,limit,FICO,XLK,off,74.3,2022-08-16,1,-11.372399999999995
2022-08-18 10:00:00,32.87,32.48,34.6,35.35,2022-08-19 15:54:00,stop,985,1,-1.0837820512820513,-0.012858989960450278,4.43589743589744,0.44827546014191244,3,0.5245693254533829,68.23310203652014,0.25174267751295043,0.44827546014191244,21.397992165087995,0.12300256386487693,1.3375341015799507,0.6885375985395873,True,True,-0.01795037764051033,True,True,POC,swing_high,limit,GLW,XLK,off,53.2,2022-08-16,1,-0.4226750000000005
2022-08-22 10:00:00,196.41,193.88,209.34,217.2,2022-08-22 15:54:00,stop,986,0,-1.0771324110671936,-0.013874777251667436,5.1106719367588935,0.8591305928346263,3,0.5715929610627428,68.68677369644432,0.44983527394986017,0.8591305928346263,32.14999499116672,0.32905158547851293,1.5352025088051824,0.861937260458485,True,True,0.1627025701408038,True,True,swing_low,LRC_upper,limit,VRSN,XLK,off,72.2,2022-08-18,133,-362.4442850000001
2022-11-11 10:00:00,290.7,279.02,329.11,340.79,2022-12-22 15:54:00,stop,1072,28,-1.024388698630137,-0.041158789129686985,3.288527397260274,0.8023443194010668,2,1.330970187189666,36.71438539312871,0.7090288532455121,0.8023443194010668,38.45724879509042,-0.017660946999695146,1.5179490223812597,0.49635865311976307,True,True,0.3891491392030544,True,True,POC,LRC_upper,limit,BIIB,XLV,off,74.7,2022-11-10,88,-1052.9076800000005
2022-11-11 10:00:00,89.3,87.76,93.25,96.0,2022-11-11 15:54:00,stop,1044,0,-1.0574870129870133,-0.018236618141097335,2.56493506493508,0.8573887862778413,3,0.8318491423433209,64.57149343769312,0.367156643829585,0.8573887862778413,37.38189632157453,0.11065368586482369,1.7082259527910915,0.9188520124361788,True,True,0.19178704680260283,True,True,POC,LRC_upper,limit,MRK,XLV,off,74.2,2022-11-10,288,-469.0166399999977
2022-11-11 10:00:00,171.29,166.88,180.12,183.63,2022-11-15 15:54:00,stop,1046,2,-1.03834126984127,-0.02673293829178584,2.0022675736961495,0.5769726133954348,3,1.330269206904006,61.21139323537835,0.30279592667435773,0.5769726133954348,39.76280588335655,0.05742414912379125,1.2964263330435588,0.8058273067506151,True,True,0.13474830057285914,True,True,swing_low,LRC_upper,limit,TRV,XLF,off,70.2,2022-11-10,150,-686.8627499999996
2022-11-11 10:00:00,18.87,18.33,19.95,21.06,2022-11-11 15:54:00,stop,1044,0,-1.0344444444444443,-0.02960254372019092,1.999999999999987,0.7180423663861227,3,0.949251035147899,41.09110665724655,0.4373467844942244,0.7180423663861227,42.52940568245783,0.02085890419832492,1.0552924906153502,0.7962988214476648,True,True,0.2746566466273319,True,True,VAL,swing_high,limit,IBKR,XLF,off,69.5,2022-11-10,1363,-761.3718000000038
2022-11-11 10:00:00,115.87,110.27,127.08,164.86,2022-11-29 15:54:00,stop,1055,11,-1.0201910714285713,-0.04930586001553472,2.00178571428571,0.6957061176898135,3,1.0567786417233018,73.06310280501555,0.6197933417651953,0.6957061176898135,28.240180608593956,0.04610825788908517,1.1418402638643523,0.29009969869582997,True,True,0.4088244006739008,True,True,swing_low,LRC_upper,limit,DXCM,XLV,off,68.7,2022-11-10,221,-1262.588470000002
2022-11-11 10:00:00,44.03,42.89,46.31,47.51,2022-11-11 15:54:00,stop,1044,0,-1.038122807017544,-0.02687849193731548,2.0,0.6818632393990729,3,0.9980044443478523,42.03095605052328,0.281354858738182,0.6818632393990729,26.851247635527002,0.09522251743078917,1.3443439724324697,0.8437229379143201,True,True,0.17565072866978393,True,True,POC,swing_high,limit,WRB,XLF,off,68.2,2022-11-10,6,-7.100760000000003
2022-11-14 10:00:00,139.68,136.22,153.06,157.37,2022-11-18 15:54:00,stop,1048,4,-1.0398699421965316,-0.025758519473081384,3.867052023121377,0.5942062418394419,3,0.6490638470277049,58.17654483770749,0.45499807200928405,0.5942062418394419,30.717755037305302,0.07200016797345314,1.2054153485077155,0.8736084321035804,True,True,0.3619886218668562,True,True,POC,LRC_upper,limit,HES,XLF,off,73.7,2022-11-11,181,-651.2289500000014
2022-11-14 10:00:00,21.48,20.41,23.62,24.82,2022-11-18 15:54:00,stop,1048,4,-1.0195747663551402,-0.050788873370577296,2.0,0.7186803452271984,3,1.2576452933719333,61.59530547386939,0.6914252725796606,0.7186803452271984,33.0472368570745,0.02155834741515254,2.1014308445985725,0.9321285168111182,True,True,0.3715877046037568,True,True,POC,LRC_upper,limit,NOV,XLF,off,72.8,2022-11-11,1173,-1279.6784850000004
2022-11-16 10:00:00,18.47,17.87,19.91,21.12,2022-12-13 15:54:00,stop,1065,18,-1.0302833333333334,-0.03346886843530038,2.4000000000000106,0.6348948705948682,3,0.9372991181372929,26.75921147635021,0.39101603323468004,0.6348948705948682,35.0133633007658,0.10818616310151577,1.0131804935107307,0.7649620176747427,True,True,0.20750333379270303,True,True,AVWAP,swing_high,limit,IBKR,XLF,off,69.7,2022-11-15,1354,-837.0021799999971
2022-11-21 10:00:00,54.88,53.63,59.4,60.61,2023-03-13 15:54:00,trail,1125,75,5.785179999999999,0.13176885932944604,3.615999999999997,0.7490722931055425,3,0.8558629160700043,52.383169558018224,0.5246284717708851,0.7490722931055425,31.714603189734987,0.3232078643301799,3.5011027049680865,0.758558330418229,True,True,0.25350771690494756,True,True,POC,LRC_upper,limit,ACGL,XLF,off,81.6,2022-11-18,456,3297.5526
2022-11-21 10:00:00,260.96,255.04,285.99,369.21,2023-01-11 15:54:00,stop,1084,34,-1.0435810810810813,-0.023674126302881623,4.228040540540555,0.6277280998788974,3,0.6973842635837326,63.48276732057771,0.5807911298011971,0.6277280998788974,41.0152343388935,0.15651198680879908,1.2528850859616578,0.8048365673080811,True,True,0.21035543701878767,True,True,VAH,LRC_upper,limit,ISRG,XLV,off,76.5,2022-11-18,90,-556.0199999999988
2022-11-21 10:00:00,29.19,28.54,30.51,34.97,2023-01-20 15:54:00,stop,1089,40,-1.0444076923076921,-0.023256766015758896,2.0307692307692244,0.5402235281334367,3,0.8008745176991083,73.75901432069706,0.2938956741882503,0.5402235281334367,24.396684549764895,0.08964475811775248,1.1471056157603388,0.39000121102149793,True,True,0.10766128467742386,True,True,VAH,LRC_upper,limit,JNPR,XLK,off,63.1,2022-11-18,1,-0.6788650000000022
2022-11-30 10:00:00,9.07,8.66,9.89,10.38,2022-11-30 15:54:00,stop,1056,0,-1.0216219512195122,-0.04618136714443221,2.0,0.8877326922632872,3,0.9146703811993393,58.594772253467006,0.9730159328683461,0.8877326922632872,57.260747815367715,0.014757076928429319,1.51213453612713,0.7237851766061236,True,True,0.37626199768223434,True,True,VAH,LRC_upper,limit,SMCI,XLK,off,77.3,2022-11-29,2685,-1124.6525250000004
2022-12-01 10:00:00,33.58,32.58,37.04,38.07,2023-01-05 15:54:00,stop,1079,23,-1.03308,-0.030764740917212628,3.460000000000001,0.8798896163871247,3,0.9002285914532444,23.198607226134392,0.6024631488982729,0.8798896163871247,28.074270549864753,0.056909872927160016,1.392909645247566,0.179148953425889,True,True,0.19313747729745434,True,True,swing_low,LRC_upper,limit,FLR,XLF,off,83.7,2022-11-30,691,-713.85828
2022-12-02 10:00:00,8.82,8.47,9.52,10.05,2022-12-05 15:54:00,stop,1059,1,-1.0247000000000002,-0.04066269841269837,2.0,0.9090083966922277,2,0.7695149536169282,39.75749722621637,0.9875700666136062,0.9090083966922277,54.50326488450838,-0.021705705472656617,1.5724876707975548,0.482179672004379,True,True,0.3350255960487585,True,True,POC,52w_high,limit,SMCI,XLK,off,68.6,2022-12-01,2,-0.7172899999999993
2022-12-06 10:00:00,19.23,18.77,20.54,21.23,2022-12-16 15:54:00,stop,1068,8,-1.0847608695652162,-0.02594851794071765,2.8478260869565135,0.8536999697308818,3,1.0817866483633554,23.144553783896736,0.3596440834349877,0.8536999697308818,20.431783555794958,0.06581123214147434,1.5678789180018238,0.5894754615050697,True,True,0.03588161405775625,True,True,VAL,LRC_upper,limit,APH,XLK,off,74.9,2022-12-05,1,-0.49899000000000043
2022-12-14 10:00:00,78.61,76.98,83.59,88.32,2022-12-14 15:54:00,stop,1066,0,-1.0477269938650309,-0.021724907772547965,3.055214723926391,0.7188918432902436,3,0.8002965301729733,14.809484451847363,0.3804491478256184,0.7188918432902436,20.120502951690256,0.10439833475380725,1.8949395809132432,0.8096068674626543,True,True,0.11327077872004532,True,True,VAL,52w_high,limit,PFG,XLF,off,74.4,2022-12-13,307,-524.2930649999986
2022-12-14 10:00:00,31.03,30.45,32.34,33.27,2022-12-15 15:54:00,stop,1067,1,-1.1046982758620645,-0.020648565903963887,2.258620689655169,0.7502069443537859,3,0.8234156419399763,34.47349041101492,0.23619206185311112,0.7502069443537859,10.444005858203342,0.08424683259992723,1.298359698646866,0.21811932211828355,True,True,-0.006588144566154419,True,True,POC,swing_high,limit,GLW,XLK,off,66.8,2022-12-13,1,-0.6407249999999993
2022-12-15 10:00:00,10.17,9.76,11.23,22.7,2022-12-15 15:54:00,tsm_off,1066,1,-0.34171951219512375,-0.013776302851524168,2.585365853658537,0.8444293805649447,3,0.8867947486021313,63.75968739499933,0.75228376864855,0.8444293805649447,25.803824535109467,0.25385706493784654,1.1389819959808138,0.4835446283874377,True,True,0.16031726905344956,True,True,VAH,LRC_upper,limit,UAA,XLF,off,72.2,2022-12-13,2322,-325.3238100000018
2022-12-16 10:00:00,262.53,251.58,284.83,396.53,2022-12-19 15:54:00,tsm_off,1068,2,-0.5013621004566193,-0.020911572010817666,2.0365296803653052,0.7554094609362013,3,1.2548888677408292,60.187053237733736,0.4071417754723657,0.7554094609362013,26.795010373610282,0.13080587858979456,1.5090304781357913,0.9539552823832045,True,True,0.06584187760873683,True,True,AVWAP,LRC_upper,limit,MKTX,XLV,off,65.4,2022-12-14,88,-483.11251999999655
2022-12-16 10:00:00,11.02,10.74,11.89,12.81,2023-03-14 15:54:00,trail,1125,58,8.182789240275422,0.20791116036997398,3.107142857142868,0.6914926857310402,2,0.5526368499782591,5.846203614514861,0.48882919323718266,0.6914926857310402,18.34284391527224,0.06840301812333963,1.3322835373760238,-0.7429303559401456,True,True,0.19366490318227725,True,True,AVWAP,POC,limit,FTI,XLF,off,62.2,2022-12-14,20,45.82361974554226
2023-01-05 10:00:00,75.14,73.91,78.93,84.75,2023-01-18 15:54:00,stop,1088,8,-1.0605894308943087,-0.017361258983231355,3.0813008130081254,0.6005340870475206,3,0.8703242427473136,17.595679183817168,0.29851006572317806,0.6005340870475206,27.41513469569805,0.18566924853217723,2.1767450019562244,0.853639166876024,True,True,0.2505254487725539,True,True,swing_low,swing_high,limit,GILD,XLV,off,70.5,2023-01-04,324,-422.6661000000013
2023-01-05 10:00:00,1474.4,1454.65,1534.73,1617.04,2023-01-06 15:54:00,stop,1081,1,-1.0741531645569622,-0.014388581795984809,3.054683544303794,0.6018501918551179,3,0.52079253622052,41.17156038277063,0.3007549816340737,0.6018501918551179,16.21837347502754,0.1746759790754147,1.5330414704194097,0.8393025234360318,True,True,0.19836599434957414,True,True,POC,swing_high,limit,MTD,XLV,off,67.4,2023-01-04,15,-318.217875
2023-01-05 10:00:00,36.25,35.36,38.38,40.59,2023-02-22 15:54:00,trail,1112,32,0.412402579796675,0.010125194372939062,2.3932584269662933,0.578638856595327,3,0.7375930082545147,17.721852655828517,0.39893650517301854,0.578638856595327,16.690598249668184,0.10123129688970768,1.5724050299373216,0.2391851796166365,True,True,0.10445837225204047,True,True,swing_low,swing_high,limit,KLAC,XLK,off,63.0,2023-01-04,19,6.9737276243617785
2023-01-09 10:00:00,40.82,38.54,45.39,57.39,2023-02-16 15:54:00,stop,388,27,-1.0568574561403492,-0.05903074473297397,2.00438596491228,0.7289605152645444,2,1.3546494167851866,54.778041215794694,0.5902991233542659,0.7289605152645444,29.172374661894462,-0.010198115725848323,1.2155823350292423,0.5833393677684475,True,True,0.22101584341973735,True,True,VAH,LRC_upper,limit,BBWI,XLF,off,65.0,2023-01-06,537,-1293.9739949999987
2023-01-09 10:00:00,433.83,427.05,451.07,474.79,2023-01-18 15:54:00,stop,1088,6,-1.063486725663717,-0.016620427356337675,2.542772861356944,0.39112000166777655,2,0.7919255400789031,56.07588509750664,0.12884953016729508,0.39112000166777655,18.91939221754969,0.12188265690800305,1.2478311475985138,-0.25870587923934185,True,True,0.08480472772885173,True,True,VAH,LRC_upper,limit,ROP,XLK,off,55.9,2023-01-06,51,-367.7324399999986
2023-01-12 10:00:00,186.02,183.63,190.81,194.59,2023-01-20 15:54:00,stop,1090,5,-1.0773326359832631,-0.01384165681109566,2.0041841004183945,0.8076800387466182,2,0.6999032104044921,23.93336425382481,0.31912146750018006,0.8076800387466182,36.362140272517806,0.0022352813478817885,0.956381058879027,0.5040247630098798,True,True,0.0007664912989109318,True,True,swing_low,swing_high,limit,BDX,XLV,off,58.8,2023-01-11,124,-319.2783000000018
2023-01-19 10:00:00,1520.39,1483.02,1595.13,1651.76,2023-02-21 15:54:00,stop,1111,22,-1.0401847738827936,-0.02556693019554201,1.999999999999994,0.4947131695235137,3,0.8511179806732123,65.44454090309902,0.18167592460773851,0.4947131695235137,16.7151950264346,0.09097024349932076,1.364830913310335,0.7057814645625136,True,True,0.16569063946732587,True,True,VAH,LRC_upper,limit,MTD,XLV,off,62.2,2023-01-18,15,-583.0755750000018
2023-01-19 10:00:00,180.43,177.22,188.87,193.14,2023-01-19 15:54:00,stop,1089,0,-1.0557087227414328,-0.01878193759352662,2.629283489096566,0.17827354270019294,3,0.743575452235675,64.81978875549667,0.09495178961399556,0.17827354270019294,20.017341771302725,0.12070183348850663,1.0523256651010067,0.317847484127018,True,True,0.01311551582289594,True,True,VAH,LRC_upper,limit,KEYS,XLK,off,49.8,2023-01-18,127,-430.380775000001
2023-01-20 10:00:00,26.64,26.06,27.8,32.94,2023-01-26 15:54:00,stop,415,4,-1.0454310344827584,-0.022760885885885953,1.9999999999999938,0.9094154179929163,3,0.9415477128777372,65.63719421973934,0.5015637172381023,0.9094154179929163,42.763484866398315,0.2871640816336627,1.6807904256518609,0.9247318144756436,True,True,0.19616983795419585,True,True,swing_low,swing_high,limit,OGN,XLV,off,75.6,2023-01-19,847,-513.5784500000016
2023-01-23 10:00:00,192.61,186.07,212.47,220.38,2023-01-30 15:54:00,stop,1042,5,-1.0289510703363913,-0.034937646020455945,3.0366972477064103,0.2158848265109079,2,0.6547147993759147,53.287505861538584,0.18808221980155443,0.2158848265109079,13.728384064923555,-0.033326111430229274,1.2419012358528434,0.08453217588853645,True,True,0.3800637322247409,True,True,AVWAP,swing_high,limit,MRNA,XLV,off,53.6,2023-01-20,118,-794.0621200000023
2023-01-24 10:00:00,43.22,42.48,44.86,46.41,2023-02-08 15:54:00,tsm_off,1103,12,-0.7067297297297236,-0.012100416473854625,2.216216216216211,0.14252301362402278,2,0.8846434866402012,33.42060464553837,0.07661716775196986,0.14252301362402278,16.990697306794853,0.049752230354443455,0.9015488920989426,0.40793065948284646,True,True,-0.016547353582031632,True,True,POC,swing_high,limit,CSCO,XLK,off,42.7,2023-01-23,1,-0.5229799999999969
2023-01-27 10:00:00,33.54,32.89,35.12,52.95,2023-01-30 15:54:00,tsm_off,1095,2,-0.22074615384615343,-0.004278026237328546,2.4307692307692337,0.7279516264077849,3,0.6837096877288797,69.83096741678023,0.39648160090303664,0.7279516264077849,25.6407217203136,0.26125502992295263,1.4934120780480946,0.9326052490916509,True,True,0.09919190843692705,True,True,VAH,LRC_upper,limit,XRAY,XLV,off,69.3,2023-01-26,657,-94.26964499999963
2023-01-31 10:00:00,371.43,366.62,381.05,394.19,2023-02-01 15:54:00,stop,1098,1,-1.0767203742203741,-0.013943475217403014,2.0,0.07779429305113338,2,0.7360349866051887,42.44658860380261,0.026594869564321937,0.07779429305113338,10.687518850143132,0.011826814811338555,1.3352118734081089,-0.08730258311555007,True,True,-0.1109823206607049,True,True,VAL,swing_high,limit,MCK,XLV,off,35.2,2023-01-30,62,-321.09955000000014
2023-02-01 10:00:00,111.91,109.39,116.95,161.97,2023-02-24 15:54:00,trail,1113,16,4.514910245778362,0.10166717736897019,2.0000000000000058,0.8127399561814878,3,0.99754882412577,64.55926387091499,0.4489645195763171,0.8127399561814878,29.682674405235797,0.33931602282009643,1.068052482254158,0.7292857925377594,True,True,0.17242887881461066,True,True,POC,LRC_upper,limit,IPGP,XLK,off,75.1,2023-01-31,186,2116.2287304012298
2023-02-02 10:00:00,103.53,102.2,106.92,119.68,2023-02-08 15:54:00,stop,1103,4,-1.077342105263158,-0.01384009465855306,2.5488721804511316,0.6983674720691566,2,0.7178838198751796,31.14366517946649,0.15370714721124637,0.6983674720691566,19.796443469165197,0.014256677185856822,1.1701045342921583,-0.3723285922013419,True,True,0.016971217204195588,True,True,swing_low,swing_high,limit,ABT,XLV,off,58.3,2023-02-01,219,-313.79743499999967
2023-02-09 10:00:00,64.27,62.61,67.59,70.85,2023-02-09 15:54:00,tsm_off,1104,1,-0.21332831325301196,-0.00550995798973081,2.0000000000000084,0.7450400933930165,3,0.7473186352822805,74.33860065123423,0.6212871721770639,0.7450400933930165,38.16330130519092,0.2587274961370127,1.2463950426764294,0.928601199122566,True,True,0.2258562828859505,True,True,VAH,swing_high,limit,STX,XLK,off,70.9,2023-02-08,350,-123.94374999999971
2023-02-10 10:00:00,49.42,48.15,53.09,58.75,2023-02-17 15:54:00,stop,1110,5,-1.0384133858267717,-0.02668524888709031,2.8897637795275535,0.416336805211633,3,0.7242776709142144,67.74993294565247,0.3081929342912824,0.416336805211633,32.42550260697283,0.27281163259814295,1.0338818954865323,0.8582393307510907,True,True,0.06866785897215211,True,True,VAH,swing_high,limit,LRCX,XLK,off,58.3,2023-02-08,452,-596.0908200000014
2023-02-16 10:00:00,30.51,30.13,31.91,32.75,2023-03-13 15:54:00,trail,1124,16,0.5448699907025273,0.006786319123794223,3.684210526315761,0.6925004055138293,3,0.5687940363824062,6.852374767487192,0.3289586748623664,0.6925004055138293,22.516069672582987,0.12071963402291684,1.2970428626161519,0.4257352699346071,True,True,0.027935328400879866,True,True,AVWAP,POC,limit,PRGO,XLV,off,64.5,2023-02-15,1,0.20705059646696175
2023-02-17 10:00:00,322.16,306.74,368.33,529.49,2023-02-21 15:54:00,stop,1111,1,-1.0203923476005188,-0.04884048298981877,2.994163424124508,0.8672102889230091,3,1.0590558408899968,44.552241886479884,1.0191927551938698,0.8672102889230091,50.69287540667738,0.25776096359943546,1.993254518061539,0.7201253671422215,True,True,0.4609565569830558,True,True,swing_low,LRC_upper,limit,ALGN,XLV,off,79.2,2023-02-16,64,-1007.0048000000011
2023-02-21 10:00:00,330.8,324.77,353.65,363.63,2023-02-21 15:54:00,stop,1111,0,-1.05435903814262,-0.01921942261185015,3.789386401326676,0.7522824173557998,3,0.8799811289437915,40.92653876945312,0.2860006354874614,0.7522824173557998,30.712390885238314,0.21619542219786111,1.189598924710503,0.43064878290442743,True,True,0.034184465308177314,True,True,VAL,LRC_upper,limit,AMP,XLF,off,68.4,2023-02-17,65,-413.2560250000019
2023-02-22 10:00:00,469.0,445.26,516.48,540.58,2023-04-20 15:54:00,stop,1152,40,-1.06935699241786,-0.05412907249466952,2.0,0.7407043211589355,3,1.1357965233434133,41.676266104915285,0.655655708961545,0.7407043211589355,38.87332969741448,0.033040757436354685,1.118785740352573,0.8052807173234323,True,True,0.2319766340337086,True,True,POC,swing_high,limit,MPWR,XLK,off,74.6,2023-02-21,49,-1243.9402150000005
2023-02-22 10:00:00,36.06,35.31,38.64,39.64,2023-02-27 15:54:00,tsm_off,1115,4,-0.14136666666666706,-0.0029402384914032245,3.4399999999999977,0.7993734461757518,3,0.9735716453740157,-10.106437048891454,0.2861124891008151,0.7993734461757518,26.161282125200476,0.10203098455603675,1.205898377412709,0.0189459512044934,True,True,0.023711385873354196,True,True,AVWAP,swing_high,limit,CFG,XLF,off,73.1,2023-02-21,648,-68.70420000000018
2023-02-23 10:00:00,478.82,464.74,506.98,651.83,2023-02-24 15:54:00,tsm_off,1113,2,0.04975781250000054,0.001463159433607633,2.000000000000004,0.7769057990595267,3,0.9402838976415963,34.231631157494675,0.31505146491207175,0.7769057990595267,20.491299097540622,0.15335249499713696,1.0191696556074352,0.14955771789389807,True,True,0.15415462025729187,True,True,swing_low,LRC_upper,limit,BIO,XLV,off,76.9,2023-02-22,36,25.221240000000243
2023-02-23 10:00:00,77.49,76.57,80.31,83.0,2023-02-23 15:54:00,stop,1113,0,-1.083728260869565,-0.01286656342753906,3.0652173913043503,0.7826101722528327,3,0.5851705212815783,36.270839714673656,0.23310656291634785,0.7826101722528327,16.95122676069617,0.2567252095311967,1.454560282816986,0.6848411413278248,True,True,0.019472749833883807,True,True,swing_low,swing_high,limit,MDT,XLV,off,69.8,2023-02-22,3,-2.991090000000005
2023-02-24 10:00:00,66.78,65.45,72.34,77.62,2023-03-07 15:54:00,tsm_off,1120,8,0.7238383458646634,0.014416067684935627,4.1804511278195555,0.8012179676660715,3,0.5040511681546053,41.28315320105949,0.9111112177728151,0.8012179676660715,46.19714145276482,0.05639248846356023,1.298278469724702,0.7628347737949582,True,True,0.5440362990015752,True,True,swing_low,swing_high,limit,CTLT,XLV,off,77.0,2023-02-23,4,3.8508200000000046
2023-02-27 10:00:00,474.67,465.05,497.48,513.1,2023-03-02 15:54:00,stop,1118,3,-1.074816528066528,-0.021782996608169895,2.37110187110187,0.7432679703179668,3,0.6207977738620117,2.2104194330875186,0.42048795483572526,0.7432679703179668,22.34653836438222,0.11573824616187549,1.1596718878255052,0.3449890886697912,True,True,0.10767276897942857,True,True,AVWAP,swing_high,limit,IDXX,XLV,off,69.2,2023-02-23,49,-506.64701500000024
2023-02-27 10:00:00,100.94,98.92,107.02,110.5,2023-03-02 15:54:00,stop,1118,3,-1.2127549504950492,-0.024269516544481815,3.009900990099015,0.7043816228407973,3,0.6099806733021524,15.263823750852747,0.4313331033275916,0.7043816228407973,23.666148604056286,0.15574297370030193,1.1862155467900293,0.47008965409615855,True,True,0.0832096068538688,True,True,VAL,swing_high,limit,TER,XLK,off,69.1,2023-02-23,167,-409.110754999999
2023-02-28 10:00:00,46.53,45.85,47.9,50.12,2023-03-02 15:54:00,stop,1117,2,-1.0679264705882352,-0.015606920266494727,2.0147058823529385,0.867876555438819,3,0.8742943802462515,1.9167825183940108,0.32965434690175893,0.867876555438819,33.93435977464657,0.08073655969075887,1.5201941846484195,0.5411684306687068,True,True,0.1136690717256581,True,True,POC,swing_high,limit,BK,XLF,off,74.2,2023-02-27,502,-364.54737999999986
2023-03-03 10:00:00,505.56,482.81,623.37,643.35,2023-03-08 15:54:00,stop,1121,3,-1.0217224175824176,-0.045977104596882666,5.178461538461539,0.8121760853261755,2,1.4996118661392817,71.4949188347203,0.3268502288043741,0.8121760853261755,25.110529188980124,0.1599484537840106,1.19379578246695,-0.09481757837753689,True,True,0.22294967487381578,True,True,VAH,52w_high,limit,BIO,XLV,off,77.7,2023-03-02,46,-1069.23251
2023-03-03 10:00:00,12.62,12.44,13.0,13.65,2023-03-07 15:54:00,stop,1121,2,-1.069611111111111,-0.015255942947702038,2.1111111111111187,0.7668818639697771,2,0.7108484433504272,-6.679247469469055,0.21583342065249939,0.7668818639697771,15.495680328994618,0.20152989711972522,1.248108358608104,-0.31961401319125304,True,True,-0.038026267740580044,True,True,swing_low,POC,limit,HBAN,XLF,off,57.4,2023-03-02,1856,-357.3356799999995
2023-03-06 10:00:00,23.81,22.91,26.22,28.83,2023-03-10 15:54:00,stop,1124,4,-1.0259555555555557,-0.03878034439311208,2.677777777777782,0.8947971585016399,3,0.9089468818104943,41.72616808616725,0.8655149291931613,0.8947971585016399,37.428104964515185,0.046624650017041705,1.6947836829270404,0.49019018680493937,True,True,0.3911372246009712,True,True,POC,LRC_upper,limit,NVDA,XLK,off,81.9,2023-03-03,653,-602.954079999999
2023-03-08 10:00:00,112.84,108.71,121.12,134.76,2023-03-10 15:54:00,stop,1124,2,-1.0268220338983052,-0.03758219602977676,2.004842615012102,0.10875970816081429,2,0.9193426107246557,51.16524617567426,0.0885836418835417,0.10875970816081429,16.123007896801692,0.13601567464215486,1.0713902348627842,-0.042111279839004916,True,True,-0.026411807649553087,True,True,swing_low,swing_high,limit,DXCM,XLV,off,38.5,2023-03-07,204,-865.1181000000021
2023-03-09 10:00:00,94.19,92.12,100.69,106.82,2023-03-09 15:54:00,stop,1123,0,-1.0450024154589372,-0.022965866864847573,3.1400966183574983,0.9210595904558784,3,0.8157101316163424,39.529965379896936,0.6672905371269077,0.9210595904558784,35.335143981902874,0.19586615588700163,1.5689221461959468,0.8061214489109896,True,True,0.0925652928871934,True,True,swing_low,LRC_upper,limit,PANW,XLK,off,80.3,2023-03-08,238,-514.8308899999984
2023-03-09 10:00:00,19.9,19.34,21.06,25.64,2023-03-10 15:54:00,stop,1123,1,-1.0350357142857143,-0.029126633165829082,2.0714285714285765,0.6702882844463283,3,0.8620696598930395,53.284089156116885,0.34772437304551246,0.6702882844463283,30.86132671980222,0.20912407898994548,1.2266432787082184,0.808676788169603,True,True,0.18327694596607946,True,True,swing_low,swing_high,limit,SATS,XLF,off,72.0,2023-03-08,4,-2.3184799999999948
2023-03-10 10:00:00,118.31,113.47,128.0,134.81,2023-03-15 15:54:00,stop,1126,3,-1.0239442148760332,-0.04188902037021387,2.0020661157024775,0.8195807575281476,3,1.3458535557195308,0.8787462004741999,0.5127762101639044,0.8195807575281476,29.270059737218226,0.1324143621406721,1.5189760176285876,0.3518262682251375,True,True,0.3517246992368148,True,True,AVWAP,swing_high,limit,IPGP,XLK,off,73.3,2023-03-09,185,-916.8396500000007
2023-04-03 10:00:00,99.01,96.69,105.97,109.15,2023-04-05 15:54:00,stop,1142,2,-1.042176724137931,-0.024420260579739495,2.9999999999999876,0.862115062392656,3,1.0221060959916615,45.34455581454851,0.48127957458764414,0.862115062392656,36.99895236002358,0.05601651325367423,2.138174875527963,0.8406510569080325,True,True,0.39607003078310976,True,True,VAH,LRC_upper,limit,PANW,XLK,off,78.1,2023-03-31,223,-539.1805500000016
2023-04-03 10:00:00,339.58,334.43,364.7,418.85,2023-05-24 15:54:00,trail,1176,36,-0.8286631067961214,-0.012567333176276596,4.877669902912643,0.8938745189609251,2,0.6647156911575951,41.826638504033106,0.5374954642896482,0.8938745189609251,42.23411905827357,-0.021705336595927903,1.6731282470486606,0.036767637238489956,True,True,0.42171732344827917,True,True,VAH,LRC_upper,limit,WST,XLV,off,74.4,2023-03-31,65,-277.39497500000044
2023-04-03 10:00:00,47.52,46.75,49.3,49.87,2023-04-21 15:54:00,stop,1152,13,-1.0612142857142854,-0.017195601851851917,2.3116883116882945,0.7347183834155259,2,1.0201158215725064,71.86225789062485,0.13870124306602002,0.7347183834155259,29.798291534002978,0.008648592889938344,0.9704628722415807,0.39753923993481227,True,True,-0.04352792017584106,True,True,VAH,swing_high,limit,CPB,XLV,off,64.3,2023-03-31,466,-380.78491000000145
2023-04-03 10:00:00,26.76,26.12,28.04,28.89,2023-04-04 15:54:00,stop,624,1,-1.0413125,-0.024904334828101664,1.9999999999999944,0.6538885345359102,2,0.8990962997882462,53.57447451567802,0.34684120285121456,0.6538885345359102,26.631622860753936,-0.16529961763980258,2.217337365220342,0.4547749332110987,True,True,0.39173173966883335,True,True,VAH,52w_high,limit,VNT,XLF,off,61.8,2023-03-31,765,-509.82660000000044
2023-04-05 10:00:00,26.74,26.04,28.86,30.19,2023-06-26 15:54:00,trail,1197,55,19.148286131049634,0.5012640348442308,3.028571428571433,0.8978194362022544,3,0.8016626302451955,52.77096191766712,0.5947229793681829,0.8978194362022544,36.523207304145984,0.1699031890061253,1.8997573582277982,0.9201698191646528,True,True,0.8931177764500102,True,True,POC,LRC_upper,limit,NVDA,XLK,off,76.1,2023-04-04,747,10012.638817925841
2023-04-06 10:00:00,11.67,11.39,12.61,13.19,2023-05-03 15:54:00,trail,1160,18,-2.3619464285714353,-0.05667052270779781,3.357142857142863,0.6999983256030593,3,1.0368875665531052,54.398046471686136,0.3131565554134214,0.6999983256030593,32.00736370117261,0.0021421731994926605,1.7246609008639382,0.5765527932296334,True,True,0.3471667841601431,True,True,VAH,LRC_upper,limit,COTY,XLF,off,70.2,2023-04-04,1846,-1220.8428700000006
2023-04-21 10:00:00,25.53,25.0,26.59,34.25,2023-04-26 15:54:00,stop,1156,3,-1.0476698113207545,-0.021749510379945207,1.9999999999999933,0.021999005696520624,2,0.8520772720390763,61.10130043140695,0.033352332048292306,0.021999005696520624,20.966871101361903,0.10004322797224312,0.9584258768734293,0.7576892670357409,True,True,0.12877276873080867,True,True,VAL,swing_high,limit,HPQ,XLK,off,40.8,2023-04-20,851,-472.530515000001
2023-04-24 10:00:00,331.05,325.79,341.96,347.26,2023-04-26 15:54:00,stop,1156,2,-1.0624372623574145,-0.01688089412475454,2.074144486692013,0.7570289114248497,3,0.9474820605077906,63.33502550229832,0.2772283753788196,0.7570289114248497,40.192985768140936,0.21190947693080092,1.7056945106961867,0.9365105887346077,True,True,0.11074276809403671,True,True,VAH,LRC_upper,limit,VRTX,XLV,off,72.1,2023-04-21,65,-363.24729999999937
2023-04-24 10:00:00,126.43,124.2,130.89,139.63,2023-04-26 15:54:00,stop,1155,2,-1.0696412556053816,-0.01886656647947485,1.9999999999999873,0.7960076981071373,3,1.3229078454437717,66.51215995525482,0.3250186489980358,0.7960076981071373,45.60749662949489,0.2940749704448754,1.5174181061906644,0.947224501900565,True,True,0.0670061218221325,True,True,VAH,swing_high,limit,EA,XLK,off,69.0,2023-04-21,2,-4.770600000000011
2023-04-25 10:00:00,2.68,2.61,2.87,2.95,2023-06-23 15:54:00,trail,1195,41,0.7379566784666717,0.019274987870398216,2.7142857142857024,0.0460977045639183,2,0.9634048916652276,62.795891264622774,0.05792044767235016,0.0460977045639183,20.403380901150328,0.17608377642567816,0.7826099085144959,0.6436120769322525,True,True,0.09335273798724475,True,True,swing_low,LRC_upper,limit,AIV,XLF,off,41.3,2023-04-24,5,0.25828483746333614
2023-06-05 10:00:00,311.851,307.13,342.1,347.15,2023-06-07 15:54:00,stop,1185,2,-1.0655561321753866,-0.01613107060743754,6.407328955729718,0.826089036364703,3,0.793515694639365,22.03893419411261,0.4487365236977955,0.826089036364703,34.090096814287904,0.3362879480040996,2.9572951562758374,0.9688982667277893,True,True,0.39514667753812915,True,True,VAH,LRC_upper,limit,ISRG,XLV,off,84.8,2023-06-02,73,-367.22580650000026
2023-06-05 10:00:00,395.39,387.55,421.37,431.51,2023-06-07 15:54:00,stop,1185,2,-1.049932397959184,-0.020818609474189977,3.3137755102040947,0.87360679528417,3,0.9769214859096982,19.940883295368607,0.33128760547984293,0.87360679528417,41.539699046416686,0.1990676903702303,1.7265791990797377,0.7832561080200265,True,True,0.2640681443256305,True,True,POC,LRC_upper,limit,TYL,XLK,off,80.0,2023-06-02,57,-469.1937899999986
2023-06-05 10:00:00,221.78,218.32,229.7,234.3,2023-06-07 15:54:00,stop,1185,2,-1.0635982658959537,-0.016593245558661773,2.2890173410404535,0.8323590048188244,3,0.9957875615270271,38.92811036906699,0.19106024321529913,0.8323590048188244,32.19373780840928,0.004869098920731618,1.7001974048609314,0.19362439539317966,True,True,0.18726816099249755,True,True,POC,LRC_upper,limit,VRSN,XLK,off,75.0,2023-06-02,102,-375.36510000000084
2023-06-05 10:00:00,62.29,61.49,64.91,66.46,2023-06-07 15:54:00,stop,1185,2,-1.0773625000000002,-0.013836731417562967,3.2750000000000083,0.7073067902164274,2,0.7535255434834913,11.236010250236319,0.304277405621747,0.7073067902164274,33.88491330636978,0.09765744453768714,2.2224584585028433,-0.5312466495258161,True,True,0.1816326068894154,True,True,VAL,swing_high,limit,BRO,XLF,off,70.8,2023-06-02,270,-232.71029999999925
2023-06-08 10:00:00,99.63,97.95,103.0,106.6,2023-06-09 15:54:00,stop,1187,1,-1.0588035714285717,-0.017853959650707543,2.0059523809523925,0.831982363053049,3,0.6955254374212492,47.344467320689695,0.4384804289967485,0.831982363053049,24.252285222991144,0.009302757186217614,1.7013312841956265,0.47464598027935706,True,True,0.15871696360569132,True,True,POC,52w_high,limit,DVA,XLV,off,71.9,2023-06-07,223,-396.67016999999834
2023-06-08 10:00:00,41.67,40.93,43.16,44.59,2023-11-01 15:54:00,trail,1286,101,1.6590472972972874,0.02946232301415877,2.013513513513501,0.8389826557845325,2,0.7174839838903434,32.426988485957935,0.35935674979657334,0.8389826557845325,17.41657603943038,-0.022721716941419338,1.2043232443242171,0.03257801963800601,True,True,-0.04220084110674338,True,True,POC,52w_high,limit,UNM,XLF,off,58.7,2023-06-07,534,655.5891299999979
2023-06-08 10:00:00,65.64,62.87,72.16,75.48,2023-06-29 15:54:00,stop,1200,14,-1.023196750902527,-0.04317877818403418,2.3537906137184073,0.5575323399695049,2,1.1758131067322497,39.38111269879555,0.28493793539724727,0.5575323399695049,26.62480859708011,0.1011396725347486,0.9646705187132513,0.7075195570254449,True,True,0.0803325202342613,True,True,AVWAP,LRC_upper,limit,MU,XLK,off,57.3,2023-06-07,339,-960.8124450000012
2023-06-08 10:00:00,527.96,526.98,529.92,550.25,2023-06-14 15:54:00,stop,281,4,-1.538234693877541,-0.0028552731267520613,1.999999999999884,0.2982237231591501,2,0.7425136483943721,63.18400072776215,0.011192622434944953,0.2982237231591501,58.303977750301975,-0.1722211460536512,4.156046511627907,0.7881913702755542,True,True,0.04036625279307127,True,True,AVWAP,LRC_upper,limit,STI,XLF,off,48.3,2023-06-06,31,-46.731570000000566
2023-06-08 10:00:00,203.14,197.91,218.59,224.12,2023-09-28 15:54:00,trail,1263,77,-0.06750764818355219,-0.0017380378064387973,2.9541108986615767,0.05682659712347472,2,0.8068960705867005,62.46657990369795,0.08648792495506953,0.05682659712347472,26.14008709806821,0.11014395480962251,0.9503069559097915,0.9145197232165719,True,True,0.01411484812784325,True,True,AVWAP,LRC_upper,limit,WDAY,XLK,off,43.3,2023-06-07,1,-0.35306499999997726
2023-06-12 10:00:00,387.99,379.51,410.11,418.75,2023-07-31 15:54:00,trail,1221,33,0.21610725344423315,0.004723290572455735,2.6084905660377307,0.6216694595330793,2,1.0995740249521562,42.6234038430281,0.21742849062562777,0.6216694595330793,19.410677705172358,0.2158612373611839,1.407037230987525,-0.17836260323116407,True,True,0.020681390640538533,True,True,AVWAP,LRC_upper,limit,MCK,XLV,off,59.8,2023-06-09,56,102.62501251559766
2023-06-12 10:00:00,83.79,82.56,86.76,89.31,2023-07-27 15:54:00,trail,1219,31,2.5403292682926697,0.03729090583601854,2.4146341463414545,0.03162041563283316,3,0.6939840155469829,25.738403121759646,0.035012698581591006,0.03162041563283316,19.456142783419732,0.12749579167928574,1.166460722692804,0.1332490770171453,True,True,-0.015862450502782788,True,True,swing_low,swing_high,limit,EW,XLV,off,44.3,2023-06-09,1,3.124604999999994
2023-06-15 10:00:00,30.88,30.26,32.17,33.04,2023-06-22 15:54:00,stop,1195,4,-1.0493064516129034,-0.021067681347150178,2.0806451612903354,0.4365684278618011,3,0.751640078425978,70.88235049697144,0.29661529494506983,0.4365684278618011,34.758566492736215,0.29593287004549984,1.26494424009459,0.18252534818154104,True,True,-0.01799088041504482,True,True,VAH,swing_high,limit,SYF,XLF,off,52.9,2023-06-14,530,-344.80209999999863
2023-06-23 10:00:00,122.12,120.35,131.71,166.4,2023-06-23 15:54:00,stop,1196,0,-1.0684943502824855,-0.015486693416311908,5.418079096045168,0.4134107567286117,3,0.6735632419801751,54.89903431576567,0.18050189120616816,0.4134107567286117,19.05334843633753,0.18517134472720354,1.0226872923435395,0.014068683288611187,True,True,-0.01068275194604329,True,True,swing_low,LRC_upper,limit,AIZ,XLF,off,55.4,2023-06-22,131,-247.75178500000135
2023-06-26 10:00:00,120.03,116.8,159.34,163.03,2023-09-21 15:54:00,stop,1257,61,-1.0366609907120743,-0.027896484212280297,12.170278637770883,0.5500497407208788,3,0.7084225215123822,70.68258386856698,2.7267606382473564,0.5500497407208788,69.92580850432168,0.2668995098076268,1.512459456243569,0.8236249020130796,True,True,31.70021806837636,True,True,VAL,LRC_upper,limit,FI,XLF,off,76.5,2023-06-23,131,-438.6423650000005
2023-06-26 10:00:00,34.87,34.04,37.05,37.8,2023-07-19 15:54:00,trail,1212,16,-1.0147359523760278,-0.024153451117639845,2.6265060240963907,0.4588329193726925,3,1.1339709007719916,31.806819278760614,0.1959321195239319,0.4588329193726925,22.024690585556474,0.12210132291676838,1.154375498246533,0.7122901195672001,True,True,-0.05320397119054887,True,True,VAL,52w_high,limit,IPG,XLF,off,60.0,2023-06-23,1,-0.8422308404721013
2023-06-27 10:00:00,45.98,41.83,54.3,60.46,2023-08-16 15:54:00,stop,1233,35,-2.4773156626506023,-0.22359417137886028,2.0048192771084343,0.5288117120176519,2,1.2013501412059333,56.803094484306285,0.7673584003117734,0.5288117120176519,43.090465391100054,-0.09979740366435746,1.824744975716993,0.8962705187470683,True,True,0.1380090831795957,True,True,swing_low,LRC_upper,limit,COHR,XLK,off,58.8,2023-06-26,273,-2806.6747799999985
2023-06-30 10:00:00,110.5,107.37,116.76,120.14,2023-07-05 15:54:00,tsm_off,1203,3,-0.4663977635782736,-0.013211085972850627,2.0000000000000044,0.15940894802460126,2,1.0292969941987813,53.550519205656464,0.1503935958046391,0.15940894802460126,22.07176959431716,0.09337513502399841,0.9477259136678892,0.2740673419022349,True,True,-0.18451432615626806,True,True,AVWAP,swing_high,limit,QCOM,XLK,off,38.2,2023-06-29,208,-303.64359999999886
2023-07-06 10:00:00,41.28,39.99,43.86,49.11,2023-08-11 15:54:00,trail,1230,26,0.2314341085271291,0.007232315891472779,2.0,0.8826846328630829,3,0.9061732672377716,17.576148626308033,0.8879661259224347,0.8826846328630829,40.16066842889622,0.06392682479124974,1.1820141726587283,0.14991583122048838,True,True,0.3174042952925018,True,True,VAL,52w_high,limit,NVDA,XLK,off,74.3,2023-07-05,560,167.1879999999979
2023-07-20 10:00:00,36.44,35.76,37.81,40.23,2023-08-16 15:54:00,stop,1233,19,-1.0530882352941178,-0.01965148188803512,2.0147058823529487,0.7326423810996003,3,0.7382046656834746,57.81662824582404,0.23534638122063578,0.7326423810996003,18.631493810102786,0.10950918922960866,1.163770881202881,0.7900418558517966,True,True,-0.13678822544850733,True,True,VAH,LRC_upper,limit,BNY,XLF,off,60.3,2023-07-19,421,-301.47809999999987
2023-07-28 10:00:00,88.11,86.88,90.58,95.65,2023-07-31 15:54:00,stop,1221,1,-1.0711341463414632,-0.014952843037112747,2.0081300813008056,0.7501040388547475,2,0.9555278721904638,11.250796742481088,0.2737422534303069,0.7501040388547475,16.688048782011084,0.03629622660905034,1.3519939335979774,-0.9453779863302846,True,True,-0.06619870201802502,True,True,swing_low,swing_high,limit,CAH,XLV,off,57.2,2023-07-27,1,-1.3174950000000039
2023-08-01 10:00:00,151.67,149.27,159.89,162.64,2023-08-23 15:54:00,stop,1238,16,-1.0626958333333338,-0.0168159161337112,3.425000000000032,0.521994532606129,2,0.885926259288833,45.5686238178318,0.1553732005913876,0.521994532606129,25.869023855659666,-0.0012980137290685477,1.2056438622463876,0.7087711046516413,True,True,-0.15541567990645688,True,True,AVWAP,LRC_upper,limit,JNJ,XLV,off,48.4,2023-07-31,144,-367.2676799999967
2023-08-08 10:00:00,35.71,34.79,37.56,39.37,2023-08-09 15:54:00,tsm_off,1227,2,-0.310418478260869,-0.007997339680761691,2.010869565217389,0.6395420164138748,2,1.18118834548443,-3.151108473766231,0.17508995830402962,0.6395420164138748,21.986579578518683,0.01683210243302456,1.1348384629862096,-0.05120957016335,True,True,-0.22120921577092245,True,True,swing_low,POC,limit,XRAY,XLV,off,45.2,2023-08-07,2,-0.5711700000000001
2023-08-14 10:00:00,218.71,216.1,224.69,233.88,2023-08-16 15:54:00,stop,1233,2,-1.0832969348658998,-0.012927643912029689,2.291187739463586,0.5246495060256726,2,0.5730308192183878,16.01271683958155,0.15809504505278454,0.5246495060256726,18.184468867134356,0.17694444719877775,1.1547695493790833,-0.6881257210956533,True,True,-0.05993036809889585,True,True,AVWAP,swing_high,limit,IQV,XLV,off,49.2,2023-08-11,105,-296.87752500000147
2023-08-15 10:00:00,64.37,62.58,70.73,73.1,2023-08-18 15:54:00,stop,1235,3,-1.0466284916201094,-0.02910462948578534,3.553072625698311,0.6239120544719425,2,0.8886123550275055,22.951237189407163,0.2662421787938776,0.6239120544719425,22.50880112619279,0.07250561291139021,0.9786051165215799,0.4971836959157119,True,True,0.027359946011910274,True,True,VAL,52w_high,limit,LRCX,XLK,off,59.7,2023-08-14,6,-11.240790000000015
2023-08-17 10:00:00,312.12,307.9,323.56,374.0,2023-10-24 15:54:00,trail,1280,47,4.978282436631648,0.06730857324934542,2.710900473933631,0.7533911288604279,2,0.632947879542396,39.004102430324494,0.227242465812254,0.7533911288604279,29.99170385166858,-0.1409153738393594,1.6890559680375825,0.31215161546144166,True,True,-0.09766150402863816,True,True,VAL,swing_high,limit,MOH,XLV,off,54.9,2023-08-16,71,1491.5929836635842
2023-08-18 10:00:00,36.0,34.95,38.8,42.56,2023-08-24 15:54:00,tsm_off,1238,5,-0.3864904761904748,-0.011272638888888818,2.666666666666671,0.7937798110391627,3,0.9281810092467444,4.504992668673967,0.5535552695999845,0.7937798110391627,29.922016152458355,0.038101529251764146,1.4784531468450384,0.4492585777462622,True,True,0.10981760478944946,True,True,AVWAP,POC,limit,HP,XLF,off,71.4,2023-08-17,615,-249.5762249999984
2023-08-18 10:00:00,386.39,381.83,405.09,417.37,2023-09-20 15:54:00,stop,1257,22,-1.084234649122807,-0.012795646885271364,4.100877192982452,0.5998033214624096,3,0.573735565557089,62.313529103076995,0.19641500147453803,0.5998033214624096,25.517532728985643,0.11827728291765123,1.500797353814528,0.851387364233683,True,True,-0.07222311016812544,True,True,VAH,52w_high,limit,WST,XLV,off,56.1,2023-08-16,8,-39.55288000000002
2023-08-22 10:00:00,129.27,127.84,132.14,134.58,2023-09-27 15:54:00,trail,1262,25,0.4242703639772995,0.004693328850371634,2.006993006992981,0.6228367879503303,3,0.8675006229969212,42.73155444880795,0.18571695158173862,0.6228367879503303,36.74998870926163,0.11092330824683747,1.3758270495501121,0.18063065054430244,True,True,-0.0372148354121814,True,True,VAL,swing_high,limit,IBM,XLK,off,59.7,2023-08-21,3,1.820119861462624
2023-08-24 10:00:00,27.7,27.25,28.61,30.01,2023-08-24 15:54:00,stop,1239,0,-1.0610555555555556,-0.017237364620938604,2.0222222222222257,0.34510310733173044,2,0.6117731031404152,37.23707463497177,0.18345289716191407,0.34510310733173044,16.99144412959212,0.055865670442484874,1.26268362017978,-0.2828928247444504,True,True,-0.08075061993822874,True,True,AVWAP,POC,limit,WDC,XLK,off,43.2,2023-08-23,778,-371.4755499999995
2023-08-28 10:00:00,145.06,143.6,148.75,150.79,2023-09-06 15:54:00,stop,1247,6,-1.0988561643835613,-0.011059768371708315,2.527397260273957,0.8426043977438414,2,0.5901324324242331,61.83329086713587,0.22540946355581412,0.8426043977438414,30.18356531145966,-0.004688109661007575,1.2713702047162128,0.9468551758160366,True,True,-0.04210943515981469,True,True,POC,LRC_upper,limit,CBOE,XLF,off,60.3,2023-08-25,151,-242.25383000000122
2023-08-29 10:00:00,19.16,18.82,19.85,20.44,2023-09-07 15:54:00,stop,1248,6,-1.0558529411764705,-0.018736430062630472,2.029411764705887,0.7994434689177469,2,0.7080181725826218,29.32890918352346,0.2962484402673419,0.7994434689177469,24.55905041276513,0.021629574479845187,0.8478018382969649,0.3047999087365044,True,True,0.019029083735925045,True,True,VAL,swing_high,limit,GEN,XLK,off,60.8,2023-08-28,1105,-396.6839499999998
2023-09-07 10:00:00,35.32,34.19,37.97,40.35,2023-10-27 15:54:00,trail,1283,36,1.6448323608095594,0.052623458882072656,2.3451327433628255,0.8747376535228968,2,1.7088381920123892,31.373105184278078,0.4940908022896624,0.8747376535228968,55.75236570703667,-0.006375224549875282,1.8043352649719135,0.8769089824543606,True,True,0.0836795533011978,True,True,VAL,LRC_upper,limit,HRB,XLF,off,69.3,2023-09-06,613,1139.3589280091762
2023-09-08 10:00:00,217.68,214.32,224.41,229.55,2023-09-08 15:54:00,stop,1249,0,-1.064285714285714,-0.01642778390297691,2.002976190476179,0.6341850097564518,2,0.8157165255683094,10.988154749314798,0.2008007261564967,0.6341850097564518,18.6182520351237,-0.28360954348011114,1.4958777333884703,0.32204006748583136,True,True,0.04404860624305362,True,True,AVWAP,swing_high,limit,DHR,XLV,off,56.6,2023-09-07,95,-339.72000000000133
2023-09-11 10:00:00,18.79,18.49,19.39,19.85,2023-09-11 15:54:00,stop,1250,0,-1.0621333333333332,-0.01695795635976587,2.0,0.7023976350599559,2,0.6920379529408374,3.54267516315788,0.2521221136349481,0.7023976350599559,18.664344158070897,-0.1533437331822186,1.0957013893187655,0.4807654199219554,True,True,0.09806649969117398,True,True,AVWAP,POC,limit,GEN,XLK,off,61.2,2023-09-08,1088,-346.6803200000008
2023-09-12 10:00:00,822.18,813.48,839.58,872.83,2023-09-18 15:54:00,stop,1255,4,-1.094003448275863,-0.011576333649565708,2.000000000000026,0.9038624739618162,3,0.6385744793529118,21.227741491820744,0.3767089748340545,0.9038624739618162,31.8119479887073,0.03848427117143326,1.7807333168540949,0.010772229472347695,True,True,0.08067105636134797,True,True,swing_low,52w_high,limit,REGN,XLV,off,71.9,2023-09-11,24,-228.42791999999838
2023-09-19 10:00:00,257.26,253.52,269.03,284.29,2023-09-21 15:54:00,tsm_off,1257,3,0.7409692513369102,0.010772078830754993,3.1470588235294232,0.6272547072860939,2,0.5767674733769622,45.35700770496957,0.22863963990434535,0.6272547072860939,23.279663322007785,-0.03053018682618772,1.296841032968013,0.9140609546043437,True,True,0.180296959294995,True,True,VAL,swing_high,limit,EPAM,XLK,off,62.6,2023-09-18,77,213.3843250000023
2023-09-22 10:00:00,244.66,240.16,260.4,266.49,2023-10-03 15:54:00,stop,1266,7,-1.0538688888888887,-0.01938367530450421,3.4977777777777734,0.7135589430552768,2,1.0358308752968957,48.25982316505241,0.3030354505873005,0.7135589430552768,31.798437900714884,-0.08222741843460421,1.3389009510669785,0.07100920584720617,True,True,0.1832305946362116,True,True,VAH,LRC_upper,limit,AMGN,XLV,off,67.8,2023-09-21,90,-426.81690000000003
2023-09-22 10:00:00,330.56,326.91,337.88,342.73,2023-09-25 15:54:00,stop,1260,1,-1.0900643835616444,-0.012036347410454916,2.005479452054805,0.03653219545438982,2,0.7646039031400913,66.80913360676915,0.03410414544570996,0.03653219545438982,21.406225022659353,-0.047590067713940566,1.1200006505809605,0.6510942143233461,True,True,0.016475858906638274,True,True,POC,swing_high,limit,AON,XLF,off,37.2,2023-09-21,49,-194.9580149999989
2023-09-25 10:00:00,40.48,39.41,43.16,45.46,2023-09-26 15:54:00,stop,1080,1,-1.0373317757009344,-0.027419589920948624,2.5046728971962606,0.3354782114793441,3,0.7518221242152703,44.45054513076986,0.19989123730342812,0.3354782114793441,17.183309565051264,0.13266902559311305,1.4402468601598464,0.6407880771674372,True,True,0.12555277081788518,True,True,AVWAP,swing_high,limit,CRWD,XLK,off,60.0,2023-09-22,5,-5.549725000000002
2023-09-26 10:00:00,478.49,468.12,499.24,519.77,2023-10-02 15:54:00,stop,1265,4,-1.0456417550626809,-0.022661508077493793,2.0009643201542904,0.1984697847055763,2,1.116471713607476,72.6063664024874,0.1079601883772949,0.1984697847055763,20.614422520503908,0.00946390614305532,1.8451841986870767,-0.0019128205629868698,True,True,0.12022770062160526,True,True,swing_low,LRC_upper,limit,HUM,XLV,off,45.3,2023-09-25,33,-357.8290650000001
2023-09-27 10:00:00,71.34,70.42,73.18,74.7,2023-10-04 15:54:00,stop,1267,5,-1.0770434782608695,-0.013889543033361392,2.0,0.46972466927913964,2,0.9141934195901867,41.945556925124635,0.11588117896350383,0.46972466927913964,26.045964467974876,-0.023771555560130084,1.3689814841023216,0.8592999919167529,True,True,0.14998273377877558,True,True,swing_low,swing_high,limit,AFL,XLF,off,54.7,2023-09-26,5,-4.954400000000009
2023-09-28 10:00:00,40.57,39.49,42.95,44.49,2024-01-03 15:54:00,trail,1148,66,17.69616709420864,0.47108357066170325,2.2037037037037095,0.33876597783505963,3,0.8169457958223882,43.942323953759946,0.2002732480380653,0.33876597783505963,15.395771186208792,0.13738568578639856,1.4351859009402994,0.10041528307325442,True,True,0.14828102218435046,True,True,VAL,swing_high,limit,CRWD,XLK,off,59.7,2023-09-27,11,210.2304650791983
2023-09-29 10:00:00,117.89,115.26,123.15,127.07,2023-10-03 15:54:00,stop,1266,2,-1.0443250950570344,-0.023297777589278104,2.0000000000000053,0.0028391324093311175,2,0.8685200448446115,49.804853313088984,0.01958385118331841,0.0028391324093311175,18.6534987188919,0.07338915049153477,1.2793517111956212,-0.5731508214512591,True,True,-0.052498977078023756,True,True,VAL,swing_high,limit,PANW,XLK,off,37.9,2023-09-28,1,-2.7465749999999955
2023-10-04 10:00:00,468.69,461.25,483.57,495.61,2023-11-01 15:54:00,tsm_off,1287,21,0.4730262096774207,0.007508833130640742,2.0,0.08997473532527468,3,0.8049102290027869,54.23993530939283,0.0603926244277446,0.08997473532527468,23.252338883760824,0.06212932503475409,1.5314902289848695,0.8550327036679325,True,True,0.15887863520845635,True,True,AVWAP,swing_high,limit,HUM,XLV,off,50.4,2023-10-03,45,158.3691750000004
2023-10-06 10:00:00,201.74,198.72,207.78,219.57,2023-10-23 15:54:00,stop,1280,11,-1.066301324503311,-0.01596227817983548,1.9999999999999907,0.4160324344098143,3,1.0433656014969965,51.87207717611958,0.10903391763701091,0.4160324344098143,25.282973009590297,0.15942009526466305,1.1179906650008387,0.19849741774309154,True,True,0.1552579805598735,True,True,VAL,swing_high,limit,CB,XLF,off,60.7,2023-10-05,81,-260.8386300000008
2023-10-10 10:00:00,70.66,69.5,72.99,87.84,2023-10-24 15:54:00,stop,1281,10,-1.0604137931034483,-0.01740843475799599,2.008620689655177,0.30447962145818586,2,0.8005834348971284,74.5145906135244,0.13905247352364378,0.30447962145818586,27.270392397043445,0.09865721676645918,1.0773886077340935,-0.1709001112680535,True,True,0.10455071528507842,True,True,VAH,LRC_upper,limit,CNC,XLV,off,49.7,2023-10-09,2,-2.4601599999999935
2023-10-25 10:00:00,123.31,117.97,140.57,147.03,2023-11-29 15:54:00,stop,1306,24,-1.20976404494382,-0.052389425026356365,3.2322097378277115,0.6531374253927601,3,1.4087094613916589,19.094931083072918,0.5154448825377612,0.6531374253927601,32.159838572370994,0.12073975097471334,1.4899957676914726,0.7546602613012687,True,True,0.25977390899459185,True,True,AVWAP,52w_high,limit,JBL,XLK,off,75.5,2023-10-24,179,-1156.3650600000005
2023-10-25 10:00:00,16.57,15.78,18.33,20.24,2023-10-25 15:54:00,stop,772,0,-1.020474683544304,-0.04865268557634285,2.227848101265818,0.45263001478560927,3,0.8868670986193197,41.62543619530231,0.3064328674671745,0.45263001478560927,16.5258330489853,0.034330942709668084,1.681493974592688,0.8632047039312379,True,True,0.13536030604049287,True,True,swing_low,swing_high,limit,PLTR,XLK,off,63.5,2023-10-24,1074,-865.8319500000009
2023-10-27 10:00:00,202.4,199.09,209.03,212.59,2024-04-11 15:54:00,trail,1397,113,10.68309849800179,0.17470877484380412,2.003021148036251,0.5924147461419664,2,1.0054102806717913,30.596964285828186,0.1357862818806284,0.5924147461419664,18.55869332855768,0.03172035989761648,1.2027965700342136,-0.068226782956648,True,True,0.1560018929853384,True,True,AVWAP,swing_high,limit,CB,XLF,off,59.6,2023-10-24,83,2934.967650356034
2023-10-27 10:00:00,70.25,69.07,72.61,78.93,2023-11-08 15:54:00,trail,1292,8,-0.6976076885941793,-0.01171782309667098,1.999999999999988,0.07882325181997175,2,0.9971893364174528,71.94720578574622,0.03911070290475196,0.07882325181997175,18.05058121276692,0.1248403194653037,0.8887064382143052,0.5932726231046356,True,True,0.14601529646995837,True,True,AVWAP,LRC_upper,limit,GILD,XLV,off,41.5,2023-10-24,1,-0.8231770725411364
2023-11-03 10:00:00,27.31,26.7,28.94,32.25,2023-11-03 15:54:00,stop,1288,0,-1.0442704918032786,-0.02332497253753202,2.6721311475409903,0.20824335497592975,3,0.7355186134619224,58.58244096467323,0.12339322169049123,0.20824335497592975,17.912146714714375,0.213009629751107,1.1367132976113496,0.2604450051168397,True,True,0.1712770908344241,True,True,AVWAP,swing_high,limit,MRO,XLF,off,57.8,2023-11-02,785,-500.0489249999996
2023-11-03 10:00:00,239.19,235.19,251.5,256.18,2023-11-03 15:54:00,stop,1288,0,-1.0592975,-0.01771474559973243,3.0775000000000006,0.14178616143300315,3,0.7263972600987463,60.12232876729162,0.0956061441021608,0.14178616143300315,20.36912051825651,0.10552189210039786,1.540910939237564,0.7247313003059718,True,True,0.15381401120425786,True,True,AVWAP,52w_high,limit,PXD,XLF,off,56.9,2023-11-02,89,-377.10991
2023-11-06 10:00:00,42.2,40.08,46.88,49.01,2024-04-11 15:54:00,trail,1397,107,4.698185143251133,0.23602257117754558,2.207547169811316,0.6931213602843694,2,2.5445263468142594,73.70267956541701,0.1750355564992647,0.6931213602843694,21.12192754198658,-0.05360119992994255,1.3249433421610604,0.7514070373319076,True,True,0.172200330002114,True,True,swing_low,52w_high,limit,WRB,XLF,off,66.3,2023-11-03,505,5029.877014364673
2023-11-06 10:00:00,499.25,492.66,513.47,523.45,2023-12-19 15:54:00,stop,1320,30,-1.0752587253414267,-0.0141931997996995,2.157814871016704,0.8432703816807778,2,0.8188804764744385,36.89245408216809,0.25067260013153114,0.8432703816807778,26.766078225396132,0.03959281005240429,1.1067068066508974,-0.8232595617396616,True,True,0.16711465644732604,True,True,POC,52w_high,limit,UNH,XLV,off,65.8,2023-11-02,42,-297.61010999999894
2023-11-06 10:00:00,338.21,328.15,362.39,371.67,2024-02-06 15:54:00,trail,1351,62,0.8251496260945673,0.02454393790399855,2.4035785288270377,0.4927711898662507,2,1.0154830121255947,24.46623111737488,0.16313049521904713,0.4927711898662507,27.23844150682679,0.20708573572357852,1.5267571601645722,-0.28166028922854897,True,True,0.1693739982414466,True,True,AVWAP,LRC_upper,limit,MOH,XLV,off,62.1,2023-11-03,63,522.9633300262151
2023-11-07 10:00:00,113.18,110.01,120.21,123.53,2024-03-13 15:54:00,trail,1377,86,1.2926020434891725,0.03620382115091605,2.2176656151419505,0.4698683553088133,2,1.5393645555043989,72.2843350599634,0.10194028688876704,0.4698683553088133,27.90400578808835,-0.06035316376021704,1.2204318472679132,0.8737930256287559,True,True,0.0998155238679106,True,True,AVWAP,52w_high,limit,GL,XLF,off,56.4,2023-11-06,22,90.14606651293494
2023-11-15 10:00:00,73.18,71.42,87.84,89.65,2023-11-29 15:54:00,stop,1306,9,-1.0410795454545454,-0.025038261820169515,8.329545454545428,0.43491158148515885,2,1.1035118289232841,74.88046601622192,0.1267894347394277,0.43491158148515885,21.820216726756016,0.07751022549919598,1.5287585533536883,-0.009862561980137727,True,True,0.16108736003653257,True,True,POC,52w_high,limit,CNC,XLV,off,64.9,2023-11-14,1,-1.832300000000005
2023-11-30 10:00:00,548.49,537.5,570.48,585.44,2023-11-30 15:54:00,stop,1307,0,-1.0494080982711556,-0.02102680996918815,2.0009099181073693,0.7457296793238133,3,1.0614746555131465,72.937112894088,0.36771230915940606,0.7457296793238133,47.54403456082598,0.2048398498298098,2.223520895115582,0.9690752014553231,True,True,0.21708863135542011,True,True,POC,LRC_upper,limit,SNPS,XLK,off,71.9,2023-11-29,38,-438.2538100000003
2023-11-30 10:00:00,54.96,54.09,56.71,57.55,2023-12-05 15:54:00,stop,1310,3,-1.0626724137931036,-0.016821779475982488,2.011494252873569,0.09234107738532855,3,0.8971885021053331,74.1667386826906,0.07131036385884494,0.09234107738532855,31.05521160865138,0.09824286646632129,1.3769965240171032,0.9202673519558767,True,True,0.01863239817063933,True,True,VAH,LRC_upper,limit,BSX,XLV,off,48.9,2023-11-28,3,-2.7735749999999926
2023-12-01 10:00:00,313.44,307.64,326.06,331.09,2023-12-14 15:54:00,stop,1317,9,-1.0535413793103447,-0.019495086778968898,2.1758620689655137,0.7659870234953543,3,1.342000206014184,60.07028248956774,0.33976331439180485,0.7659870234953543,39.810162630984756,0.37215898639998035,1.445090736052846,0.9174470842264333,True,True,0.14242139412840138,True,True,POC,LRC_upper,limit,MSI,XLK,off,75.8,2023-11-30,65,-397.1851000000008
2023-12-06 10:00:00,41.03,39.28,44.54,46.75,2024-01-04 15:54:00,trail,1330,19,2.306817142857142,0.0983897148427979,2.0057142857142845,0.7138724617847704,3,1.503580567719986,30.549220922329816,0.4946112017179788,0.7138724617847704,40.57734144219807,0.2079587781204358,1.5424321917946446,0.8257663598678014,True,True,0.11890535593329554,True,True,VAL,swing_high,limit,INTC,XLK,off,69.1,2023-12-05,5,20.18464999999999
2023-12-15 10:00:00,81.17,77.45,88.61,95.43,2023-12-15 15:54:00,tsm_off,1317,1,-0.15347446236559006,-0.0070336947147960445,2.0,0.7124645151363795,3,1.0282484313336493,67.0357666045204,0.5501039639401428,0.7124645151363795,35.14525300214757,0.1328470813377873,1.0465931188279671,0.7388741008989681,True,True,0.1687334046192872,True,True,swing_low,LRC_upper,limit,ETSY,XLK,off,68.7,2023-12-14,246,-140.44754999999876
2023-12-18 10:00:00,21.96,21.42,23.42,23.99,2024-01-02 15:54:00,stop,1328,9,-1.0401666666666667,-0.025577868852458975,2.7037037037037095,0.8574669014989895,3,1.2131367646301503,56.33035754083073,0.6397226144754316,0.8574669014989895,59.19205189340986,0.12615396162236778,2.9393800763175744,0.9402267065379977,True,True,0.1244277052477254,True,True,VAH,LRC_upper,limit,GEN,XLK,off,77.3,2023-12-15,904,-507.76775999999927
2023-12-20 10:00:00,97.15,95.59,101.31,104.13,2023-12-20 15:54:00,stop,1321,0,-1.061775641025641,-0.017049613998970686,2.6666666666666607,0.7045755688548084,3,0.7857933522166586,-8.883215214101147,0.3270419492077506,0.7045755688548084,34.761385303659864,0.13466179522746058,1.611179560934704,0.44823073664701407,True,True,0.027420155029809434,True,True,AVWAP,swing_high,limit,CAH,XLV,off,69.9,2023-12-19,212,-351.1504400000005
2023-12-21 10:00:00,138.06,136.11,141.96,148.2,2024-04-04 15:54:00,trail,1392,70,10.307577630010867,0.1455872546611696,2.0000000000000147,0.0674435758776863,3,0.8569507832737017,74.49126944498238,0.06455418138097788,0.0674435758776863,37.11900074315652,0.17316078646304867,1.3028626103474124,0.9389570495177733,True,True,-0.09724702173423405,True,True,swing_low,swing_high,limit,ABBV,XLV,off,43.0,2023-12-20,147,2954.667127642598
2024-01-03 10:00:00,273.73,267.69,297.11,379.68,2024-01-03 15:54:00,stop,1328,0,-1.0448195364238408,-0.023054506265297994,3.8708609271523042,0.8382876611704363,3,0.8360825708713195,46.02078701901184,0.6031603247181135,0.8382876611704363,61.00616077831833,0.3102509398306358,1.2629846471389174,0.7181249611836089,True,True,0.2013688175800301,True,True,VAH,LRC_upper,limit,MKTX,XLV,off,83.0,2024-01-02,70,-441.74970000000144
2024-01-04 10:00:00,246.88,241.07,258.5,263.33,2024-03-05 15:54:00,trail,1371,41,7.700097686425244,0.18121179341433363,2.0,0.9193530026110253,3,1.219752284321615,-27.380846389142427,0.5893318422552889,0.9193530026110253,48.183066691046356,0.11678715732025426,1.682279738567549,0.7299491130429806,True,True,0.10828523125222556,True,True,swing_low,swing_high,limit,CRM,XLK,off,76.2,2024-01-03,79,3534.267837092324
2024-01-04 10:00:00,21.23,20.75,22.19,24.68,2024-02-02 15:54:00,trail,1350,20,-0.04422916666666663,-0.001,2.0,0.8888625754708025,3,1.222391126195037,-11.624053505343369,0.6379019950044253,0.8888625754708025,53.3435991456222,0.1248386712596771,2.748497549105518,0.7190153468812777,True,True,0.14481119447286606,True,True,swing_low,52w_high,limit,GEN,XLK,off,75.5,2024-01-03,4,-0.08492000000000001
2024-01-05 10:00:00,152.31,149.59,157.76,163.58,2024-01-05 15:54:00,tsm_off,1331,1,0.1644816176470568,0.0029373645853850326,2.003676470588232,0.9122629930040426,3,0.9785879863258877,-8.49128261392263,0.36599588158590013,0.9122629930040426,32.96154559798443,0.055954013339163174,1.1248939007673944,0.08160832543958074,True,True,-0.07004054741462795,True,True,VAL,swing_high,limit,TXN,XLK,off,69.7,2024-01-04,1,0.4473899999999944
2024-01-08 10:00:00,151.21,148.83,155.97,159.04,2024-01-24 15:54:00,stop,1343,11,-1.0630336134453784,-0.016731829905429506,2.0,0.9347761394353755,3,0.7938938141527414,31.941628161716963,0.43910305690861945,0.9347761394353755,39.10812348254459,0.014588915976073013,1.5168854471531552,0.8079945490069818,True,True,0.0779478014475774,True,True,swing_low,swing_high,limit,UHS,XLV,off,73.5,2024-01-05,1,-2.5300199999999955
2024-01-25 10:00:00,109.07,106.8,114.22,116.69,2024-03-05 15:54:00,trail,1371,27,1.5064943779478848,0.03135364663006961,2.2687224669603587,0.8850413485172705,3,1.4210987046091395,43.47971521266176,0.3830685923974004,0.8850413485172705,45.23696017205615,0.34366216005561184,1.5852153743890114,0.9484858554480678,True,True,-0.027121626028610013,True,True,swing_low,LRC_upper,limit,MRK,XLV,off,70.5,2024-01-24,2,6.839484475883385
2024-02-05 10:00:00,66.74,63.61,73.01,76.46,2024-02-20 15:54:00,stop,1361,10,-1.0208226837060703,-0.04787496254120461,2.00319488817892,0.8172392943233525,2,1.2776794937220994,24.531910304247855,0.5422997842048981,0.8172392943233525,27.479743599931606,0.06553694870870198,1.0277437034411325,-0.22194855996100085,True,True,0.17160820775243169,True,True,VAL,52w_high,limit,MRVL,XLK,off,68.2,2024-02-02,1,-3.1951749999999954
2024-02-07 10:00:00,210.09,204.93,220.41,224.81,2024-04-02 15:54:00,trail,1390,37,0.5462005813953494,0.013415179208910472,2.0,0.8832489797323484,3,1.0035109990243027,30.4201951166829,0.4097595380181792,0.8832489797323484,28.202439636600985,0.29801389744720214,1.4948873032089522,0.1795041797733495,True,True,-0.06744142502453565,True,True,swing_low,swing_high,limit,VEEV,XLV,off,70.9,2024-02-06,104,293.1130800000001
2024-02-21 10:00:00,30.44,30.05,31.24,32.12,2024-04-12 15:54:00,stop,1398,36,-1.077551282051282,-0.013805683311432344,2.051282051282041,0.6882189294428345,3,0.6763577568939964,55.707373511520444,0.16887603791426256,0.6882189294428345,22.460696471164265,0.017208794032221395,1.6077484868507337,0.15385478049012097,True,True,-0.0024654941022524968,True,True,POC,swing_high,limit,GLW,XLK,off,62.1,2024-02-20,2,-0.8404900000000012
2024-03-06 10:00:00,65.36,62.73,70.64,73.85,2024-03-07 15:54:00,stop,1373,1,-1.024351711026616,-0.04121855875153003,2.007604562737641,0.813680821404018,2,0.9625196826678605,66.25542516899888,0.7912032062549608,0.813680821404018,36.29124791733297,0.06714302524394095,1.6233804013597826,-0.4522857997673086,True,True,0.5520223239514894,True,True,VAH,LRC_upper,limit,COHR,XLK,off,68.2,2024-03-05,356,-959.0800200000009
2024-03-08 10:00:00,72.45,70.93,75.49,81.24,2024-03-11 15:54:00,stop,1375,1,-1.0471644736842107,-0.02196949620427876,2.0,0.8531516266359589,2,0.6894186898542816,63.65374360217536,0.38502668843344284,0.8531516266359589,19.92237312321543,0.295702194940471,1.3623305696030072,-0.09331930633250775,True,True,0.22175799571644284,True,True,VAH,LRC_upper,limit,FTNT,XLK,off,68.2,2024-03-07,307,-488.64882999999884
2024-03-08 10:00:00,71.62,69.98,75.18,76.82,2024-03-08 15:54:00,stop,1374,0,-1.0431707317073171,-0.023887182351298525,2.1707317073170738,0.7506077060945883,2,0.7944051832829306,55.21851669953328,0.33519367789242077,0.7506077060945883,19.665516731733117,0.0007435052816494283,1.2780567766834494,-0.01891759064487615,True,True,0.16620445567594055,True,True,POC,LRC_upper,limit,ANET,XLK,off,67.8,2024-03-07,1,-1.7108000000000005
2024-03-11 10:00:00,17.01,16.66,18.32,21.51,2024-03-18 15:54:00,stop,701,5,-1.0480999999999998,-0.021565843621399256,3.742857142857124,0.7130247560049919,3,0.6430892947442427,52.7300909802373,0.4144649026461814,0.7130247560049919,37.79084422538195,0.11250465444969451,1.243990651803861,0.740204663309752,True,True,0.49879853757894366,True,True,POC,LRC_upper,limit,OGN,XLV,off,76.9,2024-03-08,4,-1.4673400000000056
2024-03-12 10:00:00,93.09,90.61,98.05,101.19,2024-03-14 15:54:00,stop,1378,2,-1.0370362903225805,-0.027627564722311784,1.9999999999999942,0.3541803061635359,2,0.8302151758338251,70.76047323946109,0.207874555087505,0.3541803061635359,26.926866062172838,-0.061879439830941074,1.5066158142715713,0.9342745532556938,True,True,0.13406344578190632,True,True,AVWAP,LRC_upper,limit,MU,XLK,off,51.6,2024-03-11,233,-599.2410500000009
2024-03-14 10:00:00,40.99,39.14,44.69,47.62,2024-04-19 15:54:00,trail,1403,25,2.1103737444341513,0.09524741222745017,1.9999999999999962,0.6104352119801298,3,1.4333182589724334,51.22616095494832,0.3686370437555278,0.6104352119801298,27.788328151114275,0.1351071308443426,1.4604329842551547,0.8341713323511059,True,True,0.15777576119196213,True,True,AVWAP,52w_high,limit,WDC,XLK,off,65.1,2024-03-11,64,249.8682513410037
2024-03-15 10:00:00,46.82,46.24,48.37,49.45,2024-04-10 15:54:00,stop,1395,17,-1.0802241379310347,-0.013381674498077707,2.672413793103451,0.7802324236943293,2,0.7729778799316783,33.355809769684484,0.2534888866209133,0.7802324236943293,38.971093165161015,0.10096236710205876,1.2776961516275667,-0.09924998454667448,True,True,0.03057137589226855,True,True,swing_low,swing_high,limit,LKQ,XLF,off,62.3,2024-03-14,450,-281.9384999999992
2024-03-19 10:00:00,27.14,26.64,29.02,30.93,2024-05-01 15:54:00,stop,1411,30,-1.05378,-0.019413780397936623,3.759999999999998,0.803539885699385,3,0.6228061565026374,-7.388561617196425,0.5331358381621167,0.803539885699385,34.79219597360207,0.004598622514620949,1.6244443648519464,0.3972564210067235,True,True,0.24181614481390268,True,True,VAL,swing_high,limit,FLEX,XLK,off,77.2,2024-03-18,4,-2.10756
2024-04-04 10:00:00,171.51,168.5,177.53,185.57,2024-04-09 15:54:00,stop,1395,3,-1.056480066445183,-0.01854122208617568,2.0000000000000093,0.8469264004341005,2,0.722400794879311,-7.0213493246430865,0.2900043238031489,0.8469264004341005,31.110932129926443,0.04908672851634791,1.1627574259858762,-0.11261756316395684,True,True,0.03636552317715003,True,True,VAL,swing_high,limit,UHS,XLV,off,63.8,2024-04-03,129,-410.2206449999988
2024-04-08 10:00:00,389.9,379.53,410.65,422.24,2024-04-10 15:54:00,stop,1396,2,-1.0370988428158148,-0.02758326493972815,2.0009643201542904,0.035061690254889664,2,1.1405043009658191,61.575549095477214,0.06375465079087576,0.035061690254889664,13.464222770578802,0.21005667984304882,1.1773737261871289,-0.20433852745518005,True,True,0.06438870961205012,True,True,VAL,swing_high,limit,WST,XLV,off,40.6,2024-04-05,59,-634.5281850000003
2024-04-10 10:00:00,54.04,53.51,55.59,61.6,2024-04-11 15:54:00,stop,1396,1,-1.1014622641509433,-0.010802646188008904,2.9245283018867942,0.3854020217176838,3,0.5781049613224484,66.18157748332953,0.10107793896588352,0.3854020217176838,24.269162792011425,0.271122262989245,1.4310967198922286,0.8299727983155457,True,True,-0.05212304344277008,True,True,swing_low,LRC_upper,limit,K,XLV,off,53.9,2024-04-09,406,-237.01265000000046
2024-04-11 10:00:00,47.72,47.15,51.28,52.12,2024-04-11 15:54:00,stop,1396,0,-1.083219298245614,-0.012938704945515514,6.24561403508772,0.8852471600681809,3,0.7276098452524787,-47.35791439691632,0.26449614690059553,0.8852471600681809,43.67074644157842,0.039071185368418984,2.555551265383934,0.7315821761058907,True,True,0.06896967572767387,True,True,AVWAP,52w_high,limit,UNM,XLF,off,81.0,2024-04-10,482,-297.60367000000014
2024-04-11 10:00:00,125.37,123.67,128.79,135.48,2024-04-11 15:54:00,tsm_off,1397,1,-0.48530588235294203,-0.006580681183696282,2.0117647058823422,0.49939518394347865,2,0.768516528785015,64.09685968449578,0.09930231631023274,0.49939518394347865,25.800790088098314,0.21826206377527685,0.7347011082418491,0.7370944664730781,True,True,-0.11888724757565061,True,True,swing_low,LRC_upper,limit,DGX,XLV,off,45.1,2024-04-10,161,-132.82822000000044
2024-04-12 10:00:00,69.92,68.79,74.6,76.86,2024-04-16 15:54:00,stop,1400,2,-1.0613761061946905,-0.017153246567505658,4.141592920353992,0.8499522142074408,3,0.8988037303140842,-34.72018494742554,0.27899273164410854,0.8499522142074408,40.41948439686321,0.0182503005549326,1.3098838518537248,0.3603330218666325,True,True,0.04274295735906186,True,True,AVWAP,swing_high,limit,AIG,XLF,off,77.7,2024-04-11,326,-390.9897299999985
2024-04-12 10:00:00,271.96,268.09,279.72,286.37,2024-04-16 15:54:00,stop,1399,2,-1.0697739018087855,-0.015222918811589959,2.0051679586563407,0.9421423040859885,3,1.0254852948689424,69.12860383797546,0.4150475035703285,0.9421423040859885,74.84727581714519,0.19631064844236404,1.5279343142452457,0.9185948181015676,True,True,0.188554033920451,True,True,VAH,LRC_upper,limit,PXD,XLF,off,75.6,2024-04-11,83,-343.6220750000004
2024-04-12 10:00:00,97.96,96.71,102.91,104.78,2024-04-15 15:54:00,stop,1399,1,-1.077868,-0.013753930175581871,3.960000000000002,0.8497469846394353,3,0.8091462976090501,-35.92387182103707,0.2485915071163224,0.8497469846394353,26.626323135664823,0.0011201566826032777,1.5357828321540938,0.6011584029330967,True,True,0.027310294656962997,True,True,AVWAP,POC,limit,PRU,XLF,off,72.6,2024-04-11,232,-312.58172
2024-04-12 10:00:00,16.86,16.54,18.43,21.51,2024-04-12 15:54:00,stop,719,0,-1.0521874999999998,-0.019970344009489934,4.9062499999999964,0.46026302066111263,3,0.7183738606703237,34.056141827074605,0.20903664947157058,0.46026302066111263,20.412598001140797,0.1550273231745001,1.2192698127577717,0.0787995390910084,True,True,0.020424351917580408,True,True,AVWAP,LRC_upper,limit,OGN,XLV,off,66.0,2024-04-11,1351,-454.8817000000004
2024-04-12 10:00:00,25.38,24.65,26.85,31.94,2024-04-12 15:54:00,tsm_off,1397,1,-0.5002876712328762,-0.014389676910953502,2.0136986301369886,0.39573815169850635,2,1.3770407127646491,56.22796349946066,0.15361788347051644,0.39573815169850635,26.00663430670563,-0.04165951880771172,1.0397624590845989,0.9261259072403879,True,True,-0.01786653009174577,True,True,POC,LRC_upper,limit,CAG,XLV,off,46.7,2024-04-11,774,-282.6725399999999
2024-04-15 10:00:00,104.47,101.63,110.16,115.15,2024-04-17 15:54:00,stop,1401,2,-1.0362852112676055,-0.028171245333588623,2.0035211267605604,0.7009308615960751,2,0.8711856727070539,-1.9184529975696913,0.24031803674385976,0.7009308615960751,14.373410474746732,-0.11756724521371557,1.0561933072767073,0.24842523430339528,True,True,-0.027404429414334297,True,True,swing_low,swing_high,limit,TER,XLK,off,56.6,2024-04-12,215,-632.7557500000007
2024-04-16 10:00:00,87.13,85.67,92.42,95.24,2024-04-25 15:54:00,stop,1406,7,-1.0591780821917811,-0.017748192356249214,3.6232876712328963,0.9311247945439969,3,0.7918404927768206,-16.832730786762806,0.4545638952955488,0.9311247945439969,45.87116300107243,0.11670898287756741,1.42509105088536,0.8281066425746606,True,True,0.09831693974323286,True,True,VAL,52w_high,limit,EMN,XLF,off,78.7,2024-04-15,257,-397.4247999999984
2024-04-16 10:00:00,25.39,24.66,26.85,31.94,2024-05-06 15:54:00,tsm_off,1413,15,0.9236438356164368,0.02655612445844818,2.0,0.5342636403283203,2,1.3656493756625923,42.26408483790961,0.17800745901746629,0.5342636403283203,22.63620283238521,-0.05260648388237086,1.0682328880189613,0.8756411297048539,True,True,0.01191326142292315,True,True,POC,LRC_upper,limit,CAG,XLV,off,54.2,2024-04-15,761,513.1118599999995
2024-04-17 10:00:00,91.92,89.97,95.83,99.11,2024-08-05 15:54:00,trail,1476,75,4.8550817885775075,0.10299618676812612,2.0051282051282007,0.7919113290081443,2,1.2816534604190106,-25.34171213968928,0.25468852152874255,0.7919113290081443,48.27956291580659,-0.0670819795503536,1.9754942584885902,0.49047421144487974,True,True,0.15741193945060084,True,True,swing_low,swing_high,limit,HIG,XLF,off,63.5,2024-04-15,243,2300.580505517455
2024-04-17 10:00:00,103.89,99.84,112.0,118.83,2024-04-19 15:54:00,tsm_off,1349,3,-0.6376913580246928,-0.02485946674367123,2.00246913580247,0.5732490980540368,2,0.8227190307070158,20.292738414867003,0.34624705133615724,0.5732490980540368,18.53562197378752,0.05981774524183569,1.1135937177392863,-0.2738265053064011,True,True,-0.01572616365852697,True,True,AVWAP,swing_high,limit,MRNA,XLV,off,55.2,2024-04-16,214,-552.6871000000008
2024-04-18 10:00:00,176.28,170.26,188.32,232.0,2024-04-22 15:54:00,stop,1404,2,-1.028782392026578,-0.03513314045836175,1.9999999999999953,0.6060489702981944,3,0.8642379470334297,58.58875947249834,0.37114836410532415,0.6060489702981944,34.32864957254046,0.10174568474515772,1.9297646322856785,0.8970335350188844,True,True,0.1680296991089394,True,True,POC,swing_high,limit,FSLR,XLK,off,67.0,2024-04-17,124,-767.9654800000012
2024-04-19 10:00:00,27.28,26.64,28.84,29.48,2024-07-17 15:54:00,trail,1463,60,2.7291638446249733,0.0640273042727267,2.437499999999996,0.598093450998452,2,0.9605399231042098,21.523943550203672,0.21262774348027091,0.598093450998452,21.24008572272259,-0.18410927056078105,1.7066216127981262,0.6451291958261152,True,True,0.21475585070474335,True,True,VAL,52w_high,limit,IBKR,XLF,off,65.5,2024-04-18,1,1.7466648605599844
2024-04-22 10:00:00,54.31,53.52,55.9,61.6,2024-06-14 15:54:00,trail,1441,38,1.8856898641321242,0.027429478782256978,2.0126582278480987,0.3827304036769514,2,0.8863401638579965,64.77212272192168,0.10031837282636002,0.3827304036769514,18.20593710820615,0.02961280404940099,1.5073075285108124,-0.09491958861295766,True,True,0.05905840411030816,True,True,swing_low,LRC_upper,limit,K,XLV,off,49.9,2024-04-19,411,612.2646419850587
2024-04-23 10:00:00,19.78,17.36,24.62,27.66,2024-05-30 15:54:00,trail,1430,26,-0.5390425354259866,-0.06594959230186494,1.9999999999999984,0.7592735917550592,3,1.080918640456958,47.50927743256784,1.2001227791443487,0.7592735917550592,47.3822856834562,0.034082352997949705,1.8635767721660075,0.8415207704755311,True,True,1.6250367281862896,True,True,VAL,LRC_upper,limit,NKTR,XLV,off,73.0,2024-04-22,462,-602.6711163076704
2024-04-24 10:00:00,178.83,174.09,188.32,232.0,2024-04-25 15:54:00,stop,1407,1,-1.0372278481012658,-0.027492367052508015,2.002109704641342,0.6110237213958588,3,0.6811408722791288,57.096332609050485,0.3673383636971676,0.6110237213958588,33.4736748233574,0.01952488021848762,1.9277743295780494,0.8350399609350675,True,True,0.15771800973171657,True,True,POC,swing_high,limit,FSLR,XLK,off,66.9,2024-04-23,79,-388.4003400000007
2024-04-26 10:00:00,63.42,61.89,67.15,69.29,2024-05-22 15:54:00,stop,1426,18,-1.0409509803921568,-0.025112819299905408,2.437908496732027,0.5587366253121208,2,0.9603016191558519,22.014444705360887,0.22521630011242533,0.5587366253121208,16.287354080654378,0.08566133536732493,1.4015461065169241,-0.6657981108311848,True,True,0.03752881878737235,True,True,VAL,swing_high,limit,PYPL,XLF,off,58.4,2024-04-25,351,-559.0219050000005
2024-04-29 10:00:00,97.4,95.61,101.03,104.41,2024-07-18 15:54:00,trail,1464,55,13.360329148050058,0.24553376976395982,2.0279329608938452,0.3554426535153395,2,0.866240949439312,26.606292214907505,0.26478219447431467,0.3554426535153395,21.619307412702774,-0.018948099565888298,1.4413148863531955,0.014162733547404457,True,True,0.13153963577956285,True,True,swing_low,swing_high,limit,NTAP,XLK,off,55.2,2024-04-26,139,3324.183495326347
2024-05-07 10:00:00,136.21,133.55,141.54,144.86,2024-05-23 15:54:00,stop,1427,12,-1.0507067669172934,-0.02051890463255265,2.003759398496237,0.06258603531562916,3,0.6756003826871347,58.92252820036511,0.05300157662060359,0.06258603531562916,20.69568268351319,0.04092000323294529,1.6311549655899518,0.5684846504180147,True,True,0.18473307707610487,True,True,AVWAP,swing_high,limit,DVA,XLV,off,51.6,2024-05-06,146,-408.0524799999995
2024-05-10 10:00:00,32.81,31.91,35.61,36.46,2024-10-30 15:54:00,time,1536,120,1.2184722222222144,0.033423498933251916,3.1111111111111005,0.36324528433225384,3,1.1225031537946581,70.7371308924652,0.41460381298222826,0.36324528433225384,35.18020636631949,0.00700702614615616,1.7521809043738685,0.9080080595531648,True,True,0.30722024130114667,True,True,VAL,LRC_upper,limit,HCP,XLK,off,68.5,2024-05-09,1,1.0966249999999955
2024-05-23 10:00:00,152.3,148.95,159.0,163.79,2024-05-30 15:54:00,stop,1431,4,-1.0449626865671637,-0.02298506237688787,1.9999999999999831,0.5348823599578868,3,0.7476701245023742,57.37911476769661,0.22221095753588707,0.5348823599578868,23.430201226176127,0.2802457534194453,1.0956223363783446,0.7886832487467603,True,True,0.11369293579920114,True,True,POC,swing_high,limit,PANW,XLK,off,61.1,2024-05-22,142,-497.08875000000324
2024-05-24 10:00:00,59.92,58.84,62.53,63.33,2024-05-29 15:54:00,stop,1429,2,-1.6195138888888958,-0.029190170226969372,2.41666666666667,0.6688280510423451,2,1.1216075055161487,20.220638492768472,0.19471357533074865,0.6688280510423451,23.63505993364165,-0.2329184706911963,1.415863239892527,0.06807959026582387,True,True,0.0794705455753908,True,True,AVWAP,52w_high,limit,EQR,XLF,off,67.4,2024-05-23,326,-570.1984500000016
2024-05-30 10:00:00,36.26,35.58,37.64,38.37,2024-05-30 15:54:00,stop,1431,0,-1.0528235294117647,-0.01974407060121345,2.029411764705887,0.44900437387545583,2,1.031933115523392,44.177667611141985,0.13643126065018518,0.44900437387545583,15.87711948604768,-0.059792609068710915,1.2882269269525792,0.9271665096338966,True,True,0.13281678666556918,True,True,VAL,52w_high,limit,BAC,XLF,off,53.2,2024-05-29,524,-375.1420799999998
2024-05-31 10:00:00,32.12,31.16,34.04,35.57,2024-07-17 15:54:00,trail,1463,31,0.005918276565699941,0.00017688497830236388,2.0000000000000075,0.7998473270086296,3,1.5408199657325372,46.57830491379226,0.3821033787854176,0.7998473270086296,46.368832578443474,0.08430774530092801,1.1081662328931083,0.4635890555207496,True,True,0.220555297247909,True,True,VAL,52w_high,limit,APH,XLK,off,72.3,2024-05-30,689,3.9145848516165582
2024-05-31 10:00:00,33.99,33.47,36.4,38.08,2024-06-04 15:54:00,tsm_off,1433,3,-0.6035576923076909,-0.009233598117093296,4.63461538461535,0.3303548449185055,2,0.6649425528184656,26.710575687034115,0.18742190753836693,0.3303548449185055,21.322779957326947,0.02402326534723992,1.4336169608682936,-0.6293514983121886,True,True,0.13130832125497705,True,True,AVWAP,POC,limit,BWA,XLF,off,59.7,2024-05-30,651,-204.31635000000077
2024-05-31 10:00:00,249.63,244.71,265.3,269.88,2024-06-20 15:54:00,trail,1445,13,-0.6920579171599605,-0.013639886842234494,3.184959349593507,0.3483654808419248,2,1.1027141601170194,28.598812761167768,0.13062865139501328,0.3483654808419248,22.576304205928803,0.29993007691265067,0.9339342806229782,0.8197377599658612,True,True,-0.000589041313524552,True,True,POC,swing_high,limit,DHR,XLV,off,54.4,2024-05-30,16,-54.47879923883194
2024-06-05 10:00:00,21.23,20.64,22.41,23.17,2024-06-06 15:54:00,stop,1435,1,-1.0354830508474577,-0.028776966556759296,2.0,0.6289168731717426,3,0.8008699711745338,74.95459012503028,0.31887464719717334,0.6289168731717426,29.694083045609883,0.24236003005070172,1.2153379426322397,0.8484136214689271,True,True,0.09031501446592971,True,True,VAH,52w_high,limit,JWN,XLF,off,64.7,2024-06-04,1035,-632.3177249999999
2024-06-07 10:00:00,47.25,46.43,49.81,50.91,2024-06-07 15:54:00,stop,1436,0,-1.0571219512195122,-0.018345820105820112,3.121951219512197,0.5016180732307028,2,0.7004313162655621,45.740222614840924,0.22608935957567633,0.5016180732307028,19.815090535482557,0.18099533619083844,1.366891048137957,-0.11856901911584243,True,True,0.07923260563482293,True,True,AVWAP,swing_high,limit,HRB,XLF,off,56.6,2024-06-06,451,-390.9448400000001
2024-06-10 10:00:00,148.59,137.65,170.47,183.83,2024-06-17 15:54:00,stop,1389,5,-1.0130822669104205,-0.0745885995019853,2.0,0.8188905083409636,3,1.2503952602082982,40.30863897440398,0.8162119619700408,0.8188905083409636,34.34958713007527,0.34374061552931545,1.3679315558649594,0.8119195558293093,True,True,0.48249148949844,True,True,VAL,52w_high,limit,MRNA,XLV,off,75.0,2024-06-07,101,-1119.39512
2024-06-17 10:00:00,46.32,45.32,48.4,49.81,2024-10-10 15:54:00,trail,1522,80,10.608773299798472,0.22903223876939705,2.0799999999999983,0.532429473312963,3,0.8566087331254711,30.481622355545284,0.23165097480697125,0.532429473312963,15.581322219691788,0.1888406779178525,1.3476239956877978,0.42829257862444853,True,True,0.09596678234194367,True,True,POC,swing_high,limit,HRB,XLF,off,60.4,2024-06-13,476,5049.776090704073
2024-06-20 10:00:00,284.12,277.18,298.01,303.74,2024-08-07 15:54:00,trail,1478,33,1.2063069735508176,0.029465614516551712,2.0014409221902003,0.6133906850966233,2,1.2996388847882272,25.832612596002434,0.31978794770124475,0.6133906850966233,21.51504429122949,0.02260930568230958,1.293827709209962,-0.32353260990401256,True,True,0.14411206199273585,True,True,AVWAP,swing_high,limit,AMGN,XLV,off,59.6,2024-06-18,72,602.7674685438724
2024-06-21 10:00:00,19.19,18.85,19.87,20.59,2024-07-02 15:54:00,stop,774,7,-1.0559411764705882,-0.018708702449192278,2.0,0.6080062967088069,2,0.6958862450232866,12.544767626918887,0.35848692833220935,0.6080062967088069,20.159165650762287,0.00817446103286774,1.4628137171832614,-0.6513663520980354,True,True,0.1653140981002823,True,True,VAL,swing_high,limit,OGN,XLV,off,61.8,2024-06-20,218,-78.26635999999998
2024-07-03 10:00:00,885.73,866.3,924.6,951.24,2024-07-18 15:54:00,stop,1464,10,-1.0450856922285123,-0.02292573922075583,2.0005146680391084,0.9546800441795499,3,1.1119777629275078,35.80757688090544,0.43573741913704594,0.9546800441795499,45.06561321362961,0.13872005179076274,1.6190165170809008,0.7512965557906078,True,True,0.21716547882099602,True,True,POC,LRC_upper,limit,LLY,XLV,off,78.1,2024-07-02,4,-81.22406000000026
2024-07-18 10:00:00,116.46,114.73,119.93,122.39,2024-08-01 15:54:00,stop,1474,10,-1.0668179190751448,-0.015847458354799844,2.0057803468208286,0.7805524797037708,3,0.6840961794960789,52.32947685965909,0.1636925559883364,0.7805524797037708,21.2934103466275,0.06837635314159646,1.4457180031241585,0.8592262207317892,True,True,0.04566451364370838,True,True,VAH,52w_high,limit,APO,XLF,off,66.8,2024-07-17,195,-359.89102499999797
2024-07-19 10:00:00,124.36,121.73,130.99,133.85,2024-07-19 15:54:00,stop,1464,0,-1.0467851711026617,-0.02213770504985522,2.5209125475285252,0.8878877976408937,3,0.7235025145029351,47.77736557716097,0.5435921662961647,0.8878877976408937,41.615910073530515,0.1390591202721214,2.0007098402902614,0.9101456194852419,True,True,0.057543204005577,True,True,VAH,52w_high,limit,QRVO,XLK,off,74.7,2024-07-18,163,-448.74633499999925
2024-07-19 10:00:00,57.87,57.36,58.9,60.2,2024-10-29 15:54:00,trail,1535,71,1.5551835029322543,0.013705608890538217,2.019607843137265,0.4484983382162961,3,0.9112998390453002,73.05357468137433,0.09213023573356308,0.4484983382162961,29.470264528436562,0.0942702051553563,1.4181026170088067,0.8592484732619824,True,True,-0.03286840916674716,True,True,VAH,LRC_upper,limit,CTLT,XLV,off,55.1,2024-07-18,1,0.7931435864954465
2024-07-22 10:00:00,175.07,172.45,180.31,187.01,2024-07-24 15:54:00,stop,1468,2,-1.0663206106870229,-0.015957959673273577,2.0,0.1320419932780162,2,0.8545069949035944,60.99710576539296,0.05336068757277499,0.1320419932780162,23.14089173222331,0.19802684607129897,0.8593360689676529,0.9098211248947119,True,True,-0.08424897175768509,True,True,VAH,LRC_upper,limit,FFIV,XLK,off,39.6,2024-07-19,113,-315.6948800000005
2024-07-22 10:00:00,41.68,40.99,43.07,43.95,2024-07-24 15:54:00,stop,1467,2,-1.0599057971014494,-0.01754642514395388,2.014492753623196,0.047102584364189515,2,0.8165546385715063,73.9304468098038,0.04106676485635866,0.047102584364189515,16.84307672397226,0.030789122812345648,0.9327675077409143,0.9570583840397359,True,True,0.005903697091779625,True,True,VAH,LRC_upper,limit,CPB,XLV,off,37.0,2024-07-19,1,-0.7313349999999977
2024-07-25 10:00:00,119.71,116.69,130.99,134.34,2024-07-31 15:54:00,stop,1472,4,-1.0391390728476821,-0.026215019630774338,3.7350993377483546,0.8942969527525321,3,0.8301694755449183,-2.956927556689498,0.5431901691168906,0.8942969527525321,37.349122016873565,0.005640250583165237,1.7141484634974886,0.8000925825965708,True,True,0.0731311113245634,True,True,VAL,52w_high,limit,QRVO,XLK,off,79.3,2024-07-24,163,-511.5265999999994
2024-08-01 10:00:00,71.3,69.82,74.27,80.67,2024-08-05 15:54:00,stop,1476,2,-1.0476756756756755,-0.02174698457223007,2.006756756756751,0.7311457444853395,3,0.8450374211005713,66.35063507381899,0.3470834521942281,0.7311457444853395,35.97989779485444,0.13160869654609786,1.5780812820585104,0.9518009469636025,True,True,0.0940880119955434,True,True,VAH,LRC_upper,limit,GILD,XLV,off,69.7,2024-07-31,266,-412.4489600000011
2024-08-01 10:00:00,32.37,31.75,33.62,34.84,2024-08-01 15:54:00,stop,1474,0,-1.051709677419355,-0.02014396045721339,2.016129032258073,0.39629688957721415,3,0.8145593753476871,24.56300623714539,0.1855581439762239,0.39629688957721415,30.210691315360446,0.04698192877896689,1.5978029609465634,0.7984527591322382,True,True,0.1995051880244587,True,True,swing_low,swing_high,limit,HPQ,XLK,off,60.3,2024-07-31,1,-0.6520599999999974
2024-08-02 10:00:00,98.86,95.23,108.04,111.99,2024-08-05 15:54:00,stop,1476,1,-1.6159710743801663,-0.0593361824802751,2.5289256198347156,0.8427285608327277,3,0.9583967211346738,-26.596479706337316,0.5011730176230924,0.8427285608327277,36.03829990670215,0.010995500069475781,1.2765823825001437,0.3248496861429556,True,True,0.13199208513799676,True,True,swing_low,POC,limit,SWKS,XLK,off,73.9,2024-08-01,226,-1325.7103499999992
2024-08-02 10:00:00,19.22,18.93,20.88,21.53,2024-08-02 15:54:00,stop,1475,0,-1.0657758620689657,-0.01608090530697186,5.7241379310345,0.7763691288678948,2,0.5420163063420971,25.705229245492035,0.4032924213401917,0.7763691288678948,32.27149872443729,-0.0007402551589090897,1.1951188441418943,0.8118211173519155,True,True,0.04712435945979099,True,True,VAL,52w_high,limit,RF,XLF,off,62.3,2024-08-01,3,-0.9272249999999974
2024-08-05 10:00:00,12.31,12.01,13.98,14.52,2024-08-05 15:54:00,stop,1476,0,-1.0405333333333333,-0.02535824532900087,5.566666666666653,0.39191262998238435,3,0.8760136110151131,24.898164120777995,0.26744158148486047,0.39191262998238435,38.87577845556453,0.11140670972931725,1.3206849133836929,0.8691144731362265,True,True,-0.008780993422228378,True,True,swing_low,52w_high,limit,HBAN,XLF,off,57.6,2024-08-02,5,-1.5608000000000035
2024-08-06 10:00:00,121.53,116.92,131.99,137.37,2024-12-18 15:54:00,trail,1571,94,10.67000851107785,0.40474565322199363,2.268980477223429,0.7104030419423226,3,1.1281693846354048,0.14746030720528797,0.3404118159478726,0.7104030419423226,31.24409340630989,0.0929472091410843,1.1104679863903038,0.8899417522283608,True,True,0.1122412004549811,True,True,swing_low,POC,limit,BX,XLF,off,72.5,2024-08-05,181,8903.161801728467
2024-08-06 10:00:00,37.24,36.5,40.9,42.18,2024-12-18 15:54:00,trail,1571,94,4.510203997932555,0.08962274324570621,4.945945945945928,0.708851917417173,3,0.770127222548918,27.41579718760143,0.3940832873032818,0.708851917417173,45.138640354518515,0.1456947674905433,1.1225354605327897,0.8449098635361585,True,True,0.08310217923137198,True,True,AVWAP,52w_high,limit,TFC,XLF,off,69.0,2024-08-02,593,1979.167718372769
2024-08-06 10:00:00,535.14,521.73,561.97,581.71,2024-10-15 15:54:00,trail,1526,49,-1.0241777864890598,-0.025664730942964942,2.000745712155116,0.6219532666997901,3,0.9709355236825565,58.666666364338916,0.33568222595683556,0.6219532666997901,48.31728467042029,0.1879713792797324,1.304330304458752,0.6388084422328278,True,True,0.1709304663018918,True,True,swing_low,52w_high,limit,UNH,XLV,off,66.5,2024-08-05,37,-508.1662923222755
2024-08-06 10:00:00,33.94,32.83,36.16,45.9,2024-08-07 15:54:00,tsm_off,1477,2,-0.37274774774774383,-0.012190630524454788,2.0,0.5270258420388975,3,0.7967446968791786,65.94101414363526,0.3225681381503163,0.5270258420388975,30.868601879205656,0.1431229634261829,1.0720802738430932,0.26481755631105947,True,True,0.12505494839578213,True,True,POC,swing_high,limit,MTCH,XLK,off,63.1,2024-08-05,11,-4.551249999999951
2024-08-08 10:00:00,69.42,67.31,73.65,80.67,2024-11-15 15:54:00,trail,1549,70,7.681670012292707,0.23348204733416317,2.0047393364928934,0.8606988313610054,2,1.1947713187566462,12.626758037585484,0.4004634385513025,0.8606988313610054,36.8292946916451,-0.01854487093814453,1.590522937773488,0.8788906552722143,True,True,0.16007230459553523,True,True,VAL,swing_high,limit,GILD,XLV,off,69.9,2024-08-07,308,4992.163707588784
2024-08-12 10:00:00,48.79,47.33,51.72,53.6,2024-12-18 15:54:00,trail,1571,90,24.12618512400335,0.7219559393532468,2.0068493150684916,0.21320556192375742,2,0.8272734624186752,36.340708609589875,0.10645929421640304,0.21320556192375742,21.941812594198176,-0.05938308012410085,1.5772623132363297,0.3476736705913035,True,True,-0.010605006629814895,True,True,VAL,swing_high,limit,CIEN,XLK,off,44.2,2024-08-09,1,35.22423028104491
2024-10-11 10:00:00,108.99,105.01,117.51,120.81,2024-10-14 15:54:00,stop,1525,1,-1.0268844221105529,-0.03749885310578943,2.140703517587948,0.7040869916641266,2,1.5631271498085113,26.963007447339905,0.3027572987988916,0.7040869916641266,19.70734251824552,0.10779296293126564,2.0502797093173597,-0.103953705420781,True,True,0.11850101024032966,True,True,VAL,LRC_upper,limit,ACGL,XLF,off,66.9,2024-10-10,222,-907.3139999999977
2024-10-15 10:00:00,45.03,44.3,46.5,47.64,2025-01-27 15:54:00,trail,1595,69,5.722978733157171,0.09277758106162019,2.013698630136974,0.9073450158716488,3,0.7881064871491857,64.33248328932267,0.3566272559698879,0.9073450158716488,39.223454853455245,0.14778815690167413,2.218474886061208,0.8362033828737492,True,True,-0.029890208413622,True,True,VAH,LRC_upper,limit,GLW,XLK,off,67.1,2024-10-14,544,2272.709314511388
2024-10-16 10:00:00,12.19,11.62,14.75,15.36,2025-01-23 15:54:00,trail,1592,66,8.336529134764625,0.3898130932580671,4.4912280701754375,0.870606493680874,2,1.3383382521050295,67.92271754705347,0.37847355146257283,0.870606493680874,27.5853148018674,-0.15551168959326833,1.0548619610890002,0.20447905776449563,True,True,0.03789543167950793,True,True,VAH,swing_high,limit,AAL,XLF,off,73.4,2024-10-15,1722,8182.636806936875
2024-11-04 10:00:00,81.46,79.67,85.06,88.14,2024-11-12 15:54:00,stop,1545,6,-1.0450083798882683,-0.022962987969555513,2.0111731843575558,0.729787829997716,3,0.7404358722109688,74.2323175591112,0.38437894839576486,0.729787829997716,29.10895791625314,0.050146580224885676,1.2426489205746252,0.7616649074262628,True,True,0.10435532877714837,True,True,swing_low,LRC_upper,limit,IPGP,XLK,off,67.3,2024-11-01,1,-1.870564999999992
2024-11-14 10:00:00,33.96,33.84,34.21,34.37,2024-11-15 15:54:00,stop,1548,1,-1.2825000000000062,-0.004531802120141267,2.083333333333378,0.12220736765848661,2,0.913164807390077,66.97764737577965,0.007267571125595656,0.12220736765848661,15.9104682181525,0.06744208103097063,0.8508456486562171,0.8401338988559364,True,True,-0.06553510884085256,True,True,AVWAP,52w_high,limit,HCP,XLK,off,36.9,2024-11-13,2,-0.30779999999999486
2024-11-18 10:00:00,385.3,376.15,405.62,415.38,2025-01-13 15:54:00,trail,1586,36,-0.9429074553893079,-0.02239191076255437,2.2207650273223956,0.7613443469323166,2,1.0491186328129618,19.857318335290195,0.2658995361469629,0.7613443469323166,37.26048578260016,-0.10266852006785561,1.3065376148967565,0.4943261986578202,True,True,0.06439161634574275,True,True,VAL,52w_high,limit,ZBRA,XLK,off,63.7,2024-11-15,68,-586.6770187432296
2024-11-19 10:00:00,83.04,81.98,91.6,93.72,2024-11-19 15:54:00,stop,1551,0,-1.0778396226415095,-0.013758550096339141,8.075471698113178,0.7713438031296869,3,0.5352759259548975,-6.643262774254503,0.26353910786155443,0.7713438031296869,42.23268698727795,0.1154266004040574,2.0136953355753726,0.6247701724863256,True,True,0.13390146262446034,True,True,AVWAP,LRC_upper,limit,GILD,XLV,off,80.7,2024-11-18,3,-3.427530000000007
2024-11-20 10:00:00,70.66,64.21,83.95,90.3,2025-02-11 15:54:00,tsm_off,1606,55,-0.681937209302325,-0.06224872629493347,2.0604651162790697,0.6176190615949914,3,2.188816642411534,3.6340486291860685,0.4229184190369742,0.6176190615949914,35.71096397681285,0.21149532983114805,1.0283159463487332,0.6419045127866975,True,True,0.05358627303783048,True,True,VAL,52w_high,limit,INCY,XLV,off,66.0,2024-11-19,3,-13.195484999999994
2024-11-29 10:00:00,12.22,11.94,12.79,13.14,2024-12-05 15:54:00,stop,1021,4,-1.043142857142857,-0.023901800327332332,2.0357142857142723,0.6702028790324314,2,0.8941971107700096,67.81321451033699,0.3186921905004794,0.6702028790324314,33.461742948828466,0.09708255465581658,0.8760107616590393,0.9424506730401806,True,True,0.04140297680036786,True,True,POC,LRC_upper,limit,VTRS,XLV,off,57.9,2024-11-27,4,-1.1683200000000045
2024-12-06 10:00:00,25.51,24.95,26.63,30.64,2024-12-11 15:54:00,stop,1565,3,-1.0450535714285711,-0.022941199529596324,1.9999999999999873,0.6386642188945806,3,0.8982028753748631,73.63394902946622,0.2623911325833419,0.6386642188945806,23.544198623774975,0.2065677454244452,1.108337839931465,0.7705213433450442,True,True,-0.07805492733940256,True,True,VAH,swing_high,limit,PRGO,XLV,off,56.5,2024-12-03,1,-0.5852300000000022
2024-12-16 10:00:00,25.0,24.53,25.95,26.56,2024-12-16 15:54:00,stop,1568,0,-1.0526914893617023,-0.019790599999999953,2.021276595744684,0.8558635959534975,2,0.7936699179117565,-1.9534090428399455,0.3300704761037541,0.8558635959534975,18.121887896480708,0.021861953174864463,1.0231917592648732,-0.684649149170789,True,True,-0.07358148926279173,True,True,VAL,swing_high,limit,PRGO,XLV,off,60.7,2024-12-13,1,-0.4947649999999989
2024-12-19 10:00:00,323.31,311.94,347.88,410.65,2025-02-04 15:54:00,tsm_off,1601,30,0.4893355321020215,0.01720870062788032,2.1609498680738772,0.5185341655482257,2,1.2472115709730551,31.6959752194428,0.22796538444475317,0.5185341655482257,18.04657802960929,0.011982167446747814,1.1953195067747608,-0.742513767840839,True,True,0.04726761188628559,True,True,VAL,swing_high,limit,WST,XLV,off,56.1,2024-12-18,83,461.7908349999989
2024-12-20 10:00:00,8.939,8.51,10.64,11.08,2025-01-13 15:54:00,stop,1585,13,-1.0203368298368298,-0.04896794943505988,3.9650349650349637,0.797507097947212,3,1.0541712374605814,3.633829500847452,0.6641169548461946,0.797507097947212,43.4058711084597,0.13245091075998017,1.0495593479630758,0.6478224787820216,True,True,0.3461486720676723,True,True,AVWAP,52w_high,limit,NWL,XLF,off,83.4,2024-12-19,3027,-1324.9920615000008
2024-12-20 10:00:00,212.0,208.65,231.58,237.48,2025-01-02 15:54:00,stop,1580,7,-1.0627835820895524,-0.016793985849056576,5.844776119402999,0.8694846476584553,3,0.6136506314331671,-6.109432752173564,0.41809446911683695,0.8694846476584553,29.80419400709183,0.038721153112198786,1.192131614130454,0.8499024982605405,True,True,0.15029364356726282,True,True,POC,52w_high,limit,NOW,XLK,off,79.1,2024-12-19,5,-17.801624999999973
2024-12-20 10:00:00,84.04,82.07,87.98,91.16,2024-12-30 15:54:00,stop,1577,5,-1.042159898477157,-0.02442949785816293,1.9999999999999856,0.8285424398550432,2,0.7441280835184017,21.58836736134283,0.3880451841660945,0.8285424398550432,32.93229463165498,-0.14128499135190664,1.2469376299153192,0.20691992256630443,True,True,0.1103113689704891,True,True,swing_low,swing_high,limit,KMX,XLF,off,66.3,2024-12-19,1,-2.053055000000013
2024-12-31 10:00:00,44.53,43.3,47.93,52.48,2025-01-02 15:54:00,stop,1580,1,-1.0357032520325202,-0.02860801706714583,2.7642276422764125,0.49907188366541966,2,1.157975170050775,20.819113531241182,0.3738781715650204,0.49907188366541966,27.660871288805858,-0.08914681857162997,1.3759550471297985,0.015849786700898677,True,True,0.28709223812493745,True,True,swing_low,swing_high,limit,IBKR,XLF,off,65.8,2024-12-30,3,-3.821745000000012
2025-01-03 10:00:00,41.57,40.21,44.31,45.8,2025-01-07 15:54:00,stop,1582,2,-1.0300661764705883,-0.03369954293961991,2.0147058823529433,0.015895241733458087,3,0.9902902983416366,50.21021866902649,0.027723746988735434,0.015895241733458087,15.856586948310511,0.061433252663989746,1.097074440562452,0.3599978697988658,True,True,0.09095079997409239,True,True,swing_low,LRC_upper,limit,VNO,XLF,off,48.0,2025-01-02,28,-39.22491999999998
2025-01-08 10:00:00,204.26,201.51,209.76,213.74,2025-04-07 15:54:00,trail,1644,60,9.611787272727275,0.12940573288945464,2.0,0.8519376271082915,3,0.6526275314612391,71.42495492858475,0.3071736609400715,0.8519376271082915,40.4866610237246,0.03523505741985651,1.181053424906062,0.8788177330515751,True,True,0.10408348829817715,True,True,VAH,LRC_upper,limit,VRSN,XLK,off,71.0,2025-01-07,5,132.16207500000004
2025-01-08 10:00:00,12.86,12.46,13.66,14.09,2025-01-10 15:54:00,stop,1584,1,-1.0316500000000002,-0.032088646967340484,2.000000000000009,0.38571929435078917,3,0.9844031024120231,33.75758721845121,0.3092222396406145,0.38571929435078917,23.853476690967593,0.08863273199345657,2.0390537060724925,0.6803046956303443,True,True,0.17183644011417654,True,True,VAL,swing_high,limit,PX,XLF,off,59.8,2025-01-07,8,-3.3012799999999887
2025-01-14 10:00:00,222.86,214.94,238.71,268.9,2025-01-27 15:54:00,stop,1595,8,-1.56146275252525,-0.05549127254778787,2.0012626262626214,0.6469581091293305,3,0.8033185392996284,35.34473835589593,0.7232009135954617,0.6469581091293305,36.694051490773454,0.08051725578359978,1.3496700787447282,0.7852976747011096,True,True,0.2121083949432634,True,True,VAL,swing_high,limit,AVGO,XLK,off,72.5,2025-01-13,121,-1496.380985000001
2025-01-15 10:00:00,70.81,68.94,74.55,77.06,2025-03-04 15:54:00,trail,1619,32,1.9504294508863687,0.051508304945029205,1.9999999999999925,0.17014839143466692,2,1.5172330882893088,34.74102748089913,0.11696120631650106,0.17014839143466692,18.779425791943268,-0.033219030227912366,1.1440023395271444,0.25544275525733356,True,True,0.17045436976369577,True,True,swing_low,52w_high,limit,UNM,XLF,off,57.1,2025-01-14,345,1258.319560239344
2025-01-16 10:00:00,8.93,8.71,10.64,10.95,2025-02-03 15:54:00,stop,1599,11,-1.0400909090909092,-0.025623740201567623,7.772727272727317,0.3580192973561216,2,0.6479169691006855,26.73544518244328,0.3042200660818911,0.3580192973561216,17.7519440827462,-0.10477274689975942,1.3271906166297165,0.35914115069034885,True,True,0.3369000576626109,True,True,swing_low,52w_high,limit,NWL,XLF,off,64.1,2025-01-15,6,-1.3729199999999933
2025-01-24 10:00:00,35.16,33.97,37.55,41.15,2025-01-27 15:54:00,stop,874,1,-1.029046218487395,-0.03482835608646183,2.0084033613445422,0.4701504205232191,2,1.0510247663159622,24.069318039358016,0.353180759210848,0.4701504205232191,23.771319783010536,-0.10849497364113185,1.598720323913891,0.07105995995265237,True,True,0.17547387642787338,True,True,swing_low,swing_high,limit,BBWI,XLF,off,60.2,2025-01-23,803,-983.3256949999982
2025-01-28 10:00:00,68.89,67.12,74.34,77.41,2025-03-03 15:54:00,tsm_off,1619,24,-0.298677966101692,-0.007673973000435385,3.0790960451977485,0.5557289750804335,3,0.6797002621745214,36.6647516947348,0.3013194201054069,0.5557289750804335,27.076058793954203,0.04416318607163102,1.4307169891074238,0.8092572902958558,True,True,0.011275943513392006,True,True,POC,swing_high,limit,KLAC,XLK,off,62.6,2025-01-27,393,-207.76337999999754
2025-01-28 10:00:00,21.9,21.26,23.18,24.01,2025-01-28 15:54:00,stop,1596,0,-1.0337187500000002,-0.03020913242009119,2.000000000000011,0.4071179395905058,3,0.8569671429464735,46.988339123500175,0.1831426318498948,0.4071179395905058,22.55821902812666,0.213892956861765,1.3824539698185627,0.8940054582855402,True,True,0.1406600421451989,True,True,AVWAP,swing_high,limit,HPE,XLK,off,59.9,2025-01-27,1236,-817.7128799999964
2025-01-29 10:00:00,123.09,120.61,128.05,130.7,2025-01-29 15:54:00,stop,1596,0,-1.049133064516129,-0.021137785360305496,2.0,0.5393570175915466,3,0.8228075081747452,74.76870295833054,0.300023534100589,0.5393570175915466,30.999124935101687,0.17810917668806492,1.3390086852976433,0.8913476964890081,True,True,0.16828356516680598,True,True,VAH,LRC_upper,limit,WHR,XLF,off,66.8,2025-01-28,219,-569.8051500000008
2025-01-29 10:00:00,571.11,557.9,604.66,620.9,2025-02-25 15:54:00,stop,1615,18,-1.04273315669947,-0.024118829997723794,2.539742619227847,0.29874976785933854,3,0.810135803821445,58.52980773738684,0.14654115436801274,0.29874976785933854,26.356323431738907,0.29010153607909994,1.3574566285503191,0.7805008645183812,True,True,0.07351515598175462,True,True,AVWAP,LRC_upper,limit,ISRG,XLV,off,56.3,2025-01-28,44,-606.0782200000017
2025-01-30 10:00:00,34.26,34.16,34.47,34.73,2025-02-03 15:54:00,stop,1599,2,-1.4420499999999736,-0.004209136018680661,2.0999999999999788,0.7212442979287421,2,0.6935295075175814,28.687129636321412,0.048245815242595004,0.7212442979287421,23.091144376133766,0.1700527947588331,1.2346731722762334,-0.09897802009794723,True,True,-0.029678421947706646,True,True,VAL,52w_high,limit,HCP,XLK,off,56.0,2025-01-29,783,-112.91251499999956
2025-02-04 10:00:00,216.59,208.28,238.71,284.23,2025-02-24 15:54:00,stop,1614,13,-1.025563778580024,-0.03934823860750728,2.661853188929001,0.5722544441079171,2,0.7240062955091471,17.71967111323486,0.6554700283872692,0.5722544441079171,28.16245480121121,-0.18487476226399777,1.7742801444926377,0.8516941981446582,True,True,0.18579471700657257,True,True,VAL,swing_high,limit,AVGO,XLK,off,62.4,2025-01-31,123,-1048.2595050000004
2025-02-04 10:00:00,65.82,64.32,68.83,70.29,2025-02-04 15:54:00,stop,1601,0,-1.04338,-0.023778030993618963,2.00666666666667,0.17568778664541046,3,0.7900299787617138,42.04033145661089,0.0754416916622977,0.17568778664541046,16.41952734889919,0.2866148216814668,1.617332456298977,0.3125267832415197,True,True,0.16636088308047392,True,True,VAL,52w_high,limit,SYF,XLF,off,56.8,2025-02-03,2,-3.13014
2025-02-05 10:00:00,47.67,46.48,50.06,84.11,2025-02-05 15:54:00,tsm_off,1601,1,-0.2248403361344519,-0.005612754352842434,2.0084033613445302,0.6572737996717345,2,0.6625018413024667,65.40356066560064,0.30185266781476305,0.6572737996717345,26.535325717662662,-0.01713034591105728,1.8350530515186063,0.6157683282563029,True,True,0.32410669618618315,True,True,VAH,LRC_upper,limit,AAP,XLF,off,63.1,2025-02-04,569,-152.24163999999936
2025-02-05 10:00:00,36.39,35.27,39.51,48.98,2025-02-06 15:54:00,stop,882,1,-1.0319910714285716,-0.03176229733443247,2.7857142857142896,0.16079219720442453,2,0.9274638913646999,54.17786555832408,0.1396957465446304,0.16079219720442453,17.90647723954126,-0.04339972268645422,1.7274516975074163,0.6940605881952238,True,True,0.3041921997485828,True,True,VAH,LRC_upper,limit,BBWI,XLF,off,52.8,2025-02-04,8,-9.24663999999998
2025-02-06 10:00:00,176.89,173.69,185.78,190.46,2025-02-11 15:54:00,stop,1606,3,-1.0547781250000001,-0.019081293459211876,2.7781250000000144,0.6695658438252645,3,0.5804206583196161,29.630170346089947,0.23756802352043563,0.6695658438252645,19.6953241669447,0.22145571869262792,1.6295791892283038,0.7247363394060694,True,True,0.11244900406776326,True,True,AVWAP,swing_high,limit,ARES,XLF,off,67.7,2025-02-05,152,-513.0440799999983
2025-02-07 10:00:00,329.83,322.39,347.57,410.65,2025-02-07 15:54:00,stop,1604,0,-1.0438319892473118,-0.023545796319316005,2.3844086021505397,0.7186464300783291,2,0.8963054076280556,5.254452405459688,0.1417684308978698,0.7186464300783291,14.522779514222709,0.01725814612559385,1.0595477490265324,-0.07118098723310237,True,True,0.000963623373162914,True,True,swing_low,swing_high,limit,WST,XLV,off,57.3,2025-02-05,1,-7.766109999999998
2025-02-10 10:00:00,196.07,191.8,204.63,211.24,2025-02-12 15:54:00,stop,1606,2,-1.0454180327868854,-0.022767047483041678,2.0046838407494234,0.5224258310580673,3,0.8869743489066647,59.45194472537501,0.2768745932667806,0.5224258310580673,31.736387102713177,0.16069543239805573,1.528540370889636,0.8011836441597661,True,True,0.2787634599743305,True,True,swing_low,swing_high,limit,DFS,XLF,off,63.5,2025-02-07,1,-4.4639349999999824
2025-02-12 10:00:00,17.6,16.78,19.24,28.76,2025-02-20 15:54:00,stop,1611,5,-1.0209634146341464,-0.04756761363636365,1.9999999999999956,0.7788481455547388,3,1.284511579832395,52.68368734757393,0.5427852563565935,0.7788481455547388,29.952236690713146,0.17030696568090778,1.310203574646718,0.8762017263876374,True,True,0.16302357262100498,True,True,swing_low,LRC_upper,limit,TRIP,XLF,off,71.9,2025-02-11,1520,-1272.5288000000005
2025-02-13 10:00:00,126.81,124.15,132.29,134.53,2025-03-12 15:54:00,trail,1626,18,-0.3963531438222576,-0.008314008063774182,2.0601503759398483,0.568973606227059,3,1.0717213947762068,67.21271042001412,0.29039463962224416,0.568973606227059,43.45188148072725,0.29741100439561613,1.6206516465366045,0.9520861851774078,True,True,0.13923118741182505,True,True,POC,LRC_upper,limit,ABT,XLV,off,69.7,2025-02-12,1,-1.0542993625672037
2025-02-13 10:00:00,43.73,43.04,45.12,46.46,2025-02-21 15:54:00,stop,1613,5,-1.062876811594203,-0.0167707523439286,2.014492753623196,0.18578845270151498,2,0.6149038294115025,38.42108792889736,0.11005964435857121,0.18578845270151498,12.976891412838416,0.061033303051526454,0.9738437352697885,0.41513842505383053,True,True,0.029132637327788702,True,True,AVWAP,POC,limit,CFG,XLF,off,42.5,2025-02-12,1,-0.7333849999999977
2025-02-21 10:00:00,593.69,583.79,616.37,631.4,2025-04-07 15:54:00,trail,1644,31,6.549856060605992,0.10922126867557128,2.290909090909065,0.5472133879915083,3,0.7537957137203646,47.64343494701358,0.10429140974119587,0.5472133879915083,18.79907765314406,0.288930850897958,1.106628210367137,0.8078783035273907,True,True,-0.028569125417581165,True,True,VAL,LRC_upper,limit,MCK,XLV,off,57.0,2025-02-20,42,2723.430149999996
2025-02-24 10:00:00,52.24,47.13,65.03,69.5,2025-02-25 15:54:00,stop,897,1,-1.0097230919765168,-0.0987688552833078,2.50293542074364,0.8336581155287481,2,1.3466855676621745,-6.137213966318637,0.8357562934143926,0.8336581155287481,24.975512201010808,-0.025921711093201447,1.5205382438987607,0.7850918445819564,True,True,0.46857027328632683,True,True,swing_low,LRC_upper,limit,HOOD,XLF,off,74.6,2025-02-21,11,-56.75653499999999
2025-02-25 10:00:00,289.13,279.7,308.0,330.03,2025-03-04 15:54:00,stop,1620,5,-1.03016065747614,-0.033598779095908436,2.0010604453870617,0.7621718589770919,3,1.3556285116228,15.00295180406615,0.4356534998703628,0.7621718589770919,26.43063223495507,0.26008442573676793,1.8994483704426957,0.6033485156658729,True,True,0.2166931980880249,True,True,AVWAP,swing_high,limit,FFIV,XLK,off,72.0,2025-02-24,88,-854.8685200000006
2025-02-26 10:00:00,249.59,246.4,259.19,271.18,2025-03-04 15:54:00,stop,1620,4,-1.077741379310345,-0.013774570295284257,3.0094043887147337,0.8317004919484262,3,0.6199808706858272,-19.419856093779096,0.3478777674848792,0.8317004919484262,33.516784749888224,0.03144833170909412,1.4321413686063398,0.29562268813217185,True,True,0.07473340585823873,True,True,AVWAP,POC,limit,JPM,XLF,off,68.1,2025-02-24,101,-347.23749499999974
2025-02-26 10:00:00,21.5,20.66,23.18,24.08,2025-03-04 15:54:00,stop,1619,4,-1.025095238095238,-0.040050232558139526,2.0,0.5434732430286834,3,1.4883375296696741,60.98980662656971,0.37135806365842616,0.5434732430286834,29.49131523754841,0.03313227550780764,2.0984546517073697,0.8392001393183783,True,True,0.17381549796859197,True,True,VAL,LRC_upper,limit,MAT,XLF,off,67.1,2025-02-25,1,-0.8610799999999998
2025-03-04 10:00:00,239.23,236.18,252.26,271.92,2025-03-07 15:54:00,stop,1623,3,-1.0779360655737709,-0.01374286251724275,4.272131147541008,0.7199065053086596,3,0.5644270745038933,15.537934076917445,0.4062890701517617,0.7199065053086596,29.00612649122952,0.16087255531886935,1.0268871737925995,0.26385815448191446,True,True,0.16600673596420878,True,True,AVWAP,POC,limit,IBM,XLK,off,75.2,2025-03-03,111,-364.9352549999981
2025-03-06 10:00:00,80.57,80.39,80.94,81.47,2025-04-07 15:54:00,stop,1643,22,-1.4471111111111294,-0.003232965123495006,2.055555555555665,0.9420283090708377,3,0.6022373053406003,51.73727278168122,0.0543129882832612,0.9420283090708377,56.40913301904512,0.13401183822772728,1.4898819324275114,0.8566222879300177,True,True,0.0951615703606703,True,True,VAH,LRC_upper,limit,K,XLV,off,73.8,2025-03-05,323,-84.13503999999762
2025-03-06 10:00:00,81.14,80.06,84.91,86.63,2025-03-07 15:54:00,stop,1623,1,-1.0746296296296298,-0.01430367266453042,3.4907407407407427,0.869300085850801,3,0.604666108094247,37.18439076767381,0.2700968019573934,0.869300085850801,19.597111153537558,0.1864026993564502,1.4761634505861205,0.8277989776461749,True,True,0.0744985538869245,True,True,POC,LRC_upper,limit,PFG,XLF,off,73.2,2025-03-05,321,-372.5525999999994
2025-03-06 10:00:00,233.38,230.61,238.93,243.25,2025-03-11 15:54:00,stop,1624,3,-1.0837527075812279,-0.01286312023309616,2.0036101083032665,0.9141050282620191,3,0.7832648878777266,61.83763770078239,0.2648338679613535,0.9141050282620191,36.38571777177914,0.26559415744377046,2.1194947550097623,0.9035735932876777,True,True,0.09075932303750012,True,True,VAH,52w_high,limit,MMC,XLF,off,71.8,2025-03-05,100,-300.1994999999982
2025-03-06 10:00:00,20.38,20.0,21.22,22.07,2025-03-13 15:54:00,stop,1626,5,-1.0531315789473685,-0.01963640824337581,2.2105263157894792,0.7165106578736614,3,0.6851097569138205,15.130754775142686,0.4386154640761646,0.7165106578736614,24.223778231089675,0.023655310509485664,1.879243225604065,0.2101487390930454,True,True,0.15268449177218035,True,True,AVWAP,POC,limit,MAT,XLF,off,69.0,2025-03-05,3,-1.200569999999997
2025-05-13 10:00:00,69.55,67.46,73.73,75.96,2025-07-10 15:54:00,stop,1708,39,-1.0327775119617224,-0.031035298346513352,2.0,0.8093224156916723,3,1.2682598822797333,33.76799128095197,0.3243165227430819,0.8093224156916723,28.838417844109316,0.2273822550191896,1.55183370349858,0.9267863411000035,True,True,0.24807615801020022,True,True,POC,52w_high,limit,WRB,XLF,off,76.1,2025-05-12,373,-805.1223650000013
2025-05-13 10:00:00,682.34,661.53,723.96,745.76,2025-08-07 15:54:00,stop,1728,59,-1.0322890437289765,-0.03148274320719884,1.9999999999999944,0.7771795422568301,3,1.0242120761043267,-5.715888742258286,0.19759397471173198,0.7771795422568301,14.795332509771992,0.17014946634937642,1.3464037767962613,0.6890980684655353,True,True,0.19770726053454135,True,True,swing_low,swing_high,limit,MCK,XLV,off,75.2,2025-05-12,38,-816.3135300000023
2025-05-13 10:00:00,257.43,249.54,273.23,281.65,2025-06-10 15:54:00,trail,1688,19,-0.5468320749777948,-0.016759915594821154,2.0025348542458787,0.5306729795892542,3,1.320551564448838,29.659101593245712,0.16045836493217583,0.5306729795892542,21.91408096853082,0.19118282811833398,1.0827038655994006,0.886745627656155,True,True,0.18026388665424653,True,True,AVWAP,52w_high,limit,CME,XLF,off,67.0,2025-05-12,100,-431.450507157481
2025-05-13 10:00:00,10.93,10.48,11.84,13.26,2025-05-16 15:54:00,stop,1671,3,-1.023788888888889,-0.04215050320219573,2.0222222222222257,0.6881180815439336,2,0.9123122782411087,52.571485006452,0.4330716207762346,0.6881180815439336,29.592846799699295,0.1505518555517023,0.997985474612869,0.4097322961958832,True,True,0.3978801325272572,True,True,VAL,LRC_upper,limit,GT,XLF,off,65.6,2025-05-12,2376,-1094.6350799999982
2025-05-13 10:00:00,147.46,144.52,157.94,167.08,2025-05-29 15:54:00,stop,1679,11,-1.049656462585034,-0.020927641394276397,3.564625850340135,0.5526940527163665,2,0.7248613703158557,40.4655215059721,0.20369143585510363,0.5526940527163665,22.686255456658802,-0.012074543711178972,2.0542711327322003,0.8679070662333465,True,True,0.18828547446902255,True,True,swing_low,LRC_upper,limit,EA,XLK,off,63.4,2025-05-12,176,-543.1342399999996
2025-05-13 10:00:00,102.36,100.07,106.94,109.74,2025-06-09 15:54:00,stop,1687,18,-1.0441986899563316,-0.023360834310277512,1.9999999999999938,0.02067887566343769,3,0.908186533234714,65.69116047658923,0.04117663404790634,0.02067887566343769,23.023315301630596,0.010361725870456005,1.195916675546123,0.8981830020691548,True,True,0.017270698954622965,True,True,swing_low,swing_high,limit,BSX,XLV,off,44.2,2025-05-12,2,-4.782430000000012
2025-05-16 10:00:00,36.01,35.47,37.11,38.52,2025-05-23 15:54:00,stop,1676,5,-1.1772407407407453,-0.01765370730352684,2.037037037037043,0.012321036732746279,3,1.1796607592872956,64.44930303238436,0.016402975328743134,0.012321036732746279,18.293294409704398,0.2511678829753913,1.0532618756396979,0.7947770658686762,True,True,0.04586794294694574,True,True,VAL,LRC_upper,limit,JNPR,XLK,off,46.6,2025-05-15,2,-1.2714200000000029
2025-05-19 10:00:00,108.11,105.71,119.71,123.82,2025-08-01 15:54:00,trail,1543,51,1.0399836213801414,0.023087232368072752,4.83333333333332,0.7176371915683244,3,0.5388830315503398,51.072930084189075,0.5093891802156848,0.7176371915683244,16.753296954763663,0.23430454410308024,1.1307741010757524,0.4480792983360964,True,True,0.0035999362651222278,True,True,POC,LRC_upper,limit,CRWD,XLK,off,68.2,2025-05-16,230,574.0709590018395
2025-05-19 10:00:00,30.86,29.89,32.81,34.02,2025-05-21 15:54:00,stop,1674,2,-1.0313144329896908,-0.03241655865197663,2.0103092783505208,0.053492000934554994,3,0.9003490449492697,71.91056700503304,0.13815714460264375,0.053492000934554994,25.923109661621094,0.2784764958951393,1.6981373251112981,0.8617044846039649,True,True,0.06569368085100513,True,True,VAH,swing_high,limit,FTI,XLF,off,46.9,2025-05-16,1,-1.000374999999999
2025-06-09 10:00:00,523.4,515.34,578.47,588.04,2025-06-09 15:54:00,stop,1687,0,-1.0644379652605465,-0.01639161253343513,6.832506203473998,0.8456908033156528,3,0.7202646838542917,32.310239915284974,0.5955244773518912,0.8456908033156528,43.14265116542964,0.37286337052662677,1.1433693216826935,0.04107694029858098,True,True,0.20151507648419953,True,True,VAH,LRC_upper,limit,IDXX,XLV,off,85.4,2025-06-06,48,-411.80975999999737
2025-06-09 10:00:00,262.68,256.99,284.22,290.03,2025-06-09 15:54:00,stop,1686,0,-1.0456652021089632,-0.022650506319476158,3.785588752196842,0.8113547118656206,3,0.8873576776808677,42.703783985884165,0.5058932064481323,0.8113547118656206,27.654616063983134,0.39040546964827816,1.3327561987184027,0.590886037959482,True,True,0.23202466147776768,True,True,VAH,LRC_upper,limit,PAYC,XLK,off,83.1,2025-06-06,1,-5.9498349999999975
2025-06-09 10:00:00,97.98,94.39,108.86,115.07,2025-06-10 15:54:00,stop,1688,1,-1.0267924791086351,-0.03762181057358648,3.030640668523673,0.6759079527725672,3,1.0486776275294059,48.92061654700499,0.5832676891709887,0.6759079527725672,15.327353788209283,0.23242525777725362,1.7430568711190222,0.7967759296187096,True,True,0.1485923496724424,True,True,POC,LRC_upper,limit,ANET,XLK,off,78.3,2025-06-06,1,-3.686185000000003
2025-06-10 10:00:00,752.87,739.75,795.53,810.65,2025-07-10 15:54:00,stop,1708,20,-1.0568833841463414,-0.018417934039077138,3.251524390243899,0.822806023235112,3,0.900992555825361,62.79725593767485,0.5507352481240666,0.822806023235112,48.741654819523696,0.1459672850846094,1.3745638966079388,0.9104207907661779,True,True,0.26551514974335255,True,True,VAH,LRC_upper,limit,INTU,XLK,off,79.8,2025-06-09,33,-457.5882300000001
2025-06-10 10:00:00,72.36,69.64,77.8,81.56,2025-08-01 15:54:00,trail,1006,36,8.232076695159776,0.3094423522779793,2.0,0.9160778729261453,3,0.7299488502238803,60.48670975344748,1.0781273772949875,0.9160778729261453,39.61465618959503,0.1653311579118744,1.4221047480110824,0.8037260700681156,True,True,0.9739895352683643,True,True,VAH,52w_high,limit,HOOD,XLF,off,76.9,2025-06-09,4,89.56499444333832
2025-06-11 10:00:00,45.89,44.57,50.17,51.45,2025-07-23 15:54:00,trail,1717,28,1.4253019263131412,0.04099800703275979,3.2424242424242427,0.9282769307444054,3,1.4341016711386456,23.81049052735199,0.7466267583831211,0.9282769307444054,44.45151625970166,0.32549653673429857,1.608633090175684,0.785799365040769,True,True,0.4148719295912169,True,True,VAH,LRC_upper,limit,APH,XLK,off,85.5,2025-06-10,555,1044.1761912170075
2025-07-11 10:00:00,60.18,58.27,64.01,70.22,2025-07-15 15:54:00,stop,1710,2,-1.0310078534031415,-0.032722249916915865,2.0052356020942472,0.7480969608032021,2,0.8109240879761154,59.73234673596437,0.4236858856200108,0.7480969608032021,25.661188323196246,-0.0029800152690653207,1.4810511146368295,0.688232565983965,True,True,0.21351379624924238,True,True,VAH,LRC_upper,limit,CE,XLF,off,66.3,2025-07-09,438,-862.5205499999986
2025-07-11 10:00:00,7.0,6.84,7.42,8.67,2025-07-11 15:54:00,stop,1708,0,-1.04325,-0.023845714285714307,2.6249999999999973,0.6681137834101734,2,0.5262271996499268,42.46214267949491,0.3336882479882888,0.6681137834101734,28.103509548194392,-0.05578592848703645,1.8899749838819941,0.7705227584839218,True,True,0.12256710694719386,True,True,POC,swing_high,limit,UAA,XLF,off,60.9,2025-07-10,3309,-552.3382800000005
2025-07-14 10:00:00,157.49,152.47,169.67,180.12,2025-07-16 15:54:00,stop,1712,2,-1.0308725099601592,-0.032859102165216904,2.426294820717122,0.7531195206317276,3,0.9187795383789016,49.33106647931755,0.4195883984500502,0.7531195206317276,32.38254759088499,0.14138645745089964,2.3235405757747953,0.9489995239145045,True,True,-4.152724321937473e-05,True,True,VAH,swing_high,limit,CRL,XLV,off,65.6,2025-07-11,143,-740.0221400000015
2025-07-14 10:00:00,23.38,23.05,24.06,27.54,2025-07-15 15:54:00,stop,1711,1,-1.0703484848484852,-0.015107570573139363,2.0606060606060703,0.7118866978982562,3,0.7891441026021033,72.96320567437662,0.21988341086897514,0.7118866978982562,29.743733012215834,0.05111598329059188,1.324810315019515,0.665094985336969,True,True,0.014024946916775916,True,True,VAH,LRC_upper,limit,PFE,XLV,off,63.0,2025-07-11,4,-1.4128599999999931
2025-07-16 10:00:00,232.81,226.04,251.69,257.93,2025-08-20 15:54:00,stop,1737,25,-1.0338884785819793,-0.030064967140586787,2.788774002954205,0.9191764192126782,2,0.9515227934177841,43.88522276503208,0.8623266084728465,0.9191764192126782,57.761993601413614,-0.1731408319973406,2.171395439407066,0.8958950725479504,True,True,0.5218853828034724,True,True,VAH,LRC_upper,limit,ORCL,XLK,off,77.6,2025-07-15,109,-762.937325000001
2025-07-16 10:00:00,97.55,93.05,108.05,125.84,2025-07-16 15:54:00,stop,1711,0,-1.0211777777777777,-0.047107124551512045,2.3333333333333335,0.8430165341797017,3,1.3376853900271533,19.412805538374062,0.6717872080807861,0.8430165341797017,46.868887189952794,0.07504671809226648,1.9773638961985671,0.8970990695404757,True,True,0.08526477075036865,True,True,swing_low,swing_high,limit,WHR,XLF,off,75.1,2025-07-15,2,-9.1906
2025-07-17 10:00:00,102.07,99.61,108.18,110.85,2025-10-17 15:54:00,trail,1778,65,1.525212504392011,0.03675930989325304,2.4837398373983857,0.7547151825160573,3,1.070265633096662,23.733420768216366,0.3199375268257671,0.7547151825160573,38.83557135462694,0.16077458361316022,2.123876573181102,0.8405812265018687,True,True,0.12755844971964803,True,True,VAL,52w_high,limit,STT,XLF,off,72.7,2025-07-16,215,806.6848935729325
2025-07-17 10:00:00,22.5,22.03,24.09,24.55,2025-07-17 15:54:00,tsm_off,1713,1,0.12225531914893283,0.0025537777777777017,3.382978723404263,0.8214209586342401,2,1.0771303594373707,2.485951109325714,0.24239200835307234,0.8214209586342401,27.141137464501025,-0.057429160916321866,1.1718826273530984,0.6473285187572916,True,True,-0.02202082286904261,True,True,POC,LRC_upper,limit,PFE,XLV,off,64.3,2025-07-16,1,0.057459999999998304
2025-07-18 10:00:00,26.62,24.17,34.04,37.38,2025-07-22 15:54:00,stop,1715,2,-1.010365306122449,-0.09299004507888803,3.028571428571429,0.6100468475941315,3,0.8899957419478262,59.831893884494626,1.598165863162007,0.6100468475941315,45.753036374026145,0.06301959557193473,4.04173634750115,0.6445372762288414,True,True,1.3818609561819293,True,True,POC,LRC_upper,limit,NKTR,XLV,off,74.4,2025-07-17,1,-2.4753949999999993
2025-07-23 10:00:00,7.3,6.96,8.65,11.89,2025-07-29 15:54:00,stop,1720,4,-1.0209705882352942,-0.047552054794520536,3.970588235294121,0.43497156866141984,2,1.1771660269122979,67.26858428398832,0.18119231897037635,0.43497156866141984,25.216992003957355,-0.1944946087668868,1.83609941545093,0.7987719089121252,True,True,0.02446368338755489,True,True,swing_low,swing_high,limit,UAA,XLF,off,59.8,2025-07-22,5,-1.7356499999999995
2025-07-24 10:00:00,103.35,101.83,106.39,123.44,2025-07-30 15:54:00,tsm_off,1722,5,-0.36389802631578294,-0.005351959361393214,2.0000000000000093,0.7381518435820335,3,0.6598501998841755,25.059173429153166,0.16736816771924196,0.7381518435820335,13.963950080410294,0.05297377275751986,1.0864033662678674,0.5936928447266254,True,True,0.07199573759664779,True,True,VAL,swing_high,limit,NTAP,XLK,off,66.3,2025-07-23,251,-138.83437499999715
2025-07-24 10:00:00,73.78,72.59,76.17,77.91,2025-07-30 15:54:00,stop,333,4,-1.0615,-0.017120967741935455,2.0084033613445422,0.07148648706192696,2,0.7115472739739261,41.650956346772034,0.038567053988653364,0.07148648706192696,9.262791968423377,0.05513581698983181,1.252233654790682,-0.13274546901865591,True,True,-0.048255430800439814,True,True,VAL,swing_high,limit,SOLV,XLV,off,34.8,2025-07-23,7,-8.842294999999984
2025-07-30 10:00:00,77.705,76.18,81.74,85.55,2025-07-31 15:54:00,stop,1723,1,-1.050454098360656,-0.02061569397078684,2.6459016393442747,0.8123676464193889,3,0.6010053184784684,67.48578085925067,0.5173440563412848,0.8123676464193889,32.86889878653911,0.20656380626318877,3.02717740041411,0.8418555573927373,True,True,0.17257907575703646,True,True,VAL,LRC_upper,limit,XYZ,XLF,off,75.0,2025-07-29,1,-1.6019424999999914
2025-07-31 10:00:00,57.17,55.35,63.63,66.87,2025-08-01 15:54:00,stop,1724,1,-1.0309120879120879,-0.03281896099352808,3.5494505494505493,0.8397021569967776,2,0.7540968551030468,7.303044116625941,0.6073393561659463,0.8397021569967776,28.75736530479338,0.22814819680211507,1.1735605046758881,-0.19585149726171983,True,True,0.3215490389501259,True,True,VAL,swing_high,limit,ON,XLK,off,71.2,2025-07-30,459,-861.20334
2025-08-01 10:00:00,66.25,65.25,68.25,71.27,2025-08-28 15:54:00,tsm_off,1742,20,0.3035650000000045,0.004582113207547238,2.0,0.43423683397782775,2,0.7354686716658394,47.95488083797143,0.1935791527790676,0.43423683397782775,38.298318906540004,-0.030646058290740505,1.3452907959883178,0.4734368561328034,True,True,0.03321117775618565,True,True,POC,swing_high,limit,HOLX,XLV,off,48.5,2025-07-31,2,0.607130000000009
2025-08-04 10:00:00,165.56,160.34,180.12,254.15,2025-08-06 15:54:00,stop,1727,2,-1.6362777777777773,-0.051590782797777214,2.789272030651342,0.8287770276133781,3,0.7851078969536168,27.381792813167362,0.44062886203690943,0.8287770276133781,31.90918844825522,0.0536359251609548,1.7047828902763251,0.7184531102298826,True,True,0.3051195574464718,True,True,swing_low,swing_high,limit,CRL,XLV,off,77.4,2025-08-01,153,-1306.8296099999993
2025-08-05 10:00:00,89.12,86.54,94.28,97.43,2025-10-10 15:54:00,trail,1773,47,1.569547129309759,0.045437966714757354,2.0,0.9361506820886204,3,1.2757470201364478,-0.38919597577581455,0.5113943970157611,0.9361506820886204,46.65125518946104,0.2010124858207262,1.8545564059314081,0.7052370640556456,True,True,0.21727214881449397,True,True,VAL,52w_high,limit,C,XLF,off,77.3,2025-08-04,289,1170.2857305559414
2025-08-05 10:00:00,50.8,49.22,53.97,57.61,2025-08-07 15:54:00,stop,1728,2,-1.0316518987341772,-0.032086811023622014,2.0063291139240538,0.7984063421311596,3,1.0276447726467908,8.158861690942592,0.4640125450360296,0.7984063421311596,30.06115538827628,0.036291898273094716,1.0862735406673598,0.42665098937005363,True,True,0.27538968785874407,True,True,VAL,52w_high,limit,FLEX,XLK,off,75.6,2025-08-04,2,-3.260019999999997
2025-08-05 10:00:00,23.96,23.29,25.31,25.88,2025-08-20 15:54:00,stop,1737,11,-1.0352611940298506,-0.028949290484140303,2.01492537313432,0.8132994595153193,2,1.215930584746087,37.72310900922566,0.34836278955285926,0.8132994595153193,29.597852083898985,0.04470171103094694,1.0852410960424792,-0.41876023229497245,True,True,0.1679053932718375,True,True,POC,LRC_upper,limit,BEN,XLF,off,71.1,2025-08-04,1,-0.6936250000000017
2025-08-07 10:00:00,74.58,72.44,78.86,84.27,2025-08-19 15:54:00,stop,1736,8,-1.0343504672897197,-0.0296796728345401,2.0,0.5831725667810322,3,0.6427237633071604,26.935238788535248,0.32740768028463274,0.5831725667810322,17.16858996584115,0.07379371772524641,1.0805242982922711,0.5207160257050292,True,True,0.12373550213145568,True,True,swing_low,swing_high,limit,MRVL,XLK,off,64.7,2025-08-06,322,-712.7502200000001
2025-08-08 10:00:00,75.23,72.3,81.09,88.5,2025-11-17 15:54:00,trail,1798,70,0.8542971206254066,0.03327250516326528,1.9999999999999951,0.7684097482828203,3,0.9815425092323655,14.840123371033268,0.30603322926855187,0.7684097482828203,19.57689403221729,0.031024376894515864,1.1590890757468044,0.4554044467972035,True,True,0.19185656045576382,True,True,VAL,swing_high,limit,IPGP,XLK,off,77.6,2025-08-07,333,833.5291576230048
2025-08-14 10:00:00,99.86,97.08,111.0,156.66,2025-09-02 15:54:00,stop,1744,12,-1.0354208633093525,-0.02882505507710796,4.007194244604315,0.5328428979893102,2,0.7370600330492909,33.72878544208483,0.33698233176885517,0.5328428979893102,26.909238600979428,0.04955578803684547,1.4911375265692954,-0.5490422802409655,True,True,0.18342677954356823,True,True,POC,swing_high,limit,ILMN,XLV,off,62.9,2025-08-13,1,-2.878470000000001
2025-08-20 10:00:00,54.28,53.15,56.55,58.02,2025-08-20 15:54:00,stop,1737,0,-1.0475353982300883,-0.02180757184966843,2.0088495575221157,0.960383428284978,3,0.8318238630410589,18.934922633776054,0.36685139057730165,0.960383428284978,18.786229285549073,0.05882242023158621,1.4024547889818935,0.5826374971604679,True,True,0.21470205125454633,True,True,POC,LRC_upper,limit,APH,XLK,off,78.7,2025-08-19,430,-508.99745000000115
2025-08-21 10:00:00,1309.38,1290.31,1521.01,1547.58,2025-08-21 15:54:00,stop,1738,0,-1.068161772417409,-0.015556862790022883,11.097535395909704,0.688429051961743,3,0.5989453927449366,73.42019739341636,0.2162210125819903,0.688429051961743,16.691693544803357,0.14837255242690586,1.1492119735928494,0.06166843093878448,True,True,0.05677839159943998,True,True,VAH,52w_high,limit,MTD,XLV,off,75.3,2025-08-20,18,-366.657210000003
2025-08-21 10:00:00,12.71,12.3,13.76,19.1,2025-09-16 15:54:00,stop,1754,17,-1.0305,-0.03324193548387098,2.560975609756094,0.44346216804126337,3,0.929408836562831,57.68085939426187,0.2765102090255067,0.44346216804126337,22.830274624577367,0.09009881066206146,1.39365647987835,0.7308998025130901,True,True,0.04569842981660499,True,True,VAH,LRC_upper,limit,AAL,XLF,off,59.7,2025-08-20,1883,-795.5769150000003
2025-08-22 10:00:00,162.17,156.0,174.82,182.5,2025-09-05 15:54:00,stop,1748,9,-1.0257836304700163,-0.0390274711722266,2.0502431118314477,0.8497383236571524,2,0.8554338451425769,-17.893075610082075,0.6625302575142553,0.8497383236571524,27.851524678942262,0.0929361113230004,1.4917055849374885,-0.5353830983847501,True,True,0.35923850678619007,True,True,swing_low,POC,limit,AMD,XLK,off,69.2,2025-08-21,143,-905.0591549999982
2025-08-26 10:00:00,23.46,22.96,24.46,26.57,2025-08-28 15:54:00,stop,1743,2,-1.04642,-0.022302216538789426,2.0,0.26062462723550023,3,1.1133072983502172,54.113764730534186,0.09265591201781756,0.26062462723550023,21.997179175214935,0.01563463673401247,1.0732473997030265,0.9438517907491456,True,True,-0.002467831860813674,True,True,AVWAP,LRC_upper,limit,PFE,XLV,off,52.1,2025-08-25,1,-0.5232100000000001
2025-09-02 10:00:00,10.14,10.01,10.45,10.8,2025-09-04 15:54:00,stop,1206,2,-1.0774999999999995,-0.013814102564102641,2.3846153846153606,0.6290177285429848,3,0.5491118007779358,62.050979472594406,0.3627078180669788,0.6290177285429848,35.1923946794708,0.1862095308054614,1.7388752292623775,0.8762731246607681,True,True,0.1101980601343957,True,True,swing_low,swing_high,limit,VTRS,XLV,off,65.9,2025-08-29,15,-2.1011250000000117
2025-09-03 10:00:00,23.25,22.99,23.92,24.4,2025-09-04 15:54:00,stop,1747,1,-1.0889230769230762,-0.012177204301075335,2.5769230769230678,0.17850646394769754,3,0.6114463695193153,47.69757614635211,0.07177260029001094,0.17850646394769754,16.704170366463746,0.0024410317010559344,1.2157431998681336,0.8794020453186361,True,True,-0.002863392373459228,True,True,AVWAP,swing_high,limit,PFE,XLV,off,49.0,2025-09-02,4,-1.1324800000000061
2025-09-05 10:00:00,68.83,65.61,75.27,82.69,2025-11-21 15:54:00,tsm_off,454,56,-0.015167701863355278,-0.0007095743135261365,2.0,0.38795815062246675,3,2.0068609576388874,70.0386396384264,0.40071019350222165,0.38795815062246675,41.988283196409114,0.2096585289224838,1.966825142456883,0.9353612356279285,True,True,0.06393118291154298,True,True,VAL,LRC_upper,limit,DAY,XLK,off,57.0,2025-09-04,3,-0.14652000000001192
2025-09-08 10:00:00,485.63,477.8,523.95,623.09,2025-09-08 15:54:00,tsm_off,1749,1,-0.07733971902937495,-0.0012469781520911077,4.8939974457216,0.7810680834217621,3,0.6779867892324852,28.839797740821922,0.3742536550144131,0.7810680834217621,18.838180432349525,0.1610278877670435,1.3154619796753102,0.31416905851987853,True,True,0.12878631793780282,True,True,swing_low,swing_high,limit,TMO,XLV,off,75.7,2025-09-05,45,-27.250650000000203
2025-09-08 10:00:00,302.57,290.66,326.39,372.25,2025-09-09 15:54:00,stop,1750,1,-1.0249047019311504,-0.040343110685130606,2.000000000000005,0.7832332363802277,3,1.562335466126725,57.234828841373854,0.5889368084953763,0.7832332363802277,52.859969835346554,0.18358480712414857,1.6047981522031125,0.9807180995762371,True,True,0.24067364531880853,True,True,POC,LRC_upper,limit,HUM,XLV,off,75.2,2025-09-05,1,-12.206614999999967
2025-09-08 10:00:00,10.03,9.82,10.45,10.98,2025-09-11 15:54:00,stop,1211,3,-1.047261904761905,-0.021926719840478472,2.0000000000000084,0.6660853945709553,3,0.9246392106976906,46.85535340975944,0.38089096215305024,0.6660853945709553,32.80461184619748,0.1677454450613418,1.6791354447822604,0.7565467347424116,True,True,0.1445361814315118,True,True,swing_low,swing_high,limit,VTRS,XLV,off,66.6,2025-09-05,17,-3.7387249999999845
2025-09-09 10:00:00,69.36,68.51,75.19,78.19,2025-10-30 15:54:00,trail,1787,37,5.774294117647101,0.07076340830449832,6.858823529411809,0.3450636443856114,3,0.609097562968562,72.81838596346859,0.24886699608063217,0.3450636443856114,48.72623375244557,0.2055166148968523,1.253221432602345,0.9416739230257325,True,True,0.07821203462004611,True,True,POC,LRC_upper,limit,CVS,XLV,off,55.4,2025-09-05,314,1541.1591000000012
2025-09-10 10:00:00,166.0,155.83,190.0,196.53,2025-11-06 15:54:00,trail,1282,41,1.1325593989552383,0.0693863198034624,2.359882005899708,0.28780578663346423,2,1.3794494485236295,33.216883439183846,0.3050089178235274,0.28780578663346423,23.80482104823444,0.17592984901028944,1.139217396650834,-0.662789258621153,True,True,0.13543543881409947,True,True,AVWAP,swing_high,limit,PLTR,XLK,off,59.5,2025-09-09,2,23.036258174749516
2025-09-12 10:00:00,78.95,78.63,81.06,81.47,2025-09-12 15:54:00,tsm_off,1752,1,-0.4653593750000124,-0.001886193793540309,6.593749999999846,0.09726809895589951,2,0.858252847189121,66.05697936843956,0.0068658805333898535,0.09726809895589951,14.54182152401583,-0.07473860198480604,1.1409221529837685,0.42007089314936974,True,False,-0.10111009583701747,True,True,AVWAP,swing_high,limit,K,XLV,off,45.0,2025-09-11,2,-0.2978300000000148
2025-09-17 10:00:00,332.13,325.24,351.75,369.24,2025-09-17 15:54:00,stop,1756,0,-1.0477046444121918,-0.021734516604943806,2.847605224963722,0.8044219738170669,3,0.7776800042975056,11.42934514348681,0.4226685266189216,0.8044219738170669,44.73666204074394,0.2159563400130314,1.3911853553695908,0.9499100282610854,True,True,0.005189513772993148,True,True,VAL,swing_high,limit,PODD,XLV,off,72.5,2025-09-16,70,-505.30794999999904
2025-09-17 10:00:00,20.8,20.14,22.12,25.37,2025-09-17 15:54:00,stop,1755,0,-1.0310151515151516,-0.03271490384615385,2.0,0.7537890142126701,3,0.8494439789467867,74.91831189260114,0.5780079709851919,0.7537890142126701,36.56307151954953,0.3221409685996933,1.3641408691682813,0.8599293806916475,True,True,0.13570218898819353,True,True,POC,LRC_upper,limit,HP,XLF,off,68.8,2025-09-16,3,-2.0414100000000004
2025-09-18 10:00:00,58.28,56.01,62.83,65.61,2025-09-22 15:54:00,stop,1758,2,-1.0251740088105725,-0.039930422100205955,2.004405286343608,0.739926420494154,3,1.0054746057151238,0.46801211362156114,0.4093798760120495,0.739926420494154,28.66473959565807,0.0030555166483852633,1.21065203615221,0.6538753963874703,True,True,0.14349121818236754,True,True,AVWAP,POC,limit,ALK,XLF,off,71.6,2025-09-17,391,-909.9136950000012
2025-09-23 10:00:00,28.09,27.11,30.06,31.94,2025-09-25 15:54:00,stop,1761,2,-1.0281632653061226,-0.03587041651833395,2.010204081632651,0.8299998488615558,3,1.071761183383918,1.0224945838097073,0.5346515239147369,0.8299998488615558,27.532206126980338,0.0011109134351048211,1.1779980090587063,0.3267009918813943,True,True,0.11954894423250173,True,True,swing_low,swing_high,limit,HOG,XLF,off,79.0,2025-09-22,779,-784.9204000000003
2025-09-26 10:00:00,39.34,38.64,40.75,42.43,2025-10-09 15:54:00,stop,1771,9,-1.0556999999999996,-0.01878469750889687,2.0142857142857014,0.30243104724767966,2,0.6786842990733444,43.83700757497129,0.1735484326187689,0.30243104724767966,22.54634414497319,0.2856347429984071,0.8790922321000005,0.20360097304759023,True,True,0.03287579798830964,True,True,VAL,swing_high,limit,VNO,XLF,off,46.4,2025-09-25,536,-396.0986400000015
2025-10-02 10:00:00,9.735,9.54,10.25,10.99,2025-10-10 15:54:00,stop,1232,6,-1.0494230769230768,-0.02102080123266567,2.64102564102564,0.13731667148761903,2,0.8189248784059594,42.983248129705466,0.15226422372083567,0.13731667148761903,20.517325497986732,-0.21000869583816945,1.4310366127578111,0.11007852431680551,True,True,0.03769302480165959,True,True,AVWAP,swing_high,limit,VTRS,XLV,off,45.6,2025-10-01,2,-0.40927500000000056
2025-10-10 10:00:00,282.83,270.62,310.81,327.6,2025-10-13 15:54:00,stop,1774,1,-1.0226638001638002,-0.04414922391542616,2.291564291564297,0.0016125436573471783,3,1.0452407865508686,65.69787663030267,0.01974663899201967,0.0016125436573471783,28.912186606782072,0.07281675620232844,1.6912618959057604,0.5952334596646565,True,True,0.19342995089178938,True,True,AVWAP,52w_high,limit,HUM,XLV,off,50.0,2025-10-09,73,-911.5309249999985
2025-10-13 10:00:00,223.08,219.54,233.66,237.68,2025-10-28 15:54:00,stop,1785,11,-1.062516949152542,-0.01686081226465851,2.9887005649717295,0.9056004342006923,3,0.7404368053565707,28.342127027088303,0.33379902541478335,0.9056004342006923,41.4095964188657,0.00899862137788402,1.4173863025806164,0.49732700408912356,True,True,0.18216569125855742,True,True,swing_low,LRC_upper,limit,ABBV,XLV,off,80.9,2025-10-10,109,-409.98279000000224
2025-10-13 10:00:00,279.28,276.39,285.65,292.51,2025-10-15 15:54:00,stop,1776,2,-1.0961366782006925,-0.01134286379260952,2.20415224913496,0.6848664708269514,2,0.7393423058445199,45.90272114845834,0.10828693177847833,0.6848664708269514,19.12257167121305,-0.13775040289082222,1.1427897672539638,0.40291045028514566,True,True,-0.01299142463255576,True,True,VAH,swing_high,limit,CB,XLF,off,58.1,2025-10-10,9,-28.510514999999877
2025-10-14 10:00:00,134.26,124.46,153.86,170.08,2025-10-22 15:54:00,stop,1063,6,-1.0132,-0.07395620437956203,2.000000000000003,0.6829719816133811,3,1.3674707920813403,51.08425209718699,0.6074184935270722,0.6829719816133811,35.2127182451337,0.3282763574736559,1.9036270589220399,0.8746570956184061,True,True,0.3235088920964162,True,True,AVWAP,52w_high,limit,HOOD,XLF,off,68.5,2025-10-13,125,-1241.1699999999994
2025-10-16 10:00:00,34.07,33.36,36.69,37.45,2025-10-29 15:54:00,stop,1785,9,-1.0474859154929577,-0.021829028470795448,3.6901408450704145,0.8212428891544814,3,0.7787661964432122,7.012555609664184,0.34007994833480054,0.8212428891544814,25.87418339086041,0.08217329800020647,1.3470251890615677,0.6744066291014944,True,True,0.03782582720007088,True,True,POC,swing_high,limit,SEE,XLF,off,76.3,2025-10-15,164,-121.96926000000013
2025-10-20 10:00:00,778.71,766.31,803.51,820.12,2025-12-03 15:54:00,trail,1810,31,2.8726624116514654,0.04574361945329895,1.9999999999999816,0.8461201083483973,3,0.7019324796908457,65.92974546200087,0.3174023507265462,0.8461201083483973,19.48305645799568,0.26769027070349755,1.6762520825884542,0.8375177112871789,True,True,0.04406282908064729,True,True,VAH,LRC_upper,limit,MCK,XLV,off,69.2,2025-10-17,29,1033.0094032298744
2025-10-23 10:00:00,153.1,149.9,162.73,166.55,2025-10-28 15:54:00,stop,1785,3,-1.0473437500000002,-0.021890920966688366,3.0093750000000092,0.414914549478835,2,1.1015217919994282,23.23556547485551,0.109124231533523,0.414914549478835,23.895174643143353,-0.025258337485048576,1.4924418727461695,0.10840629842070304,True,True,-0.010536778323750218,True,True,VAL,LRC_upper,limit,CINF,XLF,off,51.7,2025-10-21,102,-341.8529999999989
2025-10-29 10:00:00,352.64,337.97,382.0,402.16,2025-10-30 15:54:00,stop,1143,1,-1.0235381731424678,-0.04257969884301259,2.0013633265167075,0.4722399919959241,2,0.7967564207594208,42.59351582996006,0.32982852731539347,0.4722399919959241,15.541353695494463,0.005700029978073494,1.0596411005494641,-0.6563470056165065,True,True,-0.1234390833980401,True,True,POC,swing_high,limit,COIN,XLF,off,46.2,2025-10-28,69,-1036.0560449999973
2025-10-29 10:00:00,255.01,252.4,263.2,269.59,2025-10-29 15:54:00,stop,1786,0,-1.0972049808429125,-0.01122977530292924,3.1379310344827753,0.012909991800634372,3,0.5040150261798683,46.49068633740748,0.011389404303234674,0.012909991800634372,14.732530906840424,0.09107474722354049,1.1456704207953137,0.6739061244623528,True,False,-0.1024979172225674,True,True,VAL,swing_high,limit,CME,XLF,off,40.4,2025-10-28,58,-166.09488999999914
2025-10-30 10:00:00,61.5,59.14,66.58,79.91,2025-11-05 15:54:00,stop,1791,4,-3.1643199152542363,-0.1214275609756097,2.1525423728813555,0.5505773074560647,2,1.12999172415109,43.99922626996394,0.37506826017942657,0.5505773074560647,27.831380953054158,-0.029789669402385734,1.1528304487754484,0.66209475965308,True,True,0.05409993702665283,True,True,AVWAP,swing_high,limit,TECH,XLV,off,56.7,2025-10-29,329,-2456.904554999999
2025-10-31 10:00:00,62.79,58.45,80.39,84.74,2025-11-03 15:54:00,stop,1788,1,-1.013967741935484,-0.07008472686733551,4.055299539170511,0.7397993814633822,2,1.0519151300370777,27.477633937444757,1.0381116982495526,0.7397993814633822,35.799725729434876,-0.00477256476225293,1.7447524409042496,0.1298567241709121,True,True,1.5188591813167203,True,True,POC,LRC_upper,limit,NKTR,XLV,off,75.5,2025-10-30,274,-1205.769879999999
2025-10-31 10:00:00,253.09,248.87,263.2,269.59,2026-03-25 15:54:00,trail,1886,98,9.71334336722677,0.16195941763679703,2.395734597156395,0.024183077842839327,3,0.7893025571999089,24.056318107729606,0.015130795180348225,0.024183077842839327,17.95543937608137,0.0689552086994551,1.0305039065094617,0.6155815297619419,True,False,-0.13359152870626212,True,True,swing_low,swing_high,limit,CME,XLF,off,42.2,2025-10-30,94,3853.089046911514
2025-10-31 10:00:00,18.5,18.08,19.47,20.43,2025-10-31 15:54:00,stop,1787,0,-1.043547619047619,-0.023691351351351444,2.3095238095237973,0.024285968435017954,2,0.6233792525201584,66.7879681494664,0.039999660185483614,0.024285968435017954,20.35040859626887,-0.03640556628010243,1.0329157612708593,0.7391801459696712,True,True,0.015401844780510876,True,True,swing_low,LRC_upper,limit,MAT,XLF,off,38.6,2025-10-30,305,-133.67845000000054
2025-11-03 10:00:00,22.55,21.94,23.79,24.82,2025-11-07 15:54:00,stop,1793,4,-1.036467213114754,-0.02803747228381372,2.032786885245901,0.6213270441046275,2,0.7905943650758757,47.00208873794901,0.17119290587274208,0.6213270441046275,24.839533933787937,-0.01500754041609897,2.063413320110773,0.8192048734703132,True,True,0.059203962406235044,True,True,VAL,swing_high,limit,IVZ,XLF,off,54.7,2025-10-31,244,-154.26777999999987
2025-11-04 10:00:00,60.82,59.77,64.51,68.36,2025-11-10 15:54:00,stop,1793,4,-1.0574238095238098,-0.018255425846760886,3.5142857142857284,0.6589952111010976,3,0.6766914333628147,23.883824853458165,0.35393373135356415,0.6589952111010976,30.266792721047807,0.18953878621029127,1.5124913445761354,0.7436568854388393,True,True,0.09992513943619374,True,True,AVWAP,swing_high,limit,LW,XLF,off,69.4,2025-11-03,263,-292.00758499999927
2025-11-07 10:00:00,301.83,295.34,317.55,326.71,2025-11-07 15:54:00,stop,1793,0,-1.046006933744222,-0.02249141901070142,2.422187981510016,0.8630635113663093,3,0.6999134577024885,55.96965391919154,0.42586072744216547,0.8630635113663093,25.29441708741624,0.2723106015308828,1.8271491641211433,0.4035740610539302,True,True,0.20551310808367496,True,True,VAH,LRC_upper,limit,IBM,XLK,off,76.2,2025-11-06,60,-407.31510000000054
2025-11-10 10:00:00,44.71,41.27,51.6,57.5,2025-11-13 15:54:00,tsm_off,1796,4,-0.49821947674418693,-0.03833314694699176,2.0029069767441876,0.6883815219611487,2,1.5353743259330108,3.184383304763734,0.3528739863751638,0.6883815219611487,19.907809014105194,-0.040856233692206013,1.2709440314826812,0.01711427013679089,True,True,0.012789944751299576,True,True,swing_low,swing_high,limit,FLR,XLF,off,56.9,2025-11-07,343,-587.8591250000006
2025-11-11 10:00:00,241.655,232.78,267.08,298.14,2025-11-18 15:54:00,stop,1800,5,-1.0267287323943661,-0.03770754795059072,2.864788732394364,0.8386788270204096,3,0.719563041716389,18.187797129680792,0.9866561136287412,0.8386788270204096,33.11651412087573,0.1461433599838576,1.374151225775448,0.4882944255118136,True,True,0.30235113867022045,True,True,POC,52w_high,limit,AMD,XLK,off,77.9,2025-11-10,97,-883.8850975
2025-11-11 10:00:00,13.19,12.81,13.95,19.1,2025-11-14 15:54:00,stop,1797,3,-1.113118421052635,-0.0320686125852919,2.000000000000005,0.02378189600470741,2,0.6171508100895378,74.82663206985276,0.059295622631100046,0.02378189600470741,25.316069497483962,0.10721521591031644,0.9996332312026251,0.7041884750143821,True,True,-0.04238447799441181,True,True,POC,swing_high,limit,AAL,XLF,off,34.7,2025-11-10,1,-0.42298500000000017
2025-11-14 10:00:00,559.5,538.91,611.55,638.15,2025-11-18 15:54:00,stop,1800,2,-1.0266733851384167,-0.03778231456657736,2.527926177756186,0.6336995643687541,3,1.427773242219904,62.72180371333571,0.5118224617684979,0.6336995643687541,47.175003524249966,0.15884128223138405,1.4520205342831767,0.7484981210837507,True,True,0.11857562859591031,True,True,swing_low,LRC_upper,limit,ISRG,XLV,off,67.4,2025-11-13,26,-549.6193300000008
2025-11-14 10:00:00,23.02,22.54,23.99,24.69,2025-11-17 15:54:00,stop,1799,1,-1.0474583333333334,-0.021841007819287595,2.020833333333329,0.509822490702666,3,0.68206369369522,53.25268987577947,0.14065208948702382,0.509822490702666,20.87138951877541,0.05545543130873075,1.8362501260097628,0.8895308600093605,True,True,0.07849903611190379,True,True,AVWAP,52w_high,limit,IVZ,XLF,off,59.8,2025-11-13,8,-4.022240000000004
2025-11-17 10:00:00,23.88,23.35,25.22,25.88,2025-11-20 15:54:00,stop,1802,3,-1.0445566037735852,-0.02318320770519253,2.5283018867924643,0.06560598191274321,3,0.9119078357993833,57.48449232263805,0.06348647146505161,0.06560598191274321,20.479910068975265,0.0547799788090034,1.0473626212559422,0.8067524305315624,True,True,-0.02709355775162614,True,True,AVWAP,LRC_upper,limit,PFE,XLV,off,49.4,2025-11-14,1,-0.5536149999999975
2025-11-18 10:00:00,158.06,151.84,178.12,188.43,2025-11-18 15:54:00,stop,1800,0,-1.024911575562701,-0.040332468682778684,3.225080385852091,0.8400474381165404,3,0.6341222892046926,52.74809310733887,0.8623194011006804,0.8400474381165404,44.09904921413195,0.06533299279663594,1.672220658071366,0.729939694065169,True,True,1.0931129931134245,True,True,POC,52w_high,limit,WDC,XLK,off,76.0,2025-11-17,144,-917.9927999999999
2025-11-18 10:00:00,14.55,14.2,15.28,15.83,2025-11-20 15:54:00,stop,1801,2,-1.0410714285714284,-0.02504295532646058,2.0857142857142734,0.6346884902280356,3,0.7098264900025137,44.428028653984796,0.37541029073152377,0.6346884902280356,35.27547652731115,0.03322544370403992,1.379502244808002,0.8983375874010525,True,True,0.19015786211992203,True,True,VAL,swing_high,limit,NOV,XLF,off,68.2,2025-11-17,227,-82.71312500000033
2025-11-19 10:00:00,18.69,18.26,19.55,20.16,2026-02-11 15:54:00,trail,1856,56,-8.446238372093033,-0.19432223113964694,2.0,0.6712401027800862,3,0.770803821564472,22.39427826602611,0.2385623636310103,0.6712401027800862,17.387374988925902,0.02988840034315665,1.029202907083053,0.0706601874089809,True,True,0.032233515068728735,True,True,AVWAP,swing_high,limit,MAT,XLF,off,65.6,2025-11-18,1200,-4358.259000000003
2025-11-19 10:00:00,222.36,216.71,233.66,255.52,2026-01-30 15:54:00,trail,1849,48,-0.901929889923642,-0.022917358688921488,1.999999999999995,0.6998780039433351,2,0.9602318749983506,56.24057449282597,0.3146658173057608,0.6998780039433351,25.366723206680856,0.09352670647491415,0.9988665827742611,0.07948750832122907,True,True,0.04296608173700811,True,True,POC,swing_high,limit,DHR,XLV,off,58.1,2025-11-18,100,-509.59038780685825
2025-11-19 10:00:00,1722.46,1674.59,1837.81,1905.33,2025-11-20 15:54:00,tsm_off,1802,2,-0.07586181324420457,-0.0021083247216191273,2.4096511385000965,0.29857230078653607,2,0.7300276759023697,47.90869422230967,0.21872320235547826,0.29857230078653607,15.470984748114564,-0.027079074541533032,1.0695059838545533,0.8950278226827036,True,True,0.25254146513208675,True,True,AVWAP,swing_high,limit,FICO,XLK,off,55.7,2025-11-18,7,-25.420535000000573
2025-11-21 10:00:00,218.15,211.89,230.67,240.88,2026-02-04 15:54:00,trail,1852,49,13.06420855984957,0.3748885885155102,1.999999999999991,0.6840492386559486,3,0.626957931260316,-4.062712583453577,0.4231812936064718,0.6840492386559486,21.5633373492031,0.0019949948160451728,1.7359870875568997,0.08604020788202345,True,True,0.3752637558821408,True,True,AVWAP,POC,limit,AMAT,XLK,off,71.1,2025-11-20,77,6297.209810018709
2025-11-21 10:00:00,43.14,42.38,44.92,46.32,2026-03-09 15:54:00,trail,1873,71,24.99830567514946,0.4403966692886773,2.3421052631579022,0.37575630729651893,2,0.5881645052092654,63.03979682645265,0.2502254800222917,0.37575630729651893,48.19716650212015,-0.021875458879408144,1.0647573977177174,0.8906372210373076,True,True,0.22089691856586424,True,True,POC,52w_high,limit,FTI,XLF,off,55.2,2025-11-20,3,56.996136939340616
2025-11-24 10:00:00,76.24,74.16,80.4,82.69,2025-12-03 15:54:00,stop,1810,6,-1.0361538461538462,-0.02826862539349421,2.0000000000000067,0.3388895973826892,2,1.1114240771007355,22.992690465327374,0.13214833039659674,0.3388895973826892,17.042937510644904,-0.16780228495077365,1.3823288078522733,0.11459844888289171,True,True,0.08530127081556316,True,True,VAL,swing_high,limit,CVS,XLV,off,51.7,2025-11-21,3,-6.465599999999994
2025-12-04 10:00:00,230.05,218.15,258.57,274.95,2026-02-04 15:54:00,trail,1852,41,12.76398039916086,0.6602537133232528,2.396638655462182,0.7378547653053319,2,0.8607208236130192,22.320715097506042,0.6175137321916048,0.7378547653053319,18.45045496432284,0.012739884900559833,1.314930792169738,-0.3391420535144499,True,True,0.7985613220871188,True,True,VAL,swing_high,limit,MU,XLK,off,66.3,2025-12-03,98,14885.3539415014
2025-12-04 10:00:00,101.86,99.64,106.31,127.74,2025-12-04 15:54:00,stop,1811,0,-1.045382882882883,-0.022783722756724908,2.004504504504507,0.5180420525797634,3,0.7613199923270959,71.97454557364563,0.25602793093489246,0.5180420525797634,22.085856700416905,0.2408219908386076,1.4809598356134048,0.7926799529634992,True,True,0.14969103279349016,True,True,VAH,swing_high,limit,RVTY,XLV,off,62.3,2025-12-03,12,-27.84899999999999
2025-12-05 10:00:00,1015.92,970.56,1106.64,1162.25,2026-03-05 15:54:00,trail,1872,60,-0.6622883597883588,-0.02957063548310887,2.0000000000000027,0.8449018552671205,3,1.5910277488722557,13.115100459484704,0.6611630633692357,0.8449018552671205,44.82493338470282,0.2011253149645934,2.005876810288787,0.7025398877139263,True,True,0.3337599239767248,True,True,VAL,52w_high,limit,LLY,XLV,off,79.6,2025-12-04,1,-30.041399999999964
2025-12-05 10:00:00,231.67,226.87,247.47,252.13,2025-12-16 15:54:00,stop,1819,7,-1.0477645833333333,-0.02170876678033402,3.2916666666666807,0.17025351628091254,3,0.7975027870858474,41.85494351530857,0.12195350374387172,0.17025351628091254,22.363197419789735,0.0170769211765687,1.577638321216513,0.3171048767312887,True,True,0.07017580105286947,True,True,POC,swing_high,limit,TEL,XLK,off,58.1,2025-12-04,1,-5.029269999999983
2025-12-17 10:00:00,41.29,41.15,41.85,345.5,2026-01-20 15:54:00,trail,1077,21,2.042480263819748,0.006925338748722837,4.0,0.6608703896383831,2,1.0924717598260096,23.382471159352587,0.046999082257503426,0.6608703896383831,22.588541131945068,-0.07556533836830884,1.0374527215918434,0.8427635071834668,True,False,-0.024421974668932367,True,True,VAL,swing_high,limit,FB,XLK,off,59.0,2025-12-16,6,1.7156834216085957
2026-01-21 10:00:00,189.04,184.37,198.38,206.89,2026-01-21 15:54:00,stop,1841,0,-1.0399796573875804,-0.0256914145154464,2.000000000000006,0.8981495131398591,3,0.7175699613167748,66.84924960714646,0.5882294447426858,0.8981495131398591,35.236902766021664,0.14907331773594418,2.0858880561621533,0.9346554557720489,True,True,-0.052356978106717356,True,True,swing_low,LRC_upper,limit,MOH,XLV,off,66.3,2026-01-20,1,-4.856704999999987
2026-01-23 10:00:00,41.84,41.62,42.37,332.23,2026-02-05 15:54:00,stop,1089,9,-1.3259772727272368,-0.0069721558317399615,2.409090909090817,0.7436260711859874,3,1.5983295860247124,17.153447441504547,0.04769796159185256,0.7436260711859874,31.248750761188205,0.2556994821644089,2.121354735692075,0.45470592613239424,True,False,-0.027243249341280307,True,True,AVWAP,LRC_upper,limit,FB,XLK,off,69.6,2026-01-22,6,-1.7502900000000001
2026-02-02 10:00:00,104.35,102.48,118.13,127.74,2026-02-02 15:54:00,stop,1850,0,-1.0553021390374335,-0.018911499760421568,7.36898395721929,0.4716043766587437,3,0.5148754699283633,38.243647753591375,0.28930927459404215,0.4716043766587437,32.36974668008584,0.19452051780703242,1.3322799584341776,0.5458602901977748,True,True,0.09481721133836118,True,True,AVWAP,swing_high,limit,RVTY,XLV,off,61.0,2026-01-30,208,-410.47031999999797
2026-02-03 10:00:00,102.37,99.31,108.49,112.29,2026-02-10 15:54:00,stop,1856,5,-1.032954248366013,-0.030876624010940726,1.9999999999999953,0.06878006160212527,2,0.914167999964216,44.76007888969329,0.06040304975779426,0.06878006160212527,16.504699757727295,0.11491434625876101,1.0585469806785788,-0.16810240542859067,True,True,0.04656683878322543,True,True,swing_low,swing_high,limit,INCY,XLV,off,41.1,2026-02-02,208,-657.4547200000005
2026-02-05 10:00:00,42.03,38.68,52.71,56.8,2026-02-11 15:54:00,stop,1803,4,-1.3327813432835827,-0.1062293004996432,3.188059701492536,0.8461117602378351,3,1.084409898676755,18.79069670373605,1.0674339034653397,0.8461117602378351,42.531246676197775,0.036900020617158316,1.956488351511367,0.49976593661753915,True,True,0.6321102867122899,True,True,VAL,LRC_upper,limit,MRNA,XLV,off,79.5,2026-02-04,405,-1808.2510875000016
2026-02-05 10:00:00,624.22,613.59,646.64,662.78,2026-03-19 15:54:00,trail,1882,29,0.09943632246163774,0.0016933262435795211,2.1091251175917187,0.8203475740716895,3,0.6782804826744926,70.58492608430254,0.46751068209075874,0.8203475740716895,43.32151964088019,0.16786055676807685,1.4538211697361774,0.6795859277510627,True,True,0.15488940124223194,True,True,POC,52w_high,limit,TDY,XLK,off,71.9,2026-02-04,43,45.451348633989966
2026-02-06 10:00:00,377.75,358.99,455.24,478.92,2026-03-09 15:54:00,stop,1874,20,-1.0196359275053304,-0.05063764394440765,4.1305970149253755,0.9122717577708317,3,0.729366613111589,3.056822559902048,1.0714760930099605,0.9122717577708317,42.58695042792151,0.0808468531460134,1.6319070872186703,0.9047450022491244,True,True,0.6777174664615455,True,True,POC,52w_high,limit,MU,XLK,off,83.8,2026-02-05,44,-841.6482799999997
2026-02-11 10:00:00,258.41,253.34,269.87,280.13,2026-02-11 15:54:00,stop,1857,0,-1.0504684418145953,-0.020610173754885726,2.260355029585785,0.37782450389169375,3,0.7083284239460971,63.12717262974337,0.12004696973319684,0.37782450389169375,21.892756153418944,0.1514088171441692,1.4656199481323768,0.7242682272787376,True,True,-0.011208127948196145,True,True,POC,LRC_upper,limit,RMD,XLV,off,52.4,2026-02-10,81,-431.39587500000175
2026-02-12 10:00:00,9.55,9.16,10.39,12.03,2026-02-17 15:54:00,stop,1859,2,-1.0239871794871795,-0.04181727748691105,2.15384615384615,0.6870896838890301,3,0.9341903160684825,17.27693473387364,0.28823917796680115,0.6870896838890301,43.1149640051801,0.22293327674897154,1.0126818650351688,0.2516767732212063,True,True,0.1920241492411634,True,True,AVWAP,LRC_upper,limit,GT,XLF,off,75.9,2026-02-11,2701,-1078.6578550000015
2026-02-12 10:00:00,219.49,205.67,247.15,265.17,2026-02-17 15:54:00,stop,1860,2,-1.0153820549927641,-0.06393266208027709,2.001447178002891,0.6760144440580254,2,0.7192299416271846,59.85401163154723,0.4634465402580591,0.6760144440580254,21.257268135622915,-0.016277037694239917,1.401509805666222,0.021358876200696982,True,True,0.27880636749004184,True,True,POC,52w_high,limit,COHR,XLK,off,63.5,2026-02-11,93,-1305.029940000002
2026-02-12 10:00:00,99.55,97.69,103.28,105.18,2026-02-13 15:54:00,stop,1859,1,-1.053021505376344,-0.01967473631341034,2.005376344086024,0.11923926314730149,2,0.8882546993982292,53.98590422211477,0.05155815146944415,0.11923926314730149,15.201801987635076,0.03107770156523602,0.7992040879780458,0.6048632962761082,True,True,0.04549904015734141,True,True,swing_low,LRC_upper,limit,MDT,XLV,off,43.4,2026-02-11,76,-148.85511999999997
2026-02-17 10:00:00,357.66,348.85,375.3,385.75,2026-03-11 15:54:00,stop,1876,16,-1.0400970488081727,-0.02562001621651849,2.002270147559589,0.5416338902343235,2,0.7717268828203656,63.58141226457483,0.12695385731623265,0.5416338902343235,15.686025575259567,-0.03269312816806252,1.4618959415538435,0.8560847101032528,True,True,-0.029816915774622532,True,True,POC,52w_high,limit,COR,XLV,off,51.7,2026-02-13,20,-183.26510000000005
2026-02-18 10:00:00,21.15,20.4,22.67,23.33,2026-02-23 15:54:00,stop,1864,3,-1.0277,-0.03644326241134752,2.026666666666671,0.7026267748878475,3,1.406855009397858,7.989863165889452,0.219930836117842,0.7026267748878475,23.379479922892894,0.10648890465253687,1.5088105414540811,0.5488695305421216,True,True,0.19340384523495624,True,True,AVWAP,swing_high,limit,KEY,XLF,off,74.9,2026-02-17,1187,-914.9099249999999
2026-02-18 10:00:00,17.93,17.23,19.33,25.58,2026-02-19 15:54:00,tsm_off,1861,2,0.10289285714285704,0.00401701059676519,2.0,0.5035332811981714,3,1.1532455896342382,50.57824034528034,0.2878334728150657,0.5035332811981714,37.83651437198786,0.23783204579948627,1.1069727611324933,0.705616360214206,True,True,0.0600359397856014,True,True,AVWAP,swing_high,limit,CAG,XLV,off,59.1,2026-02-17,1059,76.27447499999985
2026-02-20 10:00:00,254.17,246.2,270.58,281.89,2026-02-24 15:54:00,tsm_off,1865,3,-0.5335219573400252,-0.01672962977534721,2.058971141781681,0.38376930033129625,3,1.0170595679486762,43.45084002983902,0.12303750327980709,0.38376930033129625,17.93036906583832,0.18179490060102854,1.419187215844229,0.7712133497658038,True,True,0.002343520398584431,True,True,swing_low,LRC_upper,limit,RMD,XLV,off,53.5,2026-02-18,75,-318.91275
2026-02-24 10:00:00,7.53,7.22,8.15,8.55,2026-02-27 15:54:00,stop,1867,3,-1.0237903225806453,-0.04214807436918998,1.9999999999999971,0.9303680362368881,3,0.7407167387730885,43.61782723439473,0.9581991128968755,0.9303680362368881,52.21679189804281,0.10651960108143323,2.0673321342944972,0.9204991360925873,True,True,0.705142420033102,True,True,VAH,52w_high,limit,UAA,XLF,off,77.8,2026-02-23,3215,-1020.3606250000015
2026-02-25 10:00:00,281.05,275.23,292.69,302.48,2026-03-05 15:54:00,stop,1872,6,-1.047790378006873,-0.02169770503469131,2.0,0.7410122678053891,3,0.789079387574043,67.01073030703685,0.242458955195142,0.7410122678053891,25.0572342474113,0.33316556112511114,1.660998208823167,0.8497122184838707,True,True,0.01613880689558811,True,True,POC,LRC_upper,limit,LH,XLV,off,63.3,2026-02-24,66,-402.47723999999954
2026-03-02 10:00:00,71.42,68.87,76.52,80.53,2026-03-03 15:54:00,stop,1869,1,-1.027507843137255,-0.03668643237188459,2.0,0.8247664396766463,3,1.0284321212783556,5.477739580768923,0.4682482483866288,0.8247664396766463,33.970865149456706,0.07674921693026805,1.6597728414437647,0.7578655624085384,True,True,0.21384005453851418,True,True,AVWAP,swing_high,limit,EMN,XLF,off,73.2,2026-02-27,327,-856.7874149999992
2026-03-04 10:00:00,7.09,6.78,7.94,8.58,2026-03-05 15:54:00,stop,1871,1,-1.1190967741935494,-0.04893088857545837,2.741935483870973,0.9127452112273212,3,0.800015229788344,-6.4132565039742655,0.8942524764868811,0.9127452112273212,46.462609150235565,0.17708953318728538,1.9522437762269138,0.8349581812079824,True,True,0.5174471324743359,True,True,VAL,swing_high,limit,UAA,XLF,off,78.3,2026-03-02,3177,-1102.1648399999997
2026-03-06 10:00:00,610.445,557.65,783.8,876.97,2026-03-06 15:54:00,stop,1873,0,-1.01106255327209,-0.08744284497374877,3.2835495785585693,0.7643904677460978,3,0.9128326529763888,38.5306660682317,1.21874155693435,0.7643904677460978,41.323413206462895,0.20970875206570555,1.6180520857616516,0.8785345925691974,True,True,1.1111274267840403,True,True,VAL,swing_high,limit,LITE,XLK,off,73.3,2026-03-05,23,-1227.7180925000016
2026-03-06 10:00:00,13.03,12.55,14.18,16.63,2026-03-06 15:54:00,stop,1872,0,-1.0266458333333335,-0.03781964696853405,2.395833333333341,0.5829082342611966,3,0.6876433955541748,37.819734286184364,0.3151991378455063,0.5829082342611966,23.571196379137614,0.04939586684065359,1.118371175462499,0.6353394701266102,True,True,0.1957483791185879,True,True,AVWAP,swing_high,limit,XRAY,XLV,off,66.4,2026-03-05,1877,-924.9668299999975
2026-03-06 10:00:00,25.03,24.94,25.22,25.34,2026-03-11 15:54:00,stop,1875,3,-1.2776111111111117,-0.004593887335197757,2.1111111111110894,0.8612465250291728,2,1.3171050132684394,22.766132820100538,0.03825382490949857,0.8612465250291728,35.90590456407999,-0.1219302035183916,3.714572213137515,0.3996824667451639,True,True,-0.0005975139680344244,True,True,VAL,52w_high,limit,CA,XLV,off,61.8,2026-03-05,82,-9.428769999999988
2026-03-09 10:00:00,289.49,273.96,365.9,386.11,2026-06-04 15:54:00,trail,1935,61,15.441223312340217,0.8283609037985561,4.9201545396007615,0.7491072273053169,3,0.6384495923816836,1.5217105053942483,0.7363952081393182,0.7491072273053169,23.389254173580692,0.4424688770663608,1.37142040512831,0.5734811967731535,True,True,0.5398203674568851,True,True,AVWAP,52w_high,limit,CIEN,XLK,off,80.8,2026-03-06,76,18224.967051088945
2026-03-09 10:00:00,6.26,5.95,6.97,7.7,2026-03-09 15:54:00,stop,1873,0,-1.0196935483870968,-0.050496006389776305,2.290322580645164,0.7944945585807266,3,0.8667325141735609,-21.888716674219893,0.7696825271337928,0.7944945585807266,34.49591202780969,0.18210436655309334,1.8557446102079758,0.04965540847518477,True,True,0.46443519911999864,True,True,AVWAP,POC,limit,UA,XLF,off,73.4,2026-03-06,2292,-724.5126599999991
2026-03-10 10:00:00,131.57,119.44,161.25,170.42,2026-05-19 15:54:00,trail,1924,49,3.3016230845711303,0.3043907274899126,2.4468260511129447,0.8430831457173116,3,1.3553208231583254,-5.648413764308119,0.9948057436691702,0.8430831457173116,39.00181346381182,0.005363766534864647,1.3571748027691046,0.5653049469398578,True,True,0.5259349379103595,True,True,VAL,52w_high,limit,GLW,XLK,off,83.6,2026-03-09,99,3964.820113568932
2026-03-10 10:00:00,239.73,235.4,249.04,258.62,2026-03-17 15:54:00,stop,1880,5,-1.054864896073903,-0.019052955408167458,2.150115473441117,0.9186114452461607,3,0.9984700028857109,-5.831876948221337,0.4095048505032701,0.9186114452461607,32.15771953886353,0.2242119460105307,1.3626270229255604,0.2735893172787993,True,True,0.21474666346665683,True,True,swing_low,52w_high,limit,JNJ,XLV,off,79.9,2026-03-09,69,-315.16198499999894
2026-03-10 10:00:00,6.45,5.83,7.72,8.15,2026-03-20 15:54:00,stop,1882,8,-1.0099032258064518,-0.09707596899224809,2.0483870967741926,0.7249308081638257,2,1.6470092100290397,-16.22255733982387,0.7003101439798525,0.7249308081638257,34.8468116074903,0.11925312765510643,1.5936252361760441,-0.4191610388643957,True,True,0.44263680586949294,True,True,swing_low,POC,limit,UAA,XLF,off,67.2,2026-03-09,4,-2.5045600000000006
2026-03-12 10:00:00,280.91,272.94,296.86,309.3,2026-03-27 15:54:00,stop,1888,11,-1.0347459222082809,-0.029357890427539165,2.001254705144283,0.8194912532797849,3,1.014708800737539,-4.534012085906855,0.31766917527611516,0.8194912532797849,26.001967784574745,0.07354280021230807,1.406304753788922,0.5299779441255108,True,True,0.14459311617935877,True,True,AVWAP,POC,limit,CBOE,XLF,off,73.0,2026-03-11,32,-263.9016000000008
2026-03-17 10:00:00,24.88,24.78,25.22,25.31,2026-03-19 15:54:00,stop,1881,2,-1.2483000000000053,-0.005017282958199271,3.400000000000071,0.43195308086751255,3,1.1250603707413975,0.8641180669748387,0.023072478838673926,0.43195308086751255,33.8567199280951,0.2375552210228124,1.5103206622990464,0.17394408677031586,True,True,0.06798659315240663,True,True,VAL,52w_high,limit,CA,XLV,off,67.3,2026-03-16,1,-0.12482999999999786
2026-03-18 10:00:00,149.63,145.29,158.31,182.42,2026-04-02 15:54:00,stop,1892,11,-1.0339769585253455,-0.02999037626144492,2.0,0.7741330534959042,2,0.823743317714341,16.1604136810621,0.7610761971240165,0.7741330534959042,36.64708371048569,0.09711308549414698,1.326172206069405,-0.1579661676717235,True,True,0.281441024355243,True,True,swing_low,swing_high,limit,DVA,XLV,off,68.2,2026-03-17,108,-484.64568000000037
2026-03-20 10:00:00,263.86,246.1,299.38,328.85,2026-03-20 15:54:00,stop,1883,0,-1.014356981981982,-0.06827476692185257,1.999999999999997,0.7677111574198168,3,0.8338706895058228,57.63353464522607,0.6524446429062383,0.7677111574198168,13.59944317583343,0.06437179927568482,1.3329846643730692,0.11213565852076379,True,True,0.6310799927341035,True,True,POC,LRC_upper,limit,COHR,XLK,off,71.1,2026-03-19,70,-1261.0486000000014
2026-03-20 10:00:00,234.32,231.89,241.14,249.04,2026-03-23 15:54:00,stop,1884,1,-1.0959279835390945,-0.011365248378286135,2.806584362139907,0.7427869415935215,2,0.5832016170064613,-3.8462791053488377,0.3060678677617451,0.7427869415935215,22.309777082660528,0.08817007033511443,1.2659780902476014,-0.013880756890471819,True,True,0.1834419793798845,True,True,swing_low,POC,limit,JNJ,XLV,off,67.1,2026-03-19,36,-95.87178000000024
2026-03-23 10:00:00,292.71,288.57,301.0,307.77,2026-03-25 15:54:00,stop,1886,2,-1.0702028985507248,-0.015136619862662657,2.0024154589372096,0.7441914873465335,3,0.6792561412721138,-5.86162635093107,0.2421133198890215,0.7441914873465335,17.53920293772899,0.06601308079149859,1.7041176920609746,0.792354476120193,True,True,0.06676186983521015,True,True,swing_low,swing_high,limit,TRV,XLF,off,66.3,2026-03-19,59,-261.4077599999992
2026-03-26 10:00:00,744.85,695.39,910.43,992.21,2026-03-26 15:54:00,stop,1887,0,-1.0145596441568945,-0.06736943008659467,3.347755762232103,0.8256517020951836,2,0.7273553244418907,45.27162699780489,1.1639225055100761,0.8256517020951836,25.221310098662947,-0.08871013506513181,1.8887012904193183,0.5165640777469597,True,True,1.0787129910690538,True,True,POC,LRC_upper,limit,LITE,XLK,off,69.2,2026-03-25,25,-1254.503000000001
2026-03-26 10:00:00,236.85,233.92,242.72,249.04,2026-04-07 15:54:00,stop,1894,7,-1.0803361774744025,-0.013364513405108748,2.003412969283273,0.5532255080038756,2,0.6905364358884651,19.95329803551005,0.2106265469070492,0.5532255080038756,21.295437162669675,0.05655375098468543,1.1596827257855116,-0.6656951052112409,True,True,0.21326750326788768,True,True,VAL,swing_high,limit,JNJ,XLV,off,60.7,2026-03-25,106,-335.5308100000007
2026-03-26 10:00:00,117.41,115.6,122.61,126.46,2026-04-07 15:54:00,stop,1894,7,-1.064367403314917,-0.016408355336002066,2.872928176795578,0.28589617716764304,2,0.672172918173034,47.32175143642322,0.15199326069749416,0.28589617716764304,16.47973690433182,0.10960201519407048,1.250113674266148,-0.9268566190822923,True,True,0.19751542842553427,True,True,VAH,52w_high,limit,MRK,XLV,off,54.9,2026-03-25,79,-152.1938950000002
2026-04-02 10:00:00,708.585,632.52,924.92,1057.05,2026-06-26 15:54:00,trail,1950,58,0.8714595415898077,0.09354921432295174,2.8440807204364655,0.7366147380223762,2,1.0965299144000418,40.37916932160173,0.9851612173763646,0.7366147380223762,19.976077127528722,-0.13941071197204483,1.8305236688099198,0.7379229999097049,True,True,1.1389830130365493,True,True,VAL,LRC_upper,limit,LITE,XLK,off,65.0,2026-04-01,16,1060.6011204964602
2026-04-02 10:00:00,18.82,18.38,20.29,21.02,2026-08-06 15:54:00,trail,1977,86,10.99095749096062,0.25696181169089727,3.3409090909090784,0.03946742649905221,2,0.66850757725444,56.89378977609212,0.0509947115797715,0.03946742649905221,24.733394304388764,-0.17075627743759925,1.5554643010963536,0.8166365330874448,True,True,0.0932343470796897,True,True,POC,LRC_upper,limit,MAC,XLF,off,41.6,2026-04-01,785,3796.2767173778097
2026-04-07 10:00:00,198.68,193.34,211.56,216.98,2026-04-08 15:54:00,stop,1895,1,-1.0367059925093633,-0.027863952083752787,2.411985018726589,0.11460568758559586,2,1.257186717324956,39.81143524660819,0.09685893621997495,0.11460568758559586,11.356273951154693,-0.050829687589612337,1.2667898277253182,0.4593317537907356,True,True,0.1902022833018786,True,True,POC,swing_high,limit,DGX,XLV,off,51.9,2026-04-06,78,-431.80878000000024
2026-04-08 10:00:00,208.02,205.21,213.64,216.99,2026-05-27 15:54:00,tsm_off,1929,35,-0.4759626334519654,-0.006429453898663704,1.9999999999999898,0.19595646538652356,2,0.642931188264529,55.35704422037975,0.07126638676141822,0.19595646538652356,11.441424968902915,-0.18149448024029582,1.5211131583651927,0.29149347372406004,True,True,0.07640462436449003,True,True,VAH,52w_high,limit,ALL,XLF,off,45.3,2026-04-07,121,-161.83205500000287
2026-04-10 10:00:00,119.44,113.46,131.4,138.03,2026-06-05 15:54:00,trail,1935,39,-0.935906326652605,-0.04685800262376576,2.0,0.0708871874221955,3,0.8591947898971403,68.15041120218683,0.08831760191888229,0.0708871874221955,17.33240396008692,0.08362111873210985,1.4791353953049267,0.904233737870396,True,True,0.10353284223678516,True,True,AVWAP,swing_high,limit,SATS,XLF,off,49.9,2026-04-09,200,-1119.3439666765164
2026-05-06 10:00:00,56.4,54.47,60.26,65.77,2026-05-06 15:54:00,stop,1915,0,-1.0287227979274611,-0.035202748226950346,2.0,0.01011085611554971,2,0.7600308498308491,62.925908385758646,0.035788937217644964,0.01011085611554971,21.256097725238714,0.09722044896567121,1.269247320158062,-0.22158033481924172,True,False,-0.15640666922387336,True,True,POC,swing_high,limit,TECH,XLV,off,32.1,2026-05-05,1,-1.9854349999999996
2026-05-15 10:00:00,13.35,13.06,16.14,16.42,2026-09-17 15:54:00,open_at_end,1328,86,1.1257931034482787,0.02445543071161048,9.620689655172445,0.800479629217868,2,0.7854957805204477,48.10324560393396,1.3940542961650126,0.800479629217868,61.41293426854781,-0.24229197445202333,3.2341175431099387,0.8458857823835151,True,True,0.8051966670111639,True,True,VAL,LRC_upper,limit,OGN,XLV,off,77.3,2026-05-14,6,1.9588799999999993
2026-05-20 10:00:00,303.67,291.67,330.73,339.83,2026-06-01 15:54:00,stop,1932,7,-1.0248058333333334,-0.04049682220831824,2.2550000000000003,0.8955057598495266,3,1.205140409947166,46.326287927749455,0.9349487512467574,0.8955057598495266,56.81235244923385,0.22089948623368233,1.5603221604335866,0.7573923194082658,True,True,0.32809817273097175,True,True,VAH,LRC_upper,limit,TXN,XLK,off,84.2,2026-05-19,55,-676.37185
2026-05-20 10:00:00,73.09,71.0,77.28,81.88,2026-06-17 15:54:00,trail,555,19,0.7013219086544787,0.02005421793799238,2.004784688995211,0.5425364311085163,3,1.0676369188047474,73.02627052735498,0.24571326621653822,0.5425364311085163,35.73794509605698,0.1322986425875846,1.397825104900358,0.906482424213761,True,True,-0.02621963296315788,True,True,swing_low,LRC_upper,limit,SOLV,XLV,off,55.3,2026-05-19,3,4.397288367263589
2026-05-28 10:00:00,346.18,334.59,369.38,383.12,2026-05-29 15:54:00,stop,1931,1,-1.0293688524590163,-0.03446295279912193,2.0017256255392515,0.8433331133800849,3,1.1951580550422978,21.488975209205393,0.5286658221812818,0.8433331133800849,36.587850066347116,0.18363607928048287,1.2085970855045716,0.7272254337252065,True,True,0.11885143840327705,True,True,VAL,52w_high,limit,CBOE,XLF,off,74.9,2026-05-27,72,-858.9877200000024
2026-06-01 10:00:00,61.28,60.21,64.32,66.58,2026-06-03 15:54:00,stop,1933,2,-1.0567710280373832,-0.018452105091383817,2.8411214953270947,0.5206984227653517,2,0.8355695935931384,36.83715709319802,0.20657407524678714,0.5206984227653517,14.45338733074512,-0.08700894533187659,1.8208317298484784,0.6019314770245995,True,True,0.01232304281652108,True,True,swing_low,swing_high,limit,ZION,XLF,off,51.6,2026-05-29,395,-446.6442750000001
2026-06-02 10:00:00,36.06,35.55,38.73,40.95,2026-06-02 15:54:00,stop,1932,0,-1.0702058823529403,-0.015136023294509292,5.235294117646996,0.6274170745495804,2,0.5192799527297295,29.34661996454998,0.3689830737308645,0.6274170745495804,22.743304416395173,0.024821786983983445,0.7321261399465296,0.028648322118198427,True,True,0.08165936001150809,True,True,POC,52w_high,limit,MTCH,XLK,off,60.8,2026-06-01,444,-242.33742000000228
2026-06-03 10:00:00,301.59,287.48,329.82,353.45,2026-06-05 15:54:00,stop,1936,2,-1.0208742026931255,-0.04776197818230033,2.000708717221836,0.9282482511318488,3,1.1838859025446453,3.994500319243955,0.9252143959345547,0.9282482511318488,49.3752776757773,0.15443263739060484,1.5280046311885553,0.3258560289160417,True,True,0.3807167105624163,True,True,swing_low,52w_high,limit,TXN,XLK,off,77.4,2026-06-02,52,-749.0358199999977
2026-06-05 10:00:00,3.651,3.06,6.5,6.9,2026-06-18 15:54:00,stop,1944,9,-1.0056776649746193,-0.1627925225965488,4.820642978003386,0.8915863764801348,2,2.0429917786700793,74.00524735018645,1.429739327750389,0.8915863764801348,46.803696113120644,-0.03681497123881774,1.781338608268982,0.8396243513702664,True,True,0.6817504499659686,True,True,VAH,52w_high,limit,XRX,XLF,off,80.1,2026-06-04,2339,-1390.1975144999997
2026-06-05 10:00:00,237.4,226.79,278.7,295.51,2026-06-09 15:54:00,stop,1688,2,-1.0218751178133836,-0.045670155855096935,3.8925541941564497,0.8559321246500651,3,0.8059251103222778,50.54016534769408,1.3328635855980764,0.8559321246500651,62.13040342862587,0.29999657790495265,1.7900438757259467,0.9033663879326129,True,True,0.7688296526388156,True,True,VAH,52w_high,limit,DDOG,XLK,off,78.5,2026-06-04,116,-1257.6830200000015
2026-06-08 10:00:00,265.03,246.07,302.95,328.93,2026-08-21 15:54:00,trail,1989,52,4.18136079728669,0.29913066715675796,2.000000000000003,0.8825620932249073,3,1.4758717856505783,45.61102279394453,1.0527663450033284,0.8825620932249073,48.490428700797814,0.530073560679035,1.6904527318988236,0.6202436477303735,True,True,0.4622403248189908,True,True,POC,52w_high,limit,PANW,XLK,off,75.9,2026-06-05,70,5549.502050158889
2026-06-08 10:00:00,188.43,184.23,196.83,200.12,2026-06-09 15:54:00,stop,1937,1,-1.0443642857142854,-0.02327829963381636,1.9999999999999933,0.8160753707159082,2,1.2776112385069047,40.35859843637457,0.28623601521197595,0.8160753707159082,19.368556767689824,0.015994592807566422,1.282528044873185,-0.7336170439081906,True,True,-0.04329793979456986,True,True,VAH,LRC_upper,limit,AVB,XLF,off,62.6,2026-06-05,141,-618.4725300000024
2026-06-10 10:00:00,72.7,69.91,78.3,81.47,2026-06-23 15:54:00,stop,1946,8,-1.0255573476702509,-0.039357702888583306,2.0071684587813556,0.8521179737656447,3,0.8560861267870966,55.206199191638525,0.6688119209100961,0.8521179737656447,40.58903865077451,0.12107733376016251,2.19330620423965,0.9394215002899109,True,True,0.21858458641545098,True,True,POC,LRC_upper,limit,BWA,XLF,off,76.7,2026-06-09,361,-1032.9311050000022
2026-06-10 10:00:00,383.45,372.4,416.69,435.19,2026-06-24 15:54:00,stop,1948,9,-1.0342013574660633,-0.029802907810666347,3.0081447963800882,0.9059528130767664,3,0.6461726131591178,23.4214258766155,0.6621015792465844,0.9059528130767664,26.41005209636894,0.18434865342875525,1.8245618685032479,0.6971819335354088,True,True,0.1683246337630977,True,True,POC,52w_high,limit,CDNS,XLK,off,76.2,2026-06-09,68,-777.0989000000008
2026-06-18 10:00:00,284.61,272.5,312.84,328.39,2026-06-23 15:54:00,stop,1946,2,-1.023002064409579,-0.04352817891149297,2.3311312964492097,0.0428444572661504,3,1.2669731515497589,49.79129643923007,0.09672887277536517,0.0428444572661504,15.831007439215155,0.09093916404903152,1.2630916483920793,0.425957024901194,True,True,-0.07703766519045685,True,True,swing_low,swing_high,limit,BIO,XLV,off,40.8,2026-06-16,72,-891.9759600000009
2026-06-22 10:00:00,74.9,73.37,81.88,84.59,2026-06-22 15:54:00,stop,557,0,-1.048454248366013,-0.021417022696929255,4.562091503267964,0.766469830561561,2,0.6297694661965924,-3.2104232288311283,0.3474738705328647,0.766469830561561,23.908641931661723,0.010233315619223771,1.0741812333941905,-0.7776933138842441,True,True,-0.03381156910436678,True,True,AVWAP,swing_high,limit,SOLV,XLV,off,64.3,2026-06-18,98,-157.2052300000001
2026-06-23 10:00:00,20.5,19.57,22.36,23.62,2026-08-05 15:54:00,stop,1976,30,-1.0215430107526882,-0.0463431707317073,2.0,0.7099802211192875,3,1.1032470756712431,49.30878534430799,0.5860464420370678,0.7099802211192875,38.308879429479326,0.13200972973314415,1.121882256905145,0.5009228939603475,True,True,0.29631371289720776,True,True,POC,52w_high,limit,PENN,XLF,off,70.8,2026-06-22,352,-334.4123199999999
2026-06-26 10:00:00,374.33,360.55,415.41,429.98,2026-07-29 15:54:00,stop,1972,22,-1.0266647314949202,-0.0377940320038468,2.9811320754717068,0.9507933741107543,3,1.1127736897001546,21.09117455796238,0.9973869529634546,0.9507933741107543,62.658071070115426,0.10953832149527395,2.5947134719375633,0.7277165966051532,True,True,0.8674949054266561,True,True,POC,LRC_upper,limit,HUM,XLV,off,83.9,2026-06-25,70,-990.320799999998
2026-06-26 10:00:00,43.79,42.81,45.75,47.49,2026-06-30 15:54:00,stop,1951,2,-1.044183673469388,-0.02336834893811365,2.000000000000007,0.07393586822011,3,0.7107416453573633,66.97651882794548,0.053095799832263355,0.07393586822011,12.6203697565947,0.12499336098034429,1.1924383684994053,0.8403444906174891,True,True,-0.07151487369004061,True,True,AVWAP,swing_high,limit,LW,XLF,off,40.4,2026-06-25,602,-616.0265999999981
2026-06-29 10:00:00,388.92,381.09,404.59,425.13,2026-07-15 15:54:00,trail,1962,11,-0.7710559518828712,-0.015523418963393277,2.001277139208158,0.615490717720611,2,0.7515968961095473,18.48055110703209,0.3332683834650617,0.615490717720611,26.730184606395408,0.04035500309015148,1.6559576821602988,-0.2919727628679446,True,True,0.14024422128371938,True,True,VAL,swing_high,limit,ELV,XLV,off,57.9,2026-06-26,68,-410.5410310205181
2026-06-29 10:00:00,269.05,250.3,306.56,322.2,2026-06-29 15:54:00,tsm_off,1951,1,0.3571981333333318,0.024893012451217136,2.000533333333333,0.31111957019420994,2,1.50992597197319,42.44826741119695,0.38400708197576705,0.31111957019420994,20.080171350039187,0.14428745976862428,1.2948258574161975,-0.786990033188582,True,True,-0.04259465454204092,True,True,VAL,swing_high,limit,IBM,XLK,off,45.7,2026-06-26,13,87.06704499999962
2026-06-30 10:00:00,24.71,24.19,26.7,27.69,2026-06-30 15:54:00,tsm_off,1952,1,0.08702884615384676,0.0018314447592068103,3.826923076923077,0.5624319661717321,3,0.5456451763450166,32.00160930211963,0.5103110337064948,0.5624319661717321,20.70096913664239,0.03646645196729581,1.2409049678538553,0.06164905579781734,True,True,0.13341704820118783,True,True,swing_low,swing_high,limit,GEN,XLK,off,68.4,2026-06-29,145,6.561975000000041
2026-07-01 10:00:00,135.0,128.77,159.43,170.29,2026-07-01 15:54:00,stop,1953,0,-1.021169341894061,-0.04712507407407399,3.921348314606749,0.617328037022506,3,0.606790204855867,57.4529427348441,0.7520626760076391,0.617328037022506,25.70672962347563,0.09718700508409892,1.2592441497134912,0.827803533400604,True,True,1.781292947955845,True,True,POC,LRC_upper,limit,INTC,XLK,off,70.3,2026-06-30,199,-1266.0151149999979
2026-07-01 10:00:00,604.36,553.12,753.27,838.67,2026-07-02 15:54:00,stop,1954,1,-1.0112946916471508,-0.08574151168177908,2.906128024980483,0.8079405410591827,2,0.9352274456073476,32.0593331654054,0.8973099463518933,0.8079405410591827,28.752266572817895,-0.19404206316126177,1.4880898272510734,0.49807306964887943,True,True,1.0828681026698184,True,True,VAL,LRC_upper,limit,WDC,XLK,off,67.6,2026-06-30,4,-207.27496000000005
2026-07-02 10:00:00,1992.27,1811.21,2354.39,2575.4,2026-07-02 15:54:00,stop,346,0,-1.010503369048934,-0.09183581542662388,2.0,0.9002027567300868,3,0.9088707981380969,14.24430718112907,1.129301877996643,0.9002027567300868,37.80119878828701,0.021046924091775568,1.532110688491124,0.3295835334408941,True,True,1.6809626373448596,True,True,swing_low,52w_high,limit,SNDK,XLK,off,77.5,2026-07-01,7,-1280.7321799999995
2026-07-06 10:00:00,249.785,238.36,278.7,314.18,2026-07-28 15:54:00,stop,1721,16,-1.0213630196936543,-0.04671646616089831,2.5308533916849045,0.7008430145897868,2,0.9365023807164693,41.764694734453876,0.9144329574132155,0.7008430145897868,32.521215006590104,0.05674846403443593,1.3882778399083975,-0.42532853763881406,True,True,0.839611423624866,True,True,VAH,52w_high,limit,DDOG,XLK,off,62.5,2026-07-02,106,-1236.9216849999982
2026-07-06 10:00:00,29.9,29.28,31.27,32.13,2026-07-08 15:54:00,stop,1956,2,-1.047725806451613,-0.021725418060200584,2.2096774193548496,0.06525516464347313,3,0.9243036248762392,57.623618123240696,0.06543016541385567,0.06525516464347313,15.828445288122468,0.19885592350804782,1.8948244948272261,0.9481468402401351,True,True,-0.15274145207983925,True,True,swing_low,swing_high,limit,BBT,XLF,off,41.7,2026-07-02,4,-2.59835999999999
2026-07-09 10:00:00,32.22,31.27,35.78,39.61,2026-07-24 15:54:00,trail,1968,11,2.9787440440211306,0.08782764872191409,3.7473684210526366,0.7706095016449585,3,0.6132453149236856,42.937836622361125,0.5392630837154729,0.7706095016449585,22.137921111361916,0.0001537052579428629,1.1511207191615205,0.5371674988029389,True,True,0.1963446752489888,True,True,POC,LRC_upper,limit,RHI,XLF,off,77.2,2026-07-08,3,8.489420525460215
2026-07-16 10:00:00,1151.93,1106.92,1241.95,1289.43,2026-09-08 15:54:00,trail,2000,37,-0.49799395367111093,-0.019458394047152775,2.0,0.8378004833342446,3,1.2028052708899488,-3.8031908031185293,0.4164424579419886,0.8378004833342446,26.360555570133517,0.05124344812873934,1.1862685964181596,0.6801730308666523,True,True,0.10705758179276481,True,True,AVWAP,swing_high,limit,LLY,XLV,off,73.4,2026-07-15,22,-493.1235728042073
2026-07-27 10:00:00,29.77,29.08,31.16,32.13,2026-09-17 15:54:00,open_at_end,2006,38,1.7096014492753604,0.03962462210278807,2.0144927536231854,0.6723515287807692,2,0.9917453101512558,12.489562661823205,0.16612193189781974,0.6723515287807692,13.321932441143208,0.11377049611766184,1.9558993474170359,-0.8110504644301586,True,True,-0.13202097664070678,True,True,swing_low,swing_high,limit,BBT,XLF,off,52.5,2026-07-24,27,31.849875000000022
2026-07-29 10:00:00,401.12,387.91,427.54,443.09,2026-07-29 15:54:00,stop,1972,0,-1.0298648750946253,-0.033916321798962853,2.0000000000000044,0.36843050210407974,3,0.8130663958266615,24.86206089197422,0.15279050499914948,0.36843050210407974,22.883728185700157,0.12037594305397051,1.4983000944371185,0.20907159609024178,True,True,0.20268214738942514,True,True,swing_low,swing_high,limit,FFIV,XLK,off,61.9,2026-07-28,62,-843.4799299999987
2026-07-30 10:00:00,566.94,535.59,642.22,665.73,2026-09-17 15:54:00,open_at_end,2007,35,2.895290909090907,0.16010048682400252,2.401275917065388,0.8312304770885852,3,1.8074725938258416,71.08226215136165,0.39874518267706455,0.8312304770885852,30.646416167309017,0.07338158066591124,1.4560415666755193,0.6901316526851214,True,True,0.0684979598464468,True,True,VAH,52w_high,limit,TMO,XLV,off,78.3,2026-07-27,40,3630.6947999999998
2026-07-30 10:00:00,38.52,37.27,41.03,42.56,2026-08-05 15:54:00,stop,1976,4,-1.030316,-0.03343444963655244,2.0079999999999982,0.5757057962064199,2,1.0843524873818995,47.88845821650674,0.24141039886308208,0.5757057962064199,21.45416766777635,0.06798874733553568,1.2046427092673901,-0.6148987837787192,True,True,-0.04875966390108011,True,True,swing_low,52w_high,limit,MTCH,XLK,off,51.8,2026-07-27,658,-847.4349100000001
2026-08-06 10:00:00,6.61,6.39,7.06,7.63,2026-08-06 15:54:00,stop,1977,0,-1.0295454545454545,-0.03426626323751901,2.045454545454536,0.7840372888326317,3,0.7511320129286811,6.009863545036376,0.5051461159227909,0.7840372888326317,17.106084219837662,0.048543694544411035,1.7603124317375847,0.5058447550000026,True,True,-0.05238195008580848,True,True,VAL,swing_high,limit,UA,XLF,off,66.6,2026-08-05,3869,-876.3285000000025
2026-08-06 10:00:00,49.79,46.74,55.89,63.9,2026-09-03 15:54:00,trail,1998,20,-0.7733229508196736,-0.04737166097609966,2.000000000000002,0.0540890657553957,2,1.0350358632691439,64.39115544998832,0.1407442205725344,0.0540890657553957,14.285395942345517,0.02641065988940693,1.438284491753872,-0.010576070885685244,True,True,0.5560003001923406,True,True,AVWAP,LRC_upper,limit,HPE,XLK,off,46.4,2026-08-03,148,-349.0779800000003
2026-08-07 10:00:00,270.96,267.44,281.52,288.05,2026-08-07 15:54:00,stop,1979,0,-1.0764772727272731,-0.013984351933864712,3.000000000000016,0.9340803659122138,3,0.5216038801876834,63.46551188707318,0.49710517660661163,0.9340803659122138,35.90306559917849,0.3330316759553666,1.366002422082274,0.7814426548648282,True,True,0.12196397066487141,True,True,VAH,LRC_upper,limit,ALL,XLF,off,74.4,2026-08-06,93,-352.39559999999835
2026-08-07 10:00:00,400.32,386.69,541.75,552.14,2026-09-09 15:54:00,tsm_off,2001,23,-0.7604794570799687,-0.025892623401278902,10.376375641966256,0.7603573911359728,2,1.0069829126654093,74.26241312420268,0.3694121366447905,0.7603573911359728,23.12816510468693,-0.07088808762817977,1.9290508707467056,0.8047518051794951,True,True,0.004773756170977972,True,True,VAH,52w_high,limit,ROP,XLK,off,68.8,2026-08-06,45,-466.44007499999867
2026-08-10 10:00:00,245.8,238.26,260.89,269.27,2026-09-11 15:54:00,tsm_off,2003,24,-0.7590265251989393,-0.023283401139137582,2.001326259946941,0.7695945499200398,2,0.9403635978669026,6.9410362576109215,0.4579424296661405,0.7695945499200398,26.805448597229937,0.06321359974830154,1.2270726888504602,-0.5100090916781798,True,True,0.07690656559545239,True,True,swing_low,swing_high,limit,AJG,XLF,off,62.3,2026-08-07,101,-578.0290600000019
2026-08-24 10:00:00,483.205,473.18,512.76,544.71,2026-09-17 15:54:00,open_at_end,2007,18,1.4019473815461394,0.02908604526029328,2.948129675810481,0.7049054684616974,3,0.815212982515327,43.431804705034864,0.5933361827409569,0.7049054684616974,34.00195394449408,0.014712715056726236,1.7330562345274607,0.7921589066851593,True,True,0.013836226650226324,True,True,swing_low,swing_high,limit,MSFT,XLK,off,70.2,2026-08-21,50,702.7261250000008
2026-09-04 10:00:00,115.05,109.79,125.57,135.0,2026-09-09 15:54:00,tsm_off,2000,3,-0.09217965779467513,-0.004214385049978187,2.0000000000000027,0.8399291351571253,3,1.0634571631895955,69.97776779533923,0.6477269379281346,0.8399291351571253,26.13136019476469,0.18616052860738294,1.4669951001054302,0.9651575020382696,True,True,0.13096594138745132,True,True,VAH,LRC_upper,limit,EPAM,XLK,off,69.7,2026-09-03,61,-29.576764999999412
2026-09-09 10:00:00,144.65,141.57,151.7,155.95,2026-09-17 15:54:00,open_at_end,2007,7,1.9779967532467388,0.04211704113377104,2.288961038961024,0.7468438849550937,3,0.8234560580133505,40.63799894369079,0.3056017527822951,0.7468438849550937,38.77456217318116,0.3782653159960591,1.0470788644744893,0.8948468228077388,True,True,0.06594617495859256,True,True,VAL,swing_high,limit,GILD,XLV,off,67.6,2026-09-08,172,1047.8635599999964
2026-09-10 10:00:00,43.82,41.65,48.17,50.26,2026-09-16 15:54:00,stop,2005,4,-1.0196935483870968,-0.050496006389776395,2.0046082949308746,0.8382527018729761,3,1.228477642115514,27.945355137617412,0.7186694661517731,0.8382527018729761,40.110458216061936,0.04211996191085777,1.9693182803368807,0.6660103740024307,True,True,0.09737095861812928,True,True,VAL,52w_high,limit,HP,XLF,off,72.1,2026-09-09,560,-1239.131600000001
2026-09-14 10:00:00,168.09,161.48,181.31,207.52,2026-09-17 15:54:00,open_at_end,1497,4,1.2069341906202706,0.047461687191385604,1.9999999999999958,0.6971182521896475,2,0.8895244333410738,11.83375217406259,0.7145084644990292,0.6971182521896475,24.357370151132372,-0.09800442035880731,1.2449374491635767,0.04448359999020423,True,True,0.1960752380081121,True,True,AVWAP,swing_high,limit,PLTR,XLK,off,68.3,2026-09-11,144,1148.8082400000008
2026-09-14 10:00:00,55.28,51.68,62.49,65.89,2026-09-17 15:54:00,open_at_end,2007,4,1.5838444444444433,0.1031447178002894,2.0027777777777773,0.617300824041342,2,1.113270730389694,35.12961065657891,0.4429231539505219,0.617300824041342,16.244690482414512,-0.015361186117442333,1.3307417306713432,0.14639995191440353,True,True,0.1352969906880519,True,True,POC,LRC_upper,limit,HPE,XLK,off,62.6,2026-09-10,1,5.701839999999998
2026-09-17 10:00:00,378.72,369.41,397.34,406.85,2026-09-17 15:54:00,open_at_end,2007,1,0.04198657357679717,0.0010321477608787014,1.999999999999994,0.1421431118768588,2,1.3848440027898,54.236706215235586,0.10168781782954092,0.1421431118768588,15.54372588711471,-0.09054772607372354,1.1008744168324047,0.4375934110163745,True,True,0.1858438470639785,True,True,VAH,52w_high,limit,TRV,XLF,off,49.3,2026-09-16,61,-11.55096
