symbol,sector_etf,quadrant,setup_date,trigger_time,entry_time,entry,stop,stop_src,tp1,tp1_src,tp2,rr_at_trigger,rvol,entry_type,score,lrc_r2,flow_n,exit_time,exit_reason,fills,sessions_held,r_multiple,pct_return,shares,pnl
HLT,XLY,off,2023-11-01,2023-11-02 10:30:00-04:00,2023-11-02 10:45:00-04:00,148.9,146.61,VAL,153.9,swing_high,157.31,2.13,1.14,vwap_reclaim,37.5,0.0,2,2023-12-29 15:45:00-05:00,time,"[('2023-12-29 15:45:00-05:00', 1.0, 180.84, 'time')]",40,13.875602620087383,0.21339912693082602,134,4257.86742
CB,XLF,off,2023-11-02,2023-11-03 11:00:00-04:00,2023-11-03 11:15:00-04:00,210.09,206.07,VAH,219.57,52w_high,223.68,2.38,2.35,vwap_reclaim,66.5,0.52,3,2023-12-08 15:45:00-05:00,lrc_break,"[('2023-12-08 15:45:00-05:00', 1.0, 214.27, 'lrc_break')]",25,0.9870199004975116,0.018886286829454077,95,376.9429000000007
FANG,XLE,off,2023-11-02,2023-11-03 15:00:00-04:00,2023-11-03 15:15:00-04:00,145.44,143.46,AVWAP,153.59,swing_high,156.41,4.17,1.54,vwap_reclaim,65.1,0.42,3,2023-11-06 13:45:00-05:00,stop,"[('2023-11-06 13:45:00-05:00', 1.0, 143.46, 'stop')]",1,-1.0729545454545457,-0.014607054455445474,137,-291.0496499999986
JBL,XLK,off,2023-11-03,2023-11-07 10:45:00-05:00,2023-11-07 11:00:00-05:00,125.76,123.17,POC,140.57,swing_high,147.85,5.93,1.04,vwap_reclaim,62.6,0.45,2,2023-11-29 09:30:00-05:00,stop,"[('2023-11-29 09:30:00-05:00', 1.0, 116.97, 'stop')]",15,-3.440681467181465,-0.07086009064885501,160,-1425.818400000001
FAST,XLI,off,2023-11-10,2023-11-13 12:45:00-05:00,2023-11-13 13:00:00-05:00,28.02,27.56,POC,28.97,LRC_upper,29.5,2.07,2.11,vwap_reclaim,58.5,0.64,2,2024-01-02 15:45:00-05:00,lrc_break,"[('2024-01-02 15:45:00-05:00', 1.0, 29.94, 'lrc_break')]",34,4.110913043478257,0.06748822269807286,727,1374.7715400000013
CASY,XLP,off,2023-11-14,2023-11-15 12:15:00-05:00,2023-11-15 12:30:00-05:00,278.2,272.04,VAH,290.99,LRC_upper,296.96,2.11,1.98,vwap_reclaim,46.3,0.11,2,2023-11-17 11:15:00-05:00,stop,"[('2023-11-17 11:15:00-05:00', 1.0, 272.04, 'stop')]",2,-1.0446623376623378,-0.023131272465851793,69,-444.0232799999978
COST,XLP,off,2023-11-16,2023-11-17 13:30:00-05:00,2023-11-17 13:45:00-05:00,554.92,544.55,AVWAP,577.57,52w_high,590.07,2.2,1.12,vwap_reclaim,48.7,0.13,3,2024-01-17 15:45:00-05:00,time,"[('2024-01-17 15:45:00-05:00', 1.0, 673.51, 'time')]",40,11.376642719382833,0.2125996269732575,33,3893.200905000001
HII,XLI,off,2023-11-17,2023-11-20 09:45:00-05:00,2023-11-20 10:00:00-05:00,223.21,219.04,POC,231.37,LRC_upper,234.89,2.04,2.12,vwap_reclaim,68.9,0.67,3,2024-01-05 15:45:00-05:00,lrc_break,"[('2024-01-05 15:45:00-05:00', 1.0, 238.66, 'lrc_break')]",32,3.6496558752997434,0.06818272030822986,2,30.438129999999976
HPQ,XLK,off,2023-11-20,2023-11-21 13:30:00-05:00,2023-11-21 13:45:00-05:00,24.6,24.28,swing_low,25.5,LRC_upper,27.67,2.81,2.42,vwap_reclaim,33.8,0.05,2,2024-01-02 15:45:00-05:00,lrc_break,"[('2024-01-02 15:45:00-05:00', 1.0, 26.6, 'lrc_break')]",28,6.169999999999995,0.08026016260162601,2,3.9488
GRMN,XLY,off,2023-11-28,2023-11-29 10:45:00-05:00,2023-11-29 11:00:00-05:00,115.57,113.21,VAH,120.89,LRC_upper,123.01,2.16,1.34,vwap_reclaim,70.9,0.61,3,2024-01-03 15:15:00-05:00,trail,"[('2024-01-03 15:15:00-05:00', 1.0, 118.45, 'trail')]",23,1.1707584745762756,0.02390750194687211,161,444.8413900000015
MNST,XLP,off,2023-11-24,2023-11-29 12:15:00-05:00,2023-11-29 12:30:00-05:00,27.38,27.12,VAL,28.72,swing_high,29.39,5.15,1.51,vwap_reclaim,38.0,0.03,2,2023-11-30 09:45:00-05:00,stop,"[('2023-11-30 09:45:00-05:00', 1.0, 27.12, 'stop')]",1,-1.104807692307693,-0.010491234477720891,3,-0.8617499999999941
FE,XLU,off,2023-11-28,2023-11-30 12:30:00-05:00,2023-11-30 12:45:00-05:00,32.91,32.1,VAL,34.55,LRC_upper,35.31,2.02,1.72,vwap_reclaim,48.9,0.45,2,2023-12-18 11:45:00-05:00,trail,"[('2023-12-18 11:45:00-05:00', 1.0, 32.82, 'trail')]",12,-0.15168518518518154,-0.0037333637192341635,2,-0.24572999999999262
CNC,XLV,off,2023-12-07,2023-12-08 15:30:00-05:00,2023-12-08 15:45:00-05:00,73.9,72.82,POC,76.78,LRC_upper,87.79,2.63,1.32,vwap_reclaim,63.3,0.51,3,2023-12-20 14:45:00-05:00,stop,"[('2023-12-20 14:45:00-05:00', 1.0, 72.82, 'stop')]",8,-1.0679259259259253,-0.015607036535859438,275,-317.1740000000034
LW,,off,2023-12-19,2023-12-20 12:15:00-05:00,2023-12-20 12:30:00-05:00,97.76,95.79,VAH,102.49,LRC_upper,105.45,2.35,2.02,vwap_reclaim,68.1,0.88,3,2023-12-21 15:45:00-05:00,lrc_break,"[('2023-12-21 15:45:00-05:00', 1.0, 97.01, 'lrc_break')]",2,-0.4301446700507617,-0.008668013502454991,1,-0.847385
BR,XLI,off,2023-12-20,2023-12-21 13:15:00-05:00,2023-12-21 13:30:00-05:00,186.4,183.15,POC,194.32,LRC_upper,197.95,2.6,1.05,vwap_reclaim,66.6,0.73,3,2024-01-03 15:45:00-05:00,trail,"[('2024-01-03 15:45:00-05:00', 1.0, 187.69, 'trail')]",7,0.3393707692307668,0.005917140557939872,107,118.01618499999915
DVA,XLV,off,2023-12-21,2023-12-22 11:00:00-05:00,2023-12-22 11:15:00-05:00,104.94,101.85,swing_low,111.47,swing_high,116.97,2.09,1.16,vwap_reclaim,72.0,0.91,3,2024-02-21 15:45:00-05:00,time,"[('2024-02-21 15:45:00-05:00', 1.0, 120.87, 'time')]",40,5.118800970873783,0.15072512864494003,1,15.817095000000007
DPZ,XLY,off,2023-12-29,2024-01-02 10:30:00-05:00,2024-01-02 10:45:00-05:00,394.34,386.14,VAH,410.88,LRC_upper,418.29,2.25,1.13,vwap_reclaim,73.0,0.92,3,2024-01-03 10:30:00-05:00,stop,"[('2024-01-03 10:30:00-05:00', 1.0, 386.14, 'stop')]",1,-1.0475902439024392,-0.02178384135517571,55,-472.4631999999994
AMT,XLRE,off,2024-01-02,2024-01-03 11:15:00-05:00,2024-01-03 11:30:00-05:00,199.16,197.16,VAH,208.72,52w_high,213.66,4.69,1.4,vwap_reclaim,81.3,0.9,3,2024-01-03 15:15:00-05:00,stop,"[('2024-01-03 15:15:00-05:00', 1.0, 197.16, 'stop')]",0,-1.09908,-0.01103715605543282,107,-235.20311999999998
EMR,XLI,off,2024-01-02,2024-01-03 11:15:00-05:00,2024-01-03 11:30:00-05:00,90.61,89.16,swing_low,95.34,swing_high,97.67,3.32,1.34,vwap_reclaim,55.2,0.5,3,2024-01-16 09:30:00-05:00,stop,"[('2024-01-16 09:30:00-05:00', 1.0, 89.16, 'stop')]",8,-1.0619896551724137,-0.016994647389912843,236,-363.41286000000065
HOLX,,off,2024-01-02,2024-01-03 11:15:00-05:00,2024-01-03 11:30:00-05:00,72.345,71.17,VAH,75.25,LRC_upper,77.17,2.47,2.89,vwap_reclaim,48.7,0.39,2,2024-01-08 09:30:00-05:00,stop,"[('2024-01-08 09:30:00-05:00', 1.0, 71.17, 'stop')]",3,-1.0610702127659575,-0.01723349920519728,40,-49.87029999999989
ADI,XLK,off,2024-01-03,2024-01-04 13:00:00-05:00,2024-01-04 13:15:00-05:00,178.33,173.35,AVWAP,188.87,POC,193.79,2.09,2.1,vwap_reclaim,61.2,0.9,2,2024-01-04 15:45:00-05:00,lrc_break,"[('2024-01-04 15:45:00-05:00', 1.0, 178.37, 'lrc_break')]",1,-0.02778112449799347,-0.0007758088936242246,118,-16.32530000000094
CEG,XLU,off,2023-12-29,2024-01-04 13:30:00-05:00,2024-01-04 13:45:00-05:00,114.24,111.81,VAL,119.5,swing_high,124.14,2.11,3.38,vwap_reclaim,35.8,0.03,2,2024-01-11 09:30:00-05:00,stop,"[('2024-01-11 09:30:00-05:00', 1.0, 111.81, 'stop')]",5,-1.0465123456790124,-0.022260372899159598,185,-470.45962499999865
IVZ,XLF,off,2024-01-02,2024-01-04 14:15:00-05:00,2024-01-04 14:30:00-05:00,15.57,15.12,swing_low,16.87,LRC_upper,17.43,2.89,4.76,vwap_reclaim,75.6,0.9,3,2024-01-12 15:45:00-05:00,lrc_break,"[('2024-01-12 15:45:00-05:00', 1.0, 15.39, 'lrc_break')]",7,-0.43439999999999834,-0.01255491329479767,1157,-226.17035999999968
LRCX,XLK,off,2024-01-04,2024-01-05 11:45:00-05:00,2024-01-05 12:00:00-05:00,72.14,69.08,AVWAP,78.37,swing_high,82.68,2.06,1.05,vwap_reclaim,75.5,0.85,3,2024-01-05 15:45:00-05:00,lrc_break,"[('2024-01-05 15:45:00-05:00', 1.0, 71.63, 'lrc_break')]",1,-0.19015849673202767,-0.008066052120876145,291,-169.32853500000152
COIN,XLF,off,2024-01-05,2024-01-08 10:30:00-05:00,2024-01-08 10:45:00-05:00,154.4,141.89,VAL,187.39,52w_high,199.48,2.64,1.1,vwap_reclaim,83.3,0.93,3,2024-01-08 15:45:00-05:00,lrc_break,"[('2024-01-08 15:45:00-05:00', 1.0, 159.42, 'lrc_break')]",1,0.388736211031173,0.03149669689119159,85,413.36264999999844
LYB,XLB,off,2024-01-05,2024-01-08 10:45:00-05:00,2024-01-08 11:00:00-05:00,80.32,78.99,swing_low,83.3,LRC_upper,85.0,2.24,1.15,vwap_reclaim,55.0,0.64,2,2024-01-09 09:45:00-05:00,stop,"[('2024-01-09 09:45:00-05:00', 1.0, 78.99, 'stop')]",1,-1.0598909774436092,-0.017550485557768905,137,-193.12273499999978
FITB,XLF,off,2024-01-05,2024-01-08 13:15:00-05:00,2024-01-08 13:30:00-05:00,32.19,31.48,POC,34.74,LRC_upper,35.65,3.66,1.38,vwap_reclaim,82.9,0.94,3,2024-01-11 10:00:00-05:00,stop,"[('2024-01-11 10:00:00-05:00', 1.0, 31.48, 'stop')]",3,-1.0448380281690144,-0.02304551102826957,1,-0.7418349999999972
KMI,XLE,off,2024-01-08,2024-01-09 10:15:00-05:00,2024-01-09 10:30:00-05:00,15.87,15.7,VAH,16.33,LRC_upper,16.56,2.71,2.64,vwap_reclaim,70.0,0.84,3,2024-01-11 09:45:00-05:00,stop,"[('2024-01-11 09:45:00-05:00', 1.0, 15.7, 'stop')]",2,-1.0928529411764707,-0.011706679269061116,1356,-251.9244599999999
LDOS,XLI,off,2024-01-08,2024-01-09 10:15:00-05:00,2024-01-09 10:30:00-05:00,106.78,105.09,VAH,113.38,LRC_upper,115.19,4.15,1.22,vwap_reclaim,65.2,0.58,2,2024-01-11 12:00:00-05:00,stop,"[('2024-01-11 12:00:00-05:00', 1.0, 105.09, 'stop')]",2,-1.0626834319526628,-0.016819020415808184,26,-46.69430999999994
KKR,XLF,off,2024-01-10,2024-01-11 10:30:00-05:00,2024-01-11 10:45:00-05:00,80.66,79.16,VAL,84.17,swing_high,91.59,2.34,1.24,vwap_reclaim,78.6,0.9,3,2024-01-16 09:30:00-05:00,stop,"[('2024-01-16 09:30:00-05:00', 1.0, 79.16, 'stop')]",2,-1.0532733333333333,-0.019587279940490948,264,-417.09623999999997
BR,XLI,off,2024-01-10,2024-01-11 10:30:00-05:00,2024-01-11 10:45:00-05:00,191.82,189.36,POC,197.18,swing_high,201.05,2.2,1.34,vwap_reclaim,72.0,0.9,3,2024-02-01 09:30:00-05:00,trail,"[('2024-02-01 09:30:00-05:00', 1.0, 190.3, 'trail')]",14,-0.6955528455284652,-0.008920133458450684,108,-184.79447999999803
DOW,XLB,off,2024-01-10,2024-01-11 11:45:00-05:00,2024-01-11 12:00:00-05:00,45.27,44.87,swing_low,46.79,swing_high,47.67,3.68,1.59,vwap_reclaim,69.0,0.86,3,2024-01-11 15:45:00-05:00,lrc_break,"[('2024-01-11 15:45:00-05:00', 1.0, 45.75, 'lrc_break')]",1,1.0862249999999767,0.009597746852219943,60,26.069399999999813
CAG,,off,2024-01-10,2024-01-11 11:45:00-05:00,2024-01-11 12:00:00-05:00,24.42,24.07,POC,25.33,swing_high,25.91,2.5,1.21,vwap_reclaim,48.9,0.5,2,2024-01-16 14:30:00-05:00,stop,"[('2024-01-16 14:30:00-05:00', 1.0, 24.07, 'stop')]",2,-1.0692714285714284,-0.015325348075348133,1,-0.37424500000000144
GEN,XLK,off,2024-01-11,2024-01-12 10:00:00-05:00,2024-01-12 10:15:00-05:00,22.13,21.52,POC,24.74,LRC_upper,25.07,4.28,2.2,vwap_reclaim,76.1,0.77,2,2024-01-16 09:30:00-05:00,stop,"[('2024-01-16 09:30:00-05:00', 1.0, 21.52, 'stop')]",1,-1.03577868852459,-0.028550610031631243,124,-78.34629999999993
ECL,XLB,off,2024-01-12,2024-01-16 10:00:00-05:00,2024-01-16 10:15:00-05:00,193.61,189.99,POC,203.9,LRC_upper,207.33,2.79,2.14,vwap_reclaim,71.3,0.85,2,2024-01-24 15:45:00-05:00,lrc_break,"[('2024-01-24 15:45:00-05:00', 1.0, 191.2, 'lrc_break')]",7,-0.718896408839785,-0.013441480295439413,109,-283.6621450000027
FAST,XLI,off,2024-01-12,2024-01-16 10:00:00-05:00,2024-01-16 10:15:00-05:00,29.92,29.55,VAL,30.93,swing_high,31.74,2.73,1.42,vwap_reclaim,59.6,0.66,2,2024-03-12 15:45:00-04:00,time,"[('2024-03-12 15:45:00-04:00', 1.0, 35.65, 'time')]",40,15.39787837837833,0.19041493983957208,705,4016.536574999998
MAR,XLY,off,2024-01-12,2024-01-16 11:00:00-05:00,2024-01-16 11:15:00-05:00,219.69,215.01,POC,231.58,LRC_upper,236.38,2.47,1.04,vwap_reclaim,75.3,0.91,3,2024-02-13 09:30:00-05:00,trail,"[('2024-02-13 09:30:00-05:00', 1.0, 232.52, 'trail')]",20,2.69313995726495,0.05737127315763113,91,1146.954445000001
KDP,XLP,off,2024-01-11,2024-01-16 11:00:00-05:00,2024-01-16 11:15:00-05:00,29.55,29.26,VAL,30.21,swing_high,31.21,2.28,2.49,vwap_reclaim,52.8,0.57,2,2024-01-18 09:30:00-05:00,stop,"[('2024-01-18 09:30:00-05:00', 1.0, 29.26, 'stop')]",2,-1.1013965517241382,-0.010808967851099803,5,-1.5970249999999957
LKQ,,off,2024-01-16,2024-01-17 11:15:00-05:00,2024-01-17 11:30:00-05:00,42.98,42.44,VAL,44.68,LRC_upper,46.3,3.0,1.27,vwap_reclaim,56.0,0.72,2,2024-01-31 15:45:00-05:00,stop,"[('2024-01-31 15:45:00-05:00', 1.0, 42.44, 'stop')]",10,-1.0790925925925927,-0.013557701256398307,1,-0.5827099999999992
CTLT,,off,2024-01-16,2024-01-17 15:30:00-05:00,2024-01-17 15:45:00-05:00,48.62,47.57,swing_low,51.79,swing_high,74.49,3.04,1.04,vwap_reclaim,65.9,0.83,3,2024-03-04 15:45:00-05:00,lrc_break,"[('2024-03-04 15:45:00-05:00', 1.0, 56.95, 'lrc_break')]",33,7.883061904761931,0.17024300699300712,434,3592.3113100000023
EIX,XLU,off,2024-01-17,2024-01-18 11:30:00-05:00,2024-01-18 11:45:00-05:00,60.56,59.67,AVWAP,62.34,swing_high,64.52,2.0,1.26,vwap_reclaim,66.8,0.89,3,2024-01-18 15:45:00-05:00,lrc_break,"[('2024-01-18 15:45:00-05:00', 1.0, 60.42, 'lrc_break')]",1,-0.22526966292134878,-0.0033106010568031796,20,-4.009800000000012
CNC,XLV,off,2024-01-18,2024-01-19 10:30:00-05:00,2024-01-19 10:45:00-05:00,76.17,74.88,swing_low,79.83,swing_high,81.55,2.84,1.32,vwap_reclaim,63.1,0.66,3,2024-01-19 14:15:00-05:00,stop,"[('2024-01-19 14:15:00-05:00', 1.0, 74.88, 'stop')]",0,-1.0585465116279067,-0.017927333595903983,16,-21.848400000000098
CPAY,XLF,off,2024-01-19,2024-01-22 10:00:00-05:00,2024-01-22 10:15:00-05:00,286.41,276.53,VAL,307.55,LRC_upper,313.88,2.12,1.45,vwap_reclaim,72.7,0.89,2,2024-02-08 09:30:00-05:00,trail,"[('2024-02-08 09:30:00-05:00', 1.0, 270.5, 'trail')]",13,-1.6385075910931113,-0.0565219615236899,4,-64.7538200000001
MCK,XLV,off,2024-01-24,2024-01-25 11:45:00-05:00,2024-01-25 12:00:00-05:00,477.53,472.55,swing_low,488.91,swing_high,495.62,2.29,1.76,vwap_reclaim,54.7,0.48,3,2024-02-08 10:30:00-05:00,trail,"[('2024-02-08 10:30:00-05:00', 1.0, 487.9, 'trail')]",10,1.9853985943775376,0.02070505517977941,43,425.15325500000023
MPWR,XLK,off,2024-01-31,2024-02-01 10:00:00-05:00,2024-02-01 10:15:00-05:00,593.71,573.96,POC,633.21,swing_high,666.07,2.06,2.54,vwap_reclaim,66.5,0.42,3,2024-02-13 09:30:00-05:00,trail,"[('2024-02-13 09:30:00-05:00', 1.0, 678.43, 'trail')]",8,4.257414177215191,0.1416245810244059,35,2942.937549999997
BX,XLF,off,2024-01-31,2024-02-01 12:30:00-05:00,2024-02-01 12:45:00-05:00,113.0,109.92,POC,119.59,swing_high,122.45,2.11,1.17,vwap_reclaim,59.3,0.37,3,2024-03-28 15:45:00-04:00,time,"[('2024-03-28 15:45:00-04:00', 1.0, 121.39, 'time')]",40,2.685975649350651,0.07321066371681416,1,8.272805
EPAM,,off,2024-02-06,2024-02-08 11:00:00-05:00,2024-02-08 11:15:00-05:00,287.65,282.89,AVWAP,303.63,swing_high,325.29,4.05,7.72,vwap_reclaim,54.1,0.42,2,2024-02-13 09:30:00-05:00,stop,"[('2024-02-13 09:30:00-05:00', 1.0, 281.73, 'stop')]",3,-1.3035063025210023,-0.02157027637754201,76,-471.5564399999969
CINF,XLF,off,2024-02-07,2024-02-08 11:15:00-05:00,2024-02-08 11:30:00-05:00,99.71,98.64,swing_low,105.02,POC,108.44,5.25,1.09,vwap_reclaim,64.1,0.82,2,2024-02-08 15:45:00-05:00,lrc_break,"[('2024-02-08 15:45:00-05:00', 1.0, 100.84, 'lrc_break')]",1,0.9623598130841274,0.010327198876742652,2,2.0594500000000195
CTSH,XLK,off,2024-02-08,2024-02-09 10:00:00-05:00,2024-02-09 10:15:00-05:00,74.31,72.85,VAL,77.27,LRC_upper,78.9,2.05,1.35,vwap_reclaim,68.7,0.77,3,2024-02-12 09:30:00-05:00,stop,"[('2024-02-12 09:30:00-05:00', 1.0, 72.85, 'stop')]",1,-1.0503972602739724,-0.02063759924640032,3,-4.600740000000024
EIX,XLU,off,2024-02-07,2024-02-12 11:00:00-05:00,2024-02-12 11:15:00-05:00,57.08,56.04,swing_low,59.49,POC,62.34,2.32,1.03,vwap_reclaim,31.8,0.01,2,2024-02-13 10:30:00-05:00,stop,"[('2024-02-13 10:30:00-05:00', 1.0, 56.04, 'stop')]",1,-1.0543846153846155,-0.019210932025227737,4,-4.386239999999996
LH,XLV,off,2024-02-12,2024-02-13 11:15:00-05:00,2024-02-13 11:30:00-05:00,217.66,214.72,AVWAP,225.26,LRC_upper,230.94,2.56,2.04,vwap_reclaim,39.8,0.24,2,2024-02-15 10:00:00-05:00,stop,"[('2024-02-15 10:00:00-05:00', 1.0, 214.72, 'stop')]",2,-1.0735340136054423,-0.014500551318570237,105,-331.39994999999976
MDT,XLV,off,2024-02-12,2024-02-13 11:45:00-05:00,2024-02-13 12:00:00-05:00,78.68,78.03,AVWAP,82.45,swing_high,84.28,5.8,1.05,vwap_reclaim,65.4,0.8,2,2024-02-13 13:00:00-05:00,stop,"[('2024-02-13 13:00:00-05:00', 1.0, 78.03, 'stop')]",0,-1.1205461538461527,-0.009257180986273584,291,-211.95130500000164
AAL,,off,2024-02-12,2024-02-13 12:00:00-05:00,2024-02-13 12:15:00-05:00,14.6301,14.29,swing_low,15.73,LRC_upper,19.08,3.24,1.05,vwap_reclaim,54.8,0.3,3,2024-03-05 10:30:00-05:00,stop,"[('2024-03-05 10:30:00-05:00', 1.0, 14.29, 'stop')]",14,-1.0425170538077035,-0.024234971052829537,1416,-502.057030800002
DLTR,XLP,off,2024-02-13,2024-02-14 11:15:00-05:00,2024-02-14 11:30:00-05:00,139.43,137.0,VAH,145.09,swing_high,161.1,2.37,1.44,vwap_reclaim,49.9,0.29,2,2024-03-13 09:30:00-04:00,trail,"[('2024-03-13 09:30:00-04:00', 1.0, 129.15, 'trail')]",19,-4.285716049382705,-0.07469188840278276,162,-1687.1149800000003
CPRT,XLI,off,2024-02-13,2024-02-14 15:00:00-05:00,2024-02-14 15:15:00-05:00,49.04,48.55,POC,51.38,LRC_upper,52.06,4.78,1.11,vwap_reclaim,42.5,0.12,2,2024-02-20 09:45:00-05:00,stop,"[('2024-02-20 09:45:00-05:00', 1.0, 48.55, 'stop')]",3,-1.099581632653061,-0.010986847471451917,2,-1.077590000000004
FFIV,XLK,off,2024-02-14,2024-02-15 10:30:00-05:00,2024-02-15 10:45:00-05:00,184.03,180.75,swing_low,191.36,LRC_upper,199.49,2.22,1.11,vwap_reclaim,66.0,0.67,3,2024-02-21 09:30:00-05:00,stop,"[('2024-02-21 09:30:00-05:00', 1.0, 180.75, 'stop')]",3,-1.0556067073170732,-0.01881426941259578,122,-422.41158000000013
HBAN,XLF,off,2024-02-16,2024-02-20 10:30:00-05:00,2024-02-20 10:45:00-05:00,11.5,11.19,AVWAP,12.11,LRC_upper,13.16,2.07,1.3,vwap_reclaim,43.2,0.1,2,2024-04-12 15:45:00-04:00,lrc_break,"[('2024-04-12 15:45:00-04:00', 1.0, 12.05, 'lrc_break')]",38,1.7362096774193545,0.04680217391304354,15,8.073375000000011
MCO,XLF,off,2024-02-20,2024-02-21 12:45:00-05:00,2024-02-21 13:00:00-05:00,365.75,360.6,AVWAP,386.01,swing_high,398.67,3.76,1.27,vwap_reclaim,41.2,0.03,2,2024-04-15 15:00:00-04:00,trail,"[('2024-04-15 15:00:00-04:00', 1.0, 365.41, 'trail')]",37,-0.13700582524272523,-0.0019291319207109551,60,-42.334799999998495
J,XLI,off,2024-02-20,2024-02-21 15:30:00-05:00,2024-02-21 15:45:00-05:00,111.62,110.22,VAH,114.72,LRC_upper,116.52,2.1,2.85,vwap_reclaim,67.8,0.84,3,2024-03-18 15:45:00-04:00,lrc_break,"[('2024-03-18 15:45:00-04:00', 1.0, 114.16, 'lrc_break')]",19,1.7336499999999873,0.021744400645045618,1,2.427109999999992
HCA,XLV,off,2024-03-04,2024-03-05 10:15:00-05:00,2024-03-05 10:30:00-05:00,308.97,303.56,POC,323.85,LRC_upper,327.97,2.75,4.11,vwap_reclaim,76.8,0.9,2,2024-04-12 15:45:00-04:00,lrc_break,"[('2024-04-12 15:45:00-04:00', 1.0, 316.89, 'lrc_break')]",28,1.4061127541589509,0.02462073987765789,75,570.530249999997
BBWI,,off,2024-03-04,2024-03-05 12:45:00-05:00,2024-03-05 13:00:00-05:00,41.83,40.72,VAL,44.77,swing_high,46.25,2.68,9.01,vwap_reclaim,57.2,0.41,2,2024-03-07 12:45:00-05:00,stop,"[('2024-03-07 12:45:00-05:00', 1.0, 40.72, 'stop')]",2,-1.0371846846846846,-0.02752271097298588,521,-599.8142749999997
FERG,XLI,off,2024-03-06,2024-03-07 14:00:00-05:00,2024-03-07 14:15:00-05:00,192.65,187.3,AVWAP,207.21,LRC_upper,212.66,2.72,1.22,vwap_reclaim,69.1,0.63,3,2024-04-17 12:30:00-04:00,trail,"[('2024-04-17 12:30:00-04:00', 1.0, 202.17, 'trail')]",28,1.7425401869158863,0.04839133143005441,110,1025.484899999998
IR,XLI,off,2024-03-12,2024-03-13 10:00:00-04:00,2024-03-13 10:15:00-04:00,90.54,88.9,swing_low,95.44,LRC_upper,97.19,3.01,2.3,vwap_reclaim,79.7,0.94,3,2024-03-13 15:45:00-04:00,lrc_break,"[('2024-03-13 15:45:00-04:00', 1.0, 90.32, 'lrc_break')]",1,-0.18928658536586157,-0.003428650320300564,253,-78.5387900000033
JNPR,,off,2024-03-12,2024-03-13 10:15:00-04:00,2024-03-13 10:30:00-04:00,35.78,35.52,swing_low,36.63,swing_high,41.15,3.27,1.26,vwap_reclaim,59.7,0.32,2,2024-03-13 15:15:00-04:00,stop,"[('2024-03-13 15:15:00-04:00', 1.0, 35.52, 'stop')]",0,-1.1371153846153856,-0.008262996087199498,640,-189.21599999999873
HWM,XLI,off,2024-03-13,2024-03-14 11:00:00-04:00,2024-03-14 11:15:00-04:00,65.13,63.6,VAL,69.11,52w_high,71.1,2.6,1.5,vwap_reclaim,77.3,0.91,3,2024-03-14 15:45:00-04:00,lrc_break,"[('2024-03-14 15:45:00-04:00', 1.0, 65.09, 'lrc_break')]",1,-0.06869934640522382,-0.0016138492246275456,351,-36.89360999999721
LRCX,XLK,off,2024-03-13,2024-03-14 11:00:00-04:00,2024-03-14 11:15:00-04:00,91.19,88.61,swing_low,98.53,swing_high,101.24,2.84,1.47,vwap_reclaim,75.9,0.91,2,2024-03-14 15:45:00-04:00,lrc_break,"[('2024-03-14 15:45:00-04:00', 1.0, 90.74, 'lrc_break')]",1,-0.20967635658914852,-0.005932284241693199,250,-135.24125000000072
EL,XLP,off,2024-03-14,2024-03-15 10:30:00-04:00,2024-03-15 10:45:00-04:00,145.09,142.32,VAH,151.98,swing_high,244.65,2.51,1.19,vwap_reclaim,63.0,0.64,3,2024-03-18 09:30:00-04:00,stop,"[('2024-03-18 09:30:00-04:00', 1.0, 142.32, 'stop')]",1,-1.051879061371841,-0.02008205251912613,157,-457.4516850000016
MPWR,XLK,off,2024-03-14,2024-03-15 12:15:00-04:00,2024-03-15 12:30:00-04:00,678.05,657.21,AVWAP,719.42,POC,763.78,2.01,1.8,vwap_reclaim,62.3,0.78,2,2024-03-15 15:45:00-04:00,lrc_break,"[('2024-03-15 15:45:00-04:00', 1.0, 673.99, 'lrc_break')]",1,-0.22725623800383707,-0.006984765135314425,33,-156.2886599999982
ISRG,XLV,off,2024-03-15,2024-03-18 12:00:00-04:00,2024-03-18 12:15:00-04:00,395.585,385.55,POC,422.35,LRC_upper,433.08,2.69,1.61,vwap_reclaim,67.9,0.58,3,2024-03-19 10:00:00-04:00,stop,"[('2024-03-19 10:00:00-04:00', 1.0, 385.55, 'stop')]",1,-1.03892052815147,-0.02635480996498848,57,-594.2573474999981
CTVA,XLB,off,2024-03-13,2024-03-18 14:15:00-04:00,2024-03-18 14:30:00-04:00,53.82,52.92,POC,56.14,swing_high,59.4,2.58,1.13,vwap_reclaim,63.6,0.71,2,2024-04-12 11:00:00-04:00,trail,"[('2024-04-12 11:00:00-04:00', 1.0, 53.22, 'trail')]",18,-0.7261333333333361,-0.012142697881828344,417,-272.5178400000006
HOLX,,off,2024-03-18,2024-03-19 11:00:00-04:00,2024-03-19 11:15:00-04:00,76.155,74.23,VAL,87.88,52w_high,90.0,6.07,1.7,vwap_reclaim,68.3,0.55,3,2024-04-16 15:45:00-04:00,lrc_break,"[('2024-04-16 15:45:00-04:00', 1.0, 75.105, 'lrc_break')]",20,-0.5847428571428566,-0.014780776048847708,289,-325.30706999999916
FTV,XLI,off,2024-03-21,2024-03-22 14:15:00-04:00,2024-03-22 14:30:00-04:00,57.02,56.35,POC,62.36,LRC_upper,63.11,8.25,1.01,vwap_reclaim,79.0,0.79,3,2024-03-25 10:00:00-04:00,stop,"[('2024-03-25 10:00:00-04:00', 1.0, 56.35, 'stop')]",1,-1.0846044776119401,-0.012744387934058254,1,-0.7266850000000017
MNST,XLP,off,2024-03-22,2024-03-25 14:15:00-04:00,2024-03-25 14:30:00-04:00,29.66,29.35,POC,30.61,swing_high,31.15,3.2,1.37,vwap_reclaim,49.5,0.38,2,2024-04-01 10:15:00-04:00,stop,"[('2024-04-01 10:15:00-04:00', 1.0, 29.35, 'stop')]",4,-1.0951774193548391,-0.011446561024949384,2,-0.6790099999999974
CHD,XLP,off,2024-03-28,2024-04-01 11:15:00-04:00,2024-04-01 11:30:00-04:00,101.14,99.7,VAL,104.15,LRC_upper,105.67,2.03,1.22,vwap_reclaim,66.9,0.71,3,2024-04-04 14:15:00-04:00,stop,"[('2024-04-04 14:15:00-04:00', 1.0, 99.7, 'stop')]",3,-1.0697361111111112,-0.015230571485070177,1,-1.5404199999999977
FE,XLU,off,2024-03-28,2024-04-01 11:15:00-04:00,2024-04-01 11:30:00-04:00,34.54,34.27,POC,35.52,LRC_upper,36.32,3.81,1.27,vwap_reclaim,55.2,0.71,2,2024-04-03 13:00:00-04:00,stop,"[('2024-04-03 13:00:00-04:00', 1.0, 34.27, 'stop')]",2,-1.1274259259259278,-0.00881311522872021,2,-0.6088099999999921
KMB,XLP,off,2024-04-04,2024-04-05 11:15:00-04:00,2024-04-05 11:30:00-04:00,113.23,112.16,POC,117.13,swing_high,128.33,3.69,1.14,vwap_reclaim,56.9,0.71,2,2024-04-12 11:30:00-04:00,stop,"[('2024-04-12 11:30:00-04:00', 1.0, 112.16, 'stop')]",5,-1.1053224299065414,-0.010445067561600347,1,-1.1826950000000074
F,XLY,off,2024-04-04,2024-04-05 11:30:00-04:00,2024-04-05 11:45:00-04:00,11.42,11.17,VAH,11.95,LRC_upper,12.64,2.0,1.49,vwap_reclaim,67.5,0.65,3,2024-04-11 10:15:00-04:00,stop,"[('2024-04-11 10:15:00-04:00', 1.0, 11.17, 'stop')]",4,-1.04518,-0.022880472854640982,6,-1.5677699999999999
MGM,XLY,off,2024-04-10,2024-04-11 11:15:00-04:00,2024-04-11 11:30:00-04:00,44.44,43.04,swing_low,47.53,swing_high,51.35,2.18,1.39,vwap_reclaim,44.6,0.12,3,2024-04-12 13:00:00-04:00,stop,"[('2024-04-12 13:00:00-04:00', 1.0, 43.04, 'stop')]",1,-1.0312428571428571,-0.032487398739873954,1,-1.4437399999999985
ALB,XLB,off,2024-04-11,2024-04-12 11:15:00-04:00,2024-04-12 11:30:00-04:00,120.55,115.9,VAL,135.06,LRC_upper,146.88,3.08,1.7,vwap_reclaim,47.8,0.33,3,2024-04-15 13:30:00-04:00,stop,"[('2024-04-15 13:30:00-04:00', 1.0, 115.9, 'stop')]",1,-1.0254247311827958,-0.03955391953546239,185,-882.1216249999984
D,XLU,off,2024-04-12,2024-04-15 11:30:00-04:00,2024-04-15 11:45:00-04:00,43.28,42.68,VAL,44.66,swing_high,45.78,2.36,2.82,vwap_reclaim,57.6,0.8,2,2024-04-15 15:45:00-04:00,lrc_break,"[('2024-04-15 15:45:00-04:00', 1.0, 42.8, 'lrc_break')]",1,-0.8717333333333378,-0.012085027726432624,522,-273.0268800000021
EIX,XLU,off,2024-04-12,2024-04-15 11:30:00-04:00,2024-04-15 11:45:00-04:00,60.86,60.14,AVWAP,62.55,swing_high,64.52,2.44,1.44,vwap_reclaim,55.6,0.77,2,2024-04-15 15:45:00-04:00,lrc_break,"[('2024-04-15 15:45:00-04:00', 1.0, 60.48, 'lrc_break')]",1,-0.6120416666666711,-0.0072407163982912024,22,-9.694740000000056
GS,XLF,off,2024-04-15,2024-04-16 10:00:00-04:00,2024-04-16 10:15:00-04:00,379.98,373.13,AVWAP,397.28,swing_high,404.87,2.51,1.32,vwap_reclaim,57.9,0.62,2,2024-06-11 15:45:00-04:00,lrc_break,"[('2024-06-11 15:45:00-04:00', 1.0, 424.48, 'lrc_break')]",40,6.437630656934285,0.11605287120374755,59,2601.76843
EXE,XLE,off,2024-04-15,2024-04-16 11:00:00-04:00,2024-04-16 11:15:00-04:00,80.72,79.02,swing_low,84.85,swing_high,87.25,2.43,1.65,vwap_reclaim,69.9,0.92,3,2024-04-16 15:45:00-04:00,lrc_break,"[('2024-04-16 15:45:00-04:00', 1.0, 81.31, 'lrc_break')]",1,0.29940294117647204,0.006305562438057524,277,140.98884500000094
ANSS,,off,2024-04-11,2024-04-16 11:00:00-04:00,2024-04-16 11:15:00-04:00,328.23,323.39,swing_low,354.52,swing_high,362.72,5.33,1.22,vwap_reclaim,45.8,0.32,3,2024-04-16 15:45:00-04:00,lrc_break,"[('2024-04-16 15:45:00-04:00', 1.0, 326.81, 'lrc_break')]",1,-0.3610578512396703,-0.005324071535204021,67,-117.08384000000108
CPRT,XLI,off,2024-04-12,2024-04-16 11:30:00-04:00,2024-04-16 11:45:00-04:00,54.695,53.62,AVWAP,56.96,swing_high,58.22,2.11,1.11,vwap_reclaim,60.8,0.79,2,2024-04-16 15:45:00-04:00,lrc_break,"[('2024-04-16 15:45:00-04:00', 1.0, 54.36, 'lrc_break')]",1,-0.3623511627906975,-0.0071218118658012775,4,-1.5581100000000034
HES,,off,2024-04-16,2024-04-17 10:00:00-04:00,2024-04-17 10:15:00-04:00,149.24,145.39,AVWAP,157.55,LRC_upper,163.87,2.1,1.88,vwap_reclaim,66.9,0.67,2,2024-05-21 12:45:00-04:00,trail,"[('2024-05-21 12:45:00-04:00', 1.0, 151.6, 'trail')]",24,0.5739168831168833,0.01480554811042625,149,329.22741999999784
CPAY,XLF,off,2024-04-16,2024-04-17 14:30:00-04:00,2024-04-17 14:45:00-04:00,298.04,290.25,swing_low,319.5,swing_high,326.47,2.78,1.34,vwap_reclaim,67.0,0.69,3,2024-04-17 15:45:00-04:00,lrc_break,"[('2024-04-17 15:45:00-04:00', 1.0, 296.39, 'lrc_break')]",1,-0.24996341463415006,-0.006533401556838122,74,-144.09391000000252
KKR,XLF,off,2024-04-12,2024-04-17 14:30:00-04:00,2024-04-17 14:45:00-04:00,94.14,92.48,swing_low,98.99,POC,101.85,2.95,1.11,vwap_reclaim,56.2,0.59,2,2024-04-17 15:45:00-04:00,lrc_break,"[('2024-04-17 15:45:00-04:00', 1.0, 93.14, 'lrc_break')]",1,-0.658819277108435,-0.011617165923093265,235,-257.0054
IP,XLB,off,2024-04-12,2024-04-17 14:30:00-04:00,2024-04-17 14:45:00-04:00,31.95,31.38,swing_low,35.15,POC,37.16,5.73,1.59,vwap_reclaim,54.0,0.76,2,2024-04-17 15:45:00-04:00,lrc_break,"[('2024-04-17 15:45:00-04:00', 1.0, 31.55, 'lrc_break')]",1,-0.7574561403508743,-0.013513302034428751,691,-298.339249999999
MRK,XLV,off,2024-04-15,2024-04-18 11:00:00-04:00,2024-04-18 11:15:00-04:00,115.63,114.52,swing_low,119.72,swing_high,121.88,3.77,1.34,vwap_reclaim,43.5,0.02,3,2024-05-28 15:45:00-04:00,lrc_break,"[('2024-05-28 15:45:00-04:00', 1.0, 116.68, 'lrc_break')]",28,0.8413018018018125,0.008076148058462435,190,177.43055000000217
HIG,XLF,off,2024-04-19,2024-04-22 11:45:00-04:00,2024-04-22 12:00:00-04:00,95.33,93.51,VAL,99.11,swing_high,102.47,2.13,1.46,vwap_reclaim,65.7,0.57,2,2024-04-26 09:30:00-04:00,stop,"[('2024-04-26 09:30:00-04:00', 1.0, 92.92, 'stop')]",4,-1.3758928571428604,-0.02626796391482216,232,-580.9569999999992
FCX,XLB,off,2024-04-19,2024-04-22 12:00:00-04:00,2024-04-22 12:15:00-04:00,47.24,46.25,VAL,50.77,52w_high,52.66,3.57,1.59,vwap_reclaim,71.3,0.91,2,2024-04-23 09:30:00-04:00,stop,"[('2024-04-23 09:30:00-04:00', 1.0, 45.95, 'stop')]",1,-1.3500959595959559,-0.028293712955122757,454,-606.8141299999996
FE,XLU,off,2024-04-19,2024-04-22 12:30:00-04:00,2024-04-22 12:45:00-04:00,34.5,34.03,VAL,35.52,LRC_upper,35.96,2.24,1.04,vwap_reclaim,48.6,0.28,2,2024-05-29 09:30:00-04:00,trail,"[('2024-05-29 09:30:00-04:00', 1.0, 35.16, 'trail')]",26,1.3301489361702086,0.01812086956521729,1,0.6251699999999966
IRM,XLRE,off,2024-04-23,2024-04-24 09:45:00-04:00,2024-04-24 10:00:00-04:00,71.07,69.61,VAL,74.85,swing_high,80.46,2.59,1.03,vwap_reclaim,52.8,0.22,2,2024-05-03 11:00:00-04:00,stop,"[('2024-05-03 11:00:00-04:00', 1.0, 69.61, 'stop')]",7,-1.048178082191781,-0.02153285493175734,293,-448.3896199999981
F,XLY,off,2024-04-23,2024-04-24 13:15:00-04:00,2024-04-24 13:30:00-04:00,11.15,10.84,AVWAP,11.88,LRC_upper,12.64,2.35,1.0,vwap_reclaim,48.4,0.18,2,2024-04-29 11:15:00-04:00,stop,"[('2024-04-29 11:15:00-04:00', 1.0, 10.84, 'stop')]",3,-1.0354677419354836,-0.028788789237668203,2,-0.641990000000001
ADM,XLP,off,2024-04-24,2024-04-26 12:00:00-04:00,2024-04-26 12:15:00-04:00,55.55,54.73,swing_low,58.58,swing_high,63.1,3.75,1.03,vwap_reclaim,63.0,0.77,2,2024-04-26 15:45:00-04:00,lrc_break,"[('2024-04-26 15:45:00-04:00', 1.0, 55.22, 'lrc_break')]",1,-0.46998170731707095,-0.006937623762376208,387,-149.14399499999934
MO,XLP,off,2024-04-25,2024-04-26 14:00:00-04:00,2024-04-26 14:15:00-04:00,36.59,35.83,POC,38.12,LRC_upper,38.77,2.05,13.74,vwap_reclaim,53.4,0.35,2,2024-06-12 15:45:00-04:00,lrc_break,"[('2024-06-12 15:45:00-04:00', 1.0, 38.42, 'lrc_break')]",33,2.358546052631561,0.04898865810330687,1,1.7924949999999984
GDDY,XLK,off,2024-04-26,2024-04-29 10:00:00-04:00,2024-04-29 10:15:00-04:00,125.19,122.92,POC,131.36,LRC_upper,133.45,2.64,2.38,vwap_reclaim,76.4,0.78,3,2024-04-30 15:45:00-04:00,stop,"[('2024-04-30 15:45:00-04:00', 1.0, 122.92, 'stop')]",1,-1.0546497797356829,-0.01912337247383973,170,-406.98934999999926
APP,XLC,off,2024-04-26,2024-04-29 13:45:00-04:00,2024-04-29 14:00:00-04:00,72.8,69.61,VAL,79.55,swing_high,83.76,2.11,1.38,vwap_reclaim,64.1,0.69,2,2024-05-01 12:00:00-04:00,stop,"[('2024-05-01 12:00:00-04:00', 1.0, 69.61, 'stop')]",2,-1.02232131661442,-0.04479677197802195,1,-3.2612049999999977
MCHP,XLK,off,2024-04-30,2024-05-01 12:00:00-04:00,2024-05-01 12:15:00-04:00,83.81,81.82,swing_low,89.33,LRC_upper,93.7,2.77,2.29,vwap_reclaim,39.9,0.15,2,2024-06-14 09:30:00-04:00,trail,"[('2024-06-14 09:30:00-04:00', 1.0, 86.07, 'trail')]",31,1.0929949748743624,0.025952272998448763,250,543.7649999999977
CAG,,off,2024-05-02,2024-05-03 11:00:00-04:00,2024-05-03 11:15:00-04:00,26.57,26.01,VAL,27.72,LRC_upper,31.94,2.0,1.71,vwap_reclaim,62.7,0.84,2,2024-05-06 15:15:00-04:00,stop,"[('2024-05-06 15:15:00-04:00', 1.0, 26.01, 'stop')]",1,-1.0469464285714287,-0.022065863756115873,767,-449.684429999999
C,XLF,off,2024-05-06,2024-05-07 10:30:00-04:00,2024-05-07 10:45:00-04:00,59.01,57.96,POC,61.76,LRC_upper,62.91,2.62,1.03,vwap_reclaim,59.3,0.53,2,2024-05-08 09:30:00-04:00,stop,"[('2024-05-08 09:30:00-04:00', 1.0, 57.96, 'stop')]",1,-1.0557,-0.018784697508896747,337,-373.5594449999991
ALK,,off,2024-05-07,2024-05-08 10:00:00-04:00,2024-05-08 10:15:00-04:00,43.2925,42.01,VAL,46.15,swing_high,47.4,2.21,1.74,vwap_reclaim,69.2,0.78,2,2024-05-23 15:15:00-04:00,stop,"[('2024-05-23 15:15:00-04:00', 1.0, 42.01, 'stop')]",11,-1.0332563352826512,-0.030609256799676594,451,-597.6432137499994
KDP,XLP,off,2024-05-10,2024-05-13 12:15:00-04:00,2024-05-13 12:30:00-04:00,31.83,31.46,POC,32.77,LRC_upper,33.15,2.54,2.69,vwap_reclaim,75.5,0.89,3,2024-05-20 13:45:00-04:00,stop,"[('2024-05-20 13:45:00-04:00', 1.0, 31.46, 'stop')]",5,-1.0855270270270276,-0.012618441721646166,1,-0.4016449999999975
CVNA,XLY,off,2024-05-20,2024-05-21 15:15:00-04:00,2024-05-21 15:30:00-04:00,23.08,22.19,swing_low,24.92,swing_high,27.26,2.14,1.25,vwap_reclaim,55.9,0.45,2,2024-05-23 12:45:00-04:00,stop,"[('2024-05-23 12:45:00-04:00', 1.0, 22.19, 'stop')]",2,-1.025432584269663,-0.03954224436741755,979,-893.469664999997
HWM,XLI,off,2024-05-22,2024-05-23 12:45:00-04:00,2024-05-23 13:00:00-04:00,82.76,79.95,VAH,89.09,LRC_upper,92.12,2.23,7.45,vwap_reclaim,69.4,0.56,3,2024-06-14 10:00:00-04:00,stop,"[('2024-06-14 10:00:00-04:00', 1.0, 79.95, 'stop')]",15,-1.0289519572953736,-0.03493662397293381,262,-757.5350100000005
AMCR,XLB,off,2024-05-23,2024-05-24 15:30:00-04:00,2024-05-24 15:45:00-04:00,43.64,42.75,VAL,45.83,swing_high,47.4,2.46,1.05,vwap_reclaim,61.3,0.41,3,2024-05-29 09:30:00-04:00,stop,"[('2024-05-29 09:30:00-04:00', 1.0, 42.75, 'stop')]",2,-1.0485337078651684,-0.021383936755270408,434,-405.0066300000002
CMS,XLU,off,2024-05-24,2024-05-28 15:30:00-04:00,2024-05-28 15:45:00-04:00,57.3,56.58,VAL,59.28,swing_high,60.31,2.75,1.43,vwap_reclaim,68.6,0.67,3,2024-05-29 09:30:00-04:00,stop,"[('2024-05-29 09:30:00-04:00', 1.0, 56.58, 'stop')]",1,-1.0790833333333334,-0.013559162303664902,386,-299.89883999999955
MCK,XLV,off,2024-05-23,2024-05-29 10:00:00-04:00,2024-05-29 10:15:00-04:00,546.14,540.49,swing_low,562.06,LRC_upper,573.65,2.78,1.27,vwap_reclaim,48.8,0.44,2,2024-06-28 15:45:00-04:00,lrc_break,"[('2024-06-28 15:45:00-04:00', 1.0, 578.51, 'lrc_break')]",22,5.629676991150466,0.058240881458966574,40,1272.307
FIS,XLF,off,2024-05-28,2024-05-29 12:00:00-04:00,2024-05-29 12:15:00-04:00,69.92,68.87,POC,73.62,swing_high,75.0,3.52,1.02,vwap_reclaim,58.8,0.31,3,2024-07-10 10:00:00-04:00,stop,"[('2024-07-10 10:00:00-04:00', 1.0, 68.87, 'stop')]",28,-1.0660904761904764,-0.016009653890160142,265,-296.6396749999993
EQT,XLE,off,2024-05-28,2024-05-29 14:00:00-04:00,2024-05-29 14:15:00-04:00,39.48,38.61,POC,41.19,swing_high,42.49,2.0,1.41,vwap_reclaim,62.2,0.84,2,2024-06-14 10:00:00-04:00,stop,"[('2024-06-14 10:00:00-04:00', 1.0, 38.61, 'stop')]",12,-1.0448793103448277,-0.02302545592705161,1,-0.9090449999999974
KMI,XLE,off,2024-05-29,2024-05-30 11:00:00-04:00,2024-05-30 11:15:00-04:00,17.19,16.95,VAL,18.1,swing_high,18.33,3.6,1.26,vwap_reclaim,77.4,0.74,3,2024-07-25 09:30:00-04:00,trail,"[('2024-07-25 09:30:00-04:00', 1.0, 19.1, 'trail')]",38,7.882729166666602,0.11005555555555555,1,1.8918550000000003
CL,XLP,off,2024-06-11,2024-06-12 12:15:00-04:00,2024-06-12 12:30:00-04:00,88.6,88.07,VAL,90.31,swing_high,94.31,3.07,1.15,vwap_reclaim,55.4,0.67,2,2024-07-01 15:30:00-04:00,trail,"[('2024-07-01 15:30:00-04:00', 1.0, 90.82, 'trail')]",12,4.019415094339611,0.024043905191873577,250,532.5724999999998
KO,XLP,off,2024-06-12,2024-06-13 11:15:00-04:00,2024-06-13 11:30:00-04:00,58.45,58.08,VAL,59.98,swing_high,61.57,4.14,2.44,vwap_reclaim,61.8,0.72,2,2024-08-09 15:45:00-04:00,time,"[('2024-08-09 15:45:00-04:00', 1.0, 64.5, 'time')]",40,16.185202702702497,0.10245551753635582,49,293.4377249999999
FOX,XLC,off,2024-06-13,2024-06-14 12:00:00-04:00,2024-06-14 12:15:00-04:00,30.0,29.39,AVWAP,31.62,swing_high,32.2,2.72,1.47,vwap_reclaim,74.5,0.86,3,2024-06-14 15:45:00-04:00,lrc_break,"[('2024-06-14 15:45:00-04:00', 1.0, 30.09, 'lrc_break')]",1,0.0982868852459015,0.001998499999999995,736,44.12687999999989
GEV,XLI,off,2024-06-13,2024-06-14 13:00:00-04:00,2024-06-14 13:15:00-04:00,167.92,160.18,POC,194.02,LRC_upper,209.27,3.4,2.59,vwap_reclaim,58.5,0.77,2,2024-07-17 15:45:00-04:00,lrc_break,"[('2024-07-17 15:45:00-04:00', 1.0, 165.15, 'lrc_break')]",22,-0.37939728682170404,-0.01748770247737007,121,-355.3207349999978
CMG,XLY,off,2024-06-13,2024-06-14 13:45:00-04:00,2024-06-14 14:00:00-04:00,65.03,64.12,VAH,67.98,LRC_upper,69.17,3.11,1.21,vwap_reclaim,65.5,0.5,3,2024-06-20 12:00:00-04:00,trail,"[('2024-06-20 12:00:00-04:00', 1.0, 64.69, 'trail')]",3,-0.44490109890110435,-0.0062257419652468615,1,-0.40486000000000344
KDP,XLP,off,2024-06-14,2024-06-17 10:15:00-04:00,2024-06-17 10:30:00-04:00,31.91,31.51,POC,32.75,swing_high,34.29,2.1,4.57,vwap_reclaim,72.3,0.69,3,2024-06-28 11:30:00-04:00,stop,"[('2024-06-28 11:30:00-04:00', 1.0, 31.51, 'stop')]",8,-1.0792750000000004,-0.013528987778125934,692,-298.7433199999991
DOC,XLRE,off,2024-06-18,2024-06-20 12:30:00-04:00,2024-06-20 12:45:00-04:00,16.75,16.47,VAL,17.42,swing_high,18.05,2.39,2.06,vwap_reclaim,54.3,0.54,2,2024-06-26 09:30:00-04:00,stop,"[('2024-06-26 09:30:00-04:00', 1.0, 16.47, 'stop')]",4,-1.0593214285714283,-0.017708059701492605,9,-2.6694900000000104
AMCR,XLB,off,2024-06-25,2024-06-26 11:45:00-04:00,2024-06-26 12:00:00-04:00,43.58,43.02,AVWAP,44.78,swing_high,45.77,2.32,1.91,vwap_reclaim,60.7,0.5,3,2024-06-28 15:00:00-04:00,stop,"[('2024-06-28 15:00:00-04:00', 1.0, 43.02, 'stop')]",2,-1.0773214285714292,-0.013843506195502413,3,-1.8098999999999854
DOV,XLI,off,2024-06-25,2024-06-28 12:00:00-04:00,2024-06-28 12:15:00-04:00,176.3,173.19,VAL,182.63,swing_high,187.83,2.04,3.87,vwap_reclaim,49.1,0.31,2,2024-07-01 10:45:00-04:00,stop,"[('2024-07-01 10:45:00-04:00', 1.0, 173.19, 'stop')]",1,-1.0561881028938904,-0.018631565513329628,123,-404.02363500000166
CEG,XLU,off,2024-06-26,2024-06-28 15:00:00-04:00,2024-06-28 15:15:00-04:00,200.19,191.26,swing_low,220.13,swing_high,232.79,2.25,1.1,vwap_reclaim,53.1,0.55,2,2024-06-28 15:45:00-04:00,lrc_break,"[('2024-06-28 15:45:00-04:00', 1.0, 197.42, 'lrc_break')]",1,-0.3324529675251969,-0.014829936560267798,1,-2.9688050000000104
BRO,XLF,off,2024-06-28,2024-07-01 13:00:00-04:00,2024-07-01 13:15:00-04:00,87.61,86.87,swing_low,90.18,swing_high,92.19,3.41,4.61,vwap_reclaim,68.7,0.8,3,2024-07-01 15:45:00-04:00,lrc_break,"[('2024-07-01 15:45:00-04:00', 1.0, 87.64, 'lrc_break')]",1,-0.07787162162162063,-0.0006577445497089245,251,-14.463874999999716
MMC,,off,2024-06-28,2024-07-01 13:15:00-04:00,2024-07-01 13:30:00-04:00,205.83,203.3,AVWAP,211.9,52w_high,214.47,2.39,1.5,vwap_reclaim,68.2,0.75,3,2024-08-05 13:30:00-04:00,trail,"[('2024-08-05 13:30:00-04:00', 1.0, 212.34, 'trail')]",24,2.4904802371541455,0.03061222853811393,106,667.896989999999
MRSH,XLF,off,2024-06-28,2024-07-01 13:15:00-04:00,2024-07-01 13:30:00-04:00,202.6,200.1,AVWAP,208.57,swing_high,211.1,2.37,1.5,vwap_reclaim,68.2,0.75,3,2024-08-05 13:30:00-04:00,trail,"[('2024-08-05 13:30:00-04:00', 1.0, 208.99, 'trail')]",24,2.4736819999999944,0.030524210266534978,4,24.73682000000006
GM,XLY,off,2024-07-01,2024-07-02 11:15:00-04:00,2024-07-02 11:30:00-04:00,45.73,44.8,VAL,47.97,swing_high,48.85,2.37,1.18,vwap_reclaim,57.5,0.36,3,2024-07-23 09:45:00-04:00,trail,"[('2024-07-23 09:45:00-04:00', 1.0, 45.74, 'trail')]",14,-0.03842473118279785,-0.0007814345068883007,476,-17.009859999997566
ACGL,XLF,off,2024-07-01,2024-07-02 12:15:00-04:00,2024-07-02 12:30:00-04:00,94.99,93.78,VAL,98.48,swing_high,102.1,2.88,1.36,vwap_reclaim,54.2,0.55,2,2024-07-03 09:30:00-04:00,stop,"[('2024-07-03 09:30:00-04:00', 1.0, 93.78, 'stop')]",1,-1.0780041322314053,-0.013731813875144687,229,-298.70416499999857
ELV,XLV,off,2024-07-02,2024-07-03 12:00:00-04:00,2024-07-03 12:15:00-04:00,507.37,499.94,swing_low,528.0,52w_high,542.55,2.71,1.61,vwap_reclaim,35.7,0.03,2,2024-07-17 09:30:00-04:00,trail,"[('2024-07-17 09:30:00-04:00', 1.0, 501.67, 'trail')]",9,-0.8350632570659466,-0.012228787669747894,43,-266.79435999999953
INCY,XLV,off,2024-07-09,2024-07-10 13:15:00-04:00,2024-07-10 13:30:00-04:00,60.52,58.71,POC,64.3,swing_high,66.05,2.07,1.1,vwap_reclaim,66.0,0.69,3,2024-08-02 10:15:00-04:00,trail,"[('2024-08-02 10:15:00-04:00', 1.0, 64.0, 'trail')]",17,1.8882541436464046,0.05647290152015857,314,1073.1703599999992
ADSK,XLK,off,2024-07-16,2024-07-17 13:15:00-04:00,2024-07-17 13:30:00-04:00,251.64,246.34,swing_low,264.09,swing_high,279.53,2.4,2.1,vwap_reclaim,63.0,0.7,3,2024-07-18 10:15:00-04:00,stop,"[('2024-07-18 10:15:00-04:00', 1.0, 246.34, 'stop')]",1,-1.046979245283019,-0.02205130344937205,85,-471.66414999999853
COHR,XLK,off,2024-07-17,2024-07-18 14:15:00-04:00,2024-07-18 14:30:00-04:00,73.8,70.45,POC,80.93,52w_high,84.29,2.13,2.75,vwap_reclaim,76.2,0.92,3,2024-07-18 15:45:00-04:00,lrc_break,"[('2024-07-18 15:45:00-04:00', 1.0, 74.51, 'lrc_break')]",1,0.189804477611943,0.008615785907859188,302,192.0251900000024
ILMN,XLV,off,2024-07-18,2024-07-19 12:30:00-04:00,2024-07-19 12:45:00-04:00,114.61,111.87,swing_low,121.13,LRC_upper,131.45,2.46,2.31,vwap_reclaim,44.6,0.18,3,2024-08-05 09:30:00-04:00,stop,"[('2024-08-05 09:30:00-04:00', 1.0, 111.45, 'stop')]",11,-1.194536496350366,-0.028557979233923714,194,-634.9678199999993
HPQ,XLK,off,2024-07-18,2024-07-19 13:45:00-04:00,2024-07-19 14:00:00-04:00,33.64,32.78,POC,35.56,52w_high,37.18,2.23,1.16,vwap_reclaim,70.3,0.66,3,2024-07-29 09:30:00-04:00,stop,"[('2024-07-29 09:30:00-04:00', 1.0, 32.78, 'stop')]",6,-1.0386162790697675,-0.026552021403091538,565,-504.66364999999973
EA,,off,2024-07-22,2024-07-23 13:00:00-04:00,2024-07-23 13:15:00-04:00,140.41,138.52,POC,146.88,swing_high,150.31,3.42,1.82,vwap_reclaim,69.1,0.87,3,2024-07-24 15:45:00-04:00,lrc_break,"[('2024-07-24 15:45:00-04:00', 1.0, 139.89, 'lrc_break')]",2,-0.3492857142857222,-0.004701588205968309,155,-102.3232500000016
CHRW,XLI,off,2024-07-24,2024-07-25 11:00:00-04:00,2024-07-25 11:15:00-04:00,86.85,84.57,VAH,93.69,52w_high,95.38,3.0,2.08,vwap_reclaim,72.2,0.63,2,2024-07-31 09:30:00-04:00,stop,"[('2024-07-31 09:30:00-04:00', 1.0, 84.57, 'stop')]",4,-1.037592105263158,-0.027239032815198634,249,-589.0617900000002
BAC,XLF,off,2024-07-24,2024-07-26 13:00:00-04:00,2024-07-26 13:15:00-04:00,39.67,38.72,VAL,41.65,LRC_upper,43.03,2.08,1.2,vwap_reclaim,58.1,0.73,2,2024-07-31 14:30:00-04:00,stop,"[('2024-07-31 14:30:00-04:00', 1.0, 38.72, 'stop')]",3,-1.041257894736842,-0.02493559364759271,1,-0.9891950000000029
LHX,XLI,off,2024-07-26,2024-07-29 11:45:00-04:00,2024-07-29 12:00:00-04:00,217.28,211.63,swing_low,233.11,swing_high,241.68,2.92,1.02,vwap_reclaim,54.8,0.58,2,2024-07-29 15:45:00-04:00,lrc_break,"[('2024-07-29 15:45:00-04:00', 1.0, 215.84, 'lrc_break')]",1,-0.29319646017699047,-0.007624079528718694,85,-140.8075999999998
ARE,XLRE,off,2024-07-26,2024-07-30 12:15:00-04:00,2024-07-30 12:30:00-04:00,104.89,102.68,POC,111.89,swing_high,114.83,3.15,2.21,vwap_reclaim,44.4,0.07,3,2024-08-01 11:00:00-04:00,stop,"[('2024-08-01 11:00:00-04:00', 1.0, 102.68, 'stop')]",2,-1.0469615384615385,-0.022059157212317604,175,-404.912374999999
EXPE,XLY,off,2024-07-30,2024-07-31 12:15:00-04:00,2024-07-31 12:30:00-04:00,125.43,122.59,AVWAP,132.4,swing_high,137.09,2.42,1.43,vwap_reclaim,60.0,0.73,3,2024-08-01 09:45:00-04:00,stop,"[('2024-08-01 09:45:00-04:00', 1.0, 122.59, 'stop')]",1,-1.0436654929577465,-0.023630790082117544,167,-494.98967000000056
LHX,XLI,off,2024-07-30,2024-08-01 12:00:00-04:00,2024-08-01 12:15:00-04:00,217.24,211.6,swing_low,233.48,LRC_upper,240.47,2.9,1.16,vwap_reclaim,54.0,0.52,2,2024-09-26 15:45:00-04:00,time,"[('2024-09-26 15:45:00-04:00', 1.0, 223.51, 'time')]",40,1.0726285460992848,0.027847656969250515,101,611.0121249999982
CTAS,XLI,off,2024-07-31,2024-08-01 15:00:00-04:00,2024-08-01 15:15:00-04:00,185.77,183.45,swing_low,191.63,LRC_upper,195.46,2.42,1.18,vwap_reclaim,60.0,0.76,2,2024-08-02 10:15:00-04:00,stop,"[('2024-08-02 10:15:00-04:00', 1.0, 183.45, 'stop')]",1,-1.0795732758620682,-0.013482316843408632,89,-222.9102900000019
FAST,XLI,off,2024-08-01,2024-08-02 09:45:00-04:00,2024-08-02 10:00:00-04:00,32.11,31.55,swing_low,33.87,swing_high,36.41,3.14,1.99,vwap_reclaim,44.5,0.3,2,2024-08-05 09:30:00-04:00,stop,"[('2024-08-05 09:30:00-04:00', 1.0, 31.55, 'stop')]",1,-1.0568392857142859,-0.018431329803799402,2,-1.1836599999999975
HBAN,XLF,off,2024-08-01,2024-08-02 12:00:00-04:00,2024-08-02 12:15:00-04:00,12.63,12.37,AVWAP,13.98,swing_high,14.53,5.19,1.61,vwap_reclaim,51.3,0.36,3,2024-08-05 09:30:00-04:00,stop,"[('2024-08-05 09:30:00-04:00', 1.0, 12.31, 'stop')]",1,-1.2787307692307626,-0.026323832145684897,1738,-577.8328600000006
FI,,off,2024-08-02,2024-08-05 12:15:00-04:00,2024-08-05 12:30:00-04:00,158.13,155.19,swing_low,164.58,LRC_upper,168.31,2.16,1.28,vwap_reclaim,56.0,0.64,2,2024-08-05 15:15:00-04:00,stop,"[('2024-08-05 15:15:00-04:00', 1.0, 155.19, 'stop')]",0,-1.0532857142857144,-0.019583001328021234,135,-418.04909999999967
FISV,XLF,off,2024-08-02,2024-08-05 12:15:00-04:00,2024-08-05 12:30:00-04:00,158.13,155.19,swing_low,164.58,LRC_upper,168.31,2.16,1.28,vwap_reclaim,56.0,0.64,2,2024-08-05 15:15:00-04:00,stop,"[('2024-08-05 15:15:00-04:00', 1.0, 155.19, 'stop')]",0,-1.0532857142857144,-0.019583001328021234,135,-418.04909999999967
HRL,XLP,off,2024-08-05,2024-08-06 12:00:00-04:00,2024-08-06 12:15:00-04:00,29.4,28.75,swing_low,30.83,LRC_upper,32.18,2.15,1.82,vwap_reclaim,42.9,0.0,3,2024-08-12 13:00:00-04:00,stop,"[('2024-08-12 13:00:00-04:00', 1.0, 28.75, 'stop')]",4,-1.0447307692307692,-0.02309778911564621,715,-485.53862499999894
HPQ,XLK,off,2024-08-05,2024-08-06 12:45:00-04:00,2024-08-06 13:00:00-04:00,29.82,28.95,swing_low,33.62,swing_high,34.84,4.37,3.03,vwap_reclaim,54.6,0.1,2,2024-08-06 15:45:00-04:00,lrc_break,"[('2024-08-06 15:45:00-04:00', 1.0, 29.66, 'lrc_break')]",1,-0.2180919540229884,-0.006362843729040916,705,-133.7667000000001
DXC,,off,2024-08-06,2024-08-08 11:15:00-04:00,2024-08-08 11:30:00-04:00,18.145,17.77,swing_low,18.98,swing_high,19.68,2.23,1.59,vwap_reclaim,53.3,0.69,2,2024-10-03 15:45:00-04:00,time,"[('2024-10-03 15:45:00-04:00', 1.0, 20.79, 'time')]",40,7.001419999999999,0.14469729953155136,1156,3035.1155699999995
IP,XLB,off,2024-08-06,2024-08-08 14:15:00-04:00,2024-08-08 14:30:00-04:00,40.86,39.81,swing_low,43.08,swing_high,44.25,2.14,1.07,vwap_reclaim,52.7,0.03,3,2024-10-03 15:45:00-04:00,time,"[('2024-10-03 15:45:00-04:00', 1.0, 44.09, 'time')]",40,3.035738095238107,0.07801089084679402,513,1635.200325000002
JBHT,XLI,off,2024-08-09,2024-08-12 11:45:00-04:00,2024-08-12 12:00:00-04:00,159.37,155.03,VAL,168.56,swing_high,194.72,2.07,5.78,vwap_reclaim,47.0,0.4,2,2024-10-07 15:45:00-04:00,time,"[('2024-10-07 15:45:00-04:00', 1.0, 161.06, 'time')]",40,0.35248502304147383,0.009598952123988189,125,191.22312499999973
LNT,XLU,off,2024-08-12,2024-08-13 11:00:00-04:00,2024-08-13 11:15:00-04:00,52.71,51.74,POC,54.94,LRC_upper,55.72,2.33,2.88,vwap_reclaim,76.7,0.83,3,2024-10-04 15:45:00-04:00,lrc_break,"[('2024-10-04 15:45:00-04:00', 1.0, 56.49, 'lrc_break')]",38,3.8406185567010365,0.0706772908366534,391,1456.6314000000004
MO,XLP,off,2024-08-14,2024-08-15 15:00:00-04:00,2024-08-15 15:15:00-04:00,43.63,43.19,VAH,45.04,LRC_upper,45.67,3.2,1.85,vwap_reclaim,74.7,0.87,3,2024-09-12 15:45:00-04:00,lrc_break,"[('2024-09-12 15:45:00-04:00', 1.0, 45.07, 'lrc_break')]",20,3.1719318181817777,0.031988310795324264,1,1.3956499999999978
MO,XLP,off,2024-09-13,2024-09-16 11:45:00-04:00,2024-09-16 12:00:00-04:00,45.34,44.6,VAL,47.04,swing_high,47.79,2.3,1.01,vwap_reclaim,78.3,0.9,3,2024-09-16 15:45:00-04:00,lrc_break,"[('2024-09-16 15:45:00-04:00', 1.0, 45.13, 'lrc_break')]",1,-0.3449121621621624,-0.005629355977062216,1,-0.2552350000000009
KVUE,XLP,off,2024-09-16,2024-09-17 14:00:00-04:00,2024-09-17 14:15:00-04:00,21.19,20.73,VAH,22.46,LRC_upper,22.98,2.76,1.18,vwap_reclaim,81.3,0.92,3,2024-09-20 09:30:00-04:00,stop,"[('2024-09-20 09:30:00-04:00', 1.0, 20.73, 'stop')]",3,-1.0455652173913041,-0.022697498820198246,2,-0.9619200000000018
MO,XLP,off,2024-09-23,2024-09-24 13:00:00-04:00,2024-09-24 13:15:00-04:00,44.62,43.69,AVWAP,47.04,swing_high,47.73,2.64,1.04,vwap_reclaim,63.8,0.65,2,2024-10-03 09:45:00-04:00,stop,"[('2024-10-03 09:45:00-04:00', 1.0, 43.69, 'stop')]",7,-1.047478494623656,-0.021832250112057368,1,-0.9741549999999998
ICE,XLF,off,2024-09-25,2024-09-27 12:00:00-04:00,2024-09-27 12:15:00-04:00,154.78,153.5,AVWAP,159.33,swing_high,163.73,3.55,1.29,vwap_reclaim,73.5,0.84,3,2024-09-27 15:45:00-04:00,lrc_break,"[('2024-09-27 15:45:00-04:00', 1.0, 154.78, 'lrc_break')]",1,-0.12092187499999989,-0.001,145,-22.443099999999998
KVUE,XLP,off,2024-09-26,2024-09-27 13:45:00-04:00,2024-09-27 14:00:00-04:00,21.23,20.62,VAL,23.15,LRC_upper,23.55,3.15,1.15,vwap_reclaim,86.4,0.88,3,2024-10-01 13:15:00-04:00,stop,"[('2024-10-01 13:15:00-04:00', 1.0, 20.62, 'stop')]",2,-1.0343032786885247,-0.02971855864342908,5,-3.1546249999999976
HWM,XLI,off,2024-09-27,2024-09-30 10:00:00-04:00,2024-09-30 10:15:00-04:00,98.68,96.56,VAH,106.7,LRC_upper,108.87,4.04,1.28,vwap_reclaim,76.2,0.58,3,2024-10-24 09:30:00-04:00,trail,"[('2024-10-24 09:30:00-04:00', 1.0, 99.69, 'trail')]",18,0.4296297169811269,0.009229985812727918,227,206.75500499999794
IVZ,XLF,off,2024-09-30,2024-10-01 12:00:00-04:00,2024-10-01 12:15:00-04:00,16.06,15.82,POC,16.71,52w_high,17.14,2.56,1.05,vwap_reclaim,43.8,0.13,2,2024-10-23 13:30:00-04:00,trail,"[('2024-10-23 13:30:00-04:00', 1.0, 15.97, 'trail')]",16,-0.44172916666666157,-0.0066011830635117116,1,-0.10601499999999808
LITE,XLK,off,2024-09-30,2024-10-01 13:45:00-04:00,2024-10-01 14:00:00-04:00,61.845,60.48,POC,69.48,LRC_upper,72.38,5.59,1.13,vwap_reclaim,66.4,0.49,3,2024-11-15 13:15:00-05:00,trail,"[('2024-11-15 13:15:00-05:00', 1.0, 80.5, 'trail')]",33,13.614525641025622,0.30049037917374083,1,18.5838275
FIS,XLF,off,2024-10-02,2024-10-03 11:30:00-04:00,2024-10-03 11:45:00-04:00,78.48,77.38,VAL,80.8,swing_high,83.2,2.14,1.73,vwap_reclaim,65.4,0.88,2,2024-11-05 13:30:00-05:00,trail,"[('2024-11-05 13:30:00-05:00', 1.0, 82.06, 'trail')]",23,3.181572727272701,0.0445939092762487,1,3.4997299999999982
AES,XLU,off,2024-10-03,2024-10-04 10:30:00-04:00,2024-10-04 10:45:00-04:00,17.23,16.72,swing_low,18.37,swing_high,19.23,2.24,1.61,vwap_reclaim,58.6,0.55,2,2024-10-07 14:30:00-04:00,stop,"[('2024-10-07 14:30:00-04:00', 1.0, 16.72, 'stop')]",1,-1.0332843137254901,-0.030584735925711058,1302,-686.121450000002
FAST,XLI,off,2024-10-02,2024-10-04 11:00:00-04:00,2024-10-04 11:15:00-04:00,33.56,33.23,AVWAP,35.44,LRC_upper,37.44,5.5,1.12,vwap_reclaim,48.8,0.31,2,2024-11-29 13:00:00-05:00,time,"[('2024-11-29 13:00:00-05:00', 1.0, 40.25, 'time')]",40,20.160893939393603,0.19824478545887955,668,4444.267459999998
ABT,XLV,off,2024-10-04,2024-10-07 10:00:00-04:00,2024-10-07 10:15:00-04:00,108.56,106.36,AVWAP,113.68,swing_high,115.46,2.37,3.14,vwap_reclaim,62.7,0.55,2,2024-10-25 12:45:00-04:00,trail,"[('2024-10-25 12:45:00-04:00', 1.0, 110.18, 'trail')]",14,0.6866500000000012,0.013915162122328708,206,311.1897800000009
ATO,XLU,off,2024-10-04,2024-10-07 15:15:00-04:00,2024-10-07 15:30:00-04:00,131.6,129.99,POC,135.81,LRC_upper,139.47,2.68,1.27,vwap_reclaim,73.9,0.9,3,2024-10-25 15:45:00-04:00,lrc_break,"[('2024-10-25 15:45:00-04:00', 1.0, 134.52, 'lrc_break')]",15,1.7310186335403985,0.021177355623100427,169,470.9928600000027
AXP,XLF,off,2024-10-04,2024-10-07 15:30:00-04:00,2024-10-07 15:45:00-04:00,268.51,265.57,VAH,278.39,LRC_upper,283.64,3.41,1.79,vwap_reclaim,68.9,0.69,3,2024-10-08 09:30:00-04:00,stop,"[('2024-10-08 09:30:00-04:00', 1.0, 265.57, 'stop')]",1,-1.090829931972789,-0.011943838218315883,78,-250.1491199999998
DOV,XLI,off,2024-10-03,2024-10-08 11:00:00-04:00,2024-10-08 11:15:00-04:00,183.05,180.43,VAL,190.69,swing_high,194.23,3.01,1.5,vwap_reclaim,56.7,0.46,3,2024-10-24 09:30:00-04:00,trail,"[('2024-10-24 09:30:00-04:00', 1.0, 181.19, 'trail')]",12,-0.7794351145038206,-0.011156077574433288,113,-230.75956000000153
ALK,,off,2024-10-22,2024-10-23 13:15:00-04:00,2024-10-23 13:30:00-04:00,45.675,44.62,POC,49.0,LRC_upper,50.36,3.13,1.05,vwap_reclaim,77.8,0.91,3,2024-12-18 15:45:00-05:00,time,"[('2024-12-18 15:45:00-05:00', 1.0, 62.47, 'time')]",40,15.868177725118489,0.3665227695675972,3,50.22278250000001
F,XLY,off,2024-10-23,2024-10-24 10:15:00-04:00,2024-10-24 10:30:00-04:00,9.897,9.51,AVWAP,10.75,swing_high,11.0,2.17,1.29,vwap_reclaim,46.4,0.0,3,2024-10-29 09:30:00-04:00,stop,"[('2024-10-29 09:30:00-04:00', 1.0, 9.351, 'stop')]",3,-1.4357209302325546,-0.05614064868141854,2304,-1280.1576959999986
GD,XLI,off,2024-10-23,2024-10-24 12:15:00-04:00,2024-10-24 12:30:00-04:00,293.57,289.58,AVWAP,302.12,LRC_upper,306.93,2.12,1.07,vwap_reclaim,50.4,0.48,2,2024-10-31 09:30:00-04:00,stop,"[('2024-10-31 09:30:00-04:00', 1.0, 289.58, 'stop')]",5,-1.0730764411027567,-0.014584511360152635,69,-295.4286750000006
HON,XLI,off,2024-10-24,2024-10-28 12:00:00-04:00,2024-10-28 12:15:00-04:00,195.84,193.51,swing_low,207.23,swing_high,211.6,4.81,1.34,vwap_reclaim,61.8,0.62,3,2024-10-28 15:45:00-04:00,lrc_break,"[('2024-10-28 15:45:00-04:00', 1.0, 195.58, 'lrc_break')]",1,-0.19558369098711953,-0.0023269505718953786,115,-52.40664999999896
BKNG,XLY,off,2024-10-25,2024-10-28 15:30:00-04:00,2024-10-28 15:45:00-04:00,170.98,168.21,POC,179.29,LRC_upper,182.19,2.68,1.05,vwap_reclaim,79.0,0.92,3,2024-12-09 15:45:00-05:00,lrc_break,"[('2024-12-09 15:45:00-05:00', 1.0, 202.76, 'lrc_break')]",30,11.40546209386289,0.1847767575154989,132,4170.29316
BSX,XLV,off,2024-10-28,2024-10-29 11:00:00-04:00,2024-10-29 11:15:00-04:00,84.94,83.46,AVWAP,88.79,swing_high,90.09,2.58,1.09,vwap_reclaim,70.4,0.85,2,2024-10-29 15:45:00-04:00,lrc_break,"[('2024-10-29 15:45:00-04:00', 1.0, 84.56, 'lrc_break')]",1,-0.31402027027026636,-0.005471509300682781,264,-122.6939999999988
ALL,XLF,off,2024-10-28,2024-10-29 12:00:00-04:00,2024-10-29 12:15:00-04:00,181.39,177.86,swing_low,191.32,swing_high,195.56,2.82,1.46,vwap_reclaim,52.3,0.42,2,2024-11-01 12:45:00-04:00,stop,"[('2024-11-01 12:45:00-04:00', 1.0, 177.86, 'stop')]",3,-1.0508852691218136,-0.020451099840123343,120,-445.15499999999673
BXP,XLRE,off,2024-10-29,2024-10-30 13:30:00-04:00,2024-10-30 13:45:00-04:00,76.41,74.95,VAL,82.7,swing_high,86.85,4.17,4.32,vwap_reclaim,73.9,0.91,3,2024-10-30 15:45:00-04:00,lrc_break,"[('2024-10-30 15:45:00-04:00', 1.0, 75.98, 'lrc_break')]",1,-0.3467089041095855,-0.00662472189503982,293,-148.31513499999784
ILMN,XLV,off,2024-10-30,2024-10-31 11:45:00-04:00,2024-10-31 12:00:00-04:00,144.83,140.15,POC,154.23,LRC_upper,161.74,2.05,1.0,vwap_reclaim,65.3,0.66,3,2024-11-13 15:45:00-05:00,lrc_break,"[('2024-11-13 15:45:00-05:00', 1.0, 146.25, 'lrc_break')]",10,0.27232051282050973,0.008799696195539511,155,197.54129999999807
HUBB,XLI,off,2024-10-30,2024-10-31 12:00:00-04:00,2024-10-31 12:15:00-04:00,416.67,408.75,swing_low,441.07,POC,473.72,3.07,1.44,vwap_reclaim,71.2,0.84,3,2024-10-31 15:45:00-04:00,lrc_break,"[('2024-10-31 15:45:00-04:00', 1.0, 416.02, 'lrc_break')]",1,-0.13463952020202424,-0.002559207526339871,47,-50.118215000001605
BLK,XLF,off,2024-10-31,2024-11-01 11:00:00-04:00,2024-11-01 11:15:00-04:00,946.62,925.49,swing_low,990.03,swing_high,1005.67,2.02,2.44,vwap_reclaim,72.0,0.87,2,2024-12-18 15:45:00-05:00,lrc_break,"[('2024-12-18 15:45:00-05:00', 1.0, 983.65, 'lrc_break')]",33,1.7068085660198762,0.038098566478629206,20,721.2972999999995
ATO,XLU,off,2024-10-30,2024-11-01 12:30:00-04:00,2024-11-01 12:45:00-04:00,132.55,130.79,AVWAP,137.68,swing_high,140.6,2.87,1.61,vwap_reclaim,62.9,0.86,2,2024-11-01 15:45:00-04:00,lrc_break,"[('2024-11-01 15:45:00-04:00', 1.0, 132.27, 'lrc_break')]",1,-0.23432386363636173,-0.0031113542059600235,167,-68.87247000000019
HBAN,XLF,off,2024-11-01,2024-11-04 12:15:00-05:00,2024-11-04 12:30:00-05:00,14.27,14.06,VAL,14.86,swing_high,15.14,2.81,1.07,vwap_reclaim,59.4,0.64,2,2024-12-09 15:45:00-05:00,lrc_break,"[('2024-12-09 15:45:00-05:00', 1.0, 16.0, 'lrc_break')]",25,8.166023809523848,0.12017274001401546,1546,2651.181290000001
BNY,XLF,off,2024-11-06,2024-11-07 13:45:00-05:00,2024-11-07 14:00:00-05:00,69.19,68.51,VAH,71.53,LRC_upper,72.72,3.44,2.33,vwap_reclaim,68.3,0.9,2,2024-12-13 15:45:00-05:00,lrc_break,"[('2024-12-13 15:45:00-05:00', 1.0, 70.58, 'lrc_break')]",26,1.941345588235316,0.01907956352074,1,1.3201150000000006
ITW,XLI,off,2024-11-13,2024-11-14 13:00:00-05:00,2024-11-14 13:15:00-05:00,260.16,257.98,VAH,265.89,52w_high,269.37,2.61,1.97,vwap_reclaim,58.1,0.68,2,2024-11-19 09:30:00-05:00,stop,"[('2024-11-19 09:30:00-05:00', 1.0, 256.62, 'stop')]",3,-1.742380733944958,-0.014600207564575723,87,-330.4599300000018
CCL,XLY,off,2024-11-13,2024-11-15 14:30:00-05:00,2024-11-15 14:45:00-05:00,23.85,23.3,VAH,25.03,LRC_upper,25.89,2.15,1.11,vwap_reclaim,76.1,0.91,3,2024-12-09 15:45:00-05:00,lrc_break,"[('2024-12-09 15:45:00-05:00', 1.0, 25.0, 'lrc_break')]",16,2.046499999999995,0.04719392033542971,4,4.502299999999995
GOOG,XLC,off,2024-11-18,2024-11-19 10:30:00-05:00,2024-11-19 10:45:00-05:00,175.85,172.63,swing_low,182.38,swing_high,191.71,2.02,1.08,vwap_reclaim,68.7,0.76,3,2024-11-21 09:30:00-05:00,stop,"[('2024-11-21 09:30:00-05:00', 1.0, 172.63, 'stop')]",2,-1.0541118012422361,-0.019301905032698317,126,-427.6742399999999
DXCM,XLV,off,2024-11-20,2024-11-21 11:00:00-05:00,2024-11-21 11:15:00-05:00,74.6384,70.72,AVWAP,115.3,swing_high,118.0,10.46,2.14,vwap_reclaim,57.0,0.4,2,2025-01-22 15:45:00-05:00,time,"[('2025-01-22 15:45:00-05:00', 1.0, 87.08, 'time')]",40,3.154537770518573,0.16560833029646926,293,3621.6970543999983
ETR,XLU,off,2024-11-29,2024-12-02 11:15:00-05:00,2024-12-02 11:30:00-05:00,73.89,72.73,VAH,76.65,LRC_upper,78.51,2.38,1.24,vwap_reclaim,68.6,0.87,2,2024-12-03 15:30:00-05:00,stop,"[('2024-12-03 15:30:00-05:00', 1.0, 72.73, 'stop')]",1,-1.063198275862069,-0.016691162538909142,331,-408.2256099999989
FRT,XLRE,off,2024-12-03,2024-12-04 11:30:00-05:00,2024-12-04 11:45:00-05:00,105.17,103.75,swing_low,108.72,swing_high,110.42,2.6,4.52,vwap_reclaim,50.1,0.29,3,2024-12-10 10:15:00-05:00,stop,"[('2024-12-10 10:15:00-05:00', 1.0, 103.75, 'stop')]",4,-1.07356338028169,-0.014495198250451665,233,-355.1991800000004
KMI,XLE,off,2024-12-06,2024-12-10 09:45:00-05:00,2024-12-10 10:00:00-05:00,25.44,25.13,VAL,26.83,52w_high,27.93,4.67,2.01,vwap_reclaim,69.7,0.89,2,2024-12-10 13:00:00-05:00,stop,"[('2024-12-10 13:00:00-05:00', 1.0, 25.13, 'stop')]",0,-1.0815645161290317,-0.01317944182389946,956,-320.5324600000022
CHD,XLP,off,2024-12-05,2024-12-10 09:45:00-05:00,2024-12-10 10:00:00-05:00,104.02,103.06,AVWAP,111.0,swing_high,114.73,7.27,1.02,vwap_reclaim,51.1,0.63,2,2024-12-11 15:45:00-05:00,lrc_break,"[('2024-12-11 15:45:00-05:00', 1.0, 103.29, 'lrc_break')]",2,-0.8683906249999951,-0.008014372236108343,233,-194.24161499999764
BAC,XLF,off,2024-12-06,2024-12-10 11:15:00-05:00,2024-12-10 11:30:00-05:00,44.29,43.74,VAL,45.99,swing_high,47.75,3.09,1.28,vwap_reclaim,63.2,0.89,2,2024-12-10 15:45:00-05:00,lrc_break,"[('2024-12-10 15:45:00-05:00', 1.0, 44.03, 'lrc_break')]",1,-0.553018181818181,-0.00686746443892522,546,-166.07135999999892
COHR,XLK,off,2024-12-09,2024-12-10 12:30:00-05:00,2024-12-10 12:45:00-05:00,101.785,99.13,AVWAP,109.88,swing_high,114.7,3.04,1.05,vwap_reclaim,53.7,0.36,2,2024-12-18 15:00:00-05:00,stop,"[('2024-12-18 15:00:00-05:00', 1.0, 99.13, 'stop')]",6,-1.0378370998116762,-0.02707135137790442,48,-132.26196000000004
CNP,XLU,off,2024-12-10,2024-12-11 11:00:00-05:00,2024-12-11 11:15:00-05:00,30.2,29.51,VAL,31.68,swing_high,32.3,2.14,4.18,vwap_reclaim,64.7,0.55,3,2025-01-06 15:45:00-05:00,lrc_break,"[('2025-01-06 15:45:00-05:00', 1.0, 29.82, 'lrc_break')]",17,-0.5942173913043484,-0.013576490066225133,802,-328.82801999999924
CINF,XLF,off,2024-12-10,2024-12-11 13:30:00-05:00,2024-12-11 13:45:00-05:00,143.35,139.1,AVWAP,152.19,POC,157.97,2.05,1.38,vwap_reclaim,72.8,0.86,3,2024-12-11 15:45:00-05:00,lrc_break,"[('2024-12-11 15:45:00-05:00', 1.0, 144.98, 'lrc_break')]",1,0.34960823529411655,0.010365085455179598,166,246.64860999999922
CCL,XLY,off,2024-12-11,2024-12-12 12:00:00-05:00,2024-12-12 12:15:00-05:00,26.21,25.54,VAH,28.05,LRC_upper,28.7,2.75,1.44,vwap_reclaim,76.9,0.93,2,2024-12-13 09:45:00-05:00,stop,"[('2024-12-13 09:45:00-05:00', 1.0, 25.54, 'stop')]",1,-1.0386194029850746,-0.026549980923311775,928,-645.7720000000015
FICO,XLK,off,2024-12-11,2024-12-12 12:30:00-05:00,2024-12-12 13:00:00-05:00,2197.69,2144.97,AVWAP,2371.28,POC,2565.49,3.08,2.31,vwap_reclaim,68.1,0.71,2,2024-12-12 15:45:00-05:00,lrc_break,"[('2024-12-12 15:45:00-05:00', 1.0, 2186.91, 'lrc_break')]",1,-0.246060318664646,-0.005902697832724451,10,-129.723000000002
FOX,XLC,off,2024-12-12,2024-12-13 11:15:00-05:00,2024-12-13 11:30:00-05:00,43.97,43.08,POC,46.26,LRC_upper,47.23,2.53,1.33,vwap_reclaim,76.8,0.86,3,2025-01-17 15:45:00-05:00,lrc_break,"[('2025-01-17 15:45:00-05:00', 1.0, 44.73, 'lrc_break')]",23,0.8041011235955029,0.016275869911303118,549,392.8918499999989
JBHT,XLI,off,2024-12-11,2024-12-13 13:15:00-05:00,2024-12-13 13:30:00-05:00,177.22,174.63,swing_low,189.2,swing_high,197.0,4.58,1.62,vwap_reclaim,56.0,0.55,2,2024-12-16 14:30:00-05:00,stop,"[('2024-12-16 14:30:00-05:00', 1.0, 174.63, 'stop')]",1,-1.0679247104247103,-0.015607296016251005,131,-362.3361750000004
GEN,XLK,off,2024-12-13,2024-12-16 13:45:00-05:00,2024-12-16 14:00:00-05:00,28.7,28.24,AVWAP,29.77,swing_high,30.7,2.33,1.48,vwap_reclaim,66.1,0.73,3,2024-12-17 15:45:00-05:00,lrc_break,"[('2024-12-17 15:45:00-05:00', 1.0, 28.43, 'lrc_break')]",2,-0.6490543478260848,-0.010402961672473853,2,-0.597129999999999
FI,,off,2024-12-12,2024-12-17 11:00:00-05:00,2024-12-17 11:15:00-05:00,203.34,199.77,VAL,215.5,swing_high,223.23,3.48,1.01,vwap_reclaim,66.9,0.61,3,2025-01-10 12:00:00-05:00,stop,"[('2025-01-10 12:00:00-05:00', 1.0, 199.77, 'stop')]",15,-1.0564579831932774,-0.018548023015638796,112,-422.41415999999924
MO,XLP,off,2024-12-16,2024-12-18 12:00:00-05:00,2024-12-18 12:15:00-05:00,47.07,46.44,swing_low,49.36,swing_high,50.65,3.71,1.12,vwap_reclaim,58.3,0.76,2,2024-12-18 15:45:00-05:00,lrc_break,"[('2024-12-18 15:45:00-05:00', 1.0, 46.46, 'lrc_break')]",1,-1.0424841269841219,-0.013952942426173771,3,-1.9702949999999984
ETSY,,off,2024-12-18,2024-12-19 11:30:00-05:00,2024-12-19 11:45:00-05:00,56.43,54.47,swing_low,60.64,swing_high,66.49,2.1,1.73,vwap_reclaim,65.8,0.69,3,2024-12-26 12:15:00-05:00,stop,"[('2024-12-26 12:15:00-05:00', 1.0, 54.47, 'stop')]",4,-1.0282908163265305,-0.03571593124224705,420,-846.4890000000004
HOOD,XLF,off,2024-12-20,2024-12-23 11:45:00-05:00,2024-12-23 12:00:00-05:00,37.6534,36.17,VAL,42.76,swing_high,46.14,3.42,1.37,vwap_reclaim,71.2,0.84,2,2024-12-31 15:45:00-05:00,lrc_break,"[('2024-12-31 15:45:00-05:00', 1.0, 37.25, 'lrc_break')]",6,-0.29719003640285757,-0.011708151189533953,27,-11.902995899999938
CRM,XLK,off,2024-12-24,2024-12-26 13:15:00-05:00,2024-12-26 13:30:00-05:00,338.33,328.2,AVWAP,361.63,swing_high,380.13,2.3,1.24,vwap_reclaim,75.3,0.79,3,2024-12-30 09:45:00-05:00,stop,"[('2024-12-30 09:45:00-05:00', 1.0, 328.2, 'stop')]",2,-1.0328988153998027,-0.03092621109567581,67,-701.0387549999997
IP,XLB,off,2024-12-24,2024-12-26 15:15:00-05:00,2024-12-26 15:30:00-05:00,51.13,49.65,swing_low,54.72,swing_high,55.95,2.4,1.03,vwap_reclaim,54.3,0.35,2,2024-12-30 10:00:00-05:00,stop,"[('2024-12-30 10:00:00-05:00', 1.0, 49.65, 'stop')]",2,-1.0340472972972972,-0.02993135145707029,4,-6.1215600000000165
KR,XLP,off,2024-12-27,2024-12-30 11:30:00-05:00,2024-12-30 11:45:00-05:00,59.28,58.49,POC,61.98,LRC_upper,63.55,3.31,54.0,vwap_reclaim,61.4,0.79,2,2025-01-06 09:45:00-05:00,stop,"[('2025-01-06 09:45:00-05:00', 1.0, 58.49, 'stop')]",4,-1.0745379746835444,-0.014319922402159228,374,-317.4829899999997
AXON,XLI,off,2024-12-27,2025-01-02 10:00:00-05:00,2025-01-02 10:15:00-05:00,597.87,586.43,swing_low,641.87,swing_high,698.67,3.8,1.18,vwap_reclaim,70.4,0.69,3,2025-01-06 09:30:00-05:00,stop,"[('2025-01-06 09:30:00-05:00', 1.0, 586.43, 'stop')]",2,-1.0517613636363634,-0.020125027179821793,1,-12.032150000000055
HPE,XLK,off,2024-12-27,2025-01-02 10:30:00-05:00,2025-01-02 10:45:00-05:00,20.57,20.11,swing_low,21.52,swing_high,22.76,2.0,1.36,vwap_reclaim,55.9,0.45,3,2025-01-28 09:30:00-05:00,trail,"[('2025-01-28 09:30:00-05:00', 1.0, 21.51, 'trail')]",16,1.997739130434774,0.04467476908118608,19,17.460240000000024
AXP,XLF,off,2025-01-03,2025-01-06 11:30:00-05:00,2025-01-06 11:45:00-05:00,298.4,292.86,swing_low,316.74,LRC_upper,322.01,3.17,3.07,vwap_reclaim,66.1,0.63,2,2025-01-07 10:00:00-05:00,stop,"[('2025-01-07 10:00:00-05:00', 1.0, 292.86, 'stop')]",1,-1.053362815884477,-0.019556400804289425,75,-437.6722499999973
IBKR,XLF,off,2025-01-06,2025-01-07 10:30:00-05:00,2025-01-07 10:45:00-05:00,46.53,44.63,VAH,52.03,LRC_upper,54.53,2.78,4.95,vwap_reclaim,63.5,0.37,3,2025-01-27 11:15:00-05:00,trail,"[('2025-01-27 11:15:00-05:00', 1.0, 50.76, 'trail')]",12,2.2007131578947408,0.08986363636363645,507,2119.946984999998
MCK,XLV,off,2025-01-07,2025-01-08 10:00:00-05:00,2025-01-08 10:15:00-05:00,582.87,570.95,POC,627.26,swing_high,666.14,3.83,1.09,vwap_reclaim,60.8,0.07,3,2025-01-13 09:45:00-05:00,stop,"[('2025-01-13 09:45:00-05:00', 1.0, 570.95, 'stop')]",2,-1.048398489932886,-0.021440304012901607,38,-474.8825799999984
FTV,XLI,off,2025-01-07,2025-01-08 12:30:00-05:00,2025-01-08 12:45:00-05:00,50.71,50.13,swing_low,52.95,swing_high,54.07,3.86,1.36,vwap_reclaim,42.0,0.1,2,2025-01-10 09:30:00-05:00,stop,"[('2025-01-10 09:30:00-05:00', 1.0, 50.13, 'stop')]",1,-1.086931034482759,-0.012431867481758988,3,-1.8912599999999948
GDDY,XLK,off,2025-01-08,2025-01-10 12:30:00-05:00,2025-01-10 12:45:00-05:00,193.28,191.02,AVWAP,201.94,swing_high,207.31,3.68,1.06,vwap_reclaim,61.1,0.67,2,2025-01-10 15:45:00-05:00,lrc_break,"[('2025-01-10 15:45:00-05:00', 1.0, 192.8, 'lrc_break')]",1,-0.2978053097345099,-0.0034822019867549138,116,-78.07263999999881
FLEX,XLK,off,2025-01-08,2025-01-10 12:30:00-05:00,2025-01-10 12:45:00-05:00,40.1,39.26,AVWAP,42.47,swing_high,44.45,2.78,1.45,vwap_reclaim,49.1,0.28,2,2025-01-13 09:30:00-05:00,stop,"[('2025-01-13 09:30:00-05:00', 1.0, 39.26, 'stop')]",1,-1.047238095238095,-0.021937157107232007,2,-1.759360000000007
HST,XLRE,off,2025-01-10,2025-01-13 11:45:00-05:00,2025-01-13 12:00:00-05:00,15.25,15.04,VAL,15.83,swing_high,16.6,2.76,2.77,vwap_reclaim,36.2,0.02,2,2025-01-29 10:15:00-05:00,stop,"[('2025-01-29 10:15:00-05:00', 1.0, 15.04, 'stop')]",11,-1.0721190476190472,-0.014763606557377105,1511,-340.1940950000013
CIEN,XLK,off,2025-01-10,2025-01-13 14:00:00-05:00,2025-01-13 14:15:00-05:00,81.37,78.34,AVWAP,91.82,swing_high,96.64,3.41,1.34,vwap_reclaim,69.7,0.74,2,2025-01-27 09:30:00-05:00,trail,"[('2025-01-27 09:30:00-05:00', 1.0, 84.6, 'trail')]",9,1.0386188118811843,0.038675371758633274,259,815.0768849999973
CME,XLF,off,2025-01-21,2025-01-22 10:30:00-05:00,2025-01-22 10:45:00-05:00,220.44,216.2,VAL,229.5,swing_high,233.72,2.11,3.6,vwap_reclaim,60.5,0.48,3,2025-03-19 15:45:00-04:00,time,"[('2025-03-19 15:45:00-04:00', 1.0, 253.12, 'time')]",40,7.651702830188664,0.14717483215387409,109,3536.3109800000007
DECK,XLY,off,2025-01-21,2025-01-22 14:15:00-05:00,2025-01-22 14:30:00-05:00,214.6,208.3,VAH,230.17,LRC_upper,235.98,2.53,1.04,vwap_reclaim,70.9,0.74,2,2025-01-31 09:30:00-05:00,stop,"[('2025-01-31 09:30:00-05:00', 1.0, 196.1, 'stop')]",7,-2.9691031746031826,-0.08716379310344828,2,-37.4107
GOOGL,XLC,off,2025-01-22,2025-01-24 09:45:00-05:00,2025-01-24 10:00:00-05:00,198.47,193.65,POC,209.89,LRC_upper,213.45,2.4,1.08,vwap_reclaim,69.1,0.62,2,2025-01-27 09:30:00-05:00,stop,"[('2025-01-27 09:30:00-05:00', 1.0, 191.32, 'stop')]",1,-1.5238371369294639,-0.03700758301002673,126,-925.4567700000008
GOOG,XLC,off,2025-01-22,2025-01-24 09:45:00-05:00,2025-01-24 10:00:00-05:00,200.17,195.05,POC,211.18,LRC_upper,215.0,2.17,1.0,vwap_reclaim,67.7,0.62,2,2025-01-27 09:30:00-05:00,stop,"[('2025-01-27 09:30:00-05:00', 1.0, 193.01, 'stop')]",1,-1.436833984375006,-0.036751711045611216,2,-14.713179999999992
JNPR,,off,2025-01-24,2025-01-27 14:00:00-05:00,2025-01-27 14:15:00-05:00,38.31,37.99,POC,39.07,swing_high,39.79,2.37,2.9,vwap_reclaim,47.0,0.48,2,2025-01-28 09:30:00-05:00,stop,"[('2025-01-28 09:30:00-05:00', 1.0, 35.77, 'stop')]",1,-8.053249999999991,-0.06726807622030799,628,-1618.3811199999996
IBM,XLK,off,2025-01-24,2025-01-27 14:15:00-05:00,2025-01-27 14:30:00-05:00,213.05,209.07,VAL,221.18,swing_high,228.66,2.0,1.48,vwap_reclaim,41.0,0.06,3,2025-02-07 15:15:00-05:00,trail,"[('2025-02-07 15:15:00-05:00', 1.0, 240.79, 'trail')]",9,6.912834170854242,0.1291390753344286,113,3108.9780399999977
APTV,XLY,off,2025-01-24,2025-01-27 14:30:00-05:00,2025-01-27 14:45:00-05:00,54.22,52.18,VAH,60.75,swing_high,62.37,3.2,1.14,vwap_reclaim,66.8,0.86,2,2025-02-03 09:30:00-05:00,stop,"[('2025-02-03 09:30:00-05:00', 1.0, 48.09, 'stop')]",5,-3.0299779411764693,-0.11400138325341194,444,-2744.432819999998
EL,XLP,off,2025-01-27,2025-01-28 11:00:00-05:00,2025-01-28 11:15:00-05:00,81.48,79.12,swing_low,86.47,LRC_upper,89.94,2.04,1.36,vwap_reclaim,54.7,0.37,3,2025-01-29 09:45:00-05:00,stop,"[('2025-01-29 09:45:00-05:00', 1.0, 79.12, 'stop')]",1,-1.0340254237288136,-0.02994968090328914,280,-683.2839999999999
APA,XLE,off,2025-01-27,2025-01-28 13:45:00-05:00,2025-01-28 14:00:00-05:00,21.74,21.21,VAL,23.15,swing_high,25.13,2.66,1.94,vwap_reclaim,45.3,0.36,2,2025-01-31 09:30:00-05:00,stop,"[('2025-01-31 09:30:00-05:00', 1.0, 21.21, 'stop')]",3,-1.0405188679245285,-0.025366835326586828,2,-1.1029499999999952
CNC,XLV,off,2025-01-28,2025-01-29 11:45:00-05:00,2025-01-29 12:00:00-05:00,64.24,63.01,POC,70.11,swing_high,73.5,4.87,9.17,vwap_reclaim,62.3,0.65,2,2025-02-04 09:30:00-05:00,stop,"[('2025-02-04 09:30:00-05:00', 1.0, 60.25, 'stop')]",4,-3.294508130081305,-0.06307977895392271,366,-1483.1216699999982
BA,XLI,off,2025-01-28,2025-01-29 14:30:00-05:00,2025-01-29 14:45:00-05:00,174.21,169.18,POC,195.84,LRC_upper,214.63,4.29,1.98,vwap_reclaim,63.5,0.71,2,2025-03-03 15:45:00-05:00,lrc_break,"[('2025-03-03 15:45:00-05:00', 1.0, 170.19, 'lrc_break')]",23,-0.8334393638170993,-0.02406406061649739,122,-511.44840000000124
BBWI,,off,2025-01-28,2025-01-29 14:30:00-05:00,2025-01-29 14:45:00-05:00,35.59,34.89,swing_low,37.55,swing_high,40.74,2.64,1.48,vwap_reclaim,54.6,0.35,2,2025-02-03 09:30:00-05:00,stop,"[('2025-02-03 09:30:00-05:00', 1.0, 34.53, 'stop')]",3,-1.5643714285714256,-0.030768755268333864,2,-2.1901200000000047
AMZN,XLY,off,2025-01-31,2025-02-03 10:45:00-05:00,2025-02-03 11:00:00-05:00,236.39,232.48,POC,249.77,LRC_upper,254.97,3.43,1.24,vwap_reclaim,71.4,0.59,3,2025-02-07 09:30:00-05:00,stop,"[('2025-02-07 09:30:00-05:00', 1.0, 232.48, 'stop')]",4,-1.0599578005115091,-0.017532192563137178,92,-381.2880199999997
BIO,,off,2025-02-06,2025-02-07 14:15:00-05:00,2025-02-07 14:30:00-05:00,341.02,328.87,swing_low,369.67,LRC_upper,387.99,2.32,2.82,vwap_reclaim,51.3,0.43,3,2025-02-10 09:30:00-05:00,stop,"[('2025-02-10 09:30:00-05:00', 1.0, 328.87, 'stop')]",1,-1.0275674897119342,-0.03661059468652858,69,-861.4612049999984
GILD,XLV,off,2025-02-07,2025-02-10 12:30:00-05:00,2025-02-10 12:45:00-05:00,91.03,89.69,AVWAP,93.72,swing_high,96.05,2.01,2.14,vwap_reclaim,54.6,0.42,3,2025-03-17 09:30:00-04:00,trail,"[('2025-03-17 09:30:00-04:00', 1.0, 106.37, 'trail')]",24,11.374104477611914,0.16743161595078548,257,3917.0141000000012
DXCM,XLV,off,2025-02-10,2025-02-11 12:15:00-05:00,2025-02-11 12:30:00-05:00,87.33,84.92,swing_low,92.38,LRC_upper,142.0,2.1,2.55,vwap_reclaim,70.0,0.68,3,2025-02-12 09:30:00-05:00,stop,"[('2025-02-12 09:30:00-05:00', 1.0, 84.92, 'stop')]",1,-1.0357365145228217,-0.028582674911256118,267,-666.4653749999991
DRI,XLY,off,2025-02-10,2025-02-11 13:00:00-05:00,2025-02-11 13:15:00-05:00,185.03,182.26,swing_low,192.95,52w_high,199.53,2.86,1.43,vwap_reclaim,69.7,0.74,3,2025-02-14 10:15:00-05:00,stop,"[('2025-02-14 10:15:00-05:00', 1.0, 182.26, 'stop')]",3,-1.0662978339350178,-0.015963060044317193,124,-366.25198000000125
GL,XLF,off,2025-02-10,2025-02-11 15:00:00-05:00,2025-02-11 15:15:00-05:00,120.46,117.38,VAL,126.9,LRC_upper,130.27,2.13,1.16,vwap_reclaim,70.9,0.79,3,2025-02-21 15:45:00-05:00,lrc_break,"[('2025-02-21 15:45:00-05:00', 1.0, 121.09, 'lrc_break')]",8,0.16533279220779545,0.0042273368753113875,1,0.5092250000000097
GEHC,XLV,off,2025-02-11,2025-02-12 11:45:00-05:00,2025-02-12 12:00:00-05:00,85.88,84.16,swing_low,89.9,swing_high,92.67,2.34,2.2,vwap_reclaim,50.0,0.53,2,2025-02-28 10:00:00-05:00,trail,"[('2025-02-28 10:00:00-05:00', 1.0, 87.74, 'trail')]",11,1.0309244186046598,0.020647298556124984,264,468.12215999999984
ADSK,XLK,off,2025-02-13,2025-02-14 11:30:00-05:00,2025-02-14 11:45:00-05:00,303.21,297.99,POC,314.09,swing_high,326.62,2.03,1.25,vwap_reclaim,42.7,0.0,3,2025-02-18 09:30:00-05:00,stop,"[('2025-02-18 09:30:00-05:00', 1.0, 297.99, 'stop')]",1,-1.057586206896552,-0.01820718314039765,74,-408.5243999999978
MDT,XLV,off,2025-02-13,2025-02-14 12:45:00-05:00,2025-02-14 13:00:00-05:00,88.4,86.76,POC,92.91,LRC_upper,94.36,2.77,2.14,vwap_reclaim,68.2,0.58,3,2025-02-18 09:30:00-05:00,stop,"[('2025-02-18 09:30:00-05:00', 1.0, 84.15, 'stop')]",1,-2.6440701219512186,-0.04905288461538461,1,-4.336275
CCL,XLY,off,2025-02-14,2025-02-18 10:15:00-05:00,2025-02-18 10:30:00-05:00,25.57,24.91,POC,27.38,swing_high,28.27,2.74,2.54,vwap_reclaim,47.2,0.06,3,2025-02-19 09:30:00-05:00,stop,"[('2025-02-19 09:30:00-05:00', 1.0, 24.91, 'stop')]",1,-1.0382424242424242,-0.02679859210011733,867,-594.1030800000002
HSIC,XLV,off,2025-02-18,2025-02-19 10:00:00-05:00,2025-02-19 10:15:00-05:00,77.49,76.08,AVWAP,82.17,swing_high,83.72,3.51,1.3,vwap_reclaim,62.4,0.32,3,2025-02-25 09:30:00-05:00,stop,"[('2025-02-25 09:30:00-05:00', 1.0, 76.08, 'stop')]",4,-1.0544574468085108,-0.019186798296554352,278,-413.3262299999991
HBAN,XLF,off,2025-02-18,2025-02-19 14:00:00-05:00,2025-02-19 14:15:00-05:00,15.7,15.52,VAL,16.4,swing_high,17.09,3.89,1.15,vwap_reclaim,43.9,0.0,3,2025-02-20 09:45:00-05:00,stop,"[('2025-02-20 09:45:00-05:00', 1.0, 15.52, 'stop')]",1,-1.0867222222222224,-0.012459235668789792,2,-0.3912199999999994
ECHO,XLC,off,2025-02-19,2025-02-20 12:30:00-05:00,2025-02-20 12:45:00-05:00,29.79,28.9,VAH,31.77,LRC_upper,32.88,2.22,1.74,vwap_reclaim,74.4,0.78,3,2025-02-24 10:00:00-05:00,stop,"[('2025-02-24 10:00:00-05:00', 1.0, 28.9, 'stop')]",2,-1.0329719101123596,-0.030860859348774774,1,-0.9193450000000005
ETR,XLU,off,2025-02-21,2025-02-24 10:15:00-05:00,2025-02-24 10:30:00-05:00,81.43,80.04,VAH,84.57,LRC_upper,86.41,2.31,2.63,vwap_reclaim,73.4,0.86,3,2025-03-06 09:30:00-05:00,stop,"[('2025-03-06 09:30:00-05:00', 1.0, 80.04, 'stop')]",8,-1.0580827338129497,-0.01806134102910476,1,-1.4707350000000006
APTV,XLY,off,2025-02-21,2025-02-24 10:45:00-05:00,2025-02-24 11:00:00-05:00,56.74,55.23,VAH,60.77,swing_high,63.88,2.69,1.2,vwap_reclaim,76.6,0.85,2,2025-02-27 09:30:00-05:00,stop,"[('2025-02-27 09:30:00-05:00', 1.0, 55.23, 'stop')]",3,-1.0370761589403972,-0.027599312654212286,1,-1.565985000000005
IBM,XLK,off,2025-02-24,2025-02-25 11:30:00-05:00,2025-02-25 11:45:00-05:00,251.63,244.2,POC,268.99,LRC_upper,276.63,2.35,1.2,vwap_reclaim,71.4,0.6,3,2025-02-27 09:30:00-05:00,stop,"[('2025-02-27 09:30:00-05:00', 1.0, 244.2, 'stop')]",2,-1.0333667563930014,-0.03051271708460838,84,-644.9448600000005
APD,XLB,off,2025-02-25,2025-02-27 10:15:00-05:00,2025-02-27 10:30:00-05:00,302.54,296.08,POC,319.78,swing_high,328.17,2.76,1.21,vwap_reclaim,45.6,0.34,2,2025-03-04 12:30:00-05:00,stop,"[('2025-03-04 12:30:00-05:00', 1.0, 296.08, 'stop')]",3,-1.046332817337461,-0.022341872149137423,67,-452.8737700000024
EMN,,off,2025-02-26,2025-02-27 12:15:00-05:00,2025-02-27 12:30:00-05:00,90.36,88.86,AVWAP,93.45,POC,98.3,2.23,1.13,vwap_reclaim,48.6,0.44,2,2025-03-03 11:30:00-05:00,stop,"[('2025-03-03 11:30:00-05:00', 1.0, 88.86, 'stop')]",2,-1.05974,-0.017591965471447542,3,-4.7688299999999995
CMA,,off,2025-02-25,2025-02-28 11:45:00-05:00,2025-02-28 12:00:00-05:00,61.29,60.23,swing_low,64.2,POC,67.85,2.78,1.11,vwap_reclaim,46.3,0.33,2,2025-03-03 15:00:00-05:00,stop,"[('2025-03-03 15:00:00-05:00', 1.0, 60.23, 'stop')]",1,-1.057320754716981,-0.01828618045358137,377,-422.52652000000086
MMM,XLI,off,2025-02-28,2025-03-03 11:45:00-05:00,2025-03-03 12:00:00-05:00,150.72,147.37,VAH,160.48,LRC_upper,163.98,2.91,1.11,vwap_reclaim,78.0,0.76,3,2025-03-04 09:30:00-05:00,stop,"[('2025-03-04 09:30:00-05:00', 1.0, 146.38, 'stop')]",1,-1.3398656716417945,-0.029780719214437392,2,-8.977100000000007
CI,XLV,off,2025-02-28,2025-03-03 15:15:00-05:00,2025-03-03 15:30:00-05:00,299.13,290.4,VAH,327.44,swing_high,344.34,3.25,1.7,vwap_reclaim,72.5,0.75,3,2025-04-07 09:30:00-04:00,trail,"[('2025-04-07 09:30:00-04:00', 1.0, 302.99, 'trail')]",25,0.4076678121420396,0.011897636479122835,75,266.920500000001
CBRE,XLRE,off,2025-03-03,2025-03-04 11:45:00-05:00,2025-03-04 12:00:00-05:00,137.5,134.17,swing_low,146.67,swing_high,153.97,2.66,1.48,vwap_reclaim,57.9,0.53,3,2025-03-06 14:45:00-05:00,stop,"[('2025-03-06 14:45:00-05:00', 1.0, 134.17, 'stop')]",2,-1.040791291291291,-0.025206072727272818,154,-533.738590000002
FTNT,XLK,off,2025-03-03,2025-03-04 12:15:00-05:00,2025-03-04 12:30:00-05:00,105.43,103.6,AVWAP,110.99,swing_high,114.82,2.99,2.79,vwap_reclaim,70.0,0.73,3,2025-03-06 12:45:00-05:00,stop,"[('2025-03-06 12:45:00-05:00', 1.0, 103.6, 'stop')]",2,-1.057112021857923,-0.018348809636725905,189,-365.62333500000244
EXC,XLU,off,2025-03-05,2025-03-06 12:45:00-05:00,2025-03-06 13:00:00-05:00,40.66,39.7,VAL,42.83,52w_high,44.22,2.26,1.41,vwap_reclaim,75.9,0.95,3,2025-03-06 15:45:00-05:00,lrc_break,"[('2025-03-06 15:45:00-05:00', 1.0, 40.62, 'lrc_break')]",1,-0.08399999999999967,-0.0019832759468765165,483,-38.94911999999958
LNT,XLU,off,2025-03-05,2025-03-06 14:30:00-05:00,2025-03-06 14:45:00-05:00,59.79,58.44,VAL,62.8,LRC_upper,64.9,2.25,1.66,vwap_reclaim,63.9,0.69,3,2025-04-04 14:15:00-04:00,trail,"[('2025-04-04 14:15:00-04:00', 1.0, 58.55, 'trail')]",21,-0.9623481481481433,-0.021728884428834166,345,-448.2136500000007
FOXA,XLC,off,2025-03-06,2025-03-07 12:30:00-05:00,2025-03-07 12:45:00-05:00,54.43,52.88,AVWAP,57.47,swing_high,59.39,2.0,3.57,vwap_reclaim,74.9,0.79,3,2025-03-10 15:45:00-04:00,lrc_break,"[('2025-03-10 15:45:00-04:00', 1.0, 53.35, 'lrc_break')]",2,-0.7315419354838713,-0.020832077898217862,360,-408.2003999999994
CMI,XLI,off,2025-03-07,2025-03-11 11:30:00-04:00,2025-03-11 11:45:00-04:00,323.46,317.5,swing_low,344.51,swing_high,355.75,3.64,1.41,vwap_reclaim,41.1,0.09,3,2025-03-11 15:45:00-04:00,lrc_break,"[('2025-03-11 15:45:00-04:00', 1.0, 321.17, 'lrc_break')]",1,-0.4383078859060357,-0.008076160885426216,59,-154.12658499999785
L,XLF,off,2025-03-07,2025-03-11 13:15:00-04:00,2025-03-11 13:30:00-04:00,84.24,82.73,swing_low,87.24,swing_high,89.54,2.01,1.88,vwap_reclaim,44.3,0.06,3,2025-04-04 10:00:00-04:00,trail,"[('2025-04-04 10:00:00-04:00', 1.0, 87.12, 'trail')]",18,1.850543046357624,0.03317094017094012,1,2.7943200000000097
CVS,XLV,off,2025-03-07,2025-03-12 09:45:00-04:00,2025-03-12 10:00:00-04:00,62.42,59.85,POC,69.23,LRC_upper,73.29,2.65,2.53,vwap_reclaim,79.4,0.91,3,2025-04-04 15:45:00-04:00,lrc_break,"[('2025-04-04 15:45:00-04:00', 1.0, 60.4, 'lrc_break')]",18,-0.809887159533075,-0.03334524190964439,304,-632.7486400000009
MDLZ,XLP,off,2025-03-24,2025-03-25 12:00:00-04:00,2025-03-25 12:15:00-04:00,61.46,60.43,POC,67.27,LRC_upper,68.74,5.71,1.28,vwap_reclaim,72.5,0.8,2,2025-04-08 15:45:00-04:00,lrc_break,"[('2025-04-08 15:45:00-04:00', 1.0, 61.52, 'lrc_break')]",11,-0.0014466019417453666,-2.4243410348157e-05,385,-0.5736499999991267
AEP,XLU,off,2025-03-24,2025-03-25 13:30:00-04:00,2025-03-25 13:45:00-04:00,97.73,96.67,swing_low,102.76,swing_high,106.55,4.75,3.64,vwap_reclaim,65.9,0.79,2,2025-03-25 15:45:00-04:00,lrc_break,"[('2025-03-25 15:45:00-04:00', 1.0, 97.73, 'lrc_break')]",1,-0.09219811320754698,-0.001,242,-23.650660000000002
DE,XLI,off,2025-03-24,2025-03-25 15:30:00-04:00,2025-03-25 15:45:00-04:00,470.42,459.3,AVWAP,495.43,swing_high,510.32,2.24,1.09,vwap_reclaim,53.0,0.29,2,2025-03-28 11:15:00-04:00,stop,"[('2025-03-28 11:15:00-04:00', 1.0, 459.3, 'stop')]",3,-1.0418039568345323,-0.024626631520768685,16,-185.35776000000007
DG,XLP,off,2025-03-25,2025-03-26 11:30:00-04:00,2025-03-26 11:45:00-04:00,81.81,75.57,swing_low,155.38,52w_high,159.82,11.83,1.43,vwap_reclaim,80.5,0.76,3,2025-04-09 14:45:00-04:00,trail,"[('2025-04-09 14:45:00-04:00', 1.0, 82.76, 'trail')]",10,0.139056891025639,0.010606466202175634,188,163.13042000000053
BSX,XLV,off,2025-03-24,2025-03-26 13:00:00-04:00,2025-03-26 13:15:00-04:00,102.285,100.56,AVWAP,106.94,swing_high,109.05,2.71,1.35,vwap_reclaim,45.3,0.0,2,2025-03-27 09:45:00-04:00,stop,"[('2025-03-27 09:45:00-04:00', 1.0, 100.56, 'stop')]",1,-1.0587956521739132,-0.01785621058806271,81,-147.94022249999952
BNY,XLF,off,2025-03-25,2025-03-27 14:00:00-04:00,2025-03-27 14:15:00-04:00,77.93,76.76,AVWAP,82.14,swing_high,83.67,3.6,1.96,vwap_reclaim,47.5,0.05,2,2025-03-28 10:00:00-04:00,stop,"[('2025-03-28 10:00:00-04:00', 1.0, 76.76, 'stop')]",1,-1.0661068376068374,-0.01600596689336586,104,-129.72388000000018
FOXA,XLC,off,2025-03-25,2025-03-28 11:30:00-04:00,2025-03-28 11:45:00-04:00,54.21,52.67,AVWAP,57.47,swing_high,60.07,2.14,1.24,vwap_reclaim,55.3,0.37,2,2025-04-03 14:15:00-04:00,stop,"[('2025-04-03 14:15:00-04:00', 1.0, 52.67, 'stop')]",4,-1.0347012987012987,-0.029393838775133723,283,-450.9435199999998
EA,,off,2025-05-12,2025-05-13 15:30:00-04:00,2025-05-13 15:45:00-04:00,148.44,144.52,swing_low,157.94,LRC_upper,167.08,2.42,1.51,vwap_reclaim,62.7,0.55,2,2025-05-29 09:30:00-04:00,stop,"[('2025-05-29 09:30:00-04:00', 1.0, 144.52, 'stop')]",11,-1.0373673469387756,-0.02739477229857173,155,-630.304399999998
DGX,XLV,off,2025-05-13,2025-05-14 12:45:00-04:00,2025-05-14 13:00:00-04:00,168.75,166.42,AVWAP,175.43,52w_high,179.72,2.9,1.64,vwap_reclaim,44.0,0.2,2,2025-05-21 10:30:00-04:00,stop,"[('2025-05-21 10:30:00-04:00', 1.0, 166.42, 'stop')]",5,-1.0719248927038623,-0.014800503703703777,136,-339.6715600000017
L,XLF,off,2025-05-13,2025-05-14 13:00:00-04:00,2025-05-14 13:15:00-04:00,87.38,85.86,POC,91.85,LRC_upper,94.26,3.02,1.12,vwap_reclaim,46.2,0.01,3,2025-07-11 15:45:00-04:00,time,"[('2025-07-11 15:45:00-04:00', 1.0, 90.32, 'time')]",40,1.875756578947372,0.03262932021057448,264,752.7035999999994
MCK,XLV,off,2025-05-13,2025-05-14 14:45:00-04:00,2025-05-14 15:00:00-04:00,677.78,667.27,VAL,723.96,swing_high,740.28,4.36,1.14,vwap_reclaim,75.3,0.75,3,2025-05-14 15:45:00-04:00,lrc_break,"[('2025-05-14 15:45:00-04:00', 1.0, 677.87, 'lrc_break')]",1,-0.055930066603232034,-0.0008672799433444012,34,-19.98604999999892
CBOE,XLF,off,2025-05-13,2025-05-15 11:30:00-04:00,2025-05-15 11:45:00-04:00,213.12,207.73,swing_low,231.4,LRC_upper,240.56,3.34,1.32,vwap_reclaim,53.5,0.22,3,2025-07-14 15:45:00-04:00,time,"[('2025-07-14 15:45:00-04:00', 1.0, 232.76, 'time')]",40,3.60242300556585,0.09110857732732726,107,2077.625419999999
COO,XLV,off,2025-05-16,2025-05-19 12:00:00-04:00,2025-05-19 12:15:00-04:00,81.945,79.64,VAL,86.68,LRC_upper,92.9,2.07,1.29,vwap_reclaim,40.7,0.01,3,2025-05-21 14:15:00-04:00,stop,"[('2025-05-21 14:15:00-04:00', 1.0, 79.64, 'stop')]",2,-1.0350509761388287,-0.029114558545365703,286,-682.3366549999978
FE,XLU,off,2025-05-19,2025-05-20 13:00:00-04:00,2025-05-20 13:15:00-04:00,40.73,40.13,POC,42.45,LRC_upper,43.09,2.87,7.08,vwap_reclaim,66.4,0.74,2,2025-05-22 09:30:00-04:00,stop,"[('2025-05-22 09:30:00-04:00', 1.0, 40.13, 'stop')]",2,-1.067383333333334,-0.01572379081757904,3,-1.9212899999999828
CNP,XLU,off,2025-05-20,2025-05-21 11:00:00-04:00,2025-05-21 11:15:00-04:00,36.35,35.8,VAL,37.98,52w_high,38.6,2.96,1.11,vwap_reclaim,64.9,0.64,2,2025-05-22 10:15:00-04:00,stop,"[('2025-05-22 10:15:00-04:00', 1.0, 35.8, 'stop')]",1,-1.0655909090909086,-0.016123108665749772,622,-364.53865000000263
GWW,XLI,off,2025-05-21,2025-05-22 11:15:00-04:00,2025-05-22 11:30:00-04:00,1066.76,1051.44,POC,1109.33,LRC_upper,1209.66,3.08,1.17,vwap_reclaim,63.7,0.7,2,2025-06-02 09:45:00-04:00,stop,"[('2025-06-02 09:45:00-04:00', 1.0, 1051.44, 'stop')]",6,-1.0691318537859011,-0.015354062769507609,21,-343.9610999999987
EXR,XLRE,off,2025-05-21,2025-05-22 11:15:00-04:00,2025-05-22 11:30:00-04:00,134.86,132.33,AVWAP,140.2,swing_high,145.28,2.06,2.03,vwap_reclaim,36.7,0.06,2,2025-07-21 15:45:00-04:00,time,"[('2025-07-21 15:45:00-04:00', 1.0, 139.66, 'time')]",40,1.8429802371541424,0.03457467002817723,168,783.3403199999971
FIS,XLF,off,2025-05-21,2025-05-22 12:00:00-04:00,2025-05-22 12:15:00-04:00,74.84,73.29,VAL,78.07,swing_high,80.74,2.08,1.02,vwap_reclaim,64.5,0.51,3,2025-07-11 15:45:00-04:00,lrc_break,"[('2025-07-11 15:45:00-04:00', 1.0, 75.3, 'lrc_break')]",34,0.2483419354838674,0.0051433725280597776,1,0.3849299999999937
FIX,XLI,off,2025-05-28,2025-05-29 11:00:00-04:00,2025-05-29 11:15:00-04:00,476.75,461.6,POC,526.23,LRC_upper,550.35,3.53,1.16,vwap_reclaim,81.6,0.77,3,2025-06-13 15:45:00-04:00,lrc_break,"[('2025-06-13 15:45:00-04:00', 1.0, 491.37, 'lrc_break')]",12,0.9330653465346552,0.029650634504457273,46,650.2532400000002
GEN,XLK,off,2025-05-28,2025-05-29 12:00:00-04:00,2025-05-29 12:15:00-04:00,27.29,26.79,VAL,28.97,swing_high,29.88,3.36,1.34,vwap_reclaim,51.9,0.12,3,2025-07-11 15:45:00-04:00,lrc_break,"[('2025-07-11 15:45:00-04:00', 1.0, 28.03, 'lrc_break')]",30,1.424680000000004,0.026102601685599195,16,11.397440000000032
FFIV,XLK,off,2025-05-30,2025-06-02 10:00:00-04:00,2025-06-02 10:15:00-04:00,282.91,276.37,swing_low,298.54,swing_high,308.0,2.36,1.11,vwap_reclaim,53.7,0.38,3,2025-06-13 15:45:00-04:00,lrc_break,"[('2025-06-13 15:45:00-04:00', 1.0, 286.6, 'lrc_break')]",10,0.5206796636085607,0.012036495705347981,78,265.6091099999999
DLR,XLRE,off,2025-06-12,2025-06-13 15:30:00-04:00,2025-06-13 15:45:00-04:00,167.82,165.08,swing_low,175.53,swing_high,180.89,2.81,2.19,vwap_reclaim,74.4,0.9,3,2025-06-25 15:30:00-04:00,stop,"[('2025-06-25 15:30:00-04:00', 1.0, 165.08, 'stop')]",7,-1.0607481751824823,-0.017318853533547736,138,-401.09009999999734
LEN,XLY,off,2025-06-12,2025-06-16 09:45:00-04:00,2025-06-16 10:00:00-04:00,106.36,104.47,AVWAP,119.32,swing_high,123.44,6.65,1.48,vwap_reclaim,36.5,0.09,2,2025-06-17 12:30:00-04:00,stop,"[('2025-06-17 12:30:00-04:00', 1.0, 104.47, 'stop')]",1,-1.0557751322751323,-0.018760953365927046,204,-407.0646600000001
AES,XLU,off,2025-06-13,2025-06-16 15:30:00-04:00,2025-06-16 15:45:00-04:00,10.79,10.43,VAH,11.74,LRC_upper,12.22,2.74,1.0,vwap_reclaim,40.2,0.07,2,2025-06-17 09:30:00-04:00,stop,"[('2025-06-17 09:30:00-04:00', 1.0, 10.43, 'stop')]",1,-1.0294722222222223,-0.03434754402224277,5,-1.8530499999999972
MKTX,,off,2025-06-16,2025-06-17 12:45:00-04:00,2025-06-17 13:00:00-04:00,218.96,215.89,VAH,226.72,swing_high,286.96,2.46,1.03,vwap_reclaim,40.3,0.12,2,2025-06-18 11:15:00-04:00,stop,"[('2025-06-18 11:15:00-04:00', 1.0, 215.89, 'stop')]",1,-1.070822475570032,-0.015013815308732286,97,-318.8802250000021
IRM,XLRE,off,2025-06-16,2025-06-17 15:00:00-04:00,2025-06-17 15:15:00-04:00,98.72,95.88,POC,105.85,swing_high,122.1,2.5,1.19,vwap_reclaim,80.4,0.85,3,2025-06-26 09:30:00-04:00,stop,"[('2025-06-26 09:30:00-04:00', 1.0, 95.88, 'stop')]",6,-1.0342605633802817,-0.029753849270664542,1,-2.9373000000000036
MMM,XLI,off,2025-06-16,2025-06-18 11:30:00-04:00,2025-06-18 11:45:00-04:00,139.35,137.3,swing_low,146.8,swing_high,150.62,3.66,1.22,vwap_reclaim,49.9,0.63,2,2025-07-21 09:30:00-04:00,trail,"[('2025-07-21 09:30:00-04:00', 1.0, 146.16, 'trail')]",21,3.2523146341463836,0.047845317545748334,150,1000.0867500000004
CCL,XLY,off,2025-06-24,2025-06-25 15:15:00-04:00,2025-06-25 15:30:00-04:00,25.06,24.34,swing_low,26.81,LRC_upper,28.27,2.43,1.02,vwap_reclaim,74.2,0.86,3,2025-08-08 15:45:00-04:00,lrc_break,"[('2025-08-08 15:45:00-04:00', 1.0, 27.93, 'lrc_break')]",32,3.9493125000000076,0.11346787709497211,909,2584.746045000001
DAL,XLI,off,2025-06-25,2025-06-26 09:45:00-04:00,2025-06-26 10:00:00-04:00,47.81,46.21,AVWAP,51.34,swing_high,55.84,2.27,1.02,vwap_reclaim,54.7,0.54,2,2025-08-01 09:30:00-04:00,trail,"[('2025-08-01 09:30:00-04:00', 1.0, 51.37, 'trail')]",25,2.1940062499999953,0.07342417904204131,2,7.02081999999999
LW,,off,2025-07-11,2025-07-14 11:30:00-04:00,2025-07-14 11:45:00-04:00,49.14,47.95,swing_low,51.64,swing_high,53.94,2.02,1.01,vwap_reclaim,31.0,0.05,2,2025-07-15 13:00:00-04:00,stop,"[('2025-07-15 13:00:00-04:00', 1.0, 47.95, 'stop')]",1,-1.040794117647059,-0.025204415954415908,494,-611.8412299999989
BDX,XLV,off,2025-07-14,2025-07-15 10:45:00-04:00,2025-07-15 11:00:00-04:00,135.81,130.29,AVWAP,157.41,swing_high,176.77,3.91,2.05,vwap_reclaim,47.6,0.31,2,2025-08-01 10:15:00-04:00,trail,"[('2025-08-01 10:15:00-04:00', 1.0, 133.16, 'trail')]",13,-0.5044356884057972,-0.020502798026654927,180,-501.207300000001
ETSY,,off,2025-07-14,2025-07-15 12:00:00-04:00,2025-07-15 12:15:00-04:00,55.97,53.82,POC,64.97,swing_high,67.27,4.2,1.71,vwap_reclaim,52.4,0.35,2,2025-07-31 11:15:00-04:00,trail,"[('2025-07-31 11:15:00-04:00', 1.0, 57.265, 'trail')]",12,0.5759918604651174,0.022125826335536926,9,11.145442500000016
CRWD,XLK,off,2025-07-14,2025-07-15 13:15:00-04:00,2025-07-15 13:30:00-04:00,118.63,114.36,swing_low,129.49,swing_high,134.18,2.56,1.09,vwap_reclaim,66.2,0.8,2,2025-07-15 15:45:00-04:00,lrc_break,"[('2025-07-15 15:45:00-04:00', 1.0, 118.23, 'lrc_break')]",1,-0.1214121779859466,-0.004370142459748727,199,-103.1675699999983
FCX,XLB,off,2025-07-14,2025-07-15 13:45:00-04:00,2025-07-15 14:00:00-04:00,43.42,42.41,VAL,46.83,LRC_upper,48.36,3.33,1.6,vwap_reclaim,74.2,0.88,3,2025-07-28 10:15:00-04:00,stop,"[('2025-07-28 10:15:00-04:00', 1.0, 42.41, 'stop')]",9,-1.0424900990099009,-0.024249539382773033,1,-1.052915000000005
GS,XLF,off,2025-07-15,2025-07-16 11:45:00-04:00,2025-07-16 12:00:00-04:00,683.22,673.44,swing_low,708.21,swing_high,728.65,2.34,2.1,vwap_reclaim,78.3,0.87,3,2025-08-01 15:45:00-04:00,lrc_break,"[('2025-08-01 15:45:00-04:00', 1.0, 691.85, 'lrc_break')]",13,0.8121129856850733,0.011625047568865073,34,270.04380999999984
APD,XLB,off,2025-07-18,2025-07-21 10:00:00-04:00,2025-07-21 10:15:00-04:00,287.89,283.0,VAH,307.06,swing_high,328.17,3.71,1.65,vwap_reclaim,72.5,0.73,3,2025-07-30 14:45:00-04:00,stop,"[('2025-07-30 14:45:00-04:00', 1.0, 283.0, 'stop')]",7,-1.058373210633947,-0.017977161415818496,77,-398.509264999999
CBRE,XLRE,off,2025-07-21,2025-07-22 11:15:00-04:00,2025-07-22 11:30:00-04:00,141.785,139.19,POC,147.75,swing_high,150.0,2.3,1.25,vwap_reclaim,68.5,0.68,3,2025-09-03 09:45:00-04:00,trail,"[('2025-09-03 09:45:00-04:00', 1.0, 156.48, 'trail')]",30,5.605343930635838,0.10259101809077119,165,2400.068137499999
FIS,XLF,off,2025-07-25,2025-07-28 15:30:00-04:00,2025-07-28 15:45:00-04:00,78.42,76.53,POC,86.79,52w_high,88.72,4.46,1.07,vwap_reclaim,55.0,0.23,3,2025-07-31 09:30:00-04:00,stop,"[('2025-07-31 09:30:00-04:00', 1.0, 76.53, 'stop')]",3,-1.0409920634920635,-0.025088944146901306,1,-1.9674750000000005
ECHO,XLC,off,2025-07-30,2025-07-31 10:15:00-04:00,2025-07-31 10:30:00-04:00,33.32,31.26,VAH,38.39,LRC_upper,39.95,2.46,2.73,vwap_reclaim,72.4,0.69,2,2025-08-01 09:30:00-04:00,stop,"[('2025-08-01 09:30:00-04:00', 1.0, 29.445, 'stop')]",1,-1.8963021844660206,-0.11723837034813925,605,-2363.3614125
CINF,XLF,off,2025-07-30,2025-07-31 11:45:00-04:00,2025-07-31 12:00:00-04:00,145.49,142.78,AVWAP,154.55,52w_high,157.18,3.38,1.06,vwap_reclaim,42.7,0.04,2,2025-08-01 09:30:00-04:00,stop,"[('2025-08-01 09:30:00-04:00', 1.0, 142.76, 'stop')]",1,-1.0605627306273098,-0.01975479414392754,15,-43.111875000000275
BLDR,,off,2025-07-31,2025-08-01 10:45:00-04:00,2025-08-01 11:00:00-04:00,126.44,123.0,swing_low,138.28,swing_high,203.14,3.44,1.52,vwap_reclaim,68.1,0.77,3,2025-09-17 14:30:00-04:00,trail,"[('2025-09-17 14:30:00-04:00', 1.0, 133.305, 'trail')]",32,1.9578859011627945,0.05326737978487828,190,1279.6742250000018
KHC,XLP,off,2025-07-31,2025-08-01 11:00:00-04:00,2025-08-01 11:15:00-04:00,25.28,24.47,swing_low,27.04,LRC_upper,28.19,2.17,2.99,vwap_reclaim,51.5,0.42,3,2025-09-02 11:15:00-04:00,stop,"[('2025-09-02 11:15:00-04:00', 1.0, 24.47, 'stop')]",21,-1.0307098765432097,-0.033025118670886165,791,-660.3861250000018
EMR,XLI,off,2025-08-01,2025-08-04 10:45:00-04:00,2025-08-04 11:00:00-04:00,139.74,136.32,VAL,147.37,52w_high,150.44,2.29,1.38,vwap_reclaim,78.6,0.96,2,2025-08-04 15:45:00-04:00,lrc_break,"[('2025-08-04 15:45:00-04:00', 1.0, 139.9, 'lrc_break')]",1,0.005900584795320613,0.0001444110490911449,168,3.390239999999423
CFG,XLF,off,2025-08-04,2025-08-05 12:15:00-04:00,2025-08-05 12:30:00-04:00,45.81,44.74,VAL,48.1,swing_high,50.73,2.14,3.69,vwap_reclaim,73.4,0.89,3,2025-08-05 15:45:00-04:00,lrc_break,"[('2025-08-05 15:45:00-04:00', 1.0, 45.93, 'lrc_break')]",1,0.06928037383177328,0.0016182056319580316,513,38.02868999999869
AKAM,XLK,off,2025-08-04,2025-08-06 10:45:00-04:00,2025-08-06 11:00:00-04:00,73.915,70.87,swing_low,80.06,swing_high,82.18,2.0,1.42,vwap_reclaim,30.7,0.1,2,2025-08-06 15:45:00-04:00,lrc_break,"[('2025-08-06 15:45:00-04:00', 1.0, 74.47, 'lrc_break')]",1,0.1579006568144474,0.006504870459311271,318,152.89678499999764
BEN,XLF,off,2025-08-05,2025-08-06 12:30:00-04:00,2025-08-06 12:45:00-04:00,23.97,23.5,VAH,25.38,LRC_upper,25.85,2.92,1.29,vwap_reclaim,71.9,0.81,2,2025-08-07 09:30:00-04:00,stop,"[('2025-08-07 09:30:00-04:00', 1.0, 23.41, 'stop')]",1,-1.2418936170212769,-0.024350855235711254,2,-1.1673799999999974
COP,XLE,off,2025-08-06,2025-08-07 11:15:00-04:00,2025-08-07 11:30:00-04:00,89.4,87.11,VAL,94.27,swing_high,97.33,2.1,1.61,vwap_reclaim,49.6,0.45,2,2025-09-05 13:15:00-04:00,trail,"[('2025-09-05 13:15:00-04:00', 1.0, 89.77, 'trail')]",20,0.12245196506550382,0.003136633109619737,265,74.30997499999744
BLK,XLF,off,2025-08-08,2025-08-11 10:00:00-04:00,2025-08-11 10:15:00-04:00,1099.21,1074.3,POC,1155.12,LRC_upper,1177.08,2.25,1.92,vwap_reclaim,69.9,0.87,2,2025-09-02 09:30:00-04:00,stop,"[('2025-09-02 09:30:00-04:00', 1.0, 1074.3, 'stop')]",15,-1.0436272581292652,-0.02365039892286286,21,-545.9318550000017
CFG,XLF,off,2025-08-08,2025-08-11 12:00:00-04:00,2025-08-11 12:15:00-04:00,45.82,44.75,VAL,48.1,swing_high,51.26,2.13,1.83,vwap_reclaim,65.3,0.81,2,2025-10-06 15:45:00-04:00,time,"[('2025-10-06 15:45:00-04:00', 1.0, 52.44, 'time')]",40,6.1409999999999965,0.14340615451767783,50,328.5434999999999
F,XLY,off,2025-08-19,2025-08-20 12:00:00-04:00,2025-08-20 12:15:00-04:00,11.01,10.77,VAH,11.63,LRC_upper,11.92,2.58,1.09,vwap_reclaim,55.2,0.33,3,2025-08-21 09:30:00-04:00,stop,"[('2025-08-21 09:30:00-04:00', 1.0, 10.77, 'stop')]",1,-1.045375,-0.022787465940054517,1,-0.2508900000000002
CHRW,XLI,off,2025-08-28,2025-09-02 10:45:00-04:00,2025-09-02 11:00:00-04:00,126.04,124.45,POC,132.08,LRC_upper,134.36,3.65,1.08,vwap_reclaim,80.2,0.88,3,2025-09-05 10:00:00-04:00,stop,"[('2025-09-05 10:00:00-04:00', 1.0, 124.45, 'stop')]",3,-1.078770440251572,-0.013608735322119989,178,-305.3136100000006
EL,XLP,off,2025-08-29,2025-09-02 12:15:00-04:00,2025-09-02 12:30:00-04:00,88.52,85.98,swing_low,93.69,swing_high,98.31,2.04,1.35,vwap_reclaim,56.6,0.5,2,2025-09-04 15:15:00-04:00,stop,"[('2025-09-04 15:15:00-04:00', 1.0, 85.98, 'stop')]",2,-1.0343503937007876,-0.029679733393583284,219,-575.3677499999983
BMY,XLV,off,2025-08-29,2025-09-02 13:30:00-04:00,2025-09-02 13:45:00-04:00,45.22,44.18,swing_low,47.36,LRC_upper,57.34,2.03,1.73,vwap_reclaim,45.9,0.04,3,2025-09-04 12:30:00-04:00,stop,"[('2025-09-04 12:30:00-04:00', 1.0, 44.18, 'stop')]",2,-1.0429807692307693,-0.02398717381689516,1,-1.084699999999999
AIZ,XLF,off,2025-09-02,2025-09-03 10:45:00-04:00,2025-09-03 11:00:00-04:00,210.82,208.2,swing_low,223.87,52w_high,227.17,5.37,1.91,vwap_reclaim,65.4,0.49,3,2025-09-05 13:30:00-04:00,stop,"[('2025-09-05 13:30:00-04:00', 1.0, 208.2, 'stop')]",2,-1.0799656488549616,-0.013421449577838937,115,-325.3936500000005
DGX,XLV,off,2025-09-02,2025-09-03 11:00:00-04:00,2025-09-03 11:15:00-04:00,175.51,172.56,VAL,182.42,swing_high,185.48,2.35,1.26,vwap_reclaim,41.8,0.15,2,2025-10-01 15:45:00-04:00,lrc_break,"[('2025-10-01 15:45:00-04:00', 1.0, 178.77, 'lrc_break')]",21,1.0450372881356038,0.017565152982736136,8,24.662880000000154
MRK,XLV,off,2025-09-03,2025-09-04 13:15:00-04:00,2025-09-04 13:30:00-04:00,80.35,79.08,swing_low,84.49,swing_high,90.89,3.26,1.25,vwap_reclaim,47.1,0.29,2,2025-09-15 11:00:00-04:00,stop,"[('2025-09-15 11:00:00-04:00', 1.0, 79.08, 'stop')]",7,-1.0627677165354332,-0.016797946484131875,2,-2.699429999999992
HII,XLI,off,2025-09-03,2025-09-04 15:15:00-04:00,2025-09-04 15:30:00-04:00,264.28,260.73,POC,281.1,LRC_upper,286.93,4.63,1.07,vwap_reclaim,78.9,0.78,3,2025-09-09 11:15:00-04:00,stop,"[('2025-09-09 11:15:00-04:00', 1.0, 260.73, 'stop')]",3,-1.0739450704225362,-0.014426006508248657,71,-270.6878549999968
AEE,XLU,off,2025-09-04,2025-09-05 10:00:00-04:00,2025-09-05 10:15:00-04:00,97.33,96.44,VAL,99.1,swing_high,101.95,2.06,1.06,vwap_reclaim,55.2,0.63,2,2025-09-05 12:15:00-04:00,stop,"[('2025-09-05 12:15:00-04:00', 1.0, 96.44, 'stop')]",0,-1.1088595505617977,-0.010139576697832123,228,-225.00978000000012
AME,XLI,off,2025-09-04,2025-09-05 14:30:00-04:00,2025-09-05 14:45:00-04:00,185.78,183.35,VAH,195.83,52w_high,198.9,4.14,1.22,vwap_reclaim,61.2,0.44,3,2025-09-25 09:30:00-04:00,stop,"[('2025-09-25 09:30:00-04:00', 1.0, 183.35, 'stop')]",14,-1.075952674897119,-0.014073447087953531,129,-337.27888500000086
AZO,XLY,off,2025-09-04,2025-09-05 15:15:00-04:00,2025-09-05 15:30:00-04:00,4214.37,4167.22,POC,4350.7,LRC_upper,4416.44,2.5,1.5,vwap_reclaim,73.1,0.91,3,2025-09-16 15:45:00-04:00,lrc_break,"[('2025-09-16 15:45:00-04:00', 1.0, 4212.74, 'lrc_break')]",8,-0.12393541887593117,-0.0013865785396156745,5,-29.217775000000543
HUBB,XLI,off,2025-09-05,2025-09-08 10:45:00-04:00,2025-09-08 11:00:00-04:00,428.64,421.31,POC,449.11,LRC_upper,469.51,2.8,1.54,vwap_reclaim,54.8,0.52,2,2025-09-25 09:30:00-04:00,stop,"[('2025-09-25 09:30:00-04:00', 1.0, 420.26, 'stop')]",13,-1.2011527967257865,-0.020540430197835004,56,-493.04919999999976
AEE,XLU,off,2025-09-08,2025-09-09 11:15:00-04:00,2025-09-09 11:30:00-04:00,96.36,95.36,swing_low,99.1,swing_high,101.9,2.7,1.57,vwap_reclaim,54.5,0.56,2,2025-09-18 09:30:00-04:00,stop,"[('2025-09-18 09:30:00-04:00', 1.0, 95.36, 'stop')]",7,-1.09586,-0.011372561228725613,198,-216.98028
AFL,XLF,off,2025-09-12,2025-09-15 12:15:00-04:00,2025-09-15 12:30:00-04:00,106.51,105.29,POC,109.79,LRC_upper,111.4,2.75,1.31,vwap_reclaim,60.8,0.58,3,2025-09-16 09:30:00-04:00,stop,"[('2025-09-16 09:30:00-04:00', 1.0, 105.29, 'stop')]",1,-1.0868032786885247,-0.012448596375927132,2,-2.651799999999998
LEN,XLY,off,2025-09-15,2025-09-16 10:45:00-04:00,2025-09-16 11:00:00-04:00,130.22,126.93,VAL,141.39,swing_high,145.25,3.46,1.52,vwap_reclaim,70.7,0.88,2,2025-09-17 15:45:00-04:00,lrc_break,"[('2025-09-17 15:45:00-04:00', 1.0, 130.34, 'lrc_break')]",2,-0.003124620060788901,-7.894332667789478e-05,1,-0.01027999999999546
CB,XLF,off,2025-09-15,2025-09-17 10:30:00-04:00,2025-09-17 10:45:00-04:00,269.93,267.35,VAL,276.35,swing_high,285.72,2.33,1.58,vwap_reclaim,31.8,0.02,2,2025-10-15 12:45:00-04:00,trail,"[('2025-10-15 12:45:00-04:00', 1.0, 274.41, 'trail')]",20,1.6309418604651333,0.015588597043678057,78,328.2107400000014
AFL,XLF,off,2025-09-17,2025-09-18 11:15:00-04:00,2025-09-18 11:30:00-04:00,106.46,105.27,POC,109.92,swing_high,111.64,2.91,1.16,vwap_reclaim,56.9,0.69,2,2025-09-22 09:30:00-04:00,stop,"[('2025-09-22 09:30:00-04:00', 1.0, 105.27, 'stop')]",2,-1.08896218487395,-0.012172318241593066,220,-285.0902999999995
ALK,,off,2025-09-17,2025-09-18 11:45:00-04:00,2025-09-18 12:00:00-04:00,57.95,56.01,AVWAP,62.83,POC,65.61,2.54,1.46,vwap_reclaim,71.2,0.74,3,2025-09-18 15:45:00-04:00,lrc_break,"[('2025-09-18 15:45:00-04:00', 1.0, 57.42, 'lrc_break')]",1,-0.30293041237113383,-0.010141242450388284,361,-212.1542850000004
LYV,XLC,off,2025-09-18,2025-09-19 10:45:00-04:00,2025-09-19 11:00:00-04:00,163.35,160.89,VAL,175.25,swing_high,179.04,4.79,1.88,vwap_reclaim,73.7,0.86,3,2025-09-19 15:45:00-04:00,lrc_break,"[('2025-09-19 15:45:00-04:00', 1.0, 163.69, 'lrc_break')]",1,0.07173983739837514,0.0010803795531068468,126,22.236480000000434
HOLX,,off,2025-09-18,2025-09-19 11:00:00-04:00,2025-09-19 11:15:00-04:00,68.435,66.58,AVWAP,84.39,52w_high,86.08,8.79,1.96,vwap_reclaim,53.1,0.07,3,2025-09-19 12:15:00-04:00,stop,"[('2025-09-19 12:15:00-04:00', 1.0, 66.58, 'stop')]",0,-1.0363921832884098,-0.028092459998538818,2,-3.845015000000008
FAST,XLI,off,2025-09-19,2025-09-22 10:45:00-04:00,2025-09-22 11:00:00-04:00,46.32,45.4,VAL,48.21,swing_high,49.47,2.05,1.16,vwap_reclaim,48.5,0.36,2,2025-10-10 10:45:00-04:00,stop,"[('2025-10-10 10:45:00-04:00', 1.0, 45.4, 'stop')]",14,-1.0498478260869564,-0.020851899827288464,507,-489.69102000000083
LIN,XLB,off,2025-09-19,2025-09-22 12:45:00-04:00,2025-09-22 13:00:00-04:00,470.18,466.55,AVWAP,482.76,LRC_upper,488.81,3.45,1.25,vwap_reclaim,50.2,0.51,2,2025-09-25 09:30:00-04:00,stop,"[('2025-09-25 09:30:00-04:00', 1.0, 466.55, 'stop')]",3,-1.1290261707988984,-0.008716587264451903,43,-176.2296949999998
DHI,XLY,off,2025-09-19,2025-09-22 13:00:00-04:00,2025-09-22 13:15:00-04:00,162.36,155.41,AVWAP,182.36,swing_high,191.84,2.86,1.19,vwap_reclaim,69.6,0.86,2,2025-09-22 15:45:00-04:00,lrc_break,"[('2025-09-22 15:45:00-04:00', 1.0, 162.27, 'lrc_break')]",1,-0.03630431654676299,-0.0015540465631929254,1,-0.2523150000000034
CVS,XLV,off,2025-09-23,2025-09-24 12:15:00-04:00,2025-09-24 12:30:00-04:00,74.45,72.78,VAH,77.95,LRC_upper,79.32,2.1,1.34,vwap_reclaim,76.2,0.89,3,2025-09-25 11:00:00-04:00,stop,"[('2025-09-25 11:00:00-04:00', 1.0, 72.78, 'stop')]",1,-1.0440808383233533,-0.02341994627266624,2,-3.4872300000000034
EG,XLF,off,2025-09-24,2025-09-25 09:45:00-04:00,2025-09-25 10:00:00-04:00,339.81,331.39,POC,388.83,52w_high,394.79,5.83,4.44,vwap_reclaim,61.6,0.37,3,2025-10-16 09:30:00-04:00,trail,"[('2025-10-16 09:30:00-04:00', 1.0, 334.86, 'trail')]",15,-0.6279495249406151,-0.015559680409640649,68,-359.53877999999924
GEV,XLI,off,2025-09-24,2025-09-25 14:15:00-04:00,2025-09-25 14:30:00-04:00,607.83,589.23,swing_low,664.64,swing_high,702.96,2.98,1.65,vwap_reclaim,39.9,0.0,2,2025-10-03 10:00:00-04:00,stop,"[('2025-10-03 10:00:00-04:00', 1.0, 589.23, 'stop')]",6,-1.0321790322580644,-0.031585361038448286,38,-729.5441400000009
FE,XLU,off,2025-09-24,2025-09-25 14:30:00-04:00,2025-09-25 14:45:00-04:00,42.43,41.81,VAH,44.03,LRC_upper,44.6,2.58,1.51,vwap_reclaim,60.3,0.59,2,2025-10-27 11:00:00-04:00,trail,"[('2025-10-27 11:00:00-04:00', 1.0, 44.34, 'trail')]",22,3.010669354838728,0.04399281168984218,498,929.5742700000019
IPG,,off,2025-09-24,2025-09-26 12:00:00-04:00,2025-09-26 12:15:00-04:00,26.245,25.78,swing_low,27.42,swing_high,28.14,2.57,1.13,vwap_reclaim,53.5,0.47,2,2025-10-02 09:30:00-04:00,trail,"[('2025-10-02 09:30:00-04:00', 1.0, 26.14, 'trail')]",4,-0.28213440860215155,-0.0049987616688893285,1,-0.13119250000000043
HCA,XLV,off,2025-10-01,2025-10-02 11:15:00-04:00,2025-10-02 11:30:00-04:00,423.04,413.99,VAH,449.49,LRC_upper,458.68,2.96,1.37,vwap_reclaim,72.7,0.76,3,2025-10-10 09:30:00-04:00,stop,"[('2025-10-10 09:30:00-04:00', 1.0, 413.99, 'stop')]",6,-1.0462447513812154,-0.022382079708774608,3,-28.405545000000036
ANET,XLK,off,2025-10-01,2025-10-02 11:45:00-04:00,2025-10-02 12:00:00-04:00,144.08,140.99,POC,156.32,swing_high,161.72,3.92,1.78,vwap_reclaim,68.9,0.69,3,2025-10-14 09:30:00-04:00,trail,"[('2025-10-14 09:30:00-04:00', 1.0, 142.985, 'trail')]",8,-0.4008195792880251,-0.00859614450305385,1,-1.238532499999999
CVX,XLE,off,2025-09-30,2025-10-03 11:45:00-04:00,2025-10-03 12:00:00-04:00,147.61,145.94,swing_low,155.15,swing_high,157.9,4.51,1.23,vwap_reclaim,52.8,0.53,2,2025-10-07 10:15:00-04:00,stop,"[('2025-10-07 10:15:00-04:00', 1.0, 145.94, 'stop')]",2,-1.0878892215568854,-0.012307939841474262,151,-274.3330250000024
AAPL,XLK,off,2025-10-03,2025-10-07 11:00:00-04:00,2025-10-07 11:15:00-04:00,255.97,253.47,POC,267.76,LRC_upper,271.36,4.67,1.32,vwap_reclaim,78.7,0.83,3,2025-10-09 11:30:00-04:00,stop,"[('2025-10-09 11:30:00-04:00', 1.0, 253.47, 'stop')]",2,-1.101888,-0.010761886158534203,92,-253.43424
BBY,XLY,off,2025-10-06,2025-10-07 12:30:00-04:00,2025-10-07 12:45:00-04:00,71.31,69.79,POC,77.5,LRC_upper,91.26,4.14,1.16,vwap_reclaim,62.3,0.72,2,2025-10-10 09:45:00-04:00,stop,"[('2025-10-10 09:45:00-04:00', 1.0, 69.79, 'stop')]",3,-1.0464144736842107,-0.022304725844902482,16,-25.448799999999935
GOOGL,XLC,off,2025-10-08,2025-10-09 12:00:00-04:00,2025-10-09 12:15:00-04:00,240.7,236.66,swing_low,255.34,swing_high,274.92,3.6,1.12,vwap_reclaim,70.2,0.87,2,2025-10-09 15:45:00-04:00,lrc_break,"[('2025-10-09 15:45:00-04:00', 1.0, 240.9, 'lrc_break')]",1,-0.010099009900985901,-0.00016950560864139162,97,-3.9575999999983456
BNY,XLF,off,2025-10-09,2025-10-10 09:45:00-04:00,2025-10-10 10:00:00-04:00,102.55,100.57,swing_low,106.22,swing_high,108.05,2.05,1.47,vwap_reclaim,71.6,0.78,3,2025-10-10 11:15:00-04:00,stop,"[('2025-10-10 11:15:00-04:00', 1.0, 100.57, 'stop')]",0,-1.0512929292929292,-0.020298000975134123,227,-472.5141200000009
CF,XLB,off,2025-10-09,2025-10-10 11:00:00-04:00,2025-10-10 11:15:00-04:00,86.52,84.05,VAL,91.83,swing_high,96.8,2.15,1.33,vwap_reclaim,34.1,0.08,2,2025-10-14 10:00:00-04:00,stop,"[('2025-10-14 10:00:00-04:00', 1.0, 84.05, 'stop')]",2,-1.0345283400809715,-0.02953403837263059,269,-687.3716649999997
INCY,XLV,off,2025-10-09,2025-10-10 12:45:00-04:00,2025-10-10 13:00:00-04:00,84.16,82.57,swing_low,87.62,swing_high,92.25,2.28,1.94,vwap_reclaim,58.4,0.35,3,2025-10-28 09:45:00-04:00,trail,"[('2025-10-28 09:45:00-04:00', 1.0, 87.25, 'trail')]",12,1.8894937106918221,0.03569742157794681,25,75.10737500000008
KMI,XLE,off,2025-10-09,2025-10-13 10:45:00-04:00,2025-10-13 11:00:00-04:00,26.13,25.7,swing_low,27.17,POC,27.86,2.42,1.22,vwap_reclaim,39.7,0.27,2,2025-10-23 09:45:00-04:00,stop,"[('2025-10-23 09:45:00-04:00', 1.0, 25.7, 'stop')]",8,-1.0602674418604652,-0.01744795254496746,874,-398.4697099999998
ACGL,XLF,off,2025-10-10,2025-10-14 11:30:00-04:00,2025-10-14 11:45:00-04:00,91.715,90.45,swing_low,94.45,LRC_upper,110.69,2.15,1.11,vwap_reclaim,34.4,0.03,2,2025-10-15 10:45:00-04:00,stop,"[('2025-10-15 10:45:00-04:00', 1.0, 90.45, 'stop')]",1,-1.072001976284585,-0.014785831107234372,248,-336.30846000000014
MPC,XLE,off,2025-10-14,2025-10-15 13:45:00-04:00,2025-10-15 14:00:00-04:00,180.77,172.88,swing_low,196.89,swing_high,204.11,2.04,2.54,vwap_reclaim,69.8,0.78,3,2025-10-15 15:45:00-04:00,lrc_break,"[('2025-10-15 15:45:00-04:00', 1.0, 180.82, 'lrc_break')]",1,-0.016577313054501497,-0.000723543729601245,127,-16.610965000002167
LDOS,XLI,off,2025-10-14,2025-10-15 15:30:00-04:00,2025-10-15 15:45:00-04:00,184.62,180.31,VAL,196.64,LRC_upper,201.46,2.83,1.03,vwap_reclaim,72.0,0.73,3,2025-10-16 15:45:00-04:00,lrc_break,"[('2025-10-16 15:45:00-04:00', 1.0, 182.25, 'lrc_break')]",2,-0.5924443155452445,-0.013830760480988,112,-285.98472000000055
CINF,XLF,off,2025-10-14,2025-10-15 15:30:00-04:00,2025-10-15 15:45:00-04:00,153.92,151.25,AVWAP,161.68,LRC_upper,165.69,2.98,2.73,vwap_reclaim,64.5,0.68,3,2025-10-16 09:30:00-04:00,stop,"[('2025-10-16 09:30:00-04:00', 1.0, 150.45, 'stop')]",1,-1.356623595505624,-0.0235329067047817,1,-3.622184999999999
EXE,XLE,off,2025-10-15,2025-10-16 10:15:00-04:00,2025-10-16 10:30:00-04:00,100.99,98.63,swing_low,106.31,swing_high,109.38,2.34,1.03,vwap_reclaim,54.5,0.6,2,2025-10-16 12:30:00-04:00,stop,"[('2025-10-16 12:30:00-04:00', 1.0, 98.63, 'stop')]",0,-1.042292372881356,-0.02435696603624121,227,-558.3768699999999
LUV,XLI,off,2025-10-15,2025-10-16 10:30:00-04:00,2025-10-16 10:45:00-04:00,33.11,31.65,POC,37.01,swing_high,38.33,2.67,1.3,vwap_reclaim,56.4,0.41,3,2025-10-23 09:30:00-04:00,stop,"[('2025-10-23 09:30:00-04:00', 1.0, 31.65, 'stop')]",5,-1.022178082191781,-0.045073391724554546,692,-1032.7269600000006
CASY,XLP,off,2025-10-15,2025-10-16 15:30:00-04:00,2025-10-16 15:45:00-04:00,558.45,543.4,VAL,593.7,LRC_upper,612.51,2.39,1.85,vwap_reclaim,65.0,0.67,3,2025-10-22 12:00:00-04:00,stop,"[('2025-10-22 12:00:00-04:00', 1.0, 543.4, 'stop')]",4,-1.0366063122923586,-0.027936117826126004,36,-561.6333000000025
GOOGL,XLC,off,2025-10-16,2025-10-17 11:30:00-04:00,2025-10-17 11:45:00-04:00,250.11,242.39,POC,278.91,LRC_upper,287.33,3.71,1.19,vwap_reclaim,74.0,0.77,2,2025-11-14 09:30:00-05:00,trail,"[('2025-11-14 09:30:00-05:00', 1.0, 270.7, 'trail')]",20,2.6333672279792624,0.08128261564911429,90,1829.6635499999977
HOOD,XLF,off,2025-10-16,2025-10-17 12:00:00-04:00,2025-10-17 12:15:00-04:00,128.79,125.0,AVWAP,153.71,swing_high,160.15,6.61,1.03,vwap_reclaim,75.6,0.67,3,2025-10-22 10:15:00-04:00,stop,"[('2025-10-22 10:15:00-04:00', 1.0, 125.0, 'stop')]",3,-1.033481530343008,-0.03041303672645386,1,-3.9168949999999922
ANET,XLK,off,2025-10-21,2025-10-22 11:45:00-04:00,2025-10-22 12:00:00-04:00,144.86,139.55,swing_low,156.32,swing_high,162.71,2.08,1.37,vwap_reclaim,58.8,0.48,2,2025-11-05 09:30:00-05:00,trail,"[('2025-11-05 09:30:00-05:00', 1.0, 141.73, 'trail')]",10,-0.6164397363465203,-0.022596265359657763,135,-441.89482500000327
AES,XLU,off,2025-10-21,2025-10-22 13:15:00-04:00,2025-10-22 13:30:00-04:00,13.54,13.27,swing_low,14.25,swing_high,14.77,2.63,3.77,vwap_reclaim,50.0,0.46,2,2025-10-31 09:30:00-04:00,stop,"[('2025-10-31 09:30:00-04:00', 1.0, 13.27, 'stop')]",7,-1.0496481481481483,-0.020930945347119614,10,-2.8340499999999955
ED,XLU,off,2025-10-21,2025-10-23 13:00:00-04:00,2025-10-23 13:15:00-04:00,97.58,96.29,swing_low,100.31,LRC_upper,109.34,2.19,1.33,vwap_reclaim,39.0,0.0,3,2025-10-27 09:30:00-04:00,stop,"[('2025-10-27 09:30:00-04:00', 1.0, 96.12, 'stop')]",2,-1.2068604651162815,-0.01595460135273615,228,-354.96179999999856
IVZ,XLF,off,2025-10-22,2025-10-23 13:45:00-04:00,2025-10-23 14:00:00-04:00,22.04,21.58,swing_low,23.69,swing_high,24.19,3.59,1.02,vwap_reclaim,71.5,0.71,3,2025-10-24 12:00:00-04:00,stop,"[('2025-10-24 12:00:00-04:00', 1.0, 21.58, 'stop')]",1,-1.0474130434782607,-0.02186070780399278,1001,-482.29181000000085
LMT,XLI,off,2025-10-24,2025-10-27 11:00:00-04:00,2025-10-27 11:15:00-04:00,470.76,461.07,AVWAP,492.89,POC,503.0,2.23,1.26,vwap_reclaim,64.8,0.82,2,2025-10-27 15:45:00-04:00,lrc_break,"[('2025-10-27 15:45:00-04:00', 1.0, 474.54, 'lrc_break')]",1,0.34131578947368735,0.007025554422635801,47,155.4454500000014
AEP,XLU,off,2025-10-24,2025-10-27 11:15:00-04:00,2025-10-27 11:30:00-04:00,112.28,110.71,VAL,116.16,swing_high,118.65,2.45,1.41,vwap_reclaim,55.7,0.33,3,2025-12-02 15:45:00-05:00,lrc_break,"[('2025-12-02 15:45:00-05:00', 1.0, 116.56, 'lrc_break')]",26,2.6532356687897973,0.03709992874955469,199,828.9504200000002
DLR,XLRE,off,2025-10-24,2025-10-27 15:15:00-04:00,2025-10-27 15:30:00-04:00,173.78,170.01,VAH,187.0,52w_high,191.28,3.51,1.6,vwap_reclaim,63.8,0.55,3,2025-10-28 09:30:00-04:00,stop,"[('2025-10-28 09:30:00-04:00', 1.0, 170.01, 'stop')]",1,-1.0455954907161802,-0.022683248935435666,121,-476.9692950000012
EVRG,XLU,off,2025-10-27,2025-10-28 12:15:00-04:00,2025-10-28 12:30:00-04:00,75.43,74.23,VAL,78.24,LRC_upper,79.68,2.4,2.85,vwap_reclaim,71.5,0.85,3,2025-10-31 12:30:00-04:00,stop,"[('2025-10-31 12:30:00-04:00', 1.0, 74.23, 'stop')]",3,-1.062358333333333,-0.016900835211454364,299,-381.17417000000086
MPC,XLE,off,2025-10-27,2025-10-28 12:45:00-04:00,2025-10-28 13:00:00-04:00,190.87,188.41,VAH,198.3,52w_high,203.37,2.99,3.41,vwap_reclaim,52.8,0.54,2,2025-10-29 09:30:00-04:00,stop,"[('2025-10-29 09:30:00-04:00', 1.0, 188.41, 'stop')]",1,-1.0770894308943086,-0.013881909152826572,117,-310.0078800000009
ETSY,,off,2025-10-27,2025-10-28 14:45:00-04:00,2025-10-28 15:00:00-04:00,74.63,73.01,VAH,82.5,LRC_upper,85.05,4.86,3.72,vwap_reclaim,66.8,0.66,2,2025-10-29 09:30:00-04:00,stop,"[('2025-10-29 09:30:00-04:00', 1.0, 70.26, 'stop')]",1,-2.7422500000000105,-0.059526262896958206,2,-8.88488999999998
BWA,,off,2025-10-28,2025-10-29 11:00:00-04:00,2025-10-29 11:15:00-04:00,42.92,42.34,AVWAP,44.14,swing_high,44.83,2.05,1.1,vwap_reclaim,43.1,0.0,2,2025-10-29 14:30:00-04:00,stop,"[('2025-10-29 14:30:00-04:00', 1.0, 42.34, 'stop')]",0,-1.0735000000000001,-0.014506756756756715,516,-321.2770799999991
CMS,XLU,off,2025-10-30,2025-10-31 11:30:00-04:00,2025-10-31 11:45:00-04:00,71.03,69.84,VAL,73.56,swing_high,74.71,2.1,2.44,vwap_reclaim,49.9,0.47,2,2025-11-03 09:30:00-05:00,stop,"[('2025-11-03 09:30:00-05:00', 1.0, 69.84, 'stop')]",1,-1.0591890756302522,-0.017745107700971388,309,-389.4744149999993
LDOS,XLI,off,2025-10-30,2025-10-31 14:00:00-04:00,2025-10-31 14:15:00-04:00,189.09,185.32,VAL,197.0,swing_high,200.41,2.03,1.34,vwap_reclaim,58.2,0.49,2,2025-11-19 09:45:00-05:00,stop,"[('2025-11-19 09:45:00-05:00', 1.0, 185.32, 'stop')]",13,-1.04965649867374,-0.020927627055899362,117,-462.99298500000117
EXC,XLU,off,2025-10-30,2025-10-31 14:45:00-04:00,2025-10-31 15:00:00-04:00,44.94,44.36,AVWAP,46.79,52w_high,48.02,3.19,2.01,vwap_reclaim,62.7,0.71,3,2025-11-03 09:30:00-05:00,stop,"[('2025-11-03 09:30:00-05:00', 1.0, 44.36, 'stop')]",1,-1.07698275862069,-0.013899643969737389,2,-1.2492999999999965
FERG,XLI,off,2025-10-31,2025-11-03 09:45:00-05:00,2025-11-03 10:00:00-05:00,244.1,240.65,VAH,252.04,LRC_upper,256.08,2.3,1.65,vwap_reclaim,56.9,0.39,3,2025-11-04 09:30:00-05:00,stop,"[('2025-11-04 09:30:00-05:00', 1.0, 239.41, 'stop')]",1,-1.4294942028985549,-0.020203830397378116,88,-433.9944399999998
DD,XLI,off,2025-10-31,2025-11-03 11:45:00-05:00,2025-11-03 12:00:00-05:00,100.44,97.79,AVWAP,106.03,52w_high,108.92,2.07,2.16,vwap_reclaim,54.1,0.46,2,2025-11-18 09:30:00-05:00,trail,"[('2025-11-18 09:30:00-05:00', 1.0, 113.08, 'trail')]",11,4.729524528301902,0.12478335324571885,1,12.533240000000001
AMGN,XLV,off,2025-11-03,2025-11-04 10:00:00-05:00,2025-11-04 10:15:00-05:00,288.94,283.32,AVWAP,300.44,swing_high,321.34,2.11,1.57,vwap_reclaim,47.5,0.36,2,2025-12-08 09:30:00-05:00,trail,"[('2025-12-08 09:30:00-05:00', 1.0, 320.06, 'trail')]",23,5.4831850533807796,0.10665016958538107,73,2249.5315
ATO,XLU,off,2025-11-04,2025-11-05 11:45:00-05:00,2025-11-05 12:00:00-05:00,169.06,167.33,AVWAP,175.63,swing_high,178.94,3.8,1.56,vwap_reclaim,60.3,0.67,2,2025-12-02 12:00:00-05:00,trail,"[('2025-12-02 12:00:00-05:00', 1.0, 167.35, 'trail')]",18,-1.085667630057798,-0.011109694782917186,113,-212.2371650000009
IVZ,XLF,off,2025-11-06,2025-11-07 13:15:00-05:00,2025-11-07 13:30:00-05:00,22.41,21.79,VAL,23.79,swing_high,24.67,2.23,1.39,vwap_reclaim,55.1,0.55,2,2025-11-17 15:00:00-05:00,stop,"[('2025-11-17 15:00:00-05:00', 1.0, 21.79, 'stop')]",6,-1.0356451612903226,-0.02865238732708617,1,-0.642100000000001
GM,XLY,off,2025-11-13,2025-11-14 11:15:00-05:00,2025-11-14 11:30:00-05:00,70.65,68.95,VAH,75.51,LRC_upper,77.84,2.9,1.67,vwap_reclaim,70.4,0.62,3,2025-11-17 10:30:00-05:00,stop,"[('2025-11-17 10:30:00-05:00', 1.0, 68.95, 'stop')]",1,-1.0410588235294118,-0.02505024769992927,322,-569.8756000000009
ELV,XLV,off,2025-11-13,2025-11-14 12:00:00-05:00,2025-11-14 12:15:00-05:00,319.3,310.18,VAL,337.76,swing_high,348.85,2.02,1.43,vwap_reclaim,38.7,0.07,2,2025-11-19 10:45:00-05:00,stop,"[('2025-11-19 10:45:00-05:00', 1.0, 310.18, 'stop')]",3,-1.0345109649122808,-0.029548199185718774,5,-47.173700000000025
BWA,,off,2025-11-14,2025-11-17 12:00:00-05:00,2025-11-17 12:15:00-05:00,43.87,43.26,POC,45.65,LRC_upper,46.66,2.79,1.19,vwap_reclaim,38.9,0.06,2,2025-11-17 14:15:00-05:00,stop,"[('2025-11-17 14:15:00-05:00', 1.0, 43.26, 'stop')]",0,-1.0714180327868852,-0.014897766127193969,505,-330.05032499999976
AMD,XLK,off,2025-11-17,2025-11-18 11:15:00-05:00,2025-11-18 11:30:00-05:00,231.105,221.36,swing_low,255.62,POC,306.68,2.51,1.04,vwap_reclaim,72.6,0.82,3,2025-11-18 15:45:00-05:00,lrc_break,"[('2025-11-18 15:45:00-05:00', 1.0, 230.22, 'lrc_break')]",1,-0.11448563365828565,-0.00482751346790416,95,-105.98793749999913
JCI,XLI,off,2025-11-17,2025-11-19 12:15:00-05:00,2025-11-19 12:30:00-05:00,113.95,111.66,VAL,122.67,52w_high,126.35,3.87,1.02,vwap_reclaim,61.3,0.68,2,2025-11-21 09:30:00-05:00,stop,"[('2025-11-21 09:30:00-05:00', 1.0, 111.66, 'stop')]",2,-1.0492598253275107,-0.021086485300570477,198,-475.7553900000012
FE,XLU,off,2025-11-18,2025-11-19 12:45:00-05:00,2025-11-19 13:00:00-05:00,44.88,44.21,POC,46.24,swing_high,47.35,2.08,1.87,vwap_reclaim,58.5,0.53,3,2025-12-02 13:00:00-05:00,trail,"[('2025-12-02 13:00:00-05:00', 1.0, 44.44, 'trail')]",8,-0.7233731343283636,-0.010799019607843244,502,-243.29932000000244
CVS,XLV,off,2025-11-18,2025-11-21 10:15:00-05:00,2025-11-21 10:30:00-05:00,75.46,73.8,VAL,80.4,swing_high,82.87,2.93,1.31,vwap_reclaim,55.8,0.52,2,2025-12-03 15:30:00-05:00,stop,"[('2025-12-03 15:30:00-05:00', 1.0, 73.8, 'stop')]",7,-1.0449578313253012,-0.022987410548634995,292,-506.511959999999
FOX,XLC,off,2025-12-01,2025-12-02 11:45:00-05:00,2025-12-02 12:00:00-05:00,58.24,57.32,POC,60.11,swing_high,62.61,2.07,1.35,vwap_reclaim,46.1,0.38,2,2026-01-27 15:45:00-05:00,lrc_break,"[('2026-01-27 15:45:00-05:00', 1.0, 64.24, 'lrc_break')]",38,6.455173913043459,0.10197046703296692,325,1930.0969999999977
CME,XLF,off,2025-12-01,2025-12-02 13:30:00-05:00,2025-12-02 13:45:00-05:00,266.55,262.89,AVWAP,276.18,LRC_upper,281.88,2.63,1.73,vwap_reclaim,57.8,0.52,3,2025-12-04 12:45:00-05:00,stop,"[('2025-12-04 12:45:00-05:00', 1.0, 262.89, 'stop')]",2,-1.0723278688524585,-0.014724141812042861,83,-325.7517600000021
ACGL,XLF,off,2025-12-01,2025-12-02 14:45:00-05:00,2025-12-02 15:00:00-05:00,92.68,91.36,POC,96.01,LRC_upper,101.66,2.56,1.63,vwap_reclaim,43.6,0.06,3,2025-12-05 11:30:00-05:00,stop,"[('2025-12-05 11:30:00-05:00', 1.0, 91.36, 'stop')]",3,-1.0697121212121208,-0.01523543375053957,1,-1.4120200000000074
F,XLY,off,2025-11-28,2025-12-03 09:45:00-05:00,2025-12-03 10:00:00-05:00,12.61,12.42,POC,13.35,swing_high,13.74,3.89,1.26,vwap_reclaim,57.4,0.64,2,2026-01-20 09:30:00-05:00,trail,"[('2026-01-20 09:30:00-05:00', 1.0, 13.01, 'trail')]",31,2.0378421052631652,0.030704996034892972,1759,681.0672100000005
CINF,XLF,off,2025-12-02,2025-12-03 13:15:00-05:00,2025-12-03 13:30:00-05:00,159.25,157.41,AVWAP,164.61,swing_high,169.33,2.71,1.59,vwap_reclaim,45.9,0.29,2,2025-12-08 10:00:00-05:00,stop,"[('2025-12-08 10:00:00-05:00', 1.0, 157.41, 'stop')]",3,-1.086048913043478,-0.012548383045525925,6,-11.98998000000002
CHRW,XLI,off,2025-12-03,2025-12-04 13:15:00-05:00,2025-12-04 13:30:00-05:00,156.58,152.42,VAH,170.23,LRC_upper,174.95,3.28,1.61,vwap_reclaim,68.4,0.67,2,2025-12-08 12:15:00-05:00,stop,"[('2025-12-08 12:15:00-05:00', 1.0, 152.42, 'stop')]",2,-1.0371394230769229,-0.02755460467492671,141,-608.3445000000037
CBOE,XLF,off,2025-12-03,2025-12-04 14:45:00-05:00,2025-12-04 15:00:00-05:00,251.59,247.85,swing_low,259.43,swing_high,266.62,2.33,2.18,vwap_reclaim,61.4,0.54,3,2025-12-10 10:00:00-05:00,stop,"[('2025-12-10 10:00:00-05:00', 1.0, 247.85, 'stop')]",4,-1.0667700534759357,-0.01585802297388612,84,-335.13648000000074
EXPD,XLI,off,2025-12-04,2025-12-05 10:00:00-05:00,2025-12-05 10:15:00-05:00,149.98,146.65,VAH,156.77,LRC_upper,159.85,2.03,1.39,vwap_reclaim,75.3,0.75,3,2025-12-10 09:30:00-05:00,stop,"[('2025-12-10 09:30:00-05:00', 1.0, 146.65, 'stop')]",3,-1.0445390390390392,-0.023191858914521832,1,-3.4783149999999843
FICO,XLK,off,2025-12-05,2025-12-08 12:00:00-05:00,2025-12-08 12:15:00-05:00,1770.62,1725.02,VAL,1905.33,swing_high,1998.01,3.0,2.56,vwap_reclaim,47.9,0.26,2,2025-12-10 11:00:00-05:00,stop,"[('2025-12-10 11:00:00-05:00', 1.0, 1725.02, 'stop')]",2,-1.0383293859649123,-0.026740813952174893,12,-568.1738399999989
HAL,XLE,off,2025-12-05,2025-12-08 13:30:00-05:00,2025-12-08 13:45:00-05:00,27.98,27.4,VAH,29.83,LRC_upper,30.49,3.19,3.11,vwap_reclaim,67.9,0.43,3,2025-12-16 09:45:00-05:00,stop,"[('2025-12-16 09:45:00-05:00', 1.0, 27.4, 'stop')]",6,-1.0477413793103447,-0.02171872766261622,778,-472.78282000000144
GM,XLY,off,2025-12-05,2025-12-08 13:45:00-05:00,2025-12-08 14:00:00-05:00,75.38,72.78,VAH,80.75,LRC_upper,83.52,2.05,1.61,vwap_reclaim,74.9,0.76,3,2026-01-14 15:45:00-05:00,lrc_break,"[('2026-01-14 15:45:00-05:00', 1.0, 80.69, 'lrc_break')]",26,2.012294230769236,0.06940786680817196,38,198.8146700000001
HSIC,XLV,off,2025-12-09,2025-12-10 10:15:00-05:00,2025-12-10 10:30:00-05:00,74.74,72.61,POC,79.94,LRC_upper,82.49,2.43,2.2,vwap_reclaim,64.1,0.67,2,2026-01-28 15:45:00-05:00,lrc_break,"[('2026-01-28 15:45:00-05:00', 1.0, 75.065, 'lrc_break')]",33,0.11741666666666827,0.00334623360984751,281,70.2773975000008
DHR,XLV,off,2025-12-05,2025-12-10 10:45:00-05:00,2025-12-10 11:00:00-05:00,224.17,221.27,swing_low,232.34,swing_high,239.3,2.58,1.05,vwap_reclaim,68.0,0.67,3,2026-01-28 12:30:00-05:00,trail,"[('2026-01-28 12:30:00-05:00', 1.0, 226.28, 'trail')]",32,0.6499224137931034,0.008407793192666215,92,173.39930000000123
EQT,XLE,off,2025-12-08,2025-12-11 13:45:00-05:00,2025-12-11 14:00:00-05:00,55.4,54.11,swing_low,60.73,swing_high,63.05,4.09,1.91,vwap_reclaim,51.2,0.46,2,2025-12-15 09:45:00-05:00,stop,"[('2025-12-15 09:45:00-05:00', 1.0, 54.11, 'stop')]",2,-1.0424457364341086,-0.024273555956678686,1,-1.3447549999999993
AMTM,,off,2025-12-12,2025-12-15 12:30:00-05:00,2025-12-15 12:45:00-05:00,29.355,28.43,POC,31.87,swing_high,33.16,2.72,1.05,vwap_reclaim,63.0,0.39,3,2025-12-16 09:30:00-05:00,stop,"[('2025-12-16 09:30:00-05:00', 1.0, 28.43, 'stop')]",1,-1.0312351351351352,-0.032495060466700754,1,-0.9538925000000007
AAPL,XLK,off,2025-12-15,2025-12-16 13:30:00-05:00,2025-12-16 13:45:00-05:00,272.69,267.3,VAL,287.84,swing_high,293.91,2.82,1.49,vwap_reclaim,67.1,0.77,2,2025-12-17 15:45:00-05:00,lrc_break,"[('2025-12-17 15:45:00-05:00', 1.0, 271.12, 'lrc_break')]",2,-0.34172634508348754,-0.006754574791888199,78,-143.66858999999945
KVUE,XLP,off,2025-12-16,2025-12-17 10:15:00-05:00,2025-12-17 10:30:00-05:00,16.57,15.96,swing_low,17.88,LRC_upper,18.31,2.1,3.44,vwap_reclaim,52.6,0.48,2,2026-01-06 15:30:00-05:00,stop,"[('2026-01-06 15:30:00-05:00', 1.0, 15.96, 'stop')]",12,-1.0266639344262294,-0.037795111647555786,4,-2.5050599999999976
JBL,XLK,off,2025-12-17,2025-12-18 11:15:00-05:00,2025-12-18 11:30:00-05:00,213.08,205.76,swing_low,228.32,swing_high,238.7,2.13,1.6,vwap_reclaim,39.2,0.19,2,2026-02-17 15:45:00-05:00,time,"[('2026-02-17 15:45:00-05:00', 1.0, 257.32, 'time')]",40,6.011584699453532,0.20651773981603144,99,4356.475199999999
KDP,XLP,off,2025-12-17,2025-12-18 13:30:00-05:00,2025-12-18 13:45:00-05:00,27.58,26.81,AVWAP,29.24,swing_high,33.1,2.2,1.51,vwap_reclaim,62.5,0.4,3,2026-01-05 10:00:00-05:00,stop,"[('2026-01-05 10:00:00-05:00', 1.0, 26.81, 'stop')]",10,-1.0353181818181818,-0.028904822335025365,1,-0.7971949999999995
HST,XLRE,off,2026-01-02,2026-01-05 11:00:00-05:00,2026-01-05 11:15:00-05:00,17.26,16.83,VAL,18.26,LRC_upper,18.74,2.25,1.8,vwap_reclaim,67.2,0.67,3,2026-03-02 09:30:00-05:00,trail,"[('2026-03-02 09:30:00-05:00', 1.0, 18.39, 'trail')]",38,2.586453488372071,0.06443655851680179,2,2.224349999999998
DAL,XLI,off,2026-01-06,2026-01-07 10:30:00-05:00,2026-01-07 10:45:00-05:00,71.89,69.81,POC,77.17,LRC_upper,79.02,2.54,2.65,vwap_reclaim,80.5,0.81,3,2026-01-12 09:30:00-05:00,stop,"[('2026-01-12 09:30:00-05:00', 1.0, 69.81, 'stop')]",3,-1.0340625,-0.029918625678119325,1,-2.1508499999999984
MKC,XLP,off,2026-01-09,2026-01-12 12:30:00-05:00,2026-01-12 12:45:00-05:00,65.91,65.0,VAL,68.83,swing_high,70.29,3.21,1.28,vwap_reclaim,49.0,0.41,2,2026-01-21 13:30:00-05:00,stop,"[('2026-01-21 13:30:00-05:00', 1.0, 65.0, 'stop')]",6,-1.0719285714285718,-0.014799802761341173,1,-0.9754549999999965
AJG,XLF,off,2026-01-14,2026-01-15 11:15:00-05:00,2026-01-15 11:30:00-05:00,254.78,249.54,swing_low,269.38,LRC_upper,281.02,2.74,2.0,vwap_reclaim,44.1,0.32,2,2026-01-21 10:15:00-05:00,stop,"[('2026-01-21 10:15:00-05:00', 1.0, 249.54, 'stop')]",3,-1.0481221374045802,-0.02155648010047888,12,-65.90592000000011
EW,XLV,off,2026-01-16,2026-01-20 12:00:00-05:00,2026-01-20 12:15:00-05:00,84.155,82.87,AVWAP,87.23,swing_high,88.71,2.39,1.12,vwap_reclaim,42.1,0.0,2,2026-01-20 15:00:00-05:00,stop,"[('2026-01-20 15:00:00-05:00', 1.0, 82.87, 'stop')]",0,-1.0649902723735412,-0.016261808567524173,271,-370.8668874999991
BK,,off,2026-01-20,2026-01-21 14:30:00-05:00,2026-01-21 14:45:00-05:00,119.47,116.96,swing_low,124.84,52w_high,127.55,2.16,1.82,vwap_reclaim,73.7,0.82,3,2026-01-23 15:30:00-05:00,stop,"[('2026-01-23 15:30:00-05:00', 1.0, 116.96, 'stop')]",2,-1.047097609561753,-0.021998953712229055,191,-501.98906500000095
CIEN,XLK,off,2026-01-20,2026-01-21 14:30:00-05:00,2026-01-21 14:45:00-05:00,235.355,226.4,swing_low,261.13,52w_high,275.94,2.88,1.6,vwap_reclaim,71.4,0.71,3,2026-01-22 10:00:00-05:00,stop,"[('2026-01-22 10:00:00-05:00', 1.0, 226.4, 'stop')]",1,-1.025781965382468,-0.03902988039344813,11,-101.04465249999983
ELV,XLV,off,2026-01-21,2026-01-22 11:30:00-05:00,2026-01-22 11:45:00-05:00,362.1,357.61,swing_low,375.8,swing_high,385.2,2.97,1.52,vwap_reclaim,70.0,0.85,3,2026-01-27 09:30:00-05:00,stop,"[('2026-01-27 09:30:00-05:00', 1.0, 346.52, 'stop')]",3,-3.5488440979955476,-0.044005274785970834,7,-111.54017000000027
FLEX,XLK,off,2026-01-21,2026-01-22 12:45:00-05:00,2026-01-22 13:00:00-05:00,64.545,62.78,POC,71.87,LRC_upper,75.69,4.11,1.31,vwap_reclaim,42.2,0.16,2,2026-01-27 09:30:00-05:00,stop,"[('2026-01-27 09:30:00-05:00', 1.0, 62.78, 'stop')]",3,-1.0360694050991501,-0.028331590363312426,1,-1.8286625000000005
FDX,XLI,off,2026-01-22,2026-01-26 13:00:00-05:00,2026-01-26 13:15:00-05:00,241.93,237.34,VAL,253.42,swing_high,262.65,2.6,1.15,vwap_reclaim,75.7,0.93,3,2026-03-06 09:30:00-05:00,trail,"[('2026-03-06 09:30:00-05:00', 1.0, 290.47, 'trail')]",28,10.517167755991283,0.19953622948786848,92,4441.189600000002
CMCSA,XLC,off,2026-01-26,2026-01-27 12:45:00-05:00,2026-01-27 13:00:00-05:00,28.23,27.89,VAH,29.6,LRC_upper,30.76,4.03,1.52,vwap_reclaim,67.5,0.8,3,2026-01-28 14:00:00-05:00,stop,"[('2026-01-28 14:00:00-05:00', 1.0, 27.89, 'stop')]",1,-1.0825294117647057,-0.013037902940134603,91,-33.493459999999985
CPT,XLRE,off,2026-01-27,2026-01-28 10:45:00-05:00,2026-01-28 11:00:00-05:00,106.48,105.26,VAL,109.4,swing_high,111.76,2.26,1.9,vwap_reclaim,63.3,0.62,3,2026-01-28 14:15:00-05:00,stop,"[('2026-01-28 14:15:00-05:00', 1.0, 105.26, 'stop')]",0,-1.0867786885245903,-0.012451821938392175,196,-259.8705199999998
FITB,XLF,off,2026-01-27,2026-01-28 12:30:00-05:00,2026-01-28 12:45:00-05:00,49.25,47.99,POC,52.48,swing_high,54.52,2.56,1.66,vwap_reclaim,75.0,0.89,3,2026-02-23 10:15:00-05:00,trail,"[('2026-02-23 10:15:00-05:00', 1.0, 50.64, 'trail')]",17,1.0635357142857165,0.027209238578680215,422,565.5032100000003
AMTM,,off,2026-01-27,2026-01-28 14:00:00-05:00,2026-01-28 14:15:00-05:00,35.57,34.38,POC,38.48,LRC_upper,39.47,2.46,1.07,vwap_reclaim,82.0,0.84,3,2026-02-10 09:30:00-05:00,trail,"[('2026-02-10 09:30:00-05:00', 1.0, 33.64, 'trail')]",9,-1.6509285714285744,-0.05523207759347764,71,-139.48695499999997
KVUE,XLP,off,2026-01-28,2026-01-29 10:00:00-05:00,2026-01-29 10:15:00-05:00,16.51,16.25,AVWAP,17.22,LRC_upper,18.31,2.73,2.02,vwap_reclaim,62.8,0.4,3,2026-03-03 15:45:00-05:00,trail,"[('2026-03-03 15:45:00-05:00', 1.0, 17.48, 'trail')]",22,3.66540384615382,0.05772289521502113,1357,1293.2277849999984
LIN,XLB,off,2026-01-28,2026-01-29 11:00:00-05:00,2026-01-29 11:15:00-05:00,445.96,439.53,VAH,460.75,LRC_upper,476.29,2.3,2.0,vwap_reclaim,66.2,0.73,3,2026-02-06 09:30:00-05:00,trail,"[('2026-02-06 09:30:00-05:00', 1.0, 449.63, 'trail')]",6,0.501120528771386,0.007225322898914736,43,138.55481500000067
BBWI,,off,2026-01-27,2026-01-29 11:45:00-05:00,2026-01-29 12:00:00-05:00,20.62,19.44,POC,23.03,swing_high,24.75,2.04,3.05,vwap_reclaim,42.6,0.44,2,2026-03-02 09:30:00-05:00,trail,"[('2026-03-02 09:30:00-05:00', 1.0, 21.41, 'trail')]",21,0.65168220338983,0.03729316197866145,6,4.613909999999994
ES,XLU,off,2026-02-05,2026-02-09 12:30:00-05:00,2026-02-09 12:45:00-05:00,65.09,63.36,swing_low,69.1,swing_high,71.52,2.34,1.05,vwap_reclaim,53.3,0.63,2,2026-03-19 12:00:00-04:00,trail,"[('2026-03-19 12:00:00-04:00', 1.0, 69.32, 'trail')]",27,2.40623988439306,0.06395444768781693,296,1232.187319999997
GL,XLF,off,2026-02-09,2026-02-10 11:45:00-05:00,2026-02-10 12:00:00-05:00,140.84,138.3,AVWAP,146.65,swing_high,152.08,2.33,1.29,vwap_reclaim,54.3,0.45,2,2026-03-06 09:45:00-05:00,stop,"[('2026-03-06 09:45:00-05:00', 1.0, 138.3, 'stop')]",17,-1.054948818897638,-0.019025631922749163,17,-45.55268999999986
KEY,XLF,off,2026-02-18,2026-02-19 10:30:00-05:00,2026-02-19 10:45:00-05:00,21.17,20.46,AVWAP,22.66,LRC_upper,23.51,2.1,1.86,vwap_reclaim,71.3,0.68,3,2026-02-23 10:45:00-05:00,stop,"[('2026-02-23 10:45:00-05:00', 1.0, 20.46, 'stop')]",2,-1.0293169014084507,-0.03452125649504019,1168,-853.591920000001
HON,XLI,off,2026-02-20,2026-02-23 13:00:00-05:00,2026-02-23 13:15:00-05:00,252.21,248.29,POC,261.45,LRC_upper,265.49,2.37,1.99,vwap_reclaim,81.7,0.94,3,2026-02-26 10:15:00-05:00,stop,"[('2026-02-26 10:15:00-05:00', 1.0, 248.29, 'stop')]",3,-1.0638392857142855,-0.016534832084374198,97,-404.51425000000154
AME,XLI,off,2026-02-20,2026-02-23 13:00:00-05:00,2026-02-23 13:15:00-05:00,229.79,226.7,POC,238.85,swing_high,244.6,2.94,1.05,vwap_reclaim,76.8,0.95,3,2026-03-04 15:45:00-05:00,lrc_break,"[('2026-03-04 15:45:00-05:00', 1.0, 233.66, 'lrc_break')]",8,1.1774352750809063,0.015833043213368748,93,338.35957500000046
LW,,off,2026-02-25,2026-02-26 10:00:00-05:00,2026-02-26 10:15:00-05:00,46.64,44.37,AVWAP,51.21,swing_high,55.97,2.0,2.1,vwap_reclaim,32.7,0.0,2,2026-03-04 15:45:00-05:00,lrc_break,"[('2026-03-04 15:45:00-05:00', 1.0, 45.26, 'lrc_break')]",5,-0.6281718061674011,-0.030573542024013776,519,-740.0680500000012
EMR,XLI,off,2026-02-27,2026-03-02 11:00:00-05:00,2026-03-02 11:15:00-05:00,149.73,145.83,POC,163.21,LRC_upper,167.02,3.31,1.15,vwap_reclaim,69.3,0.67,2,2026-03-03 09:30:00-05:00,stop,"[('2026-03-03 09:30:00-05:00', 1.0, 145.83, 'stop')]",1,-1.037892307692308,-0.02703386094970933,1,-4.047779999999977
KHC,XLP,off,2026-02-27,2026-03-02 12:30:00-05:00,2026-03-02 12:45:00-05:00,23.14,22.72,VAL,24.14,LRC_upper,25.17,2.3,1.03,vwap_reclaim,41.1,0.03,3,2026-03-04 09:30:00-05:00,stop,"[('2026-03-04 09:30:00-05:00', 1.0, 22.72, 'stop')]",2,-1.054595238095238,-0.01914131374243741,1,-0.4429300000000017
CL,XLP,off,2026-03-02,2026-03-03 12:15:00-05:00,2026-03-03 12:30:00-05:00,94.36,93.39,POC,98.15,52w_high,102.39,3.91,1.14,vwap_reclaim,75.3,0.92,3,2026-03-04 15:45:00-05:00,lrc_break,"[('2026-03-04 15:45:00-05:00', 1.0, 94.14, 'lrc_break')]",2,-0.32396907216494764,-0.003330330648579895,1,-0.31424999999999886
CASY,XLP,off,2026-03-03,2026-03-04 10:30:00-05:00,2026-03-04 10:45:00-05:00,674.81,655.37,POC,715.62,LRC_upper,737.49,2.14,2.0,vwap_reclaim,78.6,0.91,3,2026-03-06 15:45:00-05:00,lrc_break,"[('2026-03-06 15:45:00-05:00', 1.0, 663.57, 'lrc_break')]",3,-0.6126126543209841,-0.017648212089328694,35,-416.82164999999634
EMN,,off,2026-03-03,2026-03-04 11:30:00-05:00,2026-03-04 11:45:00-05:00,71.45,68.9,AVWAP,76.52,swing_high,80.53,2.05,1.4,vwap_reclaim,75.7,0.79,3,2026-03-04 15:45:00-05:00,lrc_break,"[('2026-03-04 15:45:00-05:00', 1.0, 70.85, 'lrc_break')]",1,-0.2631960784313762,-0.0093932820153955,2,-1.3423000000000171
BKR,XLE,off,2026-03-04,2026-03-05 12:00:00-05:00,2026-03-05 12:15:00-05:00,60.09,58.6,VAL,66.53,52w_high,68.38,4.32,1.11,vwap_reclaim,86.1,0.96,3,2026-03-05 15:45:00-05:00,lrc_break,"[('2026-03-05 15:45:00-05:00', 1.0, 59.77, 'lrc_break')]",1,-0.25498657718120793,-0.006322682642702618,404,-153.49172000000013
CB,XLF,off,2026-03-04,2026-03-05 12:15:00-05:00,2026-03-05 12:30:00-05:00,328.49,322.45,VAL,342.55,52w_high,351.22,2.34,1.37,vwap_reclaim,64.4,0.57,3,2026-03-06 09:45:00-05:00,stop,"[('2026-03-06 09:45:00-05:00', 1.0, 322.45, 'stop')]",1,-1.0538857615894037,-0.019377971932174557,64,-407.3900800000013
AEE,XLU,off,2026-03-03,2026-03-05 12:30:00-05:00,2026-03-05 12:45:00-05:00,109.22,108.24,POC,112.01,LRC_upper,113.45,3.01,1.17,vwap_reclaim,72.6,0.89,3,2026-03-06 09:30:00-05:00,stop,"[('2026-03-06 09:30:00-05:00', 1.0, 108.24, 'stop')]",1,-1.1109489795918364,-0.009968229262039956,1,-1.088730000000004
ATO,XLU,off,2026-03-05,2026-03-06 12:00:00-05:00,2026-03-06 12:15:00-05:00,182.4,179.59,VAH,187.67,LRC_upper,191.31,2.0,1.11,vwap_reclaim,67.2,0.72,3,2026-03-20 14:45:00-04:00,stop,"[('2026-03-20 14:45:00-04:00', 1.0, 179.59, 'stop')]",10,-1.0644110320284699,-0.016397998903508786,130,-388.8293500000003
LIN,XLB,off,2026-03-05,2026-03-06 12:15:00-05:00,2026-03-06 12:30:00-05:00,479.73,466.92,VAL,505.67,swing_high,524.03,2.03,1.47,vwap_reclaim,76.5,0.91,3,2026-03-06 15:45:00-05:00,lrc_break,"[('2026-03-06 15:45:00-05:00', 1.0, 480.17, 'lrc_break')]",1,-0.003118657298985348,-8.327600942197135e-05,49,-1.9575500000001131
HAL,XLE,off,2026-03-05,2026-03-06 12:15:00-05:00,2026-03-06 12:30:00-05:00,33.9,32.66,AVWAP,36.52,swing_high,38.16,2.09,2.14,vwap_reclaim,70.6,0.8,2,2026-03-06 15:45:00-05:00,lrc_break,"[('2026-03-06 15:45:00-05:00', 1.0, 33.75, 'lrc_break')]",1,-0.1482459677419341,-0.005422566371681374,700,-128.67749999999901
COR,XLV,off,2026-03-05,2026-03-06 13:00:00-05:00,2026-03-06 13:15:00-05:00,355.1,349.52,VAL,374.43,swing_high,382.67,3.65,1.25,vwap_reclaim,68.2,0.74,3,2026-03-10 15:45:00-04:00,lrc_break,"[('2026-03-10 15:45:00-04:00', 1.0, 350.9, 'lrc_break')]",3,-0.8159498207885326,-0.012821740354829752,8,-36.42400000000036
FE,XLU,off,2026-03-06,2026-03-09 11:15:00-04:00,2026-03-09 11:30:00-04:00,49.45,48.79,POC,51.41,LRC_upper,52.45,2.97,1.33,vwap_reclaim,75.9,0.9,3,2026-03-19 12:15:00-04:00,stop,"[('2026-03-19 12:15:00-04:00', 1.0, 48.79, 'stop')]",8,-1.074424242424242,-0.014340141557128488,479,-339.66848000000175
ACGL,XLF,off,2026-03-06,2026-03-09 12:15:00-04:00,2026-03-09 12:30:00-04:00,95.965,94.85,swing_low,102.64,swing_high,105.0,5.83,1.26,vwap_reclaim,60.2,0.39,3,2026-03-11 10:15:00-04:00,stop,"[('2026-03-11 10:15:00-04:00', 1.0, 94.85, 'stop')]",2,-1.0855672645739904,-0.01261300995154493,247,-298.97065250000225
AMT,XLRE,off,2026-03-06,2026-03-09 13:30:00-04:00,2026-03-09 13:45:00-04:00,183.53,180.09,VAL,193.89,LRC_upper,225.56,3.01,1.21,vwap_reclaim,65.8,0.59,3,2026-03-11 10:30:00-04:00,stop,"[('2026-03-11 10:30:00-04:00', 1.0, 180.09, 'stop')]",2,-1.0528517441860465,-0.01973415790334004,125,-452.7262499999997
CFG,XLF,off,2026-03-06,2026-03-09 14:00:00-04:00,2026-03-09 14:15:00-04:00,55.83,53.47,swing_low,60.89,swing_high,63.86,2.13,1.39,vwap_reclaim,42.0,0.17,2,2026-03-09 15:45:00-04:00,lrc_break,"[('2026-03-09 15:45:00-04:00', 1.0, 57.47, 'lrc_break')]",1,0.6709110169491529,0.028360200608991592,1,1.5833500000000007
BAX,XLV,off,2026-03-09,2026-03-10 12:15:00-04:00,2026-03-10 12:30:00-04:00,17.63,17.17,swing_low,18.88,swing_high,19.79,2.72,1.04,vwap_reclaim,41.7,0.0,3,2026-03-10 15:45:00-04:00,lrc_break,"[('2026-03-10 15:45:00-04:00', 1.0, 17.44, 'lrc_break')]",1,-0.4511630434782586,-0.011771695972773553,5,-1.0376749999999886
CSX,XLI,off,2026-03-10,2026-03-11 12:45:00-04:00,2026-03-11 13:00:00-04:00,40.33,39.42,swing_low,43.09,swing_high,44.85,3.03,1.14,vwap_reclaim,75.0,0.83,3,2026-03-11 15:45:00-04:00,lrc_break,"[('2026-03-11 15:45:00-04:00', 1.0, 40.11, 'lrc_break')]",1,-0.28595604395604374,-0.006452268782543983,582,-151.44803999999934
JBHT,XLI,off,2026-03-10,2026-03-11 12:45:00-04:00,2026-03-11 13:00:00-04:00,210.88,206.11,swing_low,229.44,swing_high,243.26,3.88,1.76,vwap_reclaim,70.5,0.7,3,2026-03-11 15:45:00-04:00,lrc_break,"[('2026-03-11 15:45:00-04:00', 1.0, 209.58, 'lrc_break')]",1,-0.3166100628930794,-0.007161561077389905,111,-167.63552999999808
HAS,XLY,off,2026-03-10,2026-03-11 12:45:00-04:00,2026-03-11 13:00:00-04:00,92.79,91.29,AVWAP,98.58,POC,104.6,3.7,1.6,vwap_reclaim,68.0,0.73,2,2026-03-11 15:45:00-04:00,lrc_break,"[('2026-03-11 15:45:00-04:00', 1.0, 92.82, 'lrc_break')]",1,-0.04187000000000873,-0.0006768509537667107,20,-1.2561000000002616
DVA,XLV,off,2026-03-11,2026-03-12 09:45:00-04:00,2026-03-12 10:00:00-04:00,154.34,149.8,POC,179.39,LRC_upper,184.4,5.5,3.93,vwap_reclaim,82.8,0.76,3,2026-03-13 10:00:00-04:00,stop,"[('2026-03-13 10:00:00-04:00', 1.0, 149.8, 'stop')]",1,-1.0334955947136564,-0.030400868213036104,152,-713.1946399999988
BG,XLP,off,2026-03-11,2026-03-12 10:00:00-04:00,2026-03-12 10:15:00-04:00,121.35,116.1,VAL,135.81,LRC_upper,140.93,2.88,2.15,vwap_reclaim,71.2,0.74,2,2026-03-20 13:30:00-04:00,stop,"[('2026-03-20 13:30:00-04:00', 1.0, 116.1, 'stop')]",6,-1.0226142857142857,-0.044241656365883814,193,-1036.1639249999998
MLM,XLB,off,2026-03-10,2026-03-12 10:45:00-04:00,2026-03-12 11:00:00-04:00,591.71,576.64,swing_low,626.1,swing_high,660.62,2.39,4.75,vwap_reclaim,35.3,0.08,2,2026-03-12 13:30:00-04:00,stop,"[('2026-03-12 13:30:00-04:00', 1.0, 576.64, 'stop')]",0,-1.038764100862641,-0.026455822953811915,2,-31.3083500000001
AVY,XLB,off,2026-03-11,2026-03-12 11:00:00-04:00,2026-03-12 11:15:00-04:00,171.12,166.94,swing_low,181.47,swing_high,185.89,2.28,5.02,vwap_reclaim,39.7,0.08,2,2026-03-12 15:45:00-04:00,lrc_break,"[('2026-03-12 15:45:00-04:00', 1.0, 168.93, 'lrc_break')]",1,-0.5645992822966492,-0.013791637447405315,2,-4.720049999999995
BALL,XLB,off,2026-03-10,2026-03-12 11:15:00-04:00,2026-03-12 11:30:00-04:00,61.67,60.03,AVWAP,65.8,POC,67.33,2.58,1.54,vwap_reclaim,70.6,0.74,2,2026-03-12 15:45:00-04:00,lrc_break,"[('2026-03-12 15:45:00-04:00', 1.0, 61.24, 'lrc_break')]",1,-0.299667682926829,-0.00796910977784984,1,-0.4914549999999997
MKTX,,off,2026-03-12,2026-03-13 12:15:00-04:00,2026-03-13 12:30:00-04:00,179.25,174.94,swing_low,193.95,swing_high,226.72,3.21,1.42,vwap_reclaim,59.9,0.27,3,2026-03-18 09:30:00-04:00,stop,"[('2026-03-18 09:30:00-04:00', 1.0, 174.94, 'stop')]",3,-1.0410893271461716,-0.02503260808926082,130,-583.3223500000003
COHR,XLK,off,2026-03-12,2026-03-13 12:30:00-04:00,2026-03-13 12:45:00-04:00,246.105,224.81,swing_low,292.85,LRC_upper,309.31,2.19,1.58,vwap_reclaim,80.7,0.8,3,2026-03-30 09:45:00-04:00,stop,"[('2026-03-30 09:45:00-04:00', 1.0, 224.81, 'stop')]",11,-1.0110569382484151,-0.08748484386745489,4,-86.12182999999995
FLEX,XLK,off,2026-03-17,2026-03-18 10:45:00-04:00,2026-03-18 11:00:00-04:00,64.61,62.45,AVWAP,72.22,swing_high,75.16,3.45,1.16,vwap_reclaim,38.1,0.0,2,2026-03-19 09:30:00-04:00,stop,"[('2026-03-19 09:30:00-04:00', 1.0, 62.04, 'stop')]",1,-1.2191319444444464,-0.04075723572202446,351,-924.2970750000001
CSX,XLI,off,2026-03-17,2026-03-18 13:45:00-04:00,2026-03-18 14:00:00-04:00,39.59,38.78,AVWAP,41.41,swing_high,43.09,2.29,1.11,vwap_reclaim,65.7,0.69,3,2026-03-18 15:45:00-04:00,lrc_break,"[('2026-03-18 15:45:00-04:00', 1.0, 39.41, 'lrc_break')]",1,-0.2709876543209953,-0.005544329376105249,1,-0.21950000000000683
AKAM,XLK,off,2026-03-18,2026-03-19 13:15:00-04:00,2026-03-19 13:30:00-04:00,108.22,104.57,VAH,115.48,LRC_upper,119.77,2.03,1.5,vwap_reclaim,67.9,0.57,3,2026-04-10 09:30:00-04:00,trail,"[('2026-04-10 09:30:00-04:00', 1.0, 104.83, 'trail')]",15,-0.9579520547945192,-0.03230941600443542,210,-734.2702500000001
EIX,XLU,off,2026-03-18,2026-03-19 15:00:00-04:00,2026-03-19 15:15:00-04:00,70.4,69.41,POC,73.71,52w_high,78.74,3.34,1.47,vwap_reclaim,75.8,0.8,3,2026-03-20 10:15:00-04:00,stop,"[('2026-03-20 10:15:00-04:00', 1.0, 69.41, 'stop')]",1,-1.0706111111111105,-0.015055468750000129,324,-343.40922000000296
ADM,XLP,off,2026-03-18,2026-03-19 15:00:00-04:00,2026-03-19 15:15:00-04:00,68.23,66.49,POC,72.78,52w_high,76.25,2.61,1.33,vwap_reclaim,68.4,0.68,3,2026-03-20 09:45:00-04:00,stop,"[('2026-03-20 09:45:00-04:00', 1.0, 66.49, 'stop')]",1,-1.0387126436781609,-0.026489227612487308,294,-531.3638400000027
EQIX,XLRE,off,2026-03-19,2026-03-20 10:00:00-04:00,2026-03-20 10:15:00-04:00,965.45,928.13,VAL,1050.2,LRC_upper,1087.42,2.27,2.35,vwap_reclaim,79.7,0.87,3,2026-04-30 09:30:00-04:00,trail,"[('2026-04-30 09:30:00-04:00', 1.0, 1037.73, 'trail')]",28,1.9099252411575531,0.07382920917706766,23,1639.4034299999994
CME,XLF,off,2026-03-19,2026-03-20 13:00:00-04:00,2026-03-20 13:15:00-04:00,303.99,300.14,VAL,318.35,swing_high,329.22,3.73,1.12,vwap_reclaim,77.2,0.9,3,2026-03-20 15:45:00-04:00,lrc_break,"[('2026-03-20 15:45:00-04:00', 1.0, 304.3, 'lrc_break')]",1,0.0015207792207798027,1.926050199020453e-05,65,0.380575000000146
MO,XLP,off,2026-03-18,2026-03-23 10:45:00-04:00,2026-03-23 11:00:00-04:00,61.61,60.82,AVWAP,64.69,POC,67.24,3.96,1.02,vwap_reclaim,66.2,0.74,2,2026-03-23 15:45:00-04:00,lrc_break,"[('2026-03-23 15:45:00-04:00', 1.0, 61.41, 'lrc_break')]",1,-0.33102531645570016,-0.00424460314883952,362,-94.66662000000103
AWK,XLU,off,2026-03-19,2026-03-23 12:15:00-04:00,2026-03-23 12:30:00-04:00,134.12,131.21,VAL,140.42,swing_high,149.61,2.19,1.13,vwap_reclaim,59.0,0.47,3,2026-03-25 09:45:00-04:00,stop,"[('2026-03-25 09:45:00-04:00', 1.0, 131.21, 'stop')]",2,-1.0455893470790378,-0.02268613927825825,166,-505.0823899999994
AMT,XLRE,off,2026-03-19,2026-03-23 13:30:00-04:00,2026-03-23 13:45:00-04:00,171.87,169.39,swing_low,185.44,POC,194.94,5.74,1.08,vwap_reclaim,54.9,0.43,3,2026-03-24 11:45:00-04:00,stop,"[('2026-03-24 11:45:00-04:00', 1.0, 169.39, 'stop')]",1,-1.0688024193548382,-0.015422295921336,122,-323.3768600000022
FDX,XLI,off,2026-03-19,2026-03-24 13:45:00-04:00,2026-03-24 14:00:00-04:00,285.92,275.73,swing_low,312.67,swing_high,340.08,2.65,1.3,vwap_reclaim,66.8,0.55,2,2026-03-27 10:00:00-04:00,stop,"[('2026-03-27 10:00:00-04:00', 1.0, 275.73, 'stop')]",3,-1.0275588812561334,-0.03662152000559596,78,-816.7243499999998
FANG,XLE,off,2026-04-08,2026-04-09 15:00:00-04:00,2026-04-09 15:15:00-04:00,185.66,178.93,VAL,202.67,52w_high,208.17,2.53,1.29,vwap_reclaim,77.5,0.89,2,2026-04-09 15:45:00-04:00,lrc_break,"[('2026-04-09 15:45:00-04:00', 1.0, 184.26, 'lrc_break')]",1,-0.23550668647845588,-0.008536895400193934,120,-190.19520000000068
EOG,XLE,off,2026-04-09,2026-04-10 11:30:00-04:00,2026-04-10 11:45:00-04:00,133.76,129.84,VAL,149.6,swing_high,154.3,3.98,1.26,vwap_reclaim,77.9,0.92,2,2026-04-10 15:45:00-04:00,lrc_break,"[('2026-04-10 15:45:00-04:00', 1.0, 134.18, 'lrc_break')]",1,0.07296683673469816,0.0021383821770336116,164,46.90892000000261
DTE,XLU,off,2026-04-09,2026-04-10 12:30:00-04:00,2026-04-10 12:45:00-04:00,148.12,146.37,VAH,154.27,LRC_upper,156.33,3.51,1.05,vwap_reclaim,67.3,0.61,2,2026-04-13 09:30:00-04:00,stop,"[('2026-04-13 09:30:00-04:00', 1.0, 146.37, 'stop')]",1,-1.08414,-0.012808837429111531,148,-280.79226
MGM,XLY,off,2026-04-09,2026-04-10 12:45:00-04:00,2026-04-10 13:00:00-04:00,36.78,35.78,AVWAP,39.25,swing_high,40.4,2.49,1.11,vwap_reclaim,50.4,0.28,2,2026-04-14 09:30:00-04:00,stop,"[('2026-04-14 09:30:00-04:00', 1.0, 35.75, 'stop')]",2,-1.0662650000000011,-0.028990348015225695,598,-637.6264700000007
CVX,XLE,off,2026-04-08,2026-04-10 15:00:00-04:00,2026-04-10 15:15:00-04:00,184.62,180.92,swing_low,210.92,swing_high,219.49,7.11,2.5,vwap_reclaim,73.5,0.86,2,2026-04-10 15:45:00-04:00,lrc_break,"[('2026-04-10 15:45:00-04:00', 1.0, 185.21, 'lrc_break')]",1,0.10948243243243283,0.0021941555627776155,111,44.96443500000038
DE,XLI,off,2026-04-09,2026-04-13 12:15:00-04:00,2026-04-13 12:30:00-04:00,600.56,588.38,AVWAP,650.5,LRC_upper,670.49,4.1,1.62,vwap_reclaim,49.6,0.0,3,2026-04-15 09:30:00-04:00,stop,"[('2026-04-15 09:30:00-04:00', 1.0, 588.38, 'stop')]",2,-1.0488070607553368,-0.021270930464899345,36,-459.88091999999824
CF,XLB,off,2026-04-09,2026-04-14 14:30:00-04:00,2026-04-14 14:45:00-04:00,117.82,112.13,swing_low,130.29,swing_high,140.66,2.28,1.63,vwap_reclaim,71.1,0.85,2,2026-04-14 15:45:00-04:00,lrc_break,"[('2026-04-14 15:45:00-04:00', 1.0, 117.87, 'lrc_break')]",1,-0.01192355008787147,-0.0005758360210489614,186,-12.619169999997885
CB,XLF,off,2026-04-13,2026-04-14 14:30:00-04:00,2026-04-14 14:45:00-04:00,324.67,320.74,POC,339.42,LRC_upper,346.64,3.71,1.23,vwap_reclaim,40.7,0.02,2,2026-04-22 09:30:00-04:00,stop,"[('2026-04-22 09:30:00-04:00', 1.0, 319.69, 'stop')]",6,-1.3491552162849896,-0.0163309822281086,67,-355.2460600000012
CMS,XLU,off,2026-04-14,2026-04-15 12:30:00-04:00,2026-04-15 12:45:00-04:00,76.83,76.0,swing_low,79.1,swing_high,80.89,2.78,1.04,vwap_reclaim,63.2,0.57,3,2026-04-16 12:30:00-04:00,stop,"[('2026-04-16 12:30:00-04:00', 1.0, 76.0, 'stop')]",1,-1.092066265060241,-0.01179767018091889,284,-257.4218599999995
ATO,XLU,off,2026-04-14,2026-04-15 12:30:00-04:00,2026-04-15 12:45:00-04:00,184.26,182.62,POC,190.28,52w_high,195.82,4.07,1.69,vwap_reclaim,60.5,0.67,2,2026-04-17 09:45:00-04:00,stop,"[('2026-04-17 09:45:00-04:00', 1.0, 182.62, 'stop')]",2,-1.1118536585365864,-0.009896016498426063,118,-215.1659199999984
BKR,XLE,off,2026-04-14,2026-04-15 13:45:00-04:00,2026-04-15 14:00:00-04:00,60.3,58.92,VAL,64.18,swing_high,66.28,2.78,1.17,vwap_reclaim,51.6,0.04,3,2026-04-16 09:30:00-04:00,stop,"[('2026-04-16 09:30:00-04:00', 1.0, 58.92, 'stop')]",1,-1.0431956521739132,-0.023874129353233756,330,-475.0712999999985
ICE,XLF,off,2026-04-15,2026-04-16 12:00:00-04:00,2026-04-16 12:15:00-04:00,162.73,160.55,VAH,169.75,LRC_upper,173.91,3.22,2.45,vwap_reclaim,43.7,0.01,3,2026-04-17 09:30:00-04:00,stop,"[('2026-04-17 09:30:00-04:00', 1.0, 160.55, 'stop')]",1,-1.0741467889908263,-0.014389725311866148,119,-278.65515999999747
CTVA,XLB,off,2026-04-15,2026-04-16 14:00:00-04:00,2026-04-16 14:15:00-04:00,80.61,78.4,AVWAP,85.25,swing_high,87.81,2.07,1.22,vwap_reclaim,75.1,0.83,3,2026-04-16 15:45:00-04:00,lrc_break,"[('2026-04-16 15:45:00-04:00', 1.0, 80.81, 'lrc_break')]",1,0.053977375565612294,0.00147984121076793,268,31.969720000000756
FMC,,off,2026-04-16,2026-04-17 14:45:00-04:00,2026-04-17 15:00:00-04:00,17.12,16.71,swing_low,18.98,LRC_upper,43.15,4.54,1.07,vwap_reclaim,61.6,0.37,3,2026-04-20 09:30:00-04:00,stop,"[('2026-04-20 09:30:00-04:00', 1.0, 16.71, 'stop')]",1,-1.0412560975609757,-0.02493662383177571,1268,-541.3282200000002
ATO,XLU,off,2026-04-20,2026-04-21 12:30:00-04:00,2026-04-21 12:45:00-04:00,182.31,180.49,AVWAP,190.28,52w_high,194.01,4.13,1.33,vwap_reclaim,63.4,0.56,3,2026-04-21 15:45:00-04:00,lrc_break,"[('2026-04-21 15:45:00-04:00', 1.0, 180.77, 'lrc_break')]",1,-0.9459010989010981,-0.00944292688278203,119,-204.86325999999906
AEE,XLU,off,2026-04-20,2026-04-21 12:30:00-04:00,2026-04-21 12:45:00-04:00,109.28,107.86,AVWAP,113.91,swing_high,115.76,3.17,1.7,vwap_reclaim,55.9,0.27,3,2026-04-22 13:30:00-04:00,stop,"[('2026-04-22 13:30:00-04:00', 1.0, 107.86, 'stop')]",1,-1.0764577464788732,-0.01398764641288435,199,-304.18543000000034
CZR,,off,2026-04-20,2026-04-21 13:30:00-04:00,2026-04-21 13:45:00-04:00,27.64,26.26,POC,30.88,swing_high,32.55,2.31,1.18,vwap_reclaim,62.1,0.62,2,2026-05-12 14:00:00-04:00,stop,"[('2026-05-12 14:00:00-04:00', 1.0, 26.26, 'stop')]",15,-1.0195289855072465,-0.050902677279305315,661,-929.9939499999995
CE,,off,2026-04-21,2026-04-22 09:45:00-04:00,2026-04-22 10:00:00-04:00,65.76,62.78,POC,72.72,LRC_upper,75.64,2.34,1.66,vwap_reclaim,70.5,0.55,3,2026-05-06 09:45:00-04:00,stop,"[('2026-05-06 09:45:00-04:00', 1.0, 62.78, 'stop')]",10,-1.0215671140939597,-0.04629364355231149,327,-995.4762900000013
EOG,XLE,off,2026-04-21,2026-04-22 13:00:00-04:00,2026-04-22 13:15:00-04:00,131.73,123.96,swing_low,149.6,swing_high,157.09,2.32,1.25,vwap_reclaim,64.2,0.56,2,2026-06-15 09:30:00-04:00,trail,"[('2026-06-15 09:30:00-04:00', 1.0, 130.0, 'trail')]",37,-0.2394935649935638,-0.014126356942230243,138,-256.7993699999986
COP,XLE,off,2026-04-22,2026-04-23 10:15:00-04:00,2026-04-23 10:30:00-04:00,122.42,117.76,AVWAP,133.97,swing_high,138.1,2.48,1.05,vwap_reclaim,67.4,0.47,2,2026-05-06 09:30:00-04:00,stop,"[('2026-05-06 09:30:00-04:00', 1.0, 116.31, 'stop')]",9,-1.3367736051502155,-0.05088519032837771,175,-1090.1388749999999
FFIV,XLK,off,2026-04-22,2026-04-23 15:15:00-04:00,2026-04-23 15:30:00-04:00,299.84,294.05,POC,346.0,52w_high,363.13,8.07,1.44,vwap_reclaim,73.0,0.75,3,2026-04-24 09:45:00-04:00,stop,"[('2026-04-24 09:45:00-04:00', 1.0, 294.05, 'stop')]",1,-1.051285837651123,-0.020300643676627414,10,-60.86944999999964
ECHO,XLC,off,2026-04-23,2026-04-24 11:30:00-04:00,2026-04-24 11:45:00-04:00,119.755,115.79,swing_low,131.4,swing_high,137.13,2.94,1.2,vwap_reclaim,50.8,0.55,2,2026-05-26 09:45:00-04:00,trail,"[('2026-05-26 09:45:00-04:00', 1.0, 121.32, 'trail')]",21,0.364303278688525,0.012061813702976893,26,37.55602499999994
KIM,XLRE,off,2026-04-28,2026-04-29 15:30:00-04:00,2026-04-29 15:45:00-04:00,23.08,22.77,swing_low,23.77,swing_high,24.27,2.23,1.34,vwap_reclaim,50.0,0.14,3,2026-05-04 09:30:00-04:00,stop,"[('2026-05-04 09:30:00-04:00', 1.0, 22.72, 'stop')]",3,-1.235161290322584,-0.01659012131715769,3,-1.1486999999999983
BIO,,off,2026-04-28,2026-04-30 10:00:00-04:00,2026-04-30 10:15:00-04:00,277.775,271.75,VAL,305.94,LRC_upper,319.5,4.73,3.61,vwap_reclaim,60.3,0.43,3,2026-05-01 09:30:00-04:00,stop,"[('2026-05-01 09:30:00-04:00', 1.0, 261.47, 'stop')]",1,-2.7509746887966826,-0.05966923769237675,77,-1276.2459324999961
CVX,XLE,off,2026-04-29,2026-04-30 10:15:00-04:00,2026-04-30 10:30:00-04:00,188.28,182.89,POC,206.08,LRC_upper,212.02,3.31,1.01,vwap_reclaim,46.3,0.01,2,2026-05-06 09:30:00-04:00,stop,"[('2026-05-06 09:30:00-04:00', 1.0, 182.31, 'stop')]",4,-1.1419842300556553,-0.03269224028043339,13,-80.018835
KLAC,XLK,off,2026-04-30,2026-05-01 12:30:00-04:00,2026-05-01 12:45:00-04:00,172.58,165.75,VAL,193.47,swing_high,202.33,3.06,1.03,vwap_reclaim,65.4,0.66,3,2026-06-23 09:30:00-04:00,trail,"[('2026-06-23 09:30:00-04:00', 1.0, 245.78, 'trail')]",35,10.686796486090754,0.42293904276277655,116,8466.935119999998
FTNT,XLK,off,2026-05-01,2026-05-04 09:45:00-04:00,2026-05-04 10:00:00-04:00,87.49,81.92,POC,109.33,52w_high,113.7,3.86,1.35,vwap_reclaim,59.1,0.2,3,2026-06-09 09:30:00-04:00,trail,"[('2026-06-09 09:30:00-04:00', 1.0, 141.01, 'trail')]",25,9.588105924596066,0.6104211909932568,1,53.40575
HAL,XLE,off,2026-05-05,2026-05-06 15:30:00-04:00,2026-05-06 15:45:00-04:00,40.02,39.37,VAH,42.95,LRC_upper,44.93,4.59,1.07,vwap_reclaim,69.0,0.73,3,2026-05-07 09:30:00-04:00,stop,"[('2026-05-07 09:30:00-04:00', 1.0, 39.37, 'stop')]",1,-1.0610692307692302,-0.017233758120939673,521,-359.3310950000029
GS,XLF,off,2026-05-06,2026-05-07 11:00:00-04:00,2026-05-07 11:15:00-04:00,926.96,910.64,POC,970.49,52w_high,988.54,2.67,1.13,vwap_reclaim,58.3,0.45,3,2026-06-09 11:15:00-04:00,trail,"[('2026-06-09 11:15:00-04:00', 1.0, 1015.41, 'trail')]",22,5.36022150735292,0.09437172585656331,22,1924.5339299999985
MPC,XLE,off,2026-05-06,2026-05-07 11:45:00-04:00,2026-05-07 12:00:00-04:00,236.66,229.42,swing_low,254.1,swing_high,264.74,2.43,1.93,vwap_reclaim,54.4,0.26,3,2026-06-17 15:45:00-04:00,lrc_break,"[('2026-06-17 15:45:00-04:00', 1.0, 244.16, 'lrc_break')]",29,1.0027058011049712,0.030675188033465733,87,631.58433
CFG,XLF,off,2026-05-06,2026-05-07 12:00:00-04:00,2026-05-07 12:15:00-04:00,64.61,63.71,POC,67.86,swing_high,69.35,3.61,1.28,vwap_reclaim,50.6,0.53,2,2026-05-08 11:15:00-04:00,stop,"[('2026-05-08 11:15:00-04:00', 1.0, 63.71, 'stop')]",1,-1.071288888888889,-0.014922767373471577,30,-28.924799999999955
HLT,XLY,off,2026-05-06,2026-05-08 11:00:00-04:00,2026-05-08 11:15:00-04:00,319.98,313.35,VAL,333.4,swing_high,344.43,2.01,1.03,vwap_reclaim,48.2,0.42,2,2026-05-11 09:30:00-04:00,stop,"[('2026-05-11 09:30:00-04:00', 1.0, 313.35, 'stop')]",1,-1.0477624434389141,-0.021709684980311256,6,-41.679989999999975
AVGO,XLK,off,2026-05-08,2026-05-11 10:45:00-04:00,2026-05-11 11:00:00-04:00,428.83,416.89,POC,468.97,LRC_upper,480.62,3.36,1.4,vwap_reclaim,79.6,0.72,3,2026-05-12 11:00:00-04:00,stop,"[('2026-05-12 11:00:00-04:00', 1.0, 416.89, 'stop')]",1,-1.0354154103852597,-0.028829279667933676,4,-49.45143999999999
JCI,XLI,off,2026-05-11,2026-05-12 12:15:00-04:00,2026-05-12 12:30:00-04:00,139.41,137.3,VAL,146.12,swing_high,150.01,3.28,2.38,vwap_reclaim,52.4,0.39,3,2026-05-18 14:30:00-04:00,stop,"[('2026-05-18 14:30:00-04:00', 1.0, 137.3, 'stop')]",4,-1.065571090047394,-0.016127645075675958,13,-29.22861499999981
EXR,XLRE,off,2026-05-12,2026-05-13 12:30:00-04:00,2026-05-13 12:45:00-04:00,140.34,136.45,POC,148.31,LRC_upper,153.43,2.05,1.0,vwap_reclaim,35.8,0.04,2,2026-05-15 09:30:00-04:00,stop,"[('2026-05-15 09:30:00-04:00', 1.0, 136.45, 'stop')]",2,-1.0355771208226219,-0.028704538976770805,123,-495.4925850000019
BK,,off,2026-05-14,2026-05-15 12:15:00-04:00,2026-05-15 12:30:00-04:00,136.96,133.29,POC,145.3,LRC_upper,147.99,2.28,1.11,vwap_reclaim,71.4,0.82,2,2026-05-20 15:45:00-04:00,open_at_end,"[('2026-05-20 15:45:00-04:00', 1.0, 137.16, 'open_at_end')]",4,0.01714986376021481,0.0004595502336447767,123,7.741619999998601
GEV,XLI,off,2026-05-15,2026-05-18 15:00:00-04:00,2026-05-18 15:15:00-04:00,997.31,962.01,AVWAP,1124.86,swing_high,1181.35,3.67,1.9,vwap_reclaim,66.5,0.83,2,2026-05-18 15:45:00-04:00,lrc_break,"[('2026-05-18 15:45:00-04:00', 1.0, 1011.89, 'lrc_break')]",1,0.3845722379603416,0.013612016323911364,1,13.575400000000041
CAT,XLI,off,2026-05-18,2026-05-19 11:00:00-04:00,2026-05-19 11:15:00-04:00,853.13,835.59,VAL,929.63,swing_high,968.09,4.4,1.73,vwap_reclaim,68.3,0.88,2,2026-05-19 15:45:00-04:00,lrc_break,"[('2026-05-19 15:45:00-04:00', 1.0, 858.8, 'lrc_break')]",1,0.2744603762827804,0.00564279183711739,2,9.628069999999918
MDLZ,XLP,off,2026-05-19,2026-05-20 10:45:00-04:00,2026-05-20 11:00:00-04:00,60.75,59.67,VAL,63.33,LRC_upper,68.76,2.36,1.11,vwap_reclaim,66.5,0.73,3,2026-06-01 10:45:00-04:00,stop,"[('2026-06-01 10:45:00-04:00', 1.0, 59.67, 'stop')]",7,-1.0557500000000002,-0.018768888888888863,30,-34.20629999999995
BIIB,XLV,off,2026-05-19,2026-05-20 15:30:00-04:00,2026-05-20 15:45:00-04:00,189.1,184.9,VAL,198.33,swing_high,205.97,2.06,1.1,vwap_reclaim,46.4,0.23,3,2026-06-02 09:45:00-04:00,stop,"[('2026-06-02 09:45:00-04:00', 1.0, 184.9, 'stop')]",8,-1.0445238095238096,-0.023199365415124216,89,-390.44299999999896
AVB,,off,2026-05-22,2026-05-26 09:45:00-04:00,2026-05-26 10:00:00-04:00,185.1,181.16,POC,193.9,LRC_upper,200.12,2.37,1.46,vwap_reclaim,68.7,0.85,2,2026-05-29 09:30:00-04:00,stop,"[('2026-05-29 09:30:00-04:00', 1.0, 181.16, 'stop')]",3,-1.0464796954314721,-0.022275148568341428,17,-70.09320999999997
CNC,XLV,off,2026-05-28,2026-05-29 10:45:00-04:00,2026-05-29 11:00:00-04:00,58.93,56.75,swing_low,68.55,LRC_upper,70.71,4.41,1.98,vwap_reclaim,80.3,0.9,2,2026-06-16 15:00:00-04:00,trail,"[('2026-06-16 15:00:00-04:00', 1.0, 60.6, 'trail')]",12,0.7386399082568783,0.027324537586967495,52,83.7322200000001
COHR,XLK,off,2026-05-29,2026-06-01 11:00:00-04:00,2026-06-01 11:15:00-04:00,355.225,330.15,swing_low,413.0,swing_high,444.32,2.32,1.47,vwap_reclaim,74.9,0.79,3,2026-06-09 11:45:00-04:00,trail,"[('2026-06-09 11:45:00-04:00', 1.0, 348.11, 'trail')]",6,-0.2977733798604186,-0.021019543951016986,5,-37.33333750000004
FRT,XLRE,off,2026-05-29,2026-06-02 10:00:00-04:00,2026-06-02 10:15:00-04:00,118.04,117.06,VAH,120.72,52w_high,122.19,2.73,1.61,vwap_reclaim,70.9,0.92,3,2026-06-17 15:15:00-04:00,trail,"[('2026-06-17 15:15:00-04:00', 1.0, 119.3, 'trail')]",11,1.1646224489795778,0.00966901050491351,139,158.64486999999875
AVB,,off,2026-06-08,2026-06-09 10:15:00-04:00,2026-06-09 10:30:00-04:00,186.39,183.18,POC,196.98,LRC_upper,199.68,3.44,2.33,vwap_reclaim,69.5,0.81,2,2026-06-11 12:15:00-04:00,stop,"[('2026-06-11 12:15:00-04:00', 1.0, 183.18, 'stop')]",2,-1.057565420560748,-0.018213342990503676,1,-3.3947849999999797
MNST,XLP,off,2026-06-08,2026-06-09 12:45:00-04:00,2026-06-09 13:00:00-04:00,44.6,43.37,swing_low,47.4,LRC_upper,48.27,2.3,4.1,vwap_reclaim,79.8,0.87,3,2026-07-20 15:45:00-04:00,lrc_break,"[('2026-07-20 15:45:00-04:00', 1.0, 47.72, 'lrc_break')]",28,2.4990569105690956,0.06892017937219726,498,1530.7723199999987
CVS,XLV,off,2026-06-08,2026-06-09 12:45:00-04:00,2026-06-09 13:00:00-04:00,96.13,93.73,POC,104.28,LRC_upper,107.03,3.41,2.44,vwap_reclaim,72.1,0.84,2,2026-07-30 15:45:00-04:00,lrc_break,"[('2026-07-30 15:45:00-04:00', 1.0, 105.195, 'lrc_break')]",36,3.735140625000012,0.09325223655466554,19,170.32241249999998
ETSY,,off,2026-06-10,2026-06-11 13:15:00-04:00,2026-06-11 13:30:00-04:00,68.775,66.39,POC,75.71,LRC_upper,78.05,2.84,1.2,vwap_reclaim,71.8,0.52,3,2026-07-22 15:45:00-04:00,lrc_break,"[('2026-07-22 15:45:00-04:00', 1.0, 80.5, 'lrc_break')]",28,4.884848008385731,0.16939821882951644,3,34.95108749999998
EBAY,XLY,off,2026-06-11,2026-06-15 10:15:00-04:00,2026-06-15 10:30:00-04:00,110.36,106.38,swing_low,118.62,swing_high,122.2,2.08,2.92,vwap_reclaim,65.6,0.63,2,2026-06-22 09:30:00-04:00,stop,"[('2026-06-22 09:30:00-04:00', 1.0, 106.19, 'stop')]",4,-1.0749434673366827,-0.03876653678869157,162,-693.0805500000004
ADP,XLI,off,2026-06-16,2026-06-17 11:00:00-04:00,2026-06-17 11:15:00-04:00,220.11,214.98,POC,233.83,swing_high,255.03,2.64,1.08,vwap_reclaim,63.3,0.85,2,2026-06-17 15:45:00-04:00,lrc_break,"[('2026-06-17 15:45:00-04:00', 1.0, 217.4, 'lrc_break')]",1,-0.5709074074074063,-0.013305869792376574,14,-41.00257000000011
CSCO,XLK,off,2026-06-17,2026-06-18 11:45:00-04:00,2026-06-18 12:00:00-04:00,117.98,112.15,swing_low,129.88,swing_high,140.87,2.04,1.44,vwap_reclaim,81.4,0.87,3,2026-06-26 15:45:00-04:00,lrc_break,"[('2026-06-26 15:45:00-04:00', 1.0, 113.24, 'lrc_break')]",6,-0.8328662092624375,-0.04115621291744371,188,-912.8546800000016
CRWD,XLK,off,2026-06-17,2026-06-18 12:15:00-04:00,2026-06-18 12:30:00-04:00,169.11,159.47,POC,196.42,swing_high,208.46,2.84,1.1,vwap_reclaim,73.0,0.87,2,2026-07-22 09:30:00-04:00,trail,"[('2026-07-22 09:30:00-04:00', 1.0, 185.14, 'trail')]",22,1.644489107883812,0.0937429779433503,111,1759.669124999997
FRT,XLRE,off,2026-06-18,2026-06-22 10:00:00-04:00,2026-06-22 10:15:00-04:00,119.85,117.25,VAL,125.25,swing_high,127.29,2.14,1.07,vwap_reclaim,68.7,0.89,2,2026-07-01 15:45:00-04:00,lrc_break,"[('2026-07-01 15:45:00-04:00', 1.0, 120.48, 'lrc_break')]",8,0.19609038461538877,0.004253942428035125,143,72.90640500000137
ENPH,,off,2026-06-18,2026-06-22 14:15:00-04:00,2026-06-22 14:30:00-04:00,53.68,47.17,swing_low,73.74,swing_high,80.64,3.08,1.28,vwap_reclaim,65.5,0.62,2,2026-06-23 15:30:00-04:00,stop,"[('2026-06-23 15:30:00-04:00', 1.0, 47.17, 'stop')]",1,-1.0077457757296466,-0.1222135804769001,1,-6.560424999999998
LYV,XLC,off,2026-06-17,2026-06-23 11:30:00-04:00,2026-06-23 11:45:00-04:00,170.51,167.11,POC,178.7,LRC_upper,183.11,2.41,1.01,vwap_reclaim,55.0,0.41,3,2026-06-24 09:30:00-04:00,stop,"[('2026-06-24 09:30:00-04:00', 1.0, 167.11, 'stop')]",1,-1.0496500000000004,-0.020930209371884216,132,-471.08291999999705
CPAY,XLF,off,2026-06-22,2026-06-24 10:15:00-04:00,2026-06-24 10:30:00-04:00,344.015,337.19,swing_low,361.99,swing_high,384.38,2.63,1.23,vwap_reclaim,56.0,0.59,2,2026-06-25 09:30:00-04:00,stop,"[('2026-06-25 09:30:00-04:00', 1.0, 337.19, 'stop')]",1,-1.0499051282051284,-0.020829331569844307,65,-465.7641624999993
FTNT,XLK,off,2026-06-24,2026-06-25 12:00:00-04:00,2026-06-25 12:15:00-04:00,150.1,140.92,VAL,175.95,LRC_upper,180.31,2.81,1.12,vwap_reclaim,87.3,0.91,3,2026-07-22 15:45:00-04:00,lrc_break,"[('2026-07-22 15:45:00-04:00', 1.0, 154.98, 'lrc_break')]",19,0.5149738562091495,0.031495403064623555,122,576.7501199999994
DVA,XLV,off,2026-06-25,2026-06-26 14:30:00-04:00,2026-06-26 14:45:00-04:00,213.64,207.28,POC,241.98,LRC_upper,248.06,4.42,1.24,vwap_reclaim,76.1,0.76,2,2026-08-03 15:45:00-04:00,lrc_break,"[('2026-08-03 15:45:00-04:00', 1.0, 233.68, 'lrc_break')]",26,3.115776729559759,0.0927557573488112,43,852.1026200000009
HST,XLRE,off,2026-06-26,2026-06-29 10:15:00-04:00,2026-06-29 10:30:00-04:00,24.15,23.66,POC,25.17,LRC_upper,25.65,2.08,1.04,vwap_reclaim,78.8,0.92,3,2026-06-30 10:15:00-04:00,stop,"[('2026-06-30 10:15:00-04:00', 1.0, 23.66, 'stop')]",1,-1.0487857142857144,-0.02127971014492747,885,-454.80592499999864
GEN,XLK,off,2026-06-29,2026-06-30 10:00:00-04:00,2026-06-30 10:15:00-04:00,24.86,24.19,swing_low,26.7,swing_high,27.69,2.8,1.15,vwap_reclaim,69.8,0.56,3,2026-08-25 15:45:00-04:00,time,"[('2026-08-25 15:45:00-04:00', 1.0, 29.31, 'time')]",40,6.601365671641809,0.17791291230893,841,3719.6715149999995
KIM,XLRE,off,2026-07-02,2026-07-06 12:30:00-04:00,2026-07-06 12:45:00-04:00,24.9,24.6,VAL,25.69,swing_high,26.17,2.63,1.69,vwap_reclaim,57.5,0.69,2,2026-07-10 10:30:00-04:00,stop,"[('2026-07-10 10:30:00-04:00', 1.0, 24.6, 'stop')]",4,-1.0825000000000007,-0.013042168674698682,691,-224.40224999999802
L,XLF,off,2026-07-09,2026-07-10 10:30:00-04:00,2026-07-10 10:45:00-04:00,115.14,113.39,VAH,118.49,LRC_upper,120.19,2.07,1.25,vwap_reclaim,52.7,0.33,3,2026-07-15 09:30:00-04:00,stop,"[('2026-07-15 09:30:00-04:00', 1.0, 113.08, 'stop')]",3,-1.242348571428573,-0.01888231717908635,147,-319.5941700000003
AIG,XLF,off,2026-07-14,2026-07-15 12:30:00-04:00,2026-07-15 12:45:00-04:00,76.91,75.72,POC,80.63,LRC_upper,85.64,3.09,1.59,vwap_reclaim,33.2,0.07,2,2026-08-10 15:45:00-04:00,lrc_break,"[('2026-08-10 15:45:00-04:00', 1.0, 77.1, 'lrc_break')]",19,0.09495378151260332,0.0014691847614094102,216,24.40691999999951
EG,XLF,off,2026-07-20,2026-07-21 11:30:00-04:00,2026-07-21 11:45:00-04:00,375.02,367.29,POC,392.06,LRC_upper,401.71,2.2,1.2,vwap_reclaim,47.3,0.31,2,2026-07-30 09:30:00-04:00,trail,"[('2026-07-30 09:30:00-04:00', 1.0, 372.94, 'trail')]",7,-0.31746183699870584,-0.006543597674790636,62,-152.146759999999
LH,XLV,off,2026-07-20,2026-07-22 11:00:00-04:00,2026-07-22 11:15:00-04:00,278.15,272.87,swing_low,289.95,swing_high,297.96,2.21,1.17,vwap_reclaim,57.1,0.74,2,2026-09-04 15:45:00-04:00,lrc_break,"[('2026-09-04 15:45:00-04:00', 1.0, 326.79, 'lrc_break')]",33,9.154835227272782,0.17378223979866994,75,3625.314750000003
APH,XLK,off,2026-07-22,2026-07-23 09:45:00-04:00,2026-07-23 10:00:00-04:00,79.42,75.65,swing_low,89.12,swing_high,93.65,2.58,2.59,vwap_reclaim,62.0,0.63,2,2026-07-24 15:15:00-04:00,stop,"[('2026-07-24 15:15:00-04:00', 1.0, 75.65, 'stop')]",1,-1.0205663129973475,-0.04844541677159401,243,-934.951004999999
FITB,XLF,off,2026-07-22,2026-07-23 13:00:00-04:00,2026-07-23 13:15:00-04:00,56.68,55.71,VAL,59.5,swing_high,61.17,2.87,1.35,vwap_reclaim,71.7,0.94,3,2026-07-23 15:45:00-04:00,lrc_break,"[('2026-07-23 15:45:00-04:00', 1.0, 57.15, 'lrc_break')]",1,0.4258608247422674,0.007288020465772739,1,0.41308499999999887
ETN,XLI,off,2026-07-24,2026-07-27 12:15:00-04:00,2026-07-27 12:30:00-04:00,392.38,381.34,swing_low,429.33,swing_high,451.32,3.35,1.01,vwap_reclaim,41.6,0.1,3,2026-07-28 09:30:00-04:00,stop,"[('2026-07-28 09:30:00-04:00', 1.0, 381.34, 'stop')]",1,-1.0350416666666666,-0.029121922626025844,46,-525.6355600000009
ANET,XLK,off,2026-07-24,2026-07-27 13:30:00-04:00,2026-07-27 13:45:00-04:00,170.5,164.69,POC,189.82,swing_high,199.12,3.33,1.35,vwap_reclaim,60.5,0.6,3,2026-07-28 09:30:00-04:00,stop,"[('2026-07-28 09:30:00-04:00', 1.0, 164.69, 'stop')]",1,-1.0288459552495697,-0.03505920821114371,2,-11.955190000000005
HRL,XLP,off,2026-07-27,2026-07-28 10:15:00-04:00,2026-07-28 10:30:00-04:00,26.255,25.42,VAH,27.88,52w_high,28.51,2.0,1.1,vwap_reclaim,70.2,0.73,2,2026-07-29 09:30:00-04:00,stop,"[('2026-07-29 09:30:00-04:00', 1.0, 25.42, 'stop')]",1,-1.0309431137724552,-0.03278756427347162,681,-586.2303374999982
GL,XLF,off,2026-07-28,2026-07-29 11:30:00-04:00,2026-07-29 11:45:00-04:00,178.49,174.32,VAL,191.55,swing_high,196.22,3.13,3.25,vwap_reclaim,76.5,0.81,3,2026-08-19 10:30:00-04:00,stop,"[('2026-08-19 10:30:00-04:00', 1.0, 174.32, 'stop')]",15,-1.0423033573141485,-0.02435097204325181,96,-417.25488000000155
AOS,XLI,off,2026-07-27,2026-07-29 14:00:00-04:00,2026-07-29 14:15:00-04:00,61.91,60.7,VAH,65.38,swing_high,77.47,2.74,2.03,vwap_reclaim,52.7,0.5,2,2026-07-30 10:30:00-04:00,stop,"[('2026-07-30 10:30:00-04:00', 1.0, 60.7, 'stop')]",1,-1.0506652892561985,-0.020534727830721914,2,-2.542609999999988
MCO,XLF,off,2026-07-29,2026-07-30 12:15:00-04:00,2026-07-30 12:30:00-04:00,475.61,463.96,swing_low,503.85,swing_high,522.2,2.53,1.04,vwap_reclaim,54.6,0.61,2,2026-09-09 09:30:00-04:00,trail,"[('2026-09-09 09:30:00-04:00', 1.0, 473.95, 'trail')]",28,-0.18324291845493235,-0.004488509493071988,48,-102.4694400000012
EFX,XLI,off,2026-07-27,2026-07-30 13:00:00-04:00,2026-07-30 13:15:00-04:00,176.07,170.41,swing_low,187.99,swing_high,198.42,2.12,2.35,vwap_reclaim,42.0,0.16,2,2026-09-04 09:30:00-04:00,stop,"[('2026-09-04 09:30:00-04:00', 1.0, 167.99, 'stop')]",26,-1.4579558303886906,-0.04686789345146807,2,-16.504059999999967
FE,XLU,off,2026-07-30,2026-07-31 11:30:00-04:00,2026-07-31 11:45:00-04:00,48.13,47.52,VAL,50.08,LRC_upper,51.3,3.27,1.3,vwap_reclaim,64.3,0.84,2,2026-07-31 15:45:00-04:00,lrc_break,"[('2026-07-31 15:45:00-04:00', 1.0, 47.84, 'lrc_break')]",1,-0.5540737704918024,-0.007022335341782654,43,-14.533354999999965
CAG,,off,2026-07-30,2026-08-03 10:15:00-04:00,2026-08-03 10:30:00-04:00,14.805,14.39,swing_low,18.63,swing_high,19.59,9.34,1.58,vwap_reclaim,67.1,0.65,2,2026-09-03 15:45:00-04:00,lrc_break,"[('2026-09-03 15:45:00-04:00', 1.0, 15.63, 'lrc_break')]",24,1.951283132530127,0.054696555217831885,139,112.55976750000015
LLY,XLV,off,2026-07-31,2026-08-04 10:30:00-04:00,2026-08-04 10:45:00-04:00,1124.32,1068.6,swing_low,1238.04,swing_high,1280.62,2.05,1.0,vwap_reclaim,65.5,0.56,3,2026-08-04 15:45:00-04:00,lrc_break,"[('2026-08-04 15:45:00-04:00', 1.0, 1114.51, 'lrc_break')]",1,-0.1961488693467326,-0.009720911306389591,8,-87.43531999999956
FE,XLU,off,2026-08-04,2026-08-05 13:00:00-04:00,2026-08-05 13:15:00-04:00,47.47,46.9,swing_low,49.11,swing_high,50.15,2.88,3.06,vwap_reclaim,57.8,0.76,2,2026-08-05 15:45:00-04:00,lrc_break,"[('2026-08-05 15:45:00-04:00', 1.0, 47.33, 'lrc_break')]",1,-0.3287719298245622,-0.003947756477775449,209,-39.166600000000116
INCY,XLV,off,2026-08-05,2026-08-06 11:45:00-04:00,2026-08-06 12:00:00-04:00,117.285,113.43,swing_low,132.07,LRC_upper,138.44,3.79,3.79,vwap_reclaim,69.0,0.84,2,2026-09-11 15:45:00-04:00,lrc_break,"[('2026-09-11 15:45:00-04:00', 1.0, 121.47, 'lrc_break')]",26,1.0546361867704315,0.03466447115999491,84,341.5122900000002
L,XLF,off,2026-08-10,2026-08-11 11:45:00-04:00,2026-08-11 12:00:00-04:00,113.22,111.56,AVWAP,117.09,swing_high,120.94,2.35,1.1,vwap_reclaim,61.4,0.78,2,2026-08-11 15:45:00-04:00,lrc_break,"[('2026-08-11 15:45:00-04:00', 1.0, 113.08, 'lrc_break')]",1,-0.15250000000000066,-0.0022359123829712117,147,-37.21305000000008
HUM,XLV,off,2026-08-07,2026-08-12 10:15:00-04:00,2026-08-12 10:30:00-04:00,379.0975,369.45,AVWAP,415.0,swing_high,439.93,3.68,1.1,vwap_reclaim,55.8,0.34,2,2026-09-23 09:30:00-04:00,stop,"[('2026-09-23 09:30:00-04:00', 1.0, 369.45, 'stop')]",29,-1.038794895050531,-0.026435874016578945,43,-430.93627125000154
CBOE,XLF,off,2026-08-17,2026-08-19 12:00:00-04:00,2026-08-19 12:15:00-04:00,291.71,283.75,POC,309.28,swing_high,324.74,2.17,1.32,vwap_reclaim,35.1,0.21,2,2026-08-19 15:15:00-04:00,stop,"[('2026-08-19 15:15:00-04:00', 1.0, 283.75, 'stop')]",0,-1.0361469849246232,-0.028273730760001302,58,-478.3683399999988
DUK,XLU,off,2026-08-17,2026-08-20 10:30:00-04:00,2026-08-20 10:45:00-04:00,123.8,121.6,POC,128.62,LRC_upper,131.83,2.22,1.08,vwap_reclaim,39.8,0.0,2,2026-08-21 10:15:00-04:00,stop,"[('2026-08-21 10:15:00-04:00', 1.0, 121.6, 'stop')]",1,-1.0557727272727273,-0.01876171243941844,134,-311.2418000000004
ITW,XLI,off,2026-08-18,2026-08-21 10:45:00-04:00,2026-08-21 11:00:00-04:00,283.01,274.15,AVWAP,301.23,swing_high,311.74,2.02,1.57,vwap_reclaim,66.7,0.87,2,2026-08-21 15:45:00-04:00,lrc_break,"[('2026-08-21 15:45:00-04:00', 1.0, 282.29, 'lrc_break')]",1,-0.11316591422121543,-0.0035428076746403673,57,-57.151049999998314
AME,XLI,off,2026-08-19,2026-08-24 09:45:00-04:00,2026-08-24 10:00:00-04:00,238.91,232.25,swing_low,259.17,swing_high,269.79,3.06,3.21,vwap_reclaim,58.8,0.68,2,2026-08-28 15:45:00-04:00,lrc_break,"[('2026-08-28 15:45:00-04:00', 1.0, 236.0, 'lrc_break')]",5,-0.4725908408408406,-0.013174228789083742,67,-210.8794849999998
GD,XLI,off,2026-08-24,2026-08-25 15:30:00-04:00,2026-08-25 15:45:00-04:00,377.375,372.28,swing_low,398.04,swing_high,413.41,4.18,1.66,vwap_reclaim,61.5,0.75,2,2026-08-25 15:45:00-04:00,lrc_break,"[('2026-08-25 15:45:00-04:00', 1.0, 376.54, 'lrc_break')]",1,-0.23787193326790443,-0.003211546869824391,64,-77.5652799999987
CRWD,XLK,off,2026-08-21,2026-08-26 11:30:00-04:00,2026-08-26 11:45:00-04:00,187.77,178.67,swing_low,209.5,swing_high,227.2,2.4,1.41,vwap_reclaim,57.5,0.54,2,2026-09-02 12:45:00-04:00,trail,"[('2026-09-02 12:45:00-04:00', 1.0, 203.0, 'trail')]",5,1.6521554945054893,0.08006931352186179,129,1939.4653349999987
MRSH,XLF,off,2026-08-28,2026-08-31 12:45:00-04:00,2026-08-31 13:00:00-04:00,190.755,187.85,VAL,198.49,swing_high,204.56,2.62,1.13,vwap_reclaim,65.9,0.78,2,2026-09-01 10:00:00-04:00,stop,"[('2026-09-01 10:00:00-04:00', 1.0, 187.68, 'stop')]",1,-1.1236549053356237,-0.01711209404733815,85,-277.458487499999
BR,XLI,off,2026-08-31,2026-09-01 13:30:00-04:00,2026-09-01 13:45:00-04:00,179.74,176.25,VAH,190.33,LRC_upper,251.93,3.03,1.48,vwap_reclaim,77.1,0.93,3,2026-09-04 09:30:00-04:00,stop,"[('2026-09-04 09:30:00-04:00', 1.0, 175.91, 'stop')]",3,-1.1483739255014334,-0.022297902525870772,89,-356.6964250000011
ETSY,,off,2026-09-01,2026-09-02 12:45:00-04:00,2026-09-02 13:00:00-04:00,80.985,77.77,VAL,87.45,swing_high,91.43,2.02,2.27,vwap_reclaim,49.6,0.24,2,2026-09-04 15:00:00-04:00,stop,"[('2026-09-04 15:00:00-04:00', 1.0, 77.77, 'stop')]",2,-1.0246897356143079,-0.04067886028276846,297,-978.4301175000011
AMP,XLF,off,2026-09-03,2026-09-04 11:15:00-04:00,2026-09-04 11:30:00-04:00,561.48,551.75,VAL,614.36,LRC_upper,627.69,5.7,1.93,vwap_reclaim,74.7,0.75,2,2026-09-09 09:30:00-04:00,stop,"[('2026-09-09 09:30:00-04:00', 1.0, 551.75, 'stop')]",2,-1.0572060637204521,-0.01832053679561163,36,-370.3181400000007
BKR,XLE,off,2026-09-03,2026-09-04 12:30:00-04:00,2026-09-04 12:45:00-04:00,63.14,62.05,VAL,65.64,swing_high,67.67,2.29,1.59,vwap_reclaim,56.9,0.78,2,2026-09-10 09:30:00-04:00,stop,"[('2026-09-10 09:30:00-04:00', 1.0, 62.05, 'stop')]",3,-1.057426605504587,-0.018254592968007657,1,-1.1525950000000036
IT,XLK,off,2026-09-03,2026-09-04 15:30:00-04:00,2026-09-04 15:45:00-04:00,187.19,181.78,VAL,223.82,LRC_upper,265.85,6.62,1.07,vwap_reclaim,77.0,0.86,3,2026-09-08 09:30:00-04:00,stop,"[('2026-09-08 09:30:00-04:00', 1.0, 181.78, 'stop')]",1,-1.0341007393715342,-0.02988666595437789,128,-716.0940799999995
COR,XLV,off,2026-09-04,2026-09-08 12:00:00-04:00,2026-09-08 12:15:00-04:00,326.84,320.31,POC,343.78,LRC_upper,375.33,2.6,1.39,vwap_reclaim,71.1,0.78,3,2026-09-11 09:30:00-04:00,stop,"[('2026-09-11 09:30:00-04:00', 1.0, 320.31, 'stop')]",3,-1.0495520673813172,-0.020969205115652836,72,-493.457399999998
FOX,XLC,off,2026-09-02,2026-09-08 12:15:00-04:00,2026-09-08 12:30:00-04:00,57.76,56.78,VAL,62.62,swing_high,65.4,4.96,1.41,vwap_reclaim,68.4,0.9,3,2026-09-08 15:45:00-04:00,lrc_break,"[('2026-09-08 15:45:00-04:00', 1.0, 58.26, 'lrc_break')]",1,0.45101020408163406,0.007652181440443213,404,178.56396
KO,XLP,off,2026-09-08,2026-09-09 12:00:00-04:00,2026-09-09 12:15:00-04:00,87.51,86.63,VAL,90.38,swing_high,91.94,3.26,1.06,vwap_reclaim,62.3,0.69,2,2026-09-25 15:45:00-04:00,open_at_end,"[('2026-09-25 15:45:00-04:00', 1.0, 87.81, 'open_at_end')]",13,0.24129545454544865,0.002426465546794619,268,56.90711999999923
CPRT,XLI,off,2026-09-08,2026-09-09 13:15:00-04:00,2026-09-09 13:30:00-04:00,32.105,31.2,VAL,33.98,swing_high,35.66,2.07,1.15,vwap_reclaim,62.5,0.69,3,2026-09-10 14:45:00-04:00,stop,"[('2026-09-10 14:45:00-04:00', 1.0, 31.2, 'stop')]",1,-1.034975138121547,-0.029174661267715236,731,-684.6929774999983
EQT,XLE,off,2026-09-08,2026-09-09 15:15:00-04:00,2026-09-09 15:30:00-04:00,54.335,53.65,POC,57.64,LRC_upper,60.02,4.82,1.75,vwap_reclaim,55.1,0.59,2,2026-09-14 11:00:00-04:00,stop,"[('2026-09-14 11:00:00-04:00', 1.0, 53.65, 'stop')]",3,-1.0788211678832114,-0.013600671758535056,353,-260.8643525000008
CMG,XLY,off,2026-09-09,2026-09-10 15:00:00-04:00,2026-09-10 15:15:00-04:00,36.21,34.89,AVWAP,39.01,swing_high,42.81,2.1,1.03,vwap_reclaim,59.7,0.21,3,2026-09-15 11:45:00-04:00,stop,"[('2026-09-15 11:45:00-04:00', 1.0, 34.89, 'stop')]",3,-1.0269318181818181,-0.037435791217895614,631,-855.3520500000002
COP,XLE,off,2026-09-10,2026-09-11 11:45:00-04:00,2026-09-11 12:00:00-04:00,136.81,134.21,POC,143.74,LRC_upper,146.57,2.67,1.0,vwap_reclaim,78.0,0.93,3,2026-09-16 10:45:00-04:00,stop,"[('2026-09-16 10:45:00-04:00', 1.0, 134.21, 'stop')]",3,-1.0521192307692309,-0.019994956509027075,168,-459.565679999999
CTSH,XLK,off,2026-09-14,2026-09-15 10:45:00-04:00,2026-09-15 11:00:00-04:00,63.89,60.16,VAL,73.0,LRC_upper,85.48,2.47,1.12,vwap_reclaim,79.0,0.85,3,2026-09-18 10:45:00-04:00,stop,"[('2026-09-18 10:45:00-04:00', 1.0, 60.16, 'stop')]",3,-1.0166286863270777,-0.059352402566911946,313,-1186.9038250000012
DG,XLP,off,2026-09-14,2026-09-15 12:45:00-04:00,2026-09-15 13:00:00-04:00,126.26,123.46,swing_low,134.12,swing_high,156.68,2.9,1.14,vwap_reclaim,46.5,0.29,2,2026-09-16 14:45:00-04:00,stop,"[('2026-09-16 14:45:00-04:00', 1.0, 123.46, 'stop')]",1,-1.0445928571428569,-0.023165373039759317,182,-532.324520000002
BMY,XLV,off,2026-09-14,2026-09-15 13:30:00-04:00,2026-09-15 13:45:00-04:00,63.78,62.73,swing_low,67.08,POC,68.64,3.16,1.13,vwap_reclaim,69.9,0.68,3,2026-09-15 15:45:00-04:00,lrc_break,"[('2026-09-15 15:45:00-04:00', 1.0, 63.75, 'lrc_break')]",1,-0.08930000000000073,-0.0014701317027281458,128,-12.001920000000146
EOG,XLE,off,2026-09-16,2026-09-17 12:15:00-04:00,2026-09-17 12:30:00-04:00,144.51,141.76,swing_low,153.67,swing_high,156.84,3.27,1.16,vwap_reclaim,58.3,0.45,2,2026-09-21 09:30:00-04:00,stop,"[('2026-09-21 09:30:00-04:00', 1.0, 141.76, 'stop')]",2,-1.052049090909091,-0.02002031001314788,155,-448.435925
EQIX,XLRE,off,2026-09-17,2026-09-18 11:45:00-04:00,2026-09-18 12:00:00-04:00,1022.2375,995.43,VAL,1095.7,LRC_upper,1126.21,2.73,1.43,vwap_reclaim,43.6,0.02,3,2026-09-25 15:45:00-04:00,open_at_end,"[('2026-09-25 15:45:00-04:00', 1.0, 1008.13, 'open_at_end')]",6,-0.5641213746153113,-0.014793708653810841,21,-317.57635874999914
A,XLV,off,2026-09-17,2026-09-18 12:00:00-04:00,2026-09-18 12:15:00-04:00,156.02,152.55,POC,163.75,swing_high,167.54,2.25,1.04,vwap_reclaim,65.5,0.66,2,2026-09-25 15:45:00-04:00,open_at_end,"[('2026-09-25 15:45:00-04:00', 1.0, 172.76, 'open_at_end')]",6,4.776832853025932,0.10624028970644775,143,2370.3122299999977
EG,XLF,off,2026-09-17,2026-09-18 12:45:00-04:00,2026-09-18 13:00:00-04:00,375.18,371.27,AVWAP,388.24,LRC_upper,398.9,3.08,2.74,vwap_reclaim,37.9,0.0,2,2026-09-21 14:45:00-04:00,stop,"[('2026-09-21 14:45:00-04:00', 1.0, 371.27, 'stop')]",1,-1.0954539641943728,-0.01141645343568427,15,-64.24837500000038
MRK,XLV,off,2026-09-17,2026-09-18 15:30:00-04:00,2026-09-18 15:45:00-04:00,146.64,144.05,swing_low,151.9,swing_high,156.0,2.07,1.4,vwap_reclaim,66.6,0.75,2,2026-09-25 15:45:00-04:00,open_at_end,"[('2026-09-25 15:45:00-04:00', 1.0, 148.815, 'open_at_end')]",6,0.782730694980707,0.013824826104746397,1,2.0272725000000116
APA,XLE,off,2026-09-18,2026-09-21 13:30:00-04:00,2026-09-21 13:45:00-04:00,44.0,42.34,swing_low,47.44,swing_high,49.1,2.09,1.54,vwap_reclaim,69.4,0.91,2,2026-09-21 15:45:00-04:00,lrc_break,"[('2026-09-21 15:45:00-04:00', 1.0, 43.81, 'lrc_break')]",1,-0.140906626506023,-0.005316022727272675,499,-116.71859499999886
BIO,,off,2026-09-17,2026-09-22 10:45:00-04:00,2026-09-22 11:00:00-04:00,378.57,373.16,VAL,395.26,swing_high,424.07,3.08,3.32,vwap_reclaim,69.6,0.87,2,2026-09-25 15:45:00-04:00,open_at_end,"[('2026-09-25 15:45:00-04:00', 1.0, 380.96, 'open_at_end')]",4,0.37157763401109023,0.0053100747549990395,59,118.6038649999992
AES,XLU,off,2026-09-21,2026-09-22 12:00:00-04:00,2026-09-22 12:15:00-04:00,14.84,14.72,AVWAP,17.23,52w_high,17.34,19.08,2.53,vwap_reclaim,72.8,0.92,2,2026-09-25 15:45:00-04:00,open_at_end,"[('2026-09-25 15:45:00-04:00', 1.0, 14.875, 'open_at_end')]",4,0.1678541666666689,0.0013573113207547263,342,6.8887350000000485
EL,XLP,off,2026-09-22,2026-09-23 12:00:00-04:00,2026-09-23 12:15:00-04:00,98.47,95.64,POC,104.74,swing_high,108.01,2.18,1.36,vwap_reclaim,59.1,0.65,2,2026-09-24 15:45:00-04:00,stop,"[('2026-09-24 15:45:00-04:00', 1.0, 95.64, 'stop')]",1,-1.0342950530035335,-0.02972534782167156,161,-471.2558549999997
