symbol,sector_etf,quadrant,setup_date,trigger_time,entry_time,entry,stop,stop_src,tp1,tp1_src,tp2,rr_at_trigger,rvol,entry_type,score,lrc_r2,flow_n,exit_time,exit_reason,fills,sessions_held,r_multiple,pct_return,shares,pnl
CB,XLF,Improving,2023-11-02,2023-11-03 11:00:00-04:00,2023-11-03 11:15:00-04:00,210.09,206.07,VAH,219.57,52w_high,223.68,2.38,2.35,vwap_reclaim,70.5,0.52,3,2023-11-24 13:15:00-05:00,time,"[('2023-11-24 10:30:00-05:00', 0.5, 219.57, 'tp1'), ('2023-11-24 13:15:00-05:00', 0.5, 218.45, 'time')]",15,2.165534825870638,0.041436765195868384,95,827.5774699999988
HII,XLI,Improving,2023-11-17,2023-11-20 09:45:00-05:00,2023-11-20 10:00:00-05:00,223.21,219.04,POC,231.37,LRC_upper,234.89,2.04,2.12,vwap_reclaim,72.9,0.67,3,2023-12-11 09:30:00-05:00,tp2,"[('2023-12-07 09:30:00-05:00', 0.5, 231.37, 'tp1'), ('2023-12-11 09:30:00-05:00', 0.5, 234.89, 'tp2')]",14,2.324179856115096,0.043420232068455654,89,864.3319899999988
DRI,XLY,Improving,2023-11-27,2023-11-29 11:45:00-05:00,2023-11-29 12:00:00-05:00,142.37,139.66,swing_low,147.95,LRC_upper,151.44,2.06,1.16,vwap_reclaim,61.1,0.52,3,2023-12-15 09:30:00-05:00,breakeven,"[('2023-12-04 09:45:00-05:00', 0.5, 147.95, 'tp1'), ('2023-12-15 09:30:00-05:00', 0.5, 142.25, 'breakeven')]",12,0.9543413284132776,0.01816580037929332,141,361.8147899999986
AES,XLU,Improving,2023-11-28,2023-11-29 12:45:00-05:00,2023-11-29 13:00:00-05:00,15.04,14.63,POC,15.9,swing_high,16.55,2.1,1.08,vwap_reclaim,49.9,0.26,2,2023-12-13 14:15:00-05:00,tp2,"[('2023-12-07 10:00:00-05:00', 0.5, 15.9, 'tp1'), ('2023-12-13 14:15:00-05:00', 0.5, 16.55, 'tp2')]",10,2.8521158536585514,0.07775049867021287,1341,1568.446655000002
ATO,XLU,Improving,2023-11-28,2023-11-30 10:30:00-05:00,2023-11-30 10:45:00-05:00,104.79,103.01,POC,109.06,LRC_upper,111.55,2.52,1.96,vwap_reclaim,44.7,0.19,2,2023-12-20 15:45:00-05:00,time,"[('2023-12-13 14:45:00-05:00', 0.5, 109.06, 'tp1'), ('2023-12-20 15:45:00-05:00', 0.5, 105.97, 'time')]",15,1.4712626404494342,0.024991387536978663,192,502.8187199999989
FE,XLU,Improving,2023-11-28,2023-11-30 12:30:00-05:00,2023-11-30 12:45:00-05:00,32.91,32.1,VAL,34.55,LRC_upper,35.31,2.02,1.72,vwap_reclaim,52.9,0.45,2,2023-12-15 15:30:00-05:00,breakeven,"[('2023-12-14 09:30:00-05:00', 0.5, 34.58, 'tp1'), ('2023-12-15 15:30:00-05:00', 0.5, 32.91, 'breakeven')]",11,0.9897191358024762,0.024359541172895807,611,490.6564800000005
AXON,XLI,Improving,2023-11-30,2023-12-01 10:30:00-05:00,2023-12-01 10:45:00-05:00,228.085,225.21,VAH,241.99,LRC_upper,246.65,4.83,4.13,vwap_reclaim,74.6,0.7,3,2023-12-13 14:30:00-05:00,tp2,"[('2023-12-12 11:15:00-05:00', 0.5, 241.99, 'tp1'), ('2023-12-13 14:30:00-05:00', 0.5, 246.65, 'tp2')]",8,5.564799130434783,0.07014401429291711,1,18.327632499999996
AOS,XLI,Improving,2023-12-01,2023-12-04 11:15:00-05:00,2023-12-04 11:30:00-05:00,72.77,71.72,POC,75.74,LRC_upper,76.8,2.72,1.13,vwap_reclaim,70.6,0.81,2,2023-12-20 09:30:00-05:00,tp2,"[('2023-12-12 10:15:00-05:00', 0.5, 75.74, 'tp1'), ('2023-12-20 09:30:00-05:00', 0.5, 76.8, 'tp2')]",12,3.2623619047619137,0.04707269479180981,145,497.224335
MDT,XLV,Improving,2023-12-06,2023-12-07 12:45:00-05:00,2023-12-07 13:00:00-05:00,73.61,72.3,swing_low,76.29,LRC_upper,78.25,2.02,1.34,vwap_reclaim,47.4,0.07,2,2023-12-14 11:30:00-05:00,tp2,"[('2023-12-14 09:30:00-05:00', 0.5, 76.73, 'tp1'), ('2023-12-14 11:30:00-05:00', 0.5, 78.25, 'tp2')]",5,2.9041603053435083,0.051683874473576995,282,1072.8549000000007
MLM,XLB,Improving,2023-12-08,2023-12-11 11:30:00-05:00,2023-12-11 11:45:00-05:00,463.96,455.37,POC,486.88,LRC_upper,493.72,2.46,3.29,vwap_reclaim,70.6,0.69,2,2024-01-02 15:45:00-05:00,time,"[('2023-12-14 09:30:00-05:00', 0.5, 486.88, 'tp1'), ('2024-01-02 15:45:00-05:00', 0.5, 483.52, 'time')]",15,2.41739464493598,0.044756918699887946,22,456.83924000000025
BSX,XLV,Improving,2023-12-13,2023-12-14 10:30:00-05:00,2023-12-14 10:45:00-05:00,56.275,55.4,VAH,58.44,LRC_upper,59.52,2.49,1.69,vwap_reclaim,69.7,0.69,3,2023-12-15 09:30:00-05:00,stop,"[('2023-12-15 09:30:00-05:00', 1.0, 55.4, 'stop')]",1,-1.0638142857142856,-0.016540870724122612,381,-354.6490875
MNST,XLP,Improving,2023-12-13,2023-12-14 10:45:00-05:00,2023-12-14 11:00:00-05:00,28.11,27.64,VAH,29.5,swing_high,30.23,2.96,1.02,vwap_reclaim,66.8,0.67,3,2023-12-15 09:30:00-05:00,stop,"[('2023-12-15 09:30:00-05:00', 1.0, 27.64, 'stop')]",1,-1.059308510638298,-0.01771166844539306,764,-380.3764999999991
KR,XLP,Improving,2023-12-13,2023-12-14 12:00:00-05:00,2023-12-14 12:15:00-05:00,41.71,41.17,swing_low,42.87,LRC_upper,44.03,2.21,1.14,vwap_reclaim,42.9,0.02,3,2023-12-14 14:45:00-05:00,stop,"[('2023-12-14 14:45:00-05:00', 1.0, 41.17, 'stop')]",0,-1.076740740740741,-0.013940062335171402,516,-300.0230399999996
DGX,XLV,Improving,2023-12-14,2023-12-15 12:45:00-05:00,2023-12-15 13:00:00-05:00,128.98,127.63,POC,133.8,swing_high,136.82,3.35,3.08,vwap_reclaim,73.6,0.86,3,2023-12-15 15:45:00-05:00,lrc_break,"[('2023-12-15 15:45:00-05:00', 1.0, 128.05, 'lrc_break')]",1,-0.7840851851851725,-0.008206815010078914,164,-173.59645999999645
DVA,XLV,Improving,2023-12-14,2023-12-15 13:15:00-05:00,2023-12-15 13:30:00-05:00,106.22,101.8,swing_low,116.97,swing_high,122.35,2.47,1.32,vwap_reclaim,70.5,0.71,3,2023-12-20 15:45:00-05:00,lrc_break,"[('2023-12-20 15:45:00-05:00', 1.0, 103.86, 'lrc_break')]",4,-0.557701357466063,-0.023206929015251357,199,-490.5429599999999
ISRG,XLV,Improving,2023-12-14,2023-12-15 14:30:00-05:00,2023-12-15 14:45:00-05:00,325.56,320.67,swing_low,344.05,LRC_upper,358.07,3.85,1.81,vwap_reclaim,72.4,0.58,3,2024-01-03 15:45:00-05:00,lrc_break,"[('2024-01-03 15:45:00-05:00', 1.0, 322.09, 'lrc_break')]",12,-0.775833333333341,-0.011653228283573003,65,-246.5986250000018
DXCM,XLV,Improving,2023-12-18,2023-12-19 12:00:00-05:00,2023-12-19 12:15:00-05:00,123.57,119.9,VAH,131.68,LRC_upper,139.24,2.17,1.19,vwap_reclaim,86.6,0.95,3,2023-12-20 09:30:00-05:00,stop,"[('2023-12-20 09:30:00-05:00', 1.0, 119.9, 'stop')]",1,-1.0331702997275205,-0.030684915432548254,171,-648.3866849999979
D,XLU,Improving,2023-12-15,2023-12-20 14:30:00-05:00,2023-12-20 14:45:00-05:00,42.24,41.55,POC,45.3,LRC_upper,46.89,4.43,1.78,vwap_reclaim,71.5,0.78,3,2023-12-20 15:45:00-05:00,stop,"[('2023-12-20 15:45:00-05:00', 1.0, 41.55, 'stop')]",0,-1.0607173913043475,-0.017327059659091024,500,-365.9475000000024
ABBV,XLV,Improving,2023-12-28,2023-12-29 11:30:00-05:00,2023-12-29 11:45:00-05:00,141.08,139.34,POC,146.35,LRC_upper,147.93,3.03,1.01,vwap_reclaim,62.4,0.37,3,2024-01-05 09:45:00-05:00,tp2,"[('2024-01-03 09:30:00-05:00', 0.5, 146.35, 'tp1'), ('2024-01-05 09:45:00-05:00', 0.5, 147.93, 'tp2')]",4,3.3999367816091706,0.041932874964559025,148,875.5517199999982
A,XLV,Improving,2023-12-28,2023-12-29 13:30:00-05:00,2023-12-29 13:45:00-05:00,136.37,134.86,VAH,146.11,LRC_upper,155.44,6.45,1.23,vwap_reclaim,88.3,0.91,3,2024-01-03 09:30:00-05:00,stop,"[('2024-01-03 09:30:00-05:00', 1.0, 134.86, 'stop')]",2,-1.0898112582781463,-0.012067280193590898,153,-251.77909499999862
DHR,XLV,Improving,2024-01-02,2024-01-03 11:30:00-05:00,2024-01-03 11:45:00-05:00,229.03,224.7,VAH,238.98,52w_high,243.31,2.25,1.98,vwap_reclaim,71.3,0.86,3,2024-01-09 14:30:00-05:00,stop,"[('2024-01-09 14:30:00-05:00', 1.0, 224.7, 'stop')]",4,-1.05239376443418,-0.01989636728812825,91,-414.6747150000011
MKC,XLP,Improving,2024-01-02,2024-01-03 11:30:00-05:00,2024-01-03 11:45:00-05:00,64.79,63.36,VAH,70.37,swing_high,75.78,3.9,1.4,vwap_reclaim,71.1,0.79,3,2024-01-05 09:30:00-05:00,stop,"[('2024-01-05 09:30:00-05:00', 1.0, 63.36, 'stop')]",2,-1.044807692307692,-0.023060271646859188,323,-482.58622500000223
DXCM,XLV,Improving,2024-01-02,2024-01-04 11:15:00-05:00,2024-01-04 11:30:00-05:00,122.495,117.52,POC,137.83,LRC_upper,143.4,3.08,1.06,vwap_reclaim,85.8,0.93,3,2024-01-04 15:45:00-05:00,lrc_break,"[('2024-01-04 15:45:00-05:00', 1.0, 121.83, 'lrc_break')]",1,-0.15822361809045324,-0.006426078615453743,169,-133.03046250000105
DTE,XLU,Improving,2024-01-04,2024-01-05 15:30:00-05:00,2024-01-05 15:45:00-05:00,100.49,98.83,swing_low,103.9,swing_high,105.67,2.11,1.01,vwap_reclaim,70.7,0.92,2,2024-01-11 10:00:00-05:00,stop,"[('2024-01-11 10:00:00-05:00', 1.0, 98.83, 'stop')]",4,-1.0600361445783135,-0.017510797094238202,206,-362.48995999999926
AWK,XLU,Improving,2024-01-04,2024-01-05 15:30:00-05:00,2024-01-05 15:45:00-05:00,123.12,121.1,swing_low,128.48,swing_high,132.0,2.82,1.27,vwap_reclaim,63.8,0.64,2,2024-01-17 09:30:00-05:00,stop,"[('2024-01-17 09:30:00-05:00', 1.0, 120.57, 'stop')]",7,-1.3226955445544544,-0.02170114522417163,168,-448.8699600000019
CLX,XLP,Improving,2024-01-04,2024-01-08 11:15:00-05:00,2024-01-08 11:30:00-05:00,127.36,126.12,VAL,130.91,swing_high,139.04,2.68,1.54,vwap_reclaim,59.2,0.67,2,2024-01-19 09:30:00-05:00,breakeven,"[('2024-01-17 11:00:00-05:00', 0.5, 130.91, 'tp1'), ('2024-01-19 09:30:00-05:00', 0.5, 127.36, 'breakeven')]",8,1.3280262096774236,0.012929903423366822,162,266.7739049999998
EVRG,XLU,Improving,2024-01-04,2024-01-08 12:45:00-05:00,2024-01-08 13:00:00-05:00,48.22,47.11,VAH,50.89,swing_high,54.13,2.41,1.64,vwap_reclaim,69.6,0.77,2,2024-01-17 09:30:00-05:00,stop,"[('2024-01-17 09:30:00-05:00', 1.0, 47.09, 'stop')]",6,-1.060950450450447,-0.024422542513479792,429,-505.213994999998
KMI,XLE,Improving,2024-01-08,2024-01-09 10:15:00-05:00,2024-01-09 10:30:00-05:00,15.87,15.7,VAH,16.33,LRC_upper,16.56,2.71,2.64,vwap_reclaim,74.0,0.84,3,2024-01-11 09:45:00-05:00,stop,"[('2024-01-11 09:45:00-05:00', 1.0, 15.7, 'stop')]",2,-1.0928529411764707,-0.011706679269061116,7,-1.3004949999999995
KVUE,XLP,Improving,2024-01-09,2024-01-10 13:15:00-05:00,2024-01-10 13:30:00-05:00,19.17,18.94,VAH,19.66,swing_high,20.36,2.13,14.18,vwap_reclaim,73.9,0.91,3,2024-01-11 10:00:00-05:00,stop,"[('2024-01-11 10:00:00-05:00', 1.0, 18.94, 'stop')]",1,-1.0828478260869563,-0.01299191444966095,1065,-265.2435750000005
COST,XLP,Improving,2024-01-10,2024-01-11 12:30:00-05:00,2024-01-11 12:45:00-05:00,660.38,654.15,VAH,687.42,LRC_upper,695.73,4.29,1.13,vwap_reclaim,84.6,0.92,3,2024-02-01 15:45:00-05:00,time,"[('2024-01-22 11:45:00-05:00', 0.5, 687.42, 'tp1'), ('2024-02-01 15:45:00-05:00', 0.5, 694.87, 'time')]",15,4.829733146067399,0.045563520245919,31,929.0432249999994
KO,XLP,Improving,2024-01-10,2024-01-11 14:00:00-05:00,2024-01-11 14:15:00-05:00,55.36,54.82,swing_low,56.47,LRC_upper,57.58,2.06,1.45,vwap_reclaim,71.1,0.84,3,2024-01-24 13:30:00-05:00,stop,"[('2024-01-24 13:30:00-05:00', 1.0, 54.82, 'stop')]",8,-1.1020185185185187,-0.010749458092485533,363,-216.0176699999997
DLTR,XLP,Improving,2024-01-18,2024-01-19 13:15:00-05:00,2024-01-19 13:30:00-05:00,130.675,127.38,AVWAP,139.1,swing_high,145.09,2.56,1.58,vwap_reclaim,73.3,0.84,3,2024-01-19 15:45:00-05:00,lrc_break,"[('2024-01-19 15:45:00-05:00', 1.0, 130.51, 'lrc_break')]",1,-0.08970940819423946,-0.0022620432370386106,156,-46.112430000003194
COST,XLP,Improving,2024-02-05,2024-02-06 11:00:00-05:00,2024-02-06 11:15:00-05:00,697.82,691.74,VAH,730.54,LRC_upper,740.1,5.12,1.5,vwap_reclaim,85.6,0.91,3,2024-02-27 15:45:00-05:00,time,"[('2024-02-23 09:30:00-05:00', 0.5, 730.54, 'tp1'), ('2024-02-27 15:45:00-05:00', 0.5, 734.43, 'time')]",15,5.583856496710473,0.0486512961795304,29,986.4896049999973
EXPD,XLI,Improving,2024-02-07,2024-02-08 14:30:00-05:00,2024-02-08 14:45:00-05:00,122.64,120.3,VAL,127.38,52w_high,131.0,2.08,1.07,vwap_reclaim,53.8,0.51,2,2024-02-20 09:30:00-05:00,stop,"[('2024-02-20 09:30:00-05:00', 1.0, 114.28, 'stop')]",7,-3.623273504273499,-0.0691329093281148,167,-1415.90282
HD,XLY,Improving,2024-02-08,2024-02-09 12:15:00-05:00,2024-02-09 12:30:00-05:00,337.92,333.4,VAH,354.93,LRC_upper,360.56,3.81,1.24,vwap_reclaim,75.7,0.68,3,2024-02-13 09:30:00-05:00,stop,"[('2024-02-13 09:30:00-05:00', 1.0, 333.4, 'stop')]",2,-1.074261061946902,-0.014369258996212235,61,-296.19526000000235
DAL,XLI,Improving,2024-02-08,2024-02-09 15:30:00-05:00,2024-02-09 15:45:00-05:00,39.13,38.05,AVWAP,41.34,swing_high,42.62,2.05,1.23,vwap_reclaim,44.4,0.0,2,2024-03-01 15:45:00-05:00,time,"[('2024-02-29 10:00:00-05:00', 0.5, 41.34, 'tp1'), ('2024-03-01 15:45:00-05:00', 0.5, 40.99, 'time')]",15,1.847085648148139,0.0509801303347815,527,1051.4621800000002
CASY,XLP,Improving,2024-02-09,2024-02-12 11:00:00-05:00,2024-02-12 11:15:00-05:00,281.08,277.44,swing_low,288.81,LRC_upper,294.75,2.12,1.19,vwap_reclaim,40.8,0.2,2,2024-02-13 15:00:00-05:00,stop,"[('2024-02-13 15:00:00-05:00', 1.0, 277.44, 'stop')]",1,-1.0767197802197805,-0.013943574782979886,73,-286.10597999999897
KMB,XLP,Improving,2024-02-07,2024-02-12 13:00:00-05:00,2024-02-12 13:15:00-05:00,106.55,105.55,swing_low,109.82,swing_high,111.52,3.19,1.41,vwap_reclaim,34.3,0.04,2,2024-02-13 10:30:00-05:00,stop,"[('2024-02-13 10:30:00-05:00', 1.0, 105.55, 'stop')]",1,-1.10605,-0.010380572501173158,1,-1.10605
LH,XLV,Improving,2024-02-12,2024-02-13 11:15:00-05:00,2024-02-13 11:30:00-05:00,217.66,214.72,AVWAP,225.26,LRC_upper,230.94,2.56,2.04,vwap_reclaim,43.8,0.24,2,2024-02-15 10:00:00-05:00,stop,"[('2024-02-15 10:00:00-05:00', 1.0, 214.72, 'stop')]",2,-1.0735340136054423,-0.014500551318570237,93,-293.5256699999998
MDT,XLV,Improving,2024-02-12,2024-02-13 11:45:00-05:00,2024-02-13 12:00:00-05:00,78.68,78.03,AVWAP,82.45,swing_high,84.28,5.8,1.05,vwap_reclaim,69.4,0.8,2,2024-02-13 13:00:00-05:00,stop,"[('2024-02-13 13:00:00-05:00', 1.0, 78.03, 'stop')]",0,-1.1205461538461527,-0.009257180986273584,2,-1.4567100000000115
DRI,XLY,Improving,2024-02-13,2024-02-14 15:00:00-05:00,2024-02-14 15:15:00-05:00,148.37,145.73,swing_low,155.0,swing_high,159.02,2.55,1.04,vwap_reclaim,54.8,0.32,3,2024-03-04 09:30:00-05:00,tp2,"[('2024-02-22 09:45:00-05:00', 0.5, 155.0, 'tp1'), ('2024-03-04 09:30:00-05:00', 0.5, 159.18, 'tp2')]",12,3.2451780303030118,0.05774260295207925,137,1175.8049449999999
CPRT,XLI,Improving,2024-02-13,2024-02-14 15:00:00-05:00,2024-02-14 15:15:00-05:00,49.04,48.55,POC,51.38,LRC_upper,52.06,4.78,1.11,vwap_reclaim,46.5,0.12,2,2024-02-20 09:45:00-05:00,stop,"[('2024-02-20 09:45:00-05:00', 1.0, 48.55, 'stop')]",3,-1.099581632653061,-0.010986847471451917,2,-1.077590000000004
DASH,XLY,Improving,2024-02-16,2024-02-20 12:30:00-05:00,2024-02-20 12:45:00-05:00,112.3,108.8,AVWAP,123.4,LRC_upper,130.61,3.15,1.51,vwap_reclaim,69.2,0.68,3,2024-03-04 09:30:00-05:00,tp2,"[('2024-02-22 09:30:00-05:00', 0.5, 123.4, 'tp1'), ('2024-03-04 09:30:00-05:00', 0.5, 132.01, 'tp2')]",9,4.367142142857143,0.13610861531611756,179,2731.711705
DECK,XLY,Improving,2024-02-16,2024-02-20 14:45:00-05:00,2024-02-20 15:00:00-05:00,143.7,140.65,VAH,150.3,LRC_upper,153.48,2.27,1.29,vwap_reclaim,78.6,0.73,3,2024-03-04 09:30:00-05:00,tp2,"[('2024-03-01 10:15:00-05:00', 0.5, 150.3, 'tp1'), ('2024-03-04 09:30:00-05:00', 0.5, 154.87, 'tp2')]",9,2.8645434426229732,0.060799286708420455,132,1153.2651900000026
CEG,XLU,Improving,2024-02-22,2024-02-23 12:15:00-05:00,2024-02-23 12:30:00-05:00,130.08,128.57,POC,135.83,LRC_upper,138.41,3.71,2.33,vwap_reclaim,65.6,0.61,3,2024-02-27 09:30:00-05:00,tp2,"[('2024-02-27 09:30:00-05:00', 0.5, 135.83, 'tp1'), ('2024-02-27 09:30:00-05:00', 0.5, 138.41, 'tp2')]",2,4.573774834437022,0.05309348093480928,161,1113.2197549999987
EL,XLP,Improving,2024-03-01,2024-03-04 13:00:00-05:00,2024-03-04 13:15:00-05:00,141.29,138.19,POC,150.37,LRC_upper,244.65,2.88,1.14,vwap_reclaim,46.1,0.06,2,2024-03-06 10:00:00-05:00,stop,"[('2024-03-06 10:00:00-05:00', 1.0, 138.19, 'stop')]",2,-1.0450774193548389,-0.02292971901762329,153,-495.68021999999917
CINF,XLF,Improving,2024-03-04,2024-03-05 11:45:00-05:00,2024-03-05 12:00:00-05:00,105.43,103.15,swing_low,110.74,LRC_upper,112.9,2.3,1.18,vwap_reclaim,71.4,0.71,3,2024-03-15 09:30:00-04:00,tp2,"[('2024-03-06 09:30:00-05:00', 0.5, 110.74, 'tp1'), ('2024-03-15 09:30:00-04:00', 0.5, 112.9, 'tp2')]",8,2.754989035087715,0.05957863037086212,205,1288.7613349999988
CBOE,XLF,Improving,2024-03-04,2024-03-05 14:00:00-05:00,2024-03-05 14:15:00-05:00,181.81,179.8,AVWAP,192.94,swing_high,197.25,5.26,1.29,vwap_reclaim,67.7,0.71,3,2024-03-07 14:00:00-05:00,stop,"[('2024-03-07 14:00:00-05:00', 1.0, 179.8, 'stop')]",2,-1.0899527363184083,-0.012049969748638638,119,-260.70579499999894
F,XLY,Improving,2024-03-05,2024-03-06 12:15:00-05:00,2024-03-06 12:30:00-05:00,10.74,10.43,swing_low,11.42,LRC_upper,12.64,2.19,1.1,vwap_reclaim,51.4,0.27,2,2024-03-11 09:30:00-04:00,stop,"[('2024-03-11 09:30:00-04:00', 1.0, 10.43, 'stop')]",3,-1.0341451612903225,-0.029849627560521463,2027,-649.825795000001
BNY,XLF,Improving,2024-03-04,2024-03-06 14:15:00-05:00,2024-03-06 14:30:00-05:00,47.06,46.32,POC,49.29,LRC_upper,49.84,3.07,1.57,vwap_reclaim,80.2,0.74,3,2024-03-14 09:45:00-04:00,stop,"[('2024-03-14 09:45:00-04:00', 1.0, 46.32, 'stop')]",6,-1.0630945945945944,-0.016716744581385508,462,-363.4507800000009
GPC,XLY,Improving,2024-03-06,2024-03-07 11:00:00-05:00,2024-03-07 11:15:00-05:00,140.22,135.64,swing_low,156.99,52w_high,159.43,3.66,1.75,vwap_reclaim,80.3,0.82,3,2024-03-27 15:45:00-04:00,time,"[('2024-03-27 15:45:00-04:00', 1.0, 143.08, 'time')]",15,0.5935262008733638,0.019386321494793995,155,421.3442500000021
AVGO,XLK,Improving,2024-03-11,2024-03-12 09:45:00-04:00,2024-03-12 10:00:00-04:00,125.91,120.23,AVWAP,139.86,52w_high,145.39,2.49,1.05,vwap_reclaim,77.1,0.84,2,2024-03-12 15:45:00-04:00,lrc_break,"[('2024-03-12 15:45:00-04:00', 1.0, 125.53, 'lrc_break')]",1,-0.08903521126760496,-0.004016519736319558,171,-86.47811999999922
KEYS,XLK,Improving,2024-03-11,2024-03-12 10:45:00-04:00,2024-03-12 11:00:00-04:00,152.71,149.37,VAL,159.92,swing_high,172.72,2.16,1.08,vwap_reclaim,50.7,0.01,3,2024-03-15 13:15:00-04:00,stop,"[('2024-03-15 13:15:00-04:00', 1.0, 149.37, 'stop')]",3,-1.0452215568862275,-0.02286058542335147,141,-492.2366400000005
IT,XLK,Improving,2024-03-12,2024-03-13 11:15:00-04:00,2024-03-13 11:30:00-04:00,472.63,468.02,POC,488.3,LRC_upper,496.44,3.13,1.18,vwap_reclaim,48.1,0.34,2,2024-03-15 09:30:00-04:00,stop,"[('2024-03-15 09:30:00-04:00', 1.0, 465.84, 'stop')]",2,-1.57467136659436,-0.015359234496329097,45,-326.6655750000009
INTU,XLK,Improving,2024-03-12,2024-03-13 12:00:00-04:00,2024-03-13 12:15:00-04:00,644.05,630.22,VAL,681.04,LRC_upper,700.09,2.68,1.1,vwap_reclaim,70.3,0.72,3,2024-03-15 09:30:00-04:00,stop,"[('2024-03-15 09:30:00-04:00', 1.0, 630.22, 'stop')]",2,-1.0460690527838037,-0.02246275133918163,16,-231.47415999999885
CSGP,XLRE,Improving,2024-03-13,2024-03-14 12:45:00-04:00,2024-03-14 13:00:00-04:00,87.01,85.92,swing_low,92.36,52w_high,94.25,4.8,1.11,vwap_reclaim,59.1,0.37,3,2024-03-15 13:15:00-04:00,tp2,"[('2024-03-15 10:30:00-04:00', 0.5, 92.36, 'tp1'), ('2024-03-15 13:15:00-04:00', 0.5, 94.25, 'tp2')]",1,5.692516055045849,0.07131183197333633,246,1526.3912549999986
ES,XLU,Improving,2024-03-13,2024-03-14 13:00:00-04:00,2024-03-14 13:15:00-04:00,52.1,51.43,POC,56.34,LRC_upper,69.45,6.33,1.2,vwap_reclaim,48.9,0.02,3,2024-03-25 10:00:00-04:00,stop,"[('2024-03-25 10:00:00-04:00', 1.0, 51.43, 'stop')]",7,-1.0772611940298504,-0.013853454894433813,1,-0.7217650000000018
EL,XLP,Improving,2024-03-14,2024-03-15 10:30:00-04:00,2024-03-15 10:45:00-04:00,145.09,142.32,VAH,151.98,swing_high,244.65,2.51,1.19,vwap_reclaim,67.0,0.64,3,2024-03-18 09:30:00-04:00,stop,"[('2024-03-18 09:30:00-04:00', 1.0, 142.32, 'stop')]",1,-1.051879061371841,-0.02008205251912613,148,-431.2283400000015
CDW,XLK,Improving,2024-03-13,2024-03-15 13:00:00-04:00,2024-03-15 13:15:00-04:00,236.4,233.46,VAL,248.55,LRC_upper,254.09,4.0,1.73,vwap_reclaim,77.3,0.94,3,2024-03-15 15:45:00-04:00,lrc_break,"[('2024-03-15 15:45:00-04:00', 1.0, 236.0, 'lrc_break')]",1,-0.21639455782313133,-0.0026912013536379256,91,-57.89420000000052
COST,XLP,Improving,2024-03-14,2024-03-15 13:45:00-04:00,2024-03-15 14:00:00-04:00,718.84,702.8,VAL,775.96,LRC_upper,794.96,3.65,1.08,vwap_reclaim,73.0,0.83,2,2024-03-15 15:45:00-04:00,lrc_break,"[('2024-03-15 15:45:00-04:00', 1.0, 715.5, 'lrc_break')]",1,-0.2529407730673325,-0.005644051527460954,30,-121.71510000000096
DLR,XLRE,Improving,2024-03-18,2024-03-19 12:15:00-04:00,2024-03-19 12:30:00-04:00,130.42,127.6,swing_low,137.4,swing_high,142.11,2.49,2.64,vwap_reclaim,56.6,0.38,3,2024-03-25 10:15:00-04:00,stop,"[('2024-03-25 10:15:00-04:00', 1.0, 127.6, 'stop')]",4,-1.0457482269503549,-0.022611639319122783,165,-486.5866499999989
DIS,XLC,Improving,2024-03-19,2024-03-20 10:30:00-04:00,2024-03-20 10:45:00-04:00,111.71,108.87,POC,120.29,LRC_upper,122.81,2.99,3.81,vwap_reclaim,84.7,0.86,3,2024-04-10 15:45:00-04:00,time,"[('2024-03-28 10:00:00-04:00', 0.5, 120.29, 'tp1'), ('2024-04-10 15:45:00-04:00', 0.5, 113.97, 'time')]",15,1.868161971830996,0.047494226121206774,194,1029.2825200000018
DLTR,XLP,Improving,2024-03-15,2024-03-20 14:45:00-04:00,2024-03-20 15:00:00-04:00,127.45,123.0,swing_low,138.12,swing_high,145.09,2.43,1.01,vwap_reclaim,47.8,0.26,2,2024-03-20 15:45:00-04:00,lrc_break,"[('2024-03-20 15:45:00-04:00', 1.0, 128.11, 'lrc_break')]",1,0.11960000000000234,0.004175912122401026,170,90.47740000000182
AEE,XLU,Improving,2024-03-20,2024-03-25 12:15:00-04:00,2024-03-25 12:30:00-04:00,66.37,65.46,POC,68.75,swing_high,72.15,2.62,1.68,vwap_reclaim,42.9,0.2,2,2024-04-10 09:30:00-04:00,breakeven,"[('2024-03-28 15:45:00-04:00', 0.5, 68.75, 'tp1'), ('2024-04-10 09:30:00-04:00', 0.5, 66.37, 'breakeven')]",11,1.2341043956043785,0.016920822660840707,325,363.79696999999925
MNST,XLP,Improving,2024-03-22,2024-03-25 14:15:00-04:00,2024-03-25 14:30:00-04:00,29.66,29.35,POC,30.61,52w_high,31.15,3.2,1.37,vwap_reclaim,53.5,0.38,2,2024-04-01 10:15:00-04:00,stop,"[('2024-04-01 10:15:00-04:00', 1.0, 29.35, 'stop')]",4,-1.0951774193548391,-0.011446561024949384,729,-247.49914499999906
ETR,XLU,Improving,2024-03-21,2024-03-25 14:15:00-04:00,2024-03-25 14:30:00-04:00,47.9,47.43,POC,48.86,swing_high,49.69,2.04,1.06,vwap_reclaim,50.4,0.41,2,2024-03-26 14:45:00-04:00,stop,"[('2024-03-26 14:45:00-04:00', 1.0, 47.43, 'stop')]",1,-1.1014148936170214,-0.010807202505219183,434,-224.66660999999948
ABNB,XLY,Improving,2024-03-26,2024-03-27 11:30:00-04:00,2024-03-27 11:45:00-04:00,166.99,163.37,POC,174.68,LRC_upper,178.7,2.12,2.06,vwap_reclaim,78.1,0.89,3,2024-04-01 10:30:00-04:00,stop,"[('2024-04-01 10:30:00-04:00', 1.0, 163.37, 'stop')]",2,-1.0456298342541435,-0.02266710581471947,123,-465.57714000000055
EBAY,XLY,Improving,2024-03-27,2024-03-28 10:00:00-04:00,2024-03-28 10:15:00-04:00,50.61,49.09,swing_low,53.78,LRC_upper,54.66,2.09,1.32,vwap_reclaim,79.2,0.87,2,2024-04-15 13:45:00-04:00,stop,"[('2024-04-15 13:45:00-04:00', 1.0, 49.09, 'stop')]",11,-1.032796052631579,-0.03101857340446544,432,-678.1751999999983
META,XLC,Improving,2024-03-25,2024-03-28 15:00:00-04:00,2024-03-28 15:15:00-04:00,485.15,476.77,VAL,519.15,52w_high,565.64,4.04,1.17,vwap_reclaim,70.4,0.82,2,2024-04-17 12:30:00-04:00,breakeven,"[('2024-04-04 09:45:00-04:00', 0.5, 519.15, 'tp1'), ('2024-04-17 12:30:00-04:00', 0.5, 485.15, 'breakeven')]",13,1.9697315035799534,0.03402318870452438,24,396.1524
CHD,XLP,Improving,2024-03-28,2024-04-01 11:15:00-04:00,2024-04-01 11:30:00-04:00,101.14,99.7,VAL,104.15,LRC_upper,105.67,2.03,1.22,vwap_reclaim,70.9,0.71,3,2024-04-04 14:15:00-04:00,stop,"[('2024-04-04 14:15:00-04:00', 1.0, 99.7, 'stop')]",3,-1.0697361111111112,-0.015230571485070177,215,-331.1902999999995
FE,XLU,Improving,2024-03-27,2024-04-01 11:15:00-04:00,2024-04-01 11:30:00-04:00,34.54,34.27,POC,35.46,LRC_upper,36.32,3.58,1.27,vwap_reclaim,59.8,0.67,2,2024-04-03 13:00:00-04:00,stop,"[('2024-04-03 13:00:00-04:00', 1.0, 34.27, 'stop')]",2,-1.1274259259259278,-0.00881311522872021,632,-192.38395999999747
KR,XLP,Improving,2024-03-28,2024-04-01 11:30:00-04:00,2024-04-01 11:45:00-04:00,54.2,52.71,swing_low,57.48,LRC_upper,58.9,2.22,2.14,vwap_reclaim,81.1,0.83,3,2024-04-08 09:30:00-04:00,stop,"[('2024-04-08 09:30:00-04:00', 1.0, 52.71, 'stop')]",5,-1.0358758389261744,-0.02847702952029524,172,-265.4742600000003
F,XLY,Improving,2024-04-04,2024-04-05 11:30:00-04:00,2024-04-05 11:45:00-04:00,11.42,11.17,VAH,11.95,LRC_upper,12.64,2.0,1.49,vwap_reclaim,71.5,0.65,3,2024-04-11 10:15:00-04:00,stop,"[('2024-04-11 10:15:00-04:00', 1.0, 11.17, 'stop')]",4,-1.04518,-0.022880472854640982,1895,-495.154025
AZO,XLY,Improving,2024-04-04,2024-04-09 13:45:00-04:00,2024-04-09 14:00:00-04:00,3027.14,3001.11,swing_low,3152.66,swing_high,3256.37,4.15,1.08,vwap_reclaim,71.2,0.77,3,2024-04-09 15:45:00-04:00,lrc_break,"[('2024-04-09 15:45:00-04:00', 1.0, 3039.09, 'lrc_break')]",1,0.3425618517095797,0.002945646716042295,7,62.418195000001916
MAA,XLRE,Improving,2024-04-10,2024-04-11 11:45:00-04:00,2024-04-11 12:00:00-04:00,118.27,116.57,POC,122.3,swing_high,138.0,2.22,1.2,vwap_reclaim,53.1,0.34,3,2024-04-12 12:30:00-04:00,stop,"[('2024-04-12 12:30:00-04:00', 1.0, 116.57, 'stop')]",1,-1.069070588235294,-0.015366703305994782,182,-330.7704400000005
INVH,XLRE,Improving,2024-04-10,2024-04-11 12:15:00-04:00,2024-04-11 12:30:00-04:00,31.36,30.97,VAL,32.41,52w_high,33.14,2.69,1.09,vwap_reclaim,59.7,0.75,2,2024-04-12 10:00:00-04:00,stop,"[('2024-04-12 10:00:00-04:00', 1.0, 30.97, 'stop')]",1,-1.0799102564102563,-0.013430006377551039,687,-289.3403550000004
DELL,XLK,Improving,2024-04-18,2024-04-22 13:45:00-04:00,2024-04-22 14:00:00-04:00,112.31,108.6,POC,126.19,swing_high,140.98,3.72,1.03,vwap_reclaim,72.2,0.71,2,2024-05-10 15:45:00-04:00,time,"[('2024-05-08 10:00:00-04:00', 0.5, 126.19, 'tp1'), ('2024-05-10 15:45:00-04:00', 0.5, 128.28, 'time')]",15,3.9906273584905567,0.1318246594248063,189,2799.2324749999993
HCA,XLV,Improving,2024-04-24,2024-04-25 11:45:00-04:00,2024-04-25 12:00:00-04:00,309.61,303.95,VAL,322.96,swing_high,335.95,2.28,2.6,vwap_reclaim,46.3,0.13,2,2024-04-26 09:30:00-04:00,stop,"[('2024-04-26 09:30:00-04:00', 1.0, 291.92, 'stop')]",1,-3.178580388692565,-0.05810782920448304,69,-1241.3627849999998
ALGN,XLV,Improving,2024-04-24,2024-04-29 12:00:00-04:00,2024-04-29 12:15:00-04:00,310.49,303.19,swing_low,332.34,swing_high,413.2,2.96,1.68,vwap_reclaim,49.2,0.05,2,2024-04-30 09:30:00-04:00,stop,"[('2024-04-30 09:30:00-04:00', 1.0, 300.0, 'stop')]",1,-1.4788006849315056,-0.03476841444168897,68,-734.0766600000006
A,XLV,Improving,2024-04-29,2024-05-02 14:00:00-04:00,2024-05-02 14:15:00-04:00,135.65,132.42,AVWAP,144.87,swing_high,148.71,2.9,1.23,vwap_reclaim,41.3,0.0,2,2024-05-10 09:45:00-04:00,tp2,"[('2024-05-10 09:30:00-04:00', 0.5, 144.87, 'tp1'), ('2024-05-10 09:45:00-04:00', 0.5, 148.71, 'tp2')]",6,3.4051950464396095,0.08108204939181718,154,1693.81212
FSLR,XLK,Improving,2024-05-03,2024-05-06 10:45:00-04:00,2024-05-06 11:00:00-04:00,195.42,180.26,VAH,232.0,52w_high,243.29,2.42,1.58,vwap_reclaim,78.0,0.74,2,2024-05-22 11:30:00-04:00,tp2,"[('2024-05-22 10:30:00-04:00', 0.5, 232.0, 'tp1'), ('2024-05-22 11:30:00-04:00', 0.5, 243.29, 'tp2')]",12,2.7710070910290248,0.21496503684372129,69,2904.2264350000005
GM,XLY,Improving,2024-05-09,2024-05-10 10:30:00-04:00,2024-05-10 10:45:00-04:00,44.22,42.96,swing_low,47.21,LRC_upper,48.52,2.35,1.88,vwap_reclaim,66.2,0.61,2,2024-05-22 09:30:00-04:00,stop,"[('2024-05-22 09:30:00-04:00', 1.0, 42.96, 'stop')]",8,-1.0345952380952381,-0.029479647218453146,490,-638.7590999999991
AMZN,XLY,Improving,2024-05-10,2024-05-15 14:45:00-04:00,2024-05-15 15:00:00-04:00,184.78,180.96,AVWAP,192.66,LRC_upper,199.18,2.05,1.24,vwap_reclaim,50.1,0.37,2,2024-05-21 09:30:00-04:00,stop,"[('2024-05-21 09:30:00-04:00', 1.0, 180.96, 'stop')]",4,-1.0478717277486913,-0.02166289641736115,116,-464.3329199999992
HUM,XLV,Improving,2024-05-24,2024-05-28 13:15:00-04:00,2024-05-28 13:30:00-04:00,339.01,331.56,swing_low,357.18,LRC_upper,371.09,2.44,2.14,vwap_reclaim,41.7,0.01,2,2024-05-29 09:30:00-04:00,stop,"[('2024-05-29 09:30:00-04:00', 1.0, 331.56, 'stop')]",1,-1.0450046979865772,-0.022964765051178396,65,-506.04352499999925
DGX,XLV,Improving,2024-05-24,2024-05-28 15:30:00-04:00,2024-05-28 15:45:00-04:00,133.66,131.04,VAL,139.63,52w_high,144.06,2.28,1.23,vwap_reclaim,70.6,0.76,3,2024-06-14 15:45:00-04:00,lrc_break,"[('2024-06-14 15:45:00-04:00', 1.0, 132.17, 'lrc_break')]",14,-0.6194332061068727,-0.012142114319916275,165,-267.7809750000015
BSX,XLV,Improving,2024-05-24,2024-05-28 15:30:00-04:00,2024-05-28 15:45:00-04:00,75.112,74.31,VAH,77.58,LRC_upper,78.9,3.06,1.02,vwap_reclaim,68.6,0.84,2,2024-06-17 15:45:00-04:00,time,"[('2024-06-12 11:30:00-04:00', 0.5, 77.58, 'tp1'), ('2024-06-17 15:45:00-04:00', 0.5, 76.19, 'time')]",15,2.115961970074837,0.02259294786452236,294,498.91844100000094
MCK,XLV,Improving,2024-05-23,2024-05-29 10:00:00-04:00,2024-05-29 10:15:00-04:00,546.14,540.49,swing_low,562.06,LRC_upper,573.65,2.78,1.27,vwap_reclaim,52.8,0.44,2,2024-06-05 13:30:00-04:00,tp2,"[('2024-05-31 15:45:00-04:00', 0.5, 562.06, 'tp1'), ('2024-06-05 13:30:00-04:00', 0.5, 573.65, 'tp2')]",5,3.7447792035398333,0.038740986743325836,40,846.320099999999
ECHO,XLC,Improving,2024-05-31,2024-06-03 09:45:00-04:00,2024-06-03 10:00:00-04:00,19.37,18.52,VAH,24.8,52w_high,25.48,7.0,3.68,vwap_reclaim,89.8,0.86,3,2024-06-10 09:30:00-04:00,stop,"[('2024-06-10 09:30:00-04:00', 1.0, 18.52, 'stop')]",5,-1.0222882352941176,-0.04486035105833771,1148,-997.5488600000017
CCI,XLRE,Improving,2024-06-07,2024-06-10 11:30:00-04:00,2024-06-10 11:45:00-04:00,87.59,86.69,POC,91.34,swing_high,93.26,4.34,1.2,vwap_reclaim,40.1,0.04,2,2024-06-13 10:30:00-04:00,stop,"[('2024-06-13 10:30:00-04:00', 1.0, 86.69, 'stop')]",3,-1.0968222222222217,-0.011270007991779948,253,-249.74642000000145
GRMN,XLY,Improving,2024-06-07,2024-06-10 13:30:00-04:00,2024-06-10 13:45:00-04:00,155.38,154.16,VAL,164.46,swing_high,178.23,7.8,1.18,vwap_reclaim,66.8,0.57,2,2024-06-11 09:30:00-04:00,stop,"[('2024-06-11 09:30:00-04:00', 1.0, 154.16, 'stop')]",1,-1.126860655737705,-0.008847792508688371,142,-195.21733999999984
COO,XLV,Improving,2024-06-12,2024-06-13 12:15:00-04:00,2024-06-13 12:30:00-04:00,94.25,92.59,VAL,98.62,swing_high,103.4,2.55,1.15,vwap_reclaim,36.8,0.0,2,2024-06-17 09:30:00-04:00,stop,"[('2024-06-17 09:30:00-04:00', 1.0, 92.59, 'stop')]",2,-1.056277108433735,-0.018603925729442937,233,-408.5468599999992
INVH,XLRE,Improving,2024-06-12,2024-06-13 12:45:00-04:00,2024-06-13 13:00:00-04:00,31.68,31.33,VAL,32.43,swing_high,32.92,2.14,1.58,vwap_reclaim,48.3,0.13,3,2024-07-01 09:30:00-04:00,tp2,"[('2024-06-18 09:30:00-04:00', 0.5, 32.43, 'tp1'), ('2024-07-01 09:30:00-04:00', 0.5, 32.92, 'tp2')]",11,2.7509214285714205,0.0303921243686869,694,668.1988150000006
BKNG,XLY,Improving,2024-06-12,2024-06-13 14:00:00-04:00,2024-06-13 14:15:00-04:00,151.23,148.62,VAH,157.17,LRC_upper,160.75,2.11,1.74,vwap_reclaim,68.0,0.64,3,2024-07-05 15:45:00-04:00,time,"[('2024-06-20 09:45:00-04:00', 0.5, 157.17, 'tp1'), ('2024-07-05 15:45:00-04:00', 0.5, 154.27, 'time')]",15,1.6615038314176374,0.02867503140911201,145,627.3468500000013
FOX,XLC,Improving,2024-06-12,2024-06-14 12:00:00-04:00,2024-06-14 12:15:00-04:00,30.0,29.74,VAL,31.62,swing_high,32.15,6.52,1.47,vwap_reclaim,79.9,0.86,3,2024-06-14 15:45:00-04:00,lrc_break,"[('2024-06-14 15:45:00-04:00', 1.0, 30.09, 'lrc_break')]",1,0.2305961538461519,0.001998499999999995,358,21.46388999999995
KIM,XLRE,Improving,2024-06-13,2024-06-14 14:15:00-04:00,2024-06-14 14:30:00-04:00,16.89,16.62,AVWAP,17.51,swing_high,18.49,2.3,1.1,vwap_reclaim,50.6,0.32,2,2024-07-08 15:45:00-04:00,time,"[('2024-06-28 09:30:00-04:00', 0.5, 17.51, 'tp1'), ('2024-07-08 15:45:00-04:00', 0.5, 17.41, 'time')]",15,2.0475000000000043,0.032730905861456494,1,0.5028499999999996
DVA,XLV,Improving,2024-06-14,2024-06-17 11:45:00-04:00,2024-06-17 12:00:00-04:00,140.47,138.16,AVWAP,145.04,swing_high,150.95,2.13,2.74,vwap_reclaim,57.7,0.64,2,2024-06-20 12:45:00-04:00,breakeven,"[('2024-06-20 09:45:00-04:00', 0.5, 145.04, 'tp1'), ('2024-06-20 12:45:00-04:00', 0.5, 140.47, 'breakeven')]",2,0.9278733766233743,0.015258685128497165,156,334.3684499999995
FRT,XLRE,Improving,2024-06-13,2024-06-18 12:30:00-04:00,2024-06-18 12:45:00-04:00,91.61,90.19,VAL,95.5,LRC_upper,97.8,2.82,1.18,vwap_reclaim,38.6,0.0,2,2024-06-26 09:30:00-04:00,stop,"[('2024-06-26 09:30:00-04:00', 1.0, 90.19, 'stop')]",5,-1.0640140845070423,-0.016492740967143343,240,-362.6160000000004
CMG,XLY,Improving,2024-06-20,2024-06-21 10:00:00-04:00,2024-06-21 10:15:00-04:00,64.27,62.82,AVWAP,68.83,LRC_upper,70.3,2.9,1.57,vwap_reclaim,69.6,0.48,3,2024-06-26 09:30:00-04:00,stop,"[('2024-06-26 09:30:00-04:00', 1.0, 62.82, 'stop')]",3,-1.0438241379310347,-0.02354978994865405,344,-520.6594799999986
DECK,XLY,Improving,2024-06-25,2024-06-26 15:30:00-04:00,2024-06-26 15:45:00-04:00,163.95,158.96,AVWAP,177.65,POC,184.48,2.66,1.03,vwap_reclaim,71.2,0.72,2,2024-07-01 09:45:00-04:00,stop,"[('2024-07-01 09:45:00-04:00', 1.0, 158.83, 'stop')]",3,-1.0583947895791577,-0.03221341872522096,134,-707.7062599999967
BRO,XLF,Improving,2024-06-28,2024-07-01 13:00:00-04:00,2024-07-01 13:15:00-04:00,87.61,86.87,swing_low,90.18,swing_high,92.19,3.41,4.61,vwap_reclaim,72.7,0.8,3,2024-07-01 15:45:00-04:00,lrc_break,"[('2024-07-01 15:45:00-04:00', 1.0, 87.64, 'lrc_break')]",1,-0.07787162162162063,-0.0006577445497089245,249,-14.348624999999716
DOC,XLRE,Improving,2024-06-28,2024-07-01 14:30:00-04:00,2024-07-01 14:45:00-04:00,16.84,16.49,AVWAP,17.59,swing_high,17.97,2.14,1.23,vwap_reclaim,51.5,0.38,2,2024-07-16 09:30:00-04:00,tp2,"[('2024-07-11 09:45:00-04:00', 0.5, 17.59, 'tp1'), ('2024-07-16 09:30:00-04:00', 0.5, 17.98, 'tp2')]",10,2.6505357142857044,0.05508833135391926,1299,1204.8711600000004
GRMN,XLY,Improving,2024-06-28,2024-07-01 14:45:00-04:00,2024-07-01 15:00:00-04:00,156.85,154.98,POC,164.46,swing_high,176.78,4.07,1.53,vwap_reclaim,55.2,0.2,2,2024-07-02 09:30:00-04:00,stop,"[('2024-07-02 09:30:00-04:00', 1.0, 154.98, 'stop')]",1,-1.0833770053475933,-0.012916257570927667,139,-281.60218500000065
GM,XLY,Improving,2024-07-01,2024-07-02 11:15:00-04:00,2024-07-02 11:30:00-04:00,45.73,44.8,VAL,47.97,swing_high,48.85,2.37,1.18,vwap_reclaim,61.5,0.36,3,2024-07-15 09:30:00-04:00,tp2,"[('2024-07-12 12:15:00-04:00', 0.5, 47.97, 'tp1'), ('2024-07-15 09:30:00-04:00', 0.5, 48.85, 'tp2')]",8,2.8311075268817247,0.057575552153947156,476,1253.2746800000016
ACGL,XLF,Improving,2024-07-01,2024-07-02 12:15:00-04:00,2024-07-02 12:30:00-04:00,94.99,93.78,VAL,98.48,swing_high,102.1,2.88,1.36,vwap_reclaim,58.2,0.55,2,2024-07-03 09:30:00-04:00,stop,"[('2024-07-03 09:30:00-04:00', 1.0, 93.78, 'stop')]",1,-1.0780041322314053,-0.013731813875144687,229,-298.70416499999857
BLK,XLF,Improving,2024-07-03,2024-07-05 12:15:00-04:00,2024-07-05 12:30:00-04:00,751.49,743.17,POC,770.29,swing_high,798.48,2.04,1.61,vwap_reclaim,49.6,0.14,3,2024-07-12 13:45:00-04:00,tp2,"[('2024-07-10 11:00:00-04:00', 0.5, 770.29, 'tp1'), ('2024-07-12 13:45:00-04:00', 0.5, 798.48, 'tp2')]",5,3.861425781249974,0.042751151046587416,28,899.5577499999995
AFL,XLF,Improving,2024-07-01,2024-07-05 12:30:00-04:00,2024-07-05 12:45:00-04:00,84.76,83.93,swing_low,87.01,swing_high,88.09,2.71,1.07,vwap_reclaim,67.4,0.85,2,2024-07-11 14:00:00-04:00,tp2,"[('2024-07-11 09:45:00-04:00', 0.5, 87.01, 'tp1'), ('2024-07-11 14:00:00-04:00', 0.5, 88.09, 'tp2')]",4,3.2576445783132586,0.03190001179801792,256,692.1843199999997
FOXA,XLC,Improving,2024-07-03,2024-07-05 13:30:00-04:00,2024-07-05 13:45:00-04:00,33.73,33.42,POC,35.02,LRC_upper,35.51,4.16,1.59,vwap_reclaim,72.8,0.71,3,2024-07-16 09:45:00-04:00,tp2,"[('2024-07-12 10:15:00-04:00', 0.5, 35.03, 'tp1'), ('2024-07-16 09:45:00-04:00', 0.5, 35.51, 'tp2')]",7,4.85645161290331,0.04463385710050409,326,490.7930000000009
FOX,XLC,Improving,2024-07-03,2024-07-08 12:30:00-04:00,2024-07-08 12:45:00-04:00,31.38,31.1,POC,32.61,LRC_upper,33.07,4.21,1.05,vwap_reclaim,75.2,0.76,3,2024-07-16 10:00:00-04:00,tp2,"[('2024-07-12 11:00:00-04:00', 0.5, 32.61, 'tp1'), ('2024-07-16 10:00:00-04:00', 0.5, 33.07, 'tp2')]",6,5.09960714285719,0.04550318674314853,359,512.3826250000003
KMI,XLE,Improving,2024-07-08,2024-07-09 10:00:00-04:00,2024-07-09 10:15:00-04:00,18.13,17.88,POC,18.8,LRC_upper,19.01,2.83,1.14,vwap_reclaim,69.3,0.71,2,2024-07-18 09:30:00-04:00,tp2,"[('2024-07-18 09:30:00-04:00', 0.5, 18.8, 'tp1'), ('2024-07-18 09:30:00-04:00', 0.5, 19.01, 'tp2')]",7,3.0259300000000087,0.04172545504688374,1,0.8614300000000026
IFF,XLB,Improving,2024-07-18,2024-07-19 11:30:00-04:00,2024-07-19 11:45:00-04:00,91.41,90.34,swing_low,94.19,swing_high,95.98,2.35,1.11,vwap_reclaim,41.3,0.0,2,2024-07-30 09:30:00-04:00,tp2,"[('2024-07-23 09:30:00-04:00', 0.5, 94.19, 'tp1'), ('2024-07-30 09:30:00-04:00', 0.5, 95.98, 'tp2')]",7,3.3474322429906795,0.03918337709222191,248,888.2746200000012
ILMN,XLV,Improving,2024-07-18,2024-07-19 12:30:00-04:00,2024-07-19 12:45:00-04:00,114.61,111.87,swing_low,121.13,LRC_upper,131.45,2.46,2.31,vwap_reclaim,48.6,0.18,3,2024-08-05 09:30:00-04:00,breakeven,"[('2024-07-25 12:30:00-04:00', 0.5, 121.13, 'tp1'), ('2024-08-05 09:30:00-04:00', 0.5, 111.45, 'breakeven')]",11,0.5710036496350375,0.013651077567402492,198,309.7808999999998
BIIB,XLV,Improving,2024-07-17,2024-07-22 15:30:00-04:00,2024-07-22 15:45:00-04:00,226.02,221.45,POC,236.73,swing_high,246.44,2.43,1.28,vwap_reclaim,44.1,0.09,2,2024-07-26 09:30:00-04:00,stop,"[('2024-07-26 09:30:00-04:00', 1.0, 211.55, 'stop')]",4,-3.2141761487964837,-0.06498887266613573,100,-1468.8785
IP,XLB,Improving,2024-07-22,2024-07-23 14:00:00-04:00,2024-07-23 14:15:00-04:00,41.78,40.81,VAH,45.25,LRC_upper,46.75,3.53,2.14,vwap_reclaim,65.0,0.31,3,2024-07-25 09:30:00-04:00,stop,"[('2024-07-25 09:30:00-04:00', 1.0, 40.64, 'stop')]",2,-1.217742268041239,-0.02827213977979896,550,-649.6655000000004
CVS,XLV,Improving,2024-07-19,2024-07-24 11:30:00-04:00,2024-07-24 11:45:00-04:00,53.73,52.81,POC,56.83,swing_high,58.72,3.37,1.17,vwap_reclaim,45.0,0.21,3,2024-07-30 09:45:00-04:00,tp2,"[('2024-07-29 11:15:00-04:00', 0.5, 56.83, 'tp1'), ('2024-07-30 09:45:00-04:00', 0.5, 58.72, 'tp2')]",4,4.336138586956549,0.07424618462683792,426,1699.4194350000007
HON,XLI,Improving,2024-07-23,2024-07-24 11:45:00-04:00,2024-07-24 12:00:00-04:00,203.49,201.94,POC,208.38,52w_high,211.6,3.03,1.64,vwap_reclaim,68.5,0.77,3,2024-07-24 15:45:00-04:00,stop,"[('2024-07-24 15:45:00-04:00', 1.0, 201.94, 'stop')]",0,-1.130783870967741,-0.008613273379527305,56,-98.15204000000064
CHRW,XLI,Improving,2024-07-24,2024-07-25 11:00:00-04:00,2024-07-25 11:15:00-04:00,86.85,84.57,VAH,93.69,52w_high,95.38,3.0,2.08,vwap_reclaim,76.2,0.63,2,2024-07-31 09:30:00-04:00,stop,"[('2024-07-31 09:30:00-04:00', 1.0, 84.57, 'stop')]",4,-1.037592105263158,-0.027239032815198634,262,-619.8160200000003
AAPL,XLK,Improving,2024-08-16,2024-08-19 14:15:00-04:00,2024-08-19 14:30:00-04:00,222.78,218.75,swing_low,234.99,swing_high,240.41,3.03,1.47,vwap_reclaim,59.7,0.19,3,2024-09-04 09:30:00-04:00,stop,"[('2024-09-04 09:30:00-04:00', 1.0, 218.75, 'stop')]",11,-1.0547803970223326,-0.019080550318700068,102,-433.5780300000001
IT,XLK,Improving,2024-08-20,2024-08-21 12:30:00-04:00,2024-08-21 12:45:00-04:00,480.4,469.25,swing_low,503.75,LRC_upper,518.36,2.19,1.69,vwap_reclaim,63.4,0.78,2,2024-09-11 15:45:00-04:00,time,"[('2024-09-11 15:45:00-04:00', 1.0, 499.45, 'time')]",15,1.6645807174887937,0.038634627393838494,47,872.3235250000006
CTSH,XLK,Improving,2024-08-21,2024-08-22 11:30:00-04:00,2024-08-22 11:45:00-04:00,73.8,72.6,swing_low,76.98,52w_high,78.15,2.68,1.23,vwap_reclaim,70.6,0.78,2,2024-09-11 09:45:00-04:00,stop,"[('2024-09-11 09:45:00-04:00', 1.0, 72.6, 'stop')]",13,-1.0609999999999997,-0.01725203252032524,309,-393.4188000000009
HD,XLY,Improving,2024-08-28,2024-08-29 10:15:00-04:00,2024-08-29 10:30:00-04:00,351.13,346.21,swing_low,363.86,LRC_upper,372.14,2.68,1.32,vwap_reclaim,63.3,0.36,3,2024-09-03 15:30:00-04:00,stop,"[('2024-09-03 15:30:00-04:00', 1.0, 346.21, 'stop')]",2,-1.0708678861788616,-0.015004898470651942,64,-337.194880000001
DHI,XLY,Improving,2024-08-28,2024-08-30 14:00:00-04:00,2024-08-30 14:15:00-04:00,182.52,179.42,VAH,189.22,52w_high,203.3,2.18,1.01,vwap_reclaim,72.7,0.82,2,2024-09-03 15:30:00-04:00,stop,"[('2024-09-03 15:30:00-04:00', 1.0, 179.42, 'stop')]",1,-1.0583774193548383,-0.01797594784133258,125,-410.1212500000029
FFIV,XLK,Improving,2024-08-29,2024-09-04 10:00:00-04:00,2024-09-04 10:15:00-04:00,199.325,194.71,POC,211.09,LRC_upper,218.52,2.6,7.36,vwap_reclaim,75.1,0.81,3,2024-09-19 13:30:00-04:00,tp2,"[('2024-09-16 09:30:00-04:00', 0.5, 211.09, 'tp1'), ('2024-09-19 13:30:00-04:00', 0.5, 218.52, 'tp2')]",11,3.309411700975099,0.07662327856515751,113,1729.5547975000018
LOW,XLY,Improving,2024-09-03,2024-09-04 15:15:00-04:00,2024-09-04 15:30:00-04:00,234.05,229.58,POC,243.24,swing_high,249.91,2.04,1.5,vwap_reclaim,70.0,0.7,3,2024-09-18 14:00:00-04:00,tp2,"[('2024-09-13 09:30:00-04:00', 0.5, 243.24, 'tp1'), ('2024-09-18 14:00:00-04:00', 0.5, 249.91, 'tp2')]",10,2.748252237136464,0.05248744926297796,96,1179.3299999999992
AKAM,XLK,Improving,2024-09-13,2024-09-16 11:45:00-04:00,2024-09-16 12:00:00-04:00,98.725,96.78,AVWAP,102.75,swing_high,105.89,2.05,1.94,vwap_reclaim,55.6,0.3,2,2024-10-04 15:45:00-04:00,time,"[('2024-10-04 15:45:00-04:00', 1.0, 101.465, 'time')]",15,1.357277634961449,0.026739984806280166,233,615.0978650000021
COHR,XLK,Improving,2024-09-13,2024-09-16 13:45:00-04:00,2024-09-16 14:00:00-04:00,75.87,73.62,VAL,86.01,LRC_upper,90.37,4.51,1.37,vwap_reclaim,50.9,0.01,3,2024-09-24 09:45:00-04:00,tp2,"[('2024-09-19 09:30:00-04:00', 0.5, 86.01, 'tp1'), ('2024-09-24 09:45:00-04:00', 0.5, 90.46, 'tp2')]",6,5.459087777777776,0.161894655331488,304,3734.0160399999986
FTNT,XLK,Improving,2024-09-26,2024-09-30 11:15:00-04:00,2024-09-30 11:30:00-04:00,77.3262,74.41,VAL,90.21,LRC_upper,93.01,4.47,1.12,vwap_reclaim,85.9,0.73,3,2024-10-18 15:45:00-04:00,time,"[('2024-10-18 15:45:00-04:00', 1.0, 81.05, 'time')]",15,1.2497811878471958,0.047132949763469524,311,1133.474300899999
KEYS,XLK,Improving,2024-09-26,2024-10-01 14:00:00-04:00,2024-10-01 14:15:00-04:00,155.36,152.65,VAH,162.51,52w_high,170.99,2.67,1.12,vwap_reclaim,55.8,0.47,2,2024-10-03 12:45:00-04:00,stop,"[('2024-10-03 12:45:00-04:00', 1.0, 152.65, 'stop')]",2,-1.0568284132841328,-0.01843463568486102,154,-441.0567700000012
CTSH,XLK,Improving,2024-10-02,2024-10-03 14:15:00-04:00,2024-10-03 14:30:00-04:00,73.63,72.52,AVWAP,76.66,LRC_upper,78.05,2.73,1.12,vwap_reclaim,65.8,0.45,3,2024-10-10 09:30:00-04:00,stop,"[('2024-10-10 09:30:00-04:00', 1.0, 72.52, 'stop')]",5,-1.0658333333333334,-0.016067839195979892,325,-384.4993749999998
MA,XLF,Improving,2024-10-10,2024-10-11 09:45:00-04:00,2024-10-11 10:00:00-04:00,492.57,486.08,POC,510.45,LRC_upper,517.13,2.61,1.01,vwap_reclaim,81.2,0.87,3,2024-10-31 09:30:00-04:00,tp2,"[('2024-10-17 09:30:00-04:00', 0.5, 510.83, 'tp1'), ('2024-10-31 09:30:00-04:00', 0.5, 517.13, 'tp2')]",14,3.2213751926040013,0.042444170371723815,49,1027.5779499999999
ACGL,XLF,Improving,2024-10-10,2024-10-11 13:30:00-04:00,2024-10-11 13:45:00-04:00,108.99,105.38,VAL,117.51,LRC_upper,120.44,2.38,1.61,vwap_reclaim,73.0,0.7,2,2024-10-14 09:30:00-04:00,stop,"[('2024-10-14 09:30:00-04:00', 1.0, 105.38, 'stop')]",1,-1.029691135734072,-0.03410574364620607,222,-825.2150699999999
EOG,XLE,Improving,2024-10-15,2024-10-16 15:30:00-04:00,2024-10-16 15:45:00-04:00,119.59,116.43,AVWAP,126.53,swing_high,129.29,2.16,1.17,vwap_reclaim,50.3,0.06,3,2024-10-25 12:30:00-04:00,stop,"[('2024-10-25 12:30:00-04:00', 1.0, 116.43, 'stop')]",7,-1.0373449367088607,-0.027410402207542407,202,-662.1580199999992
EQT,XLE,Improving,2024-10-16,2024-10-21 15:15:00-04:00,2024-10-21 15:30:00-04:00,35.51,34.92,VAL,37.38,swing_high,40.51,3.17,1.61,vwap_reclaim,72.9,0.83,3,2024-10-23 09:30:00-04:00,stop,"[('2024-10-23 09:30:00-04:00', 1.0, 34.92, 'stop')]",2,-1.0596864406779665,-0.01760673049845104,679,-424.52098499999755
LIN,XLB,Improving,2024-10-23,2024-10-24 15:30:00-04:00,2024-10-24 15:45:00-04:00,462.38,457.1,VAL,474.88,swing_high,482.86,2.34,1.22,vwap_reclaim,63.4,0.57,3,2024-10-31 09:30:00-04:00,stop,"[('2024-10-31 09:30:00-04:00', 1.0, 443.18, 'stop')]",5,-3.7221174242424415,-0.042503525238980905,51,-1002.2917799999994
BXP,XLRE,Improving,2024-10-29,2024-10-30 13:30:00-04:00,2024-10-30 13:45:00-04:00,76.41,74.95,VAL,82.7,swing_high,86.85,4.17,4.32,vwap_reclaim,77.9,0.91,3,2024-10-30 15:45:00-04:00,lrc_break,"[('2024-10-30 15:45:00-04:00', 1.0, 75.98, 'lrc_break')]",1,-0.3467089041095855,-0.00662472189503982,312,-157.9328399999977
MDT,XLV,Improving,2024-11-05,2024-11-08 12:00:00-05:00,2024-11-08 12:15:00-05:00,83.97,82.77,swing_low,87.68,swing_high,90.16,3.02,1.63,vwap_reclaim,45.3,0.23,2,2024-11-08 15:45:00-05:00,lrc_break,"[('2024-11-08 15:45:00-05:00', 1.0, 83.36, 'lrc_break')]",1,-0.5780541666666649,-0.008260866976301053,282,-195.61352999999986
MNST,XLP,Improving,2024-11-20,2024-11-21 11:45:00-05:00,2024-11-21 12:00:00-05:00,26.8,26.31,POC,28.35,swing_high,30.61,3.16,1.2,vwap_reclaim,64.1,0.52,2,2024-12-06 11:15:00-05:00,stop,"[('2024-12-06 11:15:00-05:00', 1.0, 26.31, 'stop')]",10,-1.0541938775510202,-0.019274440298507535,884,-456.6346200000018
MCK,XLV,Improving,2024-11-27,2024-11-29 10:15:00-05:00,2024-11-29 10:30:00-05:00,622.02,606.83,POC,665.64,LRC_upper,679.98,2.92,1.56,vwap_reclaim,77.4,0.75,3,2024-12-04 12:30:00-05:00,stop,"[('2024-12-04 12:30:00-05:00', 1.0, 606.83, 'stop')]",3,-1.0404493087557605,-0.025408226423587574,38,-600.5681499999978
ETR,XLU,Improving,2024-11-29,2024-12-02 11:15:00-05:00,2024-12-02 11:30:00-05:00,73.89,72.73,VAH,76.65,LRC_upper,78.51,2.38,1.24,vwap_reclaim,72.6,0.87,2,2024-12-03 15:30:00-05:00,stop,"[('2024-12-03 15:30:00-05:00', 1.0, 72.73, 'stop')]",1,-1.063198275862069,-0.016691162538909142,322,-397.12581999999895
IRM,XLRE,Improving,2024-11-29,2024-12-02 15:15:00-05:00,2024-12-02 15:30:00-05:00,114.22,112.59,VAH,120.52,LRC_upper,123.87,3.61,3.5,vwap_reclaim,47.6,0.0,3,2024-12-04 09:45:00-05:00,stop,"[('2024-12-04 09:45:00-05:00', 1.0, 112.59, 'stop')]",2,-1.0695736196319021,-0.015263570302924141,208,-362.62823999999904
KR,XLP,Improving,2024-12-02,2024-12-03 12:30:00-05:00,2024-12-03 12:45:00-05:00,57.46,56.86,POC,59.33,LRC_upper,60.42,3.12,1.27,vwap_reclaim,60.7,0.67,2,2024-12-05 09:30:00-05:00,stop,"[('2024-12-05 09:30:00-05:00', 1.0, 56.57, 'stop')]",2,-1.5783583333333306,-0.0164812913331013,409,-387.3291350000002
FRT,XLRE,Improving,2024-12-03,2024-12-04 11:30:00-05:00,2024-12-04 11:45:00-05:00,105.17,103.75,swing_low,108.72,swing_high,110.42,2.6,4.52,vwap_reclaim,54.1,0.29,3,2024-12-10 10:15:00-05:00,stop,"[('2024-12-10 10:15:00-05:00', 1.0, 103.75, 'stop')]",4,-1.07356338028169,-0.014495198250451665,223,-339.95458000000036
INCY,XLV,Improving,2024-12-02,2024-12-04 12:00:00-05:00,2024-12-04 12:15:00-05:00,74.71,70.28,VAL,83.95,52w_high,86.91,2.11,1.14,vwap_reclaim,64.3,0.52,2,2024-12-13 09:30:00-05:00,stop,"[('2024-12-13 09:30:00-05:00', 1.0, 70.28, 'stop')]",7,-1.016364559819413,-0.06026629634587061,265,-1193.1611749999981
IP,XLB,Improving,2024-12-03,2024-12-04 14:00:00-05:00,2024-12-04 14:15:00-05:00,53.67,52.63,POC,55.95,52w_high,60.02,2.13,1.5,vwap_reclaim,73.0,0.77,3,2024-12-05 10:45:00-05:00,stop,"[('2024-12-05 10:45:00-05:00', 1.0, 52.63, 'stop')]",1,-1.0511057692307693,-0.020367989565865458,437,-477.70654999999965
EVRG,XLU,Improving,2024-12-04,2024-12-06 13:30:00-05:00,2024-12-06 13:45:00-05:00,59.22,58.15,VAL,61.42,swing_high,62.65,2.11,1.56,vwap_reclaim,62.8,0.56,3,2024-12-10 09:30:00-05:00,stop,"[('2024-12-10 09:30:00-05:00', 1.0, 58.15, 'stop')]",2,-1.0548457943925234,-0.01905918608578184,391,-441.31583500000016
GEN,XLK,Improving,2024-12-05,2024-12-06 15:00:00-05:00,2024-12-06 15:15:00-05:00,30.11,29.71,POC,31.27,LRC_upper,31.81,2.9,1.11,vwap_reclaim,75.4,0.77,3,2024-12-09 10:15:00-05:00,stop,"[('2024-12-09 10:15:00-05:00', 1.0, 29.71, 'stop')]",1,-1.0747750000000003,-0.014277980737296532,769,-330.6007899999989
DGX,XLV,Improving,2024-12-05,2024-12-06 15:30:00-05:00,2024-12-06 15:45:00-05:00,152.6,151.32,AVWAP,157.19,POC,160.16,3.52,6.13,vwap_reclaim,58.5,0.68,2,2024-12-11 10:15:00-05:00,stop,"[('2024-12-11 10:15:00-05:00', 1.0, 151.32, 'stop')]",3,-1.1187187499999998,-0.00938374836173002,151,-216.22596000000016
CPT,XLRE,Improving,2024-12-06,2024-12-09 10:15:00-05:00,2024-12-09 10:30:00-05:00,114.15,112.0,VAL,118.64,LRC_upper,120.69,2.09,1.59,vwap_reclaim,49.5,0.1,3,2024-12-13 14:15:00-05:00,stop,"[('2024-12-13 14:15:00-05:00', 1.0, 112.0, 'stop')]",4,-1.0525930232558138,-0.019825448970652696,202,-457.1411500000012
MAA,XLRE,Improving,2024-12-05,2024-12-09 11:30:00-05:00,2024-12-09 11:45:00-05:00,147.15,145.34,VAL,151.01,swing_high,153.75,2.36,1.41,vwap_reclaim,51.1,0.47,2,2024-12-13 14:45:00-05:00,stop,"[('2024-12-13 14:45:00-05:00', 1.0, 145.29, 'stop')]",4,-1.1084088397790117,-0.013633843017329348,19,-38.11818000000026
CHD,XLP,Improving,2024-12-05,2024-12-10 09:45:00-05:00,2024-12-10 10:00:00-05:00,104.02,103.06,AVWAP,111.0,swing_high,114.73,7.27,1.02,vwap_reclaim,55.1,0.63,2,2024-12-11 15:45:00-05:00,lrc_break,"[('2024-12-11 15:45:00-05:00', 1.0, 103.29, 'lrc_break')]",2,-0.8683906249999951,-0.008014372236108343,219,-182.57044499999776
FTNT,XLK,Improving,2024-12-05,2024-12-10 10:15:00-05:00,2024-12-10 10:30:00-05:00,97.26,94.4,POC,104.54,LRC_upper,108.6,2.54,1.13,vwap_reclaim,75.1,0.73,3,2024-12-18 15:00:00-05:00,stop,"[('2024-12-18 15:00:00-05:00', 1.0, 94.4, 'stop')]",6,-1.033506993006993,-0.03039101377750359,234,-691.6642199999999
CAH,XLV,Improving,2024-12-09,2024-12-10 13:45:00-05:00,2024-12-10 14:00:00-05:00,118.5,116.36,AVWAP,123.52,swing_high,126.67,2.35,1.31,vwap_reclaim,61.8,0.73,2,2024-12-11 10:00:00-05:00,stop,"[('2024-12-11 10:00:00-05:00', 1.0, 116.36, 'stop')]",1,-1.054873831775701,-0.019050042194092832,3,-6.772290000000002
FICO,XLK,Improving,2024-12-11,2024-12-12 12:30:00-05:00,2024-12-12 13:00:00-05:00,2197.69,2144.97,AVWAP,2371.28,POC,2565.49,3.08,2.31,vwap_reclaim,72.1,0.71,2,2024-12-12 15:45:00-05:00,lrc_break,"[('2024-12-12 15:45:00-05:00', 1.0, 2186.91, 'lrc_break')]",1,-0.246060318664646,-0.005902697832724451,10,-129.723000000002
CTSH,XLK,Improving,2024-12-12,2024-12-13 15:30:00-05:00,2024-12-13 15:45:00-05:00,77.32,76.62,swing_low,79.35,52w_high,81.69,2.96,1.12,vwap_reclaim,61.6,0.51,3,2024-12-18 14:15:00-05:00,breakeven,"[('2024-12-17 09:30:00-05:00', 0.5, 79.35, 'tp1'), ('2024-12-18 14:15:00-05:00', 0.5, 77.32, 'breakeven')]",3,1.3388178571428797,0.012120699689601664,291,273.7316900000001
CSCO,XLK,Improving,2024-12-12,2024-12-16 13:45:00-05:00,2024-12-16 14:00:00-05:00,55.85,55.39,VAL,57.49,swing_high,59.6,3.57,1.02,vwap_reclaim,72.7,0.81,3,2024-12-18 15:30:00-05:00,stop,"[('2024-12-18 15:30:00-05:00', 1.0, 55.39, 'stop')]",2,-1.1209130434782606,-0.00923222918531783,403,-207.79486000000034
DXCM,XLV,Improving,2024-12-27,2024-12-30 15:00:00-05:00,2024-12-30 15:15:00-05:00,78.43,77.08,VAL,84.78,LRC_upper,117.19,4.62,8.24,vwap_reclaim,71.7,0.65,3,2025-01-10 10:00:00-05:00,stop,"[('2025-01-10 10:00:00-05:00', 1.0, 77.08, 'stop')]",7,-1.057596296296296,-0.018204194823409518,285,-406.9101750000024
AXP,XLF,Improving,2025-01-03,2025-01-06 11:30:00-05:00,2025-01-06 11:45:00-05:00,298.4,292.86,swing_low,316.74,LRC_upper,322.01,3.17,3.07,vwap_reclaim,70.1,0.63,2,2025-01-07 10:00:00-05:00,stop,"[('2025-01-07 10:00:00-05:00', 1.0, 292.86, 'stop')]",1,-1.053362815884477,-0.019556400804289425,75,-437.6722499999973
BSX,XLV,Improving,2025-01-03,2025-01-06 12:30:00-05:00,2025-01-06 12:45:00-05:00,91.01,89.24,swing_low,94.6,LRC_upper,96.05,2.04,1.15,vwap_reclaim,62.4,0.54,2,2025-01-08 09:30:00-05:00,tp2,"[('2025-01-08 09:30:00-05:00', 0.5, 96.68, 'tp1'), ('2025-01-08 09:30:00-05:00', 0.5, 96.68, 'tp2')]",2,3.1503700564971577,0.061269695637842014,247,1377.3102850000005
IBKR,XLF,Improving,2025-01-06,2025-01-07 10:30:00-05:00,2025-01-07 10:45:00-05:00,46.53,44.63,VAH,52.03,LRC_upper,54.53,2.78,4.95,vwap_reclaim,67.5,0.37,3,2025-01-24 12:30:00-05:00,tp2,"[('2025-01-22 11:30:00-05:00', 0.5, 52.03, 'tp1'), ('2025-01-24 12:30:00-05:00', 0.5, 54.53, 'tp2')]",11,3.526365789473687,0.14399516441005802,480,3216.0456
MCK,XLV,Improving,2025-01-07,2025-01-08 10:00:00-05:00,2025-01-08 10:15:00-05:00,582.87,570.95,POC,627.26,swing_high,666.14,3.83,1.09,vwap_reclaim,64.8,0.07,3,2025-01-13 09:45:00-05:00,stop,"[('2025-01-13 09:45:00-05:00', 1.0, 570.95, 'stop')]",2,-1.048398489932886,-0.021440304012901607,38,-474.8825799999984
JPM,XLF,Improving,2025-01-07,2025-01-08 10:45:00-05:00,2025-01-08 11:00:00-05:00,235.0,232.84,swing_low,245.55,52w_high,251.49,4.88,1.13,vwap_reclaim,57.0,0.22,2,2025-01-10 10:00:00-05:00,stop,"[('2025-01-10 10:00:00-05:00', 1.0, 232.84, 'stop')]",1,-1.1082962962962963,-0.010186893617021261,96,-229.81631999999968
FIX,XLI,Improving,2025-01-07,2025-01-08 11:30:00-05:00,2025-01-08 11:45:00-05:00,446.99,437.41,AVWAP,471.9,swing_high,506.02,2.54,4.48,vwap_reclaim,46.3,0.09,2,2025-01-10 09:30:00-05:00,stop,"[('2025-01-10 09:30:00-05:00', 1.0, 437.41, 'stop')]",1,-1.0461586638830898,-0.022421530683013006,50,-501.1099999999992
FTV,XLI,Improving,2025-01-07,2025-01-08 12:30:00-05:00,2025-01-08 12:45:00-05:00,50.71,50.13,AVWAP,52.95,swing_high,54.07,3.86,1.36,vwap_reclaim,46.0,0.1,2,2025-01-10 09:30:00-05:00,stop,"[('2025-01-10 09:30:00-05:00', 1.0, 50.13, 'stop')]",1,-1.086931034482759,-0.012431867481758988,18,-11.34755999999997
KMI,XLE,Improving,2025-01-08,2025-01-10 13:15:00-05:00,2025-01-10 13:30:00-05:00,26.37,25.62,swing_low,27.95,LRC_upper,28.68,2.11,1.52,vwap_reclaim,65.9,0.3,3,2025-01-21 09:30:00-05:00,tp2,"[('2025-01-16 15:00:00-05:00', 0.5, 27.95, 'tp1'), ('2025-01-21 09:30:00-05:00', 0.5, 28.68, 'tp2')]",6,2.5568766666666645,0.07272117937049671,850,1630.0088749999986
ARES,XLF,Improving,2025-01-08,2025-01-10 13:45:00-05:00,2025-01-10 14:00:00-05:00,167.91,165.68,VAL,177.57,LRC_upper,183.35,4.13,2.35,vwap_reclaim,71.5,0.67,3,2025-01-10 15:30:00-05:00,stop,"[('2025-01-10 15:30:00-05:00', 1.0, 165.68, 'stop')]",0,-1.0747959641255609,-0.014274283842534631,133,-318.7737349999987
DVA,XLV,Improving,2025-01-08,2025-01-10 14:45:00-05:00,2025-01-10 15:00:00-05:00,154.58,151.25,POC,165.14,swing_high,168.84,3.09,1.39,vwap_reclaim,48.6,0.0,2,2025-01-13 09:30:00-05:00,stop,"[('2025-01-13 09:30:00-05:00', 1.0, 151.25, 'stop')]",1,-1.0459204204204202,-0.02253147237676292,144,-501.53976000000176
HST,XLRE,Improving,2025-01-10,2025-01-13 11:45:00-05:00,2025-01-13 12:00:00-05:00,15.25,15.04,VAL,15.83,swing_high,16.6,2.76,2.77,vwap_reclaim,40.2,0.02,2,2025-01-24 15:30:00-05:00,breakeven,"[('2025-01-15 09:30:00-05:00', 0.5, 15.83, 'tp1'), ('2025-01-24 15:30:00-05:00', 0.5, 15.25, 'breakeven')]",8,1.307642857142852,0.018006885245901643,1441,395.41595
DXCM,XLV,Improving,2025-01-13,2025-01-14 14:30:00-05:00,2025-01-14 14:45:00-05:00,78.3,76.8,VAL,85.93,LRC_upper,142.0,5.09,1.52,vwap_reclaim,73.2,0.64,3,2025-02-04 15:45:00-05:00,time,"[('2025-01-17 09:30:00-05:00', 0.5, 86.32, 'tp1'), ('2025-02-04 15:45:00-05:00', 0.5, 87.46, 'time')]",15,5.671603333333331,0.10865140485312895,281,2391.1505199999992
CNP,XLU,Improving,2025-01-16,2025-01-17 12:30:00-05:00,2025-01-17 12:45:00-05:00,31.36,30.72,VAH,32.65,LRC_upper,33.42,2.02,1.15,vwap_reclaim,60.0,0.33,3,2025-01-27 10:30:00-05:00,stop,"[('2025-01-27 10:30:00-05:00', 1.0, 30.72, 'stop')]",5,-1.0485,-0.021397959183673487,728,-488.5171200000004
APA,XLE,Improving,2025-01-27,2025-01-28 13:45:00-05:00,2025-01-28 14:00:00-05:00,21.74,21.21,VAL,23.15,swing_high,25.13,2.66,1.94,vwap_reclaim,49.3,0.36,2,2025-01-31 09:30:00-05:00,stop,"[('2025-01-31 09:30:00-05:00', 1.0, 21.21, 'stop')]",3,-1.0405188679245285,-0.025366835326586828,1080,-595.5929999999973
CEG,XLU,Improving,2025-02-10,2025-02-13 13:30:00-05:00,2025-02-13 13:45:00-05:00,306.48,293.55,POC,348.5,52w_high,373.58,3.16,2.23,vwap_reclaim,70.0,0.55,3,2025-02-21 10:15:00-05:00,stop,"[('2025-02-21 10:15:00-05:00', 1.0, 293.55, 'stop')]",5,-1.0232030162412993,-0.04316762920908381,76,-1005.4811400000006
ADSK,XLK,Improving,2025-02-13,2025-02-14 11:30:00-05:00,2025-02-14 11:45:00-05:00,303.21,297.99,POC,314.09,swing_high,326.62,2.03,1.25,vwap_reclaim,46.7,0.0,3,2025-02-18 09:30:00-05:00,stop,"[('2025-02-18 09:30:00-05:00', 1.0, 297.99, 'stop')]",1,-1.057586206896552,-0.01820718314039765,77,-425.08619999999775
JBL,XLK,Improving,2025-02-18,2025-02-20 12:30:00-05:00,2025-02-20 12:45:00-05:00,165.72,162.85,swing_low,174.37,swing_high,181.63,3.11,2.13,vwap_reclaim,78.1,0.88,3,2025-02-21 13:00:00-05:00,stop,"[('2025-02-21 13:00:00-05:00', 1.0, 162.85, 'stop')]",1,-1.0572421602787456,-0.018309709147960443,141,-427.8341850000007
AKAM,XLK,Improving,2025-02-18,2025-02-20 14:45:00-05:00,2025-02-20 15:00:00-05:00,98.25,97.15,VAL,103.03,swing_high,106.03,4.37,1.67,vwap_reclaim,53.0,0.06,3,2025-02-21 09:30:00-05:00,stop,"[('2025-02-21 09:30:00-05:00', 1.0, 89.0, 'stop')]",1,-8.494204545454588,-0.09510050890585241,238,-2223.78275
FLEX,XLK,Improving,2025-02-18,2025-02-20 15:15:00-05:00,2025-02-20 15:30:00-05:00,41.69,40.63,AVWAP,44.8,swing_high,46.77,2.97,1.14,vwap_reclaim,69.1,0.66,3,2025-02-21 12:45:00-05:00,stop,"[('2025-02-21 12:45:00-05:00', 1.0, 40.63, 'stop')]",1,-1.0388301886792455,-0.026413048692731957,562,-618.8519199999972
FFIV,XLK,Improving,2025-02-18,2025-02-21 11:00:00-05:00,2025-02-21 11:15:00-05:00,303.46,299.67,swing_low,325.21,LRC_upper,333.13,5.56,1.03,vwap_reclaim,79.0,0.72,3,2025-02-21 12:45:00-05:00,stop,"[('2025-02-21 12:45:00-05:00', 1.0, 299.67, 'stop')]",0,-1.0795686015831143,-0.013483045541422144,74,-302.7758099999973
IBM,XLK,Improving,2025-02-24,2025-02-25 11:30:00-05:00,2025-02-25 11:45:00-05:00,251.63,244.2,POC,268.99,LRC_upper,276.63,2.35,1.2,vwap_reclaim,75.4,0.6,3,2025-02-27 09:30:00-05:00,stop,"[('2025-02-27 09:30:00-05:00', 1.0, 244.2, 'stop')]",2,-1.0333667563930014,-0.03051271708460838,88,-675.6565200000007
KLAC,XLK,Improving,2025-02-24,2025-02-25 12:45:00-05:00,2025-02-25 13:00:00-05:00,72.22,70.23,AVWAP,76.32,swing_high,81.52,2.11,1.49,vwap_reclaim,76.2,0.78,3,2025-02-25 15:45:00-05:00,lrc_break,"[('2025-02-25 15:45:00-05:00', 1.0, 71.78, 'lrc_break')]",1,-0.25728643216080355,-0.007089448906120158,309,-158.20799999999932
HPQ,XLK,Improving,2025-02-26,2025-02-27 12:15:00-05:00,2025-02-27 12:30:00-05:00,31.01,30.67,AVWAP,32.14,LRC_upper,33.77,3.32,1.37,vwap_reclaim,44.7,0.01,3,2025-02-27 15:15:00-05:00,stop,"[('2025-02-27 15:15:00-05:00', 1.0, 30.67, 'stop')]",0,-1.0907058823529412,-0.011958722992583031,716,-265.52143999999987
CTSH,XLK,Improving,2025-02-25,2025-02-27 12:30:00-05:00,2025-02-27 12:45:00-05:00,81.98,80.74,AVWAP,87.78,52w_high,89.33,4.72,1.42,vwap_reclaim,74.5,0.55,3,2025-02-28 09:30:00-05:00,stop,"[('2025-02-28 09:30:00-05:00', 1.0, 80.74, 'stop')]",1,-1.0656129032258062,-0.01611807757989765,270,-356.76720000000245
FFIV,XLK,Improving,2025-02-26,2025-02-28 15:00:00-05:00,2025-02-28 15:15:00-05:00,287.93,280.24,AVWAP,308.0,swing_high,331.46,2.65,1.44,vwap_reclaim,75.2,0.76,3,2025-03-03 15:45:00-05:00,lrc_break,"[('2025-03-03 15:45:00-05:00', 1.0, 284.16, 'lrc_break')]",2,-0.5274440832249653,-0.014086913485916652,76,-308.25941999999867
CTVA,XLB,Improving,2025-05-29,2025-05-30 12:30:00-04:00,2025-05-30 12:45:00-04:00,68.99,67.24,POC,72.66,LRC_upper,74.15,2.1,6.87,vwap_reclaim,71.0,0.53,3,2025-06-20 15:45:00-04:00,time,"[('2025-06-16 09:45:00-04:00', 0.5, 72.66, 'tp1'), ('2025-06-20 15:45:00-04:00', 0.5, 72.84, 'time')]",15,2.1080742857142885,0.05347340194231055,319,1176.7425150000015
ISRG,XLV,Improving,2025-05-29,2025-05-30 14:15:00-04:00,2025-05-30 14:30:00-04:00,551.01,534.57,VAL,594.55,LRC_upper,612.54,2.69,1.08,vwap_reclaim,65.1,0.59,3,2025-06-09 09:30:00-04:00,stop,"[('2025-06-09 09:30:00-04:00', 1.0, 531.5, 'stop')]",6,-1.219662712895381,-0.036390001996333986,39,-781.9989449999996
ALGN,XLV,Improving,2025-05-30,2025-06-02 12:00:00-04:00,2025-06-02 12:15:00-04:00,177.58,173.07,AVWAP,191.61,swing_high,199.95,3.03,3.4,vwap_reclaim,53.9,0.5,2,2025-06-03 09:30:00-04:00,stop,"[('2025-06-03 09:30:00-04:00', 1.0, 173.07, 'stop')]",1,-1.0388747228381372,-0.02638430566505248,124,-580.9803000000023
EQIX,XLRE,Improving,2025-05-30,2025-06-02 12:30:00-04:00,2025-06-02 12:45:00-04:00,859.58,847.17,VAH,910.03,swing_high,928.93,4.15,1.3,vwap_reclaim,57.3,0.44,2,2025-06-23 15:45:00-04:00,time,"[('2025-06-23 15:45:00-04:00', 1.0, 865.57, 'time')]",15,0.41316881547139206,0.005965035249773156,25,128.18562500000021
AMT,XLRE,Improving,2025-05-30,2025-06-02 13:30:00-04:00,2025-06-02 13:45:00-04:00,203.58,201.11,POC,215.1,swing_high,221.47,4.71,3.07,vwap_reclaim,53.4,0.0,3,2025-06-09 10:00:00-04:00,stop,"[('2025-06-09 10:00:00-04:00', 1.0, 201.11, 'stop')]",5,-1.081921052631579,-0.013126756066411234,108,-288.61325999999985
CAH,XLV,Improving,2025-05-30,2025-06-02 13:45:00-04:00,2025-06-02 14:00:00-04:00,152.43,148.04,swing_low,162.03,LRC_upper,166.38,2.19,1.72,vwap_reclaim,80.1,0.76,3,2025-06-23 15:45:00-04:00,time,"[('2025-06-17 10:45:00-04:00', 0.5, 162.03, 'tp1'), ('2025-06-23 15:45:00-04:00', 0.5, 161.77, 'time')]",15,2.1213747152619513,0.061095814472216736,6,55.87701
CNP,XLU,Improving,2025-06-02,2025-06-03 11:15:00-04:00,2025-06-03 11:30:00-04:00,36.09,35.62,VAL,37.98,52w_high,38.77,3.92,1.06,vwap_reclaim,56.9,0.4,2,2025-06-05 10:00:00-04:00,stop,"[('2025-06-05 10:00:00-04:00', 1.0, 35.62, 'stop')]",2,-1.0762872340425522,-0.014016486561374506,597,-301.99543500000357
MOS,XLB,Improving,2025-06-04,2025-06-05 10:30:00-04:00,2025-06-05 10:45:00-04:00,35.01,34.03,POC,38.11,LRC_upper,39.14,3.16,2.39,vwap_reclaim,86.2,0.87,3,2025-06-06 09:30:00-04:00,stop,"[('2025-06-06 09:30:00-04:00', 1.0, 32.86, 'stop')]",1,-2.228505102040822,-0.062380319908597506,607,-1325.6485449999989
HST,XLRE,Improving,2025-06-04,2025-06-05 11:30:00-04:00,2025-06-05 11:45:00-04:00,14.05,13.7,VAL,14.77,swing_high,15.2,2.06,2.04,vwap_reclaim,62.1,0.55,3,2025-06-13 09:30:00-04:00,breakeven,"[('2025-06-10 11:15:00-04:00', 0.5, 14.77, 'tp1'), ('2025-06-13 09:30:00-04:00', 0.5, 14.05, 'breakeven')]",6,0.98791428571428,0.024609964412811346,1,-0.014050000000000002
KMI,XLE,Improving,2025-06-05,2025-06-06 13:00:00-04:00,2025-06-06 13:15:00-04:00,26.72,26.42,POC,28.2,LRC_upper,29.32,4.74,1.17,vwap_reclaim,60.0,0.19,3,2025-06-09 09:30:00-04:00,stop,"[('2025-06-09 09:30:00-04:00', 1.0, 26.42, 'stop')]",1,-1.0885666666666673,-0.012221931137724445,745,-243.29464999999792
ECL,XLB,Improving,2025-06-06,2025-06-09 11:45:00-04:00,2025-06-09 12:00:00-04:00,262.05,259.65,POC,268.73,52w_high,275.83,2.74,6.51,vwap_reclaim,63.6,0.57,3,2025-06-13 14:45:00-04:00,stop,"[('2025-06-13 14:45:00-04:00', 1.0, 259.65, 'stop')]",4,-1.1086874999999985,-0.010153978248426003,82,-218.1897000000028
MPC,XLE,Improving,2025-06-06,2025-06-09 12:00:00-04:00,2025-06-09 12:15:00-04:00,157.87,150.13,swing_low,175.41,52w_high,181.9,2.3,1.06,vwap_reclaim,75.2,0.61,3,2025-06-30 15:45:00-04:00,time,"[('2025-06-30 15:45:00-04:00', 1.0, 162.48, 'time')]",15,0.5749127906976719,0.028186640907075348,136,605.1761999999981
DXCM,XLV,Improving,2025-06-06,2025-06-09 14:15:00-04:00,2025-06-09 14:30:00-04:00,86.22,84.54,POC,89.59,swing_high,93.25,2.02,1.1,vwap_reclaim,67.1,0.82,2,2025-06-10 11:30:00-04:00,stop,"[('2025-06-10 11:30:00-04:00', 1.0, 84.54, 'stop')]",1,-1.0508214285714288,-0.02047529575504515,221,-390.1489799999984
MCK,XLV,Improving,2025-06-09,2025-06-10 12:45:00-04:00,2025-06-10 13:00:00-04:00,702.03,692.12,AVWAP,724.34,swing_high,740.69,2.21,1.46,vwap_reclaim,63.4,0.53,3,2025-07-01 15:45:00-04:00,time,"[('2025-06-12 14:00:00-04:00', 0.5, 724.34, 'tp1'), ('2025-07-01 15:45:00-04:00', 0.5, 723.94, 'time')]",15,2.1591236125126274,0.0304786333917355,26,556.3197900000018
APD,XLB,Improving,2025-06-10,2025-06-11 11:45:00-04:00,2025-06-11 12:00:00-04:00,272.74,267.77,POC,283.48,LRC_upper,307.06,2.17,1.92,vwap_reclaim,46.2,0.05,3,2025-06-18 09:30:00-04:00,stop,"[('2025-06-18 09:30:00-04:00', 1.0, 267.77, 'stop')]",5,-1.0543772635814885,-0.01921337170932033,1,-5.240255000000028
GEHC,XLV,Improving,2025-06-10,2025-06-13 15:00:00-04:00,2025-06-13 15:15:00-04:00,72.25,70.91,swing_low,77.57,swing_high,79.92,4.01,1.1,vwap_reclaim,36.3,0.13,2,2025-06-17 15:00:00-04:00,stop,"[('2025-06-17 15:00:00-04:00', 1.0, 70.91, 'stop')]",2,-1.053417910447761,-0.01953743944636683,299,-422.062420000001
DLR,XLRE,Improving,2025-06-12,2025-06-13 15:30:00-04:00,2025-06-13 15:45:00-04:00,167.82,165.08,swing_low,175.53,swing_high,180.89,2.81,2.19,vwap_reclaim,78.4,0.9,3,2025-06-25 15:30:00-04:00,stop,"[('2025-06-25 15:30:00-04:00', 1.0, 165.08, 'stop')]",7,-1.0607481751824823,-0.017318853533547736,55,-159.85474999999894
IRM,XLRE,Improving,2025-06-16,2025-06-17 15:00:00-04:00,2025-06-17 15:15:00-04:00,98.72,95.88,POC,105.85,swing_high,122.1,2.5,1.19,vwap_reclaim,84.4,0.85,3,2025-06-26 09:30:00-04:00,stop,"[('2025-06-26 09:30:00-04:00', 1.0, 95.88, 'stop')]",6,-1.0342605633802817,-0.029753849270664542,219,-643.2687000000008
KMI,XLE,Improving,2025-06-16,2025-06-18 12:30:00-04:00,2025-06-18 12:45:00-04:00,26.11,25.62,swing_low,27.22,swing_high,27.98,2.27,1.2,vwap_reclaim,59.1,0.72,2,2025-06-30 11:15:00-04:00,tp2,"[('2025-06-24 15:30:00-04:00', 0.5, 27.22, 'tp1'), ('2025-06-30 11:15:00-04:00', 0.5, 27.98, 'tp2')]",7,2.9860102040816425,0.05603772500957488,459,671.2037450000001
LIN,XLB,Improving,2025-06-18,2025-06-23 13:15:00-04:00,2025-06-23 13:30:00-04:00,448.75,443.73,AVWAP,460.7,swing_high,468.14,2.58,1.09,vwap_reclaim,66.0,0.72,3,2025-07-01 11:00:00-04:00,tp2,"[('2025-06-30 11:30:00-04:00', 0.5, 460.7, 'tp1'), ('2025-07-01 11:00:00-04:00', 0.5, 468.14, 'tp2')]",6,3.03056075697212,0.033901760445682425,25,384.0535149999997
EW,XLV,Improving,2025-06-23,2025-06-24 10:00:00-04:00,2025-06-24 10:15:00-04:00,75.015,73.6,swing_low,78.53,swing_high,81.64,2.42,2.04,vwap_reclaim,52.4,0.35,2,2025-07-15 15:45:00-04:00,time,"[('2025-07-10 15:15:00-04:00', 0.5, 78.53, 'tp1'), ('2025-07-15 15:45:00-04:00', 0.5, 76.83, 'time')]",15,1.8294363957597088,0.03450846497367192,289,747.2709974999998
FIS,XLF,Improving,2025-06-25,2025-06-26 15:30:00-04:00,2025-06-26 15:45:00-04:00,76.5,75.54,VAL,79.57,swing_high,81.96,3.24,1.28,vwap_reclaim,63.2,0.52,3,2025-07-11 14:15:00-04:00,stop,"[('2025-07-11 14:15:00-04:00', 1.0, 75.54, 'stop')]",10,-1.0791875000000004,-0.013542745098039134,282,-292.1576399999982
CAH,XLV,Improving,2025-06-26,2025-06-27 10:00:00-04:00,2025-06-27 10:15:00-04:00,163.55,161.21,POC,170.44,LRC_upper,172.64,2.94,1.19,vwap_reclaim,85.2,0.87,3,2025-07-01 12:15:00-04:00,stop,"[('2025-07-01 12:15:00-04:00', 1.0, 161.21, 'stop')]",2,-1.0693931623931623,-0.01530039743197801,94,-235.22372000000033
LNT,XLU,Improving,2025-06-24,2025-06-27 10:00:00-04:00,2025-06-27 10:15:00-04:00,58.11,57.62,VAL,60.61,LRC_upper,63.11,4.98,1.78,vwap_reclaim,38.5,0.04,2,2025-06-30 09:30:00-04:00,stop,"[('2025-06-30 09:30:00-04:00', 1.0, 57.62, 'stop')]",1,-1.1180918367346933,-0.009428067458268834,2,-1.095730000000004
MCO,XLF,Improving,2025-06-30,2025-07-01 11:45:00-04:00,2025-07-01 12:00:00-04:00,494.02,488.46,swing_low,516.41,LRC_upper,524.33,4.09,1.39,vwap_reclaim,60.0,0.55,2,2025-07-16 11:15:00-04:00,stop,"[('2025-07-16 11:15:00-04:00', 1.0, 488.46, 'stop')]",10,-1.0883525179856115,-0.012248977774179189,44,-266.2545600000001
BNY,XLF,Improving,2025-06-30,2025-07-01 12:15:00-04:00,2025-07-01 12:30:00-04:00,84.79,83.64,POC,92.4,LRC_upper,94.29,6.68,1.25,vwap_reclaim,78.9,0.78,3,2025-07-22 15:45:00-04:00,time,"[('2025-07-17 14:15:00-04:00', 0.5, 92.4, 'tp1'), ('2025-07-22 15:45:00-04:00', 0.5, 93.35, 'time')]",15,6.953189130434743,0.09430554900342014,258,2063.011214999998
ISRG,XLV,Improving,2025-06-30,2025-07-01 13:30:00-04:00,2025-07-01 13:45:00-04:00,537.82,530.0,VAH,564.21,swing_high,587.12,3.49,1.22,vwap_reclaim,42.1,0.06,2,2025-07-08 10:45:00-04:00,stop,"[('2025-07-08 10:45:00-04:00', 1.0, 530.0, 'stop')]",4,-1.0682749360613808,-0.015532910639247425,21,-175.43211000000105
IDXX,XLV,Improving,2025-07-01,2025-07-02 11:30:00-04:00,2025-07-02 11:45:00-04:00,541.88,527.91,VAH,586.39,LRC_upper,601.13,3.04,1.4,vwap_reclaim,81.7,0.76,3,2025-07-11 12:00:00-04:00,stop,"[('2025-07-11 12:00:00-04:00', 1.0, 527.91, 'stop')]",6,-1.03828883321403,-0.026767725326640637,18,-261.0881100000005
MO,XLP,Improving,2025-07-07,2025-07-08 13:15:00-04:00,2025-07-08 13:30:00-04:00,54.98,54.58,VAH,56.42,LRC_upper,57.37,3.6,1.71,vwap_reclaim,48.7,0.23,3,2025-07-09 09:30:00-04:00,stop,"[('2025-07-09 09:30:00-04:00', 1.0, 54.58, 'stop')]",1,-1.1369500000000006,-0.008271735176427767,204,-92.77511999999972
ADM,XLP,Improving,2025-07-08,2025-07-09 12:00:00-04:00,2025-07-09 12:15:00-04:00,51.87,50.62,POC,54.81,LRC_upper,61.21,2.3,1.1,vwap_reclaim,60.3,0.66,2,2025-07-17 11:00:00-04:00,stop,"[('2025-07-17 11:00:00-04:00', 1.0, 50.62, 'stop')]",6,-1.040996,-0.02508665895508001,214,-278.46643
CF,XLB,Improving,2025-07-10,2025-07-11 10:45:00-04:00,2025-07-11 11:00:00-04:00,93.65,90.89,VAL,101.73,swing_high,104.11,2.89,1.42,vwap_reclaim,80.7,0.72,3,2025-07-16 15:15:00-04:00,stop,"[('2025-07-16 15:15:00-04:00', 1.0, 90.89, 'stop')]",3,-1.0334311594202898,-0.0304567004805126,120,-342.27240000000063
AMP,XLF,Improving,2025-07-10,2025-07-11 14:00:00-04:00,2025-07-11 14:15:00-04:00,528.36,523.44,VAH,551.85,LRC_upper,569.13,4.61,1.12,vwap_reclaim,67.8,0.64,3,2025-07-15 09:45:00-04:00,stop,"[('2025-07-15 09:45:00-04:00', 1.0, 523.44, 'stop')]",2,-1.10689024390244,-0.010307176924823906,41,-223.28189999999833
MCK,XLV,Improving,2025-07-10,2025-07-11 14:15:00-04:00,2025-07-11 14:30:00-04:00,704.81,697.25,swing_low,727.02,swing_high,742.01,2.94,2.25,vwap_reclaim,44.8,0.35,2,2025-07-17 09:45:00-04:00,stop,"[('2025-07-17 09:45:00-04:00', 1.0, 697.25, 'stop')]",4,-1.0927288359788365,-0.011720931882351194,13,-107.3933899999993
MPC,XLE,Improving,2025-07-11,2025-07-15 10:00:00-04:00,2025-07-15 10:15:00-04:00,171.84,167.85,VAH,183.29,LRC_upper,191.37,2.83,1.01,vwap_reclaim,76.1,0.79,3,2025-07-16 10:30:00-04:00,stop,"[('2025-07-16 10:30:00-04:00', 1.0, 167.85, 'stop')]",1,-1.0425676691729322,-0.0242076641061453,124,-515.8207800000012
EXR,XLRE,Improving,2025-07-14,2025-07-15 10:00:00-04:00,2025-07-15 10:15:00-04:00,142.32,139.17,AVWAP,149.34,swing_high,169.01,2.2,2.43,vwap_reclaim,55.0,0.18,3,2025-07-16 10:30:00-04:00,stop,"[('2025-07-16 10:30:00-04:00', 1.0, 139.17, 'stop')]",1,-1.0446809523809524,-0.023122154300168674,1,-3.2907450000000056
KMI,XLE,Improving,2025-07-14,2025-07-15 15:30:00-04:00,2025-07-15 15:45:00-04:00,26.66,26.37,AVWAP,27.95,LRC_upper,29.32,4.45,1.51,vwap_reclaim,56.9,0.38,3,2025-07-17 09:30:00-04:00,stop,"[('2025-07-17 09:30:00-04:00', 1.0, 25.88, 'stop')]",2,-2.780241379310357,-0.0302426856714179,418,-337.0208600000005
DASH,XLY,Improving,2025-07-14,2025-07-16 11:45:00-04:00,2025-07-16 12:00:00-04:00,236.02,229.51,VAL,257.96,LRC_upper,271.3,3.19,1.18,vwap_reclaim,77.7,0.89,3,2025-07-16 15:45:00-04:00,lrc_break,"[('2025-07-16 15:45:00-04:00', 1.0, 234.489, 'lrc_break')]",1,-0.2713140552995393,-0.0074834950427930085,91,-160.72915950000055
BXP,XLRE,Improving,2025-07-16,2025-07-17 11:45:00-04:00,2025-07-17 12:00:00-04:00,66.15,65.24,AVWAP,70.39,swing_high,72.2,4.6,1.04,vwap_reclaim,53.1,0.42,2,2025-07-30 13:00:00-04:00,stop,"[('2025-07-30 13:00:00-04:00', 1.0, 65.24, 'stop')]",9,-1.0721923076923068,-0.014749735449735612,323,-315.14948500000344
BALL,XLB,Improving,2025-07-16,2025-07-17 13:30:00-04:00,2025-07-17 13:45:00-04:00,56.86,56.08,swing_low,59.21,LRC_upper,66.21,2.96,1.79,vwap_reclaim,75.5,0.89,3,2025-07-30 09:30:00-04:00,breakeven,"[('2025-07-23 12:15:00-04:00', 0.5, 59.21, 'tp1'), ('2025-07-30 09:30:00-04:00', 0.5, 56.86, 'breakeven')]",9,1.432759615384614,0.019654458318677466,376,420.1997400000003
LVS,XLY,Improving,2025-07-16,2025-07-18 12:30:00-04:00,2025-07-18 12:45:00-04:00,47.53,46.71,VAH,49.36,swing_high,54.46,2.27,1.26,vwap_reclaim,74.4,0.68,3,2025-08-07 15:45:00-04:00,time,"[('2025-07-24 09:30:00-04:00', 0.5, 49.94, 'tp1'), ('2025-08-07 15:45:00-04:00', 0.5, 51.88, 'time')]",15,4.06192682926829,0.0700774247843467,453,1509.8128549999994
HLT,XLY,Improving,2025-07-15,2025-07-18 15:00:00-04:00,2025-07-18 15:15:00-04:00,271.22,268.56,VAH,278.76,52w_high,283.85,2.85,3.03,vwap_reclaim,68.4,0.64,3,2025-07-23 09:30:00-04:00,stop,"[('2025-07-23 09:30:00-04:00', 1.0, 264.24, 'stop')]",3,-2.724710526315771,-0.02672269744119172,79,-572.5706700000015
MAR,XLY,Improving,2025-07-16,2025-07-18 15:00:00-04:00,2025-07-18 15:15:00-04:00,269.78,266.25,swing_low,280.69,swing_high,286.46,3.09,1.26,vwap_reclaim,63.9,0.39,3,2025-07-31 09:30:00-04:00,stop,"[('2025-07-31 09:30:00-04:00', 1.0, 265.33, 'stop')]",9,-1.3364178470255028,-0.017486674327229553,37,-174.54953499999957
EXR,XLRE,Improving,2025-07-22,2025-07-23 14:30:00-04:00,2025-07-23 14:45:00-04:00,142.39,140.75,swing_low,149.34,swing_high,169.01,3.99,1.36,vwap_reclaim,52.6,0.12,3,2025-07-25 10:30:00-04:00,stop,"[('2025-07-25 10:30:00-04:00', 1.0, 140.75, 'stop')]",2,-1.086323170731708,-0.012511903925837394,152,-270.79863999999793
GS,XLF,Improving,2025-07-23,2025-07-24 10:15:00-04:00,2025-07-24 10:30:00-04:00,701.25,686.38,POC,741.18,LRC_upper,754.73,2.69,1.32,vwap_reclaim,77.3,0.85,2,2025-08-01 09:30:00-04:00,stop,"[('2025-08-01 09:30:00-04:00', 1.0, 686.38, 'stop')]",6,-1.046658708809684,-0.022194388591800365,31,-482.47826500000014
AWK,XLU,Improving,2025-07-23,2025-07-24 10:30:00-04:00,2025-07-24 10:45:00-04:00,137.06,135.0,swing_low,141.62,LRC_upper,144.8,2.23,1.57,vwap_reclaim,43.0,0.07,3,2025-07-28 09:30:00-04:00,stop,"[('2025-07-28 09:30:00-04:00', 1.0, 135.0, 'stop')]",2,-1.066033980582524,-0.016022398949365257,87,-191.0546100000002
BIIB,XLV,Improving,2025-07-24,2025-07-25 12:30:00-04:00,2025-07-25 12:45:00-04:00,131.12,128.42,AVWAP,137.34,swing_high,141.69,2.35,1.11,vwap_reclaim,38.8,0.06,2,2025-07-29 09:30:00-04:00,stop,"[('2025-07-29 09:30:00-04:00', 1.0, 128.42, 'stop')]",2,-1.0480629629629628,-0.02158152837095803,163,-461.25251000000276
CASY,XLP,Improving,2025-07-25,2025-07-28 14:45:00-04:00,2025-07-28 15:00:00-04:00,524.61,505.9,VAL,567.24,LRC_upper,586.44,2.14,1.83,vwap_reclaim,73.8,0.79,3,2025-08-14 14:15:00-04:00,stop,"[('2025-08-14 14:15:00-04:00', 1.0, 505.9, 'stop')]",13,-1.0275390165686797,-0.03664675663826469,22,-422.95561000000083
FIS,XLF,Improving,2025-07-25,2025-07-28 15:30:00-04:00,2025-07-28 15:45:00-04:00,78.42,76.53,POC,86.79,52w_high,88.72,4.46,1.07,vwap_reclaim,59.0,0.23,3,2025-07-31 09:30:00-04:00,stop,"[('2025-07-31 09:30:00-04:00', 1.0, 76.53, 'stop')]",3,-1.0409920634920635,-0.025088944146901306,2,-3.934950000000001
GEHC,XLV,Improving,2025-07-28,2025-07-29 11:30:00-04:00,2025-07-29 11:45:00-04:00,78.13,76.15,VAH,82.65,swing_high,88.97,2.3,1.32,vwap_reclaim,75.0,0.7,3,2025-07-30 09:30:00-04:00,stop,"[('2025-07-30 09:30:00-04:00', 1.0, 73.21, 'stop')]",1,-2.52306565656567,-0.06394048380903625,268,-1338.8395600000003
BLK,XLF,Improving,2025-07-29,2025-07-30 11:45:00-04:00,2025-07-30 12:00:00-04:00,1093.99,1073.49,POC,1134.61,LRC_upper,1154.02,2.12,1.57,vwap_reclaim,77.3,0.84,3,2025-08-01 09:30:00-04:00,stop,"[('2025-08-01 09:30:00-04:00', 1.0, 1061.2, 'stop')]",2,-1.6520778048780471,-0.03095786524556894,19,-643.4843049999994
KIM,XLRE,Improving,2025-07-29,2025-07-30 12:00:00-04:00,2025-07-30 12:15:00-04:00,20.99,20.37,POC,23.57,52w_high,23.9,4.16,1.71,vwap_reclaim,71.2,0.57,3,2025-07-31 09:30:00-04:00,stop,"[('2025-07-31 09:30:00-04:00', 1.0, 20.26, 'stop')]",1,-1.2106854838709677,-0.03576107670319185,454,-340.7837499999986
CINF,XLF,Improving,2025-07-30,2025-07-31 11:45:00-04:00,2025-07-31 12:00:00-04:00,145.49,142.78,AVWAP,154.55,52w_high,157.18,3.38,1.06,vwap_reclaim,46.7,0.04,2,2025-08-01 09:30:00-04:00,stop,"[('2025-08-01 09:30:00-04:00', 1.0, 142.76, 'stop')]",1,-1.0605627306273098,-0.01975479414392754,145,-416.74812500000263
KHC,XLP,Improving,2025-07-31,2025-08-01 11:00:00-04:00,2025-08-01 11:15:00-04:00,25.28,24.47,swing_low,27.04,LRC_upper,28.19,2.17,2.99,vwap_reclaim,55.5,0.42,3,2025-08-21 15:45:00-04:00,time,"[('2025-08-21 15:45:00-04:00', 1.0, 25.37, 'time')]",15,0.07984567901234528,0.002558346518987336,824,53.29219999999988
GRMN,XLY,Improving,2025-07-31,2025-08-01 11:45:00-04:00,2025-08-01 12:00:00-04:00,212.18,209.48,POC,225.01,swing_high,234.63,5.02,1.43,vwap_reclaim,73.2,0.75,3,2025-08-21 15:45:00-04:00,time,"[('2025-08-06 09:30:00-04:00', 0.5, 225.03, 'tp1'), ('2025-08-21 15:45:00-04:00', 0.5, 225.02, 'time')]",15,4.6764435185184885,0.05950795315298331,98,1237.386955
FANG,XLE,Improving,2025-07-31,2025-08-01 11:45:00-04:00,2025-08-01 12:00:00-04:00,142.13,139.72,VAH,150.49,LRC_upper,155.72,3.53,1.27,vwap_reclaim,50.8,0.14,3,2025-08-05 09:30:00-04:00,stop,"[('2025-08-05 09:30:00-04:00', 1.0, 139.72, 'stop')]",2,-1.05847510373444,-0.017947829451910202,146,-372.43504999999953
L,XLF,Improving,2025-07-31,2025-08-01 13:30:00-04:00,2025-08-01 13:45:00-04:00,89.77,89.0,swing_low,92.54,swing_high,93.81,3.54,1.9,vwap_reclaim,56.9,0.62,2,2025-08-06 10:00:00-04:00,tp2,"[('2025-08-04 10:30:00-04:00', 0.5, 92.54, 'tp1'), ('2025-08-06 10:00:00-04:00', 0.5, 93.81, 'tp2')]",3,4.3032824675325,0.03691130110281841,209,693.1619300000018
CVX,XLE,Improving,2025-08-01,2025-08-04 10:45:00-04:00,2025-08-04 11:00:00-04:00,143.86,141.2,VAL,149.5,swing_high,153.5,2.09,1.01,vwap_reclaim,67.1,0.83,2,2025-08-22 15:45:00-04:00,time,"[('2025-08-15 11:30:00-04:00', 0.5, 149.5, 'tp1'), ('2025-08-22 15:45:00-04:00', 0.5, 152.14, 'time')]",15,2.561150375939818,0.04735617961907396,67,455.1288799999986
AMT,XLRE,Improving,2025-08-04,2025-08-05 12:15:00-04:00,2025-08-05 12:30:00-04:00,202.86,197.87,swing_low,215.79,swing_high,221.47,2.59,1.19,vwap_reclaim,43.9,0.29,2,2025-08-05 15:45:00-04:00,lrc_break,"[('2025-08-05 15:45:00-04:00', 1.0, 202.25, 'lrc_break')]",1,-0.16283667334669583,-0.004005496401459202,100,-81.25550000000136
CCI,XLRE,Improving,2025-08-04,2025-08-05 12:30:00-04:00,2025-08-05 12:45:00-04:00,99.53,97.14,AVWAP,105.64,LRC_upper,108.87,2.48,1.08,vwap_reclaim,65.5,0.75,3,2025-08-11 13:30:00-04:00,stop,"[('2025-08-11 13:30:00-04:00', 1.0, 97.14, 'stop')]",4,-1.0411443514644352,-0.025000854013865172,1,-2.488335
MDT,XLV,Improving,2025-08-05,2025-08-06 11:00:00-04:00,2025-08-06 11:15:00-04:00,86.67,85.66,swing_low,89.59,swing_high,91.75,2.89,1.34,vwap_reclaim,72.2,0.77,3,2025-08-19 09:30:00-04:00,breakeven,"[('2025-08-08 13:00:00-04:00', 0.5, 89.59, 'tp1'), ('2025-08-19 09:30:00-04:00', 0.5, 85.06, 'breakeven')]",9,0.5623787128712854,0.0065536229375793365,243,140.28847500000032
EW,XLV,Improving,2025-08-05,2025-08-06 13:30:00-04:00,2025-08-06 13:45:00-04:00,78.46,77.2,AVWAP,81.39,LRC_upper,83.43,2.24,3.82,vwap_reclaim,43.6,0.23,2,2025-08-12 11:00:00-04:00,stop,"[('2025-08-12 11:00:00-04:00', 1.0, 77.2, 'stop')]",4,-1.0617698412698418,-0.017051108845271362,255,-341.1466499999977
HAS,XLY,Improving,2025-08-08,2025-08-11 11:15:00-04:00,2025-08-11 11:30:00-04:00,74.61,72.2,VAL,80.37,LRC_upper,82.58,2.39,1.04,vwap_reclaim,71.9,0.75,2,2025-08-29 15:45:00-04:00,time,"[('2025-08-29 15:45:00-04:00', 1.0, 78.66, 'time')]",15,1.6486991701244824,0.053255126658624814,287,1140.3557549999991
MGM,XLY,Improving,2025-08-13,2025-08-14 11:15:00-04:00,2025-08-14 11:30:00-04:00,36.01,35.37,VAL,38.03,swing_high,41.2,3.22,1.16,vwap_reclaim,49.5,0.37,2,2025-09-04 15:45:00-04:00,time,"[('2025-08-22 14:45:00-04:00', 0.5, 38.03, 'tp1'), ('2025-09-04 15:45:00-04:00', 0.5, 37.04, 'time')]",15,2.325355468750001,0.04132817272979734,584,869.1248600000013
HSY,XLP,Improving,2025-08-14,2025-08-15 12:30:00-04:00,2025-08-15 12:45:00-04:00,172.34,166.4,swing_low,185.18,swing_high,190.12,2.2,1.41,vwap_reclaim,57.8,0.54,2,2025-09-05 15:45:00-04:00,time,"[('2025-09-05 15:45:00-04:00', 1.0, 180.19, 'time')]",15,1.2918745791245787,0.04452672043634672,94,721.3310899999994
KEY,XLF,Improving,2025-08-19,2025-08-20 11:00:00-04:00,2025-08-20 11:15:00-04:00,17.17,16.94,AVWAP,17.88,swing_high,18.37,2.92,1.31,vwap_reclaim,56.6,0.43,2,2025-08-27 09:30:00-04:00,tp2,"[('2025-08-22 10:30:00-04:00', 0.5, 17.88, 'tp1'), ('2025-08-27 09:30:00-04:00', 0.5, 18.37, 'tp2')]",5,4.075445652173898,0.054592457775189174,599,561.229269999999
IVZ,XLF,Improving,2025-08-22,2025-08-25 14:00:00-04:00,2025-08-25 14:15:00-04:00,21.0,20.01,POC,23.94,LRC_upper,24.82,2.97,1.35,vwap_reclaim,80.6,0.84,2,2025-09-15 15:45:00-04:00,time,"[('2025-09-15 15:45:00-04:00', 1.0, 21.68, 'time')]",15,0.6653131313131321,0.03136476190476189,1040,685.0063999999998
COO,XLV,Improving,2025-08-25,2025-08-26 11:45:00-04:00,2025-08-26 12:00:00-04:00,73.42,71.77,AVWAP,76.98,LRC_upper,83.33,2.16,3.58,vwap_reclaim,46.7,0.12,3,2025-08-28 09:30:00-04:00,stop,"[('2025-08-28 09:30:00-04:00', 1.0, 62.41, 'stop')]",2,-6.713887878787858,-0.1508841596295288,296,-3279.0628400000014
BLK,XLF,Improving,2025-08-25,2025-08-26 13:45:00-04:00,2025-08-26 14:00:00-04:00,1102.08,1088.28,POC,1141.98,52w_high,1184.27,2.91,2.34,vwap_reclaim,74.1,0.79,3,2025-09-02 09:30:00-04:00,stop,"[('2025-09-02 09:30:00-04:00', 1.0, 1088.28, 'stop')]",4,-1.0793608695652175,-0.013515516114982537,8,-119.16143999999964
EXPD,XLI,Improving,2025-08-26,2025-08-27 11:15:00-04:00,2025-08-27 11:30:00-04:00,120.64,118.31,POC,128.56,52w_high,130.59,3.29,1.22,vwap_reclaim,61.3,0.41,2,2025-09-02 09:30:00-04:00,stop,"[('2025-09-02 09:30:00-04:00', 1.0, 118.15, 'stop')]",3,-1.1199120171673806,-0.021629600464190938,53,-138.29793499999974
AOS,XLI,Improving,2025-08-27,2025-08-28 12:00:00-04:00,2025-08-28 12:15:00-04:00,70.2,69.36,swing_low,72.22,swing_high,74.98,2.45,1.7,vwap_reclaim,63.4,0.8,2,2025-09-02 09:30:00-04:00,stop,"[('2025-09-02 09:30:00-04:00', 1.0, 69.13, 'stop')]",2,-1.356744047619051,-0.016234544159544267,264,-300.8715600000019
LDOS,XLI,Improving,2025-08-28,2025-08-29 15:30:00-04:00,2025-08-29 15:45:00-04:00,178.24,174.24,POC,187.85,LRC_upper,198.48,2.27,1.25,vwap_reclaim,78.1,0.83,3,2025-09-04 09:30:00-04:00,stop,"[('2025-09-04 09:30:00-04:00', 1.0, 174.24, 'stop')]",3,-1.04406,-0.023430430879712746,119,-496.97256
CHRW,XLI,Improving,2025-08-28,2025-09-02 10:45:00-04:00,2025-09-02 11:00:00-04:00,126.04,124.45,POC,132.08,LRC_upper,134.36,3.65,1.08,vwap_reclaim,84.2,0.88,3,2025-09-05 10:00:00-04:00,stop,"[('2025-09-05 10:00:00-04:00', 1.0, 124.45, 'stop')]",3,-1.078770440251572,-0.013608735322119989,168,-288.16116000000056
DD,XLI,Improving,2025-08-29,2025-09-02 13:00:00-04:00,2025-09-02 13:15:00-04:00,92.8,90.57,VAH,99.34,LRC_upper,108.76,2.95,1.42,vwap_reclaim,55.6,0.27,3,2025-09-22 15:45:00-04:00,time,"[('2025-09-22 15:45:00-04:00', 1.0, 96.55, 'time')]",15,1.6391591928251092,0.03938927801724138,143,522.711475
BMY,XLV,Improving,2025-08-29,2025-09-02 13:30:00-04:00,2025-09-02 13:45:00-04:00,45.22,44.18,swing_low,47.36,LRC_upper,57.34,2.03,1.73,vwap_reclaim,49.9,0.04,3,2025-09-04 12:30:00-04:00,stop,"[('2025-09-04 12:30:00-04:00', 1.0, 44.18, 'stop')]",2,-1.0429807692307693,-0.02398717381689516,1,-1.084699999999999
KEY,XLF,Improving,2025-08-29,2025-09-02 15:00:00-04:00,2025-09-02 15:15:00-04:00,18.15,17.81,VAH,18.95,LRC_upper,19.54,2.45,1.04,vwap_reclaim,59.1,0.33,3,2025-09-16 09:45:00-04:00,stop,"[('2025-09-16 09:45:00-04:00', 1.0, 17.81, 'stop')]",10,-1.0528823529411764,-0.019723415977961425,2,-0.7159599999999997
CAT,XLI,Improving,2025-09-02,2025-09-04 10:30:00-04:00,2025-09-04 10:45:00-04:00,411.87,401.23,VAL,435.57,swing_high,456.71,2.23,1.06,vwap_reclaim,70.3,0.55,3,2025-09-18 10:30:00-04:00,tp2,"[('2025-09-16 14:45:00-04:00', 0.5, 435.57, 'tp1'), ('2025-09-18 10:30:00-04:00', 0.5, 456.71, 'tp2')]",10,3.1805446428571456,0.08216426299560538,50,1692.0497499999992
ALB,XLB,Improving,2025-09-03,2025-09-04 14:45:00-04:00,2025-09-04 15:00:00-04:00,77.98,75.77,VAL,83.38,swing_high,91.73,2.35,15.9,vwap_reclaim,65.5,0.58,2,2025-09-09 09:30:00-04:00,breakeven,"[('2025-09-05 10:00:00-04:00', 0.5, 83.38, 'tp1'), ('2025-09-09 09:30:00-04:00', 0.5, 73.97, 'breakeven')]",3,0.279037330316738,0.007908085406514402,2,1.2333449999999866
GD,XLI,Improving,2025-09-02,2025-09-05 10:00:00-04:00,2025-09-05 10:15:00-04:00,316.99,313.57,VAH,329.04,LRC_upper,334.24,3.38,1.3,vwap_reclaim,78.7,0.88,3,2025-09-09 11:30:00-04:00,stop,"[('2025-09-09 11:30:00-04:00', 1.0, 313.57, 'stop')]",2,-1.0921871345029235,-0.011783589387677894,66,-246.52848000000105
BIIB,XLV,Improving,2025-09-04,2025-09-05 11:15:00-04:00,2025-09-05 11:30:00-04:00,142.675,132.36,VAL,206.7,52w_high,214.28,6.24,1.79,vwap_reclaim,60.7,0.4,2,2025-09-24 15:45:00-04:00,lrc_break,"[('2025-09-24 15:45:00-04:00', 1.0, 137.68, 'lrc_break')]",14,-0.4978359185651969,-0.035992132468897875,76,-390.2734900000003
ABT,XLV,Improving,2025-09-05,2025-09-08 12:45:00-04:00,2025-09-08 13:00:00-04:00,129.46,127.96,POC,132.99,swing_high,135.31,2.29,1.07,vwap_reclaim,37.3,0.0,2,2025-09-10 09:30:00-04:00,stop,"[('2025-09-10 09:30:00-04:00', 1.0, 127.96, 'stop')]",2,-1.085806666666666,-0.012580797157423253,130,-211.73230000000183
INCY,XLV,Improving,2025-09-08,2025-09-09 13:45:00-04:00,2025-09-09 14:00:00-04:00,85.98,84.04,VAL,93.83,LRC_upper,96.35,4.05,1.06,vwap_reclaim,85.0,0.89,3,2025-09-12 11:30:00-04:00,stop,"[('2025-09-12 11:30:00-04:00', 1.0, 84.04, 'stop')]",3,-1.043819587628866,-0.023552105140730376,242,-490.0524199999994
GILD,XLV,Improving,2025-09-08,2025-09-10 10:45:00-04:00,2025-09-10 11:00:00-04:00,111.66,109.7,AVWAP,117.61,swing_high,120.22,3.04,1.14,vwap_reclaim,48.6,0.26,2,2025-09-15 09:30:00-04:00,stop,"[('2025-09-15 09:30:00-04:00', 1.0, 109.7, 'stop')]",3,-1.0564693877551021,-0.01854451012000711,149,-308.531319999999
HUM,XLV,Improving,2025-09-12,2025-09-15 13:00:00-04:00,2025-09-15 13:15:00-04:00,268.72,260.46,AVWAP,292.62,swing_high,310.81,2.71,1.06,vwap_reclaim,74.2,0.78,3,2025-09-15 15:45:00-04:00,lrc_break,"[('2025-09-15 15:45:00-04:00', 1.0, 271.37, 'lrc_break')]",1,0.28813014527844594,0.008856635159273507,78,185.63648999999822
HST,XLRE,Improving,2025-09-12,2025-09-16 12:45:00-04:00,2025-09-16 13:00:00-04:00,16.16,15.97,POC,16.82,LRC_upper,17.12,3.47,1.44,vwap_reclaim,52.8,0.32,2,2025-09-22 09:30:00-04:00,stop,"[('2025-09-22 09:30:00-04:00', 1.0, 15.97, 'stop')]",4,-1.0845526315789475,-0.01275154702970294,1306,-269.12088999999935
ADI,XLK,Improving,2025-09-15,2025-09-16 14:30:00-04:00,2025-09-16 14:45:00-04:00,240.78,237.1,AVWAP,253.94,52w_high,260.96,3.64,1.61,vwap_reclaim,48.8,0.17,2,2025-10-01 14:15:00-04:00,stop,"[('2025-10-01 14:15:00-04:00', 1.0, 237.1, 'stop')]",11,-1.0649293478260868,-0.016276019602957083,87,-340.9477800000006
FE,XLU,Improving,2025-09-24,2025-09-25 14:30:00-04:00,2025-09-25 14:45:00-04:00,42.43,41.81,VAH,44.03,LRC_upper,44.6,2.58,1.51,vwap_reclaim,64.3,0.59,2,2025-10-06 15:45:00-04:00,tp2,"[('2025-09-30 09:30:00-04:00', 0.5, 44.03, 'tp1'), ('2025-10-06 15:45:00-04:00', 0.5, 44.6, 'tp2')]",7,2.9703669354838858,0.04340390054206933,500,920.8137500000007
LNT,XLU,Improving,2025-09-24,2025-09-25 15:15:00-04:00,2025-09-25 15:30:00-04:00,63.41,62.72,VAH,64.79,LRC_upper,65.56,2.0,3.76,vwap_reclaim,41.4,0.0,2,2025-10-06 10:30:00-04:00,tp2,"[('2025-09-29 15:00:00-04:00', 0.5, 64.79, 'tp1'), ('2025-10-06 10:30:00-04:00', 0.5, 65.56, 'tp2')]",7,2.464793478260889,0.026820809020659322,334,568.0363050000026
EIX,XLU,Improving,2025-09-29,2025-09-30 13:15:00-04:00,2025-09-30 13:30:00-04:00,52.25,51.31,AVWAP,54.62,swing_high,80.57,2.48,1.59,vwap_reclaim,53.7,0.34,2,2025-10-02 09:30:00-04:00,stop,"[('2025-10-02 09:30:00-04:00', 1.0, 51.31, 'stop')]",2,-1.055085106382979,-0.018981435406698523,409,-405.6380199999991
CFG,XLF,Improving,2025-09-29,2025-09-30 14:45:00-04:00,2025-09-30 15:00:00-04:00,51.08,50.0,POC,53.94,LRC_upper,56.02,2.61,1.13,vwap_reclaim,72.3,0.76,3,2025-10-08 15:45:00-04:00,lrc_break,"[('2025-10-08 15:45:00-04:00', 1.0, 50.49, 'lrc_break')]",7,-0.593319444444442,-0.012544733750978785,418,-267.8481299999985
GL,XLF,Improving,2025-09-29,2025-09-30 14:45:00-04:00,2025-09-30 15:00:00-04:00,140.85,138.46,VAL,146.65,52w_high,151.36,2.5,1.32,vwap_reclaim,63.1,0.49,3,2025-10-01 10:30:00-04:00,stop,"[('2025-10-01 10:30:00-04:00', 1.0, 138.46, 'stop')]",1,-1.0584330543933058,-0.01795992190273331,151,-381.9779049999979
HBAN,XLF,Improving,2025-09-30,2025-10-01 10:00:00-04:00,2025-10-01 10:15:00-04:00,16.54,16.32,AVWAP,17.13,swing_high,17.84,2.68,1.5,vwap_reclaim,57.1,0.62,2,2025-10-02 09:30:00-04:00,stop,"[('2025-10-02 09:30:00-04:00', 1.0, 16.32, 'stop')]",1,-1.0746818181818185,-0.014294437726723027,9,-2.12786999999999
EXPD,XLI,Improving,2025-09-30,2025-10-01 14:15:00-04:00,2025-10-01 14:30:00-04:00,120.69,119.29,POC,125.84,swing_high,128.56,3.68,1.66,vwap_reclaim,68.2,0.66,3,2025-10-08 09:45:00-04:00,stop,"[('2025-10-08 09:45:00-04:00', 1.0, 119.29, 'stop')]",5,-1.0857071428571434,-0.012594166873808862,176,-267.5182399999985
HCA,XLV,Improving,2025-10-01,2025-10-02 11:15:00-04:00,2025-10-02 11:30:00-04:00,423.04,413.99,VAH,449.49,LRC_upper,458.68,2.96,1.37,vwap_reclaim,76.7,0.76,3,2025-10-10 09:30:00-04:00,stop,"[('2025-10-10 09:30:00-04:00', 1.0, 413.99, 'stop')]",6,-1.0462447513812154,-0.022382079708774608,50,-473.42575000000056
GE,XLI,Improving,2025-10-01,2025-10-02 11:45:00-04:00,2025-10-02 12:00:00-04:00,297.74,293.81,VAH,307.22,LRC_upper,313.13,2.25,1.49,vwap_reclaim,72.5,0.7,3,2025-10-06 10:00:00-04:00,stop,"[('2025-10-06 10:00:00-04:00', 1.0, 293.81, 'stop')]",2,-1.0752608142493638,-0.014192836031436847,67,-283.1269250000005
MET,XLF,Improving,2025-09-30,2025-10-02 12:30:00-04:00,2025-10-02 12:45:00-04:00,79.22,78.16,VAH,82.41,LRC_upper,84.75,2.97,1.34,vwap_reclaim,61.4,0.58,3,2025-10-10 11:45:00-04:00,stop,"[('2025-10-10 11:45:00-04:00', 1.0, 78.16, 'stop')]",6,-1.0742358490566035,-0.014373769250189374,3,-3.4160700000000066
LH,XLV,Improving,2025-10-01,2025-10-06 13:00:00-04:00,2025-10-06 13:15:00-04:00,272.93,270.03,VAL,286.3,52w_high,292.54,4.21,1.18,vwap_reclaim,63.2,0.75,2,2025-10-06 15:45:00-04:00,lrc_break,"[('2025-10-06 15:45:00-04:00', 1.0, 272.25, 'lrc_break')]",1,-0.32847931034482614,-0.0034902355915436447,78,-74.30202000000054
APA,XLE,Improving,2025-10-07,2025-10-08 15:30:00-04:00,2025-10-08 15:45:00-04:00,23.77,23.27,POC,25.25,52w_high,26.21,2.96,1.48,vwap_reclaim,71.4,0.89,2,2025-10-09 10:30:00-04:00,stop,"[('2025-10-09 10:30:00-04:00', 1.0, 23.27, 'stop')]",1,-1.04704,-0.022024400504838032,890,-465.9328
ETN,XLI,Improving,2025-10-08,2025-10-09 10:45:00-04:00,2025-10-09 11:00:00-04:00,373.6,366.01,POC,388.59,LRC_upper,396.18,2.09,1.55,vwap_reclaim,50.2,0.07,3,2025-10-14 09:30:00-04:00,stop,"[('2025-10-14 09:30:00-04:00', 1.0, 365.69, 'stop')]",3,-1.0908623188405784,-0.022161790685224905,56,-463.6601200000014
DLR,XLRE,Improving,2025-10-07,2025-10-09 11:45:00-04:00,2025-10-09 12:00:00-04:00,169.63,167.08,POC,175.0,swing_high,187.0,2.06,1.16,vwap_reclaim,47.9,0.08,3,2025-10-10 11:30:00-04:00,stop,"[('2025-10-10 11:30:00-04:00', 1.0, 167.08, 'stop')]",1,-1.0660215686274515,-0.016025201910039397,123,-334.35766499999795
CF,XLB,Improving,2025-10-09,2025-10-10 11:00:00-04:00,2025-10-10 11:15:00-04:00,86.52,84.05,VAL,91.83,swing_high,96.8,2.15,1.33,vwap_reclaim,38.1,0.08,2,2025-10-14 10:00:00-04:00,stop,"[('2025-10-14 10:00:00-04:00', 1.0, 84.05, 'stop')]",2,-1.0345283400809715,-0.02953403837263059,241,-615.8236849999997
LDOS,XLI,Improving,2025-10-09,2025-10-10 12:15:00-04:00,2025-10-10 12:30:00-04:00,190.17,187.89,VAH,198.48,52w_high,202.42,3.69,1.22,vwap_reclaim,74.8,0.76,3,2025-10-10 14:30:00-04:00,stop,"[('2025-10-10 14:30:00-04:00', 1.0, 187.89, 'stop')]",0,-1.082907894736842,-0.012983278119577226,109,-269.12427000000014
LDOS,XLI,Improving,2025-10-14,2025-10-15 15:30:00-04:00,2025-10-15 15:45:00-04:00,184.62,180.31,VAL,196.64,LRC_upper,201.46,2.83,1.03,vwap_reclaim,76.0,0.73,3,2025-10-16 15:45:00-04:00,lrc_break,"[('2025-10-16 15:45:00-04:00', 1.0, 182.25, 'lrc_break')]",2,-0.5924443155452445,-0.013830760480988,111,-283.4312850000005
LUV,XLI,Improving,2025-10-15,2025-10-16 10:30:00-04:00,2025-10-16 10:45:00-04:00,33.11,31.65,POC,37.01,swing_high,38.33,2.67,1.3,vwap_reclaim,60.4,0.41,3,2025-10-23 09:30:00-04:00,stop,"[('2025-10-23 09:30:00-04:00', 1.0, 31.65, 'stop')]",5,-1.022178082191781,-0.045073391724554546,619,-923.7832200000005
CASY,XLP,Improving,2025-10-15,2025-10-16 15:30:00-04:00,2025-10-16 15:45:00-04:00,558.45,543.4,VAL,593.7,LRC_upper,612.51,2.39,1.85,vwap_reclaim,69.0,0.67,3,2025-10-22 12:00:00-04:00,stop,"[('2025-10-22 12:00:00-04:00', 1.0, 543.4, 'stop')]",4,-1.0366063122923586,-0.027936117826126004,36,-561.6333000000025
IRM,XLRE,Improving,2025-10-16,2025-10-17 15:00:00-04:00,2025-10-17 15:15:00-04:00,100.93,97.96,VAL,107.37,LRC_upper,122.1,2.21,1.01,vwap_reclaim,65.1,0.85,2,2025-10-29 15:45:00-04:00,stop,"[('2025-10-29 15:45:00-04:00', 1.0, 97.96, 'stop')]",8,-1.0334831649831648,-0.030411621916179656,202,-620.0278900000027
CRH,XLB,Improving,2025-10-15,2025-10-20 10:00:00-04:00,2025-10-20 10:15:00-04:00,116.02,113.91,swing_low,120.56,swing_high,123.94,2.06,1.12,vwap_reclaim,64.3,0.61,2,2025-10-30 09:30:00-04:00,breakeven,"[('2025-10-27 09:30:00-04:00', 0.5, 120.56, 'tp1'), ('2025-10-30 09:30:00-04:00', 0.5, 116.02, 'breakeven')]",8,1.0203056872037932,0.018555809343216715,176,378.90072000000055
HSY,XLP,Improving,2025-10-17,2025-10-20 11:15:00-04:00,2025-10-20 11:30:00-04:00,180.63,177.11,swing_low,190.9,swing_high,197.04,2.93,1.13,vwap_reclaim,68.9,0.69,3,2025-10-20 15:45:00-04:00,lrc_break,"[('2025-10-20 15:45:00-04:00', 1.0, 180.75, 'lrc_break')]",1,-0.017241477272726066,-0.0003359906992193735,113,-6.8579699999994865
ETN,XLI,Improving,2025-10-20,2025-10-21 15:30:00-04:00,2025-10-21 15:45:00-04:00,371.71,363.7,VAL,390.01,LRC_upper,400.89,2.31,1.6,vwap_reclaim,58.0,0.66,2,2025-10-22 10:00:00-04:00,stop,"[('2025-10-22 10:00:00-04:00', 1.0, 363.7, 'stop')]",1,-1.0459057428214733,-0.02253828253208144,55,-460.7737749999995
LMT,XLI,Improving,2025-10-24,2025-10-27 11:00:00-04:00,2025-10-27 11:15:00-04:00,470.76,461.07,AVWAP,492.89,POC,503.0,2.23,1.26,vwap_reclaim,68.8,0.82,2,2025-10-27 15:45:00-04:00,lrc_break,"[('2025-10-27 15:45:00-04:00', 1.0, 474.54, 'lrc_break')]",1,0.34131578947368735,0.007025554422635801,42,138.90870000000123
DLR,XLRE,Improving,2025-10-24,2025-10-27 15:15:00-04:00,2025-10-27 15:30:00-04:00,173.78,170.01,VAH,187.0,52w_high,191.28,3.51,1.6,vwap_reclaim,67.8,0.55,3,2025-10-28 09:30:00-04:00,stop,"[('2025-10-28 09:30:00-04:00', 1.0, 170.01, 'stop')]",1,-1.0455954907161802,-0.022683248935435666,116,-457.25982000000124
HUBB,XLI,Improving,2025-11-10,2025-11-11 12:45:00-05:00,2025-11-11 13:00:00-05:00,450.04,439.81,AVWAP,472.69,LRC_upper,489.59,2.21,1.27,vwap_reclaim,51.1,0.19,3,2025-11-13 09:45:00-05:00,stop,"[('2025-11-13 09:45:00-05:00', 1.0, 439.81, 'stop')]",2,-1.0434921798631476,-0.023719947115811966,44,-469.69670000000076
JBHT,XLI,Improving,2025-11-10,2025-11-11 15:00:00-05:00,2025-11-11 15:15:00-05:00,167.07,162.07,VAL,186.03,LRC_upper,197.0,3.87,1.38,vwap_reclaim,70.3,0.62,2,2025-11-14 15:45:00-05:00,stop,"[('2025-11-14 15:45:00-05:00', 1.0, 162.07, 'stop')]",3,-1.032914,-0.030912611480217875,119,-614.5838299999999
GD,XLI,Improving,2025-11-12,2025-11-13 13:45:00-05:00,2025-11-13 14:00:00-05:00,341.67,335.53,POC,355.53,LRC_upper,364.9,2.27,1.28,vwap_reclaim,69.7,0.74,3,2025-11-14 09:30:00-05:00,stop,"[('2025-11-14 09:30:00-05:00', 1.0, 335.53, 'stop')]",1,-1.0551465798045598,-0.018961571106623474,58,-375.7588000000025
CAT,XLI,Improving,2025-11-10,2025-11-13 15:30:00-05:00,2025-11-13 15:45:00-05:00,552.01,537.59,swing_low,592.59,52w_high,622.38,2.83,2.58,vwap_reclaim,80.4,0.94,3,2025-11-13 15:45:00-05:00,lrc_break,"[('2025-11-13 15:45:00-05:00', 1.0, 550.21, 'lrc_break')]",1,-0.16304507628293766,-0.0042591800873171765,36,-84.63995999999835
GM,XLY,Improving,2025-11-13,2025-11-14 11:15:00-05:00,2025-11-14 11:30:00-05:00,70.65,68.95,VAH,75.51,LRC_upper,77.84,2.9,1.67,vwap_reclaim,74.4,0.62,3,2025-11-17 10:30:00-05:00,stop,"[('2025-11-17 10:30:00-05:00', 1.0, 68.95, 'stop')]",1,-1.0410588235294118,-0.02505024769992927,279,-493.7742000000008
LDOS,XLI,Improving,2025-11-14,2025-11-17 11:30:00-05:00,2025-11-17 11:45:00-05:00,188.69,184.52,VAL,197.58,swing_high,203.41,2.09,1.07,vwap_reclaim,62.7,0.45,3,2025-11-20 11:30:00-05:00,stop,"[('2025-11-20 11:30:00-05:00', 1.0, 184.52, 'stop')]",3,-1.0447494004796165,-0.02308869044464459,103,-448.73031499999877
AMZN,XLY,Improving,2025-11-13,2025-11-17 15:30:00-05:00,2025-11-17 15:45:00-05:00,232.05,224.99,VAL,251.75,swing_high,264.34,2.79,1.13,vwap_reclaim,42.3,0.13,2,2025-11-18 10:00:00-05:00,stop,"[('2025-11-18 10:00:00-05:00', 1.0, 224.99, 'stop')]",1,-1.032368271954674,-0.03140926524455937,84,-612.2356800000001
JCI,XLI,Improving,2025-11-17,2025-11-19 12:15:00-05:00,2025-11-19 12:30:00-05:00,113.95,111.66,VAL,122.67,swing_high,126.35,3.87,1.02,vwap_reclaim,65.3,0.68,2,2025-11-21 09:30:00-05:00,stop,"[('2025-11-21 09:30:00-05:00', 1.0, 111.66, 'stop')]",2,-1.0492598253275107,-0.021086485300570477,170,-408.4768500000011
GD,XLI,Improving,2025-11-18,2025-11-19 12:15:00-05:00,2025-11-19 12:30:00-05:00,336.43,331.06,AVWAP,349.14,swing_high,355.81,2.36,1.49,vwap_reclaim,63.5,0.64,2,2025-11-24 09:30:00-05:00,stop,"[('2025-11-24 09:30:00-05:00', 1.0, 331.06, 'stop')]",3,-1.0621499068901303,-0.016953734803673882,57,-325.11346500000025
FERG,XLI,Improving,2025-11-26,2025-12-01 12:15:00-05:00,2025-12-01 12:30:00-05:00,247.52,242.62,POC,257.76,LRC_upper,263.81,2.17,1.14,vwap_reclaim,63.0,0.49,3,2025-12-08 12:30:00-05:00,stop,"[('2025-12-08 12:30:00-05:00', 1.0, 242.62, 'stop')]",5,-1.0500142857142858,-0.02078648190045251,77,-396.1703900000004
CEG,XLU,Improving,2025-11-28,2025-12-02 10:00:00-05:00,2025-12-02 10:15:00-05:00,363.96,345.85,POC,400.47,LRC_upper,417.37,2.01,1.07,vwap_reclaim,47.5,0.0,2,2025-12-10 10:15:00-05:00,stop,"[('2025-12-10 10:15:00-05:00', 1.0, 345.85, 'stop')]",6,-1.0195971838763114,-0.05073333608088789,52,-960.1750599999978
EIX,XLU,Improving,2025-11-28,2025-12-02 11:15:00-05:00,2025-12-02 11:30:00-05:00,56.06,54.67,AVWAP,58.87,LRC_upper,80.57,2.02,1.24,vwap_reclaim,65.6,0.66,3,2025-12-03 13:00:00-05:00,stop,"[('2025-12-03 13:00:00-05:00', 1.0, 54.67, 'stop')]",1,-1.0398309352517987,-0.025782465215840183,342,-494.3148300000002
FOX,XLC,Improving,2025-12-01,2025-12-02 11:45:00-05:00,2025-12-02 12:00:00-05:00,58.24,57.32,POC,60.11,52w_high,62.61,2.07,1.35,vwap_reclaim,50.1,0.38,2,2025-12-10 14:45:00-05:00,tp2,"[('2025-12-05 09:45:00-05:00', 0.5, 60.11, 'tp1'), ('2025-12-10 14:45:00-05:00', 0.5, 62.61, 'tp2')]",6,3.326304347826078,0.05254464285714281,329,1008.0551749999992
CME,XLF,Improving,2025-12-01,2025-12-02 13:30:00-05:00,2025-12-02 13:45:00-05:00,266.55,262.89,AVWAP,276.18,LRC_upper,281.88,2.63,1.73,vwap_reclaim,61.8,0.52,3,2025-12-04 12:45:00-05:00,stop,"[('2025-12-04 12:45:00-05:00', 1.0, 262.89, 'stop')]",2,-1.0723278688524585,-0.014724141812042861,71,-278.65512000000183
ACGL,XLF,Improving,2025-12-01,2025-12-02 14:45:00-05:00,2025-12-02 15:00:00-05:00,92.68,91.36,POC,96.01,LRC_upper,101.66,2.56,1.63,vwap_reclaim,47.6,0.06,3,2025-12-05 11:30:00-05:00,stop,"[('2025-12-05 11:30:00-05:00', 1.0, 91.36, 'stop')]",3,-1.0697121212121208,-0.01523543375053957,7,-9.884140000000052
CINF,XLF,Improving,2025-12-02,2025-12-03 13:15:00-05:00,2025-12-03 13:30:00-05:00,159.25,157.41,AVWAP,164.61,swing_high,169.33,2.71,1.59,vwap_reclaim,49.9,0.29,2,2025-12-08 10:00:00-05:00,stop,"[('2025-12-08 10:00:00-05:00', 1.0, 157.41, 'stop')]",3,-1.086048913043478,-0.012548383045525925,117,-233.8046100000004
CBOE,XLF,Improving,2025-12-03,2025-12-04 14:45:00-05:00,2025-12-04 15:00:00-05:00,251.59,247.85,swing_low,259.43,swing_high,266.62,2.33,2.18,vwap_reclaim,65.4,0.54,3,2025-12-10 10:00:00-05:00,stop,"[('2025-12-10 10:00:00-05:00', 1.0, 247.85, 'stop')]",4,-1.0667700534759357,-0.01585802297388612,74,-295.2392800000007
AIZ,XLF,Improving,2025-12-04,2025-12-05 13:45:00-05:00,2025-12-05 14:00:00-05:00,219.96,217.49,AVWAP,227.51,swing_high,232.53,2.71,1.17,vwap_reclaim,50.6,0.36,2,2025-12-09 09:30:00-05:00,stop,"[('2025-12-09 09:30:00-05:00', 1.0, 217.49, 'stop')]",2,-1.0885526315789473,-0.012223699763593375,48,-129.05879999999993
FICO,XLK,Improving,2025-12-05,2025-12-08 12:00:00-05:00,2025-12-08 12:15:00-05:00,1770.62,1725.02,VAL,1905.33,swing_high,1998.01,3.0,2.56,vwap_reclaim,51.9,0.26,2,2025-12-10 11:00:00-05:00,stop,"[('2025-12-10 11:00:00-05:00', 1.0, 1725.02, 'stop')]",2,-1.0383293859649123,-0.026740813952174893,10,-473.47819999999905
GM,XLY,Improving,2025-12-05,2025-12-08 13:45:00-05:00,2025-12-08 14:00:00-05:00,75.38,72.78,VAH,80.75,LRC_upper,83.52,2.05,1.61,vwap_reclaim,78.9,0.76,3,2025-12-29 15:45:00-05:00,time,"[('2025-12-12 09:45:00-05:00', 0.5, 80.75, 'tp1'), ('2025-12-29 15:45:00-05:00', 0.5, 82.39, 'time')]",15,2.3505865384615454,0.0810762138498276,251,1533.1731850000012
MMM,XLI,Improving,2025-12-09,2025-12-10 12:30:00-05:00,2025-12-10 12:45:00-05:00,162.83,160.17,swing_low,169.71,swing_high,178.35,2.59,1.03,vwap_reclaim,70.8,0.61,3,2025-12-17 09:30:00-05:00,stop,"[('2025-12-17 09:30:00-05:00', 1.0, 159.93, 'stop')]",5,-1.1508947368420965,-0.0188010808819014,115,-352.05870000000067
MAR,XLY,Improving,2025-12-08,2025-12-10 14:00:00-05:00,2025-12-10 14:15:00-05:00,281.81,277.0,swing_low,302.67,POC,313.26,4.49,1.5,vwap_reclaim,65.2,0.74,2,2025-12-22 12:00:00-05:00,tp2,"[('2025-12-15 09:30:00-05:00', 0.5, 302.67, 'tp1'), ('2025-12-22 12:00:00-05:00', 0.5, 313.26, 'tp2')]",8,5.3763227650727625,0.09176435364252511,66,1706.7674250000002
DD,XLI,Improving,2025-12-11,2025-12-15 14:45:00-05:00,2025-12-15 15:00:00-05:00,120.84,118.03,VAH,131.68,LRC_upper,136.59,3.84,1.03,vwap_reclaim,73.3,0.81,2,2026-01-06 15:45:00-05:00,time,"[('2026-01-06 15:45:00-05:00', 1.0, 128.78, 'time')]",15,2.781206405693947,0.06467386626944718,159,1242.6152099999995
AAPL,XLK,Improving,2025-12-15,2025-12-16 13:30:00-05:00,2025-12-16 13:45:00-05:00,272.69,267.3,VAL,287.84,52w_high,293.91,2.82,1.49,vwap_reclaim,71.1,0.77,2,2025-12-17 15:45:00-05:00,lrc_break,"[('2025-12-17 15:45:00-05:00', 1.0, 271.12, 'lrc_break')]",2,-0.34172634508348754,-0.006754574791888199,70,-128.9333499999995
FLEX,XLK,Improving,2025-12-16,2025-12-19 12:15:00-05:00,2025-12-19 12:30:00-05:00,64.64,62.21,AVWAP,71.08,LRC_upper,73.88,2.59,1.3,vwap_reclaim,55.5,0.05,3,2025-12-30 09:30:00-05:00,stop,"[('2025-12-30 09:30:00-05:00', 1.0, 62.21, 'stop')]",6,-1.0261008230452675,-0.038574025371287124,296,-738.0538
EIX,XLU,Improving,2025-12-23,2025-12-24 12:45:00-05:00,2025-12-24 13:00:00-05:00,57.83,55.73,POC,73.64,52w_high,75.7,7.65,2.55,vwap_reclaim,63.3,0.37,2,2026-01-15 15:45:00-05:00,time,"[('2026-01-15 15:45:00-05:00', 1.0, 60.08, 'time')]",15,1.0433547619047612,0.037887688051184504,332,727.42694
KDP,XLP,Improving,2025-12-26,2025-12-31 12:00:00-05:00,2025-12-31 12:15:00-05:00,27.46,27.04,VAL,29.24,swing_high,33.13,4.24,1.09,vwap_reclaim,65.4,0.23,3,2026-01-05 09:30:00-05:00,stop,"[('2026-01-05 09:30:00-05:00', 1.0, 27.04, 'stop')]",2,-1.0648809523809522,-0.016287327021121692,697,-311.73325000000125
GLW,XLK,Improving,2025-12-30,2025-12-31 14:00:00-05:00,2025-12-31 14:15:00-05:00,88.0,86.12,AVWAP,91.77,swing_high,96.13,2.01,1.91,vwap_reclaim,44.1,0.06,2,2026-01-05 10:00:00-05:00,breakeven,"[('2026-01-05 09:30:00-05:00', 0.5, 91.77, 'tp1'), ('2026-01-05 10:00:00-05:00', 0.5, 88.0, 'breakeven')]",2,0.9553497340425545,0.020409744318181797,217,387.8604199999996
CSCO,XLK,Improving,2025-12-31,2026-01-02 14:15:00-05:00,2026-01-02 14:30:00-05:00,75.48,74.52,AVWAP,78.43,swing_high,81.79,3.07,1.85,vwap_reclaim,72.5,0.68,3,2026-01-05 10:00:00-05:00,stop,"[('2026-01-05 10:00:00-05:00', 1.0, 74.52, 'stop')]",1,-1.0781249999999993,-0.013712241653418228,251,-259.785000000002
HST,XLRE,Improving,2026-01-02,2026-01-05 11:00:00-05:00,2026-01-05 11:15:00-05:00,17.26,16.83,VAL,18.26,LRC_upper,18.74,2.25,1.8,vwap_reclaim,71.2,0.67,3,2026-01-26 15:45:00-05:00,time,"[('2026-01-22 09:30:00-05:00', 0.5, 18.26, 'tp1'), ('2026-01-26 15:45:00-05:00', 0.5, 17.86, 'time')]",15,1.819395348837193,0.04532676709154107,1110,868.3973999999989
HPE,XLK,Improving,2026-01-02,2026-01-05 13:00:00-05:00,2026-01-05 13:15:00-05:00,23.74,23.38,swing_low,24.94,swing_high,25.97,3.33,1.15,vwap_reclaim,49.9,0.06,3,2026-01-07 09:30:00-05:00,stop,"[('2026-01-07 09:30:00-05:00', 1.0, 23.38, 'stop')]",2,-1.0654444444444446,-0.016156697556866027,807,-309.53291999999954
AVGO,XLK,Improving,2025-12-31,2026-01-05 14:45:00-05:00,2026-01-05 15:00:00-05:00,340.5,333.47,AVWAP,360.56,swing_high,403.48,2.85,1.06,vwap_reclaim,47.8,0.0,3,2026-01-08 09:30:00-05:00,stop,"[('2026-01-08 09:30:00-05:00', 1.0, 333.47, 'stop')]",3,-1.047935277382646,-0.021635785609397867,55,-405.1841749999985
KEYS,XLK,Improving,2026-01-06,2026-01-07 13:15:00-05:00,2026-01-07 13:30:00-05:00,212.28,205.22,POC,230.16,LRC_upper,238.58,2.58,2.6,vwap_reclaim,71.0,0.72,2,2026-01-08 12:00:00-05:00,stop,"[('2026-01-08 12:00:00-05:00', 1.0, 205.22, 'stop')]",1,-1.0295679886685554,-0.03424133220275109,91,-661.4562500000002
CPT,XLRE,Improving,2026-01-08,2026-01-09 12:15:00-05:00,2026-01-09 12:30:00-05:00,108.03,105.19,POC,119.44,52w_high,123.41,4.02,1.57,vwap_reclaim,78.1,0.82,3,2026-01-12 13:15:00-05:00,stop,"[('2026-01-12 13:15:00-05:00', 1.0, 105.19, 'stop')]",1,-1.0375387323943661,-0.02727584930112009,177,-521.5499700000007
IT,XLK,Improving,2026-01-08,2026-01-12 11:15:00-05:00,2026-01-12 11:30:00-05:00,245.49,240.95,VAL,256.74,swing_high,265.85,2.46,1.2,vwap_reclaim,52.7,0.18,3,2026-01-13 09:30:00-05:00,stop,"[('2026-01-13 09:30:00-05:00', 1.0, 240.95, 'stop')]",1,-1.0535726872246693,-0.01948437818241077,78,-373.0911600000016
LITE,XLK,Improving,2026-01-08,2026-01-12 11:45:00-05:00,2026-01-12 12:00:00-05:00,333.87,301.81,swing_low,401.6,swing_high,450.37,2.11,1.76,vwap_reclaim,73.0,0.88,2,2026-01-12 15:45:00-05:00,lrc_break,"[('2026-01-12 15:45:00-05:00', 1.0, 339.87, 'lrc_break')]",1,0.17664160948222082,0.01696208104951029,29,164.23077
MKC,XLP,Improving,2026-01-09,2026-01-12 12:30:00-05:00,2026-01-12 12:45:00-05:00,65.91,65.0,VAL,68.83,swing_high,70.29,3.21,1.28,vwap_reclaim,53.0,0.41,2,2026-01-21 13:30:00-05:00,stop,"[('2026-01-21 13:30:00-05:00', 1.0, 65.0, 'stop')]",6,-1.0719285714285718,-0.014799802761341173,137,-133.63733499999955
CTSH,XLK,Improving,2026-01-08,2026-01-12 15:30:00-05:00,2026-01-12 15:45:00-05:00,83.58,82.09,POC,87.78,52w_high,89.93,2.84,1.13,vwap_reclaim,81.3,0.87,3,2026-01-20 09:30:00-05:00,stop,"[('2026-01-20 09:30:00-05:00', 1.0, 82.09, 'stop')]",5,-1.0555939597315438,-0.018818317779372994,222,-349.1693699999988
GLW,XLK,Improving,2026-01-13,2026-01-14 14:15:00-05:00,2026-01-14 14:30:00-05:00,89.16,87.06,POC,94.89,LRC_upper,97.24,2.82,1.02,vwap_reclaim,48.9,0.17,2,2026-01-27 09:30:00-05:00,tp2,"[('2026-01-22 09:30:00-05:00', 0.5, 94.89, 'tp1'), ('2026-01-27 09:30:00-05:00', 0.5, 101.53, 'tp2')]",8,4.264911904761918,0.10045216464782418,214,1916.651410000001
KEYS,XLK,Improving,2026-01-15,2026-01-16 13:15:00-05:00,2026-01-16 13:30:00-05:00,213.95,205.41,POC,232.38,LRC_upper,241.47,2.16,3.19,vwap_reclaim,68.9,0.64,2,2026-02-06 15:45:00-05:00,time,"[('2026-02-04 09:45:00-05:00', 0.5, 232.38, 'tp1'), ('2026-02-06 15:45:00-05:00', 0.5, 230.88, 'time')]",15,2.044169789227169,0.08159481187193274,90,1571.1489000000006
CPT,XLRE,Improving,2026-01-15,2026-01-20 13:00:00-05:00,2026-01-20 13:15:00-05:00,105.65,104.53,VAL,109.4,swing_high,119.44,3.59,1.48,vwap_reclaim,72.4,0.75,3,2026-01-22 15:00:00-05:00,stop,"[('2026-01-22 15:00:00-05:00', 1.0, 104.53, 'stop')]",2,-1.0938303571428567,-0.011595740653099899,182,-222.9663800000008
CIEN,XLK,Improving,2026-01-20,2026-01-21 14:30:00-05:00,2026-01-21 14:45:00-05:00,235.355,226.4,swing_low,261.13,52w_high,275.94,2.88,1.6,vwap_reclaim,75.4,0.71,3,2026-01-22 10:00:00-05:00,stop,"[('2026-01-22 10:00:00-05:00', 1.0, 226.4, 'stop')]",1,-1.025781965382468,-0.03902988039344813,77,-707.3125674999987
FLEX,XLK,Improving,2026-01-21,2026-01-22 12:45:00-05:00,2026-01-22 13:00:00-05:00,64.545,62.78,POC,71.87,LRC_upper,75.69,4.11,1.31,vwap_reclaim,46.2,0.16,2,2026-01-27 09:30:00-05:00,stop,"[('2026-01-27 09:30:00-05:00', 1.0, 62.78, 'stop')]",3,-1.0360694050991501,-0.028331590363312426,298,-544.9414250000002
ARE,XLRE,Improving,2026-01-28,2026-01-29 14:00:00-05:00,2026-01-29 14:15:00-05:00,52.55,51.14,VAL,58.07,swing_high,60.24,3.88,1.42,vwap_reclaim,54.9,0.37,3,2026-02-12 10:30:00-05:00,stop,"[('2026-02-12 10:30:00-05:00', 1.0, 51.14, 'stop')]",10,-1.0367695035460993,-0.02781817316841097,368,-537.9589599999988
FRT,XLRE,Improving,2026-01-29,2026-01-30 12:30:00-05:00,2026-01-30 12:45:00-05:00,98.14,97.13,AVWAP,101.52,swing_high,103.4,3.1,1.92,vwap_reclaim,66.0,0.76,2,2026-02-06 09:30:00-05:00,tp2,"[('2026-02-04 12:45:00-05:00', 0.5, 101.52, 'tp1'), ('2026-02-06 09:30:00-05:00', 0.5, 103.4, 'tp2')]",5,4.177920792079187,0.0429967393519462,197,832.2204300000001
CPT,XLRE,Improving,2026-01-29,2026-01-30 12:30:00-05:00,2026-01-30 12:45:00-05:00,105.9,104.54,VAL,109.4,swing_high,111.75,2.57,1.07,vwap_reclaim,65.1,0.56,3,2026-02-03 09:30:00-05:00,stop,"[('2026-02-03 09:30:00-05:00', 1.0, 104.54, 'stop')]",2,-1.0773676470588236,-0.01383588290840415,182,-266.6700399999999
DTE,XLU,Improving,2026-01-30,2026-02-02 12:00:00-05:00,2026-02-02 12:15:00-05:00,130.2,128.86,AVWAP,135.09,LRC_upper,138.97,3.68,1.43,vwap_reclaim,47.9,0.03,3,2026-02-12 11:00:00-05:00,tp2,"[('2026-02-10 14:00:00-05:00', 0.5, 135.09, 'tp1'), ('2026-02-12 11:00:00-05:00', 0.5, 138.97, 'tp2')]",8,4.997302238806073,0.05143152841781884,145,972.9148550000018
FLEX,XLK,Improving,2026-02-02,2026-02-03 14:00:00-05:00,2026-02-03 14:15:00-05:00,64.75,61.8,swing_low,72.22,52w_high,75.1,2.51,2.25,vwap_reclaim,49.8,0.19,2,2026-02-04 09:30:00-05:00,stop,"[('2026-02-04 09:30:00-05:00', 1.0, 61.8, 'stop')]",1,-1.0214491525423728,-0.04653706563706568,294,-885.9028500000009
ADI,XLK,Improving,2026-02-02,2026-02-04 13:00:00-05:00,2026-02-04 13:15:00-05:00,312.19,304.0,VAH,330.77,LRC_upper,340.82,2.34,2.27,vwap_reclaim,79.2,0.8,3,2026-02-12 09:30:00-05:00,tp2,"[('2026-02-11 09:45:00-05:00', 0.5, 330.77, 'tp1'), ('2026-02-12 09:30:00-05:00', 0.5, 340.82, 'tp2')]",6,2.842613858363858,0.07457320061501006,62,1443.4224649999994
ES,XLU,Improving,2026-02-05,2026-02-09 12:30:00-05:00,2026-02-09 12:45:00-05:00,65.09,63.36,swing_low,69.1,swing_high,71.52,2.34,1.05,vwap_reclaim,57.3,0.63,2,2026-02-13 11:00:00-05:00,tp2,"[('2026-02-12 11:00:00-05:00', 0.5, 69.1, 'tp1'), ('2026-02-13 11:00:00-05:00', 0.5, 71.52, 'tp2')]",4,2.9782080924855374,0.07915655246581643,303,1559.9375049999976
GL,XLF,Improving,2026-02-09,2026-02-10 11:45:00-05:00,2026-02-10 12:00:00-05:00,140.84,138.3,AVWAP,146.65,swing_high,152.08,2.33,1.29,vwap_reclaim,58.3,0.45,2,2026-02-25 09:45:00-05:00,breakeven,"[('2026-02-18 09:30:00-05:00', 0.5, 146.65, 'tp1'), ('2026-02-25 09:45:00-05:00', 0.5, 140.84, 'breakeven')]",10,1.08768011811024,0.01961592942345925,140,386.7790500000002
COO,XLV,Improving,2026-02-11,2026-02-17 13:30:00-05:00,2026-02-17 13:45:00-05:00,82.08,80.95,AVWAP,85.97,LRC_upper,89.83,3.24,5.39,vwap_reclaim,48.8,0.1,2,2026-03-05 09:30:00-05:00,stop,"[('2026-03-05 09:30:00-05:00', 1.0, 80.77, 'stop')]",12,-1.231349557522131,-0.016952058966861628,246,-342.29055000000056
LRCX,XLK,Improving,2026-02-20,2026-02-23 15:30:00-05:00,2026-02-23 15:45:00-05:00,241.79,234.58,POC,271.58,LRC_upper,281.2,4.13,1.02,vwap_reclaim,85.2,0.85,3,2026-02-26 10:00:00-05:00,stop,"[('2026-02-26 10:00:00-05:00', 1.0, 234.58, 'stop')]",3,-1.0330353675450763,-0.030804355018817897,84,-625.6475399999982
MCHP,XLK,Improving,2026-02-23,2026-02-25 13:00:00-05:00,2026-02-25 13:15:00-05:00,75.1,73.07,VAL,80.07,swing_high,84.59,2.45,1.71,vwap_reclaim,71.1,0.76,2,2026-02-26 10:15:00-05:00,stop,"[('2026-02-26 10:15:00-05:00', 1.0, 73.07, 'stop')]",1,-1.0364950738916257,-0.02801711051930761,271,-570.2070350000004
KLAC,XLK,Improving,2026-02-27,2026-03-02 11:30:00-05:00,2026-03-02 11:45:00-05:00,151.46,143.06,swing_low,168.71,52w_high,177.74,2.05,1.28,vwap_reclaim,63.6,0.48,2,2026-03-03 10:15:00-05:00,stop,"[('2026-03-03 10:15:00-05:00', 1.0, 143.06, 'stop')]",1,-1.0175309523809524,-0.056432457414498906,119,-1017.1239400000007
AMAT,XLK,Improving,2026-02-26,2026-03-02 14:00:00-05:00,2026-03-02 14:15:00-05:00,370.32,361.61,VAH,395.04,52w_high,408.28,2.85,1.0,vwap_reclaim,81.4,0.89,3,2026-03-03 09:30:00-05:00,stop,"[('2026-03-03 09:30:00-05:00', 1.0, 350.09, 'stop')]",1,-2.3639730195178035,-0.05560111525167428,54,-1111.871070000001
GRMN,XLY,Improving,2026-03-09,2026-03-10 11:15:00-04:00,2026-03-10 11:30:00-04:00,237.96,231.27,VAL,252.11,swing_high,264.15,2.1,1.37,vwap_reclaim,71.6,0.57,3,2026-03-11 14:00:00-04:00,stop,"[('2026-03-11 14:00:00-04:00', 1.0, 231.27, 'stop')]",1,-1.0350695067264575,-0.029099911749873916,82,-567.8184299999998
HAS,XLY,Improving,2026-03-10,2026-03-11 12:45:00-04:00,2026-03-11 13:00:00-04:00,92.79,91.29,AVWAP,98.58,POC,104.6,3.7,1.6,vwap_reclaim,72.0,0.73,2,2026-03-11 15:45:00-04:00,lrc_break,"[('2026-03-11 15:45:00-04:00', 1.0, 92.82, 'lrc_break')]",1,-0.04187000000000873,-0.0006768509537667107,210,-13.189050000002744
AMAT,XLK,Improving,2026-03-11,2026-03-12 11:30:00-04:00,2026-03-12 11:45:00-04:00,339.3,326.11,AVWAP,374.98,swing_high,395.04,2.67,1.4,vwap_reclaim,73.5,0.69,3,2026-03-26 14:15:00-04:00,breakeven,"[('2026-03-24 11:15:00-04:00', 0.5, 374.98, 'tp1'), ('2026-03-26 14:15:00-04:00', 0.5, 339.3, 'breakeven')]",10,1.3261394996209253,0.05155254936634247,57,979.2003800000002
JBL,XLK,Improving,2026-03-11,2026-03-12 11:30:00-04:00,2026-03-12 11:45:00-04:00,251.75,245.08,swing_low,268.97,swing_high,281.25,2.41,1.99,vwap_reclaim,61.3,0.54,2,2026-03-18 09:30:00-04:00,stop,"[('2026-03-18 09:30:00-04:00', 1.0, 245.08, 'stop')]",4,-1.037243628185907,-0.02748129096325715,77,-532.7179549999989
AIG,XLF,Improving,2026-03-11,2026-03-12 13:30:00-04:00,2026-03-12 13:45:00-04:00,76.33,74.76,swing_low,80.03,swing_high,82.65,2.29,1.62,vwap_reclaim,43.8,0.0,2,2026-03-18 11:00:00-04:00,stop,"[('2026-03-18 11:00:00-04:00', 1.0, 74.76, 'stop')]",4,-1.0481178343949047,-0.02155829948906057,254,-417.9684299999983
COHR,XLK,Improving,2026-03-12,2026-03-13 12:30:00-04:00,2026-03-13 12:45:00-04:00,246.105,224.81,swing_low,292.85,LRC_upper,309.31,2.19,1.58,vwap_reclaim,84.7,0.8,3,2026-03-30 09:45:00-04:00,stop,"[('2026-03-30 09:45:00-04:00', 1.0, 224.81, 'stop')]",11,-1.0110569382484151,-0.08748484386745489,45,-968.8705874999994
FLEX,XLK,Improving,2026-03-17,2026-03-18 10:45:00-04:00,2026-03-18 11:00:00-04:00,64.61,62.45,AVWAP,72.22,52w_high,75.16,3.45,1.16,vwap_reclaim,42.1,0.0,2,2026-03-19 09:30:00-04:00,stop,"[('2026-03-19 09:30:00-04:00', 1.0, 62.04, 'stop')]",1,-1.2191319444444464,-0.04075723572202446,299,-787.364175
CME,XLF,Improving,2026-03-19,2026-03-20 13:00:00-04:00,2026-03-20 13:15:00-04:00,303.99,300.14,VAL,318.35,52w_high,329.22,3.73,1.12,vwap_reclaim,81.2,0.9,3,2026-03-20 15:45:00-04:00,lrc_break,"[('2026-03-20 15:45:00-04:00', 1.0, 304.3, 'lrc_break')]",1,0.0015207792207798027,1.926050199020453e-05,64,0.3747200000001438
MGM,XLY,Improving,2026-04-13,2026-04-14 10:45:00-04:00,2026-04-14 11:00:00-04:00,36.415,35.64,swing_low,39.23,LRC_upper,40.34,3.54,1.47,vwap_reclaim,52.4,0.21,2,2026-04-21 09:30:00-04:00,tp2,"[('2026-04-17 09:30:00-04:00', 0.5, 39.23, 'tp1'), ('2026-04-21 09:30:00-04:00', 0.5, 40.34, 'tp2')]",5,4.299225806451622,0.09149800906219967,523,1742.0289775000006
CB,XLF,Improving,2026-04-13,2026-04-14 14:30:00-04:00,2026-04-14 14:45:00-04:00,324.67,320.74,POC,339.42,LRC_upper,346.64,3.71,1.23,vwap_reclaim,44.7,0.02,2,2026-04-22 09:30:00-04:00,stop,"[('2026-04-22 09:30:00-04:00', 1.0, 319.69, 'stop')]",6,-1.3491552162849896,-0.0163309822281086,58,-307.52644000000106
HAL,XLE,Improving,2026-05-05,2026-05-06 15:30:00-04:00,2026-05-06 15:45:00-04:00,40.02,39.37,VAH,42.95,LRC_upper,44.93,4.59,1.07,vwap_reclaim,73.0,0.73,3,2026-05-07 09:30:00-04:00,stop,"[('2026-05-07 09:30:00-04:00', 1.0, 39.37, 'stop')]",1,-1.0610692307692302,-0.017233758120939673,483,-333.1226850000028
MPC,XLE,Improving,2026-05-06,2026-05-07 11:45:00-04:00,2026-05-07 12:00:00-04:00,236.66,229.42,swing_low,254.1,swing_high,264.74,2.43,1.93,vwap_reclaim,58.4,0.26,3,2026-05-28 15:45:00-04:00,time,"[('2026-05-12 11:45:00-04:00', 0.5, 254.1, 'tp1'), ('2026-05-28 15:45:00-04:00', 0.5, 250.67, 'time')]",15,2.1381874999999964,0.06541231091016646,81,1252.2045349999994
MDLZ,XLP,Improving,2026-05-19,2026-05-20 10:45:00-04:00,2026-05-20 11:00:00-04:00,60.75,59.67,VAL,63.33,LRC_upper,68.76,2.36,1.11,vwap_reclaim,70.5,0.73,3,2026-06-01 10:45:00-04:00,stop,"[('2026-06-01 10:45:00-04:00', 1.0, 59.67, 'stop')]",7,-1.0557500000000002,-0.018768888888888863,323,-368.2878299999995
BIIB,XLV,Improving,2026-05-19,2026-05-20 15:30:00-04:00,2026-05-20 15:45:00-04:00,189.1,184.9,VAL,198.33,swing_high,205.97,2.06,1.1,vwap_reclaim,50.4,0.23,3,2026-06-02 09:30:00-04:00,breakeven,"[('2026-05-27 10:00:00-04:00', 0.5, 198.33, 'tp1'), ('2026-06-02 09:30:00-04:00', 0.5, 189.1, 'breakeven')]",8,1.0532363095238144,0.02339287414066636,103,460.24272000000093
INCY,XLV,Improving,2026-05-20,2026-05-21 12:00:00-04:00,2026-05-21 12:15:00-04:00,96.8175,94.85,POC,102.08,LRC_upper,109.03,2.6,1.26,vwap_reclaim,55.8,0.57,2,2026-06-01 10:15:00-04:00,stop,"[('2026-06-01 10:15:00-04:00', 1.0, 94.85, 'stop')]",6,-1.0487083862770012,-0.02131157848529451,202,-416.79341750000026
FANG,XLE,Improving,2026-05-21,2026-05-22 12:30:00-04:00,2026-05-22 12:45:00-04:00,199.28,192.96,AVWAP,212.17,swing_high,219.08,2.02,1.08,vwap_reclaim,61.0,0.34,3,2026-05-27 09:30:00-04:00,stop,"[('2026-05-27 09:30:00-04:00', 1.0, 190.91, 'stop')]",2,-1.3552365506329136,-0.04298020373344041,98,-839.3793100000005
HAL,XLE,Improving,2026-05-22,2026-05-26 11:00:00-04:00,2026-05-26 11:15:00-04:00,40.99,40.02,VAL,43.2,52w_high,44.28,2.28,1.36,vwap_reclaim,72.7,0.7,3,2026-05-27 09:30:00-04:00,stop,"[('2026-05-27 09:30:00-04:00', 1.0, 40.02, 'stop')]",1,-1.041757731958763,-0.024652476213710632,223,-225.34261499999974
BAC,XLF,Improving,2026-05-26,2026-05-27 10:45:00-04:00,2026-05-27 11:00:00-04:00,51.44,50.65,swing_low,53.9,swing_high,55.41,3.11,3.28,vwap_reclaim,50.5,0.31,2,2026-05-27 11:15:00-04:00,stop,"[('2026-05-27 11:15:00-04:00', 1.0, 50.65, 'stop')]",0,-1.064613924050633,-0.016350019440124403,377,-317.0739649999997
BEN,XLF,Improving,2026-05-26,2026-05-27 11:45:00-04:00,2026-05-27 12:00:00-04:00,31.35,30.62,VAH,34.24,LRC_upper,34.98,3.96,1.01,vwap_reclaim,86.5,0.91,3,2026-05-28 10:15:00-04:00,stop,"[('2026-05-28 10:15:00-04:00', 1.0, 30.62, 'stop')]",1,-1.0424452054794522,-0.024273843700159503,591,-449.7421350000002
BNY,XLF,Improving,2026-05-27,2026-05-28 12:00:00-04:00,2026-05-28 12:15:00-04:00,138.65,135.47,VAH,148.09,LRC_upper,151.81,2.97,1.01,vwap_reclaim,77.5,0.81,3,2026-06-17 15:45:00-04:00,time,"[('2026-06-17 15:45:00-04:00', 1.0, 145.5, 'time')]",15,2.109410377358484,0.04838027407140277,139,932.4015749999992
GOOG,XLC,Improving,2026-05-27,2026-05-28 13:15:00-04:00,2026-05-28 13:30:00-04:00,385.52,376.95,swing_low,403.96,52w_high,434.89,2.16,1.05,vwap_reclaim,75.6,0.86,2,2026-05-29 09:30:00-04:00,stop,"[('2026-05-29 09:30:00-04:00', 1.0, 376.95, 'stop')]",1,-1.0444848308051342,-0.023218600850798906,46,-411.7568099999997
CNC,XLV,Improving,2026-05-28,2026-05-29 10:45:00-04:00,2026-05-29 11:00:00-04:00,58.93,56.75,swing_low,68.55,LRC_upper,70.71,4.41,1.98,vwap_reclaim,84.3,0.9,2,2026-06-16 15:45:00-04:00,lrc_break,"[('2026-06-16 15:45:00-04:00', 1.0, 61.4, 'lrc_break')]",13,1.1054288990825685,0.04089317834719156,328,790.4258799999996
META,XLC,Improving,2026-05-28,2026-05-29 11:15:00-04:00,2026-05-29 11:30:00-04:00,627.41,610.28,VAH,666.36,swing_high,685.83,2.31,1.26,vwap_reclaim,44.2,0.07,3,2026-06-01 10:15:00-04:00,stop,"[('2026-06-01 10:15:00-04:00', 1.0, 610.28, 'stop')]",1,-1.0361263864565091,-0.028289069348591826,13,-230.73498499999997
DVA,XLV,Improving,2026-05-29,2026-06-01 13:00:00-04:00,2026-06-01 13:15:00-04:00,190.525,187.61,VAL,202.42,swing_high,222.25,3.91,1.02,vwap_reclaim,70.8,0.67,3,2026-06-02 15:00:00-04:00,stop,"[('2026-06-02 15:00:00-04:00', 1.0, 187.61, 'stop')]",1,-1.064860205831904,-0.01629217950400206,100,-310.4067499999992
CL,XLP,Improving,2026-05-29,2026-06-01 13:15:00-04:00,2026-06-01 13:30:00-04:00,87.69,86.46,AVWAP,92.14,LRC_upper,94.52,3.62,1.26,vwap_reclaim,50.8,0.65,2,2026-06-03 09:30:00-04:00,stop,"[('2026-06-03 09:30:00-04:00', 1.0, 86.46, 'stop')]",2,-1.070792682926829,-0.015019671570304528,217,-285.80527500000085
KHC,XLP,Improving,2026-05-29,2026-06-01 14:30:00-04:00,2026-06-01 14:45:00-04:00,22.92,22.47,swing_low,23.84,swing_high,26.92,2.04,2.91,vwap_reclaim,51.3,0.57,2,2026-06-02 11:15:00-04:00,stop,"[('2026-06-02 11:15:00-04:00', 1.0, 22.47, 'stop')]",1,-1.050433333333333,-0.020623691099476562,371,-175.36984500000105
BAC,XLF,Improving,2026-05-29,2026-06-03 11:45:00-04:00,2026-06-03 12:00:00-04:00,51.16,50.23,AVWAP,53.87,swing_high,55.41,2.87,1.06,vwap_reclaim,50.6,0.18,2,2026-06-12 09:30:00-04:00,tp2,"[('2026-06-05 09:30:00-04:00', 0.5, 53.94, 'tp1'), ('2026-06-12 09:30:00-04:00', 0.5, 55.41, 'tp2')]",7,3.7226693548387115,0.06767166731821737,370,1280.9705250000002
EBAY,XLY,Improving,2026-06-03,2026-06-04 11:15:00-04:00,2026-06-04 11:30:00-04:00,109.27,104.72,VAL,118.62,swing_high,123.12,2.05,1.21,vwap_reclaim,79.9,0.83,3,2026-06-04 15:45:00-04:00,lrc_break,"[('2026-06-04 15:45:00-04:00', 1.0, 108.83, 'lrc_break')]",1,-0.12067032967032924,-0.005024709435343624,173,-94.9856499999996
MAS,XLI,Improving,2026-06-04,2026-06-05 12:45:00-04:00,2026-06-05 13:00:00-04:00,69.05,67.59,AVWAP,73.67,swing_high,78.13,3.16,1.48,vwap_reclaim,52.8,0.39,2,2026-06-25 09:30:00-04:00,tp2,"[('2026-06-11 15:30:00-04:00', 0.5, 73.67, 'tp1'), ('2026-06-25 09:30:00-04:00', 0.5, 78.16, 'tp2')]",13,4.652409246575364,0.09837099927588708,280,1901.9049000000005
GL,XLF,Improving,2026-06-05,2026-06-08 11:45:00-04:00,2026-06-08 12:00:00-04:00,157.5,155.26,VAH,164.29,LRC_upper,167.92,2.98,1.56,vwap_reclaim,60.4,0.64,2,2026-06-12 09:30:00-04:00,tp2,"[('2026-06-11 10:15:00-04:00', 0.5, 164.29, 'tp1'), ('2026-06-12 09:30:00-04:00', 0.5, 167.92, 'tp2')]",4,3.7692845982142655,0.053607603174603106,122,1030.0700949999987
EXR,XLRE,Improving,2026-06-05,2026-06-08 14:15:00-04:00,2026-06-08 14:30:00-04:00,141.58,137.86,VAL,148.97,LRC_upper,153.19,2.0,1.05,vwap_reclaim,59.0,0.49,3,2026-06-29 15:45:00-04:00,time,"[('2026-06-29 15:45:00-04:00', 1.0, 146.51, 'time')]",15,1.2865470430107473,0.03380389179262592,55,263.2275249999989
AMT,XLRE,Improving,2026-06-09,2026-06-11 13:45:00-04:00,2026-06-11 14:00:00-04:00,187.62,183.61,POC,225.56,52w_high,230.98,9.7,3.54,vwap_reclaim,72.0,0.58,3,2026-06-16 15:00:00-04:00,stop,"[('2026-06-16 15:00:00-04:00', 1.0, 183.61, 'stop')]",3,-1.0462880299251873,-0.02236230146039863,53,-222.36759499999954
CCI,XLRE,Improving,2026-06-10,2026-06-11 13:45:00-04:00,2026-06-11 14:00:00-04:00,89.76,87.83,POC,93.93,LRC_upper,108.87,2.16,1.2,vwap_reclaim,66.8,0.72,3,2026-06-15 10:45:00-04:00,stop,"[('2026-06-15 10:45:00-04:00', 1.0, 87.83, 'stop')]",2,-1.0460077720207253,-0.022491031639928775,1,-2.0187950000000066
BEN,XLF,Improving,2026-06-11,2026-06-12 10:00:00-04:00,2026-06-12 10:15:00-04:00,31.81,30.71,POC,35.44,LRC_upper,36.22,3.22,1.51,vwap_reclaim,81.0,0.79,2,2026-07-06 15:45:00-04:00,time,"[('2026-07-06 15:45:00-04:00', 1.0, 34.45, 'time')]",15,2.3698818181818266,0.0819512731845333,627,1634.5074900000025
FOXA,XLC,Improving,2026-06-11,2026-06-12 13:00:00-04:00,2026-06-12 13:15:00-04:00,67.27,65.8,VAH,72.5,swing_high,75.68,3.62,6.45,vwap_reclaim,69.3,0.59,3,2026-06-12 15:30:00-04:00,stop,"[('2026-06-12 15:30:00-04:00', 1.0, 65.8, 'stop')]",0,-1.0452619047619047,-0.022841311134235157,161,-247.3821349999998
CSX,XLI,Improving,2026-06-12,2026-06-15 11:45:00-04:00,2026-06-15 12:00:00-04:00,47.05,46.47,VAH,48.79,LRC_upper,49.76,3.0,1.13,vwap_reclaim,68.0,0.83,2,2026-06-17 09:30:00-04:00,stop,"[('2026-06-17 09:30:00-04:00', 1.0, 46.47, 'stop')]",2,-1.0806206896551727,-0.013321147715196564,227,-142.27451999999963
ADP,XLI,Improving,2026-06-16,2026-06-17 11:00:00-04:00,2026-06-17 11:15:00-04:00,220.11,214.98,POC,233.83,swing_high,255.03,2.64,1.08,vwap_reclaim,67.3,0.85,2,2026-06-17 15:45:00-04:00,lrc_break,"[('2026-06-17 15:45:00-04:00', 1.0, 217.4, 'lrc_break')]",1,-0.5709074074074063,-0.013305869792376574,90,-263.5879500000007
DLTR,XLP,Improving,2026-06-16,2026-06-17 11:45:00-04:00,2026-06-17 12:00:00-04:00,109.13,106.33,swing_low,116.97,swing_high,135.18,2.77,1.09,vwap_reclaim,39.3,0.12,2,2026-06-17 14:45:00-04:00,stop,"[('2026-06-17 14:45:00-04:00', 1.0, 106.33, 'stop')]",0,-1.038475,-0.026644644002565724,182,-529.2068599999994
AXON,XLI,Improving,2026-06-16,2026-06-17 12:45:00-04:00,2026-06-17 13:00:00-04:00,437.581,405.28,AVWAP,506.65,LRC_upper,588.38,2.11,1.1,vwap_reclaim,51.5,0.51,2,2026-06-18 09:45:00-04:00,stop,"[('2026-06-18 09:45:00-04:00', 1.0, 405.28, 'stop')]",1,-1.0130469799696604,-0.07478028182210847,1,-32.722430500000044
CPAY,XLF,Improving,2026-06-15,2026-06-18 14:00:00-04:00,2026-06-18 14:15:00-04:00,349.12,341.78,VAL,367.43,swing_high,383.35,2.49,2.03,vwap_reclaim,66.3,0.67,3,2026-06-23 09:45:00-04:00,stop,"[('2026-06-23 09:45:00-04:00', 1.0, 341.78, 'stop')]",2,-1.0470640326975473,-0.022013777497708616,56,-430.38520000000176
FRT,XLRE,Improving,2026-06-18,2026-06-22 10:00:00-04:00,2026-06-22 10:15:00-04:00,119.85,117.25,VAL,125.25,swing_high,127.29,2.14,1.07,vwap_reclaim,72.7,0.89,2,2026-07-01 15:45:00-04:00,lrc_break,"[('2026-07-01 15:45:00-04:00', 1.0, 120.48, 'lrc_break')]",8,0.19609038461538877,0.004253942428035125,164,83.61294000000157
ILMN,XLV,Improving,2026-06-18,2026-06-22 12:45:00-04:00,2026-06-22 13:00:00-04:00,161.725,156.41,VAL,177.22,52w_high,182.74,2.91,1.39,vwap_reclaim,82.0,0.85,3,2026-06-25 09:30:00-04:00,tp2,"[('2026-06-24 10:30:00-04:00', 0.5, 177.22, 'tp1'), ('2026-06-25 09:30:00-04:00', 0.5, 182.74, 'tp2')]",3,3.402473659454378,0.11182035863348283,121,2190.940467500001
LYV,XLC,Improving,2026-06-17,2026-06-23 11:30:00-04:00,2026-06-23 11:45:00-04:00,170.51,167.11,POC,178.7,LRC_upper,183.11,2.41,1.01,vwap_reclaim,59.0,0.41,3,2026-06-24 09:30:00-04:00,stop,"[('2026-06-24 09:30:00-04:00', 1.0, 167.11, 'stop')]",1,-1.0496500000000004,-0.020930209371884216,115,-410.4131499999974
D,XLU,Improving,2026-06-25,2026-06-29 15:15:00-04:00,2026-06-29 15:30:00-04:00,68.46,67.31,VAH,70.92,LRC_upper,72.43,2.14,1.03,vwap_reclaim,64.7,0.78,2,2026-07-01 09:45:00-04:00,stop,"[('2026-07-01 09:45:00-04:00', 1.0, 67.31, 'stop')]",2,-1.0590304347826092,-0.017789731229915156,296,-360.49395999999746
MO,XLP,Improving,2026-06-25,2026-06-30 10:45:00-04:00,2026-06-30 11:00:00-04:00,72.08,70.57,VAH,75.66,LRC_upper,77.15,2.37,2.46,vwap_reclaim,62.8,0.36,3,2026-07-01 09:30:00-04:00,stop,"[('2026-07-01 09:30:00-04:00', 1.0, 70.57, 'stop')]",1,-1.0472350993377482,-0.021938471143174324,282,-445.9336500000014
BBY,XLY,Improving,2026-06-29,2026-06-30 15:00:00-04:00,2026-06-30 15:15:00-04:00,74.86,73.57,POC,80.69,52w_high,85.76,4.52,1.23,vwap_reclaim,61.2,0.65,2,2026-07-16 10:00:00-04:00,tp2,"[('2026-07-10 09:45:00-04:00', 0.5, 80.69, 'tp1'), ('2026-07-16 10:00:00-04:00', 0.5, 85.76, 'tp2')]",11,6.4232228682170245,0.11068604728827147,265,2198.3124700000003
BXP,XLRE,Improving,2026-07-07,2026-07-08 13:30:00-04:00,2026-07-08 13:45:00-04:00,67.0903,66.09,VAH,75.95,52w_high,78.45,8.76,2.17,vwap_reclaim,84.5,0.85,3,2026-07-28 15:45:00-04:00,time,"[('2026-07-28 15:45:00-04:00', 1.0, 70.09, 'time')]",15,2.930230780765787,0.043689025835329465,303,888.1262845500013
DOC,XLRE,Improving,2026-07-07,2026-07-08 14:00:00-04:00,2026-07-08 14:15:00-04:00,21.4,20.94,VAH,23.24,LRC_upper,23.92,4.0,1.06,vwap_reclaim,79.2,0.74,3,2026-07-28 15:45:00-04:00,time,"[('2026-07-28 15:45:00-04:00', 1.0, 22.6, 'time')]",15,2.5608695652174123,0.05504672897196275,951,1120.2780000000027
INVH,XLRE,Improving,2026-07-08,2026-07-10 11:15:00-04:00,2026-07-10 11:30:00-04:00,29.15,28.62,VAL,30.63,LRC_upper,31.31,2.79,1.45,vwap_reclaim,61.0,0.59,2,2026-07-30 15:45:00-04:00,time,"[('2026-07-30 15:45:00-04:00', 1.0, 29.34, 'time')]",15,0.3033113207547208,0.005514751286449444,700,112.5285000000009
MO,XLP,Improving,2026-07-08,2026-07-10 13:00:00-04:00,2026-07-10 13:15:00-04:00,70.39,69.57,swing_low,74.67,LRC_upper,76.77,5.14,1.18,vwap_reclaim,51.7,0.18,3,2026-07-14 11:15:00-04:00,stop,"[('2026-07-14 11:15:00-04:00', 1.0, 69.57, 'stop')]",2,-1.0853414634146332,-0.012643557323483554,290,-258.09420000000216
KHC,XLP,Improving,2026-07-08,2026-07-13 11:45:00-04:00,2026-07-13 12:00:00-04:00,24.81,23.81,VAH,26.92,52w_high,27.64,2.14,1.24,vwap_reclaim,60.3,0.48,2,2026-07-29 12:00:00-04:00,tp2,"[('2026-07-28 09:45:00-04:00', 0.5, 26.92, 'tp1'), ('2026-07-29 12:00:00-04:00', 0.5, 27.64, 'tp2')]",12,2.4439550000000025,0.098506852075776,414,1011.797370000001
BKNG,XLY,Improving,2026-07-17,2026-07-20 12:00:00-04:00,2026-07-20 12:15:00-04:00,179.56,173.95,VAL,192.17,LRC_upper,229.3,2.25,1.01,vwap_reclaim,58.2,0.68,2,2026-07-23 09:30:00-04:00,stop,"[('2026-07-23 09:30:00-04:00', 1.0, 173.55, 'stop')]",3,-1.102772727272723,-0.03445397081755397,117,-723.826934999999
KVUE,XLP,Improving,2026-07-16,2026-07-21 12:15:00-04:00,2026-07-21 12:30:00-04:00,18.53,18.16,VAL,19.54,swing_high,21.36,2.73,1.27,vwap_reclaim,67.9,0.78,2,2026-07-31 09:30:00-04:00,breakeven,"[('2026-07-28 09:30:00-04:00', 0.5, 19.54, 'tp1'), ('2026-07-31 09:30:00-04:00', 0.5, 18.53, 'breakeven')]",8,1.314101351351345,0.02623947652455472,569,276.1530099999994
CTVA,XLB,Improving,2026-07-24,2026-07-27 14:15:00-04:00,2026-07-27 14:30:00-04:00,87.76,86.64,VAH,92.17,LRC_upper,94.59,3.89,1.66,vwap_reclaim,64.1,0.5,3,2026-07-31 09:30:00-04:00,stop,"[('2026-07-31 09:30:00-04:00', 1.0, 83.81, 'stop')]",4,-3.6033794642857018,-0.04598661121239747,231,-932.2663350000007
LYV,XLC,Improving,2026-07-29,2026-07-30 13:45:00-04:00,2026-07-30 14:00:00-04:00,182.555,177.63,VAL,193.18,LRC_upper,199.98,2.15,3.1,vwap_reclaim,65.5,0.66,2,2026-07-31 09:30:00-04:00,stop,"[('2026-07-31 09:30:00-04:00', 1.0, 177.63, 'stop')]",1,-1.036567005076142,-0.027964681876694753,116,-592.1907300000014
BALL,XLB,Improving,2026-08-06,2026-08-10 12:00:00-04:00,2026-08-10 12:15:00-04:00,62.24,60.96,swing_low,64.91,swing_high,67.19,2.02,1.44,vwap_reclaim,63.8,0.81,2,2026-08-10 15:45:00-04:00,lrc_break,"[('2026-08-10 15:45:00-04:00', 1.0, 62.39, 'lrc_break')]",1,0.06850390624999882,0.0014088206940873805,334,29.28678999999952
CDW,XLK,Improving,2026-08-13,2026-08-14 14:30:00-04:00,2026-08-14 14:45:00-04:00,139.22,134.28,POC,151.94,LRC_upper,168.13,2.58,3.73,vwap_reclaim,62.1,0.25,3,2026-08-17 11:15:00-04:00,stop,"[('2026-08-17 11:15:00-04:00', 1.0, 134.28, 'stop')]",1,-1.0276821862348178,-0.03646566585260737,149,-756.4357499999998
GEN,XLK,Improving,2026-08-14,2026-08-18 11:00:00-04:00,2026-08-18 11:15:00-04:00,27.765,26.9,VAL,29.73,swing_high,31.34,2.27,1.19,vwap_reclaim,72.2,0.67,3,2026-09-03 09:30:00-04:00,tp2,"[('2026-08-26 15:15:00-04:00', 0.5, 29.73, 'tp1'), ('2026-09-03 09:30:00-04:00', 0.5, 31.34, 'tp2')]",12,3.168612716762998,0.09871600936430756,744,2039.1923999999995
FTNT,XLK,Improving,2026-08-14,2026-08-18 12:00:00-04:00,2026-08-18 12:15:00-04:00,157.49,152.39,AVWAP,170.57,swing_high,178.19,2.6,1.05,vwap_reclaim,64.6,0.57,2,2026-08-19 10:00:00-04:00,stop,"[('2026-08-19 10:00:00-04:00', 1.0, 152.39, 'stop')]",1,-1.0303803921568626,-0.033366816940758284,131,-688.397140000003
GM,XLY,Improving,2026-08-14,2026-08-18 12:45:00-04:00,2026-08-18 13:00:00-04:00,83.8,81.87,AVWAP,89.55,swing_high,93.74,2.98,1.02,vwap_reclaim,49.0,0.3,2,2026-09-08 15:45:00-04:00,time,"[('2026-09-08 15:45:00-04:00', 1.0, 85.81, 'time')]",15,0.9975103626943069,0.022973687350835385,246,473.59797000000134
DPZ,XLY,Improving,2026-08-14,2026-08-19 10:45:00-04:00,2026-08-19 11:00:00-04:00,341.69,329.34,VAL,371.06,swing_high,409.42,2.43,1.2,vwap_reclaim,63.8,0.61,2,2026-08-20 09:30:00-04:00,stop,"[('2026-08-20 09:30:00-04:00', 1.0, 329.34, 'stop')]",1,-1.0271672064777329,-0.03712580116479857,60,-761.1309000000014
HAS,XLY,Improving,2026-08-14,2026-08-19 10:45:00-04:00,2026-08-19 11:00:00-04:00,94.48,92.8,POC,100.92,LRC_upper,104.6,3.81,1.12,vwap_reclaim,60.4,0.46,3,2026-08-20 09:30:00-04:00,stop,"[('2026-08-20 09:30:00-04:00', 1.0, 92.31, 'stop')]",1,-1.3472589285714243,-0.023956339966130415,217,-491.15671500000036
AAPL,XLK,Improving,2026-08-20,2026-08-21 15:15:00-04:00,2026-08-21 15:30:00-04:00,309.75,303.58,POC,334.7,swing_high,344.27,4.05,1.01,vwap_reclaim,53.1,0.23,2,2026-09-11 15:45:00-04:00,time,"[('2026-09-11 10:30:00-04:00', 0.5, 334.7, 'tp1'), ('2026-09-11 15:45:00-04:00', 0.5, 332.23, 'time')]",15,3.791473662884918,0.07552346246973367,66,1543.963905
ECL,XLB,Improving,2026-08-20,2026-08-21 15:30:00-04:00,2026-08-21 15:45:00-04:00,280.02,275.37,VAL,293.21,LRC_upper,306.79,2.84,1.3,vwap_reclaim,61.8,0.26,3,2026-09-01 09:30:00-04:00,breakeven,"[('2026-08-26 09:30:00-04:00', 0.5, 293.21, 'tp1'), ('2026-09-01 09:30:00-04:00', 0.5, 280.02, 'breakeven')]",7,1.3573510752688236,0.022540113206199554,73,454.1611199999999
GIS,XLP,Improving,2026-08-21,2026-08-24 11:15:00-04:00,2026-08-24 11:30:00-04:00,40.795,38.08,VAH,48.3,52w_high,50.19,2.76,1.05,vwap_reclaim,83.8,0.69,3,2026-09-08 09:30:00-04:00,stop,"[('2026-09-08 09:30:00-04:00', 1.0, 38.08, 'stop')]",10,-1.0145257826887661,-0.06751899742615525,380,-1046.6862500000013
HPE,XLK,Improving,2026-08-21,2026-08-24 14:15:00-04:00,2026-08-24 14:30:00-04:00,52.39,48.94,AVWAP,60.29,LRC_upper,63.59,2.29,1.31,vwap_reclaim,68.8,0.46,3,2026-09-03 09:30:00-04:00,stop,"[('2026-09-03 09:30:00-04:00', 1.0, 47.48, 'stop')]",8,-1.4376623188405795,-0.09467331551822873,71,-352.15538500000025
KVUE,XLP,Improving,2026-08-24,2026-08-25 13:15:00-04:00,2026-08-25 13:30:00-04:00,19.05,18.84,VAH,19.82,LRC_upper,20.54,3.67,1.28,vwap_reclaim,60.1,0.29,3,2026-08-27 09:30:00-04:00,stop,"[('2026-08-27 09:30:00-04:00', 1.0, 18.82, 'stop')]",2,-1.1854047619047592,-0.013067454068241491,1,-0.24893500000000043
CL,XLP,Improving,2026-08-24,2026-08-26 12:00:00-04:00,2026-08-26 12:15:00-04:00,92.01,90.93,AVWAP,94.87,swing_high,98.15,2.67,2.03,vwap_reclaim,42.9,0.09,2,2026-08-27 09:30:00-04:00,stop,"[('2026-08-27 09:30:00-04:00', 1.0, 90.74, 'stop')]",1,-1.260532407407419,-0.014795946092816108,114,-155.19675000000117
ABNB,XLY,Improving,2026-08-26,2026-08-27 11:45:00-04:00,2026-08-27 12:00:00-04:00,187.1107,183.58,POC,201.66,LRC_upper,206.15,4.11,1.21,vwap_reclaim,81.6,0.71,3,2026-08-31 12:45:00-04:00,stop,"[('2026-08-31 12:45:00-04:00', 1.0, 183.58, 'stop')]",2,-1.052495355028748,-0.019860143487251108,111,-412.4810338499995
AES,XLU,Improving,2026-08-26,2026-08-27 12:15:00-04:00,2026-08-27 12:30:00-04:00,14.725,14.68,VAL,14.87,LRC_upper,17.23,3.22,1.17,vwap_reclaim,77.1,0.86,3,2026-09-17 15:45:00-04:00,time,"[('2026-09-17 11:00:00-04:00', 0.5, 14.87, 'tp1'), ('2026-09-17 15:45:00-04:00', 0.5, 14.87, 'time')]",15,2.893388888888884,0.008842275042444794,47,6.119517499999979
KMB,XLP,Improving,2026-08-28,2026-08-31 13:30:00-04:00,2026-08-31 13:45:00-04:00,107.12,104.55,swing_low,114.17,LRC_upper,125.12,2.73,1.32,vwap_reclaim,46.7,0.05,2,2026-09-08 09:30:00-04:00,stop,"[('2026-09-08 09:30:00-04:00', 1.0, 104.39, 'stop')]",5,-1.1034066147859904,-0.026472694174757314,190,-538.7934500000008
AMT,XLRE,Improving,2026-09-01,2026-09-02 14:30:00-04:00,2026-09-02 14:45:00-04:00,173.425,171.21,swing_low,181.35,swing_high,185.5,3.61,2.52,vwap_reclaim,46.5,0.31,2,2026-09-23 15:00:00-04:00,stop,"[('2026-09-23 15:00:00-04:00', 1.0, 171.21, 'stop')]",14,-1.077795711060948,-0.013765705636442286,59,-140.8517325000002
MKC,XLP,Improving,2026-09-02,2026-09-03 12:45:00-04:00,2026-09-03 13:00:00-04:00,52.54,51.6,AVWAP,56.87,swing_high,71.11,4.58,1.01,vwap_reclaim,69.6,0.57,3,2026-09-04 09:30:00-04:00,stop,"[('2026-09-04 09:30:00-04:00', 1.0, 51.6, 'stop')]",1,-1.0553936170212768,-0.01888218500190327,288,-285.7161599999994
IT,XLK,Improving,2026-09-03,2026-09-04 15:30:00-04:00,2026-09-04 15:45:00-04:00,187.19,181.78,VAL,223.82,LRC_upper,265.85,6.62,1.07,vwap_reclaim,81.0,0.86,3,2026-09-08 09:30:00-04:00,stop,"[('2026-09-08 09:30:00-04:00', 1.0, 181.78, 'stop')]",1,-1.0341007393715342,-0.02988666595437789,79,-441.9643149999998
CTSH,XLK,Improving,2026-09-04,2026-09-08 15:30:00-04:00,2026-09-08 15:45:00-04:00,59.99,57.85,POC,65.38,swing_high,71.05,2.53,1.2,vwap_reclaim,77.0,0.94,3,2026-09-08 15:45:00-04:00,lrc_break,"[('2026-09-08 15:45:00-04:00', 1.0, 59.93, 'lrc_break')]",1,-0.056056074766356184,-0.001999666611101888,340,-40.786400000000775
GEN,XLK,Improving,2026-09-04,2026-09-10 10:15:00-04:00,2026-09-10 10:30:00-04:00,29.85,28.96,POC,31.65,52w_high,33.34,2.06,1.34,vwap_reclaim,73.1,0.83,3,2026-09-18 10:00:00-04:00,stop,"[('2026-09-18 10:00:00-04:00', 1.0, 28.96, 'stop')]",6,-1.0330393258426966,-0.03080083752093804,680,-625.1954000000004
