symbol,sector_etf,quadrant,setup_date,trigger_time,entry_time,entry,stop,stop_src,tp1,tp1_src,tp2,rr_at_trigger,rvol,entry_type,score,lrc_r2,flow_n,exit_time,exit_reason,fills,sessions_held,r_multiple,pct_return
A,XLV,Improving,2023-12-11,2023-12-12 10:45:00-05:00,2023-12-12 11:00:00-05:00,125.66,124.13,POC,133.9,LRC_upper,155.86,5.47,1.11,level_bounce,74.0,0.52,3,2024-01-03 15:45:00-05:00,lrc_break,"[('2023-12-14 09:30:00-05:00', 0.5, 133.9, 'tp1'), ('2024-01-03 15:45:00-05:00', 0.5, 128.67, 'lrc_break')]",15,3.5925016339869256,0.04374126611491326
A,XLV,Improving,2024-02-09,2024-02-12 11:15:00-05:00,2024-02-12 11:30:00-05:00,129.31,127.26,POC,138.13,swing_high,152.25,4.52,2.18,level_bounce,51.8,0.01,3,2024-02-13 09:30:00-05:00,stop,"[('2024-02-13 09:30:00-05:00', 1.0, 127.26, 'stop')]",1,-1.062578048780488,-0.0168454489211971
A,XLV,Improving,2024-04-29,2024-05-02 14:00:00-04:00,2024-05-02 14:15:00-04:00,135.65,132.42,AVWAP,144.87,swing_high,148.71,2.9,1.23,vwap_reclaim,41.3,0.0,2,2024-05-10 09:45:00-04:00,tp2,"[('2024-05-10 09:30:00-04:00', 0.5, 144.87, 'tp1'), ('2024-05-10 09:45:00-04:00', 0.5, 148.71, 'tp2')]",6,3.4051950464396095,0.08108204939181718
A,XLV,Improving,2025-07-29,2025-07-31 09:45:00-04:00,2025-07-31 10:00:00-04:00,117.14,115.25,swing_low,122.12,swing_high,125.43,2.65,1.16,level_bounce,48.8,0.39,2,2025-07-31 14:00:00-04:00,stop,"[('2025-07-31 14:00:00-04:00', 1.0, 115.25, 'stop')]",0,-1.0614788359788359,-0.017126472596892612
AAPL,XLK,Improving,2024-08-16,2024-08-19 14:15:00-04:00,2024-08-19 14:30:00-04:00,222.78,218.75,swing_low,234.99,52w_high,240.41,3.03,1.47,vwap_reclaim,59.7,0.19,3,2024-09-04 09:30:00-04:00,stop,"[('2024-09-04 09:30:00-04:00', 1.0, 218.75, 'stop')]",11,-1.0547803970223326,-0.019080550318700068
AAPL,XLK,Improving,2025-12-15,2025-12-16 13:30:00-05:00,2025-12-16 13:45:00-05:00,272.69,267.3,VAL,287.84,swing_high,293.91,2.82,1.49,vwap_reclaim,71.1,0.77,2,2025-12-17 15:45:00-05:00,lrc_break,"[('2025-12-17 15:45:00-05:00', 1.0, 271.12, 'lrc_break')]",2,-0.34172634508348754,-0.006754574791888199
AAPL,XLK,Improving,2026-08-20,2026-08-21 11:30:00-04:00,2026-08-21 11:45:00-04:00,311.31,303.58,POC,334.7,swing_high,344.27,3.03,2.6,level_bounce,53.1,0.23,2,2026-09-11 15:45:00-04:00,time,"[('2026-09-11 10:30:00-04:00', 0.5, 334.7, 'tp1'), ('2026-09-11 15:45:00-04:00', 0.5, 332.23, 'time')]",15,2.8244000646830463,0.07013142044907006
ABBV,XLV,Improving,2023-12-28,2023-12-29 11:30:00-05:00,2023-12-29 11:45:00-05:00,141.08,139.34,POC,146.35,LRC_upper,147.93,3.03,1.01,vwap_reclaim,62.4,0.37,3,2024-01-05 09:45:00-05:00,tp2,"[('2024-01-03 09:30:00-05:00', 0.5, 146.35, 'tp1'), ('2024-01-05 09:45:00-05:00', 0.5, 147.93, 'tp2')]",4,3.3999367816091706,0.041932874964559025
ABBV,XLV,Improving,2025-06-17,2025-06-18 10:15:00-04:00,2025-06-18 10:30:00-04:00,178.64,175.2,AVWAP,185.59,swing_high,191.34,2.02,1.03,level_bounce,51.7,0.28,3,2025-06-27 15:45:00-04:00,stop,"[('2025-06-27 15:45:00-04:00', 1.0, 175.2, 'stop')]",6,-1.0514302325581395,-0.020246977160770254
ABBV,XLV,Improving,2025-09-05,2025-09-08 15:15:00-04:00,2025-09-08 15:30:00-04:00,202.72,199.79,POC,211.68,LRC_upper,218.05,3.04,1.42,vwap_reclaim,73.2,0.89,3,2025-09-22 11:30:00-04:00,tp2,"[('2025-09-11 09:30:00-04:00', 0.5, 213.72, 'tp1'), ('2025-09-22 11:30:00-04:00', 0.5, 218.05, 'tp2')]",10,4.421739761092142,0.06390932073796372
ABNB,XLY,Improving,2024-02-20,2024-02-21 14:00:00-05:00,2024-02-21 14:15:00-05:00,148.42,143.88,AVWAP,157.96,LRC_upper,162.23,2.07,1.16,level_bounce,54.4,0.29,2,2024-03-04 09:30:00-05:00,tp2,"[('2024-02-29 09:30:00-05:00', 0.5, 157.96, 'tp1'), ('2024-03-04 09:30:00-05:00', 0.5, 162.23, 'tp2')]",8,2.5376084801762184,0.07762257445088272
ABNB,XLY,Improving,2024-03-26,2024-03-27 11:30:00-04:00,2024-03-27 11:45:00-04:00,166.99,163.37,POC,174.68,LRC_upper,178.7,2.12,2.06,vwap_reclaim,78.1,0.89,3,2024-04-01 10:30:00-04:00,stop,"[('2024-04-01 10:30:00-04:00', 1.0, 163.37, 'stop')]",2,-1.0456298342541435,-0.02266710581471947
ABNB,XLY,Improving,2026-06-01,2026-06-03 13:00:00-04:00,2026-06-03 13:15:00-04:00,134.52,131.74,POC,147.11,swing_high,153.24,4.43,1.07,level_bounce,43.1,0.17,2,2026-06-09 12:15:00-04:00,stop,"[('2026-06-09 12:15:00-04:00', 1.0, 131.74, 'stop')]",4,-1.047888489208633,-0.021655738923580144
ABNB,XLY,Improving,2026-07-17,2026-07-20 15:30:00-04:00,2026-07-20 15:45:00-04:00,145.2,142.45,AVWAP,150.88,52w_high,154.41,2.09,1.08,level_bounce,56.4,0.55,2,2026-07-22 09:30:00-04:00,stop,"[('2026-07-22 09:30:00-04:00', 1.0, 142.45, 'stop')]",2,-1.0523,-0.019929924242424246
ABNB,XLY,Improving,2026-08-26,2026-08-27 11:45:00-04:00,2026-08-27 12:00:00-04:00,187.1107,183.58,POC,201.66,LRC_upper,206.15,4.11,1.21,vwap_reclaim,81.6,0.71,3,2026-08-31 12:45:00-04:00,stop,"[('2026-08-31 12:45:00-04:00', 1.0, 183.58, 'stop')]",2,-1.052495355028748,-0.019860143487251108
ABT,XLV,Improving,2024-12-02,2024-12-04 13:45:00-05:00,2024-12-04 14:00:00-05:00,111.85,110.03,swing_low,116.03,swing_high,118.55,2.28,1.18,level_bounce,51.9,0.48,2,2024-12-09 09:45:00-05:00,stop,"[('2024-12-09 09:45:00-05:00', 1.0, 110.03, 'stop')]",3,-1.0609560439560441,-0.017263656683057606
ABT,XLV,Improving,2025-06-02,2025-06-03 11:30:00-04:00,2025-06-03 11:45:00-04:00,129.12,127.31,VAL,134.86,LRC_upper,137.52,3.17,1.53,vwap_reclaim,53.6,0.47,2,2025-06-09 10:00:00-04:00,stop,"[('2025-06-09 10:00:00-04:00', 1.0, 127.31, 'stop')]",4,-1.0708370165745855,-0.015010958798017365
ABT,XLV,Improving,2025-06-16,2025-06-17 11:15:00-04:00,2025-06-17 11:30:00-04:00,129.72,128.07,VAL,135.78,swing_high,138.11,3.67,1.16,level_bounce,70.2,0.68,3,2025-06-18 09:45:00-04:00,stop,"[('2025-06-18 09:45:00-04:00', 1.0, 128.07, 'stop')]",1,-1.0781181818181815,-0.01371334412580948
ABT,XLV,Improving,2025-06-20,2025-06-23 13:15:00-04:00,2025-06-23 13:30:00-04:00,129.27,127.71,VAL,132.63,swing_high,135.11,2.19,2.22,level_bounce,65.3,0.56,3,2025-06-24 14:45:00-04:00,tp2,"[('2025-06-24 12:00:00-04:00', 0.5, 132.63, 'tp1'), ('2025-06-24 14:45:00-04:00', 0.5, 135.11, 'tp2')]",1,2.864378205128171,0.034566643459425964
ABT,XLV,Improving,2025-06-26,2025-06-27 09:45:00-04:00,2025-06-27 10:00:00-04:00,130.2,128.01,VAL,134.92,LRC_upper,136.98,2.18,1.42,level_bounce,64.4,0.49,3,2025-07-09 10:00:00-04:00,stop,"[('2025-07-09 10:00:00-04:00', 1.0, 128.01, 'stop')]",7,-1.0589520547945206,-0.01781186635944699
ABT,XLV,Improving,2025-09-05,2025-09-08 12:45:00-04:00,2025-09-08 13:00:00-04:00,129.46,127.96,POC,132.99,swing_high,135.31,2.29,1.07,vwap_reclaim,37.3,0.0,2,2025-09-10 09:30:00-04:00,stop,"[('2025-09-10 09:30:00-04:00', 1.0, 127.96, 'stop')]",2,-1.085806666666666,-0.012580797157423253
ACGL,XLF,Improving,2024-07-01,2024-07-02 12:15:00-04:00,2024-07-02 12:30:00-04:00,94.99,93.78,VAL,98.48,swing_high,102.1,2.88,1.36,vwap_reclaim,58.2,0.55,2,2024-07-03 09:30:00-04:00,stop,"[('2024-07-03 09:30:00-04:00', 1.0, 93.78, 'stop')]",1,-1.0780041322314053,-0.013731813875144687
ACGL,XLF,Improving,2024-10-10,2024-10-11 13:30:00-04:00,2024-10-11 13:45:00-04:00,108.99,105.38,VAL,117.51,LRC_upper,120.44,2.38,1.61,vwap_reclaim,73.0,0.7,2,2024-10-14 09:30:00-04:00,stop,"[('2024-10-14 09:30:00-04:00', 1.0, 105.38, 'stop')]",1,-1.029691135734072,-0.03410574364620607
ACGL,XLF,Improving,2025-12-01,2025-12-02 14:45:00-05:00,2025-12-02 15:00:00-05:00,92.68,91.36,POC,96.01,LRC_upper,101.66,2.56,1.63,vwap_reclaim,47.6,0.06,3,2025-12-05 11:30:00-05:00,stop,"[('2025-12-05 11:30:00-05:00', 1.0, 91.36, 'stop')]",3,-1.0697121212121208,-0.01523543375053957
ACGL,XLF,Improving,2026-02-10,2026-02-11 11:45:00-05:00,2026-02-11 12:00:00-05:00,97.0351,95.69,VAH,100.99,LRC_upper,103.39,2.96,1.0,level_bounce,53.3,0.14,3,2026-03-04 15:45:00-05:00,time,"[('2026-03-02 12:30:00-05:00', 0.5, 100.99, 'tp1'), ('2026-03-04 15:45:00-05:00', 0.5, 98.42, 'time')]",15,1.911776038956207,0.026501028493813045
ACN,XLK,Improving,2024-09-18,2024-09-19 12:00:00-04:00,2024-09-19 12:15:00-04:00,322.38,317.45,VAL,332.6,swing_high,348.39,2.15,1.27,vwap_reclaim,70.1,0.58,3,2024-09-26 09:30:00-04:00,tp2,"[('2024-09-26 09:30:00-04:00', 0.5, 341.71, 'tp1'), ('2024-09-26 09:30:00-04:00', 0.5, 348.39, 'tp2')]",5,4.530686612576056,0.06928557913021896
ACN,XLK,Improving,2026-08-24,2026-08-26 15:15:00-04:00,2026-08-26 15:30:00-04:00,182.4725,177.99,VAH,197.73,swing_high,205.65,3.4,1.71,vwap_reclaim,65.0,0.59,3,2026-09-08 09:30:00-04:00,stop,"[('2026-09-08 09:30:00-04:00', 1.0, 177.99, 'stop')]",8,-1.0402077523703293,-0.025553062790283403
ADBE,XLK,Improving,2026-08-24,2026-08-26 12:30:00-04:00,2026-08-26 12:45:00-04:00,271.2025,263.87,VAH,292.32,LRC_upper,370.86,2.88,2.21,vwap_reclaim,77.1,0.9,3,2026-09-04 09:30:00-04:00,breakeven,"[('2026-08-28 09:45:00-04:00', 0.5, 292.32, 'tp1'), ('2026-09-04 09:30:00-04:00', 0.5, 271.2025, 'breakeven')]",7,1.402286822366182,0.037913618513841146
ADI,XLK,Improving,2025-09-15,2025-09-16 12:45:00-04:00,2025-09-16 13:00:00-04:00,240.04,237.1,AVWAP,253.94,swing_high,260.96,4.31,1.36,level_bounce,48.8,0.17,2,2025-10-01 14:15:00-04:00,stop,"[('2025-10-01 14:15:00-04:00', 1.0, 237.1, 'stop')]",11,-1.0811462585034015,-0.013241834694217622
ADI,XLK,Improving,2026-02-02,2026-02-04 13:00:00-05:00,2026-02-04 13:15:00-05:00,312.19,304.0,VAH,330.77,LRC_upper,340.82,2.34,2.27,vwap_reclaim,79.2,0.8,3,2026-02-12 09:30:00-05:00,tp2,"[('2026-02-11 09:45:00-05:00', 0.5, 330.77, 'tp1'), ('2026-02-12 09:30:00-05:00', 0.5, 340.82, 'tp2')]",6,2.842613858363858,0.07457320061501006
ADM,XLP,Improving,2024-04-01,2024-04-03 11:30:00-04:00,2024-04-03 11:45:00-04:00,57.35,55.72,VAH,60.87,LRC_upper,67.02,2.16,1.16,vwap_reclaim,47.3,0.38,2,2024-04-15 10:00:00-04:00,stop,"[('2024-04-15 10:00:00-04:00', 1.0, 55.72, 'stop')]",8,-1.0346840490797546,-0.029407759372275546
ADM,XLP,Improving,2025-07-08,2025-07-09 12:00:00-04:00,2025-07-09 12:15:00-04:00,51.87,50.62,POC,54.81,LRC_upper,61.21,2.3,1.1,vwap_reclaim,60.3,0.66,2,2025-07-17 11:00:00-04:00,stop,"[('2025-07-17 11:00:00-04:00', 1.0, 50.62, 'stop')]",6,-1.040996,-0.02508665895508001
ADM,XLP,Improving,2025-10-23,2025-10-28 12:45:00-04:00,2025-10-28 13:00:00-04:00,60.16,58.97,swing_low,62.61,LRC_upper,64.38,2.06,1.24,level_bounce,42.9,0.04,2,2025-10-29 09:30:00-04:00,stop,"[('2025-10-29 09:30:00-04:00', 1.0, 58.97, 'stop')]",1,-1.0500546218487397,-0.020770694813829753
ADP,XLI,Improving,2026-06-16,2026-06-17 11:00:00-04:00,2026-06-17 11:15:00-04:00,220.11,214.98,POC,233.83,swing_high,255.03,2.64,1.08,vwap_reclaim,67.3,0.85,2,2026-06-17 15:45:00-04:00,lrc_break,"[('2026-06-17 15:45:00-04:00', 1.0, 217.4, 'lrc_break')]",1,-0.5709074074074063,-0.013305869792376574
ADSK,XLK,Improving,2024-12-12,2024-12-17 13:45:00-05:00,2024-12-17 14:00:00-05:00,301.87,296.87,AVWAP,326.62,52w_high,339.09,4.95,2.82,vwap_reclaim,69.2,0.64,3,2024-12-18 14:30:00-05:00,stop,"[('2024-12-18 14:30:00-05:00', 1.0, 296.87, 'stop')]",1,-1.059874,-0.0175551396296419
ADSK,XLK,Improving,2025-02-13,2025-02-14 11:30:00-05:00,2025-02-14 11:45:00-05:00,303.21,297.99,POC,314.09,swing_high,326.62,2.03,1.25,vwap_reclaim,46.7,0.0,3,2025-02-18 09:30:00-05:00,stop,"[('2025-02-18 09:30:00-05:00', 1.0, 297.99, 'stop')]",1,-1.057586206896552,-0.01820718314039765
AEE,XLU,Improving,2023-11-28,2023-11-30 15:00:00-05:00,2023-11-30 15:15:00-05:00,70.58,69.67,POC,73.7,LRC_upper,77.02,3.38,1.5,vwap_reclaim,40.7,0.0,2,2023-12-14 12:45:00-05:00,breakeven,"[('2023-12-13 14:30:00-05:00', 0.5, 73.7, 'tp1'), ('2023-12-14 12:45:00-05:00', 0.5, 70.58, 'breakeven')]",10,1.6358681318681405,0.02109152734485693
AEE,XLU,Improving,2024-03-20,2024-03-25 12:15:00-04:00,2024-03-25 12:30:00-04:00,66.37,65.46,POC,68.75,swing_high,72.15,2.62,1.68,vwap_reclaim,42.9,0.2,2,2024-04-10 09:30:00-04:00,breakeven,"[('2024-03-28 15:45:00-04:00', 0.5, 68.75, 'tp1'), ('2024-04-10 09:30:00-04:00', 0.5, 66.37, 'breakeven')]",11,1.2341043956043785,0.016920822660840707
AEP,XLU,Improving,2023-12-04,2023-12-05 13:45:00-05:00,2023-12-05 14:00:00-05:00,72.12,71.46,VAH,74.71,LRC_upper,76.62,3.78,1.31,vwap_reclaim,67.9,0.63,3,2023-12-14 09:30:00-05:00,tp2,"[('2023-12-13 14:30:00-05:00', 0.5, 74.71, 'tp1'), ('2023-12-14 09:30:00-05:00', 0.5, 76.62, 'tp2')]",7,5.259253787878694,0.04812961037160281
AEP,XLU,Improving,2024-01-12,2024-01-16 10:30:00-05:00,2024-01-16 10:45:00-05:00,73.78,72.3,AVWAP,76.81,swing_high,85.33,2.05,1.55,level_bounce,63.7,0.73,2,2024-01-17 11:30:00-05:00,stop,"[('2024-01-17 11:30:00-05:00', 1.0, 72.3, 'stop')]",1,-1.0493513513513513,-0.021049606939550068
AES,XLU,Improving,2023-11-28,2023-11-29 12:45:00-05:00,2023-11-29 13:00:00-05:00,15.04,14.63,POC,15.9,swing_high,16.55,2.1,1.08,vwap_reclaim,49.9,0.26,2,2023-12-13 14:15:00-05:00,tp2,"[('2023-12-07 10:00:00-05:00', 0.5, 15.9, 'tp1'), ('2023-12-13 14:15:00-05:00', 0.5, 16.55, 'tp2')]",10,2.8521158536585514,0.07775049867021287
AES,XLU,Improving,2025-07-28,2025-07-29 15:00:00-04:00,2025-07-29 15:15:00-04:00,12.57,12.02,POC,13.96,LRC_upper,18.26,2.53,1.79,vwap_reclaim,70.9,0.52,3,2025-08-18 15:45:00-04:00,time,"[('2025-08-18 15:45:00-04:00', 1.0, 12.73, 'time')]",15,0.2679090909090908,0.011722354813046948
AES,XLU,Improving,2026-06-12,2026-06-15 13:15:00-04:00,2026-06-15 13:30:00-04:00,14.52,14.45,swing_low,14.72,LRC_upper,15.8,2.86,1.21,level_bounce,78.5,0.86,3,2026-06-17 15:15:00-04:00,stop,"[('2026-06-17 15:15:00-04:00', 1.0, 14.45, 'stop')]",2,-1.2069285714285705,-0.005818526170798918
AES,XLU,Improving,2026-06-25,2026-06-30 11:30:00-04:00,2026-06-30 11:45:00-04:00,14.47,14.43,swing_low,14.57,swing_high,14.77,2.5,2.32,level_bounce,61.4,0.78,2,2026-07-02 10:45:00-04:00,stop,"[('2026-07-02 10:45:00-04:00', 1.0, 14.43, 'stop')]",2,-1.3612499999999916,-0.0037629578438148526
AES,XLU,Improving,2026-08-25,2026-08-26 10:00:00-04:00,2026-08-26 10:15:00-04:00,14.725,14.68,VAL,14.87,LRC_upper,17.23,2.8,2.97,level_bounce,70.3,0.86,2,2026-09-16 15:45:00-04:00,time,"[('2026-09-16 15:45:00-04:00', 1.0, 14.82, 'time')]",15,1.7828333333333506,0.005448387096774238
AFL,XLF,Improving,2024-07-01,2024-07-05 12:30:00-04:00,2024-07-05 12:45:00-04:00,84.76,83.93,swing_low,87.01,52w_high,88.09,2.71,1.07,vwap_reclaim,67.4,0.85,2,2024-07-11 14:00:00-04:00,tp2,"[('2024-07-11 09:45:00-04:00', 0.5, 87.01, 'tp1'), ('2024-07-11 14:00:00-04:00', 0.5, 88.09, 'tp2')]",4,3.2576445783132586,0.03190001179801792
AIG,XLF,Improving,2026-03-11,2026-03-12 11:45:00-04:00,2026-03-12 12:00:00-04:00,76.27,74.76,swing_low,80.03,swing_high,82.65,2.47,1.63,level_bounce,43.8,0.0,2,2026-03-18 11:00:00-04:00,stop,"[('2026-03-18 11:00:00-04:00', 1.0, 74.76, 'stop')]",4,-1.0500099337748348,-0.020788186705126405
AIZ,XLF,Improving,2024-10-11,2024-10-14 11:00:00-04:00,2024-10-14 11:15:00-04:00,186.25,182.46,VAL,194.72,swing_high,205.72,2.26,1.09,level_bounce,61.8,0.52,2,2024-11-01 15:45:00-04:00,time,"[('2024-11-01 15:45:00-04:00', 1.0, 186.27, 'time')]",15,-0.043868073878625354,-0.0008926711409395423
AIZ,XLF,Improving,2025-08-29,2025-09-03 10:45:00-04:00,2025-09-03 11:00:00-04:00,210.82,208.02,POC,223.86,LRC_upper,227.57,5.0,1.91,vwap_reclaim,65.9,0.44,3,2025-09-05 13:30:00-04:00,stop,"[('2025-09-05 13:30:00-04:00', 1.0, 208.02, 'stop')]",2,-1.0747928571428575,-0.014274831609904105
AIZ,XLF,Improving,2025-12-04,2025-12-05 13:45:00-05:00,2025-12-05 14:00:00-05:00,219.96,217.49,AVWAP,227.51,swing_high,232.53,2.71,1.17,vwap_reclaim,50.6,0.36,2,2025-12-09 09:30:00-05:00,stop,"[('2025-12-09 09:30:00-05:00', 1.0, 217.49, 'stop')]",2,-1.0885526315789473,-0.012223699763593375
AIZ,XLF,Improving,2026-06-05,2026-06-09 12:45:00-04:00,2026-06-09 13:00:00-04:00,249.72,245.76,POC,265.17,LRC_upper,275.09,3.64,1.1,vwap_reclaim,67.3,0.9,2,2026-06-30 15:45:00-04:00,time,"[('2026-06-23 10:45:00-04:00', 0.5, 265.17, 'tp1'), ('2026-06-30 15:45:00-04:00', 0.5, 267.54, 'time')]",15,4.1355965909090875,0.06558130105718413
AKAM,XLK,Improving,2024-09-13,2024-09-16 11:45:00-04:00,2024-09-16 12:00:00-04:00,98.725,96.78,AVWAP,102.75,swing_high,105.89,2.05,1.94,vwap_reclaim,55.6,0.3,2,2024-10-04 15:45:00-04:00,time,"[('2024-10-04 15:45:00-04:00', 1.0, 101.465, 'time')]",15,1.357277634961449,0.026739984806280166
AKAM,XLK,Improving,2025-02-18,2025-02-19 11:45:00-05:00,2025-02-19 12:00:00-05:00,98.36,97.15,VAL,103.03,swing_high,106.03,3.86,1.34,level_bounce,53.0,0.06,3,2025-02-21 09:30:00-05:00,stop,"[('2025-02-21 09:30:00-05:00', 1.0, 89.0, 'stop')]",2,-7.812958677685991,-0.09611305408702725
ALB,XLB,Improving,2025-09-03,2025-09-04 14:45:00-04:00,2025-09-04 15:00:00-04:00,77.98,75.77,VAL,83.38,swing_high,91.73,2.35,15.9,vwap_reclaim,65.5,0.58,2,2025-09-09 09:30:00-04:00,breakeven,"[('2025-09-05 10:00:00-04:00', 0.5, 83.38, 'tp1'), ('2025-09-09 09:30:00-04:00', 0.5, 73.97, 'breakeven')]",3,0.279037330316738,0.007908085406514402
ALGN,XLV,Improving,2024-04-24,2024-04-29 12:00:00-04:00,2024-04-29 12:15:00-04:00,310.49,303.19,swing_low,332.34,swing_high,413.2,2.96,1.68,vwap_reclaim,49.2,0.05,2,2024-04-30 09:30:00-04:00,stop,"[('2024-04-30 09:30:00-04:00', 1.0, 300.0, 'stop')]",1,-1.4788006849315056,-0.03476841444168897
ALGN,XLV,Improving,2025-05-30,2025-06-02 12:00:00-04:00,2025-06-02 12:15:00-04:00,177.58,173.07,AVWAP,191.61,swing_high,199.95,3.03,3.4,vwap_reclaim,53.9,0.5,2,2025-06-03 09:30:00-04:00,stop,"[('2025-06-03 09:30:00-04:00', 1.0, 173.07, 'stop')]",1,-1.0388747228381372,-0.02638430566505248
ALGN,XLV,Improving,2025-06-23,2025-06-24 12:00:00-04:00,2025-06-24 12:15:00-04:00,182.52,178.88,POC,190.66,swing_high,226.35,2.11,1.5,level_bounce,56.3,0.27,3,2025-07-15 15:45:00-04:00,time,"[('2025-07-01 10:15:00-04:00', 0.5, 190.66, 'tp1'), ('2025-07-15 15:45:00-04:00', 0.5, 192.69, 'time')]",15,2.4637094780219644,0.04913380725399949
ALL,XLF,Improving,2025-08-27,2025-08-28 13:30:00-04:00,2025-08-28 13:45:00-04:00,198.75,195.91,AVWAP,205.62,swing_high,209.65,2.38,1.46,vwap_reclaim,61.8,0.52,3,2025-09-08 09:30:00-04:00,stop,"[('2025-09-08 09:30:00-04:00', 1.0, 195.91, 'stop')]",6,-1.069482394366197,-0.015282163522012596
ALL,XLF,Improving,2025-12-02,2025-12-03 13:30:00-05:00,2025-12-03 13:45:00-05:00,205.58,203.24,swing_low,210.9,swing_high,217.45,2.22,1.03,vwap_reclaim,40.6,0.0,2,2025-12-05 09:30:00-05:00,stop,"[('2025-12-05 09:30:00-05:00', 1.0, 203.24, 'stop')]",2,-1.0873547008547009,-0.0123767389823913
ALLE,XLI,Improving,2024-02-12,2024-02-13 15:30:00-05:00,2024-02-13 15:45:00-05:00,125.45,124.01,VAH,135.66,LRC_upper,141.3,7.09,1.36,level_bounce,70.9,0.67,3,2024-02-22 12:45:00-05:00,stop,"[('2024-02-22 12:45:00-05:00', 1.0, 124.01, 'stop')]",6,-1.0866180555555558,-0.012472937425269013
ALLE,XLI,Improving,2025-08-27,2025-08-28 14:15:00-04:00,2025-08-28 14:30:00-04:00,169.28,165.47,VAH,178.3,LRC_upper,182.59,2.35,1.06,vwap_reclaim,73.3,0.92,2,2025-09-02 09:30:00-04:00,stop,"[('2025-09-02 09:30:00-04:00', 1.0, 165.07, 'stop')]",2,-1.1488648293963268,-0.02585760278827982
AMAT,XLK,Improving,2025-02-11,2025-02-12 12:45:00-05:00,2025-02-12 13:00:00-05:00,178.88,175.3,swing_low,189.89,swing_high,196.54,3.1,1.13,level_bounce,45.3,0.23,2,2025-02-14 09:30:00-05:00,stop,"[('2025-02-14 09:30:00-05:00', 1.0, 172.53, 'stop')]",2,-1.8228226256983304,-0.036480908989266515
AMAT,XLK,Improving,2026-02-02,2026-02-03 14:45:00-05:00,2026-02-03 15:00:00-05:00,314.22,306.92,swing_low,343.38,52w_high,363.69,3.89,1.31,level_bounce,76.9,0.83,3,2026-02-04 10:15:00-05:00,stop,"[('2026-02-04 10:15:00-05:00', 1.0, 306.92, 'stop')]",1,-1.0425438356164383,-0.024220514289351444
AMAT,XLK,Improving,2026-02-26,2026-03-02 14:00:00-05:00,2026-03-02 14:15:00-05:00,370.32,361.61,VAH,395.04,52w_high,408.28,2.85,1.0,vwap_reclaim,81.4,0.89,3,2026-03-03 09:30:00-05:00,stop,"[('2026-03-03 09:30:00-05:00', 1.0, 350.09, 'stop')]",1,-2.3639730195178035,-0.05560111525167428
AMAT,XLK,Improving,2026-03-11,2026-03-12 11:30:00-04:00,2026-03-12 11:45:00-04:00,339.3,326.11,AVWAP,374.98,swing_high,395.04,2.67,1.4,vwap_reclaim,73.5,0.69,3,2026-03-26 14:15:00-04:00,breakeven,"[('2026-03-24 11:15:00-04:00', 0.5, 374.98, 'tp1'), ('2026-03-26 14:15:00-04:00', 0.5, 339.3, 'breakeven')]",10,1.3261394996209253,0.05155254936634247
AMCR,XLB,Improving,2025-12-04,2025-12-05 14:30:00-05:00,2025-12-05 14:45:00-05:00,39.67,39.17,swing_low,41.03,swing_high,46.12,2.88,1.05,level_bounce,56.8,0.55,2,2025-12-09 09:30:00-05:00,stop,"[('2025-12-09 09:30:00-05:00', 1.0, 39.17, 'stop')]",2,-1.07884,-0.01359768086715402
AME,XLI,Improving,2025-08-29,2025-09-02 13:30:00-04:00,2025-09-02 13:45:00-04:00,182.7,181.02,VAL,188.29,LRC_upper,195.83,3.33,1.2,level_bounce,61.0,0.46,3,2025-09-03 13:45:00-04:00,stop,"[('2025-09-03 13:45:00-04:00', 1.0, 181.02, 'stop')]",1,-1.1082500000000013,-0.01019080459770103
AME,XLI,Improving,2026-06-09,2026-06-10 10:00:00-04:00,2026-06-10 10:15:00-04:00,227.59,224.85,POC,236.38,swing_high,241.31,2.96,1.36,level_bounce,39.0,0.01,2,2026-06-10 10:45:00-04:00,stop,"[('2026-06-10 10:45:00-04:00', 1.0, 224.85, 'stop')]",0,-1.0825620437956203,-0.013033173689529456
AMGN,XLV,Improving,2025-08-04,2025-08-05 15:30:00-04:00,2025-08-05 15:45:00-04:00,289.53,283.6,POC,302.96,swing_high,321.34,2.33,1.55,vwap_reclaim,54.2,0.5,2,2025-08-06 09:30:00-04:00,stop,"[('2025-08-06 09:30:00-04:00', 1.0, 283.6, 'stop')]",1,-1.0483246205733563,-0.0214712292335853
AMP,XLF,Improving,2025-07-10,2025-07-11 14:00:00-04:00,2025-07-11 14:15:00-04:00,528.36,523.44,VAH,551.85,LRC_upper,569.13,4.61,1.12,vwap_reclaim,67.8,0.64,3,2025-07-15 09:45:00-04:00,stop,"[('2025-07-15 09:45:00-04:00', 1.0, 523.44, 'stop')]",2,-1.10689024390244,-0.010307176924823906
AMT,XLRE,Improving,2024-06-28,2024-07-01 12:15:00-04:00,2024-07-01 12:30:00-04:00,180.1,178.0,VAL,184.98,swing_high,192.05,2.31,1.09,level_bounce,67.8,0.78,3,2024-07-11 11:45:00-04:00,tp2,"[('2024-07-11 09:30:00-04:00', 0.5, 187.44, 'tp1'), ('2024-07-11 11:45:00-04:00', 0.5, 192.05, 'tp2')]",7,4.504798809523826,0.05252680455302615
AMT,XLRE,Improving,2025-05-30,2025-06-02 10:30:00-04:00,2025-06-02 10:45:00-04:00,203.98,201.11,POC,215.1,swing_high,221.47,4.05,1.39,level_bounce,53.4,0.0,3,2025-06-09 10:00:00-04:00,stop,"[('2025-06-09 10:00:00-04:00', 1.0, 201.11, 'stop')]",5,-1.0705731707317079,-0.015062971859986158
AMT,XLRE,Improving,2025-06-17,2025-06-18 10:45:00-04:00,2025-06-18 11:00:00-04:00,207.43,203.8,AVWAP,215.1,swing_high,221.47,2.29,1.02,level_bounce,48.8,0.0,3,2025-06-30 09:30:00-04:00,breakeven,"[('2025-06-24 12:00:00-04:00', 0.5, 215.1, 'tp1'), ('2025-06-30 09:30:00-04:00', 0.5, 207.43, 'breakeven')]",7,0.9988023415977957,0.01747892059972036
AMT,XLRE,Improving,2025-07-14,2025-07-15 13:15:00-04:00,2025-07-15 13:30:00-04:00,210.74,208.22,swing_low,220.68,LRC_upper,227.03,4.04,1.31,level_bounce,49.4,0.21,3,2025-07-29 09:30:00-04:00,breakeven,"[('2025-07-22 09:30:00-04:00', 0.5, 220.99, 'tp1'), ('2025-07-29 09:30:00-04:00', 0.5, 210.74, 'breakeven')]",10,1.9490863095238016,0.02330690661478599
AMT,XLRE,Improving,2025-08-04,2025-08-05 12:15:00-04:00,2025-08-05 12:30:00-04:00,202.86,197.87,swing_low,215.79,swing_high,221.47,2.59,1.19,vwap_reclaim,43.9,0.29,2,2025-08-05 15:45:00-04:00,lrc_break,"[('2025-08-05 15:45:00-04:00', 1.0, 202.25, 'lrc_break')]",1,-0.16283667334669583,-0.004005496401459202
AMT,XLRE,Improving,2026-06-09,2026-06-11 13:45:00-04:00,2026-06-11 14:00:00-04:00,187.62,183.61,POC,225.56,52w_high,230.98,9.7,3.54,vwap_reclaim,72.0,0.58,3,2026-06-16 15:00:00-04:00,stop,"[('2026-06-16 15:00:00-04:00', 1.0, 183.61, 'stop')]",3,-1.0462880299251873,-0.02236230146039863
AMT,XLRE,Improving,2026-09-01,2026-09-02 14:30:00-04:00,2026-09-02 14:45:00-04:00,173.425,171.21,swing_low,181.35,swing_high,185.5,3.61,2.52,vwap_reclaim,46.5,0.31,2,2026-09-23 15:00:00-04:00,stop,"[('2026-09-23 15:00:00-04:00', 1.0, 171.21, 'stop')]",14,-1.077795711060948,-0.013765705636442286
AMZN,XLY,Improving,2024-03-26,2024-03-27 15:15:00-04:00,2024-03-27 15:30:00-04:00,178.93,174.11,POC,189.63,LRC_upper,193.82,2.23,1.6,vwap_reclaim,71.1,0.8,2,2024-04-17 15:45:00-04:00,time,"[('2024-04-11 15:45:00-04:00', 0.5, 189.63, 'tp1'), ('2024-04-17 15:45:00-04:00', 0.5, 181.23, 'time')]",15,1.3107510373443974,0.03530889174537521
AMZN,XLY,Improving,2024-05-10,2024-05-15 14:45:00-04:00,2024-05-15 15:00:00-04:00,184.78,180.96,AVWAP,192.66,LRC_upper,199.18,2.05,1.24,vwap_reclaim,50.1,0.37,2,2024-05-21 09:30:00-04:00,stop,"[('2024-05-21 09:30:00-04:00', 1.0, 180.96, 'stop')]",4,-1.0478717277486913,-0.02166289641736115
AMZN,XLY,Improving,2025-07-21,2025-07-22 14:30:00-04:00,2025-07-22 14:45:00-04:00,227.59,225.32,VAH,234.07,LRC_upper,242.52,2.85,1.07,level_bounce,74.4,0.81,3,2025-08-01 09:30:00-04:00,breakeven,"[('2025-07-24 09:45:00-04:00', 0.5, 234.07, 'tp1'), ('2025-08-01 09:30:00-04:00', 0.5, 217.21, 'breakeven')]",8,-0.958861233480173,-0.009563754998022771
AMZN,XLY,Improving,2025-11-13,2025-11-17 15:30:00-05:00,2025-11-17 15:45:00-05:00,232.05,224.99,VAL,251.75,swing_high,264.34,2.79,1.13,vwap_reclaim,42.3,0.13,2,2025-11-18 10:00:00-05:00,stop,"[('2025-11-18 10:00:00-05:00', 1.0, 224.99, 'stop')]",1,-1.032368271954674,-0.03140926524455937
AMZN,XLY,Improving,2026-05-28,2026-05-29 15:15:00-04:00,2026-05-29 15:30:00-04:00,270.9001,266.82,POC,306.09,LRC_upper,313.27,8.63,1.05,level_bounce,88.9,0.83,3,2026-06-01 09:30:00-04:00,stop,"[('2026-06-01 09:30:00-04:00', 1.0, 266.14, 'stop')]",1,-1.2324747065022925,-0.018562636374073037
ANET,XLK,Improving,2026-03-11,2026-03-12 14:15:00-04:00,2026-03-12 14:30:00-04:00,136.43,130.41,swing_low,148.77,swing_high,163.81,2.04,1.13,level_bounce,44.1,0.04,2,2026-03-20 14:30:00-04:00,stop,"[('2026-03-20 14:30:00-04:00', 1.0, 130.41, 'stop')]",6,-1.0221627906976745,-0.045103129810159126
ANET,XLK,Improving,2026-08-14,2026-08-18 14:15:00-04:00,2026-08-18 14:30:00-04:00,195.015,189.65,POC,214.89,52w_high,224.06,3.72,2.85,level_bounce,67.8,0.63,2,2026-08-19 09:30:00-04:00,stop,"[('2026-08-19 09:30:00-04:00', 1.0, 189.65, 'stop')]",1,-1.0358494874184532,-0.028496948952644572
ANET,XLK,Improving,2026-08-20,2026-08-21 11:15:00-04:00,2026-08-21 11:30:00-04:00,186.58,174.48,AVWAP,211.45,swing_high,220.72,2.06,1.08,level_bounce,71.8,0.61,2,2026-09-11 15:45:00-04:00,time,"[('2026-09-11 15:45:00-04:00', 1.0, 199.53, 'time')]",15,1.0542929752066088,0.0683725211705434
AON,XLF,Improving,2025-09-04,2025-09-08 11:00:00-04:00,2025-09-08 11:15:00-04:00,365.41,362.37,POC,376.86,swing_high,383.8,3.63,1.94,level_bounce,55.4,0.7,2,2025-09-10 09:30:00-04:00,stop,"[('2025-09-10 09:30:00-04:00', 1.0, 362.26, 'stop')]",2,-1.1558667763157928,-0.009616143510029922
AOS,XLI,Improving,2023-12-01,2023-12-04 11:15:00-05:00,2023-12-04 11:30:00-05:00,72.77,71.72,POC,75.74,LRC_upper,76.8,2.72,1.13,vwap_reclaim,70.6,0.81,2,2023-12-20 09:30:00-05:00,tp2,"[('2023-12-12 10:15:00-05:00', 0.5, 75.74, 'tp1'), ('2023-12-20 09:30:00-05:00', 0.5, 76.8, 'tp2')]",12,3.2623619047619137,0.04707269479180981
AOS,XLI,Improving,2024-02-14,2024-02-15 13:30:00-05:00,2024-02-15 13:45:00-05:00,76.69,75.32,swing_low,79.38,LRC_upper,81.34,2.05,1.12,level_bounce,40.7,0.09,2,2024-02-20 10:00:00-05:00,stop,"[('2024-02-20 10:00:00-05:00', 1.0, 75.3, 'stop')]",2,-1.0700693430656902,-0.01911585604381276
AOS,XLI,Improving,2025-08-27,2025-08-28 12:00:00-04:00,2025-08-28 12:15:00-04:00,70.2,69.36,swing_low,72.22,swing_high,74.98,2.45,1.7,vwap_reclaim,63.4,0.8,2,2025-09-02 09:30:00-04:00,stop,"[('2025-09-02 09:30:00-04:00', 1.0, 69.13, 'stop')]",2,-1.356744047619051,-0.016234544159544267
APA,XLE,Improving,2025-01-27,2025-01-28 13:45:00-05:00,2025-01-28 14:00:00-05:00,21.74,21.21,VAL,23.15,swing_high,25.13,2.66,1.94,vwap_reclaim,49.3,0.36,2,2025-01-31 09:30:00-05:00,stop,"[('2025-01-31 09:30:00-05:00', 1.0, 21.21, 'stop')]",3,-1.0405188679245285,-0.025366835326586828
APA,XLE,Improving,2025-06-26,2025-06-27 10:15:00-04:00,2025-06-27 10:30:00-04:00,17.87,16.78,VAL,20.16,swing_high,22.39,2.13,1.09,level_bounce,61.4,0.71,2,2025-07-16 15:45:00-04:00,lrc_break,"[('2025-07-16 15:45:00-04:00', 1.0, 17.29, 'lrc_break')]",13,-0.5482385321100935,-0.03344040290990497
APA,XLE,Improving,2025-09-10,2025-09-11 11:15:00-04:00,2025-09-11 11:30:00-04:00,22.24,21.75,VAH,23.59,LRC_upper,25.25,2.68,1.16,level_bounce,70.6,0.63,3,2025-09-22 09:30:00-04:00,breakeven,"[('2025-09-16 12:00:00-04:00', 0.5, 23.59, 'tp1'), ('2025-09-22 09:30:00-04:00', 0.5, 22.24, 'breakeven')]",7,1.331474489795924,0.029335544064748233
APA,XLE,Improving,2025-10-07,2025-10-08 15:30:00-04:00,2025-10-08 15:45:00-04:00,23.77,23.27,POC,25.25,52w_high,26.21,2.96,1.48,vwap_reclaim,71.4,0.89,2,2025-10-09 10:30:00-04:00,stop,"[('2025-10-09 10:30:00-04:00', 1.0, 23.27, 'stop')]",1,-1.04704,-0.022024400504838032
APD,XLB,Improving,2024-12-05,2024-12-09 13:45:00-05:00,2024-12-09 14:00:00-05:00,303.6,296.65,POC,319.75,swing_high,336.25,2.24,1.1,vwap_reclaim,60.7,0.42,3,2024-12-12 14:45:00-05:00,stop,"[('2024-12-12 14:45:00-05:00', 1.0, 296.65, 'stop')]",3,-1.0431834532374098,-0.023880517127799886
APD,XLB,Improving,2025-06-10,2025-06-11 09:45:00-04:00,2025-06-11 10:00:00-04:00,272.51,267.77,POC,283.48,LRC_upper,307.06,2.31,1.4,level_bounce,46.2,0.05,3,2025-06-18 09:30:00-04:00,stop,"[('2025-06-18 09:30:00-04:00', 1.0, 267.77, 'stop')]",5,-1.0569915611814344,-0.018385160177608193
APO,XLF,Improving,2025-07-28,2025-07-29 12:45:00-04:00,2025-07-29 13:00:00-04:00,144.28,142.22,swing_low,154.15,swing_high,160.39,4.63,1.07,level_bounce,67.4,0.61,3,2025-07-30 14:45:00-04:00,stop,"[('2025-07-30 14:45:00-04:00', 1.0, 142.22, 'stop')]",1,-1.0695388349514563,-0.015270654283337971
APO,XLF,Improving,2026-06-09,2026-06-11 13:15:00-04:00,2026-06-11 13:30:00-04:00,131.01,127.52,POC,138.42,swing_high,144.43,2.12,1.15,level_bounce,63.4,0.62,2,2026-06-23 09:30:00-04:00,breakeven,"[('2026-06-15 09:30:00-04:00', 0.5, 138.42, 'tp1'), ('2026-06-23 09:30:00-04:00', 0.5, 131.01, 'breakeven')]",7,1.023535100286534,0.02726614380581634
APP,XLC,Improving,2026-06-15,2026-06-16 14:15:00-04:00,2026-06-16 14:30:00-04:00,509.1855,489.54,VAL,569.92,swing_high,622.0,3.13,2.14,level_bounce,59.0,0.59,2,2026-06-17 15:00:00-04:00,stop,"[('2026-06-17 15:00:00-04:00', 1.0, 489.54, 'stop')]",1,-1.0254186836680157,-0.03956291518513384
APTV,XLY,Improving,2026-06-15,2026-06-16 13:00:00-04:00,2026-06-16 13:15:00-04:00,66.27,63.57,swing_low,73.52,swing_high,78.49,2.7,1.22,vwap_reclaim,50.0,0.26,2,2026-06-17 14:00:00-04:00,stop,"[('2026-06-17 14:00:00-04:00', 1.0, 63.57, 'stop')]",1,-1.0240444444444445,-0.04172204617473964
ARE,XLRE,Improving,2024-10-23,2024-10-24 10:30:00-04:00,2024-10-24 10:45:00-04:00,107.69,106.12,swing_low,111.4,swing_high,115.93,2.47,1.56,level_bounce,43.9,0.11,2,2024-10-24 11:15:00-04:00,stop,"[('2024-10-24 11:15:00-04:00', 1.0, 106.12, 'stop')]",0,-1.0680923566878984,-0.015571594391308322
ARE,XLRE,Improving,2025-10-01,2025-10-02 12:45:00-04:00,2025-10-02 13:00:00-04:00,79.49,78.48,VAL,83.17,swing_high,86.55,3.69,1.38,level_bounce,60.9,0.55,2,2025-10-06 11:15:00-04:00,stop,"[('2025-10-06 11:15:00-04:00', 1.0, 78.48, 'stop')]",2,-1.0782029702970304,-0.013699647754434408
ARE,XLRE,Improving,2026-01-28,2026-01-29 13:15:00-05:00,2026-01-29 13:30:00-05:00,52.36,51.14,VAL,58.07,swing_high,60.24,4.63,1.97,level_bounce,54.9,0.37,3,2026-02-12 10:30:00-05:00,stop,"[('2026-02-12 10:30:00-05:00', 1.0, 51.14, 'stop')]",10,-1.0424180327868853,-0.024288579067990812
ARES,XLF,Improving,2025-01-08,2025-01-10 13:45:00-05:00,2025-01-10 14:00:00-05:00,167.91,165.68,VAL,177.57,LRC_upper,183.35,4.13,2.35,vwap_reclaim,71.5,0.67,3,2025-01-10 15:30:00-05:00,stop,"[('2025-01-10 15:30:00-05:00', 1.0, 165.68, 'stop')]",0,-1.0747959641255609,-0.014274283842534631
ARES,XLF,Improving,2025-06-30,2025-07-01 09:45:00-04:00,2025-07-01 10:00:00-04:00,165.39,161.93,VAH,177.24,LRC_upper,187.17,3.56,3.07,level_bounce,75.2,0.58,3,2025-07-22 15:45:00-04:00,time,"[('2025-07-22 15:45:00-04:00', 1.0, 170.15, 'time')]",15,1.3272341040462563,0.027766068081504443
ATO,XLU,Improving,2023-11-28,2023-11-30 10:30:00-05:00,2023-11-30 10:45:00-05:00,104.79,103.01,POC,109.06,LRC_upper,111.55,2.52,1.96,vwap_reclaim,44.7,0.19,2,2023-12-20 15:45:00-05:00,time,"[('2023-12-13 14:45:00-05:00', 0.5, 109.06, 'tp1'), ('2023-12-20 15:45:00-05:00', 0.5, 105.97, 'time')]",15,1.4712626404494342,0.024991387536978663
ATO,XLU,Improving,2024-01-08,2024-01-09 14:00:00-05:00,2024-01-09 14:15:00-05:00,110.85,108.8,VAH,115.75,swing_high,118.25,2.41,1.36,vwap_reclaim,73.2,0.84,3,2024-01-11 10:00:00-05:00,stop,"[('2024-01-11 10:00:00-05:00', 1.0, 108.8, 'stop')]",2,-1.0535731707317073,-0.019484212900315715
ATO,XLU,Improving,2024-01-12,2024-01-16 10:30:00-05:00,2024-01-16 10:45:00-05:00,108.27,107.18,POC,111.36,swing_high,115.75,2.7,1.78,level_bounce,73.0,0.82,3,2024-01-16 14:30:00-05:00,stop,"[('2024-01-16 14:30:00-05:00', 1.0, 107.18, 'stop')]",0,-1.0988302752293588,-0.01106239032049496
ATO,XLU,Improving,2024-12-03,2024-12-04 14:00:00-05:00,2024-12-04 14:15:00-05:00,138.35,137.01,VAL,146.74,52w_high,150.11,6.21,1.21,level_bounce,70.0,0.7,3,2024-12-06 09:30:00-05:00,stop,"[('2024-12-06 09:30:00-05:00', 1.0, 137.01, 'stop')]",2,-1.1027462686567162,-0.010680737260571041
ATO,XLU,Improving,2025-07-25,2025-07-28 14:30:00-04:00,2025-07-28 14:45:00-04:00,150.69,149.53,AVWAP,155.76,swing_high,161.91,4.28,2.23,level_bounce,40.1,0.01,3,2025-08-13 15:45:00-04:00,tp2,"[('2025-08-07 09:30:00-04:00', 0.5, 156.53, 'tp1'), ('2025-08-13 15:45:00-04:00', 0.5, 161.91, 'tp2')]",12,7.219866379310368,0.05557797464994361
AVGO,XLK,Improving,2024-03-11,2024-03-12 09:45:00-04:00,2024-03-12 10:00:00-04:00,125.91,120.23,AVWAP,139.86,swing_high,145.39,2.49,1.05,vwap_reclaim,77.1,0.84,2,2024-03-12 15:45:00-04:00,lrc_break,"[('2024-03-12 15:45:00-04:00', 1.0, 125.53, 'lrc_break')]",1,-0.08903521126760496,-0.004016519736319558
AVGO,XLK,Improving,2024-04-12,2024-04-16 11:15:00-04:00,2024-04-16 11:30:00-04:00,129.23,126.66,swing_low,137.1,swing_high,141.71,3.06,1.04,level_bounce,56.5,0.39,2,2024-04-17 12:30:00-04:00,stop,"[('2024-04-17 12:30:00-04:00', 1.0, 126.66, 'stop')]",1,-1.0497840466926072,-0.02087707962547391
AVGO,XLK,Improving,2025-12-31,2026-01-05 14:45:00-05:00,2026-01-05 15:00:00-05:00,340.5,333.47,AVWAP,360.56,swing_high,403.48,2.85,1.06,vwap_reclaim,47.8,0.0,3,2026-01-08 09:30:00-05:00,stop,"[('2026-01-08 09:30:00-05:00', 1.0, 333.47, 'stop')]",3,-1.047935277382646,-0.021635785609397867
AVY,XLB,Improving,2025-05-30,2025-06-02 12:45:00-04:00,2025-06-02 13:00:00-04:00,169.35,167.35,swing_low,178.23,swing_high,181.9,4.58,1.31,level_bounce,42.3,0.13,2,2025-06-17 15:45:00-04:00,lrc_break,"[('2025-06-17 15:45:00-04:00', 1.0, 169.12, 'lrc_break')]",12,-0.1996174999999949,-0.0023574549749039845
AWK,XLU,Improving,2023-12-01,2023-12-04 10:30:00-05:00,2023-12-04 10:45:00-05:00,124.56,121.71,POC,130.15,LRC_upper,135.62,2.0,1.19,level_bounce,48.1,0.26,2,2023-12-11 09:30:00-05:00,stop,"[('2023-12-11 09:30:00-05:00', 1.0, 121.71, 'stop')]",5,-1.0432052631578945,-0.02386909922928716
AWK,XLU,Improving,2023-12-15,2023-12-18 10:45:00-05:00,2023-12-18 11:00:00-05:00,122.58,121.27,VAL,132.0,swing_high,135.62,7.07,1.02,level_bounce,69.2,0.77,2,2024-01-09 15:45:00-05:00,time,"[('2024-01-09 15:45:00-05:00', 1.0, 124.06, 'time')]",15,1.0356335877862608,0.011067710882688889
AWK,XLU,Improving,2024-01-12,2024-01-16 10:00:00-05:00,2024-01-16 10:15:00-05:00,123.66,121.19,AVWAP,128.48,swing_high,132.0,2.1,1.27,level_bounce,57.2,0.47,2,2024-01-17 09:30:00-05:00,stop,"[('2024-01-17 09:30:00-05:00', 1.0, 120.57, 'stop')]",1,-1.3004514170040506,-0.025975376031052915
AWK,XLU,Improving,2025-07-23,2025-07-24 10:30:00-04:00,2025-07-24 10:45:00-04:00,137.06,135.0,swing_low,141.62,LRC_upper,144.8,2.23,1.57,vwap_reclaim,43.0,0.07,3,2025-07-28 09:30:00-04:00,stop,"[('2025-07-28 09:30:00-04:00', 1.0, 135.0, 'stop')]",2,-1.066033980582524,-0.016022398949365257
AXON,XLI,Improving,2023-11-30,2023-12-01 10:30:00-05:00,2023-12-01 10:45:00-05:00,228.085,225.21,VAH,241.99,LRC_upper,246.65,4.83,4.13,vwap_reclaim,74.6,0.7,3,2023-12-13 14:30:00-05:00,tp2,"[('2023-12-12 11:15:00-05:00', 0.5, 241.99, 'tp1'), ('2023-12-13 14:30:00-05:00', 0.5, 246.65, 'tp2')]",8,5.564799130434783,0.07014401429291711
AXON,XLI,Improving,2026-06-16,2026-06-17 12:45:00-04:00,2026-06-17 13:00:00-04:00,437.581,405.28,AVWAP,506.65,LRC_upper,588.38,2.11,1.1,vwap_reclaim,51.5,0.51,2,2026-06-18 09:45:00-04:00,stop,"[('2026-06-18 09:45:00-04:00', 1.0, 405.28, 'stop')]",1,-1.0130469799696604,-0.07478028182210847
AXP,XLF,Improving,2025-01-03,2025-01-06 09:45:00-05:00,2025-01-06 10:00:00-05:00,299.39,292.86,swing_low,316.74,LRC_upper,322.01,2.71,1.15,level_bounce,70.1,0.63,2,2025-01-07 10:00:00-05:00,stop,"[('2025-01-07 10:00:00-05:00', 1.0, 292.86, 'stop')]",1,-1.0453483920367537,-0.022800110224122292
AXP,XLF,Improving,2025-07-29,2025-07-30 12:45:00-04:00,2025-07-30 13:00:00-04:00,303.26,297.85,VAL,325.66,52w_high,333.08,4.12,1.53,level_bounce,60.8,0.51,2,2025-07-31 11:00:00-04:00,stop,"[('2025-07-31 11:00:00-04:00', 1.0, 297.85, 'stop')]",1,-1.055555452865065,-0.018830557937083586
AZO,XLY,Improving,2024-04-04,2024-04-09 13:45:00-04:00,2024-04-09 14:00:00-04:00,3027.14,3001.11,swing_low,3152.66,swing_high,3256.37,4.15,1.08,vwap_reclaim,71.2,0.77,3,2024-04-09 15:45:00-04:00,lrc_break,"[('2024-04-09 15:45:00-04:00', 1.0, 3039.09, 'lrc_break')]",1,0.3425618517095797,0.002945646716042295
AZO,XLY,Improving,2024-08-30,2024-09-03 10:45:00-04:00,2024-09-03 11:00:00-04:00,3158.605,3124.68,VAL,3256.37,52w_high,3353.06,2.72,5.37,vwap_reclaim,65.2,0.76,2,2024-09-04 10:45:00-04:00,stop,"[('2024-09-04 10:45:00-04:00', 1.0, 3124.68, 'stop')]",1,-1.0926055268975678,-0.01173513069852045
BA,XLI,Improving,2025-01-13,2025-01-14 13:00:00-05:00,2025-01-14 13:15:00-05:00,166.525,163.15,AVWAP,181.63,swing_high,191.65,4.36,1.31,level_bounce,67.6,0.72,2,2025-02-04 15:45:00-05:00,time,"[('2025-01-28 09:30:00-05:00', 0.5, 181.63, 'tp1'), ('2025-02-04 15:45:00-05:00', 0.5, 176.22, 'time')]",15,3.6228962962962936,0.07342606215282985
BAC,XLF,Improving,2025-01-07,2025-01-08 10:30:00-05:00,2025-01-08 10:45:00-05:00,44.2,43.68,swing_low,45.99,swing_high,47.26,3.44,1.95,level_bounce,51.4,0.09,2,2025-01-10 09:45:00-05:00,stop,"[('2025-01-10 09:45:00-05:00', 1.0, 43.68, 'stop')]",1,-1.0844999999999994,-0.012758823529411835
BAC,XLF,Improving,2025-09-30,2025-10-03 10:45:00-04:00,2025-10-03 11:00:00-04:00,49.82,49.01,VAL,51.78,52w_high,53.23,2.42,1.08,vwap_reclaim,67.0,0.75,3,2025-10-06 10:00:00-04:00,stop,"[('2025-10-06 10:00:00-04:00', 1.0, 49.01, 'stop')]",1,-1.061006172839506,-0.017250401445202776
BAC,XLF,Improving,2026-05-26,2026-05-27 10:45:00-04:00,2026-05-27 11:00:00-04:00,51.44,50.65,swing_low,53.9,swing_high,55.41,3.11,3.28,vwap_reclaim,50.5,0.31,2,2026-05-27 11:15:00-04:00,stop,"[('2026-05-27 11:15:00-04:00', 1.0, 50.65, 'stop')]",0,-1.064613924050633,-0.016350019440124403
BAC,XLF,Improving,2026-05-29,2026-06-01 13:30:00-04:00,2026-06-01 13:45:00-04:00,51.18,50.23,AVWAP,53.87,swing_high,55.41,2.83,1.61,level_bounce,50.6,0.18,2,2026-06-12 09:30:00-04:00,tp2,"[('2026-06-05 09:30:00-04:00', 0.5, 53.94, 'tp1'), ('2026-06-12 09:30:00-04:00', 0.5, 55.41, 'tp2')]",9,3.6232342105263022,0.06725424970691671
BALL,XLB,Improving,2025-07-16,2025-07-17 13:30:00-04:00,2025-07-17 13:45:00-04:00,56.86,56.08,swing_low,59.21,LRC_upper,66.21,2.96,1.79,vwap_reclaim,75.5,0.89,3,2025-07-30 09:30:00-04:00,breakeven,"[('2025-07-23 12:15:00-04:00', 0.5, 59.21, 'tp1'), ('2025-07-30 09:30:00-04:00', 0.5, 56.86, 'breakeven')]",9,1.432759615384614,0.019654458318677466
BALL,XLB,Improving,2026-08-06,2026-08-10 12:00:00-04:00,2026-08-10 12:15:00-04:00,62.24,60.96,swing_low,64.91,swing_high,67.19,2.02,1.44,vwap_reclaim,63.8,0.81,2,2026-08-10 15:45:00-04:00,lrc_break,"[('2026-08-10 15:45:00-04:00', 1.0, 62.39, 'lrc_break')]",1,0.06850390624999882,0.0014088206940873805
BAX,XLV,Improving,2023-12-07,2023-12-11 15:15:00-05:00,2023-12-11 15:30:00-05:00,34.7,34.29,POC,35.55,swing_high,37.01,2.07,1.02,level_bounce,44.5,0.03,3,2023-12-12 09:30:00-05:00,stop,"[('2023-12-12 09:30:00-05:00', 1.0, 34.29, 'stop')]",1,-1.0841341463414627,-0.012809654178674457
BAX,XLV,Improving,2024-01-02,2024-01-03 12:30:00-05:00,2024-01-03 12:45:00-05:00,36.78,35.96,swing_low,38.65,LRC_upper,40.02,2.36,1.03,vwap_reclaim,72.9,0.93,3,2024-01-03 15:45:00-05:00,lrc_break,"[('2024-01-03 15:45:00-05:00', 1.0, 36.35, 'lrc_break')]",1,-0.5689817073170726,-0.012685290918977698
BAX,XLV,Improving,2026-05-29,2026-06-01 13:15:00-04:00,2026-06-01 13:30:00-04:00,18.4,17.72,swing_low,19.79,swing_high,21.22,2.09,2.24,vwap_reclaim,47.2,0.5,2,2026-06-15 09:30:00-04:00,tp2,"[('2026-06-09 09:45:00-04:00', 0.5, 19.79, 'tp1'), ('2026-06-15 09:30:00-04:00', 0.5, 21.22, 'tp2')]",10,3.066981617647061,0.11334497282608699
BBY,XLY,Improving,2026-06-29,2026-06-30 15:00:00-04:00,2026-06-30 15:15:00-04:00,74.86,73.57,POC,80.69,52w_high,85.76,4.52,1.23,vwap_reclaim,61.2,0.65,2,2026-07-16 10:00:00-04:00,tp2,"[('2026-07-10 09:45:00-04:00', 0.5, 80.69, 'tp1'), ('2026-07-16 10:00:00-04:00', 0.5, 85.76, 'tp2')]",11,6.4232228682170245,0.11068604728827147
BDX,XLV,Improving,2025-07-14,2025-07-15 10:45:00-04:00,2025-07-15 11:00:00-04:00,135.81,130.29,AVWAP,157.41,swing_high,176.77,3.91,2.05,vwap_reclaim,51.6,0.31,2,2025-08-04 15:45:00-04:00,time,"[('2025-08-04 15:45:00-04:00', 1.0, 136.42, 'time')]",15,0.08584873188405513,0.0034893233193430914
BDX,XLV,Improving,2025-10-01,2025-10-02 11:45:00-04:00,2025-10-02 12:00:00-04:00,145.65,142.27,VAL,152.68,swing_high,157.41,2.09,1.22,level_bounce,42.1,0.05,2,2025-10-14 09:30:00-04:00,stop,"[('2025-10-14 09:30:00-04:00', 1.0, 142.22, 'stop')]",8,-1.0573772189349147,-0.02453783041537938
BEN,XLF,Improving,2026-05-26,2026-05-27 11:45:00-04:00,2026-05-27 12:00:00-04:00,31.35,30.62,VAH,34.24,LRC_upper,34.98,3.96,1.01,vwap_reclaim,86.5,0.91,3,2026-05-28 10:15:00-04:00,stop,"[('2026-05-28 10:15:00-04:00', 1.0, 30.62, 'stop')]",1,-1.0424452054794522,-0.024273843700159503
BEN,XLF,Improving,2026-06-11,2026-06-12 10:00:00-04:00,2026-06-12 10:15:00-04:00,31.81,30.71,POC,35.44,LRC_upper,36.22,3.22,1.51,vwap_reclaim,81.0,0.79,2,2026-07-06 15:45:00-04:00,time,"[('2026-07-06 15:45:00-04:00', 1.0, 34.45, 'time')]",15,2.3698818181818266,0.0819512731845333
BG,XLP,Improving,2026-05-04,2026-05-06 15:15:00-04:00,2026-05-06 15:30:00-04:00,124.67,122.42,swing_low,130.32,52w_high,133.96,2.69,1.47,level_bounce,51.5,0.3,2,2026-05-07 10:00:00-04:00,stop,"[('2026-05-07 10:00:00-04:00', 1.0, 122.42, 'stop')]",1,-1.054908888888889,-0.019038621961979627
BIIB,XLV,Improving,2024-07-17,2024-07-19 11:45:00-04:00,2024-07-19 12:00:00-04:00,225.31,221.45,POC,236.73,swing_high,246.44,2.96,5.19,level_bounce,44.1,0.09,2,2024-07-26 09:30:00-04:00,stop,"[('2024-07-26 09:30:00-04:00', 1.0, 211.55, 'stop')]",5,-3.6213549222797776,-0.06204087701389193
BIIB,XLV,Improving,2025-07-24,2025-07-25 12:30:00-04:00,2025-07-25 12:45:00-04:00,131.12,128.42,AVWAP,137.34,swing_high,141.69,2.35,1.11,vwap_reclaim,38.8,0.06,2,2025-07-29 09:30:00-04:00,stop,"[('2025-07-29 09:30:00-04:00', 1.0, 128.42, 'stop')]",2,-1.0480629629629628,-0.02158152837095803
BIIB,XLV,Improving,2025-08-27,2025-08-28 15:15:00-04:00,2025-08-28 15:30:00-04:00,133.2375,131.38,AVWAP,141.75,swing_high,145.97,4.55,1.07,level_bounce,50.0,0.41,2,2025-09-11 10:15:00-04:00,tp2,"[('2025-09-03 09:30:00-04:00', 0.5, 141.75, 'tp1'), ('2025-09-11 10:15:00-04:00', 0.5, 145.97, 'tp2')]",9,5.644119111709232,0.07868619007411568
BIIB,XLV,Improving,2026-05-19,2026-05-20 15:30:00-04:00,2026-05-20 15:45:00-04:00,189.1,184.9,VAL,198.33,swing_high,205.97,2.06,1.1,vwap_reclaim,50.4,0.23,3,2026-06-02 09:30:00-04:00,breakeven,"[('2026-05-27 10:00:00-04:00', 0.5, 198.33, 'tp1'), ('2026-06-02 09:30:00-04:00', 0.5, 189.1, 'breakeven')]",8,1.0532363095238144,0.02339287414066636
BKNG,XLY,Improving,2024-06-12,2024-06-13 14:00:00-04:00,2024-06-13 14:15:00-04:00,151.23,148.62,VAH,157.17,LRC_upper,160.75,2.11,1.74,vwap_reclaim,68.0,0.64,3,2024-07-05 15:45:00-04:00,time,"[('2024-06-20 09:45:00-04:00', 0.5, 157.17, 'tp1'), ('2024-07-05 15:45:00-04:00', 0.5, 154.27, 'time')]",15,1.6615038314176374,0.02867503140911201
BKNG,XLY,Improving,2025-07-28,2025-07-29 10:00:00-04:00,2025-07-29 10:15:00-04:00,223.8,221.62,swing_low,229.64,swing_high,236.41,2.84,1.37,level_bounce,59.0,0.59,2,2025-07-29 11:00:00-04:00,stop,"[('2025-07-29 11:00:00-04:00', 1.0, 221.62, 'stop')]",0,-1.1021605504587153,-0.01073596961572836
BKNG,XLY,Improving,2026-07-13,2026-07-14 10:45:00-04:00,2026-07-14 11:00:00-04:00,175.05,169.59,AVWAP,185.92,swing_high,192.97,2.0,1.23,level_bounce,54.2,0.52,2,2026-07-23 15:45:00-04:00,lrc_break,"[('2026-07-23 15:45:00-04:00', 1.0, 172.42, 'lrc_break')]",8,-0.5135045787545824,-0.016016766638103537
BKR,XLE,Improving,2024-07-08,2024-07-09 10:30:00-04:00,2024-07-09 10:45:00-04:00,32.63,32.09,AVWAP,33.93,swing_high,35.28,2.41,1.57,level_bounce,48.1,0.28,2,2024-07-09 14:45:00-04:00,stop,"[('2024-07-09 14:45:00-04:00', 1.0, 32.09, 'stop')]",0,-1.059925925925926,-0.017540913269996905
BKR,XLE,Improving,2025-01-07,2025-01-08 14:00:00-05:00,2025-01-08 14:15:00-05:00,41.84,41.24,swing_low,43.75,52w_high,45.23,3.18,2.22,vwap_reclaim,55.3,0.06,3,2025-01-16 15:00:00-05:00,tp2,"[('2025-01-14 09:30:00-05:00', 0.5, 43.75, 'tp1'), ('2025-01-16 15:00:00-05:00', 0.5, 45.23, 'tp2')]",5,4.344724999999981,0.06230485181644347
BKR,XLE,Improving,2025-08-28,2025-09-03 11:15:00-04:00,2025-09-03 11:30:00-04:00,44.28,42.79,VAH,47.85,52w_high,49.92,2.4,1.69,vwap_reclaim,70.6,0.65,3,2025-09-23 15:45:00-04:00,time,"[('2025-09-23 09:45:00-04:00', 0.5, 47.85, 'tp1'), ('2025-09-23 15:45:00-04:00', 0.5, 48.18, 'time')]",15,2.475739932885902,0.08330741869918698
BLK,XLF,Improving,2024-07-03,2024-07-05 12:15:00-04:00,2024-07-05 12:30:00-04:00,751.49,743.17,POC,770.29,swing_high,798.48,2.04,1.61,vwap_reclaim,49.6,0.14,3,2024-07-12 13:45:00-04:00,tp2,"[('2024-07-10 11:00:00-04:00', 0.5, 770.29, 'tp1'), ('2024-07-12 13:45:00-04:00', 0.5, 798.48, 'tp2')]",5,3.861425781249974,0.042751151046587416
BLK,XLF,Improving,2025-07-29,2025-07-30 11:45:00-04:00,2025-07-30 12:00:00-04:00,1093.99,1073.49,POC,1134.61,LRC_upper,1154.02,2.12,1.57,vwap_reclaim,77.3,0.84,3,2025-08-01 09:30:00-04:00,stop,"[('2025-08-01 09:30:00-04:00', 1.0, 1061.2, 'stop')]",2,-1.6520778048780471,-0.03095786524556894
BLK,XLF,Improving,2025-08-25,2025-08-26 13:45:00-04:00,2025-08-26 14:00:00-04:00,1102.08,1088.28,POC,1141.98,swing_high,1184.27,2.91,2.34,vwap_reclaim,74.1,0.79,3,2025-09-02 09:30:00-04:00,stop,"[('2025-09-02 09:30:00-04:00', 1.0, 1088.28, 'stop')]",4,-1.0793608695652175,-0.013515516114982537
BMY,XLV,Improving,2025-01-08,2025-01-10 11:00:00-05:00,2025-01-10 11:15:00-05:00,52.36,51.45,VAL,55.43,swing_high,56.72,3.37,1.4,level_bounce,54.2,0.13,3,2025-01-13 09:30:00-05:00,stop,"[('2025-01-13 09:30:00-05:00', 1.0, 51.45, 'stop')]",1,-1.0570384615384618,-0.01837098930481277
BMY,XLV,Improving,2025-08-29,2025-09-02 13:30:00-04:00,2025-09-02 13:45:00-04:00,45.22,44.18,swing_low,47.36,LRC_upper,57.34,2.03,1.73,vwap_reclaim,49.9,0.04,3,2025-09-04 12:30:00-04:00,stop,"[('2025-09-04 12:30:00-04:00', 1.0, 44.18, 'stop')]",2,-1.0429807692307693,-0.02398717381689516
BNY,XLF,Improving,2024-03-04,2024-03-06 09:45:00-05:00,2024-03-06 10:00:00-05:00,47.07,46.32,POC,49.29,LRC_upper,49.84,2.96,1.22,level_bounce,80.2,0.74,3,2024-03-14 09:45:00-04:00,stop,"[('2024-03-14 09:45:00-04:00', 1.0, 46.32, 'stop')]",6,-1.06226,-0.0169257488846399
BNY,XLF,Improving,2025-06-30,2025-07-01 12:15:00-04:00,2025-07-01 12:30:00-04:00,84.79,83.64,POC,92.4,LRC_upper,94.29,6.68,1.25,vwap_reclaim,78.9,0.78,3,2025-07-22 15:45:00-04:00,time,"[('2025-07-17 14:15:00-04:00', 0.5, 92.4, 'tp1'), ('2025-07-22 15:45:00-04:00', 0.5, 93.35, 'time')]",15,6.953189130434743,0.09430554900342014
BNY,XLF,Improving,2025-08-29,2025-09-02 14:15:00-04:00,2025-09-02 14:30:00-04:00,99.29,97.82,VAH,104.5,LRC_upper,107.4,3.54,1.61,vwap_reclaim,77.8,0.91,3,2025-09-22 15:45:00-04:00,time,"[('2025-09-19 12:15:00-04:00', 0.5, 104.5, 'tp1'), ('2025-09-22 15:45:00-04:00', 0.5, 104.94, 'time')]",15,3.6244863945577857,0.053660942693121085
BNY,XLF,Improving,2025-11-19,2025-11-20 13:00:00-05:00,2025-11-20 13:15:00-05:00,104.51,102.69,VAL,108.79,LRC_upper,110.71,2.33,1.18,level_bounce,61.9,0.37,3,2025-11-21 09:45:00-05:00,stop,"[('2025-11-21 09:45:00-05:00', 1.0, 102.69, 'stop')]",1,-1.0569230769230766,-0.018405894172806497
BNY,XLF,Improving,2026-05-27,2026-05-28 12:00:00-04:00,2026-05-28 12:15:00-04:00,138.65,135.47,VAH,148.09,LRC_upper,151.81,2.97,1.01,vwap_reclaim,77.5,0.81,3,2026-06-17 15:45:00-04:00,time,"[('2026-06-17 15:45:00-04:00', 1.0, 145.5, 'time')]",15,2.109410377358484,0.04838027407140277
BR,XLI,Improving,2024-02-08,2024-02-09 12:45:00-05:00,2024-02-09 13:00:00-05:00,189.46,185.52,swing_low,197.71,POC,203.01,2.01,1.1,level_bounce,59.8,0.57,2,2024-02-13 09:30:00-05:00,stop,"[('2024-02-13 09:30:00-05:00', 1.0, 185.52, 'stop')]",2,-1.0475862944162437,-0.02178554840071782
BRO,XLF,Improving,2024-06-28,2024-07-01 13:00:00-04:00,2024-07-01 13:15:00-04:00,87.61,86.87,swing_low,90.18,swing_high,92.19,3.41,4.61,vwap_reclaim,72.7,0.8,3,2024-07-01 15:45:00-04:00,lrc_break,"[('2024-07-01 15:45:00-04:00', 1.0, 87.64, 'lrc_break')]",1,-0.07787162162162063,-0.0006577445497089245
BSX,XLV,Improving,2023-12-13,2023-12-14 10:30:00-05:00,2023-12-14 10:45:00-05:00,56.275,55.4,VAH,58.44,LRC_upper,59.52,2.49,1.69,vwap_reclaim,69.7,0.69,3,2023-12-15 09:30:00-05:00,stop,"[('2023-12-15 09:30:00-05:00', 1.0, 55.4, 'stop')]",1,-1.0638142857142856,-0.016540870724122612
BSX,XLV,Improving,2023-12-18,2023-12-21 09:45:00-05:00,2023-12-21 10:00:00-05:00,55.35,54.69,swing_low,56.9,52w_high,58.75,2.35,1.02,level_bounce,69.8,0.76,3,2024-01-09 09:45:00-05:00,tp2,"[('2023-12-29 09:30:00-05:00', 0.5, 57.0, 'tp1'), ('2024-01-09 09:45:00-05:00', 0.5, 58.75, 'tp2')]",11,3.7399810606060377,0.044595980126467906
BSX,XLV,Improving,2024-05-24,2024-05-28 15:30:00-04:00,2024-05-28 15:45:00-04:00,75.112,74.31,VAH,77.58,LRC_upper,78.9,3.06,1.02,vwap_reclaim,68.6,0.84,2,2024-06-17 15:45:00-04:00,time,"[('2024-06-12 11:30:00-04:00', 0.5, 77.58, 'tp1'), ('2024-06-17 15:45:00-04:00', 0.5, 76.19, 'time')]",15,2.115961970074837,0.02259294786452236
BSX,XLV,Improving,2025-01-03,2025-01-06 09:45:00-05:00,2025-01-06 10:00:00-05:00,90.93,89.24,swing_low,94.6,LRC_upper,96.05,2.18,1.87,level_bounce,62.4,0.54,2,2025-01-08 09:30:00-05:00,tp2,"[('2025-01-08 09:30:00-05:00', 0.5, 96.68, 'tp1'), ('2025-01-08 09:30:00-05:00', 0.5, 96.68, 'tp2')]",2,3.346860946745539,0.06220383811723303
BSX,XLV,Improving,2025-06-05,2025-06-06 14:00:00-04:00,2025-06-06 14:15:00-04:00,101.815,100.79,swing_low,105.09,swing_high,106.98,3.2,1.58,level_bounce,52.1,0.46,2,2025-06-09 09:30:00-04:00,stop,"[('2025-06-09 09:30:00-04:00', 1.0, 100.79, 'stop')]",1,-1.0988317073170741,-0.01106224524873537
BXP,XLRE,Improving,2024-10-29,2024-10-30 13:00:00-04:00,2024-10-30 13:15:00-04:00,75.85,74.95,VAL,82.7,swing_high,86.85,7.61,2.94,level_bounce,77.9,0.91,3,2024-10-30 15:45:00-04:00,lrc_break,"[('2024-10-30 15:45:00-04:00', 1.0, 75.98, 'lrc_break')]",1,0.060094444444455754,0.0007130520764668381
BXP,XLRE,Improving,2024-10-31,2024-11-01 15:00:00-04:00,2024-11-01 15:15:00-04:00,73.03,71.82,swing_low,76.02,swing_high,80.19,2.47,1.38,level_bounce,68.6,0.83,2,2024-11-01 15:45:00-04:00,lrc_break,"[('2024-11-01 15:45:00-04:00', 1.0, 72.59, 'lrc_break')]",1,-0.42380991735536727,-0.007021908804600819
BXP,XLRE,Improving,2025-07-16,2025-07-17 11:45:00-04:00,2025-07-17 12:00:00-04:00,66.15,65.24,AVWAP,70.39,swing_high,72.2,4.6,1.04,vwap_reclaim,53.1,0.42,2,2025-07-30 13:00:00-04:00,stop,"[('2025-07-30 13:00:00-04:00', 1.0, 65.24, 'stop')]",9,-1.0721923076923068,-0.014749735449735612
BXP,XLRE,Improving,2026-07-07,2026-07-08 13:30:00-04:00,2026-07-08 13:45:00-04:00,67.0903,66.09,VAH,75.95,52w_high,78.45,8.76,2.17,vwap_reclaim,84.5,0.85,3,2026-07-28 15:45:00-04:00,time,"[('2026-07-28 15:45:00-04:00', 1.0, 70.09, 'time')]",15,2.930230780765787,0.043689025835329465
C,XLF,Improving,2025-01-07,2025-01-08 13:00:00-05:00,2025-01-08 13:15:00-05:00,70.07,69.21,VAH,73.63,LRC_upper,75.04,4.08,1.12,vwap_reclaim,65.2,0.57,2,2025-01-10 09:30:00-05:00,stop,"[('2025-01-10 09:30:00-05:00', 1.0, 69.21, 'stop')]",1,-1.0809767441860465,-0.013267304124446976
CAH,XLV,Improving,2023-12-01,2023-12-04 14:45:00-05:00,2023-12-04 15:00:00-05:00,102.78,100.79,VAH,107.53,LRC_upper,109.64,2.39,1.44,vwap_reclaim,83.9,0.89,3,2023-12-06 10:45:00-05:00,stop,"[('2023-12-06 10:45:00-05:00', 1.0, 100.79, 'stop')]",2,-1.0511482412060302,-0.02035206265810464
CAH,XLV,Improving,2023-12-12,2023-12-13 10:45:00-05:00,2023-12-13 11:00:00-05:00,103.92,101.49,POC,109.91,LRC_upper,112.06,2.55,1.18,vwap_reclaim,86.0,0.89,3,2023-12-14 09:30:00-05:00,stop,"[('2023-12-14 09:30:00-05:00', 1.0, 99.87, 'stop')]",1,-1.7085987654320927,-0.039952800230946856
CAH,XLV,Improving,2023-12-18,2023-12-19 15:30:00-05:00,2023-12-19 15:45:00-05:00,97.09,95.33,AVWAP,101.31,swing_high,104.13,2.4,1.01,level_bounce,75.8,0.75,3,2023-12-19 15:45:00-05:00,lrc_break,"[('2023-12-19 15:45:00-05:00', 1.0, 97.11, 'lrc_break')]",1,-0.04380681818182031,-0.000794108559068946
CAH,XLV,Improving,2024-12-09,2024-12-10 13:45:00-05:00,2024-12-10 14:00:00-05:00,118.5,116.36,AVWAP,123.52,swing_high,126.67,2.35,1.31,vwap_reclaim,61.8,0.73,2,2024-12-11 10:00:00-05:00,stop,"[('2024-12-11 10:00:00-05:00', 1.0, 116.36, 'stop')]",1,-1.054873831775701,-0.019050042194092832
CAH,XLV,Improving,2024-12-27,2025-01-02 10:45:00-05:00,2025-01-02 11:00:00-05:00,116.43,114.92,POC,121.45,swing_high,127.02,3.21,1.0,level_bounce,62.8,0.3,3,2025-01-22 14:15:00-05:00,tp2,"[('2025-01-14 13:45:00-05:00', 0.5, 121.45, 'tp1'), ('2025-01-22 14:15:00-05:00', 0.5, 127.02, 'tp2')]",12,5.089183774834415,0.06600246929485522
CAH,XLV,Improving,2025-05-30,2025-06-02 13:45:00-04:00,2025-06-02 14:00:00-04:00,152.43,148.04,swing_low,162.03,LRC_upper,166.38,2.19,1.72,vwap_reclaim,80.1,0.76,3,2025-06-23 15:45:00-04:00,time,"[('2025-06-17 10:45:00-04:00', 0.5, 162.03, 'tp1'), ('2025-06-23 15:45:00-04:00', 0.5, 161.77, 'time')]",15,2.1213747152619513,0.061095814472216736
CAH,XLV,Improving,2025-06-26,2025-06-27 10:00:00-04:00,2025-06-27 10:15:00-04:00,163.55,161.21,POC,170.44,LRC_upper,172.64,2.94,1.19,vwap_reclaim,85.2,0.87,3,2025-07-01 12:15:00-04:00,stop,"[('2025-07-01 12:15:00-04:00', 1.0, 161.21, 'stop')]",2,-1.0693931623931623,-0.01530039743197801
CAH,XLV,Improving,2025-07-09,2025-07-10 15:15:00-04:00,2025-07-10 15:30:00-04:00,160.51,158.56,swing_low,166.71,52w_high,171.04,3.16,1.18,level_bounce,73.0,0.85,3,2025-07-11 15:45:00-04:00,lrc_break,"[('2025-07-11 15:45:00-04:00', 1.0, 159.28, 'lrc_break')]",2,-0.7127666666666655,-0.008659242414802752
CASY,XLP,Improving,2023-12-05,2023-12-06 12:00:00-05:00,2023-12-06 12:15:00-05:00,271.2,267.82,swing_low,281.3,swing_high,285.68,3.02,1.55,vwap_reclaim,65.1,0.37,3,2023-12-08 09:30:00-05:00,stop,"[('2023-12-08 09:30:00-05:00', 1.0, 267.7, 'stop')]",2,-1.1152218934911258,-0.01389915191740413
CASY,XLP,Improving,2024-02-09,2024-02-12 11:00:00-05:00,2024-02-12 11:15:00-05:00,281.08,277.44,swing_low,288.81,LRC_upper,294.75,2.12,1.19,vwap_reclaim,40.8,0.2,2,2024-02-13 15:00:00-05:00,stop,"[('2024-02-13 15:00:00-05:00', 1.0, 277.44, 'stop')]",1,-1.0767197802197805,-0.013943574782979886
CASY,XLP,Improving,2024-03-13,2024-03-14 15:15:00-04:00,2024-03-14 15:30:00-04:00,293.08,287.42,VAL,311.14,LRC_upper,316.47,3.14,1.16,vwap_reclaim,67.2,0.47,3,2024-03-22 11:30:00-04:00,tp2,"[('2024-03-20 14:45:00-04:00', 0.5, 311.14, 'tp1'), ('2024-03-22 11:30:00-04:00', 0.5, 316.47, 'tp2')]",6,3.6080490282685758,0.06967912344752294
CASY,XLP,Improving,2024-07-17,2024-07-18 14:15:00-04:00,2024-07-18 14:30:00-04:00,371.53,366.39,VAL,384.0,swing_high,406.12,2.43,1.35,level_bounce,61.3,0.65,2,2024-08-02 10:15:00-04:00,breakeven,"[('2024-07-26 09:30:00-04:00', 0.5, 384.0, 'tp1'), ('2024-08-02 10:15:00-04:00', 0.5, 371.53, 'breakeven')]",11,1.1401464007782158,0.01577356471886527
CASY,XLP,Improving,2025-07-01,2025-07-02 12:15:00-04:00,2025-07-02 12:30:00-04:00,504.93,493.53,swing_low,534.47,LRC_upper,549.25,2.56,1.23,vwap_reclaim,64.3,0.46,3,2025-07-23 15:45:00-04:00,time,"[('2025-07-23 15:45:00-04:00', 1.0, 521.61, 'time')]",15,1.4181342105263122,0.03201776483869053
CASY,XLP,Improving,2025-07-25,2025-07-28 10:00:00-04:00,2025-07-28 10:15:00-04:00,525.69,505.9,VAL,567.24,LRC_upper,586.44,2.05,19.26,level_bounce,73.8,0.79,3,2025-08-14 14:15:00-04:00,stop,"[('2025-08-14 14:15:00-04:00', 1.0, 505.9, 'stop')]",13,-1.0260634158665993,-0.03862693792919796
CASY,XLP,Improving,2025-10-15,2025-10-16 15:30:00-04:00,2025-10-16 15:45:00-04:00,558.45,543.4,VAL,593.7,LRC_upper,612.51,2.39,1.85,vwap_reclaim,69.0,0.67,3,2025-10-22 12:00:00-04:00,stop,"[('2025-10-22 12:00:00-04:00', 1.0, 543.4, 'stop')]",4,-1.0366063122923586,-0.027936117826126004
CAT,XLI,Improving,2024-02-16,2024-02-20 14:45:00-05:00,2024-02-20 15:00:00-05:00,305.59,299.12,swing_low,324.2,52w_high,336.74,2.91,1.05,vwap_reclaim,73.6,0.75,3,2024-03-11 15:45:00-04:00,time,"[('2024-02-29 15:45:00-05:00', 0.5, 324.2, 'tp1'), ('2024-03-11 15:45:00-04:00', 0.5, 324.24, 'time')]",15,2.8307720247295376,0.05993355476291772
CAT,XLI,Improving,2025-09-02,2025-09-04 10:30:00-04:00,2025-09-04 10:45:00-04:00,411.87,401.23,VAL,435.57,swing_high,456.71,2.23,1.06,vwap_reclaim,70.3,0.55,3,2025-09-18 10:30:00-04:00,tp2,"[('2025-09-16 14:45:00-04:00', 0.5, 435.57, 'tp1'), ('2025-09-18 10:30:00-04:00', 0.5, 456.71, 'tp2')]",10,3.1805446428571456,0.08216426299560538
CAT,XLI,Improving,2025-11-10,2025-11-13 14:30:00-05:00,2025-11-13 14:45:00-05:00,548.15,537.59,swing_low,592.59,swing_high,622.38,4.31,1.7,level_bounce,80.4,0.94,3,2025-11-13 15:45:00-05:00,lrc_break,"[('2025-11-13 15:45:00-05:00', 1.0, 550.21, 'lrc_break')]",1,0.14307007575758207,0.0027562163641340126
CAT,XLI,Improving,2026-06-03,2026-06-04 10:45:00-04:00,2026-06-04 11:00:00-04:00,928.52,896.01,POC,1004.0,LRC_upper,1032.46,2.28,1.23,level_bounce,75.1,0.81,2,2026-06-09 11:15:00-04:00,stop,"[('2026-06-09 11:15:00-04:00', 1.0, 896.01, 'stop')]",3,-1.0280610581359582,-0.03599520204195924
CB,XLF,Improving,2023-11-02,2023-11-03 11:00:00-04:00,2023-11-03 11:15:00-04:00,210.09,206.07,VAH,219.57,52w_high,223.68,2.38,2.35,vwap_reclaim,70.5,0.52,3,2023-11-24 13:15:00-05:00,time,"[('2023-11-24 10:30:00-05:00', 0.5, 219.57, 'tp1'), ('2023-11-24 13:15:00-05:00', 0.5, 218.45, 'time')]",15,2.165534825870638,0.041436765195868384
CB,XLF,Improving,2026-04-13,2026-04-14 14:30:00-04:00,2026-04-14 14:45:00-04:00,324.67,320.74,POC,339.42,LRC_upper,346.64,3.71,1.23,vwap_reclaim,44.7,0.02,2,2026-04-22 09:30:00-04:00,stop,"[('2026-04-22 09:30:00-04:00', 1.0, 319.69, 'stop')]",6,-1.3491552162849896,-0.0163309822281086
CBOE,XLF,Improving,2024-03-04,2024-03-05 14:00:00-05:00,2024-03-05 14:15:00-05:00,181.81,179.8,AVWAP,192.94,52w_high,197.25,5.26,1.29,vwap_reclaim,67.7,0.71,3,2024-03-07 14:00:00-05:00,stop,"[('2024-03-07 14:00:00-05:00', 1.0, 179.8, 'stop')]",2,-1.0899527363184083,-0.012049969748638638
CBOE,XLF,Improving,2025-12-01,2025-12-02 12:30:00-05:00,2025-12-02 12:45:00-05:00,252.7,249.12,VAL,260.33,swing_high,266.01,2.06,1.37,level_bounce,65.1,0.54,3,2025-12-04 09:30:00-05:00,stop,"[('2025-12-04 09:30:00-05:00', 1.0, 249.12, 'stop')]",2,-1.0700865921787712,-0.015159912940245289
CBRE,XLRE,Improving,2024-03-13,2024-03-14 14:00:00-04:00,2024-03-14 14:15:00-04:00,92.77,91.66,POC,97.29,LRC_upper,99.8,4.05,1.03,vwap_reclaim,60.4,0.45,3,2024-04-04 15:45:00-04:00,time,"[('2024-03-21 09:30:00-04:00', 0.5, 97.29, 'tp1'), ('2024-04-04 15:45:00-04:00', 0.5, 95.47, 'time')]",15,3.167049549549557,0.03789398512450153
CBRE,XLRE,Improving,2025-02-19,2025-02-20 12:30:00-05:00,2025-02-20 12:45:00-05:00,142.22,140.11,VAL,147.75,52w_high,153.37,2.64,1.24,level_bounce,58.1,0.35,3,2025-02-21 10:15:00-05:00,stop,"[('2025-02-21 10:15:00-05:00', 1.0, 140.11, 'stop')]",1,-1.0669028436018961,-0.015828751230487874
CBRE,XLRE,Improving,2025-07-21,2025-07-22 11:15:00-04:00,2025-07-22 11:30:00-04:00,141.785,139.19,POC,147.75,52w_high,150.0,2.3,1.25,vwap_reclaim,72.5,0.68,3,2025-07-29 09:30:00-04:00,tp2,"[('2025-07-25 15:45:00-04:00', 0.5, 147.75, 'tp1'), ('2025-07-29 09:30:00-04:00', 0.5, 152.73, 'tp2')]",5,3.20192196531792,0.05860272595831716
CBRE,XLRE,Improving,2025-08-27,2025-08-28 14:00:00-04:00,2025-08-28 14:15:00-04:00,162.295,159.01,VAH,170.15,LRC_upper,174.18,2.4,1.14,vwap_reclaim,82.1,0.89,3,2025-09-02 09:30:00-04:00,stop,"[('2025-09-02 09:30:00-04:00', 1.0, 159.01, 'stop')]",2,-1.0489048706240487,-0.021230798853938793
CBRE,XLRE,Improving,2025-09-08,2025-09-09 14:15:00-04:00,2025-09-09 14:30:00-04:00,162.715,158.47,POC,173.19,LRC_upper,178.24,2.49,1.77,vwap_reclaim,74.2,0.86,2,2025-09-24 11:00:00-04:00,stop,"[('2025-09-24 11:00:00-04:00', 1.0, 158.47, 'stop')]",11,-1.0378309776207302,-0.02707551547183729
CBRE,XLRE,Improving,2026-01-05,2026-01-06 11:00:00-05:00,2026-01-06 11:15:00-05:00,163.445,161.57,swing_low,170.53,LRC_upper,173.36,3.74,1.2,level_bounce,61.2,0.36,3,2026-01-14 10:30:00-05:00,stop,"[('2026-01-14 10:30:00-05:00', 1.0, 161.57, 'stop')]",6,-1.0866706666666666,-0.012466013031906756
CCI,XLRE,Improving,2024-06-07,2024-06-10 11:30:00-04:00,2024-06-10 11:45:00-04:00,87.59,86.69,POC,91.34,swing_high,93.26,4.34,1.2,vwap_reclaim,40.1,0.04,2,2024-06-13 10:30:00-04:00,stop,"[('2024-06-13 10:30:00-04:00', 1.0, 86.69, 'stop')]",3,-1.0968222222222217,-0.011270007991779948
CCI,XLRE,Improving,2025-08-04,2025-08-05 12:30:00-04:00,2025-08-05 12:45:00-04:00,99.53,97.14,AVWAP,105.64,LRC_upper,108.87,2.48,1.08,vwap_reclaim,65.5,0.75,3,2025-08-11 13:30:00-04:00,stop,"[('2025-08-11 13:30:00-04:00', 1.0, 97.14, 'stop')]",4,-1.0411443514644352,-0.025000854013865172
CCI,XLRE,Improving,2026-06-10,2026-06-11 13:45:00-04:00,2026-06-11 14:00:00-04:00,89.76,87.83,POC,93.93,LRC_upper,108.87,2.16,1.2,vwap_reclaim,66.8,0.72,3,2026-06-15 10:45:00-04:00,stop,"[('2026-06-15 10:45:00-04:00', 1.0, 87.83, 'stop')]",2,-1.0460077720207253,-0.022491031639928775
CCL,XLY,Improving,2025-07-28,2025-07-29 10:00:00-04:00,2025-07-29 10:15:00-04:00,29.1,28.48,POC,30.52,swing_high,32.26,2.29,1.47,level_bounce,80.5,0.85,3,2025-08-01 09:30:00-04:00,stop,"[('2025-08-01 09:30:00-04:00', 1.0, 28.48, 'stop')]",3,-1.0464354838709677,-0.02229518900343646
CDNS,XLK,Improving,2024-12-12,2024-12-13 14:30:00-05:00,2024-12-13 14:45:00-05:00,306.07,301.1,swing_low,324.24,swing_high,340.34,3.77,1.34,level_bounce,72.7,0.68,3,2024-12-18 15:30:00-05:00,stop,"[('2024-12-18 15:30:00-05:00', 1.0, 301.1, 'stop')]",3,-1.0610835010060367,-0.01722999640605081
CDNS,XLK,Improving,2025-09-15,2025-09-16 14:15:00-04:00,2025-09-16 14:30:00-04:00,349.5,342.96,POC,362.71,swing_high,376.44,2.03,1.01,level_bounce,60.2,0.39,3,2025-09-17 10:30:00-04:00,stop,"[('2025-09-17 10:30:00-04:00', 1.0, 342.96, 'stop')]",1,-1.0529403669724768,-0.019703090128755422
CDW,XLK,Improving,2024-03-13,2024-03-15 13:00:00-04:00,2024-03-15 13:15:00-04:00,236.4,233.46,VAL,248.55,LRC_upper,254.09,4.0,1.73,vwap_reclaim,77.3,0.94,3,2024-03-15 15:45:00-04:00,lrc_break,"[('2024-03-15 15:45:00-04:00', 1.0, 236.0, 'lrc_break')]",1,-0.21639455782313133,-0.0026912013536379256
CDW,XLK,Improving,2026-08-13,2026-08-14 14:30:00-04:00,2026-08-14 14:45:00-04:00,139.22,134.28,POC,151.94,LRC_upper,168.13,2.58,3.73,vwap_reclaim,62.1,0.25,3,2026-08-17 11:15:00-04:00,stop,"[('2026-08-17 11:15:00-04:00', 1.0, 134.28, 'stop')]",1,-1.0276821862348178,-0.03646566585260737
CEG,XLU,Improving,2023-12-01,2023-12-04 12:00:00-05:00,2023-12-04 12:15:00-05:00,116.99,113.99,AVWAP,124.14,swing_high,127.9,2.42,1.29,vwap_reclaim,67.3,0.76,2,2023-12-05 09:30:00-05:00,stop,"[('2023-12-05 09:30:00-05:00', 1.0, 113.99, 'stop')]",1,-1.0384966666666666,-0.026630395760321394
CEG,XLU,Improving,2024-02-22,2024-02-23 12:15:00-05:00,2024-02-23 12:30:00-05:00,130.08,128.57,POC,135.83,LRC_upper,138.41,3.71,2.33,vwap_reclaim,65.6,0.61,3,2024-02-27 09:30:00-05:00,tp2,"[('2024-02-27 09:30:00-05:00', 0.5, 135.83, 'tp1'), ('2024-02-27 09:30:00-05:00', 0.5, 138.41, 'tp2')]",2,4.573774834437022,0.05309348093480928
CEG,XLU,Improving,2025-02-10,2025-02-13 13:30:00-05:00,2025-02-13 13:45:00-05:00,306.48,293.55,POC,348.5,swing_high,373.58,3.16,2.23,vwap_reclaim,70.0,0.55,3,2025-02-21 10:15:00-05:00,stop,"[('2025-02-21 10:15:00-05:00', 1.0, 293.55, 'stop')]",5,-1.0232030162412993,-0.04316762920908381
CEG,XLU,Improving,2025-11-28,2025-12-02 10:00:00-05:00,2025-12-02 10:15:00-05:00,363.96,345.85,POC,400.47,LRC_upper,417.37,2.01,1.07,vwap_reclaim,47.5,0.0,2,2025-12-10 10:15:00-05:00,stop,"[('2025-12-10 10:15:00-05:00', 1.0, 345.85, 'stop')]",6,-1.0195971838763114,-0.05073333608088789
CF,XLB,Improving,2025-07-10,2025-07-11 10:45:00-04:00,2025-07-11 11:00:00-04:00,93.65,90.89,VAL,101.73,52w_high,104.11,2.89,1.42,vwap_reclaim,80.7,0.72,3,2025-07-16 15:15:00-04:00,stop,"[('2025-07-16 15:15:00-04:00', 1.0, 90.89, 'stop')]",3,-1.0334311594202898,-0.0304567004805126
CF,XLB,Improving,2025-10-09,2025-10-10 11:00:00-04:00,2025-10-10 11:15:00-04:00,86.52,84.05,VAL,91.83,swing_high,96.8,2.15,1.33,vwap_reclaim,38.1,0.08,2,2025-10-14 10:00:00-04:00,stop,"[('2025-10-14 10:00:00-04:00', 1.0, 84.05, 'stop')]",2,-1.0345283400809715,-0.02953403837263059
CF,XLB,Improving,2026-08-03,2026-08-05 12:00:00-04:00,2026-08-05 12:15:00-04:00,116.82,113.07,swing_low,128.01,swing_high,132.83,3.07,1.07,level_bounce,53.7,0.23,3,2026-08-06 09:30:00-04:00,stop,"[('2026-08-06 09:30:00-04:00', 1.0, 111.42, 'stop')]",1,-1.4704319999999977,-0.0472018489984591
CFG,XLF,Improving,2025-08-20,2025-08-21 11:30:00-04:00,2025-08-21 11:45:00-04:00,47.16,45.64,POC,51.76,LRC_upper,53.5,3.0,1.21,level_bounce,68.8,0.69,2,2025-09-11 15:45:00-04:00,time,"[('2025-09-11 15:45:00-04:00', 1.0, 50.23, 'time')]",15,1.9877006578947423,0.0640649915182358
CFG,XLF,Improving,2025-09-29,2025-09-30 14:45:00-04:00,2025-09-30 15:00:00-04:00,51.08,50.0,POC,53.94,LRC_upper,56.02,2.61,1.13,vwap_reclaim,72.3,0.76,3,2025-10-08 15:45:00-04:00,lrc_break,"[('2025-10-08 15:45:00-04:00', 1.0, 50.49, 'lrc_break')]",7,-0.593319444444442,-0.012544733750978785
CHD,XLP,Improving,2024-03-28,2024-04-01 11:15:00-04:00,2024-04-01 11:30:00-04:00,101.14,99.7,VAL,104.15,LRC_upper,105.67,2.03,1.22,vwap_reclaim,70.9,0.71,3,2024-04-04 14:15:00-04:00,stop,"[('2024-04-04 14:15:00-04:00', 1.0, 99.7, 'stop')]",3,-1.0697361111111112,-0.015230571485070177
CHD,XLP,Improving,2024-12-05,2024-12-10 09:45:00-05:00,2024-12-10 10:00:00-05:00,104.02,103.06,AVWAP,111.0,swing_high,114.73,7.27,1.02,vwap_reclaim,55.1,0.63,2,2024-12-11 15:45:00-05:00,lrc_break,"[('2024-12-11 15:45:00-05:00', 1.0, 103.29, 'lrc_break')]",2,-0.8683906249999951,-0.008014372236108343
CHD,XLP,Improving,2025-07-17,2025-07-18 09:45:00-04:00,2025-07-18 10:00:00-04:00,95.64,94.14,POC,98.67,swing_high,100.61,2.26,1.06,level_bounce,49.7,0.23,3,2025-07-28 15:45:00-04:00,stop,"[('2025-07-28 15:45:00-04:00', 1.0, 94.14, 'stop')]",6,-1.0632599999999999,-0.016675972396486823
CHD,XLP,Improving,2026-07-02,2026-07-06 14:45:00-04:00,2026-07-06 15:00:00-04:00,97.41,96.0,POC,101.24,swing_high,105.37,2.64,1.59,level_bounce,48.6,0.38,2,2026-07-08 09:45:00-04:00,stop,"[('2026-07-08 09:45:00-04:00', 1.0, 96.0, 'stop')]",2,-1.068585106382979,-0.015467662457653185
CHRW,XLI,Improving,2024-07-24,2024-07-25 11:00:00-04:00,2024-07-25 11:15:00-04:00,86.85,84.57,VAH,93.69,52w_high,95.38,3.0,2.08,vwap_reclaim,76.2,0.63,2,2024-07-31 09:30:00-04:00,stop,"[('2024-07-31 09:30:00-04:00', 1.0, 84.57, 'stop')]",4,-1.037592105263158,-0.027239032815198634
CHRW,XLI,Improving,2025-08-28,2025-09-02 10:45:00-04:00,2025-09-02 11:00:00-04:00,126.04,124.45,POC,132.08,LRC_upper,134.36,3.65,1.08,vwap_reclaim,84.2,0.88,3,2025-09-05 10:00:00-04:00,stop,"[('2025-09-05 10:00:00-04:00', 1.0, 124.45, 'stop')]",3,-1.078770440251572,-0.013608735322119989
CHTR,XLC,Improving,2026-08-21,2026-08-24 10:45:00-04:00,2026-08-24 11:00:00-04:00,150.35,143.54,POC,165.19,LRC_upper,175.05,2.27,1.24,level_bounce,52.9,0.35,2,2026-09-09 09:30:00-04:00,stop,"[('2026-09-09 09:30:00-04:00', 1.0, 143.54, 'stop')]",11,-1.0215778267254039,-0.0462716661124044
CIEN,XLK,Improving,2026-01-20,2026-01-21 14:30:00-05:00,2026-01-21 14:45:00-05:00,235.355,226.4,swing_low,261.13,52w_high,275.94,2.88,1.6,vwap_reclaim,75.4,0.71,3,2026-01-22 10:00:00-05:00,stop,"[('2026-01-22 10:00:00-05:00', 1.0, 226.4, 'stop')]",1,-1.025781965382468,-0.03902988039344813
CIEN,XLK,Improving,2026-03-05,2026-03-06 14:00:00-05:00,2026-03-06 14:15:00-05:00,304.2,273.32,AVWAP,365.9,swing_high,391.88,2.06,2.61,level_bounce,81.4,0.76,3,2026-03-18 12:15:00-04:00,tp2,"[('2026-03-16 15:00:00-04:00', 0.5, 365.9, 'tp1'), ('2026-03-18 12:15:00-04:00', 0.5, 391.88, 'tp2')]",8,2.407657221502591,0.24440649243918475
CINF,XLF,Improving,2024-03-04,2024-03-05 11:45:00-05:00,2024-03-05 12:00:00-05:00,105.43,103.15,swing_low,110.74,LRC_upper,112.9,2.3,1.18,vwap_reclaim,71.4,0.71,3,2024-03-15 09:30:00-04:00,tp2,"[('2024-03-06 09:30:00-05:00', 0.5, 110.74, 'tp1'), ('2024-03-15 09:30:00-04:00', 0.5, 112.9, 'tp2')]",8,2.754989035087715,0.05957863037086212
CINF,XLF,Improving,2025-06-30,2025-07-01 13:00:00-04:00,2025-07-01 13:15:00-04:00,145.25,140.98,POC,154.55,52w_high,158.4,2.14,1.53,vwap_reclaim,54.3,0.43,2,2025-07-02 11:00:00-04:00,stop,"[('2025-07-02 11:00:00-04:00', 1.0, 140.98, 'stop')]",1,-1.0335163934426228,-0.03038289156626513
CINF,XLF,Improving,2025-07-30,2025-07-31 11:45:00-04:00,2025-07-31 12:00:00-04:00,145.49,142.78,AVWAP,154.55,52w_high,157.18,3.38,1.06,vwap_reclaim,46.7,0.04,2,2025-08-01 09:30:00-04:00,stop,"[('2025-08-01 09:30:00-04:00', 1.0, 142.76, 'stop')]",1,-1.0605627306273098,-0.01975479414392754
CINF,XLF,Improving,2025-12-02,2025-12-03 13:15:00-05:00,2025-12-03 13:30:00-05:00,159.25,157.41,AVWAP,164.61,swing_high,169.33,2.71,1.59,vwap_reclaim,49.9,0.29,2,2025-12-08 10:00:00-05:00,stop,"[('2025-12-08 10:00:00-05:00', 1.0, 157.41, 'stop')]",3,-1.086048913043478,-0.012548383045525925
CINF,XLF,Improving,2026-05-26,2026-05-27 13:30:00-04:00,2026-05-27 13:45:00-04:00,162.76,161.12,POC,170.63,LRC_upper,174.7,4.31,1.58,level_bounce,58.0,0.44,3,2026-05-27 15:45:00-04:00,stop,"[('2026-05-27 15:45:00-04:00', 1.0, 161.12, 'stop')]",0,-1.098743902439025,-0.011071147702138033
CL,XLP,Improving,2024-03-19,2024-03-20 14:30:00-04:00,2024-03-20 14:45:00-04:00,83.7,83.03,VAH,85.73,LRC_upper,86.49,3.15,1.05,level_bounce,80.4,0.91,3,2024-03-21 09:30:00-04:00,stop,"[('2024-03-21 09:30:00-04:00', 1.0, 83.03, 'stop')]",1,-1.124425373134328,-0.009000776583034668
CL,XLP,Improving,2025-12-02,2025-12-03 11:30:00-05:00,2025-12-03 11:45:00-05:00,77.34,76.25,VAL,79.71,swing_high,84.28,2.2,2.47,level_bounce,39.1,0.03,2,2025-12-04 11:45:00-05:00,stop,"[('2025-12-04 11:45:00-05:00', 1.0, 76.25, 'stop')]",1,-1.0704541284403668,-0.015086565813292001
CL,XLP,Improving,2025-12-23,2025-12-26 15:00:00-05:00,2025-12-26 15:15:00-05:00,78.38,76.6,AVWAP,84.28,swing_high,86.39,3.31,1.01,level_bounce,46.7,0.08,2,2026-01-02 09:30:00-05:00,stop,"[('2026-01-02 09:30:00-05:00', 1.0, 76.6, 'stop')]",4,-1.0435337078651685,-0.023698520030620073
CL,XLP,Improving,2026-05-29,2026-06-01 13:15:00-04:00,2026-06-01 13:30:00-04:00,87.69,86.46,AVWAP,92.14,LRC_upper,94.52,3.62,1.26,vwap_reclaim,50.8,0.65,2,2026-06-03 09:30:00-04:00,stop,"[('2026-06-03 09:30:00-04:00', 1.0, 86.46, 'stop')]",2,-1.070792682926829,-0.015019671570304528
CL,XLP,Improving,2026-08-24,2026-08-26 10:15:00-04:00,2026-08-26 10:30:00-04:00,92.005,90.93,AVWAP,94.87,swing_high,98.15,2.67,2.41,level_bounce,42.9,0.09,2,2026-08-27 09:30:00-04:00,stop,"[('2026-08-27 09:30:00-04:00', 1.0, 90.74, 'stop')]",1,-1.2617418604651303,-0.014742378131623289
CLX,XLP,Improving,2023-12-08,2023-12-11 11:45:00-05:00,2023-12-11 12:00:00-05:00,126.84,125.51,swing_low,130.39,swing_high,138.33,2.7,1.14,level_bounce,62.7,0.64,3,2023-12-11 12:30:00-05:00,stop,"[('2023-12-11 12:30:00-05:00', 1.0, 125.51, 'stop')]",0,-1.0948684210526316,-0.011480408388520958
CLX,XLP,Improving,2023-12-12,2023-12-13 10:15:00-05:00,2023-12-13 10:30:00-05:00,129.19,125.49,swing_low,138.81,LRC_upper,141.75,2.6,1.22,level_bounce,75.6,0.72,3,2024-01-04 15:45:00-05:00,time,"[('2024-01-04 15:45:00-05:00', 1.0, 128.25, 'time')]",15,-0.2888432432432424,-0.00827246690920348
CLX,XLP,Improving,2024-01-12,2024-01-16 12:30:00-05:00,2024-01-16 12:45:00-05:00,128.84,127.37,POC,139.27,LRC_upper,146.42,7.1,1.02,vwap_reclaim,68.0,0.49,2,2024-01-19 09:30:00-05:00,stop,"[('2024-01-19 09:30:00-05:00', 1.0, 127.37, 'stop')]",3,-1.0871462585034015,-0.012403795405153671
CLX,XLP,Improving,2024-02-28,2024-02-29 11:00:00-05:00,2024-02-29 11:15:00-05:00,139.28,137.02,VAL,144.27,swing_high,157.7,2.18,2.35,level_bounce,64.3,0.75,2,2024-03-01 11:30:00-05:00,stop,"[('2024-03-01 11:30:00-05:00', 1.0, 137.02, 'stop')]",1,-1.061128318584071,-0.0172181935669155
CLX,XLP,Improving,2024-12-10,2024-12-12 11:00:00-05:00,2024-12-12 11:15:00-05:00,154.41,152.93,AVWAP,159.46,52w_high,162.54,3.41,1.64,level_bounce,62.2,0.62,3,2024-12-12 13:30:00-05:00,stop,"[('2024-12-12 13:30:00-05:00', 1.0, 152.93, 'stop')]",0,-1.1038310810810819,-0.01058007901042672
CMCSA,XLC,Improving,2023-12-28,2024-01-02 10:15:00-05:00,2024-01-02 10:30:00-05:00,37.22,36.67,swing_low,38.62,LRC_upper,39.77,2.48,1.42,level_bounce,47.1,0.27,2,2024-01-04 09:30:00-05:00,stop,"[('2024-01-04 09:30:00-05:00', 1.0, 36.67, 'stop')]",2,-1.0671727272727276,-0.015769613111230447
CME,XLF,Improving,2025-01-02,2025-01-03 10:15:00-05:00,2025-01-03 10:30:00-05:00,220.5,217.62,VAL,229.5,52w_high,232.75,2.93,1.98,level_bounce,67.6,0.71,2,2025-01-06 09:30:00-05:00,stop,"[('2025-01-06 09:30:00-05:00', 1.0, 217.61, 'stop')]",1,-1.079532986111108,-0.014100022675736899
CME,XLF,Improving,2025-06-30,2025-07-01 10:30:00-04:00,2025-07-01 10:45:00-04:00,264.31,260.34,POC,273.23,swing_high,278.47,2.14,1.08,level_bounce,49.9,0.04,3,2025-07-01 12:15:00-04:00,stop,"[('2025-07-01 12:15:00-04:00', 1.0, 260.34, 'stop')]",0,-1.066076826196473,-0.016012731262532734
CME,XLF,Improving,2025-07-02,2025-07-03 12:30:00-04:00,2025-07-03 12:45:00-04:00,263.65,260.22,POC,273.23,swing_high,277.28,2.79,2.01,vwap_reclaim,48.3,0.01,3,2025-07-09 09:30:00-04:00,stop,"[('2025-07-09 09:30:00-04:00', 1.0, 260.22, 'stop')]",3,-1.0763658892128292,-0.014003167077564766
CME,XLF,Improving,2025-12-01,2025-12-02 13:30:00-05:00,2025-12-02 13:45:00-05:00,266.55,262.89,AVWAP,276.18,LRC_upper,281.88,2.63,1.73,vwap_reclaim,61.8,0.52,3,2025-12-04 12:45:00-05:00,stop,"[('2025-12-04 12:45:00-05:00', 1.0, 262.89, 'stop')]",2,-1.0723278688524585,-0.014724141812042861
CME,XLF,Improving,2026-03-19,2026-03-20 13:00:00-04:00,2026-03-20 13:15:00-04:00,303.99,300.14,VAL,318.35,swing_high,329.22,3.73,1.12,vwap_reclaim,81.2,0.9,3,2026-03-20 15:45:00-04:00,lrc_break,"[('2026-03-20 15:45:00-04:00', 1.0, 304.3, 'lrc_break')]",1,0.0015207792207798027,1.926050199020453e-05
CMG,XLY,Improving,2024-02-29,2024-03-01 12:00:00-05:00,2024-03-01 12:15:00-05:00,53.82,52.74,VAH,55.95,LRC_upper,56.99,2.0,1.1,vwap_reclaim,76.6,0.8,3,2024-03-11 09:30:00-04:00,stop,"[('2024-03-11 09:30:00-04:00', 1.0, 52.74, 'stop')]",6,-1.0493333333333335,-0.02105685618729094
CMG,XLY,Improving,2024-06-13,2024-06-14 13:45:00-04:00,2024-06-14 14:00:00-04:00,65.03,64.12,VAH,67.98,LRC_upper,69.17,3.11,1.21,vwap_reclaim,69.5,0.5,3,2024-06-18 12:15:00-04:00,tp2,"[('2024-06-18 09:30:00-04:00', 0.5, 68.7, 'tp1'), ('2024-06-18 12:15:00-04:00', 0.5, 69.17, 'tp2')]",2,4.217601648351666,0.05901918345379058
CMG,XLY,Improving,2024-06-20,2024-06-21 10:00:00-04:00,2024-06-21 10:15:00-04:00,64.27,62.82,AVWAP,68.83,LRC_upper,70.3,2.9,1.57,vwap_reclaim,69.6,0.48,3,2024-06-26 09:30:00-04:00,stop,"[('2024-06-26 09:30:00-04:00', 1.0, 62.82, 'stop')]",3,-1.0438241379310347,-0.02354978994865405
CMI,XLI,Improving,2025-10-15,2025-10-16 14:30:00-04:00,2025-10-16 14:45:00-04:00,415.16,409.31,POC,434.16,52w_high,442.14,3.25,1.55,level_bounce,77.0,0.73,3,2025-10-17 10:15:00-04:00,stop,"[('2025-10-17 10:15:00-04:00', 1.0, 409.31, 'stop')]",1,-1.070467521367521,-0.01508390740919169
CMI,XLI,Improving,2026-06-08,2026-06-09 13:15:00-04:00,2026-06-09 13:30:00-04:00,651.69,636.89,AVWAP,713.12,swing_high,765.68,4.16,1.0,level_bounce,61.9,0.59,2,2026-06-10 11:45:00-04:00,stop,"[('2026-06-10 11:45:00-04:00', 1.0, 636.89, 'stop')]",1,-1.0435331081081078,-0.023698829197931634
CMS,XLU,Improving,2024-03-13,2024-03-14 14:30:00-04:00,2024-03-14 14:45:00-04:00,53.75,52.98,AVWAP,56.3,LRC_upper,57.51,3.31,1.65,vwap_reclaim,45.4,0.08,3,2024-04-04 15:45:00-04:00,time,"[('2024-04-04 15:45:00-04:00', 1.0, 54.89, 'time')]",15,1.409974025974021,0.020198697674418616
CNC,XLV,Improving,2023-12-07,2023-12-08 12:45:00-05:00,2023-12-08 13:00:00-05:00,73.7,72.82,POC,76.78,LRC_upper,87.79,3.35,1.37,level_bounce,67.3,0.51,3,2023-12-15 10:00:00-05:00,breakeven,"[('2023-12-12 10:00:00-05:00', 0.5, 76.78, 'tp1'), ('2023-12-15 10:00:00-05:00', 0.5, 73.7, 'breakeven')]",5,1.6653749999999807,0.01988507462686566
CNC,XLV,Improving,2026-05-28,2026-05-29 10:00:00-04:00,2026-05-29 10:15:00-04:00,59.07,56.75,swing_low,68.55,LRC_upper,70.71,4.05,1.12,level_bounce,84.3,0.9,2,2026-06-16 15:45:00-04:00,lrc_break,"[('2026-06-16 15:45:00-04:00', 1.0, 61.4, 'lrc_break')]",13,0.9783469827586199,0.038425004232266774
CNC,XLV,Improving,2026-06-22,2026-06-24 15:15:00-04:00,2026-06-24 15:30:00-04:00,62.29,60.95,POC,66.55,swing_high,76.09,3.21,1.13,level_bounce,77.8,0.83,3,2026-07-15 15:45:00-04:00,time,"[('2026-07-01 09:30:00-04:00', 0.5, 66.55, 'tp1'), ('2026-07-15 15:45:00-04:00', 0.5, 66.63, 'time')]",15,3.1608656716417975,0.06799743136940115
CNP,XLU,Improving,2024-01-05,2024-01-08 10:00:00-05:00,2024-01-08 10:15:00-05:00,27.31,26.87,POC,28.29,LRC_upper,28.92,2.23,1.4,level_bounce,65.4,0.71,2,2024-01-11 10:00:00-05:00,stop,"[('2024-01-11 10:00:00-05:00', 1.0, 26.87, 'stop')]",3,-1.0615681818181821,-0.017103258879531225
CNP,XLU,Improving,2024-01-12,2024-01-16 10:15:00-05:00,2024-01-16 10:30:00-05:00,26.57,26.29,VAL,27.3,swing_high,28.41,2.48,1.82,level_bounce,58.6,0.64,2,2024-01-17 11:30:00-05:00,stop,"[('2024-01-17 11:30:00-05:00', 1.0, 26.29, 'stop')]",1,-1.0943928571428567,-0.011532931878058003
CNP,XLU,Improving,2025-01-16,2025-01-17 12:30:00-05:00,2025-01-17 12:45:00-05:00,31.36,30.72,VAH,32.65,LRC_upper,33.42,2.02,1.15,vwap_reclaim,60.0,0.33,3,2025-01-27 10:30:00-05:00,stop,"[('2025-01-27 10:30:00-05:00', 1.0, 30.72, 'stop')]",5,-1.0485,-0.021397959183673487
CNP,XLU,Improving,2025-06-02,2025-06-03 11:15:00-04:00,2025-06-03 11:30:00-04:00,36.09,35.62,VAL,37.98,52w_high,38.77,3.92,1.06,vwap_reclaim,56.9,0.4,2,2025-06-05 10:00:00-04:00,stop,"[('2025-06-05 10:00:00-04:00', 1.0, 35.62, 'stop')]",2,-1.0762872340425522,-0.014016486561374506
COF,XLF,Improving,2025-01-07,2025-01-08 14:15:00-05:00,2025-01-08 14:30:00-05:00,175.88,173.78,swing_low,184.2,swing_high,189.64,4.13,3.81,level_bounce,51.5,0.14,2,2025-01-10 09:30:00-05:00,stop,"[('2025-01-10 09:30:00-05:00', 1.0, 173.78, 'stop')]",1,-1.0832523809523813,-0.012933989083465968
COF,XLF,Improving,2025-07-23,2025-07-24 13:45:00-04:00,2025-07-24 14:00:00-04:00,212.77,209.95,VAL,227.63,LRC_upper,233.19,5.27,1.77,level_bounce,68.2,0.75,2,2025-07-24 15:00:00-04:00,stop,"[('2025-07-24 15:00:00-04:00', 1.0, 209.95, 'stop')]",0,-1.0749503546099286,-0.014247121304695312
COHR,XLK,Improving,2024-08-29,2024-09-04 10:30:00-04:00,2024-09-04 10:45:00-04:00,72.56,70.06,AVWAP,84.5,LRC_upper,92.16,4.78,1.5,level_bounce,52.3,0.0,3,2024-09-06 11:30:00-04:00,stop,"[('2024-09-06 11:30:00-04:00', 1.0, 70.06, 'stop')]",2,-1.028524,-0.03543701764057332
COHR,XLK,Improving,2024-09-13,2024-09-16 13:45:00-04:00,2024-09-16 14:00:00-04:00,75.87,73.62,VAL,86.01,LRC_upper,90.37,4.51,1.37,vwap_reclaim,50.9,0.01,3,2024-09-24 09:45:00-04:00,tp2,"[('2024-09-19 09:30:00-04:00', 0.5, 86.01, 'tp1'), ('2024-09-24 09:45:00-04:00', 0.5, 90.46, 'tp2')]",6,5.459087777777776,0.161894655331488
COHR,XLK,Improving,2026-01-06,2026-01-07 10:15:00-05:00,2026-01-07 10:30:00-05:00,190.27,180.8,swing_low,219.01,LRC_upper,232.32,2.96,1.62,level_bounce,79.7,0.79,3,2026-01-08 09:45:00-05:00,stop,"[('2026-01-08 09:45:00-05:00', 1.0, 180.8, 'stop')]",1,-1.01959186906019,-0.05074649182740315
COHR,XLK,Improving,2026-03-11,2026-03-12 11:30:00-04:00,2026-03-12 11:45:00-04:00,247.35,232.59,VAL,291.76,LRC_upper,310.58,2.94,1.04,level_bounce,81.6,0.82,3,2026-03-17 09:30:00-04:00,stop,"[('2026-03-17 09:30:00-04:00', 1.0, 232.59, 'stop')]",3,-1.0162581300813007,-0.060642692540933865
COIN,XLF,Improving,2025-07-29,2025-07-30 13:15:00-04:00,2025-07-30 13:30:00-04:00,381.7484,356.8,VAL,444.64,52w_high,467.46,2.52,1.33,vwap_reclaim,88.6,0.82,3,2025-08-01 09:30:00-04:00,stop,"[('2025-08-01 09:30:00-04:00', 1.0, 335.14, 'stop')]",2,-1.8825593705407975,-0.1230308868354131
COO,XLV,Improving,2024-06-12,2024-06-13 12:15:00-04:00,2024-06-13 12:30:00-04:00,94.25,92.59,VAL,98.62,swing_high,103.4,2.55,1.15,vwap_reclaim,36.8,0.0,2,2024-06-17 09:30:00-04:00,stop,"[('2024-06-17 09:30:00-04:00', 1.0, 92.59, 'stop')]",2,-1.056277108433735,-0.018603925729442937
COO,XLV,Improving,2025-08-25,2025-08-26 11:45:00-04:00,2025-08-26 12:00:00-04:00,73.42,71.77,AVWAP,76.98,LRC_upper,83.33,2.16,3.58,vwap_reclaim,46.7,0.12,3,2025-08-28 09:30:00-04:00,stop,"[('2025-08-28 09:30:00-04:00', 1.0, 62.41, 'stop')]",2,-6.713887878787858,-0.1508841596295288
COO,XLV,Improving,2026-02-11,2026-02-17 13:30:00-05:00,2026-02-17 13:45:00-05:00,82.08,80.95,AVWAP,85.97,LRC_upper,89.83,3.24,5.39,vwap_reclaim,48.8,0.1,2,2026-03-05 09:30:00-05:00,stop,"[('2026-03-05 09:30:00-05:00', 1.0, 80.77, 'stop')]",12,-1.231349557522131,-0.016952058966861628
COP,XLE,Improving,2025-08-06,2025-08-07 11:15:00-04:00,2025-08-07 11:30:00-04:00,89.4,87.11,VAL,94.27,swing_high,97.33,2.1,1.61,vwap_reclaim,53.6,0.45,2,2025-08-27 15:45:00-04:00,time,"[('2025-08-22 12:00:00-04:00', 0.5, 94.27, 'tp1'), ('2025-08-27 15:45:00-04:00', 0.5, 94.89, 'time')]",15,2.221838427947589,0.05691286353467553
COP,XLE,Improving,2026-05-01,2026-05-04 11:15:00-04:00,2026-05-04 11:30:00-04:00,122.79,117.82,swing_low,133.97,swing_high,137.62,2.26,1.16,level_bounce,60.4,0.25,2,2026-05-06 09:30:00-04:00,stop,"[('2026-05-06 09:30:00-04:00', 1.0, 116.31, 'stop')]",2,-1.3278772635814864,-0.05374664060591257
COR,XLV,Improving,2024-04-29,2024-04-30 13:45:00-04:00,2024-04-30 14:00:00-04:00,234.25,232.56,POC,240.15,swing_high,242.69,3.52,1.57,level_bounce,49.2,0.16,2,2024-05-01 09:30:00-04:00,stop,"[('2024-05-01 09:30:00-04:00', 1.0, 224.54, 'stop')]",1,-5.88129881656806,-0.04243071504802565
COR,XLV,Improving,2025-06-02,2025-06-03 12:45:00-04:00,2025-06-03 13:00:00-04:00,289.36,284.42,swing_low,301.56,LRC_upper,306.46,2.53,1.01,vwap_reclaim,66.0,0.57,2,2025-06-05 14:00:00-04:00,stop,"[('2025-06-05 14:00:00-04:00', 1.0, 284.42, 'stop')]",2,-1.0580748987854252,-0.018063623168371568
COR,XLV,Improving,2025-07-01,2025-07-02 12:30:00-04:00,2025-07-02 12:45:00-04:00,290.03,286.03,VAL,301.41,LRC_upper,307.93,2.87,1.81,vwap_reclaim,53.8,0.29,3,2025-07-23 15:45:00-04:00,time,"[('2025-07-23 15:45:00-04:00', 1.0, 290.57, 'time')]",15,0.06242500000000513,0.0008609454194394391
COST,XLP,Improving,2024-01-10,2024-01-11 12:30:00-05:00,2024-01-11 12:45:00-05:00,660.38,654.15,VAH,687.42,LRC_upper,695.73,4.29,1.13,vwap_reclaim,84.6,0.92,3,2024-02-01 15:45:00-05:00,time,"[('2024-01-22 11:45:00-05:00', 0.5, 687.42, 'tp1'), ('2024-02-01 15:45:00-05:00', 0.5, 694.87, 'time')]",15,4.829733146067399,0.045563520245919
COST,XLP,Improving,2024-02-05,2024-02-06 11:00:00-05:00,2024-02-06 11:15:00-05:00,697.82,691.74,VAH,730.54,LRC_upper,740.1,5.12,1.5,vwap_reclaim,85.6,0.91,3,2024-02-27 15:45:00-05:00,time,"[('2024-02-23 09:30:00-05:00', 0.5, 730.54, 'tp1'), ('2024-02-27 15:45:00-05:00', 0.5, 734.43, 'time')]",15,5.583856496710473,0.0486512961795304
COST,XLP,Improving,2024-03-14,2024-03-15 13:45:00-04:00,2024-03-15 14:00:00-04:00,718.84,702.8,VAL,775.96,LRC_upper,794.96,3.65,1.08,vwap_reclaim,73.0,0.83,2,2024-03-15 15:45:00-04:00,lrc_break,"[('2024-03-15 15:45:00-04:00', 1.0, 715.5, 'lrc_break')]",1,-0.2529407730673325,-0.005644051527460954
COST,XLP,Improving,2024-12-18,2024-12-19 13:15:00-05:00,2024-12-19 13:30:00-05:00,951.32,939.43,AVWAP,983.16,POC,1019.36,2.67,1.56,level_bounce,67.7,0.83,2,2024-12-19 15:45:00-05:00,lrc_break,"[('2024-12-19 15:45:00-05:00', 1.0, 945.73, 'lrc_break')]",1,-0.5499179983179122,-0.006873107892191935
CPAY,XLF,Improving,2025-06-30,2025-07-01 10:30:00-04:00,2025-07-01 10:45:00-04:00,331.43,324.63,POC,358.37,LRC_upper,377.56,3.96,1.67,level_bounce,51.8,0.06,3,2025-07-11 15:45:00-04:00,stop,"[('2025-07-11 15:45:00-04:00', 1.0, 324.63, 'stop')]",7,-1.048239705882353,-0.02150689436683466
CPAY,XLF,Improving,2026-06-15,2026-06-18 14:00:00-04:00,2026-06-18 14:15:00-04:00,349.12,341.78,VAL,367.43,52w_high,383.35,2.49,2.03,vwap_reclaim,66.3,0.67,3,2026-06-23 09:45:00-04:00,stop,"[('2026-06-23 09:45:00-04:00', 1.0, 341.78, 'stop')]",2,-1.0470640326975473,-0.022013777497708616
CPRT,XLI,Improving,2023-12-01,2023-12-04 12:15:00-05:00,2023-12-04 12:30:00-05:00,49.45,48.47,VAL,51.51,swing_high,53.25,2.17,1.37,vwap_reclaim,62.7,0.71,2,2023-12-05 09:30:00-05:00,stop,"[('2023-12-05 09:30:00-05:00', 1.0, 48.47, 'stop')]",1,-1.0499591836734694,-0.02080808897876651
CPRT,XLI,Improving,2024-02-13,2024-02-14 15:00:00-05:00,2024-02-14 15:15:00-05:00,49.04,48.55,POC,51.38,LRC_upper,52.06,4.78,1.11,vwap_reclaim,46.5,0.12,2,2024-02-20 09:45:00-05:00,stop,"[('2024-02-20 09:45:00-05:00', 1.0, 48.55, 'stop')]",3,-1.099581632653061,-0.010986847471451917
CPT,XLRE,Improving,2024-12-06,2024-12-09 10:15:00-05:00,2024-12-09 10:30:00-05:00,114.15,112.0,VAL,118.64,LRC_upper,120.69,2.09,1.59,vwap_reclaim,49.5,0.1,3,2024-12-13 14:15:00-05:00,stop,"[('2024-12-13 14:15:00-05:00', 1.0, 112.0, 'stop')]",4,-1.0525930232558138,-0.019825448970652696
CPT,XLRE,Improving,2026-01-08,2026-01-09 12:15:00-05:00,2026-01-09 12:30:00-05:00,108.03,105.19,POC,119.44,52w_high,123.41,4.02,1.57,vwap_reclaim,78.1,0.82,3,2026-01-12 13:15:00-05:00,stop,"[('2026-01-12 13:15:00-05:00', 1.0, 105.19, 'stop')]",1,-1.0375387323943661,-0.02727584930112009
CPT,XLRE,Improving,2026-01-15,2026-01-20 13:00:00-05:00,2026-01-20 13:15:00-05:00,105.65,104.53,VAL,109.4,swing_high,119.44,3.59,1.48,vwap_reclaim,72.4,0.75,3,2026-01-22 15:00:00-05:00,stop,"[('2026-01-22 15:00:00-05:00', 1.0, 104.53, 'stop')]",2,-1.0938303571428567,-0.011595740653099899
CPT,XLRE,Improving,2026-01-29,2026-01-30 12:30:00-05:00,2026-01-30 12:45:00-05:00,105.9,104.54,VAL,109.4,swing_high,111.75,2.57,1.07,vwap_reclaim,65.1,0.56,3,2026-02-03 09:30:00-05:00,stop,"[('2026-02-03 09:30:00-05:00', 1.0, 104.54, 'stop')]",2,-1.0773676470588236,-0.01383588290840415
CRH,XLB,Improving,2024-12-02,2024-12-03 14:00:00-05:00,2024-12-03 14:15:00-05:00,100.13,98.44,POC,103.99,LRC_upper,106.05,2.26,1.99,vwap_reclaim,67.9,0.81,2,2024-12-09 10:15:00-05:00,stop,"[('2024-12-09 10:15:00-05:00', 1.0, 98.44, 'stop')]",4,-1.0587485207100593,-0.017869619494656926
CRH,XLB,Improving,2025-06-10,2025-06-11 10:15:00-04:00,2025-06-11 10:30:00-04:00,91.5,89.98,swing_low,97.9,swing_high,100.25,4.18,1.2,level_bounce,57.0,0.39,2,2025-06-11 14:15:00-04:00,stop,"[('2025-06-11 14:15:00-04:00', 1.0, 89.98, 'stop')]",0,-1.0596973684210529,-0.01760371584699449
CRH,XLB,Improving,2025-09-08,2025-09-10 12:00:00-04:00,2025-09-10 12:15:00-04:00,110.18,108.75,VAL,120.71,LRC_upper,122.8,7.25,1.02,vwap_reclaim,79.5,0.84,2,2025-09-25 09:30:00-04:00,stop,"[('2025-09-25 09:30:00-04:00', 1.0, 108.02, 'stop')]",11,-1.586783216783217,-0.020594481757124805
CRH,XLB,Improving,2025-10-15,2025-10-20 10:00:00-04:00,2025-10-20 10:15:00-04:00,116.02,113.91,swing_low,120.56,52w_high,123.94,2.06,1.12,vwap_reclaim,64.3,0.61,2,2025-10-30 09:30:00-04:00,breakeven,"[('2025-10-27 09:30:00-04:00', 0.5, 120.56, 'tp1'), ('2025-10-30 09:30:00-04:00', 0.5, 116.02, 'breakeven')]",8,1.0203056872037932,0.018555809343216715
CRL,XLV,Improving,2025-06-04,2025-06-05 11:30:00-04:00,2025-06-05 11:45:00-04:00,143.3,134.94,VAL,164.83,LRC_upper,172.45,2.58,1.33,vwap_reclaim,38.4,0.0,2,2025-06-26 15:45:00-04:00,time,"[('2025-06-26 15:45:00-04:00', 1.0, 151.5, 'time')]",15,0.9632296650717674,0.05619399860432651
CRL,XLV,Improving,2025-06-27,2025-06-30 12:00:00-04:00,2025-06-30 12:15:00-04:00,151.35,143.4,VAL,169.67,swing_high,180.12,2.3,1.66,vwap_reclaim,71.3,0.78,3,2025-07-21 15:45:00-04:00,lrc_break,"[('2025-07-21 15:45:00-04:00', 1.0, 149.66, 'lrc_break')]",15,-0.2315100628930818,-0.012160588040964636
CRL,XLV,Improving,2025-08-19,2025-08-20 13:15:00-04:00,2025-08-20 13:30:00-04:00,158.065,153.43,POC,168.12,swing_high,180.12,2.15,1.13,level_bounce,49.2,0.19,2,2025-09-08 12:45:00-04:00,stop,"[('2025-09-08 12:45:00-04:00', 1.0, 153.43, 'stop')]",12,-1.0336024811218987,-0.03030871793249607
CRM,XLK,Improving,2024-08-27,2024-08-28 14:45:00-04:00,2024-08-28 15:00:00-04:00,255.53,251.67,swing_low,270.67,LRC_upper,284.96,3.8,3.35,level_bounce,51.8,0.28,3,2024-08-30 09:30:00-04:00,stop,"[('2024-08-30 09:30:00-04:00', 1.0, 251.67, 'stop')]",2,-1.0656994818652847,-0.016098305482722237
CRWD,XLK,Improving,2026-08-14,2026-08-17 13:15:00-04:00,2026-08-17 13:30:00-04:00,214.78,209.72,VAH,226.9,swing_high,234.13,2.43,1.06,level_bounce,67.6,0.67,2,2026-08-18 10:45:00-04:00,stop,"[('2026-08-18 10:45:00-04:00', 1.0, 209.72, 'stop')]",1,-1.0419466403162054,-0.024547211099729967
CRWD,XLK,Improving,2026-08-20,2026-08-21 10:15:00-04:00,2026-08-21 10:30:00-04:00,190.325,180.81,POC,209.5,swing_high,227.2,2.01,1.24,level_bounce,72.1,0.6,3,2026-08-25 15:45:00-04:00,lrc_break,"[('2026-08-25 15:45:00-04:00', 1.0, 185.33, 'lrc_break')]",3,-0.5447007356805027,-0.02723145934585565
CSCO,XLK,Improving,2024-12-12,2024-12-16 13:30:00-05:00,2024-12-16 13:45:00-05:00,55.81,55.39,VAL,57.49,swing_high,59.6,4.0,1.33,level_bounce,72.7,0.81,3,2024-12-18 15:30:00-05:00,stop,"[('2024-12-18 15:30:00-05:00', 1.0, 55.39, 'stop')]",2,-1.1323809523809518,-0.008521770292062384
CSCO,XLK,Improving,2025-12-31,2026-01-02 13:30:00-05:00,2026-01-02 13:45:00-05:00,75.31,74.52,AVWAP,78.43,swing_high,81.79,4.01,1.11,level_bounce,72.5,0.68,3,2026-01-05 10:00:00-05:00,stop,"[('2026-01-05 10:00:00-05:00', 1.0, 74.52, 'stop')]",1,-1.0948291139240498,-0.011484729783561362
CSCO,XLK,Improving,2026-03-04,2026-03-05 15:15:00-05:00,2026-03-05 15:30:00-05:00,78.82,77.62,POC,85.42,LRC_upper,87.93,5.5,1.22,level_bounce,57.6,0.2,3,2026-03-09 09:30:00-04:00,stop,"[('2026-03-09 09:30:00-04:00', 1.0, 76.48, 'stop')]",2,-2.0147083333333438,-0.030673052524739782
CSGP,XLRE,Improving,2024-03-13,2024-03-14 12:45:00-04:00,2024-03-14 13:00:00-04:00,87.01,85.92,swing_low,92.36,52w_high,94.25,4.8,1.11,vwap_reclaim,59.1,0.37,3,2024-03-15 13:15:00-04:00,tp2,"[('2024-03-15 10:30:00-04:00', 0.5, 92.36, 'tp1'), ('2024-03-15 13:15:00-04:00', 0.5, 94.25, 'tp2')]",1,5.692516055045849,0.07131183197333633
CSX,XLI,Improving,2024-07-23,2024-07-24 11:45:00-04:00,2024-07-24 12:00:00-04:00,32.3,31.91,POC,33.48,swing_high,34.55,3.03,1.71,level_bounce,44.2,0.08,3,2024-08-05 09:30:00-04:00,breakeven,"[('2024-07-26 09:30:00-04:00', 0.5, 33.48, 'tp1'), ('2024-08-05 09:30:00-04:00', 0.5, 32.3, 'breakeven')]",8,1.4292435897436002,0.017257120743034052
CSX,XLI,Improving,2025-10-24,2025-10-29 10:45:00-04:00,2025-10-29 11:00:00-04:00,35.05,34.67,VAL,36.48,swing_high,38.12,3.64,1.03,level_bounce,44.8,0.29,2,2025-10-29 14:30:00-04:00,stop,"[('2025-10-29 14:30:00-04:00', 1.0, 34.67, 'stop')]",0,-1.0917368421052642,-0.011836233951497731
CSX,XLI,Improving,2025-11-26,2025-12-01 10:30:00-05:00,2025-12-01 10:45:00-05:00,34.92,34.26,swing_low,36.48,swing_high,37.07,2.36,2.02,level_bounce,46.4,0.0,2,2025-12-02 09:30:00-05:00,stop,"[('2025-12-02 09:30:00-05:00', 1.0, 34.26, 'stop')]",1,-1.0524090909090906,-0.019890893470790483
CSX,XLI,Improving,2026-06-12,2026-06-15 11:45:00-04:00,2026-06-15 12:00:00-04:00,47.05,46.47,VAH,48.79,LRC_upper,49.76,3.0,1.13,vwap_reclaim,68.0,0.83,2,2026-06-17 09:30:00-04:00,stop,"[('2026-06-17 09:30:00-04:00', 1.0, 46.47, 'stop')]",2,-1.0806206896551727,-0.013321147715196564
CTAS,XLI,Improving,2023-12-01,2023-12-04 15:30:00-05:00,2023-12-04 15:45:00-05:00,135.07,133.57,POC,140.66,LRC_upper,143.37,3.57,1.63,vwap_reclaim,75.3,0.82,3,2023-12-21 09:30:00-05:00,tp2,"[('2023-12-13 15:00:00-05:00', 0.5, 140.66, 'tp1'), ('2023-12-21 09:30:00-05:00', 0.5, 143.37, 'tp2')]",13,4.537638333333338,0.05039207447989937
CTAS,XLI,Improving,2024-02-15,2024-02-16 11:30:00-05:00,2024-02-16 11:45:00-05:00,151.77,150.24,POC,156.91,LRC_upper,158.61,3.36,1.33,vwap_reclaim,76.4,0.78,3,2024-02-16 15:45:00-05:00,stop,"[('2024-02-16 15:45:00-05:00', 1.0, 150.24, 'stop')]",0,-1.0986960784313724,-0.011076003162680379
CTAS,XLI,Improving,2024-07-12,2024-07-15 14:30:00-04:00,2024-07-15 14:45:00-04:00,175.87,174.35,VAH,179.74,LRC_upper,182.33,2.19,1.05,level_bounce,53.1,0.48,2,2024-07-18 09:30:00-04:00,tp2,"[('2024-07-18 09:30:00-04:00', 0.5, 188.7, 'tp1'), ('2024-07-18 09:30:00-04:00', 0.5, 188.7, 'tp2')]",3,8.32086513157888,0.07191513618013295
CTSH,XLK,Improving,2024-08-21,2024-08-22 11:30:00-04:00,2024-08-22 11:45:00-04:00,73.8,72.6,swing_low,76.98,52w_high,78.15,2.68,1.23,vwap_reclaim,70.6,0.78,2,2024-09-11 09:45:00-04:00,stop,"[('2024-09-11 09:45:00-04:00', 1.0, 72.6, 'stop')]",13,-1.0609999999999997,-0.01725203252032524
CTSH,XLK,Improving,2024-10-02,2024-10-03 10:45:00-04:00,2024-10-03 11:00:00-04:00,73.57,72.52,AVWAP,76.66,LRC_upper,78.05,2.87,1.4,level_bounce,65.8,0.45,3,2024-10-10 09:30:00-04:00,stop,"[('2024-10-10 09:30:00-04:00', 1.0, 72.52, 'stop')]",5,-1.0695666666666668,-0.015264985727878174
CTSH,XLK,Improving,2024-12-12,2024-12-13 15:30:00-05:00,2024-12-13 15:45:00-05:00,77.32,76.62,swing_low,79.35,52w_high,81.69,2.96,1.12,vwap_reclaim,61.6,0.51,3,2024-12-18 14:15:00-05:00,breakeven,"[('2024-12-17 09:30:00-05:00', 0.5, 79.35, 'tp1'), ('2024-12-18 14:15:00-05:00', 0.5, 77.32, 'breakeven')]",3,1.3388178571428797,0.012120699689601664
CTSH,XLK,Improving,2025-02-25,2025-02-27 12:30:00-05:00,2025-02-27 12:45:00-05:00,81.98,80.74,AVWAP,87.78,52w_high,89.33,4.72,1.42,vwap_reclaim,74.5,0.55,3,2025-02-28 09:30:00-05:00,stop,"[('2025-02-28 09:30:00-05:00', 1.0, 80.74, 'stop')]",1,-1.0656129032258062,-0.01611807757989765
CTSH,XLK,Improving,2025-12-31,2026-01-02 14:30:00-05:00,2026-01-02 14:45:00-05:00,80.06,77.65,swing_low,85.39,swing_high,87.78,2.19,1.3,vwap_reclaim,80.4,0.92,3,2026-01-02 15:45:00-05:00,lrc_break,"[('2026-01-02 15:45:00-05:00', 1.0, 79.85, 'lrc_break')]",1,-0.12031327800830223,-0.003621721209093279
CTSH,XLK,Improving,2026-01-08,2026-01-12 15:30:00-05:00,2026-01-12 15:45:00-05:00,83.58,82.09,POC,87.78,52w_high,89.93,2.84,1.13,vwap_reclaim,81.3,0.87,3,2026-01-20 09:30:00-05:00,stop,"[('2026-01-20 09:30:00-05:00', 1.0, 82.09, 'stop')]",5,-1.0555939597315438,-0.018818317779372994
CTSH,XLK,Improving,2026-09-04,2026-09-08 15:30:00-04:00,2026-09-08 15:45:00-04:00,59.99,57.85,POC,65.38,swing_high,71.05,2.53,1.2,vwap_reclaim,77.0,0.94,3,2026-09-08 15:45:00-04:00,lrc_break,"[('2026-09-08 15:45:00-04:00', 1.0, 59.93, 'lrc_break')]",1,-0.056056074766356184,-0.001999666611101888
CTVA,XLB,Improving,2025-05-29,2025-05-30 12:30:00-04:00,2025-05-30 12:45:00-04:00,68.99,67.24,POC,72.66,LRC_upper,74.15,2.1,6.87,vwap_reclaim,71.0,0.53,3,2025-06-20 15:45:00-04:00,time,"[('2025-06-16 09:45:00-04:00', 0.5, 72.66, 'tp1'), ('2025-06-20 15:45:00-04:00', 0.5, 72.84, 'time')]",15,2.1080742857142885,0.05347340194231055
CTVA,XLB,Improving,2025-12-02,2025-12-03 14:00:00-05:00,2025-12-03 14:15:00-05:00,65.27,63.79,AVWAP,68.28,LRC_upper,72.0,2.03,1.74,level_bounce,38.0,0.0,2,2025-12-10 13:30:00-05:00,stop,"[('2025-12-10 13:30:00-05:00', 1.0, 63.79, 'stop')]",5,-1.0436013513513513,-0.02366370461161325
CTVA,XLB,Improving,2026-07-24,2026-07-27 14:15:00-04:00,2026-07-27 14:30:00-04:00,87.76,86.64,VAH,92.17,LRC_upper,94.59,3.89,1.66,vwap_reclaim,64.1,0.5,3,2026-07-31 09:30:00-04:00,stop,"[('2026-07-31 09:30:00-04:00', 1.0, 83.81, 'stop')]",4,-3.6033794642857018,-0.04598661121239747
CVNA,XLY,Improving,2024-03-27,2024-03-28 14:30:00-04:00,2024-03-28 14:45:00-04:00,17.34,16.76,VAH,20.54,LRC_upper,21.84,5.41,1.58,level_bounce,76.2,0.89,2,2024-04-02 09:30:00-04:00,stop,"[('2024-04-02 09:30:00-04:00', 1.0, 16.76, 'stop')]",2,-1.0293965517241381,-0.03443194925028825
CVNA,XLY,Improving,2024-04-29,2024-04-30 14:30:00-04:00,2024-04-30 14:45:00-04:00,16.5,15.91,swing_low,18.1,swing_high,20.14,2.71,1.59,level_bounce,51.9,0.12,2,2024-05-02 09:30:00-04:00,tp2,"[('2024-05-01 15:00:00-04:00', 0.5, 18.1, 'tp1'), ('2024-05-02 09:30:00-04:00', 0.5, 23.99, 'tp2')]",2,7.671572033898307,0.2743168181818182
CVNA,XLY,Improving,2025-07-28,2025-07-29 15:00:00-04:00,2025-07-29 15:15:00-04:00,66.64,65.24,AVWAP,70.29,swing_high,75.45,2.69,2.31,vwap_reclaim,66.0,0.38,3,2025-07-31 09:30:00-04:00,tp2,"[('2025-07-31 09:30:00-04:00', 0.5, 78.05, 'tp1'), ('2025-07-31 09:30:00-04:00', 0.5, 78.05, 'tp2')]",2,8.098324999999964,0.17013287815126044
CVNA,XLY,Improving,2025-08-13,2025-08-15 10:30:00-04:00,2025-08-15 10:45:00-04:00,69.89,67.25,AVWAP,77.19,LRC_upper,82.67,2.7,1.82,level_bounce,56.0,0.27,2,2025-08-20 09:30:00-04:00,stop,"[('2025-08-20 09:30:00-04:00', 1.0, 65.4, 'stop')]",3,-1.7263806818181795,-0.06521168979825433
CVS,XLV,Improving,2024-07-19,2024-07-24 11:30:00-04:00,2024-07-24 11:45:00-04:00,53.73,52.81,POC,56.83,swing_high,58.72,3.37,1.17,vwap_reclaim,45.0,0.21,3,2024-07-30 09:45:00-04:00,tp2,"[('2024-07-29 11:15:00-04:00', 0.5, 56.83, 'tp1'), ('2024-07-30 09:45:00-04:00', 0.5, 58.72, 'tp2')]",4,4.336138586956549,0.07424618462683792
CVS,XLV,Improving,2025-07-11,2025-07-15 15:00:00-04:00,2025-07-15 15:15:00-04:00,61.2,60.47,swing_low,63.79,swing_high,65.61,3.55,1.09,vwap_reclaim,35.4,0.12,2,2025-07-17 09:45:00-04:00,stop,"[('2025-07-17 09:45:00-04:00', 1.0, 60.47, 'stop')]",2,-1.0833356164383556,-0.01292214052287588
CVS,XLV,Improving,2026-06-08,2026-06-09 12:45:00-04:00,2026-06-09 13:00:00-04:00,96.13,93.73,POC,104.28,LRC_upper,107.03,3.41,2.44,vwap_reclaim,76.1,0.84,2,2026-06-30 15:45:00-04:00,time,"[('2026-06-25 10:30:00-04:00', 0.5, 104.28, 'tp1'), ('2026-06-30 15:45:00-04:00', 0.5, 102.79, 'time')]",15,3.043819791666681,0.07599258816186423
CVX,XLE,Improving,2024-01-04,2024-01-05 13:30:00-05:00,2024-01-05 13:45:00-05:00,134.31,132.15,swing_low,138.94,LRC_upper,143.2,2.14,1.16,level_bounce,41.1,0.13,2,2024-01-08 09:30:00-05:00,stop,"[('2024-01-08 09:30:00-05:00', 1.0, 132.15, 'stop')]",1,-1.0616805555555557,-0.017074156801429503
CVX,XLE,Improving,2025-07-14,2025-07-15 14:00:00-04:00,2025-07-15 14:15:00-04:00,143.89,141.97,swing_low,148.79,LRC_upper,158.83,2.5,1.14,vwap_reclaim,70.1,0.77,3,2025-07-17 09:30:00-04:00,stop,"[('2025-07-17 09:30:00-04:00', 1.0, 141.93, 'stop')]",2,-1.0952656249999966,-0.014614705677948293
CVX,XLE,Improving,2025-08-01,2025-08-04 10:45:00-04:00,2025-08-04 11:00:00-04:00,143.86,141.2,VAL,149.5,swing_high,153.5,2.09,1.01,vwap_reclaim,67.1,0.83,2,2025-08-22 15:45:00-04:00,time,"[('2025-08-15 11:30:00-04:00', 0.5, 149.5, 'tp1'), ('2025-08-22 15:45:00-04:00', 0.5, 152.14, 'time')]",15,2.561150375939818,0.04735617961907396
CVX,XLE,Improving,2025-09-05,2025-09-08 11:00:00-04:00,2025-09-08 11:15:00-04:00,148.42,145.44,swing_low,155.72,swing_high,158.83,2.45,1.1,level_bounce,69.9,0.71,2,2025-09-26 15:45:00-04:00,time,"[('2025-09-26 15:45:00-04:00', 1.0, 154.06, 'time')]",15,1.8418657718120919,0.03698126937070486
D,XLU,Improving,2023-12-04,2023-12-05 11:30:00-05:00,2023-12-05 11:45:00-05:00,40.28,39.55,swing_low,42.78,swing_high,43.89,3.42,1.01,vwap_reclaim,49.2,0.26,2,2023-12-14 09:30:00-05:00,tp2,"[('2023-12-13 14:15:00-05:00', 0.5, 42.78, 'tp1'), ('2023-12-14 09:30:00-05:00', 0.5, 44.08, 'tp2')]",7,4.2577328767123035,0.0771634806355511
D,XLU,Improving,2023-12-15,2023-12-20 12:30:00-05:00,2023-12-20 12:45:00-05:00,42.09,41.55,POC,45.3,LRC_upper,46.89,5.94,5.17,level_bounce,71.5,0.78,3,2023-12-20 15:45:00-05:00,stop,"[('2023-12-20 15:45:00-05:00', 1.0, 41.55, 'stop')]",0,-1.0774444444444435,-0.013823235923022242
D,XLU,Improving,2026-06-25,2026-06-29 15:15:00-04:00,2026-06-29 15:30:00-04:00,68.46,67.31,VAH,70.92,LRC_upper,72.43,2.14,1.03,vwap_reclaim,64.7,0.78,2,2026-07-01 09:45:00-04:00,stop,"[('2026-07-01 09:45:00-04:00', 1.0, 67.31, 'stop')]",2,-1.0590304347826092,-0.017789731229915156
DAL,XLI,Improving,2024-02-08,2024-02-09 13:15:00-05:00,2024-02-09 13:30:00-05:00,39.13,38.05,AVWAP,41.34,swing_high,42.62,2.05,1.04,level_bounce,44.4,0.0,2,2024-03-01 15:45:00-05:00,time,"[('2024-02-29 10:00:00-05:00', 0.5, 41.34, 'tp1'), ('2024-03-01 15:45:00-05:00', 0.5, 40.99, 'time')]",15,1.847085648148139,0.0509801303347815
DASH,XLY,Improving,2024-02-16,2024-02-20 12:30:00-05:00,2024-02-20 12:45:00-05:00,112.3,108.8,AVWAP,123.4,LRC_upper,130.61,3.15,1.51,vwap_reclaim,69.2,0.68,3,2024-03-04 09:30:00-05:00,tp2,"[('2024-02-22 09:30:00-05:00', 0.5, 123.4, 'tp1'), ('2024-03-04 09:30:00-05:00', 0.5, 132.01, 'tp2')]",9,4.367142142857143,0.13610861531611756
DASH,XLY,Improving,2025-07-14,2025-07-16 11:45:00-04:00,2025-07-16 12:00:00-04:00,236.02,229.51,VAL,257.96,LRC_upper,271.3,3.19,1.18,vwap_reclaim,77.7,0.89,3,2025-07-16 15:45:00-04:00,lrc_break,"[('2025-07-16 15:45:00-04:00', 1.0, 234.489, 'lrc_break')]",1,-0.2713140552995393,-0.0074834950427930085
DASH,XLY,Improving,2025-07-28,2025-07-29 13:45:00-04:00,2025-07-29 14:00:00-04:00,242.73,236.68,POC,261.58,LRC_upper,271.34,3.12,1.44,vwap_reclaim,78.6,0.88,3,2025-08-07 09:30:00-04:00,tp2,"[('2025-08-07 09:30:00-04:00', 0.5, 272.64, 'tp1'), ('2025-08-07 09:30:00-04:00', 0.5, 272.64, 'tp2')]",7,4.901209090909104,0.12216172290198986
DASH,XLY,Improving,2025-08-13,2025-08-15 10:15:00-04:00,2025-08-15 10:30:00-04:00,249.19,243.28,VAL,271.79,LRC_upper,282.71,3.83,1.18,level_bounce,79.0,0.84,3,2025-08-20 09:30:00-04:00,stop,"[('2025-08-20 09:30:00-04:00', 1.0, 243.28, 'stop')]",3,-1.0416641285956008,-0.024704984148641588
DD,XLI,Improving,2025-08-29,2025-09-02 13:00:00-04:00,2025-09-02 13:15:00-04:00,92.8,90.57,VAH,99.34,LRC_upper,108.76,2.95,1.42,vwap_reclaim,55.6,0.27,3,2025-09-22 15:45:00-04:00,time,"[('2025-09-22 15:45:00-04:00', 1.0, 96.55, 'time')]",15,1.6391591928251092,0.03938927801724138
DD,XLI,Improving,2025-10-08,2025-10-09 11:15:00-04:00,2025-10-09 11:30:00-04:00,96.38,93.56,VAL,102.27,LRC_upper,106.03,2.13,4.05,level_bounce,62.7,0.75,2,2025-10-10 11:30:00-04:00,stop,"[('2025-10-10 11:30:00-04:00', 1.0, 93.56, 'stop')]",1,-1.0336773049645391,-0.030244552811786608
DD,XLI,Improving,2025-12-11,2025-12-15 14:45:00-05:00,2025-12-15 15:00:00-05:00,120.84,118.03,VAH,131.68,LRC_upper,136.59,3.84,1.03,vwap_reclaim,73.3,0.81,2,2026-01-06 15:45:00-05:00,time,"[('2026-01-06 15:45:00-05:00', 1.0, 128.78, 'time')]",15,2.781206405693947,0.06467386626944718
DD,XLI,Improving,2026-06-15,2026-06-16 12:30:00-04:00,2026-06-16 12:45:00-04:00,144.7,141.24,POC,152.33,swing_high,156.07,2.22,1.32,vwap_reclaim,43.9,0.12,2,2026-06-23 09:30:00-04:00,stop,"[('2026-06-23 09:30:00-04:00', 1.0, 141.24, 'stop')]",4,-1.041320809248555,-0.024899585348997787
DECK,XLY,Improving,2024-02-16,2024-02-20 14:45:00-05:00,2024-02-20 15:00:00-05:00,143.7,140.65,VAH,150.3,LRC_upper,153.48,2.27,1.29,vwap_reclaim,78.6,0.73,3,2024-03-04 09:30:00-05:00,tp2,"[('2024-03-01 10:15:00-05:00', 0.5, 150.3, 'tp1'), ('2024-03-04 09:30:00-05:00', 0.5, 154.87, 'tp2')]",9,2.8645434426229732,0.060799286708420455
DECK,XLY,Improving,2024-06-25,2024-06-26 15:30:00-04:00,2024-06-26 15:45:00-04:00,163.95,158.96,AVWAP,177.65,POC,184.48,2.66,1.03,vwap_reclaim,71.2,0.72,2,2024-07-01 09:45:00-04:00,stop,"[('2024-07-01 09:45:00-04:00', 1.0, 158.83, 'stop')]",3,-1.0583947895791577,-0.03221341872522096
DECK,XLY,Improving,2026-07-13,2026-07-15 12:45:00-04:00,2026-07-15 13:00:00-04:00,107.52,104.71,POC,113.87,swing_high,119.61,2.15,1.97,level_bounce,42.5,0.13,2,2026-07-20 09:30:00-04:00,stop,"[('2026-07-20 09:30:00-04:00', 1.0, 104.71, 'stop')]",3,-1.0377633451957295,-0.027121605282738118
DELL,XLK,Improving,2024-04-18,2024-04-22 13:30:00-04:00,2024-04-22 13:45:00-04:00,111.77,108.6,POC,126.19,swing_high,140.98,4.58,1.18,level_bounce,72.2,0.71,2,2024-05-10 15:45:00-04:00,time,"[('2024-05-08 10:00:00-04:00', 0.5, 126.19, 'tp1'), ('2024-05-10 15:45:00-04:00', 0.5, 128.28, 'time')]",15,4.840850946372238,0.1372953162744923
DG,XLP,Improving,2024-02-05,2024-02-06 14:00:00-05:00,2024-02-06 14:15:00-05:00,127.01,124.55,VAL,132.57,swing_high,147.93,2.21,1.0,level_bounce,54.4,0.38,2,2024-02-13 10:00:00-05:00,stop,"[('2024-02-13 10:00:00-05:00', 1.0, 124.55, 'stop')]",5,-1.0511300813008126,-0.02035886938036381
DGX,XLV,Improving,2023-11-30,2023-12-01 10:30:00-05:00,2023-12-01 10:45:00-05:00,129.95,128.55,VAH,134.07,LRC_upper,137.27,3.18,3.46,level_bounce,70.5,0.84,2,2023-12-05 11:00:00-05:00,stop,"[('2023-12-05 11:00:00-05:00', 1.0, 128.55, 'stop')]",2,-1.0923214285714302,-0.01176798768757197
DGX,XLV,Improving,2023-12-14,2023-12-15 12:45:00-05:00,2023-12-15 13:00:00-05:00,128.98,127.63,POC,133.8,swing_high,136.82,3.35,3.08,vwap_reclaim,73.6,0.86,3,2023-12-15 15:45:00-05:00,lrc_break,"[('2023-12-15 15:45:00-05:00', 1.0, 128.05, 'lrc_break')]",1,-0.7840851851851725,-0.008206815010078914
DGX,XLV,Improving,2023-12-18,2023-12-19 13:15:00-05:00,2023-12-19 13:30:00-05:00,128.24,127.13,swing_low,133.8,swing_high,137.22,4.85,1.49,level_bounce,71.2,0.82,2,2023-12-20 15:45:00-05:00,lrc_break,"[('2023-12-20 15:45:00-05:00', 1.0, 127.82, 'lrc_break')]",2,-0.493720720720729,-0.004273471615720647
DGX,XLV,Improving,2024-05-24,2024-05-28 15:30:00-04:00,2024-05-28 15:45:00-04:00,133.66,131.04,VAL,139.63,52w_high,144.06,2.28,1.23,vwap_reclaim,70.6,0.76,3,2024-06-14 15:45:00-04:00,lrc_break,"[('2024-06-14 15:45:00-04:00', 1.0, 132.17, 'lrc_break')]",14,-0.6194332061068727,-0.012142114319916275
DGX,XLV,Improving,2024-12-05,2024-12-06 15:30:00-05:00,2024-12-06 15:45:00-05:00,152.6,151.32,AVWAP,157.19,POC,160.16,3.52,6.13,vwap_reclaim,58.5,0.68,2,2024-12-11 10:15:00-05:00,stop,"[('2024-12-11 10:15:00-05:00', 1.0, 151.32, 'stop')]",3,-1.1187187499999998,-0.00938374836173002
DGX,XLV,Improving,2025-06-25,2025-06-26 15:15:00-04:00,2025-06-26 15:30:00-04:00,172.42,170.69,AVWAP,178.42,52w_high,182.17,3.47,1.88,level_bounce,54.8,0.3,3,2025-07-07 11:15:00-04:00,stop,"[('2025-07-07 11:15:00-04:00', 1.0, 170.69, 'stop')]",6,-1.0991647398843938,-0.011028621969609036
DGX,XLV,Improving,2025-09-02,2025-09-03 11:00:00-04:00,2025-09-03 11:15:00-04:00,175.51,172.56,VAL,182.42,swing_high,185.48,2.35,1.26,vwap_reclaim,45.8,0.15,2,2025-09-23 15:45:00-04:00,time,"[('2025-09-23 09:30:00-04:00', 0.5, 182.42, 'tp1'), ('2025-09-23 15:45:00-04:00', 0.5, 183.77, 'time')]",15,2.510405932203402,0.04219530226197942
DGX,XLV,Improving,2026-04-08,2026-04-09 11:45:00-04:00,2026-04-09 12:00:00-04:00,197.04,193.31,POC,211.56,swing_high,216.25,3.72,1.03,level_bounce,52.2,0.05,2,2026-04-10 10:15:00-04:00,stop,"[('2026-04-10 10:15:00-04:00', 1.0, 193.31, 'stop')]",1,-1.0523257372654156,-0.019920701380430318
DHI,XLY,Improving,2024-08-28,2024-08-30 14:00:00-04:00,2024-08-30 14:15:00-04:00,182.52,179.42,VAH,189.22,52w_high,203.3,2.18,1.01,vwap_reclaim,72.7,0.82,2,2024-09-03 15:30:00-04:00,stop,"[('2024-09-03 15:30:00-04:00', 1.0, 179.42, 'stop')]",1,-1.0583774193548383,-0.01797594784133258
DHR,XLV,Improving,2023-12-06,2023-12-07 15:30:00-05:00,2023-12-07 15:45:00-05:00,215.91,212.31,swing_low,223.3,swing_high,228.42,2.04,1.65,vwap_reclaim,45.2,0.01,3,2023-12-08 11:45:00-05:00,stop,"[('2023-12-08 11:45:00-05:00', 1.0, 212.31, 'stop')]",1,-1.059475,-0.01766527719883282
DHR,XLV,Improving,2024-01-02,2024-01-03 11:30:00-05:00,2024-01-03 11:45:00-05:00,229.03,224.7,VAH,238.98,52w_high,243.31,2.25,1.98,vwap_reclaim,71.3,0.86,3,2024-01-09 14:30:00-05:00,stop,"[('2024-01-09 14:30:00-05:00', 1.0, 224.7, 'stop')]",4,-1.05239376443418,-0.01989636728812825
DHR,XLV,Improving,2025-06-20,2025-06-23 13:30:00-04:00,2025-06-23 13:45:00-04:00,193.37,190.39,AVWAP,201.39,swing_high,212.49,2.81,1.09,vwap_reclaim,47.1,0.13,3,2025-07-14 15:45:00-04:00,time,"[('2025-06-26 10:00:00-04:00', 0.5, 201.39, 'tp1'), ('2025-07-14 15:45:00-04:00', 0.5, 196.33, 'time')]",15,1.7764714765100547,0.027376971608832783
DHR,XLV,Improving,2025-08-26,2025-08-27 13:15:00-04:00,2025-08-27 13:30:00-04:00,203.23,200.25,swing_low,212.37,swing_high,276.37,3.08,1.15,level_bounce,56.5,0.29,3,2025-09-02 09:45:00-04:00,stop,"[('2025-09-02 09:45:00-04:00', 1.0, 200.25, 'stop')]",3,-1.0676979865771814,-0.015655857894995767
DIS,XLC,Improving,2024-03-19,2024-03-20 10:30:00-04:00,2024-03-20 10:45:00-04:00,111.71,108.87,POC,120.29,LRC_upper,122.81,2.99,3.81,vwap_reclaim,84.7,0.86,3,2024-04-10 15:45:00-04:00,time,"[('2024-03-28 10:00:00-04:00', 0.5, 120.29, 'tp1'), ('2024-04-10 15:45:00-04:00', 0.5, 113.97, 'time')]",15,1.868161971830996,0.047494226121206774
DLR,XLRE,Improving,2024-03-18,2024-03-19 12:15:00-04:00,2024-03-19 12:30:00-04:00,130.42,127.6,swing_low,137.4,swing_high,142.11,2.49,2.64,vwap_reclaim,56.6,0.38,3,2024-03-25 10:15:00-04:00,stop,"[('2024-03-25 10:15:00-04:00', 1.0, 127.6, 'stop')]",4,-1.0457482269503549,-0.022611639319122783
DLR,XLRE,Improving,2025-06-03,2025-06-04 10:15:00-04:00,2025-06-04 10:30:00-04:00,166.86,162.77,VAH,175.53,swing_high,187.0,2.14,2.9,level_bounce,71.2,0.81,2,2025-06-25 15:45:00-04:00,lrc_break,"[('2025-06-25 15:45:00-04:00', 1.0, 166.25, 'lrc_break')]",15,-0.18986674816626234,-0.0046539314395302265
DLR,XLRE,Improving,2025-10-07,2025-10-09 11:45:00-04:00,2025-10-09 12:00:00-04:00,169.63,167.08,POC,175.0,swing_high,187.0,2.06,1.16,vwap_reclaim,47.9,0.08,3,2025-10-10 11:30:00-04:00,stop,"[('2025-10-10 11:30:00-04:00', 1.0, 167.08, 'stop')]",1,-1.0660215686274515,-0.016025201910039397
DLR,XLRE,Improving,2025-10-17,2025-10-20 14:30:00-04:00,2025-10-20 14:45:00-04:00,167.14,165.08,VAL,172.5,swing_high,176.53,2.44,1.02,level_bounce,59.2,0.48,3,2025-10-21 09:45:00-04:00,stop,"[('2025-10-21 09:45:00-04:00', 1.0, 165.08, 'stop')]",1,-1.0806359223300983,-0.013318834509991469
DLR,XLRE,Improving,2025-10-24,2025-10-27 15:15:00-04:00,2025-10-27 15:30:00-04:00,173.78,170.01,VAH,187.0,52w_high,191.28,3.51,1.6,vwap_reclaim,67.8,0.55,3,2025-10-28 09:30:00-04:00,stop,"[('2025-10-28 09:30:00-04:00', 1.0, 170.01, 'stop')]",1,-1.0455954907161802,-0.022683248935435666
DLTR,XLP,Improving,2024-01-18,2024-01-19 13:15:00-05:00,2024-01-19 13:30:00-05:00,130.675,127.38,AVWAP,139.1,swing_high,145.09,2.56,1.58,vwap_reclaim,73.3,0.84,3,2024-01-19 15:45:00-05:00,lrc_break,"[('2024-01-19 15:45:00-05:00', 1.0, 130.51, 'lrc_break')]",1,-0.08970940819423946,-0.0022620432370386106
DLTR,XLP,Improving,2024-03-15,2024-03-18 12:00:00-04:00,2024-03-18 12:15:00-04:00,127.535,123.0,swing_low,138.12,swing_high,145.09,2.32,1.36,level_bounce,47.8,0.26,2,2024-03-18 15:45:00-04:00,lrc_break,"[('2024-03-18 15:45:00-04:00', 1.0, 127.27, 'lrc_break')]",1,-0.08652756339581055,-0.00307682204884934
DLTR,XLP,Improving,2025-07-02,2025-07-03 12:30:00-04:00,2025-07-03 12:45:00-04:00,102.1075,100.28,VAH,109.36,52w_high,112.09,3.91,1.32,level_bounce,85.9,0.94,3,2025-07-21 09:30:00-04:00,tp2,"[('2025-07-11 09:45:00-04:00', 0.5, 109.36, 'tp1'), ('2025-07-21 09:30:00-04:00', 0.5, 112.46, 'tp2')]",11,4.758408344733238,0.08516505888401925
DLTR,XLP,Improving,2025-08-06,2025-08-07 12:00:00-04:00,2025-08-07 12:15:00-04:00,116.07,114.23,POC,121.11,LRC_upper,123.25,2.65,1.06,vwap_reclaim,85.8,0.95,3,2025-08-11 12:30:00-04:00,stop,"[('2025-08-11 12:30:00-04:00', 1.0, 114.23, 'stop')]",2,-1.0625815217391308,-0.016844576548634353
DLTR,XLP,Improving,2025-08-12,2025-08-13 10:45:00-04:00,2025-08-13 11:00:00-04:00,113.69,111.61,swing_low,118.06,52w_high,122.95,2.06,1.39,level_bounce,81.8,0.94,3,2025-08-14 15:45:00-04:00,lrc_break,"[('2025-08-14 15:45:00-04:00', 1.0, 114.61, 'lrc_break')]",2,0.38742788461538574,0.007088134400562949
DLTR,XLP,Improving,2026-06-16,2026-06-17 11:45:00-04:00,2026-06-17 12:00:00-04:00,109.13,106.33,swing_low,116.97,swing_high,135.18,2.77,1.09,vwap_reclaim,39.3,0.12,2,2026-06-17 14:45:00-04:00,stop,"[('2026-06-17 14:45:00-04:00', 1.0, 106.33, 'stop')]",0,-1.038475,-0.026644644002565724
DLTR,XLP,Improving,2026-08-28,2026-08-31 15:30:00-04:00,2026-08-31 15:45:00-04:00,126.055,123.29,AVWAP,137.07,swing_high,142.4,3.99,1.23,vwap_reclaim,71.8,0.69,3,2026-08-31 15:45:00-04:00,lrc_break,"[('2026-08-31 15:45:00-04:00', 1.0, 126.64, 'lrc_break')]",1,0.16587793851717672,0.0036385109674348
DOC,XLRE,Improving,2024-06-28,2024-07-01 14:30:00-04:00,2024-07-01 14:45:00-04:00,16.84,16.49,AVWAP,17.59,52w_high,17.97,2.14,1.23,vwap_reclaim,51.5,0.38,2,2024-07-16 09:30:00-04:00,tp2,"[('2024-07-11 09:45:00-04:00', 0.5, 17.59, 'tp1'), ('2024-07-16 09:30:00-04:00', 0.5, 17.98, 'tp2')]",10,2.6505357142857044,0.05508833135391926
DOC,XLRE,Improving,2025-07-25,2025-07-29 11:00:00-04:00,2025-07-29 11:15:00-04:00,15.93,15.64,swing_low,16.82,POC,17.56,3.07,1.5,level_bounce,58.0,0.68,3,2025-07-29 15:45:00-04:00,lrc_break,"[('2025-07-29 15:45:00-04:00', 1.0, 16.11, 'lrc_break')]",1,0.5654482758620696,0.010293785310734445
DOC,XLRE,Improving,2026-07-07,2026-07-08 14:00:00-04:00,2026-07-08 14:15:00-04:00,21.4,20.94,VAH,23.24,LRC_upper,23.92,4.0,1.06,vwap_reclaim,79.2,0.74,3,2026-07-28 15:45:00-04:00,time,"[('2026-07-28 15:45:00-04:00', 1.0, 22.6, 'time')]",15,2.5608695652174123,0.05504672897196275
DOW,XLB,Improving,2023-12-11,2023-12-12 14:15:00-05:00,2023-12-12 14:30:00-05:00,43.51,42.88,swing_low,45.08,swing_high,46.79,2.55,1.39,level_bounce,44.5,0.21,2,2023-12-19 10:45:00-05:00,tp2,"[('2023-12-14 09:30:00-05:00', 0.5, 45.1, 'tp1'), ('2023-12-19 10:45:00-05:00', 0.5, 46.79, 'tp2')]",5,3.794083333333364,0.0549361641002069
DPZ,XLY,Improving,2024-06-10,2024-06-11 10:45:00-04:00,2024-06-11 11:00:00-04:00,502.99,496.37,VAH,519.89,52w_high,527.89,2.49,1.5,level_bounce,58.2,0.37,2,2024-06-21 13:15:00-04:00,stop,"[('2024-06-21 13:15:00-04:00', 1.0, 496.37, 'stop')]",7,-1.0754803625377642,-0.014154714805463337
DPZ,XLY,Improving,2024-06-26,2024-06-27 15:00:00-04:00,2024-06-27 15:15:00-04:00,495.89,490.38,AVWAP,517.83,swing_high,530.27,3.75,1.08,level_bounce,59.8,0.53,2,2024-07-01 09:45:00-04:00,stop,"[('2024-07-01 09:45:00-04:00', 1.0, 489.44, 'stop')]",2,-1.2600117967332123,-0.014000413398132627
DPZ,XLY,Improving,2026-08-14,2026-08-18 09:45:00-04:00,2026-08-18 10:00:00-04:00,337.66,329.34,VAL,371.06,swing_high,409.42,3.48,1.1,level_bounce,63.8,0.61,2,2026-08-20 09:30:00-04:00,stop,"[('2026-08-20 09:30:00-04:00', 1.0, 329.34, 'stop')]",2,-1.0400841346153844,-0.025627850500503615
DPZ,XLY,Improving,2026-08-24,2026-08-25 12:00:00-04:00,2026-08-25 12:15:00-04:00,348.01,337.64,swing_low,371.06,swing_high,384.22,2.22,2.86,vwap_reclaim,66.0,0.61,2,2026-08-27 09:30:00-04:00,stop,"[('2026-08-27 09:30:00-04:00', 1.0, 337.32, 'stop')]",2,-1.0639021215043387,-0.03170214936352403
DRI,XLY,Improving,2023-11-27,2023-11-29 11:45:00-05:00,2023-11-29 12:00:00-05:00,142.37,139.66,swing_low,147.95,LRC_upper,151.44,2.06,1.16,vwap_reclaim,61.1,0.52,3,2023-12-15 09:30:00-05:00,breakeven,"[('2023-12-04 09:45:00-05:00', 0.5, 147.95, 'tp1'), ('2023-12-15 09:30:00-05:00', 0.5, 142.25, 'breakeven')]",12,0.9543413284132776,0.01816580037929332
DRI,XLY,Improving,2024-02-13,2024-02-14 15:00:00-05:00,2024-02-14 15:15:00-05:00,148.37,145.73,swing_low,155.0,swing_high,159.02,2.55,1.04,vwap_reclaim,54.8,0.32,3,2024-03-04 09:30:00-05:00,tp2,"[('2024-02-22 09:45:00-05:00', 0.5, 155.0, 'tp1'), ('2024-03-04 09:30:00-05:00', 0.5, 159.18, 'tp2')]",12,3.2451780303030118,0.05774260295207925
DTE,XLU,Improving,2024-01-04,2024-01-05 15:30:00-05:00,2024-01-05 15:45:00-05:00,100.49,98.83,swing_low,103.9,swing_high,105.67,2.11,1.01,vwap_reclaim,70.7,0.92,2,2024-01-11 10:00:00-05:00,stop,"[('2024-01-11 10:00:00-05:00', 1.0, 98.83, 'stop')]",4,-1.0600361445783135,-0.017510797094238202
DTE,XLU,Improving,2026-01-29,2026-01-30 14:00:00-05:00,2026-01-30 14:15:00-05:00,130.29,128.82,swing_low,134.88,LRC_upper,138.97,3.01,4.06,level_bounce,46.3,0.01,3,2026-02-12 11:00:00-05:00,tp2,"[('2026-02-10 13:30:00-05:00', 0.5, 134.88, 'tp1'), ('2026-02-12 11:00:00-05:00', 0.5, 138.97, 'tp2')]",9,4.422715986394564,0.04989939749788937
DUK,XLU,Improving,2024-01-10,2024-01-11 14:15:00-05:00,2024-01-11 14:30:00-05:00,88.03,87.21,POC,91.85,52w_high,94.35,4.66,1.21,level_bounce,73.3,0.92,3,2024-01-11 15:45:00-05:00,lrc_break,"[('2024-01-11 15:45:00-05:00', 1.0, 87.77, 'lrc_break')]",1,-0.4242682926829292,-0.003952061797114678
DUK,XLU,Improving,2025-09-24,2025-09-25 14:30:00-04:00,2025-09-25 14:45:00-04:00,118.52,117.77,VAH,122.07,swing_high,123.75,4.81,1.01,level_bounce,44.9,0.16,2,2025-09-29 09:45:00-04:00,stop,"[('2025-09-29 09:45:00-04:00', 1.0, 117.77, 'stop')]",2,-1.1575266666666666,-0.007324881876476544
DUK,XLU,Improving,2025-09-30,2025-10-01 14:15:00-04:00,2025-10-01 14:30:00-04:00,118.75,117.98,VAH,121.41,swing_high,122.98,3.29,1.09,level_bounce,46.6,0.06,3,2025-10-02 09:30:00-04:00,stop,"[('2025-10-02 09:30:00-04:00', 1.0, 117.38, 'stop')]",1,-1.932551948051964,-0.012531073684210565
DUK,XLU,Improving,2026-07-06,2026-07-09 15:15:00-04:00,2026-07-09 15:30:00-04:00,124.16,122.7,swing_low,127.61,swing_high,131.28,2.41,1.1,level_bounce,40.4,0.01,3,2026-07-17 12:45:00-04:00,breakeven,"[('2026-07-17 09:30:00-04:00', 0.5, 127.61, 'tp1'), ('2026-07-17 12:45:00-04:00', 0.5, 124.16, 'breakeven')]",6,1.0958750000000057,0.012886416720360836
DVA,XLV,Improving,2023-12-14,2023-12-15 13:15:00-05:00,2023-12-15 13:30:00-05:00,106.22,101.8,swing_low,116.97,52w_high,122.35,2.47,1.32,vwap_reclaim,70.5,0.71,3,2023-12-20 15:45:00-05:00,lrc_break,"[('2023-12-20 15:45:00-05:00', 1.0, 103.86, 'lrc_break')]",4,-0.557701357466063,-0.023206929015251357
DVA,XLV,Improving,2024-06-14,2024-06-17 11:45:00-04:00,2024-06-17 12:00:00-04:00,140.47,138.16,AVWAP,145.04,swing_high,150.95,2.13,2.74,vwap_reclaim,57.7,0.64,2,2024-06-20 12:45:00-04:00,breakeven,"[('2024-06-20 09:45:00-04:00', 0.5, 145.04, 'tp1'), ('2024-06-20 12:45:00-04:00', 0.5, 140.47, 'breakeven')]",2,0.9278733766233743,0.015258685128497165
DVA,XLV,Improving,2025-01-08,2025-01-10 14:45:00-05:00,2025-01-10 15:00:00-05:00,154.58,151.25,POC,165.14,swing_high,168.84,3.09,1.39,vwap_reclaim,48.6,0.0,2,2025-01-13 09:30:00-05:00,stop,"[('2025-01-13 09:30:00-05:00', 1.0, 151.25, 'stop')]",1,-1.0459204204204202,-0.02253147237676292
DVA,XLV,Improving,2025-07-18,2025-07-21 11:45:00-04:00,2025-07-21 12:00:00-04:00,140.265,138.53,swing_low,146.94,LRC_upper,155.74,3.86,1.2,level_bounce,36.8,0.0,2,2025-07-31 15:45:00-04:00,breakeven,"[('2025-07-23 09:30:00-04:00', 0.5, 147.37, 'tp1'), ('2025-07-31 15:45:00-04:00', 0.5, 140.265, 'breakeven')]",8,1.9656822766570825,0.024314395964781018
DVA,XLV,Improving,2026-05-29,2026-06-01 13:00:00-04:00,2026-06-01 13:15:00-04:00,190.525,187.61,VAL,202.42,swing_high,222.25,3.91,1.02,vwap_reclaim,70.8,0.67,3,2026-06-02 15:00:00-04:00,stop,"[('2026-06-02 15:00:00-04:00', 1.0, 187.61, 'stop')]",1,-1.064860205831904,-0.01629217950400206
DXCM,XLV,Improving,2023-12-18,2023-12-19 12:00:00-05:00,2023-12-19 12:15:00-05:00,123.57,119.9,VAH,131.68,LRC_upper,139.24,2.17,1.19,vwap_reclaim,86.6,0.95,3,2023-12-20 09:30:00-05:00,stop,"[('2023-12-20 09:30:00-05:00', 1.0, 119.9, 'stop')]",1,-1.0331702997275205,-0.030684915432548254
DXCM,XLV,Improving,2024-01-02,2024-01-04 10:30:00-05:00,2024-01-04 10:45:00-05:00,122.7569,117.52,POC,137.83,LRC_upper,143.4,2.85,1.55,level_bounce,85.8,0.93,3,2024-01-04 15:45:00-05:00,lrc_break,"[('2024-01-04 15:45:00-05:00', 1.0, 121.83, 'lrc_break')]",1,-0.20034628310641833,-0.008546920376777218
DXCM,XLV,Improving,2024-12-27,2024-12-30 15:00:00-05:00,2024-12-30 15:15:00-05:00,78.43,77.08,VAL,84.78,LRC_upper,117.19,4.62,8.24,vwap_reclaim,71.7,0.65,3,2025-01-10 10:00:00-05:00,stop,"[('2025-01-10 10:00:00-05:00', 1.0, 77.08, 'stop')]",7,-1.057596296296296,-0.018204194823409518
DXCM,XLV,Improving,2025-01-13,2025-01-14 14:30:00-05:00,2025-01-14 14:45:00-05:00,78.3,76.8,VAL,85.93,LRC_upper,142.0,5.09,1.52,vwap_reclaim,73.2,0.64,3,2025-02-04 15:45:00-05:00,time,"[('2025-01-17 09:30:00-05:00', 0.5, 86.32, 'tp1'), ('2025-02-04 15:45:00-05:00', 0.5, 87.46, 'time')]",15,5.671603333333331,0.10865140485312895
DXCM,XLV,Improving,2025-06-06,2025-06-09 14:15:00-04:00,2025-06-09 14:30:00-04:00,86.22,84.54,POC,89.59,swing_high,93.25,2.02,1.1,vwap_reclaim,67.1,0.82,2,2025-06-10 11:30:00-04:00,stop,"[('2025-06-10 11:30:00-04:00', 1.0, 84.54, 'stop')]",1,-1.0508214285714288,-0.02047529575504515
EBAY,XLY,Improving,2024-03-27,2024-03-28 10:00:00-04:00,2024-03-28 10:15:00-04:00,50.61,49.09,swing_low,53.78,LRC_upper,54.66,2.09,1.32,vwap_reclaim,79.2,0.87,2,2024-04-15 13:45:00-04:00,stop,"[('2024-04-15 13:45:00-04:00', 1.0, 49.09, 'stop')]",11,-1.032796052631579,-0.03101857340446544
EBAY,XLY,Improving,2024-06-26,2024-06-27 11:15:00-04:00,2024-06-27 11:30:00-04:00,51.5,50.84,VAL,53.55,52w_high,54.65,3.11,2.11,level_bounce,68.1,0.7,3,2024-07-01 09:30:00-04:00,stop,"[('2024-07-01 09:30:00-04:00', 1.0, 50.84, 'stop')]",2,-1.0775303030303036,-0.013809126213592168
EBAY,XLY,Improving,2026-06-03,2026-06-04 11:15:00-04:00,2026-06-04 11:30:00-04:00,109.27,104.72,VAL,118.62,52w_high,123.12,2.05,1.21,vwap_reclaim,79.9,0.83,3,2026-06-04 15:45:00-04:00,lrc_break,"[('2026-06-04 15:45:00-04:00', 1.0, 108.83, 'lrc_break')]",1,-0.12067032967032924,-0.005024709435343624
EBAY,XLY,Improving,2026-06-24,2026-06-25 10:15:00-04:00,2026-06-25 10:30:00-04:00,109.59,106.39,swing_low,118.62,52w_high,121.35,2.88,1.0,level_bounce,59.0,0.25,2,2026-07-16 15:45:00-04:00,time,"[('2026-07-16 15:45:00-04:00', 1.0, 110.58, 'time')]",15,0.27497343749999814,0.008029154119901403
ECHO,XLC,Improving,2024-05-31,2024-06-03 09:45:00-04:00,2024-06-03 10:00:00-04:00,19.37,18.52,VAH,24.8,52w_high,25.48,7.0,3.68,vwap_reclaim,89.8,0.86,3,2024-06-10 09:30:00-04:00,stop,"[('2024-06-10 09:30:00-04:00', 1.0, 18.52, 'stop')]",5,-1.0222882352941176,-0.04486035105833771
ECHO,XLC,Improving,2024-07-31,2024-08-01 14:15:00-04:00,2024-08-01 14:30:00-04:00,19.57,19.15,VAL,21.06,LRC_upper,24.8,3.39,1.94,level_bounce,50.7,0.22,2,2024-08-02 09:30:00-04:00,stop,"[('2024-08-02 09:30:00-04:00', 1.0, 19.15, 'stop')]",1,-1.046095238095238,-0.02245068983137464
ECL,XLB,Improving,2023-12-11,2023-12-12 09:45:00-05:00,2023-12-12 10:00:00-05:00,187.83,183.94,POC,197.72,LRC_upper,201.35,2.52,1.84,level_bounce,75.4,0.75,3,2024-01-03 15:45:00-05:00,lrc_break,"[('2024-01-03 15:45:00-05:00', 1.0, 190.7, 'lrc_break')]",15,0.68913496143958,0.014272134376829986
ECL,XLB,Improving,2025-06-06,2025-06-09 11:30:00-04:00,2025-06-09 11:45:00-04:00,261.93,259.65,POC,268.73,52w_high,275.83,3.11,1.84,level_bounce,63.6,0.57,3,2025-06-13 14:45:00-04:00,stop,"[('2025-06-13 14:45:00-04:00', 1.0, 259.65, 'stop')]",4,-1.114381578947367,-0.009700263429160576
ECL,XLB,Improving,2025-07-09,2025-07-10 13:00:00-04:00,2025-07-10 13:15:00-04:00,263.4,260.15,VAL,270.56,52w_high,276.29,2.15,1.13,vwap_reclaim,67.3,0.77,3,2025-07-16 09:30:00-04:00,stop,"[('2025-07-16 09:30:00-04:00', 1.0, 260.15, 'stop')]",4,-1.0805461538461538,-0.013332479119210329
ECL,XLB,Improving,2025-08-29,2025-09-02 13:30:00-04:00,2025-09-02 13:45:00-04:00,271.55,269.4,AVWAP,282.27,52w_high,286.26,5.01,1.26,level_bounce,61.6,0.45,3,2025-09-03 09:45:00-04:00,stop,"[('2025-09-03 09:45:00-04:00', 1.0, 269.4, 'stop')]",1,-1.1258023255813934,-0.008913551832075251
ECL,XLB,Improving,2026-08-20,2026-08-21 15:30:00-04:00,2026-08-21 15:45:00-04:00,280.02,275.37,VAL,293.21,LRC_upper,306.79,2.84,1.3,vwap_reclaim,61.8,0.26,3,2026-09-01 09:30:00-04:00,breakeven,"[('2026-08-26 09:30:00-04:00', 0.5, 293.21, 'tp1'), ('2026-09-01 09:30:00-04:00', 0.5, 280.02, 'breakeven')]",7,1.3573510752688236,0.022540113206199554
ED,XLU,Improving,2024-01-05,2024-01-09 11:00:00-05:00,2024-01-09 11:15:00-05:00,85.42,83.99,VAH,88.44,swing_high,89.67,2.09,1.23,vwap_reclaim,58.9,0.47,2,2024-01-11 10:00:00-05:00,stop,"[('2024-01-11 10:00:00-05:00', 1.0, 83.99, 'stop')]",2,-1.0592342657342655,-0.017732439709669947
ED,XLU,Improving,2024-01-16,2024-01-17 14:15:00-05:00,2024-01-17 14:30:00-05:00,82.43,81.71,POC,86.29,swing_high,89.56,5.36,1.32,level_bounce,50.5,0.38,2,2024-01-18 09:45:00-05:00,stop,"[('2024-01-18 09:45:00-05:00', 1.0, 81.71, 'stop')]",1,-1.113986111111109,-0.009730316632294225
EFX,XLI,Improving,2024-07-02,2024-07-08 13:15:00-04:00,2024-07-08 13:30:00-04:00,236.07,230.42,VAL,247.4,swing_high,256.33,2.07,1.06,vwap_reclaim,47.1,0.24,2,2024-07-15 10:30:00-04:00,tp2,"[('2024-07-11 14:30:00-04:00', 0.5, 247.4, 'tp1'), ('2024-07-15 10:30:00-04:00', 0.5, 256.33, 'tp2')]",5,2.7523951327433602,0.06587466641250478
EG,XLF,Improving,2025-09-05,2025-09-08 10:45:00-04:00,2025-09-08 11:00:00-04:00,330.25,326.49,swing_low,340.11,LRC_upper,357.24,2.72,1.73,level_bounce,46.1,0.08,3,2025-09-16 09:30:00-04:00,breakeven,"[('2025-09-11 15:45:00-04:00', 0.5, 340.11, 'tp1'), ('2025-09-16 09:30:00-04:00', 0.5, 326.83, 'breakeven')]",6,0.7681223404255335,0.008745314155942464
EIX,XLU,Improving,2025-09-29,2025-09-30 13:15:00-04:00,2025-09-30 13:30:00-04:00,52.25,51.31,AVWAP,54.62,swing_high,80.57,2.48,1.59,vwap_reclaim,53.7,0.34,2,2025-10-02 09:30:00-04:00,stop,"[('2025-10-02 09:30:00-04:00', 1.0, 51.31, 'stop')]",2,-1.055085106382979,-0.018981435406698523
EIX,XLU,Improving,2025-11-28,2025-12-02 11:15:00-05:00,2025-12-02 11:30:00-05:00,56.06,54.67,AVWAP,58.87,LRC_upper,80.57,2.02,1.24,vwap_reclaim,65.6,0.66,3,2025-12-03 13:00:00-05:00,stop,"[('2025-12-03 13:00:00-05:00', 1.0, 54.67, 'stop')]",1,-1.0398309352517987,-0.025782465215840183
EIX,XLU,Improving,2025-12-23,2025-12-24 12:45:00-05:00,2025-12-24 13:00:00-05:00,57.83,55.73,POC,73.64,52w_high,75.7,7.65,2.55,vwap_reclaim,63.3,0.37,2,2026-01-15 15:45:00-05:00,time,"[('2026-01-15 15:45:00-05:00', 1.0, 60.08, 'time')]",15,1.0433547619047612,0.037887688051184504
EL,XLP,Improving,2024-01-04,2024-01-05 14:00:00-05:00,2024-01-05 14:15:00-05:00,131.16,128.87,swing_low,136.02,swing_high,143.84,2.16,1.14,level_bounce,52.9,0.58,2,2024-01-10 11:00:00-05:00,stop,"[('2024-01-10 11:00:00-05:00', 1.0, 128.87, 'stop')]",3,-1.056775109170306,-0.01845086154315334
EL,XLP,Improving,2024-03-01,2024-03-04 13:00:00-05:00,2024-03-04 13:15:00-05:00,141.29,138.19,POC,150.37,LRC_upper,244.65,2.88,1.14,vwap_reclaim,46.1,0.06,2,2024-03-06 10:00:00-05:00,stop,"[('2024-03-06 10:00:00-05:00', 1.0, 138.19, 'stop')]",2,-1.0450774193548389,-0.02292971901762329
EL,XLP,Improving,2024-03-14,2024-03-15 10:30:00-04:00,2024-03-15 10:45:00-04:00,145.09,142.32,VAH,151.98,swing_high,244.65,2.51,1.19,vwap_reclaim,67.0,0.64,3,2024-03-18 09:30:00-04:00,stop,"[('2024-03-18 09:30:00-04:00', 1.0, 142.32, 'stop')]",1,-1.051879061371841,-0.02008205251912613
EL,XLP,Improving,2026-09-02,2026-09-03 14:15:00-04:00,2026-09-03 14:30:00-04:00,100.14,97.63,POC,107.93,LRC_upper,120.38,3.07,1.09,vwap_reclaim,76.3,0.67,3,2026-09-09 11:00:00-04:00,stop,"[('2026-09-09 11:00:00-04:00', 1.0, 97.63, 'stop')]",3,-1.0393964143426295,-0.02605237667265833
ELV,XLV,Improving,2024-06-13,2024-06-14 12:45:00-04:00,2024-06-14 13:00:00-04:00,513.07,507.86,swing_low,542.36,LRC_upper,551.71,5.08,1.42,level_bounce,63.1,0.38,3,2024-06-18 15:00:00-04:00,stop,"[('2024-06-18 15:00:00-04:00', 1.0, 507.86, 'stop')]",2,-1.097977927063339,-0.011149482526750805
ELV,XLV,Improving,2026-06-09,2026-06-10 11:15:00-04:00,2026-06-10 11:30:00-04:00,409.66,396.58,VAH,443.95,LRC_upper,468.25,2.57,2.36,vwap_reclaim,80.2,0.92,3,2026-06-11 09:30:00-04:00,stop,"[('2026-06-11 09:30:00-04:00', 1.0, 396.58, 'stop')]",1,-1.0308195718654434,-0.03291295220426705
EME,XLI,Improving,2023-12-01,2023-12-06 13:30:00-05:00,2023-12-06 13:45:00-05:00,210.55,208.18,POC,217.71,swing_high,222.65,2.97,1.32,level_bounce,41.0,0.17,2,2023-12-21 13:45:00-05:00,breakeven,"[('2023-12-12 13:30:00-05:00', 0.5, 217.72, 'tp1'), ('2023-12-21 13:45:00-05:00', 0.5, 210.55, 'breakeven')]",11,1.4230622362869145,0.01601832106388028
EME,XLI,Improving,2025-11-14,2025-11-18 11:00:00-05:00,2025-11-18 11:15:00-05:00,610.31,585.81,swing_low,662.71,swing_high,699.74,2.03,2.24,level_bounce,43.6,0.17,2,2025-11-20 15:30:00-05:00,stop,"[('2025-11-20 15:30:00-05:00', 1.0, 585.81, 'stop')]",2,-1.024410612244898,-0.04112346184725796
EOG,XLE,Improving,2024-07-25,2024-07-26 13:00:00-04:00,2024-07-26 13:15:00-04:00,119.25,116.56,AVWAP,125.31,LRC_upper,129.01,2.24,1.01,level_bounce,43.4,0.1,2,2024-07-29 10:30:00-04:00,stop,"[('2024-07-29 10:30:00-04:00', 1.0, 116.56, 'stop')]",1,-1.0438308550185873,-0.023546373165618428
EOG,XLE,Improving,2024-10-15,2024-10-16 15:30:00-04:00,2024-10-16 15:45:00-04:00,119.59,116.43,AVWAP,126.53,swing_high,129.29,2.16,1.17,vwap_reclaim,50.3,0.06,3,2024-10-25 12:30:00-04:00,stop,"[('2024-10-25 12:30:00-04:00', 1.0, 116.43, 'stop')]",7,-1.0373449367088607,-0.027410402207542407
EOG,XLE,Improving,2025-07-11,2025-07-14 13:15:00-04:00,2025-07-14 13:30:00-04:00,116.99,114.97,VAL,123.18,swing_high,127.08,3.04,1.28,vwap_reclaim,59.5,0.66,2,2025-07-15 13:00:00-04:00,stop,"[('2025-07-15 13:00:00-04:00', 1.0, 114.97, 'stop')]",1,-1.0574158415841586,-0.018257799811949707
EOG,XLE,Improving,2025-07-17,2025-07-18 09:45:00-04:00,2025-07-18 10:00:00-04:00,114.91,112.34,swing_low,119.9,swing_high,123.18,2.09,1.26,level_bounce,60.6,0.59,2,2025-08-01 10:30:00-04:00,stop,"[('2025-08-01 10:30:00-04:00', 1.0, 112.34, 'stop')]",10,-1.0442120622568094,-0.023354146723522696
EQIX,XLRE,Improving,2025-05-30,2025-06-02 10:45:00-04:00,2025-06-02 11:00:00-04:00,861.78,847.17,VAH,910.03,swing_high,928.93,3.11,1.44,level_bounce,57.3,0.44,2,2025-06-23 15:45:00-04:00,time,"[('2025-06-23 15:45:00-04:00', 1.0, 865.57, 'time')]",15,0.2002960301163638,0.003395675230337299
EQT,XLE,Improving,2024-10-16,2024-10-21 15:15:00-04:00,2024-10-21 15:30:00-04:00,35.51,34.92,VAL,37.38,swing_high,40.51,3.17,1.61,vwap_reclaim,72.9,0.83,3,2024-10-23 09:30:00-04:00,stop,"[('2024-10-23 09:30:00-04:00', 1.0, 34.92, 'stop')]",2,-1.0596864406779665,-0.01760673049845104
EQT,XLE,Improving,2025-06-24,2025-06-25 12:15:00-04:00,2025-06-25 12:30:00-04:00,58.16,57.23,VAH,61.3,LRC_upper,63.53,3.33,1.29,level_bounce,70.2,0.78,3,2025-06-26 09:30:00-04:00,stop,"[('2025-06-26 09:30:00-04:00', 1.0, 57.23, 'stop')]",1,-1.0620376344086022,-0.016982376203576337
ES,XLU,Improving,2024-03-13,2024-03-14 13:00:00-04:00,2024-03-14 13:15:00-04:00,52.1,51.43,POC,56.34,LRC_upper,69.45,6.33,1.2,vwap_reclaim,48.9,0.02,3,2024-03-25 10:00:00-04:00,stop,"[('2024-03-25 10:00:00-04:00', 1.0, 51.43, 'stop')]",7,-1.0772611940298504,-0.013853454894433813
ES,XLU,Improving,2025-07-31,2025-08-01 10:45:00-04:00,2025-08-01 11:00:00-04:00,62.22,61.47,POC,63.92,LRC_upper,64.92,2.36,1.83,level_bounce,52.3,0.2,3,2025-08-08 11:15:00-04:00,stop,"[('2025-08-08 11:15:00-04:00', 1.0, 61.47, 'stop')]",5,-1.08246,-0.013047974927675988
ES,XLU,Improving,2026-02-05,2026-02-09 12:30:00-05:00,2026-02-09 12:45:00-05:00,65.09,63.36,swing_low,69.1,swing_high,71.52,2.34,1.05,vwap_reclaim,57.3,0.63,2,2026-02-13 11:00:00-05:00,tp2,"[('2026-02-12 11:00:00-05:00', 0.5, 69.1, 'tp1'), ('2026-02-13 11:00:00-05:00', 0.5, 71.52, 'tp2')]",4,2.9782080924855374,0.07915655246581643
ESS,XLRE,Improving,2024-12-02,2024-12-03 13:45:00-05:00,2024-12-03 14:00:00-05:00,285.13,280.38,AVWAP,295.2,swing_high,299.72,2.07,7.16,vwap_reclaim,56.8,0.32,3,2024-12-05 09:30:00-05:00,stop,"[('2024-12-05 09:30:00-05:00', 1.0, 280.09, 'stop')]",2,-1.1205494736842148,-0.018667309648230705
ESS,XLRE,Improving,2025-06-16,2025-06-17 12:00:00-04:00,2025-06-17 12:15:00-04:00,271.18,265.91,VAL,281.93,swing_high,296.72,2.15,1.59,level_bounce,56.5,0.41,3,2025-06-25 09:30:00-04:00,stop,"[('2025-06-25 09:30:00-04:00', 1.0, 265.91, 'stop')]",5,-1.0509573055028465,-0.020423869754406597
ESS,XLRE,Improving,2026-06-18,2026-06-22 10:15:00-04:00,2026-06-22 10:30:00-04:00,272.32,266.0,AVWAP,285.79,52w_high,291.07,2.18,1.31,level_bounce,71.0,0.88,2,2026-06-22 15:45:00-04:00,lrc_break,"[('2026-06-22 15:45:00-04:00', 1.0, 273.82, 'lrc_break')]",1,0.1941344936708863,0.004505471504112809
ESS,XLRE,Improving,2026-08-24,2026-08-25 12:00:00-04:00,2026-08-25 12:15:00-04:00,292.5,289.58,swing_low,300.62,swing_high,304.65,3.21,1.17,vwap_reclaim,50.5,0.03,3,2026-08-26 09:30:00-04:00,stop,"[('2026-08-26 09:30:00-04:00', 1.0, 289.58, 'stop')]",1,-1.0996712328767118,-0.010977914529914583
ETN,XLI,Improving,2025-10-08,2025-10-09 10:45:00-04:00,2025-10-09 11:00:00-04:00,373.6,366.01,POC,388.59,LRC_upper,396.18,2.09,1.55,vwap_reclaim,50.2,0.07,3,2025-10-14 09:30:00-04:00,stop,"[('2025-10-14 09:30:00-04:00', 1.0, 365.69, 'stop')]",3,-1.0908623188405784,-0.022161790685224905
ETN,XLI,Improving,2025-10-15,2025-10-16 13:00:00-04:00,2025-10-16 13:15:00-04:00,372.89,366.91,POC,395.41,52w_high,407.08,3.66,1.65,level_bounce,61.4,0.55,3,2025-10-22 09:45:00-04:00,stop,"[('2025-10-22 09:45:00-04:00', 1.0, 366.91, 'stop')]",4,-1.0618561872909704,-0.01702888251226893
ETN,XLI,Improving,2026-06-08,2026-06-09 13:15:00-04:00,2026-06-09 13:30:00-04:00,394.16,385.09,VAL,430.06,swing_high,449.27,4.04,1.35,level_bounce,55.0,0.19,3,2026-06-10 10:45:00-04:00,stop,"[('2026-06-10 10:45:00-04:00', 1.0, 385.09, 'stop')]",1,-1.042957552370452,-0.023999454536229068
ETR,XLU,Improving,2024-03-21,2024-03-25 14:15:00-04:00,2024-03-25 14:30:00-04:00,47.9,47.43,POC,48.86,swing_high,49.69,2.04,1.06,vwap_reclaim,50.4,0.41,2,2024-03-26 14:45:00-04:00,stop,"[('2024-03-26 14:45:00-04:00', 1.0, 47.43, 'stop')]",1,-1.1014148936170214,-0.010807202505219183
ETR,XLU,Improving,2024-11-29,2024-12-02 11:15:00-05:00,2024-12-02 11:30:00-05:00,73.89,72.73,VAH,76.65,LRC_upper,78.51,2.38,1.24,vwap_reclaim,72.6,0.87,2,2024-12-03 15:30:00-05:00,stop,"[('2024-12-03 15:30:00-05:00', 1.0, 72.73, 'stop')]",1,-1.063198275862069,-0.016691162538909142
ETR,XLU,Improving,2025-01-10,2025-01-13 11:30:00-05:00,2025-01-13 11:45:00-05:00,72.23,71.18,POC,75.5,52w_high,76.98,3.11,1.81,level_bounce,62.7,0.28,3,2025-01-16 11:30:00-05:00,tp2,"[('2025-01-15 12:00:00-05:00', 0.5, 75.5, 'tp1'), ('2025-01-16 11:30:00-05:00', 0.5, 76.98, 'tp2')]",3,3.7483476190476273,0.05448933960958048
ETR,XLU,Improving,2025-06-03,2025-06-05 14:30:00-04:00,2025-06-05 14:45:00-04:00,79.38,78.18,VAL,83.43,LRC_upper,85.63,3.34,1.03,vwap_reclaim,38.0,0.0,2,2025-06-18 09:45:00-04:00,stop,"[('2025-06-18 09:45:00-04:00', 1.0, 78.18, 'stop')]",9,-1.0656500000000007,-0.01610959939531354
EVRG,XLU,Improving,2023-12-05,2023-12-06 13:15:00-05:00,2023-12-06 13:30:00-05:00,46.11,45.13,POC,48.57,swing_high,50.89,2.55,2.34,vwap_reclaim,60.4,0.26,3,2023-12-20 15:30:00-05:00,breakeven,"[('2023-12-14 09:30:00-05:00', 0.5, 48.57, 'tp1'), ('2023-12-20 15:30:00-05:00', 0.5, 46.11, 'breakeven')]",10,1.2074234693877595,0.025662003903708534
EVRG,XLU,Improving,2024-01-04,2024-01-08 12:45:00-05:00,2024-01-08 13:00:00-05:00,48.22,47.11,VAH,50.89,swing_high,54.13,2.41,1.64,vwap_reclaim,69.6,0.77,2,2024-01-17 09:30:00-05:00,stop,"[('2024-01-17 09:30:00-05:00', 1.0, 47.09, 'stop')]",6,-1.060950450450447,-0.024422542513479792
EVRG,XLU,Improving,2024-12-04,2024-12-06 13:30:00-05:00,2024-12-06 13:45:00-05:00,59.22,58.15,VAL,61.42,52w_high,62.65,2.11,1.56,vwap_reclaim,62.8,0.56,3,2024-12-10 09:30:00-05:00,stop,"[('2024-12-10 09:30:00-05:00', 1.0, 58.15, 'stop')]",2,-1.0548457943925234,-0.01905918608578184
EVRG,XLU,Improving,2025-07-25,2025-07-28 10:45:00-04:00,2025-07-28 11:00:00-04:00,66.42,65.72,POC,68.42,LRC_upper,69.53,2.8,1.29,level_bounce,58.0,0.74,2,2025-07-28 15:15:00-04:00,stop,"[('2025-07-28 15:15:00-04:00', 1.0, 65.72, 'stop')]",0,-1.0943857142857139,-0.011533724781692303
EW,XLV,Improving,2025-06-23,2025-06-24 10:00:00-04:00,2025-06-24 10:15:00-04:00,75.015,73.6,swing_low,78.53,swing_high,81.64,2.42,2.04,vwap_reclaim,52.4,0.35,2,2025-07-15 15:45:00-04:00,time,"[('2025-07-10 15:15:00-04:00', 0.5, 78.53, 'tp1'), ('2025-07-15 15:45:00-04:00', 0.5, 76.83, 'time')]",15,1.8294363957597088,0.03450846497367192
EW,XLV,Improving,2025-08-05,2025-08-06 13:30:00-04:00,2025-08-06 13:45:00-04:00,78.46,77.2,AVWAP,81.39,LRC_upper,83.43,2.24,3.82,vwap_reclaim,43.6,0.23,2,2025-08-12 11:00:00-04:00,stop,"[('2025-08-12 11:00:00-04:00', 1.0, 77.2, 'stop')]",4,-1.0617698412698418,-0.017051108845271362
EXE,XLE,Improving,2024-02-12,2024-02-13 11:00:00-05:00,2024-02-13 11:15:00-05:00,71.06,69.66,swing_low,74.64,LRC_upper,77.01,2.61,1.54,level_bounce,34.0,0.01,2,2024-02-14 10:30:00-05:00,stop,"[('2024-02-14 10:30:00-05:00', 1.0, 69.66, 'stop')]",1,-1.0502571428571426,-0.020691809738249446
EXE,XLE,Improving,2024-02-16,2024-02-20 10:00:00-05:00,2024-02-20 10:15:00-05:00,72.92,71.48,swing_low,77.01,swing_high,80.14,2.84,1.5,level_bounce,49.4,0.08,3,2024-03-11 15:45:00-04:00,time,"[('2024-02-21 11:30:00-05:00', 0.5, 77.01, 'tp1'), ('2024-03-11 15:45:00-04:00', 0.5, 77.64, 'time')]",15,3.0068593750000057,0.05937846269884807
EXE,XLE,Improving,2025-01-02,2025-01-03 10:00:00-05:00,2025-01-03 10:15:00-05:00,96.73,94.64,POC,103.24,LRC_upper,105.03,3.11,1.64,level_bounce,74.4,0.61,2,2025-01-03 13:30:00-05:00,stop,"[('2025-01-03 13:30:00-05:00', 1.0, 94.64, 'stop')]",0,-1.0457822966507175,-0.022595730383541852
EXPD,XLI,Improving,2024-02-07,2024-02-08 14:30:00-05:00,2024-02-08 14:45:00-05:00,122.64,120.3,VAL,127.38,52w_high,131.0,2.08,1.07,vwap_reclaim,53.8,0.51,2,2024-02-20 09:30:00-05:00,stop,"[('2024-02-20 09:30:00-05:00', 1.0, 114.28, 'stop')]",7,-3.623273504273499,-0.0691329093281148
EXPD,XLI,Improving,2025-08-26,2025-08-27 11:15:00-04:00,2025-08-27 11:30:00-04:00,120.64,118.31,POC,128.56,52w_high,130.59,3.29,1.22,vwap_reclaim,61.3,0.41,2,2025-09-02 09:30:00-04:00,stop,"[('2025-09-02 09:30:00-04:00', 1.0, 118.15, 'stop')]",3,-1.1199120171673806,-0.021629600464190938
EXPD,XLI,Improving,2025-09-26,2025-09-29 10:45:00-04:00,2025-09-29 11:00:00-04:00,120.71,118.21,AVWAP,125.84,swing_high,128.56,2.13,1.2,level_bounce,69.9,0.69,3,2025-10-08 11:00:00-04:00,stop,"[('2025-10-08 11:00:00-04:00', 1.0, 118.21, 'stop')]",7,-1.047784,-0.021700439068842683
EXPE,XLY,Improving,2024-02-13,2024-02-14 13:30:00-05:00,2024-02-14 13:45:00-05:00,133.93,128.26,AVWAP,147.89,swing_high,157.86,2.47,1.19,level_bounce,54.5,0.03,3,2024-02-14 15:45:00-05:00,lrc_break,"[('2024-02-14 15:45:00-05:00', 1.0, 133.01, 'lrc_break')]",1,-0.18579717813051375,-0.007865825431195518
EXR,XLRE,Improving,2025-06-12,2025-06-13 15:30:00-04:00,2025-06-13 15:45:00-04:00,139.52,137.55,VAL,144.25,swing_high,149.34,2.33,1.18,vwap_reclaim,63.1,0.62,3,2025-06-25 11:00:00-04:00,stop,"[('2025-06-25 11:00:00-04:00', 1.0, 137.55, 'stop')]",7,-1.0703223350253808,-0.015112779529816505
EXR,XLRE,Improving,2025-07-14,2025-07-15 09:45:00-04:00,2025-07-15 10:00:00-04:00,142.31,139.17,AVWAP,149.34,swing_high,169.01,2.41,1.48,level_bounce,55.0,0.18,3,2025-07-16 10:30:00-04:00,stop,"[('2025-07-16 10:30:00-04:00', 1.0, 139.17, 'stop')]",1,-1.0448216560509553,-0.023053474808516723
EXR,XLRE,Improving,2025-07-22,2025-07-23 14:00:00-04:00,2025-07-23 14:15:00-04:00,142.34,140.75,swing_low,149.34,swing_high,169.01,4.24,1.02,level_bounce,52.6,0.12,3,2025-07-25 10:30:00-04:00,stop,"[('2025-07-25 10:30:00-04:00', 1.0, 140.75, 'stop')]",2,-1.089022012578616,-0.012164851763383472
EXR,XLRE,Improving,2026-06-05,2026-06-08 14:15:00-04:00,2026-06-08 14:30:00-04:00,141.58,137.86,VAL,148.97,LRC_upper,153.19,2.0,1.05,vwap_reclaim,59.0,0.49,3,2026-06-29 15:45:00-04:00,time,"[('2026-06-29 15:45:00-04:00', 1.0, 146.51, 'time')]",15,1.2865470430107473,0.03380389179262592
F,XLY,Improving,2024-03-05,2024-03-06 12:15:00-05:00,2024-03-06 12:30:00-05:00,10.74,10.43,swing_low,11.42,LRC_upper,12.64,2.19,1.1,vwap_reclaim,51.4,0.27,2,2024-03-11 09:30:00-04:00,stop,"[('2024-03-11 09:30:00-04:00', 1.0, 10.43, 'stop')]",3,-1.0341451612903225,-0.029849627560521463
F,XLY,Improving,2024-04-04,2024-04-05 11:30:00-04:00,2024-04-05 11:45:00-04:00,11.42,11.17,VAH,11.95,LRC_upper,12.64,2.0,1.49,vwap_reclaim,71.5,0.65,3,2024-04-11 10:15:00-04:00,stop,"[('2024-04-11 10:15:00-04:00', 1.0, 11.17, 'stop')]",4,-1.04518,-0.022880472854640982
F,XLY,Improving,2026-06-16,2026-06-17 11:30:00-04:00,2026-06-17 11:45:00-04:00,14.26,13.56,AVWAP,17.37,LRC_upper,18.07,4.37,1.02,level_bounce,78.1,0.61,3,2026-06-24 10:15:00-04:00,stop,"[('2026-06-24 10:15:00-04:00', 1.0, 13.56, 'stop')]",4,-1.0198714285714285,-0.05006381486676012
FANG,XLE,Improving,2025-07-31,2025-08-01 11:45:00-04:00,2025-08-01 12:00:00-04:00,142.13,139.72,VAH,150.49,LRC_upper,155.72,3.53,1.27,vwap_reclaim,50.8,0.14,3,2025-08-05 09:30:00-04:00,stop,"[('2025-08-05 09:30:00-04:00', 1.0, 139.72, 'stop')]",2,-1.05847510373444,-0.017947829451910202
FANG,XLE,Improving,2025-08-06,2025-08-07 12:00:00-04:00,2025-08-07 12:15:00-04:00,139.51,136.44,POC,148.38,swing_high,153.28,2.9,1.69,vwap_reclaim,52.3,0.1,3,2025-08-08 09:30:00-04:00,stop,"[('2025-08-08 09:30:00-04:00', 1.0, 136.44, 'stop')]",1,-1.044942996742671,-0.022994588201562565
FANG,XLE,Improving,2026-05-06,2026-05-07 13:15:00-04:00,2026-05-07 13:30:00-04:00,187.99,184.35,AVWAP,202.67,swing_high,212.17,3.86,1.55,level_bounce,65.7,0.56,3,2026-05-28 15:45:00-04:00,time,"[('2026-05-15 09:45:00-04:00', 0.5, 202.67, 'tp1'), ('2026-05-28 15:45:00-04:00', 0.5, 193.06, 'time')]",15,2.6599100274725127,0.05150312516623217
FAST,XLI,Improving,2023-12-01,2023-12-04 12:00:00-05:00,2023-12-04 12:15:00-05:00,28.47,27.85,VAL,29.85,LRC_upper,30.47,2.23,1.09,vwap_reclaim,75.0,0.78,3,2023-12-18 14:00:00-05:00,tp2,"[('2023-12-11 15:45:00-05:00', 0.5, 29.85, 'tp1'), ('2023-12-18 14:00:00-05:00', 0.5, 30.47, 'tp2')]",10,2.6785241935484003,0.05833105022831055
FCX,XLB,Improving,2023-12-11,2023-12-12 13:15:00-05:00,2023-12-12 13:30:00-05:00,36.09,35.26,swing_low,37.77,LRC_upper,39.69,2.02,1.02,vwap_reclaim,39.7,0.13,2,2023-12-14 09:30:00-05:00,tp2,"[('2023-12-14 09:30:00-05:00', 0.5, 38.79, 'tp1'), ('2023-12-14 09:30:00-05:00', 0.5, 39.69, 'tp2')]",2,3.7498012048192466,0.08623815461346619
FCX,XLB,Improving,2025-06-18,2025-06-23 13:15:00-04:00,2025-06-23 13:30:00-04:00,39.87,39.18,swing_low,42.36,swing_high,44.23,3.61,1.65,vwap_reclaim,64.2,0.85,2,2025-07-02 09:30:00-04:00,tp2,"[('2025-06-26 09:30:00-04:00', 0.5, 42.71, 'tp1'), ('2025-07-02 09:30:00-04:00', 0.5, 44.23, 'tp2')]",7,5.15700000000002,0.08924830699774271
FCX,XLB,Improving,2025-07-14,2025-07-15 13:45:00-04:00,2025-07-15 14:00:00-04:00,43.42,42.41,VAL,46.83,LRC_upper,48.36,3.33,1.6,vwap_reclaim,78.3,0.88,3,2025-07-28 10:15:00-04:00,stop,"[('2025-07-28 10:15:00-04:00', 1.0, 42.41, 'stop')]",9,-1.0424900990099009,-0.024249539382773033
FDX,XLI,Improving,2025-08-26,2025-08-28 14:15:00-04:00,2025-08-28 14:30:00-04:00,180.6,177.96,POC,190.78,LRC_upper,238.7,3.84,1.31,vwap_reclaim,42.3,0.0,2,2025-09-02 09:30:00-04:00,stop,"[('2025-09-02 09:30:00-04:00', 1.0, 177.8, 'stop')]",2,-1.1284848484848478,-0.016496124031007656
FE,XLU,Improving,2023-11-28,2023-11-30 12:30:00-05:00,2023-11-30 12:45:00-05:00,32.91,32.1,VAL,34.55,LRC_upper,35.31,2.02,1.72,vwap_reclaim,52.9,0.45,2,2023-12-15 15:30:00-05:00,breakeven,"[('2023-12-14 09:30:00-05:00', 0.5, 34.58, 'tp1'), ('2023-12-15 15:30:00-05:00', 0.5, 32.91, 'breakeven')]",11,0.9897191358024762,0.024359541172895807
FE,XLU,Improving,2024-03-27,2024-04-01 11:15:00-04:00,2024-04-01 11:30:00-04:00,34.54,34.27,POC,35.46,LRC_upper,36.32,3.58,1.27,vwap_reclaim,59.8,0.67,2,2024-04-03 13:00:00-04:00,stop,"[('2024-04-03 13:00:00-04:00', 1.0, 34.27, 'stop')]",2,-1.1274259259259278,-0.00881311522872021
FE,XLU,Improving,2025-05-30,2025-06-03 11:30:00-04:00,2025-06-03 11:45:00-04:00,39.22,38.48,swing_low,40.92,swing_high,42.79,2.3,1.75,vwap_reclaim,60.1,0.63,2,2025-06-06 11:45:00-04:00,stop,"[('2025-06-06 11:45:00-04:00', 1.0, 38.48, 'stop')]",3,-1.0525,-0.01985849056603779
FE,XLU,Improving,2025-09-24,2025-09-25 14:30:00-04:00,2025-09-25 14:45:00-04:00,42.43,41.81,VAH,44.03,LRC_upper,44.6,2.58,1.51,vwap_reclaim,64.3,0.59,2,2025-10-06 15:45:00-04:00,tp2,"[('2025-09-30 09:30:00-04:00', 0.5, 44.03, 'tp1'), ('2025-10-06 15:45:00-04:00', 0.5, 44.6, 'tp2')]",7,2.9703669354838858,0.04340390054206933
FERG,XLI,Improving,2025-11-26,2025-12-01 12:15:00-05:00,2025-12-01 12:30:00-05:00,247.52,242.62,POC,257.76,LRC_upper,263.81,2.17,1.14,vwap_reclaim,63.0,0.49,3,2025-12-08 12:30:00-05:00,stop,"[('2025-12-08 12:30:00-05:00', 1.0, 242.62, 'stop')]",5,-1.0500142857142858,-0.02078648190045251
FFIV,XLK,Improving,2024-08-20,2024-08-21 13:00:00-04:00,2024-08-21 13:15:00-04:00,196.67,194.47,POC,205.17,LRC_upper,209.07,3.71,1.14,level_bounce,74.0,0.77,3,2024-09-11 15:45:00-04:00,time,"[('2024-09-11 15:45:00-04:00', 1.0, 202.81, 'time')]",15,2.7001181818182025,0.030204199928814842
FFIV,XLK,Improving,2025-02-18,2025-02-20 15:00:00-05:00,2025-02-20 15:15:00-05:00,303.125,299.67,swing_low,325.21,LRC_upper,333.13,6.51,1.3,level_bounce,79.0,0.72,3,2025-02-21 12:45:00-05:00,stop,"[('2025-02-21 12:45:00-05:00', 1.0, 299.67, 'stop')]",1,-1.0872351664254707,-0.012392239175257681
FFIV,XLK,Improving,2025-02-26,2025-02-28 15:00:00-05:00,2025-02-28 15:15:00-05:00,287.93,280.24,AVWAP,308.0,swing_high,331.46,2.65,1.44,vwap_reclaim,75.2,0.76,3,2025-03-03 15:45:00-05:00,lrc_break,"[('2025-03-03 15:45:00-05:00', 1.0, 284.16, 'lrc_break')]",2,-0.5274440832249653,-0.014086913485916652
FFIV,XLK,Improving,2026-03-03,2026-03-04 09:45:00-05:00,2026-03-04 10:00:00-05:00,280.91,274.28,POC,292.33,LRC_upper,304.67,2.0,1.1,level_bounce,67.6,0.46,3,2026-03-24 15:45:00-04:00,time,"[('2026-03-19 15:00:00-04:00', 0.5, 292.33, 'tp1'), ('2026-03-24 15:45:00-04:00', 0.5, 289.29, 'time')]",15,1.4500965309200455,0.03422498309066953
FICO,XLK,Improving,2024-12-04,2024-12-05 09:45:00-05:00,2024-12-05 10:00:00-05:00,2394.47,2334.06,POC,2528.9,LRC_upper,2570.67,2.23,3.02,level_bounce,87.0,0.81,3,2024-12-09 09:30:00-05:00,stop,"[('2024-12-09 09:30:00-05:00', 1.0, 2334.06, 'stop')]",2,-1.0391369806323458,-0.026216350591153726
FICO,XLK,Improving,2024-12-11,2024-12-12 12:30:00-05:00,2024-12-12 13:00:00-05:00,2197.69,2144.97,AVWAP,2371.28,POC,2565.49,3.08,2.31,vwap_reclaim,72.1,0.71,2,2024-12-12 15:45:00-05:00,lrc_break,"[('2024-12-12 15:45:00-05:00', 1.0, 2186.91, 'lrc_break')]",1,-0.246060318664646,-0.005902697832724451
FICO,XLK,Improving,2025-12-05,2025-12-08 12:00:00-05:00,2025-12-08 12:15:00-05:00,1770.62,1725.02,VAL,1905.33,swing_high,1998.01,3.0,2.56,vwap_reclaim,51.9,0.26,2,2025-12-10 11:00:00-05:00,stop,"[('2025-12-10 11:00:00-05:00', 1.0, 1725.02, 'stop')]",2,-1.0383293859649123,-0.026740813952174893
FICO,XLK,Improving,2025-12-12,2025-12-15 13:00:00-05:00,2025-12-15 13:15:00-05:00,1815.655,1789.53,VAH,1905.33,swing_high,1998.01,3.03,1.15,level_bounce,57.4,0.21,3,2025-12-16 11:00:00-05:00,stop,"[('2025-12-16 11:00:00-05:00', 1.0, 1789.53, 'stop')]",1,-1.0689987559808611,-0.015381552387430431
FIS,XLF,Improving,2025-06-25,2025-06-26 15:15:00-04:00,2025-06-26 15:30:00-04:00,76.31,75.54,VAL,79.57,swing_high,81.96,4.17,1.33,level_bounce,63.2,0.52,3,2025-07-11 14:15:00-04:00,stop,"[('2025-07-11 14:15:00-04:00', 1.0, 75.54, 'stop')]",10,-1.0986038961038966,-0.01108537544227488
FIS,XLF,Improving,2025-07-25,2025-07-28 15:30:00-04:00,2025-07-28 15:45:00-04:00,78.42,76.53,POC,86.79,52w_high,88.72,4.46,1.07,vwap_reclaim,59.0,0.23,3,2025-07-31 09:30:00-04:00,stop,"[('2025-07-31 09:30:00-04:00', 1.0, 76.53, 'stop')]",3,-1.0409920634920635,-0.025088944146901306
FIX,XLI,Improving,2025-01-07,2025-01-08 11:30:00-05:00,2025-01-08 11:45:00-05:00,446.99,437.41,AVWAP,471.9,swing_high,506.02,2.54,4.48,vwap_reclaim,46.3,0.09,2,2025-01-10 09:30:00-05:00,stop,"[('2025-01-10 09:30:00-05:00', 1.0, 437.41, 'stop')]",1,-1.0461586638830898,-0.022421530683013006
FIX,XLI,Improving,2025-09-02,2025-09-05 12:00:00-04:00,2025-09-05 12:15:00-04:00,692.31,673.82,VAL,731.23,swing_high,816.98,2.13,1.5,level_bounce,71.8,0.8,2,2025-09-22 12:30:00-04:00,tp2,"[('2025-09-10 09:30:00-04:00', 0.5, 731.23, 'tp1'), ('2025-09-22 12:30:00-04:00', 0.5, 816.98, 'tp2')]",11,4.384088290968119,0.11708886553711498
FLEX,XLK,Improving,2024-03-13,2024-03-14 12:15:00-04:00,2024-03-14 12:30:00-04:00,28.405,27.79,POC,30.93,swing_high,31.98,4.15,2.51,vwap_reclaim,76.7,0.86,2,2024-03-15 09:30:00-04:00,stop,"[('2024-03-15 09:30:00-04:00', 1.0, 27.65, 'stop')]",1,-1.2732154471544717,-0.027566537581411813
FLEX,XLK,Improving,2025-02-18,2025-02-20 15:15:00-05:00,2025-02-20 15:30:00-05:00,41.69,40.63,AVWAP,44.8,swing_high,46.77,2.97,1.14,vwap_reclaim,69.1,0.66,3,2025-02-21 12:45:00-05:00,stop,"[('2025-02-21 12:45:00-05:00', 1.0, 40.63, 'stop')]",1,-1.0388301886792455,-0.026413048692731957
FLEX,XLK,Improving,2025-12-16,2025-12-19 12:15:00-05:00,2025-12-19 12:30:00-05:00,64.64,62.21,AVWAP,71.08,LRC_upper,73.88,2.59,1.3,vwap_reclaim,55.5,0.05,3,2025-12-30 09:30:00-05:00,stop,"[('2025-12-30 09:30:00-05:00', 1.0, 62.21, 'stop')]",6,-1.0261008230452675,-0.038574025371287124
FLEX,XLK,Improving,2026-01-21,2026-01-22 12:45:00-05:00,2026-01-22 13:00:00-05:00,64.545,62.78,POC,71.87,LRC_upper,75.69,4.11,1.31,vwap_reclaim,46.2,0.16,2,2026-01-27 09:30:00-05:00,stop,"[('2026-01-27 09:30:00-05:00', 1.0, 62.78, 'stop')]",3,-1.0360694050991501,-0.028331590363312426
FLEX,XLK,Improving,2026-02-02,2026-02-03 10:30:00-05:00,2026-02-03 10:45:00-05:00,64.475,61.8,swing_low,72.22,52w_high,75.1,2.86,2.25,level_bounce,49.8,0.19,2,2026-02-04 09:30:00-05:00,stop,"[('2026-02-04 09:30:00-05:00', 1.0, 61.8, 'stop')]",1,-1.0236028037383178,-0.042468204730515664
FLEX,XLK,Improving,2026-03-17,2026-03-18 09:45:00-04:00,2026-03-18 10:00:00-04:00,65.265,62.45,AVWAP,72.22,52w_high,75.16,2.49,1.05,level_bounce,42.1,0.0,2,2026-03-19 09:30:00-04:00,stop,"[('2026-03-19 09:30:00-04:00', 1.0, 62.04, 'stop')]",1,-1.1682602131438735,-0.05038922086876582
FOX,XLC,Improving,2024-06-12,2024-06-14 12:00:00-04:00,2024-06-14 12:15:00-04:00,30.0,29.74,VAL,31.62,swing_high,32.15,6.52,1.47,vwap_reclaim,79.9,0.86,3,2024-06-14 15:45:00-04:00,lrc_break,"[('2024-06-14 15:45:00-04:00', 1.0, 30.09, 'lrc_break')]",1,0.2305961538461519,0.001998499999999995
FOX,XLC,Improving,2024-07-03,2024-07-08 12:30:00-04:00,2024-07-08 12:45:00-04:00,31.38,31.1,POC,32.61,LRC_upper,33.07,4.21,1.05,vwap_reclaim,75.2,0.76,3,2024-07-16 10:00:00-04:00,tp2,"[('2024-07-12 11:00:00-04:00', 0.5, 32.61, 'tp1'), ('2024-07-16 10:00:00-04:00', 0.5, 33.07, 'tp2')]",6,5.09960714285719,0.04550318674314853
FOX,XLC,Improving,2025-12-01,2025-12-02 11:45:00-05:00,2025-12-02 12:00:00-05:00,58.24,57.32,POC,60.11,swing_high,62.61,2.07,1.35,vwap_reclaim,50.1,0.38,2,2025-12-10 14:45:00-05:00,tp2,"[('2025-12-05 09:45:00-05:00', 0.5, 60.11, 'tp1'), ('2025-12-10 14:45:00-05:00', 0.5, 62.61, 'tp2')]",6,3.326304347826078,0.05254464285714281
FOXA,XLC,Improving,2024-07-03,2024-07-05 13:30:00-04:00,2024-07-05 13:45:00-04:00,33.73,33.42,POC,35.02,LRC_upper,35.51,4.16,1.59,vwap_reclaim,72.8,0.71,3,2024-07-16 09:45:00-04:00,tp2,"[('2024-07-12 10:15:00-04:00', 0.5, 35.03, 'tp1'), ('2024-07-16 09:45:00-04:00', 0.5, 35.51, 'tp2')]",7,4.85645161290331,0.04463385710050409
FOXA,XLC,Improving,2026-06-11,2026-06-12 13:00:00-04:00,2026-06-12 13:15:00-04:00,67.27,65.8,VAH,72.5,swing_high,75.68,3.62,6.45,vwap_reclaim,69.3,0.59,3,2026-06-12 15:30:00-04:00,stop,"[('2026-06-12 15:30:00-04:00', 1.0, 65.8, 'stop')]",0,-1.0452619047619047,-0.022841311134235157
FRT,XLRE,Improving,2024-06-13,2024-06-18 12:30:00-04:00,2024-06-18 12:45:00-04:00,91.61,90.19,VAL,95.5,LRC_upper,97.8,2.82,1.18,vwap_reclaim,38.6,0.0,2,2024-06-26 09:30:00-04:00,stop,"[('2024-06-26 09:30:00-04:00', 1.0, 90.19, 'stop')]",5,-1.0640140845070423,-0.016492740967143343
FRT,XLRE,Improving,2024-12-03,2024-12-04 11:30:00-05:00,2024-12-04 11:45:00-05:00,105.17,103.75,swing_low,108.72,swing_high,110.42,2.6,4.52,vwap_reclaim,54.1,0.29,3,2024-12-10 10:15:00-05:00,stop,"[('2024-12-10 10:15:00-05:00', 1.0, 103.75, 'stop')]",4,-1.07356338028169,-0.014495198250451665
FRT,XLRE,Improving,2026-01-29,2026-01-30 12:15:00-05:00,2026-01-30 12:30:00-05:00,98.18,97.13,AVWAP,101.52,swing_high,103.4,3.35,1.24,level_bounce,66.0,0.76,2,2026-02-06 09:30:00-05:00,tp2,"[('2026-02-04 12:45:00-05:00', 0.5, 101.52, 'tp1'), ('2026-02-06 09:30:00-05:00', 0.5, 103.4, 'tp2')]",5,3.9806476190475704,0.042571603177836564
FRT,XLRE,Improving,2026-06-18,2026-06-22 10:00:00-04:00,2026-06-22 10:15:00-04:00,119.85,117.25,VAL,125.25,52w_high,127.29,2.14,1.07,vwap_reclaim,72.7,0.89,2,2026-07-01 15:45:00-04:00,lrc_break,"[('2026-07-01 15:45:00-04:00', 1.0, 120.48, 'lrc_break')]",8,0.19609038461538877,0.004253942428035125
FSLR,XLK,Improving,2024-05-03,2024-05-06 10:45:00-04:00,2024-05-06 11:00:00-04:00,195.42,180.26,VAH,232.0,52w_high,243.29,2.42,1.58,vwap_reclaim,78.0,0.74,2,2024-05-22 11:30:00-04:00,tp2,"[('2024-05-22 10:30:00-04:00', 0.5, 232.0, 'tp1'), ('2024-05-22 11:30:00-04:00', 0.5, 243.29, 'tp2')]",12,2.7710070910290248,0.21496503684372129
FTNT,XLK,Improving,2024-08-29,2024-08-30 13:00:00-04:00,2024-08-30 13:15:00-04:00,76.57,74.24,POC,82.48,LRC_upper,84.51,2.54,1.06,vwap_reclaim,78.2,0.59,3,2024-09-12 14:15:00-04:00,stop,"[('2024-09-12 14:15:00-04:00', 1.0, 74.24, 'stop')]",8,-1.032362660944206,-0.03141445735927907
FTNT,XLK,Improving,2024-09-26,2024-09-27 11:30:00-04:00,2024-09-27 11:45:00-04:00,77.34,74.41,VAL,90.21,LRC_upper,93.01,4.37,1.17,level_bounce,85.9,0.73,3,2024-10-17 15:45:00-04:00,time,"[('2024-10-17 15:45:00-04:00', 1.0, 80.87, 'time')]",15,1.1777798634812262,0.044619795707266624
FTNT,XLK,Improving,2024-12-05,2024-12-10 10:15:00-05:00,2024-12-10 10:30:00-05:00,97.26,94.4,POC,104.54,LRC_upper,108.6,2.54,1.13,vwap_reclaim,75.1,0.73,3,2024-12-18 15:00:00-05:00,stop,"[('2024-12-18 15:00:00-05:00', 1.0, 94.4, 'stop')]",6,-1.033506993006993,-0.03039101377750359
FTNT,XLK,Improving,2026-08-14,2026-08-18 12:00:00-04:00,2026-08-18 12:15:00-04:00,157.49,152.39,AVWAP,170.57,swing_high,178.19,2.6,1.05,vwap_reclaim,64.6,0.57,2,2026-08-19 10:00:00-04:00,stop,"[('2026-08-19 10:00:00-04:00', 1.0, 152.39, 'stop')]",1,-1.0303803921568626,-0.033366816940758284
FTV,XLI,Improving,2025-01-07,2025-01-08 11:00:00-05:00,2025-01-08 11:15:00-05:00,50.6,50.13,AVWAP,52.95,swing_high,54.07,4.88,1.95,level_bounce,46.0,0.1,2,2025-01-10 09:30:00-05:00,stop,"[('2025-01-10 09:30:00-05:00', 1.0, 50.13, 'stop')]",1,-1.1071595744680853,-0.010283893280632388
GD,XLI,Improving,2023-11-28,2023-11-29 15:30:00-05:00,2023-11-29 15:45:00-05:00,231.89,230.16,POC,235.94,swing_high,248.12,2.32,1.24,level_bounce,66.3,0.77,2,2023-12-19 15:45:00-05:00,time,"[('2023-12-01 14:15:00-05:00', 0.5, 235.94, 'tp1'), ('2023-12-19 15:45:00-05:00', 0.5, 240.72, 'time')]",15,3.586641618497138,0.026757902453749677
GD,XLI,Improving,2025-09-02,2025-09-05 10:00:00-04:00,2025-09-05 10:15:00-04:00,316.99,313.57,VAH,329.04,LRC_upper,334.24,3.38,1.3,vwap_reclaim,78.7,0.88,3,2025-09-09 11:30:00-04:00,stop,"[('2025-09-09 11:30:00-04:00', 1.0, 313.57, 'stop')]",2,-1.0921871345029235,-0.011783589387677894
GD,XLI,Improving,2025-11-12,2025-11-13 13:45:00-05:00,2025-11-13 14:00:00-05:00,341.67,335.53,POC,355.53,LRC_upper,364.9,2.27,1.28,vwap_reclaim,69.7,0.74,3,2025-11-14 09:30:00-05:00,stop,"[('2025-11-14 09:30:00-05:00', 1.0, 335.53, 'stop')]",1,-1.0551465798045598,-0.018961571106623474
GD,XLI,Improving,2025-11-18,2025-11-19 10:45:00-05:00,2025-11-19 11:00:00-05:00,336.45,331.06,AVWAP,349.14,swing_high,355.81,2.36,1.64,level_bounce,63.5,0.64,2,2025-11-24 09:30:00-05:00,stop,"[('2025-11-24 09:30:00-05:00', 1.0, 331.06, 'stop')]",3,-1.0619211502782933,-0.01701220092138501
GE,XLI,Improving,2025-10-01,2025-10-02 11:45:00-04:00,2025-10-02 12:00:00-04:00,297.74,293.81,VAH,307.22,LRC_upper,313.13,2.25,1.49,vwap_reclaim,72.5,0.7,3,2025-10-06 10:00:00-04:00,stop,"[('2025-10-06 10:00:00-04:00', 1.0, 293.81, 'stop')]",2,-1.0752608142493638,-0.014192836031436847
GEHC,XLV,Improving,2025-06-10,2025-06-12 10:00:00-04:00,2025-06-12 10:15:00-04:00,72.96,70.91,swing_low,77.57,swing_high,79.92,2.23,1.53,level_bounce,36.3,0.13,2,2025-06-17 15:00:00-04:00,stop,"[('2025-06-17 15:00:00-04:00', 1.0, 70.91, 'stop')]",3,-1.035090243902439,-0.029083538925438558
GEHC,XLV,Improving,2025-06-20,2025-06-23 13:15:00-04:00,2025-06-23 13:30:00-04:00,70.44,69.23,VAL,73.99,swing_high,77.57,2.97,1.2,vwap_reclaim,52.6,0.62,2,2025-07-14 15:45:00-04:00,time,"[('2025-06-26 09:30:00-04:00', 0.5, 73.99, 'tp1'), ('2025-07-14 15:45:00-04:00', 0.5, 74.27, 'time')]",15,2.98984710743803,0.05135881601362859
GEHC,XLV,Improving,2025-07-17,2025-07-18 13:30:00-04:00,2025-07-18 13:45:00-04:00,75.65,74.77,VAH,78.18,LRC_upper,82.65,2.79,1.12,level_bounce,64.8,0.53,3,2025-07-21 09:30:00-04:00,stop,"[('2025-07-21 09:30:00-04:00', 1.0, 74.77, 'stop')]",1,-1.0854659090909082,-0.012626701916721871
GEHC,XLV,Improving,2025-07-28,2025-07-29 11:30:00-04:00,2025-07-29 11:45:00-04:00,78.13,76.15,VAH,82.65,swing_high,88.97,2.3,1.32,vwap_reclaim,75.0,0.7,3,2025-07-30 09:30:00-04:00,stop,"[('2025-07-30 09:30:00-04:00', 1.0, 73.21, 'stop')]",1,-2.52306565656567,-0.06394048380903625
GEN,XLK,Improving,2024-10-01,2024-10-02 15:00:00-04:00,2024-10-02 15:15:00-04:00,26.12,25.83,VAH,26.99,LRC_upper,27.37,3.0,1.22,level_bounce,70.7,0.65,3,2024-10-03 09:45:00-04:00,stop,"[('2024-10-03 09:45:00-04:00', 1.0, 25.83, 'stop')]",1,-1.0895689655172407,-0.01209705206738142
GEN,XLK,Improving,2024-12-05,2024-12-06 15:00:00-05:00,2024-12-06 15:15:00-05:00,30.11,29.71,POC,31.27,LRC_upper,31.81,2.9,1.11,vwap_reclaim,75.4,0.77,3,2024-12-09 10:15:00-05:00,stop,"[('2024-12-09 10:15:00-05:00', 1.0, 29.71, 'stop')]",1,-1.0747750000000003,-0.014277980737296532
GEN,XLK,Improving,2024-12-12,2024-12-16 13:00:00-05:00,2024-12-16 13:15:00-05:00,28.68,28.22,AVWAP,29.77,swing_high,30.7,2.37,2.07,level_bounce,69.5,0.76,3,2024-12-17 15:45:00-05:00,lrc_break,"[('2024-12-17 15:45:00-05:00', 1.0, 28.43, 'lrc_break')]",2,-0.6055543478260859,-0.009712517433751743
GEN,XLK,Improving,2026-08-14,2026-08-18 11:00:00-04:00,2026-08-18 11:15:00-04:00,27.765,26.9,VAL,29.73,swing_high,31.34,2.27,1.19,vwap_reclaim,72.2,0.67,3,2026-09-03 09:30:00-04:00,tp2,"[('2026-08-26 15:15:00-04:00', 0.5, 29.73, 'tp1'), ('2026-09-03 09:30:00-04:00', 0.5, 31.34, 'tp2')]",12,3.168612716762998,0.09871600936430756
GEN,XLK,Improving,2026-09-04,2026-09-10 10:15:00-04:00,2026-09-10 10:30:00-04:00,29.85,28.96,POC,31.65,52w_high,33.34,2.06,1.34,vwap_reclaim,73.1,0.83,3,2026-09-18 10:00:00-04:00,stop,"[('2026-09-18 10:00:00-04:00', 1.0, 28.96, 'stop')]",6,-1.0330393258426966,-0.03080083752093804
GILD,XLV,Improving,2023-12-01,2023-12-04 10:15:00-05:00,2023-12-04 10:30:00-05:00,70.57,69.42,VAH,73.2,swing_high,75.14,2.29,1.11,level_bounce,43.0,0.01,2,2023-12-13 15:45:00-05:00,tp2,"[('2023-12-11 09:30:00-05:00', 0.5, 73.2, 'tp1'), ('2023-12-13 15:45:00-05:00', 0.5, 75.14, 'tp2')]",7,3.0675043478261173,0.049987671815219056
GILD,XLV,Improving,2025-01-21,2025-01-22 12:15:00-05:00,2025-01-22 12:30:00-05:00,88.34,87.47,POC,91.42,LRC_upper,93.72,3.54,1.74,level_bounce,49.9,0.0,3,2025-01-31 12:15:00-05:00,tp2,"[('2025-01-27 09:45:00-05:00', 0.5, 91.42, 'tp1'), ('2025-01-31 12:15:00-05:00', 0.5, 93.72, 'tp2')]",7,4.758097701149397,0.046859237038714016
GILD,XLV,Improving,2025-08-05,2025-08-06 10:30:00-04:00,2025-08-06 10:45:00-04:00,108.65,106.38,VAL,113.24,LRC_upper,115.85,2.02,1.32,level_bounce,58.2,0.37,3,2025-08-07 09:45:00-04:00,stop,"[('2025-08-07 09:45:00-04:00', 1.0, 106.38, 'stop')]",1,-1.0473634361233477,-0.021882328578002853
GILD,XLV,Improving,2025-09-08,2025-09-09 10:15:00-04:00,2025-09-09 10:30:00-04:00,111.7,109.7,AVWAP,117.61,swing_high,120.22,2.97,1.27,level_bounce,48.6,0.26,2,2025-09-15 09:30:00-04:00,stop,"[('2025-09-15 09:30:00-04:00', 1.0, 109.7, 'stop')]",4,-1.05535,-0.018896150402864815
GIS,XLP,Improving,2026-08-21,2026-08-24 11:15:00-04:00,2026-08-24 11:30:00-04:00,40.795,38.08,VAH,48.3,52w_high,50.19,2.76,1.05,vwap_reclaim,83.8,0.69,3,2026-09-08 09:30:00-04:00,stop,"[('2026-09-08 09:30:00-04:00', 1.0, 38.08, 'stop')]",10,-1.0145257826887661,-0.06751899742615525
GL,XLF,Improving,2024-07-03,2024-07-05 15:15:00-04:00,2024-07-05 15:30:00-04:00,79.95,78.69,VAL,87.69,LRC_upper,116.07,5.98,1.47,vwap_reclaim,46.9,0.03,3,2024-07-25 15:45:00-04:00,time,"[('2024-07-16 12:45:00-04:00', 0.5, 87.69, 'tp1'), ('2024-07-25 15:45:00-04:00', 0.5, 87.59, 'time')]",15,6.0366706349206085,0.09513702313946212
GL,XLF,Improving,2025-08-29,2025-09-02 13:45:00-04:00,2025-09-02 14:00:00-04:00,137.76,136.16,swing_low,141.96,swing_high,152.06,2.6,1.0,vwap_reclaim,63.0,0.73,2,2025-09-22 15:45:00-04:00,time,"[('2025-09-12 09:45:00-04:00', 0.5, 141.96, 'tp1'), ('2025-09-22 15:45:00-04:00', 0.5, 144.07, 'time')]",15,3.196632812500017,0.037126978077816564
GL,XLF,Improving,2025-09-29,2025-09-30 14:45:00-04:00,2025-09-30 15:00:00-04:00,140.85,138.46,VAL,146.65,swing_high,151.36,2.5,1.32,vwap_reclaim,63.1,0.49,3,2025-10-01 10:30:00-04:00,stop,"[('2025-10-01 10:30:00-04:00', 1.0, 138.46, 'stop')]",1,-1.0584330543933058,-0.01795992190273331
GL,XLF,Improving,2026-02-09,2026-02-10 11:45:00-05:00,2026-02-10 12:00:00-05:00,140.84,138.3,AVWAP,146.65,swing_high,152.08,2.33,1.29,vwap_reclaim,58.3,0.45,2,2026-02-25 09:45:00-05:00,breakeven,"[('2026-02-18 09:30:00-05:00', 0.5, 146.65, 'tp1'), ('2026-02-25 09:45:00-05:00', 0.5, 140.84, 'breakeven')]",10,1.08768011811024,0.01961592942345925
GL,XLF,Improving,2026-06-05,2026-06-08 11:45:00-04:00,2026-06-08 12:00:00-04:00,157.5,155.26,VAH,164.29,LRC_upper,167.92,2.98,1.56,vwap_reclaim,60.4,0.64,2,2026-06-12 09:30:00-04:00,tp2,"[('2026-06-11 10:15:00-04:00', 0.5, 164.29, 'tp1'), ('2026-06-12 09:30:00-04:00', 0.5, 167.92, 'tp2')]",4,3.7692845982142655,0.053607603174603106
GLW,XLK,Improving,2024-08-27,2024-08-28 14:45:00-04:00,2024-08-28 15:00:00-04:00,40.84,39.09,VAH,44.65,LRC_upper,46.54,2.16,1.09,vwap_reclaim,53.4,0.0,3,2024-09-18 15:45:00-04:00,time,"[('2024-09-18 15:45:00-04:00', 1.0, 42.14, 'time')]",15,0.7191485714285698,0.03081562193927515
GLW,XLK,Improving,2025-12-30,2025-12-31 14:00:00-05:00,2025-12-31 14:15:00-05:00,88.0,86.12,AVWAP,91.77,swing_high,96.13,2.01,1.91,vwap_reclaim,44.1,0.06,2,2026-01-05 10:00:00-05:00,breakeven,"[('2026-01-05 09:30:00-05:00', 0.5, 91.77, 'tp1'), ('2026-01-05 10:00:00-05:00', 0.5, 88.0, 'breakeven')]",2,0.9553497340425545,0.020409744318181797
GLW,XLK,Improving,2026-01-13,2026-01-14 13:30:00-05:00,2026-01-14 13:45:00-05:00,88.65,87.06,POC,94.89,LRC_upper,97.24,3.92,1.22,level_bounce,48.9,0.17,2,2026-01-27 09:30:00-05:00,tp2,"[('2026-01-22 09:30:00-05:00', 0.5, 94.89, 'tp1'), ('2026-01-27 09:30:00-05:00', 0.5, 101.53, 'tp2')]",8,5.9538176100628775,0.10678589960518889
GLW,XLK,Improving,2026-03-10,2026-03-11 11:00:00-04:00,2026-03-11 11:15:00-04:00,134.54,122.67,AVWAP,161.25,52w_high,174.34,2.24,1.03,level_bounce,74.8,0.84,2,2026-03-12 15:45:00-04:00,lrc_break,"[('2026-03-12 15:45:00-04:00', 1.0, 129.28, 'lrc_break')]",2,-0.45424684077506283,-0.040076631485060146
GLW,XLK,Improving,2026-03-16,2026-03-18 11:00:00-04:00,2026-03-18 11:15:00-04:00,133.72,123.32,AVWAP,161.25,52w_high,171.91,2.66,1.22,vwap_reclaim,78.9,0.77,2,2026-03-20 15:45:00-04:00,lrc_break,"[('2026-03-20 15:45:00-04:00', 1.0, 124.32, 'lrc_break')]",3,-0.9162519230769232,-0.07126099311995218
GM,XLY,Improving,2024-05-09,2024-05-10 10:30:00-04:00,2024-05-10 10:45:00-04:00,44.22,42.96,swing_low,47.21,LRC_upper,48.52,2.35,1.88,vwap_reclaim,66.2,0.61,2,2024-05-22 09:30:00-04:00,stop,"[('2024-05-22 09:30:00-04:00', 1.0, 42.96, 'stop')]",8,-1.0345952380952381,-0.029479647218453146
GM,XLY,Improving,2024-07-01,2024-07-02 11:15:00-04:00,2024-07-02 11:30:00-04:00,45.73,44.8,VAL,47.97,swing_high,48.85,2.37,1.18,vwap_reclaim,61.5,0.36,3,2024-07-15 09:30:00-04:00,tp2,"[('2024-07-12 12:15:00-04:00', 0.5, 47.97, 'tp1'), ('2024-07-15 09:30:00-04:00', 0.5, 48.85, 'tp2')]",8,2.8311075268817247,0.057575552153947156
GM,XLY,Improving,2025-11-13,2025-11-14 11:15:00-05:00,2025-11-14 11:30:00-05:00,70.65,68.95,VAH,75.51,LRC_upper,77.84,2.9,1.67,vwap_reclaim,74.4,0.62,3,2025-11-17 10:30:00-05:00,stop,"[('2025-11-17 10:30:00-05:00', 1.0, 68.95, 'stop')]",1,-1.0410588235294118,-0.02505024769992927
GM,XLY,Improving,2025-12-05,2025-12-08 13:45:00-05:00,2025-12-08 14:00:00-05:00,75.38,72.78,VAH,80.75,LRC_upper,83.52,2.05,1.61,vwap_reclaim,78.9,0.76,3,2025-12-29 15:45:00-05:00,time,"[('2025-12-12 09:45:00-05:00', 0.5, 80.75, 'tp1'), ('2025-12-29 15:45:00-05:00', 0.5, 82.39, 'time')]",15,2.3505865384615454,0.0810762138498276
GM,XLY,Improving,2026-08-14,2026-08-18 12:45:00-04:00,2026-08-18 13:00:00-04:00,83.8,81.87,AVWAP,89.55,swing_high,93.74,2.98,1.02,vwap_reclaim,49.0,0.3,2,2026-09-08 15:45:00-04:00,time,"[('2026-09-08 15:45:00-04:00', 1.0, 85.81, 'time')]",15,0.9975103626943069,0.022973687350835385
GOOG,XLC,Improving,2025-12-05,2025-12-10 14:00:00-05:00,2025-12-10 14:15:00-05:00,318.38,310.84,swing_low,333.85,LRC_upper,344.26,2.08,1.9,level_bounce,74.2,0.91,2,2025-12-11 13:15:00-05:00,stop,"[('2025-12-11 13:15:00-05:00', 1.0, 310.84, 'stop')]",1,-1.0417254641909812,-0.0246705509140022
GOOG,XLC,Improving,2026-05-27,2026-05-28 10:00:00-04:00,2026-05-28 10:15:00-04:00,385.8,376.95,swing_low,403.96,52w_high,434.89,2.04,1.09,level_bounce,75.6,0.86,2,2026-05-29 09:30:00-04:00,stop,"[('2026-05-29 09:30:00-04:00', 1.0, 376.95, 'stop')]",1,-1.0430932203389829,-0.023927877138413746
GPC,XLY,Improving,2024-03-06,2024-03-07 11:00:00-05:00,2024-03-07 11:15:00-05:00,140.22,135.64,swing_low,156.99,52w_high,159.43,3.66,1.75,vwap_reclaim,80.3,0.82,3,2024-03-27 15:45:00-04:00,time,"[('2024-03-27 15:45:00-04:00', 1.0, 143.08, 'time')]",15,0.5935262008733638,0.019386321494793995
GPC,XLY,Improving,2026-08-13,2026-08-18 09:45:00-04:00,2026-08-18 10:00:00-04:00,132.43,129.9,VAH,146.0,LRC_upper,150.41,5.26,1.17,level_bounce,84.1,0.84,3,2026-08-20 09:30:00-04:00,stop,"[('2026-08-20 09:30:00-04:00', 1.0, 129.9, 'stop')]",2,-1.0518438735177866,-0.02009488031412823
GPC,XLY,Improving,2026-08-24,2026-08-25 10:45:00-04:00,2026-08-25 11:00:00-04:00,135.61,131.79,POC,146.08,LRC_upper,148.93,2.73,1.32,level_bounce,80.4,0.77,2,2026-09-14 11:45:00-04:00,stop,"[('2026-09-14 11:45:00-04:00', 1.0, 131.79, 'stop')]",13,-1.035,-0.029154929577464947
GRMN,XLY,Improving,2024-04-03,2024-04-05 09:45:00-04:00,2024-04-05 10:00:00-04:00,140.0,138.72,VAL,143.06,swing_high,153.34,2.47,1.23,level_bounce,76.2,0.86,3,2024-04-10 09:30:00-04:00,breakeven,"[('2024-04-08 10:30:00-04:00', 0.5, 143.06, 'tp1'), ('2024-04-10 09:30:00-04:00', 0.5, 140.0, 'breakeven')]",3,1.08533984375,0.00992310714285715
GRMN,XLY,Improving,2024-06-07,2024-06-10 13:30:00-04:00,2024-06-10 13:45:00-04:00,155.38,154.16,VAL,164.46,swing_high,178.23,7.8,1.18,vwap_reclaim,66.8,0.57,2,2024-06-11 09:30:00-04:00,stop,"[('2024-06-11 09:30:00-04:00', 1.0, 154.16, 'stop')]",1,-1.126860655737705,-0.008847792508688371
GRMN,XLY,Improving,2024-06-28,2024-07-01 09:45:00-04:00,2024-07-01 10:00:00-04:00,157.55,154.98,POC,164.46,swing_high,176.78,2.93,1.23,level_bounce,55.2,0.2,2,2024-07-02 09:30:00-04:00,stop,"[('2024-07-02 09:30:00-04:00', 1.0, 154.98, 'stop')]",1,-1.0608035019455246,-0.017304125674389218
GRMN,XLY,Improving,2025-07-31,2025-08-01 11:45:00-04:00,2025-08-01 12:00:00-04:00,212.18,209.48,POC,225.01,swing_high,234.63,5.02,1.43,vwap_reclaim,73.2,0.75,3,2025-08-21 15:45:00-04:00,time,"[('2025-08-06 09:30:00-04:00', 0.5, 225.03, 'tp1'), ('2025-08-21 15:45:00-04:00', 0.5, 225.02, 'time')]",15,4.6764435185184885,0.05950795315298331
GRMN,XLY,Improving,2026-03-09,2026-03-10 11:15:00-04:00,2026-03-10 11:30:00-04:00,237.96,231.27,VAL,252.11,swing_high,264.15,2.1,1.37,vwap_reclaim,71.6,0.57,3,2026-03-11 14:00:00-04:00,stop,"[('2026-03-11 14:00:00-04:00', 1.0, 231.27, 'stop')]",1,-1.0350695067264575,-0.029099911749873916
GS,XLF,Improving,2025-07-23,2025-07-24 10:15:00-04:00,2025-07-24 10:30:00-04:00,701.25,686.38,POC,741.18,LRC_upper,754.73,2.69,1.32,vwap_reclaim,77.3,0.85,2,2025-08-01 09:30:00-04:00,stop,"[('2025-08-01 09:30:00-04:00', 1.0, 686.38, 'stop')]",6,-1.046658708809684,-0.022194388591800365
GS,XLF,Improving,2025-11-14,2025-11-18 11:15:00-05:00,2025-11-18 11:30:00-05:00,765.88,747.43,swing_low,809.33,swing_high,837.55,2.3,1.05,level_bounce,48.0,0.02,3,2025-11-21 09:30:00-05:00,stop,"[('2025-11-21 09:30:00-05:00', 1.0, 747.43, 'stop')]",3,-1.0410111111111109,-0.02507789079229128
HAL,XLE,Improving,2025-09-11,2025-09-16 10:15:00-04:00,2025-09-16 10:30:00-04:00,21.51,21.14,AVWAP,22.67,LRC_upper,24.83,3.14,1.46,level_bounce,37.0,0.03,2,2025-09-26 09:30:00-04:00,tp2,"[('2025-09-23 09:30:00-04:00', 0.5, 22.67, 'tp1'), ('2025-09-26 09:30:00-04:00', 0.5, 24.83, 'tp2')]",8,5.992891891891872,0.10308554160855408
HAL,XLE,Improving,2026-05-05,2026-05-06 12:30:00-04:00,2026-05-06 12:45:00-04:00,40.16,39.37,VAH,42.95,LRC_upper,44.93,3.59,1.14,level_bounce,73.0,0.73,3,2026-05-07 09:30:00-04:00,stop,"[('2026-05-07 09:30:00-04:00', 1.0, 39.37, 'stop')]",1,-1.0503354430379748,-0.02066147908366532
HAL,XLE,Improving,2026-05-22,2026-05-26 11:00:00-04:00,2026-05-26 11:15:00-04:00,40.99,40.02,VAL,43.2,52w_high,44.28,2.28,1.36,vwap_reclaim,72.7,0.7,3,2026-05-27 09:30:00-04:00,stop,"[('2026-05-27 09:30:00-04:00', 1.0, 40.02, 'stop')]",1,-1.041757731958763,-0.024652476213710632
HAS,XLY,Improving,2025-08-08,2025-08-11 11:15:00-04:00,2025-08-11 11:30:00-04:00,74.61,72.2,VAL,80.37,LRC_upper,82.58,2.39,1.04,vwap_reclaim,71.9,0.75,2,2025-08-29 15:45:00-04:00,time,"[('2025-08-29 15:45:00-04:00', 1.0, 78.66, 'time')]",15,1.6486991701244824,0.053255126658624814
HAS,XLY,Improving,2026-03-10,2026-03-11 12:45:00-04:00,2026-03-11 13:00:00-04:00,92.79,91.29,AVWAP,98.58,POC,104.6,3.7,1.6,vwap_reclaim,72.0,0.73,2,2026-03-11 15:45:00-04:00,lrc_break,"[('2026-03-11 15:45:00-04:00', 1.0, 92.82, 'lrc_break')]",1,-0.04187000000000873,-0.0006768509537667107
HAS,XLY,Improving,2026-08-14,2026-08-19 10:45:00-04:00,2026-08-19 11:00:00-04:00,94.48,92.8,POC,100.92,LRC_upper,104.6,3.81,1.12,vwap_reclaim,60.4,0.46,3,2026-08-20 09:30:00-04:00,stop,"[('2026-08-20 09:30:00-04:00', 1.0, 92.31, 'stop')]",1,-1.3472589285714243,-0.023956339966130415
HAS,XLY,Improving,2026-08-24,2026-08-25 11:30:00-04:00,2026-08-25 11:45:00-04:00,96.24,93.28,POC,103.23,LRC_upper,105.36,2.34,1.44,vwap_reclaim,69.6,0.61,2,2026-08-31 09:30:00-04:00,stop,"[('2026-08-31 09:30:00-04:00', 1.0, 93.28, 'stop')]",4,-1.0320135135135136,-0.03174106400664998
HAS,XLY,Improving,2026-09-01,2026-09-03 15:15:00-04:00,2026-09-03 15:30:00-04:00,93.11,91.11,swing_low,97.21,swing_high,104.6,2.04,1.14,vwap_reclaim,67.6,0.71,2,2026-09-04 09:45:00-04:00,stop,"[('2026-09-04 09:45:00-04:00', 1.0, 91.11, 'stop')]",1,-1.046055,-0.022469229943078078
HBAN,XLF,Improving,2025-07-23,2025-07-24 11:45:00-04:00,2025-07-24 12:00:00-04:00,16.08,15.69,VAL,16.94,swing_high,17.3,2.13,1.02,level_bounce,62.2,0.59,2,2025-07-31 09:30:00-04:00,stop,"[('2025-07-31 09:30:00-04:00', 1.0, 15.69, 'stop')]",5,-1.0407307692307692,-0.025241604477611868
HBAN,XLF,Improving,2025-09-30,2025-10-01 10:00:00-04:00,2025-10-01 10:15:00-04:00,16.54,16.32,AVWAP,17.13,swing_high,17.84,2.68,1.5,vwap_reclaim,57.1,0.62,2,2025-10-02 09:30:00-04:00,stop,"[('2025-10-02 09:30:00-04:00', 1.0, 16.32, 'stop')]",1,-1.0746818181818185,-0.014294437726723027
HCA,XLV,Improving,2024-01-02,2024-01-03 12:30:00-05:00,2024-01-03 12:45:00-05:00,266.53,263.99,POC,274.79,swing_high,280.3,3.27,2.63,level_bounce,71.7,0.89,3,2024-01-12 09:30:00-05:00,tp2,"[('2024-01-08 14:30:00-05:00', 0.5, 274.79, 'tp1'), ('2024-01-12 09:30:00-05:00', 0.5, 280.3, 'tp2')]",7,4.229512795275668,0.04030676659287902
HCA,XLV,Improving,2024-04-24,2024-04-25 11:45:00-04:00,2024-04-25 12:00:00-04:00,309.61,303.95,VAL,322.96,swing_high,335.95,2.28,2.6,vwap_reclaim,46.3,0.13,2,2024-04-26 09:30:00-04:00,stop,"[('2024-04-26 09:30:00-04:00', 1.0, 291.92, 'stop')]",1,-3.178580388692565,-0.05810782920448304
HCA,XLV,Improving,2024-04-29,2024-05-02 15:15:00-04:00,2024-05-02 15:30:00-04:00,304.2,299.82,AVWAP,322.96,swing_high,332.49,4.25,1.39,level_bounce,47.8,0.01,2,2024-05-22 15:45:00-04:00,time,"[('2024-05-22 15:45:00-04:00', 1.0, 312.7, 'time')]",15,1.8702168949771707,0.02692817225509533
HCA,XLV,Improving,2025-05-30,2025-06-02 14:00:00-04:00,2025-06-02 14:15:00-04:00,375.98,367.5,swing_low,396.14,LRC_upper,410.96,2.37,1.08,vwap_reclaim,75.6,0.65,3,2025-06-09 09:30:00-04:00,stop,"[('2025-06-09 09:30:00-04:00', 1.0, 367.5, 'stop')]",5,-1.0438372641509435,-0.023543113995425337
HCA,XLV,Improving,2025-06-18,2025-06-20 14:30:00-04:00,2025-06-20 14:45:00-04:00,372.49,363.76,VAL,407.19,LRC_upper,417.06,3.84,1.33,level_bounce,77.8,0.7,3,2025-07-11 15:45:00-04:00,time,"[('2025-07-11 15:45:00-04:00', 1.0, 372.67, 'time')]",15,-0.02205956471935771,-0.0005170071679776456
HCA,XLV,Improving,2025-10-01,2025-10-02 11:15:00-04:00,2025-10-02 11:30:00-04:00,423.04,413.99,VAH,449.49,LRC_upper,458.68,2.96,1.37,vwap_reclaim,76.7,0.76,3,2025-10-10 09:30:00-04:00,stop,"[('2025-10-10 09:30:00-04:00', 1.0, 413.99, 'stop')]",6,-1.0462447513812154,-0.022382079708774608
HD,XLY,Improving,2024-02-08,2024-02-09 12:15:00-05:00,2024-02-09 12:30:00-05:00,337.92,333.4,VAH,354.93,LRC_upper,360.56,3.81,1.24,vwap_reclaim,75.7,0.68,3,2024-02-13 09:30:00-05:00,stop,"[('2024-02-13 09:30:00-05:00', 1.0, 333.4, 'stop')]",2,-1.074261061946902,-0.014369258996212235
HD,XLY,Improving,2024-08-28,2024-08-29 10:15:00-04:00,2024-08-29 10:30:00-04:00,351.13,346.21,swing_low,363.86,LRC_upper,372.14,2.68,1.32,vwap_reclaim,63.3,0.36,3,2024-09-03 15:30:00-04:00,stop,"[('2024-09-03 15:30:00-04:00', 1.0, 346.21, 'stop')]",2,-1.0708678861788616,-0.015004898470651942
HD,XLY,Improving,2026-07-17,2026-07-20 15:15:00-04:00,2026-07-20 15:30:00-04:00,330.74,325.94,swing_low,348.35,swing_high,364.92,3.73,1.15,level_bounce,65.6,0.72,3,2026-07-21 09:30:00-04:00,stop,"[('2026-07-21 09:30:00-04:00', 1.0, 325.94, 'stop')]",1,-1.0684041666666664,-0.015505653988026882
HIG,XLF,Improving,2025-09-30,2025-10-02 10:45:00-04:00,2025-10-02 11:00:00-04:00,130.04,129.02,POC,136.44,LRC_upper,138.46,6.2,1.19,level_bounce,63.0,0.63,2,2025-10-09 11:15:00-04:00,stop,"[('2025-10-09 11:15:00-04:00', 1.0, 129.02, 'stop')]",5,-1.1269901960784336,-0.008839818517379128
HII,XLI,Improving,2023-11-17,2023-11-20 09:45:00-05:00,2023-11-20 10:00:00-05:00,223.21,219.04,POC,231.37,LRC_upper,234.89,2.04,2.12,vwap_reclaim,72.9,0.67,3,2023-12-11 09:30:00-05:00,tp2,"[('2023-12-07 09:30:00-05:00', 0.5, 231.37, 'tp1'), ('2023-12-11 09:30:00-05:00', 0.5, 234.89, 'tp2')]",14,2.324179856115096,0.043420232068455654
HII,XLI,Improving,2025-08-29,2025-09-02 13:15:00-04:00,2025-09-02 13:30:00-04:00,265.97,260.69,POC,281.21,LRC_upper,286.93,2.86,1.44,level_bounce,79.8,0.81,3,2025-09-09 11:15:00-04:00,stop,"[('2025-09-09 11:15:00-04:00', 1.0, 260.69, 'stop')]",5,-1.0498731060606057,-0.02084193706057085
HII,XLI,Improving,2025-11-18,2025-11-19 13:15:00-05:00,2025-11-19 13:30:00-05:00,302.16,291.89,swing_low,323.62,swing_high,335.84,2.07,2.82,level_bounce,76.6,0.82,3,2025-11-20 15:45:00-05:00,lrc_break,"[('2025-11-20 15:45:00-05:00', 1.0, 297.02, 'lrc_break')]",2,-0.5296582278481035,-0.01800234974847777
HII,XLI,Improving,2025-11-26,2025-12-02 10:45:00-05:00,2025-12-02 11:00:00-05:00,306.7,301.1,VAL,323.62,swing_high,331.69,2.92,1.23,level_bounce,74.8,0.77,3,2025-12-03 09:30:00-05:00,stop,"[('2025-12-03 09:30:00-05:00', 1.0, 301.1, 'stop')]",1,-1.0542678571428574,-0.019249755461362785
HLT,XLY,Improving,2024-03-28,2024-04-02 12:30:00-04:00,2024-04-02 12:45:00-04:00,209.82,208.36,VAH,215.79,LRC_upper,219.53,4.09,1.25,level_bounce,69.0,0.93,2,2024-04-04 15:00:00-04:00,stop,"[('2024-04-04 15:00:00-04:00', 1.0, 208.36, 'stop')]",2,-1.1432123287671252,-0.007954866075683822
HLT,XLY,Improving,2025-07-15,2025-07-18 13:45:00-04:00,2025-07-18 14:00:00-04:00,270.99,268.56,VAH,278.76,52w_high,283.85,3.08,1.27,level_bounce,68.4,0.64,3,2025-07-23 09:30:00-04:00,stop,"[('2025-07-23 09:30:00-04:00', 1.0, 264.24, 'stop')]",3,-2.887907407407399,-0.025896213882431084
HON,XLI,Improving,2024-07-23,2024-07-24 11:45:00-04:00,2024-07-24 12:00:00-04:00,203.49,201.94,POC,208.38,52w_high,211.6,3.03,1.64,vwap_reclaim,68.5,0.77,3,2024-07-24 15:45:00-04:00,stop,"[('2024-07-24 15:45:00-04:00', 1.0, 201.94, 'stop')]",0,-1.130783870967741,-0.008613273379527305
HOOD,XLF,Improving,2026-06-08,2026-06-09 13:15:00-04:00,2026-06-09 13:30:00-04:00,81.84,78.25,AVWAP,93.86,swing_high,111.46,3.35,1.28,level_bounce,52.3,0.22,3,2026-06-22 09:45:00-04:00,tp2,"[('2026-06-12 10:30:00-04:00', 0.5, 93.86, 'tp1'), ('2026-06-22 09:45:00-04:00', 0.5, 111.46, 'tp2')]",8,5.773746518105842,0.2532716275659823
HPE,XLK,Improving,2024-12-12,2024-12-17 11:30:00-05:00,2024-12-17 11:45:00-05:00,20.7,19.91,VAL,22.51,LRC_upper,23.48,2.33,1.88,vwap_reclaim,60.9,0.42,2,2024-12-18 15:15:00-05:00,stop,"[('2024-12-18 15:15:00-05:00', 1.0, 19.91, 'stop')]",1,-1.0257025316455697,-0.039145169082125564
HPE,XLK,Improving,2026-01-02,2026-01-05 10:15:00-05:00,2026-01-05 10:30:00-05:00,23.88,23.38,swing_low,24.94,swing_high,25.97,2.18,1.05,level_bounce,49.9,0.06,3,2026-01-07 09:30:00-05:00,stop,"[('2026-01-07 09:30:00-05:00', 1.0, 23.38, 'stop')]",2,-1.04726,-0.021927554438860974
HPE,XLK,Improving,2026-08-21,2026-08-24 14:15:00-04:00,2026-08-24 14:30:00-04:00,52.39,48.94,AVWAP,60.29,LRC_upper,63.59,2.29,1.31,vwap_reclaim,68.8,0.46,3,2026-09-03 09:30:00-04:00,stop,"[('2026-09-03 09:30:00-04:00', 1.0, 47.48, 'stop')]",8,-1.4376623188405795,-0.09467331551822873
HPQ,XLK,Improving,2025-02-26,2025-02-27 10:00:00-05:00,2025-02-27 10:15:00-05:00,31.1,30.67,AVWAP,32.14,LRC_upper,33.77,2.42,1.4,level_bounce,44.7,0.01,3,2025-02-27 15:15:00-05:00,stop,"[('2025-02-27 15:15:00-05:00', 1.0, 30.67, 'stop')]",0,-1.0718255813953488,-0.014819453376205778
HPQ,XLK,Improving,2026-09-03,2026-09-08 15:15:00-04:00,2026-09-08 15:30:00-04:00,30.91,29.99,VAH,33.46,LRC_upper,35.09,2.77,1.07,level_bounce,73.9,0.91,2,2026-09-11 09:45:00-04:00,tp2,"[('2026-09-11 09:30:00-04:00', 0.5, 33.46, 'tp1'), ('2026-09-11 09:45:00-04:00', 0.5, 35.09, 'tp2')]",3,3.622182065217387,0.10781001294079592
HRL,XLP,Improving,2024-04-01,2024-04-03 14:45:00-04:00,2024-04-03 15:00:00-04:00,31.24,30.96,VAH,32.37,swing_high,33.7,4.04,1.08,level_bounce,68.7,0.66,3,2024-04-12 09:45:00-04:00,stop,"[('2024-04-12 09:45:00-04:00', 1.0, 30.96, 'stop')]",7,-1.1110714285714296,-0.00995838668373872
HRL,XLP,Improving,2026-07-08,2026-07-09 12:00:00-04:00,2026-07-09 12:15:00-04:00,24.08,23.48,VAL,25.55,swing_high,26.29,2.51,1.58,level_bounce,65.5,0.78,2,2026-07-28 09:30:00-04:00,tp2,"[('2026-07-15 11:45:00-04:00', 0.5, 25.55, 'tp1'), ('2026-07-28 09:30:00-04:00', 0.5, 26.38, 'tp2')]",13,3.0999625000000135,0.07724159053156153
HSIC,XLV,Improving,2025-06-26,2025-06-27 14:30:00-04:00,2025-06-27 14:45:00-04:00,73.29,71.72,VAH,77.03,LRC_upper,80.56,2.38,2.29,level_bounce,64.4,0.68,2,2025-07-14 09:30:00-04:00,stop,"[('2025-07-14 09:30:00-04:00', 1.0, 70.38, 'stop')]",10,-1.8992579617834375,-0.04068542775276314
HST,XLRE,Improving,2024-03-14,2024-03-15 14:45:00-04:00,2024-03-15 15:00:00-04:00,17.54,17.32,AVWAP,18.25,swing_high,18.63,3.23,1.47,level_bounce,61.2,0.45,3,2024-04-04 15:00:00-04:00,stop,"[('2024-04-04 15:00:00-04:00', 1.0, 17.32, 'stop')]",13,-1.0792272727272731,-0.013536488027365956
HST,XLRE,Improving,2025-01-10,2025-01-13 11:45:00-05:00,2025-01-13 12:00:00-05:00,15.25,15.04,VAL,15.83,swing_high,16.6,2.76,2.77,vwap_reclaim,40.2,0.02,2,2025-01-24 15:30:00-05:00,breakeven,"[('2025-01-15 09:30:00-05:00', 0.5, 15.83, 'tp1'), ('2025-01-24 15:30:00-05:00', 0.5, 15.25, 'breakeven')]",8,1.307642857142852,0.018006885245901643
HST,XLRE,Improving,2025-06-04,2025-06-05 11:30:00-04:00,2025-06-05 11:45:00-04:00,14.05,13.7,VAL,14.77,swing_high,15.2,2.06,2.04,vwap_reclaim,62.1,0.55,3,2025-06-13 09:30:00-04:00,breakeven,"[('2025-06-10 11:15:00-04:00', 0.5, 14.77, 'tp1'), ('2025-06-13 09:30:00-04:00', 0.5, 14.05, 'breakeven')]",6,0.98791428571428,0.024609964412811346
HST,XLRE,Improving,2025-06-20,2025-06-23 12:30:00-04:00,2025-06-23 12:45:00-04:00,14.19,14.0,POC,14.8,swing_high,15.2,3.21,2.16,vwap_reclaim,71.6,0.79,3,2025-07-10 09:30:00-04:00,tp2,"[('2025-07-01 12:15:00-04:00', 0.5, 14.8, 'tp1'), ('2025-07-10 09:30:00-04:00', 0.5, 15.2, 'tp2')]",12,4.186342105263171,0.05605391120507403
HST,XLRE,Improving,2025-09-12,2025-09-16 12:45:00-04:00,2025-09-16 13:00:00-04:00,16.16,15.97,POC,16.82,LRC_upper,17.12,3.47,1.44,vwap_reclaim,52.8,0.32,2,2025-09-22 09:30:00-04:00,stop,"[('2025-09-22 09:30:00-04:00', 1.0, 15.97, 'stop')]",4,-1.0845526315789475,-0.01275154702970294
HST,XLRE,Improving,2026-01-02,2026-01-05 11:00:00-05:00,2026-01-05 11:15:00-05:00,17.26,16.83,VAL,18.26,LRC_upper,18.74,2.25,1.8,vwap_reclaim,71.2,0.67,3,2026-01-26 15:45:00-05:00,time,"[('2026-01-22 09:30:00-05:00', 0.5, 18.26, 'tp1'), ('2026-01-26 15:45:00-05:00', 0.5, 17.86, 'time')]",15,1.819395348837193,0.04532676709154107
HSY,XLP,Improving,2025-08-05,2025-08-07 12:00:00-04:00,2025-08-07 12:15:00-04:00,180.88,178.15,VAH,188.24,LRC_upper,197.04,2.74,2.29,level_bounce,61.5,0.66,2,2025-08-08 10:00:00-04:00,stop,"[('2025-08-08 10:00:00-04:00', 1.0, 178.15, 'stop')]",1,-1.0657564102564105,-0.016085332817337403
HSY,XLP,Improving,2025-08-13,2025-08-14 11:00:00-04:00,2025-08-14 11:15:00-04:00,172.74,166.78,AVWAP,185.18,swing_high,191.71,2.11,1.03,level_bounce,58.5,0.56,2,2025-09-04 15:45:00-04:00,time,"[('2025-09-04 15:45:00-04:00', 1.0, 179.88, 'time')]",15,1.1684043624161036,0.040313129558874526
HSY,XLP,Improving,2025-10-17,2025-10-20 11:15:00-04:00,2025-10-20 11:30:00-04:00,180.63,177.11,swing_low,190.9,swing_high,197.04,2.93,1.13,vwap_reclaim,68.9,0.69,3,2025-10-20 15:45:00-04:00,lrc_break,"[('2025-10-20 15:45:00-04:00', 1.0, 180.75, 'lrc_break')]",1,-0.017241477272726066,-0.0003359906992193735
HSY,XLP,Improving,2025-12-26,2025-12-29 09:45:00-05:00,2025-12-29 10:00:00-05:00,179.92,177.26,swing_low,185.65,swing_high,190.3,2.14,1.82,level_bounce,46.0,0.21,2,2025-12-29 12:30:00-05:00,stop,"[('2025-12-29 12:30:00-05:00', 1.0, 177.26, 'stop')]",0,-1.0671390977443609,-0.015776956425077794
HUBB,XLI,Improving,2025-11-10,2025-11-11 12:45:00-05:00,2025-11-11 13:00:00-05:00,450.04,439.81,AVWAP,472.69,LRC_upper,489.59,2.21,1.27,vwap_reclaim,51.1,0.19,3,2025-11-13 09:45:00-05:00,stop,"[('2025-11-13 09:45:00-05:00', 1.0, 439.81, 'stop')]",2,-1.0434921798631476,-0.023719947115811966
HUM,XLV,Improving,2024-05-24,2024-05-28 13:15:00-04:00,2024-05-28 13:30:00-04:00,339.01,331.56,swing_low,357.18,LRC_upper,371.09,2.44,2.14,vwap_reclaim,41.7,0.01,2,2024-05-29 09:30:00-04:00,stop,"[('2024-05-29 09:30:00-04:00', 1.0, 331.56, 'stop')]",1,-1.0450046979865772,-0.022964765051178396
HUM,XLV,Improving,2024-07-18,2024-07-19 12:00:00-04:00,2024-07-19 12:15:00-04:00,377.72,361.88,POC,512.45,52w_high,528.82,8.52,1.1,level_bounce,75.9,0.76,2,2024-07-31 09:30:00-04:00,stop,"[('2024-07-31 09:30:00-04:00', 1.0, 355.14, 'stop')]",8,-1.4486382575757573,-0.06074984115217632
HUM,XLV,Improving,2024-12-02,2024-12-03 10:00:00-05:00,2024-12-03 10:15:00-05:00,285.93,278.38,POC,305.28,swing_high,316.38,2.57,1.11,level_bounce,37.9,0.03,2,2024-12-04 10:00:00-05:00,stop,"[('2024-12-04 10:00:00-05:00', 1.0, 278.38, 'stop')]",1,-1.0373715231788079,-0.027391861644458473
HUM,XLV,Improving,2025-09-05,2025-09-08 15:15:00-04:00,2025-09-08 15:30:00-04:00,304.36,294.19,VAH,326.39,LRC_upper,372.25,2.22,1.56,vwap_reclaim,81.7,0.78,3,2025-09-09 13:45:00-04:00,stop,"[('2025-09-09 13:45:00-04:00', 1.0, 294.19, 'stop')]",1,-1.0294272369714847,-0.034397670521750606
HUM,XLV,Improving,2025-09-12,2025-09-15 13:00:00-04:00,2025-09-15 13:15:00-04:00,268.72,260.46,AVWAP,292.62,swing_high,310.81,2.71,1.06,vwap_reclaim,74.2,0.78,3,2025-09-15 15:45:00-04:00,lrc_break,"[('2025-09-15 15:45:00-04:00', 1.0, 271.37, 'lrc_break')]",1,0.28813014527844594,0.008856635159273507
IBKR,XLF,Improving,2024-07-02,2024-07-03 11:15:00-04:00,2024-07-03 11:30:00-04:00,31.09,30.48,VAH,32.56,LRC_upper,33.64,2.53,2.64,level_bounce,50.5,0.34,2,2024-07-05 09:30:00-04:00,stop,"[('2024-07-05 09:30:00-04:00', 1.0, 30.48, 'stop')]",1,-1.050467213114754,-0.020610646510131857
IBKR,XLF,Improving,2024-07-15,2024-07-16 10:45:00-04:00,2024-07-16 11:00:00-04:00,30.68,30.24,AVWAP,31.87,swing_high,32.44,2.79,4.29,level_bounce,50.9,0.05,3,2024-07-17 09:30:00-04:00,stop,"[('2024-07-17 09:30:00-04:00', 1.0, 29.99, 'stop')]",1,-1.6371249999999982,-0.023478976531942676
IBKR,XLF,Improving,2025-01-06,2025-01-07 10:30:00-05:00,2025-01-07 10:45:00-05:00,46.53,44.63,VAH,52.03,LRC_upper,54.53,2.78,4.95,vwap_reclaim,67.5,0.37,3,2025-01-24 12:30:00-05:00,tp2,"[('2025-01-22 11:30:00-05:00', 0.5, 52.03, 'tp1'), ('2025-01-24 12:30:00-05:00', 0.5, 54.53, 'tp2')]",11,3.526365789473687,0.14399516441005802
IBKR,XLF,Improving,2025-06-26,2025-06-27 10:45:00-04:00,2025-06-27 11:00:00-04:00,53.19,51.87,VAH,58.5,swing_high,59.75,4.02,1.14,vwap_reclaim,77.0,0.73,2,2025-07-15 12:30:00-04:00,tp2,"[('2025-07-10 11:15:00-04:00', 0.5, 58.5, 'tp1'), ('2025-07-15 12:30:00-04:00', 0.5, 59.75, 'tp2')]",11,4.4536685606060615,0.1105253337093439
IBKR,XLF,Improving,2026-05-26,2026-05-27 15:15:00-04:00,2026-05-27 15:30:00-04:00,80.62,77.97,AVWAP,87.74,swing_high,93.5,2.71,1.12,vwap_reclaim,66.0,0.84,2,2026-05-27 15:45:00-04:00,lrc_break,"[('2026-05-27 15:45:00-04:00', 1.0, 80.78, 'lrc_break')]",1,0.02992452830188544,0.0009836268915901338
IBM,XLK,Improving,2025-02-24,2025-02-25 11:30:00-05:00,2025-02-25 11:45:00-05:00,251.63,244.2,POC,268.99,LRC_upper,276.63,2.35,1.2,vwap_reclaim,75.4,0.6,3,2025-02-27 09:30:00-05:00,stop,"[('2025-02-27 09:30:00-05:00', 1.0, 244.2, 'stop')]",2,-1.0333667563930014,-0.03051271708460838
ICE,XLF,Improving,2025-06-26,2025-06-27 10:15:00-04:00,2025-06-27 10:30:00-04:00,178.88,174.72,POC,187.96,LRC_upper,191.17,2.21,1.24,level_bounce,67.1,0.74,2,2025-07-18 15:45:00-04:00,time,"[('2025-07-18 15:45:00-04:00', 1.0, 177.84, 'time')]",15,-0.29287499999999833,-0.006811046511627863
IDXX,XLV,Improving,2023-12-29,2024-01-02 15:30:00-05:00,2024-01-02 15:45:00-05:00,544.8,537.56,POC,566.52,swing_high,601.45,3.04,1.78,level_bounce,76.4,0.91,3,2024-01-03 09:30:00-05:00,stop,"[('2024-01-03 09:30:00-05:00', 1.0, 537.56, 'stop')]",1,-1.0747486187845303,-0.014282635829662278
IDXX,XLV,Improving,2025-06-03,2025-06-04 12:00:00-04:00,2025-06-04 12:15:00-04:00,528.51,512.75,POC,571.36,LRC_upper,584.44,2.65,2.03,vwap_reclaim,84.1,0.8,3,2025-06-25 15:45:00-04:00,time,"[('2025-06-25 15:45:00-04:00', 1.0, 530.37, 'time')]",15,0.0844263959390872,0.0025175682579327043
IDXX,XLV,Improving,2025-06-27,2025-06-30 10:15:00-04:00,2025-06-30 10:30:00-04:00,534.46,522.04,POC,589.14,LRC_upper,598.42,4.52,1.18,level_bounce,85.5,0.77,3,2025-07-15 15:45:00-04:00,lrc_break,"[('2025-07-15 15:45:00-04:00', 1.0, 526.52, 'lrc_break')]",11,-0.6820040257648957,-0.01584868839576405
IDXX,XLV,Improving,2025-07-16,2025-07-17 10:45:00-04:00,2025-07-17 11:00:00-04:00,518.99,511.1,swing_low,549.52,52w_high,561.09,3.83,1.1,level_bounce,78.3,0.71,3,2025-07-17 15:45:00-04:00,lrc_break,"[('2025-07-17 15:45:00-04:00', 1.0, 518.64, 'lrc_break')]",1,-0.11011596958175213,-0.0016740495963313796
IDXX,XLV,Improving,2025-08-27,2025-08-28 10:45:00-04:00,2025-08-28 11:00:00-04:00,640.17,628.68,swing_low,665.52,swing_high,688.12,2.05,1.78,level_bounce,75.2,0.71,3,2025-09-03 11:45:00-04:00,stop,"[('2025-09-03 11:45:00-04:00', 1.0, 628.68, 'stop')]",3,-1.0552154046997388,-0.018939383288813925
IFF,XLB,Improving,2023-12-07,2023-12-08 14:15:00-05:00,2023-12-08 14:30:00-05:00,71.94,70.69,swing_low,74.42,swing_high,76.09,2.06,1.19,level_bounce,70.5,0.85,2,2023-12-14 09:30:00-05:00,tp2,"[('2023-12-14 09:30:00-05:00', 0.5, 74.84, 'tp1'), ('2023-12-14 09:30:00-05:00', 0.5, 76.09, 'tp2')]",4,2.7610380000000045,0.04797466638865729
IFF,XLB,Improving,2024-07-18,2024-07-19 11:30:00-04:00,2024-07-19 11:45:00-04:00,91.41,90.34,swing_low,94.19,swing_high,95.98,2.35,1.11,vwap_reclaim,41.3,0.0,2,2024-07-30 09:30:00-04:00,tp2,"[('2024-07-23 09:30:00-04:00', 0.5, 94.19, 'tp1'), ('2024-07-30 09:30:00-04:00', 0.5, 95.98, 'tp2')]",7,3.3474322429906795,0.03918337709222191
IFF,XLB,Improving,2025-06-10,2025-06-11 15:30:00-04:00,2025-06-11 15:45:00-04:00,75.68,74.73,VAH,79.39,LRC_upper,84.33,3.85,1.22,level_bounce,49.3,0.19,3,2025-06-13 09:30:00-04:00,stop,"[('2025-06-13 09:30:00-04:00', 1.0, 74.44, 'stop')]",2,-1.3842736842105317,-0.017376585623678765
ILMN,XLV,Improving,2024-02-12,2024-02-13 11:00:00-05:00,2024-02-13 11:15:00-05:00,131.06,126.92,AVWAP,143.44,swing_high,157.71,3.02,1.16,level_bounce,68.3,0.63,3,2024-02-13 14:45:00-05:00,stop,"[('2024-02-13 14:45:00-05:00', 1.0, 126.92, 'stop')]",0,-1.0311570048309178,-0.03257279108805128
ILMN,XLV,Improving,2024-07-18,2024-07-19 12:30:00-04:00,2024-07-19 12:45:00-04:00,114.61,111.87,swing_low,121.13,LRC_upper,131.45,2.46,2.31,vwap_reclaim,48.6,0.18,3,2024-08-05 09:30:00-04:00,breakeven,"[('2024-07-25 12:30:00-04:00', 0.5, 121.13, 'tp1'), ('2024-08-05 09:30:00-04:00', 0.5, 111.45, 'breakeven')]",11,0.5710036496350375,0.013651077567402492
ILMN,XLV,Improving,2025-07-17,2025-07-18 14:30:00-04:00,2025-07-18 14:45:00-04:00,96.15,94.33,swing_low,101.69,swing_high,104.85,3.28,1.14,level_bounce,77.2,0.91,3,2025-07-21 09:30:00-04:00,stop,"[('2025-07-21 09:30:00-04:00', 1.0, 94.33, 'stop')]",1,-1.05232967032967,-0.019919292771710943
ILMN,XLV,Improving,2025-08-18,2025-08-20 14:15:00-04:00,2025-08-20 14:30:00-04:00,100.205,95.56,AVWAP,111.0,swing_high,156.66,2.32,1.01,vwap_reclaim,60.0,0.44,2,2025-09-02 11:30:00-04:00,stop,"[('2025-09-02 11:30:00-04:00', 1.0, 95.56, 'stop')]",8,-1.021072658772874,-0.047331794820617695
ILMN,XLV,Improving,2025-09-05,2025-09-08 14:15:00-04:00,2025-09-08 14:30:00-04:00,97.735,96.18,VAL,103.65,swing_high,107.44,3.64,1.29,vwap_reclaim,51.6,0.0,3,2025-09-10 13:30:00-04:00,stop,"[('2025-09-10 13:30:00-04:00', 1.0, 96.18, 'stop')]",2,-1.0623520900321546,-0.01690241469279166
ILMN,XLV,Improving,2026-06-18,2026-06-22 12:45:00-04:00,2026-06-22 13:00:00-04:00,161.725,156.41,VAL,177.22,52w_high,182.74,2.91,1.39,vwap_reclaim,82.0,0.85,3,2026-06-25 09:30:00-04:00,tp2,"[('2026-06-24 10:30:00-04:00', 0.5, 177.22, 'tp1'), ('2026-06-25 09:30:00-04:00', 0.5, 182.74, 'tp2')]",3,3.402473659454378,0.11182035863348283
INCY,XLV,Improving,2024-12-02,2024-12-04 12:00:00-05:00,2024-12-04 12:15:00-05:00,74.71,70.28,VAL,83.95,swing_high,86.91,2.11,1.14,vwap_reclaim,64.3,0.52,2,2024-12-13 09:30:00-05:00,stop,"[('2024-12-13 09:30:00-05:00', 1.0, 70.28, 'stop')]",7,-1.016364559819413,-0.06026629634587061
INCY,XLV,Improving,2025-06-20,2025-06-23 13:15:00-04:00,2025-06-23 13:30:00-04:00,67.75,66.21,VAL,71.08,swing_high,74.51,2.23,2.29,level_bounce,68.8,0.9,2,2025-06-23 15:45:00-04:00,lrc_break,"[('2025-06-23 15:45:00-04:00', 1.0, 67.29, 'lrc_break')]",1,-0.3425454545454491,-0.007786273062730535
INCY,XLV,Improving,2025-07-18,2025-07-22 10:00:00-04:00,2025-07-22 10:15:00-04:00,67.9,66.47,AVWAP,71.07,swing_high,74.51,2.26,1.06,level_bounce,62.6,0.66,2,2025-07-29 09:30:00-04:00,tp2,"[('2025-07-24 09:30:00-04:00', 0.5, 71.07, 'tp1'), ('2025-07-29 09:30:00-04:00', 0.5, 74.51, 'tp2')]",5,3.3703881118880914,0.07098166421207648
INCY,XLV,Improving,2025-09-05,2025-09-08 10:45:00-04:00,2025-09-08 11:00:00-04:00,86.5,83.91,VAL,93.54,LRC_upper,96.27,2.72,1.9,level_bounce,83.7,0.87,3,2025-09-12 11:30:00-04:00,stop,"[('2025-09-12 11:30:00-04:00', 1.0, 83.91, 'stop')]",4,-1.0328976833976835,-0.030927225433526054
INCY,XLV,Improving,2026-05-20,2026-05-21 10:15:00-04:00,2026-05-21 10:30:00-04:00,96.6,94.85,POC,102.08,LRC_upper,109.03,2.79,1.1,level_bounce,55.8,0.57,2,2026-06-01 10:15:00-04:00,stop,"[('2026-06-01 10:15:00-04:00', 1.0, 94.85, 'stop')]",6,-1.0547,-0.019106884057971018
INTU,XLK,Improving,2024-03-12,2024-03-13 12:00:00-04:00,2024-03-13 12:15:00-04:00,644.05,630.22,VAL,681.04,LRC_upper,700.09,2.68,1.1,vwap_reclaim,70.3,0.72,3,2024-03-15 09:30:00-04:00,stop,"[('2024-03-15 09:30:00-04:00', 1.0, 630.22, 'stop')]",2,-1.0460690527838037,-0.02246275133918163
INVH,XLRE,Improving,2024-04-10,2024-04-11 12:15:00-04:00,2024-04-11 12:30:00-04:00,31.36,30.97,VAL,32.41,swing_high,33.14,2.69,1.09,vwap_reclaim,59.7,0.75,2,2024-04-12 10:00:00-04:00,stop,"[('2024-04-12 10:00:00-04:00', 1.0, 30.97, 'stop')]",1,-1.0799102564102563,-0.013430006377551039
INVH,XLRE,Improving,2024-06-12,2024-06-13 12:45:00-04:00,2024-06-13 13:00:00-04:00,31.68,31.33,VAL,32.43,swing_high,32.92,2.14,1.58,vwap_reclaim,48.3,0.13,3,2024-07-01 09:30:00-04:00,tp2,"[('2024-06-18 09:30:00-04:00', 0.5, 32.43, 'tp1'), ('2024-07-01 09:30:00-04:00', 0.5, 32.92, 'tp2')]",11,2.7509214285714205,0.0303921243686869
INVH,XLRE,Improving,2024-07-11,2024-07-12 13:00:00-04:00,2024-07-12 13:15:00-04:00,32.38,31.9,VAL,33.42,52w_high,33.95,2.1,4.64,level_bounce,56.4,0.56,2,2024-07-25 09:30:00-04:00,breakeven,"[('2024-07-23 09:45:00-04:00', 0.5, 33.42, 'tp1'), ('2024-07-25 09:30:00-04:00', 0.5, 30.65, 'breakeven')]",9,-0.7858489583333319,-0.011649397776405262
INVH,XLRE,Improving,2026-06-10,2026-06-11 13:15:00-04:00,2026-06-11 13:30:00-04:00,28.93,28.64,POC,30.55,LRC_upper,32.15,5.59,2.69,level_bounce,77.8,0.88,2,2026-06-15 14:15:00-04:00,stop,"[('2026-06-15 14:15:00-04:00', 1.0, 28.64, 'stop')]",2,-1.0992586206896555,-0.011019184237815387
INVH,XLRE,Improving,2026-07-08,2026-07-10 11:15:00-04:00,2026-07-10 11:30:00-04:00,29.15,28.62,VAL,30.63,LRC_upper,31.31,2.79,1.45,vwap_reclaim,61.0,0.59,2,2026-07-30 15:45:00-04:00,time,"[('2026-07-30 15:45:00-04:00', 1.0, 29.34, 'time')]",15,0.3033113207547208,0.005514751286449444
IP,XLB,Improving,2024-07-22,2024-07-23 14:00:00-04:00,2024-07-23 14:15:00-04:00,41.78,40.81,VAH,45.25,LRC_upper,46.75,3.53,2.14,vwap_reclaim,65.0,0.31,3,2024-07-25 09:30:00-04:00,stop,"[('2024-07-25 09:30:00-04:00', 1.0, 40.64, 'stop')]",2,-1.217742268041239,-0.02827213977979896
IP,XLB,Improving,2024-12-03,2024-12-04 14:00:00-05:00,2024-12-04 14:15:00-05:00,53.67,52.63,POC,55.95,52w_high,60.02,2.13,1.5,vwap_reclaim,73.0,0.77,3,2024-12-05 10:45:00-05:00,stop,"[('2024-12-05 10:45:00-05:00', 1.0, 52.63, 'stop')]",1,-1.0511057692307693,-0.020367989565865458
IP,XLB,Improving,2026-07-08,2026-07-09 10:00:00-04:00,2026-07-09 10:15:00-04:00,36.5,35.15,VAL,39.37,swing_high,42.13,2.08,1.22,level_bounce,65.1,0.72,2,2026-07-27 09:30:00-04:00,tp2,"[('2026-07-24 13:15:00-04:00', 0.5, 39.37, 'tp1'), ('2026-07-27 09:30:00-04:00', 0.5, 42.27, 'tp2')]",12,3.17136296296296,0.11729698630136987
IQV,XLV,Improving,2023-12-29,2024-01-02 11:45:00-05:00,2024-01-02 12:00:00-05:00,231.5,227.16,VAH,241.86,52w_high,246.08,2.39,1.75,vwap_reclaim,81.0,0.94,3,2024-01-03 09:30:00-05:00,stop,"[('2024-01-03 09:30:00-05:00', 1.0, 227.16, 'stop')]",1,-1.0528410138248847,-0.019737926565874746
IQV,XLV,Improving,2025-07-08,2025-07-09 13:45:00-04:00,2025-07-09 14:00:00-04:00,161.67,158.7,VAH,171.9,LRC_upper,189.92,3.55,1.06,level_bounce,49.9,0.29,3,2025-07-15 15:30:00-04:00,stop,"[('2025-07-15 15:30:00-04:00', 1.0, 158.7, 'stop')]",4,-1.0539343434343433,-0.01936156986453887
IQV,XLV,Improving,2025-08-19,2025-08-20 13:15:00-04:00,2025-08-20 13:30:00-04:00,191.74,185.17,VAL,206.78,swing_high,252.88,2.31,1.45,vwap_reclaim,76.6,0.67,3,2025-08-21 15:45:00-04:00,stop,"[('2025-08-21 15:45:00-04:00', 1.0, 185.17, 'stop')]",1,-1.0286841704718417,-0.03524801814957767
IQV,XLV,Improving,2025-08-26,2025-08-27 12:30:00-04:00,2025-08-27 12:45:00-04:00,187.11,183.83,swing_low,196.22,swing_high,206.78,2.69,1.98,vwap_reclaim,77.2,0.67,3,2025-09-02 09:45:00-04:00,stop,"[('2025-09-02 09:45:00-04:00', 1.0, 183.83, 'stop')]",3,-1.056545731707317,-0.018521030409919304
IQV,XLV,Improving,2026-06-08,2026-06-11 13:30:00-04:00,2026-06-11 13:45:00-04:00,181.785,177.65,VAH,190.85,LRC_upper,225.8,2.17,1.41,level_bounce,41.6,0.15,2,2026-06-15 10:45:00-04:00,stop,"[('2026-06-15 10:45:00-04:00', 1.0, 177.65, 'stop')]",2,-1.043462515114873,-0.023735277938223675
IR,XLI,Improving,2025-10-14,2025-10-15 13:45:00-04:00,2025-10-15 14:00:00-04:00,76.88,74.99,swing_low,80.97,POC,84.84,2.16,1.18,level_bounce,47.9,0.19,3,2025-10-15 15:45:00-04:00,lrc_break,"[('2025-10-15 15:45:00-04:00', 1.0, 76.58, 'lrc_break')]",1,-0.19932804232804074,-0.0049002341311133865
IRM,XLRE,Improving,2024-11-29,2024-12-02 15:15:00-05:00,2024-12-02 15:30:00-05:00,114.22,112.59,VAH,120.52,LRC_upper,123.87,3.61,3.5,vwap_reclaim,47.6,0.0,3,2024-12-04 09:45:00-05:00,stop,"[('2024-12-04 09:45:00-05:00', 1.0, 112.59, 'stop')]",2,-1.0695736196319021,-0.015263570302924141
IRM,XLRE,Improving,2025-05-30,2025-06-02 10:15:00-04:00,2025-06-02 10:30:00-04:00,93.58,90.77,VAL,100.56,swing_high,105.85,2.56,1.11,level_bounce,70.3,0.61,3,2025-06-23 15:45:00-04:00,time,"[('2025-06-23 15:45:00-04:00', 1.0, 98.91, 'time')]",15,1.8625462633451937,0.05592813635392176
IRM,XLRE,Improving,2025-06-24,2025-06-25 12:30:00-04:00,2025-06-25 12:45:00-04:00,100.15,98.72,VAH,105.85,swing_high,122.1,4.02,1.22,vwap_reclaim,78.5,0.83,3,2025-06-25 15:45:00-04:00,stop,"[('2025-06-25 15:45:00-04:00', 1.0, 98.72, 'stop')]",0,-1.0695349650349646,-0.015271442835746447
IRM,XLRE,Improving,2025-10-16,2025-10-17 15:00:00-04:00,2025-10-17 15:15:00-04:00,100.93,97.96,VAL,107.37,LRC_upper,122.1,2.21,1.01,vwap_reclaim,65.1,0.85,2,2025-10-29 15:45:00-04:00,stop,"[('2025-10-29 15:45:00-04:00', 1.0, 97.96, 'stop')]",8,-1.0334831649831648,-0.030411621916179656
IRM,XLRE,Improving,2026-06-05,2026-06-09 12:45:00-04:00,2026-06-09 13:00:00-04:00,121.7,119.41,swing_low,127.6,swing_high,132.15,2.49,1.48,level_bounce,66.3,0.77,2,2026-06-23 15:45:00-04:00,tp2,"[('2026-06-15 09:30:00-04:00', 0.5, 127.8, 'tp1'), ('2026-06-23 15:45:00-04:00', 0.5, 132.15, 'tp2')]",9,3.5585862445414747,0.06696107230895644
ISRG,XLV,Improving,2023-12-14,2023-12-15 14:30:00-05:00,2023-12-15 14:45:00-05:00,325.56,320.67,swing_low,344.05,LRC_upper,358.07,3.85,1.81,vwap_reclaim,72.4,0.58,3,2024-01-03 15:45:00-05:00,lrc_break,"[('2024-01-03 15:45:00-05:00', 1.0, 322.09, 'lrc_break')]",12,-0.775833333333341,-0.011653228283573003
ISRG,XLV,Improving,2024-07-17,2024-07-18 15:15:00-04:00,2024-07-18 15:30:00-04:00,416.8,411.86,swing_low,443.71,POC,464.62,5.16,2.7,level_bounce,73.6,0.9,3,2024-07-18 15:45:00-04:00,lrc_break,"[('2024-07-18 15:45:00-04:00', 1.0, 416.14, 'lrc_break')]",1,-0.2179089068825963,-0.0025827015355086975
ISRG,XLV,Improving,2025-05-29,2025-05-30 14:15:00-04:00,2025-05-30 14:30:00-04:00,551.01,534.57,VAL,594.55,LRC_upper,612.54,2.69,1.08,vwap_reclaim,65.1,0.59,3,2025-06-09 09:30:00-04:00,stop,"[('2025-06-09 09:30:00-04:00', 1.0, 531.5, 'stop')]",6,-1.219662712895381,-0.036390001996333986
ISRG,XLV,Improving,2025-06-30,2025-07-01 13:15:00-04:00,2025-07-01 13:30:00-04:00,536.255,530.0,VAH,564.21,swing_high,587.12,4.43,1.39,level_bounce,42.1,0.06,2,2025-07-08 10:45:00-04:00,stop,"[('2025-07-08 10:45:00-04:00', 1.0, 530.0, 'stop')]",4,-1.0852322142286173,-0.01265839479352173
IT,XLK,Improving,2024-03-12,2024-03-13 11:15:00-04:00,2024-03-13 11:30:00-04:00,472.63,468.02,POC,488.3,LRC_upper,496.44,3.13,1.18,vwap_reclaim,48.1,0.34,2,2024-03-15 09:30:00-04:00,stop,"[('2024-03-15 09:30:00-04:00', 1.0, 465.84, 'stop')]",2,-1.57467136659436,-0.015359234496329097
IT,XLK,Improving,2024-08-20,2024-08-21 12:30:00-04:00,2024-08-21 12:45:00-04:00,480.4,469.25,swing_low,503.75,LRC_upper,518.36,2.19,1.69,vwap_reclaim,63.4,0.78,2,2024-09-11 15:45:00-04:00,time,"[('2024-09-11 15:45:00-04:00', 1.0, 499.45, 'time')]",15,1.6645807174887937,0.038634627393838494
IT,XLK,Improving,2026-01-08,2026-01-12 11:15:00-05:00,2026-01-12 11:30:00-05:00,245.49,240.95,VAL,256.74,swing_high,265.85,2.46,1.2,vwap_reclaim,52.7,0.18,3,2026-01-13 09:30:00-05:00,stop,"[('2026-01-13 09:30:00-05:00', 1.0, 240.95, 'stop')]",1,-1.0535726872246693,-0.01948437818241077
IT,XLK,Improving,2026-09-03,2026-09-04 15:30:00-04:00,2026-09-04 15:45:00-04:00,187.19,181.78,VAL,223.82,LRC_upper,265.85,6.62,1.07,vwap_reclaim,81.0,0.86,3,2026-09-08 09:30:00-04:00,stop,"[('2026-09-08 09:30:00-04:00', 1.0, 181.78, 'stop')]",1,-1.0341007393715342,-0.02988666595437789
ITW,XLI,Improving,2024-02-15,2024-02-16 11:45:00-05:00,2024-02-16 12:00:00-05:00,241.96,239.05,POC,249.92,swing_high,252.76,2.79,1.19,level_bounce,53.7,0.09,3,2024-02-16 14:45:00-05:00,stop,"[('2024-02-16 14:45:00-05:00', 1.0, 239.05, 'stop')]",0,-1.0826477663230243,-0.013020767895519907
ITW,XLI,Improving,2025-08-26,2025-08-28 14:45:00-04:00,2025-08-28 15:00:00-04:00,258.21,254.98,POC,267.99,52w_high,272.69,3.03,2.07,vwap_reclaim,59.5,0.61,2,2025-09-02 09:30:00-04:00,stop,"[('2025-09-02 09:30:00-04:00', 1.0, 254.98, 'stop')]",2,-1.0794411764705885,-0.013502943340691647
IVZ,XLF,Improving,2025-08-22,2025-08-25 14:00:00-04:00,2025-08-25 14:15:00-04:00,21.0,20.01,POC,23.94,LRC_upper,24.82,2.97,1.35,vwap_reclaim,80.6,0.84,2,2025-09-15 15:45:00-04:00,time,"[('2025-09-15 15:45:00-04:00', 1.0, 21.68, 'time')]",15,0.6653131313131321,0.03136476190476189
IVZ,XLF,Improving,2026-06-09,2026-06-11 09:45:00-04:00,2026-06-11 10:00:00-04:00,27.49,27.01,swing_low,28.95,swing_high,29.66,3.22,2.09,level_bounce,69.7,0.85,2,2026-06-23 10:30:00-04:00,breakeven,"[('2026-06-15 09:30:00-04:00', 0.5, 29.4, 'tp1'), ('2026-06-23 10:30:00-04:00', 0.5, 27.49, 'breakeven')]",7,1.931317708333346,0.03372253546744271
J,XLI,Improving,2025-08-28,2025-08-29 11:45:00-04:00,2025-08-29 12:00:00-04:00,144.91,142.89,swing_low,149.56,swing_high,153.97,2.3,1.09,vwap_reclaim,77.7,0.92,3,2025-08-29 15:45:00-04:00,lrc_break,"[('2025-08-29 15:45:00-04:00', 1.0, 144.79, 'lrc_break')]",1,-0.13111386138614023,-0.0018276861500241845
JBHT,XLI,Improving,2025-11-10,2025-11-11 13:15:00-05:00,2025-11-11 13:30:00-05:00,168.14,162.07,VAL,186.03,LRC_upper,197.0,2.95,2.12,level_bounce,70.3,0.62,2,2025-11-14 15:45:00-05:00,stop,"[('2025-11-14 15:45:00-05:00', 1.0, 162.07, 'stop')]",3,-1.0272001647446458,-0.03708281788985365
JBL,XLK,Improving,2025-02-18,2025-02-20 12:30:00-05:00,2025-02-20 12:45:00-05:00,165.72,162.85,swing_low,174.37,52w_high,181.63,3.11,2.13,vwap_reclaim,78.1,0.88,3,2025-02-21 13:00:00-05:00,stop,"[('2025-02-21 13:00:00-05:00', 1.0, 162.85, 'stop')]",1,-1.0572421602787456,-0.018309709147960443
JBL,XLK,Improving,2025-02-24,2025-02-25 11:45:00-05:00,2025-02-25 12:00:00-05:00,158.43,154.24,swing_low,171.11,swing_high,183.56,3.02,1.78,level_bounce,76.5,0.8,2,2025-02-25 15:45:00-05:00,lrc_break,"[('2025-02-25 15:45:00-05:00', 1.0, 157.19, 'lrc_break')]",1,-0.33360620525059903,-0.00882288707946733
JBL,XLK,Improving,2025-02-26,2025-02-27 10:00:00-05:00,2025-02-27 10:15:00-05:00,158.59,154.26,swing_low,168.43,POC,174.37,2.43,1.04,level_bounce,72.3,0.7,2,2025-02-27 15:15:00-05:00,stop,"[('2025-02-27 15:15:00-05:00', 1.0, 154.26, 'stop')]",0,-1.0361258660508081,-0.028289457090611085
JBL,XLK,Improving,2026-01-06,2026-01-07 11:15:00-05:00,2026-01-07 11:30:00-05:00,222.11,215.6,VAL,235.94,swing_high,247.23,2.1,1.42,level_bounce,59.0,0.32,3,2026-01-08 11:30:00-05:00,stop,"[('2026-01-08 11:30:00-05:00', 1.0, 215.6, 'stop')]",1,-1.0336182795698923,-0.03029514654900733
JBL,XLK,Improving,2026-03-04,2026-03-05 15:15:00-05:00,2026-03-05 15:30:00-05:00,251.41,244.98,swing_low,268.97,swing_high,281.25,2.7,1.09,level_bounce,75.5,0.71,3,2026-03-06 09:30:00-05:00,stop,"[('2026-03-06 09:30:00-05:00', 1.0, 244.89, 'stop')]",1,-1.0525894245723177,-0.026920766874826023
JBL,XLK,Improving,2026-03-11,2026-03-12 11:30:00-04:00,2026-03-12 11:45:00-04:00,251.75,245.08,swing_low,268.97,swing_high,281.25,2.41,1.99,vwap_reclaim,61.3,0.54,2,2026-03-18 09:30:00-04:00,stop,"[('2026-03-18 09:30:00-04:00', 1.0, 245.08, 'stop')]",4,-1.037243628185907,-0.02748129096325715
JCI,XLI,Improving,2024-02-12,2024-02-13 13:15:00-05:00,2024-02-13 13:30:00-05:00,52.62,51.94,POC,55.83,swing_high,57.28,4.72,4.06,vwap_reclaim,44.7,0.0,3,2024-02-27 09:30:00-05:00,tp2,"[('2024-02-15 09:30:00-05:00', 0.5, 55.83, 'tp1'), ('2024-02-27 09:30:00-05:00', 0.5, 57.33, 'tp2')]",9,5.7432352941176505,0.07421892816419613
JCI,XLI,Improving,2025-10-16,2025-10-17 09:45:00-04:00,2025-10-17 10:00:00-04:00,107.87,106.42,POC,111.31,52w_high,113.28,2.37,1.68,level_bounce,52.7,0.47,2,2025-10-27 09:30:00-04:00,tp2,"[('2025-10-24 09:30:00-04:00', 0.5, 111.31, 'tp1'), ('2025-10-27 09:30:00-04:00', 0.5, 113.28, 'tp2')]",6,2.9758051724137853,0.04000108927412624
JCI,XLI,Improving,2025-11-17,2025-11-19 12:15:00-05:00,2025-11-19 12:30:00-05:00,113.95,111.66,VAL,122.67,52w_high,126.35,3.87,1.02,vwap_reclaim,65.3,0.68,2,2025-11-21 09:30:00-05:00,stop,"[('2025-11-21 09:30:00-05:00', 1.0, 111.66, 'stop')]",2,-1.0492598253275107,-0.021086485300570477
JCI,XLI,Improving,2025-12-09,2025-12-10 11:00:00-05:00,2025-12-10 11:15:00-05:00,114.76,111.85,VAL,122.67,52w_high,125.55,2.72,1.37,level_bounce,58.1,0.4,2,2025-12-31 15:45:00-05:00,time,"[('2025-12-31 15:45:00-05:00', 1.0, 119.0, 'time')]",15,1.4168797250859035,0.035928197978389635
JKHY,XLF,Improving,2024-03-04,2024-03-05 15:30:00-05:00,2024-03-05 15:45:00-05:00,166.03,164.06,VAL,171.0,swing_high,174.04,2.52,1.28,level_bounce,65.6,0.68,3,2024-03-15 09:30:00-04:00,stop,"[('2024-03-15 09:30:00-04:00', 1.0, 163.78, 'stop')]",8,-1.2258401015228433,-0.01454499186893935
JNJ,XLV,Improving,2025-07-11,2025-07-14 11:30:00-04:00,2025-07-14 11:45:00-04:00,151.86,150.58,POC,155.12,LRC_upper,159.38,2.55,2.75,level_bounce,48.4,0.13,3,2025-07-15 10:30:00-04:00,stop,"[('2025-07-15 10:30:00-04:00', 1.0, 150.58, 'stop')]",1,-1.1181406249999999,-0.009424601606743058
JNJ,XLV,Improving,2025-09-11,2025-09-12 10:00:00-04:00,2025-09-12 10:15:00-04:00,174.64,171.61,VAL,183.23,LRC_upper,186.19,2.8,1.2,level_bounce,81.6,0.9,3,2025-09-16 15:45:00-04:00,lrc_break,"[('2025-09-16 15:45:00-04:00', 1.0, 172.6, 'lrc_break')]",3,-0.7305676567656806,-0.012675332111772747
JPM,XLF,Improving,2025-01-07,2025-01-08 10:45:00-05:00,2025-01-08 11:00:00-05:00,235.0,232.84,swing_low,245.55,52w_high,251.49,4.88,1.13,vwap_reclaim,57.0,0.22,2,2025-01-10 10:00:00-05:00,stop,"[('2025-01-10 10:00:00-05:00', 1.0, 232.84, 'stop')]",1,-1.1082962962962963,-0.010186893617021261
JPM,XLF,Improving,2025-08-22,2025-08-25 12:00:00-04:00,2025-08-25 12:15:00-04:00,290.14,284.5,POC,304.06,LRC_upper,310.24,2.47,1.41,level_bounce,59.0,0.5,2,2025-09-15 15:45:00-04:00,time,"[('2025-09-15 09:45:00-04:00', 0.5, 304.06, 'tp1'), ('2025-09-15 15:45:00-04:00', 0.5, 303.33, 'time')]",15,2.3507238475177377,0.045695465981939784
KDP,XLP,Improving,2024-01-11,2024-01-16 11:00:00-05:00,2024-01-16 11:15:00-05:00,29.55,29.26,VAL,30.21,swing_high,31.21,2.28,2.49,vwap_reclaim,56.8,0.57,2,2024-01-18 09:30:00-05:00,stop,"[('2024-01-18 09:30:00-05:00', 1.0, 29.26, 'stop')]",2,-1.1013965517241382,-0.010808967851099803
KDP,XLP,Improving,2025-12-26,2025-12-31 12:00:00-05:00,2025-12-31 12:15:00-05:00,27.46,27.04,VAL,29.24,swing_high,33.13,4.24,1.09,vwap_reclaim,65.4,0.23,3,2026-01-05 09:30:00-05:00,stop,"[('2026-01-05 09:30:00-05:00', 1.0, 27.04, 'stop')]",2,-1.0648809523809522,-0.016287327021121692
KEY,XLF,Improving,2025-07-25,2025-07-28 12:00:00-04:00,2025-07-28 12:15:00-04:00,17.6,17.23,VAL,18.37,52w_high,18.74,2.08,1.27,level_bounce,74.4,0.78,3,2025-07-30 14:45:00-04:00,stop,"[('2025-07-30 14:45:00-04:00', 1.0, 17.23, 'stop')]",2,-1.0470675675675676,-0.022012215909090964
KEY,XLF,Improving,2025-08-19,2025-08-20 11:00:00-04:00,2025-08-20 11:15:00-04:00,17.17,16.94,AVWAP,17.88,swing_high,18.37,2.92,1.31,vwap_reclaim,56.6,0.43,2,2025-08-27 09:30:00-04:00,tp2,"[('2025-08-22 10:30:00-04:00', 0.5, 17.88, 'tp1'), ('2025-08-27 09:30:00-04:00', 0.5, 18.37, 'tp2')]",5,4.075445652173898,0.054592457775189174
KEY,XLF,Improving,2025-08-29,2025-09-02 15:00:00-04:00,2025-09-02 15:15:00-04:00,18.15,17.81,VAH,18.95,LRC_upper,19.54,2.45,1.04,vwap_reclaim,59.1,0.33,3,2025-09-16 09:45:00-04:00,stop,"[('2025-09-16 09:45:00-04:00', 1.0, 17.81, 'stop')]",10,-1.0528823529411764,-0.019723415977961425
KEYS,XLK,Improving,2024-03-11,2024-03-12 10:45:00-04:00,2024-03-12 11:00:00-04:00,152.71,149.37,VAL,159.92,swing_high,172.72,2.16,1.08,vwap_reclaim,50.7,0.01,3,2024-03-15 13:15:00-04:00,stop,"[('2024-03-15 13:15:00-04:00', 1.0, 149.37, 'stop')]",3,-1.0452215568862275,-0.02286058542335147
KEYS,XLK,Improving,2024-09-26,2024-10-01 13:45:00-04:00,2024-10-01 14:00:00-04:00,154.95,152.65,VAH,162.51,52w_high,170.99,3.63,1.21,level_bounce,55.8,0.47,2,2024-10-03 12:45:00-04:00,stop,"[('2024-10-03 12:45:00-04:00', 1.0, 152.65, 'stop')]",2,-1.0668695652173918,-0.015836076153597826
KEYS,XLK,Improving,2026-01-06,2026-01-07 13:15:00-05:00,2026-01-07 13:30:00-05:00,212.28,205.22,POC,230.16,LRC_upper,238.58,2.58,2.6,vwap_reclaim,71.0,0.72,2,2026-01-08 12:00:00-05:00,stop,"[('2026-01-08 12:00:00-05:00', 1.0, 205.22, 'stop')]",1,-1.0295679886685554,-0.03424133220275109
KEYS,XLK,Improving,2026-01-15,2026-01-16 13:15:00-05:00,2026-01-16 13:30:00-05:00,213.95,205.41,POC,232.38,LRC_upper,241.47,2.16,3.19,vwap_reclaim,68.9,0.64,2,2026-02-06 15:45:00-05:00,time,"[('2026-02-04 09:45:00-05:00', 0.5, 232.38, 'tp1'), ('2026-02-06 15:45:00-05:00', 0.5, 230.88, 'time')]",15,2.044169789227169,0.08159481187193274
KHC,XLP,Improving,2025-07-31,2025-08-01 11:00:00-04:00,2025-08-01 11:15:00-04:00,25.28,24.47,swing_low,27.04,LRC_upper,28.19,2.17,2.99,vwap_reclaim,55.5,0.42,3,2025-08-21 15:45:00-04:00,time,"[('2025-08-21 15:45:00-04:00', 1.0, 25.37, 'time')]",15,0.07984567901234528,0.002558346518987336
KHC,XLP,Improving,2026-05-29,2026-06-01 13:30:00-04:00,2026-06-01 13:45:00-04:00,22.88,22.47,swing_low,23.84,swing_high,26.92,2.34,2.17,level_bounce,51.3,0.57,2,2026-06-02 11:15:00-04:00,stop,"[('2026-06-02 11:15:00-04:00', 1.0, 22.47, 'stop')]",1,-1.0553048780487804,-0.018910620629370635
KHC,XLP,Improving,2026-07-08,2026-07-13 11:45:00-04:00,2026-07-13 12:00:00-04:00,24.81,23.81,VAH,26.92,52w_high,27.64,2.14,1.24,vwap_reclaim,60.3,0.48,2,2026-07-29 12:00:00-04:00,tp2,"[('2026-07-28 09:45:00-04:00', 0.5, 26.92, 'tp1'), ('2026-07-29 12:00:00-04:00', 0.5, 27.64, 'tp2')]",12,2.4439550000000025,0.098506852075776
KIM,XLRE,Improving,2024-06-13,2024-06-14 14:15:00-04:00,2024-06-14 14:30:00-04:00,16.89,16.62,AVWAP,17.51,swing_high,18.49,2.3,1.1,vwap_reclaim,50.6,0.32,2,2024-07-08 15:45:00-04:00,time,"[('2024-06-28 09:30:00-04:00', 0.5, 17.51, 'tp1'), ('2024-07-08 15:45:00-04:00', 0.5, 17.41, 'time')]",15,2.0475000000000043,0.032730905861456494
KIM,XLRE,Improving,2025-07-29,2025-07-30 12:00:00-04:00,2025-07-30 12:15:00-04:00,20.99,20.37,POC,23.57,52w_high,23.9,4.16,1.71,vwap_reclaim,71.2,0.57,3,2025-07-31 09:30:00-04:00,stop,"[('2025-07-31 09:30:00-04:00', 1.0, 20.26, 'stop')]",1,-1.2106854838709677,-0.03576107670319185
KLAC,XLK,Improving,2024-03-12,2024-03-13 13:00:00-04:00,2024-03-13 13:15:00-04:00,67.67,66.67,POC,71.55,swing_high,73.39,3.65,1.08,vwap_reclaim,80.3,0.89,3,2024-03-19 09:30:00-04:00,stop,"[('2024-03-19 09:30:00-04:00', 1.0, 66.47, 'stop')]",4,-1.2670700000000028,-0.018724250036944032
KLAC,XLK,Improving,2025-02-24,2025-02-25 12:45:00-05:00,2025-02-25 13:00:00-05:00,72.22,70.23,AVWAP,76.32,swing_high,81.52,2.11,1.49,vwap_reclaim,76.2,0.78,3,2025-02-25 15:45:00-05:00,lrc_break,"[('2025-02-25 15:45:00-05:00', 1.0, 71.78, 'lrc_break')]",1,-0.25728643216080355,-0.007089448906120158
KLAC,XLK,Improving,2025-12-16,2025-12-17 15:30:00-05:00,2025-12-17 15:45:00-05:00,117.12,114.99,swing_low,127.76,swing_high,132.01,5.0,1.19,level_bounce,63.9,0.39,3,2026-01-05 09:30:00-05:00,tp2,"[('2025-12-26 09:30:00-05:00', 0.5, 127.83, 'tp1'), ('2026-01-05 09:30:00-05:00', 0.5, 132.01, 'tp2')]",11,5.9513990610328324,0.10823497267759555
KLAC,XLK,Improving,2026-01-30,2026-02-02 13:45:00-05:00,2026-02-02 14:00:00-05:00,141.16,134.66,VAL,157.55,swing_high,166.05,2.49,1.58,vwap_reclaim,80.0,0.85,3,2026-02-02 15:45:00-05:00,lrc_break,"[('2026-02-02 15:45:00-05:00', 1.0, 140.46, 'lrc_break')]",1,-0.12935538461538287,-0.00595643241711525
KLAC,XLK,Improving,2026-02-27,2026-03-02 11:30:00-05:00,2026-03-02 11:45:00-05:00,151.46,143.06,swing_low,168.71,52w_high,177.74,2.05,1.28,vwap_reclaim,63.6,0.48,2,2026-03-03 10:15:00-05:00,stop,"[('2026-03-03 10:15:00-05:00', 1.0, 143.06, 'stop')]",1,-1.0175309523809524,-0.056432457414498906
KMB,XLP,Improving,2023-12-05,2023-12-06 11:00:00-05:00,2023-12-06 11:15:00-05:00,107.44,106.2,VAL,110.32,LRC_upper,113.33,2.43,1.4,level_bounce,53.5,0.14,3,2023-12-15 09:30:00-05:00,breakeven,"[('2023-12-13 15:45:00-05:00', 0.5, 110.32, 'tp1'), ('2023-12-15 09:30:00-05:00', 0.5, 106.71, 'breakeven')]",7,0.7798568548387095,0.009000581720029745
KMB,XLP,Improving,2024-02-07,2024-02-12 12:45:00-05:00,2024-02-12 13:00:00-05:00,106.39,105.55,swing_low,109.82,swing_high,111.52,4.02,1.42,level_bounce,34.3,0.04,2,2024-02-13 10:30:00-05:00,stop,"[('2024-02-13 10:30:00-05:00', 1.0, 105.55, 'stop')]",1,-1.1261547619047614,-0.008891531158943542
KMB,XLP,Improving,2026-07-08,2026-07-09 10:15:00-04:00,2026-07-09 10:30:00-04:00,109.37,107.59,VAH,114.01,LRC_upper,129.49,2.53,1.61,level_bounce,72.9,0.7,3,2026-07-13 12:30:00-04:00,stop,"[('2026-07-13 12:30:00-04:00', 1.0, 107.59, 'stop')]",2,-1.060943820224719,-0.01726689220078633
KMB,XLP,Improving,2026-08-24,2026-08-25 13:30:00-04:00,2026-08-25 13:45:00-04:00,109.45,107.45,AVWAP,114.36,swing_high,126.59,2.45,12.06,vwap_reclaim,56.9,0.17,3,2026-08-27 09:30:00-04:00,stop,"[('2026-08-27 09:30:00-04:00', 1.0, 107.45, 'stop')]",2,-1.054225,-0.019264047510278666
KMB,XLP,Improving,2026-08-28,2026-08-31 12:00:00-04:00,2026-08-31 12:15:00-04:00,107.26,104.55,swing_low,114.17,LRC_upper,125.12,2.54,1.3,level_bounce,46.7,0.05,2,2026-09-08 09:30:00-04:00,stop,"[('2026-09-08 09:30:00-04:00', 1.0, 104.39, 'stop')]",5,-1.0980904059040575,-0.027744033190378558
KMI,XLE,Improving,2024-01-05,2024-01-08 10:30:00-05:00,2024-01-08 10:45:00-05:00,15.76,15.63,VAH,16.3,LRC_upper,16.52,4.15,1.27,level_bounce,68.6,0.84,2,2024-01-11 12:15:00-05:00,stop,"[('2024-01-11 12:15:00-05:00', 1.0, 15.63, 'stop')]",3,-1.1207307692307702,-0.00924460659898471
KMI,XLE,Improving,2024-07-08,2024-07-09 10:00:00-04:00,2024-07-09 10:15:00-04:00,18.13,17.88,POC,18.8,LRC_upper,19.01,2.83,1.14,vwap_reclaim,69.3,0.71,2,2024-07-18 09:30:00-04:00,tp2,"[('2024-07-18 09:30:00-04:00', 0.5, 18.8, 'tp1'), ('2024-07-18 09:30:00-04:00', 0.5, 19.01, 'tp2')]",7,3.0259300000000087,0.04172545504688374
KMI,XLE,Improving,2025-01-03,2025-01-06 15:00:00-05:00,2025-01-06 15:15:00-05:00,25.97,25.63,swing_low,26.83,swing_high,28.01,2.53,1.46,level_bounce,61.4,0.36,3,2025-01-17 09:30:00-05:00,tp2,"[('2025-01-10 09:30:00-05:00', 0.5, 26.83, 'tp1'), ('2025-01-17 09:30:00-05:00', 0.5, 28.01, 'tp2')]",8,4.186191176470594,0.05480573738929539
KMI,XLE,Improving,2025-06-05,2025-06-06 13:00:00-04:00,2025-06-06 13:15:00-04:00,26.72,26.42,POC,28.2,LRC_upper,29.32,4.74,1.17,vwap_reclaim,60.0,0.19,3,2025-06-09 09:30:00-04:00,stop,"[('2025-06-09 09:30:00-04:00', 1.0, 26.42, 'stop')]",1,-1.0885666666666673,-0.012221931137724445
KMI,XLE,Improving,2025-06-16,2025-06-18 12:30:00-04:00,2025-06-18 12:45:00-04:00,26.11,25.62,swing_low,27.22,swing_high,27.98,2.27,1.2,vwap_reclaim,59.1,0.72,2,2025-06-30 11:15:00-04:00,tp2,"[('2025-06-24 15:30:00-04:00', 0.5, 27.22, 'tp1'), ('2025-06-30 11:15:00-04:00', 0.5, 27.98, 'tp2')]",7,2.9860102040816425,0.05603772500957488
KMI,XLE,Improving,2025-07-14,2025-07-15 15:30:00-04:00,2025-07-15 15:45:00-04:00,26.66,26.37,AVWAP,27.95,LRC_upper,29.32,4.45,1.51,vwap_reclaim,56.9,0.38,3,2025-07-17 09:30:00-04:00,stop,"[('2025-07-17 09:30:00-04:00', 1.0, 25.88, 'stop')]",2,-2.780241379310357,-0.0302426856714179
KO,XLP,Improving,2023-12-05,2023-12-06 11:15:00-05:00,2023-12-06 11:30:00-05:00,54.09,53.46,VAH,55.67,swing_high,57.58,2.51,1.17,vwap_reclaim,68.0,0.67,3,2023-12-15 15:45:00-05:00,stop,"[('2023-12-15 15:45:00-05:00', 1.0, 53.46, 'stop')]",7,-1.0853571428571425,-0.012641430948419349
KO,XLP,Improving,2024-01-08,2024-01-09 10:15:00-05:00,2024-01-09 10:30:00-05:00,55.48,55.07,VAH,56.42,LRC_upper,57.58,2.21,1.16,level_bounce,73.7,0.83,3,2024-01-18 09:30:00-05:00,stop,"[('2024-01-18 09:30:00-05:00', 1.0, 55.07, 'stop')]",6,-1.1348170731707328,-0.008386355443402967
KO,XLP,Improving,2024-02-05,2024-02-06 11:00:00-05:00,2024-02-06 11:15:00-05:00,55.39,54.98,AVWAP,56.66,LRC_upper,58.7,3.0,1.49,level_bounce,64.2,0.58,3,2024-02-08 13:30:00-05:00,stop,"[('2024-02-08 13:30:00-05:00', 1.0, 54.98, 'stop')]",2,-1.1345975609756085,-0.008398357104170494
KO,XLP,Improving,2025-06-04,2025-06-05 14:30:00-04:00,2025-06-05 14:45:00-04:00,68.31,67.65,VAL,69.7,swing_high,71.16,2.11,1.16,vwap_reclaim,47.6,0.03,3,2025-06-16 10:45:00-04:00,breakeven,"[('2025-06-10 13:15:00-04:00', 0.5, 69.7, 'tp1'), ('2025-06-16 10:45:00-04:00', 0.5, 68.31, 'breakeven')]",7,0.9490037878787931,0.009169118723466553
KO,XLP,Improving,2025-12-04,2025-12-05 15:15:00-05:00,2025-12-05 15:30:00-05:00,68.75,67.68,VAL,71.41,swing_high,72.72,2.49,1.04,level_bounce,71.8,0.82,3,2025-12-05 15:45:00-05:00,lrc_break,"[('2025-12-05 15:45:00-05:00', 1.0, 68.64, 'lrc_break')]",1,-0.1670046728971968,-0.0025991999999999916
KR,XLP,Improving,2023-12-13,2023-12-14 11:15:00-05:00,2023-12-14 11:30:00-05:00,41.63,41.17,swing_low,42.87,LRC_upper,44.03,2.78,1.0,level_bounce,42.9,0.02,3,2023-12-14 14:45:00-05:00,stop,"[('2023-12-14 14:45:00-05:00', 1.0, 41.17, 'stop')]",0,-1.0899999999999999,-0.012044198895027643
KR,XLP,Improving,2024-03-28,2024-04-01 11:30:00-04:00,2024-04-01 11:45:00-04:00,54.2,52.71,swing_low,57.48,LRC_upper,58.9,2.22,2.14,vwap_reclaim,81.1,0.83,3,2024-04-08 09:30:00-04:00,stop,"[('2024-04-08 09:30:00-04:00', 1.0, 52.71, 'stop')]",5,-1.0358758389261744,-0.02847702952029524
KR,XLP,Improving,2024-12-02,2024-12-03 12:30:00-05:00,2024-12-03 12:45:00-05:00,57.46,56.86,POC,59.33,LRC_upper,60.42,3.12,1.27,vwap_reclaim,60.7,0.67,2,2024-12-05 09:30:00-05:00,stop,"[('2024-12-05 09:30:00-05:00', 1.0, 56.57, 'stop')]",2,-1.5783583333333306,-0.0164812913331013
KR,XLP,Improving,2025-08-20,2025-08-21 14:30:00-04:00,2025-08-21 14:45:00-04:00,70.03,68.84,swing_low,72.87,swing_high,75.03,2.39,1.29,level_bounce,47.9,0.25,2,2025-08-22 10:30:00-04:00,stop,"[('2025-08-22 10:30:00-04:00', 1.0, 68.84, 'stop')]",1,-1.0583487394957984,-0.0179842210481222
KVUE,XLP,Improving,2024-01-09,2024-01-10 13:15:00-05:00,2024-01-10 13:30:00-05:00,19.17,18.94,VAH,19.66,swing_high,20.36,2.13,14.18,vwap_reclaim,73.9,0.91,3,2024-01-11 10:00:00-05:00,stop,"[('2024-01-11 10:00:00-05:00', 1.0, 18.94, 'stop')]",1,-1.0828478260869563,-0.01299191444966095
KVUE,XLP,Improving,2024-01-12,2024-01-16 14:30:00-05:00,2024-01-16 14:45:00-05:00,18.67,18.45,POC,19.66,swing_high,20.36,4.26,1.15,level_bounce,74.7,0.91,3,2024-01-16 15:45:00-05:00,lrc_break,"[('2024-01-16 15:45:00-05:00', 1.0, 18.72, 'lrc_break')]",1,0.14229545454544004,0.0016767541510443037
KVUE,XLP,Improving,2026-07-08,2026-07-09 10:15:00-04:00,2026-07-09 10:30:00-04:00,18.82,18.54,POC,19.45,LRC_upper,21.36,2.25,1.69,level_bounce,71.8,0.73,3,2026-07-14 10:15:00-04:00,stop,"[('2026-07-14 10:15:00-04:00', 1.0, 18.54, 'stop')]",3,-1.0667142857142853,-0.015870350690754577
KVUE,XLP,Improving,2026-07-16,2026-07-21 12:15:00-04:00,2026-07-21 12:30:00-04:00,18.53,18.16,VAL,19.54,swing_high,21.36,2.73,1.27,vwap_reclaim,67.9,0.78,2,2026-07-31 09:30:00-04:00,breakeven,"[('2026-07-28 09:30:00-04:00', 0.5, 19.54, 'tp1'), ('2026-07-31 09:30:00-04:00', 0.5, 18.53, 'breakeven')]",8,1.314101351351345,0.02623947652455472
KVUE,XLP,Improving,2026-08-24,2026-08-25 10:15:00-04:00,2026-08-25 10:30:00-04:00,19.14,18.84,VAH,19.82,LRC_upper,20.54,2.38,1.77,level_bounce,60.1,0.29,3,2026-08-27 09:30:00-04:00,stop,"[('2026-08-27 09:30:00-04:00', 1.0, 18.82, 'stop')]",2,-1.1299333333333317,-0.017710553814002106
L,XLF,Improving,2025-07-31,2025-08-01 13:30:00-04:00,2025-08-01 13:45:00-04:00,89.77,89.0,swing_low,92.54,swing_high,93.81,3.54,1.9,vwap_reclaim,56.9,0.62,2,2025-08-06 10:00:00-04:00,tp2,"[('2025-08-04 10:30:00-04:00', 0.5, 92.54, 'tp1'), ('2025-08-06 10:00:00-04:00', 0.5, 93.81, 'tp2')]",3,4.3032824675325,0.03691130110281841
L,XLF,Improving,2025-08-29,2025-09-02 15:00:00-04:00,2025-09-02 15:15:00-04:00,95.88,95.18,POC,98.04,LRC_upper,99.44,3.27,1.29,level_bounce,67.5,0.75,3,2025-09-08 09:30:00-04:00,stop,"[('2025-09-08 09:30:00-04:00', 1.0, 95.18, 'stop')]",4,-1.1364714285714308,-0.008297142261159665
L,XLF,Improving,2025-12-03,2025-12-04 12:15:00-05:00,2025-12-04 12:30:00-05:00,105.15,103.37,AVWAP,108.87,52w_high,111.07,2.09,1.11,level_bounce,57.4,0.53,2,2025-12-05 10:00:00-05:00,stop,"[('2025-12-05 10:00:00-05:00', 1.0, 103.37, 'stop')]",1,-1.0585730337078652,-0.017919733713742284
L,XLF,Improving,2026-05-27,2026-05-28 15:30:00-04:00,2026-05-28 15:45:00-04:00,104.93,103.87,POC,112.0,swing_high,114.2,6.39,1.23,level_bounce,37.4,0.0,2,2026-05-29 15:45:00-04:00,stop,"[('2026-05-29 15:45:00-04:00', 1.0, 103.87, 'stop')]",1,-1.0984905660377358,-0.011096921757362072
LDOS,XLI,Improving,2025-08-28,2025-08-29 15:30:00-04:00,2025-08-29 15:45:00-04:00,178.24,174.24,POC,187.85,LRC_upper,198.48,2.27,1.25,vwap_reclaim,78.1,0.83,3,2025-09-04 09:30:00-04:00,stop,"[('2025-09-04 09:30:00-04:00', 1.0, 174.24, 'stop')]",3,-1.04406,-0.023430430879712746
LDOS,XLI,Improving,2025-10-09,2025-10-10 12:15:00-04:00,2025-10-10 12:30:00-04:00,190.17,187.89,VAH,198.48,52w_high,202.42,3.69,1.22,vwap_reclaim,74.8,0.76,3,2025-10-10 14:30:00-04:00,stop,"[('2025-10-10 14:30:00-04:00', 1.0, 187.89, 'stop')]",0,-1.082907894736842,-0.012983278119577226
LDOS,XLI,Improving,2025-10-14,2025-10-15 15:30:00-04:00,2025-10-15 15:45:00-04:00,184.62,180.31,VAL,196.64,LRC_upper,201.46,2.83,1.03,vwap_reclaim,76.0,0.73,3,2025-10-16 15:45:00-04:00,lrc_break,"[('2025-10-16 15:45:00-04:00', 1.0, 182.25, 'lrc_break')]",2,-0.5924443155452445,-0.013830760480988
LDOS,XLI,Improving,2025-10-24,2025-10-27 09:45:00-04:00,2025-10-27 10:00:00-04:00,187.84,183.76,AVWAP,197.0,swing_high,201.03,2.43,1.38,level_bounce,71.7,0.58,3,2025-11-04 10:00:00-05:00,tp2,"[('2025-11-04 09:45:00-05:00', 0.5, 197.0, 'tp1'), ('2025-11-04 10:00:00-05:00', 0.5, 201.03, 'tp2')]",6,2.6915618872548928,0.05846237489352639
LDOS,XLI,Improving,2025-11-14,2025-11-17 11:30:00-05:00,2025-11-17 11:45:00-05:00,188.69,184.52,VAL,197.58,swing_high,203.41,2.09,1.07,vwap_reclaim,62.7,0.45,3,2025-11-20 11:30:00-05:00,stop,"[('2025-11-20 11:30:00-05:00', 1.0, 184.52, 'stop')]",3,-1.0447494004796165,-0.02308869044464459
LEN,XLY,Improving,2024-02-08,2024-02-09 10:15:00-05:00,2024-02-09 10:30:00-05:00,134.03,132.07,POC,145.22,LRC_upper,147.7,6.19,2.05,level_bounce,79.4,0.62,3,2024-02-13 09:30:00-05:00,stop,"[('2024-02-13 09:30:00-05:00', 1.0, 132.07, 'stop')]",2,-1.0678826530612242,-0.015616279937327523
LH,XLV,Improving,2024-02-12,2024-02-13 11:15:00-05:00,2024-02-13 11:30:00-05:00,217.66,214.72,AVWAP,225.26,LRC_upper,230.94,2.56,2.04,vwap_reclaim,43.8,0.24,2,2024-02-15 10:00:00-05:00,stop,"[('2024-02-15 10:00:00-05:00', 1.0, 214.72, 'stop')]",2,-1.0735340136054423,-0.014500551318570237
LH,XLV,Improving,2025-06-04,2025-06-05 15:30:00-04:00,2025-06-05 15:45:00-04:00,250.26,246.43,VAH,262.3,LRC_upper,267.04,3.22,1.59,vwap_reclaim,66.3,0.56,3,2025-06-26 15:45:00-04:00,time,"[('2025-06-26 15:45:00-04:00', 1.0, 253.59, 'time')]",15,0.8036749347258552,0.012299508511148456
LH,XLV,Improving,2025-06-27,2025-06-30 11:30:00-04:00,2025-06-30 11:45:00-04:00,257.41,250.06,VAL,274.15,LRC_upper,281.41,2.17,1.17,vwap_reclaim,75.3,0.79,3,2025-07-10 09:30:00-04:00,stop,"[('2025-07-10 09:30:00-04:00', 1.0, 250.06, 'stop')]",7,-1.0345217687074828,-0.029539392408997403
LH,XLV,Improving,2025-09-05,2025-09-08 14:00:00-04:00,2025-09-08 14:15:00-04:00,273.12,266.86,VAL,287.08,LRC_upper,296.1,2.27,1.75,vwap_reclaim,65.2,0.62,3,2025-09-26 15:45:00-04:00,time,"[('2025-09-26 15:45:00-04:00', 1.0, 277.88, 'time')]",15,0.7163738019169325,0.0164195225541886
LH,XLV,Improving,2025-10-01,2025-10-06 13:00:00-04:00,2025-10-06 13:15:00-04:00,272.93,270.03,VAL,286.3,52w_high,292.54,4.21,1.18,vwap_reclaim,63.2,0.75,2,2025-10-06 15:45:00-04:00,lrc_break,"[('2025-10-06 15:45:00-04:00', 1.0, 272.25, 'lrc_break')]",1,-0.32847931034482614,-0.0034902355915436447
LHX,XLI,Improving,2025-08-28,2025-08-29 10:30:00-04:00,2025-08-29 10:45:00-04:00,270.89,264.84,VAL,283.44,LRC_upper,289.92,2.03,3.1,vwap_reclaim,75.1,0.84,3,2025-09-05 11:45:00-04:00,stop,"[('2025-09-05 11:45:00-04:00', 1.0, 264.84, 'stop')]",4,-1.0442752066115701,-0.023322621728376878
LII,XLI,Improving,2026-06-11,2026-06-12 12:45:00-04:00,2026-06-12 13:00:00-04:00,511.95,500.48,POC,538.68,swing_high,571.51,2.33,1.54,level_bounce,46.2,0.23,2,2026-06-25 09:45:00-04:00,tp2,"[('2026-06-18 10:00:00-04:00', 0.5, 538.68, 'tp1'), ('2026-06-25 09:45:00-04:00', 0.5, 571.51, 'tp2')]",8,3.7150372711421182,0.08323367028030078
LIN,XLB,Improving,2023-12-05,2023-12-06 12:30:00-05:00,2023-12-06 12:45:00-05:00,386.21,379.18,AVWAP,400.52,swing_high,411.83,2.04,2.04,vwap_reclaim,70.0,0.79,3,2023-12-12 09:30:00-05:00,tp2,"[('2023-12-12 09:30:00-05:00', 0.5, 410.95, 'tp1'), ('2023-12-12 09:30:00-05:00', 0.5, 411.83, 'tp2')]",4,3.5250640113798153,0.0641650915305145
LIN,XLB,Improving,2024-10-23,2024-10-24 15:30:00-04:00,2024-10-24 15:45:00-04:00,462.38,457.1,VAL,474.88,52w_high,482.86,2.34,1.22,vwap_reclaim,63.4,0.57,3,2024-10-31 09:30:00-04:00,stop,"[('2024-10-31 09:30:00-04:00', 1.0, 443.18, 'stop')]",5,-3.7221174242424415,-0.042503525238980905
LIN,XLB,Improving,2025-06-18,2025-06-23 10:00:00-04:00,2025-06-23 10:15:00-04:00,449.29,443.73,AVWAP,460.7,swing_high,468.14,2.14,1.05,level_bounce,66.0,0.72,3,2025-07-01 11:00:00-04:00,tp2,"[('2025-06-30 11:30:00-04:00', 0.5, 460.7, 'tp1'), ('2025-07-01 11:00:00-04:00', 0.5, 468.14, 'tp2')]",6,2.639054856115101,0.03265851677090513
LITE,XLK,Improving,2026-01-08,2026-01-12 11:45:00-05:00,2026-01-12 12:00:00-05:00,333.87,301.81,swing_low,401.6,swing_high,450.37,2.11,1.76,vwap_reclaim,73.0,0.88,2,2026-01-12 15:45:00-05:00,lrc_break,"[('2026-01-12 15:45:00-05:00', 1.0, 339.87, 'lrc_break')]",1,0.17664160948222082,0.01696208104951029
LITE,XLK,Improving,2026-01-13,2026-01-15 09:45:00-05:00,2026-01-15 10:00:00-05:00,348.24,323.33,VAL,402.2,swing_high,456.3,2.06,1.26,level_bounce,70.7,0.81,2,2026-01-16 13:00:00-05:00,stop,"[('2026-01-16 13:00:00-05:00', 1.0, 323.33, 'stop')]",1,-1.0134799277398636,-0.07249536239375151
LLY,XLV,Improving,2023-11-30,2023-12-04 11:00:00-05:00,2023-12-04 11:15:00-05:00,571.15,562.56,swing_low,615.12,swing_high,632.01,5.05,1.16,level_bounce,62.3,0.38,3,2023-12-11 11:15:00-05:00,stop,"[('2023-12-11 11:15:00-05:00', 1.0, 562.56, 'stop')]",5,-1.0659901047729916,-0.01603231200210108
LLY,XLV,Improving,2025-07-10,2025-07-11 11:30:00-04:00,2025-07-11 11:45:00-04:00,777.95,765.83,POC,818.03,swing_high,843.25,3.39,1.01,vwap_reclaim,36.7,0.0,2,2025-07-15 11:00:00-04:00,stop,"[('2025-07-15 11:00:00-04:00', 1.0, 765.83, 'stop')]",2,-1.0636872937293729,-0.01657161771322065
LMT,XLI,Improving,2025-10-10,2025-10-14 10:45:00-04:00,2025-10-14 11:00:00-04:00,490.48,485.55,VAH,505.4,LRC_upper,586.85,3.03,1.7,level_bounce,72.1,0.97,2,2025-10-15 11:30:00-04:00,stop,"[('2025-10-15 11:30:00-04:00', 1.0, 485.55, 'stop')]",1,-1.0989888438133872,-0.011046352552601547
LMT,XLI,Improving,2025-10-24,2025-10-27 11:00:00-04:00,2025-10-27 11:15:00-04:00,470.76,461.07,AVWAP,492.89,POC,503.0,2.23,1.26,vwap_reclaim,68.8,0.82,2,2025-10-27 15:45:00-04:00,lrc_break,"[('2025-10-27 15:45:00-04:00', 1.0, 474.54, 'lrc_break')]",1,0.34131578947368735,0.007025554422635801
LNT,XLU,Improving,2025-06-24,2025-06-26 12:15:00-04:00,2025-06-26 12:30:00-04:00,58.09,57.62,VAL,60.61,LRC_upper,63.11,5.5,1.29,level_bounce,38.5,0.04,2,2025-06-30 09:30:00-04:00,stop,"[('2025-06-30 09:30:00-04:00', 1.0, 57.62, 'stop')]",2,-1.1230957446808494,-0.009086847994491408
LNT,XLU,Improving,2025-09-24,2025-09-25 15:15:00-04:00,2025-09-25 15:30:00-04:00,63.41,62.72,VAH,64.79,LRC_upper,65.56,2.0,3.76,vwap_reclaim,41.4,0.0,2,2025-10-06 10:30:00-04:00,tp2,"[('2025-09-29 15:00:00-04:00', 0.5, 64.79, 'tp1'), ('2025-10-06 10:30:00-04:00', 0.5, 65.56, 'tp2')]",7,2.464793478260889,0.026820809020659322
LOW,XLY,Improving,2024-09-03,2024-09-04 15:15:00-04:00,2024-09-04 15:30:00-04:00,234.05,229.58,POC,243.24,swing_high,249.91,2.04,1.5,vwap_reclaim,70.0,0.7,3,2024-09-18 14:00:00-04:00,tp2,"[('2024-09-13 09:30:00-04:00', 0.5, 243.24, 'tp1'), ('2024-09-18 14:00:00-04:00', 0.5, 249.91, 'tp2')]",10,2.748252237136464,0.05248744926297796
LRCX,XLK,Improving,2024-03-13,2024-03-14 11:00:00-04:00,2024-03-14 11:15:00-04:00,91.19,88.61,swing_low,98.53,52w_high,101.24,2.84,1.47,vwap_reclaim,79.9,0.91,2,2024-03-14 15:45:00-04:00,lrc_break,"[('2024-03-14 15:45:00-04:00', 1.0, 90.74, 'lrc_break')]",1,-0.20967635658914852,-0.005932284241693199
LRCX,XLK,Improving,2026-02-20,2026-02-23 15:30:00-05:00,2026-02-23 15:45:00-05:00,241.79,234.58,POC,271.58,LRC_upper,281.2,4.13,1.02,vwap_reclaim,85.2,0.85,3,2026-02-26 10:00:00-05:00,stop,"[('2026-02-26 10:00:00-05:00', 1.0, 234.58, 'stop')]",3,-1.0330353675450763,-0.030804355018817897
LRCX,XLK,Improving,2026-02-27,2026-03-02 12:15:00-05:00,2026-03-02 12:30:00-05:00,230.55,224.45,VAL,251.12,swing_high,276.76,3.35,1.66,level_bounce,74.3,0.81,2,2026-03-03 09:30:00-05:00,stop,"[('2026-03-03 09:30:00-05:00', 1.0, 224.08, 'stop')]",1,-1.0979204918032743,-0.02904929516373888
LULU,XLY,Improving,2026-08-12,2026-08-13 14:30:00-04:00,2026-08-13 14:45:00-04:00,119.72,115.58,AVWAP,128.86,swing_high,135.65,2.22,2.2,level_bounce,40.2,0.09,2,2026-08-17 13:45:00-04:00,stop,"[('2026-08-17 13:45:00-04:00', 1.0, 115.58, 'stop')]",2,-1.0284178743961354,-0.03556339792849984
LUV,XLI,Improving,2025-01-07,2025-01-08 13:00:00-05:00,2025-01-08 13:15:00-05:00,31.54,31.04,AVWAP,33.13,swing_high,34.3,3.18,1.25,level_bounce,64.0,0.7,2,2025-01-16 09:30:00-05:00,stop,"[('2025-01-16 09:30:00-05:00', 1.0, 31.04, 'stop')]",5,-1.06258,-0.016844958782498417
LUV,XLI,Improving,2025-10-15,2025-10-16 10:30:00-04:00,2025-10-16 10:45:00-04:00,33.11,31.65,POC,37.01,swing_high,38.33,2.67,1.3,vwap_reclaim,60.4,0.41,3,2025-10-23 09:30:00-04:00,stop,"[('2025-10-23 09:30:00-04:00', 1.0, 31.65, 'stop')]",5,-1.022178082191781,-0.045073391724554546
LVS,XLY,Improving,2024-04-04,2024-04-09 15:15:00-04:00,2024-04-09 15:30:00-04:00,49.79,48.73,POC,52.83,swing_high,61.54,2.87,1.1,level_bounce,42.4,0.01,2,2024-04-11 09:30:00-04:00,stop,"[('2024-04-11 09:30:00-04:00', 1.0, 48.73, 'stop')]",2,-1.0464716981132076,-0.02227877083751762
LVS,XLY,Improving,2025-07-16,2025-07-18 12:15:00-04:00,2025-07-18 12:30:00-04:00,47.39,46.71,VAH,49.36,swing_high,54.46,2.9,2.12,level_bounce,74.4,0.68,3,2025-08-07 15:45:00-04:00,time,"[('2025-07-24 09:30:00-04:00', 0.5, 49.94, 'tp1'), ('2025-08-07 15:45:00-04:00', 0.5, 51.88, 'time')]",15,5.104191176470589,0.07324013504958851
LYB,XLB,Improving,2025-06-18,2025-06-23 13:30:00-04:00,2025-06-23 13:45:00-04:00,52.69,51.85,AVWAP,56.38,swing_high,66.23,4.52,1.72,level_bounce,39.4,0.25,2,2025-07-14 15:45:00-04:00,time,"[('2025-07-01 12:00:00-04:00', 0.5, 56.38, 'tp1'), ('2025-07-14 15:45:00-04:00', 0.5, 57.92, 'time')]",15,5.244142857142886,0.08360371987094334
LYV,XLC,Improving,2025-06-05,2025-06-06 14:00:00-04:00,2025-06-06 14:15:00-04:00,143.92,139.99,swing_low,152.11,swing_high,157.75,2.08,1.03,level_bounce,70.4,0.64,3,2025-06-13 09:30:00-04:00,stop,"[('2025-06-13 09:30:00-04:00', 1.0, 139.81, 'stop')]",5,-1.0818994910941497,-0.02954325319622002
LYV,XLC,Improving,2025-08-05,2025-08-07 15:30:00-04:00,2025-08-07 15:45:00-04:00,148.18,146.18,VAL,155.07,swing_high,159.31,3.49,2.25,level_bounce,62.6,0.58,3,2025-08-08 09:30:00-04:00,stop,"[('2025-08-08 09:30:00-04:00', 1.0, 146.18, 'stop')]",1,-1.07359,-0.014490349574841408
LYV,XLC,Improving,2026-05-29,2026-06-03 14:30:00-04:00,2026-06-03 14:45:00-04:00,164.52,161.51,VAL,175.25,52w_high,182.15,3.8,1.08,level_bounce,60.0,0.57,3,2026-06-04 10:30:00-04:00,stop,"[('2026-06-04 10:30:00-04:00', 1.0, 161.51, 'stop')]",1,-1.0541578073089697,-0.019286500121565884
LYV,XLC,Improving,2026-06-17,2026-06-23 11:30:00-04:00,2026-06-23 11:45:00-04:00,170.51,167.11,POC,178.7,LRC_upper,183.11,2.41,1.01,vwap_reclaim,59.0,0.41,3,2026-06-24 09:30:00-04:00,stop,"[('2026-06-24 09:30:00-04:00', 1.0, 167.11, 'stop')]",1,-1.0496500000000004,-0.020930209371884216
LYV,XLC,Improving,2026-07-29,2026-07-30 13:45:00-04:00,2026-07-30 14:00:00-04:00,182.555,177.63,VAL,193.18,LRC_upper,199.98,2.15,3.1,vwap_reclaim,65.5,0.66,2,2026-07-31 09:30:00-04:00,stop,"[('2026-07-31 09:30:00-04:00', 1.0, 177.63, 'stop')]",1,-1.036567005076142,-0.027964681876694753
