entry_time,entry,stop,tp1,tp2,exit_time,exit_reason,_exit_i,sessions_held,r_multiple,pct_return,rr_at_trigger,lrc_r2,flow_n,risk_atr,pos,slope,r2,adx,cmf,udv,obv,above_avwap,ema_ok,rs,trend_ok,flow_ok,stop_src,tp1_src,entry_type,symbol,sector_etf,quadrant,score,setup_date,shares,pnl
2019-10-04 10:00:00,262.45,257.55,274.82,279.34,2019-10-08 15:54:00,stop,263,2,-1.053061224489796,-0.019660887788150037,2.52448979591838,0.6084055941916267,3,0.847146492118295,38.670778190343405,0.1698214777663128,0.6084055941916267,15.271027040830873,0.08864610096625278,1.7339953867589994,0.44235955637190866,True,True,0.24110907922472102,True,True,POC,LRC_upper,limit,TYL,XLK,off,73.8,2019-10-03,76,-392.15999999999826
2019-10-04 10:00:00,38.32,37.62,39.77,47.54,2019-11-19 15:54:00,lrc_break,293,33,7.498621428571397,0.13697899269311062,2.071428571428567,0.9038769125999454,2,0.9346060158919244,11.294417196040826,0.232756065570569,0.9038769125999454,23.27749911337124,-0.05112920571878002,1.6453054263924627,0.8832166520801679,True,True,0.14464090989897738,True,True,swing_low,LRC_upper,limit,BMY,XLV,off,72.3,2019-10-03,521,2734.747235
2019-10-04 10:00:00,57.26,55.66,60.62,61.78,2019-11-21 15:54:00,trail,295,34,2.0589706824261644,0.05753323597418558,2.099999999999998,0.41228598266291516,2,1.1119578816453624,53.53407227100948,0.21002257455991352,0.41228598266291516,27.643100176340514,0.10560365998902616,0.8955012538345627,0.34442899441097874,True,True,0.31169921390899424,True,True,POC,LRC_upper,limit,TER,XLK,off,63.0,2019-10-03,349,1149.7292290667713
2019-10-04 10:00:00,219.75,215.81,228.8,233.36,2019-10-08 15:54:00,stop,263,2,-1.055274111675127,-0.018920500568828207,2.2969543147208165,0.40076764304157775,3,1.0505231637943604,38.43368268067612,0.14350512661335607,0.40076764304157775,20.116692288375642,0.25572912824934385,1.245786239169095,0.8334823646416497,True,True,0.0704635831938012,True,True,VAL,swing_high,limit,EG,XLF,off,61.6,2019-10-03,90,-374.2001999999998
2019-10-04 10:00:00,10.01,9.81,10.43,10.75,2019-10-08 15:54:00,stop,263,2,-1.0495500000000002,-0.0209700299700299,2.100000000000007,0.2093095352510235,3,0.7893051949596394,37.01649347899008,0.17545440560614767,0.2093095352510235,23.137867789370663,0.06864852000705558,1.144132377933718,0.34662137148853006,True,True,0.05140366555866405,True,True,AVWAP,POC,limit,HBAN,XLF,off,54.0,2019-10-03,1997,-419.1902699999985
2019-10-04 10:00:00,11.11,10.85,11.64,12.33,2019-11-29 15:54:00,time,300,40,4.1859230769230855,0.09796039603960409,2.0384615384615445,0.2159514418934497,3,1.1743257532307465,58.0185599405621,0.13653208503995637,0.2159514418934497,22.133228242412795,0.16816115512063046,1.1263282613342975,0.6717686101650356,True,True,0.013882518653153042,True,True,VAL,swing_high,limit,APH,XLK,off,52.3,2019-10-03,25,27.208500000000036
2019-10-10 10:00:00,34.01,32.83,36.87,38.14,2019-12-03 15:54:00,lrc_break,302,38,2.554631355932208,0.08863466627462524,2.4237288135593222,0.6947467989637182,3,1.2394915269139957,56.912243033013695,0.49918149962875147,0.6947467989637182,35.04713746821238,0.0034314728681752887,1.415193227225845,0.7758191435887775,True,True,0.22433802019107962,True,True,swing_low,LRC_upper,limit,JBL,XLK,off,74.0,2019-10-09,585,1763.4620250000025
2019-10-10 10:00:00,53.45,52.61,55.4,56.4,2019-11-20 15:54:00,lrc_break,293,30,7.254136904761874,0.11400327408793262,2.321428571428557,0.4668427830680668,3,0.7486491503819175,67.71370215046937,0.17091591401828538,0.4668427830680668,18.728687106966305,0.06086872948117796,1.3979923598784574,0.9240395961889366,True,True,0.07276701613166825,True,True,VAH,LRC_upper,limit,FBHS,XLF,off,60.9,2019-10-09,372,2266.7726999999995
2019-10-10 10:00:00,48.36,47.46,50.17,52.28,2019-12-05 15:54:00,time,304,40,4.899344444444454,0.09117886683209267,2.011111111111117,0.009974159290108779,2,0.6463085921746392,69.32009627513936,0.0208602256762637,0.009974159290108779,16.35924851420981,0.18141618183035454,0.978627264713883,0.6523072207096694,True,False,0.01623368278728088,True,True,AVWAP,swing_high,limit,TECH,XLV,off,36.4,2019-10-09,387,1706.4416700000006
2019-10-14 10:00:00,31.98,31.43,33.61,37.64,2019-12-09 15:54:00,time,306,40,8.592072727272718,0.1477686053783615,2.963636363636358,0.5606742218225997,2,0.5157110368837665,25.065150931231628,0.4125883779742413,0.5606742218225997,23.480828612189967,-0.0296412924291271,2.0198358418298947,0.7654071552365096,True,True,0.16192796813080212,True,True,AVWAP,POC,limit,APO,XLF,off,59.8,2019-10-10,1,4.725640000000001
2019-10-24 10:00:00,10.44,10.31,10.75,11.35,2019-10-24 15:54:00,stop,275,0,-1.079807692307693,-0.013445881226053545,2.384615384615407,0.5031122793345466,2,0.5911396950443694,43.57857471956017,0.2481909615084238,0.5031122793345466,12.503222781404935,-0.1165024648103679,1.6204643262307732,0.7036655185265697,True,True,0.034249161873336265,True,True,POC,swing_high,limit,HBAN,XLF,off,52.0,2019-10-23,1,-0.140374999999999
2019-10-29 10:00:00,1.29,1.28,1.32,1.34,2019-11-05 15:54:00,stop,282,5,-1.1284999999999998,-0.008748062015503882,3.0,0.8681848315696505,3,0.6275553539057428,33.77110232281457,0.16374203974549562,0.8681848315696505,23.548398846242197,0.2604897909084652,1.1551128952476009,0.7244042350179237,True,True,0.09506476418507037,True,True,POC,52w_high,limit,AIV,XLF,off,70.9,2019-10-28,9,-0.10156500000000009
2019-11-06 10:00:00,11.94,11.48,12.86,14.77,2019-11-18 15:54:00,stop,291,8,-1.0254565217391305,-0.039506700167504114,2.000000000000004,0.30498859261004707,2,0.7533946751994559,72.69655288196854,0.2568961358515418,0.30498859261004707,21.176075391534617,-0.0613060591154601,1.389939903021733,0.4293336908848863,True,True,-0.11940991774838505,True,True,swing_low,LRC_upper,limit,MAT,XLF,off,39.5,2019-11-04,1,-0.4717099999999991
2019-11-20 10:00:00,338.78,331.6,353.19,437.87,2020-01-03 15:54:00,lrc_break,323,30,3.7016371866295534,0.07845136962040265,2.0069637883008533,0.7950589972985596,3,0.7868336670011584,69.49065575547276,0.40057344716837445,0.7950589972985596,39.843778057192296,0.05780039167118148,1.7936018466880341,0.9297728999988563,True,True,0.06493775312102978,True,True,swing_low,LRC_upper,limit,REGN,XLV,off,68.4,2019-11-19,64,1700.9763200000004
2019-11-20 10:00:00,86.27,84.53,92.52,94.97,2020-01-06 15:54:00,trail,324,30,-0.4689109195402254,-0.009457575055059578,3.5919540229885163,0.5077455861632818,3,1.2658224650702554,60.85275126461731,0.2915739318358024,0.5077455861632818,35.449978883822055,0.3308294860867038,1.5487322620080948,0.8547397344571135,True,True,0.14460571157411262,True,True,swing_low,LRC_upper,limit,NTRS,XLF,off,66.6,2019-11-19,11,-8.974954999999888
2019-11-21 10:00:00,16.2,16.01,16.88,17.22,2019-12-03 15:54:00,stop,301,7,-1.0847631578947379,-0.012722530864197392,3.578947368421094,0.851860788132386,3,0.5991324863028732,40.3169019517421,0.4068463378505734,0.851860788132386,44.29994325150604,0.0930504317696606,1.4600034516579687,0.7381353319260874,True,True,0.14877843723281936,True,True,POC,52w_high,limit,WU,XLF,off,78.0,2019-11-20,1353,-278.8600649999969
2019-11-22 10:00:00,122.08,119.76,126.73,142.81,2020-01-22 15:54:00,time,334,40,3.9884612068965675,0.07579644495412852,2.0043103448275947,0.6648028842801285,3,0.772758064129334,48.338530843444275,0.7339102551781665,0.6648028842801285,46.09840493340174,0.07906719520402702,1.681856623249299,0.7860872737551565,True,True,0.4095839187149799,True,True,VAL,swing_high,limit,TIF,XLK,off,68.1,2019-11-21,175,1619.3152500000015
2019-12-02 10:00:00,134.97,132.63,139.66,145.79,2019-12-03 15:54:00,stop,301,1,-1.057179487179487,-0.018328517448321875,2.0042735042735003,0.808208894236136,3,0.6235071095479636,61.43910020728922,0.3948716885125745,0.808208894236136,30.409090374805682,0.07871664485831129,1.4972818410564523,0.9747268265632777,True,True,-0.05510675813339583,True,True,swing_low,swing_high,limit,MOH,XLV,off,65.1,2019-11-29,2,-4.947600000000007
2019-12-04 10:00:00,320.64,317.82,334.37,338.62,2019-12-09 15:54:00,stop,305,3,-1.1132021276595747,-0.009790512724550877,4.868794326241153,0.901604460248894,3,0.5546332168361748,55.081796942635904,0.44795597116676233,0.901604460248894,56.45274879392452,0.11275598065284001,1.2643760312548515,0.9595970368139368,True,True,0.08073457623812663,True,True,POC,LRC_upper,limit,WCG,XLV,off,78.4,2019-11-29,69,-216.60686999999953
2019-12-04 10:00:00,26.06,25.03,28.47,29.3,2020-01-27 15:54:00,lrc_break,338,36,2.5850436893203956,0.1021717191097468,2.339805825242724,0.7534413384846159,3,1.4616732286852265,34.999194797447295,0.45916820351512616,0.7534413384846159,21.77627868648605,0.2879495631177838,1.216491024623817,0.8865169420251069,True,True,0.043926239079507434,True,True,VAL,LRC_upper,limit,ARES,XLF,off,73.6,2019-12-03,827,2201.966065000001
2019-12-06 10:00:00,64.36,62.96,68.12,69.07,2020-01-27 15:54:00,trail,338,33,6.748340856794916,0.14679423864998248,2.685714285714292,0.9201918709543119,2,1.4318811181895168,5.619978269585303,0.39864523047168643,0.9201918709543119,28.593170950203454,0.27880426838046346,1.3894615082816968,-0.7828795346647317,True,True,0.17111328744200183,True,True,POC,LRC_upper,limit,AAPL,XLK,off,79.9,2019-12-05,317,2994.9136722455805
2019-12-09 10:00:00,5.245,5.15,5.49,5.74,2020-01-27 15:54:00,trail,338,32,6.473635106787884,0.11725363873114344,2.5789473684210606,0.8387490615947808,2,0.6893225802322376,11.69531153478001,0.3820782918390568,0.8387490615947808,17.092950747901014,0.06446356691887933,1.2523900667799037,-0.31974029041444413,True,True,0.09867918047761748,True,True,POC,52w_high,limit,NVDA,XLK,off,66.5,2019-12-06,3,1.8449860054345422
2019-12-10 10:00:00,120.36,118.97,126.27,127.66,2020-01-15 15:54:00,trail,331,24,0.4005353806275763,0.004625657852046621,4.251798561151075,0.8379341960240514,3,0.8093068974282577,22.849152835909088,0.24630791385947723,0.8379341960240514,26.949654730240592,0.012775473925840981,1.6884644914638902,0.7142349044008415,True,True,0.05980693370441603,True,True,POC,LRC_upper,limit,PNC,XLF,off,79.9,2019-12-09,182,101.3274405911643
2019-12-10 10:00:00,21.48,21.14,22.16,23.24,2019-12-11 15:54:00,stop,307,1,-1.0626764705882352,-0.01682076350093109,2.0,0.16439809060305957,3,0.8087136614134802,68.7048796190023,0.08471003245104824,0.16439809060305957,14.48453509695947,0.26080819975995273,1.215980178554226,0.8734516537208898,True,True,-0.0547583211510968,True,True,POC,swing_high,limit,CAG,XLV,off,46.0,2019-12-09,1,-0.3613099999999999
2019-12-16 10:00:00,37.14,36.71,38.01,38.58,2020-01-08 15:54:00,lrc_break,325,16,-0.06312790697674885,-0.0007308831448573502,2.023255813953484,0.17399461657588547,3,0.714137066983559,60.83983203541629,0.040017174528470006,0.17399461657588547,16.02107672761426,0.1056601761934212,1.22218067967533,0.8171890562254983,True,True,-0.026652544172989234,True,True,AVWAP,LRC_upper,limit,CPB,XLV,off,46.5,2019-12-13,1,-0.02714500000000199
2020-01-06 10:00:00,144.41,141.59,150.47,153.81,2020-01-27 15:54:00,lrc_break,337,15,0.3528439716312118,0.006890243057960078,2.148936170212772,0.9416266162812528,3,1.3706313504963505,30.25663365708055,0.37711679196384595,0.9416266162812528,43.22612634429909,0.11604531378546622,2.5473610647125895,0.7416312276145787,True,True,0.1154382397807705,True,True,POC,LRC_upper,limit,VAR,XLV,off,76.3,2020-01-03,160,159.20320000000237
2020-01-07 10:00:00,347.41,343.9,370.29,375.26,2020-01-07 15:54:00,stop,325,0,-1.0984772079772065,-0.011098284447770782,6.5185185185184285,0.9289641185655118,3,0.5822696521251762,18.9888640524954,0.4638268865623296,0.9289641185655118,50.91217226136695,0.16526694051621704,1.9283608650045843,0.8683633161561192,True,True,0.2939756301664376,True,True,POC,LRC_upper,limit,HUM,XLV,off,87.9,2020-01-06,3,-11.566965000000144
2020-01-08 10:00:00,320.26,316.98,330.98,335.04,2020-01-27 15:54:00,trail,338,12,0.14976327481897597,0.001533827332187089,3.2682926829268646,0.8933620494906889,3,0.768263202394993,30.933933998389264,0.22286770529665076,0.8933620494906889,27.183301564850147,0.10948765445449006,2.0737972589206537,0.7653799274532881,True,True,0.005978685434127051,True,True,POC,LRC_upper,limit,TMO,XLV,off,73.7,2020-01-07,3,1.4736706242187112
2020-01-09 10:00:00,261.43,255.33,277.8,285.59,2020-01-13 15:54:00,stop,329,2,-1.0423573770491803,-0.02432153922656158,2.6836065573770522,0.8925605783789896,3,1.4668904643170608,22.665395326983035,0.35330839035078004,0.8925605783789896,41.63952627029716,0.1088250296154216,1.598052937808046,0.5125551751011058,True,True,0.16940031773873154,True,True,VAL,LRC_upper,limit,UNH,XLV,off,77.7,2020-01-08,1,-6.358379999999995
2020-01-14 10:00:00,148.41,147.21,152.43,154.37,2020-01-31 15:54:00,trail,342,12,1.2270236290444907,0.009921355399591504,3.35000000000004,0.8575277856533067,3,0.5761520284930322,50.507273792381646,0.18892178847017946,0.8575277856533067,34.81108617290399,0.26056636704887587,1.7816539447798554,0.05590154380485557,True,True,0.08597601031056334,True,True,VAH,LRC_upper,limit,RMD,XLV,off,72.8,2020-01-13,1,1.472428354853375
2020-01-16 10:00:00,11.79,11.42,12.56,12.93,2020-01-24 15:54:00,trail,337,5,-0.9865022645403341,-0.030958934510595663,2.081081081081089,0.2476452652198336,2,1.4169141925875364,68.00686708243192,0.06648468085438236,0.2476452652198336,17.212262119277042,0.03960248779292735,0.981982921319386,0.12304979845206912,True,True,-0.08343817039423318,True,True,VAH,swing_high,limit,IBKR,XLF,off,48.1,2020-01-15,1877,-685.1159577006152
2020-01-23 10:00:00,31.59,30.58,33.97,35.42,2020-01-27 15:54:00,stop,337,2,-1.0307772277227722,-0.03295615701171262,2.356435643564352,0.9576234197407246,3,0.7504600315419078,34.09377570748367,0.9115825783284558,0.9576234197407246,33.40806036765522,0.1891326851953195,2.080319441529193,0.9188725969883718,True,True,0.08575982482237099,True,True,POC,LRC_upper,limit,ENPH,XLK,off,78.0,2020-01-22,727,-756.8687950000011
2020-01-27 10:00:00,202.2,200.67,207.53,211.0,2020-02-06 15:54:00,trail,345,8,1.004529411764711,0.007601038575667701,3.4836601307189596,0.9034373799574967,3,0.6513575959528077,55.85642712821852,0.19962271288170128,0.9034373799574967,36.074258743841625,0.0033311010578725387,2.7456198745414016,0.9720917455690681,True,True,0.0212296413048223,True,True,VAH,LRC_upper,limit,WLTW,XLF,off,69.1,2020-01-24,106,162.91458000000097
2020-01-28 10:00:00,127.6,125.1,134.34,136.67,2020-01-31 15:54:00,lrc_break,342,4,-0.7746779999999952,-0.015177860501567305,2.6960000000000037,0.9352720477936299,3,1.1865588264879074,-10.906180617102965,0.36394244173924767,0.9352720477936299,49.76510460371954,0.17590582961558837,2.0140694608253535,0.8827056537654905,True,True,0.01672122816543431,True,True,VAL,52w_high,limit,ZTS,XLV,off,77.3,2020-01-27,180,-348.60509999999783
2020-01-28 10:00:00,96.83,94.81,101.64,103.18,2020-01-28 15:54:00,stop,338,0,-1.0474356435643564,-0.021850872663430713,2.381188118811887,0.928989137083928,3,1.4091267616331797,-28.910977534277073,0.24914705691329478,0.928989137083928,35.14538583166506,0.2075757802469013,1.518070734848422,0.9096557066375981,True,True,0.06834226898723372,True,True,AVWAP,swing_high,limit,PKI,XLV,off,72.2,2020-01-27,238,-503.5651599999991
2020-01-28 10:00:00,80.79,79.18,84.02,88.82,2020-01-29 15:54:00,stop,339,1,-1.0496801242236025,-0.020918244832281215,2.006211180124218,0.8208211601171947,3,0.6959658017206382,6.900518062702107,0.5819340051977451,0.8208211601171947,43.421840423873704,0.058946749323543185,1.6336519725290712,0.5761653925057515,True,True,0.04846754928603825,True,True,swing_low,swing_high,limit,MTCH,XLK,off,70.2,2020-01-27,285,-481.64572499999986
2020-01-28 10:00:00,17.51,17.14,18.38,18.8,2020-02-25 15:54:00,trail,357,19,2.515742387889455,0.05315960499823535,2.351351351351338,0.682398486230584,2,1.119864989309654,2.22171440072611,0.19311684714847646,0.682398486230584,31.057929806829968,0.012636936643219679,1.3935262881627455,-0.849120706869207,True,True,0.047804519051503735,True,True,VAL,swing_high,limit,JEF,XLF,off,64.3,2020-01-27,1316,1224.965283511137
2020-01-29 10:00:00,29.22,28.58,30.5,31.11,2020-01-31 15:54:00,stop,342,2,-1.04515625,-0.022891854893908305,2.0,0.9343733820289919,3,0.9975501580101854,5.157890261112326,0.3268874325035861,0.9343733820289919,42.58736640975102,0.08390100127436462,1.2010834965102497,0.5209368809271547,True,True,0.19193490925258683,True,True,POC,swing_high,limit,ARES,XLF,off,80.8,2020-01-28,793,-530.4377000000004
2020-01-29 10:00:00,32.08,30.59,35.07,36.72,2020-01-31 15:54:00,lrc_break,341,3,-0.3971812080536909,-0.01844763092269323,2.006711409395977,0.9473135971560662,3,0.9580049972443998,28.04221826527745,0.8717046934137128,0.9473135971560662,29.807907874993255,0.1619527880471481,2.0270065507401576,0.9036595821572452,True,True,0.19904030097831393,True,True,POC,LRC_upper,limit,ENPH,XLK,off,79.8,2020-01-28,28,-16.570399999999964
2020-01-29 10:00:00,6.07,5.89,6.44,6.71,2020-01-31 15:54:00,stop,342,2,-1.0332222222222223,-0.030639209225700265,2.055555555555549,0.8863788242170663,3,1.1263949067351737,21.92754048570789,0.39139038262857323,0.8863788242170663,28.667522763758704,0.16717642166557553,1.4639693760101606,0.8316355180781577,True,True,0.10770304806428022,True,True,VAL,52w_high,limit,NVDA,XLK,off,72.1,2020-01-28,4,-0.7439200000000025
2020-01-30 10:00:00,77.13,76.04,80.04,82.04,2020-01-31 15:54:00,stop,342,1,-1.0702614678899092,-0.015124918967976006,2.669724770642238,0.9298172545007021,3,0.7533845117445617,62.35921640980499,0.4325692943377168,0.9298172545007021,45.97807093974842,0.18875800915069738,1.4298459250388638,0.8163958223676342,True,True,0.2064187312373449,True,True,POC,LRC_upper,limit,AAPL,XLK,off,76.6,2020-01-29,292,-340.64281999999685
2020-02-03 10:00:00,77.17,76.06,79.4,80.38,2020-02-21 15:54:00,lrc_break,355,14,0.13758108108108474,0.0019789425942724373,2.009009009009014,0.9322034461713526,3,0.9255672792281575,-3.9653578995121683,0.23833205408715555,0.9322034461713526,28.24365271040224,0.2290443926569325,2.399901023578738,0.6163205972381759,True,True,0.06218027434321227,True,True,VAL,52w_high,limit,INFO,XLF,off,76.8,2020-01-31,294,44.89821000000117
2020-02-04 10:00:00,52.31,51.48,53.97,55.05,2020-02-06 15:54:00,stop,345,2,-4.313909638554191,-0.06844857579812658,1.999999999999983,0.7742458304338374,2,1.2552202292809116,2.4440881784107376,0.169125422370389,0.7742458304338374,31.122433606318562,-0.08074797670560731,2.0693210329216667,0.28035200453157433,True,True,0.017351105074758344,True,True,AVWAP,52w_high,limit,K,XLV,off,62.5,2020-02-03,438,-1568.2787100000005
2020-02-04 10:00:00,68.29,66.38,72.13,74.02,2020-02-25 15:54:00,trail,358,14,2.719952971641268,0.07607424477719799,2.0104712041884647,0.44793745165801385,2,1.185361883542127,15.749031585358056,0.12537285714691093,0.44793745165801385,24.65227186170268,0.06239091574114799,1.2016874279305743,-0.3932574806894426,True,True,-0.009542760372147852,True,True,swing_low,POC,limit,GDDY,XLK,off,47.8,2020-02-03,335,1740.3619089046754
2020-02-05 10:00:00,2.922,2.85,3.47,3.54,2020-02-06 15:54:00,stop,346,1,-1.0400833333333332,-0.02562833675564684,7.611111111111105,0.6353382378722227,3,0.8211610306688752,61.722476900298794,1.1877880572519277,0.6353382378722227,91.56262912734033,0.09952151034887714,2.7927693696894877,0.8052674673316261,True,True,0.7307699285001232,True,True,POC,LRC_upper,limit,SMCI,XLK,off,79.1,2020-02-04,16,-1.198176000000001
2020-02-07 10:00:00,48.91,47.46,52.81,55.63,2020-02-21 15:54:00,trail,356,9,3.1625780762904476,0.09375870395872288,2.689655172413805,0.8269352377650983,3,0.8126233765626557,10.927892804619372,0.5148591221672412,0.8269352377650983,27.724767217820645,0.18654863887503964,1.4847992497849047,0.666574554831017,True,True,0.2581351458026846,True,True,swing_low,swing_high,limit,AMD,XLK,off,76.9,2020-02-06,467,2141.53974436007
2020-02-07 10:00:00,58.77,57.19,65.41,68.78,2020-02-07 15:54:00,lrc_break,346,1,-0.5938797468354426,-0.015966139186659904,4.202531645569602,0.8611924342947157,2,0.9840634470898492,-14.650413173610113,0.3865352399295996,0.8611924342947157,40.87262359239099,0.02286559419168773,1.212095724961128,-0.271546354436845,True,True,0.07761035600020172,True,True,AVWAP,LRC_upper,limit,CTLT,XLV,off,73.0,2020-02-06,342,-320.90886000000086
2020-02-07 10:00:00,6.273,6.14,6.65,6.82,2020-02-21 15:54:00,trail,356,9,7.888503857432557,0.16725187518548226,2.8345864661654185,0.787773245549357,3,0.8226329185297901,45.920963838918524,0.3324099278114672,0.787773245549357,21.39783228949254,0.13593418086754888,1.6558592541462616,0.22153305775641904,True,True,0.11839416321051499,True,True,POC,LRC_upper,limit,NVDA,XLK,off,72.8,2020-02-06,7,7.344197091269711
2020-02-10 10:00:00,313.71,310.59,323.27,329.94,2020-02-24 15:54:00,trail,357,9,-2.6025016025640997,-0.025883156418348166,3.0641025641025603,0.9129573371947389,3,0.5215475046002068,62.00501085047377,0.2812924215861553,0.9129573371947389,32.300393301000824,0.06783482181575427,1.967431841801978,0.8938376514448753,True,True,0.1294407250287437,True,True,POC,LRC_upper,limit,MA,XLF,off,73.1,2020-02-06,63,-511.54771500000015
2020-02-24 10:00:00,74.67,73.75,80.02,81.79,2020-02-25 15:54:00,stop,357,1,-1.0806630434782607,-0.013314718092942301,5.815217391304331,0.9087040954741075,3,0.5248087753019671,28.34874856934231,0.4469199678470771,0.9087040954741075,54.36029913761938,0.19742128559062155,1.6328790604140777,0.8774807286632932,True,True,0.07454210605148814,True,True,swing_low,LRC_upper,limit,BLL,XLV,off,77.1,2020-02-21,320,-318.14720000000057
2020-02-24 10:00:00,22.89,21.96,25.77,26.95,2020-02-26 15:54:00,lrc_break,358,3,-0.4974946236559155,-0.020212756662298003,3.096774193548387,0.8799174536780705,3,0.9344182347003835,40.69434428271768,0.6737747229478114,0.8799174536780705,39.68397906281427,0.1530924274891908,1.5332516336819713,0.6363534170093541,True,True,0.35597173281525807,True,True,VAL,LRC_upper,limit,LB,XLF,off,75.8,2020-02-21,1043,-482.56481000000133
2020-02-25 10:00:00,252.73,246.54,268.98,274.55,2020-02-25 15:54:00,stop,358,0,-1.0403287560581582,-0.025480295176670748,2.625201938610668,0.9408744403169846,3,1.0619763752242652,-26.807949586445606,0.3505464173377983,0.9408744403169846,35.250848680966456,0.23902849733423023,1.4645442830893534,0.8937219908886295,True,True,0.15177995595923144,True,True,swing_low,LRC_upper,limit,MCO,XLF,off,82.8,2020-02-24,76,-489.41225999999983
2020-02-25 10:00:00,35.81,34.04,39.35,40.68,2020-02-26 15:54:00,lrc_break,358,2,-0.6865649717514111,-0.033935213627478346,1.999999999999996,0.7672633875430931,3,1.356023623674139,21.872631163272434,0.37467486391020943,0.7672633875430931,31.752426969385212,0.14999586660727876,1.4748422922642666,0.703522909403828,True,True,0.18924287797843298,True,True,AVWAP,LRC_upper,limit,TWTR,XLK,off,74.6,2020-02-24,1,-1.2152199999999997
2020-02-25 10:00:00,6.7,6.3,7.51,7.85,2020-02-27 15:54:00,stop,360,2,-1.01625,-0.060671641791044825,2.0249999999999972,0.6862182580141314,3,1.409960314814325,37.798240550350656,0.4298061676345083,0.6862182580141314,35.67463509209671,0.22867990070248914,1.6376419567326628,0.8686547878961781,True,True,0.2517456716652302,True,True,AVWAP,LRC_upper,limit,NVDA,XLK,off,71.2,2020-02-24,3,-1.219500000000001
2020-02-26 10:00:00,33.04,30.48,39.18,40.77,2020-02-26 15:54:00,stop,358,0,-1.01240625,-0.07844309927360771,2.3984375000000013,0.7251182580781794,3,1.4236215086668058,10.734989659503862,0.762290421899573,0.7251182580781794,53.98762656961524,0.04274521981356862,2.278119220099142,0.8928064454654402,True,True,0.4504330304159434,True,True,AVWAP,52w_high,limit,PENN,XLF,off,81.8,2020-02-25,450,-1166.2919999999992
2020-02-26 10:00:00,34.53,33.96,36.73,37.28,2020-02-26 15:54:00,lrc_break,358,1,-0.6392368421052598,-0.010552128583840088,3.8596491228070082,0.8840446146896525,3,1.0458452094730886,-23.226659760974798,0.25723435448509063,0.8840446146896525,46.3073339143095,0.17500336122882962,1.578649993001153,0.9470674554294884,True,True,0.053591080296287785,True,True,POC,52w_high,limit,DRE,XLV,off,81.0,2020-02-25,668,-243.39581999999885
2020-02-26 10:00:00,162.59,158.64,178.98,182.8,2020-02-27 15:54:00,stop,360,1,-1.139346835443034,-0.027679562088689363,4.1493670886075735,0.6963731017827121,3,0.9216180300397414,9.129690507854441,0.2807794801876995,0.6963731017827121,36.08845897116922,0.11784285173956437,1.4608440652664718,0.7155960742813967,True,True,0.1561432070002433,True,True,AVWAP,LRC_upper,limit,CRL,XLV,off,79.2,2020-02-25,141,-634.5592200000004
2020-02-26 10:00:00,159.95,155.66,172.11,176.31,2020-02-26 15:54:00,stop,359,0,-1.0367843822843823,-0.027807471084713924,2.8344988344988455,0.8088859739378568,3,1.2638058533519563,5.425174256311367,0.2786163124627216,0.8088859739378568,31.838452298660943,0.0027808790626474397,1.3655819375499056,0.6788602821128578,True,True,0.10085862096787013,True,True,POC,LRC_upper,limit,WST,XLV,off,76.5,2020-02-25,144,-640.4839199999989
2020-02-26 10:00:00,76.88,74.27,82.1,87.25,2020-02-26 15:54:00,lrc_break,359,1,-0.14051149425287054,-0.004770226326742873,2.0,0.8564871365141979,3,0.7931858039029909,-4.250426331234507,0.5577512785210618,0.8564871365141979,35.601906683764334,0.23228787295157877,1.448085248996112,0.8957239976380997,True,True,0.13918486512040107,True,True,VAL,swing_high,limit,XYZ,XLF,off,75.2,2020-02-25,94,-34.47308999999925
2020-02-27 10:00:00,73.88,72.67,77.62,80.76,2020-02-27 15:54:00,stop,359,0,-1.0605578512396696,-0.017369721169463913,3.0909090909091144,0.8958233926669217,3,0.655517906626448,3.605914157981234,0.43627372197667347,0.8958233926669217,49.52805847831045,0.11011481484979915,1.7550689801099228,0.7308166743772088,True,True,0.16661127580947555,True,True,VAL,swing_high,limit,BLL,XLV,off,77.9,2020-02-26,304,-390.1155999999981
2020-02-27 10:00:00,64.74,62.75,71.2,74.92,2020-02-27 15:54:00,lrc_break,360,1,-0.39416080402010095,-0.012115848007414255,3.246231155778907,0.885187456383689,3,0.9574251242920182,-11.815354734804085,0.48666794381700346,0.885187456383689,34.555061145197335,0.120548893665671,1.7323949853765965,0.7276242525461559,True,True,0.20701901875538464,True,True,AVWAP,swing_high,limit,NOW,XLK,off,75.5,2020-02-26,347,-272.1798599999996
2020-02-27 10:00:00,154.51,149.98,173.04,178.97,2020-02-27 15:54:00,stop,360,0,-1.0336081677704194,-0.030303831467218958,4.090507726269315,0.7630262979129758,3,0.9703799356568276,-13.783582702262182,0.35299212755801185,0.7630262979129758,43.098468697088144,0.047227283320974686,1.3357463375492067,0.19783140854606224,True,True,0.153319183756083,True,True,swing_low,POC,limit,MSFT,XLK,off,70.2,2020-02-26,145,-678.9255250000001
2020-02-27 10:00:00,33.96,33.61,35.58,36.46,2020-02-27 15:54:00,stop,360,0,-1.096528571428571,-0.011301089517078958,4.628571428571402,0.7384389030949224,2,0.5423028684369133,6.29222902561139,0.206941684166033,0.7384389030949224,24.175264979684567,0.1197075760819505,1.4514325210094914,-0.30599879797353097,True,True,0.09968026167036248,True,True,AVWAP,swing_high,limit,NDAQ,XLF,off,64.1,2020-02-26,655,-251.37917500000094
2020-03-03 10:00:00,68.39,66.29,72.59,75.63,2020-03-03 15:54:00,stop,363,0,-1.032066666666667,-0.0316908904810644,2.0000000000000067,0.7993626704802453,3,0.8771062129406654,25.36305305305322,0.4398307555644269,0.7993626704802453,30.372799378475086,0.13314681320028024,1.7866248834238339,0.525103909509293,True,True,0.2742620687560027,True,True,VAL,swing_high,limit,NOW,XLK,off,74.3,2020-03-02,322,-697.8834799999983
2020-03-03 10:00:00,16.89,16.24,18.2,19.4,2020-03-06 15:54:00,stop,366,3,-1.025484615384615,-0.03946506808762593,2.015384615384607,0.8170737475977877,3,1.0761986455262043,37.56867640601496,0.6705942661010623,0.8170737475977877,54.063782646706514,0.06183255659496162,1.8821763433826182,0.6278195775482136,True,True,0.44860699520540037,True,True,VAL,swing_high,limit,GEN,XLK,off,72.2,2020-03-02,1306,-870.5338900000029
2020-03-03 10:00:00,42.5,41.52,44.47,46.44,2020-03-03 15:54:00,lrc_break,363,1,-0.08416326530612185,-0.0019407058823529212,2.0102040816326583,0.7827197475495,3,0.9148013734062405,6.271404148291366,0.4253059129716261,0.7827197475495,49.05802006129622,0.15829248665205498,1.7472967487251772,0.34085865699944634,True,True,0.24849351357079152,True,True,AVWAP,POC,limit,BRO,XLF,off,70.8,2020-03-02,519,-42.80711999999956
2020-03-03 10:00:00,80.25,76.75,87.25,91.17,2020-03-03 15:54:00,stop,363,0,-1.0224285714285715,-0.04459190031152648,2.0,0.8726236312970838,2,0.8626844108080458,14.10094207635957,0.5630373720067485,0.8726236312970838,30.314672263216,-0.05098966977779048,1.5884677260915832,0.8180554401837161,True,True,0.20546965129470118,True,True,VAL,swing_high,limit,XYZ,XLF,off,70.8,2020-03-02,274,-980.509
2020-03-03 10:00:00,17.08,16.7,17.91,18.74,2020-03-03 15:54:00,stop,363,0,-1.0444473684210527,-0.023237119437939054,2.1842105263158,0.6730336999342255,3,0.7242496364316551,8.917253353397227,0.18525982598147575,0.6730336999342255,27.748053960667455,0.02684873918024873,1.4390123003427364,0.830765418875034,True,True,0.15929840349032975,True,True,VAL,swing_high,limit,HPQ,XLK,off,70.7,2020-03-02,1291,-512.3849899999988
2020-03-03 10:00:00,27.14,26.59,29.68,30.6,2020-03-03 15:54:00,stop,363,0,-1.0488454545454546,-0.021255158437730313,4.618181818181811,0.5073696985841241,3,0.7911821152359313,-11.699442913509026,0.2628550236323917,0.5073696985841241,46.50669967573375,0.09175769400491948,1.6708343744890624,0.6196024262854855,True,True,0.05632961308407092,True,True,swing_low,swing_high,limit,WRB,XLF,off,69.8,2020-03-02,5,-2.8843250000000036
2020-03-04 10:00:00,69.46,66.64,76.37,81.16,2020-03-09 15:54:00,stop,367,3,-1.449450354609931,-0.05884609847394179,2.4503546099290876,0.780368249292359,3,0.7872015221684632,58.10089436747315,0.546603440056287,0.780368249292359,36.72950586875456,0.14949664137288063,1.5173450328231655,0.8536700447671108,True,True,0.30703256225538733,True,True,VAL,LRC_upper,limit,DXCM,XLV,off,72.3,2020-03-02,311,-1271.1969499999987
2020-03-04 10:00:00,27.81,26.88,29.8,31.58,2020-03-05 15:54:00,stop,365,1,-1.1691182795698913,-0.039096727795756875,2.139784946236562,0.38128325080299025,2,0.9096999307085211,1.6604755015896884,0.22817754337808036,0.38128325080299025,29.306518831614284,0.13717021376263167,1.1355659731181464,-0.18389155265261695,True,True,0.05237635047017908,True,True,swing_low,swing_high,limit,KKR,XLF,off,49.0,2020-03-02,776,-843.7292799999991
2020-03-04 10:00:00,40.42,39.29,42.75,44.25,2020-03-04 15:54:00,stop,364,0,-1.0352699115044246,-0.028942478970806592,2.061946902654861,0.20087105324226895,3,0.7952395116332516,-7.90360992524331,0.10935371213428988,0.20087105324226895,23.22063613751325,0.1513495634842463,1.3558463924169804,0.3501475435820854,True,True,0.03876848872427652,True,True,AVWAP,swing_high,limit,TRMB,XLK,off,48.8,2020-03-02,534,-624.7025700000013
2020-03-04 10:00:00,56.14,53.97,60.91,63.36,2020-03-06 15:54:00,stop,366,2,-1.0852488479262652,-0.041948521553259656,2.1981566820276464,0.03671309520567011,3,0.9081534470104485,23.27493615612968,0.048794596022639664,0.03671309520567011,21.943209482014634,0.07923585734227433,1.2078523261878948,0.04757922398557478,True,True,0.07758731811499753,True,True,AVWAP,swing_high,limit,AMAT,XLK,off,46.9,2020-03-02,378,-890.1862199999989
2020-03-04 10:00:00,16.5,16.06,17.76,18.38,2020-03-05 15:54:00,stop,364,1,-1.037,-0.02765333333333341,2.863636363636359,0.16134673112490067,2,0.7798275142349225,-5.450881341677477,0.11680124127484545,0.16134673112490067,31.262758239174186,0.07127084338596587,0.99284647281571,0.2000075949407942,True,True,0.02561455835534976,True,True,AVWAP,swing_high,limit,JEF,XLF,off,40.6,2020-03-02,2,-0.9125600000000025
2020-03-05 10:00:00,67.5,66.16,72.59,75.88,2020-03-05 15:54:00,stop,365,0,-1.049873134328358,-0.020841925925925976,3.79850746268656,0.7557135143184484,3,0.5103809347515547,28.410477257603468,0.41113613301412155,0.7557135143184484,26.811905669451328,0.06584034702485973,1.605917402421528,0.44596757400071163,True,True,0.2690556696617057,True,True,swing_low,swing_high,limit,NOW,XLK,off,72.4,2020-03-04,310,-436.117300000001
2020-05-27 10:00:00,62.69,61.28,68.72,72.0,2020-05-27 15:54:00,stop,422,0,-1.0439609929078015,-0.02348037964587648,4.276595744680862,0.90731430671981,3,0.551281056440386,19.982277042341835,0.8747114490546095,0.90731430671981,33.95723008651225,0.25020486036265766,1.60719949551508,0.7428957107479912,True,True,0.3950884489716886,True,True,swing_low,52w_high,limit,TECH,XLV,off,81.6,2020-05-26,329,-484.2830649999988
2020-05-27 10:00:00,168.58,161.81,182.14,188.86,2020-07-13 15:54:00,lrc_break,454,33,3.750167651403243,0.15060288883616083,2.0029542097488853,0.909892055400776,3,1.3494245666727467,34.34488268888995,0.664261731776579,0.909892055400776,18.54605752984889,0.0689378519356258,1.3904162297926492,0.9234396320816768,True,True,0.2524027049555162,True,True,VAH,LRC_upper,limit,SNPS,XLK,off,79.9,2020-05-26,122,3097.413469999999
2020-05-27 10:00:00,342.32,329.0,368.96,384.39,2020-06-11 15:54:00,trail,432,11,-0.9905150465759609,-0.038541891856718254,2.0,0.8889886748565671,3,1.2095247603142125,48.827084026889075,0.6810535638570088,0.8889886748565671,38.887643876038126,0.0688453575038806,1.6520426908894852,0.9319083032111625,True,True,0.3869605042840818,True,True,VAH,LRC_upper,limit,ILMN,XLV,off,77.6,2020-05-26,60,-791.6196252235075
2020-05-27 10:00:00,183.92,176.59,208.01,215.13,2020-05-27 15:54:00,stop,421,0,-1.0245914051841747,-0.04083435732927351,3.2864938608458467,0.8667613394136439,2,0.9889449302769591,24.723655137600563,0.7433172409036354,0.8667613394136439,23.226034413986778,-0.028370384865586167,1.6990908004678442,0.9043166431052255,True,True,0.5040166142083293,True,True,POC,LRC_upper,limit,MOH,XLV,off,77.1,2020-05-26,112,-841.1485599999983
2020-05-27 10:00:00,142.14,136.79,152.85,159.15,2020-06-11 15:54:00,lrc_break,433,12,1.6940663551401904,0.06376287463064591,2.0018691588785082,0.9258185853148357,3,1.0409032318760802,37.70010255238467,0.9135790984747155,0.9258185853148357,43.848153169041325,0.16791530942378463,1.3998952428956397,0.8804456182886004,True,True,0.4161827468122381,True,True,swing_low,52w_high,limit,PYPL,XLF,off,76.0,2020-05-26,145,1314.1719750000013
2020-05-27 10:00:00,170.9,167.5,178.08,191.87,2020-07-22 15:54:00,time,461,40,8.765913235294098,0.17439499707431236,2.111764705882351,0.8673623677103526,3,0.7349310626465612,4.879825540238716,0.5029661196784647,0.8673623677103526,23.077825954061826,0.0011241857720799833,1.0071129436195685,0.9229184364633674,True,True,0.14446942883337766,True,True,VAL,swing_high,limit,MSFT,XLK,off,73.5,2020-05-26,1,29.80410499999998
2020-05-27 10:00:00,26.62,24.96,29.94,31.57,2020-06-15 15:54:00,trail,435,13,-0.7204418485916093,-0.04492612579496887,2.0,0.8082611121734222,3,1.4228984403008313,40.139688546137016,0.8571233628919119,0.8082611121734222,34.431612224162684,0.04983298959543848,1.5225522911301648,0.921207811420154,True,True,0.38327564005907333,True,True,VAL,swing_high,limit,FTNT,XLK,off,72.8,2020-05-26,1,-1.1959334686620715
2020-05-28 10:00:00,207.88,196.02,285.77,297.51,2020-06-24 15:54:00,lrc_break,441,20,2.829277403035417,0.16141634596882817,6.5674536256323846,0.9281665716063924,3,1.4812014896959795,73.55367206263665,0.6934375961369356,0.9281665716063924,39.171047017096186,0.10221144809236203,1.6000257512138931,0.3838691508067988,True,True,0.37586519742440916,True,True,VAH,52w_high,limit,ABMD,XLV,off,87.8,2020-05-27,86,2885.74978
2020-05-28 10:00:00,472.32,456.6,518.86,532.98,2020-06-03 15:54:00,lrc_break,426,5,-0.13050445292620788,-0.004343517107046037,2.960559796437666,0.9181200269712041,3,1.004779847671806,13.72888634670946,0.6593577168243732,0.9181200269712041,35.06733788646755,0.16262639212216456,2.0307535385203845,0.9150968640248598,True,True,0.30174131472035426,True,True,swing_low,LRC_upper,limit,BIO,XLV,off,85.3,2020-05-27,43,-88.21578999999932
2020-05-28 10:00:00,285.01,274.9,311.15,319.4,2020-06-11 15:54:00,lrc_break,433,11,-0.9574985163204712,-0.033964808252341945,2.5855588526211624,0.8860171593900484,2,1.2412252872596692,30.2709470094457,0.6662455713900334,0.8860171593900484,29.656511579695827,-0.10154852055922359,1.4553797084226183,0.7520925594887795,True,True,0.1407406710396164,True,True,VAH,LRC_upper,limit,SPGI,XLF,off,75.4,2020-05-27,6,-58.081859999999864
2020-06-04 10:00:00,212.72,204.76,228.64,239.12,2020-06-05 15:54:00,stop,429,1,-1.180668969849245,-0.044180730537796156,1.9999999999999964,0.9135042099988796,3,0.902484423519289,45.92364518731585,0.6451474599402185,0.9135042099988796,31.729874309079268,0.131419798730542,1.4698161257435285,0.3382454713013686,True,True,0.45425456905459316,True,True,VAH,LRC_upper,limit,VEEV,XLV,off,77.2,2020-06-03,95,-892.8218749999997
2020-06-08 10:00:00,73.83,71.61,80.52,86.9,2020-06-08 15:54:00,lrc_break,429,1,0.6420810810810814,0.019306785859406744,3.013513513513514,0.9387971263965403,2,0.7401304294582708,-21.01979228602581,0.8353378503554374,0.9387971263965403,39.46665351571015,-0.10259420648956902,2.168337321027292,0.8242014295749494,True,True,0.3408141444927828,True,True,swing_low,swing_high,limit,CTLT,XLV,off,73.5,2020-06-05,261,372.03462
2020-06-09 10:00:00,163.55,158.13,179.8,187.26,2020-06-12 15:54:00,stop,434,3,-1.0296752767527675,-0.034123142769795264,2.9981549815498068,0.623887365110676,3,1.095341221946093,12.362824677118914,0.35762299094032773,0.623887365110676,15.065770206240481,0.058709454646835614,1.5195920489372903,0.6438601615682281,True,True,-0.08980368089029189,True,True,AVWAP,52w_high,limit,JKHY,XLF,off,66.1,2020-06-08,120,-669.7008000000019
2020-06-12 10:00:00,12.28,10.81,15.22,19.21,2020-06-26 15:54:00,lrc_break,443,11,-0.7154829931972789,-0.08564820846905531,2.000000000000002,0.8145554053156293,3,1.4202417327431216,8.456397315563569,1.053693397326319,0.8145554053156293,27.661303643884466,0.012739678970032522,1.8186178975374474,0.9565372296048066,True,True,0.4697487203271593,True,True,swing_low,swing_high,limit,FLR,XLF,off,83.7,2020-06-11,715,-752.0083999999993
2020-06-12 10:00:00,31.47,28.82,36.77,42.31,2020-06-26 15:54:00,lrc_break,443,11,0.39546792452830143,0.03330123927550042,2.0000000000000027,0.8705319598352297,3,1.5865861308479545,16.7894560505709,0.929399335051765,0.8705319598352297,37.39677142527127,0.14710403794361504,2.0427464299543088,0.9522946548563005,True,True,0.24094997428204046,True,True,VAL,swing_high,limit,DISH,XLF,off,78.7,2020-06-11,396,415.0040399999993
2020-06-12 10:00:00,93.59,90.0,100.77,104.16,2020-06-12 15:54:00,lrc_break,434,1,0.5697325905292475,0.02185425793353991,1.999999999999996,0.9205720758301514,3,1.2772656836462397,-31.133159073061073,0.5900805819720975,0.9205720758301514,36.87109441106666,0.13684306972148585,2.016358769228301,0.8764738079502641,True,True,0.07369166849406894,True,True,swing_low,swing_high,limit,RVTY,XLV,off,72.0,2020-06-11,224,458.1561600000001
2020-06-15 10:00:00,84.21,79.84,92.96,98.67,2020-07-13 15:54:00,trail,454,19,8.198329773220632,0.42544473469865907,2.0022883295194553,0.9407340909606092,3,0.9923455074842104,3.9903660908329495,0.9294660000232584,0.9407340909606092,32.64433387090983,0.10151938658220776,1.7083653539432666,0.7837417481694822,True,True,0.2492634789185597,True,True,POC,swing_high,limit,XYZ,XLF,off,76.6,2020-06-12,243,8705.888369480701
2020-06-15 10:00:00,226.57,217.08,249.83,261.53,2020-08-10 15:54:00,time,473,40,7.698289778714452,0.322446793485457,2.4510010537407867,0.8870151764069963,3,1.134529209125695,12.07589970491404,0.6470507775946587,0.8870151764069963,27.8741191236607,0.08464708698046453,1.520834945832936,0.4263176135945217,True,True,0.022818462114815086,True,True,VAL,swing_high,limit,POOL,XLV,off,69.0,2020-06-12,93,6794.27961
2020-06-16 10:00:00,46.17,43.75,51.02,53.09,2020-06-26 15:54:00,stop,444,8,-1.0185785123966942,-0.053388780593458994,2.0041322314049577,0.5295404687327233,3,1.278214924686425,28.60486355653153,0.2826069541599574,0.5295404687327233,22.845963486798272,0.14182204682224805,1.3405206520454658,0.9048278757863052,True,True,-0.12479164215998118,True,True,swing_low,LRC_upper,limit,CAH,XLV,off,58.1,2020-06-15,1,-2.464960000000002
2020-06-26 10:00:00,108.22,105.77,114.0,118.15,2020-06-26 15:54:00,lrc_break,444,1,-0.30526530612244884,-0.006910922195527634,2.3591836734693854,0.8903827010059594,3,0.6331746242363775,3.6556120868210087,0.647432040901427,0.8903827010059594,34.42280094710612,0.06594316485561731,1.605766023825266,0.2697033619914805,True,True,0.12580601752594922,True,True,VAL,swing_high,limit,SWKS,XLK,off,75.3,2020-06-25,192,-143.5968000000001
2020-06-29 10:00:00,240.76,234.73,259.19,278.56,2020-06-29 15:54:00,stop,444,0,-1.0394270315091212,-0.026033165808273806,3.0563847429519075,0.9233245468604905,3,0.6774112115737857,-3.011247368245117,0.8241070903149363,0.9233245468604905,46.313843828430585,0.21256741431330226,1.9061241407500185,0.8897853813815467,True,True,0.327060603126647,True,True,VAL,swing_high,limit,ABMD,XLV,off,82.0,2020-06-25,93,-582.900285
2020-06-29 10:00:00,335.25,324.5,358.35,375.8,2020-08-04 15:54:00,trail,469,25,-0.7212795463086953,-0.023128277771270616,2.148837209302328,0.5023734331952213,3,0.7350893747934433,37.62048077735457,0.311023725762993,0.5023734331952213,20.247027382664474,0.15784491232214667,1.4650445619804364,0.85948066348133,True,True,0.05174164976783491,True,True,AVWAP,swing_high,limit,NKTR,XLV,off,60.6,2020-06-25,57,-441.964042000653
2020-06-29 10:00:00,37.48,36.76,39.09,41.6,2020-08-24 15:54:00,time,484,40,9.706951388888907,0.18647291889007475,2.2361111111111236,0.7006800804310073,2,0.637853050668222,10.155326568802922,0.4001784314547223,0.7006800804310073,19.474655602236634,-0.030993636245939954,1.9042136162668486,0.19883984062545754,True,True,0.10603598359712829,True,True,AVWAP,swing_high,limit,PANW,XLK,off,60.3,2020-06-25,2,13.978010000000001
2020-06-30 10:00:00,32.97,31.28,37.28,40.77,2020-07-08 15:54:00,lrc_break,450,6,-0.6109289940828411,-0.03131543827722172,2.5502958579881705,0.8492345748865104,2,1.0666310208446248,-1.5402198835727394,0.8454310307667471,0.8492345748865104,31.71387703125406,-0.14432781347073595,1.68308081529997,0.1572882335565112,True,True,0.29571435285315584,True,True,swing_low,swing_high,limit,DISH,XLF,off,72.8,2020-06-29,662,-683.49514
2020-07-09 10:00:00,39.39,36.71,44.76,54.79,2020-07-20 15:54:00,stop,458,7,-1.0141977611940298,-0.069003554201574,2.0037313432835813,0.7443181329502326,2,0.7048465523681773,14.357535607292741,1.128060727424664,0.7443181329502326,18.799099801842285,-0.03134278368047471,2.0126027374077333,0.30333039172844073,True,True,1.1140988184371028,True,True,VAL,swing_high,limit,CZR,XLF,off,66.9,2020-07-08,458,-1244.8669
2020-07-09 10:00:00,144.61,141.59,152.27,162.51,2020-07-09 15:54:00,stop,451,0,-1.0473841059602647,-0.021873314431920407,2.5364238410595927,0.3902008230692613,2,0.61772212685737,26.420102353934695,0.25934441316953816,0.3902008230692613,10.005693817453624,-0.14225765515378594,1.1662625985640698,0.14324121207838883,True,True,-0.14282914693386195,True,True,AVWAP,swing_high,limit,KSU,XLF,off,44.1,2020-07-08,21,-66.42510000000021
2020-07-14 10:00:00,239.33,230.31,260.61,271.07,2020-08-10 15:54:00,lrc_break,474,20,1.962493902439018,0.07396354406050207,2.3592017738359177,0.9169363259917807,2,1.0197389951638176,12.543905356252951,0.5307119638990107,0.9169363259917807,33.97563567990172,-0.10235803234683244,1.216754635149501,0.025120380684517673,True,True,0.2600123340961127,True,True,POC,52w_high,limit,VEEV,XLV,off,73.0,2020-07-13,98,1734.766109999996
2020-07-14 10:00:00,26.38,24.75,29.64,31.44,2020-07-14 15:54:00,lrc_break,274,1,-0.003920245398773271,-0.00024222896133436038,2.000000000000002,0.9199287183767545,2,1.1369301385208068,2.7330412192201847,0.7724434169842382,0.9199287183767545,28.9642479814604,0.09738582000275223,1.1208835295928257,-0.44418544477533467,True,True,0.5402914906377505,True,True,POC,52w_high,limit,CRWD,XLK,off,72.4,2020-07-13,721,-4.6071900000003065
2020-07-14 10:00:00,10.25,9.9,10.97,11.48,2020-08-21 15:54:00,lrc_break,482,29,2.512300000000004,0.08578585365853664,2.057142857142861,0.5862758556142074,2,0.8505528074282742,52.09486571183838,0.41059724532355135,0.5862758556142074,11.32878481322063,0.0650462745944401,1.054370146665265,-0.5068230309157403,True,True,-0.02634870536539602,True,True,POC,swing_high,limit,MAT,XLF,off,50.6,2020-07-10,1306,1148.3723300000008
2020-07-15 10:00:00,232.88,225.75,247.14,272.83,2020-08-11 15:54:00,lrc_break,475,20,-0.6060077138849939,-0.01855391188594986,2.0,0.848154598281273,3,0.892309102280982,-3.58336577833269,0.5939870348465103,0.848154598281273,26.759115342069368,0.04646244709894744,2.12638316563731,0.5286904347475837,True,True,0.16941320057767806,True,True,swing_low,swing_high,limit,ADSK,XLK,off,74.6,2020-07-14,81,-349.9876350000003
2020-07-21 10:00:00,12.34,11.84,13.34,14.17,2020-08-31 15:54:00,lrc_break,488,30,2.8738699999999984,0.11644529983792538,2.0,0.5193845011617252,2,0.8053413120206003,74.2611283285093,0.5826400178842234,0.5193845011617252,20.866750823633613,0.1437444442564231,0.8855023771534319,0.6102521481452565,True,True,0.33846370966827677,True,True,swing_low,swing_high,limit,HBI,XLF,off,59.0,2020-07-20,1373,1972.911754999999
2020-07-23 10:00:00,60.62,59.0,66.75,85.51,2020-07-28 15:54:00,stop,464,3,-1.0369197530864198,-0.027710491586934963,3.783950617283958,0.29023484177040515,3,0.7567301293768322,53.11531870996484,0.259971282332744,0.29023484177040515,11.286518321711547,0.0024960241366830853,1.4647904906757605,0.06775976546945993,True,True,-0.02568570431291539,True,True,VAH,swing_high,limit,LW,XLF,off,57.6,2020-07-22,3,-5.039429999999992
2020-07-29 10:00:00,185.95,179.47,201.33,207.35,2020-08-21 15:54:00,lrc_break,483,18,0.3939320987654341,0.013727776283947347,2.3734567901234644,0.8799037908457391,3,1.3812963807258707,72.37437195631956,0.36562415317220925,0.8799037908457391,30.093068035223002,0.10925518537610457,2.116780566815966,0.9077148459578671,True,True,0.0008776929080827056,True,True,VAH,52w_high,limit,ERIE,XLF,off,73.8,2020-07-28,1,2.552680000000009
2020-08-05 10:00:00,109.39,105.93,116.32,120.86,2020-08-10 15:54:00,stop,474,3,-1.0311156069364162,-0.03261413291891392,2.0028901734104063,0.7779360215891212,3,0.7567167939056954,51.07571962609434,0.35120802095376585,0.7779360215891212,12.696165176094054,0.21740529360881022,1.3816682985013367,0.7712981156369861,True,True,0.013062399507826061,True,True,POC,LRC_upper,limit,DXCM,XLV,off,66.2,2020-08-04,170,-606.5021999999989
2020-08-11 10:00:00,10.85,10.54,11.48,12.04,2020-09-03 15:54:00,trail,492,17,7.5654102788017985,0.21615457939433746,2.032258064516128,0.9144987795270796,3,0.8751341961168019,57.22006939406084,0.4575285996657413,0.9144987795270796,24.65127626349834,0.27734704360970597,1.6468586395301068,0.8945697381984636,True,True,0.16576597949110305,True,True,VAH,LRC_upper,limit,NVDA,XLK,off,73.7,2020-08-10,2304,5403.518637531405
2020-08-11 10:00:00,97.71,95.66,101.82,104.72,2020-08-20 15:54:00,stop,481,7,-1.0471634146341464,-0.021969962132842056,2.0048780487804905,0.40659035944123795,3,0.8421527472879224,45.484143501821364,0.11697244129284792,0.40659035944123795,12.437518963744989,0.2644511991672323,1.1968193233886932,0.5419081765320035,True,True,-0.03819505927006528,True,True,AVWAP,52w_high,limit,ABC,XLV,off,52.5,2020-08-10,255,-547.4046749999993
2020-08-11 10:00:00,27.98,27.31,29.33,30.35,2020-08-27 15:54:00,lrc_break,487,13,-0.13126865671641566,-0.00314331665475335,2.01492537313432,0.4188439415552753,3,1.1185072197194454,59.63668618990784,0.26669122411750806,0.4188439415552753,37.6063680698904,0.1309839097221346,1.1312982291866718,0.44010969069034067,True,True,-0.14360766820038218,True,True,VAL,52w_high,limit,PFE,XLV,off,48.5,2020-08-10,758,-66.66609999999903
2020-08-12 10:00:00,22.35,21.4,25.92,26.71,2020-08-20 15:54:00,stop,482,6,-1.1282368421052604,-0.0479563758389262,3.7578947368420943,0.6120713502604896,2,1.1911437915296623,71.87956797493982,0.2607682608180261,0.6120713502604896,14.42781877785394,0.09941613615215214,1.4438273383664655,-0.8704363923648449,True,True,0.21915682041711504,True,True,VAH,52w_high,limit,ON,XLK,off,71.7,2020-08-11,828,-887.4711000000005
2020-08-21 10:00:00,382.7,374.34,407.86,416.85,2020-09-03 15:54:00,trail,492,9,-0.5989790956733241,-0.013084570786070022,3.0095693779904287,0.9139108279911965,2,0.8881938601403041,8.709985687261995,0.46593105384027816,0.9139108279911965,38.443961306007246,0.008731180914843062,1.5163325172399138,-0.4971520505112978,True,True,0.134474842522895,True,True,VAL,52w_high,limit,IDXX,XLV,off,73.5,2020-08-20,65,-325.48524058888484
2020-08-21 10:00:00,33.03,31.7,35.69,38.46,2020-08-21 15:54:00,lrc_break,483,1,0.09540601503759129,0.0038416590977897844,1.9999999999999947,0.8867235803261393,2,1.225593506389774,-30.495854947495665,0.4864164552426027,0.8867235803261393,29.22238469529245,0.132340058150434,1.1600007120205589,-0.4246187089868874,True,True,0.1958200728135424,True,True,AVWAP,POC,limit,LRCX,XLK,off,68.7,2020-08-20,518,65.72901999999823
2020-08-24 10:00:00,259.76,254.07,271.15,282.86,2020-08-24 15:54:00,lrc_break,484,1,-0.560333040421794,-0.012274002925777667,2.0017574692442865,0.9158530633908312,3,0.7815383293390745,4.1277254515658495,0.47397947307158084,0.9158530633908312,28.165014798544682,0.1422713215816764,1.178060622708459,0.055014982482540505,True,True,0.176946140305136,True,True,VAL,swing_high,limit,MPWR,XLK,off,76.7,2020-08-21,97,-309.2646150000007
2020-08-24 10:00:00,157.26,154.91,161.97,165.59,2020-08-24 15:54:00,lrc_break,484,1,-0.5007446808510573,-0.007482830980541662,2.0042553191489443,0.8240409533204059,3,0.7339667193481151,-1.6957831873464397,0.37248480577929427,0.8240409533204059,30.881121872388643,0.10352433282238244,1.0668755709557365,0.0921098966054281,True,True,-0.04014555860762303,True,True,swing_low,swing_high,limit,IQV,XLV,off,66.9,2020-08-21,42,-49.42349999999924
2020-08-25 10:00:00,28.65,28.0,29.99,30.55,2020-08-25 15:54:00,stop,485,0,-1.0435769230769232,-0.02367626527050606,2.0615384615384658,0.8598150823362215,3,1.2282838702258894,55.794947995799696,0.49015628035617126,0.8598150823362215,45.42271607698309,0.18675095025514685,1.3783299473604336,0.6594935454170171,True,True,0.3245077178757092,True,True,VAH,LRC_upper,limit,GLW,XLK,off,80.3,2020-08-24,887,-601.6742749999987
2020-08-25 10:00:00,19.16,18.3,21.08,37.63,2020-09-09 15:54:00,trail,494,10,0.8375211974838614,0.037592287569734886,2.2325581395348832,0.7839621299734362,2,1.0444490509804771,24.588500361519934,0.5079414885511649,0.7839621299734362,26.523165999666688,-0.029409867490665396,1.2337203757189714,0.7778270468744045,True,True,0.023330366828096416,True,True,POC,swing_high,limit,DXC,XLF,off,67.9,2020-08-24,325,234.0871746967391
2020-08-26 10:00:00,83.01,80.83,87.37,89.71,2020-08-31 15:54:00,lrc_break,488,4,-0.5011490825688082,-0.013161125165642756,1.9999999999999936,0.9475018945760888,3,1.1472388572902366,44.74888883865684,0.6692770401907367,0.9475018945760888,62.65816644231289,0.3505757926484194,1.7718269638170163,0.8440881791549265,True,True,0.20936066843128764,True,True,POC,LRC_upper,limit,FBHS,XLF,off,80.2,2020-08-25,298,-325.5664900000015
2020-08-26 10:00:00,65.41,63.73,68.77,73.63,2020-08-27 15:54:00,stop,486,1,-3.2397142857142835,-0.08320929521479889,2.0,0.803794409172901,2,0.9558400975917181,5.031365166460439,0.5135424648657273,0.803794409172901,28.502318813611037,0.10621723459490454,1.4680617819540502,-0.4612020236840902,True,True,0.16396663099307518,True,True,swing_low,swing_high,limit,HOLX,XLV,off,65.3,2020-08-25,1,-5.442719999999995
2020-08-28 10:00:00,94.95,93.25,99.65,101.37,2020-09-04 15:54:00,trail,493,5,-0.7347368032861076,-0.013154845345828172,2.764705882352938,0.8589580488801404,3,0.9453758312450437,24.48883090515682,0.27470785837956946,0.8589580488801404,19.01556630068472,0.18363263777445588,1.9565215353339827,0.8838382795855076,True,True,0.002613025785385803,True,True,POC,LRC_upper,limit,A,XLV,off,73.6,2020-08-27,223,-278.53872212576385
2020-08-31 10:00:00,27.97,27.6,28.72,30.31,2020-09-03 15:54:00,stop,492,3,-1.075094594594595,-0.014221844833750356,2.027027027027041,0.9163467431868595,3,0.6648530751158589,16.988220454166818,0.5162884210158036,0.9163467431868595,44.00425804952512,0.18945362834853663,1.2078442003375254,0.71880802805167,True,True,0.2927716938487297,True,True,POC,52w_high,limit,GLW,XLK,off,76.5,2020-08-28,1,-0.39778499999999745
2020-09-01 10:00:00,135.51,132.69,141.16,152.98,2020-09-01 15:54:00,lrc_break,489,1,0.2071382978723405,0.004310604383440328,2.003546099290787,0.9437293537856349,3,0.9889849400947615,-11.983710857898638,0.7487452358759169,0.9437293537856349,61.32135843400763,0.14942523213203723,1.9485383355355945,0.340056711771711,True,True,0.27143353571224793,True,True,VAL,52w_high,limit,WHR,XLF,off,79.7,2020-08-31,188,109.81643999999979
2020-09-01 10:00:00,219.25,205.77,246.22,261.64,2020-09-03 15:54:00,stop,491,2,-1.0157648367952523,-0.06245158494868867,2.000741839762613,0.8858890787122539,2,1.3537737331659656,35.9245648258276,0.8316573270238421,0.8858890787122539,33.3524376234578,-0.008808105094878699,1.0765221348575926,0.6136732915535638,True,True,0.31217818550821463,True,True,swing_low,LRC_upper,limit,SEDG,XLK,off,71.0,2020-08-28,81,-1109.0933099999993
2020-09-01 10:00:00,8.98,8.73,9.49,12.1,2020-09-21 15:54:00,stop,502,13,-1.03542,-0.028825723830734964,2.039999999999999,0.6479810226472562,3,0.9212383150734863,45.16341211460884,0.2981768005955463,0.6479810226472562,35.88801143269097,0.05460383174078643,1.0167930072371596,0.9255965007556315,True,True,-0.021939362951072128,True,True,VAL,swing_high,limit,LUMN,XLF,off,60.2,2020-08-31,12,-3.10626
2020-09-02 10:00:00,83.7,82.2,89.43,90.85,2020-09-03 15:54:00,stop,491,1,-1.0553000000000001,-0.018912186379928315,3.8200000000000025,0.966866980479239,3,0.8161291065858666,6.442386223536911,0.6727674265525926,0.966866980479239,61.907668794066275,0.19174539562002904,1.9619924636315418,0.8175679577592,True,True,0.26853557292079766,True,True,POC,LRC_upper,limit,FBHS,XLF,off,89.0,2020-09-01,305,-482.79975
2020-09-04 10:00:00,14.15,13.81,15.11,16.44,2020-09-04 15:54:00,stop,492,0,-1.0411176470588235,-0.02501625441696112,2.8235294117647043,0.8597120508463478,3,0.7265690169333243,17.699140428652914,0.71943608882135,0.8597120508463478,41.40764759951137,0.02097261160774879,1.1845709488593272,0.6325003418972616,True,True,0.24092917617542575,True,True,swing_low,swing_high,limit,HBI,XLF,off,76.1,2020-09-02,1768,-625.8366399999998
2020-09-04 10:00:00,41.3,40.4,43.1,46.62,2020-09-11 15:54:00,stop,497,4,-1.045388888888889,-0.022780871670702148,2.000000000000008,0.8485379918034563,3,1.0368069060985496,53.49830509783059,0.34387042451209787,0.8485379918034563,24.554477902042514,0.2542087505779584,1.1671090283571184,0.6842142035911264,True,True,0.04839682693227232,True,True,VAH,LRC_upper,limit,BSX,XLV,off,70.3,2020-09-03,605,-569.2142499999991
2020-09-04 10:00:00,271.7,261.04,293.03,313.16,2020-09-04 15:54:00,stop,493,0,-1.024987804878049,-0.04021483253588505,2.0009380863039445,0.737717985757422,3,1.005792313972614,58.37016022824908,0.2968373864049056,0.737717985757422,24.02220272494061,0.008350972504545485,1.7210751555876278,0.8910564935255251,True,True,0.3603500715486301,True,True,POC,LRC_upper,limit,VEEV,XLV,off,69.3,2020-09-03,92,-1005.226039999997
2020-09-04 10:00:00,209.4,200.49,227.22,241.52,2020-09-08 15:54:00,stop,494,1,-1.0230016835016835,-0.04352886819484239,2.0,0.5461424273057167,3,1.422517616241632,52.38434803648775,0.23159940202713927,0.5461424273057167,27.22799378088181,0.22437397901471048,1.2231071248232004,0.7211217464304909,True,True,0.1518179000663913,True,True,AVWAP,LRC_upper,limit,SNPS,XLK,off,62.8,2020-09-03,103,-938.8393349999997
2020-09-04 10:00:00,47.7,46.53,50.04,51.83,2020-09-04 15:54:00,stop,493,0,-1.0402692307692307,-0.025516037735849092,1.999999999999994,0.13193449247755853,3,0.7911977608449391,65.46428394129585,0.08742791915296977,0.13193449247755853,24.693511435498202,0.18466420406432796,1.0797680753489192,0.8274182277758357,True,True,-0.024269950555942166,True,True,AVWAP,swing_high,limit,MCHP,XLK,off,44.1,2020-09-03,3,-3.6513450000000054
2020-09-08 10:00:00,29.09,28.08,31.47,34.91,2020-09-08 15:54:00,lrc_break,493,1,-0.6126683168316821,-0.021271742866964587,2.356435643564352,0.9480592769342227,3,0.7619802441584562,0.5645680249407491,1.2002014736823041,0.9480592769342227,64.05357814126064,0.01225622055250443,1.779603906552225,0.8167524445989751,True,True,0.5705990746614751,True,True,swing_low,52w_high,limit,LB,XLF,off,77.5,2020-09-04,845,-522.8817749999998
2020-09-08 10:00:00,236.67,229.8,259.61,274.9,2020-09-08 15:54:00,lrc_break,494,1,-0.8026244541484745,-0.02329839016351883,3.3391557496361144,0.834041151375985,3,1.084878944857743,33.69277118248926,0.479400268608151,0.834041151375985,47.69530995740961,0.2977148742901439,1.6985049149171954,0.9013794306051034,True,True,0.24839571173309638,True,True,POC,52w_high,limit,ISRG,XLV,off,73.6,2020-09-04,103,-567.9450900000002
2020-09-08 10:00:00,401.17,394.55,415.28,434.57,2020-09-08 15:54:00,stop,494,0,-1.0600996978851962,-0.017493481566418237,2.1314199395770315,0.7881769039792106,3,0.6121066865880377,-18.758246977129943,0.29678872830392783,0.7881769039792106,21.685231909449318,0.20478825105910828,1.436782194390207,0.9311126782427781,True,True,0.17998408337225968,True,True,AVWAP,swing_high,limit,TMO,XLV,off,73.2,2020-09-04,51,-357.9108600000002
2020-09-09 10:00:00,325.99,311.85,354.84,361.72,2020-09-10 15:54:00,lrc_break,496,2,-0.331245403111741,-0.014367956072272196,2.0403111739745396,0.8450996146979257,3,1.709449992843928,-20.412348629380674,0.36459416986867016,0.8450996146979257,40.87823743139689,0.09250543030382574,1.4015928393181367,0.6274127769252474,True,True,0.0697026059011856,True,True,VAL,52w_high,limit,MA,XLF,off,80.5,2020-09-08,73,-341.918130000001
2020-09-09 10:00:00,268.36,253.59,297.91,309.93,2020-09-17 15:54:00,stop,500,6,-1.0575951252538933,-0.058207929646743234,2.0006770480704126,0.7710538046557343,3,1.4036980083282675,9.088970687262316,0.45376062994129374,0.7710538046557343,39.8288158766452,0.023172373668597982,1.9902271877988962,0.8554729680205284,True,True,0.1460136328640116,True,True,POC,swing_high,limit,FB,XLK,off,76.2,2020-09-08,81,-1265.2750800000013
2020-09-09 10:00:00,266.61,253.32,293.2,303.4,2020-10-30 15:54:00,trail,532,37,0.49699622543300265,0.024774313926726736,2.0007524454477,0.6747730435800701,3,1.1370353588469624,1.4225929950029776,0.2701361022314109,0.6747730435800701,20.72999240565677,0.053426086615515504,1.6146615992145281,0.912342370746169,True,True,0.2447590691484023,True,True,swing_low,LRC_upper,limit,VEEV,XLV,off,76.2,2020-09-08,90,594.4571852404155
2020-09-09 10:00:00,310.91,299.76,342.35,350.07,2020-09-11 15:54:00,stop,497,2,-1.0273843049327354,-0.03684453700427787,2.819730941704027,0.5995867079110141,3,1.2487327439616946,19.83283957116532,0.2876370141733979,0.5995867079110141,31.476427116507683,0.09221840057709044,1.6735844414917767,0.9343398903111402,True,True,0.11304707510058543,True,True,AVWAP,LRC_upper,limit,INTU,XLK,off,74.7,2020-09-08,61,-698.7754350000022
2020-09-09 10:00:00,79.98,75.29,91.37,95.59,2020-10-28 15:54:00,trail,530,35,0.7078320493951008,0.04150703065345113,2.4285714285714297,0.7800778304116943,3,2.091077968970203,67.85804670534004,0.22840098452935292,0.7800778304116943,17.645564499330977,0.05609553584665436,1.3110830753450609,0.8013698594175003,True,True,0.0586516544670328,True,True,POC,52w_high,limit,COO,XLV,off,73.6,2020-09-08,1,3.3197323116630213
2020-09-10 10:00:00,28.69,27.56,30.95,31.89,2020-09-10 15:54:00,stop,496,0,-1.0248893805309733,-0.04036685256186833,1.9999999999999938,0.8537992599712542,3,1.4731680246078953,22.490511503358317,0.4501369115684847,0.8537992599712542,34.78067529365861,0.0926031089082414,1.6791097287795045,0.26098165901434867,True,True,0.16436319843241898,True,True,POC,LRC_upper,limit,GLW,XLK,off,79.0,2020-09-09,226,-261.73625000000055
2020-09-11 10:00:00,19.56,18.81,21.08,22.62,2020-09-11 15:54:00,lrc_break,496,1,-0.039406666666664016,-0.0015109918200407982,2.026666666666666,0.842030081873488,3,0.7984984090042665,-4.492696017730609,0.5502106243320666,0.842030081873488,26.470883723924675,0.040201022172395275,1.3802871270955879,0.5862469236057593,True,True,0.21916722214891937,True,True,VAL,swing_high,limit,DXC,XLF,off,77.5,2020-09-10,1214,-35.879769999997585
2020-09-11 10:00:00,99.81,95.63,109.09,114.82,2020-09-18 15:54:00,lrc_break,502,6,-0.59058014354067,-0.02473324316200786,2.220095693779901,0.8129443973621551,2,1.212030948656229,4.9151552267706204,0.5650151851018567,0.8129443973621551,34.19541347148618,-0.03500271916501815,1.2770949011549304,0.5188090893476215,True,True,0.2373078811944902,True,True,AVWAP,52w_high,limit,QCOM,XLK,off,74.0,2020-09-10,59,-145.64887500000026
2020-09-14 10:00:00,117.17,113.12,125.69,128.09,2020-09-23 15:54:00,lrc_break,505,8,-0.6878604938271614,-0.023776009217376475,2.103703703703704,0.7135654071073088,3,1.4073265394776255,-4.697892933858263,0.22253138737090686,0.7135654071073088,25.12370723208524,0.02173443483525534,1.3774536334816623,0.27795115958021455,True,True,0.038732907700003816,True,True,AVWAP,swing_high,limit,TXN,XLK,off,75.4,2020-09-11,200,-557.1670000000004
2020-09-15 10:00:00,176.98,172.35,187.52,191.55,2020-09-21 15:54:00,stop,503,4,-1.0377246220302376,-0.027148067578257405,2.276457883369337,0.5870176317287766,3,1.1619458090641404,37.92007407259592,0.20752274718874855,0.5870176317287766,21.42491319479909,0.14512231478617998,1.9336432164270434,0.521223082334318,True,True,0.1289967100375773,True,True,swing_low,LRC_upper,limit,DHR,XLV,off,70.3,2020-09-14,133,-639.0204449999994
2020-09-15 10:00:00,329.92,317.46,354.84,364.54,2020-09-21 15:54:00,stop,503,4,-1.0259783306581058,-0.038747847963142686,1.999999999999991,0.7688269758816288,2,1.408126994193267,12.595126477277335,0.33230145753340584,0.7688269758816288,32.27925779261268,0.14235775317088545,1.2110998233144425,-0.14512078907285983,True,True,0.06163420202571035,True,True,POC,52w_high,limit,MA,XLF,off,66.9,2020-09-14,59,-754.237710000002
2020-09-18 10:00:00,27.22,26.63,28.4,30.42,2020-09-18 15:54:00,lrc_break,501,1,-0.5035338983050842,-0.010914217487141793,2.0,0.8030537180787971,3,0.696465738321709,5.948592300186728,0.3832472258692271,0.8030537180787971,33.15477129826868,0.0316057736190515,1.2957817905501678,0.318175956448836,True,True,0.1405137835325032,True,True,swing_low,swing_high,limit,LKQ,XLF,off,71.2,2020-09-17,752,-223.40791999999968
2020-09-21 10:00:00,29.1,28.26,31.47,36.55,2020-09-21 15:54:00,stop,502,0,-1.0341428571428573,-0.02985154639175257,2.821428571428569,0.8045477714263347,2,0.6719537069304969,17.585151214724878,0.8982678279721799,0.8045477714263347,51.33245648734758,0.03405431622563605,1.572216365251709,-0.8550757292719825,True,True,0.9590562318855558,True,True,VAL,swing_high,limit,LB,XLF,off,67.0,2020-09-18,797,-692.33796
2020-09-22 10:00:00,217.88,212.39,228.86,237.35,2020-09-23 15:54:00,stop,505,1,-1.0391867030965392,-0.02618475766476964,2.0,0.5915956561801717,3,0.8331281141169398,29.085449029887567,0.2552607313771102,0.5915956561801717,21.351403246471023,0.10132466575455079,1.2317435554212288,0.3453739266481687,True,True,0.19921427192262797,True,True,VAL,52w_high,limit,CRL,XLV,off,70.1,2020-09-21,105,-599.039175000001
2020-09-22 10:00:00,214.06,209.62,224.51,228.74,2020-09-23 15:54:00,lrc_break,505,2,-0.7663209459459458,-0.01589491264131551,2.3536036036036023,0.7727139329797532,2,0.912870700498333,-10.248452034809267,0.1887680505505512,0.7727139329797532,29.995056233325343,0.0455796995437015,1.26756261779564,-0.46670817485887134,True,True,0.11580474978323196,True,True,swing_low,swing_high,limit,ACN,XLK,off,67.8,2020-09-21,107,-364.06375499999973
2020-09-22 10:00:00,98.22,95.4,103.87,109.09,2020-11-16 15:54:00,time,543,40,11.661446808510668,0.3348124618204032,2.003546099290787,0.6891342308118495,2,0.8114496813448396,7.434615178212672,0.47676452211193765,0.6891342308118495,23.9635498282917,-0.05696445044712351,1.3496528570681572,0.34757325350422835,True,True,0.21562645600004982,True,True,swing_low,swing_high,limit,QCOM,XLK,off,65.5,2020-09-21,216,7103.22048
2020-09-22 10:00:00,11.72,11.16,14.83,15.27,2020-09-22 15:54:00,stop,503,0,-1.0204285714285715,-0.048757679180887414,5.553571428571423,0.06619003506712522,3,1.2827621229966608,69.56534531965073,0.05284122975359071,0.06619003506712522,14.092050466925983,0.12229005582495499,1.109676789738988,0.7949854611714479,True,True,0.11254420812934751,True,True,AVWAP,52w_high,limit,MAT,XLF,off,58.7,2020-09-21,3,-1.7143200000000014
2020-09-23 10:00:00,32.97,32.26,34.39,36.0,2020-09-23 15:54:00,lrc_break,504,1,-0.10274647887323812,-0.002212617531088843,2.0,0.8408200938626685,2,0.6392551821509916,-6.674567786887886,0.38191857869697166,0.8408200938626685,26.94448268854243,-0.005430778253238477,1.4948291178175939,0.5253892964182061,True,True,0.14214976756897046,True,True,swing_low,swing_high,limit,LEG,XLF,off,66.8,2020-09-22,1,-0.07294999999999915
2020-09-24 10:00:00,29.86,28.37,33.68,35.69,2020-10-28 15:54:00,lrc_break,529,25,2.3613187919463092,0.11782870060281303,2.5637583892617477,0.5915558362913206,3,1.0098128409291813,29.76176714243023,0.3660370534656261,0.5915558362913206,31.8950660694145,0.05045893892695884,1.1865331524065277,0.6824287206664938,True,True,0.1980816496220721,True,True,VAL,LRC_upper,limit,WRK,XLF,off,72.3,2020-09-23,758,2666.9206699999977
2020-09-24 10:00:00,29.24,28.24,31.47,36.36,2020-09-24 15:54:00,stop,505,0,-1.02874,-0.03518262653898769,2.2300000000000004,0.7518916550827962,2,0.7660783204194098,19.21793270622149,0.7767792943402964,0.7518916550827962,47.66553502007962,0.0017228505457508097,1.3988376937675884,-0.8996901271626777,True,True,1.0621265708906202,True,True,VAL,swing_high,limit,LB,XLF,off,65.7,2020-09-23,774,-796.24476
2020-09-24 10:00:00,87.86,86.69,91.99,96.02,2020-09-24 15:54:00,stop,506,0,-1.074594017094017,-0.014309981789210127,3.529914529914521,0.8161499991729156,2,0.5711272114194021,-0.7807941824666678,0.25124166800551456,0.8161499991729156,28.144304537458392,0.03703357377128072,1.23133665177642,-0.2805004671688615,True,True,0.08422294452717605,True,True,AVWAP,POC,limit,MDT,XLV,off,61.6,2020-09-22,255,-320.60512500000044
2020-09-24 10:00:00,28.66,27.39,31.2,32.89,2020-10-28 15:54:00,lrc_break,529,25,2.779181102362205,0.12315282623866011,2.0,0.5195731040531014,3,0.9657870908333916,39.75759139952434,0.3965989722704907,0.5195731040531014,37.28234517887238,0.1201308775865302,1.441129264352896,0.6426062692093438,True,True,0.09243773458575366,True,True,VAL,swing_high,limit,FL,XLF,off,60.5,2020-09-23,2,7.059119999999997
2020-09-25 10:00:00,95.05,91.8,104.67,114.93,2020-09-25 15:54:00,lrc_break,506,1,0.44128769230769266,0.015088742766964768,2.9600000000000013,0.8587852638587672,3,1.182071761207549,-11.777696276657107,0.34840575762564213,0.8587852638587672,30.90766219789831,0.16304484870095826,1.0341374383887274,0.5170270244681039,True,True,0.2029370951626528,True,True,AVWAP,swing_high,limit,CE,XLF,off,78.6,2020-09-24,236,338.4676600000003
2020-09-25 10:00:00,31.22,30.45,32.76,33.64,2020-10-26 15:54:00,lrc_break,528,22,1.309428571428571,0.032295323510570115,2.0,0.871203814696551,3,0.8384182247418921,7.205441476214526,0.3447058925560801,0.871203814696551,32.598578655446445,0.008997622350050007,1.4509078096302848,0.5149385038554244,True,True,0.11081030867561803,True,True,swing_low,swing_high,limit,AVGO,XLK,off,73.9,2020-09-24,688,693.6828799999994
2020-09-28 10:00:00,62.04,58.48,69.18,72.93,2020-09-29 15:54:00,stop,508,1,-1.0169269662921347,-0.05835364281108966,2.005617977528091,0.7493534184224592,3,1.181753119843789,10.325826045651269,0.645388657027975,0.7493534184224592,32.172753824131796,0.03320799103021614,1.2992578461377733,0.2552272588148577,True,True,0.275307240161657,True,True,VAL,swing_high,limit,PVH,XLF,off,80.0,2020-09-25,325,-1176.5845000000006
2020-09-28 10:00:00,12.97,12.29,14.48,14.99,2020-10-30 15:54:00,stop,532,24,-1.0185735294117646,-0.05340246723207413,2.2205882352941124,0.6586013753072694,2,1.0703329364812755,31.32586584724247,0.4440579462784441,0.6586013753072694,19.407211972216007,0.03967083877433997,1.409330341995436,-0.5366315818015188,True,True,0.30212020328407707,True,True,POC,LRC_upper,limit,NVDA,XLK,off,70.5,2020-09-25,202,-139.91126000000028
2020-09-30 10:00:00,79.72,78.0,83.18,85.24,2020-10-20 15:54:00,trail,524,14,0.6763956628690082,0.014593584296722195,2.01162790697675,0.6915750322670167,2,0.9669698125078878,25.885614533122503,0.15963246739177528,0.6915750322670167,28.798547254468982,-0.04376605381566602,1.4542055797976405,0.6694339813189876,True,True,0.11449167664959337,True,True,AVWAP,52w_high,limit,PGR,XLF,off,61.5,2020-09-29,238,276.8893285520571
2020-10-21 10:00:00,60.03,58.12,63.86,67.79,2020-10-28 15:54:00,stop,529,5,-1.0309293193717277,-0.03280151590871237,2.005235602094236,0.778347248278431,2,0.9408226120084359,-1.0849605300864977,0.40228125735646336,0.778347248278431,23.826081734603076,-0.08708190827292059,1.233999850568755,0.22724273892341068,True,True,0.15086291106551908,True,True,AVWAP,swing_high,limit,VFC,XLF,off,69.0,2020-10-20,320,-630.1040000000012
2020-10-27 10:00:00,99.69,93.9,111.27,118.94,2020-10-30 15:54:00,stop,531,3,-1.016717616580311,-0.05905100812518801,2.0000000000000027,0.6466747298838891,3,0.7970714336243715,42.82523110677499,0.8550999167378192,0.6466747298838891,33.15578120882421,0.23239937593908477,2.1621426898994582,0.9491603348687941,True,True,0.6961844414174696,True,True,VAL,swing_high,limit,ENPH,XLK,off,67.3,2020-10-26,210,-1236.2269499999984
2020-10-29 10:00:00,10.24,9.72,11.29,11.96,2020-12-24 15:54:00,time,570,40,7.169019230769237,0.36405175781250004,2.0192307692307687,0.7850219046508428,2,1.2871722864018977,28.702094050878447,0.6336265653794187,0.7850219046508428,35.07979588540396,-0.11590663949395842,1.514710741246385,0.873627213643155,True,True,0.32546472763369594,True,True,VAL,swing_high,limit,IVZ,XLF,off,66.0,2020-10-28,2277,8488.40553
2020-10-29 10:00:00,557.55,540.0,592.66,612.12,2020-11-09 15:54:00,trail,537,7,2.1789115138470003,0.06858559244554706,2.0005698005698065,0.6615810414456316,3,1.1182345732082835,39.741710659812476,0.2788554922096849,0.6615810414456316,26.94856861399066,0.19416900009337912,2.0038436477837873,0.860127539671612,True,True,0.035011796975547904,True,True,swing_low,52w_high,limit,BIO,XLV,off,65.1,2020-10-28,39,1491.3559856525756
2020-10-29 10:00:00,101.26,99.34,106.6,109.82,2020-12-24 15:54:00,time,569,40,9.062492187499988,0.1718347323721113,2.781249999999992,0.7427679663890435,2,0.6468110900186178,-3.5495976603171213,0.30430887258954353,0.7427679663890435,17.632716200183282,-0.02369049668145487,1.0576058431148052,0.030006313726840057,True,True,0.1381618730104801,True,True,AVWAP,POC,limit,CE,XLF,off,64.8,2020-10-28,2,34.79996999999998
2020-10-29 10:00:00,34.64,33.64,36.64,38.01,2020-12-24 15:54:00,time,570,40,6.1622600000000025,0.17789434180138575,2.0,0.698958911536082,2,1.0292177650208907,8.458356501473546,0.26150041430835486,0.698958911536082,28.14061303121845,-0.03986580961345594,1.468737416516054,0.6038771366583909,True,True,0.05658356729375402,True,True,AVWAP,POC,limit,ARES,XLF,off,60.5,2020-10-28,1,6.162260000000003
2020-11-02 10:00:00,84.01,80.34,91.36,97.21,2020-11-02 15:54:00,lrc_break,532,1,-0.0011035422343328928,-4.820854660161551e-05,2.0027247956403245,0.7319546644136954,3,1.1569207413330769,11.919297700065275,0.3926599414090641,0.7319546644136954,17.89503484532192,0.03252113512375272,1.5440852837218708,0.4243328862798581,True,True,0.04008578665295692,True,True,AVWAP,swing_high,limit,CDAY,XLK,off,64.2,2020-10-30,278,-1.1259000000004775
2020-11-02 10:00:00,124.42,120.69,131.88,135.15,2020-12-29 15:54:00,time,572,40,4.749773458445038,0.14239394791834117,1.9999999999999962,0.49684491500950106,2,0.911821887556883,49.78975565296234,0.2189308822965981,0.49684491500950106,19.116073024684276,-0.06950328077826745,1.2077862094272571,0.2438645386993728,True,True,0.13835806176433008,True,True,swing_low,LRC_upper,limit,NXPI,XLK,off,60.0,2020-10-29,187,3313.014485000002
2020-11-03 10:00:00,100.5565,95.91,111.27,118.94,2020-11-04 15:54:00,stop,534,1,-1.0211413429463037,-0.047184749369757334,2.3057139782632063,0.695648394884424,3,0.6260533496188394,31.899809648480538,0.8744585904339347,0.695648394884424,25.00585242347655,0.14401104152663632,1.958872024213023,0.8947828236179184,True,True,0.46771219092690686,True,True,VAL,swing_high,limit,ENPH,XLK,off,69.4,2020-11-02,233,-1105.5228472500007
2020-11-05 10:00:00,383.32,372.37,423.54,437.96,2020-11-05 15:54:00,stop,535,0,-1.034506392694064,-0.02955192789314408,3.6730593607306,0.7525046642788905,3,0.8006627047168046,56.97461039652122,0.6774928752692173,0.7525046642788905,26.226216989286325,0.1784928212972865,1.8023461995733097,0.8363399909235295,True,True,0.2700878881294153,True,True,VAH,LRC_upper,limit,PAYC,XLK,off,77.1,2020-11-04,58,-657.0150099999993
2020-11-06 10:00:00,533.52,519.38,561.81,584.11,2020-11-09 15:54:00,stop,537,1,-1.0372312588401698,-0.02748997225970908,2.0007072135785,0.7107087960620503,2,0.8119781273204204,68.58669579534677,0.4424811564393864,0.7107087960620503,35.478626431577474,-0.09680858447237894,1.5289573959207894,0.07792810395573352,True,True,0.07284594651699372,True,True,VAH,52w_high,limit,MKTX,XLV,off,58.3,2020-11-05,40,-586.6579999999994
2020-11-06 10:00:00,124.71,121.79,130.55,134.2,2020-11-19 15:54:00,stop,545,9,-1.0422089041095892,-0.024402614064629843,2.0000000000000147,0.5221271795468818,2,0.6805933248055417,66.7255950224515,0.22616460862818527,0.5221271795468818,20.758954832408197,0.027838742786602803,1.3407285607817625,-0.29104317735127877,True,True,0.13943684672666046,True,True,POC,LRC_upper,limit,ALXN,XLV,off,57.0,2020-11-05,3,-9.129749999999962
2020-11-10 10:00:00,389.47,374.6,430.6,450.2,2020-11-10 15:54:00,stop,538,0,-1.025691661062542,-0.039161000847305324,2.765971755211835,0.8022553557221579,3,0.8918451954958445,54.15679430440371,0.7087111898225086,0.8022553557221579,23.516344141183612,0.05714204076682948,1.7595031226866218,0.7402974095861319,True,True,0.2874596268363028,True,True,VAH,LRC_upper,limit,PAYC,XLK,off,76.0,2020-11-09,63,-960.8782050000003
2020-11-10 10:00:00,472.58,459.51,511.47,529.08,2020-11-10 15:54:00,stop,539,0,-1.0356576128538637,-0.028642864700156572,2.9755164498852382,0.825232681716959,2,0.8534684829587422,26.25340053512437,0.35914015653088815,0.825232681716959,33.365182156853486,-0.20418181154913378,1.4638499431850727,0.8926301578696422,True,True,0.08125571212641391,True,True,POC,LRC_upper,limit,TMO,XLV,off,65.9,2020-11-09,41,-554.9778449999997
2020-11-11 10:00:00,562.69,538.21,636.72,654.29,2020-11-19 15:54:00,lrc_break,545,7,0.45430821078431094,0.019764817217295384,3.024101307189539,0.8052668577770565,2,1.0727279463804162,-17.96371840166308,0.40124362774109107,0.8052668577770565,29.198541881992792,-0.0644408354502495,2.121199888724602,0.9290758498342394,True,True,0.009209077988731051,True,True,swing_low,LRC_upper,limit,BIO,XLV,off,70.3,2020-11-10,42,467.1015299999975
2020-11-11 10:00:00,101.16,91.8,120.48,128.62,2020-11-24 15:54:00,lrc_break,548,10,-0.7049049145299146,-0.06522251878212733,2.064102564102565,0.5964103462960788,2,2.135767540047207,70.12014568607626,0.31199721418286874,0.5964103462960788,26.243013831443996,-0.17090234131759646,2.4565508068248594,0.7649882864141869,True,True,0.03728235833464599,True,True,AVWAP,52w_high,limit,CTLT,XLV,off,59.6,2020-11-10,128,-844.53248
2020-11-17 10:00:00,115.0,111.18,125.6,129.28,2020-11-18 15:54:00,stop,545,1,-1.029604712041885,-0.03420078260869559,2.7748691099476472,0.6657220963462337,2,0.9499777989291533,26.294994302594144,0.3010013974119726,0.6657220963462337,13.889405793034138,-0.12406241576306702,1.0147709293545513,0.11438666781589975,True,True,-0.07440408161444867,True,True,POC,LRC_upper,limit,CDNS,XLK,off,59.0,2020-11-16,222,-873.1459799999984
2020-11-19 10:00:00,96.17,93.09,102.33,105.93,2020-12-02 15:54:00,stop,553,8,-1.030724025974026,-0.03301060621815533,2.0,0.8433366647538703,3,0.8409505629205215,47.205548642105384,0.4427428629494372,0.8433366647538703,12.110633248409513,0.06369836403543208,1.2601205612077173,0.6544624084909393,True,True,0.12025102333671511,True,True,POC,LRC_upper,limit,CDAY,XLK,off,73.2,2020-11-18,261,-828.5784299999996
2020-11-20 10:00:00,73.27,71.32,77.17,79.54,2021-01-20 15:54:00,time,586,40,6.974302564102557,0.18561334789136083,2.0,0.7655741608339985,3,0.878783404731027,58.6618306941592,0.44918356916499896,0.7655741608339985,28.484960264072477,0.025397473648976477,1.0908255479125704,0.6099969341457786,True,True,0.019896296971970262,True,True,swing_low,52w_high,limit,TECH,XLV,off,66.7,2020-11-19,345,4691.962050000002
2020-11-20 10:00:00,300.58,288.38,344.22,355.56,2021-01-20 15:54:00,time,586,40,6.561411885245912,0.2663158726462175,3.577049180327876,0.6569994011502315,2,0.9574432108209431,13.951652216958058,0.47735726387543553,0.6569994011502315,21.84180628694091,0.08750007543745854,1.6587624645652599,-0.0509842163586836,True,True,-0.003071251066922076,True,True,swing_low,swing_high,limit,MPWR,XLK,off,65.2,2020-11-19,24,1921.181400000001
2020-11-25 10:00:00,447.59,428.89,485.0,502.94,2020-11-25 15:54:00,lrc_break,550,1,-0.08326390374331326,-0.0034787081927656048,2.0005347593582914,0.8860951938507946,2,1.1506326298945146,-5.482020380744551,0.46801388066060523,0.8860951938507946,21.390049306894948,-0.0677663276643334,1.69184587434147,0.9253288744751964,True,True,-0.00701125890260379,True,True,VAL,52w_high,limit,IDXX,XLV,off,65.1,2020-11-24,27,-42.03994499999883
2020-11-27 10:00:00,145.52,141.45,153.67,158.31,2021-01-19 15:54:00,lrc_break,585,35,3.083078624078605,0.08622959043430448,2.0024570024569863,0.6883992401254725,2,0.8015556644847036,65.88289502511685,0.40156165200076327,0.6883992401254725,31.921093194924513,0.020209778767518453,0.9610177893743765,0.8013282028603622,True,True,-0.010777061002111399,True,True,POC,LRC_upper,limit,HCA,XLV,off,57.2,2020-11-25,84,1054.042919999999
2020-12-03 10:00:00,383.83,377.56,396.37,417.07,2020-12-18 15:54:00,stop,566,11,-1.0607169059011166,-0.01732718912018337,2.000000000000009,0.7519843093030751,3,0.6050700004896605,48.397703109528436,0.47232879848614046,0.7519843093030751,29.709887071939043,0.18421746519423815,1.3779015558976366,0.5256245259110198,True,True,0.04888780680225424,True,True,swing_low,swing_high,limit,TDY,XLK,off,66.7,2020-12-02,63,-418.99378499999887
2020-12-21 10:00:00,113.5,111.59,125.84,129.61,2021-02-02 15:54:00,trail,595,28,0.2022251308900527,0.0034030837004405284,6.460732984293207,0.805088481907807,2,0.7117442535347496,41.14036070846417,0.536107247582645,0.805088481907807,29.09202588393609,0.03786919379770249,1.1642805346320177,-0.5774822157109787,True,True,0.08116686646462212,True,True,VAH,LRC_upper,limit,DVA,XLV,off,68.5,2020-12-18,211,81.49875
2020-12-28 10:00:00,45.44,44.38,47.56,48.83,2020-12-28 15:54:00,lrc_break,571,1,-0.457754716981132,-0.010678257042253472,2.0000000000000133,0.8672177770867464,3,0.9249981707646203,6.3450086471330795,0.6821511554982884,0.8672177770867464,38.7205473782407,0.12480395557408588,1.1622282416066203,0.31602765841545194,True,True,0.1575565470816056,True,True,VAL,swing_high,limit,LRCX,XLK,off,77.4,2020-12-24,579,-280.94237999999865
2020-12-28 10:00:00,38.87,37.52,41.58,47.19,2021-02-17 15:54:00,lrc_break,604,35,1.7777111111111221,0.061741960380756494,2.0074074074074164,0.7758335124585785,2,0.7990311585383525,11.660877706352714,0.7155456728477919,0.7758335124585785,28.51276803568383,-0.2692180007985695,1.2584815944593926,0.11685650540953418,True,True,0.06461994596542553,True,True,swing_low,swing_high,limit,SLG,XLF,off,64.1,2020-12-24,148,355.1866800000007
2020-12-29 10:00:00,140.36,137.17,150.04,157.42,2021-01-04 15:54:00,stop,575,3,-1.0434999999999997,-0.023715909090909273,3.034482758620658,0.7464591031659585,3,1.1579614706100188,13.916332316818309,0.42543936665320625,0.7464591031659585,20.15037073967668,0.08422280837510358,1.3287625628414421,0.4021763868501477,True,True,0.05247092442128376,True,True,VAL,52w_high,limit,CB,XLF,off,76.9,2020-12-28,185,-615.8215250000048
2020-12-29 10:00:00,40.09,39.38,41.51,42.59,2020-12-31 15:54:00,stop,574,2,-1.0559647887323942,-0.018701297081566495,1.99999999999999,0.7857663960097251,3,0.9800914114092346,40.709716043068106,0.2991970229357832,0.7857663960097251,34.92382337026988,0.08135655623693146,1.5723008290627098,0.942003976241067,True,True,-0.025688262492978065,True,True,VAL,52w_high,limit,ARES,XLF,off,64.1,2020-12-28,1,-0.7497350000000008
2020-12-30 10:00:00,68.67,67.32,72.62,78.34,2021-01-25 15:54:00,trail,589,16,6.5511777722059445,0.12879117507613339,2.9259259259259096,0.8898914416409952,2,0.7003550231461169,11.205114808289206,0.7229083091924313,0.8898914416409952,45.74124708812441,9.696236815805065e-05,1.2072086616725146,-0.1688334056320635,True,True,0.13566198683552555,True,True,swing_low,swing_high,limit,MU,XLK,off,72.0,2020-12-24,379,3351.9101071491928
2021-01-04 10:00:00,52.49,51.03,56.84,58.77,2021-01-04 15:54:00,stop,394,0,-1.0354520547945205,-0.028800914459897138,2.97945205479452,0.8268995221816191,3,0.6075451009190097,60.77580305926319,0.9373820526219422,0.8268995221816191,41.47991943003451,0.3068504217287611,1.6428732204205858,0.854872262688197,True,True,0.19438336561731018,True,True,VAH,swing_high,limit,CRWD,XLK,off,77.1,2020-12-31,12,-18.14112000000001
2021-01-05 10:00:00,40.6,38.91,44.75,50.08,2021-01-05 15:54:00,lrc_break,575,1,0.2776005917159744,0.011555295566502415,2.4556213017751403,0.9304420717094731,2,0.9055296375561233,-19.43757597624211,1.0913782620232877,0.9304420717094731,62.01528452677957,-0.06458673171822224,1.9318727661771984,0.5311248312512615,True,True,0.7954092461358817,True,True,VAL,52w_high,limit,CPRI,XLF,off,75.5,2021-01-04,639,299.78365499999876
2021-01-06 10:00:00,78.59,76.72,87.86,90.23,2021-01-28 15:54:00,trail,592,15,3.5063671747105674,0.08343181851010023,4.957219251336884,0.9215005823344989,2,0.6492165906951394,26.29069859842097,0.8617931367470426,0.9215005823344989,54.816788010979906,-0.09637413497218325,3.1227079330206005,0.9316510566612062,True,True,0.5209797895044952,True,True,VAH,LRC_upper,limit,COHR,XLK,off,79.9,2021-01-05,334,2190.0068099807313
2021-01-19 10:00:00,13.61,13.26,14.32,14.8,2021-01-22 15:54:00,stop,587,3,-1.0383857142857142,-0.02670352681851577,2.028571428571433,0.4613397937084536,2,0.8397911748721792,70.47749705608211,0.27156029859650543,0.4613397937084536,22.65809102508624,0.08153285295675444,0.6952411524650858,0.6405450174649057,True,True,0.12490503037249368,True,True,VAH,LRC_upper,limit,PBCT,XLF,off,55.5,2021-01-15,1,-0.3634349999999997
2021-01-20 10:00:00,42.65,40.58,46.79,51.39,2021-01-26 15:54:00,lrc_break,589,5,-0.11717391304347619,-0.005686987104337533,2.0,0.8653480291933985,3,1.0650077231148878,-4.671332709119666,0.7835291779713432,0.8653480291933985,54.360962236894885,0.13131375572859882,2.7950174616142465,0.8597339405832886,True,True,0.6143463153570343,True,True,VAL,52w_high,limit,CPRI,XLF,off,78.9,2021-01-19,311,-75.43304999999867
2021-01-21 10:00:00,70.75,69.13,74.0,76.29,2021-01-22 15:54:00,stop,588,1,-1.0431728395061726,-0.023886077738515962,2.006172839506167,0.9364086784973338,3,0.7510482515256749,44.464516199338036,0.4467674309752606,0.9364086784973338,39.72438086341165,0.5378726379019113,4.831772510821799,0.42303432828677934,True,True,0.09086670206781244,True,True,VAL,swing_high,limit,TRMB,XLK,off,73.2,2021-01-20,412,-696.2552800000019
2021-01-21 10:00:00,149.65,143.51,161.93,168.96,2021-01-27 15:54:00,stop,590,4,-1.1052654723127033,-0.045348012028065585,1.9999999999999953,0.6891770190728319,2,1.4584353151191598,37.72246718460985,0.3404453153751956,0.6891770190728319,27.242294208882306,0.04013126813438548,0.976422456066484,0.38422702380843415,True,True,-0.018264434807072516,True,True,VAL,52w_high,limit,PKI,XLV,off,56.9,2021-01-20,66,-447.897780000001
2021-01-25 10:00:00,49.99,48.89,56.12,58.52,2021-01-25 15:54:00,stop,589,0,-1.0449454545454544,-0.022993398679735974,5.572727272727262,0.845344510403586,2,0.670948809271132,-17.68599046016645,0.49812485016645863,0.845344510403586,42.7567490456931,-0.07941393271653763,1.5569537493501682,0.5725101826137976,True,True,0.15607287357087118,True,True,VAL,swing_high,limit,C,XLF,off,74.7,2021-01-22,571,-656.3302400000008
2021-01-26 10:00:00,248.49,241.27,270.79,277.23,2021-01-27 15:54:00,stop,591,1,-1.0339168975069253,-0.030040967443357876,3.0886426592797807,0.9000680837533499,3,1.0228193641290977,7.42013517660942,0.5975334832150828,0.9000680837533499,55.95695956001556,0.1709484202464419,1.6069162005410464,0.6749269821046214,True,True,0.12687669334395135,True,True,VAL,swing_high,limit,GS,XLF,off,82.7,2021-01-25,114,-850.99632
2021-01-26 10:00:00,41.47,40.98,42.7,43.38,2021-01-27 15:54:00,stop,591,1,-1.390102040816322,-0.016425126597540404,2.510204081632651,0.9534933039417299,3,0.5475071471129024,51.800239024000994,0.4071821396645081,0.9534933039417299,35.15122329557005,0.11270775567371455,1.875928814911438,0.9257633672766838,True,True,0.021219186502251297,True,True,VAH,LRC_upper,limit,AVGO,XLK,off,72.6,2021-01-25,687,-467.9500500000004
2021-01-26 10:00:00,30.44,29.58,33.13,33.91,2021-01-27 15:54:00,stop,591,1,-1.0348953488372092,-0.02923817345597907,3.1279069767441765,0.8723882795861494,2,0.9645136707003102,27.0512831937338,0.5503148365026922,0.8723882795861494,33.04845161509975,-0.03955899637015447,1.9692245582163679,0.009132466748750881,True,True,-0.03654986310105557,True,True,POC,LRC_upper,limit,FTNT,XLK,off,68.9,2021-01-25,15,-13.350150000000045
2021-01-27 10:00:00,7.202,6.78,8.94,12.11,2021-02-09 15:54:00,stop,599,9,-1.0165663507109006,-0.05956553735073587,4.118483412322276,0.7176342327265747,3,1.021895348913945,13.37283790806997,0.6476249114505532,0.7176342327265747,40.962715863613916,0.006011295646069925,1.1800401345808762,0.5855146122595175,True,True,0.3573087094905121,True,True,AVWAP,swing_high,limit,FTI,XLF,off,77.4,2021-01-26,1831,-785.4825209999995
2021-01-28 10:00:00,7.2,6.64,8.32,11.47,2021-01-29 15:54:00,lrc_break,592,2,-0.691089285714285,-0.053751388888888876,1.9999999999999984,0.767520810085229,3,1.220480877433514,8.924485011576492,0.6570408264335258,0.767520810085229,32.684929998028764,0.09806314503302264,1.4014924112096938,0.6605953875607814,True,True,0.5089655779925926,True,True,swing_low,swing_high,limit,MRO,XLF,off,77.8,2021-01-27,2502,-968.2990199999998
2021-01-28 10:00:00,60.22,57.71,65.25,68.25,2021-02-02 15:54:00,stop,595,3,-1.02349203187251,-0.04265966456326799,2.003984063745022,0.8071067744893277,3,1.617562233387051,45.78699787361879,0.4862980982217401,0.8071067744893277,32.450095020801015,0.04170681257547709,2.9788275683881906,0.7930250175443795,True,True,0.2698869996420403,True,True,VAH,LRC_upper,limit,NTAP,XLK,off,74.9,2021-01-27,465,-1194.5687249999992
2021-01-28 10:00:00,231.29,221.85,252.0,262.55,2021-01-28 15:54:00,lrc_break,591,1,-0.4067251059322019,-0.01660030697392877,2.193855932203391,0.842084355040766,2,1.1051046942766476,-12.13147595842308,0.42883295408215705,0.842084355040766,38.46697683917147,-0.038545156045218396,1.0412699060616086,0.41965909534468687,True,True,-0.031705838283963894,True,True,AVWAP,swing_high,limit,IPGP,XLK,off,64.9,2021-01-27,83,-318.67725499999875
2021-01-28 10:00:00,52.46,51.19,55.02,67.6,2021-02-22 15:54:00,trail,608,16,-0.6196932418017277,-0.015002104786278996,2.01574803149606,0.35477530521636935,3,1.0092934800506785,67.35880197944284,0.19005086385611014,0.35477530521636935,43.83703972346979,0.1406475563038622,1.0599246628200432,0.8207908379393827,True,True,-0.09210421911131572,True,True,swing_low,swing_high,limit,GILD,XLV,off,48.5,2021-01-27,3,-2.3610312512645883
2021-01-29 10:00:00,201.17,197.23,209.44,213.56,2021-01-29 15:54:00,stop,593,0,-1.0505583756345178,-0.02057563254958492,2.098984771573608,0.9001000028476805,3,0.7209678526459063,54.640157336685455,0.4626172348455462,0.9001000028476805,41.4111443224981,0.1341929061838855,2.4381412640398943,0.9632092083484394,True,True,0.18764902044575482,True,True,POC,LRC_upper,limit,FFIV,XLK,off,78.9,2021-01-28,137,-567.0703999999997
2021-01-29 10:00:00,76.18,73.24,82.07,86.01,2021-03-04 15:54:00,trail,616,23,2.188173558310462,0.08444775874813315,2.003401360544205,0.8355596124789729,2,0.9085914361622619,7.9570563412485456,0.5025312310761704,0.8355596124789729,48.54096082180287,-0.08476317763118225,1.0929368699930435,0.23311181450021234,True,True,0.21248015645750384,True,True,VAL,swing_high,limit,MU,XLK,off,70.0,2021-01-28,259,1666.2066377110912
2021-02-01 10:00:00,12.52,10.3,18.24,20.24,2021-03-23 15:54:00,trail,628,35,0.279301439210637,0.049524696090065004,2.5765765765765773,0.6725277243383985,2,1.7402145245242502,71.84629278693961,0.702439174349502,0.6725277243383985,47.40130033536804,-0.21849400988471113,1.909573759153161,0.8451037092306619,True,True,0.9487333622350236,True,True,POC,52w_high,limit,M,XLF,off,69.6,2021-01-29,613,380.0901565641873
2021-02-01 10:00:00,21.64,20.85,23.45,24.63,2021-02-17 15:54:00,lrc_break,604,12,-0.30573417721518875,-0.011161275415896435,2.2911392405063298,0.7707234819277312,3,1.0634939667011594,24.07962470423405,0.3453576211768793,0.7707234819277312,38.21332653290652,0.1710287955765729,1.477543126822607,0.9366048453122066,True,True,-0.047221397443376834,True,True,POC,LRC_upper,limit,JNPR,XLK,off,68.0,2021-01-29,1258,-303.8447399999986
2021-02-03 10:00:00,88.32,84.74,96.22,99.3,2021-02-18 15:54:00,trail,606,10,0.04081398849509414,0.0016543713633654549,2.206703910614528,0.892076622797127,2,0.9741100199467563,13.850571665262834,0.6221373359596594,0.892076622797127,44.056474942885146,-0.048279540010233365,2.2547820954249267,0.31576950226095574,True,True,0.49176124660852616,True,True,VAL,52w_high,limit,COHR,XLK,off,75.3,2021-02-02,304,44.41867995898083
2021-02-03 10:00:00,114.56,109.6,124.48,132.61,2021-02-22 15:54:00,lrc_break,607,13,-0.07145967741935655,-0.003093924581005666,1.9999999999999971,0.7765783640854783,3,1.341029114319303,47.82042541709277,0.440089347255357,0.7765783640854783,28.491209095435092,0.1386843623805549,1.2733673661083107,0.35501999312783467,True,True,0.03602894204681606,True,True,VAL,52w_high,limit,CTLT,XLV,off,65.3,2021-02-02,234,-82.93896000000213
2021-02-10 10:00:00,23.05,22.39,24.56,25.08,2021-02-25 15:54:00,stop,610,10,-1.0344242424242425,-0.02961908893709328,2.2878787878787845,0.8989075462939917,3,0.9815033004931787,33.95370909362132,0.5539456300041533,0.8989075462939917,49.346877986785344,0.10704606468750229,1.6870620737341817,0.5463490306231075,True,True,0.31969574338862317,True,True,VAH,LRC_upper,limit,NLSN,XLF,off,83.9,2021-02-09,813,-555.0513600000002
2021-02-18 10:00:00,125.13,121.94,131.52,136.14,2021-03-23 15:54:00,trail,629,23,1.504457072643299,0.038353856483114526,2.0031347962382506,0.7307839434285482,3,1.284014211934353,66.67351591927877,0.3424958460797641,0.7307839434285482,33.856378509154744,0.045831640510310676,1.138659264810084,0.3115433700267254,True,True,-0.06375133369827779,True,True,VAH,LRC_upper,limit,JPM,XLF,off,61.0,2021-02-17,218,1046.2295374576024
2021-02-18 10:00:00,112.88,110.76,117.14,120.97,2021-02-19 15:54:00,stop,607,1,-1.0527452830188682,-0.019771615875265682,2.0094339622641626,0.8501364090328734,3,0.9382699992983061,74.27176067740287,0.3643990020844382,0.8501364090328734,38.473906428635225,0.08063324404210404,1.25685985885027,0.3967587414636893,True,True,-0.17085005365131056,True,True,POC,LRC_upper,limit,ABT,XLV,off,59.1,2021-02-17,51,-113.82281999999951
2021-02-19 10:00:00,232.95,229.79,242.79,245.99,2021-02-19 15:54:00,stop,607,0,-1.07321835443038,-0.01455836016312512,3.113924050632916,0.7379537907959778,3,0.7489594397929147,56.17077127315947,0.2806554830766555,0.7379537907959778,37.84917925043327,0.03407691540447163,1.4334488048564147,0.844541275373725,True,True,-0.15251701554455876,True,True,POC,LRC_upper,limit,MSFT,XLK,off,65.4,2021-02-18,115,-390.00754999999964
2021-02-22 10:00:00,466.48,441.84,540.12,570.84,2021-02-23 15:54:00,stop,608,1,-1.0184318181818182,-0.05379471788715496,2.988636363636358,0.8833517318703735,3,1.2580403672018443,72.2930894882311,0.6289114534672378,0.8833517318703735,52.243130958926464,0.08818198580187817,1.8805978936179786,0.9140370575229512,True,True,0.21600111002820754,True,True,VAH,52w_high,limit,ILMN,XLV,off,79.8,2021-02-19,55,-1380.1788000000022
2021-02-22 10:00:00,40.8,39.47,43.47,45.87,2021-02-23 15:54:00,stop,609,1,-1.0517448496240607,-0.03428481985294115,2.007518796992485,0.8706100600677407,3,0.8749328263806829,68.05170797927506,0.5490553063036524,0.8706100600677407,36.78476862349601,0.04396775803305576,1.6611850371931385,0.897507244725045,True,True,0.10721215225860892,True,True,VAH,LRC_upper,limit,ON,XLK,off,70.2,2021-02-19,159,-222.4124833499998
2021-02-23 10:00:00,563.28,551.48,634.46,662.52,2021-02-25 15:54:00,stop,611,2,-1.0472355932203392,-0.021938254509302577,6.032203389830537,0.6592571650496429,3,0.5609096285059202,25.762637328871275,0.31660473522255983,0.6592571650496429,27.191512558052878,0.011847748984264968,1.1254960510086525,0.6737885146357024,True,True,-0.03861583884883346,True,True,AVWAP,52w_high,limit,ALGN,XLV,off,63.2,2021-02-22,47,-580.7968599999979
2021-02-23 10:00:00,110.06,107.21,115.76,118.16,2021-02-23 15:54:00,lrc_break,609,1,-0.4840087719298218,-0.012533390877703035,1.9999999999999951,0.8745375401481357,2,1.2338475646670517,16.294031877932568,0.37503587996282556,0.8745375401481357,34.24415830523938,0.024334218563323913,1.1887702479139708,-0.0623118142242126,True,True,-0.1732313812749593,True,True,VAL,52w_high,limit,ABT,XLV,off,57.0,2021-02-22,3,-4.138274999999988
2021-02-24 10:00:00,91.69,89.03,97.47,101.25,2021-02-25 15:54:00,stop,611,1,-1.0339699248120302,-0.029996291852982842,2.172932330827071,0.8081744776075614,3,0.8485102943273293,19.459447386458486,0.5052918316131181,0.8081744776075614,36.64661053614169,0.03603785773435752,1.9766273067253903,0.7735830463641163,True,True,-0.07288323787470385,True,True,VAL,swing_high,limit,TECH,XLV,off,66.1,2021-02-23,295,-811.356199999999
2021-02-24 10:00:00,162.43,158.42,182.68,189.5,2021-03-03 15:54:00,lrc_break,615,6,-0.49663715710723266,-0.012260758480576325,5.049875311720674,0.7488273853061674,3,0.6334379906052136,15.349326486789378,0.3859847881258759,0.7488273853061674,25.529384589908123,0.04457724810969633,1.2455077027171708,0.6918307458081563,True,True,-0.1089126837446368,True,True,AVWAP,52w_high,limit,NXPI,XLK,off,65.5,2021-02-23,24,-47.7963600000003
2021-02-24 10:00:00,3.238,3.16,3.48,3.59,2021-04-20 15:54:00,lrc_break,648,39,6.94217307692309,0.1672296170475602,3.1025641025641084,0.43590180547104507,2,0.6223358872415998,32.582175002238394,0.18652352184870669,0.43590180547104507,16.892897836938577,-0.03271579502551473,1.9601622136564458,0.08930026457948813,True,True,-0.19053216348603774,True,True,AVWAP,swing_high,limit,SMCI,XLK,off,44.5,2021-02-23,2,1.0829789999999997
2021-02-26 10:00:00,213.5,207.29,225.92,235.24,2021-02-26 15:54:00,stop,611,0,-1.0338800322061192,-0.030072107728337273,1.9999999999999953,0.91445413017136,3,0.7217895808076661,60.03288377845467,0.974863755335359,0.91445413017136,59.333198774440405,0.30113523279812043,2.188800313356766,0.8745871325681444,True,True,0.5434998937002422,True,True,POC,52w_high,limit,SBNY,XLF,off,76.2,2021-02-25,124,-796.128980000001
2021-02-26 10:00:00,282.05,271.55,303.79,312.42,2021-03-04 15:54:00,stop,616,4,-1.0263619047619048,-0.03820882822194646,2.0704761904761915,0.7537460995686347,3,1.139904317676731,16.51800682666482,0.3259733013095824,0.7537460995686347,21.648802633678812,0.1678904011175481,1.4782944000761653,0.6613588965881277,True,True,-0.08484212191322715,True,True,VAL,swing_high,limit,CRL,XLV,off,67.2,2021-02-25,94,-1013.0192
2021-02-26 10:00:00,109.27,107.7,112.41,115.76,2021-02-26 15:54:00,lrc_break,612,1,-0.9608726114649669,-0.013805893657911518,2.000000000000009,0.8506417455720615,2,0.6897049158803703,4.663432250385882,0.3616728334094993,0.8506417455720615,27.947427877129147,0.02762675690190841,1.113006432809109,-0.515339900706682,True,True,-0.15341676786132674,True,True,VAL,swing_high,limit,ABT,XLV,off,56.7,2021-02-25,158,-238.35405999999864
2021-03-01 10:00:00,436.14,404.02,500.39,540.12,2021-03-02 15:54:00,lrc_break,613,2,-0.24851696762142,-0.01830229972027333,2.000311332503113,0.8457682440793042,3,1.6729590317614442,-8.484541521573993,0.5879511055715638,0.8457682440793042,45.64550845186668,0.005290977223140085,1.5582481761770763,0.38677667850968794,True,True,0.11346166511383715,True,True,VAL,LRC_upper,limit,ILMN,XLV,off,79.1,2021-02-26,41,-327.2769650000005
2021-03-01 10:00:00,567.5737,537.42,634.46,664.15,2021-03-03 15:54:00,stop,615,2,-1.018322688426296,-0.05410080990363026,2.218178863622038,0.5173022584241992,3,1.349050272505484,17.887142698883284,0.26078707099111803,0.5173022584241992,23.332786921674643,0.06650419822142989,1.2809193389345541,0.1633468167609441,True,True,-0.0755469667575489,True,True,swing_low,52w_high,limit,ALGN,XLV,off,58.7,2021-02-26,43,-1320.3664645500032
2021-03-03 10:00:00,109.59,108.25,115.76,119.75,2021-03-03 15:54:00,stop,615,0,-1.0812835820895519,-0.013221279313806034,4.604477611940288,0.8091896059007284,2,0.5863332215665542,14.13888476582331,0.34185040276831186,0.8091896059007284,22.774942846156414,0.04158192087993722,1.1957793910493142,-0.5708138488753318,True,True,-0.13143538919211972,True,True,POC,52w_high,limit,ABT,XLV,off,59.8,2021-03-02,164,-237.62288000000055
2021-03-04 10:00:00,16.66,16.16,17.88,18.41,2021-03-04 15:54:00,stop,616,0,-1.03282,-0.03099699879951981,2.4399999999999977,0.8753084316530614,3,0.9329423067877254,41.6942904656566,0.5571403593431495,0.8753084316530614,39.62238338842094,0.10377889451103026,1.167294692089791,0.681890217097783,True,True,0.05393060267205052,True,True,swing_low,LRC_upper,limit,RF,XLF,off,74.1,2021-03-03,1566,-808.6980599999999
2021-03-04 10:00:00,484.06,468.19,515.82,532.24,2021-03-05 15:54:00,stop,617,1,-1.0300015752993068,-0.03376879932239806,2.001260239445497,0.7778513227336181,3,1.0594405902093575,48.861908271363035,0.551781503991598,0.7778513227336181,48.62528336247183,0.28400217942522427,1.1975789305878193,0.8592604215893952,True,True,-0.018064142104021075,True,True,VAL,swing_high,limit,ZBRA,XLK,off,64.8,2021-03-03,38,-621.1527500000002
2021-03-05 10:00:00,488.87,458.11,550.4,584.58,2021-03-05 15:54:00,lrc_break,616,1,0.6018083550065019,0.03786615051036061,2.0003250975292586,0.8814703749678685,2,1.5187744431651629,-12.627874278399046,0.6281884877843371,0.8814703749678685,26.96962368826906,0.10868161549441217,1.3181566642506186,-0.4428681055892517,True,True,0.10799751054746687,True,True,AVWAP,swing_high,limit,SIVB,XLF,off,65.4,2021-03-04,41,758.9766249999997
2021-03-08 10:00:00,62.84,60.48,67.57,69.62,2021-03-16 15:54:00,lrc_break,623,7,-0.5856694915254221,-0.02199522597071929,2.004237288135583,0.885359173785707,3,1.2585832472367473,18.9515722369677,0.5245330173707488,0.885359173785707,45.4378450357498,0.12132897050457693,1.5805400764625785,0.4112175211812144,True,True,-0.08171007775756012,True,True,VAL,52w_high,limit,RHI,XLF,off,70.2,2021-03-05,405,-559.7829000000002
2021-03-08 10:00:00,55.0,53.67,57.8,62.4,2021-04-20 15:54:00,lrc_break,648,31,1.4841992481203035,0.03589063636363639,2.1052631578947376,0.779648324621493,3,0.6891826492727687,16.677151062365937,0.4813895433056762,0.779648324621493,31.382139755267893,0.09937874019504538,1.3906833663713167,0.6936617900681464,True,True,-0.05695872252914114,True,True,VAL,swing_high,limit,INTC,XLK,off,64.8,2021-03-05,462,911.9810700000005
2021-03-08 10:00:00,106.5,100.36,118.8,124.71,2021-03-08 15:54:00,lrc_break,618,1,-0.9061514657980445,-0.052241971830985855,2.0032573289902276,0.8012335313417571,2,1.0700721679762364,14.44754832293021,0.5732739995590465,0.8012335313417571,24.636615784282,-0.10789591162078668,1.5484118049043771,0.8478885051548447,True,True,0.02605301021827522,True,True,AVWAP,swing_high,limit,AMAT,XLK,off,60.6,2021-03-05,207,-1151.7003899999988
2021-03-08 10:00:00,96.46,94.98,100.44,102.46,2021-03-11 15:54:00,stop,621,3,-1.0646756756756761,-0.016335475844909703,2.6891891891892103,0.6493876564444091,2,0.5915990548335677,36.2189664867955,0.1742643945445052,0.6493876564444091,21.62398051317855,-0.14607199581814015,1.1702407976665472,0.15852114092311972,True,True,-0.10672586706088805,True,True,VAL,52w_high,limit,COO,XLV,off,52.7,2021-03-05,187,-294.65963999999803
2021-03-09 10:00:00,12.58,12.27,13.21,13.57,2021-03-23 15:54:00,lrc_break,629,11,0.314080645161288,0.0077396661367249145,2.032258064516128,0.8959811696426103,3,0.7352664849013079,51.63817432637327,0.4841988898513644,0.8959811696426103,43.088306684235576,0.1056886696370464,1.7697964916951168,0.800544092721578,True,True,-0.0018107669537775761,True,True,POC,LRC_upper,limit,HPE,XLK,off,70.4,2021-03-08,1662,161.82062999999906
2021-03-12 10:00:00,187.22,183.04,195.59,204.86,2021-05-07 15:54:00,time,661,40,7.958383971291853,0.17768424847772674,2.0023923444976055,0.7554912466233942,3,0.7010271817647072,12.199364414990868,0.29433530574006156,0.7554912466233942,29.540956608663382,0.04969095531482267,1.6413600225117542,0.8112581085330105,True,True,-0.10037922071110283,True,True,swing_low,swing_high,limit,LH,XLV,off,61.6,2021-03-11,94,3127.00823
2021-03-17 10:00:00,122.28,114.93,141.2,150.77,2021-03-18 15:54:00,stop,625,1,-1.0161367346938774,-0.061077894995093175,2.574149659863946,0.6681296704671802,3,0.7777098169475857,38.97026771284356,0.5273537689955704,0.6681296704671802,15.852331735352774,0.035438967215634,1.2119761439515022,0.35722785547621594,True,True,0.25727026207303494,True,True,POC,LRC_upper,limit,PENN,XLF,off,71.6,2021-03-16,179,-1336.880294999999
2021-03-17 10:00:00,150.25,144.38,170.8,185.98,2021-03-17 15:54:00,stop,571,0,-1.0250962521294718,-0.040048685524126486,3.5008517887563877,0.10953617164856098,3,0.5295522307939813,45.797658793451255,0.3191631735818632,0.10953617164856098,24.082151551975382,0.05658074195696202,1.6381554292956624,0.003892007775885998,True,True,-0.252823409920817,True,True,swing_low,swing_high,limit,MRNA,XLV,off,38.0,2021-03-16,20,-120.34630000000008
2021-03-18 10:00:00,394.52,385.27,413.03,428.14,2021-03-19 15:54:00,stop,626,1,-1.0421508108108106,-0.024434490013180574,2.00108108108108,0.2797983568564996,2,0.9040881553377568,67.70058752830084,0.1074804707264348,0.2797983568564996,18.18924733222599,-0.022020559014634435,1.0060843998229918,0.5786544383507255,True,True,-0.18325495604054765,True,True,POC,LRC_upper,limit,TFX,XLV,off,35.5,2021-03-17,7,-67.479265
2021-03-19 10:00:00,90.62,87.24,97.38,101.98,2021-03-23 15:54:00,stop,628,2,-1.026310650887574,-0.03827996027367037,1.9999999999999916,0.8403050956668223,3,0.7919724243475574,64.91906698471777,0.8640453455599297,0.8403050956668223,50.96862683980497,0.2412508984235265,1.6992843236713795,0.9752026675750463,True,True,0.21472693518870578,True,True,POC,52w_high,limit,ADS,XLF,off,74.7,2021-03-18,229,-794.3849700000022
2021-03-23 10:00:00,38.1,37.32,39.76,41.25,2021-03-23 15:54:00,stop,629,0,-1.0483461538461538,-0.02146220472440948,2.1282051282051206,0.5642719501914271,2,0.9168966867042893,10.437614363269574,0.16811014855787026,0.5642719501914271,11.16956869362053,-0.1723280355650498,1.2731992958337017,0.14116927401627133,True,True,-0.16439825641840877,True,True,swing_low,swing_high,limit,BSX,XLV,off,47.9,2021-03-22,72,-58.87512000000008
2021-03-24 10:00:00,207.5,198.29,225.92,244.28,2021-03-24 15:54:00,lrc_break,629,1,-0.027956026058633128,-0.0012408433734940306,1.999999999999997,0.8894973945022728,3,0.8998863628622519,-28.148274916613474,0.821573296494415,0.8894973945022728,31.68327863179901,0.003389109459751449,1.828676455737109,0.8186030739095417,True,True,0.3108294679806187,True,True,swing_low,swing_high,limit,SBNY,XLF,off,75.2,2021-03-23,120,-30.897000000001363
2021-03-24 10:00:00,23.96,21.74,28.4,30.69,2021-05-12 15:54:00,lrc_break,663,35,1.9026644144144123,0.17629027545909848,1.999999999999997,0.7620167344156087,3,1.8313846029065517,19.12864453247399,0.7114544938479067,0.7620167344156087,43.69019393279516,0.026190993635464756,1.3401923192013947,0.8946422911309407,True,True,0.08597086554648947,True,True,AVWAP,52w_high,limit,GPS,XLF,off,70.7,2021-03-23,561,2369.6163149999998
2021-03-24 10:00:00,50.62,47.17,58.22,60.48,2021-03-24 15:54:00,lrc_break,629,1,-0.730256521739131,-0.049770545239035936,2.202898550724641,0.7013493076842234,3,1.3629781496308766,7.71206684760201,0.4730272777449877,0.7013493076842234,27.435582431789367,0.07645882089311733,1.3073454925561538,0.6277162803499499,True,True,-0.06971653910315989,True,True,AVWAP,LRC_upper,limit,CPRI,XLF,off,70.5,2021-03-23,361,-909.4979849999995
2021-03-24 10:00:00,39.55,38.26,42.14,43.37,2021-05-04 15:54:00,trail,590,28,3.9363488372093083,0.12839165613147926,2.0077519379845,0.873854352749088,2,1.3208299602886262,9.45261262326013,0.37212102896150584,0.873854352749088,26.13555939587424,-0.008078992697779322,1.1170128263543269,0.6683131443330623,True,True,-0.07419612130024855,True,True,VAL,52w_high,limit,DELL,XLK,off,62.3,2021-03-23,594,3016.2666600000025
2021-03-25 10:00:00,65.41,58.03,93.94,102.33,2021-03-25 15:54:00,lrc_break,327,1,-0.056264905149050755,-0.00634818835040505,3.865853658536588,0.8758963585635697,3,1.1362011497154791,-40.49054840251075,1.2176808885528574,0.8758963585635697,62.95037960102261,0.09410919730069409,2.053598706727069,0.9004938943684764,True,True,0.5904988746719206,True,True,swing_low,POC,limit,VIAC,XLF,off,80.1,2021-03-24,167,-69.34424499999905
2021-03-25 10:00:00,84.71,79.9,97.38,103.47,2021-04-07 15:54:00,lrc_break,638,9,1.1834511434511465,0.06719867784204936,2.634095634095641,0.9026173081848761,3,1.0803491300367303,6.698516923873046,0.9056160797091176,0.9026173081848761,47.517103359636806,0.12726171767502645,1.936044987995012,0.9313755053145505,True,True,0.22971539944028807,True,True,VAL,52w_high,limit,ADS,XLF,off,79.1,2021-03-24,257,1462.9468000000004
2021-03-25 10:00:00,28.09,27.47,29.33,29.94,2021-04-08 15:54:00,trail,639,9,-0.7856229145048537,-0.017340199608152723,1.9999999999999942,0.6740487784833193,3,1.0280640368595682,46.952536253771996,0.20873398191028786,0.6740487784833193,26.111313427977617,0.027038281611442033,1.4688113743036335,0.9371294024426433,True,True,-0.18475008479003352,True,True,swing_low,LRC_upper,limit,CAG,XLV,off,58.5,2021-03-24,339,-165.1222241706304
2021-03-26 10:00:00,59.53,54.9,68.8,73.06,2021-05-21 15:54:00,time,670,40,2.441638228941684,0.18990063833361337,2.002159827213821,0.7325160589066093,3,1.4573032135568582,7.721593031044854,0.7097013101877517,0.7325160589066093,30.34110860751194,0.024669182031059583,1.3494169693242282,0.5616441329663825,True,True,0.23365759765391925,True,True,AVWAP,52w_high,limit,XEC,XLF,off,79.0,2021-03-25,182,2057.470870000001
2021-04-08 10:00:00,23.47,22.16,26.09,27.41,2021-04-13 15:54:00,stop,642,3,-1.0174160305343511,-0.056788027268853805,2.0000000000000027,0.8564928175462296,3,1.1364582796716285,24.332290133221697,0.7440486711805303,0.8564928175462296,27.130753171597686,0.0008544903946812194,1.7588636785885075,0.2062016880889368,True,True,0.19842232676130545,True,True,VAL,52w_high,limit,AAL,XLF,off,74.6,2021-04-06,991,-1320.8196649999986
2021-04-09 10:00:00,207.44,202.95,216.42,231.64,2021-04-28 15:54:00,trail,654,13,-0.8787461024498888,-0.01902029502506753,1.9999999999999936,0.21988130736070083,3,1.1334510333590955,56.273889396580955,0.11571906508281496,0.21988130736070083,37.72664474146799,0.2679745068876257,1.1606346788528927,0.8532121842190434,True,True,-0.16901280441519662,True,True,VAL,swing_high,limit,AMGN,XLV,off,43.6,2021-04-08,45,-177.5506500000004
2021-04-14 10:00:00,85.67,83.28,97.78,107.5,2021-04-14 15:54:00,lrc_break,643,1,0.5747280334728005,0.016033617368973897,5.066945606694559,0.8484083341199038,2,0.5943643006412261,5.308995514557448,0.7506759779293913,0.8484083341199038,34.45476753276193,-0.005148405510754042,2.1888973823926055,0.02514949931937372,True,True,0.18351380199833245,True,True,swing_low,swing_high,limit,ADS,XLF,off,67.0,2021-04-12,256,351.6415999999984
2021-04-15 10:00:00,32.83,32.27,33.95,34.68,2021-04-16 15:54:00,stop,646,1,-1.6828125000000085,-0.0287046908315564,2.0000000000000253,0.9296874696712045,3,0.8479561861843654,47.197136404574266,0.3427294961263664,0.9296874696712045,22.553527513522507,0.13332751335705273,1.9018577309257751,0.7802576190230033,True,True,-0.14684517478283388,True,True,VAH,LRC_upper,limit,BNY,XLF,off,64.8,2021-04-14,680,-640.8149999999977
2021-04-19 10:00:00,134.61,131.74,141.03,143.79,2021-04-20 15:54:00,stop,648,1,-1.0464024390243902,-0.022310192407696338,2.2369337979094,0.6340424336883446,3,1.0537186576810755,21.236559198739993,0.18851731016354817,0.6340424336883446,16.45220341988054,0.12581125629259796,1.1899751389761803,0.7517216895674904,True,True,-0.1399887640554528,True,True,VAL,swing_high,limit,JPM,XLF,off,60.2,2021-04-16,161,-483.5111750000007
2021-04-21 10:00:00,33.09,32.34,34.9,36.93,2021-04-21 15:54:00,lrc_break,649,1,1.0886466666666592,0.02467467512843742,2.413333333333327,0.8665316182202057,3,0.9094080133672604,-26.044387485691107,0.3502215994714725,0.8665316182202057,26.533148533374945,0.026563131919731135,1.4368307853290239,0.7605895916604591,True,True,-0.06709049965246261,True,True,AVWAP,POC,limit,BAC,XLF,off,66.5,2021-04-20,790,645.0231499999954
2021-04-21 10:00:00,266.83,262.97,274.55,278.19,2021-05-11 15:54:00,stop,663,14,-1.068626943005182,-0.0154589064198177,2.0000000000000293,0.7977673281993232,3,1.0954304643957236,62.50690196268661,0.27617903704099145,0.7977673281993232,43.59964212060561,0.21061459551996783,1.6048752127979717,0.9112043269029237,True,True,-0.0961846953926796,True,True,POC,LRC_upper,limit,ACN,XLK,off,66.0,2021-04-20,80,-329.99199999999655
2021-04-22 10:00:00,37.86,37.33,39.53,40.13,2021-04-28 15:54:00,lrc_break,654,5,-0.6560471698113236,-0.009183967247754946,3.1509433962264115,0.9135721489153823,3,0.7117735930691909,22.35812360912917,0.30115925583637265,0.9135721489153823,33.31808817445638,0.23002855036761571,1.4318831247687716,0.576738286506562,True,True,-0.08938927597738522,True,True,swing_low,LRC_upper,limit,ACGL,XLF,off,71.6,2021-04-21,699,-243.0457950000016
2021-04-22 10:00:00,3.786,3.67,4.05,4.3,2021-04-22 15:54:00,lrc_break,650,1,-0.09295258620689748,-0.002847992604331779,2.2758620689655134,0.8213243899295786,3,1.125715439200722,6.278221769323386,0.4376845963038275,0.8213243899295786,24.471873359900172,0.00891301928310543,1.7754120345116593,0.8816327761582453,True,True,-0.09738522546025175,True,True,AVWAP,swing_high,limit,SMCI,XLK,off,62.8,2021-04-21,96,-1.0351200000000111
2021-04-23 10:00:00,303.86,299.29,316.94,322.29,2021-04-29 15:54:00,stop,655,4,-1.0659901531728666,-0.016032301059698523,2.8621444201312918,0.3941344126635373,3,0.7577241398441503,69.78927149712395,0.19179810737400743,0.3941344126635373,30.922327475380566,0.24376902978331477,1.1365643988187455,0.9171502998908162,True,True,-0.11147775776825886,True,True,POC,LRC_upper,limit,WAT,XLV,off,53.8,2021-04-22,1,-4.871574999999993
2021-04-29 10:00:00,234.99,232.15,240.67,245.35,2021-05-12 15:54:00,trail,664,9,-0.3661125454218821,-0.004424697344559966,1.99999999999999,0.828864987038804,3,0.7457218009138932,70.40992313664303,0.21141941064803296,0.828864987038804,29.51521153391451,0.10733574699379415,1.2341778703469153,0.7442828857359377,True,True,-0.09092575901981714,True,True,VAH,LRC_upper,limit,EG,XLF,off,62.0,2021-04-27,113,-117.49283807679055
2021-04-29 10:00:00,199.97,196.47,206.97,212.09,2021-04-30 15:54:00,stop,656,1,-3.318359999999996,-0.058080012001800206,2.0,0.33104678396077786,3,1.0979202083771795,71.20427599108471,0.16584251366224825,0.33104678396077786,29.576752345011982,0.16493863641620612,2.155115323365658,0.9189446239310587,True,True,-0.26242347421831236,True,True,POC,swing_high,limit,RMD,XLV,off,47.0,2021-04-28,44,-511.02743999999944
2021-04-30 10:00:00,44.49,43.9,45.81,46.35,2021-05-05 15:54:00,stop,658,3,-1.0749067796610166,-0.014254776354236982,2.2372881355932077,0.828257602653416,3,0.8929533712147513,60.64208573055435,0.3012752655784116,0.828257602653416,39.24430629395208,0.16171376273162494,1.1852933228145799,0.8637746726722091,True,True,-0.11709072978831314,True,True,POC,LRC_upper,limit,DRE,XLV,off,67.6,2021-04-29,8,-5.073560000000027
2021-05-03 10:00:00,38.93,38.53,40.23,42.76,2021-05-04 15:54:00,stop,658,1,-1.0968250000000004,-0.011269714872848667,3.2500000000000044,0.892166097707989,3,0.5021017937502912,5.542292374123587,0.43366881107067606,0.892166097707989,33.805961120875615,0.035377015210358714,1.137876113379079,0.01569479689620944,True,True,-0.057387830203291634,True,True,VAL,swing_high,limit,GLW,XLK,off,65.8,2021-04-29,213,-93.4494899999997
2021-05-05 10:00:00,434.02,423.59,457.79,466.51,2021-05-05 15:54:00,lrc_break,659,1,-0.4958437200383515,-0.011915695129256738,2.279002876318315,0.9182613511074532,3,1.164554395444807,-4.9613490745917925,0.351773990783027,0.9182613511074532,31.615986002130718,0.061243951383908084,1.4093408129879936,0.8126273395366808,True,True,-0.12895281335151532,True,True,POC,swing_high,limit,TDY,XLK,off,71.2,2021-05-04,61,-315.47065000000055
2021-05-05 10:00:00,509.72,497.76,533.64,547.57,2021-05-05 15:54:00,stop,659,0,-1.0421187290969898,-0.024452130581495795,1.9999999999999905,0.8297560706574624,3,0.9998880231504325,-16.029011842812377,0.36914019603655795,0.8297560706574624,25.34907009152997,0.04499174474673827,1.2790012074967145,0.6231143331487929,True,True,-0.15518756966371572,True,True,VAL,swing_high,limit,FICO,XLK,off,67.0,2021-05-04,16,-199.4198400000006
2021-05-06 10:00:00,200.08,197.23,207.43,213.45,2021-05-06 15:54:00,lrc_break,660,1,0.3506385964912213,0.004994602159136288,2.57894736842103,0.9521291099041965,3,0.8607178931461338,-12.178432882578944,0.43153522338294653,0.9521291099041965,47.113516695119486,0.17162084239817704,1.5239735910373728,0.6433352049612857,True,True,-0.11480329076917084,True,True,VAL,swing_high,limit,STE,XLV,off,69.9,2021-05-05,133,132.9095599999985
2021-05-06 10:00:00,45.25,44.04,47.67,49.13,2021-05-12 15:54:00,stop,596,4,-1.036896694214876,-0.02772696132596687,2.0,0.8301514976120244,3,1.3405198755427616,22.360065756483696,0.4038614162569832,0.8301514976120244,40.13442798783936,0.009716423199056455,1.6910461142853372,0.5785384534606745,True,True,-0.02397618162272619,True,True,VAL,swing_high,limit,DELL,XLK,off,68.5,2021-05-05,175,-219.56287500000013
2021-05-06 10:00:00,39.51,38.84,40.85,43.15,2021-05-11 15:54:00,stop,663,3,-1.0733880597015009,-0.018202227284231834,2.0000000000000213,0.8288123433535294,2,0.8249170643012451,15.898212889191878,0.3899653650829067,0.8288123433535294,26.72244303890477,0.09680186038749213,1.2880819839983804,-0.47292566771509426,True,True,-0.030349002445895,True,True,POC,52w_high,limit,GLW,XLK,off,60.4,2021-05-05,1,-0.7191699999999996
2021-05-07 10:00:00,44.17,43.54,45.43,46.32,2021-05-11 15:54:00,lrc_break,662,3,-0.4032777777777775,-0.005751980982567373,1.9999999999999887,0.9388288005099099,3,0.8784330477405136,10.061961464965401,0.3475515232076299,0.9388288005099099,39.72712048136317,0.09635194691078852,1.21152390326702,0.7834583304154357,True,True,-0.1260943656905975,True,True,VAL,swing_high,limit,DRE,XLV,off,67.3,2021-05-06,605,-153.70932500000052
2021-05-10 10:00:00,219.96,216.45,229.45,232.85,2021-05-12 15:54:00,stop,664,2,-1.0621666666666665,-0.016949468085106473,2.7037037037036833,0.8479098707160125,3,0.8763515833734515,54.27503714924992,0.3920454276671507,0.8479098707160125,44.85713505227901,0.13619110175968144,1.615381170183196,0.7784069172854754,True,True,-0.14747641496832897,True,True,POC,LRC_upper,limit,DHR,XLV,off,68.0,2021-05-07,94,-350.45127000000184
2021-05-12 10:00:00,218.02,215.3,223.46,227.23,2021-05-12 15:54:00,stop,664,0,-1.079654411764706,-0.013469681680579758,2.0,0.9256028071742578,3,0.719019089958177,60.04988526843847,0.3081229093365222,0.9256028071742578,44.18644192623868,0.11550400085890815,1.4552805537226852,0.818462607898022,True,True,-0.023299995328401102,True,True,VAH,LRC_upper,limit,LH,XLV,off,68.8,2021-05-11,121,-355.33585999999985
2021-05-12 10:00:00,398.85,390.12,416.31,432.71,2021-05-12 15:54:00,stop,663,0,-1.0451872852233675,-0.022876983828507,1.9999999999999936,0.8913160168265858,3,0.9491357711733022,60.95277725423849,0.5767885257841828,0.8913160168265858,56.0429377879761,0.027734994334920524,1.9907806217105657,0.9699942477980561,True,True,-0.021107364517862215,True,True,POC,52w_high,limit,POOL,XLV,off,65.7,2021-05-11,53,-483.597705000001
2021-05-13 10:00:00,141.55,139.69,148.92,151.85,2021-05-19 15:54:00,lrc_break,669,5,0.8642876344085958,0.011356941010243728,3.9623655913978078,0.9430525840712057,3,0.7059485172085133,-10.961797401726182,0.3679073145553199,0.9430525840712057,42.27819747214595,0.013227227235153747,2.3602109573799304,0.45112795335127037,True,True,0.006648231985107778,True,True,VAL,52w_high,limit,AIZ,XLF,off,74.1,2021-05-12,183,294.18622500000004
2021-05-13 10:00:00,335.52,327.41,351.74,359.97,2021-05-13 15:54:00,lrc_break,665,1,0.874323674475961,0.02113365820219363,2.000000000000014,0.8965068327943561,3,1.2940231828034292,-58.203639546144515,0.3122975015293764,0.8965068327943561,36.53971437390797,0.08238676142982909,1.47776733991177,0.444089798544169,True,True,-0.08474544960697317,True,True,AVWAP,swing_high,limit,SPGI,XLF,off,71.5,2021-05-12,77,545.9889050000006
2021-05-13 10:00:00,316.24,307.27,334.18,349.13,2021-05-13 15:54:00,lrc_break,665,1,0.4962513935339987,0.014075939160131489,1.9999999999999936,0.8691947872155553,3,0.9141700379679081,-25.656182783600144,0.4301019046244282,0.8691947872155553,36.56829652373435,0.05790265136175527,1.1720380472432674,0.2496898183010376,True,True,-0.07134348323849238,True,True,AVWAP,POC,limit,CRL,XLV,off,67.8,2021-05-12,82,365.0127499999985
2021-05-13 10:00:00,229.07,225.33,237.47,249.33,2021-06-03 15:54:00,lrc_break,679,15,1.0798917112299549,0.017631269917492514,2.245989304812847,0.8758566439482292,3,0.7949247469506462,33.77736512311129,0.5075341982478497,0.8758566439482292,58.38974947000202,0.07955373325046645,1.6667434190230639,0.5473950676753009,True,True,0.012819928811334647,True,True,VAL,52w_high,limit,IQV,XLV,off,67.3,2021-05-11,113,456.3838350000011
2021-05-13 10:00:00,19.76,19.27,20.74,21.51,2021-07-09 15:54:00,time,704,40,7.853683673469351,0.1947522773279351,1.9999999999999856,0.8432912912529673,3,0.9724938061371489,-3.0264742601062817,0.3350100849226425,0.8432912912529673,22.70114595919855,0.12014241365787749,1.4654943971584924,0.4555072034080094,True,True,-0.18452446235888809,True,True,VAL,52w_high,limit,ANET,XLK,off,63.9,2021-05-12,686,2639.937229999998
2021-05-14 10:00:00,162.91,157.09,175.23,179.67,2021-05-17 15:54:00,lrc_break,666,2,-0.4247001718213067,-0.015172518568534788,2.11683848797251,0.8538176434961623,3,1.1041054505544732,1.2152071161184501,0.3449213179807681,0.8538176434961623,26.653888718213107,0.040785010495572815,1.4152565135643298,0.5286250283134099,True,True,-0.09026176734548119,True,True,POC,LRC_upper,limit,AMG,XLF,off,71.3,2021-05-13,161,-397.95255500000036
2021-05-14 10:00:00,323.92,318.35,335.06,344.97,2021-05-17 15:54:00,lrc_break,667,2,-0.3506472172351881,-0.0060295906396641,2.0,0.9496290502348681,3,0.8188196112026874,1.64109039913314,0.48281274959504117,0.9496290502348681,48.93484583605446,0.1400021554648625,2.3991632060404076,0.914748633404262,True,True,-0.07867027057099407,True,True,POC,52w_high,limit,WST,XLV,off,70.7,2021-05-13,81,-158.20150499999966
2021-05-14 10:00:00,67.63,66.1,70.69,74.4,2021-06-18 15:54:00,trail,690,24,0.7850074049178728,0.017759298085529295,2.0,0.7868212344837652,2,0.8692072249676569,14.465909523024287,0.35452737728878964,0.7868212344837652,23.43627365404741,0.03961474254556349,1.7914253396719642,-0.2384245902716074,True,True,-0.08962347003909832,True,True,VAL,swing_high,limit,NTAP,XLK,off,56.6,2021-05-13,3,3.603183988573038
2021-05-18 10:00:00,42.03,41.43,43.24,44.03,2021-05-18 15:54:00,stop,668,0,-1.06955,-0.015268379728765203,2.0166666666666635,0.865217194139662,3,0.5989889026967266,74.07864970498856,0.4177640600446309,0.865217194139662,26.117957684549708,0.09105920066766286,1.5596679619791236,0.8827632124473774,True,True,0.26887918237645647,True,True,VAH,LRC_upper,limit,WFC,XLF,off,75.8,2021-05-17,631,-404.9316300000009
2021-05-18 10:00:00,61.61,60.8,63.23,64.29,2021-05-18 15:54:00,stop,667,0,-1.0755617283950614,-0.014140642752799906,1.9999999999999911,0.7985280303307082,3,0.6009766703646738,64.80486304131368,0.21915432512041,0.7985280303307082,23.05425153284855,0.09312603248530296,1.6235316369917256,0.8525627350810938,True,True,0.1712922830212249,True,True,VAH,LRC_upper,limit,XRAY,XLV,off,72.8,2021-05-17,412,-358.936460000001
2021-05-19 10:00:00,211.06,206.91,227.45,235.23,2021-05-19 15:54:00,stop,668,0,-1.0503578313253012,-0.02065282384156167,3.949397590361437,0.8502045857064199,3,0.5956723179293499,12.200150859312965,0.38047725750352157,0.8502045857064199,21.906285344219196,0.14006663869283528,1.170984722351758,0.6562543696683563,True,True,0.17810760027427608,True,True,swing_low,swing_high,limit,MHK,XLF,off,75.8,2021-05-18,124,-540.5141400000008
2021-05-19 10:00:00,210.33,208.16,222.71,226.43,2021-05-19 15:54:00,stop,669,0,-1.0964262672811054,-0.011311962154709343,5.705069124423919,0.917557479333823,2,0.5008078507709074,-23.909889178514323,0.3029949495526124,0.917557479333823,36.39696015266744,-0.11666327912722622,1.0975335417368715,0.23842250549495347,True,True,0.01600225992061266,True,True,VAL,52w_high,limit,LH,XLV,off,69.9,2021-05-18,118,-280.75091000000185
2021-05-19 10:00:00,72.35,70.94,75.17,79.5,2021-06-16 15:54:00,trail,688,19,0.1471702127659586,0.002868140981340721,2.00000000000001,0.7435439360977946,3,1.0529020348082643,28.741852290381104,0.3425295154326236,0.7435439360977946,34.877838883201505,0.13972397500367403,1.398307241473897,0.8054847729019925,True,True,0.17661231135760902,True,True,swing_low,swing_high,limit,ORCL,XLK,off,69.5,2021-05-18,2,0.4150200000000023
2021-05-20 10:00:00,40.48,39.85,41.74,43.55,2021-06-09 15:54:00,lrc_break,683,14,-0.06425396825396872,-0.001,2.0000000000000226,0.8701683884321434,3,0.6091302253066012,26.605385903779442,0.4189026484919805,0.8701683884321434,25.308898644008867,0.06816231938431788,1.3800478277264439,0.7526016104962651,True,True,0.15145977412142964,True,True,POC,swing_high,limit,WFC,XLF,off,73.9,2021-05-19,641,-25.94768
2021-05-20 10:00:00,183.59,180.07,190.63,199.49,2021-05-20 15:54:00,lrc_break,669,1,0.22327414772727175,0.0042808704177787395,1.999999999999992,0.8528420443768437,3,0.6900412157731821,-12.047625362112813,0.3246750326889967,0.8528420443768437,32.48525855817638,0.015888417663602043,1.3280140722498464,0.2257227345792833,True,True,0.15850703826541124,True,True,VAL,swing_high,limit,WHR,XLF,off,73.4,2021-05-19,141,110.81542499999983
2021-05-20 10:00:00,421.91,411.48,451.45,462.14,2021-05-20 15:54:00,lrc_break,670,1,-0.4573092042186021,-0.01130510061387505,2.832214765100666,0.8369271528738627,2,1.287755303450618,-5.66365107864994,0.2880887254515111,0.8369271528738627,26.622689183996314,0.09409760913333956,1.3641429152758269,-0.6249284904995308,True,True,0.08264946148766539,True,True,swing_low,swing_high,limit,HUM,XLV,off,69.3,2021-05-19,58,-276.6446300000013
2021-05-21 10:00:00,329.5,321.55,350.5,357.25,2021-06-02 15:54:00,lrc_break,678,8,-0.07162012578616476,-0.0017280121396054905,2.641509433962268,0.9108556916173228,3,1.1754189956154946,16.359373218823976,0.4359087346335231,0.9108556916173228,47.01041282069443,0.06067492745231393,2.4160445211915653,0.9121890644390472,True,True,0.08853554819604126,True,True,POC,LRC_upper,limit,WST,XLV,off,80.5,2021-05-20,79,-44.98102000000072
2021-05-21 10:00:00,209.4,202.33,227.45,233.08,2021-05-21 15:54:00,lrc_break,670,1,-0.33922277227722775,-0.011453223495701995,2.553041018387553,0.788629598130483,3,1.0192122172317062,-9.434578474684436,0.35503689928922394,0.788629598130483,21.377357402669375,0.12270804089287282,1.1543963804251165,0.1896873027524989,True,True,0.11351257890394173,True,True,AVWAP,swing_high,limit,MHK,XLF,off,78.4,2021-05-20,115,-275.80507499999976
2021-05-24 10:00:00,60.29,59.35,62.17,63.52,2021-05-27 15:54:00,lrc_break,674,4,-0.7552819148936174,-0.011775833471554132,2.0000000000000075,0.7816507451370038,3,0.7183980750555936,23.620515738824476,0.20751872589528567,0.7816507451370038,18.90694299640094,0.024861999850693844,1.4959980017699888,0.7694846280152075,True,True,0.17270596830476515,True,True,POC,swing_high,limit,XRAY,XLV,off,72.6,2021-05-21,432,-306.70487999999943
2021-05-24 10:00:00,44.1,42.32,47.84,49.28,2021-06-14 15:54:00,stop,685,14,-1.0242752808988764,-0.04134263038548755,2.1011235955056176,0.7195691723218738,2,1.5109857133050348,30.48327900453392,0.41141626866530584,0.7195691723218738,21.970077505585937,0.08118291126392294,0.8569898651665077,0.5535465448713255,True,True,0.1600650502688139,True,True,VAL,52w_high,limit,LEG,XLF,off,69.0,2021-05-21,245,-446.6864500000002
2021-05-28 10:00:00,45.03,43.85,47.4,48.91,2021-06-10 15:54:00,stop,683,8,-1.0376610169491525,-0.027191650011103703,2.0084745762711846,0.7824523955132371,3,1.3527747061036726,45.646796978990956,0.2702190024742926,0.7824523955132371,17.047065174440245,0.07283934287467729,1.5204628313212347,0.8674181700246705,True,True,0.11634000692233037,True,True,swing_low,LRC_upper,limit,BK,XLF,off,70.4,2021-05-27,572,-700.3796799999999
2021-06-07 10:00:00,155.88,152.43,163.97,167.03,2021-06-07 15:54:00,lrc_break,681,1,-0.37834927536232177,-0.008373781113677224,2.344927536231893,0.9368247156057481,3,1.1456584194675234,6.1580242646464205,0.37824743045411313,0.9368247156057481,28.488982284129307,0.02730432202061689,1.7426493502397828,0.783243140009715,True,True,0.0996816097293245,True,True,VAL,LRC_upper,limit,UHS,XLV,off,79.7,2021-06-04,168,-219.29124000000095
2021-06-08 10:00:00,38.32,37.48,40.01,47.72,2021-06-18 15:54:00,lrc_break,689,9,-0.08131547619047721,-0.0017824895615866686,2.011904761904751,0.8485103137746702,3,0.9969985863512264,54.660757194631046,0.3141379669036302,0.8485103137746702,38.75388903544711,0.00373482310262674,1.3127928337879335,0.7713144889154525,True,True,0.02068291683512613,True,True,POC,LRC_upper,limit,PRGO,XLV,off,68.0,2021-06-07,683,-46.65231500000078
2021-06-08 10:00:00,327.52,319.0,344.57,360.58,2021-06-08 15:54:00,lrc_break,682,1,-0.23552582159624544,-0.006126893014167095,2.0011737089201933,0.8217354321009199,2,1.3927232366409676,1.9156269244477633,0.34966169740531783,0.8217354321009199,38.87871833431555,-0.14755578931772942,2.3543001046407053,0.8880798444809873,True,True,0.15292507907391073,True,True,VAL,swing_high,limit,WST,XLV,off,67.2,2021-06-07,79,-158.52772000000053
2021-06-09 10:00:00,155.77,152.64,164.87,167.63,2021-06-14 15:54:00,stop,686,3,-1.049266773162939,-0.02108368106824179,2.9073482428114774,0.9223236936780749,2,1.0690760216287207,3.482052906042849,0.3660286171217233,0.9223236936780749,26.4298231947785,-0.0004233573437434971,1.6917735169482655,0.8466676534121244,True,True,0.10973142152862847,True,True,VAL,LRC_upper,limit,UHS,XLV,off,75.5,2021-06-08,165,-541.893825000004
2021-06-10 10:00:00,100.34,98.74,103.55,105.34,2021-06-10 15:54:00,lrc_break,684,1,-0.8435718749999955,-0.013451415188359577,2.0062499999999854,0.7046391261338927,3,1.031635437288305,9.246964179389346,0.1447944621309143,0.7046391261338927,11.689238176322082,0.11316529856063322,1.2383893588655022,0.5065842524624196,True,True,-0.043451144669533925,True,True,AVWAP,52w_high,limit,GL,XLF,off,64.8,2021-06-09,258,-348.22646999999995
2021-06-11 10:00:00,338.19,327.72,359.55,370.97,2021-08-06 15:54:00,time,724,40,7.9598806112703215,0.2464293740205211,2.040114613180523,0.7689286066673517,2,1.6399312363987748,37.005102803219124,0.29821067149789937,0.7689286066673517,32.34829061184847,-0.04866226581300498,2.3500057258445106,0.7803422752949274,True,True,0.17228269142774177,True,True,POC,LRC_upper,limit,WST,XLV,off,67.1,2021-06-10,77,6417.176150000003
2021-06-11 10:00:00,15.35,14.85,16.35,17.26,2021-06-15 15:54:00,stop,686,2,-1.0302,-0.03355700325732899,2.0000000000000036,0.7307162674887605,2,0.6232155641838385,50.51075745976535,0.32099849987921464,0.7307162674887605,13.463759051919144,0.06762856962552524,0.9859354781231493,0.26831429331810397,True,True,0.03271309720189186,True,True,POC,LRC_upper,limit,M,XLF,off,59.0,2021-06-10,1607,-827.7656999999999
2021-06-15 10:00:00,329.28,320.65,346.7,354.81,2021-06-15 15:54:00,lrc_break,687,1,-0.262840092699884,-0.0068886965500485845,2.018539976825032,0.8955961048818741,3,1.2204680512785815,-5.38186356641937,0.32855533412702825,0.8955961048818741,26.784157118196674,0.20006079618102574,1.5791106189820232,0.7863064698808649,True,True,0.0216293460934478,True,True,POC,swing_high,limit,GS,XLF,off,73.5,2021-06-14,78,-176.9281799999998
2021-06-15 10:00:00,49.23,48.58,50.67,52.47,2021-06-15 15:54:00,lrc_break,687,1,-0.13724615384615285,-0.0018121064391630947,2.2153846153846275,0.8770901369310069,3,0.8537796400379217,-33.9441297851807,0.218933860518169,0.8770901369310069,24.20818188432876,0.14856230454021563,1.0978548828047456,0.013407616693372986,True,True,0.010322511666195355,True,True,swing_low,swing_high,limit,AFL,XLF,off,72.7,2021-06-14,199,-17.75278999999983
2021-06-16 10:00:00,45.54,44.83,47.65,48.9,2021-06-17 15:54:00,stop,689,1,-1.0636408450704224,-0.016582894158981135,2.9718309859154886,0.8484762743211524,3,0.7617282410535895,2.9126703726327414,0.2872084607994002,0.8484762743211524,18.01137964057621,0.12080574988280031,1.3091756562121601,0.7400312473093924,True,True,0.02627232705871707,True,True,VAL,52w_high,limit,AIG,XLF,off,72.5,2021-06-15,562,-424.4139700000005
2021-06-16 10:00:00,146.75,144.88,152.71,162.05,2021-06-17 15:54:00,stop,689,1,-1.0779759358288767,-0.013736388415672943,3.187165775401066,0.8571104629737144,2,0.5742390458536583,10.903960885156948,0.45481657206254117,0.8571104629737144,23.262085318829207,0.038317613445445015,1.445027810413199,-0.23544256573778674,True,True,0.18504635225299615,True,True,POC,52w_high,limit,COF,XLF,off,71.5,2021-06-15,174,-350.7518100000008
2021-06-16 10:00:00,151.96,149.24,157.53,166.05,2021-06-16 15:54:00,lrc_break,688,1,-0.7650716911764734,-0.013694360357988988,2.047794117647057,0.8398508250069212,3,0.9472647220516458,-10.521756390772373,0.3058495877994284,0.8398508250069212,21.05105541767051,0.03690457550450166,1.758443199174534,0.8645286870920244,True,True,0.07536036362020582,True,True,AVWAP,swing_high,limit,UHS,XLV,off,71.5,2021-06-15,52,-108.21174000000035
2021-06-17 10:00:00,40.92,39.93,42.91,43.95,2021-06-17 15:54:00,stop,688,0,-1.0408333333333333,-0.02518145161290327,2.010101010101001,0.940882140256792,3,0.9568279699323678,43.03352724213172,0.5701060237135226,0.940882140256792,50.981175162614534,0.2894515114926533,1.426928244762646,0.915967196636549,True,True,0.35076292268528486,True,True,VAH,LRC_upper,limit,DXC,XLF,off,80.2,2021-06-16,197,-202.9937250000004
2021-06-18 10:00:00,455.79,447.19,473.0,482.99,2021-07-15 15:54:00,lrc_break,708,19,3.3569232558139417,0.06333956427302041,2.001162790697667,0.6481641384204373,3,0.9650346357974562,72.26136739655774,0.30169041318410195,0.6481641384204373,33.484831537360215,0.2344904154588772,1.569737059912611,0.8683344461010315,True,True,0.1963800463480423,True,True,VAH,LRC_upper,limit,INTU,XLK,off,70.2,2021-06-17,56,1616.6942399999984
2021-06-18 10:00:00,63.75,62.17,66.92,69.17,2021-08-13 15:54:00,time,728,40,2.610224683544305,0.06469262745098035,2.0063291139240538,0.7823847921357701,3,1.6324556828831844,36.21830667508321,0.22215848322732282,0.7823847921357701,32.97593355751782,0.06575295553129394,1.40621511407843,0.7625559199059422,True,True,0.019780521393244044,True,True,POC,52w_high,limit,EQR,XLF,off,65.9,2021-06-17,401,1653.7861549999993
2021-06-18 10:00:00,48.34,47.33,50.36,52.12,2021-07-16 15:54:00,lrc_break,709,20,4.187643564356408,0.08749524203558116,1.999999999999986,0.14873561053568682,3,1.0205029903128033,73.39605475362151,0.10828845291721112,0.14873561053568682,29.941604742585668,0.19364761072524883,1.0302137915480563,0.9138904118335882,True,True,0.007607851393816034,True,True,VAH,52w_high,limit,ARES,XLF,off,44.9,2021-06-17,147,621.7394399999991
2021-06-21 10:00:00,77.88,76.82,80.55,82.97,2021-06-23 15:54:00,lrc_break,692,3,-0.6863726415094245,-0.009342000513610574,2.518867924528298,0.8676295956011841,2,0.8636099915505812,-4.110443772164253,0.17144444866424918,0.8676295956011841,20.514743616451987,-0.1452149206498029,1.1982541243466809,0.38165404164513855,True,True,0.052528376219749484,True,True,swing_low,swing_high,limit,CERN,XLV,off,68.2,2021-06-18,325,-236.45537499999722
2021-06-22 10:00:00,37.45,36.61,41.75,43.63,2021-06-22 15:54:00,lrc_break,691,1,0.43136904761904415,0.009675567423230936,5.119047619047595,0.8583274804279653,3,0.6636555769798951,-18.436386079226402,0.5254972428843001,0.8583274804279653,42.83118467092634,0.07511793210756268,1.2503140569387046,0.5426409553292301,True,True,0.2787294565002625,True,True,AVWAP,52w_high,limit,DXC,XLF,off,85.7,2021-06-21,28,10.14579999999996
2021-06-23 10:00:00,27.52,26.43,29.7,30.84,2021-06-28 15:54:00,stop,695,3,-1.0247477064220183,-0.04058775436046511,2.0,0.8150382935843623,3,0.8845489888019215,48.0125804413182,0.5392016131088578,0.8150382935843623,22.598497489162586,0.20110105795472338,1.5587867299180145,0.8530486828712533,True,True,0.14659689582474256,True,True,POC,LRC_upper,limit,HP,XLF,off,74.5,2021-06-22,38,-42.445049999999995
2021-06-25 10:00:00,102.77,100.04,108.71,111.2,2021-07-07 15:54:00,stop,701,7,-1.037144688644689,-0.027550890337647075,2.175824175824183,0.5594844214198706,2,1.376258702223634,44.80019913319486,0.21206411220737642,0.5594844214198706,16.451495458028873,-0.04584264633698362,1.3986719278437307,0.2913826760782647,True,True,0.061257535047520184,True,True,AVWAP,LRC_upper,limit,MXIM,XLK,off,59.3,2021-06-24,244,-690.8628199999976
2021-06-30 10:00:00,241.52,237.91,248.74,254.92,2021-07-19 15:54:00,trail,710,12,-0.20376252622053379,-0.0030456389518720177,1.9999999999999922,0.6295802548237405,2,0.8386046258117231,44.22532834343367,0.14373498813911792,0.6295802548237405,25.09770352800395,-0.07759688060801381,1.0739744881994548,0.20668661782932246,True,True,0.1807026833079397,True,True,swing_low,swing_high,limit,IQV,XLV,off,59.3,2021-06-29,4,-2.942330878624519
2021-06-30 10:00:00,42.56,41.62,44.57,46.55,2021-08-25 15:54:00,time,736,40,3.05955319148934,0.06757471804511264,2.1382978723404125,0.23387640966754022,2,0.9926325045091886,31.88709081109656,0.12761455977737254,0.23387640966754022,17.376320243694767,0.05303164707758807,1.2557408414628972,-0.6015122506533142,True,True,0.05603288435542897,True,True,VAL,swing_high,limit,LKQ,XLF,off,47.6,2021-06-29,1,2.8759799999999944
2021-07-08 10:00:00,19.77,19.44,21.58,22.42,2021-07-14 15:54:00,lrc_break,707,5,-0.12048484848484782,-0.0020111279716742325,5.484848484848509,0.8718022905746908,3,0.6493004752077937,57.53503522789693,0.6884837691376989,0.8718022905746908,46.909895745062215,0.1684015695213951,1.945740986462636,0.8587597070505895,True,True,0.3602131651147624,True,True,VAH,LRC_upper,limit,NVDA,XLK,off,77.0,2021-07-07,1234,-49.06383999999947
2021-07-12 10:00:00,112.95,109.85,119.17,122.59,2021-07-19 15:54:00,stop,710,5,-1.0359354838709678,-0.028432049579460016,2.00645161290322,0.5992582427832295,3,1.2832378006448868,68.49534643919434,0.3616122428250412,0.5992582427832295,36.54215585987044,0.31093323613600726,1.1294310558755816,0.8649999855376882,True,True,0.013261429562450022,True,True,POC,LRC_upper,limit,NOW,XLK,off,62.4,2021-07-09,143,-459.23020000000116
2021-07-15 10:00:00,157.16,155.37,161.18,163.73,2021-07-16 15:54:00,stop,709,1,-1.0872988826815646,-0.012383971748536473,2.2458100558659373,0.8933052279020709,3,0.7828903532292351,60.589491526355175,0.26398420171298864,0.8933052279020709,25.66604171677321,0.23729311547085521,1.188917369197115,0.7658284545319657,True,True,0.05708627454159343,True,True,VAH,LRC_upper,limit,KEYS,XLK,off,71.2,2021-07-14,155,-301.6710749999988
2021-07-16 10:00:00,18.37,17.55,20.01,20.78,2021-07-16 15:54:00,lrc_break,709,1,-0.37588414634146655,-0.016778715296679514,2.0,0.9313441637970195,3,1.510277716772343,-37.368890227884705,0.719139756306622,0.9313441637970195,40.38320931220595,0.08088734455171905,1.8711259626632033,0.6477231472530747,True,True,0.14407684539587007,True,True,AVWAP,POC,limit,NVDA,XLK,off,74.0,2021-07-15,1436,-442.6111000000039
2021-07-19 10:00:00,51.02,50.09,53.16,54.76,2021-07-30 15:54:00,trail,719,9,0.6677482367456777,0.01217181223389808,2.301075268817198,0.9628790542075351,3,0.8092497046778973,47.357197352416044,0.47605646027023785,0.9628790542075351,38.32971961886459,0.10642099448196789,1.7608372811976385,0.8742858628254226,True,True,0.2362072108782809,True,True,VAH,LRC_upper,limit,FTNT,XLK,off,77.3,2021-07-16,515,319.81801798934225
2021-07-19 10:00:00,313.04,307.37,324.95,348.4,2021-08-10 15:54:00,trail,726,16,1.3502465107028412,0.02445661166523489,2.100529100529089,0.9035804446799139,3,0.8510499560463287,-2.8637055373434683,0.5118506193429464,0.9035804446799139,27.920120998287928,0.0954105980117882,2.0077923955232366,0.8961767290370006,True,True,0.13807178130027964,True,True,VAL,swing_high,limit,VEEV,XLV,off,74.2,2021-07-16,83,635.4395104018658
2021-07-19 10:00:00,267.19,264.95,275.93,279.91,2021-07-19 15:54:00,stop,710,0,-1.1187812499999996,-0.009379355514802235,3.9017857142857024,0.8993192872304904,3,0.610669103341383,55.23158082048714,0.3018631551571204,0.8993192872304904,39.93949051284613,0.22617036572301688,1.1762531913714804,0.9181080416945873,True,True,0.06338516713871578,True,True,POC,LRC_upper,limit,MSFT,XLK,off,73.5,2021-07-16,23,-57.63961000000021
2021-07-20 10:00:00,668.63,656.12,693.65,706.93,2021-07-21 15:54:00,stop,712,1,-1.052947641886491,-0.019700544396751556,2.0,0.9592349834067205,3,1.0603483866919183,39.94783594155185,0.5038203789988777,0.9592349834067205,47.278261177786746,0.471167357184401,1.823071808404238,0.8162707359046218,True,True,0.26155309452118836,True,True,POC,LRC_upper,limit,IDXX,XLV,off,80.6,2021-07-19,34,-447.8607499999997
2021-07-20 10:00:00,105.04,102.44,110.24,118.36,2021-08-11 15:54:00,trail,477,16,6.845810559864374,0.16945075643228702,1.9999999999999891,0.8952389607001732,2,0.8195949610325638,-4.296763213448211,0.5870819555148852,0.8952389607001732,22.041198695618903,0.2301589575249992,1.867046513014216,-0.5900839266154233,True,True,0.1881647756794429,True,True,swing_low,swing_high,limit,DDOG,XLK,off,73.2,2021-07-19,1,17.79910745564743
2021-07-22 10:00:00,56.51,55.54,62.72,64.44,2021-07-27 15:54:00,stop,716,3,-1.057757731958763,-0.01815652096973985,6.402061855670111,0.8504698764481001,3,0.5981041988387071,30.36515177565543,0.5511385368111229,0.8504698764481001,32.042783765558994,0.22942670152796504,1.2461005423599654,0.14663168025995385,True,True,0.1903022477403289,True,True,POC,LRC_upper,limit,MRVL,XLK,off,82.1,2021-07-21,394,-404.25384999999955
2021-07-27 10:00:00,13.32,12.84,14.57,16.18,2021-08-02 15:54:00,stop,719,4,-1.02725,-0.037018018018018045,2.6041666666666643,0.29915046166128767,3,0.687391378587722,20.286510779783264,0.2709112047803472,0.29915046166128767,23.419458602559445,0.014744860815977605,1.4890593825208123,0.468243050962631,True,True,0.2338524448999011,True,True,swing_low,swing_high,limit,MAC,XLF,off,61.4,2021-07-26,2,-0.9861600000000008
2021-07-28 10:00:00,97.91,96.98,99.78,100.98,2021-07-30 15:54:00,stop,719,2,-1.104779569892474,-0.010493769788581275,2.010752688172064,0.29622766062473815,3,0.6833122748096782,73.87324762982705,0.07117649957726425,0.29622766062473815,18.036046491444846,0.3527195212250405,1.1029433229740138,0.9725346839185157,True,True,0.05034444455552367,True,True,POC,LRC_upper,limit,ABBV,XLV,off,53.3,2021-07-27,223,-229.12023499999833
2021-08-02 10:00:00,473.51,468.47,483.59,491.08,2021-08-06 15:54:00,lrc_break,724,5,-0.2565674603174608,-0.0027308821355409457,2.000000000000011,0.944673098167927,3,0.78022800868652,23.205563243155403,0.24009852033331164,0.944673098167927,43.05148711989172,0.24873243532154088,2.076075281011692,0.7846499507943138,True,True,0.06057691516916752,True,True,swing_low,52w_high,limit,ROP,XLK,off,71.9,2021-07-30,57,-73.70669999999961
2021-08-02 10:00:00,188.05,176.97,210.22,229.04,2021-08-13 15:54:00,stop,728,9,-1.0164720216606498,-0.05989103961712317,2.0009025270758087,0.6980250948978398,2,1.1841207670906368,49.55111559457387,0.5672819518481766,0.6980250948978398,16.86614230401219,0.15316899526771208,1.568526330404807,-0.5742003954020614,True,True,0.3105644272992991,True,True,POC,LRC_upper,limit,ENPH,XLK,off,65.4,2021-07-30,112,-1261.4011200000014
2021-08-03 10:00:00,163.36,160.76,168.57,171.49,2021-09-14 15:54:00,lrc_break,750,30,2.409009615384586,0.03834124020568057,2.0038461538461285,0.850115956571836,2,0.7550721803988631,30.364506848027737,0.23567332918535255,0.850115956571836,19.24273925314103,0.07454759159996721,1.545310532492975,-0.6949620418250839,True,True,0.1138330318848837,True,True,POC,swing_high,limit,TROW,XLF,off,66.9,2021-08-02,1,6.263424999999978
2021-08-09 10:00:00,189.92,187.04,195.69,201.29,2021-08-09 15:54:00,lrc_break,725,1,-0.45116840277777337,-0.006841643850042046,2.003472222222229,0.9396350471884017,3,0.9010782780024414,-9.051500222903213,0.33303367351095153,0.9396350471884017,39.753695080683336,0.1299757014144478,1.3507498523945805,0.4008373676042092,True,True,0.13690616480300055,True,True,POC,52w_high,limit,ZTS,XLV,off,75.6,2021-08-06,143,-185.8091949999979
2021-08-09 10:00:00,260.77,254.66,273.0,283.43,2021-08-11 15:54:00,stop,726,2,-1.0421792144026187,-0.024418894044560286,2.001636661211137,0.6187230339995485,3,0.7906128389844047,45.038921207476754,0.1696155218357118,0.6187230339995485,13.54514838080909,0.28417679974728566,1.2214628375115237,0.8134274125090457,True,True,-0.04514858360820284,True,True,swing_low,swing_high,limit,MOH,XLV,off,57.2,2021-08-06,104,-662.2423599999984
2021-08-10 10:00:00,373.08,361.84,413.19,422.98,2021-08-10 15:54:00,stop,725,0,-1.0326921708185053,-0.031112522783317276,3.5685053380782903,0.8755314012105342,3,1.2988811772325857,56.17126379444623,0.23450767345346146,0.8755314012105342,18.03156565270507,0.20496063664464462,1.87082503793322,0.8632582320889317,True,True,0.09976164078460426,True,True,POC,52w_high,limit,ANSS,XLK,off,82.5,2021-08-09,72,-835.7371200000007
2021-08-11 10:00:00,164.84,163.18,168.17,170.62,2021-08-17 15:54:00,stop,731,4,-1.0988012048192772,-0.011065336083474864,2.006024096385537,0.9336034299966093,3,0.7182970454679724,47.452485049015586,0.2647848225418802,0.9336034299966093,29.597401665234383,0.04583139306090174,1.4583970425979216,0.7616698639109681,True,True,0.12993379577043562,True,True,VAH,swing_high,limit,KEYS,XLK,off,74.3,2021-08-10,160,-291.84159999999946
2021-08-11 10:00:00,186.37,183.98,191.16,195.69,2021-08-11 15:54:00,lrc_break,727,1,0.026571129707112798,0.0003407469013253205,2.0041841004183945,0.9025865194173246,3,0.7453386302599257,-23.45108673159976,0.31435472266431225,0.9025865194173246,35.46089491015268,0.10696891934394848,1.3545424366857224,0.13606942180313888,True,True,0.10800027356980735,True,True,swing_low,POC,limit,ZTS,XLV,off,71.7,2021-08-10,142,9.01771
2021-08-12 10:00:00,663.05,648.12,706.73,743.62,2021-08-12 15:54:00,lrc_break,728,1,0.8004447421299428,0.018023738782897227,2.925653047555272,0.8936078077346112,3,0.8935458382521894,-31.56587397405047,0.4185773499853855,0.8936078077346112,29.669235589014637,0.3829731683753471,1.781969627470843,0.9115179711785791,True,True,0.19655043763359714,True,True,swing_low,swing_high,limit,IDXX,XLV,off,80.7,2021-08-11,39,466.07496000000015
2021-08-12 10:00:00,319.73,310.54,343.96,352.51,2021-08-12 15:54:00,lrc_break,728,1,0.048953754080520336,0.0014070778469332929,2.6365614798694197,0.8326431864144848,3,1.2477844745831725,-31.487892065115403,0.2730077527379625,0.8326431864144848,25.69804282143794,0.03221135687081744,1.8683243506464526,0.5464369860272726,True,True,0.19018463919975437,True,True,AVWAP,52w_high,limit,VEEV,XLV,off,80.5,2021-08-11,82,36.890569999998505
2021-08-12 10:00:00,23.03,22.73,23.83,24.53,2021-08-12 15:54:00,lrc_break,728,1,-0.3766166666666653,-0.004905992184107679,2.666666666666651,0.5883652623652306,3,0.6796539940972577,4.801764187909865,0.13329520549120094,0.5883652623652306,24.371203193653013,0.17149457523914868,1.1189699001093039,0.3033210516279062,True,True,0.07679668637508352,True,True,AVWAP,swing_high,limit,ANET,XLK,off,66.4,2021-08-11,262,-29.602069999999962
2021-08-13 10:00:00,115.81,113.86,121.76,128.35,2021-09-13 15:54:00,trail,749,20,6.303062902943217,0.10613049530039971,3.0512820512820484,0.7969908875011976,3,0.77927155309005,12.945231178609134,0.39084696471414127,0.7969908875011976,28.848812840246595,0.1235994258144161,2.0074838987950905,0.7336524677945734,True,True,0.19152335377652818,True,True,VAL,52w_high,limit,NOW,XLK,off,77.0,2021-08-12,228,2802.341766648559
2021-08-13 10:00:00,320.9,314.4,337.67,350.0,2021-09-20 15:54:00,trail,753,25,4.121305969130747,0.08347924212947913,2.580000000000006,0.6435855824900654,3,0.6920525814433904,6.460312149521337,0.23417563117466558,0.6435855824900654,24.054386392178472,0.21048303934105922,1.626992933330446,0.801845448853448,True,True,0.14323467440941773,True,True,AVWAP,swing_high,limit,ABMD,XLV,off,69.7,2021-08-12,82,2196.656081546688
2021-08-13 10:00:00,111.94,110.2,115.43,116.98,2021-09-13 15:54:00,trail,749,20,0.8444808965472234,0.013126646060319495,2.0057471264367925,0.5707206627303398,3,1.0571355057082834,20.54769762754623,0.10280437563201605,0.5707206627303398,16.77216585213444,0.1541768276237068,1.3374459480187786,0.6541046666679498,True,True,-0.03797563029164297,True,True,POC,swing_high,limit,MDT,XLV,off,62.1,2021-08-12,52,76.40863151959255
2021-08-16 10:00:00,322.38,315.98,343.96,349.78,2021-08-16 15:54:00,lrc_break,730,1,-0.543874999999997,-0.010797195855822223,3.3718750000000095,0.7511828136012948,3,0.8970225280451165,-6.87801052272398,0.23971290882844154,0.7511828136012948,24.42517179637809,0.036294976946485064,2.033561940107936,0.1648185512521328,True,True,0.2161654649684872,True,True,VAL,52w_high,limit,VEEV,XLV,off,81.8,2021-08-13,82,-285.4255999999974
2021-08-16 10:00:00,516.77,508.98,532.36,544.73,2021-08-18 15:54:00,lrc_break,732,3,-0.4384236200256731,-0.006608974979197665,2.0012836970475103,0.9657944893047753,3,1.0154390310462973,37.48470555679024,0.3097573742568109,0.9657944893047753,42.68770232475054,0.28652127477250566,1.914389677879103,0.9358008522803318,True,True,0.2341753356973606,True,True,POC,LRC_upper,limit,INTU,XLK,off,77.3,2021-08-13,39,-133.1974799999991
2021-08-17 10:00:00,181.28,174.94,193.96,201.43,2021-09-27 15:54:00,trail,759,28,-0.8229043108169584,-0.028779861708845535,2.0,0.838436649147992,3,1.5865266938992655,50.66892771486447,0.5069682795437753,0.838436649147992,48.23373742878425,0.3661339432111979,3.814988961152528,0.9185054168058266,True,True,0.22885503024982934,True,True,swing_low,LRC_upper,limit,RVTY,XLV,off,76.0,2021-08-16,146,-761.7131462646097
2021-08-18 10:00:00,146.11,144.15,154.77,157.11,2021-08-18 15:54:00,stop,732,0,-1.0740459183673465,-0.014407843405653329,4.418367346938756,0.831706281673802,3,0.8105572672310175,31.200174273397906,0.3115181841410448,0.831706281673802,22.813790229490685,0.10849564969424956,1.4177362283655073,0.035324309213117695,True,True,0.14794865641279387,True,True,VAH,LRC_upper,limit,AAPL,XLK,off,81.2,2021-08-17,179,-376.8182700000014
2021-08-19 10:00:00,78.93,78.06,80.99,85.17,2021-10-14 15:54:00,time,771,40,-0.09072413793103402,-0.001,2.367816091953997,0.8709680040660084,3,0.8451191316763766,17.084371385851327,0.41618265652607433,0.8709680040660084,29.756263180717475,0.31185296565698684,1.1105887591259846,0.14559912707508874,True,True,0.14181130689268162,True,True,VAH,swing_high,limit,LB,XLF,off,77.9,2021-08-18,333,-26.283690000000004
2021-08-19 10:00:00,163.53,161.26,168.08,171.07,2021-08-19 15:54:00,stop,733,0,-1.0715396475770922,-0.014874304408977008,2.004405286343608,0.9253771490138862,3,0.9795190494386455,-7.578071018818227,0.25070060025168794,0.9253771490138862,25.68787938708458,0.24462029186143516,1.225370727466596,0.6838045587940049,True,True,0.13672102121760843,True,True,VAL,swing_high,limit,KEYS,XLK,off,77.3,2021-08-18,119,-289.4550050000012
2021-08-20 10:00:00,523.6,516.73,537.35,544.58,2021-09-13 15:54:00,lrc_break,749,16,1.937333333333337,0.025419174942704417,2.00145560407569,0.9535861183735601,3,0.8104490670779896,31.890959624874128,0.29265709854200395,0.9535861183735601,40.8552415997831,0.18938208355267183,1.7220326935510883,0.9101695475900361,True,True,0.2122220196140121,True,True,VAH,LRC_upper,limit,INTU,XLK,off,80.5,2021-08-19,36,479.14128000000113
2021-08-26 10:00:00,62.01,61.01,66.68,67.81,2021-09-20 15:54:00,trail,754,16,2.1102007910590523,0.034030007919030034,4.670000000000009,0.8569941423780679,2,0.7639998074697859,31.145064790125765,0.44102610468069364,0.8569941423780679,34.20117186103014,0.12801853013289471,1.8023074138801445,-0.5240336009057909,True,True,0.2827361550267764,True,True,POC,LRC_upper,limit,ARES,XLF,off,79.0,2021-08-25,8,16.88160632847242
2021-09-14 10:00:00,276.85,271.52,287.96,292.51,2021-09-14 15:54:00,lrc_break,750,1,0.4074906191369553,0.00784513274336279,2.0844277673545726,0.964046392340883,3,1.0296513047393587,-29.830743221077388,0.36355399096102237,0.964046392340883,38.876117982944024,0.1406183299098907,1.8665293289942337,0.9654880442358924,True,True,0.20691134793910293,True,True,POC,52w_high,limit,RMD,XLV,off,83.7,2021-09-13,98,212.84864999999888
2021-09-14 10:00:00,18.13,17.98,18.44,18.92,2021-09-14 15:54:00,stop,750,0,-1.1203666666666676,-0.009269442912299976,2.0666666666667015,0.869942450465316,3,0.7126001465685361,16.150707095729402,0.2270817187963946,0.869942450465316,31.64009258038974,0.1461396798900247,1.2640822034871184,0.6070725595419186,True,True,0.07627142477590176,True,True,POC,swing_high,limit,APH,XLK,off,73.4,2021-09-13,1506,-253.09082999999788
2021-09-15 10:00:00,477.92,463.97,523.64,537.43,2021-09-20 15:54:00,stop,754,3,-1.0337594982078853,-0.03017439111148307,3.27741935483871,0.905947560282962,3,1.3034163725706174,9.465218471862899,0.5467857407502058,0.905947560282962,36.578774480496854,0.015240894357029534,1.3567048279934897,0.7063919583885571,True,True,0.39929340290079396,True,True,VAL,LRC_upper,limit,MPWR,XLK,off,84.7,2021-09-14,57,-821.9938649999995
2021-09-15 10:00:00,409.37,401.78,428.22,435.93,2021-09-15 15:54:00,lrc_break,751,1,0.007957180500654826,0.0001475315729046349,2.483530961791824,0.9172401107489306,3,0.9336510606935938,-18.92395696637676,0.288156237174817,0.9172401107489306,33.61587589772723,0.01803700595298309,1.7170488546761278,0.8358370972718125,True,True,0.1668475942017742,True,True,POC,swing_high,limit,WAT,XLV,off,80.4,2021-09-14,66,3.986069999998046
2021-09-15 10:00:00,164.67,162.7,168.61,171.61,2021-09-17 15:54:00,stop,753,2,-1.0830888324873098,-0.012957338920264766,2.000000000000014,0.9512152133614804,3,0.7103351241019055,22.7045535345391,0.3953751032502921,0.9512152133614804,39.11405306817897,0.12290143965009516,2.43521130115951,0.9610071122766733,True,True,0.24081475533555374,True,True,swing_low,52w_high,limit,CDNS,XLK,off,79.7,2021-09-14,1,-2.133684999999999
2021-09-15 10:00:00,60.33,58.3,64.39,68.24,2021-09-15 15:54:00,lrc_break,751,1,-0.039566502463052204,-0.0013313442731641974,2.0,0.8260961824904038,2,1.1656092061109617,-10.520579196946722,0.4296741558507557,0.8260961824904038,14.891497032648036,-0.15042297694770168,1.2883099662330424,0.03912597006821379,True,True,0.2726519042526412,True,True,swing_low,swing_high,limit,FTNT,XLK,off,71.9,2021-09-14,2,-0.16063999999999204
2021-09-16 10:00:00,18.22,18.1,18.98,19.14,2021-09-17 15:54:00,stop,753,1,-1.1513333333333367,-0.007582875960482846,6.333333333333481,0.863315244625598,3,0.5647879601354496,24.08084401144405,0.22392454219573749,0.863315244625598,29.559585512169555,0.11891421942268388,1.2589435511476785,0.47569241151645836,True,True,0.07691536208632122,True,True,POC,LRC_upper,limit,APH,XLK,off,81.3,2021-09-15,1491,-205.99655999999618
2021-09-17 10:00:00,2.4,2.34,2.53,2.69,2021-09-17 15:54:00,stop,752,0,-1.0394999999999999,-0.02598750000000002,2.166666666666663,0.006061144796603106,3,0.8526927008509441,47.95945347768147,0.0183411549720083,0.006061144796603106,17.365390143718223,0.1557740989190043,1.2819573269934266,0.8707931128574579,True,True,-0.11123592622637213,True,True,POC,swing_high,limit,AIV,XLF,off,41.6,2021-09-16,1,-0.06237000000000005
2021-09-20 10:00:00,128.87,125.51,136.22,140.92,2021-09-28 15:54:00,trail,760,6,-0.9357557519488031,-0.024397759963901436,2.1874999999999987,0.8328946919593933,3,1.3609156892928203,38.299213907718304,0.3366381223338657,0.8328946919593933,39.20695540218155,0.11044750142828805,1.3430166537928019,0.5428102947370596,True,True,0.14803150162096368,True,True,swing_low,swing_high,limit,NOW,XLK,off,72.8,2021-09-17,210,-660.2692585750754
2021-09-20 10:00:00,51.16,50.49,52.6,53.69,2021-10-12 15:54:00,trail,769,16,-1.001865522198048,-0.013120600075697552,2.149253731343308,0.025701466303742492,3,0.8737610470750558,47.191105405242645,0.01777862463630154,0.025701466303742492,17.559576648633907,0.026677278531111494,1.4437925542094427,0.21176363726798797,True,False,-0.050503653747336674,True,True,swing_low,swing_high,limit,K,XLV,off,41.0,2021-09-17,1,-0.6712498998726867
2021-09-21 10:00:00,784.92,766.47,827.39,878.39,2021-09-21 15:54:00,lrc_break,754,1,-0.010580758807586384,-0.00024870687458590436,2.3018970189701995,0.8299259785703342,2,1.0566925636405402,-11.573502389737275,0.3936006423632921,0.8299259785703342,35.093447322086256,0.16296565079699463,1.256680053953291,-0.5534538612072035,True,True,0.22172849802019967,True,True,AVWAP,swing_high,limit,BIO,XLV,off,73.7,2021-09-20,34,-6.637309999998919
2021-09-21 10:00:00,307.79,303.48,316.41,324.66,2021-09-21 15:54:00,lrc_break,755,1,-0.3056345707656722,-0.004279817407973123,2.0,0.9029841869094558,2,0.9956520530300139,-36.11154888303471,0.20505480219807729,0.9029841869094558,38.62391943248612,-0.13862053601461036,1.233414064292263,0.28303700723770137,True,True,0.13992124791091554,True,True,AVWAP,POC,limit,ACN,XLK,off,70.5,2021-09-20,88,-115.9210800000042
2021-09-21 10:00:00,611.72,596.33,645.67,680.84,2021-09-21 15:54:00,lrc_break,754,1,0.10897563352826284,0.00274167102595953,2.2059779077322914,0.8443143156643261,2,1.1200385912938646,-13.730115694472106,0.3642312997689109,0.8443143156643261,32.20575731151826,-0.05302380134579112,1.7023431468280892,0.5074786815014437,True,True,0.13187272058925092,True,True,AVWAP,swing_high,limit,EPAM,XLK,off,67.9,2021-09-17,2,3.3542699999999273
2021-09-21 10:00:00,16.36,15.96,17.17,18.16,2021-10-27 15:54:00,trail,780,26,6.474435119799887,0.15829914718337076,2.025000000000013,0.021858551343147105,3,0.6769861038029151,66.56584761008423,0.04001004054254867,0.021858551343147105,17.514178133193603,0.2163988179003661,1.1831823160410235,0.8281664169692036,True,False,-0.06722548965334385,True,True,POC,swing_high,limit,GT,XLF,off,40.2,2021-09-20,27,69.92389929383853
2021-09-22 10:00:00,275.7,269.57,287.96,295.61,2021-09-23 15:54:00,stop,757,1,-1.0444755301794455,-0.02322319550235762,2.0,0.8708945398777374,3,1.161127596003904,-3.3279124786851417,0.30738684206063016,0.8708945398777374,28.365223057091708,0.13666859852993288,1.655585727593708,0.21719819556156977,True,True,0.17588952690966475,True,True,swing_low,52w_high,limit,RMD,XLV,off,78.2,2021-09-21,98,-627.4582299999996
2021-09-22 10:00:00,59.9,58.76,62.2,63.15,2021-09-28 15:54:00,lrc_break,760,5,-0.47338596491227775,-0.009009348914858046,2.0175438596491255,0.7793731630778493,3,1.271428388667333,-5.488768786672855,0.17257081542889258,0.7793731630778493,21.430018281680514,0.03264074836280907,1.1632735096068547,0.08841876377797545,True,True,0.0575579147349512,True,True,AVWAP,52w_high,limit,NDAQ,XLF,off,72.8,2021-09-21,453,-244.46597999999858
2021-09-23 10:00:00,491.05,468.76,539.29,557.58,2021-11-03 15:54:00,trail,785,29,0.7196732256688871,0.03266778576552186,2.1641991924629838,0.7770189347458899,3,2.1690501027368088,33.88909053318784,0.5113435228644609,0.7770189347458899,29.679978681682943,0.13977752875099875,1.9746709522098032,0.760346777499382,True,True,0.3311590710053942,True,True,POC,LRC_upper,limit,PAYC,XLK,off,79.0,2021-09-22,1,16.04151620015951
2021-09-24 10:00:00,178.87,176.5,189.39,192.64,2021-09-27 15:54:00,stop,759,1,-1.0749725738396623,-0.014243221333929693,4.438818565400828,0.8494914526370205,2,0.8386882758166198,25.81656696147414,0.29231455341946505,0.8494914526370205,33.25022889487316,0.11533904579336661,1.1745464059587707,-0.6647010986410542,True,True,0.13578797830374834,True,True,VAL,LRC_upper,limit,KEYS,XLK,off,72.5,2021-09-23,148,-377.05738000000065
2021-09-28 10:00:00,71.33,70.68,73.76,75.3,2021-09-28 15:54:00,stop,760,0,-1.109238461538463,-0.01010801906631139,3.738461538461598,0.5800528441813501,2,0.5770149497538398,41.44073247115499,0.2123948112003815,0.5800528441813501,19.724780449560516,0.033105825663050634,1.3793681937334517,-0.2839304956821471,True,True,0.0747955728226235,True,True,VAH,swing_high,limit,CTSH,XLK,off,59.6,2021-09-27,376,-271.0978799999968
2021-09-28 10:00:00,78.05,76.87,80.41,83.45,2021-09-30 15:54:00,stop,762,2,-1.0656440677966106,-0.01611095451633559,2.000000000000012,0.00014482165458498854,3,0.7954288750862272,73.80755191811113,0.001765280125709802,0.00014482165458498854,11.023306540399723,0.030540994874204898,1.0050938739267596,0.0070989492553011095,True,True,0.019928030138849584,True,True,AVWAP,LRC_upper,limit,HSIC,XLV,off,41.7,2021-09-27,322,-404.9021199999977
2021-09-29 10:00:00,95.85,92.17,107.27,112.5,2021-11-11 15:54:00,trail,792,31,3.314673913043488,0.12726134585289528,3.103260869565224,0.5277467462754238,3,0.999100247063222,15.524667974433179,0.2959310708358707,0.5277467462754238,19.400316135692712,0.004745557316795613,1.6634333732133628,0.5761533974946399,True,True,0.009549125571791883,True,True,VAL,swing_high,limit,FSLR,XLK,off,68.3,2021-09-28,276,3366.648000000003
2021-09-29 10:00:00,168.7,165.86,174.38,177.67,2021-10-01 15:54:00,stop,763,2,-1.0589014084507047,-0.01782620035566079,2.00000000000002,0.3977089498196377,3,0.9542009604224584,49.67992334480918,0.09052829967983307,0.3977089498196377,16.008845812748966,0.24153362952608598,1.0146854740110385,0.36982009978716124,True,True,-0.0020435934231393116,True,True,AVWAP,52w_high,limit,TXN,XLK,off,55.3,2021-09-28,156,-469.13567999999606
2021-09-30 10:00:00,134.52,130.6,142.36,149.63,2021-09-30 15:54:00,lrc_break,761,1,-0.4040293367346966,-0.011773676776687609,1.9999999999999927,0.8256945806794493,2,1.2631971871918588,-1.5406457335212862,0.40219987576765465,0.8256945806794493,21.968119667147295,0.12349047822884367,1.5508126379818574,-0.6278315380886488,True,True,0.22021874383113227,True,True,AVWAP,swing_high,limit,CTLT,XLV,off,71.5,2021-09-29,195,-308.8400250000033
2021-10-01 10:00:00,562.48,548.99,601.89,616.13,2021-10-01 15:54:00,stop,763,0,-1.041196071163825,-0.02497108341629926,2.9214232765011077,0.8102881430987477,3,0.9487499343424737,-2.228846013094012,0.2322560354303465,0.8102881430987477,25.284376219042176,0.011687792247944528,1.481162671281133,0.8698027534942723,True,True,0.12509648106762183,True,True,POC,LRC_upper,limit,TMO,XLV,off,76.7,2021-09-30,46,-646.1038100000004
2021-10-01 10:00:00,11.37,11.09,11.94,12.33,2021-10-11 15:54:00,lrc_break,768,7,-0.7545357142857135,-0.018581354441512692,2.0357142857142914,0.2622162117236311,3,0.769848191047441,35.81148453834331,0.13522627739407517,0.2622162117236311,23.27325442864921,0.027754553496461595,1.0107756888091233,0.8712465810642107,True,True,-0.07665975289027493,True,True,swing_low,swing_high,limit,LUMN,XLF,off,50.1,2021-09-30,2254,-476.2025799999984
2021-10-04 10:00:00,45.31,44.33,47.58,49.75,2021-10-11 15:54:00,stop,769,5,-1.3415051020408142,-0.029015118075480094,2.3163265306122316,0.6154527582201808,3,0.7062630521341854,9.039865171614553,0.3806826192404048,0.6154527582201808,25.592726927298678,0.12753946246198347,1.446651301384112,0.40792316154196956,True,True,0.1777089676390602,True,True,AVWAP,POC,limit,ON,XLK,off,68.4,2021-10-01,579,-761.1968250000019
2021-10-05 10:00:00,562.93,546.19,603.14,617.88,2021-11-30 15:54:00,time,804,40,3.6037401433692025,0.10716538468370859,2.4020310633214033,0.7594209078932411,3,1.140290531689301,-2.495459200539798,0.21758693723186703,0.7594209078932411,25.00338299087575,0.029098825190088048,1.390273445040029,0.7940830217015981,True,True,0.09411796586595833,True,True,VAL,LRC_upper,limit,TMO,XLV,off,74.5,2021-10-04,44,2654.3708400000028
2021-10-12 10:00:00,67.87,66.49,71.0,72.73,2021-10-13 15:54:00,stop,770,1,-1.0486811594202896,-0.021322823044054952,2.2681159420289663,0.6527266250336466,3,0.7781423614246245,69.64540860496643,0.32741923411756163,0.6527266250336466,29.438346917841653,0.015608479630530095,1.5917705184638142,0.9414684750840314,True,True,0.19921596919337592,True,True,VAH,LRC_upper,limit,CMA,XLF,off,70.6,2021-10-11,387,-560.0586600000037
2021-10-12 10:00:00,141.73,137.26,150.67,155.37,2021-11-22 15:54:00,trail,549,29,8.794992745160945,0.27738388182367474,2.0,0.6417255548478539,2,0.8733360034268577,24.801052525058733,0.28940279361196986,0.6417255548478539,15.065716231021286,0.17465252754382415,1.3096590857259451,-0.17377393235844954,True,True,0.3070820312316873,True,True,VAL,52w_high,limit,DDOG,XLK,off,64.5,2021-10-11,172,6761.94222218954
2021-10-13 10:00:00,68.07,66.67,70.88,72.57,2021-10-18 15:54:00,stop,774,3,-1.0481214285714289,-0.021556779785514787,2.007142857142871,0.05458956859539772,2,0.896464231961485,73.22323887002926,0.06080695851838017,0.05458956859539772,33.216017897457405,-0.31256590490400976,1.0460439274667184,0.8305559330421579,True,True,0.012504890210843778,True,True,AVWAP,LRC_upper,limit,MRK,XLV,off,38.9,2021-10-12,1,-1.4673699999999916
2021-10-14 10:00:00,3.15,3.06,3.33,3.56,2021-12-09 15:54:00,time,810,40,-0.03500000000000006,-0.001,2.000000000000005,0.5043423391541445,2,0.8218151187612641,58.907085988345344,0.2491816418539624,0.5043423391541445,21.856570243735767,-0.3175040615692036,1.078269700025984,0.4466515211420796,True,True,0.18968072306845185,True,True,VAH,LRC_upper,limit,FI,XLF,off,60.8,2021-10-13,8173,-25.74495
2021-10-15 10:00:00,52.22,51.19,54.29,55.76,2021-10-19 15:54:00,stop,774,2,-1.0501990291262135,-0.020714381463041005,2.009708737864076,0.7850864925718868,3,0.7512962689934357,41.19134512765951,0.3245889967660259,0.7850864925718868,22.971090000239677,0.03503437051694688,1.0464245613672751,0.753045168004692,True,True,0.20553724971977183,True,True,swing_low,swing_high,limit,ZION,XLF,off,72.5,2021-10-14,502,-543.0159100000006
2021-10-20 10:00:00,155.06,151.93,161.33,166.43,2021-11-03 15:54:00,stop,785,10,-1.0490399361022364,-0.02117564168708884,2.00319488817892,0.7816592228725496,3,0.7262356739053811,63.20889264253262,0.5716396401484927,0.7816592228725496,33.60241334242899,0.06757028911752258,1.4804925814662186,0.7442301138149089,True,True,0.2685650066273202,True,True,swing_low,52w_high,limit,PXD,XLF,off,72.2,2021-10-19,166,-545.0601699999993
2021-10-28 10:00:00,19.07,18.66,19.91,20.25,2021-11-17 15:54:00,lrc_break,796,15,1.0992560975609724,0.02363371788148919,2.048780487804877,0.7188917999845844,3,0.8946504880577704,58.72312133455204,0.3609397407767363,0.7188917999845844,30.188243884210582,0.04311584296812936,1.2743982763848742,0.9204489449226707,True,True,0.16999181782205874,True,True,VAH,52w_high,limit,RF,XLF,off,75.3,2021-10-27,29,13.070154999999968
2021-11-04 10:00:00,416.9,410.77,429.31,435.66,2021-11-26 15:54:00,lrc_break,802,16,2.7886362153344293,0.04100345406572329,2.0244698205546547,0.8058734402582564,3,0.8173273761652664,67.56089484987325,0.32319010048610486,0.8058734402582564,44.1778708275808,0.2615048318247983,1.6262071981018806,0.9792046285567937,True,True,0.162658874549664,True,True,POC,LRC_upper,limit,FDS,XLF,off,75.0,2021-11-03,61,1042.7547400000024
2021-11-04 10:00:00,49.99,49.01,52.86,54.0,2021-11-04 15:54:00,stop,719,0,-1.0505102040816325,-0.020594118823764832,2.928571428571414,0.7999977852379379,3,0.7938580487726551,18.977433263321622,0.2909190351605661,0.7999977852379379,24.02019988678613,0.07544582936881544,1.1491294386096567,0.4159455428559241,True,True,0.0477740888096323,True,True,VAL,swing_high,limit,DELL,XLK,off,72.2,2021-11-03,5,-5.1475000000000195
2021-11-08 10:00:00,50.94,49.98,52.86,54.08,2021-11-09 15:54:00,stop,722,1,-1.0525624999999998,-0.01983627797408718,2.0,0.8451680787790503,3,0.745758974667298,34.30776659306197,0.30309246967423575,0.8451680787790503,21.85044069568268,0.1295447671828472,1.166815947141548,0.22982355418681757,True,True,0.07298242236086794,True,True,POC,52w_high,limit,DELL,XLK,off,70.7,2021-11-05,5,-5.052300000000004
2021-11-10 10:00:00,234.27,231.82,240.16,243.54,2021-11-10 15:54:00,stop,791,0,-1.0951204081632646,-0.011452789516370073,2.404081632653039,0.21941098260385072,3,0.5593338747374147,63.77246289862334,0.07402438007118065,0.21941098260385072,19.43514027916442,0.11940602241706842,1.1027213204535313,0.892829280616601,True,True,0.04990012652686415,True,True,POC,52w_high,limit,MSI,XLK,off,51.5,2021-11-09,1,-2.683045000000017
2021-11-11 10:00:00,50.92,49.95,52.86,54.35,2021-11-19 15:54:00,stop,730,6,-1.0519948453608248,-0.020039964650432028,2.0,0.8333190625237874,2,0.7635489531691886,33.48109011106051,0.29557934950769277,0.8333190625237874,18.308916218240046,0.1658587548651528,1.2968389462603622,-0.11400179045197857,True,True,0.06846131887386253,True,True,POC,52w_high,limit,DELL,XLK,off,62.0,2021-11-10,5,-5.102174999999995
2021-11-12 10:00:00,666.48,637.03,725.4,756.52,2021-11-22 15:54:00,stop,798,6,-1.0221308998302208,-0.04516527877805793,2.0006791171477034,0.3349382517600691,3,1.4599420843842992,49.93950695166326,0.23772745727190636,0.3349382517600691,28.69744281268117,0.18500819918172678,1.3372041663408616,0.8202361539680952,True,True,0.049499057657116374,True,True,AVWAP,52w_high,limit,EPAM,XLK,off,56.3,2021-11-11,42,-1264.2737100000018
2021-11-15 10:00:00,316.67,312.44,325.14,336.52,2021-11-18 15:54:00,stop,797,3,-1.0743628841607562,-0.014351075251839512,2.002364066193838,0.27066270629758826,3,0.6492201949713173,52.28097358263869,0.15249801646094585,0.27066270629758826,25.08503545554446,0.015415270713422467,1.1257357656406644,0.849255293675795,True,True,-0.05664162720212507,True,True,VAL,swing_high,limit,VEEV,XLV,off,48.9,2021-11-12,5,-22.72277500000009
2021-11-18 10:00:00,204.7,198.85,216.42,224.64,2021-11-26 15:54:00,lrc_break,801,6,-0.5168017094017088,-0.014769369809477252,2.003418803418805,0.8589220599195169,2,1.1955095961466582,19.748059040039728,0.3209025277642575,0.8589220599195169,16.52768258462788,0.01654578120856905,1.1097344117648984,-0.09789141686040927,True,True,0.04769457316754999,True,True,VAL,52w_high,limit,AAP,XLF,off,62.7,2021-11-17,3,-9.06986999999998
2021-11-19 10:00:00,98.11,96.62,101.1,103.1,2022-01-18 15:54:00,time,837,40,12.216600671140982,0.18553394149424116,2.006711409395977,0.8076782133016465,3,1.0568931970474256,53.68456228645753,0.2312904963545881,0.8076782133016465,32.720726189349556,0.2396392351810439,1.1906763102708882,0.7172296428681006,True,True,-0.055872329690058065,True,True,swing_low,swing_high,limit,ABBV,XLV,off,64.3,2021-11-18,17,309.446495
2021-11-22 10:00:00,52.12,51.18,54.0,54.97,2021-11-22 15:54:00,stop,799,0,-1.0549468085106384,-0.01902628549501147,2.0000000000000075,0.753173740471636,3,1.1297284530080052,64.7068085802104,0.30854604640716715,0.753173740471636,43.368822885874806,0.24973998989567422,1.377984409140139,0.9293304453812122,True,True,0.14465762755370748,True,True,VAH,LRC_upper,limit,AVGO,XLK,off,72.7,2021-11-19,6,-5.949899999999986
2021-11-23 10:00:00,286.59,281.13,297.51,305.0,2021-11-23 15:54:00,lrc_break,800,1,-0.16781593406593387,-0.0031971631948078984,2.00000000000001,0.8683552968572138,3,0.9537037925354335,-17.23028738731383,0.34407008722151416,0.8683552968572138,26.015362187112284,0.0370531714067845,1.8466387684605505,0.42222964260572843,True,True,0.11166438859731675,True,True,swing_low,POC,limit,CRM,XLK,off,70.0,2021-11-22,97,-88.87867499999956
2021-11-23 10:00:00,248.76,244.76,259.58,264.51,2021-11-29 15:54:00,stop,803,3,-1.06169,-0.01707171570992121,2.7049999999999983,0.835606406054213,3,0.7061196715002086,31.13775394573907,0.33300305930427776,0.835606406054213,18.192623461953826,0.1295576864039565,1.1680614433867715,0.4105502742800031,True,True,-0.03305985244625986,True,True,swing_low,swing_high,limit,LLY,XLV,off,68.9,2021-11-22,112,-475.63712000000004
2021-11-23 10:00:00,26.55,25.98,27.83,29.44,2021-12-14 15:54:00,trail,814,14,4.635289473684205,0.09951468926553665,2.245614035087714,0.778311371639281,2,0.9385210773329482,49.21207554494699,0.33432702917138674,0.778311371639281,25.966373188117778,-0.11807337697738643,1.035974955074826,0.46196605565767807,True,True,0.08162390581498702,True,True,POC,LRC_upper,limit,HPQ,XLK,off,68.2,2021-11-22,95,251.00092499999985
2021-11-24 10:00:00,149.46,144.11,161.88,167.69,2021-12-03 15:54:00,stop,807,6,-1.0274364485981309,-0.03677763281145453,2.321495327102804,0.873302054067667,3,0.8476187993655182,47.73796947430801,0.7935479581081614,0.873302054067667,57.38295508996521,0.09938514260684125,1.2796860826862722,0.7171014108715091,True,True,0.34980144748197084,True,True,POC,52w_high,limit,AMD,XLK,off,78.9,2021-11-23,185,-1016.9052249999991
2021-11-29 10:00:00,22.15,21.26,23.95,25.08,2021-11-30 15:54:00,stop,803,1,-1.0243876404494383,-0.04116049661399535,2.022471910112367,0.9084306248626475,3,0.9482232945416886,5.609902934962458,0.7990060258471885,0.9084306248626475,39.86645895342509,0.09981341648646049,1.3166064096573162,0.667126148559688,True,True,0.32783815177251996,True,True,VAL,swing_high,limit,FLR,XLF,off,81.1,2021-11-26,1226,-1117.7503299999964
2021-11-30 10:00:00,73.36,71.76,77.64,80.78,2021-11-30 15:54:00,stop,804,0,-1.0453500000000002,-0.022799345692475385,2.67500000000001,0.8630747086829668,3,0.86467634863486,8.618733039139,0.43387408161531094,0.8630747086829668,26.945757655324908,0.01702842475647284,1.1108394932622383,0.06821587631902563,True,True,0.15981607608351256,True,True,swing_low,52w_high,limit,CNC,XLV,off,76.6,2021-11-29,373,-623.8648799999979
2021-11-30 10:00:00,2.6,2.52,2.77,2.93,2021-11-30 15:54:00,lrc_break,803,1,-0.28237499999999993,-0.008688461538461544,2.1249999999999973,0.8545704757189713,2,0.9728473555833954,-30.707110727658314,0.3159918277242477,0.8545704757189713,22.25823224999324,-0.027790718846515558,2.349284579179985,0.6824711503581766,True,True,0.06388147253788312,True,True,swing_low,POC,limit,AIV,XLF,off,62.2,2021-11-29,9,-0.20331000000000016
2021-12-01 10:00:00,91.72,89.47,96.22,98.34,2021-12-01 15:54:00,stop,804,0,-1.0402644444444444,-0.02551891626689926,2.0,0.8398781547039319,2,1.150530339172377,-40.78605705451933,0.3141221896479758,0.8398781547039319,24.820639407079586,0.028388993942784595,1.133002870194428,-1.4650481868703836e-05,True,True,0.10190752719011575,True,True,swing_low,POC,limit,RHI,XLF,off,69.2,2021-11-30,304,-711.54088
2021-12-01 10:00:00,212.19,208.6,219.38,231.03,2021-12-01 15:54:00,stop,804,0,-1.0586058495821726,-0.017910339789811037,2.0027855153203316,0.8096185358999983,2,0.8001171950450519,-9.9211380325174,0.27034294851759955,0.8096185358999983,34.3972473331135,0.16231263074164223,1.590597974434082,-0.1511591829264612,True,True,0.0767999497787819,True,True,swing_low,swing_high,limit,FRC,XLF,off,64.6,2021-11-29,131,-497.8517450000004
2021-12-01 10:00:00,65.14,63.19,69.05,73.24,2021-12-01 15:54:00,stop,805,0,-1.0329051282051283,-0.030920555726128382,2.0051282051282007,0.6992493987461382,3,0.7680006058329082,10.581752115087486,0.29013311082091287,0.6992493987461382,17.832409494631587,0.05079477933452601,1.5431663210167281,0.2739567272150047,True,True,0.07656183047645393,True,True,swing_low,swing_high,limit,FTNT,XLK,off,64.4,2021-11-30,376,-757.3260400000011
2021-12-02 10:00:00,514.99,503.89,542.07,571.63,2021-12-03 15:54:00,stop,806,1,-1.0458954954954953,-0.02254303967067326,2.4396396396396383,0.8666770310692768,3,0.8875039234384845,13.833905292689352,0.5478807287568397,0.8666770310692768,46.568768614208146,0.06052480136094088,1.2707919809181674,0.572076771440115,True,True,0.16772779418109218,True,True,VAL,52w_high,limit,POOL,XLV,off,80.1,2021-12-01,52,-603.6908800000011
2021-12-02 10:00:00,223.68,217.17,239.12,245.83,2021-12-03 15:54:00,lrc_break,807,2,-0.0343594470046082,-0.001,2.3717357910906225,0.8378229487695771,3,1.075321465208578,0.22436974917653588,0.3500449843909885,0.8378229487695771,29.880226114167655,0.09635656385498216,1.4641581024888868,0.7391899216155062,True,True,0.14647705544563916,True,True,AVWAP,52w_high,limit,FFIV,XLK,off,76.6,2021-12-01,121,-27.06528
2021-12-02 10:00:00,258.4,253.45,272.25,278.05,2022-01-05 15:54:00,trail,829,23,0.9026761898368677,0.017291978094785162,2.797979797979809,0.4401116420251564,2,0.7622816527469093,34.76323124921743,0.15632188827753676,0.4401116420251564,16.88266576736296,-0.16488306463404917,1.1518159005458166,0.7517975342276444,True,True,0.025358703463237653,True,True,AVWAP,52w_high,limit,IQV,XLV,off,53.4,2021-12-01,94,420.0152311310936
2021-12-03 10:00:00,22.78,21.63,25.08,26.42,2022-01-10 15:54:00,lrc_break,831,26,0.3539173913043469,0.017866769095697968,1.9999999999999938,0.8725352653854391,2,1.049808223076866,26.99389210013029,0.7360649762151872,0.8725352653854391,34.63850935334917,0.1023187424465822,1.4870163757298238,-0.038958315437848584,True,True,0.39578207141655875,True,True,VAL,52w_high,limit,FLR,XLF,off,70.4,2021-12-02,5,2.0350249999999983
2021-12-06 10:00:00,41.64,40.58,43.82,45.26,2021-12-06 15:54:00,stop,808,0,-1.0387830188679243,-0.02644356388088382,2.056603773584901,0.8029032769135739,3,0.7609817562865688,70.420100404196,0.5214460565900024,0.8029032769135739,46.497892591847766,0.17467445585994654,1.0026160978478744,0.21058027093072712,True,True,0.20296180544914755,True,True,VAH,LRC_upper,limit,PFE,XLV,off,73.8,2021-12-03,648,-713.5192800000015
2021-12-06 10:00:00,155.74,149.4,168.44,182.23,2021-12-17 15:54:00,lrc_break,817,10,0.519327287066244,0.02114122897136245,2.0031545741324894,0.8058465774040422,3,1.1701658417547045,34.689121148448024,0.7663835845452399,0.8058465774040422,49.07677941542004,0.07779130677533003,1.4725017698390666,0.3346542130556676,True,True,0.26076116677528294,True,True,VAL,swing_high,limit,QCOM,XLK,off,72.9,2021-12-03,173,569.6085549999981
2021-12-06 10:00:00,51.11,50.2,52.93,54.95,2022-01-06 15:54:00,trail,830,22,8.485265276969733,0.15107789868993207,2.000000000000008,0.8372250833619053,2,0.8165315508722613,15.519288910161983,0.33289586135840976,0.8372250833619053,30.280598690731836,-0.03158231773694462,1.470180849592303,0.6320636574281124,True,True,0.16252126161392222,True,True,VAL,swing_high,limit,AVGO,XLK,off,68.8,2021-12-03,507,3914.8468408355106
2021-12-07 10:00:00,624.2,609.92,657.19,674.36,2022-01-04 15:54:00,trail,828,19,-0.6631038508689339,-0.015170014403089446,2.310224089635841,0.7488862599926877,2,1.003529038132527,25.671862694481344,0.2336794535998635,0.7488862599926877,19.44843960196034,-0.001879851258061699,1.5789552887447302,0.11518618354765608,True,True,0.15292066726180198,True,True,swing_low,swing_high,limit,TMO,XLV,off,65.6,2021-12-03,42,-397.7031655971542
2021-12-13 10:00:00,443.99,433.54,467.47,476.32,2021-12-13 15:54:00,lrc_break,813,1,-0.15247990430622352,-0.0035888533525530618,2.246889952153114,0.9311789714664007,2,1.0508575428093834,-3.380373662615389,0.3395119720161786,0.9311789714664007,22.32127654411834,0.08514479292550031,1.6126688488691312,-0.7275838792212339,True,True,0.19095806235900192,True,True,VAL,LRC_upper,limit,FDS,XLF,off,76.6,2021-12-10,58,-92.41807000000198
2021-12-14 10:00:00,93.61,91.54,97.75,106.32,2022-01-24 15:54:00,trail,840,27,1.702695652173921,0.0376517466082684,2.0000000000000067,0.4268718215341817,2,0.7419736284999534,53.508937704983474,0.1715748186036761,0.4268718215341817,18.012236391349415,-0.19394213631998378,1.1299708913752133,0.12751906444667285,True,True,0.07501668090624691,True,True,swing_low,swing_high,limit,EMN,XLF,off,50.2,2021-12-13,274,965.7349200000012
2021-12-15 10:00:00,49.15,48.24,51.15,52.38,2021-12-20 15:54:00,stop,817,3,-1.196296703296707,-0.02214913530010171,2.197802197802206,0.5614430487562818,2,0.7757106613493985,4.021971746436735,0.20136980054505615,0.5614430487562818,19.143104592813565,-0.2829310462388038,1.6225553421270988,0.38280462032873047,True,True,0.06794143456210966,True,True,swing_low,swing_high,limit,LKQ,XLF,off,58.4,2021-12-14,57,-62.05190999999996
2021-12-20 10:00:00,90.67,88.89,95.06,102.05,2022-01-18 15:54:00,trail,837,19,1.2430910109386903,0.024403904262389656,2.4662921348314595,0.8149029132224131,3,0.5962832300582002,14.638136571717977,0.5256146597164265,0.8149029132224131,37.48493543572334,0.010615268114660233,1.1679703429950858,0.3495518379169761,True,True,0.2260241752306551,True,True,POC,swing_high,limit,STX,XLK,off,75.7,2021-12-17,303,670.4487058396736
2021-12-21 10:00:00,173.18,169.24,181.06,186.33,2021-12-21 15:54:00,lrc_break,818,1,0.29851395939086167,0.006791459752858264,2.0,0.7182181211156807,2,0.7812619969909504,-14.230983431595396,0.2840270383369141,0.7182181211156807,23.369681072051577,-0.23613189461507836,1.3537357220211963,0.014503109823924366,True,True,0.05441599298198452,True,True,swing_low,POC,limit,WHR,XLF,off,60.9,2021-12-20,16,18.81831999999991
2021-12-22 10:00:00,64.4,61.84,75.58,78.53,2022-01-10 15:54:00,trail,832,12,-0.9529856510246059,-0.03788265941961169,4.367187499999993,0.7858098572928409,3,0.8603662073890642,24.814845761003976,0.6961079104852356,0.7858098572928409,31.101409443984128,0.1904406139656739,1.8036889437648518,0.7955880630596984,True,True,0.2881842214719834,True,True,POC,LRC_upper,limit,ON,XLK,off,82.3,2021-12-21,43,-104.90466046478872
2022-01-05 10:00:00,448.72,439.72,470.23,478.97,2022-01-05 15:54:00,stop,829,0,-1.0493577777777778,-0.021047022642182205,2.389999999999999,0.8676251268411731,3,0.8942749685037069,-9.396856818063066,0.2047279360564746,0.8676251268411731,13.689755686294488,0.2632374348801797,3.2585978919493246,0.877583496881296,True,True,0.11517081738142187,True,True,VAL,swing_high,limit,FDS,XLF,off,77.2,2022-01-04,57,-538.3205399999999
2022-01-06 10:00:00,42.21,40.63,45.38,47.78,2022-01-06 15:54:00,lrc_break,830,1,0.1314335443037976,0.004919805733238569,2.0063291139240538,0.8350361626378261,3,0.9786847456853582,-6.608224894994715,0.5475895773595075,0.8350361626378261,31.305986477810475,0.06957821942382954,1.2892458833232812,0.35712486217728867,True,True,0.2742170235766539,True,True,AVWAP,POC,limit,PFE,XLV,off,73.6,2022-01-05,679,141.004535
2022-01-06 10:00:00,78.0,75.99,82.86,85.09,2022-01-06 15:54:00,stop,830,0,-1.0383059701492536,-0.02675634615384622,2.4179104477611877,0.6451747634976064,3,1.0319817955774917,20.13857140240632,0.31985412386967593,0.6451747634976064,27.74727514087127,0.09002694027018578,1.292103286512934,0.6921558617002384,True,True,0.20762059448274273,True,True,AVWAP,POC,limit,CNC,XLV,off,67.4,2022-01-05,274,-571.8366300000014
2022-01-07 10:00:00,220.78,213.59,236.46,242.99,2022-02-04 15:54:00,trail,850,19,2.7408095882491335,0.08925817981479874,2.1808066759388054,0.8515504906421959,3,1.6782295573520825,36.23230320074863,0.42863567045648193,0.8515504906421959,44.330174765341766,0.25285786144083505,1.2550172818722571,0.7437890663292854,True,True,0.18326202051732166,True,True,swing_low,LRC_upper,limit,VRTX,XLV,off,76.8,2022-01-06,128,2522.421880257442
2022-01-07 10:00:00,1597.98,1571.76,1714.75,1745.84,2022-01-07 15:54:00,stop,831,0,-1.060445080091533,-0.017400011264221096,4.453470633104495,0.7180486566018083,3,0.6458390724559879,15.727439671303864,0.22403634413139445,0.7180486566018083,27.017819949235623,0.1765432783044064,1.710848069894617,0.7742413804423227,True,True,0.09688411557053178,True,True,POC,swing_high,limit,MTD,XLV,off,76.2,2022-01-06,17,-472.68279000000047
2022-01-07 10:00:00,65.84,64.57,68.39,70.07,2022-01-14 15:54:00,stop,836,5,-1.051342519685039,-0.020279541312272328,2.0078740157480133,0.8635504072760453,3,0.9594350127692189,23.651551327755595,0.22095833431402362,0.8635504072760453,16.324148731898436,0.0009601889713911589,1.5449700246205211,0.5268832537581362,True,True,0.10977510816704972,True,True,POC,swing_high,limit,BRO,XLF,off,72.3,2022-01-06,364,-486.01462000000373
2022-01-10 10:00:00,79.11,77.64,82.93,84.73,2022-01-21 15:54:00,stop,840,8,-1.0533163265306122,-0.0195724307925673,2.59863945578232,0.7214095347698046,3,0.9440346650070268,41.31565286852472,0.2586467204582,0.7214095347698046,35.517982190553035,0.0909120520884987,1.2284909352258506,0.8674337021741813,True,True,0.1164170578396031,True,True,POC,swing_high,limit,CTSH,XLK,off,66.7,2022-01-07,338,-523.3507499999996
2022-01-11 10:00:00,62.26,60.42,67.9,73.46,2022-01-11 15:54:00,lrc_break,833,1,1.0199836956521786,0.030144073241246468,3.0652173913043583,0.7543275411545257,3,0.8823569561648376,-21.639753116067677,0.3640936891062611,0.7543275411545257,28.654910560773004,0.007903216747875435,1.3434762863506695,0.08311513597902435,True,True,0.15278226826922547,True,True,swing_low,swing_high,limit,LRCX,XLK,off,71.7,2022-01-10,44,82.5778800000002
2022-01-12 10:00:00,74.0,72.36,78.28,84.97,2022-01-13 15:54:00,stop,835,1,-1.0446219512195123,-0.02315108108108109,2.6097560975609753,0.7967170059041335,3,0.8572384312123725,15.820036093703813,0.5748884661913932,0.7967170059041335,48.176806124758116,0.01101851757089386,1.5410963960390525,0.4311719824608827,True,True,0.3435950648078683,True,True,VAL,swing_high,limit,CIEN,XLK,off,79.5,2022-01-11,38,-65.10084000000002
2022-01-12 10:00:00,23.65,23.0,24.95,26.66,2022-01-14 15:54:00,stop,835,2,-1.205030769230769,-0.03311923890063417,2.0000000000000053,0.5932054752248049,3,0.6962814909428237,12.204937829828797,0.2818498900466457,0.5932054752248049,21.718392341558676,0.025168142558293645,1.5972134521452739,0.7508555567479716,True,True,0.3557517237625265,True,True,swing_low,swing_high,limit,FLR,XLF,off,69.3,2022-01-11,2,-1.566539999999996
2022-01-14 10:00:00,167.36,164.86,177.9,188.21,2022-01-18 15:54:00,lrc_break,837,2,-0.666644,-0.009958233747609941,4.215999999999997,0.7798638445151516,2,0.6349646496999591,-2.3751267294610945,0.35735281606443553,0.7798638445151516,30.13818663402408,-0.05601408892720823,1.2399204126985246,0.13848723819469053,True,True,0.16444799571471136,True,True,VAL,swing_high,limit,AAPL,XLK,off,71.3,2022-01-13,16,-26.66576
2022-01-18 10:00:00,17.65,17.07,18.81,19.36,2022-01-20 15:54:00,stop,838,2,-1.1160948275862084,-0.03667620396600561,2.000000000000006,0.8185982170035002,3,1.4356216934411141,57.516418294975544,0.45967061152721755,0.8185982170035002,33.869751955533815,0.2101775392330327,1.2737019569760635,0.8271650124929278,True,True,0.14395268568818942,True,True,swing_low,LRC_upper,limit,XRX,XLF,off,71.8,2022-01-14,1337,-865.4868949999988
2022-01-19 10:00:00,75.04,73.79,77.54,78.97,2022-01-20 15:54:00,stop,838,1,-1.0595320000000001,-0.017649453624733476,2.0,0.7082583420716531,3,0.9017720506529452,38.86508946770669,0.15487065901032362,0.7082583420716531,11.155811280602228,0.08394675794225893,1.0952844720096728,0.9442567610244127,True,True,0.06790691421766493,True,True,VAL,swing_high,limit,EQR,XLF,off,67.4,2022-01-18,377,-499.304455
2022-01-19 10:00:00,44.12,43.37,45.62,46.47,2022-01-21 15:54:00,stop,840,2,-1.0583266666666666,-0.017990593834995468,2.0,0.2257756288500001,3,0.7366296163995447,70.93581160313191,0.12461701926436461,0.2257756288500001,19.042652495866005,0.08099495409326044,1.3229831362833078,0.7714620253658737,True,True,0.02999677205233353,True,True,swing_low,swing_high,limit,BSX,XLV,off,51.5,2022-01-18,101,-80.168245
2022-01-19 10:00:00,4.43,4.3,4.71,4.97,2022-01-19 15:54:00,stop,838,0,-1.0335769230769232,-0.030330699774266345,2.1538461538461577,0.05048791673152392,3,0.9603294833425002,72.88040537519471,0.05722411272750177,0.05048791673152392,20.164440947015184,0.05310852582236664,1.1379123712160515,0.7611472587993448,True,True,0.25362812941113533,True,True,AVWAP,swing_high,limit,SMCI,XLK,off,48.7,2022-01-14,5,-0.6718249999999995
2022-01-21 10:00:00,59.61,58.01,65.2,77.88,2022-01-24 15:54:00,stop,840,1,-1.03675625,-0.02782771347089417,3.493749999999999,0.6277472903401056,3,1.0013023599908661,52.34877679121358,0.4179289125207713,0.6277472903401056,45.8751162174966,0.004465796637821342,1.104162561624702,0.8310038800356001,True,True,0.22427975858128057,True,True,swing_low,swing_high,limit,LW,XLF,off,68.9,2022-01-19,465,-771.3466500000007
2022-01-21 10:00:00,29.8,28.86,31.69,33.06,2022-01-21 15:54:00,lrc_break,840,1,-0.8079095744680844,-0.025484395973154376,2.0106382978723385,0.7845478743577944,2,1.2730085157120778,-15.507113291525949,0.42071733358906044,0.7845478743577944,33.343997401813475,0.003897008099283205,1.005787580952699,-0.5675479231744069,True,True,0.2996670573366196,True,True,swing_low,POC,limit,HPQ,XLK,off,64.5,2022-01-19,766,-581.7272100000004
2022-01-24 10:00:00,25.46,24.67,27.23,28.27,2022-01-28 15:54:00,stop,844,4,-1.031727848101266,-0.032013550667714025,2.2405063291139258,0.46718325675888295,2,1.0933779237251742,45.74663749060844,0.18555156751694268,0.46718325675888295,19.24881707737928,0.03067133251156285,0.7268075481345015,0.41948438982598774,True,True,0.12689990925956307,True,True,VAL,52w_high,limit,BBT,XLF,off,55.1,2022-01-19,1074,-875.3798099999991
2022-01-24 10:00:00,11.8,11.47,12.54,13.02,2022-01-24 15:54:00,stop,300,0,-1.0352575757575757,-0.0289521186440678,2.2424242424242373,0.20308787977474,3,1.1940618673213337,63.66229586657538,0.20412488119523203,0.20308787977474,39.399501562052876,0.12583135356916167,1.0313662536380401,0.8200035708465542,True,True,0.11305961314265689,True,True,swing_low,swing_high,limit,VTRS,XLV,off,51.2,2022-01-19,2160,-737.9316000000002
2022-02-01 10:00:00,116.93,113.28,124.6,127.84,2022-02-02 15:54:00,stop,848,1,-1.031535616438356,-0.03219964936286672,2.101369863013692,0.8350665658774055,3,1.6822707795101215,24.687578384596303,0.3508930065019773,0.8350665658774055,36.024864356893936,0.1026095981050135,1.9141100108789801,0.8513013367748183,True,True,0.24073869066260078,True,True,POC,LRC_upper,limit,ABBV,XLV,off,79.4,2022-01-31,232,-873.5043600000014
2022-02-01 10:00:00,55.89,54.23,59.21,61.4,2022-02-22 15:54:00,lrc_break,861,15,0.47210240963855093,0.014022007514761072,1.9999999999999958,0.8061270505033229,3,1.3110286111721152,40.41652040829708,0.29047799410510283,0.8061270505033229,19.838188732569797,0.15565925750867393,1.461753950686195,0.628880509095781,True,True,0.210828483058199,True,True,VAL,LRC_upper,limit,AFL,XLF,off,74.0,2022-01-31,486,380.87333999999817
2022-02-01 10:00:00,97.84,95.49,102.55,105.61,2022-02-24 15:54:00,stop,863,16,-1.0411340425531912,-0.02500679681112028,2.004255319148926,0.7111492993219715,3,0.9165958247668602,39.85823982534128,0.32198618389992284,0.7111492993219715,22.29479466207531,0.09873502434171941,1.0223474595375979,0.6707680764397437,True,True,0.18445149638552638,True,True,VAL,swing_high,limit,GL,XLF,off,70.8,2022-01-31,277,-677.7262050000023
2022-02-01 10:00:00,19.32,18.75,21.4,22.03,2022-02-24 15:54:00,trail,862,16,-0.06910677068661572,-0.0020388643525554337,3.649122807017539,0.40029641180725734,3,0.8382020537601681,42.4770265651716,0.28433926061246695,0.40029641180725734,22.228967193071522,0.1972871077292412,1.0291807113110474,0.3332639606563681,True,True,0.1740134233864623,True,True,POC,swing_high,limit,PBCT,XLF,off,68.1,2022-01-31,1211,-47.702330601850264
2022-02-03 10:00:00,53.56,51.94,56.81,58.55,2022-03-31 15:54:00,time,888,40,4.520216049382701,0.1367205003734129,2.006172839506167,0.8244937344975513,2,1.5911936856700393,26.56041068000831,0.3339490074279013,0.8244937344975513,19.450127074335576,0.31956895181008566,1.125286723836531,-0.6862864950093875,True,True,0.14547198951278473,True,True,VAL,52w_high,limit,BMY,XLV,off,67.7,2022-02-02,490,3588.147499999998
2022-02-03 10:00:00,4.341,4.22,4.68,4.84,2022-02-03 15:54:00,stop,849,0,-1.035376033057851,-0.028859824925132557,2.8016528925619695,0.0008198345313930302,3,0.6559955475192432,61.59102377621593,0.008865176022301916,0.0008198345313930302,22.183768474994082,0.13988835835060545,1.433158768805517,0.256469112435508,True,False,0.214355630257979,True,True,swing_low,LRC_upper,limit,SMCI,XLK,off,52.1,2022-02-02,2,-0.25056100000000087
2022-02-07 10:00:00,67.33,65.8,70.4,72.62,2022-02-07 15:54:00,lrc_break,851,1,-0.1223986928104604,-0.002781375315609751,2.006535947712422,0.5874681804335852,3,1.0228465194001908,11.942724217937135,0.2113835480585241,0.5874681804335852,19.29325851193068,0.2091527759670405,1.0951386593224581,0.45064420620207674,True,True,-0.0849801628169522,True,True,swing_low,POC,limit,MRK,XLV,off,55.8,2022-02-04,410,-76.78070000000187
2022-02-07 10:00:00,42.54,41.71,44.2,45.53,2022-03-08 15:54:00,stop,871,20,-1.050753012048193,-0.020501292900799207,2.0000000000000084,0.5665881588272523,2,0.6744335412742029,18.93619844379046,0.19839592818803736,0.5665881588272523,14.726965374278802,0.11125768151908273,1.3356628634477499,-0.04447353961250151,True,True,0.05125942801403016,True,True,AVWAP,swing_high,limit,BSX,XLV,off,54.8,2022-02-04,74,-64.53724999999987
2022-02-08 10:00:00,80.78,78.87,84.73,86.64,2022-02-14 15:54:00,stop,856,4,-1.0417931937172775,-0.024632644218866014,2.0680628272251362,0.3358588048418916,2,0.9076777694108392,45.39147455623665,0.1605986961796083,0.3358588048418916,16.317208040820837,0.1644329974251182,1.1496590444471886,-0.31577505419557467,True,True,0.15516234030893417,True,True,POC,swing_high,limit,CTSH,XLK,off,54.5,2022-02-07,341,-678.5303249999988
2022-02-16 10:00:00,231.7,224.75,245.61,253.92,2022-02-18 15:54:00,lrc_break,860,3,-0.33390719424460125,-0.010015774708674903,2.0014388489208703,0.8145843831369682,3,1.1979463879356993,-1.2963418343770483,0.3015797845574467,0.8145843831369682,30.229452829600497,0.08748026420972795,1.7575464050509046,0.6085378240428553,True,True,0.30053597162524137,True,True,AVWAP,swing_high,limit,VRTX,XLV,off,74.7,2022-02-15,116,-269.1959799999971
2022-03-21 10:00:00,87.27,85.08,92.66,94.84,2022-04-22 15:54:00,lrc_break,903,24,-0.030721461187209972,-0.0007709407585652546,2.461187214611875,0.6603798126042227,2,1.0293495955453964,51.797282682010874,0.31066867316896035,0.6603798126042227,30.471185856381464,0.127233423538288,1.0227644542771672,-0.7377940151964467,True,True,0.20690479700305353,True,True,POC,LRC_upper,limit,HSIC,XLV,off,67.4,2022-03-18,311,-20.92407999999682
2022-03-21 10:00:00,487.89,475.48,531.03,551.28,2022-03-21 15:54:00,stop,880,0,-1.038814262691378,-0.026423343376580723,3.4762288477034726,0.23026653782380344,3,0.7067775054809308,43.27584670610002,0.1997111574692999,0.23026653782380344,16.147916198128083,0.06600193236202984,1.4681178619326025,0.6607153121747086,True,True,0.22579858522530283,True,True,POC,swing_high,limit,FICO,XLK,off,61.1,2022-03-18,55,-709.0426749999982
2022-03-21 10:00:00,98.93,96.84,103.11,105.59,2022-03-23 15:54:00,stop,881,2,-1.1663923444976074,-0.024641261498028942,1.9999999999999931,0.11906254626057251,3,0.6753320485084853,65.16942495638357,0.0957426024570325,0.11906254626057251,17.000878973923697,0.22366249542268465,1.197471116370991,0.019011399258868484,True,True,0.14289424399517947,True,True,swing_low,swing_high,limit,RHI,XLF,off,52.2,2022-03-18,274,-667.946240000001
2022-03-21 10:00:00,40.71,39.8,42.55,43.55,2022-03-24 15:54:00,stop,882,3,-1.0442362637362637,-0.02334205354949653,2.02197802197801,0.09873080188581704,2,0.7005505590112503,74.30103062216462,0.09952129151175766,0.09873080188581704,13.712007112567546,0.07804887108541829,0.8434395710584823,0.22201597738328452,True,True,0.17739207974892168,True,True,POC,LRC_upper,limit,VNO,XLF,off,47.0,2022-03-18,637,-605.3124350000023
2022-03-23 10:00:00,142.69,140.22,149.88,154.68,2022-03-23 15:54:00,stop,882,0,-1.0572692307692308,-0.018301597869507316,2.910931174089069,0.7718860655786497,3,0.6337545673922467,27.79243887576784,0.34222733940830813,0.7718860655786497,17.165557915272977,0.20076394672397332,1.056648117919295,0.6919021832629699,True,True,0.16248828917363323,True,True,VAL,swing_high,limit,UHS,XLV,off,74.7,2022-03-22,183,-477.89626499999974
2022-03-23 10:00:00,17.78,16.66,20.04,21.19,2022-04-25 15:54:00,stop,903,22,-1.0332232142857138,-0.06508492688413951,2.0178571428571392,0.5992076408687325,3,1.1516917297924334,44.82085613243869,0.4754177576684712,0.5992076408687325,17.731615010722674,0.16976451965939515,1.1330975938169325,0.2573805615402641,True,True,0.5072461272261575,True,True,swing_low,LRC_upper,limit,NOV,XLF,off,70.2,2022-03-22,1,-1.1572100000000007
2022-03-24 10:00:00,203.18,198.73,212.1,219.01,2022-03-29 15:54:00,stop,886,3,-1.0451584269662921,-0.02289081110345515,2.0044943820224614,0.3349753627156073,3,0.8660754279137415,70.90924175412337,0.14233247143548566,0.3349753627156073,19.03792567975514,0.06947687238283819,1.1739269546073328,0.5759137616471295,True,True,0.12371649036319887,True,True,VAH,swing_high,limit,CME,XLF,off,55.7,2022-03-22,131,-609.2751050000022
2022-03-24 10:00:00,464.26,455.67,485.57,501.44,2022-04-26 15:54:00,lrc_break,904,23,4.37330791618162,0.08091740619480466,2.4807916181606595,0.507462800853735,2,0.6727730942834351,59.95319865954028,0.13160687276453448,0.507462800853735,21.626351492385176,0.15452084003978142,0.8791437527426313,0.12227979468583657,True,True,0.061781714693378786,True,True,VAL,LRC_upper,limit,ANTM,XLV,off,51.7,2022-03-22,54,2028.6026100000006
2022-03-24 10:00:00,147.94,139.73,168.09,186.16,2022-04-06 15:54:00,stop,642,9,-1.0175194884287453,-0.05646772340137899,2.4543239951278912,0.004845519810304805,2,0.7072718056407656,52.94519925927871,0.04720235488449867,0.004845519810304805,19.156930967967934,0.05096308037906504,1.0455306275690572,-0.7284120901876525,True,False,-0.10765099231191999,True,True,swing_low,swing_high,limit,DDOG,XLK,off,35.1,2022-03-22,2,-16.707670000000014
2022-03-25 10:00:00,27.77,26.95,29.85,31.02,2022-03-29 15:54:00,stop,603,2,-1.0333658536585366,-0.030513503781058708,2.53658536585366,0.17047913637981504,3,0.7531110496215762,39.92339543552716,0.14987225023842482,0.17047913637981504,13.216026855252164,0.26978028550165584,1.1224849623754456,0.4042383231215505,True,True,0.12847882613024963,True,True,POC,swing_high,limit,NLOK,XLK,off,56.9,2022-03-24,915,-775.3344000000003
2022-03-28 10:00:00,2.56,2.51,2.67,2.75,2022-04-04 15:54:00,stop,889,5,-1.0506999999999997,-0.020521484375000103,2.199999999999986,0.4199049981899379,2,0.6399422864455576,59.84137683740024,0.1596465432943179,0.4199049981899379,18.205033834191983,0.1602122667960125,0.8455444746631907,0.703186963265736,True,True,-0.013748182656824981,True,True,swing_low,swing_high,limit,AIV,XLF,off,47.8,2022-03-25,4,-0.21014000000000108
2022-03-30 10:00:00,22.62,22.04,24.1,24.74,2022-04-04 15:54:00,stop,889,3,-1.0384999999999998,-0.026628205128205205,2.551724137931027,0.8119614587767705,3,0.9937735396711718,36.814681353144415,0.35322761471712305,0.8119614587767705,28.163923561568797,0.2216511898975818,2.0109766737894175,0.9045007444017148,True,True,0.13996231211215848,True,True,swing_low,LRC_upper,limit,HRB,XLF,off,75.5,2022-03-29,1192,-717.9773600000022
2022-03-30 10:00:00,118.02,115.21,126.36,134.68,2022-03-30 15:54:00,stop,887,0,-1.0414999999999999,-0.02479761904761907,2.967971530249109,0.046275362260636,2,0.5163241086037005,72.73877446278325,0.08375948968413327,0.046275362260636,14.632223174807416,0.0652923775378538,0.8045457377450264,0.3771861950407562,True,False,-0.07063746164723572,True,True,VAH,LRC_upper,limit,NOW,XLK,off,35.5,2022-03-29,200,-585.3230000000004
2022-03-31 10:00:00,15.09,14.67,15.95,16.6,2022-04-01 15:54:00,stop,889,1,-1.0354285714285714,-0.028819085487077532,2.0476190476190466,0.1293192849471302,2,1.0105538332257995,65.54262881149265,0.08149173926403806,0.1293192849471302,13.324704805485773,0.182869489853208,0.9079187055831759,0.9587364649356342,True,True,0.11822578634843817,True,True,AVWAP,LRC_upper,limit,HPE,XLK,off,42.7,2022-03-30,1530,-665.3663999999999
2022-04-01 10:00:00,102.76,99.7,108.88,112.93,2022-04-11 15:54:00,stop,895,6,-1.0330816993464051,-0.03076323472168161,1.9999999999999953,0.6934691840815133,3,0.7655334378908131,68.7035734306853,0.42462198150908365,0.6934691840815133,18.371295327016714,0.21774494386686724,1.7199509589701008,0.8776479295716836,True,True,0.16128700984058164,True,True,VAH,LRC_upper,limit,PANW,XLK,off,69.1,2022-03-31,259,-818.7585700000006
2022-04-04 10:00:00,298.17,291.65,311.22,319.9,2022-04-25 15:54:00,trail,904,14,1.421256263564595,0.03107821322883326,2.001533742331278,0.8917735919239717,3,1.1782810001425068,52.5330846296774,0.38065070431221154,0.8917735919239717,43.072357723621,0.29622842180923226,1.769936814653698,0.937697337014029,True,True,0.288480422471149,True,True,POC,LRC_upper,limit,MCK,XLV,off,76.4,2022-04-01,86,796.9268121059444
2022-04-05 10:00:00,62.93,62.0,65.04,65.97,2022-04-07 15:54:00,stop,893,2,-1.0671666666666666,-0.015770935960591127,2.268817204301083,0.6709661640035286,3,0.8090069545849146,34.70422035945924,0.17747160797656183,0.6709661640035286,27.28616259094134,0.23169870826875674,1.0712989686276226,0.6320548865543503,True,True,0.1464067903059203,True,True,POC,52w_high,limit,L,XLF,off,71.7,2022-04-04,417,-413.8579049999999
2022-04-07 10:00:00,55.36,53.78,58.54,61.17,2022-04-25 15:54:00,stop,904,11,-1.0345379746835444,-0.029526192196531763,2.012658227848103,0.2006369893142641,3,1.0002674361403388,56.72320682697046,0.12345541615383922,0.2006369893142641,15.76991408286884,0.0051762816735804636,1.1365252528718632,0.8916253549687216,True,True,0.14139068122832232,True,True,AVWAP,swing_high,limit,AIG,XLF,off,51.9,2022-04-04,5,-8.172849999999992
2022-08-15 10:00:00,75.14,73.49,78.46,80.15,2022-08-26 15:54:00,lrc_break,989,10,-0.5483181818181789,-0.012040524354538173,2.012121212121201,0.8701712328905448,3,1.0146873092057498,52.59546468082452,0.4142362053418337,0.8701712328905448,39.442516781170156,0.1328763596796197,1.656610947538287,0.8187283265856661,True,True,0.20147863863056248,True,True,POC,LRC_upper,limit,LW,XLF,off,78.4,2022-08-12,353,-319.3679249999994
2022-08-15 10:00:00,229.54,224.6,239.42,251.57,2022-08-19 15:54:00,stop,985,4,-1.0459655870445346,-0.02251054282477999,2.0,0.8320285128131373,3,0.8981203679483218,36.37892077087522,0.3682792038283952,0.8320285128131373,32.04657014245132,0.18440259879498433,1.7175287791486897,0.7545211239261254,True,True,0.12465719806873676,True,True,swing_low,swing_high,limit,RMD,XLV,off,72.6,2022-08-12,115,-594.2130499999996
2022-08-15 10:00:00,499.73,492.35,527.0,536.25,2022-08-23 15:54:00,stop,987,6,-1.0672140921409214,-0.015760590718988245,3.695121951219512,0.7559537687070028,3,0.7351548777092232,43.40927946603369,0.27122114718715534,0.7559537687070028,16.719504468794376,0.0004993972901209974,1.0687752989698907,0.9633014957960284,True,True,0.026981881823636256,True,True,POC,LRC_upper,limit,UNH,XLV,off,71.5,2022-08-12,53,-417.43011999999976
2022-08-15 10:00:00,472.79,467.77,498.36,506.35,2022-08-26 15:54:00,stop,990,9,-1.0936812749003977,-0.01161251295501182,5.093625498007928,0.6949985232827736,3,0.5047520541884265,48.332742466835626,0.24002219249383122,0.6949985232827736,12.551165308517726,0.1571476835506081,1.310419835885364,0.2635607147972307,True,True,0.04570528595675727,True,True,VAH,LRC_upper,limit,HUM,XLV,off,70.7,2022-08-12,56,-307.45568000000213
2022-08-15 10:00:00,74.84,73.89,77.37,79.56,2022-08-22 15:54:00,stop,986,5,-1.078278947368421,-0.01368739978621062,2.6631578947368353,0.6290060774506333,3,0.6670067894595021,72.7933368220274,0.2607770749518205,0.6290060774506333,25.14324819758288,0.1889804073910597,1.0202563217384761,0.7297582685110994,True,True,0.01294439606501907,True,True,VAH,swing_high,limit,ORCL,XLK,off,63.6,2022-08-12,354,-362.625210000001
2022-08-15 10:00:00,111.93,110.59,116.55,120.27,2022-08-30 15:54:00,trail,992,11,0.12455792812899709,0.0014911786267565131,3.4477611940298347,0.5203925913727302,3,0.5330841796714012,26.786884514708024,0.19554560362603624,0.5203925913727302,19.792046981217318,0.050444133785070955,1.0723047438979865,0.5984757450861021,True,True,0.011607714017401571,True,True,AVWAP,swing_high,limit,CBOE,XLF,off,57.7,2022-08-12,1,0.16690762369285653
2022-08-15 10:00:00,65.48,63.08,70.73,73.87,2022-08-29 15:54:00,lrc_break,991,11,-0.6311479166666664,-0.023133094074526614,2.1874999999999947,0.19908944586888036,3,1.211987204328991,72.7725182096399,0.29408458384105607,0.19908944586888036,39.65156737302949,0.1505757205106413,1.692754264154037,0.9321267415743006,True,True,0.07120295429175494,True,True,POC,swing_high,limit,ARES,XLF,off,53.8,2022-08-12,1,-1.5147550000000027
2022-08-17 10:00:00,19.06,18.59,20.32,21.23,2022-08-24 15:54:00,stop,988,5,-1.0400531914893618,-0.025646642182581263,2.680851063829797,0.5810839491755092,3,1.2963615288013708,68.56182030620386,0.38826625656291947,0.5810839491755092,39.922254751256006,0.23729243492778948,1.5544203298734454,0.8884882642051448,True,True,0.053946299642049445,True,True,POC,LRC_upper,limit,APH,XLK,off,63.7,2022-08-16,1,-0.48882499999999884
2022-08-22 10:00:00,196.41,193.88,209.34,217.2,2022-08-22 15:54:00,stop,986,0,-1.0771324110671936,-0.013874777251667436,5.1106719367588935,0.8591305928346263,3,0.5715929610627428,68.68677369644432,0.44983527394986017,0.8591305928346263,32.14999499116672,0.32905158547851293,1.5352025088051824,0.861937260458485,True,True,0.1627025701408038,True,True,swing_low,LRC_upper,limit,VRSN,XLK,off,72.2,2022-08-18,131,-356.99399500000015
2022-11-11 10:00:00,290.7,279.02,329.11,340.79,2022-12-08 15:54:00,lrc_break,1062,19,-0.16180650684931205,-0.00650120399036796,3.288527397260274,0.8023443194010668,2,1.330970187189666,36.71438539312871,0.7090288532455121,0.8023443194010668,38.45724879509042,-0.017660946999695146,1.5179490223812597,0.49635865311976307,True,True,0.3891491392030544,True,True,POC,LRC_upper,limit,BIIB,XLV,off,74.7,2022-11-10,89,-168.20109999999696
2022-11-11 10:00:00,89.3,87.76,93.25,96.0,2022-11-11 15:54:00,stop,1044,0,-1.0574870129870133,-0.018236618141097335,2.56493506493508,0.8573887862778413,3,0.8318491423433209,64.57149343769312,0.367156643829585,0.8573887862778413,37.38189632157453,0.11065368586482369,1.7082259527910915,0.9188520124361788,True,True,0.19178704680260283,True,True,POC,LRC_upper,limit,MRK,XLV,off,74.2,2022-11-10,291,-473.9022299999977
2022-11-11 10:00:00,171.29,166.88,180.12,183.63,2022-11-15 15:54:00,stop,1046,2,-1.03834126984127,-0.02673293829178584,2.0022675736961495,0.5769726133954348,3,1.330269206904006,61.21139323537835,0.30279592667435773,0.5769726133954348,39.76280588335655,0.05742414912379125,1.2964263330435588,0.8058273067506151,True,True,0.13474830057285914,True,True,swing_low,LRC_upper,limit,TRV,XLF,off,70.2,2022-11-10,152,-696.0209199999995
2022-11-11 10:00:00,18.87,18.33,19.95,21.06,2022-11-11 15:54:00,stop,1044,0,-1.0344444444444443,-0.02960254372019092,1.999999999999987,0.7180423663861227,3,0.949251035147899,41.09110665724655,0.4373467844942244,0.7180423663861227,42.52940568245783,0.02085890419832492,1.0552924906153502,0.7962988214476648,True,True,0.2746566466273319,True,True,VAL,swing_high,limit,IBKR,XLF,off,69.5,2022-11-10,1380,-770.8680000000037
2022-11-11 10:00:00,115.87,110.27,127.08,164.86,2022-11-29 15:54:00,stop,1055,11,-1.0201910714285713,-0.04930586001553472,2.00178571428571,0.6957061176898135,3,1.0567786417233018,73.06310280501555,0.6197933417651953,0.6957061176898135,28.240180608593956,0.04610825788908517,1.1418402638643523,0.29009969869582997,True,True,0.4088244006739008,True,True,swing_low,LRC_upper,limit,DXCM,XLV,off,68.7,2022-11-10,224,-1279.7276800000018
2022-11-11 10:00:00,44.03,42.89,46.31,47.51,2022-11-11 15:54:00,stop,1044,0,-1.038122807017544,-0.02687849193731548,2.0,0.6818632393990729,3,0.9980044443478523,42.03095605052328,0.281354858738182,0.6818632393990729,26.851247635527002,0.09522251743078917,1.3443439724324697,0.8437229379143201,True,True,0.17565072866978393,True,True,POC,52w_high,limit,WRB,XLF,off,68.2,2022-11-10,7,-8.284220000000003
2022-11-11 10:00:00,28.38,27.72,29.7,34.97,2022-11-17 15:54:00,stop,1047,4,-1.4513863636363629,-0.033753171247357286,2.0,0.23472534745507,3,0.7787617098966008,73.54083157689996,0.17690213728630888,0.23472534745507,25.954626143928518,0.0839080507074078,1.067306748900269,0.839629226503147,True,True,0.12250226574068934,True,True,swing_low,LRC_upper,limit,JNPR,XLK,off,56.8,2022-11-10,1,-0.9579149999999997
2022-11-14 10:00:00,139.68,136.22,153.06,157.37,2022-11-18 15:54:00,stop,1048,4,-1.0398699421965316,-0.025758519473081384,3.867052023121377,0.5942062418394419,3,0.6490638470277049,58.17654483770749,0.45499807200928405,0.5942062418394419,30.717755037305302,0.07200016797345314,1.2054153485077155,0.8736084321035804,True,True,0.3619886218668562,True,True,POC,LRC_upper,limit,HES,XLF,off,73.7,2022-11-11,184,-662.0228000000014
2022-11-14 10:00:00,21.48,20.41,23.62,24.82,2022-11-18 15:54:00,stop,1048,4,-1.0195747663551402,-0.050788873370577296,2.0,0.7186803452271984,3,1.2576452933719333,61.59530547386939,0.6914252725796606,0.7186803452271984,33.0472368570745,0.02155834741515254,2.1014308445985725,0.9321285168111182,True,True,0.3715877046037568,True,True,POC,LRC_upper,limit,NOV,XLF,off,72.8,2022-11-11,1181,-1288.4060450000002
2022-11-16 10:00:00,18.47,17.87,19.91,21.12,2022-12-13 15:54:00,stop,1065,18,-1.0302833333333334,-0.03346886843530038,2.4000000000000106,0.6348948705948682,3,0.9372991181372929,26.75921147635021,0.39101603323468004,0.6348948705948682,35.0133633007658,0.10818616310151577,1.0131804935107307,0.7649620176747427,True,True,0.20750333379270303,True,True,AVWAP,swing_high,limit,IBKR,XLF,off,69.7,2022-11-15,1372,-848.1292399999971
2022-11-21 10:00:00,54.88,53.63,59.4,60.61,2023-01-19 15:54:00,time,1089,40,4.273935999999999,0.09734730320699705,3.615999999999997,0.7490722931055425,3,0.8558629160700043,52.383169558018224,0.5246284717708851,0.7490722931055425,31.714603189734987,0.3232078643301799,3.5011027049680865,0.758558330418229,True,True,0.25350771690494756,True,True,POC,LRC_upper,limit,ACGL,XLF,off,81.6,2022-11-18,462,2468.1980399999993
2022-11-21 10:00:00,260.96,255.04,285.99,369.21,2022-12-16 15:54:00,lrc_break,1068,19,0.5839831081081139,0.013247930717351423,4.228040540540555,0.6277280998788974,3,0.6973842635837326,63.48276732057771,0.5807911298011971,0.6277280998788974,41.0152343388935,0.15651198680879908,1.2528850859616578,0.8048365673080811,True,True,0.21035543701878767,True,True,VAH,LRC_upper,limit,ISRG,XLV,off,76.5,2022-11-18,91,314.6033800000025
2022-11-21 10:00:00,29.19,28.54,30.51,34.97,2022-12-16 15:54:00,lrc_break,1067,19,0.8161999999999954,0.018175059952038324,2.0307692307692244,0.5402235281334367,3,0.8008745176991083,73.75901432069706,0.2938956741882503,0.5402235281334367,24.396684549764895,0.08964475811775248,1.1471056157603388,0.39000121102149793,True,True,0.10766128467742386,True,True,VAH,LRC_upper,limit,JNPR,XLK,off,63.1,2022-11-18,2,1.0610599999999974
2022-11-30 10:00:00,9.07,8.66,9.89,10.38,2022-11-30 15:54:00,stop,1056,0,-1.0216219512195122,-0.04618136714443221,2.0,0.8877326922632872,3,0.9146703811993393,58.594772253467006,0.9730159328683461,0.8877326922632872,57.260747815367715,0.014757076928429319,1.51213453612713,0.7237851766061236,True,True,0.37626199768223434,True,True,VAH,LRC_upper,limit,SMCI,XLK,off,77.3,2022-11-29,2720,-1139.3128000000002
2022-12-01 10:00:00,33.58,32.58,37.04,38.07,2022-12-16 15:54:00,lrc_break,1067,12,-0.15351999999999744,-0.004571768910065439,3.460000000000001,0.8798896163871247,3,0.9002285914532444,23.198607226134392,0.6024631488982729,0.8798896163871247,28.074270549864753,0.056909872927160016,1.392909645247566,0.179148953425889,True,True,0.19313747729745434,True,True,swing_low,LRC_upper,limit,FLR,XLF,off,83.7,2022-11-30,700,-107.46399999999821
2022-12-02 10:00:00,8.82,8.47,9.52,10.05,2022-12-05 15:54:00,stop,1059,1,-1.0247000000000002,-0.04066269841269837,2.0,0.9090083966922277,2,0.7695149536169282,39.75749722621637,0.9875700666136062,0.9090083966922277,54.50326488450838,-0.021705705472656617,1.5724876707975548,0.482179672004379,True,True,0.3350255960487585,True,True,POC,swing_high,limit,SMCI,XLK,off,68.6,2022-12-01,3,-1.075934999999999
2022-12-06 10:00:00,19.23,18.77,20.54,21.23,2022-12-15 15:54:00,lrc_break,1067,8,-0.7153804347826046,-0.01711258450338007,2.8478260869565135,0.8536999697308818,3,1.0817866483633554,23.144553783896736,0.3596440834349877,0.8536999697308818,20.431783555794958,0.06581123214147434,1.5678789180018238,0.5894754615050697,True,True,0.03588161405775625,True,True,VAL,LRC_upper,limit,APH,XLK,off,74.9,2022-12-05,1,-0.32907499999999873
2022-12-07 10:00:00,8.467,7.98,9.52,10.25,2022-12-09 15:54:00,lrc_break,1063,3,-0.1507895277207418,-0.008673024684067707,2.162217659137575,0.8932324356119676,2,1.0541709022443388,8.679594819161347,0.9495536918006173,0.8932324356119676,46.209074768375395,0.02134389487111116,1.6387250371419002,-0.24696537088704482,True,True,0.33728354188979903,True,True,VAL,swing_high,limit,SMCI,XLK,off,70.3,2022-12-06,1,-0.07343450000000128
2022-12-09 10:00:00,35.17,34.47,38.77,45.33,2022-12-09 15:54:00,lrc_break,1062,1,-0.4928785714285727,-0.009809923230025655,5.142857142857124,0.9183635201505642,2,0.8283329042499956,6.208094588216347,0.587097802754707,0.9183635201505642,39.96426088795673,0.18036534983096253,1.1120001060541898,-0.3219467061717676,True,True,0.14491227438770338,True,True,VAL,LRC_upper,limit,WBA,XLV,off,78.8,2022-12-08,721,-248.75581500000163
2022-12-12 10:00:00,16.81,16.23,17.98,19.14,2022-12-16 15:54:00,lrc_break,1068,5,-0.5287327586206897,-0.01824301011302791,2.0172413793103536,0.8377434083017776,2,0.7929915791149064,44.596697733873306,0.6929769530475747,0.8377434083017776,25.623935704717464,0.12361004103945086,1.2736911166618192,-0.5779050496883885,True,True,0.1970271727700199,True,True,swing_low,swing_high,limit,NVDA,XLK,off,68.8,2022-12-09,1496,-458.7708399999987
2022-12-13 10:00:00,160.15,155.8,168.85,174.29,2022-12-13 15:54:00,lrc_break,1065,1,-0.17008275862069275,-0.004619793943178348,2.0,0.888109407654027,3,1.2586999214321102,11.233590134818458,0.41499272267987536,0.888109407654027,20.81574108845224,0.14632647406178131,1.083268564413083,0.9121438734807513,True,True,0.14687038673737618,True,True,VAL,swing_high,limit,COR,XLV,off,74.2,2022-12-12,1,-0.7398600000000125
2022-12-14 10:00:00,35.39,34.73,39.22,45.33,2022-12-14 15:54:00,lrc_break,1065,1,-0.5836590909090897,-0.01088485447866633,5.803030303030268,0.8929792898706693,2,0.7830607745154685,7.1979927712408145,0.5567132995661368,0.8929792898706693,38.41591170085072,0.03273964635676207,1.110468200762312,-0.2884033094743512,True,True,0.13929153820831908,True,True,swing_low,LRC_upper,limit,WBA,XLV,off,77.8,2022-12-13,701,-270.035715000001
2022-12-15 10:00:00,10.17,9.76,11.23,22.7,2022-12-19 15:54:00,stop,1068,2,-1.0243048780487805,-0.041294493608652914,2.585365853658537,0.8444293805649447,3,0.8867947486021313,63.75968739499933,0.75228376864855,0.8444293805649447,25.803824535109467,0.25385706493784654,1.1389819959808138,0.4835446283874377,True,True,0.16031726905344956,True,True,VAH,LRC_upper,limit,UAA,XLF,off,72.2,2022-12-13,2413,-1013.3755450000003
2023-01-05 10:00:00,58.66,57.74,61.32,62.18,2023-01-13 15:54:00,stop,1086,6,-1.0632608695652177,-0.016675758608932743,2.891304347826108,0.8481980135442895,3,0.8189223335567114,30.713581074174893,0.2706261694998286,0.8481980135442895,29.98681971358764,0.1518029961144028,1.6553681927025754,0.700602127366679,True,True,0.17598181483306852,True,True,VAH,LRC_upper,limit,AIG,XLF,off,81.4,2023-01-04,420,-410.8439999999977
2023-01-05 10:00:00,73.97,72.18,83.25,112.78,2023-02-08 15:54:00,trail,1102,23,5.581561452513995,0.13506820332567265,5.184357541899465,0.811045061787572,2,0.7091991352794624,42.36761571272983,0.6939107361468585,0.811045061787572,34.87109641053677,0.13890832450027152,1.4074042373112372,-0.5394136972784814,True,True,0.4343448375591574,True,True,VAH,LRC_upper,limit,PVH,XLF,off,74.8,2023-01-04,333,3327.0013350000027
2023-01-05 10:00:00,75.14,73.91,78.93,84.75,2023-01-18 15:54:00,stop,1088,8,-1.0605894308943087,-0.017361258983231355,3.0813008130081254,0.6005340870475206,3,0.8703242427473136,17.595679183817168,0.29851006572317806,0.6005340870475206,27.41513469569805,0.18566924853217723,2.1767450019562244,0.853639166876024,True,True,0.2505254487725539,True,True,swing_low,52w_high,limit,GILD,XLV,off,70.5,2023-01-04,328,-427.88420000000133
2023-01-05 10:00:00,346.87,342.36,369.0,376.41,2023-01-06 15:54:00,stop,1081,1,-1.0764113082039912,-0.013995488223253642,4.906873614190697,0.7906234914531419,2,0.5758458781592113,32.25293846363718,0.30584582339262467,0.7906234914531419,23.473165779962805,0.17898020045239177,1.2427990630156216,-0.7304955113914396,True,True,0.14980864836316066,True,True,VAH,52w_high,limit,WAT,XLV,off,69.9,2023-01-04,62,-300.98612999999943
2023-01-05 10:00:00,84.56,82.42,90.69,107.64,2023-02-09 15:54:00,trail,1104,24,-0.37505513497404286,-0.009491698070535145,2.8644859813084085,0.7940695894365771,2,0.9457285569334287,49.45111269228629,0.41800747669301763,0.7940695894365771,32.7402141220169,0.049196315835967834,1.272309755569753,-0.011217066900633519,True,True,0.15755129324932993,True,True,VAH,LRC_upper,limit,COO,XLV,off,67.3,2023-01-04,3,-2.407853966533356
2023-01-05 10:00:00,36.25,35.36,38.38,40.59,2023-01-30 15:54:00,trail,1096,16,1.7674859236115474,0.043394826814186986,2.3932584269662933,0.578638856595327,3,0.7375930082545147,17.721852655828517,0.39893650517301854,0.578638856595327,16.690598249668184,0.10123129688970768,1.5724050299373216,0.2391851796166365,True,True,0.10445837225204047,True,True,swing_low,swing_high,limit,KLAC,XLK,off,63.0,2023-01-04,2,3.1461249440285566
2023-01-09 10:00:00,164.5,161.95,169.6,173.14,2023-01-18 15:54:00,stop,1087,6,-1.0640098039215684,-0.016493768996960558,1.999999999999989,0.4736127827110284,3,0.9103331518062925,22.68883056425187,0.16042031413240557,0.4736127827110284,14.680062540180398,0.08404992563269466,1.0100002057086273,0.29480410314592903,True,True,0.10310862580846725,True,True,VAL,swing_high,limit,ABC,XLV,off,64.0,2023-01-06,128,-347.2928000000015
2023-01-09 10:00:00,39.5,38.61,41.28,42.47,2023-01-11 15:54:00,stop,1016,2,-1.04388202247191,-0.023520379746835456,2.0,0.015979919924455268,2,0.8600529405041755,61.376936158228276,0.044082164917262086,0.015979919924455268,16.169604595644202,0.1134152769027868,1.1937268822032308,-0.38227069664142643,True,True,0.06092551376630806,True,True,VAH,swing_high,limit,DELL,XLK,off,41.2,2023-01-06,4,-3.7162200000000025
2023-01-12 10:00:00,132.42,127.37,142.53,153.27,2023-02-13 15:54:00,trail,1105,21,-0.5911277355688742,-0.02254338517310682,2.0019801980198113,0.37356234791608506,3,0.8130211245578286,53.708356985020956,0.40312491139578177,0.37356234791608506,15.441268060792483,0.12926737653708373,1.66207737472379,0.4270456315468302,True,True,0.10545767158421104,True,True,VAH,swing_high,limit,ETSY,XLK,off,56.7,2023-01-11,1,-2.985195064622805
2023-01-17 10:00:00,31.78,30.96,33.43,34.33,2023-02-09 15:54:00,trail,1103,17,1.6486078514521563,0.04253802511613494,2.0121951219512173,0.6001209770483236,3,1.34745097042542,64.32808341326884,0.27153743242716405,0.6001209770483236,27.557256834555982,0.2342889649013819,1.1912218282749478,0.8421571374446656,True,True,0.16080902971036837,True,True,VAH,LRC_upper,limit,IPG,XLF,off,66.7,2023-01-13,763,1031.4679883395563
2023-01-19 10:00:00,31.2,30.59,33.46,34.02,2023-01-19 15:54:00,lrc_break,1088,1,-0.3624672131147507,-0.007086698717948645,3.704918032786891,0.8284738003941791,2,0.9874786835752433,-20.97795269397068,0.2678414627517812,0.8284738003941791,33.238824080401855,-0.006370821633330537,1.2518560956187452,0.8878930495773993,True,True,0.006072084684534795,True,True,VAL,swing_high,limit,CAG,XLV,off,70.9,2023-01-18,805,-177.98952499999817
2023-01-19 10:00:00,1520.39,1483.02,1595.13,1651.76,2023-02-21 15:54:00,stop,1111,22,-1.0401847738827936,-0.02556693019554201,1.999999999999994,0.4947131695235137,3,0.8511179806732123,65.44454090309902,0.18167592460773851,0.4947131695235137,16.7151950264346,0.09097024349932076,1.364830913310335,0.7057814645625136,True,True,0.16569063946732587,True,True,VAH,LRC_upper,limit,MTD,XLV,off,62.2,2023-01-18,13,-505.33216500000157
2023-01-20 10:00:00,26.64,26.06,27.8,32.94,2023-01-26 15:54:00,stop,415,4,-1.0454310344827584,-0.022760885885885953,1.9999999999999938,0.9094154179929163,3,0.9415477128777372,65.63719421973934,0.5015637172381023,0.9094154179929163,42.763484866398315,0.2871640816336627,1.6807904256518609,0.9247318144756436,True,True,0.19616983795419585,True,True,swing_low,LRC_upper,limit,OGN,XLV,off,75.6,2023-01-19,935,-566.9372500000018
2023-01-20 10:00:00,10.8,10.53,11.34,12.7,2023-02-24 15:54:00,stop,1113,24,-1.0394999999999996,-0.02598750000000012,1.999999999999987,0.5823822207029448,3,0.8081895853670369,60.27278421634532,0.2436388531731102,0.5823822207029448,27.09808255343,0.1155757741838019,1.068561873609883,0.889107382976709,True,True,-0.018766639903672888,True,True,VAH,LRC_upper,limit,PX,XLF,off,60.6,2023-01-19,2306,-647.213490000003
2023-01-27 10:00:00,33.54,32.89,35.12,52.95,2023-02-09 15:54:00,trail,1103,9,-0.20857949182077154,-0.004042238213580835,2.4307692307692337,0.7279516264077849,3,0.6837096877288797,69.83096741678023,0.39648160090303664,0.7279516264077849,25.6407217203136,0.26125502992295263,1.4934120780480946,0.9326052490916509,True,True,0.09919190843692705,True,True,VAH,LRC_upper,limit,XRAY,XLV,off,69.3,2023-01-26,754,-102.22480894135992
2023-02-01 10:00:00,111.91,109.39,116.95,161.97,2023-02-22 15:54:00,trail,1111,14,5.516866216079807,0.12422931699152079,2.0000000000000058,0.8127399561814878,3,0.99754882412577,64.55926387091499,0.4489645195763171,0.8127399561814878,29.682674405235797,0.33931602282009643,1.068052482254158,0.7292857925377594,True,True,0.17242887881461066,True,True,POC,LRC_upper,limit,IPGP,XLK,off,75.1,2023-01-31,18,250.24505156137963
2023-02-09 10:00:00,208.32,205.2,214.56,220.56,2023-02-09 15:54:00,stop,1104,0,-1.0662692307692307,-0.01596947004608297,2.0,0.8445653463084043,3,0.7198532197893092,-5.627990519564547,0.2197041284129357,0.8445653463084043,30.49436365355348,0.19609273428600274,2.4072715919854577,0.8707576693129604,True,True,0.06748153970770043,True,True,swing_low,swing_high,limit,VRSN,XLK,off,72.0,2023-02-08,123,-409.1914800000006
2023-02-10 10:00:00,143.7,140.25,150.61,154.72,2023-02-28 15:54:00,stop,1116,11,-5.071020289855085,-0.12174683368128036,2.0028985507246517,0.7477963186683297,2,0.9996490089082986,8.649564065937016,0.3040541359636448,0.7477963186683297,26.96970856417907,0.06898056233401133,1.4550078672123157,-0.8894091004981115,True,True,0.17033466033866307,True,True,VAL,swing_high,limit,UHS,XLV,off,68.9,2023-02-09,174,-3044.1334799999977
2023-02-10 10:00:00,79.7,76.12,87.58,93.9,2023-02-10 15:54:00,lrc_break,1104,1,-0.0278463687150827,-0.0012508155583437393,2.2011173184357538,0.7367675676827655,2,1.01449619348264,-5.244845012746799,0.546865173497242,0.7367675676827655,43.5544174422972,0.03798256698205491,1.3209757193296328,-0.419704801096356,True,True,0.4021107297468829,True,True,AVWAP,POC,limit,PVH,XLF,off,66.1,2023-02-09,314,-31.302659999998752
2023-02-10 10:00:00,49.42,48.15,53.09,58.75,2023-02-17 15:54:00,stop,1110,5,-1.0384133858267717,-0.02668524888709031,2.8897637795275535,0.416336805211633,3,0.7242776709142144,67.74993294565247,0.3081929342912824,0.416336805211633,32.42550260697283,0.27281163259814295,1.0338818954865323,0.8582393307510907,True,True,0.06866785897215211,True,True,VAH,swing_high,limit,LRCX,XLK,off,58.3,2023-02-08,507,-668.6239950000015
2023-02-10 10:00:00,49.58,48.94,51.1,52.58,2023-02-23 15:54:00,trail,1112,8,-0.7462522274485086,-0.009632945251453126,2.3750000000000027,0.5964400573813898,2,0.5984597994952431,13.296794399116473,0.17671802820902585,0.5964400573813898,16.795417088042072,0.08440237009787244,1.1323783870293722,-0.022182130700337414,True,True,-0.029492703091520633,True,True,AVWAP,POC,limit,LKQ,XLF,off,52.7,2023-02-09,66,-31.521694087425033
2023-02-13 10:00:00,25.75,24.68,28.31,29.35,2023-02-21 15:54:00,lrc_break,1111,6,-0.8367429906542063,-0.03476951456310683,2.3925233644859794,0.807988445820896,3,1.3040075290946134,21.860614069801102,0.44125271447441666,0.807988445820896,34.95474283529871,0.2175883742503582,1.4912247922090045,0.5324107263315715,True,True,0.222792241002139,True,True,POC,LRC_upper,limit,BEN,XLF,off,78.6,2023-02-10,971,-869.350865000001
2023-02-14 10:00:00,21.51,20.87,23.85,28.83,2023-02-21 15:54:00,stop,1111,4,-1.033109375,-0.030738726173872643,3.6562499999999964,0.5064923464780545,3,0.6508114396950391,68.5849897583277,0.5803775885207303,0.5064923464780545,45.08955227915663,0.2234180120363337,1.5446414857644437,0.9611453028902652,True,True,0.2916698432320446,True,True,POC,LRC_upper,limit,NVDA,XLK,off,69.6,2023-02-13,6,-3.967140000000003
2023-02-21 10:00:00,101.65,98.08,110.2,115.08,2023-02-27 15:54:00,lrc_break,1115,5,-0.5660196078431367,-0.019878898180029532,2.3949579831932715,0.8151225758319598,2,1.10509514294633,29.483700329392086,0.5744800604523653,0.8151225758319598,43.33839597812566,0.1303789358697895,0.9404150386104642,0.7980891269713363,True,True,0.18676565136912338,True,True,VAL,swing_high,limit,SWKS,XLK,off,67.4,2023-02-17,239,-482.9449100000004
2023-02-22 10:00:00,469.0,445.26,516.48,540.58,2023-03-10 15:54:00,lrc_break,1124,13,-0.12627358887952703,-0.006391759061833631,2.0,0.7407043211589355,3,1.1357965233434133,41.676266104915285,0.655655708961545,0.7407043211589355,38.87332969741448,0.033040757436354685,1.118785740352573,0.8052807173234323,True,True,0.2319766340337086,True,True,POC,swing_high,limit,MPWR,XLK,off,74.6,2023-02-21,51,-152.8844849999986
2023-02-22 10:00:00,36.06,35.31,38.64,39.64,2023-02-22 15:54:00,lrc_break,1112,1,-0.03475333333333599,-0.0007228230726567384,3.4399999999999977,0.7993734461757518,3,0.9735716453740157,-10.106437048891454,0.2861124891008151,0.7993734461757518,26.161282125200476,0.10203098455603675,1.205898377412709,0.0189459512044934,True,True,0.023711385873354196,True,True,AVWAP,swing_high,limit,CFG,XLF,off,73.1,2023-02-21,546,-14.231490000001088
2023-02-23 10:00:00,39.4,38.65,40.91,42.44,2023-02-23 15:54:00,lrc_break,1113,1,-0.09251333333333485,-0.001761040609137085,2.0133333333333305,0.9178002315696601,3,1.119312470321294,-23.32444371305274,0.36321722783172133,0.9178002315696601,41.603050541624434,0.07803448040463735,1.7970155364937541,0.610147553890247,True,True,0.10652379249125099,True,True,VAL,swing_high,limit,BNY,XLF,off,79.2,2023-02-22,557,-38.64744500000064
2023-02-24 10:00:00,66.78,65.45,72.34,77.62,2023-03-13 15:54:00,trail,1124,11,-0.377763221174108,-0.007523586165941344,4.1804511278195555,0.8012179676660715,3,0.5040511681546053,41.28315320105949,0.9111112177728151,0.8012179676660715,46.19714145276482,0.05639248846356023,1.298278469724702,0.7628347737949582,True,True,0.5440362990015752,True,True,swing_low,swing_high,limit,CTLT,XLV,off,77.0,2023-02-23,369,-185.3948560556167
2023-02-24 10:00:00,40.3,38.36,45.15,47.38,2023-03-13 15:54:00,trail,1124,11,-0.7948530250825903,-0.03826339624467055,2.5000000000000036,0.7973502250749369,3,1.4913646520717105,5.961562612731743,0.533805326188255,0.7973502250749369,26.99589193260327,0.3303115891843571,1.0042104483834893,0.24842831549454514,True,True,0.16429572684333782,True,True,AVWAP,52w_high,limit,FL,XLF,off,73.6,2023-02-22,12,-18.50417842392268
2023-02-27 10:00:00,474.67,465.05,497.48,513.1,2023-02-27 15:54:00,lrc_break,1115,1,-0.723640852390853,-0.014665820464743946,2.37110187110187,0.7432679703179668,3,0.6207977738620117,2.2104194330875186,0.42048795483572526,0.7432679703179668,22.34653836438222,0.11573824616187549,1.1596718878255052,0.3449890886697912,True,True,0.10767276897942857,True,True,AVWAP,swing_high,limit,IDXX,XLV,off,69.2,2023-02-23,51,-355.03267500000044
2023-02-27 10:00:00,76.94,74.07,82.7,89.97,2023-03-09 15:54:00,stop,1123,8,-1.026308362369338,-0.03828314270860417,2.006968641114981,0.5466991972743183,3,0.7595935898520825,23.954595113829775,0.49110997308508636,0.5466991972743183,15.283631700827911,0.1152015729120194,1.5241958825641015,0.017371445953729015,True,True,0.21247735699657588,True,True,AVWAP,swing_high,limit,XYZ,XLF,off,67.5,2023-02-24,1,-2.9455050000000043
2023-02-28 10:00:00,46.53,45.85,47.9,50.12,2023-03-01 15:54:00,lrc_break,1116,2,-0.40649264705882954,-0.0059405759724909515,2.0147058823529385,0.867876555438819,3,0.8742943802462515,1.9167825183940108,0.32965434690175893,0.867876555438819,33.93435977464657,0.08073655969075887,1.5201941846484195,0.5411684306687068,True,True,0.1136690717256581,True,True,POC,swing_high,limit,BK,XLF,off,74.2,2023-02-27,525,-145.11787500000207
2023-02-28 10:00:00,192.23,187.59,203.67,208.77,2023-03-01 15:54:00,lrc_break,1117,2,-0.3602349137931023,-0.008695260885397647,2.465517241379317,0.8038792344315072,3,1.150237922867982,11.829813240462883,0.32622653218084563,0.8038792344315072,26.007253304063717,0.3200445500578366,1.464650193377463,0.7433362994828339,True,True,0.06140407231360667,True,True,VAL,swing_high,limit,CDW,XLK,off,72.7,2023-02-27,120,-200.57879999999875
2023-02-28 10:00:00,25.14,24.5,26.43,27.36,2023-03-01 15:54:00,lrc_break,1117,2,-0.5234140625000031,-0.013324781225139309,2.015624999999997,0.7137272635730034,2,1.121808338328889,14.554763160219569,0.25340429265658143,0.7137272635730034,14.845290481821086,0.1988884893377225,0.9307027462862141,0.7971825183214671,True,True,-0.01922502205275123,True,True,AVWAP,swing_high,limit,HPQ,XLK,off,56.9,2023-02-27,6,-2.0099100000000134
2023-03-01 10:00:00,470.86,458.87,497.48,513.1,2023-03-10 15:54:00,stop,1124,7,-1.0387710592160133,-0.026451312492035868,2.220183486238531,0.6588486537680036,3,0.8046285451841662,3.573462724640638,0.38817260072639903,0.6588486537680036,19.78852288660523,0.11769419038445025,1.1706916506889233,0.001897573233041261,True,True,0.13930466630432048,True,True,swing_low,swing_high,limit,IDXX,XLV,off,68.8,2023-02-28,46,-572.9237900000004
2023-03-02 10:00:00,21.39,21.02,22.63,23.05,2023-03-09 15:54:00,stop,1123,5,-1.0573108108108107,-0.01828915381019172,3.351351351351338,0.9288251987318685,3,0.713041653086943,23.395684235077226,0.44629495363860483,0.9288251987318685,40.55239689151938,0.015967213750588,1.481147384616147,0.4976533533919232,True,True,0.08649251383874645,True,True,POC,LRC_upper,limit,IBKR,XLF,off,79.3,2023-03-01,1116,-436.5847800000011
2023-03-02 10:00:00,303.22,296.83,339.1,368.87,2023-04-27 15:54:00,trail,1157,39,2.8822245696400373,0.060739446606424254,5.615023474178365,0.8069415856572898,2,0.516801940812813,11.798728514466198,0.904726938521031,0.8069415856572898,37.4148618103523,0.07487329278141874,1.5851813325802155,-0.6733369480370364,True,True,0.5842663519357036,True,True,VAL,swing_high,limit,ALGN,XLV,off,72.3,2023-03-01,78,1436.558369999997
2023-03-06 10:00:00,23.81,22.91,26.22,28.83,2023-03-10 15:54:00,stop,1124,4,-1.0259555555555557,-0.03878034439311208,2.677777777777782,0.8947971585016399,3,0.9089468818104943,41.72616808616725,0.8655149291931613,0.8947971585016399,37.428104964515185,0.046624650017041705,1.6947836829270404,0.49019018680493937,True,True,0.3911372246009712,True,True,POC,LRC_upper,limit,NVDA,XLK,off,81.9,2023-03-03,4,-3.6934399999999945
2023-03-10 10:00:00,10.99,10.79,11.41,12.21,2023-03-10 15:54:00,stop,1123,0,-1.0544499999999997,-0.019189262966333127,2.0999999999999885,0.9399861040954576,3,0.6878121886337745,-27.931633121137427,0.5436210814745276,0.9399861040954576,46.64284242918214,0.18068140992574888,2.0581187932029192,0.8651433730168615,True,True,0.38616488905512036,True,True,swing_low,swing_high,limit,COTY,XLF,off,79.5,2023-03-09,2139,-451.09371000000226
2023-03-13 10:00:00,13.85,13.53,15.7,16.6,2023-03-13 15:54:00,stop,1124,0,-1.04278125,-0.024093140794223845,5.781249999999994,0.8573839865435136,2,0.5465267679831249,16.904180951389083,0.46720441515079697,0.8573839865435136,31.315302195001337,-0.12204455128223071,1.4663939931793772,0.12769098603351817,True,True,0.23650507548843813,True,True,POC,swing_high,limit,FTI,XLF,off,69.4,2023-03-09,1703,-568.2740700000005
2023-04-03 10:00:00,99.01,96.69,105.97,109.15,2023-04-05 15:54:00,stop,1142,2,-1.042176724137931,-0.024420260579739495,2.9999999999999876,0.862115062392656,3,1.0221060959916615,45.34455581454851,0.48127957458764414,0.862115062392656,36.99895236002358,0.05601651325367423,2.138174875527963,0.8406510569080325,True,True,0.39607003078310976,True,True,VAH,LRC_upper,limit,PANW,XLK,off,78.1,2023-03-31,239,-577.8661500000017
2023-04-03 10:00:00,339.58,334.43,364.7,418.85,2023-04-27 15:54:00,trail,1157,17,1.0222517798473927,0.015503258926362123,4.877669902912643,0.8938745189609251,2,0.6647156911575951,41.826638504033106,0.5374954642896482,0.8938745189609251,42.23411905827357,-0.021705336595927903,1.6731282470486606,0.036767637238489956,True,True,0.42171732344827917,True,True,VAH,LRC_upper,limit,WST,XLV,off,74.4,2023-03-31,69,363.2571699687694
2023-04-03 10:00:00,47.52,46.75,49.3,49.87,2023-04-19 15:54:00,lrc_break,1150,12,-0.7496818181818167,-0.012147622053872077,2.3116883116882945,0.7347183834155259,2,1.0201158215725064,71.86225789062485,0.13870124306602002,0.7347183834155259,29.798291534002978,0.008648592889938344,0.9704628722415807,0.39753923993481227,True,True,-0.04352792017584106,True,True,VAH,swing_high,limit,CPB,XLV,off,64.3,2023-03-31,498,-287.47299000000055
2023-04-03 10:00:00,26.76,26.12,28.04,28.89,2023-04-04 15:54:00,stop,624,1,-1.0413125,-0.024904334828101664,1.9999999999999944,0.6538885345359102,2,0.8990962997882462,53.57447451567802,0.34684120285121456,0.6538885345359102,26.631622860753936,-0.16529961763980258,2.217337365220342,0.4547749332110987,True,True,0.39173173966883335,True,True,VAH,52w_high,limit,VNT,XLF,off,61.8,2023-03-31,807,-537.8170800000004
2023-04-05 10:00:00,26.74,26.04,28.86,30.19,2023-04-25 15:54:00,lrc_break,1155,14,-0.8663571428571413,-0.022679506357516765,3.028571428571433,0.8978194362022544,3,0.8016626302451955,52.77096191766712,0.5947229793681829,0.8978194362022544,36.523207304145984,0.1699031890061253,1.8997573582277982,0.9201698191646528,True,True,0.8931177764500102,True,True,POC,LRC_upper,limit,NVDA,XLK,off,76.1,2023-04-04,787,-477.2761499999987
2023-04-06 10:00:00,11.67,11.39,12.61,13.19,2023-04-26 15:54:00,trail,1155,13,0.13638676581468573,0.003272347423145837,3.357142857142863,0.6999983256030593,3,1.0368875665531052,54.398046471686136,0.3131565554134214,0.6999983256030593,32.00736370117261,0.0021421731994926605,1.7246609008639382,0.5765527932296334,True,True,0.3471667841601431,True,True,VAH,LRC_upper,limit,COTY,XLF,off,70.2,2023-04-04,1979,75.57463467323349
2023-04-20 10:00:00,165.94,163.52,170.79,197.16,2023-04-24 15:54:00,stop,1154,2,-1.0680702479338846,-0.015576292635892417,2.0041322314049665,0.3449758087174282,3,0.896567461886029,61.00367898857875,0.0993283167205469,0.3449758087174282,21.499085289557307,0.07822385158137632,1.0104447048793468,0.5569066169701394,True,True,0.122113880998727,True,True,swing_low,swing_high,limit,CME,XLF,off,55.9,2023-04-19,140,-361.8621999999982
2023-04-20 10:00:00,57.04,56.28,58.56,61.31,2023-05-04 15:54:00,trail,1161,10,2.15270367564188,0.02868258754361544,2.0000000000000093,0.025623065860408925,2,1.033517594039801,62.45105825522401,0.021551448649064938,0.025623065860408925,28.992459364900185,0.11003762561169318,0.8479318656187893,0.7443783525830998,True,True,0.02901420589520276,True,True,swing_low,swing_high,limit,K,XLV,off,36.7,2023-04-19,2,3.272109586975649
2023-04-21 10:00:00,25.53,25.0,26.59,34.25,2023-04-26 15:54:00,stop,1156,3,-1.0476698113207545,-0.021749510379945207,1.9999999999999933,0.021999005696520624,2,0.8520772720390763,61.10130043140695,0.033352332048292306,0.021999005696520624,20.966871101361903,0.10004322797224312,0.9584258768734293,0.7576892670357409,True,True,0.12877276873080867,True,True,VAL,swing_high,limit,HPQ,XLK,off,40.8,2023-04-20,1,-0.5552650000000011
2023-04-25 10:00:00,282.56,279.26,289.2,292.29,2023-04-25 15:54:00,stop,1155,0,-1.0851242424242422,-0.012673095979614989,2.012121212121201,0.6969723377850067,3,0.8382593833665447,69.61530694648438,0.21323867586556552,0.6969723377850067,29.70076572218368,0.40441103699597175,1.2567055873045878,0.7763298370847546,True,True,0.2113232175828872,True,True,VAH,LRC_upper,limit,MSI,XLK,off,74.2,2023-04-24,80,-286.47280000000086
2023-04-25 10:00:00,212.43,206.37,224.56,259.49,2023-05-02 15:54:00,stop,1160,5,-1.0345544554455444,-0.029512780680694826,2.0016501650165,0.06083708644283976,3,1.1375666091100531,63.604626159389376,0.06690076798334615,0.06083708644283976,21.941498899947064,0.20187141517979587,1.0406639953189099,0.9453188514551064,True,True,0.1402262151603617,True,True,AVWAP,swing_high,limit,CPAY,XLF,off,47.7,2023-04-24,1,-6.269400000000002
2023-06-05 10:00:00,311.851,307.13,342.1,347.15,2023-06-07 15:54:00,stop,1185,2,-1.0655561321753866,-0.01613107060743754,6.407328955729718,0.826089036364703,3,0.793515694639365,22.03893419411261,0.4487365236977955,0.826089036364703,34.090096814287904,0.3362879480040996,2.9572951562758374,0.9688982667277893,True,True,0.39514667753812915,True,True,VAH,LRC_upper,limit,ISRG,XLV,off,84.8,2023-06-02,74,-372.25629700000025
2023-06-05 10:00:00,395.39,387.55,421.37,431.51,2023-06-07 15:54:00,stop,1185,2,-1.049932397959184,-0.020818609474189977,3.3137755102040947,0.87360679528417,3,0.9769214859096982,19.940883295368607,0.33128760547984293,0.87360679528417,41.539699046416686,0.1990676903702303,1.7265791990797377,0.7832561080200265,True,True,0.2640681443256305,True,True,POC,LRC_upper,limit,TYL,XLK,off,80.0,2023-06-02,58,-477.42525999999856
2023-06-05 10:00:00,221.78,218.32,229.7,234.3,2023-06-07 15:54:00,stop,1185,2,-1.0635982658959537,-0.016593245558661773,2.2890173410404535,0.8323590048188244,3,0.9957875615270271,38.92811036906699,0.19106024321529913,0.8323590048188244,32.19373780840928,0.004869098920731618,1.7001974048609314,0.19362439539317966,True,True,0.18726816099249755,True,True,POC,LRC_upper,limit,VRSN,XLK,off,75.0,2023-06-02,104,-382.7252000000008
2023-06-05 10:00:00,97.63,95.05,105.32,120.75,2023-06-07 15:54:00,stop,935,2,-1.0373410852713179,-0.027413090238656134,2.980620155038761,0.7515408072608825,3,0.6591617962244625,71.81104779840653,0.7472627782861767,0.7515408072608825,45.94335616559664,0.09700664095368325,2.002888667758068,0.8920882943396266,True,True,0.3467577633333636,True,True,VAH,LRC_upper,limit,DDOG,XLK,off,74.1,2023-06-02,236,-631.6162399999997
2023-06-05 10:00:00,62.29,61.49,64.91,66.46,2023-06-07 15:54:00,stop,1185,2,-1.0773625000000002,-0.013836731417562967,3.2750000000000083,0.7073067902164274,2,0.7535255434834913,11.236010250236319,0.304277405621747,0.7073067902164274,33.88491330636978,0.09765744453768714,2.2224584585028433,-0.5312466495258161,True,True,0.1816326068894154,True,True,VAL,swing_high,limit,BRO,XLF,off,70.8,2023-06-02,370,-318.89929999999896
2023-06-05 10:00:00,2.99,2.94,3.13,3.41,2023-06-05 15:54:00,stop,1182,0,-1.0592999999999997,-0.017714046822742562,2.7999999999999785,0.6886380449946254,3,0.6563832780907412,65.91088652537087,0.28556894878839467,0.6886380449946254,16.16597988593219,0.2244739147810027,1.3448762883821355,0.36753776958388146,True,True,0.16704431744406856,True,True,POC,LRC_upper,limit,AIV,XLF,off,69.4,2023-06-02,63,-3.336795000000017
2023-06-06 10:00:00,80.02,78.97,82.12,86.4,2023-06-07 15:54:00,stop,1185,1,-1.075709523809524,-0.014115158710322385,2.0000000000000133,0.7352676207331125,3,0.7251767179303972,23.70169773100053,0.2709062072521794,0.7352676207331125,17.69162790664307,0.11056298346331099,1.9056259730900718,0.7336269415348468,True,True,0.1982636887917577,True,True,VAL,swing_high,limit,CAH,XLV,off,71.0,2023-06-05,2,-2.2589899999999945
2023-06-08 10:00:00,99.63,97.95,103.0,106.6,2023-06-09 15:54:00,stop,1187,1,-1.0588035714285717,-0.017853959650707543,2.0059523809523925,0.831982363053049,3,0.6955254374212492,47.344467320689695,0.4384804289967485,0.831982363053049,24.252285222991144,0.009302757186217614,1.7013312841956265,0.47464598027935706,True,True,0.15871696360569132,True,True,POC,52w_high,limit,DVA,XLV,off,71.9,2023-06-07,227,-403.7853299999983
2023-06-08 10:00:00,3.0,2.94,3.13,3.41,2023-06-13 15:54:00,stop,1188,3,-1.0494999999999999,-0.02099000000000002,2.166666666666663,0.6763592265146796,2,0.7553677367787099,64.32629782446992,0.2657443488936312,0.6763592265146796,17.515096862673623,0.13525009475453198,1.3546132623246347,-0.20967168161907992,True,True,0.14791276929412023,True,True,POC,LRC_upper,limit,AIV,XLF,off,61.6,2023-06-06,7547,-475.23459000000037
2023-06-08 10:00:00,41.67,40.93,43.16,44.59,2023-08-04 15:54:00,time,1224,40,6.56199999999998,0.11653179745620346,2.013513513513501,0.8389826557845325,2,0.7174839838903434,32.426988485957935,0.35935674979657334,0.8389826557845325,17.41657603943038,-0.022721716941419338,1.2043232443242171,0.03257801963800601,True,True,-0.04220084110674338,True,True,POC,52w_high,limit,UNM,XLF,off,58.7,2023-06-07,543,2636.7428399999994
2023-06-08 10:00:00,65.64,62.87,72.16,75.48,2023-06-29 15:54:00,stop,1200,14,-1.023196750902527,-0.04317877818403418,2.3537906137184073,0.5575323399695049,2,1.1758131067322497,39.38111269879555,0.28493793539724727,0.5575323399695049,26.62480859708011,0.1011396725347486,0.9646705187132513,0.7075195570254449,True,True,0.0803325202342613,True,True,AVWAP,LRC_upper,limit,MU,XLK,off,57.3,2023-06-07,344,-974.983720000001
2023-06-08 10:00:00,527.96,526.98,529.92,550.25,2023-06-14 15:54:00,stop,281,4,-1.538234693877541,-0.0028552731267520613,1.999999999999884,0.2982237231591501,2,0.7425136483943721,63.18400072776215,0.011192622434944953,0.2982237231591501,58.303977750301975,-0.1722211460536512,4.156046511627907,0.7881913702755542,True,True,0.04036625279307127,True,True,AVWAP,LRC_upper,limit,STI,XLF,off,48.3,2023-06-06,42,-63.31374000000076
2023-06-08 10:00:00,203.14,197.91,218.59,224.12,2023-08-04 15:54:00,time,1225,40,5.117279158699823,0.13174840011814523,2.9541108986615767,0.05682659712347472,2,0.8068960705867005,62.46657990369795,0.08648792495506953,0.05682659712347472,26.14008709806821,0.11014395480962251,0.9503069559097915,0.9145197232165719,True,True,0.01411484812784325,True,True,AVWAP,LRC_upper,limit,WDAY,XLK,off,43.3,2023-06-07,2,53.52674000000004
2023-06-08 10:00:00,119.16,115.78,125.92,129.85,2023-07-31 15:54:00,trail,1221,35,2.2177727085115997,0.06290761794871767,2.000000000000004,0.13020344650575325,2,0.9093388515228304,42.05169808465945,0.0746570397818779,0.13020344650575325,14.899423639903395,0.05668852772283808,0.9931501830208236,0.04771278387163538,True,True,-0.028784521397507756,True,True,POC,swing_high,limit,DXCM,XLV,off,39.6,2023-06-07,1,7.496071754769196
2023-06-12 10:00:00,387.99,379.51,410.11,418.75,2023-07-19 15:54:00,trail,1213,25,1.1250956228661915,0.024590352539769902,2.6084905660377307,0.6216694595330793,2,1.0995740249521562,42.6234038430281,0.21742849062562777,0.6216694595330793,19.410677705172358,0.2158612373611839,1.407037230987525,-0.17836260323116407,True,True,0.020681390640538533,True,True,AVWAP,LRC_upper,limit,MCK,XLV,off,59.8,2023-06-09,57,543.8262202686034
2023-06-12 10:00:00,83.79,82.56,86.76,89.31,2023-07-27 15:54:00,trail,1219,31,2.5403292682926697,0.03729090583601854,2.4146341463414545,0.03162041563283316,3,0.6939840155469829,25.738403121759646,0.035012698581591006,0.03162041563283316,19.456142783419732,0.12749579167928574,1.166460722692804,0.1332490770171453,True,True,-0.015862450502782788,True,True,swing_low,swing_high,limit,EW,XLV,off,44.3,2023-06-09,1,3.124604999999994
2023-06-14 10:00:00,60.37,56.91,67.3,72.8,2023-06-23 15:54:00,stop,1196,6,-1.0169479768786127,-0.05828457843299654,2.002890173410404,0.6620597087527412,3,1.2162973586184143,74.70918132413307,0.8544023440472325,0.6620597087527412,45.88434182168275,0.20110455334315033,1.4576396334467858,0.8373825068589615,True,True,0.39295526862167174,True,True,VAL,52w_high,limit,MRVL,XLK,off,68.2,2023-06-13,327,-1150.5952800000002
2023-06-15 10:00:00,30.88,30.26,32.17,33.04,2023-06-22 15:54:00,stop,1195,4,-1.0493064516129034,-0.021067681347150178,2.0806451612903354,0.4365684278618011,3,0.751640078425978,70.88235049697144,0.29661529494506983,0.4365684278618011,34.758566492736215,0.29593287004549984,1.26494424009459,0.18252534818154104,True,True,-0.01799088041504482,True,True,VAH,swing_high,limit,SYF,XLF,off,52.9,2023-06-14,735,-478.1689499999981
2023-06-23 10:00:00,44.43,43.91,46.51,54.13,2023-06-23 15:54:00,stop,1195,0,-1.0849423076923073,-0.012697951834346233,3.9999999999999725,0.375217842262377,3,0.5056313476889198,42.51625966239617,0.13046921374386977,0.375217842262377,17.90936978846569,0.06786063263127944,1.0085728548825168,0.8052954009213532,True,True,-0.07909253816532291,True,True,AVWAP,swing_high,limit,SRCL,XLF,off,51.9,2023-06-22,507,-286.0341900000016
2023-06-26 10:00:00,120.03,116.8,159.34,163.03,2023-08-17 15:54:00,lrc_break,1233,38,0.05567182662538604,0.001498125468632818,12.170278637770883,0.5500497407208788,3,0.7084225215123822,70.68258386856698,2.7267606382473564,0.5500497407208788,69.92580850432168,0.2668995098076268,1.512459456243569,0.8236249020130796,True,True,31.70021806837636,True,True,VAL,LRC_upper,limit,FI,XLF,off,76.5,2023-06-23,185,33.266699999999474
2023-06-26 10:00:00,483.01,469.94,518.74,533.52,2023-08-09 15:54:00,lrc_break,1228,32,2.316113618974751,0.06267283286060327,2.7337413925019156,0.616839266921347,3,0.8255666221013831,67.30971572052275,0.5767922565918737,0.616839266921347,42.96738707518774,0.01800546215665803,1.862860594391314,0.9537898696396214,True,True,0.12298711070773716,True,True,POC,52w_high,limit,ADBE,XLK,off,69.2,2023-06-23,41,1241.1358049999992
2023-06-30 10:00:00,641.16,629.13,665.22,679.91,2023-07-06 15:54:00,stop,1204,3,-1.0527967581047382,-0.01975348586936174,2.0000000000000093,0.3415935100456113,2,1.0843519102900891,52.14830699497382,0.125154798006017,0.3415935100456113,12.182933483155779,0.06978327102410242,0.910975615045764,0.1862275926760269,True,True,-0.09490674649699138,True,True,POC,swing_high,limit,BLK,XLF,off,47.4,2023-06-29,34,-430.61492999999905
2023-07-07 10:00:00,125.9,121.15,135.4,140.95,2023-07-12 15:54:00,stop,1208,3,-1.0260052631578946,-0.038709491660047654,2.0,0.9383644479702421,3,1.4562875253832583,33.05681313129191,0.6815725916895681,0.9383644479702421,52.08908995977929,0.338023761369288,2.216429121647133,0.8505503941082277,True,True,0.11975275190283852,True,True,POC,LRC_upper,limit,PANW,XLK,off,76.0,2023-07-06,171,-833.372775
2023-07-13 10:00:00,12.56,12.17,13.35,13.74,2023-07-13 15:54:00,stop,1208,0,-1.0317051282051282,-0.03203542993630578,2.0256410256410207,0.45060884602046153,3,0.9407689223833551,54.13495112471741,0.2161755925786263,0.45060884602046153,26.178456862359127,0.02243357998290796,1.04255248739228,0.526107900170669,True,True,-0.09936935005104519,True,True,POC,LRC_upper,limit,COTY,XLF,off,54.8,2023-07-12,1648,-663.0975200000009
2023-07-14 10:00:00,134.87,132.29,140.04,143.9,2023-07-21 15:54:00,lrc_break,1215,6,-0.06777131782945396,-0.0012964336027284945,2.0038759689922334,0.9034859235468397,3,1.259635275609442,58.21053142757451,0.3641211775059848,0.9034859235468397,43.09562937039424,0.26776491882428394,1.3213772642401738,0.8884687287764396,True,True,-0.046676752994895376,True,True,VAH,LRC_upper,limit,TEL,XLK,off,66.6,2023-07-13,148,-25.87779999999882
2023-07-20 10:00:00,36.44,35.76,37.81,40.23,2023-08-16 15:54:00,stop,1233,19,-1.0530882352941178,-0.01965148188803512,2.0147058823529487,0.7326423810996003,3,0.7382046656834746,57.81662824582404,0.23534638122063578,0.7326423810996003,18.631493810102786,0.10950918922960866,1.163770881202881,0.7900418558517966,True,True,-0.13678822544850733,True,True,VAH,LRC_upper,limit,BNY,XLF,off,60.3,2023-07-19,619,-443.2658999999999
2023-07-24 10:00:00,46.0,43.64,51.16,60.46,2023-07-24 15:54:00,lrc_break,1216,1,-0.006786016949152062,-0.00034815217391301876,2.1864406779661008,0.7902877072085593,2,0.8483895716719039,-9.087126093576936,0.9436568243177127,0.7902877072085593,28.6419466774107,0.08136646852287054,1.5458279161858246,-0.5824152754105081,True,True,0.14102854169762802,True,True,AVWAP,POC,limit,COHR,XLK,off,68.0,2023-07-21,437,-6.998554999999504
2023-07-25 10:00:00,53.11,51.7,56.29,72.24,2023-08-17 15:54:00,lrc_break,1234,18,0.17499290780141685,0.004645829410657073,2.2553191489361755,0.8020985943980432,3,1.3900675719579745,21.20614207710306,0.27307889641258604,0.8020985943980432,16.71992461891908,0.2185538528029475,1.1355480050630282,0.841632960824431,True,True,-0.07630882295302654,True,True,VAL,LRC_upper,limit,TRMB,XLK,off,68.7,2023-07-24,378,93.26771999999893
2023-07-28 10:00:00,88.11,86.88,90.58,95.65,2023-07-31 15:54:00,stop,1221,1,-1.0711341463414632,-0.014952843037112747,2.0081300813008056,0.7501040388547475,2,0.9555278721904638,11.250796742481088,0.2737422534303069,0.7501040388547475,16.688048782011084,0.03629622660905034,1.3519939335979774,-0.9453779863302846,True,True,-0.06619870201802502,True,True,swing_low,swing_high,limit,CAH,XLV,off,57.2,2023-07-27,1,-1.3174950000000039
2023-08-01 10:00:00,151.67,149.27,159.89,162.64,2023-08-23 15:54:00,trail,1238,16,-0.5450744580250012,-0.008625164497000003,3.425000000000032,0.521994532606129,2,0.885926259288833,45.5686238178318,0.1553732005913876,0.521994532606129,25.869023855659666,-0.0012980137290685477,1.2056438622463876,0.7087711046516413,True,True,-0.15541567990645688,True,True,AVWAP,LRC_upper,limit,JNJ,XLV,off,48.4,2023-07-31,1,-1.3081786992599906
2023-08-07 10:00:00,11.31,10.84,12.72,14.15,2023-08-07 15:54:00,lrc_break,508,1,0.039734042553190074,0.0016511936339521978,2.999999999999996,0.8490046895422615,3,0.8394163425176734,-26.17449532284696,0.7189770531161004,0.8490046895422615,36.7560265725254,0.24657014192035626,1.9317412344400229,0.4393943321407423,True,True,0.06876074205084892,True,True,AVWAP,POC,limit,HOOD,XLF,off,77.8,2023-08-04,2024,37.79819999999871
2023-08-07 10:00:00,203.82,198.74,213.99,224.43,2023-08-09 15:54:00,lrc_break,1228,3,-0.02634940944882032,-0.0006567314296928997,2.001968503937017,0.9050331918793839,2,0.9247327755933091,-15.134296281280019,0.4571069873637345,0.9050331918793839,24.97948756302701,-0.10738999571131119,1.4515788862614334,0.40248937911397525,True,True,0.05310097005445358,True,True,VAL,swing_high,limit,NXPI,XLK,off,68.9,2023-08-04,14,-1.8739700000000954
2023-08-08 10:00:00,10.5,10.29,11.15,13.09,2023-08-08 15:54:00,stop,1227,0,-1.0494999999999997,-0.02099000000000008,3.0952380952380842,0.7302397830855308,3,0.8173133110580469,61.70352199578185,0.32252940303050537,0.7302397830855308,37.21641143698194,0.20647034506698245,1.3190712440641739,0.38853008303499564,True,True,0.025317270922750934,True,True,swing_low,LRC_upper,limit,HBAN,XLF,off,64.6,2023-08-07,2191,-482.8854450000019
2023-08-09 10:00:00,103.44,101.94,106.94,111.21,2023-08-09 15:54:00,stop,1228,0,-1.06846,-0.015493909512761021,2.3333333333333335,0.9135065356735478,3,0.6991688501022758,-6.745969865809355,0.3638829343458763,0.9135065356735478,32.30424615276423,0.01292658662618335,1.3520655720012154,0.7800707355993695,True,True,0.029752343092507516,True,True,swing_low,swing_high,limit,RJF,XLF,off,72.5,2023-08-08,217,-347.78373
2023-08-10 10:00:00,25.77,25.27,28.11,28.72,2023-08-15 15:54:00,stop,1196,3,-1.05104,-0.02039270469538223,4.68,0.8833648019801145,3,0.7923219314319717,73.58893162882892,0.33168750935527364,0.8833648019801145,21.968883842233694,0.04122941007105387,1.4496471812173302,0.9108292145227047,True,True,-0.06339586233691263,True,True,VAH,52w_high,limit,CTRA,XLF,off,75.4,2023-08-09,874,-459.30447999999996
2023-08-10 10:00:00,220.81,216.99,228.45,235.97,2023-08-17 15:54:00,lrc_break,1234,6,-0.641281413612564,-0.011094130700602282,2.0,0.8285504587645275,2,0.7496536992594257,6.646133811604489,0.26000896574222543,0.8285504587645275,33.732197902399385,-0.011860622683964933,2.1607298647957016,0.38417945835568157,True,True,-0.008412371725166734,True,True,swing_low,swing_high,limit,STE,XLV,off,61.3,2023-08-09,102,-249.86888999999897
2023-08-10 10:00:00,106.16,104.64,109.21,111.74,2023-08-14 15:54:00,stop,1231,2,-1.069342105263158,-0.015310851544837942,2.0065789473684243,0.6730244755395772,2,0.6644663243883919,1.0690043118888006,0.3541272822022616,0.6730244755395772,29.42264967751919,0.033438822056452176,1.3993695095680636,-0.9230836970323892,True,True,0.12643334746859147,True,True,AVWAP,swing_high,limit,JBL,XLK,off,61.1,2023-08-09,9,-14.628599999999963
2023-08-10 10:00:00,65.76,63.85,69.59,71.54,2023-08-11 15:54:00,stop,1230,1,-1.0339293193717276,-0.03003048965936745,2.005235602094236,0.0020957614262897472,2,0.9957137090687996,49.81575801197778,0.012478030805618764,0.0020957614262897472,16.56787886675123,0.048672493673525365,0.8282890539636324,0.8151028322493553,True,True,-0.10493295065776409,True,True,POC,swing_high,limit,MU,XLK,off,33.4,2023-08-09,1,-1.9748050000000037
2023-08-15 10:00:00,518.35,510.8,539.0,552.94,2023-08-17 15:54:00,stop,1234,2,-1.0681556291390728,-0.01555816533230445,2.7350993377483372,0.754792988725167,2,0.5675293270078653,17.00116890263117,0.33469093725864485,0.754792988725167,31.23272510199687,-0.138158936881288,2.3226054232461055,0.6814701122943702,True,True,0.26011315015460257,True,True,VAL,swing_high,limit,ADBE,XLK,off,66.5,2023-08-14,1,-8.064575000000012
2023-08-15 10:00:00,73.33,70.61,79.66,82.92,2023-08-17 15:54:00,stop,1233,2,-1.0264595588235295,-0.03807404882040091,2.3272058823529416,0.7171081356149583,2,1.1387629507031165,71.28477309276508,0.2460356309617836,0.7171081356149583,17.37219747406925,-0.015091274021251084,1.0753078539330956,0.20818788400358765,True,True,0.03819733995306551,True,True,POC,52w_high,limit,CDAY,XLK,off,60.5,2023-08-14,6,-16.75181999999999
2023-08-16 10:00:00,21.7,20.66,23.79,24.8,2023-08-17 15:54:00,stop,1233,1,-1.0203653846153846,-0.0489023041474654,2.009615384615386,0.7305348319855792,3,1.0745413912537047,61.951703866688824,0.5481697317250723,0.7305348319855792,43.43064475927701,0.2064633143177183,1.4325234105853952,0.6425566196719235,True,True,0.15099302731245068,True,True,AVWAP,LRC_upper,limit,SATS,XLF,off,68.9,2023-08-15,1019,-1081.342419999999
2023-08-17 10:00:00,36.48,35.58,38.28,39.23,2023-08-17 15:54:00,lrc_break,1233,1,-0.7179722222222227,-0.017713130482456124,2.000000000000008,0.7939603248249552,3,1.1792372335629928,6.7001206731467216,0.18574635595655406,0.7939603248249552,21.781920564037158,0.06391140924990597,1.7873762124562875,0.9377410767579115,True,True,-0.07851839570878882,True,True,POC,52w_high,limit,FLS,XLF,off,65.3,2023-08-16,602,-388.9973499999997
2023-08-18 10:00:00,19.71,18.37,22.48,24.17,2023-08-18 15:54:00,lrc_break,1234,1,0.2687313432835814,0.018269913749365756,2.0671641791044775,0.8972350359563865,3,1.573371095953006,-24.652989867488838,0.7674914644337409,0.8972350359563865,47.157257838146236,0.14364664805240154,1.1214641717494385,0.24193344873221617,True,True,0.36638250947093765,True,True,AVWAP,swing_high,limit,VNO,XLF,off,77.8,2023-08-17,810,291.6809999999992
2023-08-18 10:00:00,36.0,34.95,38.8,42.56,2023-08-22 15:54:00,lrc_break,1236,3,-0.1104380952380939,-0.0032211111111110635,2.666666666666671,0.7937798110391627,3,0.9281810092467444,4.504992668673967,0.5535552695999845,0.7937798110391627,29.922016152458355,0.038101529251764146,1.4784531468450384,0.4492585777462622,True,True,0.10981760478944946,True,True,AVWAP,POC,limit,HP,XLF,off,71.4,2023-08-17,603,-69.92387999999897
2023-08-18 10:00:00,134.3,132.43,140.96,161.04,2023-08-22 15:54:00,stop,1237,2,-1.0713181818181816,-0.01491708860759497,3.561497326203198,0.6298550307816853,3,0.7229651965509263,60.58963967218739,0.2582620983019038,0.6298550307816853,42.41290358947533,0.1458452739740357,1.7672396225198306,0.9610147499092023,True,True,-0.06793609281051538,True,True,swing_low,LRC_upper,limit,AIZ,XLF,off,62.8,2023-08-17,161,-322.54176500000074
2023-08-18 10:00:00,386.39,381.83,405.09,417.37,2023-09-20 15:54:00,trail,1257,22,-0.3770746159563776,-0.004450064051246364,4.100877192982452,0.5998033214624096,3,0.573735565557089,62.313529103076995,0.19641500147453803,0.5998033214624096,25.517532728985643,0.11827728291765123,1.500797353814528,0.851387364233683,True,True,-0.07222311016812544,True,True,VAH,52w_high,limit,WST,XLV,off,56.1,2023-08-16,56,-96.28977393062064
2023-08-18 10:00:00,215.17,210.55,224.41,231.19,2023-09-08 15:54:00,trail,1249,14,-0.3010581667725333,-0.006464138729790847,2.0000000000000124,0.6722634036515078,2,1.007537860048033,23.197926182803,0.2095409747338102,0.6722634036515078,16.152019462711333,0.12574082777101034,1.249743564233434,-0.7218425379651648,True,True,-0.045830512954046165,True,True,AVWAP,swing_high,limit,DHR,XLV,off,53.9,2023-08-17,100,-139.08887304890965
2023-08-21 10:00:00,20.78,20.53,21.59,21.91,2023-08-21 15:54:00,lrc_break,1236,1,0.23671999999999316,0.0028479307025985703,3.239999999999995,0.7958452571351009,2,0.7866921502651955,-17.22538192451843,0.2128177013294335,0.7958452571351009,21.553556891116518,-0.07268660038173894,1.2251777984277665,0.17169952475006525,True,True,-0.0371777355391002,True,True,AVWAP,POC,limit,APH,XLK,off,62.8,2023-08-17,1051,62.19817999999821
2023-08-21 10:00:00,228.24,223.7,237.33,248.79,2023-08-23 15:54:00,stop,1237,2,-1.0497731277533038,-0.020881396775324308,2.002202643171798,0.8811053166718409,2,1.0017983399467962,59.11098823199799,0.3536467528342904,0.8811053166718409,31.65801615289366,-0.0034045934332107195,1.948221943991835,0.9676329477780697,True,True,0.01629567995504866,True,True,swing_low,LRC_upper,limit,PXD,XLF,off,61.9,2023-08-18,1,-4.76597000000002
2023-08-21 10:00:00,65.09,63.48,68.58,70.27,2023-09-28 15:54:00,trail,1263,27,-0.9219751552795004,-0.022805039176524836,2.1677018633540253,0.7277844607285404,2,1.2193476094827547,24.83559502360751,0.22641914848839895,0.7277844607285404,22.04816795898145,-0.04906066491754752,1.1734215787739606,0.05947471505428772,True,True,-0.06892359200141962,True,True,VAL,swing_high,limit,CTSH,XLK,off,57.7,2023-08-18,1,-1.4843800000000018
2023-08-22 10:00:00,474.86,462.76,499.06,521.11,2023-09-21 15:54:00,trail,1258,21,2.6527971074380097,0.06759643895042744,1.9999999999999953,0.7602206102730116,2,1.1531184251217332,-1.5777564213083781,0.26910636610113736,0.7602206102730116,22.035016971661168,0.05064725068472155,1.5472960317468603,-0.927365045942409,True,True,-0.06640013299935887,True,True,AVWAP,swing_high,limit,INTU,XLK,off,57.0,2023-08-21,46,1476.546869999999
2023-08-23 10:00:00,27.86,26.34,30.9,32.36,2023-09-22 15:54:00,trail,1258,21,2.130131700728479,0.1162168049212953,2.0,0.6134587238766894,2,1.079876225956993,5.567727571032264,0.5804879485086045,0.6134587238766894,24.927377680412285,0.026033106541539452,1.011507207954271,-0.7800308750622904,True,True,0.24908589979672469,True,True,AVWAP,POC,limit,SLG,XLF,off,64.9,2023-08-22,714,2311.789332166603
2023-08-23 10:00:00,42.84,41.84,47.13,60.94,2023-08-25 15:54:00,stop,1239,2,-1.04234,-0.024330999066293182,4.289999999999999,0.2986102689332891,2,0.646537331647763,30.74358536757069,0.16790918859175805,0.2986102689332891,21.278175271986992,0.013583311183102718,1.112080683575312,-0.7472836204882904,True,True,0.13886416313688632,True,True,swing_low,swing_high,limit,MTCH,XLK,off,58.0,2023-08-22,507,-528.4663800000001
2023-08-24 10:00:00,18.68,18.27,20.85,22.82,2023-08-24 15:54:00,lrc_break,1238,1,-0.09431707317073065,-0.002070128479657365,5.29268292682927,0.9247142650831783,3,0.7314723781932906,0.30243801063580555,0.6147166543860939,0.9247142650831783,41.481869748422014,0.07204917580684066,1.1775230704633621,0.065098810001585,True,True,0.11594826824962068,True,True,VAL,LRC_upper,limit,NOV,XLF,off,82.5,2023-08-23,96,-3.712319999999959
2023-08-25 10:00:00,45.25,44.57,47.33,47.91,2023-09-07 15:54:00,stop,1247,8,-1.0660441176470588,-0.016020110497237564,3.0588235294117636,0.6988227323601992,3,0.9100041068903884,12.318093299902527,0.16347604190787504,0.6988227323601992,20.953700074622947,0.00994880431664382,1.2757544636882934,0.3064081286946887,True,True,-0.07412248639439856,True,True,VAL,52w_high,limit,UNM,XLF,off,69.9,2023-08-24,39,-28.27148999999999
2023-08-28 10:00:00,145.06,143.6,148.75,150.79,2023-09-06 15:54:00,stop,1247,6,-1.0988561643835613,-0.011059768371708315,2.527397260273957,0.8426043977438414,2,0.5901324324242331,61.83329086713587,0.22540946355581412,0.8426043977438414,30.18356531145966,-0.004688109661007575,1.2713702047162128,0.9468551758160366,True,True,-0.04210943515981469,True,True,POC,LRC_upper,limit,CBOE,XLF,off,60.3,2023-08-25,146,-234.23218000000116
2023-08-29 10:00:00,19.16,18.82,19.85,20.44,2023-09-07 15:54:00,stop,1248,6,-1.0558529411764705,-0.018736430062630472,2.029411764705887,0.7994434689177469,2,0.7080181725826218,29.32890918352346,0.2962484402673419,0.7994434689177469,24.55905041276513,0.021629574479845187,0.8478018382969649,0.3047999087365044,True,True,0.019029083735925045,True,True,VAL,swing_high,limit,GEN,XLK,off,60.8,2023-08-28,2,-0.7179799999999996
2023-09-07 10:00:00,52.71,52.04,54.52,62.2,2023-10-03 15:54:00,stop,1265,18,-1.0781716417910445,-0.013704704989565579,2.7014925373134293,0.700584811844616,2,0.6588156807888335,46.62091400161918,0.8630994144806117,0.700584811844616,45.41766141990219,-0.3620269817006259,1.4351561400390018,0.30434741224074624,True,True,0.22671937858806057,True,True,VAL,swing_high,limit,CPRI,XLF,off,66.4,2023-09-06,397,-286.78287500000073
2023-09-08 10:00:00,71.91,71.03,73.68,75.04,2023-09-15 15:54:00,stop,1254,5,-1.0812159090909095,-0.013231400361563003,2.0113636363636584,0.8333999321024587,3,0.8765981334974794,58.84856192485438,0.16789325106635053,0.8333999321024587,38.5644655409442,0.07520364192507009,1.2396805882415787,0.9536626136692207,True,True,0.13502123814826916,True,True,POC,LRC_upper,limit,BRO,XLF,off,71.1,2023-09-07,25,-23.786749999999888
2023-09-11 10:00:00,18.79,18.49,19.39,19.85,2023-09-11 15:54:00,stop,1250,0,-1.0621333333333332,-0.01695795635976587,2.0,0.7023976350599559,2,0.6920379529408374,3.54267516315788,0.2521221136349481,0.7023976350599559,18.664344158070897,-0.1533437331822186,1.0957013893187655,0.4807654199219554,True,True,0.09806649969117398,True,True,AVWAP,POC,limit,GEN,XLK,off,61.2,2023-09-08,1138,-362.6123200000008
2023-09-12 10:00:00,822.18,813.48,839.58,872.83,2023-09-15 15:54:00,lrc_break,1254,4,-0.8389586206896509,-0.008877545063124747,2.000000000000026,0.9038624739618162,3,0.6385744793529118,21.227741491820744,0.3767089748340545,0.9038624739618162,31.8119479887073,0.03848427117143326,1.7807333168540949,0.010772229472347695,True,True,0.08067105636134797,True,True,swing_low,52w_high,limit,REGN,XLV,off,71.9,2023-09-11,25,-182.4734999999976
2023-09-12 10:00:00,73.79,72.37,77.15,79.66,2023-09-18 15:54:00,stop,1254,4,-1.0514647887323942,-0.02023417807290963,2.3661971830985884,0.5441598822566369,3,0.8032605256986235,58.709389052763896,0.1767867276282122,0.5441598822566369,11.591281495500038,0.05376473278938581,1.048721893877951,0.10002001961291676,True,True,0.13369427342166662,True,True,POC,LRC_upper,limit,CDAY,XLK,off,64.3,2023-09-11,6,-8.95848000000001
2023-09-18 10:00:00,32.8,31.53,35.35,37.11,2023-09-21 15:54:00,stop,1257,3,-1.0253267716535435,-0.03970015243902427,2.0078740157480413,0.1585533161412536,3,0.9883217381650545,52.2510773925919,0.18057214931796278,0.1585533161412536,13.03860370046344,0.06986646893631486,1.3752200081243025,0.3334970841101672,True,True,0.286768574559207,True,True,swing_low,swing_high,limit,ZION,XLF,off,54.1,2023-09-15,676,-880.2635399999973
2023-09-19 10:00:00,199.53,196.43,206.23,211.29,2023-09-21 15:54:00,stop,1258,2,-1.0638645161290323,-0.016528742544980674,2.1612903225806455,0.8626365562748719,2,0.9555283849212224,10.942353616252833,0.2801195979083528,0.8626365562748719,32.401624557226924,0.03214291727083069,1.4134587755919474,-0.03837007968281583,True,True,0.17352967862414714,True,True,VAL,52w_high,limit,CDW,XLK,off,71.3,2023-09-18,2,-6.595959999999989
2023-09-22 10:00:00,543.5,525.54,580.5,596.5,2023-11-16 15:54:00,time,389,40,0.025389755011135804,0.0008390064397424102,2.060133630289528,0.7582555519468502,3,1.6302097506678805,55.47382030194068,0.046568696099758077,0.7582555519468502,72.98676830531761,0.13259996582365005,5.091238233164374,0.7984717400614317,True,True,0.0269990327272982,True,True,swing_low,swing_high,limit,STI,XLF,off,69.0,2023-09-21,40,18.24
2023-09-22 10:00:00,244.66,240.16,260.4,266.49,2023-10-03 15:54:00,stop,1266,7,-1.0538688888888887,-0.01938367530450421,3.4977777777777734,0.7135589430552768,2,1.0358308752968957,48.25982316505241,0.3030354505873005,0.7135589430552768,31.798437900714884,-0.08222741843460421,1.3389009510669785,0.07100920584720617,True,True,0.1832305946362116,True,True,VAH,LRC_upper,limit,AMGN,XLV,off,67.8,2023-09-21,90,-426.81690000000003
2023-09-25 10:00:00,538.88,528.96,589.57,632.81,2023-09-25 15:54:00,lrc_break,1260,1,0.16230292338709515,0.002987761653800433,5.109879032258091,0.8228042268992208,3,0.8363932893534478,-8.878504294515587,0.5434966647810687,0.8228042268992208,40.34779847013983,0.059746316235147194,1.6381749576914642,0.4568310188383454,True,True,0.19587070431235243,True,True,swing_low,swing_high,limit,LLY,XLV,off,84.5,2023-09-22,40,64.4017999999991
2023-09-25 10:00:00,130.57,127.62,136.89,140.23,2023-09-27 15:54:00,stop,1262,2,-1.0437610169491527,-0.02358194838017913,2.142372881355938,0.9033523838358161,3,1.278299056064728,69.7347273172866,0.3086809094034541,0.9033523838358161,24.369311637174395,0.05011159921293691,1.263838706594327,0.8524240442733212,True,True,0.07402120536843038,True,True,VAH,swing_high,limit,PGR,XLF,off,74.1,2023-09-22,167,-514.2088649999981
2023-09-25 10:00:00,195.85,193.52,206.23,212.56,2023-09-25 15:54:00,lrc_break,1260,1,-0.019710300429182252,-0.00023449068164408646,4.454935622317625,0.7859860682193732,2,0.7431608328632889,-2.0136124299745326,0.25162361255337873,0.7859860682193732,26.7607682608284,0.028254144659661563,1.3670825866117733,-0.6634478015239439,True,True,0.15685122385441708,True,True,AVWAP,52w_high,limit,CDW,XLK,off,71.4,2023-09-22,8,-0.36739999999995454
2023-09-25 10:00:00,44.78,43.98,47.66,49.67,2023-10-23 15:54:00,trail,1280,20,0.576882099207162,0.010306066980029746,3.599999999999975,0.4873954573205088,2,0.6117048108048702,7.905347447234955,0.2548119389233338,0.4873954573205088,15.812318121462132,0.09644254704870246,1.6304782359819914,-0.05219054515789846,True,True,0.20516950109929377,True,True,swing_low,swing_high,limit,ANET,XLK,off,61.7,2023-09-22,2,0.9230113587314641
2023-09-26 10:00:00,478.49,468.12,499.24,519.77,2023-10-02 15:54:00,stop,1265,4,-1.0456417550626809,-0.022661508077493793,2.0009643201542904,0.1984697847055763,2,1.116471713607476,72.6063664024874,0.1079601883772949,0.1984697847055763,20.614422520503908,0.00946390614305532,1.8451841986870767,-0.0019128205629868698,True,True,0.12022770062160526,True,True,swing_low,LRC_upper,limit,HUM,XLV,off,45.3,2023-09-25,45,-487.9487250000002
2023-09-27 10:00:00,538.68,528.9,589.57,635.7,2023-09-28 15:54:00,lrc_break,1263,2,-0.5997970347648204,-0.010889609786886328,5.203476482617612,0.7655573321074436,3,0.880746736311469,-2.06132370746901,0.5053508937875932,0.7655573321074436,37.50575053806115,0.05393661617366445,1.6294256937789253,0.24044815052234805,True,True,0.21600595841948422,True,True,swing_low,swing_high,limit,LLY,XLV,off,83.0,2023-09-26,3,-17.598044999999782
2023-09-28 10:00:00,40.57,39.49,42.95,44.49,2023-10-26 15:54:00,trail,1102,20,2.29831166324906,0.06118256337956571,2.2037037037037095,0.33876597783505963,3,0.8169457958223882,43.942323953759946,0.2002732480380653,0.33876597783505963,15.395771186208792,0.13738568578639856,1.4351859009402994,0.10041528307325442,True,True,0.14828102218435046,True,True,VAL,swing_high,limit,CRWD,XLK,off,59.7,2023-09-27,525,1303.1427130622149
2023-09-29 10:00:00,356.54,350.72,369.71,376.29,2023-09-29 15:54:00,stop,1264,0,-1.0607611683848799,-0.017315392382341373,2.26288659793814,0.46095277391384715,3,0.9031885122238682,53.92927328576017,0.16706233338153736,0.46095277391384715,37.40979554473548,0.00030268267072787637,1.0229867776736392,0.4878823844802498,True,True,0.15165627020360284,True,True,POC,swing_high,limit,EG,XLF,off,64.1,2023-09-28,4,-24.694519999999976
2023-09-29 10:00:00,117.89,115.26,123.15,127.07,2023-10-03 15:54:00,stop,1266,2,-1.0443250950570344,-0.023297777589278104,2.0000000000000053,0.0028391324093311175,2,0.8685200448446115,49.804853313088984,0.01958385118331841,0.0028391324093311175,18.6534987188919,0.07338915049153477,1.2793517111956212,-0.5731508214512591,True,True,-0.052498977078023756,True,True,VAL,swing_high,limit,PANW,XLK,off,37.9,2023-09-28,2,-5.493149999999991
2023-10-02 10:00:00,126.96,125.36,131.92,134.19,2023-10-27 15:54:00,trail,1284,19,7.55651713235751,0.09523020960752972,3.100000000000007,0.8899841212655966,2,0.7469072393383926,7.41612578651473,0.2794117700633553,0.8899841212655966,19.327986796301406,0.007560763082915002,0.8935495291869198,0.19437823009959965,True,True,0.08612494777307833,True,True,VAL,swing_high,limit,PGR,XLF,off,69.5,2023-09-29,11,132.99470152949166
2023-10-04 10:00:00,151.68,149.45,156.14,158.68,2023-11-29 15:54:00,time,1306,40,9.94939237668153,0.1462760087025316,1.9999999999999745,0.8476529615860863,3,0.9495174309420485,46.028364371388804,0.20631732079796494,0.8476529615860863,32.11293458836625,0.06751999046983095,1.503540304118627,0.059735314727027825,True,True,0.2046433223158468,True,True,POC,LRC_upper,limit,CBOE,XLF,off,76.6,2023-10-03,142,3150.5745899999993
2023-10-04 10:00:00,468.69,461.25,483.57,495.61,2023-11-01 15:54:00,trail,1287,20,1.2696975118263525,0.02015521877571115,2.0,0.08997473532527468,3,0.8049102290027869,54.23993530939283,0.0603926244277446,0.08997473532527468,23.252338883760824,0.06212932503475409,1.5314902289848695,0.8550327036679325,True,True,0.15887863520845635,True,True,AVWAP,swing_high,limit,HUM,XLV,off,50.4,2023-10-03,46,434.54127644745074
2023-10-05 10:00:00,328.73,321.68,342.83,374.0,2023-10-24 15:54:00,trail,1280,13,1.5424198616605331,0.03307900107902161,1.999999999999992,0.7410859200207484,3,1.0479840024853029,22.210933078228088,0.17806641281865299,0.7410859200207484,25.257074295849783,0.11538719238793912,1.3103350267807354,0.8164168958070289,True,True,0.13252597169293878,True,True,VAL,swing_high,limit,MOH,XLV,off,73.5,2023-10-04,62,674.19172153182
2023-10-12 10:00:00,36.19,35.1,38.99,40.16,2023-10-17 15:54:00,stop,1276,3,-1.0327018348623853,-0.031103757944183373,2.568807339449554,0.15109906515092994,2,1.1054500972808168,55.71403803718552,0.12504913203103446,0.15109906515092994,14.480852930884003,-0.1296953978411473,1.3959927685377789,0.1347295028189704,True,True,0.15858413241478386,True,True,AVWAP,LRC_upper,limit,INTC,XLK,off,50.1,2023-10-11,1,-1.1256449999999962
2023-10-18 10:00:00,29.05,27.7,31.75,35.7,2023-10-19 15:54:00,stop,1278,1,-1.0210185185185185,-0.04744836488812397,1.9999999999999973,0.06992765813779045,3,0.7871614022843539,73.29252824808383,0.1385126853598656,0.06992765813779045,19.2673817830433,0.1645415245400991,1.0523046175082416,0.9049074281662293,True,True,0.05055396391340894,True,True,swing_low,swing_high,limit,SMCI,XLK,off,44.8,2023-10-17,2,-2.7567500000000025
2023-10-20 10:00:00,16.67,15.79,18.44,20.24,2023-10-23 15:54:00,stop,770,1,-1.0184431818181818,-0.05376304739052204,2.01136363636363,0.39102396463836386,3,1.0260364274217069,58.65702406462366,0.2838685970009637,0.39102396463836386,19.54552205212474,0.018934874460155453,1.8228448213765125,0.9470911402853684,True,True,0.1396241435002299,True,True,swing_low,swing_high,limit,PLTR,XLK,off,58.5,2023-10-19,3,-2.688690000000008
2023-10-25 10:00:00,123.31,117.97,140.57,147.03,2023-11-29 15:54:00,trail,1306,24,-1.20976404494382,-0.052389425026356365,3.2322097378277115,0.6531374253927601,3,1.4087094613916589,19.094931083072918,0.5154448825377612,0.6531374253927601,32.159838572370994,0.12073975097471334,1.4899957676914726,0.7546602613012687,True,True,0.25977390899459185,True,True,AVWAP,52w_high,limit,JBL,XLK,off,75.5,2023-10-24,171,-1104.6839400000006
2023-10-25 10:00:00,16.57,15.78,18.33,20.24,2023-10-25 15:54:00,stop,772,0,-1.020474683544304,-0.04865268557634285,2.227848101265818,0.45263001478560927,3,0.8868670986193197,41.62543619530231,0.3064328674671745,0.45263001478560927,16.5258330489853,0.034330942709668084,1.681493974592688,0.8632047039312379,True,True,0.13536030604049287,True,True,swing_low,swing_high,limit,PLTR,XLK,off,63.5,2023-10-24,7,-5.643225000000006
2023-10-27 10:00:00,321.89,318.12,329.43,342.7,2023-12-04 15:54:00,trail,1309,25,8.847473190787817,0.1036222744703778,2.000000000000015,0.020149047809473023,3,0.5916420217646359,61.949911683269534,0.020623497638581238,0.020149047809473023,14.337508602912203,0.06776803140037754,1.0694820374797378,0.6085274466684101,True,True,0.09934916369532187,True,True,swing_low,swing_high,limit,MSFT,XLK,off,46.8,2023-10-24,69,2301.4932011196242
2023-10-27 10:00:00,70.25,69.07,72.61,78.93,2023-11-08 15:54:00,trail,1292,8,0.15222457627118555,0.002556939501779359,1.999999999999988,0.07882325181997175,2,0.9971893364174528,71.94720578574622,0.03911070290475196,0.07882325181997175,18.05058121276692,0.1248403194653037,0.8887064382143052,0.5932726231046356,True,True,0.14601529646995837,True,True,AVWAP,LRC_upper,limit,GILD,XLV,off,41.5,2023-10-24,7,1.257375
2023-11-03 10:00:00,27.31,26.7,28.94,32.25,2023-11-03 15:54:00,stop,1288,0,-1.0442704918032786,-0.02332497253753202,2.6721311475409903,0.20824335497592975,3,0.7355186134619224,58.58244096467323,0.12339322169049123,0.20824335497592975,17.912146714714375,0.213009629751107,1.1367132976113496,0.2604450051168397,True,True,0.1712770908344241,True,True,AVWAP,swing_high,limit,MRO,XLF,off,57.8,2023-11-02,826,-526.1661299999996
2023-11-06 10:00:00,292.55,287.65,302.35,316.62,2023-11-06 15:54:00,stop,1290,0,-1.0592040816326527,-0.017740898991625478,1.9999999999999885,0.8197032660236034,3,0.8388669335098744,50.68664911908512,0.23659016576076963,0.8197032660236034,31.4746410738764,0.18871116233991345,1.7463078737575937,0.6156824333865268,True,True,0.1524472839192732,True,True,POC,LRC_upper,limit,CI,XLV,off,74.2,2023-11-03,78,-404.82780000000264
2023-11-06 10:00:00,42.2,40.08,46.88,49.01,2023-12-14 15:54:00,lrc_break,1317,28,0.9513066037735807,0.04779075829383875,2.207547169811316,0.6931213602843694,2,2.5445263468142594,73.70267956541701,0.1750355564992647,0.6931213602843694,21.12192754198658,-0.05360119992994255,1.3249433421610604,0.7514070373319076,True,True,0.172200330002114,True,True,swing_low,52w_high,limit,WRB,XLF,off,66.3,2023-11-03,4,8.06707999999998
2023-11-08 10:00:00,70.91,68.5,75.73,87.84,2023-11-29 15:54:00,trail,1306,14,-0.6351488244793595,-0.021586640346851704,2.0000000000000058,0.5150957248393372,2,1.4723464826117858,50.125140258064015,0.19396273586635737,0.5150957248393372,22.999740726972234,0.058235779828185064,1.3506951697395637,-0.5040052668024012,True,True,0.16988095598964548,True,True,VAL,LRC_upper,limit,CNC,XLV,off,57.0,2023-11-06,316,-483.7039387705004
2023-11-09 10:00:00,454.6,446.9,472.29,479.99,2023-11-15 15:54:00,stop,1297,4,-1.0585389610389606,-0.017929498460184875,2.2974025974025833,0.7989855645646018,3,0.8663865137137962,35.4482365542139,0.20634703975697116,0.7989855645646018,25.50536636066969,0.03495030245455603,1.6728632528885858,0.16911419737076933,True,True,0.1449420342275518,True,True,POC,LRC_upper,limit,MCK,XLV,off,75.5,2023-11-08,1,-8.150750000000045
2023-11-09 10:00:00,47.43,46.16,49.98,51.91,2024-01-02 15:54:00,lrc_break,1147,36,11.208996062992098,0.30013546278726544,2.0078740157480244,0.5834366472490398,3,0.8041788509929386,72.43061058692393,0.30149499010499836,0.5834366472490398,19.239107975896914,0.03441061324647355,2.0901467544827317,0.250679435585473,True,True,0.4169859637349118,True,True,POC,LRC_upper,limit,CRWD,XLK,off,66.2,2023-11-07,1,14.235425
2023-11-16 10:00:00,249.17,242.0,263.51,271.07,2023-11-20 15:54:00,stop,1300,2,-1.0481917712691764,-0.030162278765501396,2.000000000000004,0.10291728405245913,2,1.3460344289129924,48.6031373111456,0.06372777350008355,0.10291728405245913,19.604227445328245,0.010120055935658012,0.9770311157537923,0.23195313272553694,True,True,0.03783623516376333,True,True,AVWAP,LRC_upper,limit,AMGN,XLV,off,42.2,2023-11-15,1,-7.515534999999981
2023-11-17 10:00:00,146.22,144.02,155.15,157.44,2023-12-14 15:54:00,stop,1317,18,-1.0659636363636367,-0.016038298454383728,4.0590909090909335,0.8379505232364891,3,0.89006590488018,30.64319254241325,0.33740619894747215,0.8379505232364891,29.358543703566678,0.028642207303642364,1.3415691984625986,0.6621102420197523,True,True,0.20737466986320485,True,True,POC,LRC_upper,limit,PGR,XLF,off,84.6,2023-11-16,150,-351.76799999999827
2023-11-22 10:00:00,270.4,265.43,284.92,300.06,2023-11-29 15:54:00,stop,1306,4,-1.0539064386317911,-0.019370987426035397,2.921529175050327,0.08390966766062578,2,0.7745747414836172,15.32707110801563,0.06790940539790419,0.08390966766062578,26.711286631622063,0.02168612535732479,1.1640462238838973,-0.5605051186753958,True,False,0.025295174661880804,True,True,AVWAP,swing_high,limit,CI,XLV,off,45.5,2023-11-21,1,-5.237914999999971
2023-11-30 10:00:00,548.49,537.5,570.48,585.44,2023-11-30 15:54:00,stop,1307,0,-1.0494080982711556,-0.02102680996918815,2.0009099181073693,0.7457296793238133,3,1.0614746555131465,72.937112894088,0.36771230915940606,0.7457296793238133,47.54403456082598,0.2048398498298098,2.223520895115582,0.9690752014553231,True,True,0.21708863135542011,True,True,POC,LRC_upper,limit,SNPS,XLK,off,71.9,2023-11-29,41,-472.85279500000036
2023-11-30 10:00:00,39.36,38.68,40.72,41.4,2024-01-29 15:54:00,time,1346,40,11.201191176470598,0.19351651422764238,2.0,0.713483990027256,3,1.0551320327855842,67.21792773903843,0.29251751621808675,0.713483990027256,38.555050172841135,0.01571932639583151,1.2677513520767403,0.7779510758353234,True,True,0.09807290419392256,True,True,POC,LRC_upper,limit,BNY,XLF,off,70.1,2023-11-29,584,4448.217040000002
2023-11-30 10:00:00,54.96,54.09,56.71,57.55,2023-12-05 15:54:00,stop,1310,3,-1.0626724137931036,-0.016821779475982488,2.011494252873569,0.09234107738532855,3,0.8971885021053331,74.1667386826906,0.07131036385884494,0.09234107738532855,31.05521160865138,0.09824286646632129,1.3769965240171032,0.9202673519558767,True,True,0.01863239817063933,True,True,VAH,LRC_upper,limit,BSX,XLV,off,48.9,2023-11-28,389,-359.640224999999
2023-12-01 10:00:00,102.75,101.39,107.09,108.52,2023-12-06 15:54:00,stop,1311,3,-1.0750514705882352,-0.01422939172749391,3.191176470588239,0.879641198482838,3,0.7969330812937776,53.34716500818901,0.41775624619477214,0.879641198482838,42.208879314771,0.23328990509595413,1.7949949741168028,0.8855075451533988,True,True,0.23341705834730675,True,True,VAH,LRC_upper,limit,CAH,XLV,off,82.6,2023-11-30,214,-312.88297999999986
2023-12-01 10:00:00,43.77,43.04,46.12,47.19,2023-12-01 15:54:00,stop,1308,0,-1.0594589041095888,-0.017669750970984784,3.2191780821917555,0.6941209692281269,3,0.6756896231190198,74.38837192771885,0.4849640866051004,0.6941209692281269,45.07222285008918,0.2606894882161372,1.690923172167061,0.9166896785641534,True,True,0.27660801195513396,True,True,VAH,LRC_upper,limit,INTC,XLK,off,72.9,2023-11-30,1,-0.773405000000004
2023-12-05 10:00:00,73.72,72.34,76.48,78.39,2024-01-02 15:54:00,lrc_break,1328,19,3.4955289855072618,0.06543448182311457,2.00000000000001,0.8845837572475342,3,0.925637216051525,61.94285494420573,0.38258911933059647,0.8845837572475342,35.24069167199741,0.27975887519206916,1.2872876993048492,0.950295147658187,True,True,0.09492305888289287,True,True,VAH,LRC_upper,limit,STX,XLK,off,72.0,2023-12-04,309,1490.5634700000016
2023-12-05 10:00:00,117.43,115.05,125.24,132.31,2024-01-02 15:54:00,trail,1328,18,8.520964694392058,0.1726977431035781,3.2815126050419985,0.6605061992497018,3,0.6536982778088278,34.94402686573997,0.41903804113888676,0.6605061992497018,30.764466668592515,0.008696724259065343,1.3598178002802834,0.8863055553895215,True,True,0.045808180511135,True,True,VAL,swing_high,limit,AMD,XLK,off,66.1,2023-12-04,15,304.1984395897977
2023-12-06 10:00:00,279.42,273.73,290.81,297.11,2023-12-20 15:54:00,lrc_break,1321,11,0.19154569420035236,0.003900561878176238,2.0017574692442865,0.631556222045215,3,1.0166251607350298,46.158471496041884,0.22853126032972962,0.631556222045215,23.55761745736599,0.06649167377657994,1.2519286640210856,0.9233380379682539,True,True,-0.008723569595154523,True,True,VAL,swing_high,limit,SYK,XLV,off,59.3,2023-12-05,75,81.74212500000034
2023-12-07 10:00:00,104.27,101.77,113.8,116.97,2023-12-20 15:54:00,lrc_break,1321,10,-0.2016279999999966,-0.004834276397813288,3.8120000000000003,0.22884747414650877,3,0.8605608042459616,72.39826755619141,0.3422192762252007,0.22884747414650877,53.61910093357028,0.16497281609716724,1.1848370749610788,0.9568705103988229,True,True,0.0662236468003714,True,True,swing_low,LRC_upper,limit,DVA,XLV,off,61.8,2023-12-06,208,-104.84655999999823
2023-12-15 10:00:00,133.65,132.09,138.2,141.12,2023-12-26 15:54:00,lrc_break,1323,7,-0.7648205128205131,-0.008927197904975698,2.9166666666666514,0.9118483212782467,3,0.860121168957649,64.92816120389796,0.379642599271915,0.9118483212782467,55.362193191341916,0.2514311072269517,1.8746644792065588,0.9746469610777365,True,True,0.016699191985828588,True,True,VAH,LRC_upper,limit,FI,XLF,off,69.6,2023-12-14,163,-194.47856000000036
2023-12-20 10:00:00,21.02,20.34,24.43,25.26,2023-12-20 15:54:00,stop,1320,0,-1.0304117647058824,-0.033333967649857264,5.014705882352944,0.8971624208584612,3,0.9624787416295734,33.82884215839079,1.1470019696694072,0.8971624208584612,53.6708298579152,0.27805253368966304,2.1793525219428536,0.8347495886547079,True,True,1.0130493591604548,True,True,POC,LRC_upper,limit,GPS,XLF,off,86.7,2023-12-19,2,-1.4013599999999995
2023-12-21 10:00:00,76.12,73.73,80.91,89.97,2024-01-02 15:54:00,stop,1328,6,-1.0313493723849372,-0.03238209406200736,2.0041841004184064,0.9083630545332455,3,0.9502805125962758,64.91650871680217,1.0065993319340185,0.9083630545332455,61.542671198862884,0.2293944704158743,1.925105759134845,0.9498096950202097,True,True,0.5082861253319089,True,True,swing_low,LRC_upper,limit,XYZ,XLF,off,79.8,2023-12-20,302,-744.4073500000002
2023-12-21 10:00:00,138.06,136.11,141.96,148.2,2024-01-29 15:54:00,lrc_break,1346,25,6.3977589743590135,0.09036382732145447,2.0000000000000147,0.0674435758776863,3,0.8569507832737017,74.49126944498238,0.06455418138097788,0.0674435758776863,37.11900074315652,0.17316078646304867,1.3028626103474124,0.9389570495177733,True,True,-0.09724702173423405,True,True,swing_low,swing_high,limit,ABBV,XLV,off,43.0,2023-12-20,142,1771.5394600000006
2023-12-27 10:00:00,21.07,20.41,25.17,25.77,2024-01-02 15:54:00,stop,1327,3,-1.1677196969696968,-0.036577835785476985,6.212121212121213,0.8850125115459968,3,0.929594276806685,18.932747217519587,1.0902120008214713,0.8850125115459968,49.30184292993586,0.08496387871170574,2.0370949463367114,0.7712676496530605,True,True,0.8513838749369855,True,True,POC,LRC_upper,limit,GPS,XLF,off,86.6,2023-12-26,1028,-792.27446
2024-01-03 10:00:00,273.73,267.69,297.11,379.68,2024-01-03 15:54:00,stop,1328,0,-1.0448195364238408,-0.023054506265297994,3.8708609271523042,0.8382876611704363,3,0.8360825708713195,46.02078701901184,0.6031603247181135,0.8382876611704363,61.00616077831833,0.3102509398306358,1.2629846471389174,0.7181249611836089,True,True,0.2013688175800301,True,True,VAH,LRC_upper,limit,MKTX,XLV,off,83.0,2024-01-02,84,-530.0996400000017
2024-01-03 10:00:00,21.47,21.11,22.19,24.57,2024-01-03 15:54:00,lrc_break,1329,1,-0.5038611111111123,-0.008448532836516075,2.0000000000000098,0.9055174119978506,3,0.9127393654635767,-4.367345195873133,0.6538812175549019,0.9055174119978506,55.66189173165734,0.1630944562881716,2.728000741165425,0.7960357917664606,True,True,0.14790322470279915,True,True,VAL,52w_high,limit,GEN,XLK,off,74.4,2024-01-02,1077,-195.35703000000018
2024-01-03 10:00:00,77.4,76.55,80.59,84.37,2024-01-03 15:54:00,stop,1329,0,-1.0905588235294108,-0.0119764211886306,3.752941176470548,0.9563912409491129,3,0.6332661180523496,1.1268137485644525,0.5733712857043565,0.9563912409491129,56.02730304464047,0.10971188711542577,1.5727392389382475,0.7172468863065186,True,True,0.10822779892520384,True,True,swing_low,swing_high,limit,NTRS,XLF,off,73.6,2024-01-02,298,-276.23855000000253
2024-01-03 10:00:00,40.51,39.11,43.62,45.7,2024-01-03 15:54:00,stop,608,0,-1.0284357142857143,-0.03554208837324114,2.2214285714285733,0.8310388152082843,3,1.1411287095344933,70.50209437320028,0.8011762712520952,0.8310388152082843,52.455896023871276,0.30990390898410486,1.748839619592778,0.8683812193777656,True,True,0.17715707011708437,True,True,POC,LRC_upper,limit,BBWI,XLF,off,73.5,2024-01-02,8,-11.518479999999988
2024-01-04 10:00:00,68.0,66.07,79.1,87.07,2024-01-04 15:54:00,lrc_break,1330,1,0.0424481865285002,0.0012047794117647894,5.751295336787542,0.9408449212816873,3,0.7348884980524654,-54.03154653621481,1.0200249984539829,0.9408449212816873,56.07586640585279,0.07570489349646525,1.9868012376319801,0.6978344214164575,True,True,0.44045293599667334,True,True,swing_low,swing_high,limit,XYZ,XLF,off,88.2,2024-01-03,336,27.526800000001906
2024-01-04 10:00:00,152.5,136.14,187.39,203.49,2024-01-04 15:54:00,lrc_break,686,1,0.18007029339853253,0.019317704918032752,2.1326405867970633,0.9469028834537992,3,1.565714797954982,-30.32564856949831,1.2970050907798987,0.9469028834537992,53.25254817014934,0.039228431368423314,1.7263602885803468,0.8615616043855782,True,True,0.8471819995302248,True,True,POC,52w_high,limit,COIN,XLF,off,81.6,2024-01-03,69,203.27054999999962
2024-01-04 10:00:00,246.88,241.07,258.5,263.33,2024-01-04 15:54:00,lrc_break,1330,1,-0.10270309810671154,-0.002416983959818512,2.0,0.9193530026110253,3,1.219752284321615,-27.380846389142427,0.5893318422552889,0.9193530026110253,48.183066691046356,0.11678715732025426,1.682279738567549,0.7299491130429806,True,True,0.10828523125222556,True,True,swing_low,swing_high,limit,CRM,XLK,off,76.2,2024-01-03,92,-54.89685999999947
2024-01-04 10:00:00,70.18,69.2,72.75,75.07,2024-01-04 15:54:00,lrc_break,1330,1,-0.2551938775510263,-0.003563550869193599,2.622448979591819,0.912644651406366,3,0.952045522896903,-6.989568722691414,0.35927712440454906,0.912644651406366,35.67269237100184,0.12884076225306096,1.5438848048015894,0.7564596620034213,True,True,-0.03325262558368891,True,True,VAL,swing_high,limit,CTSH,XLK,off,75.0,2024-01-03,176,-44.0158400000012
2024-01-04 10:00:00,53.5,52.26,56.92,58.28,2024-01-04 15:54:00,lrc_break,1330,1,-0.04314516129032251,-0.001,2.7580645161290294,0.7955888478878633,2,0.9509786184537629,-10.526485913011753,0.4178924185773164,0.7955888478878633,31.419776817015368,-0.08969864237142981,1.4594070689986254,0.8243819215646206,True,True,0.07855209652614525,True,True,AVWAP,POC,limit,KLAC,XLK,off,63.3,2024-01-03,1,-0.0535
2024-01-05 10:00:00,48.89,48.2,51.43,52.26,2024-02-05 15:54:00,lrc_break,1350,21,4.81076086956523,0.0678957864593986,3.681159420289866,0.9587857788763998,3,1.0165981322787856,5.11150388782457,0.42150328670949777,0.9587857788763998,60.27929780009603,0.1147172948034599,2.436409997318237,0.9215426068564412,True,True,0.12745496430628567,True,True,POC,LRC_upper,limit,BK,XLF,off,81.9,2024-01-04,469,1556.8103249999988
2024-01-05 10:00:00,40.04,38.52,44.24,45.7,2024-01-16 15:54:00,stop,616,6,-1.0258421052631579,-0.038943056943056845,2.7631578947368514,0.866176367149504,3,1.1981568788511283,43.906967671442594,0.8278819055451931,0.866176367149504,53.94134599070928,0.2740966372218349,1.687893217868124,0.8199353646403669,True,True,0.18346882579871204,True,True,swing_low,LRC_upper,limit,BBWI,XLF,off,81.3,2024-01-04,573,-893.4674399999977
2024-01-05 10:00:00,71.92,69.15,78.45,82.77,2024-01-05 15:54:00,lrc_break,1331,1,-0.10173826714801747,-0.003918451056729811,2.3574007220216644,0.8470855624577904,3,1.4751293293453764,-17.939680520057205,0.4958288656920878,0.8470855624577904,33.11313335825067,0.0963973066732559,1.6015030005476405,0.4835944591080037,True,True,0.02598250002130098,True,True,AVWAP,swing_high,limit,LRCX,XLK,off,74.5,2024-01-04,316,-89.05354000000251
2024-01-08 10:00:00,125.27,118.16,139.5,145.32,2024-01-26 15:54:00,lrc_break,1345,14,-0.482927566807314,-0.027409715015566397,2.0014064697609006,0.8890135778541596,3,2.083612881648545,10.628399271625641,0.6507660549542088,0.8890135778541596,23.873125785993516,0.06681035118038814,1.7305182465463766,0.04064831189105901,True,True,0.29751832410887036,True,True,VAL,LRC_upper,limit,DXCM,XLV,off,81.7,2024-01-05,162,-556.2456300000003
2024-01-08 10:00:00,246.91,241.12,258.5,263.33,2024-02-13 15:54:00,trail,1357,25,4.430952385792777,0.1039051245949542,2.0017271157167564,0.8821622150297652,3,1.2720691413252683,-18.324206085427754,0.5625628125122376,0.8821622150297652,41.7947455278772,0.117207774851654,1.5887124721275794,0.4174539668622239,True,True,0.09281771422940177,True,True,swing_low,swing_high,limit,CRM,XLK,off,76.0,2024-01-05,9,230.89692882366128
2024-01-08 10:00:00,151.21,148.83,155.97,159.04,2024-01-23 15:54:00,lrc_break,1342,11,0.272432773109237,0.0042880100522451085,2.0,0.9347761394353755,3,0.7938938141527414,31.941628161716963,0.43910305690861945,0.9347761394353755,39.10812348254459,0.014588915976073013,1.5168854471531552,0.8079945490069818,True,True,0.0779478014475774,True,True,swing_low,swing_high,limit,UHS,XLV,off,73.5,2024-01-05,1,0.6483899999999829
2024-01-17 10:00:00,158.78,156.61,164.51,167.3,2024-01-17 15:54:00,lrc_break,1338,1,-0.1791082949308719,-0.002447820884242284,2.6405529953917157,0.960693207649029,3,0.8538759750909026,-35.955077988220005,0.3775098998985518,0.960693207649029,60.26570035840896,0.27011636937522265,1.9386523475805542,0.10071530605319579,True,True,0.006782528462253801,True,True,VAL,swing_high,limit,JPM,XLF,off,73.4,2024-01-16,138,-53.635769999998594
2024-01-17 10:00:00,45.8,44.74,48.12,50.6,2024-01-26 15:54:00,trail,1345,7,-2.1176415094339682,-0.0490109170305676,2.188679245283029,0.7635005688719207,2,0.8235573199943166,12.964814789468265,0.4431173443676849,0.7635005688719207,26.401403401474635,0.10802977310493032,1.4905929361333348,-0.2782408387968227,True,True,0.15710778147398763,True,True,VAL,swing_high,limit,INTC,XLK,off,63.3,2024-01-16,3,-6.734099999999987
2024-01-18 10:00:00,47.48,45.93,50.59,52.07,2024-01-18 15:54:00,lrc_break,1339,1,-0.1918419354838713,-0.006262742207245156,2.0064516129032337,0.9385177613067038,3,1.3777703676963022,-31.91208977455733,0.46961758398195214,0.9385177613067038,49.38067053801422,0.17915070405412326,1.3584415523149709,0.744355395568109,True,True,0.14524934829958447,True,True,VAL,swing_high,limit,C,XLF,off,78.8,2024-01-17,460,-136.7833
2024-01-19 10:00:00,10.96,10.74,11.41,11.79,2024-02-01 15:54:00,trail,1349,9,-0.1769898329365475,-0.003552715624638737,2.045454545454536,0.8161776855218541,3,0.8068540943560525,-12.026767293326188,0.45797699742407366,0.8161776855218541,36.942301828096674,0.09685988244916029,1.2366371150076383,0.15423142784813068,True,True,0.07713303866463739,True,True,AVWAP,POC,limit,HBAN,XLF,off,73.2,2024-01-18,1982,-77.1746467536524
2024-01-24 10:00:00,39.3,38.53,41.3,48.56,2024-02-07 15:54:00,stop,1352,10,-1.0505389610389613,-0.020583078880407026,2.5974025974026107,0.6628717836387618,3,1.0602180557047,41.55674136678728,0.2062304626267685,0.6628717836387618,23.967908582722497,0.15155946567072728,1.130945556959624,0.7279104826895739,True,True,-0.0519831549040235,True,True,POC,LRC_upper,limit,CPB,XLV,off,64.7,2024-01-23,3,-2.426744999999988
2024-01-29 10:00:00,10.61,10.34,11.15,11.46,2024-02-01 15:54:00,stop,808,3,-1.0387962962962964,-0.026434967012252553,2.0000000000000067,0.9183247593611019,3,1.0070573186901908,31.563897796531133,0.5518788865296509,0.9183247593611019,51.19083728078277,0.1621463726049815,1.8334376687537446,0.4796478081357209,True,True,0.11247310056781523,True,True,POC,52w_high,limit,VTRS,XLV,off,75.4,2024-01-26,1875,-525.8906249999992
2024-01-30 10:00:00,1216.62,1177.28,1307.14,1352.24,2024-02-21 15:54:00,trail,1362,15,0.35251523260784046,0.011398751665098728,2.300965937976624,0.816379227038159,3,1.2814626567728722,21.895679756009148,0.33838511987954667,0.816379227038159,46.61148631497318,0.04276806934799497,1.896479855783286,0.6393423045864529,True,True,0.20353048932661166,True,True,VAL,52w_high,limit,FICO,XLK,off,76.5,2024-01-29,19,263.49103576505587
2024-01-30 10:00:00,377.37,372.24,389.65,396.57,2024-02-13 15:54:00,stop,1357,10,-1.073061403508772,-0.014587288337705688,2.3937621832358644,0.8302990014388727,3,0.5816377715179654,73.21676103892176,0.40567409699355594,0.8302990014388727,38.37023463760422,0.16587386531039305,1.5139825510229947,0.58912790326336,True,True,0.19357808673929644,True,True,POC,LRC_upper,limit,ISRG,XLV,off,75.3,2024-01-29,63,-346.8027149999997
2024-01-30 10:00:00,31.02,29.62,33.94,38.64,2024-02-01 15:54:00,stop,1349,2,-1.0216571428571428,-0.04610960670535134,2.0857142857142863,0.7020965711062784,3,1.7184602209704112,41.20932132935797,0.43587275059602526,0.7020965711062784,30.880137078384813,0.18311604794410546,1.396247135706621,0.04263051223581792,True,True,0.2005387148625397,True,True,POC,LRC_upper,limit,CFG,XLF,off,74.8,2024-01-29,62,-88.67983999999991
2024-02-02 10:00:00,122.21,119.71,128.66,134.9,2024-02-02 15:54:00,stop,1350,0,-1.048384,-0.021446362818099994,2.580000000000001,0.6373948069145431,3,0.6603073351049178,3.087467207745044,0.22677677253341036,0.6373948069145431,16.901472114974123,0.109876165627814,1.4685789858652156,0.11827153577019765,True,True,0.14006903007962923,True,True,AVWAP,POC,limit,DXCM,XLV,off,69.7,2024-02-01,193,-505.84528
2024-02-02 10:00:00,95.29,93.19,102.37,113.43,2024-02-09 15:54:00,stop,1355,5,-1.0448761904761903,-0.02302697030118594,3.371428571428557,0.7794332380234333,3,0.9974612121414383,23.473310280547203,0.27283740565285447,0.7794332380234333,22.11128191075733,0.00470407129667968,1.747299277279277,0.7814734577245566,True,True,0.014931934703059646,True,True,VAL,LRC_upper,limit,TROW,XLF,off,69.7,2024-02-01,202,-443.23648000000173
2024-02-05 10:00:00,46.49,45.94,48.52,49.38,2024-02-05 15:54:00,lrc_break,1351,1,-0.4843272727272669,-0.005729834372983412,3.6909090909090643,0.9575837423955431,3,0.8095944318559184,19.484415592154626,0.3711449081907886,0.9575837423955431,61.5995833200148,0.21978240096646698,2.1033570894213374,0.8721204350107912,True,True,0.08598478925922715,True,True,POC,LRC_upper,limit,BNY,XLF,off,77.0,2024-02-02,496,-132.12447999999944
2024-02-05 10:00:00,10.51,10.22,11.15,11.58,2024-02-05 15:54:00,lrc_break,810,1,-0.6221551724137947,-0.017166983824928633,2.2068965517241463,0.8991123797223238,2,1.0564611495103267,10.58779581390376,0.5224428017259972,0.8991123797223238,46.30107472472024,0.06588714304086153,1.426307607172975,-0.05910241656771157,True,True,0.1120235055948906,True,True,VAL,52w_high,limit,VTRS,XLV,off,68.0,2024-02-02,3,-0.5412749999999998
2024-02-06 10:00:00,67.25,65.77,70.21,72.68,2024-02-06 15:54:00,stop,1352,0,-1.044939189189189,-0.02299643122676586,1.9999999999999905,0.9036290141261667,3,0.8629625039117744,65.11922264745283,0.44353114619275424,0.9036290141261667,34.94453604240818,0.0797596301503721,1.948387685771805,0.9694786450133441,True,True,0.10088761005630209,True,True,POC,LRC_upper,limit,ANET,XLK,off,71.4,2024-02-05,348,-538.1854800000013
2024-02-06 10:00:00,30.53,29.84,31.96,33.13,2024-02-07 15:54:00,stop,1353,1,-1.0437463768115942,-0.02358942024238458,2.072463768115938,0.583566904212967,2,0.8333578404146156,5.300909289903361,0.37871374234893496,0.583566904212967,27.961336074068594,0.04132872905888542,1.4074268061953312,-0.3366570982879774,True,True,0.14684379221612232,True,True,swing_low,POC,limit,FITB,XLF,off,62.5,2024-02-05,768,-553.102080000001
2024-02-06 10:00:00,17.08,16.4,18.88,19.82,2024-03-06 15:54:00,trail,1371,20,0.7833014705882366,0.031185304449648756,2.647058823529414,0.6291991747307616,2,0.9766769644646417,14.443709769565661,0.3810589772452229,0.6291991747307616,13.954930574461857,0.17213572199616786,1.367224753404322,-0.6129392263439014,True,True,0.08324899924132145,True,True,VAL,swing_high,limit,JWN,XLF,off,61.0,2024-02-05,35,18.642575000000026
2024-02-07 10:00:00,930.75,913.69,964.88,988.34,2024-02-07 15:54:00,lrc_break,1353,1,-0.11490240328253101,-0.002106081117378429,2.000586166471284,0.9165282546063791,3,0.8894872394424022,-3.303299282424165,0.34341049065604917,0.9165282546063791,30.86638239580889,0.28117372593662593,1.4717960232434415,0.8140880381358602,True,True,-0.004797398048475565,True,True,VAL,52w_high,limit,REGN,XLV,off,73.6,2024-02-06,24,-47.04563999999935
2024-02-08 10:00:00,204.61,202.32,211.95,214.34,2024-02-08 15:54:00,stop,1354,0,-1.088849344978165,-0.012186427838326672,3.2052401746724497,0.9147713842827794,3,0.7686169797620034,48.477456719402696,0.38902371131261015,0.9147713842827794,52.156796240860984,0.16255630696741055,2.6443784566806605,0.7990971495893011,True,True,0.08858392249563751,True,True,POC,LRC_upper,limit,TRV,XLF,off,79.6,2024-02-07,114,-284.25501000000236
2024-02-08 10:00:00,169.7,162.09,184.92,193.77,2024-02-20 15:54:00,stop,1361,7,-1.021799605781866,-0.045821420153211466,2.0000000000000036,0.8833517862336173,3,1.0594543013412607,23.069425448203056,0.6939681079582178,0.8833517862336173,40.365079320927386,0.21997878421980518,1.6529819134883956,0.744535962592045,True,True,0.310757600544566,True,True,VAL,swing_high,limit,AMD,XLK,off,77.4,2024-02-07,132,-1026.4181399999982
2024-02-08 10:00:00,68.85,67.72,74.88,79.5,2024-02-08 15:54:00,stop,1354,0,-1.0604292035398233,-0.01740428467683363,5.33628318584073,0.13019728696360747,2,0.7126270259580793,44.14605755729565,0.1165414896432438,0.13019728696360747,21.590448176521782,0.10752564771360706,1.0304894704044465,-0.45009293596464817,True,True,-0.07474937778330848,True,True,AVWAP,swing_high,limit,CVS,XLV,off,46.9,2024-02-07,1,-1.1982849999999954
2024-02-09 10:00:00,139.7,134.24,160.38,166.67,2024-02-09 15:54:00,stop,1354,0,-1.0250860805860806,-0.04006420901932699,3.787545787545803,0.6878768773193018,3,1.1386004863925918,24.98242239167911,0.49404828784039556,0.6878768773193018,29.151030573980226,0.17380741294729926,2.144935015952906,0.7880481608018296,True,True,0.07095949792319978,True,True,swing_low,LRC_upper,limit,ILMN,XLV,off,75.8,2024-02-08,165,-923.5000499999967
2024-02-09 10:00:00,45.55,44.95,47.49,50.15,2024-02-09 15:54:00,stop,1355,0,-1.0754166666666674,-0.014165751920965848,3.233333333333372,0.3704996888467192,3,0.6306808709667018,24.72665350511476,0.16742249384483301,0.3704996888467192,25.160150745568423,0.21247170813551416,1.2267511105054691,0.6519746801918322,True,True,0.015162557309073676,True,True,AVWAP,swing_high,limit,WFC,XLF,off,58.5,2024-02-08,2,-1.2904999999999887
2024-02-12 10:00:00,204.78,202.35,213.45,216.07,2024-03-01 15:54:00,lrc_break,1369,14,1.6926172839506095,0.020085262232639872,3.567901234567886,0.9178504605973542,3,0.8174449105519705,38.880541632404494,0.3891894861154489,0.9178504605973542,49.89410671819781,0.17100712674318091,2.568758066871076,0.676993464275832,True,True,0.08751853209207039,True,True,POC,LRC_upper,limit,TRV,XLF,off,80.4,2024-02-09,113,464.77577999999926
2024-02-12 10:00:00,46.37,45.84,47.46,49.04,2024-02-13 15:54:00,stop,1357,1,-1.086990566037737,-0.012424088850549797,2.056603773584935,0.921104970207694,3,0.8260017093745317,2.2984359159241348,0.32825238407761376,0.921104970207694,48.38447262214538,0.12777871891949544,2.3281877297648452,0.8458918904336521,True,True,0.06390693787952029,True,True,swing_low,swing_high,limit,BNY,XLF,off,73.7,2024-02-09,385,-221.8004249999977
2024-02-13 10:00:00,10.59,10.33,11.15,11.7,2024-02-28 15:54:00,trail,826,10,2.496529243547773,0.06129344696151279,2.1538461538461577,0.8049015690653398,2,0.9397789777206051,23.162021866641354,0.4291493360376582,0.8049015690653398,38.326308295776734,0.16807437471058445,1.5962039087063584,-0.33357174132249723,True,True,0.11122714875589113,True,True,POC,52w_high,limit,VTRS,XLV,off,64.5,2024-02-12,3,1.9472928099672613
2024-02-14 10:00:00,45.91,45.37,47.49,49.72,2024-02-14 15:54:00,stop,1358,0,-1.0845185185185187,-0.012756262252232612,2.9259259259259407,0.27322334414669397,3,0.556120047966205,37.592659800498055,0.1273858864795995,0.27322334414669397,22.8980136322686,0.2593932231140609,1.1350867463289296,0.6425103101921087,True,True,0.01418893221941464,True,True,POC,swing_high,limit,WFC,XLF,off,51.9,2024-02-12,497,-291.0630799999996
2024-02-15 10:00:00,167.14,165.0,173.23,175.26,2024-04-10 15:54:00,lrc_break,1396,38,8.992126168224363,0.11513192533205706,2.845794392523384,0.813166150753638,3,0.9011556071088765,35.05751468637462,0.20489534536033052,0.813166150753638,39.76446565201876,0.31409526922838554,1.3620495422739656,0.6164618886853821,True,True,0.028937615691563057,True,True,POC,LRC_upper,limit,JPM,XLF,off,74.4,2024-02-14,138,2655.5547000000024
2024-02-15 10:00:00,82.28,79.92,87.0,89.92,2024-02-15 15:54:00,stop,1291,0,-1.0343644067796611,-0.02966820612542537,2.0,0.9393551110292437,3,1.122122743807234,24.459182893545652,0.44594453478642565,0.9393551110292437,27.711655081067406,0.07721499278710221,1.3584151566576739,0.8279952039631066,True,True,-0.007813440378966474,True,True,POC,LRC_upper,limit,DELL,XLK,off,70.8,2024-02-14,244,-595.6283999999998
2024-02-16 10:00:00,140.11,136.99,155.04,166.67,2024-02-20 15:54:00,stop,1360,1,-1.0444070512820511,-0.023257083719934367,4.785256410256396,0.5268418593315569,3,0.5429348401872592,46.18877482023727,0.3110941747896475,0.5268418593315569,22.888138417595453,0.21996933401752747,1.5232757222171154,0.4071956994350882,True,True,0.29544671336296413,True,True,POC,LRC_upper,limit,ILMN,XLV,off,70.7,2024-02-15,139,-452.9384500000006
2024-02-16 10:00:00,37.54,36.75,39.13,40.16,2024-02-16 15:54:00,stop,1360,0,-1.0470189873417721,-0.02203369738945123,2.0126582278481076,0.7195005245185491,2,0.8076764919958945,15.511432761287505,0.37694033723526527,0.7195005245185491,24.0765537486573,-0.07628362159677377,1.6489626972887637,0.0976943874369645,True,True,0.05552166387695667,True,True,AVWAP,POC,limit,WDC,XLK,off,58.1,2024-02-15,2,-1.6542899999999983
2024-02-20 10:00:00,71.74,69.87,76.38,78.91,2024-02-20 15:54:00,stop,1361,0,-1.0378636363636367,-0.02705331753554489,2.481283422459906,0.9188284395361576,3,0.8611172973181672,60.919181775163764,0.8319314893343042,0.9188284395361576,56.23289821623591,0.18312040867422136,2.0956143479318428,0.890950491260462,True,True,0.30299720553911214,True,True,VAH,LRC_upper,limit,NVDA,XLK,off,78.5,2024-02-16,1,-1.9408049999999903
2024-02-21 10:00:00,376.75,371.3,392.0,415.25,2024-03-11 15:54:00,trail,1375,13,0.1423317574467973,0.002058946458089034,2.7981651376146846,0.8528219709896783,3,0.7206781386757175,4.923678482619652,0.4170797308524549,0.8528219709896783,33.07813309347546,0.16617662645976336,1.1758139823418605,0.3467428081380232,True,True,0.08921165550842014,True,True,VAL,swing_high,limit,ISRG,XLV,off,74.9,2024-02-20,59,45.766776607017576
2024-02-21 10:00:00,30.44,30.05,31.24,32.12,2024-04-10 15:54:00,lrc_break,1396,35,0.2294871794871726,0.0029402102496714007,2.051282051282041,0.6882189294428345,3,0.6763577568939964,55.707373511520444,0.16887603791426256,0.6882189294428345,22.460696471164265,0.017208794032221395,1.6077484868507337,0.15385478049012097,True,True,-0.0024654941022524968,True,True,POC,swing_high,limit,GLW,XLK,off,62.1,2024-02-20,599,53.61049999999846
2024-02-22 10:00:00,16.78,16.04,18.27,23.47,2024-03-01 15:54:00,stop,690,6,-1.0221756756756757,-0.04507806912991669,2.013513513513506,0.7993137397527671,3,1.0947839853226897,55.885201836512756,0.637244333189137,0.7993137397527671,39.86289677108988,0.08025198364093526,1.961624323454626,0.6076983802955271,True,True,0.45276889426767264,True,True,VAH,LRC_upper,limit,OGN,XLV,off,74.9,2024-02-21,1337,-1011.3201700000027
2024-02-23 10:00:00,77.87,74.59,84.43,87.57,2024-03-05 15:54:00,stop,1190,7,-1.0232408536585365,-0.04310042378322847,2.0,0.852006242997809,3,0.9046849285345127,11.917062205575514,0.5383506862020824,0.852006242997809,30.094376875094234,0.2918438510256055,1.4166641734194274,0.3936620690892465,True,True,0.3188187348176157,True,True,swing_low,swing_high,limit,CRWD,XLK,off,78.6,2024-02-22,12,-40.274760000000015
2024-02-29 10:00:00,52.46,51.6,54.18,61.6,2024-03-04 15:54:00,stop,1369,2,-1.815936046511627,-0.029769443385436488,2.0,0.023708830464294662,2,0.811372691271744,66.17520468443757,0.021763170493833868,0.023708830464294662,17.77750811070244,-0.11879460402732911,1.000607025950076,0.8051138755034474,True,True,-0.04911605630148108,True,True,AVWAP,LRC_upper,limit,K,XLV,off,34.3,2024-02-28,1,-1.561704999999998
2024-03-04 10:00:00,67.11,66.07,69.6,70.66,2024-03-11 15:54:00,stop,1375,5,-1.0640288461538456,-0.016489196841007393,2.39423076923075,0.9625485794892119,3,1.1517445904135077,15.900416364347125,0.3787143821729145,0.9625485794892119,57.27415335090914,0.11110952039153996,1.9918810377231628,0.38712862095133127,True,True,0.060805712057549144,True,True,VAH,LRC_upper,limit,BSX,XLV,off,77.4,2024-03-01,336,-371.8142400000021
2024-03-04 10:00:00,240.77,238.73,248.86,254.52,2024-03-04 15:54:00,lrc_break,1370,1,-0.686367647058815,-0.00581546704323627,3.965686274509766,0.9378463805510747,2,0.6846195372678547,-11.696389254787409,0.30583757700724923,0.9378463805510747,36.155723302446425,-0.0065215647326746775,1.9382667958910673,0.07044404597553064,True,True,-0.020773825634992638,True,True,POC,swing_high,limit,CB,XLF,off,66.4,2024-03-01,93,-130.21766999999969
2024-03-05 10:00:00,71.07,69.66,73.91,81.24,2024-03-05 15:54:00,stop,1371,0,-1.049904255319149,-0.020829674968341025,2.014184397163128,0.8615058702058741,3,0.6959231456840391,48.900147447386125,0.3924475948835445,0.8615058702058741,23.63708433274207,0.2646087257404129,1.3395762765555244,0.03252049810729682,True,True,0.19396406270822109,True,True,POC,swing_high,limit,FTNT,XLK,off,76.1,2024-03-04,315,-466.314974999999
2024-03-06 10:00:00,95.19,92.69,100.2,102.6,2024-03-14 15:54:00,lrc_break,1378,7,0.013897999999998184,0.00036500682844831876,2.0040000000000022,0.8611974406186657,3,1.094711312621216,27.451710643216177,0.4271156609153416,0.8611974406186657,38.4674986359236,0.0673125247185109,1.7407815580762305,0.9105730133336745,True,True,0.1628744552212491,True,True,VAL,52w_high,limit,KKR,XLF,off,77.4,2024-03-05,235,8.165074999998932
2024-03-06 10:00:00,57.0,55.99,59.28,64.2,2024-03-06 15:54:00,lrc_break,1371,1,-0.4027970297029725,-0.007137280701754411,2.257425742574263,0.8782707152203494,2,0.944727131834381,0.22405114161691808,0.557253504914421,0.8782707152203494,37.82000426907376,-0.25532927310494197,1.6126651878586957,0.31754921774421974,True,True,0.2762158518734985,True,True,VAL,swing_high,limit,CTLT,XLV,off,73.7,2024-03-05,8,-3.2546000000000115
2024-03-07 10:00:00,349.08,342.24,365.23,369.66,2024-03-15 15:54:00,lrc_break,1379,7,-0.7977375730994117,-0.01563115904663675,2.361111111111125,0.9208666628915327,2,1.2127378175190655,21.838371451437332,0.3970395633690168,0.9208666628915327,48.94760517973443,0.05178153371365307,1.53460013759356,-0.8448689464026242,True,True,0.09578549429277983,True,True,POC,LRC_upper,limit,SYK,XLV,off,77.1,2024-03-06,3,-16.36957499999987
2024-03-07 10:00:00,14.85,14.48,15.84,19.08,2024-03-11 15:54:00,stop,1374,2,-1.0396351351351352,-0.02590336700336695,2.675675675675682,0.5409718695898869,2,0.7699091524598283,26.524801686741302,0.23619325402570845,0.5409718695898869,19.917270812637224,0.07905510095869513,0.8394796587481045,0.618446347720272,True,True,-0.0016454023931604667,True,True,AVWAP,swing_high,limit,AAL,XLF,off,56.0,2024-03-06,2,-0.7693299999999985
2024-03-12 10:00:00,72.57,68.66,82.26,85.45,2024-03-13 15:54:00,stop,1377,1,-1.0180601023017903,-0.05485207385972161,2.4782608695652226,0.567195526516839,3,1.0817666772603134,28.56954791160216,0.38566124616468705,0.567195526516839,26.370463180927718,0.030742357749105213,1.1576242086163466,0.7336539007153683,True,True,0.22489682373682762,True,True,AVWAP,LRC_upper,limit,MRVL,XLK,off,74.2,2024-03-11,285,-1134.4752749999989
2024-03-12 10:00:00,127.0,120.45,140.12,145.66,2024-03-13 15:54:00,lrc_break,1377,2,-0.6984389312977106,-0.03602185039370081,2.0030534351145053,0.8402116492120656,2,1.383416946751476,1.3802949538538356,0.4378051330948071,0.8402116492120656,33.26602918793652,-0.006170417892762038,1.4080233371956967,0.8244861159125719,True,True,0.24324060606382703,True,True,AVWAP,swing_high,limit,AVGO,XLK,off,73.1,2024-03-11,170,-777.7117500000004
2024-03-12 10:00:00,113.23,111.43,116.85,119.51,2024-03-15 15:54:00,stop,1379,3,-3.3668083333333403,-0.053521637375253936,2.011111111111109,0.6970339714398458,3,1.0601263839705246,61.34902336496303,0.16535965145583173,0.6970339714398458,33.90379622527088,0.18395754993942862,1.1604922676994094,0.8216787686691853,True,True,0.02444617689906914,True,True,swing_low,LRC_upper,limit,ABT,XLV,off,63.2,2024-03-11,19,-115.14484500000006
2024-03-12 10:00:00,7.89,7.74,8.68,8.99,2024-03-12 15:54:00,stop,1375,0,-1.0521,-0.02000190114068434,5.266666666666685,0.20101789886063146,2,0.589043529545463,35.236037630511404,0.15117769810365214,0.20101789886063146,18.394371432519993,0.07256125903734613,0.9774926428304663,0.21176307828525434,True,True,-0.11964677473719332,True,True,VAL,swing_high,limit,UA,XLF,off,46.9,2024-03-11,7,-1.1047049999999963
2024-03-13 10:00:00,12.6,12.25,13.3,13.66,2024-03-14 15:54:00,stop,1377,1,-1.0355,-0.028763888888888863,2.000000000000005,0.32862707145005743,2,1.009597153771216,45.39492437942933,0.13378172494872237,0.32862707145005743,23.21826882232432,0.07981724424032025,0.9835777110377367,0.8370600393796427,True,True,-0.04022175694188668,True,True,VAL,swing_high,limit,COTY,XLF,off,46.4,2024-03-12,4,-1.4496999999999987
2024-03-14 10:00:00,87.72,85.43,93.82,99.66,2024-03-25 15:54:00,lrc_break,318,8,0.0402576419214005,0.001050957592339339,2.6637554585152907,0.7763120374477365,3,0.9443835908182734,18.454229030238693,0.49417624350547895,0.7763120374477365,34.768381523769335,0.33379158647361323,1.1699505114279283,0.637242543693344,True,True,0.11454035351675329,True,True,VAL,swing_high,limit,GEHC,XLV,off,73.1,2024-03-13,251,23.139690000001714
2024-03-14 10:00:00,40.99,39.14,44.69,47.62,2024-04-19 15:54:00,trail,1403,25,2.554932432432428,0.11531166138082448,1.9999999999999962,0.6104352119801298,3,1.4333182589724334,51.22616095494832,0.3686370437555278,0.6104352119801298,27.788328151114275,0.1351071308443426,1.4604329842551547,0.8341713323511059,True,True,0.15777576119196213,True,True,AVWAP,swing_high,limit,WDC,XLK,off,65.1,2024-03-11,447,2112.801374999998
2024-03-15 10:00:00,195.57,191.75,210.1,220.21,2024-03-15 15:54:00,lrc_break,1379,1,-0.25528272251308975,-0.004986347599325056,3.8036649214659755,0.9221862460640787,3,0.6455047005579758,-3.4977029620973417,0.6443640397153475,0.9221862460640787,28.403970617289353,0.018921491165432375,1.2840926524281926,0.5085194355786701,True,True,0.1596092847004107,True,True,swing_low,52w_high,limit,AMAT,XLK,off,80.9,2024-03-14,111,-108.24498000000013
2024-03-15 10:00:00,26.74,26.21,28.06,30.44,2024-04-15 15:54:00,stop,1398,20,-1.0499528301886796,-0.02081058339566184,2.490566037735861,0.8228432096578916,2,0.6294137157766981,26.486565918541018,0.6424669337514604,0.8228432096578916,54.25835261310588,-0.05131958935949729,1.5940001763203588,0.8494402083952096,True,True,0.3447331191785179,True,True,VAL,swing_high,limit,TRIP,XLF,off,69.5,2024-03-14,27,-15.024824999999934
2024-03-18 10:00:00,90.51,88.72,98.63,101.72,2024-03-18 15:54:00,lrc_break,1380,1,0.1057821229050282,0.0020920340293890303,4.53631284916199,0.8976135116813739,2,0.6746775961069461,-13.894494276462463,0.506129407528317,0.8976135116813739,26.809252510048868,-0.0297124702274076,1.326375100646528,0.29096352469053455,True,True,0.15032366609541392,True,True,swing_low,52w_high,limit,LRCX,XLK,off,77.2,2024-03-14,241,45.63335000000027
2024-03-18 10:00:00,398.85,391.93,417.73,425.93,2024-03-20 15:54:00,stop,1382,2,-1.057137283236994,-0.018341205967155612,2.728323699421958,0.7936732433894897,3,0.7273874088426511,66.45294891786587,0.4554505602268703,0.7936732433894897,49.63056891306464,0.17497901155782722,2.056620215561925,0.3357810560642385,True,True,0.20572116333703838,True,True,POC,LRC_upper,limit,ERIE,XLF,off,76.9,2024-03-15,7,-51.20773000000011
2024-03-19 10:00:00,195.31,191.81,210.1,222.14,2024-04-18 15:54:00,stop,1402,21,-1.055302857142857,-0.018911269264246584,4.225714285714283,0.8988611435541254,3,0.6142843578219619,-0.9593181769502817,0.6176113043294379,0.8988611435541254,25.47369850636791,0.05845932930150517,1.3388788853166342,0.16866585156462882,True,True,0.17516651856660337,True,True,swing_low,52w_high,limit,AMAT,XLK,off,80.9,2024-03-18,112,-413.67872
2024-03-19 10:00:00,67.44,65.87,70.98,72.35,2024-04-15 15:54:00,lrc_break,1399,19,-0.04295541401273904,-0.001,2.254777070063708,0.8684194350443759,2,1.5053576160006752,13.3771187959949,0.27901759003555343,0.8684194350443759,39.75269252156193,0.07842459528856464,1.52302316747071,-0.18904362594443808,True,True,0.13140292909651463,True,True,VAL,LRC_upper,limit,BSX,XLV,off,72.1,2024-03-18,1,-0.06744
2024-03-21 10:00:00,18.53,17.82,19.95,20.69,2024-04-04 15:54:00,lrc_break,674,10,-0.13871830985915737,-0.005315164597949371,1.999999999999995,0.8408585163286555,3,0.7821621370290355,67.81002039089013,0.9667418205994374,0.8408585163286555,45.813553455405554,0.17375953195193258,2.12855580933348,0.9156232852413481,True,True,0.43557051558654436,True,True,VAH,LRC_upper,limit,HOOD,XLF,off,77.3,2024-03-20,148,-14.576520000000272
2024-03-26 10:00:00,320.36,316.6,327.89,336.78,2024-04-12 15:54:00,stop,1398,12,-1.0847021276595747,-0.01273092770633035,2.002659574468083,0.8725432332313274,3,0.7415399108416415,27.66301671292054,0.29732943928523925,0.8725432332313274,39.00673061265223,0.08161689834692949,1.7941823109084378,0.7680170981423297,True,True,0.13218513403927035,True,True,POC,52w_high,limit,HCA,XLV,off,73.9,2024-03-25,68,-277.3366399999994
2024-04-05 10:00:00,89.18,87.56,92.42,94.55,2024-04-12 15:54:00,stop,1397,5,-1.0545493827160493,-0.019156425207445666,1.9999999999999911,0.8480612636769357,3,0.919892605740997,64.07558589319558,0.4046431564112906,0.8480612636769357,49.12117460233124,0.3072705122597636,1.4528322881755242,0.9695527982671358,True,True,0.0560845365341478,True,True,VAH,52w_high,limit,EMN,XLF,off,69.8,2024-04-04,33,-56.37621000000016
2024-04-11 10:00:00,47.72,47.15,51.28,52.12,2024-04-11 15:54:00,stop,1396,0,-1.083219298245614,-0.012938704945515514,6.24561403508772,0.8852471600681809,3,0.7276098452524787,-47.35791439691632,0.26449614690059553,0.8852471600681809,43.67074644157842,0.039071185368418984,2.555551265383934,0.7315821761058907,True,True,0.06896967572767387,True,True,AVWAP,52w_high,limit,UNM,XLF,off,81.0,2024-04-10,480,-296.36880000000014
2024-04-11 10:00:00,87.17,83.48,96.81,104.37,2024-04-17 15:54:00,lrc_break,1401,5,-0.9364457994579963,-0.03964075943558568,2.6124661246612484,0.7795270468650249,3,1.054540653917515,1.9601804096908175,0.6121131247733679,0.7795270468650249,34.67244595908442,0.026732498288675473,1.269279203489122,0.49029462514275585,True,True,0.5411288162585441,True,True,swing_low,swing_high,limit,NVDA,XLK,off,79.7,2024-04-10,242,-836.2273700000011
2024-04-12 10:00:00,69.92,68.79,74.6,76.86,2024-04-12 15:54:00,lrc_break,1398,1,-0.327230088495574,-0.005288472540045726,4.141592920353992,0.8499522142074408,3,0.8988037303140842,-34.72018494742554,0.27899273164410854,0.8499522142074408,40.41948439686321,0.0182503005549326,1.3098838518537248,0.3603330218666325,True,True,0.04274295735906186,True,True,AVWAP,52w_high,limit,AIG,XLF,off,77.7,2024-04-11,324,-119.80547999999908
2024-04-15 10:00:00,150.4,147.2,156.8,159.99,2024-04-15 15:54:00,lrc_break,1398,1,-0.7372796874999985,-0.01568680186170218,1.9999999999999911,0.7823240854078642,3,1.3842780018136076,-28.28052865698615,0.1910380491416415,0.7823240854078642,26.197407869685158,0.14104213451329645,1.1620369076660833,0.41221854686576925,True,True,0.0690646991684487,True,True,swing_low,POC,limit,FI,XLF,off,68.8,2024-04-12,151,-356.2535450000012
2024-04-15 10:00:00,150.4,147.2,156.8,159.99,2024-04-15 15:54:00,lrc_break,1399,1,-0.7372796874999985,-0.01568680186170218,1.9999999999999911,0.7823240854071741,3,1.3842784893992108,-28.28052865682648,0.1910380491415574,0.7823240854071741,26.197226272014294,0.14104213451329659,1.1620369076660833,0.4122185468650331,True,True,0.0690646991684487,True,True,swing_low,POC,limit,FISV,XLF,off,68.8,2024-04-12,151,-356.2535450000012
2024-04-16 10:00:00,25.09,24.43,26.89,28.24,2024-04-16 15:54:00,lrc_break,1399,1,-0.2651742424242402,-0.0069754882423275644,2.727272727272728,0.9462295525900067,3,0.9188947650358591,-25.296498022123494,0.6685407036602871,0.9462295525900067,49.6159381798885,0.0055267667983643935,2.1162067327112495,0.528142399156412,True,True,0.31465327521783815,True,True,POC,52w_high,limit,FTI,XLF,off,82.8,2024-04-15,890,-155.76334999999875
2024-04-16 10:00:00,87.13,85.67,92.42,95.24,2024-04-16 15:54:00,lrc_break,1399,1,-0.32666780821917984,-0.005473832204751527,3.6232876712328963,0.9311247945439969,3,0.7918404927768206,-16.832730786762806,0.4545638952955488,0.9311247945439969,45.87116300107243,0.11670898287756741,1.42509105088536,0.8281066425746606,True,True,0.09831693974323286,True,True,VAL,swing_high,limit,EMN,XLF,off,78.7,2024-04-15,256,-122.09536000000016
2024-04-16 10:00:00,33.81,33.12,35.19,36.23,2024-04-16 15:54:00,stop,1400,0,-1.0484999999999995,-0.02139795918367361,1.9999999999999793,0.8353455674027194,3,0.9874646062315326,-21.19160532935309,0.28125734100318683,0.8353455674027194,27.667887816984976,0.007146345827196224,1.3200697238295007,0.5034022898797004,True,True,0.07334247090137436,True,True,swing_low,POC,limit,BAC,XLF,off,70.8,2024-04-15,69,-49.91908500000034
2024-04-17 10:00:00,70.43,69.12,73.05,74.65,2024-05-22 15:54:00,lrc_break,1426,26,1.9757557251908338,0.03674911259406498,1.9999999999999891,0.893722572694388,2,0.8477356240536992,46.46681558571408,0.30824888510325543,0.893722572694388,27.943104461776475,0.09413735099472875,1.168680439554843,-0.8227611530551291,True,True,0.1052535765486613,True,True,POC,LRC_upper,limit,SCHW,XLF,off,67.1,2024-04-16,318,823.060319999999
2024-04-17 10:00:00,86.17,85.11,88.29,90.34,2024-06-12 15:54:00,trail,1440,39,6.6163815930831005,0.08138986292988397,2.0,0.7933493401119722,2,0.6351217576581439,2.0101282413663997,0.20892644533375707,0.7933493401119722,29.194903505787945,0.07293935510999641,1.0744285580913713,-0.3226132374163191,True,True,0.12613620967325678,True,True,swing_low,swing_high,limit,ACGL,XLF,off,64.9,2024-04-16,260,1823.4747670537063
2024-04-17 10:00:00,91.92,89.97,95.83,99.11,2024-04-17 15:54:00,lrc_break,1401,1,-0.13427435897435966,-0.0028485095735422293,2.0051282051282007,0.7919113290081443,2,1.2816534604190106,-25.34171213968928,0.25468852152874255,0.7919113290081443,48.27956291580659,-0.0670819795503536,1.9754942584885902,0.49047421144487974,True,True,0.15741193945060084,True,True,swing_low,swing_high,limit,HIG,XLF,off,63.5,2024-04-15,20,-5.2367000000000345
2024-04-18 10:00:00,25.15,24.37,26.89,28.54,2024-04-18 15:54:00,lrc_break,1401,1,-0.4551089743589736,-0.014114711729622198,2.23076923076924,0.9154284460506505,2,1.1303933639180446,-17.641552243167354,0.6340193296817256,0.9154284460506505,44.04791971058649,-0.010851346040727983,2.2753170611764313,0.1120425373550319,True,True,0.3078784826027703,True,True,VAL,52w_high,limit,FTI,XLF,off,77.0,2024-04-17,875,-310.6118749999985
2024-04-18 10:00:00,115.16,110.39,126.19,140.76,2024-04-19 15:54:00,stop,1335,1,-1.0236425576519916,-0.04239992184786381,2.3123689727463335,0.7283059033213034,2,0.8743635479831046,18.832196294182648,0.7153990251269244,0.7283059033213034,27.680964266077456,0.05157644461676894,1.3979659964074207,-0.01466552742579577,True,True,0.49495212177320713,True,True,AVWAP,swing_high,limit,DELL,XLK,off,68.8,2024-04-17,1,-4.882774999999996
2024-04-19 10:00:00,55.74,54.47,59.66,60.68,2024-05-29 15:54:00,trail,1430,27,0.05994068847231529,0.0013657099813390852,3.0866141732283348,0.6411806028756002,2,1.134580495870575,39.48552018105661,0.28377437550468937,0.6411806028756002,21.10083666590551,0.06903674341868642,1.541461829893601,-0.8836863951750461,True,True,0.24170162298994669,True,True,VAH,LRC_upper,limit,WFC,XLF,off,72.6,2024-04-18,391,29.764747674697674
2024-04-22 10:00:00,54.31,53.52,55.9,61.6,2024-05-28 15:54:00,trail,1428,25,3.013360752529477,0.043832719471520606,2.0126582278480987,0.3827304036769514,2,0.8863401638579965,64.77212272192168,0.10031837282636002,0.3827304036769514,18.20593710820615,0.02961280404940099,1.5073075285108124,-0.09491958861295766,True,True,0.05905840411030816,True,True,swing_low,LRC_upper,limit,K,XLV,off,49.9,2024-04-19,404,961.7442177773067
2024-04-23 10:00:00,19.78,17.36,24.62,27.66,2024-05-28 15:54:00,trail,1428,24,0.38563390421563326,0.04718069000009268,1.9999999999999984,0.7592735917550592,3,1.080918640456958,47.50927743256784,1.2001227791443487,0.7592735917550592,47.3822856834562,0.034082352997949705,1.8635767721660075,0.8415207704755311,True,True,1.6250367281862896,True,True,VAL,LRC_upper,limit,NKTR,XLV,off,73.0,2024-04-22,458,427.4211940764396
2024-04-24 10:00:00,178.83,174.09,188.32,232.0,2024-04-25 15:54:00,stop,1407,1,-1.0372278481012658,-0.027492367052508015,2.002109704641342,0.6110237213958588,3,0.6811408722791288,57.096332609050485,0.3673383636971676,0.6110237213958588,33.4736748233574,0.01952488021848762,1.9277743295780494,0.8350399609350675,True,True,0.15771800973171657,True,True,POC,swing_high,limit,FSLR,XLK,off,66.9,2024-04-23,60,-294.9876000000005
2024-04-24 10:00:00,122.73,120.52,127.15,130.63,2024-06-20 15:54:00,time,1445,40,6.8098099547511035,0.1226242972378391,1.9999999999999936,0.7801068153364078,2,0.8644559816670084,26.193958097957097,0.2543786981180634,0.7801068153364078,22.430111301560487,-0.009399743571027916,1.1194674318756686,0.27201523990830817,True,True,0.11554343674948875,True,True,swing_low,52w_high,limit,GDDY,XLK,off,63.4,2024-04-23,1,15.049679999999992
2024-04-26 10:00:00,106.18,102.43,115.37,142.79,2024-05-28 15:54:00,trail,1375,21,12.317478974332044,0.4350211542074323,2.450666666666666,0.5313984613013255,2,0.7973004383361861,44.612843190783,0.31519468638582443,0.5313984613013255,15.519384170606715,0.03207550992333627,1.2786887873338202,-0.552043747991191,True,True,0.04331961572279863,True,True,POC,swing_high,limit,MRNA,XLV,off,52.2,2024-04-24,98,4526.6735230670265
2024-05-01 10:00:00,47.57,45.99,52.15,54.18,2024-06-26 15:54:00,lrc_break,1449,39,2.247234177215193,0.07464010931259199,2.898734177215192,0.7142799991448834,2,0.7476162857152043,27.984520558016218,0.44523977519297264,0.7142799991448834,33.541527875915286,0.018676643433714477,1.3187262545844114,-0.8566831373201973,True,True,0.21234682559850193,True,True,VAL,swing_high,limit,WDC,XLK,off,67.4,2024-04-30,1,3.5506300000000013
2024-05-23 10:00:00,152.3,148.95,159.0,163.79,2024-05-30 15:54:00,stop,1431,4,-1.0449626865671637,-0.02298506237688787,1.9999999999999831,0.5348823599578868,3,0.7476701245023742,57.37911476769661,0.22221095753588707,0.5348823599578868,23.430201226176127,0.2802457534194453,1.0956223363783446,0.7886832487467603,True,True,0.11369293579920114,True,True,POC,swing_high,limit,PANW,XLK,off,61.1,2024-05-22,152,-532.0950000000034
2024-05-29 10:00:00,131.93,129.79,138.62,142.11,2024-05-31 15:54:00,stop,1432,2,-1.06114953271028,-0.017212612749185285,3.1261682242990427,0.5856565734897886,3,0.609516845402023,57.62757105807938,0.200129123923545,0.5856565734897886,13.24888843337368,0.07277930329853188,1.1057792304869043,0.33810281476495724,True,True,0.10069993631206309,True,True,AVWAP,52w_high,limit,ARES,XLF,off,64.6,2024-05-28,179,-406.48394000000263
2024-05-29 10:00:00,77.5,74.84,84.54,88.43,2024-05-30 15:54:00,stop,1431,1,-1.0286353383458646,-0.03530541935483866,2.646616541353389,0.4027805808896197,2,1.1100929790456913,48.7241413945222,0.3918802027187759,0.4027805808896197,39.812653638906184,0.09900242988501523,0.9544894584284895,0.7929162816780843,True,True,0.07336286888548171,True,True,POC,swing_high,limit,TECH,XLV,off,52.0,2024-05-28,305,-834.5318499999989
2024-05-30 10:00:00,56.4,55.3,58.61,59.69,2024-05-30 15:54:00,lrc_break,1430,1,-0.08761818181818093,-0.0017088652482269353,2.0090909090909075,0.7304176407753659,3,1.1027164702823764,0.06657939544157242,0.23231637087889967,0.7304176407753659,33.74495296575878,0.029695472699223614,1.1816012788798735,0.5542927306713402,True,True,0.0694207238470752,True,True,AVWAP,POC,limit,K,XLV,off,67.8,2024-05-29,390,-37.58819999999967
2024-05-31 10:00:00,32.12,31.16,34.04,35.57,2024-07-17 15:54:00,trail,1463,31,0.6545988636742808,0.019564598665233742,2.0000000000000075,0.7998473270086296,3,1.5408199657325372,46.57830491379226,0.3821033787854176,0.7998473270086296,46.368832578443474,0.08430774530092801,1.1081662328931083,0.4635890555207496,True,True,0.220555297247909,True,True,VAL,swing_high,limit,APH,XLK,off,72.3,2024-05-30,724,454.97239420817084
2024-05-31 10:00:00,33.99,33.47,36.4,38.08,2024-06-05 15:54:00,stop,1434,3,-1.0648653846153844,-0.016290967931744723,4.63461538461535,0.3303548449185055,2,0.6649425528184656,26.710575687034115,0.18742190753836693,0.3303548449185055,21.322779957326947,0.02402326534723992,1.4336169608682936,-0.6293514983121886,True,True,0.13130832125497705,True,True,AVWAP,POC,limit,BWA,XLF,off,59.7,2024-05-30,684,-378.75132000000207
2024-05-31 10:00:00,249.63,244.71,265.3,269.88,2024-06-13 15:54:00,trail,1441,9,0.21434197879669958,0.004224502406280332,3.184959349593507,0.3483654808419248,2,1.1027141601170194,28.598812761167768,0.13062865139501328,0.3483654808419248,22.576304205928803,0.29993007691265067,0.9339342806229782,0.8197377599658612,True,True,-0.000589041313524552,True,True,POC,52w_high,limit,DHR,XLV,off,54.4,2024-05-30,83,87.52869046142001
2024-05-31 10:00:00,107.88,104.87,113.9,130.9,2024-06-25 15:54:00,stop,1448,16,-1.0353405315614619,-0.028887421208750378,2.0000000000000093,0.2905807499876112,3,1.0691612419988195,48.49800144271147,0.1315355405881306,0.2905807499876112,26.372295066330963,0.11755702914807789,1.1766525233309326,0.8055375288863961,True,True,-0.01076367453292748,True,True,AVWAP,swing_high,limit,RVTY,XLV,off,54.1,2024-05-30,1,-3.116374999999991
2024-06-03 10:00:00,56.52,55.61,58.34,59.43,2024-06-04 15:54:00,stop,1434,1,-1.0616098901098898,-0.017092445152158593,1.9999999999999922,0.6073169928052987,3,0.9403150116822487,18.147311836442835,0.16234480014023764,0.6073169928052987,21.00384712085259,0.09415242873635424,1.0691556745276198,0.6250243122492366,True,True,0.09176071370004002,True,True,swing_low,swing_high,limit,WFC,XLF,off,63.2,2024-05-31,411,-397.05271500000157
2024-06-05 10:00:00,21.23,20.64,22.41,23.17,2024-06-06 15:54:00,stop,1435,1,-1.0354830508474577,-0.028776966556759296,2.0,0.6289168731717426,3,0.8008699711745338,74.95459012503028,0.31887464719717334,0.6289168731717426,29.694083045609883,0.24236003005070172,1.2153379426322397,0.8484136214689271,True,True,0.09031501446592971,True,True,VAH,52w_high,limit,JWN,XLF,off,64.7,2024-06-04,1076,-657.3660599999998
2024-06-06 10:00:00,37.27,36.47,38.88,40.16,2024-06-27 15:54:00,stop,1450,14,-1.0460874999999996,-0.022454252750201346,2.0124999999999886,0.5505321170176511,3,1.0876843330197141,64.31704031741042,0.1634776505436633,0.5505321170176511,12.520894672796862,0.1487817155682541,1.16698533845176,0.45698379101254555,True,True,0.12694842997506517,True,True,POC,LRC_upper,limit,BAC,XLF,off,62.1,2024-06-05,614,-513.8381800000026
2024-06-07 10:00:00,47.25,46.43,49.81,50.91,2024-06-07 15:54:00,stop,1436,0,-1.0571219512195122,-0.018345820105820112,3.121951219512197,0.5016180732307028,2,0.7004313162655621,45.740222614840924,0.22608935957567633,0.5016180732307028,19.815090535482557,0.18099533619083844,1.366891048137957,-0.11856901911584243,True,True,0.07923260563482293,True,True,AVWAP,swing_high,limit,HRB,XLF,off,56.6,2024-06-06,469,-406.54796000000016
2024-06-10 10:00:00,148.59,137.65,170.47,183.83,2024-06-14 15:54:00,lrc_break,1388,5,-0.7956407678244977,-0.058579379500639364,2.0,0.8188905083409636,3,1.2503952602082982,40.30863897440398,0.8162119619700408,0.8188905083409636,34.34958713007527,0.34374061552931545,1.3679315558649594,0.8119195558293093,True,True,0.48249148949844,True,True,VAL,swing_high,limit,MRNA,XLV,off,75.0,2024-06-07,105,-913.9525500000002
2024-06-13 10:00:00,18.45,17.68,19.99,20.91,2024-06-14 15:54:00,stop,1441,1,-1.023461038961039,-0.042713550135501335,2.0,0.8753982459763952,3,0.9190357246913018,17.96467004849196,0.6390310796555747,0.8753982459763952,16.456168338805735,0.07329809692968813,1.2629618774230844,0.28287143701929973,True,True,0.2191888365749135,True,True,VAL,swing_high,limit,SATS,XLF,off,76.2,2024-06-12,1250,-985.0812499999994
2024-06-14 10:00:00,29.66,29.31,30.87,31.86,2024-06-14 15:54:00,lrc_break,1442,1,0.000928571428574673,1.095751854353125e-05,3.4571428571428457,0.7851967010899527,2,0.516753872424408,-11.365051836987304,0.2837858166749121,0.7851967010899527,26.547595213490656,0.09661496055308497,1.2809499233138066,-0.738970267138555,True,True,0.12853934444003623,True,True,AVWAP,POC,limit,IBKR,XLF,off,64.3,2024-06-13,768,0.24960000000087135
2024-06-17 10:00:00,46.32,45.32,48.4,49.81,2024-08-05 15:54:00,trail,1475,33,3.879533724848857,0.08375504587324821,2.0799999999999983,0.532429473312963,3,0.8566087331254711,30.481622355545284,0.23165097480697125,0.532429473312963,15.581322219691788,0.1888406779178525,1.3476239956877978,0.42829257862444853,True,True,0.09596678234194367,True,True,POC,swing_high,limit,HRB,XLF,off,60.4,2024-06-13,485,1881.5738565516956
2024-06-17 10:00:00,58.15,56.75,62.47,63.88,2024-08-13 15:54:00,time,1481,40,0.3939607142857143,0.009484866723989672,3.085714285714289,0.25874615700579384,2,1.0812868666135482,73.71610874897267,0.3094583017518448,0.25874615700579384,47.34515081690743,-0.28987320286631785,1.4580434711665478,0.7958114317408512,True,True,0.12015891381623245,True,True,AVWAP,LRC_upper,limit,SRCL,XLF,off,54.5,2024-06-14,386,212.8963699999998
2024-06-17 10:00:00,335.93,333.12,346.56,352.4,2024-06-21 15:54:00,stop,1446,3,-1.1190480427046263,-0.009360655493704052,3.7829181494661874,0.021089084204624894,2,0.5373141787274764,69.00290769430421,0.023099367705294797,0.021089084204624894,16.616763610939675,0.2695614145048182,0.9417540647236173,0.8617739979413042,True,True,-0.011182873357970524,True,True,POC,swing_high,limit,SYK,XLV,off,38.4,2024-06-14,59,-185.52697500000014
2024-06-21 10:00:00,222.72,218.04,232.08,246.48,2024-06-24 15:54:00,lrc_break,1447,2,-0.4256057692307708,-0.008943224676724183,2.0,0.8773317463388738,3,0.9249861249407684,0.3444939507096681,0.4864897379501292,0.8773317463388738,43.77839467404849,0.2596323135470181,1.4224009965430475,0.7773425711749742,True,True,0.20928104771834666,True,True,swing_low,swing_high,limit,ADI,XLK,off,81.0,2024-06-20,1,-1.9918350000000102
2024-06-24 10:00:00,251.17,244.07,265.37,274.23,2024-07-01 15:54:00,stop,1452,5,-1.0348760563380281,-0.029253573277063325,2.000000000000004,0.5176370764157997,3,1.4038049846991985,10.792401274561172,0.17504819282739256,0.5176370764157997,15.159039470763185,0.21182660691944602,1.0903485557228305,0.0664402595078835,True,True,0.031710818933556206,True,True,VAL,swing_high,limit,DHR,XLV,off,61.2,2024-06-21,78,-573.1143599999995
2024-06-25 10:00:00,32.77,31.71,35.56,36.77,2024-06-26 15:54:00,stop,1449,1,-1.0304150943396226,-0.033330485199878,2.6320754716981067,0.8994192370410289,3,1.1667721653919683,25.649526034391652,0.6288925533881351,0.8994192370410289,57.96415915400962,0.09403133607042727,1.5746931038983705,0.8649514871677034,True,True,0.2387090573628734,True,True,swing_low,52w_high,limit,HPQ,XLK,off,80.2,2024-06-24,11,-12.014640000000025
2024-06-27 10:00:00,123.08,120.85,127.9,130.28,2024-07-05 15:54:00,lrc_break,1455,6,0.5185112107623314,0.009394540136496597,2.161434977578475,0.9714158521635848,3,0.9176841512968685,27.407165440309093,0.5214209734696361,0.9714158521635848,58.400461794705954,0.2722106108734119,1.7926014719025753,0.8751841173149703,True,True,0.2651322029312875,True,True,POC,LRC_upper,limit,NTAP,XLK,off,81.5,2024-06-26,4,4.625120000000005
2024-06-28 10:00:00,335.99,330.52,348.26,355.38,2024-06-28 15:54:00,stop,1451,0,-1.0609241316270563,-0.017272106312687958,2.2431444241316125,0.8413903546005349,3,0.9006082956480079,46.74498747448543,0.23532092895305742,0.8413903546005349,22.84520073600202,0.4143750179692467,1.0885887424977414,0.7605641463240237,True,True,0.08037178035517956,True,True,POC,LRC_upper,limit,HCA,XLV,off,71.3,2024-06-27,66,-383.0148300000018
2024-06-28 10:00:00,131.09,120.91,151.47,161.85,2024-06-28 15:54:00,lrc_break,1451,1,-0.06196856581532413,-0.004812266381875048,2.001964636542238,0.8630606260135995,2,1.7034293030423417,-22.013576995927206,0.5023671951035786,0.8630606260135995,27.57622188149527,0.028641522723381052,0.9374284396168285,0.5242593230759923,True,True,0.1563448031184984,True,True,swing_low,LRC_upper,limit,MU,XLK,off,69.9,2024-06-27,1,-0.63084
2024-07-01 10:00:00,199.74,192.98,213.26,295.0,2024-07-08 15:54:00,stop,1456,4,-1.0290473372781064,-0.03482707519775718,1.9999999999999916,0.8178156676695898,3,1.1204777510344233,43.33464663831977,0.4144283563036935,0.8178156676695898,37.61146995531898,0.18563768714703266,1.5066004840385352,0.9071197345641511,True,True,0.22861891801954903,True,True,swing_low,swing_high,limit,PODD,XLV,off,74.4,2024-06-28,110,-765.1996000000021
2024-07-01 10:00:00,28.32,27.77,29.43,30.11,2024-07-08 15:54:00,stop,1455,4,-1.050990909090909,-0.020411193502824884,2.0181818181818145,0.2511622227509592,2,0.9028506137486408,67.502671795951,0.11369684271961775,0.2511622227509592,25.87099129668585,0.06446079671984666,1.156269900450075,-0.515286044300779,True,True,0.06030569313787826,True,True,AVWAP,swing_high,limit,MRO,XLF,off,46.0,2024-06-28,1,-0.5780450000000007
2024-07-02 10:00:00,36.79,35.69,38.99,39.93,2024-07-02 15:54:00,lrc_break,1453,1,0.15736818181818238,0.004705218809459115,2.0,0.9385700398002743,3,1.402199103168637,-4.192184846545692,0.4488797971463292,0.9385700398002743,37.04546517998198,0.12135529496111512,2.0709190949155385,0.7676628726305148,True,True,0.2426001411778178,True,True,POC,52w_high,limit,GLW,XLK,off,77.3,2024-07-01,517,89.49528500000045
2024-07-03 10:00:00,885.73,866.3,924.6,951.24,2024-07-17 15:54:00,lrc_break,1463,10,0.2687192485846627,0.005894815575852702,2.0005146680391084,0.9546800441795499,3,1.1119777629275078,35.80757688090544,0.43573741913704594,0.9546800441795499,45.06561321362961,0.13872005179076274,1.6190165170809008,0.7512965557906078,True,True,0.21716547882099602,True,True,POC,LRC_upper,limit,LLY,XLV,off,78.1,2024-07-02,21,109.64551500000027
2024-07-03 10:00:00,145.75,143.92,149.42,153.38,2024-07-05 15:54:00,stop,1455,1,-1.079144808743169,-0.013549468267581561,2.0054644808742963,0.5703938353397191,2,0.7729569254441423,25.9181023428981,0.13575816093410076,0.5703938353397191,10.371305910682512,0.20265320328007919,1.002109574649081,-0.6362572363156311,True,True,0.08044347474088598,True,True,AVWAP,52w_high,limit,TEL,XLK,off,57.6,2024-07-02,3,-5.924505000000038
2024-07-08 10:00:00,358.94,352.36,380.07,512.45,2024-07-31 15:54:00,trail,1473,17,-0.6317689969604895,-0.011581434222989946,3.21124620060791,0.7452074966986085,2,0.8301990675676804,58.208468155414536,0.3041133247668924,0.7452074966986085,22.33537935626736,-0.09268403245253742,1.1974594810737451,0.784286442095382,True,True,0.26400423613035895,True,True,VAH,LRC_upper,limit,HUM,XLV,off,65.5,2024-07-02,2,-8.314080000000024
2024-07-09 10:00:00,76.08,75.19,77.86,79.32,2024-07-18 15:54:00,stop,1464,7,-1.0849831460674157,-0.0126923633017876,2.0,0.7937753936813597,3,0.9045752776878774,-4.771794393702559,0.133934568893791,0.7937753936813597,24.88374058706858,0.16258256755894782,1.1858521694476998,0.6295208113316243,True,True,0.12832537847291547,True,True,AVWAP,swing_high,limit,BSX,XLV,off,73.3,2024-07-08,282,-272.3090700000002
2024-07-09 10:00:00,50.37,49.2,52.72,54.07,2024-08-02 15:54:00,trail,1474,18,5.048074242987031,0.11725723375610084,2.008547008547019,0.6479346270014854,3,0.8376281988644286,42.033090182682784,0.2338510570167888,0.6479346270014854,24.29770736915446,0.03537916760237536,1.1049568757038661,0.6997132981012422,True,True,0.11354305385243069,True,True,VAL,52w_high,limit,SLG,XLF,off,67.2,2024-07-08,1,5.906246864294799
2024-07-18 10:00:00,122.42,120.81,125.64,130.06,2024-07-18 15:54:00,stop,1464,0,-1.0755372670807455,-0.014144870119261554,2.0,0.9349741693724751,3,0.6481534754740409,-37.93237106071078,0.41573714807668594,0.9349741693724751,52.52394925673619,0.057413473015715366,1.6410290347854168,0.8131369995402246,True,True,0.15616727863778013,True,True,VAL,swing_high,limit,NTAP,XLK,off,77.0,2024-07-17,184,-318.6171599999999
2024-07-18 10:00:00,488.37,478.14,520.09,530.32,2024-08-05 15:54:00,trail,1476,12,-1.8855293255131933,-0.03949662141409178,3.100684261974582,0.7623594519573424,2,1.1235875202783798,30.584181359523306,0.2851171160166357,0.7623594519573424,29.352264881736634,-0.12834046442558586,1.7020562937478156,0.07747491549915783,True,True,0.1481947170334561,True,True,VAH,LRC_upper,limit,VRTX,XLV,off,70.9,2024-07-17,40,-771.5586000000001
2024-07-19 10:00:00,824.81,798.11,878.21,910.84,2024-07-19 15:54:00,stop,1465,0,-1.0303917602996255,-0.03335490597834645,2.0000000000000084,0.8709760261233869,3,0.8547849482143243,17.011432862339557,0.38803340838896694,0.8709760261233869,27.53349867407643,0.0033528599139093403,1.300646131302605,0.7642613583647486,True,True,0.2363021864982926,True,True,POC,52w_high,limit,MPWR,XLK,off,76.6,2024-07-18,27,-742.8094199999982
2024-07-19 10:00:00,124.36,121.73,130.99,133.85,2024-07-19 15:54:00,stop,1464,0,-1.0467851711026617,-0.02213770504985522,2.5209125475285252,0.8878877976408937,3,0.7235025145029351,47.77736557716097,0.5435921662961647,0.8878877976408937,41.615910073530515,0.1390591202721214,2.0007098402902614,0.9101456194852419,True,True,0.057543204005577,True,True,VAH,52w_high,limit,QRVO,XLK,off,74.7,2024-07-18,172,-473.5237399999992
2024-07-19 10:00:00,82.91,81.13,86.47,94.13,2024-07-24 15:54:00,stop,1468,3,-1.0460786516853933,-0.022458328307803657,2.0,0.6460266392256147,2,0.6730568442735667,3.516957084719437,0.3875348558181532,0.6460266392256147,29.414160249292724,-0.003991949820082433,1.0665812652030513,0.36647322156347173,True,True,0.1973348421538057,True,True,VAL,swing_high,limit,ANET,XLK,off,63.7,2024-07-18,1,-1.8620200000000011
2024-07-22 10:00:00,146.5,142.91,153.68,157.41,2024-08-02 15:54:00,trail,1475,9,-0.7006448467966581,-0.01716938566552904,2.0,0.3851122306908931,2,1.3360385085196658,19.746337346726026,0.08054046792570568,0.3851122306908931,18.042193194392038,-0.07332284247895193,1.0641197048549793,0.7294197620980677,True,True,0.012573331745042937,True,True,VAL,LRC_upper,limit,TEL,XLK,off,49.9,2024-07-19,151,-379.8125650000007
2024-07-22 10:00:00,175.07,172.45,180.31,187.01,2024-07-24 15:54:00,stop,1468,2,-1.0663206106870229,-0.015957959673273577,2.0,0.1320419932780162,2,0.8545069949035944,60.99710576539296,0.05336068757277499,0.1320419932780162,23.14089173222331,0.19802684607129897,0.8593360689676529,0.9098211248947119,True,True,-0.08424897175768509,True,True,VAH,LRC_upper,limit,FFIV,XLK,off,39.6,2024-07-19,116,-324.0761600000005
2024-07-25 10:00:00,119.71,116.69,130.99,134.34,2024-07-25 15:54:00,lrc_break,1468,1,-0.3838377483443687,-0.00968331801854475,3.7350993377483546,0.8942969527525321,3,0.8301694755449183,-2.956927556689498,0.5431901691168906,0.8942969527525321,37.349122016873565,0.005640250583165237,1.7141484634974886,0.8000925825965708,True,True,0.0731311113245634,True,True,VAL,swing_high,limit,QRVO,XLK,off,79.3,2024-07-24,167,-193.58472999999867
2024-07-25 10:00:00,41.44,39.81,44.71,46.17,2024-07-30 15:54:00,stop,1472,3,-2.061214723926386,-0.08107577220077221,2.006134969325161,0.8295086155924493,3,1.7679825800014783,34.23881797754965,0.5119759308583797,0.8295086155924493,41.64116817171954,0.0903058502535766,2.1301322327966137,0.8413276982026268,True,True,0.35579721157796107,True,True,VAL,52w_high,limit,GLW,XLK,off,73.3,2024-07-24,2,-6.71956
2024-07-26 10:00:00,140.34,138.17,146.88,149.23,2024-09-06 15:54:00,trail,1498,29,1.1034184762580779,0.017061551186262267,3.013824884792601,0.8145254424977872,2,0.8384881362723497,8.169964875187068,0.22559112579603322,0.8145254424977872,24.40503422705107,-0.08622565702445703,1.3671409202824334,0.5760663082332669,True,True,0.06925096176866208,True,True,swing_low,swing_high,limit,EA,XLK,off,68.0,2024-07-25,141,337.6129511806866
2024-08-01 10:00:00,219.22,211.34,234.99,244.44,2024-08-05 15:54:00,stop,1476,2,-2.8195704314720818,-0.10135122251619373,2.001269035532997,0.7516864404230675,3,1.5715967845052763,13.283826277128997,0.36914570033463445,0.7516864404230675,28.950202919891762,0.08786063070780659,1.9124922840057317,0.4899946896246482,True,True,0.2096013487594688,True,True,swing_low,52w_high,limit,AAPL,XLK,off,74.1,2024-07-31,3,-66.65464499999997
2024-08-01 10:00:00,71.3,69.82,74.27,80.67,2024-08-05 15:54:00,stop,1476,2,-1.0476756756756755,-0.02174698457223007,2.006756756756751,0.7311457444853395,3,0.8450374211005713,66.35063507381899,0.3470834521942281,0.7311457444853395,35.97989779485444,0.13160869654609786,1.5780812820585104,0.9518009469636025,True,True,0.0940880119955434,True,True,VAH,LRC_upper,limit,GILD,XLV,off,69.7,2024-07-31,2,-3.101120000000008
2024-08-05 10:00:00,1066.98,1048.18,1104.58,1128.47,2024-08-05 15:54:00,stop,1476,0,-1.0562542553191492,-0.018611014264559744,2.0,0.7943146606843953,2,0.7369344964037358,26.51327696628601,0.21076842212980207,0.7943146606843953,25.885164690481485,-0.10077167183719066,1.9715666818050575,0.6024173377277646,True,True,0.123200821831837,True,True,VAL,52w_high,limit,REGN,XLV,off,64.4,2024-08-02,20,-397.1515999999991
2024-08-05 10:00:00,12.31,12.01,13.98,14.52,2024-08-05 15:54:00,stop,1476,0,-1.0405333333333333,-0.02535824532900087,5.566666666666653,0.39191262998238435,3,0.8760136110151131,24.898164120777995,0.26744158148486047,0.39191262998238435,38.87577845556453,0.11140670972931725,1.3206849133836929,0.8691144731362265,True,True,-0.008780993422228378,True,True,swing_low,swing_high,limit,HBAN,XLF,off,57.6,2024-08-02,39,-12.174240000000028
2024-08-06 10:00:00,121.53,116.92,131.99,137.37,2024-08-07 15:54:00,lrc_break,1478,2,-0.4925065075921922,-0.018682259524397317,2.268980477223429,0.7104030419423226,3,1.1281693846354048,0.14746030720528797,0.3404118159478726,0.7104030419423226,31.24409340630989,0.0929472091410843,1.1104679863903038,0.8899417522283608,True,True,0.1122412004549811,True,True,swing_low,POC,limit,BX,XLF,off,72.5,2024-08-05,178,-404.140990000001
2024-08-06 10:00:00,37.24,36.5,40.9,42.18,2024-09-11 15:54:00,trail,1502,25,0.6349536741250964,0.012617231977781218,4.945945945945928,0.708851917417173,3,0.770127222548918,27.41579718760143,0.3940832873032818,0.708851917417173,45.138640354518515,0.1456947674905433,1.1225354605327897,0.8449098635361585,True,True,0.08310217923137198,True,True,AVWAP,52w_high,limit,TFC,XLF,off,69.0,2024-08-02,581,272.99198265334473
2024-08-06 10:00:00,33.94,32.83,36.16,45.9,2024-08-08 15:54:00,stop,1478,2,-1.0300765765765767,-0.03368842074248673,2.0,0.5270258420388975,3,0.7967446968791786,65.94101414363526,0.3225681381503163,0.5270258420388975,30.868601879205656,0.1431229634261829,1.0720802738430932,0.26481755631105947,True,True,0.12505494839578213,True,True,POC,swing_high,limit,MTCH,XLK,off,63.1,2024-08-05,637,-728.3362449999996
2024-08-06 10:00:00,25.96,25.29,27.53,30.66,2024-08-07 15:54:00,stop,1478,1,-1.0382462686567164,-0.0267960323574731,2.343283582089547,0.41637536779611034,3,0.8950566689730642,50.07229343102676,0.1760647863382428,0.41637536779611034,29.560887620602685,0.16899550418061687,1.1463829643454875,0.8248021817084197,True,True,0.10906279728268631,True,True,POC,LRC_upper,limit,PFE,XLV,off,62.7,2024-08-05,14,-9.738750000000024
2024-08-08 10:00:00,36.79,35.36,40.04,41.09,2024-10-03 15:54:00,time,1518,40,1.72165034965035,0.06691927154117967,2.2727272727272734,0.6672274260240805,3,1.3362145838658113,12.372073434649572,0.33172938112537886,0.6672274260240805,30.36240569372612,0.12614987868751526,1.0368602396935462,0.17689792417126726,True,True,0.05027832652150499,True,True,AVWAP,swing_high,limit,FITB,XLF,off,72.4,2024-08-07,582,1432.8607200000001
2024-08-08 10:00:00,69.42,67.31,73.65,80.67,2024-08-12 15:54:00,lrc_break,1481,3,-0.4544905213270146,-0.013814102564102572,2.0047393364928934,0.8606988313610054,2,1.1947713187566462,12.626758037585484,0.4004634385513025,0.8606988313610054,36.8292946916451,-0.01854487093814453,1.590522937773488,0.8788906552722143,True,True,0.16007230459553523,True,True,VAL,swing_high,limit,GILD,XLV,off,69.9,2024-08-07,2,-1.9179500000000012
2024-08-09 10:00:00,327.68,318.97,350.47,406.44,2024-08-12 15:54:00,stop,1480,1,-1.0371211251435133,-0.0275675201416015,2.6165327210103415,0.5514532782654382,3,0.7145115445874445,59.822410947331875,0.3318701032481905,0.5514532782654382,34.17930831735005,0.09865698624262806,1.069313348138079,0.4467939278498121,True,True,0.20761773806044648,True,True,swing_low,swing_high,limit,BIO,XLV,off,70.4,2024-08-08,63,-569.0994749999986
2024-08-09 10:00:00,232.51,228.06,241.43,246.13,2024-09-18 15:54:00,stop,1507,27,-1.3235235955056206,-0.02533086748957033,2.0044943820224805,0.022595335250296635,2,0.8536615057668131,68.22316941978312,0.03155296389294313,0.022595335250296635,25.658839944837297,-0.0876299412234057,1.2882138420310556,0.7607070279249781,True,True,0.045709779386025495,True,True,swing_low,LRC_upper,limit,COR,XLV,off,40.1,2024-08-08,1,-5.889679999999997
2024-08-14 10:00:00,16.63,16.03,17.84,19.45,2024-08-14 15:54:00,stop,1482,0,-1.0272166666666667,-0.037061334936860965,2.016666666666675,0.6862349398209049,3,0.6776198880659174,73.19233670271383,0.5329979495918569,0.6862349398209049,31.404923706228523,0.2160249200431207,1.4869069511747013,0.7080987433268465,True,True,0.3761053736673059,True,True,VAH,LRC_upper,limit,VFC,XLF,off,69.3,2024-08-13,1289,-794.4493699999972
2024-08-14 10:00:00,69.02,67.94,73.65,76.07,2024-10-09 15:54:00,time,1522,40,11.606180555555573,0.18160931614024922,4.287037037037053,0.815765890862097,2,0.5996866207105402,10.861085899687152,0.3738014037315055,0.815765890862097,33.71055707524545,-0.026367141745871726,1.4866325427449483,0.5605353267297607,True,True,0.09175184500038869,True,True,POC,swing_high,limit,GILD,XLV,off,69.1,2024-08-13,310,3885.74925
2024-08-14 10:00:00,44.41,43.3,46.63,48.57,2024-08-22 15:54:00,stop,1489,6,-1.039509009009009,-0.025981873451925232,2.000000000000006,0.6119674253299552,3,0.8378391488134337,72.41496175317948,0.36491343925172304,0.6119674253299552,31.71857324343541,0.0816044716563416,1.251163567358543,0.6892295869688813,True,True,0.08829721533684931,True,True,POC,swing_high,limit,BMY,XLV,off,64.4,2024-08-13,1,-1.1538549999999994
2024-08-16 10:00:00,16.31,15.5,17.95,19.45,2024-10-11 15:54:00,time,1523,40,3.854469135802476,0.19142366646229314,2.0246913580246955,0.7130860964095145,3,0.9088545481551341,54.156590158075915,0.5481219289282304,0.7130860964095145,30.66605949608309,0.1117379886305138,1.4447776519707953,0.8014843459628642,True,True,0.34064548130082906,True,True,swing_low,swing_high,limit,VFC,XLF,off,71.5,2024-08-15,1268,3958.848160000001
2024-08-26 10:00:00,20.08,19.1,22.05,26.25,2024-08-27 15:54:00,stop,1491,1,-1.0199897959183675,-0.049780378486055626,2.010204081632662,0.023282495144337636,2,0.6480357673711028,63.36053049346204,0.09199379878960824,0.023282495144337636,16.856595657844885,0.020027535088299294,1.7985737743466703,-0.0242751021823598,True,False,-0.23805547086231138,True,True,swing_low,swing_high,limit,NKTR,XLV,off,29.9,2024-08-23,2,-1.9991799999999937
2024-08-28 10:00:00,35.62,34.81,37.29,45.9,2024-09-05 15:54:00,stop,1497,5,-1.0434753086419755,-0.023728663672094193,2.061728395061743,0.7182840624419048,2,0.6857583189113959,57.20566174105467,0.40399419097785866,0.7182840624419048,29.075613655456163,0.2519775279068754,1.0105991575523559,-0.6273058564454959,True,True,0.18620034851840384,True,True,POC,swing_high,limit,MTCH,XLK,off,64.8,2024-08-23,1,-0.8452149999999952
2024-09-06 10:00:00,19.92,19.27,21.24,22.01,2024-09-09 15:54:00,stop,821,1,-1.0301461538461538,-0.03361420682730934,2.030769230769219,0.19869236793200704,2,0.9368329421622578,44.00664238428477,0.15021084017476466,0.19869236793200704,22.186082160133157,0.16437828137260718,0.9572607635431744,0.900439724598975,True,True,-0.006061662533115131,True,True,AVWAP,swing_high,limit,OGN,XLV,off,39.6,2024-09-05,2,-1.339190000000004
2024-09-10 10:00:00,1126.12,1099.78,1178.82,1237.82,2024-09-23 15:54:00,stop,1510,9,-1.0422532270311315,-0.024378352218235998,2.0007593014426805,0.7387619395371043,3,1.1466691767509634,6.986565298632602,0.2749119601626239,0.7387619395371043,29.5413531713785,0.07006926025348005,1.4626119002441902,0.3121775599423278,True,True,0.10072371619933329,True,True,AVWAP,POC,limit,REGN,XLV,off,68.3,2024-09-09,17,-466.70014999999864
2024-09-10 10:00:00,24.81,24.32,25.79,26.26,2024-10-18 15:54:00,lrc_break,1529,29,2.825479591836744,0.05580350665054415,2.000000000000007,0.30841129859754945,3,0.8972702905468025,43.849805208110475,0.09310939227007506,0.30841129859754945,21.588390388063903,0.017224623701554757,1.0225935528392396,0.9161642892578279,True,True,0.008281745444978394,True,True,AVWAP,52w_high,limit,GEN,XLK,off,55.1,2024-09-09,41,56.763885
2024-09-12 10:00:00,102.62,100.63,106.6,109.69,2024-09-12 15:54:00,lrc_break,1503,1,0.42055778894472057,0.008155427791853418,1.9999999999999858,0.9582357832680174,3,1.138968290426443,-19.68236508397536,0.4357750002886079,0.9582357832680174,50.03566779371612,0.14327422834625267,1.8909340524004927,0.8245072245198316,True,True,0.18146608013379173,True,True,VAL,swing_high,limit,AFL,XLF,off,78.9,2024-09-11,213,178.2618299999995
2024-09-13 10:00:00,186.35,182.74,193.72,199.17,2024-10-07 15:54:00,trail,1520,16,-0.745896713570883,-0.014449622409395636,2.0415512465374057,0.8831107024417757,2,1.0496636348492054,11.943718846459678,0.3782957480804363,0.8831107024417757,31.617718236379552,-0.006635320287030267,1.5507471635572896,0.8004201385444825,True,True,0.09410829302653756,True,True,VAL,52w_high,limit,AIZ,XLF,off,70.7,2024-09-12,118,-317.7370820469234
2024-09-16 10:00:00,75.64,73.62,86.01,90.37,2024-10-31 15:54:00,trail,1538,33,9.05449033000016,0.2418042102934993,5.133663366336646,0.007052448837951452,3,0.5714230708717295,68.58985561503759,0.05094871982542244,0.007052448837951452,17.690156710879045,0.18691421765572966,1.9043516438837838,0.9016618907837608,True,True,0.04012703696935316,True,True,VAL,LRC_upper,limit,COHR,XLK,off,46.1,2024-09-13,1,18.290070466600287
2024-09-19 10:00:00,107.89,105.51,112.66,117.34,2024-09-19 15:54:00,lrc_break,1508,1,-0.03273319327731051,-0.0007220780424506336,2.004201680672271,0.9077454553852637,2,1.2119075710934744,-4.2644188214418515,0.4046715327377224,0.9077454553852637,42.9525953272712,-0.057823434688086824,1.5677393399154207,0.7716791807111064,True,True,0.009443990154340165,True,True,swing_low,swing_high,limit,CAH,XLV,off,63.4,2024-09-18,2,-0.15580999999999773
2024-09-20 10:00:00,109.08,106.97,115.46,117.96,2024-09-20 15:54:00,lrc_break,1509,1,-0.07064454976302942,-0.0013665199853317934,3.0236966824644536,0.9061099530967037,3,1.1681238311563769,-11.305845222027733,0.2620535743675501,0.9061099530967037,31.99898278507024,0.3145391357254783,1.4661840084454631,0.7387336306627309,True,True,-0.004635265298062685,True,True,VAL,52w_high,limit,ABT,XLV,off,73.5,2024-09-19,2,-0.2981199999999841
2024-09-23 10:00:00,109.07,107.43,112.35,117.98,2024-09-24 15:54:00,stop,1511,1,-1.0660060975609762,-0.016028697166956877,2.0000000000000173,0.8840599315147146,2,0.848865774000574,2.4774205972258607,0.3894209422920582,0.8840599315147146,40.30627136413686,-0.017615946581732305,1.7992402038288529,0.6695286527776638,True,True,-0.00264636719928546,True,True,VAL,swing_high,limit,CAH,XLV,off,65.4,2024-09-20,2,-3.4964999999999726
2024-09-24 10:00:00,240.08,235.11,251.38,256.1,2024-10-03 15:54:00,stop,1517,7,-1.0478058350100603,-0.0216910821392869,2.2736418511066367,0.8112469668032362,3,1.0925290867462232,23.7027945358413,0.22649330297617862,0.8112469668032362,23.42398599780457,0.004316647179852885,1.299698120883638,0.808626994803342,True,True,0.13527976046809176,True,True,VAL,52w_high,limit,TFX,XLV,off,76.1,2024-09-23,77,-400.98481499999997
2024-09-25 10:00:00,46.69,45.54,49.2,51.46,2024-09-25 15:54:00,stop,1512,0,-1.0401,-0.02561822660098519,2.182608695652181,0.5388534166336929,3,1.1082725261026212,51.82893295586146,0.23476105631000388,0.5388534166336929,19.24370304183356,0.25008162111816346,1.6996207986667746,0.32814383082606924,True,True,0.12782731611747167,True,True,VAH,LRC_upper,limit,BMY,XLV,off,70.7,2024-09-24,9,-10.765034999999987
2024-09-26 10:00:00,239.2,233.32,252.37,257.85,2024-09-26 15:54:00,stop,1513,0,-1.0401802721088436,-0.02556964882943142,2.2397959183673515,0.6303217823849299,3,0.8267803180810201,69.70234057634141,0.4405413739839604,0.6303217823849299,38.48193154168554,0.2736337849830327,1.5895856262908465,0.9727977790875549,True,True,0.06884668951162176,True,True,POC,LRC_upper,limit,PODD,XLV,off,68.3,2024-09-25,1,-6.116259999999996
2024-09-27 10:00:00,236.9,230.41,249.88,262.85,2024-09-27 15:54:00,lrc_break,1514,1,-0.41227734976887426,-0.011294554664415354,1.9999999999999956,0.8550120776264749,3,1.0240029781510551,0.2797735964153814,0.4195259503085535,0.8550120776264749,26.399746227526677,0.1409252265435562,1.8427102535066264,0.6043577644570368,True,True,0.16097203077347433,True,True,swing_low,swing_high,limit,RMD,XLV,off,75.1,2024-09-26,1,-2.675679999999998
2024-09-30 10:00:00,175.85,171.04,189.09,194.41,2024-11-22 15:54:00,time,1554,40,7.500211018711018,0.2051522035825989,2.752598752598753,0.7979275303760119,3,1.0809864725716545,21.86733348791493,0.31332671847135823,0.7979275303760119,31.157952103209308,0.23863157570512888,1.2338779207130353,0.6524346655483059,True,True,0.024433583964530436,True,True,VAL,swing_high,limit,NOW,XLK,off,71.3,2024-09-27,2,72.15203000000002
2024-10-04 10:00:00,37.97,36.8,40.37,41.5,2024-10-07 15:54:00,stop,1519,1,-1.0319529914529915,-0.03179839346852783,2.051282051282047,0.9146054444245595,3,1.218888051333358,39.21987558438785,0.5933703322718,0.9146054444245595,50.82241898536777,0.22028233541329997,1.5306846393860212,0.9174050192069255,True,True,0.4184905594712345,True,True,swing_low,LRC_upper,limit,VNO,XLF,off,80.5,2024-10-03,597,-720.8088450000009
2024-10-07 10:00:00,109.35,107.92,112.35,118.23,2024-10-29 15:54:00,stop,1536,16,-1.0759685314685319,-0.014070736168266967,2.0979020979021086,0.5968468525090616,3,0.8247607870626711,31.299573435741735,0.23604763119912558,0.5968468525090616,23.79454080310222,0.13185704379786173,1.8427497910819532,0.46517082949225685,True,True,0.06718006751878769,True,True,swing_low,swing_high,limit,CAH,XLV,off,63.9,2024-10-04,167,-256.95204499999875
2024-10-08 10:00:00,54.91,53.07,58.6,60.76,2024-11-21 15:54:00,trail,1552,32,4.2000581911699095,0.1407413416818907,2.0054347826087024,0.7752198887653405,3,1.2622655068233841,15.691810356670574,0.28965539206689195,0.7752198887653405,24.876123296699763,0.16845574824079282,1.3133398881589022,0.8396563676860154,True,True,0.07057436767029368,True,True,AVWAP,52w_high,limit,CMA,XLF,off,69.3,2024-10-07,409,3160.7957923468207
2024-10-08 10:00:00,122.57,120.43,126.85,128.86,2024-12-03 15:54:00,lrc_break,1560,40,18.16258177570106,0.31710797911397587,2.0000000000000133,0.7705108220553334,3,0.9537836431744467,54.512004271651584,0.25218188775298245,0.7705108220553334,22.895174721167646,0.2178458153593768,1.5302841041471715,0.941333415479022,True,True,-0.017108623624309427,True,True,POC,LRC_upper,limit,RJF,XLF,off,68.2,2024-10-07,173,6724.151025000003
2024-10-10 10:00:00,486.23,478.4,513.81,525.79,2024-10-15 15:54:00,stop,1526,3,-1.061598339719029,-0.017095438372786625,3.5223499361430117,0.43980843572684064,2,0.7864037327084216,42.651164835132924,0.1271276350743289,0.43980843572684064,8.281212677521017,0.044510462288275605,1.2294558884417042,-0.7258109428800267,True,True,0.03319352334885606,True,True,VAL,LRC_upper,limit,ISRG,XLV,off,52.6,2024-10-09,47,-390.6788050000019
2024-10-14 10:00:00,44.22,42.79,50.51,52.23,2024-10-23 15:54:00,stop,1531,7,-1.0304230769230769,-0.03332213930348258,4.398601398601399,0.8479804983555909,3,0.9125283290050036,69.44498087080996,0.45605597663863184,0.8479804983555909,32.67998856079465,0.091136034835204,1.6179153345507777,0.821518703449302,True,True,0.06737117664084868,True,True,VAH,52w_high,limit,CZR,XLF,off,78.5,2024-10-11,522,-769.1696099999998
2024-10-16 10:00:00,164.37,160.6,174.48,178.45,2024-10-17 15:54:00,stop,1528,1,-1.0430994694960212,-0.023924590862079518,2.6816976127320844,0.6764188916837428,2,0.9654547119922002,43.360327334139534,0.26452123153873885,0.6764188916837428,19.135711591237772,0.11716124940129415,1.684531020487293,-0.5275608316268604,True,True,0.11915885378334035,True,True,POC,LRC_upper,limit,DVA,XLV,off,65.0,2024-10-15,141,-554.4803850000014
2024-10-21 10:00:00,42.86,41.59,45.6,46.98,2024-10-31 15:54:00,stop,1028,8,-1.033248031496063,-0.030616542230517872,2.157480314960638,0.8770501302703665,3,0.8355743754475448,57.09968906602623,0.6679371064351018,0.8770501302703665,38.94256431088889,0.2814561821879924,2.4998849927773343,0.5843925949570922,True,True,0.4060599981488946,True,True,VAH,LRC_upper,limit,PLTR,XLK,off,78.5,2024-10-18,550,-721.7237499999978
2024-10-21 10:00:00,48.1,47.09,50.13,52.06,2024-11-15 15:54:00,trail,1549,19,3.6686864235966334,0.0770347876888273,2.009900990099015,0.7584978717795058,3,0.9338452220074285,54.42506785061805,0.24353002460383763,0.7584978717795058,28.659941253611603,0.19339692011337184,1.8642656063032832,0.8752106891564004,True,True,0.174443588250498,True,True,swing_low,swing_high,limit,BMY,XLV,off,69.0,2024-10-18,71,263.0815034361141
2024-10-24 10:00:00,355.83,351.37,364.75,373.35,2024-10-25 15:54:00,stop,1534,1,-1.0792825112107627,-0.013527808223027795,2.000000000000013,0.24521381871211057,2,0.7484609285417296,46.38247228896287,0.08323705319596889,0.24521381871211057,19.956455323580844,0.03540504122327761,1.4894565891588072,-0.5099537336189559,True,True,0.04543755440110586,True,True,swing_low,swing_high,limit,SYK,XLV,off,44.8,2024-10-23,62,-298.44319999999874
2024-10-28 10:00:00,85.0,83.32,88.79,90.2,2024-10-28 15:54:00,lrc_break,1535,1,-0.19338095238094855,-0.0038221176470587637,2.2559523809523756,0.8873301349004278,2,0.9448937852462035,-33.01894116048232,0.20416083450922107,0.8873301349004278,30.698580515678003,0.2482151246487019,1.2077946852190151,-0.2648399193233575,True,True,0.07502254156297794,True,True,AVWAP,swing_high,limit,BSX,XLV,off,71.0,2024-10-25,259,-84.14391999999867
2024-10-29 10:00:00,45.04,43.39,48.34,50.51,2024-10-30 15:54:00,stop,1536,1,-1.3902515151515165,-0.050930617229129664,2.0000000000000044,0.8561075337607137,3,1.1808128212217444,43.5273579719922,0.4584010513213306,0.8561075337607137,27.569969259783786,0.10157301000305141,2.0795826254690732,0.6773950780345047,True,True,0.17868312681629495,True,True,POC,LRC_upper,limit,CZR,XLF,off,74.8,2024-10-28,487,-1117.136605
2024-10-30 10:00:00,77.79,77.56,78.45,78.68,2024-12-26 15:54:00,time,1575,40,4.311630434782504,0.012748103869391864,2.86956521739124,0.7121622282259307,2,0.8224552931667919,-8.756213313941428,0.025413428804116154,0.7121622282259307,58.73770966367754,-0.14563154991974836,1.5810779527839027,0.5718260762309422,True,True,0.34120525800685964,True,True,AVWAP,52w_high,limit,K,XLV,off,70.5,2024-10-29,231,229.07692499999843
2024-10-31 10:00:00,38.13,37.32,40.09,40.96,2024-12-09 15:54:00,trail,1564,26,9.0977940421315,0.1932654910602291,2.4197530864197474,0.8925908658959373,3,1.0853295461789298,46.04908713943592,0.45859156192969497,0.8925908658959373,22.08883527280539,0.22156048075132012,2.195933638884453,0.5474523031203467,True,True,0.22913838624539085,True,True,VAH,LRC_upper,limit,IBKR,XLF,off,80.0,2024-10-30,546,4023.5903930730888
2024-11-01 10:00:00,508.83,500.64,550.59,569.0,2024-11-15 15:54:00,trail,1549,10,2.1166700451969676,0.03406938991443736,5.0989010989011065,0.029123664798429937,2,0.5238055924357303,52.4780504976164,0.04569133735900317,0.029123664798429937,14.026221464114014,0.07127788762650464,0.9955743515979336,0.39912716261165476,True,False,-0.05071386049857862,True,True,AVWAP,swing_high,limit,SNPS,XLK,off,40.5,2024-10-31,45,780.0987451573421
2024-11-04 10:00:00,41.08,40.0,44.39,48.47,2024-11-04 15:54:00,lrc_break,1030,1,0.2673657407407396,0.0070290895813047306,3.0648148148148215,0.9031426471878843,2,0.7577646621847743,-12.135939401104462,0.6780918981980623,0.9031426471878843,30.854029150303212,0.15735625070097942,2.20541448466084,-0.060084770703471485,True,True,0.5747057105299851,True,True,swing_low,swing_high,limit,PLTR,XLK,off,70.3,2024-11-01,2,0.5775099999999966
2024-11-07 10:00:00,20.37,19.38,22.36,28.92,2024-11-13 15:54:00,stop,1546,4,-1.0200757575757575,-0.04957658321060393,2.0101010101010046,0.29539166239502224,2,0.6883396808748182,61.954230198042616,0.21861091569829824,0.29539166239502224,28.71549795438395,-0.03895729254299155,1.4349960358503506,0.18900826721023806,True,True,0.025827544181550754,True,True,AVWAP,LRC_upper,limit,NKTR,XLV,off,44.5,2024-11-06,4,-4.039500000000008
2024-11-14 10:00:00,56.17,55.3,57.91,59.47,2024-11-14 15:54:00,stop,1548,0,-1.0640632183908043,-0.016480950685419344,1.9999999999999836,0.9253119354227509,3,0.9850877847326318,66.9817434095278,0.3438129036972827,0.9253119354227509,40.08632318451286,0.11354254264332518,2.2652160601949025,0.3362073827838205,True,True,0.13964963124503216,True,True,VAH,LRC_upper,limit,CSCO,XLK,off,73.0,2024-11-13,1,-0.9257350000000045
2024-11-15 10:00:00,45.47,44.8,47.94,49.12,2024-11-15 15:54:00,lrc_break,1549,1,-0.20212686567163576,-0.002978337365295718,3.6865671641790936,0.8531417824100628,2,0.6446382251285264,-8.724902581098746,0.2797099859887942,0.8531417824100628,35.444889553923964,-0.36145075505417856,1.9956275739110745,0.5931087473914961,True,True,0.1068133571284029,True,True,VAL,swing_high,limit,GLW,XLK,off,70.4,2024-11-14,1,-0.1354249999999963
2024-11-18 10:00:00,83.76,81.8,91.6,93.72,2024-11-18 15:54:00,lrc_break,1550,1,-0.007038265306125905,-0.00016469675262663358,3.9999999999999782,0.8080111352529229,3,0.9657361107230875,-12.833027668390423,0.2799195387495506,0.8080111352529229,45.411343765426224,0.09419896802785312,1.983142241373637,0.7156406769470347,True,True,0.14704711740216436,True,True,AVWAP,LRC_upper,limit,GILD,XLV,off,82.2,2024-11-15,296,-4.0833200000020184
2024-11-18 10:00:00,385.3,376.15,405.62,415.38,2024-12-17 15:54:00,lrc_break,1570,21,1.017469945355186,0.024162600570983617,2.2207650273223956,0.7613443469323166,2,1.0491186328129618,19.857318335290195,0.2658995361469629,0.7613443469323166,37.26048578260016,-0.10266852006785561,1.3065376148967565,0.4943261986578202,True,True,0.06439161634574275,True,True,VAL,swing_high,limit,ZBRA,XLK,off,63.7,2024-11-15,6,55.85909999999993
2024-11-18 10:00:00,125.39,122.47,131.24,138.34,2024-12-10 15:54:00,trail,1315,15,10.127013525846357,0.2358312424872109,2.0034246575342483,0.7104479154305472,2,0.6465481479089624,16.62008835666718,0.3043520189106188,0.7104479154305472,19.68155597421109,-0.031568030222315156,1.5205536354569604,0.4983225135246585,True,True,0.029641164070264292,True,True,swing_low,swing_high,limit,DDOG,XLK,off,58.6,2024-11-15,2,59.14175899094275
2024-11-20 10:00:00,83.5,81.19,91.68,93.72,2025-01-21 15:54:00,time,1591,40,2.2700584415584384,0.06280041916167663,3.5411255411255405,0.7264910956904288,3,1.1495097758550092,-9.550462832026243,0.25016965990110035,0.7264910956904288,39.78202701777808,0.09776762182734049,1.824959039235937,0.4902199414270498,True,True,0.12924250714257135,True,True,swing_low,LRC_upper,limit,GILD,XLV,off,79.1,2024-11-19,297,1557.4189949999995
2024-11-22 10:00:00,73.12,71.17,77.93,80.73,2024-12-11 15:54:00,stop,1565,12,-1.0369974358974359,-0.027655155908096318,2.466666666666664,0.8289730454778532,2,1.0419676858917626,-0.09596579256618414,0.44623519344252566,0.8289730454778532,35.355063495720664,-0.07255198040232193,1.5168694328829118,0.45090295889240095,True,True,0.17152910055031967,True,True,VAL,swing_high,limit,LW,XLF,off,72.3,2024-11-21,343,-693.5957350000009
2024-11-25 10:00:00,56.35,55.39,58.31,59.18,2024-12-18 15:54:00,stop,1571,16,-1.0581979166666666,-0.01802786157941439,2.0416666666666656,0.8778422794824143,3,1.0401727139331358,39.44751611030703,0.2770540656983301,0.8778422794824143,33.612711100383315,0.10618422798914878,1.7372279475982049,0.5210088038999909,True,True,0.08962261286958761,True,True,POC,LRC_upper,limit,CSCO,XLK,off,76.0,2024-11-22,18,-18.285660000000014
2024-12-04 10:00:00,174.94,169.25,189.0,194.84,2024-12-09 15:54:00,lrc_break,1564,4,-0.1396537785588761,-0.004542300217217358,2.4710017574692458,0.8942860443761458,3,1.3031925168691483,13.93340051878568,0.49974062398072605,0.8942860443761458,48.49209870993491,0.07568737443505111,1.4537731757880918,0.6820961548822154,True,True,0.24526093081877742,True,True,POC,swing_high,limit,BX,XLF,off,80.8,2024-12-03,145,-115.22135000000065
2024-12-10 10:00:00,157.5,154.79,167.37,178.39,2024-12-10 15:54:00,lrc_break,1565,1,-0.1872047970479678,-0.003221111111111075,3.6420664206641975,0.9249730292415409,3,0.8799793899146454,-23.454550860763735,0.5981072315447014,0.9249730292415409,48.75642252616689,0.12882257597897276,1.8963757674268058,0.5220134399158235,True,True,0.2648443199512809,True,True,swing_low,52w_high,limit,RJF,XLF,off,84.9,2024-12-09,159,-80.6646749999991
2024-12-10 10:00:00,47.95,47.0,50.21,51.75,2024-12-17 15:54:00,stop,1570,5,-1.0499736842105263,-0.02080239833159547,2.3789473684210436,0.8391242794496845,2,1.0255907214960955,3.061001425302701,0.33048441210963336,0.8391242794496845,30.015224126810743,-0.120749840262905,1.2160383393841994,0.47748550512991267,True,True,0.045635603968859684,True,True,POC,swing_high,limit,USB,XLF,off,70.4,2024-12-09,523,-521.6794250000015
2024-12-11 10:00:00,69.47,67.88,72.67,74.55,2024-12-11 15:54:00,lrc_break,1565,1,0.3020471698113183,0.006913127968907401,2.0125786163521986,0.8955754743683229,3,1.230368185055992,-9.156434914362,0.5160074345887583,0.8955754743683229,48.37353288240336,0.04130196358182652,1.1115284595447472,0.4617067698228709,True,True,0.2613014763655679,True,True,swing_low,POC,limit,UNM,XLF,off,76.8,2024-12-10,360,172.89179999999897
2024-12-11 10:00:00,252.6,242.08,276.54,317.5,2024-12-18 15:54:00,stop,1570,5,-1.0235114068441065,-0.042626049089469445,2.2756653992395504,0.7240562880229573,2,1.5468002345814074,47.604215440857644,0.5637352472156032,0.7240562880229573,36.543828705912645,-0.015367319905013157,1.86078513074188,0.09653543794210297,True,True,0.12670825373641503,True,True,POC,LRC_upper,limit,EPAM,XLK,off,69.7,2024-12-10,11,-118.4407399999998
2024-12-12 10:00:00,157.83,154.83,167.37,179.63,2024-12-12 15:54:00,lrc_break,1567,1,-0.4557416666666693,-0.008662643350440397,3.1799999999999975,0.8856448117302168,3,1.0236316665510832,-11.565565237356648,0.5573883347577566,0.8856448117302168,43.44199720767876,0.053470415825304714,1.785160058990467,0.33764924303547594,True,True,0.2742687042861689,True,True,swing_low,52w_high,limit,RJF,XLF,off,84.0,2024-12-11,158,-216.02155000000127
2024-12-12 10:00:00,146.6,143.64,155.43,159.19,2024-12-12 15:54:00,lrc_break,1567,1,-0.1778412162162142,-0.003590791268758496,2.9831081081081043,0.8427722118541644,3,1.1057474297350074,-6.3964859076281435,0.3312544739405504,0.8427722118541644,30.13346399301148,0.16693889736216228,1.4089646686844066,0.46788476563916215,True,True,0.03835222517583259,True,True,POC,swing_high,limit,CINF,XLF,off,79.2,2024-12-11,168,-88.43687999999925
2024-12-13 10:00:00,92.25,88.75,99.26,104.17,2024-12-18 15:54:00,stop,1571,3,-1.0258571428571428,-0.038921409214092144,2.0028571428571444,0.8943296530311737,2,0.9386949869250028,25.269868256759892,0.6960007756587309,0.8943296530311737,37.10303955560237,-0.0308870727742836,1.1691168807470087,0.2884939503313875,True,True,0.3772132263623802,True,True,POC,52w_high,limit,XYZ,XLF,off,68.8,2024-12-12,269,-965.8445
2024-12-13 10:00:00,205.0,199.75,215.5,223.23,2025-01-10 15:54:00,stop,1584,17,-1.038547619047619,-0.026596951219512194,2.0,0.6123652448022104,3,1.309682876878798,-2.644273489321414,0.2653863398001312,0.6123652448022104,34.158984177683934,0.031548690675881653,1.397055895315822,0.012122406719380514,True,True,0.09685321406648661,True,True,VAL,swing_high,limit,FI,XLF,off,67.3,2024-12-12,119,-648.832625
2024-12-18 10:00:00,75.09,73.8,79.61,81.53,2024-12-18 15:54:00,stop,1571,0,-1.0577093023255812,-0.01817079504594495,3.503875968992228,0.7993653714666034,2,0.7869514050030761,-25.78890243177023,0.4012608709619219,0.7993653714666034,41.516827883562975,-0.1434562389658462,2.363814605389043,0.8017964248990268,True,True,0.15821369144055653,True,True,AVWAP,POC,limit,SCHW,XLF,off,73.9,2024-12-17,332,-452.9957400000021
2024-12-18 10:00:00,108.46,103.02,119.34,125.58,2025-01-27 15:54:00,trail,1595,24,-0.18234131904096562,-0.009145646096098586,2.0000000000000027,0.8242168422428867,3,0.9079822959400451,54.52856260648225,0.7273911932852197,0.8242168422428867,40.43014362809693,0.0979110763180657,1.4082087335201312,0.7408587116620169,True,True,0.5004782358667494,True,True,swing_low,swing_high,limit,MRVL,XLK,off,73.0,2024-12-17,19,-18.8467987360742
2024-12-19 10:00:00,214.05,205.99,231.58,237.79,2024-12-19 15:54:00,lrc_break,1572,1,0.08752977667493639,0.003295912170053667,2.1749379652605456,0.8783472105931315,3,1.4458825017903312,-19.78363423209148,0.42292544679762506,0.8783472105931315,31.37790795101506,0.026519783676022007,1.1634381022152909,0.8587895389560208,True,True,0.15555202419182534,True,True,swing_low,swing_high,limit,NOW,XLK,off,81.4,2024-12-18,113,79.7203699999986
2024-12-19 10:00:00,9.173,8.5,10.64,11.28,2025-01-13 15:54:00,stop,1585,14,-1.0131300148588411,-0.0743308078055162,2.179791976225855,0.8185859834672075,3,1.704339604026095,12.5399504124484,0.6840660524257117,0.8185859834672075,46.599005507409835,0.12000557402136182,1.1360866449777258,0.8136711798161361,True,True,0.36585610671021995,True,True,AVWAP,swing_high,limit,NWL,XLF,off,78.3,2024-12-18,1809,-1233.4422285
2024-12-19 10:00:00,150.97,147.1,161.4,167.37,2024-12-19 15:54:00,stop,1572,0,-1.0385103359173125,-0.026621414850632602,2.6950904392764845,0.7704535430336961,2,1.3780527827563325,-7.810422221092995,0.4615968206832833,0.7704535430336961,33.339825895234874,0.09089456472907578,1.5362365747750073,-0.20236136609330166,True,True,0.250549680397971,True,True,AVWAP,POC,limit,RJF,XLF,off,65.2,2024-12-17,74,-297.40859000000034
2024-12-20 10:00:00,200.77,197.08,210.71,223.13,2024-12-27 15:54:00,lrc_break,1577,5,0.671514905149046,0.012341933555810022,2.693766937669378,0.9095032981537386,3,0.7970369963210157,5.896626627888151,0.5548011972925979,0.9095032981537386,51.22640412785573,0.06444298352153827,2.383214475151172,0.8540717074387787,True,True,0.26800214725167915,True,True,POC,swing_high,limit,GDDY,XLK,off,77.3,2024-12-19,120,297.3467999999974
2024-12-20 10:00:00,249.26,246.59,264.5,274.53,2024-12-20 15:54:00,lrc_break,1573,1,1.0259344569288473,0.010989508946481623,5.707865168539356,0.8732280365185346,2,0.555306582257362,-11.79809649944873,0.3719260965776564,0.8732280365185346,39.716555969917955,-0.0526564041962003,1.6613956038625874,0.9473787347822411,True,True,0.14576227226281135,True,True,VAL,swing_high,limit,FFIV,XLK,off,76.3,2024-12-19,44,120.5267800000004
2024-12-20 10:00:00,84.04,82.07,87.98,91.16,2024-12-30 15:54:00,stop,1577,5,-1.042159898477157,-0.02442949785816293,1.9999999999999856,0.8285424398550432,2,0.7441280835184017,21.58836736134283,0.3880451841660945,0.8285424398550432,32.93229463165498,-0.14128499135190664,1.2469376299153192,0.20691992256630443,True,True,0.1103113689704891,True,True,swing_low,swing_high,limit,KMX,XLF,off,66.3,2024-12-19,1,-2.053055000000013
2024-12-23 10:00:00,337.71,327.86,361.63,378.39,2024-12-30 15:54:00,stop,1578,4,-1.0337852791878173,-0.0301524532883242,2.428426395939096,0.8133964323983064,3,0.933583138633744,10.303302969202441,0.44444219165585336,0.8133964323983064,27.021012452835624,0.019872393538011148,1.5066924571947677,0.5871172594402538,True,True,0.28788265596053253,True,True,AVWAP,swing_high,limit,CRM,XLK,off,76.9,2024-12-20,32,-325.84911999999895
2024-12-27 10:00:00,116.22,114.22,121.45,127.07,2025-01-31 15:54:00,trail,1599,22,2.60220337415927,0.04478064660401428,2.615000000000002,0.3237885019886359,3,0.8600040158694076,30.508588617371903,0.14987005304885018,0.3237885019886359,18.38755619107872,0.05508657283937587,1.4897555576558865,0.47284872751857054,True,True,0.07509505373838898,True,True,POC,swing_high,limit,CAH,XLV,off,57.3,2024-12-26,159,827.5006729826479
2024-12-30 10:00:00,85.25,82.3,91.82,96.18,2025-01-02 15:54:00,stop,1580,2,-1.0283983050847458,-0.03558680351906162,2.2271186440677924,0.7117571917708364,2,0.9592791174614163,61.65169282936051,0.5776975498143022,0.7117571917708364,36.06189452436119,-0.04875785085960578,1.7121559446593877,0.9067312146296969,True,True,0.3883354302672539,True,True,swing_low,52w_high,limit,CIEN,XLK,off,64.1,2024-12-27,286,-867.6596500000009
2024-12-31 10:00:00,17.47,17.11,18.2,18.8,2025-01-02 15:54:00,stop,1579,1,-1.048027777777778,-0.021596451058958185,2.027777777777782,0.8552790794445164,3,0.6342633926491101,52.48202278220258,0.5943734383532511,0.8552790794445164,44.50698804822874,0.0631555595647739,1.9511960687082315,0.8087108308836266,True,True,0.5692957359660911,True,True,POC,52w_high,limit,AAL,XLF,off,74.9,2024-12-30,607,-229.01502999999963
2025-01-03 10:00:00,211.41,206.46,221.31,231.58,2025-01-10 15:54:00,stop,1585,4,-1.042209090909091,-0.024402511707109355,2.0000000000000058,0.7041661841382186,3,0.91809705037088,-7.049385020673232,0.3314710242255062,0.7041661841382186,21.109941465315877,0.08386519912134907,1.1797463284277907,0.36105793267068403,True,True,0.18493738867689635,True,True,AVWAP,swing_high,limit,NOW,XLK,off,74.4,2025-01-02,114,-588.1185899999988
2025-01-03 10:00:00,41.57,40.21,44.31,45.8,2025-01-07 15:54:00,stop,1582,2,-1.0300661764705883,-0.03369954293961991,2.0147058823529433,0.015895241733458087,3,0.9902902983416366,50.21021866902649,0.027723746988735434,0.015895241733458087,15.856586948310511,0.061433252663989746,1.097074440562452,0.3599978697988658,True,True,0.09095079997409239,True,True,swing_low,LRC_upper,limit,VNO,XLF,off,48.0,2025-01-02,235,-329.20914999999985
2025-01-07 10:00:00,21.65,21.08,22.79,23.7,2025-01-08 15:54:00,stop,1584,1,-1.0374824561403508,-0.027314780600461906,2.0,0.3755846848702443,3,0.8848009750087574,71.40118492226291,0.17604642956313277,0.3755846848702443,10.962836693829592,0.1947307798728303,1.6395225458564489,0.6313231748336193,True,True,0.09168262268623661,True,True,VAH,LRC_upper,limit,HPE,XLK,off,55.5,2025-01-06,1,-0.5913650000000003
2025-01-08 10:00:00,17.5,16.65,19.21,20.25,2025-01-23 15:54:00,trail,1592,9,-0.7854513260368738,-0.038150492978933935,2.0117647058823507,0.8451904894220116,2,1.4084827118610777,39.898482996975325,0.5695021339805999,0.8451904894220116,39.705067651240604,-0.03502814635679907,2.5324032926404976,0.7280543870742266,True,True,0.4927264707371932,True,True,VAL,LRC_upper,limit,AAL,XLF,off,69.2,2025-01-07,539,-359.85452502379434
2025-01-13 10:00:00,67.43,66.23,72.7,74.65,2025-01-13 15:54:00,stop,1585,0,-1.0556916666666665,-0.018787335014088725,4.391666666666653,0.883376646872377,2,0.6207180622519435,51.12160014964071,0.6472176340661181,0.883376646872377,46.55906977238339,0.04194199343477315,1.5160848316420832,-0.22389845747578213,True,True,0.6035328251859089,True,True,VAH,LRC_upper,limit,ALK,XLF,off,73.5,2025-01-10,355,-449.724650000001
2025-01-14 10:00:00,222.86,214.94,238.71,268.9,2025-01-27 15:54:00,stop,1595,8,-1.56146275252525,-0.05549127254778787,2.0012626262626214,0.6469581091293305,3,0.8033185392996284,35.34473835589593,0.7232009135954617,0.6469581091293305,36.694051490773454,0.08051725578359978,1.3496700787447282,0.7852976747011096,True,True,0.2121083949432634,True,True,VAL,swing_high,limit,AVGO,XLK,off,72.5,2025-01-13,106,-1310.8792100000005
2025-01-15 10:00:00,220.35,216.73,229.5,232.7,2025-01-15 15:54:00,stop,1588,0,-1.0603701657458562,-0.01742019514408897,2.5276243093922637,0.5857444604621057,3,1.1295462055203007,28.585559843607367,0.14179077831589104,0.5857444604621057,20.188306941086132,0.114065687919721,1.5995118324462596,0.6527459466795931,True,True,0.07567992651647026,True,True,VAL,52w_high,limit,CME,XLF,off,69.1,2025-01-14,108,-414.5623200000005
2025-01-15 10:00:00,70.81,68.94,74.55,77.06,2025-02-18 15:54:00,trail,1609,22,0.25208478869954143,0.006657231392008807,1.9999999999999925,0.17014839143466692,2,1.5172330882893088,34.74102748089913,0.11696120631650106,0.17014839143466692,18.779425791943268,-0.033219030227912366,1.1440023395271444,0.25544275525733356,True,True,0.17045436976369577,True,True,swing_low,swing_high,limit,UNM,XLF,off,57.1,2025-01-14,208,98.05089941257388
2025-01-16 10:00:00,66.18,64.72,69.1,73.69,2025-02-13 15:54:00,trail,1607,19,2.5564163476506017,0.05639721770277876,1.9999999999999805,0.8737238575307197,3,0.7374293663158665,25.416871458250544,0.6229244379938847,0.8737238575307197,44.26034252673304,0.06413685249897527,1.359932600375837,0.043480012122240265,True,True,0.4816017705918958,True,True,POC,52w_high,limit,ALK,XLF,off,75.9,2025-01-15,354,1321.258225119744
2025-01-22 10:00:00,96.61,94.75,100.34,103.3,2025-01-27 15:54:00,stop,1595,3,-1.0514408602150538,-0.020243039022875473,2.005376344086024,0.09657035501672981,3,0.7254526572109175,52.46465713155373,0.07497742350601422,0.09657035501672981,14.224449846210653,0.1556189668815324,1.6149434324116019,0.28509010804928164,True,True,0.1680536810002391,True,True,POC,swing_high,limit,FTNT,XLK,off,51.5,2025-01-21,255,-498.6983999999998
2025-01-23 10:00:00,88.9,87.59,91.52,93.72,2025-03-14 15:54:00,trail,1628,35,13.905531105422002,0.20490715127224807,1.9999999999999891,0.000640728686971734,3,0.7882548660341535,66.3919992839998,0.0038881469331271436,0.000640728686971734,13.389087115206689,0.08664970310492037,1.6546316686080438,0.0914048303100663,True,True,0.05200546668035755,True,True,POC,LRC_upper,limit,GILD,XLV,off,46.9,2025-01-22,19,346.1086692139542
2025-01-24 10:00:00,35.16,33.97,37.55,41.15,2025-01-27 15:54:00,stop,874,1,-1.029046218487395,-0.03482835608646183,2.0084033613445422,0.4701504205232191,2,1.0510247663159622,24.069318039358016,0.353180759210848,0.4701504205232191,23.771319783010536,-0.10849497364113185,1.598720323913891,0.07105995995265237,True,True,0.17547387642787338,True,True,swing_low,swing_high,limit,BBWI,XLF,off,60.2,2025-01-23,259,-317.1623349999994
2025-01-28 10:00:00,68.89,67.12,74.34,77.41,2025-02-25 15:54:00,lrc_break,1615,20,1.5930310734463315,0.04092996080708376,3.0790960451977485,0.5557289750804335,3,0.6797002621745214,36.6647516947348,0.3013194201054069,0.5557289750804335,27.076058793954203,0.04416318607163102,1.4307169891074238,0.8092572902958558,True,True,0.011275943513392006,True,True,POC,swing_high,limit,KLAC,XLK,off,62.6,2025-01-27,347,978.4237550000001
2025-01-28 10:00:00,21.9,21.26,23.18,24.01,2025-01-28 15:54:00,stop,1596,0,-1.0337187500000002,-0.03020913242009119,2.000000000000011,0.4071179395905058,3,0.8569671429464735,46.988339123500175,0.1831426318498948,0.4071179395905058,22.55821902812666,0.213892956861765,1.3824539698185627,0.8940054582855402,True,True,0.1406600421451989,True,True,AVWAP,swing_high,limit,HPE,XLK,off,59.9,2025-01-27,1091,-721.7837799999968
2025-01-28 10:00:00,566.6,557.31,602.98,619.15,2025-02-25 15:54:00,trail,1615,19,-0.7108113182971809,-0.011654495494142015,3.9160387513455,0.2774029309658415,3,0.5815960585207696,59.981745918013495,0.13978144170225965,0.2774029309658415,27.242131172569916,0.31517531577548685,1.3308994550896733,0.7816984125146491,True,True,0.06704817575719257,True,True,AVWAP,LRC_upper,limit,ISRG,XLV,off,55.2,2025-01-27,16,-105.65499435169386
2025-01-28 10:00:00,426.3,418.85,441.2,451.06,2025-01-30 15:54:00,stop,1598,2,-1.8308308724832278,-0.03199551958714526,2.0,0.04640986346952635,2,0.8147002622172619,49.36427085550192,0.039407681887868404,0.04640986346952635,18.471687329109102,0.09223367992957181,1.1568640123176777,-0.5979859036908229,True,True,-0.021943180160078124,True,True,swing_low,swing_high,limit,MSFT,XLK,off,36.2,2025-01-27,1,-13.639690000000028
2025-01-29 10:00:00,123.09,120.61,128.05,130.7,2025-01-29 15:54:00,stop,1596,0,-1.049133064516129,-0.021137785360305496,2.0,0.5393570175915466,3,0.8228075081747452,74.76870295833054,0.300023534100589,0.5393570175915466,30.999124935101687,0.17810917668806492,1.3390086852976433,0.8913476964890081,True,True,0.16828356516680598,True,True,VAH,LRC_upper,limit,WHR,XLF,off,66.8,2025-01-28,188,-489.14780000000076
2025-01-30 10:00:00,34.26,34.16,34.47,34.73,2025-02-03 15:54:00,stop,1599,2,-1.4420499999999736,-0.004209136018680661,2.0999999999999788,0.7212442979287421,2,0.6935295075175814,28.687129636321412,0.048245815242595004,0.7212442979287421,23.091144376133766,0.1700527947588331,1.2346731722762334,-0.09897802009794723,True,True,-0.029678421947706646,True,True,VAL,52w_high,limit,HCP,XLK,off,56.0,2025-01-29,662,-95.46370999999962
2025-01-31 10:00:00,3.37,3.29,3.54,3.66,2025-02-10 15:54:00,stop,1604,6,-1.041625,-0.02472700296735907,2.1249999999999973,0.35718221723903937,3,0.9263160670266808,74.09653277865223,0.20938011610945853,0.35718221723903937,31.205391585067698,0.08452634522150147,1.6258149345117345,0.7601321472732091,True,True,0.06429520170331982,True,True,swing_low,LRC_upper,limit,AIV,XLF,off,54.9,2025-01-30,124,-10.332920000000009
2025-02-03 10:00:00,157.26,153.95,174.37,182.43,2025-02-21 15:54:00,lrc_break,1613,14,1.4713670694864043,0.0309692547373776,5.169184290030212,0.8914114527436046,3,0.6987082981452781,26.77120023154842,0.5049295374286376,0.8914114527436046,33.2217464201235,0.06693878322324304,1.8917024737182797,0.9285509104331409,True,True,0.2471367012682777,True,True,swing_low,swing_high,limit,JBL,XLK,off,77.5,2025-01-31,122,594.1674500000001
2025-02-04 10:00:00,146.22,143.84,151.89,154.88,2025-02-07 15:54:00,stop,1604,3,-1.0609369747899162,-0.01726870469156063,2.3823529411764697,0.5428018290528622,3,0.6427852505781418,51.61844984779801,0.23255714655320012,0.5428018290528622,21.16238898525258,0.12601965142334157,1.2577130792682396,0.5819518248094955,True,True,0.0923963849594367,True,True,swing_low,swing_high,limit,A,XLV,off,63.6,2025-02-03,155,-391.3796499999993
2025-02-10 10:00:00,556.59,540.46,604.75,623.09,2025-02-10 15:54:00,lrc_break,1605,1,-0.4800368877867363,-0.013911487809698439,2.985740855548666,0.7430457247796421,2,1.1584857652784204,27.852371588130165,0.25982144990410555,0.7430457247796421,26.44511311926875,-0.09767824552394838,1.2858344360069534,0.2785517657672912,True,True,-0.012759748524248105,True,True,AVWAP,LRC_upper,limit,TMO,XLV,off,57.7,2025-02-07,40,-309.7198000000022
2025-02-11 10:00:00,42.54,41.43,44.77,46.36,2025-02-20 15:54:00,stop,1612,6,-1.0378243243243244,-0.02708004231311705,2.009009009009014,0.5827323211003975,3,0.6907276960934243,52.46312722769767,0.25082960233997575,0.5827323211003975,21.17958035123874,0.13224583317039879,1.268232864193659,0.9210115028158912,True,True,0.10370329298998038,True,True,POC,swing_high,limit,FLEX,XLK,off,63.0,2025-02-10,526,-605.9441099999997
2025-02-12 10:00:00,17.6,16.78,19.24,28.76,2025-02-20 15:54:00,stop,1611,5,-1.0209634146341464,-0.04756761363636365,1.9999999999999956,0.7788481455547388,3,1.284511579832395,52.68368734757393,0.5427852563565935,0.7788481455547388,29.952236690713146,0.17030696568090778,1.310203574646718,0.8762017263876374,True,True,0.16302357262100498,True,True,swing_low,LRC_upper,limit,TRIP,XLF,off,71.9,2025-02-11,2,-1.6743800000000006
2025-02-14 10:00:00,77.51,76.06,82.17,83.73,2025-02-14 15:54:00,stop,1609,0,-1.052955172413793,-0.019697909947103635,3.213793103448267,0.2438689976328586,3,0.7748105785735542,51.93719061488638,0.16427564306575168,0.2438689976328586,22.69426889957964,0.10937816618304069,1.0566427812285308,0.5038739008790099,True,True,0.14697418220201675,True,True,AVWAP,swing_high,limit,HSIC,XLV,off,61.3,2025-02-13,310,-473.30335000000093
2025-02-18 10:00:00,75.12,73.63,80.74,82.85,2025-02-21 15:54:00,stop,1612,3,-1.04991610738255,-0.0208250133120342,3.771812080536883,0.8427750942433148,3,0.5772275561926414,46.15127865251157,0.4897255468703533,0.8427750942433148,35.56157931645284,0.04851367819650324,1.2997430014236842,0.7249992803145272,True,True,0.4725075890780883,True,True,POC,LRC_upper,limit,ALK,XLF,off,79.2,2025-02-14,317,-495.90687500000286
2025-02-19 10:00:00,80.01,79.83,80.4,80.61,2025-03-14 15:54:00,lrc_break,1627,18,2.2763611111109965,0.0051211723534557545,2.166666666666588,0.9147376268200664,2,0.7430084191430281,47.524863631525186,0.04851348901848869,0.9147376268200664,49.91069422639616,0.04813223907501754,1.0862806787847317,-0.2613580632768234,True,True,0.008238418393104574,True,True,VAH,LRC_upper,limit,K,XLV,off,65.0,2025-02-18,191,78.26129499999902
2025-02-21 10:00:00,104.84,94.56,125.41,137.12,2025-02-24 15:54:00,stop,1104,1,-1.0096984435797667,-0.09900515070583747,2.0009727626459135,0.5508706123775342,3,1.3986073194147883,51.46691321471775,0.8224766468393263,0.5508706123775342,40.615307745558056,0.2639328903038074,1.1105730090054324,0.8282327856904653,True,True,0.5750696748749495,True,True,VAL,52w_high,limit,PLTR,XLK,off,67.6,2025-02-20,116,-1204.0452
2025-02-21 10:00:00,500.31,488.27,524.4,540.51,2025-02-27 15:54:00,stop,1617,4,-1.0410539867109634,-0.02505304711079135,2.0008305647840476,0.3590826227202622,3,1.2064838561729803,61.721354245800995,0.140706878751887,0.3590826227202622,17.209561482539204,0.29857469878492804,1.188571432317591,0.7438654412939844,True,True,0.05558680316658493,True,True,swing_low,52w_high,limit,MCO,XLF,off,55.0,2025-02-20,19,-238.1515100000004
2025-02-24 10:00:00,53.7,51.3,58.5,61.85,2025-02-24 15:54:00,lrc_break,1614,1,-0.22643958333333364,-0.010120204841713259,1.999999999999994,0.8612915001921275,3,1.2190590601226103,3.435096852793936,0.5882912902724865,0.8612915001921275,30.34684427891645,0.21865779438036698,1.2243555749417137,0.46337216388437685,True,True,0.19459893201330636,True,True,AVWAP,swing_high,limit,IBKR,XLF,off,76.1,2025-02-21,435,-236.40292500000086
2025-02-24 10:00:00,52.24,47.13,65.03,69.5,2025-02-24 15:54:00,lrc_break,896,1,-0.4620518590998048,-0.045196879785604945,2.50293542074364,0.8336581155287481,2,1.3466855676621745,-6.137213966318637,0.8357562934143926,0.8336581155287481,24.975512201010808,-0.025921711093201447,1.5205382438987607,0.7850918445819564,True,True,0.46857027328632683,True,True,swing_low,LRC_upper,limit,HOOD,XLF,off,74.6,2025-02-21,229,-540.6884650000005
2025-02-25 10:00:00,121.31,119.07,128.78,130.93,2025-02-26 15:54:00,lrc_break,1616,2,-0.44235491071428595,-0.008168122990685058,3.3348214285714146,0.9237890964817079,3,0.8709925546441778,-3.355802679973426,0.3524321277380758,0.9237890964817079,20.651471409836407,0.06418747417116935,1.9981513115750398,0.7158981435287339,True,True,0.11885286661767802,True,True,VAL,LRC_upper,limit,GL,XLF,off,82.8,2025-02-24,189,-187.27537500000085
2025-02-25 10:00:00,289.13,279.7,308.0,330.03,2025-03-03 15:54:00,lrc_break,1619,5,-0.558498409331921,-0.018215474008231654,2.0010604453870617,0.7621718589770919,3,1.3556285116228,15.00295180406615,0.4356534998703628,0.7621718589770919,26.43063223495507,0.26008442573676793,1.8994483704426957,0.6033485156658729,True,True,0.2166931980880249,True,True,AVWAP,swing_high,limit,FFIV,XLK,off,72.0,2025-02-24,79,-416.06456000000145
2025-02-25 10:00:00,157.68,154.24,164.56,171.11,2025-02-25 15:54:00,lrc_break,1615,1,-0.18530232558140078,-0.004042617960426295,2.0,0.7986999434928365,2,0.8532804778388259,-17.463847613366536,0.42080298628358415,0.7986999434928365,20.718309064223444,-0.03835139014917088,1.6768187153777048,0.6016486921244459,True,True,0.24104667470024732,True,True,swing_low,POC,limit,JBL,XLK,off,67.1,2025-02-24,48,-30.597120000000874
2025-02-26 10:00:00,21.5,20.66,23.18,24.08,2025-03-04 15:54:00,stop,1619,4,-1.025095238095238,-0.040050232558139526,2.0,0.5434732430286834,3,1.4883375296696741,60.98980662656971,0.37135806365842616,0.5434732430286834,29.49131523754841,0.03313227550780764,2.0984546517073697,0.8392001393183783,True,True,0.17381549796859197,True,True,VAL,LRC_upper,limit,MAT,XLF,off,67.1,2025-02-25,1064,-916.1891199999999
2025-02-26 10:00:00,500.84,492.92,519.64,540.8,2025-03-04 15:54:00,stop,1620,4,-1.0627373737373742,-0.01680552671511852,2.3737373737373875,0.5137220663707641,2,0.8547526279604384,30.519202306440807,0.20218275496362575,0.5137220663707641,21.40807904153523,0.06302878076372462,1.424082306020617,-0.8580752541622441,True,True,0.0627155014460905,True,True,swing_low,swing_high,limit,TDY,XLK,off,58.2,2025-02-25,37,-311.42455999999845
2025-02-27 10:00:00,100.82,99.11,104.25,106.94,2025-02-27 15:54:00,lrc_break,1617,1,-0.07064912280701548,-0.0011982741519539382,2.0058479532163855,0.8585427900178855,3,0.8153266562584955,-18.46390428502088,0.37970570657581326,0.8585427900178855,30.181680330712606,0.13555728271589837,1.766619591602215,0.18454171062777475,True,True,0.1253018865984381,True,True,AVWAP,swing_high,limit,BSX,XLV,off,72.1,2025-02-26,226,-27.3030599999991
2025-02-28 10:00:00,350.7,343.94,366.97,374.74,2025-03-06 15:54:00,stop,1622,4,-1.332303254437867,-0.025681123467350922,2.4068047337278196,0.8193848967330882,3,1.3402534477782757,46.42576293691319,0.29791947859251955,0.8193848967330882,46.308097867434874,0.20354655265915836,1.6429039551916573,0.7153533473844074,True,True,0.19648137194145798,True,True,POC,LRC_upper,limit,V,XLF,off,76.8,2025-02-27,64,-576.407679999998
2025-02-28 10:00:00,75.8,73.94,79.52,81.79,2025-03-03 15:54:00,stop,1619,1,-1.040252688172043,-0.025525989445910283,2.0,0.7311567501707518,3,0.9546901804899525,1.2737784317278955,0.36460749000936726,0.7311567501707518,22.652293447401128,0.14262755187575918,1.526497225640131,0.11483790649669286,True,True,0.18335152135003785,True,True,AVWAP,swing_high,limit,C,XLF,off,72.2,2025-02-27,126,-243.79361999999992
2025-03-04 10:00:00,239.23,236.18,252.26,271.92,2025-03-07 15:54:00,stop,1623,3,-1.0779360655737709,-0.01374286251724275,4.272131147541008,0.7199065053086596,3,0.5644270745038933,15.537934076917445,0.4062890701517617,0.7199065053086596,29.00612649122952,0.16087255531886935,1.0268871737925995,0.26385815448191446,True,True,0.16600673596420878,True,True,AVWAP,POC,limit,IBM,XLK,off,75.2,2025-03-03,94,-309.0442699999984
2025-03-04 10:00:00,124.72,122.19,129.78,134.61,2025-03-06 15:54:00,stop,1622,2,-1.048796442687747,-0.021275296664528553,2.0,0.8918742470682092,3,0.917727605518274,61.13765425937076,0.3173257675306128,0.8918742470682092,21.044094169683714,0.13156328607577406,2.2113278208476363,0.8472258114066378,True,True,0.22520436467018956,True,True,VAH,52w_high,limit,GL,XLF,off,73.9,2025-03-03,74,-196.3556700000001
2025-03-06 10:00:00,81.14,80.06,84.91,86.63,2025-03-07 15:54:00,stop,1623,1,-1.0746296296296298,-0.01430367266453042,3.4907407407407427,0.869300085850801,3,0.604666108094247,37.18439076767381,0.2700968019573934,0.869300085850801,19.597111153537558,0.1864026993564502,1.4761634505861205,0.8277989776461749,True,True,0.0744985538869245,True,True,POC,LRC_upper,limit,PFG,XLF,off,73.2,2025-03-05,276,-320.3255999999995
2025-03-06 10:00:00,157.58,155.0,162.75,166.69,2025-03-12 15:54:00,lrc_break,1626,5,-0.3787480620155104,-0.006201104201040878,2.0038759689922334,0.8817458683313653,3,0.9498684924091967,63.62141694583979,0.3148078570003431,0.8817458683313653,41.368131481826694,0.2750519018872652,1.6255855281480012,0.9403271126634136,True,True,0.14437968771114296,True,True,swing_low,LRC_upper,limit,JNJ,XLV,off,73.0,2025-03-05,113,-110.42021000000244
2025-03-06 10:00:00,26.56,26.24,28.95,29.77,2025-03-12 15:54:00,stop,1626,4,-1.0824999999999998,-0.013042168674698805,7.468749999999996,0.02296494071725461,2,0.517141495550777,58.968411067941815,0.011111584688924068,0.02296494071725461,15.28779446219492,0.10695880949391497,1.3795004740043593,-0.6106788098633584,True,False,-0.043754110484075515,True,True,swing_low,swing_high,limit,GEN,XLK,off,44.5,2025-03-05,1,-0.3464000000000003
2025-05-13 10:00:00,69.55,67.46,73.73,75.96,2025-06-10 15:54:00,lrc_break,1688,20,-0.1480526315789447,-0.004449029475197626,2.0,0.8093224156916723,3,1.2682598822797333,33.76799128095197,0.3243165227430819,0.8093224156916723,28.838417844109316,0.2273822550191896,1.55183370349858,0.9267863411000035,True,True,0.24807615801020022,True,True,POC,swing_high,limit,WRB,XLF,off,76.1,2025-05-12,317,-98.08930999999838
2025-05-13 10:00:00,682.34,661.53,723.96,745.76,2025-05-13 15:54:00,lrc_break,1669,1,0.02724819798173947,0.0008310153296010786,1.9999999999999944,0.7771795422568301,3,1.0242120761043267,-5.715888742258286,0.19759397471173198,0.7771795422568301,14.795332509771992,0.17014946634937642,1.3464037767962613,0.6890980684655353,True,True,0.19770726053454135,True,True,swing_low,swing_high,limit,MCK,XLV,off,75.2,2025-05-12,32,18.14512
2025-05-13 10:00:00,257.43,249.54,273.23,281.65,2025-06-06 15:54:00,trail,1686,17,0.21004863071215607,0.0064378032720309,2.0025348542458787,0.5306729795892542,3,1.320551564448838,29.659101593245712,0.16045836493217583,0.5306729795892542,21.91408096853082,0.19118282811833398,1.0827038655994006,0.886745627656155,True,True,0.18026388665424653,True,True,AVWAP,52w_high,limit,CME,XLF,off,67.0,2025-05-12,85,140.86911418710773
2025-05-13 10:00:00,10.93,10.48,11.84,13.26,2025-05-16 15:54:00,stop,1671,3,-1.023788888888889,-0.04215050320219573,2.0222222222222257,0.6881180815439336,2,0.9123122782411087,52.571485006452,0.4330716207762346,0.6881180815439336,29.592846799699295,0.1505518555517023,0.997985474612869,0.4097322961958832,True,True,0.3978801325272572,True,True,VAL,LRC_upper,limit,GT,XLF,off,65.6,2025-05-12,2018,-929.7026899999986
2025-05-13 10:00:00,147.46,144.52,157.94,167.08,2025-05-29 15:54:00,stop,1679,11,-1.049656462585034,-0.020927641394276397,3.564625850340135,0.5526940527163665,2,0.7248613703158557,40.4655215059721,0.20369143585510363,0.5526940527163665,22.686255456658802,-0.012074543711178972,2.0542711327322003,0.8679070662333465,True,True,0.18828547446902255,True,True,swing_low,LRC_upper,limit,EA,XLK,off,63.4,2025-05-12,149,-459.8125099999997
2025-05-13 10:00:00,322.03,315.98,350.84,365.23,2025-05-13 15:54:00,stop,1668,0,-1.0527280991735541,-0.019777675992919776,4.761983471074417,0.04875729110470804,2,0.5086688833815043,49.561114899390155,0.054906905677466214,0.04875729110470804,16.660926934439072,0.051479638446882456,1.1299269329316886,-0.06694152065512395,True,True,0.2012969227364283,True,True,AVWAP,LRC_upper,limit,MOH,XLV,off,47.2,2025-05-12,1,-6.369004999999954
2025-05-13 10:00:00,102.36,100.07,106.94,109.74,2025-06-09 15:54:00,stop,1687,18,-1.0441986899563316,-0.023360834310277512,1.9999999999999938,0.02067887566343769,3,0.908186533234714,65.69116047658923,0.04117663404790634,0.02067887566343769,23.023315301630596,0.010361725870456005,1.195916675546123,0.8981830020691548,True,True,0.017270698954622965,True,True,swing_low,swing_high,limit,BSX,XLV,off,44.2,2025-05-12,1,-2.391215000000006
2025-05-14 10:00:00,109.8,105.62,118.16,122.59,2025-05-15 15:54:00,stop,1490,1,-1.025767942583732,-0.039050182149362414,2.0000000000000036,0.6021042731440244,3,0.8707686084220231,64.34310941215409,0.4541010665172519,0.6021042731440244,17.081353768797225,0.17197917316934042,1.0206199887601721,0.6302670253008643,True,True,0.061354387364590535,True,True,POC,LRC_upper,limit,CRWD,XLK,off,64.7,2025-05-13,202,-866.1174199999986
2025-05-16 10:00:00,36.01,35.47,37.11,38.52,2025-05-23 15:54:00,stop,1676,5,-1.1772407407407453,-0.01765370730352684,2.037037037037043,0.012321036732746279,3,1.1796607592872956,64.44930303238436,0.016402975328743134,0.012321036732746279,18.293294409704398,0.2511678829753913,1.0532618756396979,0.7947770658686762,True,True,0.04586794294694574,True,True,VAL,LRC_upper,limit,JNPR,XLK,off,46.6,2025-05-15,593,-376.97603000000083
2025-05-19 10:00:00,108.11,105.71,119.71,123.82,2025-07-10 15:54:00,lrc_break,1527,36,5.64793958333332,0.12538206456387013,4.83333333333332,0.7176371915683244,3,0.5388830315503398,51.072930084189075,0.5093891802156848,0.7176371915683244,16.753296954763663,0.23430454410308024,1.1307741010757524,0.4480792983360964,True,True,0.0035999362651222278,True,True,POC,LRC_upper,limit,CRWD,XLK,off,68.2,2025-05-16,195,2643.235725000001
2025-05-19 10:00:00,30.86,29.89,32.81,34.02,2025-05-21 15:54:00,stop,1674,2,-1.0313144329896908,-0.03241655865197663,2.0103092783505208,0.053492000934554994,3,0.9003490449492697,71.91056700503304,0.13815714460264375,0.053492000934554994,25.923109661621094,0.2784764958951393,1.6981373251112981,0.8617044846039649,True,True,0.06569368085100513,True,True,VAH,swing_high,limit,FTI,XLF,off,46.9,2025-05-16,2,-2.000749999999998
2025-06-09 10:00:00,523.4,515.34,578.47,588.04,2025-06-09 15:54:00,stop,1687,0,-1.0644379652605465,-0.01639161253343513,6.832506203473998,0.8456908033156528,3,0.7202646838542917,32.310239915284974,0.5955244773518912,0.8456908033156528,43.14265116542964,0.37286337052662677,1.1433693216826935,0.04107694029858098,True,True,0.20151507648419953,True,True,VAH,LRC_upper,limit,IDXX,XLV,off,85.4,2025-06-06,42,-360.3335399999977
2025-06-09 10:00:00,465.1,455.9,501.4,511.28,2025-07-22 15:54:00,lrc_break,1716,30,3.7757923913043263,0.07468778757256497,3.945652173913019,0.8466918624600833,3,1.2704544510464473,40.37982185476064,0.5157837944531639,0.8466918624600833,40.974563924409466,0.2799834118154983,1.3809786326622218,0.9145223051522235,True,True,0.17962630839117955,True,True,VAH,LRC_upper,limit,MSFT,XLK,off,83.2,2025-06-06,47,1632.6526299999987
2025-06-09 10:00:00,262.68,256.99,284.22,290.03,2025-06-09 15:54:00,stop,1686,0,-1.0456652021089632,-0.022650506319476158,3.785588752196842,0.8113547118656206,3,0.8873576776808677,42.703783985884165,0.5058932064481323,0.8113547118656206,27.654616063983134,0.39040546964827816,1.3327561987184027,0.590886037959482,True,True,0.23202466147776768,True,True,VAH,LRC_upper,limit,PAYC,XLK,off,83.1,2025-06-06,78,-464.08712999999983
2025-06-09 10:00:00,24.04,23.52,30.03,33.94,2025-08-01 15:54:00,lrc_break,1723,38,1.1262596153846154,0.024361688851913456,11.519230769230782,0.5826140997563964,3,0.808729395726397,56.866939809820025,1.2264958358981726,0.5826140997563964,54.71246010935479,0.3709610924573818,1.2964591016844231,0.5863466487192456,True,True,0.26945701206809836,True,True,swing_low,LRC_upper,limit,FL,XLF,off,77.5,2025-06-06,10,5.856549999999995
2025-06-10 10:00:00,752.87,739.75,795.53,810.65,2025-07-10 15:54:00,stop,1708,20,-1.0568833841463414,-0.018417934039077138,3.251524390243899,0.822806023235112,3,0.900992555825361,62.79725593767485,0.5507352481240666,0.822806023235112,48.741654819523696,0.1459672850846094,1.3745638966079388,0.9104207907661779,True,True,0.26551514974335255,True,True,VAH,LRC_upper,limit,INTU,XLK,off,79.8,2025-06-09,28,-388.25668000000013
2025-06-10 10:00:00,72.36,69.64,77.8,81.56,2025-07-31 15:54:00,lrc_break,1005,36,11.250843750000003,0.4229172885572139,2.0,0.9160778729261453,3,0.7299488502238803,60.48670975344748,1.0781273772949875,0.9160778729261453,39.61465618959503,0.1653311579118744,1.4221047480110824,0.8037260700681156,True,True,0.9739895352683643,True,True,VAH,52w_high,limit,HOOD,XLF,off,76.9,2025-06-09,285,8721.654075
2025-06-11 10:00:00,33.6,32.61,36.24,37.01,2025-06-13 15:54:00,stop,1690,2,-1.2757424242424258,-0.0375888392857144,2.666666666666662,0.7800796643296104,3,1.2974510418238534,45.785316077372315,0.5125316272905948,0.7800796643296104,32.94102540163508,0.1415774907584941,1.4936921932336644,0.5781427031839219,True,True,0.09471215054345183,True,True,VAH,LRC_upper,limit,BWA,XLF,off,78.4,2025-06-10,647,-817.1512950000025
2025-06-11 10:00:00,75.36,74.26,77.58,82.1,2025-06-17 15:54:00,stop,1693,4,-1.0680090909090914,-0.015589304670912876,2.0181818181818274,0.6814465057223759,3,0.6970278615856863,10.08603320184358,0.22599803181354786,0.6814465057223759,19.266964077621047,0.24183640033373793,1.390382373588098,0.7362577673073812,True,True,0.042483896459724724,True,True,AVWAP,POC,limit,EW,XLV,off,63.8,2025-06-10,3,-3.524429999999983
2025-06-13 10:00:00,11.34,11.28,11.59,11.85,2025-06-20 15:54:00,stop,1694,4,-1.1884999999999986,-0.006288359788359833,4.166666666666632,0.6974818715061247,3,0.6157485501779643,48.289497287672305,0.10408806608198137,0.6974818715061247,25.81136515981048,0.03157466631040314,1.3520321328767746,0.8806287955460115,True,True,-0.06089068022152555,True,True,VAH,LRC_upper,limit,WBA,XLV,off,66.4,2025-06-12,2,-0.142620000000001
2025-06-16 10:00:00,288.56,283.18,299.32,305.85,2025-07-28 15:54:00,stop,1720,28,-1.0531356877323421,-0.01963498059329081,2.0,0.2815560101764923,3,0.9734481934626239,65.33966318663008,0.07637544143982429,0.2815560101764923,15.31088558743494,0.09729737569629342,1.1563095709652662,0.8796227674041739,True,True,0.07482135304788162,True,True,swing_low,LRC_upper,limit,COR,XLV,off,51.7,2025-06-12,72,-407.9426399999997
2025-06-18 10:00:00,32.34,31.86,33.77,36.33,2025-06-23 15:54:00,stop,1695,2,-1.0668749999999996,-0.0158348794063081,2.979166666666641,0.8567634484316692,2,0.6690727967043987,15.256538557474258,0.5438981421068554,0.8567634484316692,32.52252743104129,-0.015837970353675946,1.28737394821395,0.01431755970427249,True,True,0.1446128788180545,True,True,VAL,swing_high,limit,BWA,XLF,off,65.6,2025-06-16,11,-5.633100000000044
2025-06-24 10:00:00,11.36,11.25,11.59,11.85,2025-08-19 15:54:00,time,1735,40,6.438909090909131,0.06234859154929584,2.0909090909091055,0.8104491330471069,3,1.210542679480771,25.509714917943604,0.10282430763941935,0.8104491330471069,27.76948367121887,0.009874510076239669,1.5995996506200696,0.8323473187742925,True,True,-0.010537888711801613,True,True,POC,LRC_upper,limit,WBA,XLV,off,70.2,2025-06-23,34,24.081520000000022
2025-06-25 10:00:00,4.29,4.1,4.74,5.14,2025-08-01 15:54:00,stop,1723,26,-1.4429210526315785,-0.06390559440559451,2.368421052631575,0.42654494907733037,2,0.8010018760783296,51.99895721912192,0.37776724496020797,0.42654494907733037,37.07439997621187,-0.015422812664657125,1.1429958828013502,0.1609418505238192,True,False,-0.14341735323880844,True,True,VAH,swing_high,limit,LUMN,XLF,off,46.5,2025-06-24,2,-0.548310000000001
2025-07-11 10:00:00,48.77,47.54,51.36,52.64,2025-07-23 15:54:00,trail,1717,8,-0.008217659646813995,-0.0002072528473565972,2.105691056910559,0.956227853665005,3,1.3710752420298546,6.52507689251496,0.4401345681153324,0.956227853665005,39.01652410391275,0.12985508418331002,2.0259031798440756,0.8800313609139925,True,True,0.28404157435193444,True,True,swing_low,LRC_upper,limit,APH,XLK,off,81.1,2025-07-10,482,-4.871921698210155
2025-07-11 10:00:00,66.7,64.84,71.76,84.67,2025-07-14 15:54:00,stop,1709,1,-1.0353602150537635,-0.028872113943028476,2.7204301075268837,0.7497292225162258,2,1.2915228280633637,42.95854976073084,0.38251736287516275,0.7497292225162258,45.42533921002948,0.06281505098355455,1.412434199684187,-0.2332253437043964,True,True,-0.10432881135796568,True,True,VAH,LRC_upper,limit,HOLX,XLV,off,58.6,2025-07-10,313,-602.7660099999998
2025-07-15 10:00:00,147.47,142.39,157.63,163.1,2025-07-17 15:54:00,lrc_break,1713,3,-0.412695866141729,-0.01421641689835213,1.9999999999999944,0.9681916896972652,3,1.3091085198488548,23.425741078163558,0.8060130839016272,0.9681916896972652,57.804458906501736,0.1282449848434863,2.0116256203874734,0.8259655062322689,True,True,0.7844891801954881,True,True,POC,LRC_upper,limit,STX,XLK,off,80.8,2025-07-14,137,-287.21981499999845
2025-07-18 10:00:00,26.62,24.17,34.04,37.38,2025-07-22 15:54:00,stop,1715,2,-1.010365306122449,-0.09299004507888803,3.028571428571429,0.6100468475941315,3,0.8899957419478262,59.831893884494626,1.598165863162007,0.6100468475941315,45.753036374026145,0.06301959557193473,4.04173634750115,0.6445372762288414,True,True,1.3818609561819293,True,True,POC,LRC_upper,limit,NKTR,XLV,off,74.4,2025-07-17,489,-1210.4681549999996
2025-07-23 10:00:00,285.92,277.32,321.63,329.51,2025-08-07 15:54:00,stop,1728,11,-1.0327465116279069,-0.03106330442081709,4.152325581395336,0.5273515178879823,2,1.2717569698904228,31.8478910193246,0.3316872134942172,0.5273515178879823,15.64004723305379,0.0037513722580634046,1.0600802247492311,-0.7679231773640764,True,True,0.10876823641405786,True,True,VAL,LRC_upper,limit,VEEV,XLV,off,65.7,2025-07-22,82,-728.2928400000019
2025-07-23 10:00:00,104.25,102.27,108.21,114.82,2025-07-30 15:54:00,stop,1722,5,-1.052151515151515,-0.019983309352518026,1.999999999999993,0.07638638678512641,3,0.6424897556950123,56.90744098321851,0.037734387803854914,0.07638638678512641,8.38977479722557,0.06137889302827079,1.0037983696578108,0.7155116962885909,True,True,-0.07677987806092279,True,True,AVWAP,LRC_upper,limit,FTNT,XLK,off,41.9,2025-07-22,180,-374.9868000000007
2025-07-24 10:00:00,150.98,147.8,162.02,165.73,2025-07-25 15:54:00,stop,1719,1,-1.046977987421384,-0.022051861173665244,3.471698113207577,0.944306777487162,3,0.8056028663488236,28.35306078048238,0.6765274835662872,0.944306777487162,48.69497260852856,0.12037038664007761,1.8147757160892848,0.14269675288498215,True,True,0.6928562505842537,True,True,VAH,LRC_upper,limit,STX,XLK,off,84.0,2025-07-23,154,-512.7260599999967
2025-07-29 10:00:00,69.24,67.39,72.95,74.34,2025-08-06 15:54:00,trail,1727,6,2.1656872266589895,0.0578642600999295,2.005405405405416,0.969592217376531,3,1.081407640269167,9.77971147968356,0.6393499231712474,0.969592217376531,43.96588360020035,0.12313093630943198,2.2914812467728423,0.8582077343131059,True,True,0.4711207122483596,True,True,VAH,LRC_upper,limit,WDC,XLK,off,85.4,2025-07-28,339,1358.2107441991811
2025-07-29 10:00:00,227.65,215.72,252.47,261.2,2025-08-01 15:54:00,stop,1724,3,-1.0185821458507964,-0.0533788051833956,2.0804694048616916,0.877199545367926,2,2.0204217632716883,16.928243382405476,0.6629140878132166,0.877199545367926,38.01083733900199,0.18932735079262542,2.2067118740328278,-0.8717123484794603,True,True,0.328602166931967,True,True,VAL,LRC_upper,limit,JBL,XLK,off,76.7,2025-07-28,87,-1057.1965950000006
2025-07-31 10:00:00,57.17,55.35,63.63,66.87,2025-07-31 15:54:00,lrc_break,1723,1,-0.47624450549450664,-0.015161185936680116,3.5494505494505493,0.8397021569967776,2,0.7540968551030468,7.303044116625941,0.6073393561659463,0.8397021569967776,28.75736530479338,0.22814819680211507,1.1735605046758881,-0.19585149726171983,True,True,0.3215490389501259,True,True,VAL,swing_high,limit,ON,XLK,off,71.2,2025-07-30,324,-280.83186000000075
2025-08-01 10:00:00,152.1,149.38,165.68,172.02,2025-08-05 15:54:00,stop,1726,2,-1.0554191176470589,-0.018874030243261005,4.992647058823536,0.9092537673100765,2,0.5348061955231729,40.99007016292263,0.5888990237075376,0.9092537673100765,38.884247797970644,0.06982682022849558,1.4115115484486687,-0.5567204090383151,True,True,0.5603617940397114,True,True,VAH,LRC_upper,limit,STX,XLK,off,71.5,2025-07-31,154,-442.0939599999998
2025-08-01 10:00:00,66.25,65.25,68.25,71.27,2025-09-04 15:54:00,stop,1746,23,-1.06575,-0.01608679245283019,2.0,0.43423683397782775,2,0.7354686716658394,47.95488083797143,0.1935791527790676,0.43423683397782775,38.298318906540004,-0.030646058290740505,1.3452907959883178,0.4734368561328034,True,True,0.03321117775618565,True,True,POC,swing_high,limit,HOLX,XLV,off,48.5,2025-07-31,354,-377.27549999999997
2025-08-04 10:00:00,58.69,56.23,64.97,68.44,2025-08-05 15:54:00,stop,1725,1,-1.0233577235772358,-0.04289418981087069,2.552845528455284,0.1764705557535567,2,0.8184361681640021,43.05426752201812,0.22710233302064917,0.1764705557535567,22.255358302952892,-0.09039339867303774,1.4924869897510422,0.8674441041458689,True,True,0.26360077890501277,True,True,AVWAP,swing_high,limit,ETSY,XLK,off,52.8,2025-08-01,336,-845.8665600000003
2025-08-05 10:00:00,23.96,23.29,25.31,25.88,2025-08-20 15:54:00,stop,1737,11,-1.0352611940298506,-0.028949290484140303,2.01492537313432,0.8132994595153193,2,1.215930584746087,37.72310900922566,0.34836278955285926,0.8132994595153193,29.597852083898985,0.04470171103094694,1.0852410960424792,-0.41876023229497245,True,True,0.1679053932718375,True,True,POC,LRC_upper,limit,BEN,XLF,off,71.1,2025-08-04,1,-0.6936250000000017
2025-08-06 10:00:00,253.91,247.31,279.26,284.7,2025-08-07 15:54:00,stop,1728,1,-1.0379712121212121,-0.026980465519278463,3.8409090909090935,0.9207688800899885,3,0.9431579856296548,23.260649592331102,0.7787043553879338,0.9207688800899885,48.10949647173697,0.14563468281754946,2.2783262984929524,0.8266065317805295,True,True,0.5799051034759624,True,True,VAH,LRC_upper,limit,ORCL,XLK,off,87.6,2025-08-05,90,-616.5548999999996
2025-08-06 10:00:00,74.63,72.27,80.86,88.5,2025-08-06 15:54:00,stop,1726,0,-1.031122881355932,-0.032606860511858494,2.639830508474579,0.8255758948146551,3,0.8033628410185749,7.629098609554741,0.327941837900336,0.8255758948146551,20.12960081682895,0.06970064809877691,1.1350609263743177,0.729827063986468,True,True,0.08825777045372618,True,True,VAL,LRC_upper,limit,IPGP,XLK,off,75.4,2025-08-05,254,-618.0962999999998
2025-08-06 10:00:00,16.3,15.92,17.06,19.42,2025-08-07 15:54:00,stop,1727,1,-1.0423947368421052,-0.02430122699386508,1.9999999999999907,0.5512559015715164,3,0.7411573966584885,51.448830636264944,0.17687616255673147,0.5512559015715164,14.894506221325086,0.09779437467186475,1.2904391778053608,0.6608904096217156,True,True,0.06243873152063162,True,True,swing_low,swing_high,limit,MAC,XLF,off,61.6,2025-08-05,3,-1.1883300000000023
2025-08-07 10:00:00,89.92,87.74,94.28,98.12,2025-08-07 15:54:00,lrc_break,1728,1,-0.3071697247706405,-0.00744695284697507,1.9999999999999936,0.918173419954703,3,1.0795999696682401,2.099170906977685,0.4911868819430153,0.918173419954703,41.72359664498911,0.2862886567745246,1.833608389517322,0.40107740445198703,True,True,0.21953238532279196,True,True,VAL,swing_high,limit,C,XLF,off,78.3,2025-08-06,252,-168.74675999999957
2025-08-07 10:00:00,83.28,81.71,86.42,88.84,2025-08-07 15:54:00,lrc_break,1728,1,-0.5368789808917205,-0.010121277617675372,1.999999999999991,0.9195282610339992,3,0.7595306008466473,25.784442673220227,0.39104576346539494,0.9195282610339992,34.141032888249626,0.17491604449446466,1.7124360605151177,0.6574368765010122,True,True,0.21255609220549632,True,True,POC,swing_high,limit,TRMB,XLK,off,76.1,2025-08-06,246,-207.35340000000124
2025-08-08 10:00:00,75.23,72.3,81.09,88.5,2025-10-03 15:54:00,time,1767,40,3.191145051194529,0.1242862554831848,1.9999999999999951,0.7684097482828203,3,0.9815425092323655,14.840123371033268,0.30603322926855187,0.7684097482828203,19.57689403221729,0.031024376894515864,1.1590890757468044,0.4554044467972035,True,True,0.19185656045576382,True,True,VAL,swing_high,limit,IPGP,XLK,off,77.6,2025-08-07,298,2786.3163899999977
2025-08-08 10:00:00,65.11,63.22,68.89,70.5,2025-10-03 15:54:00,time,1767,40,2.5462698412698384,0.073912609430195,2.0,0.8543646523482215,3,1.1079751062644023,14.973764188602507,0.4176084620795827,0.8543646523482215,24.62727399479139,0.23941950593069836,1.4924748810596062,0.7622013757827412,True,True,0.1281014693889304,True,True,swing_low,swing_high,limit,CMA,XLF,off,77.4,2025-08-07,344,1655.4827999999984
2025-08-08 10:00:00,141.55,136.39,152.56,158.03,2025-08-08 15:54:00,lrc_break,1729,1,-0.04486531007751982,-0.0016354998233839872,2.133720930232546,0.8611228264291843,2,1.2176426063748433,-8.192135633494512,0.4527887090238996,0.8611228264291843,22.367213158380682,0.029544986773004996,1.169666577846341,-0.4372198468258332,True,True,0.1312697250726096,True,True,VAL,swing_high,limit,KKR,XLF,off,71.0,2025-08-07,158,-36.57779000000054
2025-08-08 10:00:00,90.06,88.37,93.44,100.52,2025-08-15 15:54:00,stop,1734,5,-1.0527899408284025,-0.01975588496557848,2.0,0.5621675311405695,3,0.6093800114194139,25.149397405228267,0.27960272786201124,0.5621675311405695,18.06081307637972,0.173856576452256,1.616529510186321,0.1766991889586109,True,True,0.21542838421763455,True,True,swing_low,swing_high,limit,KLAC,XLK,off,67.0,2025-08-07,228,-405.6610199999995
2025-08-08 10:00:00,59.67,57.02,64.97,68.45,2025-08-25 15:54:00,trail,1739,11,0.6060614283608187,0.026915749709337498,2.0,0.04138986101163393,2,0.9082150001852322,61.32801433448339,0.09514052234307384,0.04138986101163393,18.158230467154105,-0.18819101680471176,1.4438137613024375,0.7717615471643502,True,True,0.2160158526074749,True,True,AVWAP,swing_high,limit,ETSY,XLK,off,44.4,2025-08-07,1,1.6060627851561684
2025-08-11 10:00:00,74.08,72.38,82.18,85.55,2025-08-20 15:54:00,stop,1737,7,-1.0430764705882352,-0.023936690064794854,4.7647058823529385,0.7895632662928493,3,0.7083674407169054,37.65137871855921,0.4756081032644299,0.7895632662928493,25.199200715529535,0.1973542066537138,2.6216031144035554,0.802491402377643,True,True,0.47949258155747976,True,True,swing_low,swing_high,limit,XYZ,XLF,off,73.1,2025-08-07,301,-533.7422300000009
2025-08-18 10:00:00,243.39,237.37,256.41,281.54,2025-08-19 15:54:00,stop,1736,1,-1.0399302325581397,-0.025721599079666306,2.1627906976744318,0.8264659846325573,3,0.8049090911523681,7.946627628055525,0.5659372374030494,0.8264659846325573,37.94132074159321,0.04877106677240111,2.2690994542296465,0.972480049739375,True,True,0.480794145932701,True,True,swing_low,swing_high,limit,ORCL,XLK,off,74.9,2025-08-15,82,-513.3511599999985
2025-08-20 10:00:00,54.28,53.15,56.55,58.02,2025-08-20 15:54:00,stop,1737,0,-1.0475353982300883,-0.02180757184966843,2.0088495575221157,0.960383428284978,3,0.8318238630410589,18.934922633776054,0.36685139057730165,0.960383428284978,18.786229285549073,0.05882242023158621,1.4024547889818935,0.5826374971604679,True,True,0.21470205125454633,True,True,POC,LRC_upper,limit,APH,XLK,off,78.7,2025-08-19,369,-436.7908350000009
2025-08-21 10:00:00,1309.38,1290.31,1521.01,1547.58,2025-08-21 15:54:00,stop,1738,0,-1.068161772417409,-0.015556862790022883,11.097535395909704,0.688429051961743,3,0.5989453927449366,73.42019739341636,0.2162210125819903,0.688429051961743,16.691693544803357,0.14837255242690586,1.1492119735928494,0.06166843093878448,True,True,0.05677839159943998,True,True,VAH,52w_high,limit,MTD,XLV,off,75.3,2025-08-20,16,-325.9175200000026
2025-08-21 10:00:00,99.68,98.51,102.44,106.24,2025-10-10 15:54:00,lrc_break,1772,36,2.887675213675201,0.03389426163723906,2.358974358974348,0.9100012561158036,3,0.6546019831930626,-2.5240179150825925,0.3298624413656961,0.9100012561158036,31.312606799250457,0.04933911076667027,1.5293218200055219,0.18948875564341314,True,True,0.07518361312461308,True,True,VAL,swing_high,limit,BK,XLF,off,74.4,2025-08-20,205,692.6088999999979
2025-08-21 10:00:00,12.71,12.3,13.76,19.1,2025-09-16 15:54:00,stop,1754,17,-1.0305,-0.03324193548387098,2.560975609756094,0.44346216804126337,3,0.929408836562831,57.68085939426187,0.2765102090255067,0.44346216804126337,22.830274624577367,0.09009881066206146,1.39365647987835,0.7308998025130901,True,True,0.04569842981660499,True,True,VAH,LRC_upper,limit,AAL,XLF,off,59.7,2025-08-20,3,-1.2675150000000006
2025-08-22 10:00:00,172.19,169.36,183.44,195.66,2025-08-22 15:54:00,lrc_break,1739,1,1.8322014134275768,0.03011284046692615,3.975265017667867,0.8900423643225434,2,0.6375272843471047,-21.059630475974505,0.45965457749571104,0.8900423643225434,36.723647600595534,0.12947001675308545,1.37383504470253,-0.33722361459177275,True,True,0.23527675558531125,True,True,swing_low,swing_high,limit,NVDA,XLK,off,71.4,2025-08-21,119,617.0304700000016
2025-08-25 10:00:00,76.74,74.9,82.07,83.91,2025-09-26 15:54:00,trail,1763,23,15.751246169158712,0.3776686597765424,2.8967391304347987,0.9170240680059225,3,0.864332619620008,26.425803790289358,0.5321448186459481,0.9170240680059225,37.21390236292762,0.3310501758678883,2.017032845862068,0.7126225641319662,True,True,0.4055845265951825,True,True,POC,LRC_upper,limit,WDC,XLK,off,83.3,2025-08-22,276,7999.112854545514
2025-08-26 10:00:00,54.53,53.21,57.18,58.46,2025-08-29 15:54:00,lrc_break,1744,4,-0.39719318181818086,-0.009614799193104692,2.007575757575756,0.9398960861366472,2,0.9609322415030228,4.795507860234398,0.34751502676875023,0.9398960861366472,16.23761332078344,0.05738524592203144,1.4923846604607218,-0.009250490686923216,True,True,0.16872381779158374,True,True,POC,LRC_upper,limit,APH,XLK,off,73.2,2025-08-25,2,-1.0485899999999977
2025-08-26 10:00:00,11.94,11.86,12.2,13.25,2025-08-27 15:54:00,open_at_end,1741,2,0.3505000000000112,0.0023484087102178326,3.2499999999999947,0.8583013347065428,3,0.7000657830229647,36.983282183223324,0.12788693139342006,0.8583013347065428,45.09968687856603,0.054402658416469046,1.3941256122698438,0.8057185599868637,True,True,-0.025225102637057017,True,True,POC,LRC_upper,limit,WBA,XLV,off,70.3,2025-08-25,1,0.028040000000000922
2025-09-02 10:00:00,10.14,10.01,10.45,10.8,2025-09-04 15:54:00,stop,1206,2,-1.0774999999999995,-0.013814102564102641,2.3846153846153606,0.6290177285429848,3,0.5491118007779358,62.050979472594406,0.3627078180669788,0.6290177285429848,35.1923946794708,0.1862095308054614,1.7388752292623775,0.8762731246607681,True,True,0.1101980601343957,True,True,swing_low,swing_high,limit,VTRS,XLV,off,65.9,2025-08-29,12,-1.6809000000000094
2025-09-05 10:00:00,640.0,628.86,665.52,688.12,2025-09-12 15:54:00,stop,1753,5,-1.0569506283662478,-0.01839754687499998,2.2908438061041303,0.7133721388609022,2,0.7505515686138376,27.41405872798625,0.4814958956803105,0.7133721388609022,34.093921204462866,0.17477020830816992,1.2987814205021837,-0.6293250270394534,True,True,0.1180936955713261,True,True,swing_low,swing_high,limit,IDXX,XLV,off,64.8,2025-09-04,36,-423.8794799999995
2025-09-05 10:00:00,68.83,65.61,75.27,82.69,2025-10-30 15:54:00,time,438,40,-0.1393291925465825,-0.0065180880430044386,2.0,0.38795815062246675,3,2.0068609576388874,70.0386396384264,0.40071019350222165,0.38795815062246675,41.988283196409114,0.2096585289224838,1.966825142456883,0.9353612356279285,True,True,0.06393118291154298,True,True,VAL,LRC_upper,limit,DAY,XLK,off,57.0,2025-09-04,2,-0.897279999999991
2025-09-08 10:00:00,10.03,9.82,10.45,10.98,2025-09-11 15:54:00,stop,1211,3,-1.047261904761905,-0.021926719840478472,2.0000000000000084,0.6660853945709553,3,0.9246392106976906,46.85535340975944,0.38089096215305024,0.6660853945709553,32.80461184619748,0.1677454450613418,1.6791354447822604,0.7565467347424116,True,True,0.1445361814315118,True,True,swing_low,swing_high,limit,VTRS,XLV,off,66.6,2025-09-05,2,-0.43984999999999813
2025-09-15 10:00:00,268.17,260.46,283.6,297.28,2025-09-15 15:54:00,lrc_break,1754,1,0.39042671854733574,0.011224931946153456,2.0012970168612108,0.7792618681432688,3,0.7323541794083259,-7.307885527407423,0.5885635148346761,0.7792618681432688,44.420347334332526,0.0933063203985399,1.5051143342883766,0.9382429951903448,True,True,0.09318896167208757,True,True,AVWAP,POC,limit,HUM,XLV,off,67.9,2025-09-12,84,252.85595999999774
2025-09-16 10:00:00,640.37,631.21,665.52,688.12,2025-09-24 15:54:00,stop,1761,6,-1.0694093886462885,-0.015297078251635723,2.745633187772933,0.672805312769716,3,0.616544948987264,22.160124291086476,0.44888161691235023,0.672805312769716,25.910506524526,0.13558873407706298,1.2863435461042327,0.7134534812498293,True,True,0.12333084364347346,True,True,VAL,swing_high,limit,IDXX,XLV,off,68.6,2025-09-15,35,-342.8526499999989
2025-09-16 10:00:00,254.3,249.74,276.86,289.85,2025-09-18 15:54:00,stop,1757,2,-1.055267543859649,-0.018922611089264657,4.947368421052629,0.43206827292377176,2,0.7229392007152132,51.91350633556533,0.24715985632646842,0.43206827292377176,29.40068155709535,0.15071365288258132,0.8091600040792197,0.1522925625557647,True,True,0.05897768582512697,True,True,VAH,LRC_upper,limit,WST,XLV,off,56.8,2025-09-15,1,-4.812020000000002
2025-09-17 10:00:00,20.8,20.14,22.12,25.37,2025-09-17 15:54:00,stop,1755,0,-1.0310151515151516,-0.03271490384615385,2.0,0.7537890142126701,3,0.8494439789467867,74.91831189260114,0.5780079709851919,0.7537890142126701,36.56307151954953,0.3221409685996933,1.3641408691682813,0.8599293806916475,True,True,0.13570218898819353,True,True,POC,LRC_upper,limit,HP,XLF,off,68.8,2025-09-16,12,-8.165640000000002
2025-09-18 10:00:00,58.28,56.01,62.83,65.61,2025-09-18 15:54:00,lrc_break,1756,1,-0.41314537444933974,-0.016091969800960924,2.004405286343608,0.739926420494154,3,1.0054746057151238,0.46801211362156114,0.4093798760120495,0.739926420494154,28.66473959565807,0.0030555166483852633,1.21065203615221,0.6538753963874703,True,True,0.14349121818236754,True,True,AVWAP,POC,limit,ALK,XLF,off,71.6,2025-09-17,4,-3.7513600000000102
2025-09-19 10:00:00,43.59,42.77,45.71,46.33,2025-09-22 15:54:00,stop,1242,1,-1.0526585365853658,-0.019802248222069288,2.5853658536585327,0.8142291948795126,3,1.0322471052636841,28.731143349978822,0.26789643943291347,0.8142291948795126,21.311936483589083,0.08950603387447693,1.2040257290142746,0.16479518525642223,True,True,0.10134354393307476,True,True,POC,LRC_upper,limit,VNT,XLF,off,79.8,2025-09-18,11,-9.494980000000002
2025-09-23 10:00:00,28.09,27.11,30.06,31.94,2025-09-25 15:54:00,stop,1761,2,-1.0281632653061226,-0.03587041651833395,2.010204081632651,0.8299998488615558,3,1.071761183383918,1.0224945838097073,0.5346515239147369,0.8299998488615558,27.532206126980338,0.0011109134351048211,1.1779980090587063,0.3267009918813943,True,True,0.11954894423250173,True,True,swing_low,swing_high,limit,HOG,XLF,off,79.0,2025-09-22,17,-17.129200000000008
2025-09-25 10:00:00,324.5,312.26,351.75,373.72,2025-09-25 15:54:00,lrc_break,1762,1,-0.10163725490196202,-0.0038337134052388784,2.226307189542482,0.753755473517968,3,1.3183569241388644,-1.5202154908905883,0.397977893965803,0.753755473517968,32.16053307382859,0.1354575189824113,1.2992444194578017,0.10600458613714213,True,True,-0.005130194974820257,True,True,swing_low,swing_high,limit,PODD,XLV,off,66.2,2025-09-24,68,-84.59472000000109
2025-09-26 10:00:00,39.34,38.64,40.75,42.43,2025-10-09 15:54:00,stop,1771,9,-1.0556999999999996,-0.01878469750889687,2.0142857142857014,0.30243104724767966,2,0.6786842990733444,43.83700757497129,0.1735484326187689,0.30243104724767966,22.54634414497319,0.2856347429984071,0.8790922321000005,0.20360097304759023,True,True,0.03287579798830964,True,True,VAL,swing_high,limit,VNO,XLF,off,46.4,2025-09-25,570,-421.2243000000016
2025-09-29 10:00:00,58.73,55.25,65.69,68.94,2025-10-09 15:54:00,stop,1771,8,-1.0163764367816093,-0.06022458709347858,2.000000000000002,0.7911358355352952,3,0.9531274476497809,69.74989385821522,1.4888798974631132,0.7911358355352952,59.33409119913756,0.4323180725271376,1.8498281260934963,0.913599961189602,True,True,1.138444162166961,True,True,VAH,LRC_upper,limit,NKTR,XLV,off,77.0,2025-09-26,349,-1234.409509999999
2025-09-29 10:00:00,82.74,81.19,85.85,87.99,2025-10-28 15:54:00,trail,1785,21,2.9412375977344474,0.05509932652270227,2.0064516129032293,0.6017602928154027,3,0.8163595313322554,7.267382082924058,0.3511785294722938,0.6017602928154027,29.955681040339805,0.01079936167980026,1.4466825045031333,0.6275204784134835,True,True,0.13901078664749233,True,True,AVWAP,POC,limit,INCY,XLV,off,68.6,2025-09-26,105,478.68641903128054
2025-10-02 10:00:00,9.735,9.54,10.25,10.99,2025-10-10 15:54:00,stop,1232,6,-1.0494230769230768,-0.02102080123266567,2.64102564102564,0.13731667148761903,2,0.8189248784059594,42.983248129705466,0.15226422372083567,0.13731667148761903,20.517325497986732,-0.21000869583816945,1.4310366127578111,0.11007852431680551,True,True,0.03769302480165959,True,True,AVWAP,swing_high,limit,VTRS,XLV,off,45.6,2025-10-01,2,-0.40927500000000056
2025-10-06 10:00:00,102.39,100.71,106.22,107.7,2025-10-08 15:54:00,lrc_break,1771,3,-0.5190505952380907,-0.008516505518116965,2.2797619047618944,0.838296313031119,3,0.9300129409745399,5.088827009022063,0.18314157687029547,0.838296313031119,19.296089447855387,0.08311040460077276,1.6447771702207987,0.8733758428039389,True,True,0.09211355391722686,True,True,VAL,swing_high,limit,BNY,XLF,off,76.3,2025-10-03,242,-211.02520999999905
2025-10-07 10:00:00,236.55,229.91,249.85,257.09,2025-10-07 15:54:00,stop,1770,0,-1.0351249999999999,-0.029056140350877252,2.003012048192764,0.25327793346104094,2,0.925888283158789,55.76839329267995,0.11383994784629164,0.25327793346104094,15.268360683716637,-0.17060615152955017,1.0150857263170299,0.813308510093037,True,True,-0.06828156146608833,True,True,POC,swing_high,limit,WDAY,XLK,off,41.0,2025-10-06,103,-707.9426900000016
2025-10-08 10:00:00,223.73,208.59,260.41,275.69,2025-10-09 15:54:00,lrc_break,1772,2,-0.22273150594451652,-0.015072431055289756,2.422721268163809,0.9031166701717643,3,1.3940918197678625,12.583208060963841,0.9232065040170452,0.9031166701717643,56.00163989669031,0.0807530388642741,1.5880329335131604,0.5824332464201623,True,True,0.5082583199100583,True,True,swing_low,LRC_upper,limit,STX,XLK,off,81.1,2025-10-07,80,-269.7723999999982
2025-10-09 10:00:00,105.69,101.31,114.88,119.26,2025-10-10 15:54:00,stop,1773,1,-1.0236301369863015,-0.0424212319046267,2.098173515981737,0.6747614308225044,3,1.3605953526091508,40.36839022097405,0.4635347555776097,0.6747614308225044,41.06113813374531,0.13031459137465107,1.3919551821252225,0.5319841801862796,True,True,0.08914179775602982,True,True,VAL,swing_high,limit,KLAC,XLK,off,69.0,2025-10-08,229,-1026.721499999999
2025-10-10 10:00:00,114.96,104.76,135.37,150.09,2025-10-14 15:54:00,lrc_break,1775,3,-0.21117058823529355,-0.01873643006263041,2.000980392156866,0.8897767161016,3,1.8569210524997701,34.87094489903955,0.9747619680361851,0.8897767161016,56.759707134327634,0.04273983320709241,2.5238158051453454,0.8264426305697543,True,True,0.710552026829866,True,True,POC,LRC_upper,limit,WDC,XLK,off,75.7,2025-10-09,117,-252.01097999999905
2025-10-10 10:00:00,102.51,100.66,106.22,107.96,2025-10-10 15:54:00,stop,1773,0,-1.0549108108108105,-0.019037996293044663,2.005405405405393,0.7785881116583031,3,1.0433345721823761,11.656779701008048,0.16915986891454024,0.7785881116583031,16.819740032627372,0.06274034407967045,1.4658558104518333,0.6042818280502166,True,True,0.0987680329311118,True,True,VAL,swing_high,limit,BNY,XLF,off,72.8,2025-10-09,233,-454.719305000002
2025-10-10 10:00:00,34.48,33.38,36.69,37.55,2025-10-10 15:54:00,stop,1772,0,-1.0308454545454546,-0.032886600928074085,2.0090909090909204,0.9203805478659317,3,1.3066540629272427,7.298963376548184,0.40106035546790697,0.9203805478659317,33.833685176762415,0.06606936925549306,1.4400523645486394,0.6689853459167319,True,True,0.037185172464897054,True,True,POC,swing_high,limit,SEE,XLF,off,72.7,2025-10-09,694,-786.947419999996
2025-10-13 10:00:00,223.08,219.54,233.66,237.68,2025-10-28 15:54:00,stop,1785,11,-1.062516949152542,-0.01686081226465851,2.9887005649717295,0.9056004342006923,3,0.7404368053565707,28.342127027088303,0.33379902541478335,0.9056004342006923,41.4095964188657,0.00899862137788402,1.4173863025806164,0.49732700408912356,True,True,0.18216569125855742,True,True,swing_low,LRC_upper,limit,ABBV,XLV,off,80.9,2025-10-10,105,-394.93755000000215
2025-10-13 10:00:00,827.46,809.59,879.59,925.83,2025-10-14 15:54:00,stop,1775,1,-1.0458044208170119,-0.022585411983660847,2.9171796306659195,0.5407876558814668,3,0.8198655365204647,65.13955280564075,0.34338785911787617,0.5407876558814668,26.70119077254284,0.026485860480271906,1.3844565169225689,0.7091826067871393,True,True,0.01771571604982869,True,True,VAH,LRC_upper,limit,LLY,XLV,off,64.7,2025-10-10,28,-523.2787000000001
2025-10-13 10:00:00,268.01,261.91,280.21,293.41,2025-10-23 15:54:00,stop,1782,8,-1.6447745901639408,-0.037435636729972695,2.0000000000000093,0.7880857344382451,3,0.8945575188734332,27.9456005144891,0.3863899416367085,0.7880857344382451,44.36773644710715,0.0351347456515902,1.517056870717714,0.9539558470211071,True,True,-0.04016224617385156,True,True,VAL,swing_high,limit,IBM,XLK,off,63.6,2025-10-10,87,-872.8818749999984
2025-10-13 10:00:00,279.28,276.39,285.65,292.51,2025-10-15 15:54:00,stop,1776,2,-1.0961366782006925,-0.01134286379260952,2.20415224913496,0.6848664708269514,2,0.7393423058445199,45.90272114845834,0.10828693177847833,0.6848664708269514,19.12257167121305,-0.13775040289082222,1.1427897672539638,0.40291045028514566,True,True,-0.01299142463255576,True,True,VAH,swing_high,limit,CB,XLF,off,58.1,2025-10-10,83,-262.9303049999989
2025-10-13 10:00:00,347.02,329.53,382.0,444.64,2025-10-16 15:54:00,stop,1133,3,-1.0193410520297312,-0.051375353005590485,2.0,0.4909333330220048,3,0.9777466173755995,53.81322118913198,0.33500292810043264,0.4909333330220048,20.98611762192724,0.12174947992110506,1.1858602504742162,0.7317910887749666,True,True,-0.11757810602223073,True,True,swing_low,swing_high,limit,COIN,XLF,off,51.2,2025-10-10,4,-71.31310000000003
2025-10-15 10:00:00,17.34,16.59,20.41,21.04,2025-12-10 15:54:00,time,1814,40,6.800133333333335,0.29412341407151105,4.093333333333334,0.8159205823015447,3,1.19431908513981,17.467050153510723,0.7638561179794111,0.8159205823015447,37.8224801295331,0.024984286211421604,1.878283765417115,0.7351367629932586,True,True,0.39617772809660146,True,True,POC,LRC_upper,limit,M,XLF,off,84.5,2025-10-14,1346,6864.734600000002
2025-10-15 10:00:00,56.71,54.49,61.15,75.43,2025-10-16 15:54:00,stop,1776,1,-1.025045045045045,-0.04012696173514369,2.0,0.8857238428321184,3,0.6455681839400543,6.678533211779077,1.445455752350685,0.8857238428321184,46.77442868621969,0.019130339841587303,1.9032954832899842,0.39718001792300855,True,True,1.2066303187955292,True,True,swing_low,swing_high,limit,NKTR,XLV,off,77.5,2025-10-14,225,-512.0099999999998
2025-10-16 10:00:00,206.09,200.17,217.94,224.78,2025-10-16 15:54:00,lrc_break,1777,1,-0.13273648648648823,-0.0038128972778883616,2.001689189189183,0.9172614741923295,3,1.0808658551228367,-15.679843968623135,0.4154720236047994,0.9172614741923295,27.154365652183174,0.04385518812810001,1.5640328758962454,0.5371299792862577,True,True,-0.009900402007454345,True,True,VAL,52w_high,limit,PANW,XLK,off,71.1,2025-10-15,111,-87.22380000000139
2025-10-17 10:00:00,165.22,155.75,184.16,199.19,2025-11-13 15:54:00,lrc_break,1797,20,3.0422687434002125,0.17437528749546063,2.0,0.9220808708631552,3,1.402717114424895,56.32621412227821,1.0809908394488865,0.9220808708631552,57.63423444663855,0.20312352347644883,2.233643051908616,0.9540355570593442,True,True,0.9124819655912404,True,True,VAH,LRC_upper,limit,CIEN,XLK,off,76.0,2025-10-16,122,3514.8547700000013
2025-10-17 10:00:00,82.4,81.63,84.16,84.87,2025-12-10 15:54:00,open_at_end,1814,38,1.2429610389610122,0.011615048543689223,2.2857142857142434,0.2992466865573771,3,1.6606339362347817,70.00992101737717,0.08452794331889511,0.2992466865573771,37.09245324268519,0.2657058419631994,1.3980746278374963,0.8598407620111682,True,True,-0.005472427207353969,True,True,swing_low,LRC_upper,limit,K,XLV,off,55.9,2025-10-16,197,188.54475999999843
2025-10-20 10:00:00,22.28,21.59,23.69,24.19,2025-10-24 15:54:00,stop,1783,4,-1.0317898550724638,-0.031953994614003646,2.0434782608695614,0.8069234713190057,3,1.0459230717911896,-6.469972688567706,0.25551830563223604,0.8069234713190057,30.325134077864433,0.0783603730069849,1.2003741735904538,0.6748800913568619,True,True,0.07497054570169781,True,True,swing_low,swing_high,limit,IVZ,XLF,off,76.4,2025-10-17,1,-0.7119350000000013
2025-10-24 10:00:00,91.43,89.32,95.65,101.76,2025-11-04 15:54:00,stop,1789,7,-1.042831753554502,-0.024066225527726276,1.9999999999999865,0.004908928772566861,3,0.6502510892309306,61.15600281347695,0.012349358322616319,0.004908928772566861,14.92619227868696,0.13994968475468586,1.253137059487317,0.5307964430711527,True,True,0.023930508077743218,True,True,VAL,LRC_upper,limit,QRVO,XLK,off,43.5,2025-10-23,245,-539.0918750000033
2025-10-29 10:00:00,352.64,337.97,382.0,402.16,2025-10-30 15:54:00,stop,1143,1,-1.0235381731424678,-0.04257969884301259,2.0013633265167075,0.4722399919959241,2,0.7967564207594208,42.59351582996006,0.32982852731539347,0.4722399919959241,15.541353695494463,0.005700029978073494,1.0596411005494641,-0.6563470056165065,True,True,-0.1234390833980401,True,True,POC,swing_high,limit,COIN,XLF,off,46.2,2025-10-28,68,-1021.0407399999973
2025-10-29 10:00:00,255.01,252.4,263.2,269.59,2025-10-29 15:54:00,stop,1786,0,-1.0972049808429125,-0.01122977530292924,3.1379310344827753,0.012909991800634372,3,0.5040150261798683,46.49068633740748,0.011389404303234674,0.012909991800634372,14.732530906840424,0.09107474722354049,1.1456704207953137,0.6739061244623528,True,False,-0.1024979172225674,True,True,VAL,swing_high,limit,CME,XLF,off,40.4,2025-10-28,32,-91.63855999999953
2025-10-30 10:00:00,6.75,6.67,7.02,7.22,2025-10-30 15:54:00,stop,1786,0,-1.083875,-0.012845925925925936,3.3749999999999916,0.8015910988085886,2,0.5250152104928412,11.138484051420036,0.23940772914850522,0.8015910988085886,32.851134894561135,-0.13370538143435196,1.2899492011183409,0.34297712835792943,True,True,0.5419629522099936,True,True,swing_low,swing_high,limit,HBI,XLF,off,69.7,2025-10-29,1215,-105.35265000000008
2025-10-31 10:00:00,62.79,58.45,80.39,84.74,2025-11-03 15:54:00,stop,1788,1,-1.013967741935484,-0.07008472686733551,4.055299539170511,0.7397993814633822,2,1.0519151300370777,27.477633937444757,1.0381116982495526,0.7397993814633822,35.799725729434876,-0.00477256476225293,1.7447524409042496,0.1298567241709121,True,True,1.5188591813167203,True,True,POC,LRC_upper,limit,NKTR,XLV,off,75.5,2025-10-30,275,-1210.170499999999
2025-10-31 10:00:00,297.79,291.06,311.26,322.4,2025-11-04 15:54:00,stop,1790,2,-1.0437481426448736,-0.023588518754827287,2.0014858841010303,0.8694393058481259,3,0.7482142334038434,67.97373588098473,0.4412389166570032,0.8694393058481259,30.965506647769935,0.17278204588874407,2.084930932352006,0.19745881868156182,True,True,0.14961303100545265,True,True,VAH,52w_high,limit,IBM,XLK,off,72.2,2025-10-30,46,-323.1235500000009
2025-10-31 10:00:00,216.65,211.87,226.23,232.1,2025-12-08 15:54:00,trail,1813,25,1.6688030289408908,0.036819194453438536,2.0041841004184064,0.8768326243466698,2,0.784791347524817,69.62332472205816,0.3458767986243418,0.8768326243466698,31.82969342121516,-0.008187204635850931,1.7635154200722472,0.6985958643897879,True,True,0.23708096639047405,True,True,VAH,52w_high,limit,UHS,XLV,off,70.1,2025-10-30,1,7.97687847833746
2025-11-04 10:00:00,60.82,59.77,64.51,68.36,2025-11-10 15:54:00,stop,1793,4,-1.0574238095238098,-0.018255425846760886,3.5142857142857284,0.6589952111010976,3,0.6766914333628147,23.883824853458165,0.35393373135356415,0.6589952111010976,30.266792721047807,0.18953878621029127,1.5124913445761354,0.7436568854388393,True,True,0.09992513943619374,True,True,AVWAP,swing_high,limit,LW,XLF,off,69.4,2025-11-03,264,-293.1178799999992
2025-11-05 10:00:00,76.21,74.63,80.95,83.21,2025-11-10 15:54:00,lrc_break,1794,4,-0.3265759493670875,-0.0067706337750951025,3.000000000000009,0.7876939249747691,3,0.8026693325215413,-2.4729348639547726,0.26131968125784605,0.7876939249747691,30.96218524373183,0.01623004028070051,1.797098478357045,0.33121953086836237,True,True,0.15771119330872363,True,True,AVWAP,swing_high,limit,CVS,XLV,off,77.5,2025-11-04,302,-155.82897999999932
2025-11-05 10:00:00,356.79,351.18,368.96,375.36,2025-11-17 15:54:00,stop,1799,8,-1.0630989304812832,-0.016715673085008025,2.169340463458098,0.5241412535507453,3,0.7656921801350588,69.34911634676337,0.19272061978725671,0.5241412535507453,22.39316106985846,0.030404011582832638,1.0157336092255596,0.9351833008300745,True,True,0.1424201305143431,True,True,swing_low,LRC_upper,limit,AXP,XLF,off,65.2,2025-11-04,34,-202.77549000000045
2025-11-05 10:00:00,84.61,83.25,90.45,105.25,2025-11-06 15:54:00,stop,1792,1,-6.356858455882353,-0.10217855454438006,4.294117647058828,0.6766660126350512,2,0.6314935633189606,22.93532089109021,0.19531576374347712,0.6766660126350512,12.062513486465718,0.08595004143709539,1.3892500210471956,-0.30165234018587644,True,False,-0.17567366098560488,True,True,VAL,LRC_upper,limit,FTNT,XLK,off,54.5,2025-11-04,1,-8.645327499999999
2025-11-10 10:00:00,38.26,36.15,42.48,47.24,2025-11-13 15:54:00,stop,1797,3,-1.017632701421801,-0.056121406168322,2.0,0.8350619096357794,2,1.1089044876788576,4.541605483614318,0.8761157967074299,0.8350619096357794,37.79617218032629,-0.04083687309638788,1.545204450587908,0.7409181828800495,True,True,0.704446637311867,True,True,swing_low,swing_high,limit,INTC,XLK,off,71.6,2025-11-07,2,-4.294409999999999
2025-11-11 10:00:00,241.655,232.78,267.08,298.14,2025-11-18 15:54:00,stop,1800,5,-1.0267287323943661,-0.03770754795059072,2.864788732394364,0.8386788270204096,3,0.719563041716389,18.187797129680792,0.9866561136287412,0.8386788270204096,33.11651412087573,0.1461433599838576,1.374151225775448,0.4882944255118136,True,True,0.30235113867022045,True,True,POC,swing_high,limit,AMD,XLK,off,77.9,2025-11-10,99,-902.1095325
2025-11-11 10:00:00,74.45,73.64,77.74,80.75,2025-12-31 15:54:00,lrc_break,1828,35,-0.042555555555565255,-0.000462995298858401,4.061728395061707,0.7368210565149768,2,0.9673873774743073,51.61796577281182,0.2779813471733149,0.7368210565149768,38.050369950526466,-0.38324141722578603,1.222868249359579,0.23089913690189212,True,True,0.021144415574382514,True,True,swing_low,LRC_upper,limit,HOLX,XLV,off,68.7,2025-11-10,197,-6.7905900000015675
2025-11-14 10:00:00,244.41,237.5,281.44,300.53,2025-11-20 15:54:00,lrc_break,1802,5,0.17147250361794608,0.004847899022134965,5.358900144717803,0.848585440794183,3,0.548485730254617,24.592667506342877,0.5100042519391271,0.848585440794183,23.540603728379374,0.02854511879020279,1.0538108777326263,0.23149464146913445,True,True,0.2190451712168071,True,True,VAL,LRC_upper,limit,FSLR,XLK,off,75.3,2025-11-13,96,113.74800000000066
2025-11-14 10:00:00,294.01,286.17,311.26,321.82,2025-11-17 15:54:00,lrc_break,1799,2,-0.39064094387754994,-0.01041673752593443,2.200255102040823,0.8474488394090687,3,0.8414825511356524,21.697794302216565,0.3913725131592113,0.8474488394090687,25.339551613510835,0.2644538761080635,1.7826900500121485,0.22143223283824892,True,True,0.21471021026088488,True,True,swing_low,swing_high,limit,IBM,XLK,off,74.1,2025-11-13,1,-3.062624999999982
2025-11-18 10:00:00,189.03,178.47,214.17,227.48,2025-11-18 15:54:00,lrc_break,1800,1,-0.21003929924242432,-0.011733666613765016,2.3806818181818166,0.9536991762390079,3,1.103749970817208,-12.663331570514973,0.8009173207560453,0.9536991762390079,27.216202942438716,0.13037270088185268,1.912567212264673,0.4057070747622449,True,True,1.1091473197830237,True,True,VAL,swing_high,limit,CIEN,XLK,off,79.9,2025-11-17,64,-141.95296000000008
2025-11-18 10:00:00,14.55,14.2,15.28,15.83,2025-11-20 15:54:00,stop,1801,2,-1.0410714285714284,-0.02504295532646058,2.0857142857142734,0.6346884902280356,3,0.7098264900025137,44.428028653984796,0.37541029073152377,0.6346884902280356,35.27547652731115,0.03322544370403992,1.379502244808002,0.8983375874010525,True,True,0.19015786211992203,True,True,VAL,swing_high,limit,NOV,XLF,off,68.2,2025-11-17,11,-4.008125000000016
2025-11-19 10:00:00,65.74,63.34,71.34,73.86,2025-11-20 15:54:00,lrc_break,1802,2,-0.40636875000000006,-0.014835488287191919,2.333333333333345,0.7712332347305911,3,1.1146581629337498,-2.859606618948753,0.3335701636131644,0.7712332347305911,26.592680801080935,0.03675749487066341,1.4457475215255715,0.19556849330864098,True,True,0.19122874103180698,True,True,AVWAP,swing_high,limit,APH,XLK,off,76.0,2025-11-18,352,-343.3003199999988
2025-11-19 10:00:00,18.69,18.26,19.55,20.16,2025-12-22 15:54:00,lrc_break,1822,23,2.5366395348837214,0.05836035313001602,2.0,0.6712401027800862,3,0.770803821564472,22.39427826602611,0.2385623636310103,0.6712401027800862,17.387374988925902,0.02988840034315665,1.029202907083053,0.0706601874089809,True,True,0.032233515068728735,True,True,AVWAP,swing_high,limit,MAT,XLF,off,65.6,2025-11-18,633,690.4479149999996
2025-11-21 10:00:00,43.14,42.38,44.92,46.32,2025-12-16 15:54:00,lrc_break,1818,17,0.7191644736842076,0.012669564209550215,2.3421052631579022,0.37575630729651893,2,0.5881645052092654,63.03979682645265,0.2502254800222917,0.37575630729651893,48.19716650212015,-0.021875458879408144,1.0647573977177174,0.8906372210373076,True,True,0.22089691856586424,True,True,POC,52w_high,limit,FTI,XLF,off,55.2,2025-11-20,530,289.67944999999804
2025-11-24 10:00:00,250.0,235.57,281.55,295.89,2026-01-07 15:54:00,trail,1833,29,-0.26772911410191336,-0.015453324465962448,2.186417186417186,0.7380430104144853,2,1.1330936488931524,10.371847103466417,0.42741552860519155,0.7380430104144853,17.50772416451333,0.024360564098828332,1.0085726410591995,-0.8045437220412004,True,True,0.23099641313635488,True,True,AVWAP,swing_high,limit,FSLR,XLK,off,68.8,2025-11-21,81,-312.92982043573954
2025-11-25 10:00:00,149.55,135.27,178.12,193.5,2026-01-08 15:54:00,trail,1834,29,2.5644529137413943,0.24487052897510606,2.0007002801120444,0.7438710913236601,3,1.3056330968933363,23.006016567952837,0.7450524699003402,0.7438710913236601,33.539119502804425,0.0678213900746375,1.315368082110744,0.17269334376259818,True,True,0.8500604150796378,True,True,VAL,swing_high,limit,WDC,XLK,off,74.0,2025-11-24,22,805.6485273809965
2025-12-09 10:00:00,99.16,96.77,103.94,107.07,2025-12-15 15:54:00,stop,1818,4,-1.040989539748954,-0.025090409439290043,2.0,0.4828508902215511,3,0.819022054084661,45.03804625202849,0.22716716737751907,0.4828508902215511,18.56035007599777,0.2190521881288635,1.341958289031368,0.7998556461561832,True,True,0.12578498520138326,True,True,swing_low,swing_high,limit,RVTY,XLV,off,62.5,2025-12-08,3,-7.463895000000002
2025-12-11 10:00:00,700.94,684.54,735.0,769.98,2025-12-23 15:54:00,stop,1824,8,-1.0422402439024387,-0.02438545381915726,2.076829268292668,0.6882389613111708,2,0.8539220816159133,11.172505521357193,0.3477749321838766,0.6882389613111708,20.833771803096134,-0.14375987460090678,1.007202737386156,0.30334382988754927,True,True,0.03667564818334501,True,True,VAL,swing_high,limit,IDXX,XLV,off,60.1,2025-12-10,35,-598.2459000000032
2025-12-11 10:00:00,220.19,217.63,227.51,233.22,2026-02-09 15:54:00,time,1855,40,4.8568281249999945,0.05646705118306915,2.8593749999999947,0.3776321123328953,2,0.6476933960790655,37.94457620014429,0.1227868387541758,0.3776321123328953,21.971231370391692,-0.1513276015344702,1.7592682100447898,0.7075006889714115,True,True,-2.929396271511564e-05,True,True,swing_low,swing_high,limit,AIZ,XLF,off,50.8,2025-12-10,100,1243.3479999999997
2025-12-16 10:00:00,96.4,93.19,102.82,106.03,2026-02-12 15:54:00,time,1858,40,6.331272585669764,0.2108234958506223,1.9999999999999911,0.7099187287261524,3,1.269376988535176,45.4894539909074,0.3924449532476529,0.7099187287261524,30.841355959506394,0.006817844007424305,1.0356916900242137,0.07908572701831011,True,True,0.17788011788639202,True,True,AVWAP,swing_high,limit,MRK,XLV,off,68.9,2025-12-15,4,81.29353999999996
2025-12-17 10:00:00,22.09,21.25,23.79,26.26,2025-12-22 15:54:00,stop,1822,3,-1.025797619047619,-0.03900724309642371,2.0238095238095233,0.6552732698936385,3,0.66717246660071,50.37015376549697,0.8306963180064542,0.6552732698936385,33.975667279555346,0.26313270374867875,1.6008793200672335,0.7783734282378068,True,True,0.2762035194487349,True,True,POC,swing_high,limit,KSS,XLF,off,69.2,2025-12-16,1049,-903.8918299999998
2025-12-23 10:00:00,27.44,26.23,29.87,31.49,2026-02-12 15:54:00,trail,1857,34,3.984635804068279,0.17570733684120338,2.0082644628099158,0.7714905948369501,3,1.06491428843113,7.876366912012599,0.44256944132665726,0.7714905948369501,27.449715226957487,0.04044366270151153,1.3100727624573612,0.27418083243624686,True,True,0.24564463489316357,True,True,swing_low,swing_high,limit,HP,XLF,off,73.5,2025-12-22,913,4401.946711828353
2025-12-23 10:00:00,44.57,43.37,46.98,50.51,2026-02-20 15:54:00,time,1862,40,15.613362499999962,0.420373233116446,2.0083333333333258,0.77975736135341,3,0.9620552010971726,8.577506514875921,0.4239534708366108,0.77975736135341,34.91894660474889,0.0332695669085487,1.6854722899322665,0.1622669599957614,True,True,0.07570318476139515,True,True,VAL,swing_high,limit,FTI,XLF,off,69.0,2025-12-22,218,4084.4556300000004
2025-12-24 10:00:00,69.15,68.95,69.57,75.8,2026-01-16 15:54:00,lrc_break,491,16,-0.2957750000000413,-0.0008554591467824888,2.0999999999999077,0.8886381827382536,2,1.108041999917019,2.6049687844367635,0.031514658827360736,0.8886381827382536,26.51980815234559,-0.22337650711491835,1.137131330120798,0.7652734348243432,True,True,-0.04427567220164885,True,True,VAL,LRC_upper,limit,DAY,XLK,off,64.5,2025-12-23,346,-20.46763000000315
2026-01-02 10:00:00,40.94,39.92,42.98,66.81,2026-01-21 15:54:00,trail,1842,12,2.7396641206325802,0.06825738649353252,2.000000000000007,0.7628043936274932,2,0.8759915980361701,56.944587245620696,0.32277475619321955,0.7628043936274932,9.875250102454189,-0.07195162122635892,1.2624547715837648,0.0017896205560727534,True,True,0.11978463457578004,True,True,VAH,LRC_upper,limit,CNC,XLV,off,63.8,2025-12-31,359,1003.2102076932343
2026-01-08 10:00:00,394.3,368.79,447.49,471.58,2026-01-08 15:54:00,stop,1834,0,-1.0149566836534691,-0.06566458280497081,2.0850646805174446,0.905637916099123,3,0.9352901380159855,32.410569021124445,1.065122129320768,0.905637916099123,27.03939158992865,0.05601447913266174,1.9133576887209158,0.4808253361465281,True,True,1.358782694966258,True,True,POC,LRC_upper,limit,LITE,XLK,off,80.7,2026-01-07,49,-1268.6857049999996
2026-01-09 10:00:00,202.17,197.37,211.78,218.94,2026-03-05 15:54:00,trail,1872,37,7.04316335323897,0.16722156648141137,2.0020833333333434,0.6996759814798128,2,1.4794065497466684,11.258395422129796,0.23378314508474307,0.6996759814798128,23.078455695841225,0.01758614692828315,1.3815975466755772,-0.6755324507032341,True,True,0.03287682504051559,True,True,swing_low,52w_high,limit,JNJ,XLV,off,59.8,2026-01-08,112,3786.404618701257
2026-01-09 10:00:00,32.0,31.5,33.01,33.75,2026-01-12 15:54:00,stop,1835,1,-1.0635,-0.0166171875,2.019999999999996,0.017355875922602442,2,0.7379568993985347,47.03028459020952,0.01987532467539397,0.017355875922602442,10.348446661493476,-0.07384834709242474,1.0748484131911704,0.2532516076311238,True,False,-0.06446273028036009,True,True,VAL,swing_high,limit,MTCH,XLK,off,32.5,2026-01-08,4,-2.1270000000000002
2026-01-14 10:00:00,89.09,86.19,94.89,98.11,2026-01-29 15:54:00,trail,1848,10,3.7404030166468316,0.12175517732939535,1.9999999999999951,0.17452780747101593,2,0.9530830739269749,57.013518270424534,0.11468138508201346,0.17452780747101593,15.16899336811312,-0.1254705712272457,1.1315290379573677,0.030104683946687652,True,True,-0.010119977682835013,True,True,AVWAP,LRC_upper,limit,GLW,XLK,off,42.1,2026-01-13,1,10.847168748275832
2026-01-20 10:00:00,496.13,467.81,552.78,615.21,2026-01-29 15:54:00,trail,1848,7,-0.6791139485705291,-0.0387650555772023,2.0003531073446323,0.810556021507281,3,1.9063967327726525,37.021792686074605,0.5240130657098095,0.810556021507281,48.512324214466,0.13203666269244993,1.4377639041258792,0.9452465690886239,True,True,0.07528634631613706,True,True,POC,LRC_upper,limit,SNPS,XLK,off,69.4,2026-01-14,45,-865.462816058282
2026-01-22 10:00:00,53.42,52.24,55.78,58.12,2026-01-29 15:54:00,lrc_break,1848,6,-0.30785169491525627,-0.006800168476226175,2.0,0.8723601924397919,2,0.9978314616226601,1.119943333512048,0.395111906931478,0.8723601924397919,36.36767988074144,0.13156764093972995,1.4482911826277975,-0.4634622668575225,True,True,0.1993962869911503,True,True,POC,swing_high,limit,BMY,XLV,off,73.1,2026-01-21,324,-117.69786000000073
2026-01-30 10:00:00,183.38,177.05,197.34,206.89,2026-01-30 15:54:00,stop,1848,0,-1.0284699842022118,-0.03550122696040999,2.2053712480252834,0.9286757431398699,3,0.8506495542564549,-15.65890317035963,0.62404296342413,0.9286757431398699,30.577801498327556,0.15102063745647337,2.359176534833819,0.5026512891591859,True,True,0.09885708202345445,True,True,VAL,swing_high,limit,MOH,XLV,off,75.0,2026-01-29,142,-924.4505299999978
2026-01-30 10:00:00,73.72,71.24,80.6,83.89,2026-02-03 15:54:00,stop,1851,2,-1.0292258064516129,-0.03462398263700494,2.7741935483870903,0.5019134682572344,3,0.713351056782801,47.3144885481778,0.2679277820818082,0.5019134682572344,19.250959519273756,0.30805759652571796,1.2925328216223788,0.7262277792164933,True,True,0.05632158408935939,True,True,AVWAP,LRC_upper,limit,APH,XLK,off,61.6,2026-01-29,172,-439.0265600000007
2026-02-02 10:00:00,139.49,134.66,157.55,166.05,2026-02-02 15:54:00,lrc_break,1850,1,0.18426397515527929,0.0063803498458670956,3.7391304347825995,0.8519253346102418,3,0.6557542041879597,-1.9310228388199482,0.6280133714057483,0.8519253346102418,26.292160261892384,0.10527608420552831,1.9033288564182087,0.9394164073778608,True,True,0.1096998835930556,True,True,VAL,swing_high,limit,KLAC,XLK,off,74.7,2026-01-30,180,160.1991000000002
2026-02-03 10:00:00,227.79,215.99,251.39,272.45,2026-02-04 15:54:00,stop,1852,1,-1.0188042372881356,-0.05277619737477494,2.000000000000002,0.9217006682516165,3,1.0771858306349935,53.23434007926547,0.868029699881181,0.9217006682516165,43.08000790762275,0.044936224056658196,2.0434042655785407,0.6260593562923749,True,True,0.39448805372475215,True,True,POC,52w_high,limit,LRCX,XLK,off,75.2,2026-02-02,110,-1322.407899999998
2026-02-03 10:00:00,54.35,53.14,58.87,60.41,2026-03-12 15:54:00,trail,1877,26,2.715574966982508,0.060457142779187435,3.735537190082639,0.7669006107680184,2,1.0907014866965052,27.405875262787934,0.32412271947008753,0.7669006107680184,30.418876615989674,0.11871727185745458,1.328345414701898,-0.5759813907956679,True,True,0.1699813524815108,True,True,POC,LRC_upper,limit,BMY,XLV,off,70.5,2026-02-02,4,13.143382840195349
2026-02-04 10:00:00,136.15,129.72,149.02,156.32,2026-02-04 15:54:00,stop,1852,0,-1.0206741835147743,-0.04820370914432616,2.0015552099533425,0.4204984049722294,2,1.0312750542663551,54.33457507835251,0.22473011747940966,0.4204984049722294,23.063220222464697,-0.20798569375975454,1.2617335567315588,0.33179580667656666,True,True,-0.14919140105847783,True,True,AVWAP,LRC_upper,limit,ANET,XLK,off,41.6,2026-02-03,90,-590.6641500000006
2026-02-05 10:00:00,369.41,332.16,455.24,502.26,2026-02-09 15:54:00,lrc_break,1855,3,0.3622457718120791,0.03652758452667753,2.3041610738255027,0.9198792978061564,3,1.4447751675454752,-0.6365342187005861,1.0918500653673018,0.9198792978061564,44.321164282792864,0.04277868941063967,1.6282278085496507,0.9195990667048618,True,True,0.5372415628665914,True,True,POC,swing_high,limit,MU,XLK,off,78.7,2026-02-04,35,472.27792499999816
2026-02-05 10:00:00,624.22,613.59,646.64,662.78,2026-03-05 15:54:00,lrc_break,1872,20,2.822244590780809,0.04806071577328504,2.1091251175917187,0.8203475740716895,3,0.6782804826744926,70.58492608430254,0.46751068209075874,0.8203475740716895,43.32151964088019,0.16786055676807685,1.4538211697361774,0.6795859277510627,True,True,0.15488940124223194,True,True,POC,52w_high,limit,TDY,XLK,off,71.9,2026-02-04,36,1080.0165599999996
2026-02-10 10:00:00,4.305,4.17,4.81,5.2,2026-02-10 15:54:00,stop,1855,0,-1.031388888888889,-0.032343205574912846,3.740740740740746,0.8316125837653804,3,0.6716035874600352,62.58970800133522,0.4348768205228862,0.8316125837653804,28.02095896332731,0.08991748156288638,1.6483959686885625,0.590443580348371,True,True,0.3880304168139832,True,True,VAH,swing_high,limit,NWL,XLF,off,80.8,2026-02-09,6149,-856.1713874999986
2026-02-10 10:00:00,42.06,41.94,42.32,321.29,2026-02-12 15:54:00,stop,1094,2,-2.5160833333332806,-0.007178554446029603,2.166666666666568,0.448519959686438,2,0.9804340358864528,61.80004529948368,0.025491401527667892,0.448519959686438,19.993043526558417,-0.1635711355740053,1.8949324324324324,0.22404142201565985,True,False,-0.04593112450351833,True,True,VAH,LRC_upper,limit,FB,XLK,off,50.7,2026-02-09,242,-73.06706000000123
2026-02-11 10:00:00,146.01,143.63,150.79,154.98,2026-02-11 15:54:00,lrc_break,1857,1,-0.7668781512604966,-0.012500308198068478,2.0084033613445422,0.8985312955038067,2,0.6180130515519886,0.3969411325454136,0.28325089562027206,0.8985312955038067,30.419813029766114,-0.058047853239438674,1.6089303773369503,0.9043667666310885,True,True,0.08529368202922516,True,True,swing_low,swing_high,limit,NTRS,XLF,off,65.9,2026-02-10,175,-319.4047499999962
2026-02-12 10:00:00,9.55,9.16,10.39,12.03,2026-02-17 15:54:00,stop,1859,2,-1.0239871794871795,-0.04181727748691105,2.15384615384615,0.6870896838890301,3,0.9341903160684825,17.27693473387364,0.28823917796680115,0.6870896838890301,43.1149640051801,0.22293327674897154,1.0126818650351688,0.2516767732212063,True,True,0.1920241492411634,True,True,AVWAP,LRC_upper,limit,GT,XLF,off,75.9,2026-02-11,2653,-1059.4888150000015
2026-02-13 10:00:00,404.96,383.15,455.24,485.82,2026-03-03 15:54:00,stop,1870,11,-1.0180676295277395,-0.05483024249308575,2.3053645116918857,0.8914945307123986,3,0.8322704019614785,27.243557753036207,1.0091523172341224,0.8914945307123986,38.25199261888466,0.10288814777382257,1.5175622701365945,0.7254636226518176,True,True,0.6823544642727628,True,True,POC,swing_high,limit,MU,XLK,off,76.8,2026-02-12,58,-1287.83519
2026-02-13 10:00:00,41.85,36.95,54.1,57.26,2026-03-30 15:54:00,trail,1835,30,1.3386526816140991,0.15673591732160294,2.500000000000001,0.7345765112997741,2,1.5729580333703628,4.777379503871295,0.9057015627492324,0.7345765112997741,32.74135622038971,0.023544420977503474,1.6733712721763347,-0.5021869816416236,True,True,0.487535932263474,True,True,AVWAP,LRC_upper,limit,MRNA,XLV,off,75.4,2026-02-12,262,1718.5623126561798
2026-02-13 10:00:00,414.2,385.89,470.83,515.05,2026-03-02 15:54:00,stop,1869,10,-1.0141308724832214,-0.0693144495412844,2.000353232073472,0.7831622410038639,3,0.958665025001603,62.33919897677204,0.8541428374094021,0.7831622410038639,33.49036448177229,0.07098368728566681,1.7070483795841012,0.8225556902251461,True,True,0.4702036201068709,True,True,swing_low,LRC_upper,limit,STX,XLK,off,71.9,2026-02-12,13,-373.230585
2026-02-18 10:00:00,144.89,141.2,152.27,156.12,2026-02-19 15:54:00,stop,1862,1,-1.0387655826558266,-0.026454862309338103,2.0000000000000075,0.7665110716160015,2,0.8957603448786822,5.311664024993725,0.22398775213938274,0.7665110716160015,24.379917793575178,-0.06372744279783897,1.6074805391636582,0.4914845339854477,True,True,0.10166657246440525,True,True,AVWAP,swing_high,limit,NTRS,XLF,off,64.7,2026-02-17,168,-643.9515599999996
2026-02-20 10:00:00,23.15,22.39,24.67,25.71,2026-02-23 15:54:00,stop,1143,1,-1.0299605263157896,-0.03381295896328285,2.0000000000000093,0.7080874617419864,3,0.811069619911652,61.67952098957164,0.37871527104973346,0.7080874617419864,22.234535862608407,0.03889818585793864,1.4298402786831346,0.7752301438219684,True,True,0.060849368534913184,True,True,VAH,LRC_upper,limit,BBWI,XLF,off,65.5,2026-02-19,1029,-805.470329999998
2026-02-23 10:00:00,26.86,26.27,28.1,28.83,2026-02-23 15:54:00,stop,1864,0,-1.0450254237288135,-0.022954765450483985,2.101694915254241,0.9231414330478224,3,0.7967905849605241,34.54989885339834,0.3713371111163604,0.9231414330478224,33.14452118795017,0.20427510646826907,2.169213882774055,0.7772405833188875,True,True,0.21164095532453708,True,True,POC,LRC_upper,limit,BEN,XLF,off,78.4,2026-02-20,513,-316.2978449999999
2026-02-24 10:00:00,7.53,7.22,8.15,8.55,2026-02-27 15:54:00,stop,1867,3,-1.0237903225806453,-0.04214807436918998,1.9999999999999971,0.9303680362368881,3,0.7407167387730885,43.61782723439473,0.9581991128968755,0.9303680362368881,52.21679189804281,0.10651960108143323,2.0673321342944972,0.9204991360925873,True,True,0.705142420033102,True,True,VAH,52w_high,limit,UAA,XLF,off,77.8,2026-02-23,3477,-1103.5128750000017
2026-02-25 10:00:00,26.41,25.89,27.46,28.24,2026-02-27 15:54:00,stop,1868,2,-1.0502884615384616,-0.020679666792881468,2.0192307692307723,0.9043947664726113,3,0.6905638862209482,2.6432578231790864,0.35688968562819573,0.9043947664726113,30.19175135862363,0.24860470611208382,2.3270154532667373,0.6587116065145759,True,True,0.19756331910935532,True,True,swing_low,swing_high,limit,BEN,XLF,off,78.6,2026-02-24,390,-212.99849999999984
2026-03-02 10:00:00,31.6,31.0,34.07,35.4,2026-03-03 15:54:00,stop,1869,1,-1.2020916666666661,-0.02282452531645574,4.116666666666655,0.5796535983555522,3,0.5299943168910571,13.512635107546341,0.2368090365606654,0.5796535983555522,20.53026573412225,0.18075153361592344,2.115272387495127,0.8756939320387248,True,True,0.0705319042778434,True,True,swing_low,swing_high,limit,LKQ,XLF,off,64.9,2026-02-27,827,-596.477885000001
2026-03-03 10:00:00,48.825,46.6,54.26,57.5,2026-03-04 15:54:00,lrc_break,1870,2,-0.3251629213483163,-0.014817972350230501,2.4426966292134793,0.849314560211621,3,1.0457292975549648,36.33595855393356,0.473223810401085,0.849314560211621,28.07296913573795,0.14872905581841536,1.2006073315785688,0.711595811329314,True,True,0.16399756586780678,True,True,AVWAP,swing_high,limit,FLR,XLF,off,72.1,2026-03-02,288,-208.36440000000124
2026-03-04 10:00:00,6.94,6.56,7.7,8.41,2026-03-04 15:54:00,lrc_break,1870,1,-0.6495263157894728,-0.035564841498559104,1.9999999999999953,0.9057165603856638,3,1.0120998030005903,-12.020841760444613,0.8870388335795745,0.9057165603856638,41.65509905852626,0.1947104860468307,1.6968223850119237,0.752093687367537,True,True,0.5526677554683419,True,True,VAL,swing_high,limit,UA,XLF,off,78.8,2026-03-03,3346,-825.8597200000008
2026-03-04 10:00:00,7.09,6.78,7.94,8.58,2026-03-04 15:54:00,lrc_break,1870,1,-0.8934032258064514,-0.039062764456981605,2.741935483870973,0.9127452112273212,3,0.800015229788344,-6.4132565039742655,0.8942524764868811,0.9127452112273212,46.462609150235565,0.17708953318728538,1.9522437762269138,0.8349581812079824,True,True,0.5174471324743359,True,True,VAL,swing_high,limit,UAA,XLF,off,78.3,2026-03-02,3458,-957.7103899999985
2026-03-05 10:00:00,334.81,325.36,359.98,374.16,2026-03-05 15:54:00,stop,1872,0,-1.0349296296296298,-0.02921085093037839,2.6634920634920682,0.9409344126047462,3,0.9534337556588641,-6.093079538436641,0.5064249563828336,0.9409344126047462,47.772761837762026,0.14951506882676643,1.4804271794592478,0.9346198275885005,True,True,0.2567151952489868,True,True,VAL,swing_high,limit,ADI,XLK,off,78.6,2026-03-04,75,-733.5063749999991
2026-03-05 10:00:00,19.11,18.42,20.49,21.18,2026-03-05 15:54:00,lrc_break,1871,1,-0.751971014492756,-0.027151229722658293,2.0000000000000053,0.8966226963585607,3,1.019963177628533,-7.7102606753856815,0.4707065949127972,0.8966226963585607,19.626353810351826,0.15389680087488197,1.489573877695699,0.8380617015949918,True,True,0.23764952600534572,True,True,POC,swing_high,limit,NOV,XLF,off,78.5,2026-03-04,1328,-689.04608
2026-03-05 10:00:00,63.61,61.34,68.15,71.94,2026-03-05 15:54:00,lrc_break,1871,1,0.2801938325991207,0.00999905675208305,2.000000000000006,0.9838132843081342,3,1.047204185803258,-7.139776291316691,0.727130677473795,0.9838132843081342,43.925084420351034,0.371518900186687,2.395503980402581,0.8935706122705829,True,True,0.3933263764834254,True,True,POC,52w_high,limit,FTI,XLF,off,77.5,2026-03-04,146,92.86184000000041
2026-03-05 10:00:00,25.86,25.32,27.39,28.49,2026-03-06 15:54:00,stop,1873,1,-1.047388888888889,-0.02187122969837584,2.8333333333333397,0.7704776712651584,3,0.6629898841772051,-4.08745688953223,0.2853623027119782,0.7704776712651584,22.66692323672833,0.13392090437804902,2.0924834901577727,0.6323553291521485,True,True,0.1645953310113779,True,True,AVWAP,swing_high,limit,BEN,XLF,off,75.5,2026-03-04,1,-0.5655899999999991
2026-03-06 10:00:00,6.61,6.15,7.94,8.7,2026-03-06 15:54:00,lrc_break,1872,1,-0.05782608695652275,-0.004024205748865426,2.8913043478260874,0.8271972705478575,3,1.2196954455536775,-20.345087074986598,0.7925954137109512,0.8271972705478575,38.06275860220741,0.10040857829390787,1.9183421771317735,0.18854237430406645,True,True,0.4475320923826709,True,True,AVWAP,swing_high,limit,UAA,XLF,off,77.8,2026-03-05,2670,-71.02200000000123
2026-03-06 10:00:00,610.445,557.65,783.8,876.97,2026-03-06 15:54:00,stop,1873,0,-1.01106255327209,-0.08744284497374877,3.2835495785585693,0.7643904677460978,3,0.9128326529763888,38.5306660682317,1.21874155693435,0.7643904677460978,41.323413206462895,0.20970875206570555,1.6180520857616516,0.8785345925691974,True,True,1.1111274267840403,True,True,VAL,52w_high,limit,LITE,XLK,off,73.3,2026-03-05,23,-1227.7180925000016
2026-03-06 10:00:00,13.03,12.55,14.18,16.63,2026-03-06 15:54:00,stop,1872,0,-1.0266458333333335,-0.03781964696853405,2.395833333333341,0.5829082342611966,3,0.6876433955541748,37.819734286184364,0.3151991378455063,0.5829082342611966,23.571196379137614,0.04939586684065359,1.118371175462499,0.6353394701266102,True,True,0.1957483791185879,True,True,AVWAP,swing_high,limit,XRAY,XLV,off,66.4,2026-03-05,1885,-928.9091499999975
2026-03-06 10:00:00,207.81,202.84,217.75,224.55,2026-03-11 15:54:00,stop,1876,3,-1.0413128772635816,-0.02490411914729801,2.0,0.07363483061641778,3,0.9949820297157675,67.86553594555417,0.06006176658081103,0.07363483061641778,19.06657332104248,0.22275071696652998,1.3073412080833662,0.7344613135220579,True,True,4.7165040023999794e-05,True,True,swing_low,LRC_upper,limit,ALL,XLF,off,44.2,2026-03-05,118,-610.6883499999999
2026-03-06 10:00:00,41.94,41.84,42.29,232.02,2026-03-09 15:54:00,stop,1110,1,-2.218500000000123,-0.0052896995708154445,3.500000000000213,0.18928575818287008,2,0.7630465897914568,63.20821987937618,0.01107320043786634,0.18928575818287008,18.961532416043266,0.6949723682461308,1.0994202705404146,-0.768645819505063,True,True,-0.003060827448977177,True,True,POC,LRC_upper,limit,FB,XLK,off,39.4,2026-03-05,585,-129.78224999999983
2026-03-09 10:00:00,289.49,273.96,365.9,386.11,2026-03-30 15:54:00,trail,1889,15,4.823518176463805,0.25876278033950406,4.9201545396007615,0.7491072273053169,3,0.6384495923816836,1.5217105053942483,0.7363952081393182,0.7491072273053169,23.389254173580692,0.4424688770663608,1.37142040512831,0.5734811967731535,True,True,0.5398203674568851,True,True,AVWAP,swing_high,limit,CIEN,XLK,off,80.8,2026-03-06,77,5768.011270597194
2026-03-09 10:00:00,6.26,5.95,6.97,7.7,2026-03-09 15:54:00,stop,1873,0,-1.0196935483870968,-0.050496006389776305,2.290322580645164,0.7944945585807266,3,0.8667325141735609,-21.888716674219893,0.7696825271337928,0.7944945585807266,34.49591202780969,0.18210436655309334,1.8557446102079758,0.04965540847518477,True,True,0.46443519911999864,True,True,AVWAP,POC,limit,UA,XLF,off,73.4,2026-03-06,3851,-1217.3203549999987
2026-03-09 10:00:00,267.93,246.45,316.03,342.01,2026-05-04 15:54:00,time,1913,40,3.869197392923647,0.3101943044825141,2.2392923649906855,0.7145600112869621,3,1.6850236966910537,38.00040828642787,0.6863246103839731,0.7145600112869621,49.46930426351468,0.2604355254710786,1.9242733506160197,0.8972836806047704,True,True,0.33450267424675073,True,True,AVWAP,LRC_upper,limit,KEYS,XLK,off,72.7,2026-03-06,40,3324.4144000000006
2026-03-09 10:00:00,33.57,32.43,35.87,37.95,2026-04-17 15:54:00,trail,1901,28,-0.8779589589692597,-0.02981451335194985,2.0175438596491193,0.7580683912841382,2,0.807024966999806,5.6410596050132185,0.38892234269826587,0.7580683912841382,16.734198618847223,0.05770015426814666,1.1510435071549132,-0.18980748060163435,True,True,0.146935865021961,True,True,AVWAP,swing_high,limit,HP,XLF,off,65.6,2026-03-06,1,-1.0008732132249565
2026-03-10 10:00:00,131.57,119.44,161.25,170.42,2026-03-12 15:54:00,lrc_break,1877,3,-0.195420445177245,-0.018016645131868823,2.4468260511129447,0.8430831457173116,3,1.3553208231583254,-5.648413764308119,0.9948057436691702,0.8430831457173116,39.00181346381182,0.005363766534864647,1.3571748027691046,0.5653049469398578,True,True,0.5259349379103595,True,True,VAL,52w_high,limit,GLW,XLK,off,83.6,2026-03-09,100,-237.04499999999805
2026-03-10 10:00:00,63.24,61.16,68.15,70.48,2026-03-10 15:54:00,lrc_break,1874,1,0.6999999999999996,0.023023402909550964,2.360576923076919,0.9602818938949285,3,0.9308756172157068,-31.02811432762732,0.6869216476553273,0.9602818938949285,37.509961757019916,0.33028268150030826,1.9089687268276032,0.5599117943569702,True,True,0.375971827660875,True,True,POC,swing_high,limit,FTI,XLF,off,82.2,2026-03-09,386,562.0160000000011
2026-03-11 10:00:00,18.31,17.22,20.49,21.29,2026-03-12 15:54:00,lrc_break,1876,2,0.05655963302752463,0.003367012561441936,2.0,0.7333822888114349,3,1.5838261639940303,-6.870638494329982,0.3735317956085017,0.7333822888114349,18.396231128516593,0.09109157553750348,1.2685858936226546,0.4000198011095102,True,True,0.1889184662959944,True,True,swing_low,swing_high,limit,NOV,XLF,off,72.3,2026-03-10,1143,70.46595000000212
2026-03-12 10:00:00,368.56,362.1,386.1,401.31,2026-03-12 15:54:00,lrc_break,1877,1,-0.931228328173374,-0.016322267744736208,2.7151702786377827,0.8403276278516111,3,0.6918823788976778,19.00857205234322,0.3668702997790264,0.8403276278516111,25.028150408380963,0.28095311013242596,1.49862748903867,0.6518291000323633,True,True,0.20508747217946133,True,True,VAL,52w_high,limit,AMGN,XLV,off,75.0,2026-03-11,67,-403.0542449999985
2026-03-13 10:00:00,240.93,236.88,249.04,260.11,2026-03-13 15:54:00,lrc_break,1878,1,-0.5456654320987636,-0.009172560494749508,2.00246913580246,0.9012257696126675,3,0.9689925773589967,-3.6067844809893743,0.3971084789132764,0.9012257696126675,28.846196918018325,0.28803381884710644,1.3548492766026892,0.4285638071721043,True,True,0.23340833460938581,True,True,VAL,52w_high,limit,JNJ,XLV,off,81.2,2026-03-11,101,-223.20444499999988
2026-03-13 10:00:00,253.04,245.08,268.97,281.25,2026-03-18 15:54:00,stop,1881,3,-1.0312889447236182,-0.03244174834018329,2.001256281407045,0.5374376662678271,2,0.7262510126613971,24.93000544595915,0.2599718001600726,0.5374376662678271,21.168803866896614,0.10350215843917819,1.2790768891824573,-0.08743976003177517,True,True,0.1540715772940906,True,True,swing_low,swing_high,limit,JBL,XLK,off,57.7,2026-03-11,97,-796.2788199999981
2026-03-16 10:00:00,25.81,25.47,27.01,27.77,2026-04-13 15:54:00,trail,1898,19,0.02953591186934369,0.00038908214008434133,3.529411764705892,0.7657649012323341,2,0.5814848867405394,27.746801205196046,0.22240720089940694,0.7657649012323341,17.391497658510268,0.11383141378090726,1.1056590855334396,-0.28684658982450545,True,True,0.09611914100815921,True,True,VAL,52w_high,limit,PFE,XLV,off,60.0,2026-03-11,945,9.489888483620124
2026-03-16 10:00:00,55.68,53.46,60.89,63.62,2026-05-11 15:54:00,time,1918,40,2.712288288288289,0.10814080459770112,2.3468468468468484,0.02989077345064718,2,1.1167306300288211,10.016580188405902,0.05408622136534372,0.02989077345064718,26.718563382008607,0.16135333210217023,1.1300543419637805,-0.37564369091473093,True,True,0.07581181444145524,True,True,swing_low,swing_high,limit,CFG,XLF,off,37.3,2026-03-11,400,2408.5119999999993
2026-03-17 10:00:00,24.88,24.78,25.22,25.31,2026-03-19 15:54:00,stop,1881,2,-1.2483000000000053,-0.005017282958199271,3.400000000000071,0.43195308086751255,3,1.1250603707413975,0.8641180669748387,0.023072478838673926,0.43195308086751255,33.8567199280951,0.2375552210228124,1.5103206622990464,0.17394408677031586,True,True,0.06798659315240663,True,True,VAL,swing_high,limit,CA,XLV,off,67.3,2026-03-16,1,-0.12482999999999786
2026-03-19 10:00:00,304.86,298.12,318.35,327.56,2026-03-20 15:54:00,lrc_break,1883,2,-0.126793026706233,-0.002803204749721221,2.0014836795252213,0.9193531912068712,3,1.0739491124901699,15.873965586253775,0.3790891811976999,0.9193531912068712,26.045937965897842,0.20101201556162718,1.8313767480396788,0.6719780644539501,True,True,0.2159246452209942,True,True,VAL,swing_high,limit,CME,XLF,off,75.1,2026-03-17,77,-65.80304500000088
2026-03-20 10:00:00,263.86,246.1,299.38,328.85,2026-03-20 15:54:00,stop,1883,0,-1.014356981981982,-0.06827476692185257,1.999999999999997,0.7677111574198168,3,0.8338706895058228,57.63353464522607,0.6524446429062383,0.7677111574198168,13.59944317583343,0.06437179927568482,1.3329846643730692,0.11213565852076379,True,True,0.6310799927341035,True,True,POC,LRC_upper,limit,COHR,XLK,off,71.1,2026-03-19,1,-18.01498000000002
2026-03-23 10:00:00,292.71,288.57,301.0,307.77,2026-03-23 15:54:00,lrc_break,1884,1,0.06932367149759466,0.00098049263776448,2.0024154589372096,0.7441914873465335,3,0.6792561412721138,-5.86162635093107,0.2421133198890215,0.7441914873465335,17.53920293772899,0.06601308079149859,1.7041176920609746,0.792354476120193,True,True,0.06676186983521015,True,True,swing_low,swing_high,limit,TRV,XLF,off,66.3,2026-03-19,80,22.960000000003276
2026-03-26 10:00:00,744.85,695.39,910.43,992.21,2026-03-26 15:54:00,stop,1887,0,-1.0145596441568945,-0.06736943008659467,3.347755762232103,0.8256517020951836,2,0.7273553244418907,45.27162699780489,1.1639225055100761,0.8256517020951836,25.221310098662947,-0.08871013506513181,1.8887012904193183,0.5165640777469597,True,True,1.0787129910690538,True,True,POC,LRC_upper,limit,LITE,XLK,off,69.2,2026-03-25,26,-1304.683120000001
2026-03-26 10:00:00,236.85,233.92,242.72,249.04,2026-04-07 15:54:00,stop,1894,7,-1.0803361774744025,-0.013364513405108748,2.003412969283273,0.5532255080038756,2,0.6905364358884651,19.95329803551005,0.2106265469070492,0.5532255080038756,21.295437162669675,0.05655375098468543,1.1596827257855116,-0.6656951052112409,True,True,0.21326750326788768,True,True,VAL,swing_high,limit,JNJ,XLV,off,60.7,2026-03-25,18,-56.976930000000124
2026-03-30 10:00:00,19.14,18.47,20.49,21.39,2026-03-30 15:54:00,stop,1888,0,-1.0280671641791044,-0.03598772204806696,2.01492537313432,0.18901411577505564,2,1.0553409605445203,56.44124544624073,0.11591224245443073,0.18901411577505564,15.3226165875541,-0.00917742035816161,1.477180648684017,0.09196587809139511,True,True,0.3015095633752358,True,True,AVWAP,swing_high,limit,NOV,XLF,off,48.7,2026-03-25,948,-652.9871400000017
2026-04-02 10:00:00,708.585,632.52,924.92,1057.05,2026-05-18 15:54:00,lrc_break,1923,32,2.308528462499176,0.24781531855740663,2.8440807204364655,0.7366147380223762,2,1.0965299144000418,40.37916932160173,0.9851612173763646,0.7366147380223762,19.976077127528722,-0.13941071197204483,1.8305236688099198,0.7379229999097049,True,True,1.1389830130365493,True,True,VAL,LRC_upper,limit,LITE,XLK,off,65.0,2026-04-01,16,2809.5714799999996
2026-04-02 10:00:00,642.09,609.2,777.6,861.13,2026-05-12 15:54:00,trail,311,27,22.603388415955727,1.157821247801373,4.120097294010339,0.41118181358460903,3,0.5612300917483786,51.019436221589075,0.4474037804735077,0.41118181358460903,20.94459436724087,0.1256839498527352,1.3412695337908682,0.28390274377700125,True,True,1.9942223206551155,True,True,POC,52w_high,limit,SNDK,XLK,off,61.2,2026-04-01,37,27506.741465028994
2026-04-02 10:00:00,18.82,18.38,20.29,21.02,2026-05-29 15:54:00,time,1930,40,7.635204545454521,0.1785063761955366,3.3409090909090784,0.03946742649905221,2,0.66850757725444,56.89378977609212,0.0509947115797715,0.03946742649905221,24.733394304388764,-0.17075627743759925,1.5554643010963536,0.8166365330874448,True,True,0.0932343470796897,True,True,POC,LRC_upper,limit,MAC,XLF,off,41.6,2026-04-01,1229,4128.813209999999
2026-04-10 10:00:00,119.84,117.11,125.31,129.29,2026-04-14 15:54:00,stop,1899,2,-1.0433974358974358,-0.023768983644859847,2.0036630036630005,0.1088737421380776,2,0.9462359304915865,69.84923770639968,0.07169836468351808,0.1088737421380776,13.533052381413457,0.12422864812319141,1.3404976028324802,-0.20921514634668315,True,True,0.17295964240332373,True,True,VAH,LRC_upper,limit,MRK,XLV,off,44.6,2026-04-09,35,-99.69662500000014
2026-04-16 10:00:00,26.3,25.75,27.42,27.96,2026-04-23 15:54:00,stop,1906,5,-1.0473181818181816,-0.021902091254752877,2.0363636363636357,0.10944789896498872,2,0.9609507138001162,35.64512954553542,0.04012796369799248,0.10944789896498872,15.39392989152466,-0.020805211341690055,1.0178525675908763,0.5064293321468961,True,True,0.10183631323792897,True,True,VAL,LRC_upper,limit,PFE,XLV,off,45.7,2026-04-15,1061,-611.1625250000008
2026-04-20 10:00:00,87.89,86.09,91.49,98.59,2026-04-22 15:54:00,stop,1905,2,-1.048327777777778,-0.021469905563772866,2.0,0.22337452125796023,2,0.8102921307782576,64.24664285554539,0.10464849037786733,0.22337452125796023,14.237223240187127,-0.004921714790683711,1.0707294606664282,0.8454392370711042,True,False,-0.12209356285938855,True,True,swing_low,LRC_upper,limit,NDAQ,XLF,off,39.8,2026-04-17,7,-13.208929999999981
2026-04-23 10:00:00,128.46,125.38,137.94,151.17,2026-04-23 15:54:00,stop,1905,0,-1.041207792207792,-0.024964346878405826,3.077922077922062,0.33540590845367935,2,0.6164129308188766,54.85636037169349,0.1630540546264465,0.33540590845367935,13.041033959044201,-0.045909787333302525,1.0161859701082487,0.8121830390534007,True,True,-0.15847171721040798,True,True,POC,swing_high,limit,ILMN,XLV,off,40.4,2026-04-22,4,-12.82768000000005
2026-04-24 10:00:00,33.36,32.49,35.49,36.88,2026-05-06 15:54:00,stop,1879,8,-1.0378448275862069,-0.027066097122302082,2.4482758620689755,0.29805667125730245,2,0.7316838654020117,43.20189319298293,0.19775047588718653,0.29805667125730245,22.44863630057995,0.0703762443839553,1.8989741444728705,-0.7307017444364703,True,True,0.2422238836069459,True,True,swing_low,swing_high,limit,CTRA,XLF,off,53.2,2026-04-23,836,-754.8452999999979
2026-05-06 10:00:00,358.83,348.95,386.51,397.15,2026-05-26 15:54:00,lrc_break,1928,14,1.339511133603242,0.03688200540645995,2.8016194331983826,0.6471775120782105,3,1.0879679437580343,66.35235375798017,0.5416823258221677,0.6471775120782105,52.93640388145775,0.04210208614907641,1.388428313218665,0.94232303808314,True,True,0.23957774300371693,True,True,POC,LRC_upper,limit,UNH,XLV,off,73.9,2026-05-05,39,516.140430000001
2026-05-06 10:00:00,36.1,35.41,38.73,40.77,2026-05-11 15:54:00,stop,1917,3,-1.0518188405797098,-0.02010401662049875,3.8115942028985175,0.7109376843151328,2,0.66326547521333,68.16580580167772,0.4321267412758143,0.7109376843151328,41.693911685547185,0.2068379381476593,0.6588536913900727,0.9095604225992657,True,True,0.25920941804580755,True,True,POC,52w_high,limit,MTCH,XLK,off,62.0,2026-05-05,1,-0.7257550000000048
2026-05-07 10:00:00,92.19,88.26,100.06,109.18,2026-05-07 15:54:00,stop,1915,0,-1.0229580152671758,-0.04360803774812879,2.0025445292620914,0.7655910456631211,2,1.1262255062807305,30.63514995334513,0.8123281225225156,0.7655910456631211,29.971098968691383,0.10466818487246297,1.0728393164805736,-0.30202730825730445,True,True,0.3478008937924413,True,True,POC,swing_high,limit,PVH,XLF,off,70.1,2026-05-06,294,-1181.946149999998
2026-05-08 10:00:00,72.56,70.75,77.24,80.53,2026-05-14 15:54:00,stop,1920,4,-1.0395883977900553,-0.025932400771775114,2.5856353591160146,0.17166950435367373,2,0.7115679562151392,65.44400328310806,0.10335895985752933,0.17166950435367373,15.77222302549473,0.0017872359844204786,0.6385137301132329,0.5303797222982692,True,True,-0.05999099967413524,True,True,POC,LRC_upper,limit,EMN,XLF,off,37.6,2026-05-06,358,-673.6324900000009
2026-05-12 10:00:00,104.82,100.67,116.38,122.95,2026-05-12 15:54:00,stop,1919,0,-1.0247578313253012,-0.04057188513642426,2.7855421686747053,0.8079354726987712,3,0.9325899767745077,69.94338878591849,1.067852004830052,0.8079354726987712,43.16845324381419,0.35801307920542913,2.049234138487709,0.9491883698559463,True,True,0.6121722234438909,True,True,POC,LRC_upper,limit,ON,XLK,off,74.5,2026-05-11,235,-999.3950749999979
2026-05-13 10:00:00,72.31,70.76,75.42,80.24,2026-05-22 15:54:00,stop,1926,7,-1.0461516129032258,-0.022424768358456602,2.0064516129032293,0.7094663485109349,3,0.6748148058225071,18.449826578309942,0.3130605386790064,0.7094663485109349,16.746037894536205,0.10341592391641154,1.2198698553745302,0.5650123487712111,True,True,0.19248524287153335,True,True,VAL,swing_high,limit,FTI,XLF,off,69.8,2026-05-12,439,-711.8538649999988
2026-05-13 10:00:00,355.03,344.33,376.44,390.15,2026-05-18 15:54:00,stop,1923,3,-1.0326803738317756,-0.03112322902289944,2.000934579439257,0.5635525861029003,3,0.9560458654759773,73.15652391282285,0.4181911949823303,0.5635525861029003,21.813177026429432,0.33753674171600045,1.317610797318627,0.9661129794325294,True,True,0.1735809290240724,True,True,VAH,52w_high,limit,CDNS,XLK,off,65.9,2026-05-12,89,-983.4215199999991
2026-05-13 10:00:00,184.93,177.79,199.21,223.13,2026-06-05 15:54:00,trail,1936,16,4.9751044109030005,0.1920848185467339,1.999999999999996,0.527804411015888,3,0.8042061411740425,60.10840509386076,0.46790128421064353,0.527804411015888,29.503297029932103,0.171290352623528,1.0240562447132746,0.12814124085262762,True,True,0.14932967244034034,True,True,POC,swing_high,limit,ORCL,XLK,off,64.7,2026-05-12,62,2202.3792206185453
2026-05-13 10:00:00,98.22,96.24,102.19,108.56,2026-05-15 15:54:00,stop,1922,2,-1.0491060606060605,-0.021148747709224234,2.0050505050505003,0.25502484252710217,2,0.6682916443227187,66.04350246539596,0.09356518515755956,0.25502484252710217,14.52759839787158,-0.10412415388367825,1.1210461692234408,0.8559548661425896,True,True,-0.028952003420903427,True,True,POC,LRC_upper,limit,INCY,XLV,off,41.4,2026-05-12,1,-2.077230000000004
2026-05-15 10:00:00,296.57,290.8,319.88,330.66,2026-07-14 15:54:00,time,1961,40,10.48925563258236,0.20407662609164792,4.039861351819771,0.8786290291029007,3,0.5534261230699533,13.50647891871505,0.5877158681269623,0.8786290291029007,38.01373081428689,0.013463549370678217,1.4689673224895297,0.6102477922454753,True,True,0.17178447951254383,True,True,VAL,swing_high,limit,WST,XLV,off,78.4,2026-05-14,85,5144.455425000002
2026-05-18 10:00:00,58.11,56.43,62.2,64.54,2026-06-16 15:54:00,lrc_break,1943,21,1.916815476190477,0.05541645155739117,2.434523809523812,0.6722632991949321,3,0.8557121006897495,69.3680630456182,0.9357053837341034,0.6722632991949321,53.64755893567767,0.32530475679867826,1.1207563510193514,0.8190539288948249,True,True,0.38684594599059663,True,True,VAH,52w_high,limit,CNC,XLV,off,73.2,2026-05-15,4,12.881000000000004
2026-05-19 10:00:00,334.04,326.9,372.21,390.24,2026-05-19 15:54:00,stop,1924,0,-1.04628431372549,-0.022363998323554193,5.345938375350102,0.9017644279825077,2,0.5055075915674067,-5.533528761025055,0.7012828091291761,0.9017644279825077,28.252175314261777,-0.021922905772615332,1.522210522269469,0.5128533216141468,True,True,0.26179521432679453,True,True,VAL,52w_high,limit,JBL,XLK,off,76.1,2026-05-18,93,-694.753710000004
2026-05-19 10:00:00,331.9,321.46,352.78,370.18,2026-05-19 15:54:00,lrc_break,1924,1,1.137164272030655,0.03576979511901186,2.0,0.8723724885341997,3,0.929313580365759,-12.8107206217919,0.5385698667039907,0.8723724885341997,25.216826923796663,0.0017550637946511505,1.1524740623387442,0.2765123510853688,True,True,0.3925166802818256,True,True,swing_low,swing_high,limit,KEYS,XLK,off,73.6,2026-05-18,41,486.7517950000015
2026-05-20 10:00:00,303.67,291.67,330.73,339.83,2026-05-29 15:54:00,lrc_break,1931,7,0.012175416666665722,0.0004811308328118966,2.2550000000000003,0.8955057598495266,3,1.205140409947166,46.326287927749455,0.9349487512467574,0.8955057598495266,56.81235244923385,0.22089948623368233,1.5603221604335866,0.7573923194082658,True,True,0.32809817273097175,True,True,VAH,LRC_upper,limit,TXN,XLK,off,84.2,2026-05-19,102,14.902709999998837
2026-05-20 10:00:00,335.39,328.38,365.01,376.44,2026-06-05 15:54:00,trail,1936,11,7.049059572075663,0.14733268016413828,4.225392296718979,0.742401871228478,3,0.6734812139561313,22.382961110450523,0.5048153348947884,0.742401871228478,18.590517158551073,0.27907232356815187,1.194928699854427,0.7325968573627516,True,True,0.08208807522053996,True,True,VAL,swing_high,limit,CDNS,XLK,off,73.2,2026-05-19,40,1976.5563040100135
2026-05-26 10:00:00,23.43,22.41,26.6,27.85,2026-05-26 15:54:00,lrc_break,1927,1,-0.5619166666666676,-0.024462441314554023,3.107843137254905,0.8139715746247511,3,0.93580925331061,-2.6430604590226165,0.6136023168161266,0.8139715746247511,23.434113311227918,0.020347804408943498,1.4028916914386411,0.44254040080302365,True,True,0.14294254700199738,True,True,swing_low,swing_high,limit,HOG,XLF,off,79.5,2026-05-22,1332,-763.4424600000009
2026-05-27 10:00:00,251.26,247.26,259.27,265.18,2026-05-28 15:54:00,stop,1930,1,-1.062315,-0.01691180450529332,2.0024999999999977,0.8686281603007378,2,0.7051812627866593,70.99936485378336,0.3447199051814153,0.8686281603007378,42.725611022141656,0.13587435428369288,1.1667774097228194,-0.24872276476610267,True,True,0.07690810081836608,True,True,VAH,swing_high,limit,AIZ,XLF,off,63.6,2026-05-22,126,-535.40676
2026-05-27 10:00:00,1058.7,1041.24,1093.62,1133.18,2026-05-28 15:54:00,stop,1930,1,-1.060135738831615,-0.017483678095777878,1.999999999999987,0.7915700827124844,2,0.7507111573542914,24.62352180243596,0.2768797558952796,0.7915700827124844,14.980808707576536,-0.010988642145181223,1.3601662930291103,0.6540296755204222,True,True,-0.07281107415094468,True,True,swing_low,swing_high,limit,BLK,XLF,off,56.1,2026-05-26,12,-222.11964000000046
2026-05-29 10:00:00,379.27,369.45,399.4,434.59,2026-05-29 15:54:00,lrc_break,1931,1,-0.3877347250509175,-0.010039167347799739,2.049898167006111,0.9044123880635833,2,1.075526626666385,0.014551372973704764,0.7418948384055783,0.9044123880635833,44.0073158880624,0.27017858203303186,1.2025423992109945,-0.06608960173089344,True,True,0.25511292639310224,True,True,VAL,swing_high,limit,UNH,XLV,off,74.8,2026-05-28,83,-316.02706500000056
2026-05-29 10:00:00,19.89,19.47,21.1,21.63,2026-06-17 15:54:00,stop,1943,13,-1.0468571428571427,-0.02210558069381607,2.880952380952371,0.6103906807128612,3,0.683407252756596,21.075331884852467,0.20107517834441524,0.6103906807128612,13.234349847432219,0.0662995454698369,1.3521451777967324,0.19314267060914644,True,True,-0.05870735948816497,True,True,POC,swing_high,limit,NOV,XLF,off,61.3,2026-05-28,640,-281.39520000000107
2026-06-01 10:00:00,119.35,116.74,126.58,129.81,2026-06-09 15:54:00,trail,1938,6,-0.30568357994973344,-0.006684827345360738,2.7701149425287377,0.8498587870143922,3,0.7217372427509919,70.51259671726471,0.8012718798674502,0.8498587870143922,50.7667381659591,0.2206881823451436,2.2509781409486265,0.9138699822098986,True,True,0.404146356803321,True,True,POC,LRC_upper,limit,CSCO,XLK,off,78.1,2026-05-29,265,-211.42604807223307
2026-06-01 10:00:00,61.28,60.21,64.32,66.58,2026-06-03 15:54:00,stop,1933,2,-1.0567710280373832,-0.018452105091383817,2.8411214953270947,0.5206984227653517,2,0.8355695935931384,36.83715709319802,0.20657407524678714,0.5206984227653517,14.45338733074512,-0.08700894533187659,1.8208317298484784,0.6019314770245995,True,True,0.01232304281652108,True,True,swing_low,swing_high,limit,ZION,XLF,off,51.6,2026-05-29,517,-584.5951650000002
2026-06-01 10:00:00,49.06,48.38,51.49,52.48,2026-06-01 15:54:00,stop,1932,0,-1.0716470588235294,-0.0148536485935589,3.573529411764707,0.3225905290353943,2,0.7038626897210233,40.91738324592897,0.16340491628630593,0.3225905290353943,15.98605605700857,-0.0691271960916017,1.8996580273407508,0.20919631194726407,True,True,-0.061377237729368095,True,True,swing_low,swing_high,limit,FITB,XLF,off,44.2,2026-05-29,532,-387.6790399999999
2026-06-02 10:00:00,30.53,30.04,31.51,34.83,2026-06-02 15:54:00,lrc_break,1933,1,0.5088367346938706,0.008166721257779154,1.9999999999999927,0.9087184371990126,3,0.6499560866840528,-6.992364652404222,0.6528559245278018,0.9087184371990126,27.886232016190824,0.15286697502604,1.3606768187692535,0.6547015771199182,True,True,0.06372807796694735,True,True,swing_low,swing_high,limit,BEN,XLF,off,72.8,2026-06-01,842,209.93585999999797
2026-06-03 10:00:00,24.25,23.25,26.6,27.53,2026-07-23 15:54:00,trail,1967,34,1.1992712306300939,0.04945448373732346,2.3500000000000014,0.6642633051791575,2,1.076864157595754,27.75711358630142,0.4340368904764765,0.6642633051791575,17.981008962382955,0.030473417712822987,1.7200926357416304,-0.16010530072259757,True,True,0.2041422544416207,True,True,POC,swing_high,limit,HOG,XLF,off,66.7,2026-06-02,1069,1282.0209455435706
2026-06-05 10:00:00,407.39,394.32,436.98,448.67,2026-06-11 15:54:00,stop,1940,4,-1.0306698546289212,-0.03306623873929157,2.2639632746748313,0.9154269159889202,3,1.2210917587108694,32.12160076781023,0.6278440605754347,0.9154269159889202,47.767803675105036,0.27267485336155506,1.9102125816738769,0.820127176535223,True,True,0.2776518097771823,True,True,VAH,LRC_upper,limit,ELV,XLV,off,82.4,2026-06-04,76,-1023.7849799999995
2026-06-08 10:00:00,265.03,246.07,302.95,328.93,2026-07-08 15:54:00,trail,1957,20,2.830593712416491,0.2024980447021719,2.000000000000003,0.8825620932249073,3,1.4758717856505783,45.61102279394453,1.0527663450033284,0.8825620932249073,48.490428700797814,0.530073560679035,1.6904527318988236,0.6202436477303735,True,True,0.4622403248189908,True,True,POC,52w_high,limit,PANW,XLK,off,75.9,2026-06-05,83,4454.448713355579
2026-06-08 10:00:00,277.87,256.36,320.89,343.54,2026-06-09 15:54:00,stop,1938,1,-1.0124181775918177,-0.07837159463058262,2.0,0.7499939587388441,3,1.298340596982931,46.615557006042096,0.8356503558579779,0.7499939587388441,46.86125362663179,0.2713358622635154,1.5515679235971345,0.9496345838345371,True,True,0.30816112300768683,True,True,swing_low,LRC_upper,limit,FSLR,XLK,off,74.4,2026-06-05,25,-544.4278749999999
2026-06-10 10:00:00,462.22,429.73,527.2,595.91,2026-06-10 15:54:00,lrc_break,1939,1,-0.3163222530009248,-0.022234671801306845,2.0,0.9443644962047621,3,1.012183597686916,-19.80812700052894,1.314527330302228,0.9443644962047621,38.60519426376583,0.2089148807979571,2.097481716836043,0.16413245744186303,True,True,1.0509845538913067,True,True,POC,swing_high,limit,AMD,XLK,off,77.6,2026-06-09,49,-503.58819000000244
2026-06-10 10:00:00,72.7,69.91,78.3,81.47,2026-06-23 15:54:00,stop,1946,8,-1.0255573476702509,-0.039357702888583306,2.0071684587813556,0.8521179737656447,3,0.8560861267870966,55.206199191638525,0.6688119209100961,0.8521179737656447,40.58903865077451,0.12107733376016251,2.19330620423965,0.9394215002899109,True,True,0.21858458641545098,True,True,POC,LRC_upper,limit,BWA,XLF,off,76.7,2026-06-09,212,-606.5966600000013
2026-06-11 10:00:00,228.64,216.18,278.7,290.15,2026-06-17 15:54:00,lrc_break,1694,5,-0.17958547351524834,-0.009786717109867,4.017656500802575,0.88439426001838,3,0.9249486381854152,10.8283905986759,1.3203055569385886,0.88439426001838,53.23919555413037,0.18330234600598388,1.5487815386330315,0.2988978333089999,True,True,0.5786216422816881,True,True,POC,swing_high,limit,DDOG,XLK,off,86.5,2026-06-10,96,-214.81295999999912
2026-06-12 10:00:00,200.76,185.44,245.65,283.05,2026-06-26 15:54:00,stop,1950,9,-1.0126044386422977,-0.07727186690575809,2.930156657963449,0.8034391429971302,3,0.8883766514311114,-7.815568689272546,1.0747447937344496,0.8034391429971302,29.047502248598647,0.01611846458867646,2.2413246462914853,0.7747246267889978,True,True,0.3236911398608635,True,True,VAL,swing_high,limit,QCOM,XLK,off,79.1,2026-06-11,104,-1613.3623999999993
2026-06-17 10:00:00,366.86,353.58,395.98,411.02,2026-06-22 15:54:00,lrc_break,1946,3,-0.553717243975903,-0.020044063130349475,2.1927710843373447,0.9643640730148398,3,1.1095300391379588,38.941993508894136,1.0809050858143525,0.9643640730148398,69.44245574601251,0.24154541084291473,3.1477146862841003,0.8938556988275295,True,True,0.8657259122723879,True,True,VAH,LRC_upper,limit,HUM,XLV,off,80.8,2026-06-16,25,-183.83412500000023
2026-06-18 10:00:00,60.98,58.2,66.55,75.57,2026-07-16 15:54:00,lrc_break,1963,19,1.024303956834536,0.04669670383732378,2.0035971223021627,0.861147061482551,3,1.1614087697764786,-4.263646249112794,0.9031634642649871,0.861147061482551,48.15593005430073,0.07982360414085495,1.4031445500431776,0.4219710891262364,True,True,0.4451290268687669,True,True,POC,swing_high,limit,CNC,XLV,off,79.9,2026-06-17,519,1477.886235000002
2026-06-18 10:00:00,379.48,369.43,399.59,441.71,2026-06-18 15:54:00,lrc_break,1945,1,0.5599517412935308,0.014829543058922711,2.0009950248756154,0.8956027524205615,3,0.7879386173771604,-11.894613658947534,0.6189996061037188,0.8956027524205615,31.7695520200152,0.04815232935615473,1.5650078737563278,0.6881286251850681,True,True,0.17528769177572667,True,True,swing_low,swing_high,limit,FFIV,XLK,off,74.5,2026-06-17,7,39.39260499999993
2026-06-22 10:00:00,146.355,136.18,172.11,180.66,2026-07-22 15:54:00,lrc_break,1967,22,0.8397343980344016,0.05838063270814132,2.5312039312039376,0.9208873455634796,3,1.7414657540866112,8.125654256907382,1.1205156588897918,0.9208873455634796,49.44534398389973,0.3774080173165462,2.3475327408195694,0.7149107035627515,True,True,0.49744917089735674,True,True,VAL,LRC_upper,limit,FTNT,XLK,off,84.6,2026-06-18,19,162.3416525000004
2026-06-23 10:00:00,20.5,19.57,22.36,23.62,2026-08-05 15:54:00,stop,1976,30,-1.0215430107526882,-0.0463431707317073,2.0,0.7099802211192875,3,1.1032470756712431,49.30878534430799,0.5860464420370678,0.7099802211192875,38.308879429479326,0.13200972973314415,1.121882256905145,0.5009228939603475,True,True,0.29631371289720776,True,True,POC,52w_high,limit,PENN,XLF,off,70.8,2026-06-22,444,-421.8155399999998
2026-06-24 10:00:00,352.84,339.28,379.96,409.12,2026-06-24 15:54:00,lrc_break,1948,1,0.5599693952802393,0.021520193288742905,2.0,0.9579282553444554,3,1.1635228903038433,-5.793133376360567,1.0316123315598253,0.9579282553444554,65.52026150581969,0.06628740456790977,2.4190832026756093,0.8069047241909028,True,True,0.8359168884643442,True,True,VAL,52w_high,limit,HUM,XLV,off,78.0,2026-06-23,42,318.9137700000019
2026-06-25 10:00:00,105.47,102.6,111.22,114.51,2026-06-25 15:54:00,lrc_break,1949,1,-0.32580313588850063,-0.008865601592869995,2.003484320557488,0.8907178331594624,2,1.197137478002057,-2.1089902767488433,0.2985044419019228,0.8907178331594624,31.717847996497625,-0.025633488647778927,1.4086978712179792,0.6442571111607184,True,True,0.05554073743334431,True,True,VAL,swing_high,limit,PFG,XLF,off,65.7,2026-06-24,143,-133.71286499999974
2026-06-26 10:00:00,374.33,360.55,415.41,429.98,2026-07-16 15:54:00,lrc_break,1963,14,0.8541070391872321,0.03144176261587379,2.9811320754717068,0.9507933741107543,3,1.1127736897001546,21.09117455796238,0.9973869529634546,0.9507933741107543,62.658071070115426,0.10953832149527395,2.5947134719375633,0.7277165966051532,True,True,0.8674949054266561,True,True,POC,LRC_upper,limit,HUM,XLV,off,83.9,2026-06-25,40,470.78380000000135
2026-06-29 10:00:00,88.81,87.14,92.67,95.12,2026-07-06 15:54:00,stop,1954,4,-1.0526796407185628,-0.019794786623128044,2.311377245508979,0.868978828468985,3,0.9321828949532287,33.32303056522426,0.33156824494998116,0.868978828468985,42.02466800447087,0.006672305617109508,1.5682545354886739,0.6219111679094091,True,True,0.029571261872398003,True,True,VAL,52w_high,limit,UNM,XLF,off,69.4,2026-06-26,217,-381.48057500000033
2026-07-07 10:00:00,923.01,875.01,1089.12,1254.81,2026-07-07 15:54:00,lrc_break,1956,1,0.30081885416666676,0.015643714585974154,3.460624999999998,0.8420180730392064,2,0.5157185723918885,-11.379304845658607,1.1271591273908248,0.8420180730392064,21.63056698964772,-0.06869576478300551,1.3448564905109806,0.26340315067505066,True,True,1.2507369108355486,True,True,VAL,swing_high,limit,MU,XLK,off,67.2,2026-07-06,20,288.7861000000001
2026-07-08 10:00:00,236.93,233.46,246.62,251.37,2026-07-08 15:54:00,stop,1957,0,-1.0677795389048992,-0.015638353100071747,2.7925072046109514,0.7041781231527359,3,0.7975005766510367,65.2291808600921,0.2755838808848685,0.7041781231527359,37.36615120263754,0.006275700421892865,1.34497439113872,0.6545825967390612,True,True,-0.040810183124746935,True,True,VAH,LRC_upper,limit,MTB,XLF,off,63.7,2026-07-07,81,-300.12079499999993
2026-07-09 10:00:00,32.22,31.27,35.78,39.61,2026-07-24 15:54:00,trail,1968,11,4.279715789473689,0.12618653010552455,3.7473684210526366,0.7706095016449585,3,0.6132453149236856,42.937836622361125,0.5392630837154729,0.7706095016449585,22.137921111361916,0.0001537052579428629,1.1511207191615205,0.5371674988029389,True,True,0.1963446752489888,True,True,POC,LRC_upper,limit,RHI,XLF,off,77.2,2026-07-08,1023,4159.241790000001
2026-07-10 10:00:00,577.62,520.6,721.67,789.1,2026-07-17 15:54:00,stop,1964,5,-1.0096301297790249,-0.09966606073196908,2.5263065591020695,0.818809627689151,2,1.2100353484398283,14.294080448043761,0.8920954548239759,0.818809627689151,26.48137946304706,-0.10043864353997602,1.6272337059087685,0.46501575941991435,True,True,0.3189526228962978,True,True,AVWAP,LRC_upper,limit,AMAT,XLK,off,70.3,2026-07-09,21,-1208.9513099999997
2026-07-15 10:00:00,243.32,236.61,259.79,266.23,2026-07-31 15:54:00,lrc_break,1974,13,1.0987883755588714,0.03030112608910079,2.454545454545466,0.8558985199874141,3,1.0577597101145493,20.300092129876578,0.43776584598923596,0.8558985199874141,31.872620527513266,0.3256917634607619,1.2635177473029244,0.6129692585626012,True,True,0.049051794105058555,True,True,VAL,swing_high,limit,ABBV,XLV,off,74.8,2026-07-14,125,921.6087500000006
2026-07-17 10:00:00,360.16,352.19,377.75,387.76,2026-07-20 15:54:00,stop,1965,1,-1.0446894604767878,-0.023117989227010294,2.2070263488080193,0.8056244727332181,3,1.004548800777925,55.23216547835227,0.3398285030661837,0.8056244727332181,29.785514227593865,0.3052251898959237,1.7611860748968713,0.7667211329851513,True,True,0.2008097052630926,True,True,POC,LRC_upper,limit,WST,XLV,off,75.0,2026-07-16,97,-807.6389750000027
2026-07-17 10:00:00,86.96,84.28,96.29,99.85,2026-07-17 15:54:00,lrc_break,1964,1,-0.4911735074626841,-0.015137362005519664,3.481343283582104,0.7254253826553609,2,1.0649531866545654,-7.332348589626436,0.2587006072001248,0.7254253826553609,18.747529353069083,-0.09448194643540876,1.138062958298109,0.5270940884334631,True,True,-0.008928125863089553,True,True,swing_low,52w_high,limit,EW,XLV,off,61.1,2026-07-16,159,-209.29885499999838
2026-07-20 10:00:00,400.32,386.61,428.88,446.97,2026-07-24 15:54:00,lrc_break,1969,5,-0.83113202042305,-0.028464278577138288,2.0831509846827165,0.9095630113531934,2,0.8904380284795689,12.89211195868647,0.7052664429785956,0.9095630113531934,60.177078261675696,-0.00989951941665647,2.0940911586238484,0.9185026551161855,True,True,0.7821994271296417,True,True,swing_low,52w_high,limit,HUM,XLV,off,73.7,2026-07-17,61,-695.08402
2026-07-20 10:00:00,39.03,38.17,40.75,41.73,2026-07-22 15:54:00,stop,1966,2,-1.0448837209302326,-0.023023315398411463,2.0,0.37477836782894197,3,0.684235140382647,69.90980209409783,0.1878096617511299,0.37477836782894197,27.750020706134357,0.1399013252964718,1.2637816312282495,0.5570775070660655,True,True,0.010620170351533842,True,True,VAH,LRC_upper,limit,MTCH,XLK,off,55.3,2026-07-17,3,-2.6957999999999984
2026-07-21 10:00:00,180.03,176.5,196.66,205.37,2026-08-07 15:54:00,lrc_break,1978,14,2.194335694050993,0.04302619007943124,4.7110481586402235,0.8933381840584139,3,0.531110889930154,9.53812089487499,0.5912311706920548,0.8933381840584139,38.544263042632934,0.16665848709854258,1.427393729464296,0.4218312708603817,True,True,0.2507341401893197,True,True,VAL,swing_high,limit,ILMN,XLV,off,77.3,2026-07-20,189,1463.9949450000013
2026-07-23 10:00:00,335.58,319.84,368.49,387.89,2026-07-23 15:54:00,lrc_break,1968,1,-0.6531515247776355,-0.03063533285654684,2.0908513341804325,0.8688616625002973,3,0.9462390801329706,12.039130636994283,0.7450764744281964,0.8688616625002973,43.81138701037087,0.1039017405738201,1.5439628103254006,0.662457462133244,True,True,0.7466076811598643,True,True,VAL,swing_high,limit,PANW,XLK,off,79.1,2026-07-22,9,-92.52544499999989
2026-07-23 10:00:00,78.25,75.95,89.26,93.8,2026-07-24 15:54:00,stop,1969,1,-1.033521739130435,-0.030378274760383354,4.786956521739139,0.6274006402999042,2,0.7097862089829314,16.55536832343944,0.47784230289357604,0.6274006402999042,17.841139499015863,0.09793834004431166,1.4086068002971799,-0.8360322631887275,True,True,-0.05359590604235698,True,True,VAL,swing_high,limit,APH,XLK,off,61.7,2026-07-22,1,-2.377099999999997
2026-07-24 10:00:00,38.61,37.69,41.12,42.43,2026-08-17 15:54:00,lrc_break,1984,17,-0.8133206521739125,-0.019379823879823902,2.72826086956521,0.8151068545144747,3,0.7806734993904763,5.0784093543403515,0.4886853361379864,0.8151068545144747,23.09524275306556,0.07187692568833727,1.8935318308483855,0.8628869820022929,True,True,0.22496641974857745,True,True,VAL,swing_high,limit,VNO,XLF,off,75.5,2026-07-23,782,-585.1354100000007
2026-07-27 10:00:00,330.14,310.97,368.49,388.62,2026-07-27 15:54:00,lrc_break,1970,1,-0.6856405842462191,-0.03981259465681224,2.0005216484089776,0.8257462720755584,3,1.2047973787768274,-0.802853998531418,0.6803976588640184,0.8257462720755584,39.5676901602743,0.059977299816508865,1.3465978001486272,0.12136073410176261,True,True,0.6883500126025459,True,True,swing_low,swing_high,limit,PANW,XLK,off,82.9,2026-07-24,88,-1156.6482399999993
2026-07-27 10:00:00,251.7,245.61,265.08,270.46,2026-07-27 15:54:00,lrc_break,1970,1,-0.37942036124794937,-0.009180254270957498,2.1970443349753777,0.9408642861668657,3,1.2496220571145966,0.8401888057604088,0.3806144696281863,0.9408642861668657,31.350788241148468,0.1943501168782937,1.5930527519106512,0.9114271037748886,True,True,0.015126726959328929,True,True,VAL,LRC_upper,limit,PNC,XLF,off,76.1,2026-07-24,126,-291.1444200000003
2026-07-27 10:00:00,84.61,83.06,87.72,91.72,2026-07-27 15:54:00,lrc_break,1970,1,-0.05458709677419365,-0.001,2.0064516129032293,0.9060989177909607,3,0.8254982950729066,-0.9220220027504176,0.37585224200831807,0.9060989177909607,33.229762022814604,0.13473191900149006,2.0839842146748886,0.7692044602156342,True,True,-0.013111910382001435,True,True,VAL,swing_high,limit,HSIC,XLV,off,67.7,2026-07-24,1,-0.08461
2026-07-27 10:00:00,46.2,43.83,50.95,59.76,2026-07-28 15:54:00,stop,1971,1,-1.0189936708860758,-0.05227305194805204,2.0042194092826966,0.2821458299910413,2,0.8793110626790432,39.10648835256645,0.4370103000801825,0.2821458299910413,17.216111801946035,-0.026762828964308427,1.423030189116352,0.19916896522962443,True,True,0.5465819075437477,True,True,swing_low,swing_high,limit,HPE,XLK,off,50.2,2026-07-24,1,-2.4150150000000044
2026-07-28 10:00:00,61.79,60.72,63.93,65.02,2026-07-29 15:54:00,stop,1972,1,-1.0572476635514019,-0.018308059556562558,2.0,0.9665805130849662,3,0.9054534641867404,26.034908267285545,0.42725728016361675,0.9665805130849662,35.50842046825576,0.06630300840546431,1.3446275902301705,0.6749831245053342,True,True,0.07505034433616165,True,True,POC,LRC_upper,limit,BAC,XLF,off,76.6,2026-07-27,542,-613.1402100000001
2026-07-28 10:00:00,161.05,154.3,183.77,187.46,2026-09-08 15:54:00,trail,2000,29,2.602429809226813,0.10907420808619053,3.3659259259259255,0.600477786306343,3,1.6758139033418242,71.18193807798265,0.1744151161583139,0.600477786306343,14.966435684205226,0.029087027254188963,1.1465357296478806,0.05738966035361503,True,True,-0.057384677244766924,True,True,swing_low,52w_high,limit,BDX,XLV,off,68.4,2026-07-27,161,2828.190595177239
2026-07-30 10:00:00,83.72,80.27,90.63,95.94,2026-07-31 15:54:00,lrc_break,1973,2,-0.6152753623188377,-0.02535475394171037,2.002898550724635,0.9198383432235764,3,1.1285198442336373,41.45299699817551,0.586548559577379,0.9198383432235764,41.17739814130752,0.17370293175295587,1.602297011666171,0.5188919385957727,True,True,0.205209414858589,True,True,POC,LRC_upper,limit,ETSY,XLK,off,76.2,2026-07-29,393,-834.2210999999968
2026-07-30 10:00:00,38.52,37.27,41.03,42.56,2026-08-05 15:54:00,trail,1976,4,-0.6211487288977867,-0.020156695511999827,2.0079999999999982,0.5757057962064199,2,1.0843524873818995,47.88845821650674,0.24141039886308208,0.5757057962064199,21.45416766777635,0.06798874733553568,1.2046427092673901,-0.6148987837787192,True,True,-0.04875966390108011,True,True,swing_low,swing_high,limit,MTCH,XLK,off,51.8,2026-07-27,1,-0.7764359111222334
2026-08-03 10:00:00,72.45,70.34,77.45,79.65,2026-08-04 15:54:00,lrc_break,1976,2,-0.5364549763033187,-0.015623464458247098,2.369668246445498,0.8209858427815844,3,1.1993106610363726,12.13751978465873,0.28387752453752507,0.8209858427815844,29.492608564593933,0.0296691640968464,1.074390330617254,0.9220804979228331,True,True,-0.021029212567994615,True,True,VAL,52w_high,limit,WRB,XLF,off,69.7,2026-07-31,465,-526.342800000001
2026-08-03 10:00:00,174.42,165.82,192.53,207.06,2026-09-17 15:54:00,open_at_end,2007,33,2.898026162790701,0.1428908668730651,2.105813953488375,0.3929486454159258,3,0.8383327086599117,60.50426762637956,0.24265422819961183,0.3929486454159258,13.380353117543992,0.18825374898551667,1.309102056022453,0.39230228580363163,True,True,-0.0666477067081156,True,True,POC,LRC_upper,limit,ANET,XLK,off,49.9,2026-07-31,170,4236.9142500000025
2026-08-05 10:00:00,70.36,67.81,75.46,97.36,2026-08-17 15:54:00,lrc_break,1985,9,-0.615533333333334,-0.022308271745309836,2.0,0.8613274090612767,2,0.9930699629083649,32.653041126013896,0.4868882520229163,0.8613274090612767,34.88234770174261,0.11855596306013935,1.044986163337326,-0.20410341233052276,True,True,0.06410249124885659,True,True,POC,swing_high,limit,BRO,XLF,off,64.3,2026-08-04,472,-740.85592
2026-08-06 10:00:00,73.93,72.35,77.11,78.36,2026-08-06 15:54:00,stop,1978,0,-1.0462911392405059,-0.022360881915325474,2.0126582278480805,0.8458286253160209,3,0.9775009838058714,39.60733911830565,0.3177501576801859,0.8458286253160209,22.551409566901402,0.178159157161956,1.3239662473600518,0.7684924094699651,True,True,0.003322673251260344,True,True,VAH,LRC_upper,limit,CFG,XLF,off,73.5,2026-08-05,118,-195.0705200000015
2026-08-07 10:00:00,270.96,267.44,281.52,288.05,2026-08-07 15:54:00,stop,1979,0,-1.0764772727272731,-0.013984351933864712,3.000000000000016,0.9340803659122138,3,0.5216038801876834,63.46551188707318,0.49710517660661163,0.9340803659122138,35.90306559917849,0.3330316759553666,1.366002422082274,0.7814426548648282,True,True,0.12196397066487141,True,True,VAH,LRC_upper,limit,ALL,XLF,off,74.4,2026-08-06,31,-117.46519999999943
2026-08-07 10:00:00,139.47,131.89,154.64,168.13,2026-08-21 15:54:00,stop,1989,10,-1.0178997361477573,-0.0553214311321432,2.001319261213715,0.331585870475032,3,0.9516448003595329,47.0634037725276,0.21640927428095927,0.331585870475032,22.71029721926431,0.23430408772958183,1.3031081597898129,0.4147343595056291,True,True,0.1583787796536147,True,True,AVWAP,LRC_upper,limit,CDW,XLK,off,58.7,2026-08-06,1,-7.715680000000012
2026-08-10 10:00:00,84.21,82.36,91.44,94.63,2026-08-10 15:54:00,stop,1979,0,-1.0450189189189192,-0.022957902861892823,3.9081081081081224,0.8794898728038147,2,0.5363788376762798,32.36417160724577,0.4678450636561594,0.8794898728038147,33.45735283511154,0.1321481285062449,1.4181687198758797,-0.47202154352373327,True,True,0.16731924296617295,True,True,POC,LRC_upper,limit,ETSY,XLK,off,70.4,2026-08-07,400,-773.3139999999977
2026-08-10 10:00:00,245.65,240.31,260.38,267.47,2026-09-17 15:54:00,open_at_end,2007,28,3.392352996254675,0.07374380215754112,2.7584269662921312,0.6794954317565443,2,0.793832023914056,5.055147284509112,0.33988734183302993,0.6794954317565443,25.98635998977979,-0.18269351763406788,1.327785665451767,0.007312558580674857,True,True,0.06780117726109935,True,True,VAL,swing_high,limit,ABBV,XLV,off,63.1,2026-08-07,41,742.721764999999
2026-08-11 10:00:00,372.24,366.23,397.34,409.57,2026-08-12 15:54:00,lrc_break,1982,2,-0.6173993344426019,-0.009968219428325896,4.176372712146423,0.9271450414911452,3,0.6808759344971971,2.147521767353291,0.5681609181953562,0.9271450414911452,35.02286189166991,0.24991379832478247,1.8712242047160448,0.6118382690562332,True,True,0.11124429343061282,True,True,swing_low,swing_high,limit,TRV,XLF,off,80.1,2026-08-10,88,-326.5301600000028
2026-08-11 10:00:00,108.18,105.88,112.78,134.38,2026-08-27 15:54:00,lrc_break,1993,13,1.4348326086956436,0.03050577740802363,1.9999999999999876,0.8362917189123928,3,0.8132880274963246,65.24387433946255,0.438807270297273,0.8362917189123928,31.782906672129446,0.047126778456012604,1.5224016499185364,0.9471979600319368,True,True,0.13921940489248041,True,True,swing_low,LRC_upper,limit,ABT,XLV,off,73.5,2026-08-10,1,3.300114999999997
2026-08-13 10:00:00,120.68,119.37,123.89,129.57,2026-08-13 15:54:00,stop,1983,0,-1.09162213740458,-0.011849726549552554,2.450381679389304,0.8672596171272737,3,0.5789150445973072,-39.46020878774925,0.22423156173386455,0.8672596171272737,23.05688712341251,0.059050457244208765,1.062694338729938,0.2810793804555265,True,True,-0.048363930000378974,True,True,swing_low,POC,limit,AFL,XLF,off,66.6,2026-08-10,269,-384.67672500000066
2026-08-14 10:00:00,260.13,253.43,275.16,285.49,2026-08-17 15:54:00,lrc_break,1985,2,-0.5012805970149296,-0.012911159804713116,2.2432835820895605,0.8770136123503448,3,0.9313190963680605,-1.9971533185214032,0.4339771025234768,0.8770136123503448,29.035172678530657,0.16795639154690462,1.2583206150000605,0.08636806303241376,True,True,0.03639726560257661,True,True,VAL,swing_high,limit,ALL,XLF,off,75.1,2026-08-13,123,-413.1053400000028
2026-08-18 10:00:00,106.85,103.07,114.43,151.0,2026-09-09 15:54:00,stop,2001,15,-1.0277671957671959,-0.036359007955077224,2.005291005291008,0.6272863633881626,3,0.8892794981732196,62.297835891607455,0.3116920583989133,0.6272863633881626,21.59374604010782,0.18723540606404113,1.1267131665323349,0.8230443659024479,True,True,-0.027826354501438444,True,True,POC,LRC_upper,limit,KKR,XLF,off,58.9,2026-08-17,314,-1219.8774400000004
2026-08-18 10:00:00,1143.13,1120.32,1194.41,1215.34,2026-09-01 15:54:00,stop,1996,10,-1.0496153003068824,-0.020944008992853105,2.24813678211309,0.6601233264318365,2,0.9331077257181815,56.523319011375214,0.2952084173647054,0.6601233264318365,31.639006090100803,0.009895983349699522,0.9096641286499689,0.9091925885322931,True,True,-0.07809803846801822,True,True,POC,52w_high,limit,BLK,XLF,off,57.2,2026-08-17,29,-694.310025000005
2026-08-18 10:00:00,137.93,131.67,150.46,182.63,2026-09-02 15:54:00,lrc_break,1997,12,-0.23119408945686867,-0.010492822446168363,2.001597444089451,0.2701089014523144,3,1.165922589279621,67.67455432083595,0.25770302954270874,0.2701089014523144,32.108837113252854,0.24838347996909305,1.1714730856974427,0.8697058857047849,True,True,0.00021399615689121632,True,True,swing_low,LRC_upper,limit,ARES,XLF,off,50.4,2026-08-17,196,-283.6659000000004
2026-08-25 10:00:00,152.33,147.18,162.64,217.64,2026-09-04 15:54:00,stop,1999,8,-1.029078640776699,-0.034791275520252116,2.001941747572808,0.8003687148981502,3,0.9514035675556702,68.01601725716475,0.5744140044434248,0.8003687148981502,36.720093317852744,0.06832961379065922,1.3659644342699204,0.8420353309130804,True,True,-0.06921301466670049,True,True,POC,LRC_upper,limit,PTC,XLK,off,62.9,2026-08-21,1,-5.2997550000000055
2026-08-31 10:00:00,71.3,70.38,73.78,75.78,2026-08-31 15:54:00,stop,928,0,-1.077,-0.013896774193548412,2.695652173913043,0.6800792270357388,3,0.5343071738678301,27.712828571901753,0.3575912105619686,0.6800792270357388,27.537346577325184,0.02678781156426304,1.221151183261447,0.07901264460430414,True,True,0.03952964427746242,True,True,VAL,swing_high,limit,GEHC,XLV,off,65.1,2026-08-28,1,-0.9908400000000017
2026-09-01 10:00:00,14.4,13.88,15.44,22.39,2026-09-10 15:54:00,stop,2001,6,-1.0271923076923077,-0.037093055555555525,2.0,0.7744531457419097,3,0.9154019951334237,74.51737044005853,0.7300108669830478,0.7744531457419097,45.62049550914026,0.35179035426298777,1.6347005379119586,0.9186177940549274,True,True,0.2574781020616401,True,True,VAH,LRC_upper,limit,PRGO,XLV,off,72.2,2026-08-31,8,-4.273119999999996
2026-09-02 10:00:00,303.89,289.7,332.28,369.38,2026-09-02 15:54:00,stop,1997,0,-1.020915785764623,-0.047671180361314944,2.0007047216349534,0.7811357198868033,3,1.3895302158350302,37.74653685752433,0.41484522171527954,0.7811357198868033,11.470418012881918,0.0029562954216289547,1.3176729565132084,0.5543282605750186,True,True,0.03167224074475938,True,True,swing_low,LRC_upper,limit,CBOE,XLF,off,67.3,2026-09-01,106,-1535.60027
2026-09-03 10:00:00,417.75,405.36,442.54,453.58,2026-09-08 15:54:00,lrc_break,2000,3,-0.8968845843422115,-0.026600598444045453,2.0008071025020215,0.8976097346581443,2,1.2530977376887538,25.245580107343752,0.4220474070573671,0.8976097346581443,32.838589000083886,0.026574480251514994,1.809502343126444,-0.16001000302605622,True,True,0.07254599612961132,True,True,POC,LRC_upper,limit,CPAY,XLF,off,69.4,2026-09-02,78,-866.7671999999991
2026-09-03 10:00:00,79.72,77.76,83.64,85.55,2026-09-09 15:54:00,stop,2000,3,-1.0401734693877551,-0.0255737581535373,2.000000000000007,0.6439871061881615,3,0.8095276024624419,60.98619794713914,0.30217803676875615,0.6439871061881615,13.848172883576936,0.10804745129071806,1.363722649578766,0.5910341406089921,True,True,0.06458722364560199,True,True,POC,LRC_upper,limit,FTI,XLF,off,67.0,2026-09-02,314,-640.1643599999979
2026-09-08 10:00:00,30.27,29.53,31.75,32.87,2026-09-17 15:54:00,open_at_end,2007,8,-0.12194594594594448,-0.0029811694747274107,2.000000000000005,0.8226822159742212,3,0.7853798709141012,64.61954945140548,0.3851128103967562,0.8226822159742212,17.300651178853204,0.31345073347198976,1.8681732037279823,0.8456727674269676,True,True,0.05417301432933708,True,True,VAH,LRC_upper,limit,GEN,XLK,off,67.9,2026-09-02,7,-0.631679999999991
2026-09-09 10:00:00,144.65,141.57,151.7,155.95,2026-09-17 15:54:00,open_at_end,2007,7,1.9779967532467388,0.04211704113377104,2.288961038961024,0.7468438849550937,3,0.8234560580133505,40.63799894369079,0.3056017527822951,0.7468438849550937,38.77456217318116,0.3782653159960591,1.0470788644744893,0.8948468228077388,True,True,0.06594617495859256,True,True,VAL,swing_high,limit,GILD,XLV,off,67.6,2026-09-08,223,1358.5672899999956
2026-09-09 10:00:00,159.82,152.55,174.36,191.13,2026-09-09 15:54:00,lrc_break,2001,1,-0.20621045392022105,-0.009380240270304114,2.000000000000008,0.7584652816203885,2,1.5177506394839677,1.8698210192701896,0.3182100693590469,0.7584652816203885,26.55484547381492,-0.020482737563377484,1.8684170056193217,0.8077026282005341,True,True,0.17429823094845842,True,True,AVWAP,swing_high,limit,JKHY,XLF,off,67.6,2026-09-08,176,-263.8504000000006
2026-09-10 10:00:00,43.82,41.65,48.17,50.26,2026-09-16 15:54:00,stop,2005,4,-1.0196935483870968,-0.050496006389776395,2.0046082949308746,0.8382527018729761,3,1.228477642115514,27.945355137617412,0.7186694661517731,0.8382527018729761,40.110458216061936,0.04211996191085777,1.9693182803368807,0.6660103740024307,True,True,0.09737095861812928,True,True,VAL,swing_high,limit,HP,XLF,off,72.1,2026-09-09,732,-1619.722020000001
2026-09-10 10:00:00,43.65,42.44,46.08,47.66,2026-09-16 15:54:00,stop,2005,4,-1.0355743801652892,-0.028706643757159242,2.0082644628099158,0.4364574090807361,2,0.9207661269148665,23.64601971759272,0.28287503539135,0.4364574090807361,20.1581314522054,-0.33465869377159957,1.275799779948711,0.8301937908405634,True,True,0.1647773516823956,True,True,AVWAP,swing_high,limit,LNC,XLF,off,58.8,2026-09-09,734,-919.7350300000006
2026-09-10 10:00:00,286.59,279.13,301.52,311.57,2026-09-17 15:54:00,open_at_end,2007,6,2.032932975871324,0.052917687288460996,2.001340482573733,0.5481258073833748,2,0.9183516762875502,25.049515342967076,0.21550708451708356,0.5481258073833748,15.33337073003814,-0.08207386666274866,1.2911265993641667,0.6940984816524833,True,True,-0.051391767060583016,True,True,swing_low,swing_high,limit,VRSN,XLK,off,52.4,2026-09-09,71,1076.7632800000026
2026-09-11 10:00:00,261.7,244.44,296.24,310.5,2026-09-17 15:54:00,open_at_end,2007,5,0.10355011587485587,0.006829480320978263,2.0011587485515667,0.8737377280185394,2,1.6759794047112493,14.084121992787264,0.7738664492523443,0.8737377280185394,49.815663896690424,-0.1050892681906171,2.171433829099835,0.6309564463968068,True,True,0.48606411973075114,True,True,POC,swing_high,limit,VEEV,XLV,off,72.5,2026-09-10,1,1.7872750000000115
2026-09-17 10:00:00,378.72,369.41,397.34,406.85,2026-09-17 15:54:00,open_at_end,2007,1,0.04198657357679717,0.0010321477608787014,1.999999999999994,0.1421431118768588,2,1.3848440027898,54.236706215235586,0.10168781782954092,0.1421431118768588,15.54372588711471,-0.09054772607372354,1.1008744168324047,0.4375934110163745,True,True,0.1858438470639785,True,True,VAH,swing_high,limit,TRV,XLF,off,49.3,2026-09-16,84,-15.906240000000002
2026-09-17 10:00:00,216.59,212.67,224.43,231.48,2026-09-17 15:54:00,open_at_end,2007,1,-0.13174489795918604,-0.0023844129461194482,1.9999999999999927,0.0030561637647630547,3,0.9087152192925474,50.18584179219434,0.012864315747227118,0.0030561637647630547,11.792549064247996,0.17760581537273498,1.4384158916565322,0.8781310915618128,True,True,0.017305863774580654,True,True,AVWAP,swing_high,limit,PGR,XLF,off,44.7,2026-09-16,137,-14.836415
