symbol,entry_date,exit_date,pnl,pct_return,days_held,is_win,entry_composite_momentum,entry_obv_slope_norm,entry_atr_pctile,entry_rsi14,entry_adx,entry_trend_stack_aligned,mae_pct,mfe_pct,mae_in_atr,atr_at_entry_pct_of_price
COR,2018-10-19,2018-10-23,-1011.4618100000018,-0.0465084745762712,4,False,0.14987758700081463,0.006898288833447522,,50.04413062665492,42.827657143452505,1,-0.06210169491525421,0.01681355932203383,-2.601217038539554,0.02387409200968522
CI,2018-10-19,2018-10-25,-1282.6993999999995,-0.051883846794338,6,False,0.2562622091576447,0.11693927906793251,,48.65728900255758,45.11909030552884,1,-0.05838884263114071,0.005672356369691941,-2.7925333333333304,0.02090891518972287
LLY,2018-10-19,2018-10-29,-1027.87498,-0.0480873242206706,10,False,0.24873348324368505,0.15398937956888956,,59.502923976608166,61.081051532887486,1,-0.0771953977775592,0.004228537712656179,-3.177218849378428,0.0242965314752118
CAG,2018-10-29,2018-11-01,-47.66290000000122,-0.000392464678179,3,False,0.19867435459082475,0.04294697126558177,,54.50643776824036,43.1165481922954,0,-0.014128728414442678,0.027472527472527444,-0.5833333333333319,0.024220677281901793
TWTR,2018-10-26,2018-11-26,87.97421010000035,0.0127339743589744,31,True,0.11020711722027483,0.10306947866764334,,63.73858046380885,33.76277683786741,1,-0.040384615384615324,0.14222115384615397,-0.6928814677774755,0.05828502747252748
CBOE,2018-11-01,2018-11-26,-1033.3968,-0.0552832777886688,25,False,0.8371868483494252,0.07527665592134752,,78.38312829525479,37.57286276079418,0,-0.0645951774161928,0.012644579494216882,-2.387681159420287,0.027053518917859235
LW,2018-10-23,2018-11-29,226.85365999999905,0.0119456473047632,37,True,0.4295725562282537,0.0817606302538011,,72.32758620689651,66.4353073430948,1,-0.009855159026429694,0.0978049873077497,-0.45833333333333104,0.021502165148573983
MKTX,2018-10-25,2018-11-29,241.7907500000012,0.0159429948223715,35,True,0.41390786287081993,0.11367845241895147,,72.50811312007411,48.608645788246015,1,-0.039267955093043504,0.042292510380888916,-1.4106813996316747,0.027836161377966896
CME,2018-10-19,2018-12-10,905.4257900000008,0.0362001040660076,52,True,0.20488692806494688,0.049520212848956385,,66.42143983184448,45.59288763645252,1,-0.030848137961792952,0.08979409797071294,-1.6361588284990143,0.018853999638954694
SEE,2018-11-26,2018-12-10,-1558.457600000001,-0.0828258221680877,14,False,0.9220753491452136,0.162606958254301,,76.32575757575756,40.06483718834902,0,-0.09683313032886733,0.0030450669914736392,-3.604858299595147,0.026861840960501118
POOL,2018-11-29,2018-12-14,-1566.3837300000034,-0.0657641561297417,15,False,0.6998132728352049,0.1633997825189814,,76.86759402369911,33.02787821447883,0,-0.08885376580538762,0.02748763056624519,-4.263306641544988,0.020841514175763753
NWL,2018-11-29,2018-12-18,-948.03606,-0.068769716088328,19,False,0.7931705090390808,0.16266982184733103,,86.68555240793204,50.5471191485278,0,-0.08328075709779181,0.059305993690851704,-2.31578947368421,0.035962145110410106
EQR,2018-12-10,2018-12-18,-1446.6936999999991,-0.0513488372093022,8,False,0.3592500840749437,0.16305142729164596,,64.13427561837456,26.53392636767562,1,-0.0602790697674419,0.0026046511627907084,-3.4811972371450515,0.017315614617940202
RMD,2018-12-14,2018-12-21,-1404.7061399999998,-0.0619002822201316,7,False,0.63092950602561,0.14893052793317327,,72.48953974895396,29.04214953655796,0,-0.07206020696142988,0.0,-3.440487648379852,0.0209447654885096
MRK,2018-12-18,2018-12-24,-799.1109000000005,-0.0405767940979208,6,False,0.20794958504099495,0.14371533121759877,,44.27032321253671,15.01436019853346,1,-0.06220657276995307,0.0023474178403755964,-2.6153071500503513,0.023785570566254684
ETSY,2018-12-18,2018-12-24,-1326.7727999999995,-0.1773973935032094,6,False,0.08504897695684306,0.12480590386054373,,57.25055432372507,24.469805450406565,1,-0.18303831939311413,0.03579070219801602,-3.039609054684812,0.060217717509100536
CTRA,2018-12-21,2018-12-24,-581.70554,-0.03920799843168,3,False,0.07605734612597859,0.012535608763346114,,50.35885167464116,47.7218572216734,0,-0.03920799843168007,0.0031366398745344775,-1.3065795613625768,0.03000812165681797
WDAY,2018-12-06,2018-12-26,-983.7689500000002,-0.1021783908619936,20,False,0.3703096094452849,0.11494783054641527,,75.69042108138414,23.292443572919865,1,-0.11553523500405727,0.06404094625803627,-2.3055774028349703,0.05011119334444965
AVGO,2018-12-18,2018-12-26,-851.5295099999998,-0.0679012345679012,8,False,0.1588030681731695,0.14625097745653015,,63.91752577319584,19.198292486505945,0,-0.08499525166191829,0.0033238366571700043,-2.3139427516158815,0.03673178673178672
CIEN,2018-12-21,2018-12-26,-477.0057299999991,-0.0534677665750075,5,False,0.14230362137540387,0.12673707173615104,,46.10778443113774,19.333818496765595,1,-0.05988389856400848,0.018026275588145537,-1.214223764093667,0.049318667888787054
LLY,2018-12-24,2018-12-26,-379.3048300000013,-0.0237349762650238,2,False,0.007647415194166909,0.0025235040727720668,,21.282327586206875,21.378009502548952,1,-0.026764973235026822,0.015856984143015788,-0.9584086799276694,0.02792647207352792
AIV,2018-12-24,2018-12-26,-667.944683999999,-0.0453283996299721,2,False,0.001766989695714663,0.11834320032171095,,26.7441860465116,28.58792819917077,1,-0.05087881591119328,0.005550416281221097,-1.742081447963799,0.029205761860710982
MKTX,2018-12-10,2018-12-27,-1761.1974,-0.0909752547307132,17,False,0.5801998318334619,0.15462167952420583,,75.1689189189189,34.53194076031746,1,-0.10980106744298881,0.034594856865599204,-4.440364400840928,0.024727940666805275
CIEN,2018-12-27,2018-12-31,288.26667000000043,0.0363579863269111,4,True,0.08499345354359081,0.03628295552294748,,50.799289520426285,17.19944885548405,1,-0.02796768178993159,0.057178371659415896,-0.5718642775447951,0.04890615288999379
LLY,2018-12-27,2019-01-03,527.7373200000002,0.0392746217813846,7,True,0.04810482757357264,0.02588172671968449,,43.84508990318117,20.40853543826833,1,-0.013625889189459967,0.05089670373710047,-0.4723393698834035,0.028847667711509
AVGO,2018-12-27,2019-01-04,-429.4345199999995,-0.0435212660731948,8,False,0.09703137718483937,0.07405553153067762,,67.2,14.308673682855115,0,-0.0598417408506428,0.05539070227497533,-1.37723577235772,0.04345061466723189
LW,2019-01-07,2019-01-08,-899.6339999999996,-0.0659423570242945,1,False,0.05466036885244795,0.07007263301401039,,33.33333333333336,24.815737713205944,0,-0.07650520597555445,0.0,-2.4299897295446744,0.0314837569251331
NOW,2019-01-08,2019-01-15,-30.42816000000051,-0.0015810276679842,7,False,0.020158686985880532,0.07678373280838859,,61.901358112937814,12.773976014994748,0,-0.027404479578392784,0.011594202898550664,-0.5643410852713214,0.048560135516657235
CELG,2019-01-08,2019-01-31,10.593629999999258,0.0032992036405004,23,True,0.12266002636417042,0.04488422011996934,,75.55847568988173,38.988975204421536,0,-0.040045506257110466,0.010238907849829254,-0.7964843491148672,0.05027783195189337
FL,2019-01-04,2019-02-08,492.9297599999996,0.0460686600221483,35,True,0.06977707166558765,0.03650717596146794,,68.16578483245151,15.137850116980959,1,-0.003100775193798462,0.08970099667774097,-0.08440999138673591,0.036734693877551024
AVGO,2019-01-08,2019-02-11,1343.5894599999992,0.1427850655903127,34,True,0.03729410395059067,0.026468000960782865,,39.93660855784467,13.421421974027158,0,-0.02825428859737632,0.16599394550958624,-0.6533333333333321,0.04324636009802507
CIEN,2019-01-15,2019-02-13,826.6872999999982,0.062942779291553,29,True,0.2829898912829851,0.02362265385179381,,83.63636363636371,27.876650560535285,1,-0.0024523160762943705,0.09427792915531318,-0.07947019867549973,0.030858310626702985
XRAY,2019-01-04,2019-02-28,1033.2627300000015,0.0857228195937874,55,True,0.09950249396736065,0.04200044044221388,,60.30664395229984,17.986687947505928,0,0.0,0.16218637992831542,0.0,0.03328213005632359
PAYC,2019-02-08,2019-03-07,648.0170399999989,0.0545902649414663,27,True,0.7591397154854782,0.1621000312135973,,92.89835774522855,40.345568941772875,0,-0.004682686383241031,0.1153419593345656,-0.130664374309226,0.03583751430331836
MTCH,2019-02-11,2019-03-07,-534.1776800000007,-0.0481796775946387,24,False,0.7467719499870117,0.1576874440101314,,79.47062621045836,37.128230522320536,0,-0.07824669443941315,0.019923926824850596,-1.8518064911206364,0.04225425000646882
FLEX,2019-02-13,2019-03-12,-76.37069199999938,-0.0048380594006181,27,False,0.8714370925177468,0.16304444558602033,,84.53378001116694,50.157023473920546,0,-0.035210321193387926,0.05577207364601533,-0.8622472966619639,0.040835525179027395
ERIE,2018-12-31,2019-03-18,4788.771399999998,0.3173204054649624,77,True,0.05915678152163942,0.0010357697221151543,,55.40909090909093,15.82346153796613,1,-0.042573821066549125,0.42661965623622733,-1.5580645161290325,0.027324812692816204
KEYS,2019-03-07,2019-03-22,520.8621599999996,0.024470588235294,15,True,1.1404996085322252,0.16349431821224628,0.3,80.6167400881057,63.43124984419559,1,-0.02176352941176477,0.03635294117647063,-1.1116042303334166,0.019578487394957985
ENPH,2019-01-31,2019-03-26,2235.26,0.2695530726256983,54,True,1.0030133891000783,0.16602847929970935,,84.1880341880342,37.91605536833563,1,-0.07821229050279337,0.3547486033519552,-1.5019157088122617,0.05207501995211493
PANW,2019-02-28,2019-04-04,-887.3140799999984,-0.0477202929364515,35,False,1.001992928059448,0.10439494174943442,,73.33333333333339,53.22147719272884,1,-0.09307819513347503,0.004016064257028153,-3.5089058524172962,0.02652627315986639
EPAM,2019-03-18,2019-05-14,-669.8277299999992,-0.0257046622939194,57,False,1.2769025487558727,0.13903684294858076,0.19,75.36545749864644,45.353803555910595,1,-0.07132305146841574,0.06689121314187806,-3.7054986020503295,0.01924789593199447
FSLR,2019-01-07,2019-05-16,2605.5612799999994,0.2884201463624622,129,True,0.019843915869932623,0.11813390029947449,,57.347915242652086,13.220430798488366,0,-0.02389151958674127,0.3736547567800258,-0.5223266053812409,0.04574057561035608
CDNS,2019-03-22,2019-05-29,92.1628499999992,0.0052289652986848,68,True,1.5112955041166967,0.16550146130696444,0.29,73.26589595375725,68.07434747497223,1,-0.031928379020757416,0.11693867849786081,-1.99517649638237,0.01600278425424997
PAYC,2019-04-04,2019-05-31,1154.4205400000012,0.0876101887404684,57,True,0.9735899232738955,0.14079821721375102,0.95,52.08640157093767,20.928464276721513,1,-0.05489156887134285,0.13503866745984533,-1.6056497175141258,0.03418651544766951
MKTX,2019-05-14,2019-05-31,15.755199999997636,0.0027568250564765,17,True,1.190290081722879,0.16424235692183076,0.99,73.83669885864799,49.07610106285864,1,-0.011257035647279541,0.0595780526094115,-0.46730245231607603,0.02408939989826002
MTCH,2019-05-16,2019-06-03,-420.78960000000063,-0.0364491475602587,18,False,1.1981025829632004,0.11595636416482202,1.0,75.54969217238342,28.528756775460195,1,-0.07760141093474439,0.06231628453850668,-1.6346749226006208,0.04747207524985305
ENPH,2019-04-04,2019-06-10,7733.063220000002,0.7479166666666669,67,True,1.362580532291753,0.0023603037133524316,0.77,57.50798722044727,27.23393286591672,1,-0.04687499999999993,0.7572916666666668,-1.0439105219552596,0.044903273809523796
GPN,2019-05-31,2019-07-02,1370.7499399999988,0.0753765323992994,32,True,0.959268942862734,0.054042819228271984,1.0,59.848042080654594,34.493053607525496,1,-0.02619964973730304,0.08196147110332741,-0.9507899037588547,0.027555666750062546
MSCI,2019-06-10,2019-07-26,-795.2156200000002,-0.0325130632843553,46,False,1.2467638461632111,0.14872531655294963,0.87,70.94379639448569,24.056287065201737,1,-0.05319101424679557,0.0242508150596222,-2.269497754185381,0.02343735046606736
ERIE,2019-05-29,2019-07-29,3429.35208,0.172724125995154,61,True,0.9730369375345393,0.12120763279707993,0.78,61.79775280898881,49.95078878981484,1,-0.006115149417330116,0.3534671743394485,-0.24359816152330982,0.02510343008785376
VEEV,2019-05-31,2019-08-01,1060.4199,0.0869422572178477,62,True,0.839474819902953,0.12027801576855325,1.0,58.670931058990746,13.56768187444326,1,-0.03126640419947516,0.16076115485564305,-0.7639995968702493,0.04092463442069742
FICO,2019-05-31,2019-08-08,4301.851660000001,0.2078398099440014,69,True,1.045445744659246,0.14469245978215442,0.85,57.10731464587825,26.486294422835076,1,-0.03013745121330391,0.26187001527235715,-1.2323271773145539,0.024455722285520336
BX,2019-07-29,2019-08-15,-1746.660999999999,-0.0669434353918006,17,False,1.1311583289911868,0.06107955787527925,0.72,69.96124031007756,30.549603643123003,1,-0.11805915931499733,0.0018162947586922752,-5.330543933054389,0.02214767588405368
ENPH,2019-07-02,2019-09-04,6089.519099999999,0.5150684931506848,64,True,1.7714647952198899,0.05720138072967761,0.97,60.787172011661795,34.54662498002236,1,-0.015890410958904064,0.9408219178082192,-0.33551777996314164,0.04736086105675147
WST,2019-08-08,2019-09-11,114.4374000000016,0.0073945193562419,34,True,0.9556483006350615,0.0989426660799894,1.0,82.77233782129741,33.76497738672969,1,-0.012034217775844546,0.08191967522111071,-0.4283870967741928,0.02809192402493837
PODD,2019-08-07,2019-09-13,239.9491499999993,0.0182140326009921,37,True,0.8459420605245659,0.0714746945929077,1.0,74.55839057899907,32.38801887878839,1,-0.010843373493975912,0.19064493267186397,-0.2787679549598444,0.03889748911612837
BLL,2019-08-15,2019-09-13,-1133.6519700000003,-0.0487125033182904,29,False,1.1590870247527063,0.14481959132747413,1.0,66.7250437828371,40.15663114617349,1,-0.07924077515264134,0.06543668701884779,-3.0604174295129996,0.025892146080624966
MKTX,2019-09-04,2019-09-16,-4364.484730000001,-0.1890370765537476,12,False,1.3113675258442994,0.15754757904658798,0.92,79.98007968127492,34.97723254337242,1,-0.19434515870898897,0.04198452920778877,-7.491480611045825,0.025942156003505693
ARES,2019-07-26,2019-09-24,1201.7928899999963,0.0383091149273446,60,True,1.1830230552193122,0.10562486375703561,0.28,79.73421926910292,38.69286027078339,1,-0.08498458828709818,0.08146191105239972,-4.957798165137608,0.01714159904384477
WU,2019-09-13,2019-09-25,-2300.67568,-0.0646067415730337,12,False,1.222174190755602,0.16468308797687872,0.695,85.32608695652176,47.01830425903088,1,-0.0821629213483146,0.0049157303370786715,-5.055555555555552,0.016252006420545757
BX,2019-09-16,2019-09-25,-426.89807999999937,-0.0173160173160172,9,False,1.156194925285172,0.14903270330483018,0.84,72.69021739130442,16.57814880021203,1,-0.021645021645021613,0.03727753727753738,-0.8606557377049179,0.02514945372088226
WDC,2019-09-11,2019-09-30,-736.781759999999,-0.0408212560386472,19,False,0.9338874971739247,0.1475056134128476,0.59,72.71937445699393,31.545722915774046,1,-0.06497584541062797,0.03816425120772943,-1.9925925925925911,0.03260869565217391
ACGL,2019-09-25,2019-10-04,-166.2874799999982,-0.0020356234096691,9,False,1.1737022025381605,0.12466683740175538,0.25,63.888888888888864,27.873176455295773,1,-0.01959287531806606,0.03715012722646313,-1.4848484848484775,0.013195201744820063
SEDG,2019-09-24,2019-10-08,-576.2644000000003,-0.060148707135723,14,False,1.2329257944899652,0.01192334724864713,0.96,54.48020375086825,21.730295438889044,1,-0.12967484185994899,0.014859616024858491,-2.2781266972106566,0.05692169887597698
KLAC,2019-09-24,2019-10-09,-331.881599999999,-0.0136054421768707,15,False,1.103192343083993,0.14206042642634686,0.84,65.1685393258427,42.13383779772374,1,-0.03537414965986392,0.021088435374149693,-1.4135922330097075,0.0250242954324587
ENPH,2019-10-08,2019-10-15,305.4957,0.0422832980972515,7,True,1.9350090706931198,0.014365841605373545,0.55,45.51432597463599,21.841222185354408,0,-0.022410147991543238,0.07653276955602548,-0.3263848261846831,0.06866173361522197
CINF,2019-10-04,2019-10-21,251.7513300000009,0.0098425196850394,17,True,1.1655147654744518,0.008191866901717616,0.79,66.56534954407297,16.601026904716424,1,-0.011085785329465326,0.03004558640696235,-0.669347631814116,0.0165620744775324
ZTS,2019-10-09,2019-10-28,-387.0081600000013,-0.0107006369426752,19,False,0.8339507459107303,0.10093168718522848,0.59,56.296758104738196,13.12779724905006,1,-0.03787685774946916,0.03354564755838644,-2.1954992967651177,0.017252047315741575
ENPH,2019-10-21,2019-10-30,-1236.140715,-0.1291164658634538,9,False,1.9486641085853411,0.04978472365207427,0.49,81.4285714285714,14.347393183349455,0,-0.25341365461847387,0.10883534136546189,-4.494896557338677,0.05637808376362595
BLL,2019-10-21,2019-11-06,-2936.480040000002,-0.129766803840878,16,False,0.9892043607475578,0.01577815980766176,0.82,50.83333333333337,16.68180510327779,0,-0.13319615912208516,0.0052126200274347795,-5.580459770114951,0.02386831275720163
LRCX,2019-10-28,2019-11-13,-266.45196,-0.0134760206103844,16,False,1.1239080185893842,0.10668487722205545,1.0,81.31313131313134,22.57262941608757,1,-0.019421323820848276,0.03804994054696793,-0.6399253731343306,0.03034935734103393
KLAC,2019-10-28,2019-11-26,-755.7204899999998,-0.0373891001267427,29,False,1.3359764552284656,0.04784779225493,0.86,73.79134860050891,29.55099889156287,1,-0.07224334600760449,0.05766793409378973,-2.6511627906976702,0.02724968314321928
LEG,2019-11-13,2019-11-26,-371.193499999998,-0.0170399221032131,13,False,1.3210588955118294,0.1553752177295301,1.0,84.19540229885058,52.728905015037896,1,-0.039191820837390444,0.0014605647517040477,-1.447655748233781,0.027072610933370454
WU,2019-11-06,2019-11-29,373.5878400000026,0.016139044072005,23,True,1.5930302138091519,0.15844228137721636,0.95,91.76470588235297,47.40112950324533,1,-0.020484171322160155,0.04779639975170699,-1.0382022471910128,0.019730424758357696
JBL,2019-10-01,2019-12-09,1510.2617400000013,0.089865058857307,69,True,0.6797738072118288,0.13374486038558098,1.0,65.14423076923075,35.00256851334331,1,-0.05053115130634505,0.10565604364053977,-1.6317880794701967,0.030966736393092987
ANSS,2019-11-29,2019-12-17,439.0136500000014,0.0170418765743073,18,True,1.3023733077893578,0.15965970283287828,0.2,94.25990675990677,27.768460654352687,1,-0.043568954659949706,0.021568010075566708,-2.427631578947371,0.017947103274559208
PODD,2019-09-27,2019-12-26,653.3140200000005,0.0368297526629355,90,True,0.9040024328369909,0.013722890277428568,0.66,78.97327707454292,30.938374669448002,1,-0.14430944213756988,0.1268580369501114,-5.068223231013328,0.02847337924156845
QRVO,2019-12-17,2020-01-08,-848.1272799999989,-0.0354548599100656,22,False,1.4114994268890437,0.10443804819735973,0.87,74.1509433962264,49.74599714660655,1,-0.05396056727775852,0.024645451400899295,-2.3348924228250687,0.023110515392597713
AMD,2019-12-26,2020-01-21,1556.5640999999996,0.0844860608640136,26,True,1.5999843386497732,0.1566131148182506,0.81,78.65903515944393,35.48591376210226,1,-0.04958501808895521,0.10257501596084273,-1.749061662198395,0.028349496853433867
PAYC,2020-01-21,2020-01-30,1937.18016,0.0830471433031533,9,True,1.6428117815302745,0.1660291473774741,0.35,83.84214445271779,27.889085545469296,1,-0.002220140840184502,0.0998022687064212,-0.09472460090918502,0.023437848445653626
BX,2020-01-30,2020-02-14,367.3944000000012,0.0192697768762678,15,True,1.7081710384640063,0.15161262039736523,0.99,63.23377960865088,37.014505020525256,1,-0.04584178498985798,0.049898580121703874,-1.7149051490514888,0.02673138220805564
APO,2019-12-17,2020-02-19,256.0061700000007,0.0135967162647511,64,True,1.4118766923950912,0.15236060292140005,0.36,67.7506775067751,18.025816307579827,1,-0.02642380708055398,0.1326321190354028,-1.110939907550069,0.023785091255588982
AAPL,2020-02-14,2020-02-20,-214.50030000000163,-0.0065109153581004,6,False,1.8920375948281336,0.00303921687531379,0.95,62.81725888324869,25.389710685188476,1,-0.03127792672028601,0.003702285203625766,-1.321263482280432,0.023672739873429285
TYL,2019-11-26,2020-02-27,3045.2479199999984,0.103268380320619,93,True,1.3990349916729226,0.14757265407829595,0.26,83.51738241308784,18.27385400655118,1,-0.04232310668877833,0.17745128524046427,-2.4293505205751105,0.01742157269209509
MSCI,2020-02-19,2020-03-03,-950.472010000002,-0.0354389861510322,13,False,1.7109250754213665,0.15210005871101814,1.0,82.9057406094968,51.09645297580539,1,-0.13692187091716754,0.02090410243010183,-5.489990645463056,0.02494027399305683
AMD,2020-03-03,2020-03-04,-156.1558400000002,-0.0159086273709973,1,False,0.9882345460553547,0.034288428311733087,1.0,35.35980148883375,25.30669559527263,1,-0.06852947175198856,0.023862941056496056,-1.0036270535523786,0.06828180997057197
SEDG,2020-01-08,2020-03-05,4941.42492,0.2964719833975689,57,True,1.3585116170664457,0.15260975020467266,0.09,77.67624020887729,29.68036093230695,1,-0.0512896531277794,0.42039727245775266,-1.5806510559427782,0.03244843505145905
BRO,2020-02-27,2020-03-05,168.77688000000228,0.007816091954023,7,True,1.473408507843648,0.136383134409167,1.0,31.84979137691238,52.45277229794857,1,-0.0882758620689656,0.03264367816091958,-4.4101722723543935,0.020016420361247945
NVDA,2020-02-20,2020-03-09,-4618.109866,-0.2322555712997552,18,False,1.9441698805309446,0.1393358924758662,1.0,80.69209594966576,36.41213701145986,1,-0.23766585083086433,0.01172227231740309,-7.2130689751466095,0.032949338436907664
GEN,2020-03-03,2020-03-10,-1771.2385599999984,-0.1052631578947367,7,False,1.1861774323026715,0.10612087743332484,0.94,36.31578947368421,51.66039429851305,1,-0.19780219780219782,0.026604973973395077,-5.484536082474228,0.03606543832107741
NOW,2020-03-05,2020-03-10,-1486.7798400000008,-0.104,5,False,0.7703142086073645,0.07538227852753128,1.0,40.85539714867618,25.037363981558475,1,-0.14666666666666664,0.016444444444444435,-3.3197604790419146,0.044179894179894194
VRTX,2020-03-05,2020-03-12,-2250.5164400000003,-0.1364738338070557,7,False,0.839949855354848,0.10897687867003995,1.0,48.18821689259645,24.34141508719105,1,-0.15774954021066714,0.012288914897174376,-4.179071422921777,0.03774750997205435
ETSY,2020-03-10,2020-03-12,-2104.9658,-0.2480066445182724,2,False,0.23519781288297034,0.1201318826056837,1.0,59.87628865979381,27.199418859275053,0,-0.28372093023255823,0.008970099667774073,-4.286241794801014,0.0661934029425724
CBOE,2020-03-10,2020-03-12,-1418.7882099999988,-0.11481989036805,2,False,0.15535145932630193,0.06909532723592648,1.0,35.99309153713298,27.764638147186357,0,-0.19303054032889586,0.02368833202819109,-4.2021308980213075,0.04593634634746617
DXCM,2020-02-27,2020-03-13,-599.7334500000004,-0.0630209094896915,15,False,1.039861995170408,0.15449223120333808,1.0,69.46480938416424,37.520089993025785,1,-0.21406638397426525,0.07457230589267429,-3.4142928535732144,0.06269713617279049
BIO,2020-03-10,2020-03-13,-708.1173599999992,-0.0657464382726314,3,False,0.13298163611262376,0.08528288019094464,1.0,35.6777316735823,16.776222977579035,1,-0.11439104163201948,0.021481235101724044,-2.1393316671295004,0.053470456867263774
ENPH,2019-12-09,2020-03-19,-70.3432499999995,-0.0062111801242235,101,False,1.3258968646127867,0.15844527368021144,0.26,72.93423271500843,25.140320481778257,0,-0.1101449275362319,1.4492753623188406,-1.816337280761652,0.06064123040520557
COG,2020-03-18,2020-03-19,24.465499999999253,0.0065970313358987,1,True,0.0022617391461038916,0.14830391427857945,1.0,73.64341085271319,33.51519726216499,0,-0.12149532710280378,0.03463441451346888,-1.2854175321977572,0.09451818110421736
GILD,2020-03-09,2020-03-23,-259.1872,-0.0247076264206885,14,False,0.6959477940897998,0.011992666038223104,1.0,58.28160731786998,22.812906294575857,1,-0.16570581452808436,0.11349036402569582,-2.9427496865858758,0.05630985716638822
BIO,2020-03-20,2020-03-23,-350.11205,-0.0511011947603282,3,False,0.02535375422943069,0.015848922513949926,1.0,40.49228718339364,16.236123436587537,0,-0.10931308478479917,0.03641859795595214,-1.5197412790755849,0.07192874622139052
MKTX,2020-03-09,2020-03-24,-1478.78336,-0.143099121706399,15,False,0.5616308000307194,0.10733401183918982,1.0,52.05373288555928,29.391068619393003,0,-0.19645545796737765,0.07129861982434116,-3.6528078653557725,0.05378203979207745
CPB,2020-03-16,2020-03-24,-466.5221599999998,-0.055890410958904,8,False,0.4982825626931662,0.00012335278456105978,1.0,53.56687898089171,17.4317019860581,1,-0.09643835616438365,0.2367123287671233,-1.6162676287307332,0.05966731898238747
REGN,2020-03-05,2020-03-26,-1644.5688000000005,-0.1131726975065066,21,False,1.1588226677057114,0.1572339040759277,1.0,76.93665185906409,39.995719159273634,1,-0.13084543699101667,0.07707161447401556,-3.0181554103122727,0.04335278314163377
CPB,2020-03-25,2020-03-26,-192.5636400000006,-0.0342789598108748,1,False,0.02724803714600499,0.10297869759913068,0.99,28.504453820909546,15.843714538760883,0,-0.05644208037825069,0.0251182033096925,-0.6265229615745092,0.09008780817291456
TDY,2020-03-26,2020-03-30,-165.67488000000048,-0.0334667898573042,4,False,0.004070193748472423,0.06777815603098312,0.99,44.871344094614024,38.61331571577935,0,-0.04537521815008723,0.045512096636211044,-0.43577249971302934,0.10412593309575137
MRVL,2020-03-27,2020-03-30,42.70569000000022,0.0096286107290234,3,True,0.06847052101814922,0.024571193919520524,0.94,50.34889962426195,22.942935921972015,0,-0.025217790004584923,0.03163686382393403,-0.28936490041337687,0.08714875221065044
CRWD,2020-03-25,2020-03-31,73.46157999999993,0.0185714285714285,6,True,0.04992153307632676,0.017171324135321592,1.0,49.88994864269992,33.01642973922223,0,-0.017142857142857158,0.07214285714285713,-0.1585878132817295,0.1080969387755102
TER,2020-03-31,2020-04-02,-469.7074800000001,-0.0850128252106999,2,False,0.0480690220226119,0.03570658524089307,0.94,49.235880398671085,27.881744812128385,0,-0.08611212898497611,0.001832172957127179,-0.9441813746592038,0.09120295241585095
TDY,2020-03-31,2020-04-02,-344.19492000000014,-0.0671168405975036,2,False,0.02141717504611479,0.11469466244471589,0.95,49.55794999309296,32.61419926245381,0,-0.07884864606779893,0.02779482982061243,-0.797653958944282,0.09885069231293904
LRCX,2020-04-01,2020-04-02,-170.5346500000002,-0.0406352171882298,1,False,0.07491288090852992,0.008872907265065363,0.94,47.57744241461478,27.302451037959965,0,-0.05651564689397482,0.036431574030826766,-0.4686030428769022,0.12060452392073129
SPGI,2020-04-01,2020-04-02,-26.42166000000006,-0.0026721381877177,1,False,0.04167079373702289,0.013375268250000192,0.88,53.16914957946237,31.051770046528368,0,-0.01646227990647511,0.03306771007300666,-0.19386690214337257,0.08491537092959053
POOL,2020-03-31,2020-04-06,-397.7943200000004,-0.076829268292683,6,False,0.08436262639573398,0.09278526311415052,0.96,46.826691018198424,29.41417677007421,0,-0.10260532150776064,0.007760532150776085,-1.068354221635885,0.09604054482103264
WST,2020-04-02,2020-04-08,376.5730499999994,0.059172809172809,6,True,0.2908377769395094,0.014360562308976603,0.93,55.572663745114305,21.898392716898595,0,-0.005733005733005756,0.12633087633087625,-0.0766373411534705,0.0748069498069498
CPB,2020-03-27,2020-04-13,590.7193400000003,0.1129558256744738,17,True,0.04129023923456972,0.07803628088709742,0.98,38.852304797742256,16.145258980397724,0,-0.005632967684553743,0.15950192706789218,-0.06141768644654739,0.09171572572106225
DVA,2020-03-27,2020-04-14,228.97280000000083,0.0438767009164122,18,True,0.38457228879632127,0.008166177229276157,0.97,45.44042600399379,21.370904298327826,0,-0.10427658983615651,0.09205776173285213,-1.1809157544539846,0.08830146387908125
PODD,2020-04-08,2020-04-17,987.3949499999992,0.1607248960190135,9,True,0.36750354200332797,0.02256694180355359,0.83,69.98217865894406,22.905256821875003,0,-0.03155317884729658,0.1991241830065359,-0.3928528777978234,0.08031805449452509
GEN,2020-04-02,2020-04-22,401.2784200000003,0.0594427244582043,20,True,0.6831280258848297,0.02149969516120799,0.89,60.57007125890737,26.05144674047423,1,-0.020433436532507634,0.1195046439628483,-0.28874999999999856,0.07076514816452896
TIF,2020-04-02,2020-04-24,-91.92453999999884,-0.0061504494559216,22,False,0.31601865061754764,0.013304328267323097,0.93,52.57322175732218,45.51695244760729,0,-0.02365557483046838,0.014981864059296687,-0.5421453465857751,0.04363327100277109
AKAM,2020-03-27,2020-04-30,228.06819000000013,0.0409545307965172,34,True,0.3242607597284679,0.038488212217843855,0.99,56.1282405276883,23.103875168878098,0,-0.04600666451682254,0.16360313877243898,-0.5547382814778333,0.08293399978501559
FTNT,2020-03-31,2020-05-05,315.0212800000004,0.0559440559440559,35,True,0.18580693628302142,0.005415154826738417,0.93,59.85074626865672,31.814191308916467,0,-0.040959040959040974,0.14885114885114886,-0.4852071005917159,0.08441558441558446
ENPH,2020-04-13,2020-05-06,1023.62168,0.2290794979079497,23,True,0.8669216263549017,0.09995161172434555,0.7,68.31965750981091,18.767236547313786,0,-0.10198483263598332,0.3998430962343096,-0.9067350887244772,0.1124747833233712
AMD,2020-03-20,2020-05-07,1325.0905200000002,0.2751144302577692,48,True,0.2881954298502313,0.017632049595255616,0.97,39.6477442509427,30.398971894952414,0,-0.06167188629245954,0.41243073958082405,-0.6221282549337152,0.09913050211652963
MKTX,2020-04-17,2020-05-21,646.7757500000005,0.0642362779967317,34,True,0.6616047116919328,0.15031561707071076,0.79,70.90439276485787,20.518797044233136,1,-0.08836393348072667,0.15735845429203119,-1.7028216069597426,0.05189265459139533
GEN,2020-04-30,2020-05-22,-814.0291800000012,-0.0541264737406217,22,False,0.9856403415034971,0.08328204812224826,0.64,66.80244399185334,24.256046422336272,1,-0.07824222936763134,0.021972132904608796,-2.066734074823054,0.037857908436686585
REGN,2020-04-02,2020-05-28,620.1353999999998,0.1076439234586557,56,True,0.6790746451171734,0.02991906403799411,0.92,56.48385443362379,22.600915683690936,1,-0.022627483815631018,0.18055016643862198,-0.283733606482414,0.0797490438166812
PODD,2020-04-24,2020-05-28,-1341.95454,-0.1206964585182992,34,False,1.0525146382588417,0.0365419072127249,0.64,75.99198396793588,23.691387870850264,1,-0.18910920390648123,0.1284896912301469,-3.797060030276879,0.04980411223382516
ENPH,2020-05-21,2020-06-02,-150.57120000000032,-0.019672131147541,12,False,1.4199878028309438,0.09068288965210866,0.79,73.10249307479224,32.91617278665917,1,-0.13932131147540988,0.01151639344262296,-1.6534516973601574,0.08426088992974236
DXCM,2020-04-08,2020-06-08,2682.11459,0.4183241973375098,61,True,0.7396296551141254,0.0879991609609708,0.81,67.64866339334424,18.533923181348847,1,-0.020046985121378248,0.678151918559123,-0.25476258174580635,0.07868889137487413
VRTX,2020-03-23,2020-06-09,1351.2532799999994,0.2697387173396673,78,True,0.1617371255665005,6.392229396643524e-05,1.0,41.15930224665716,20.16721380919776,0,-0.0521615201900237,0.40404988123515445,-0.5738981618234513,0.09088985408890399
FTNT,2020-05-22,2020-06-10,-551.4454600000012,-0.0418555981862575,19,False,0.7814922969264585,0.1571055374302412,0.81,87.36097067745197,34.549809117806,1,-0.10498779211719572,0.023020579002441456,-2.240297713981926,0.04686332154068463
PENN,2020-06-15,2020-06-18,649.6946600000001,0.1317471590909091,3,True,1.0780497808141916,0.08375612902013256,0.83,54.22904191616767,39.85534049895544,1,-0.01207386363636363,0.2308238636363635,-0.1026479283879746,0.1176240361201299
CRWD,2020-06-08,2020-06-25,952.78736,0.1056668086919472,17,True,1.0797328837332845,0.11814846043104825,0.97,72.96015180265654,31.78427978842243,1,-0.030251384746484762,0.15381337878142307,-0.4820562560620738,0.0627548846551829
REGN,2020-06-10,2020-06-26,-73.6600300000002,-0.0032767989461551,16,False,1.0909957359882394,0.09649850799037725,0.74,58.0128554308748,19.814185811382767,1,-0.06057961468796306,0.054322410670179504,-1.4868937644341773,0.04074239608571903
SEDG,2020-06-02,2020-06-29,-1352.68055,-0.1364119601328903,27,False,0.9181583579059808,0.1429965805682596,0.58,75.15740241050547,28.47726060558081,1,-0.15488372093023256,0.042657807308970015,-2.6471919518356093,0.058508685334598985
SMCI,2020-04-03,2020-07-06,2009.1266880000005,0.358874878758487,94,True,0.18394663381191356,0.040244037650779656,0.85,59.2838196286472,27.012765835156113,0,-0.048011639185256916,0.6149369544131913,-0.5541783286685311,0.08663572121380078
MRNA,2020-03-04,2020-07-07,5683.793849999999,1.1007502679528405,125,True,0.44022462907891285,0.09871382345888796,0.98,69.84089845577911,35.539809052572544,1,-0.3101107538406574,2.1082529474812435,-2.580042462845011,0.12019598836319093
CTLT,2020-03-31,2020-07-13,2521.47146,0.5669322709163345,104,True,0.10697209848010455,0.032423103932157894,0.96,56.45514223194749,28.894886564075854,0,-0.06354581673306782,0.6041832669322709,-0.5795484038411636,0.10964712578258394
WST,2020-05-07,2020-07-15,3052.9336000000003,0.1980294555344589,69,True,0.8631548950860342,0.13563636798794662,0.71,72.71236470974088,39.639151898816884,1,-0.013958023297582998,0.22076255965515462,-0.37909407665505224,0.036819418073587504
DDOG,2020-05-21,2020-07-16,2291.4978500000007,0.2521428571428572,56,True,0.8384503481803703,0.15742460882950102,1.0,84.3965755316211,46.855958954416586,1,-0.10714285714285714,0.4141428571428571,-1.6711096964150711,0.06411479591836737
PYPL,2020-07-07,2020-07-17,-730.5834199999973,-0.0348261537586068,10,False,0.9235778406663316,0.12258837930436228,0.67,68.32871652816256,32.9594584266336,1,-0.07517213907699301,0.03545211403858202,-2.3918779099844776,0.0314280836673143
TER,2020-07-15,2020-07-17,-218.279360000002,-0.0103347034644745,2,False,0.7695631608048403,0.10212284532412784,0.28,61.88235294117647,33.50016324933053,1,-0.028537874339401133,0.0,-0.8123209169054463,0.03513128093280765
REGN,2020-07-17,2020-07-20,318.0708500000027,0.0183289352367025,3,True,1.2094087475052315,0.006401896029607818,0.08,62.45770532143954,19.404815931109923,1,-0.004387498807744875,0.046688710138937474,-0.13767057398368143,0.03186954685221942
ETSY,2020-06-26,2020-07-22,329.10120000000035,0.0288452136501418,26,True,1.2889162195755268,0.10560436675612876,0.7,85.27740189445197,41.1945443889896,1,-0.033929793683387104,0.12937713894592753,-0.7111467644139697,0.047711380239981005
CTXS,2020-03-12,2020-07-28,2512.2455999999997,0.294035674470457,138,True,0.39280112638851483,0.03248572167770437,1.0,38.417074255224534,24.381688993405863,0,-0.056391675956893414,0.5816610925306578,-1.018212317277739,0.05538302277432713
REGN,2020-07-22,2020-07-29,-301.4657000000011,-0.01328976719344,7,False,1.1460060217623478,0.04781229895857229,0.07,60.246589333917,21.282222037822695,1,-0.07248107072166889,0.002686229539099442,-2.283835383962664,0.031736556509562246
AAPL,2020-07-17,2020-07-31,1640.9787200000007,0.0607481615687946,14,True,1.2060367285920437,0.13509833513000571,0.37,81.56378600823034,43.491567523058094,1,-0.08089097303634236,0.09719705851007146,-3.6155154814562795,0.02237328907903351
MRNA,2020-07-15,2020-08-12,-1237.3585699999994,-0.1353976234003655,28,False,1.8942003042678808,0.0032217599483980084,0.86,69.97402597402598,21.360303082010077,1,-0.2397166361974405,0.08786563071297987,-3.4843180774801668,0.06879872355706451
WST,2020-07-29,2020-08-18,733.3600000000037,0.0370724249952228,20,True,1.4656703147027246,0.14819507042534033,0.69,81.0589112602536,35.28258408917058,1,-0.015364035925855082,0.05216892795719486,-0.5240223463687128,0.029319428899019954
DXCM,2020-06-25,2020-08-25,507.9821999999997,0.040991902834008,61,True,1.2455860021132947,0.14924528513812657,0.37,63.56589147286821,17.416592696591064,1,-0.05050607287449388,0.1544534412955466,-1.0901997503121084,0.04632735685367267
AMD,2020-07-31,2020-08-27,1209.911779999999,0.0976229820770305,27,True,1.2190735342192447,0.14202798828008406,0.85,83.90216154721273,33.91870385291463,1,-0.04207448836913693,0.11503749841108424,-0.8459523353140384,0.04973623998983092
ETSY,2020-08-06,2020-08-28,-1213.9714800000006,-0.0798922800718133,22,False,1.3731811765048256,0.03788178690269414,1.0,75.46929105157645,35.45394868747611,1,-0.1190155595451826,0.05782465589467377,-2.633554707682996,0.045191982987090706
GEN,2020-08-28,2020-09-03,-318.9132000000029,-0.010304449648712,6,False,1.1495388293543845,0.08982098765328782,0.2,66.88524590163925,39.056306489629,1,-0.06557377049180338,0.003278688524590177,-2.4438902743142172,0.026831716293074615
SEDG,2020-07-28,2020-09-08,679.9904300999992,0.0645148459383752,42,True,1.12262732280506,0.15652745246646263,0.69,57.385299625468164,18.28987503612658,1,-0.08907563025210087,0.2856582633053222,-1.6190291934383492,0.055017927170868376
MRNA,2020-08-26,2020-09-09,-2260.734450000001,-0.1713989943803608,14,False,1.1566453561304564,0.023004845956204317,0.17,42.61775362318839,13.29727595166363,1,-0.1983141082519965,0.05944986690328299,-3.721603298576696,0.05328727764397686
AMD,2020-09-08,2020-09-09,472.2014000000013,0.042921204356182,1,True,1.2877949398374153,0.006608273824745736,0.9,45.31693472090823,31.136690608084503,1,-0.0006406149903907388,0.05624599615631007,-0.011884529907418832,0.05390326713645101
XYZ,2020-06-29,2020-09-10,4827.66828,0.3981930575368521,73,True,0.9363229365548672,0.14738638462654743,0.73,69.48499036078218,38.42404076647237,1,-0.0373751783166905,0.6225392296718973,-0.7708084662844858,0.04848828204605666
ENPH,2020-07-20,2020-09-10,1596.36813,0.1347245409015025,52,True,0.8724821414012036,0.004866500628839326,0.08,83.70339338081273,22.380737198255876,1,-0.06043405676126874,0.3434040066777963,-1.1449122791164195,0.05278487956117339
PENN,2020-08-19,2020-09-10,1034.8951599999991,0.1133309117326551,22,True,0.8776619017093008,0.15505063686576118,0.99,76.26025791324734,43.3248155194274,1,-0.07500908100254272,0.19487831456592813,-1.0242239050529212,0.07323504229152612
CRWD,2020-09-03,2020-09-10,-84.3900799999999,-0.0054961832061068,7,False,1.5449633404038385,0.1468835894178907,1.0,73.58490566037736,25.411579074863187,1,-0.12030534351145042,0.059541984732824516,-2.0376800886590325,0.0590403489640131
PYPL,2020-09-10,2020-09-14,-870.0619200000016,-0.051461867684216,4,False,1.119842684720812,0.044269719327521544,1.0,42.523364485981304,23.566333291318355,1,-0.07734749651936265,0.010828649512710743,-1.9699812382739212,0.03926306251887647
NVDA,2020-05-28,2020-09-18,5783.85934,0.4988038277511962,113,True,1.0456079570248753,0.15222835829770506,0.68,64.89951489951491,30.12457266507257,1,-0.003947368421052569,0.7523923444976078,-0.08191489361701997,0.04818865345181136
AAPL,2020-08-18,2020-09-18,-793.3707599999996,-0.03456054863743,31,False,1.3829235546978103,0.15231560102881647,0.93,80.99505562422746,47.8864049912201,1,-0.07218913553510198,0.20664140046922944,-2.293202293202291,0.03147961946012843
EPAM,2020-09-10,2020-09-21,-771.8000400000002,-0.0342945736434108,11,False,1.2268910655444651,0.1171205940895176,0.91,60.68702290076337,41.3989544313784,1,-0.046418604651162876,0.04906914728682165,-1.5488190605693357,0.02997032115171652
CRM,2020-09-03,2020-09-22,-1220.382999999999,-0.0899239972909924,19,False,1.0883870145494563,0.1479810915267762,1.0,80.20824369675586,47.84472995424043,1,-0.12574309579351328,0.0033110091052752366,-2.553233287858115,0.049248572933575555
FBHS,2020-09-21,2020-09-22,-56.67396000000305,-0.0006191183754335,1,False,1.0449444504847212,0.055746346120137645,0.59,44.27223719676549,38.36938868669992,1,-0.03380386329866275,0.02414561664190179,-1.1297664794561053,0.029921106629873354
VEEV,2020-09-09,2020-09-25,-87.2487199999993,-0.004230055658627,16,False,1.0624052543390836,0.15421400728105222,1.0,52.20316909051443,19.52033371088082,1,-0.049721706864563925,0.034211502782931454,-1.0728276098704692,0.04634640869334749
TMO,2020-09-18,2020-09-25,-650.6556000000012,-0.0257014911152399,7,False,1.0306690384869435,0.12343099894493308,0.92,52.70907626826181,18.22418701145035,1,-0.03268067266923913,0.016626173121814154,-1.198029065053325,0.027278697673152438
MRVL,2020-09-10,2020-09-30,-330.70439999999894,-0.0205128205128204,20,False,0.986379935449621,0.14825143277305705,1.0,68.75000000000001,24.03987047621105,1,-0.07999999999999993,0.014615384615384622,-1.8322147651006693,0.04366300366300367
CRL,2020-09-22,2020-10-08,1660.9681200000016,0.0927258559838658,16,True,0.9283665258603617,0.05837884871573159,1.0,51.17517443995593,20.29824986004213,1,-0.055919695650181005,0.09378007975432007,-1.5654113741617284,0.035722045063155225
PENN,2020-09-14,2020-10-22,464.1723999999997,0.0541348389239455,38,True,1.6639442083197242,0.013886650071657802,1.0,64.19466975666282,38.561743939211716,1,-0.01345068083693129,0.2723347725008304,-0.18373864393103528,0.07320550837405705
HOLX,2020-09-30,2020-10-22,-158.07207000000017,-0.0059055118110236,22,False,0.827860610623701,0.15356146121194442,0.76,72.88609364081063,17.063371590277892,1,-0.011053906723198122,0.055572380375529785,-0.33010335917312816,0.03348619884052957
CRWD,2020-09-25,2020-10-26,-197.14845000000108,-0.0132547864506628,31,False,1.333446995969725,0.016474384972216247,0.84,63.806706114398395,25.30447823969996,1,-0.046244477172312226,0.13343151693667138,-0.9246949936895246,0.05001051967178625
WHR,2020-09-22,2020-10-27,1887.3437400000005,0.0928623988226637,35,True,0.9959118747981078,0.07077945427777997,0.71,51.79808644011878,28.641558610047674,1,-0.023620309050772684,0.16571008094186887,-0.7477537437604009,0.03158835278040577
CZR,2020-09-09,2020-10-28,-962.5192499999984,-0.0807379488196785,49,False,1.3648462786972595,0.15816576830152895,0.55,66.27512398851474,29.7378934130431,1,-0.10454274945447324,0.19182701844872055,-1.8770575634378275,0.05569501516139089
DDOG,2020-10-22,2020-10-28,-420.4332000000005,-0.0351900456887333,6,False,1.365616121528273,0.12821983414882587,0.89,44.42265261093406,24.144440969529512,1,-0.06571400797122587,0.016136871779916365,-1.0826207567134734,0.060699009845991476
NVDA,2020-10-26,2020-10-28,-435.283679999998,-0.0164794007490635,2,False,1.4166392887791885,0.0770750928041679,0.48,39.350180505415175,16.96915413659141,1,-0.06067415730337083,0.020224719101123563,-2.1196261682243027,0.02862493311931511
XYZ,2020-10-22,2020-10-29,-789.1721999999988,-0.0471708683473388,7,False,1.8395235073063771,0.14290939923585988,0.59,55.82810770933234,36.42036857760703,1,-0.0787114845938376,0.019495798319327674,-1.839184064269527,0.042796958783513396
SEDG,2020-10-08,2020-10-30,-1803.1,-0.1430868167202572,22,False,1.9557551309744405,0.1362214322952602,1.0,84.97448111602588,32.961707019828104,1,-0.19286173633440512,0.022122186495176836,-3.3987761944812984,0.05674446485989895
MRNA,2020-09-18,2020-11-03,-243.09438000000017,-0.0224077328646748,46,False,1.0848509064285676,0.04618327318369704,0.43,53.53010975971524,13.086424457083702,0,-0.06795547744581137,0.19171060339777393,-1.057816787304896,0.06424125449828437
VEEV,2020-10-28,2020-11-03,-2015.501359999998,-0.1130095519978473,6,False,1.122859428905333,0.12548135155695533,0.82,47.837972166998,12.077335275896639,1,-0.1141867348311583,0.0,-3.126440955126726,0.03652291422421247
ETSY,2020-09-25,2020-11-04,2241.2832,0.1917326297273526,40,True,1.1674579821615176,0.0798373022400709,0.73,59.65346534653465,15.020853441327898,1,-0.006068601583113437,0.3621811785400175,-0.11152210354238494,0.054416132679984935
SEDG,2020-11-03,2020-11-04,-315.1827000000001,-0.04735088460275,1,False,1.2697633069998466,0.03554418532184509,1.0,18.701414553332512,29.645466336633554,1,-0.10788868553193491,0.02290112159181564,-1.0710102489019038,0.10073543707219618
FSLR,2020-10-29,2020-11-09,534.7418599999992,0.0501371365880416,11,True,1.183542325743764,0.14642220105306844,1.0,61.98392906622331,35.27607151184736,1,-0.14679100383982457,0.050137136588041614,-2.499492949326959,0.05872831282814826
MPWR,2020-10-27,2020-11-20,-486.5279999999997,-0.0191868433074463,24,False,1.1037039775479816,0.11370534211602168,0.67,68.19061016353083,33.14368017731519,1,-0.07244012269137894,0.12321346994713846,-2.4975891996142683,0.02900401823589192
TMO,2020-11-03,2020-11-23,-1992.0718799999988,-0.074437475418659,20,False,1.171286515513011,0.15206009482369123,0.92,64.85453648915184,30.27124012679666,1,-0.10039537146287442,0.08453911279471729,-4.100241545893719,0.02448523345250664
ENPH,2020-09-25,2020-12-09,8959.11975,0.9538615847542627,75,True,1.027242920872169,0.06162422219230724,0.68,61.50053920813435,19.773646444190202,1,-0.003430290872617902,1.1340779481301042,-0.04988242297961075,0.06876752707100897
XYZ,2020-11-09,2020-12-15,1575.3165199999992,0.141710880531089,36,True,1.5697290963594153,0.0023091190152352116,0.99,49.14836856146111,26.295031309912794,1,-0.1264734324769347,0.1614960403544078,-2.264239481443502,0.055856915098179076
MRNA,2020-11-20,2020-12-22,4901.792,0.4631578947368421,32,True,1.3257026539208105,0.14831978077910177,0.84,79.32692307692308,38.2877998292183,1,-0.015368421052631514,0.8789473684210526,-0.2532181876069259,0.06069240601503762
TWTR,2020-10-30,2021-01-13,752.4214600000005,0.0799461037502807,75,True,1.030841921852991,0.15403232090794997,1.0,37.95033228401539,35.513783806533894,1,-0.12575791601167755,0.260049404895576,-1.9256180890205385,0.06530781816431941
IDXX,2020-11-04,2021-01-20,1178.1248700000012,0.0684224399244388,77,True,1.067648141819179,0.12396040000715375,1.0,67.63727121464224,34.17464775281649,1,-0.07492421912753155,0.13531827966436766,-2.05549589258082,0.03645067810544681
CRWD,2020-11-20,2021-01-20,7104.575550000001,0.5633608815426998,61,True,1.0225200050602108,0.0073522940215434,0.83,65.28497409326424,16.545824406788466,1,-0.047933884297520525,0.6429752066115704,-0.9326186830015284,0.051397087760724144
POOL,2020-10-28,2021-01-29,-153.98711999999787,-0.004386881136411,93,False,1.2935319681640287,0.12793114543977108,0.85,69.3908726370059,39.09653789372021,1,-0.12002745531051351,0.10737413829120541,-4.520552344251763,0.026551502155071346
ENPH,2020-12-22,2021-02-03,1665.2346719999998,0.1210732041830961,43,True,2.7697548370634375,0.03579332347620858,0.98,86.76602086438149,34.21970832110162,1,-0.06108863363620791,0.2711012057831876,-1.0836463164297143,0.05637322132693296
CPRI,2020-11-23,2021-02-04,2915.3569500000003,0.2397414277684092,73,True,0.9703246693161854,0.1657132735308714,1.0,90.88654680719155,56.43977914592202,1,-0.032883642495784196,0.3150646430578977,-0.6150495644337648,0.053465028507187026
COHR,2020-11-23,2021-02-05,5536.916,0.3776091081593928,74,True,0.9952596502075441,0.16358070120851556,1.0,95.85492227979273,46.774372083352524,1,-0.012068311195445946,0.46072106261859574,-0.27140582364230087,0.04446592572512876
ETSY,2020-12-09,2021-02-05,4954.81334,0.337832951669278,58,True,1.7178667867064925,0.15826464040657717,0.84,77.27734507280732,23.123852763854153,1,-0.053874894540195235,0.44311196818127035,-1.1291605995485527,0.047712340088500116
AMAT,2021-01-20,2021-02-10,-680.9223199999991,-0.0287427429332825,21,False,1.4386048033711027,0.14879200346506102,1.0,81.92395005675368,46.8548900752082,1,-0.12753402493575705,0.0069477491196345675,-3.414634146341463,0.03734925015975742
PENN,2020-12-16,2021-02-11,4402.58895,0.3966872204086568,57,True,1.1501722995769328,0.1250857365853604,0.87,73.02168403266684,36.1868175346573,1,-0.030951517349776185,0.5596663039535729,-0.4704986576872818,0.06578449660604174
FFIV,2021-02-05,2021-02-22,-432.7191899999998,-0.0124070725336548,17,False,1.1811900096507721,0.1486599139660902,0.77,55.96926713947989,33.06499979095372,1,-0.03506128189672503,0.07394012457303596,-1.2712636141769607,0.027579867389993965
MAC,2021-01-28,2021-02-23,-2904.62985,-0.3916372202591284,26,False,1.4877018971162717,0.1356443251780653,1.0,70.3803970567819,46.04957916702156,1,-0.4636042402826855,0.0859835100117786,-4.295603367633302,0.10792529025744572
ETSY,2021-02-22,2021-02-26,54.064919999998935,0.0051153190343712,4,True,1.807257015949606,0.053528124495810944,0.8,56.084862683847454,37.96902929091647,1,-0.14295970564479948,0.04231356008256294,-2.8397963679332987,0.05034153408289637
MRNA,2021-01-29,2021-03-01,-1459.9447170000008,-0.117303274472827,31,False,2.5191298305002636,0.09989562186924691,0.75,90.41884116151482,28.28814175410821,1,-0.22281273215612324,0.08154751700097138,-3.586465177398162,0.062125999036679626
SIVB,2021-01-20,2021-03-04,1611.286430000002,0.0740935254821226,43,True,1.7409609046517798,0.1284481977582126,1.0,81.40983844091863,44.132487000373274,1,-0.0845512793580101,0.1562539389101298,-2.3155920880681573,0.03651389197332644
CRWD,2021-02-22,2021-03-04,-2705.758059999998,-0.1308776099134271,10,False,1.9594925898263056,0.09986776209602798,0.64,60.479505027068846,18.712918419475525,1,-0.2055678153114921,0.009166525207944429,-4.751681614349778,0.04326211897082715
ENPH,2021-03-01,2021-03-04,-1276.3899499999989,-0.1270696744082674,3,False,1.253291668415181,0.05325192522842102,0.99,45.10543459626263,19.090323641873848,1,-0.20546727414157123,0.03772641404600523,-2.2941188721542294,0.08956261013128444
PENN,2021-03-04,2021-03-08,-657.3156499999997,-0.0562231759656652,4,False,1.4003720933984445,0.006023549053179442,1.0,47.29186462977853,17.869770255199867,1,-0.1812875536480687,0.031158798283261763,-2.356113560083765,0.07694347026364194
AMG,2021-02-11,2021-03-09,-860.3321199999995,-0.0355494316224595,26,False,1.4249598800199632,0.05738805116636762,1.0,84.13307741522715,56.71788183107079,1,-0.08749569410954197,0.025077506028246547,-2.381143698942014,0.03674523891540772
ZBRA,2021-03-04,2021-03-10,-550.8001200000027,-0.0198160380270388,6,False,1.7641523552035103,0.1452415202452302,0.95,53.81301850670071,47.5735895437521,1,-0.06545671543510917,0.027470831532810595,-1.9311374778739185,0.03389541976430056
SBNY,2021-02-10,2021-03-11,1613.5366099999997,0.0785205033733671,29,True,1.4876024718233813,0.1483014533866076,1.0,92.62295081967214,58.56884677432149,1,-0.04129384181061292,0.11254126991722083,-1.0331794082435424,0.039967735981899365
MAT,2021-03-11,2021-03-24,-842.51085,-0.03585086042065,13,False,1.7770207732341166,0.1234581932903644,0.99,67.18749999999997,15.744342817458786,1,-0.056883365200764875,0.04541108986615675,-1.3405537629649915,0.04243273695711552
DISCA,2021-01-29,2021-03-30,429.5984000000012,0.0353559483994267,60,True,1.50068634439751,0.1620357204739179,1.0,73.11095983662356,62.03309564910013,1,-0.1734352603917821,0.866698518872432,-2.9381921619301177,0.059027882055832356
VIAC,2021-02-03,2021-03-30,-661.5095999999999,-0.0649112063686466,55,False,1.153053846289835,0.14858702822375036,1.0,63.40490797546012,58.370595095191874,1,-0.20310267401510518,1.0410287813839558,-2.5658500644685955,0.07915609599626745
CPRI,2021-02-26,2021-03-30,235.39177000000072,0.0142857142857143,32,True,1.3893549008287542,0.15344584584551552,0.85,52.274541101356746,22.2663598346474,1,-0.05643923240938163,0.2490405117270789,-1.2643121306822054,0.04464026804751751
XEC,2021-03-08,2021-04-01,-1976.3316999999995,-0.1179791976225854,24,False,2.383890894887668,0.1524728351287024,1.0,75.5232351897836,42.11466114667498,1,-0.18573551263001487,0.022288261515601784,-3.3725187897475437,0.05507323285926554
MRO,2021-03-09,2021-04-01,-1427.4598400000018,-0.1144321093082836,23,False,1.6191747820215077,0.1593003726440953,1.0,67.81483790523691,47.18928095575493,1,-0.2065755764304014,0.032450896669513146,-2.8311319177395085,0.07296571916554838
KSS,2021-03-25,2021-04-01,1592.228040000001,0.11621271076524,7,True,1.4835970306100457,0.11546276823098055,0.98,54.202192448233845,33.28513448133529,1,-0.012191958495460412,0.1540856031128406,-0.2035891089108905,0.059885121363720616
DISCK,2021-02-04,2021-04-05,1020.8400300000002,0.0589743589743589,60,True,1.2251339779743384,0.14673909327224757,0.96,62.43496357960458,59.99295728075616,1,-0.11709401709401718,0.9002706552706552,-2.576802507836992,0.04544159544159545
LB,2021-03-30,2021-04-06,337.0651200000001,0.0221550855991943,7,True,1.9483235790827864,0.01659535967519422,0.9,69.06577693040992,22.828803050892436,1,-0.009734810339039918,0.0466599530043639,-0.2111284451378049,0.04610847360092073
SBNY,2021-03-30,2021-04-07,535.5468000000003,0.0371243926600311,8,True,1.6886892910239921,0.08243732948244906,0.98,47.18765555002489,23.59455512661235,1,-0.003962451059012233,0.06288032454361046,-0.07818109293976898,0.05068298369869198
TRIP,2021-03-04,2021-04-08,-442.5197499999989,-0.0364335408275356,35,False,1.518902303136387,0.16339818189480637,1.0,73.77950210151955,48.78606857720672,1,-0.14555108019040638,0.1891248626876603,-1.9267989515997792,0.07554035675053616
PENN,2021-03-10,2021-04-14,-1492.438219999999,-0.1367709213863059,35,False,1.3690758170115624,0.04150292864114104,1.0,55.47788873038517,19.034965193147006,1,-0.18199492814877433,0.20033812341504653,-2.142520016377036,0.08494433039487985
ADS,2021-04-05,2021-04-14,-1249.5841799999987,-0.0822710230316014,9,False,1.838276485293983,0.1360225309090133,0.96,47.850138295197375,41.572565867974305,1,-0.08955543652919122,0.003427959292983475,-1.68913263097128,0.0530185936184865
AMAT,2021-04-01,2021-04-22,-459.4814399999999,-0.0243810100704171,21,False,1.98293856705757,0.15938329791079575,0.9,75.6959526159921,19.063352436904438,1,-0.07117437722419923,0.05686378435678065,-1.5685339690107256,0.04537636967409058
ON,2021-04-01,2021-04-23,-390.4176100000002,-0.0210650887573964,22,False,1.7661182323844717,0.159712587956932,0.77,62.04819277108433,14.66414665145679,1,-0.068284023668639,0.05538461538461546,-1.4642015588181976,0.04663567202028739
ETSY,2021-03-24,2021-05-05,-1604.4075199999993,-0.1352048901969662,42,False,1.9318951178185317,0.0899635966132741,0.85,50.56004978220287,20.05804711585817,1,-0.1781299524564184,0.027846954946796496,-2.4706288718526133,0.07209903295708141
XYZ,2021-04-06,2021-05-06,263.7665999999999,0.0204781118486702,30,True,1.589127434548721,0.11182153912496055,0.69,45.994862213918715,16.88809575283215,0,-0.059829059829059915,0.20669009501496804,-1.103547459800202,0.05421521231165899
LB,2021-04-14,2021-05-06,-43.977150000001615,-0.0001542971763617,22,False,2.111784459470818,0.05277589565156011,0.66,77.22254503195816,24.412796688978382,1,-0.0442832896158001,0.03841999691405639,-1.1470168427062537,0.038607357771067066
HPQ,2021-05-06,2021-05-13,-3116.547600000001,-0.0703624733475479,7,False,1.973334032893283,0.10285656920559129,0.55,59.90338164251206,35.4460571699295,1,-0.07711442786069658,0.04619758351101637,-4.0614973262032095,0.01898669915727486
LB,2021-05-13,2021-05-14,268.7361600000023,0.014389602351849,1,True,2.4665782455038827,0.007263482869350221,0.54,44.750656167978995,15.552566740180396,1,-0.013615967816803272,0.06374748568776117,-0.38248990996584664,0.03559824053402892
SBNY,2021-05-14,2021-05-17,209.7374400000012,0.0120736237757514,3,True,1.6513905708783816,0.02067959357498682,0.58,44.03589406872399,19.450577638912804,1,-0.014859844647078613,0.02596251266464035,-0.3866007688083454,0.038437183383991866
CZR,2021-04-22,2021-05-18,1126.3145999999988,0.0726304579339722,26,True,2.229102257423227,0.15352522950941003,0.7,60.606060606060616,12.242712711928503,1,-0.03855165069222582,0.1379126730564429,-0.7911308425512263,0.04872980374258329
LB,2021-05-17,2021-05-20,-602.4784999999997,-0.0253874538745387,3,False,2.3592498142692544,0.013226507498731412,0.63,57.9742585338556,17.449717620939744,1,-0.08649446494464944,0.04723247232472329,-2.3807312826465434,0.036331049024776005
STX,2021-05-18,2021-05-20,-706.19066,-0.0358403176003528,2,False,1.7512646192288608,0.025114252864715452,1.0,58.86269070735089,34.94241528473629,1,-0.12483458314953691,0.0037494486104983366,-2.9528600708030575,0.042275820782658007
GPS,2021-04-01,2021-05-21,1731.5145300000015,0.1077220077220078,50,True,1.9567182221710833,0.08447526827577667,0.82,46.52255639097745,30.66700330818095,1,-0.021621621621621574,0.26254826254826275,-0.44799999999999895,0.04826254826254826
AMG,2021-04-08,2021-05-21,391.7778399999966,0.0148876949964397,43,True,1.7245017067600534,0.14729212926456564,0.59,63.210332103321065,20.607208506321342,1,-0.02038966923425468,0.14318078840054374,-0.7844183564567779,0.02599336064285253
IVZ,2021-03-10,2021-05-24,1983.7496799999967,0.0991902834008095,75,True,1.514617109409473,0.13122112096072808,1.0,70.15151515151514,32.234725878708936,1,-0.07692307692307708,0.1781376518218623,-1.7147461724415825,0.04485974551764026
CPRI,2021-04-23,2021-05-24,-199.83049999999943,-0.0075258701787393,31,False,2.0849403610518715,0.16039654229606337,0.4,64.0845070422535,10.807924875300817,1,-0.02445907808090305,0.12135465663217315,-0.6448207079564483,0.03793159521569682
SIVB,2021-05-13,2021-05-24,731.2069499999996,0.0377498283277313,11,True,1.6747524333126178,0.1421943525650449,0.69,47.5395300724102,20.66001891135777,1,-0.01929957714409619,0.06230890165889625,-0.5237623172769378,0.03684796807153959
COF,2021-05-20,2021-06-15,275.1619200000027,0.011026589434015,26,True,1.9499210833720664,0.14460960641482737,0.58,68.56247201074785,30.363939198898933,1,-0.012701514411333612,0.06574080535976004,-0.5132957292506023,0.024745022581577826
LB,2021-05-27,2021-06-22,-707.128890000001,-0.0402654867256637,26,False,1.8235808716482318,0.006999610267411564,0.99,54.948646125116724,15.214396878427433,1,-0.10383480825958702,0.030383480825958736,-2.261587884350618,0.04591234723978089
CINF,2021-05-21,2021-06-28,-477.8155200000023,-0.0124071811260457,38,False,1.6079203934996973,0.1496990597781452,0.67,64.8835745752045,39.624271712224704,1,-0.060813986276905714,0.027446188551555614,-2.637740244612696,0.02305533549071476
DXC,2021-06-15,2021-06-28,-1221.1278200000004,-0.0415957188032109,13,False,1.7122144015546428,0.15780491497575563,0.56,80.25936599423633,50.039703058404946,1,-0.12065190951106788,0.005837995621503333,-4.345214257108532,0.02776661917503561
MRNA,2021-06-22,2021-06-28,696.5681600000005,0.0580755361548681,6,True,1.423877942828251,0.10121943450911805,0.96,66.11087050671287,26.25165357344924,1,-0.024720060732586733,0.07472955019927881,-0.4083819642310237,0.06053171515332267
BX,2021-05-24,2021-06-29,2678.1019400000023,0.0816805845511483,36,True,1.5847081348884338,0.009171772523024993,0.87,59.09774436090226,41.96893754117588,1,-0.011482254697285954,0.0972077244258873,-0.5018329938900176,0.0228806292872055
IPG,2021-05-24,2021-06-30,-1533.5603399999986,-0.0435714285714285,37,False,1.5052563644936354,0.14641007773841766,0.55,57.894736842105296,31.508277728113804,1,-0.05321428571428566,0.039642857142857126,-2.3281249999999973,0.022857142857142857
KKR,2021-06-28,2021-07-21,-1320.4914000000017,-0.0322525304511923,23,False,1.8192900259288343,0.14922627603828534,0.63,76.97297297297297,20.562424663709006,1,-0.06759306913707322,0.008920912677989418,-3.423960273122284,0.01974119550033085
LB,2021-06-30,2021-07-21,1223.518120000001,0.0566386793795361,21,True,2.0169407103806223,0.014627524143299833,0.41,65.86444007858549,16.417724785456294,1,-0.03244627863953325,0.09449267112565819,-0.9690346083788713,0.033483095814104774
MRNA,2021-07-19,2021-08-02,3665.957539999999,0.265199971884445,14,True,1.65305338497755,0.1348911936243858,1.0,86.12993224392187,30.90840354033411,1,-0.004920222112884073,0.28488086033598087,-0.09144055733952985,0.053807875367761514
DXC,2021-08-03,2021-08-24,-4739.013500000001,-0.1638636363636363,21,False,1.345173683525188,0.030126309938688253,1.0,68.56875584658556,17.13183096290323,1,-0.23227272727272724,0.004090909090909084,-7.605783542419732,0.030538961038961036
CPRI,2021-08-25,2021-09-03,-1395.8819100000007,-0.0579637933898023,9,False,1.6572427220148402,0.10587581003424114,0.53,53.521126760563384,17.075706686572588,1,-0.0827105132037868,0.012124231855173508,-2.171624357576703,0.038086933826844145
FTNT,2021-06-29,2021-09-16,8543.554719999998,0.2354752617532333,79,True,1.5928144340021062,0.14296961418141857,0.46,72.96248382923672,35.475910885350196,1,-0.02956271812769447,0.3221104495996716,-1.4257425742574235,0.020734962020119072
IT,2021-07-21,2021-09-24,12251.286179999996,0.2549807010019883,65,True,1.7010640006407811,0.1251727197616591,0.49,76.62962962962968,33.51511206955086,1,-0.01239814417716093,0.2756637685679753,-0.7556008146639521,0.016408325582172527
BX,2021-09-16,2021-09-27,-3153.009820000001,-0.0760580839383743,11,False,3.405082153611304,0.16523917905299096,0.99,85.85334198572359,43.63527519157882,1,-0.09730830529484678,0.017708517797060386,-4.416188289322615,0.02203445571605657
EPAM,2021-06-28,2021-09-29,3758.778659999997,0.0937749705110154,93,True,1.844373404379134,0.1476047915011775,0.24,74.11889275450004,27.311863813053428,1,-0.03390281952741523,0.23419961188691454,-1.8258891585452588,0.018567840971478594
MRNA,2021-09-08,2021-09-30,-2108.6216000000013,-0.1196624550401181,22,False,3.0810129576397913,0.03868528548903256,0.69,56.31750026213693,29.736449943696748,1,-0.1341088720833718,0.0717744166743521,-2.6696620269726665,0.0502344007325332
CRL,2021-09-24,2021-11-05,-7187.882720000001,-0.1705535820665004,42,False,2.1224096102625154,0.02397574459710226,0.86,56.688579727870355,26.600637047227334,1,-0.20360523354588184,0.015400569247401895,-9.72247098505568,0.020941716756865777
NVDA,2021-11-19,2021-11-29,27.394559999998744,0.0037383177570092,10,True,1.882368165615157,0.09578207513620654,1.0,78.45171588188346,50.22387099052978,1,-0.04236760124610601,0.07476635514018687,-0.7696038803557008,0.05505117935024478
SIVB,2021-09-24,2021-11-30,3577.3619199999985,0.1297991614716643,67,True,1.5921166445703543,0.16224179911958866,0.7,74.54477191665104,13.3087221588885,1,0.0,0.19846740888463166,0.0,0.031306291654422225
M,2021-09-29,2021-12-02,1870.3059299999995,0.0939306358381502,64,True,1.708093090476566,0.12636393289415526,0.72,72.49575551782682,30.06888813452424,1,-0.1560693641618498,0.5062620423892099,-3.873612297181898,0.040290393614093034
BX,2021-11-05,2021-12-02,-1562.7031000000002,-0.0502208408310158,27,False,2.6617189261594,0.1659850288486044,0.92,76.90322580645162,34.98754679254751,1,-0.06093571078030429,0.0368068051693113,-2.1053693984658857,0.028943002033137828
FTNT,2021-11-30,2021-12-02,-2539.163660000004,-0.1143188742202235,2,False,1.9362651547536456,0.09181864930759813,1.0,41.0742496050553,17.832409494631587,1,-0.1263600754388511,0.008994632235601194,-3.3500000000000023,0.03771942550413463
TECH,2021-09-27,2021-12-06,-4688.045270000001,-0.146820544176093,70,False,1.5804005257475215,0.16074792161076823,0.88,48.69089488081282,27.31140731360991,1,-0.15950779578110671,0.0,-5.88360853805881,0.027110538498493212
FDS,2021-12-02,2021-12-06,287.3555600000044,0.0090872008701959,4,True,1.4331265598642629,0.08602216685749309,0.99,61.13274910743267,32.46285039059619,1,-0.02710297316896297,0.020848440899202424,-1.3565583731669753,0.01997921630581166
MRO,2021-09-30,2021-12-15,1909.9586000000004,0.1134969325153374,76,True,1.2054646137950162,0.013740013065149867,0.98,70.85610200364297,18.705878389935584,1,-0.01763803680981585,0.2845092024539878,-0.3761682242990632,0.04688869412795794
SBNY,2021-11-30,2021-12-20,-2124.6883200000025,-0.0905303386273221,20,False,1.6905534116953547,0.1589760303099186,1.0,35.587288254234906,30.459417644660295,1,-0.11201954703505305,0.013971118002693917,-3.1368421052631557,0.03571092942392634
INTU,2021-12-02,2021-12-20,-1516.660500000001,-0.0773998179935357,18,False,1.2682200935794417,0.07697808980941835,1.0,61.61277239039859,36.33592434969096,1,-0.09228982960429291,0.036150249474377824,-2.1972943405288596,0.04200157798708022
KEYS,2021-12-15,2021-12-20,-456.9032199999997,-0.0147738693467336,5,False,1.1742679417470994,0.011879091344211007,0.94,54.10145200829718,27.640624822989437,1,-0.034773869346733606,0.029648241206030178,-1.1741621308473267,0.029615900933237613
DRE,2021-12-06,2021-12-23,1620.6451399999962,0.0457770270270269,17,True,1.471645919564759,0.13476054899090836,1.0,67.10213776722094,41.745973768165825,1,-0.0016891891891892131,0.05658783783783774,-0.07838745800672008,0.02154922779922779
PFE,2021-12-20,2022-01-10,-1629.6209999999996,-0.0807757885763,21,False,1.3567305785318795,0.14104339905372096,0.97,67.95931341385884,43.02772028983947,1,-0.10997442455242974,0.018329070758738266,-2.760412686282003,0.03983984898307151
ZTS,2021-12-23,2022-01-10,-6410.934250000004,-0.1389605280412642,18,False,1.5023477173712592,0.13543678271343937,0.72,83.54898336414044,41.088213515023654,1,-0.14704725269921762,0.03129781002753856,-8.422031473533616,0.017459831771148827
MRVL,2021-12-06,2022-01-14,-1162.5062399999986,-0.0675198049969529,39,False,1.1445568146536789,0.0392730019366997,1.0,71.16775749224941,29.428751052501454,1,-0.07263863497867147,0.12382693479585614,-1.5226277372262762,0.047706102550709485
FDS,2021-12-20,2022-01-18,-3356.568719999999,-0.1023044770781644,29,False,1.4977327227484711,0.05269002041138377,0.94,51.65745856353593,16.129261528172204,1,-0.10976999932944415,0.05105165515545728,-4.562309223623091,0.024060183987763967
ON,2021-12-06,2022-01-24,-3130.303379999998,-0.1702576112412177,49,False,1.327746930042868,0.10696734723654198,1.0,57.49724366041896,39.92053030846349,1,-0.20343481654957057,0.1124902419984387,-4.636268213275452,0.04387900078064012
SBNY,2022-01-18,2022-01-26,-3170.2389600000006,-0.1517074890823772,8,False,1.5635968828274838,0.14710655970493,0.87,68.20211515863693,23.281315360023854,1,-0.2161553693004584,0.0,-6.0502169197397,0.03572687924547308
GT,2022-01-18,2022-01-28,-3470.57389,-0.1904564315352697,10,False,1.1387336240718977,0.13875750584819022,0.73,62.326869806094194,21.555395916333307,1,-0.2058091286307054,0.0016182572614107022,-5.01770359129995,0.04101659751037344
MRO,2022-01-10,2022-02-01,1406.727539999997,0.0700231481481479,22,True,1.0552949978404405,0.0063288013143670075,0.73,76.80311890838207,13.525915856755795,1,-0.05902777777777775,0.14351851851851855,-1.6394948335246828,0.03600363756613758
CMA,2022-01-26,2022-02-02,260.98869999999977,0.0158936946326211,7,True,0.8827990530323137,0.11754961052718679,1.0,50.389610389610404,26.212912763734597,1,-0.029051589369463313,0.02605523710265763,-0.7858041782028705,0.03697052036030672
WFC,2022-02-01,2022-02-04,585.6029999999993,0.0287888134896154,3,True,0.7439008286137996,0.029604155535413273,0.97,47.97230464886249,24.07950215173194,1,-0.013366234834464438,0.04709027349372813,-0.4075235109717907,0.032798683939954734
HES,2022-01-28,2022-02-23,775.2165299999989,0.0548120563249155,26,True,0.6722067920770138,0.10338521464823104,1.0,58.48903330625505,25.148717585898254,1,-0.013382986151518743,0.0832072617246595,-0.27941686914266023,0.04789612807767118
BX,2022-02-04,2022-02-23,-1269.9494500000003,-0.069424841213832,19,False,0.8825727937881508,0.06119612445150869,0.83,72.20895522388062,23.341697180843656,0,-0.09544812985179951,0.04366619618913199,-2.342353486933662,0.040748815404778704
BNY,2022-02-02,2022-02-24,-2751.565479999999,-0.142955484167049,22,False,0.768489630426852,0.07176495767042106,0.99,43.04703476482618,19.48029238170812,1,-0.16085360256998618,0.06723267553923817,-4.279982555604014,0.0375827706025044
MCK,2022-01-10,2022-02-25,3828.947610000001,0.0978819400927434,46,True,1.2391217754108403,0.1321700487432182,0.64,82.85597381342055,42.35507613191353,1,-0.030580273217195107,0.153528011028951,-1.641255605381165,0.01863224297113255
RHI,2022-02-25,2022-03-02,-617.8042499999996,-0.0240230951644499,5,False,0.7531167004919561,0.07949971803415863,1.0,54.83619344773792,18.555281601439482,1,-0.041756882152799234,0.029590679451489892,-1.386308068459657,0.03012092557406507
ANET,2022-02-25,2022-03-09,-265.07589999999925,-0.016214427531436,12,False,0.6462769245606726,0.13637046624764404,0.99,51.27334465195247,18.74360677848975,0,-0.05426869622766382,0.026803441429516954,-1.1059730250481694,0.0490687340455706
PXD,2022-01-24,2022-03-24,6167.0259000000015,0.2936134753883698,59,True,1.0931755759672932,0.16210329776364565,0.9,71.11169791391603,27.087631500952387,1,-0.02690316052615905,0.30349383965240173,-0.8254630837464098,0.03259159743892794
HP,2022-03-02,2022-03-25,1985.8655500000004,0.11872,23,True,0.8449585342179907,0.15486020472117606,0.73,76.73378076062639,34.16418856588916,1,-0.013440000000000054,0.19903999999999997,-0.31732325957906227,0.04235428571428572
NOV,2022-03-09,2022-03-25,-1135.0313000000008,-0.0839378238341969,16,False,0.8732917797813724,0.1290969182790954,1.0,72.51243781094527,22.90671456080178,1,-0.12435233160621773,0.043005181347150166,-2.2779661016949175,0.054589193190229444
MRO,2022-02-24,2022-03-28,1779.7323599999982,0.1259879125987911,32,True,1.309578961685638,0.09070844474327941,1.0,55.223880597014926,33.3458261586554,1,-0.0753138075313808,0.16875871687587163,-1.5418082936777715,0.04884771202762833
CTRA,2022-03-09,2022-04-18,2448.595759999999,0.1691729323308269,40,True,0.8398668025124544,0.05467376833366268,0.96,67.11229946524068,29.072671763949472,1,-0.14332706766917297,0.2246240601503758,-2.9126875852660294,0.04920784103114932
ABBV,2022-02-23,2022-04-25,2436.178139999998,0.0679736461513738,61,True,1.4457371608028353,0.14954768043196168,0.86,77.17647058823526,24.418995857792694,1,-0.018801221275911852,0.20303712035995497,-0.9864498644986401,0.019059479809921724
COR,2022-04-25,2022-04-27,-255.50667999999737,-0.0060638017400473,2,False,1.178944057107535,0.06675736239591865,1.0,56.78871090770405,42.68399552878444,1,-0.018850514104930036,0.020959662536251034,-0.8003198081151258,0.02355372678995144
MCK,2022-03-25,2022-05-02,768.8512000000018,0.0221537017796695,38,True,1.7783473521873332,0.16091602842008743,0.54,86.89720065866847,38.36487158224557,1,-0.00911619800918332,0.10034520896873009,-0.4544695071010899,0.02005898716358886
CTRA,2022-04-27,2022-05-02,-166.3963700000009,-0.0079899074852818,5,False,0.8230017217814136,0.01857094631373013,0.86,63.88101983002833,28.979549613238625,1,-0.02565180824222033,0.03574432296047089,-0.5743106926698044,0.0446653850774961
HES,2022-03-24,2022-05-03,-785.5545600000002,-0.0378920709136957,40,False,0.8896254598150859,0.13395280327016107,0.85,60.00727802037845,19.556444153293192,1,-0.07695304889927909,0.09399961036430943,-2.023047375160048,0.03803818429768169
HP,2022-05-02,2022-05-03,-284.21160000000066,-0.0191115702479339,1,False,0.8546102556669184,0.03109608247350234,1.0,50.67766647024162,29.10364954263613,1,-0.03848140495867774,0.04700413223140497,-0.7052062204192029,0.0545675914994097
VRTX,2022-04-18,2022-05-04,-2266.4412000000048,-0.0637188445093337,16,False,1.3056574987183809,0.16609561729547764,0.81,79.59626655090076,59.757550340965,1,-0.11673097646608965,0.0006604790211005586,-5.155389845377778,0.02264251200532359
BMY,2022-05-02,2022-05-09,80.03619999999778,0.0042932103673079,7,True,0.9762269274421975,0.14408226030252475,0.99,42.55319148936169,38.064298342886104,1,-0.015264747972650674,0.02496422324693899,-0.7253103076092828,0.02104581695931672
ANTM,2022-05-03,2022-05-12,-842.199510000001,-0.0276015291927704,9,False,0.5498688344693117,0.14683649596094148,0.83,44.39068642273965,24.252047361679363,1,-0.0496187025880187,0.03516743059586465,-1.895218540442542,0.02618099260280163
UNM,2022-05-09,2022-05-13,-982.8187499999988,-0.0471727585129646,4,False,0.6627544996274561,0.08178560944069663,1.0,63.50435624394968,26.316456939075326,1,-0.07528897219618859,0.01905654482974069,-2.0712093308778368,0.03635024769045387
AIZ,2022-05-04,2022-05-16,-186.72942999999916,-0.0037262672265925,12,False,0.5864163914329774,0.13005582863950138,0.86,48.3744614179397,31.998694841063433,1,-0.03276749275448035,0.046134737091145746,-1.4168797953964178,0.023126515644407635
MAT,2022-05-12,2022-05-24,-1010.0033200000008,-0.0649878147847279,12,False,0.25150557484220093,0.11763880972386122,1.0,62.28513650151668,24.554795096178424,1,-0.14419171405361497,0.0798131600324939,-3.02817974105103,0.047616629917604715
ABBV,2022-05-16,2022-05-24,-1081.2095000000002,-0.0448043593430712,8,False,0.8722632164083716,0.017269572050489342,0.83,48.651039363113696,27.544926562930545,1,-0.04752894876258232,0.01929917505487029,-1.482380711515763,0.03206257906174659
HP,2022-05-24,2022-05-25,118.87274000000092,0.0111968151281414,1,True,1.1527512345117068,0.039308453793690086,0.87,42.50172771250863,14.41273140580749,1,-0.018661358546902214,0.05872107489425229,-0.3341820496499044,0.0558418938613017
SMCI,2022-05-05,2022-06-01,-1340.4589100000003,-0.1071491615180935,27,False,0.6115572038607302,0.13828798292830857,1.0,74.23708920187795,30.30478069756551,1,-0.17511032656663725,0.029832303618711312,-2.8354430379746858,0.0617576598159122
K,2022-05-16,2022-06-02,-1404.0920999999987,-0.0477140482128012,17,False,0.6443615232755242,0.09061219803421454,0.97,67.0608108108108,36.49670010509543,1,-0.09625935162094762,0.009642560266001634,-3.6645569620253173,0.02626766417290107
MCK,2022-05-24,2022-06-09,-883.293119999999,-0.0363977485928705,16,False,1.5431392807919635,0.1444002194361251,0.92,55.559743686392764,19.290138247086475,1,-0.0531582238899312,0.03649155722326459,-1.6950359660992802,0.03136111855624051
PXD,2022-05-09,2022-06-10,1108.1352,0.0686588402703664,32,True,1.1916358570175873,0.018188360946526504,1.0,46.77057503837525,17.24637133999927,1,-0.0840892920668801,0.12157595161864107,-1.923842743986628,0.0437090257661229
CTRA,2022-05-12,2022-06-17,-157.006139999999,-0.0106732348111657,36,False,0.8304835689193232,0.02620824177187853,0.98,53.36374002280501,21.63599744923925,1,-0.08169129720853853,0.2701149425287357,-1.40991902834008,0.05794041754632887
HRB,2022-05-25,2022-06-21,-120.26729999999984,-0.0060728744939271,27,False,0.9066317315398937,0.12948173942501093,1.0,79.05559786747907,40.53482635115307,1,-0.03913630229419703,0.07624831309041828,-0.7898832684824905,0.049546944283786386
HP,2022-06-09,2022-06-21,-4607.543999999999,-0.2533776301218161,12,False,1.253006893784784,0.11247739239517905,0.7,63.98910823689584,19.89106356360174,1,-0.284828349944629,0.0008859357696566811,-6.943308908600075,0.04102199019142542
HES,2022-06-10,2022-06-21,-3553.66075,-0.150991948202872,11,False,1.024290484003417,0.1361970521883069,0.49,78.39506172839504,24.039745830350636,1,-0.19631443512907784,0.03038100771976423,-6.2970711297071125,0.031175514947408372
FLR,2022-06-17,2022-06-21,-358.7494000000002,-0.0288423548004741,4,False,0.14844431038840913,0.01129998641389545,0.76,32.718894009216584,17.739089379396834,1,-0.05728960885025679,0.013828526274199978,-1.0390860137998807,0.05513461647005701
MRO,2022-04-27,2022-06-22,-692.4014400000011,-0.0434408602150538,56,False,0.890391884809252,0.03912062947997247,0.97,51.34189031505249,23.283218210975434,1,-0.0602150537634408,0.3746236559139785,-1.2342569269521402,0.048786482334869416
MTB,2022-06-21,2022-06-24,-935.4406599999988,-0.0399200220628791,3,False,0.09097724229356394,0.04360687075214443,0.13,31.996634885025202,17.570817523058814,0,-0.05605350248207388,0.009100937672366393,-1.8988988988988988,0.02951895043731777
SMCI,2022-06-21,2022-06-24,-458.8566879999994,-0.0442437923250563,3,False,0.048399870411164544,0.07628078168977694,0.86,39.72210870453616,25.498863138512093,1,-0.06726862302483072,0.026636568848758542,-1.013113161728995,0.06639793614962915
WRB,2022-06-02,2022-07-15,-3451.83091,-0.099671669793621,43,False,1.1053383645307655,0.14364973324298322,0.615,70.57057057057057,17.498317006786813,1,-0.12030956848030025,0.021575984990619176,-5.486631016042785,0.021927767354596617
EG,2022-06-22,2022-07-15,-175.45619,-0.0051183359266235,23,False,0.060298467175679035,0.12255473746126802,0.37,43.530612244897966,20.158119100310298,0,-0.019531569895995457,0.07804438620915558,-0.7496632240682544,0.026053792248207138
BMY,2022-06-24,2022-07-15,-1586.2694400000012,-0.0417619265355891,21,False,0.7606445011309497,0.010307598571053704,0.63,65.76846307385233,18.861287550169866,1,-0.06203322664228014,0.02499618960524311,-3.41606714628298,0.018159252727153928
MCK,2022-07-15,2022-07-21,-402.17700000000207,-0.0145886134635594,6,False,1.1886642642524472,0.07559957081348952,0.67,58.42330413526174,12.903730700434783,1,-0.022531989862150027,0.004759844223279853,-0.8812710474052357,0.025567604800466256
VRTX,2022-07-15,2022-08-01,-562.181339999997,-0.021986856823266,17,False,0.6754991483274695,0.1553081795299256,0.5,50.29393877964723,18.66859185817878,1,-0.04739932885906041,0.033871644295302004,-1.782188814005164,0.026596131951102612
LLY,2022-07-15,2022-08-05,-2473.7439500000005,-0.0888424597729824,21,False,0.8966595423763436,0.15447351332083922,0.49,56.376875551632814,26.113292581997094,1,-0.09539104403143331,0.01010352999875268,-4.164737916950311,0.02290445303729574
CTRA,2022-08-01,2022-08-11,-651.998489999999,-0.0389303971686983,10,False,0.7593693861081836,0.11279281827131127,0.21,66.38655462184875,23.405373974235303,0,-0.10263468344475027,0.0007864726700746982,-2.544568245125347,0.040334812650974675
AIV,2022-08-11,2022-08-26,87.76230199999944,0.0065768869401816,15,True,1.0600887800147056,0.1467258177885031,1.0,77.47148288973385,48.44647355957206,1,-0.02411525211399936,0.067647979956154,-0.6981865284974095,0.034539841617824675
CNC,2022-07-21,2022-09-02,277.570049999999,0.0140938852513594,43,True,0.4847710693706285,0.05262197504600062,0.61,66.08505997818976,20.734989283395574,1,-0.03273776495394521,0.09344134946176896,-1.1991661004744432,0.027300442316533717
SMCI,2022-08-26,2022-09-08,-1811.2776000000008,-0.1538461538461539,13,False,1.1006411747547102,0.1561580805555154,1.0,62.82691742580077,54.885776421202266,1,-0.1789473684210527,0.0,-3.1662971175166312,0.05651629072681704
HRB,2022-07-15,2022-09-12,5033.462200000001,0.2302202916537388,59,True,1.090704378943397,0.10540576824982065,0.62,65.65096952908583,37.291358158718275,1,-0.008067018305926096,0.32019857275829977,-0.28437499999999766,0.028367536899960126
MCK,2022-08-05,2022-09-14,810.2043700000028,0.0356915425902903,40,True,1.1131955177446948,0.15210989984318626,0.77,67.78617900474768,10.72612435905005,1,0.0,0.11468599326803529,0.0,0.026252063126248164
CAH,2022-09-02,2022-09-19,-2434.251360000003,-0.073038773669973,17,False,1.2123778400233685,0.15615407592794553,0.43,55.10204081632654,57.74814208102537,1,-0.07844905320108214,0.010820559062218196,-3.9396226415094358,0.019912834385332142
MRO,2022-09-12,2022-09-21,-278.5829200000001,-0.0158791634391944,9,False,0.6933371580398674,0.1331584922091033,0.23,65.33665835411472,14.560065165329405,1,-0.06196746707978317,0.04337722695584822,-1.4814814814814827,0.041828040278853604
ERIE,2022-09-14,2022-09-21,292.51298000000014,0.0109990834097158,7,True,0.8350104195402139,0.08933924556306184,0.42,61.5786040443575,26.686864450639142,1,-0.01509961889140815,0.021805200443822715,-0.7682328190743324,0.019655003687036113
ENPH,2022-06-21,2022-09-27,4255.547560000002,0.5172156883614498,98,True,0.05678506318539863,0.012424159673833238,0.9,52.952674041420615,17.262629308207543,1,-0.06870310254909263,0.7286993773615029,-0.8755841183748645,0.07846545078571049
FTI,2022-09-21,2022-10-03,-927.0837159999992,-0.0649831283335147,12,False,0.4989025719793771,0.13946643491744673,0.77,65.92284417549162,19.0488484849412,1,-0.14444323500598663,0.011755741809078105,-3.1697662514929172,0.04556904943320531
CI,2022-09-21,2022-10-05,40.56925999999743,0.0033328395793214,14,True,0.7030300288053462,0.0989753626020181,0.34,53.52030382705233,14.21638525048081,1,-0.06162050066656797,0.01403495778403186,-3.00012878300065,0.020539285185263535
FSLR,2022-09-12,2022-10-18,-1442.7523400000005,-0.0964195513296687,36,False,1.1495932308291181,0.14620135384826113,0.92,88.692334373916,49.67928162076923,1,-0.14084088545535586,0.08260288218689649,-3.1860382771099554,0.04420564764310119
REGN,2022-10-05,2022-10-25,-89.9278399999996,-0.0022425817038151,20,False,0.4736827462022888,0.12524635170289383,0.77,62.70117162353549,32.302191357195916,1,-0.05516204020237921,0.030944892656912342,-1.8729811295725085,0.029451466078021547
BIIB,2022-10-03,2022-10-26,501.648,0.0408921933085501,23,True,0.19276630193250524,0.13497886011344587,0.99,75.15621094726318,27.5314904377949,0,-0.06947955390334572,0.058568773234200726,-1.4171767278848446,0.04902673924588424
VRTX,2022-09-19,2022-11-08,1490.9723799999986,0.0660171637591445,50,True,0.6132390914095788,0.09792485965517372,0.33,52.910226899046336,11.92561410121114,1,-0.02725801913337085,0.11979459763646597,-0.9958239640218446,0.027372326955543032
NOV,2022-10-06,2022-11-29,2876.9745199999998,0.2104004781829049,54,True,0.26737628440645317,0.06424301623905967,0.72,63.036809815950924,23.023141775714045,0,-0.0424387328153019,0.328750747160789,-0.9272388059701506,0.0457689351891384
MRO,2022-10-18,2022-11-29,1272.9144400000002,0.1028636021100226,42,True,0.5082500301730009,0.10935926278311502,0.68,73.66834170854271,23.124031481275882,1,-0.025244913338357128,0.21514694800301434,-0.5084010840108388,0.049655506513079976
FTI,2022-11-29,2022-11-30,90.7196799999998,0.0075062552126772,1,True,1.0560804747529797,0.04691251103812684,0.81,47.682119205298,21.155831334161896,1,-0.030025020850708878,0.0133444537114262,-0.7346938775510191,0.04086738949124271
SMCI,2022-11-29,2022-12-06,-1302.7700739999984,-0.0983340545218519,7,False,1.044358623638109,0.13479812821277348,0.93,66.34424603174601,57.26074781536771,1,-0.12343141497187365,0.02650367806144537,-2.3792076258564183,0.05187921122581446
FSLR,2022-11-02,2022-12-13,388.1240799999984,0.0304643795915615,41,True,1.0377316472845541,0.03619752275179101,0.93,75.76089336544777,27.09544987948515,1,-0.027626878749073384,0.1705870458987666,-0.57551575883818,0.048003687691966994
HUM,2022-09-27,2022-12-14,1583.3861400000008,0.0830131163729257,78,True,0.29318135487870406,0.12112561543268244,1.0,52.2924095771778,13.786227678397756,1,-0.02116651997509812,0.1761801515574351,-0.6779960707269123,0.031219236938061414
HRB,2022-10-25,2022-12-16,-437.94191999999714,-0.0173889042230194,52,False,0.8118730916581725,0.019975697752984824,0.67,50.77720207253884,22.694157660996257,0,-0.08915263593706865,0.06734750207010778,-3.047169811320752,0.029257521391112335
FLEX,2022-12-16,2022-12-23,-482.38774000000006,-0.0206637445209768,7,False,0.7228609660178404,0.10895505149793966,0.45,64.75195822454306,32.62110060458785,1,-0.03569192235441454,0.014402003757044373,-1.1615720524017463,0.03072725646301103
CI,2022-12-14,2022-12-30,-265.33723999999523,-0.0053952767098502,16,False,1.0442737451444413,0.16379374290911797,0.43,64.12257327750282,27.783844789755452,1,-0.03279165185927044,0.01053209705036684,-1.798278916729937,0.018235019914986324
ERIE,2022-11-08,2023-01-03,-1429.5619800000009,-0.0565205069031135,56,False,1.111324311688468,0.16352795969170436,0.97,71.75871523697612,28.79763119520915,1,-0.08081298838009639,0.08757439572452323,-2.9331373989713456,0.02755172274181141
CAH,2022-12-12,2023-01-12,-433.7622299999996,-0.0132840317721172,31,False,1.248806043899184,0.14434370880074227,0.58,56.04867573371513,19.128899066160404,1,-0.026568063544234428,0.038482607504793244,-1.148900169204735,0.0231247799037446
SMCI,2022-12-23,2023-01-23,-1269.3135080000002,-0.1097010372178157,31,False,0.9001075306996337,0.06236855540365128,0.8,48.19004524886878,23.93821979810507,1,-0.1577791336180598,0.13239780353874303,-2.720468890892695,0.057997036520526485
MRK,2022-12-30,2023-02-03,-3308.2919999999986,-0.0719887391916348,35,False,1.2163899684706512,0.12030356448552922,0.12,64.1758241758242,35.24950533727612,1,-0.13372209933641663,0.03830685702795096,-9.356783919598,0.014291459596104663
LW,2023-01-12,2023-02-03,-72.00863999999804,-0.0007773459189338,22,False,0.8682789853264385,0.1556583851846938,0.93,71.01135749053542,30.88970349288103,1,-0.024319822320932792,0.03309272626318716,-0.9711751662971171,0.025041643531371446
FSLR,2023-01-23,2023-02-09,-70.92354500000062,-0.0034752131167018,17,False,1.1405068250188308,0.12420957580152366,0.92,69.68116805721098,25.999159275321603,1,-0.04268274571538897,0.08325660141978784,-0.8713745784544645,0.048983234960898556
MKTX,2023-02-03,2023-02-23,-672.54414,-0.0357326625121491,20,False,0.8761388258755137,0.11724306442178531,1.0,57.0261724925347,51.574126710309926,1,-0.07475272997541586,0.0024584071808358976,-2.118511660204848,0.03528549376413991
JBL,2023-02-03,2023-03-07,1296.426740000004,0.0524931094963669,32,True,0.8930039951543585,0.128981519938261,0.48,66.49446494464947,32.33417747413339,1,0.0,0.06564770734151854,0.0,0.024519454486881205
FTI,2023-01-04,2023-03-13,4532.296879999999,0.2432675044883302,68,True,0.8754184287288058,0.04238097012331647,0.23,47.22222222222221,15.152668202939312,1,-0.0026929982046679656,0.4093357271095151,-0.07894736842105558,0.03411131059245962
COTY,2023-02-03,2023-03-17,1512.9831999999992,0.0582524271844659,42,True,0.8057273340988313,0.15816781336849287,0.23,71.51515151515152,50.498458587845306,1,-0.04262135922330097,0.13155339805825228,-1.820174139667121,0.023416088765603325
SMCI,2023-02-09,2023-03-21,1700.6298980000013,0.1506329113924052,40,True,0.5932897392310558,0.05968144013140306,0.67,73.48342714196373,16.347829383598526,1,-0.014844649021864161,0.24741081703107026,-0.2701570680628263,0.054948216340621414
ACGL,2023-03-13,2023-03-21,655.47432,0.0241273926331027,8,True,0.9455961864935798,0.14197254992638655,0.71,39.067055393585974,36.24897743096902,1,-0.05018497667685386,0.032652404696799114,-2.345864661654139,0.02139295480135113
VNT,2023-03-07,2023-03-23,-1472.2905499999988,-0.0614296351451972,16,False,0.7022169619060168,0.16408238979969553,0.91,77.25752508361205,48.34340923180098,1,-0.0915860014892033,0.010424422933730497,-3.1538461538461564,0.029039463886820535
FSLR,2023-03-03,2023-03-30,1502.4045799999983,0.092549097996102,27,True,1.2384853892559042,0.024522491477370817,0.8,78.93498452012383,18.208608270684927,1,-0.02392134326120635,0.09714656938683722,-0.5892351424233019,0.04059727863960538
ANET,2023-03-17,2023-04-11,-114.0102000000014,-0.0031996062023136,25,False,0.7751713515296861,0.15244071136078183,0.63,87.44075829383884,28.70848543129309,1,-0.03298055623923218,0.0548855525473787,-1.1335347432024196,0.029095320136422773
MKTX,2023-03-21,2023-04-21,-3240.78422,-0.1490051027295553,31,False,0.8785168130671105,0.048689254571027775,0.93,69.94584837545128,23.087486184283925,1,-0.16396230999757003,0.02508167067145447,-5.2917159395033275,0.03098471495296463
SMCI,2023-03-30,2023-04-21,-55.39011000000122,-0.0027958993476235,22,False,0.9968908707322521,0.10134801349483173,0.98,60.582329317269085,24.994701022696816,1,-0.0958061509785648,0.11090400745573155,-1.6756316218418916,0.057176141658900274
CDNS,2023-03-23,2023-04-28,340.2075600000012,0.0145967584456161,36,True,0.639339798086207,0.003022124979798893,0.62,66.07470912431104,36.97782537380403,1,-0.05287053309900416,0.0626342511228275,-2.1601429267500434,0.024475479119591595
COTY,2023-04-24,2023-05-10,-1017.7037800000008,-0.0324939073923639,16,False,1.1895155204852208,0.13366444881095688,0.6,48.19819819819819,35.341507269109385,1,-0.1259138911454103,0.015434606011372826,-5.690012323989828,0.022128931182546132
WST,2023-04-28,2023-05-16,-160.68849999999824,-0.0044969878666175,18,False,0.7098759608334417,0.03744805300437986,0.86,58.67208672086724,36.333068471136734,1,-0.01490511072772006,0.05585881155075374,-0.5723816912335122,0.02604050925458285
ACGL,2023-05-10,2023-05-30,-2142.865409999996,-0.0717322726649292,20,False,1.2260833744346016,0.1551628718768575,0.84,69.49429037520389,20.311284722377874,1,-0.07557262378274573,0.02125908654505551,-3.37003058103975,0.02242490742010698
LW,2023-04-11,2023-05-31,787.1325000000011,0.0246727089627392,50,True,1.2508591840397667,0.15370480140073892,0.73,84.58110516934042,24.93661072105861,1,-0.010070493454179255,0.07774420946626384,-0.5394990366088631,0.018666378938282265
AMD,2023-05-30,2023-06-23,-2774.8142499999985,-0.1618295441475289,24,False,0.9000443547983555,0.16670006683833888,0.99,86.28392985827527,32.15685147120839,1,-0.1760150289460568,0.018517808534294525,-4.429781274638995,0.03973447401427312
SMCI,2023-05-30,2023-06-28,-273.5340300000013,-0.0206140350877194,29,False,2.204007064099044,0.1544214598704527,1.0,95.36541889483067,51.392403248242246,1,-0.06535087719298255,0.18508771929824555,-1.1732283464566946,0.055701754385964905
NVDA,2023-03-21,2023-07-07,10814.654249999998,0.6164750957854405,108,True,0.7915700055133521,0.05463560953401648,0.78,74.57865168539327,33.29539375568807,1,-0.03065134099616861,0.6804597701149424,-0.8092485549132954,0.037876299945265465
ORCL,2023-05-31,2023-07-12,3481.425839999999,0.1110668789808916,42,True,1.1270017281172957,0.1248582279389506,0.91,71.89189189189187,38.51159587099115,1,-0.00308519108280257,0.22083996815286622,-0.1494490358126734,0.020643767060964494
PANW,2023-07-07,2023-07-18,-272.8466100000002,-0.0081746031746031,11,False,1.2122728928119915,0.143769256888281,0.77,53.63705972434914,51.55607256619316,1,-0.08007936507936511,0.004285714285714335,-3.088325317009185,0.02592970521541949
FTI,2023-07-12,2023-07-25,-500.4244799999993,-0.0202020202020201,13,False,1.6407653367495,0.02193784408610006,0.43,75.95959595959602,32.82323031728163,1,-0.061728395061728475,0.01346801346801338,-2.026315789473687,0.03046336379669712
LLY,2023-05-16,2023-07-26,1070.3434499999992,0.0478984073131655,71,True,1.1481623530816738,0.15343252327294066,0.83,88.01013941698353,54.24383356287358,1,-0.03317312223164637,0.0821317500706814,-1.1910574018126867,0.027851824925616296
JBL,2023-06-28,2023-08-01,1575.0596600000008,0.060493706703093,34,True,1.6114669808361368,0.1531051691250096,0.99,77.37487231869252,53.21028708845075,1,-0.006537223143721356,0.11718216411357212,-0.25502990755845634,0.025633162817278343
NVDA,2023-07-25,2023-08-02,366.17558000000025,0.0198660714285714,8,True,1.5980445926396067,0.02400604627835364,0.86,64.18289585097375,40.103655449879895,1,-0.034598214285714225,0.05468750000000007,-1.006026889197959,0.034390943877551004
PLTR,2023-07-18,2023-08-08,-379.0046700000005,-0.0218120805369127,21,False,1.167524733287392,0.07075773814092597,0.68,81.83486238532112,43.49586298895465,1,-0.10514541387024604,0.1319854586129754,-2.3563115487914046,0.04462288271013103
PANW,2023-08-02,2023-08-09,-3852.184440000001,-0.1512888460611901,7,False,0.994269765457571,0.03901316212521962,0.7,47.09967320261438,21.99099280439919,1,-0.1647795711876656,0.0013651328997028966,-5.922077922077922,0.027824620573355812
FICO,2023-08-08,2023-08-10,102.6696,0.0069925994988637,2,True,0.9041547710734759,0.0537558805048699,1.0,53.13279042712313,22.053303484186632,1,-0.019532661266825933,0.014264786434357012,-0.6131655507788825,0.03185544465440742
AVGO,2023-07-26,2023-08-14,-2756.348150000002,-0.0856523722627737,19,False,1.536506062946601,0.13418661441262497,0.75,65.5221745350501,44.5427746219034,1,-0.09409215328467152,0.012773722627737115,-4.236977256052828,0.02220737747653804
SMCI,2023-07-12,2023-08-17,-791.6942499999994,-0.0662760893445623,36,False,3.0945908891611507,0.08651229607960094,0.82,82.69896193771629,44.66368064441799,1,-0.11204686927865247,0.30721347491761275,-1.891390728476821,0.059240466600408
LRCX,2023-08-09,2023-08-18,-1695.7224599999988,-0.0776942355889723,9,False,0.7818585389877712,0.1311135146341075,0.89,67.4987264391238,25.588362546607154,1,-0.08226448474126491,0.006044523072386799,-2.6808510638297838,0.030685958593963933
ADBE,2023-08-01,2023-08-21,-1900.3956399999972,-0.0650262010333833,20,False,1.091568719284493,0.1601657774506063,0.82,70.85331734612312,46.99928307015836,1,-0.07673421525156657,0.011424017003188123,-3.0463878959181954,0.025188589855671847
ERIE,2023-08-10,2023-09-05,-329.6185599999997,-0.0161011653126493,26,False,0.7154482990201314,0.12837811167763663,1.0,95.03941782898725,47.515424546886024,1,-0.03466529426901427,0.026798514869683567,-0.9692386755744758,0.035765488050162525
IBKR,2023-08-18,2023-09-18,705.7626400000024,0.0263996358670915,31,True,0.6742383953463128,0.15229761683820872,0.51,63.806970509383405,26.75364182547173,1,-0.005006827492034567,0.07100591715976343,-0.22580645161290216,0.02217309317901033
CBOE,2023-08-21,2023-09-21,982.004129999998,0.0310093509350934,31,True,0.7540694641233475,0.14611495266459773,0.92,85.0372376438728,28.6338921733872,1,-0.020008250825082487,0.05479922992299229,-1.044615384615384,0.01915370108439414
NVDA,2023-09-05,2023-09-21,-2126.924179999999,-0.1376871880199666,16,False,1.893633858163184,0.08141315042191805,0.88,68.49315068493149,22.322402692426447,1,-0.1501663893510815,0.01289517470881873,-3.5553992261695386,0.04223615402899929
SMCI,2023-09-18,2023-09-21,-300.90408000000053,-0.0286307053941909,3,False,1.418759751683669,0.07755305813571528,0.35,44.433094994892755,17.042736058704055,1,-0.05269709543568477,0.05684647302904553,-0.8063492063492087,0.06535269709543565
LLY,2023-08-14,2023-09-29,591.7982799999982,0.0267460851186472,46,True,1.3657321019752096,0.09798133309412456,1.0,83.8050847457627,30.820753396723763,1,-0.003823614180036524,0.1328081467960419,-0.140892080509761,0.027138602582929598
DELL,2023-09-21,2023-09-29,167.93907999999925,0.012296341838303,8,True,1.3340325865316593,0.12231401042551908,0.93,73.72501019991842,40.72526929141821,1,-0.015063018751921365,0.03980940670150635,-0.38888888888889056,0.038733476790654774
FTI,2023-09-18,2023-10-06,-1992.053249999999,-0.0872319688109161,18,False,1.61896251477843,0.15226883019922619,0.7,81.59203980099505,32.93819293604811,1,-0.10380116959064323,0.02534113060428848,-3.610169491525426,0.028752436647173456
APO,2023-09-21,2023-10-13,-1076.1085100000007,-0.0323509095095556,22,False,1.503804469458756,0.16563966764738672,0.66,62.52129471890966,42.47431990689905,1,-0.05364955100161175,0.01784480773658758,-2.657433808553967,0.020188480642084162
VNT,2023-09-29,2023-10-25,-1430.6070700000014,-0.0488041370394312,26,False,0.8876730150716652,0.10409276255399495,0.95,56.06326889279439,14.494289974632911,1,-0.07563025210084033,0.02650290885585004,-3.3877973112719744,0.022324314341121067
NVDA,2023-10-13,2023-10-26,-2433.9185000000016,-0.1087142246903033,13,False,1.7289908807894254,0.1539234086974474,0.13,65.66440349175555,17.35148593632711,1,-0.150790260572405,0.0034173430158051387,-5.294054633101234,0.02848294379691219
SMCI,2023-10-06,2023-10-27,-1728.4363200000005,-0.1279887482419128,21,False,1.746937663600685,0.07304528599430919,0.19,69.63667820069203,17.31233344148822,1,-0.17475386779184254,0.11638537271448658,-3.714895888948213,0.047041390395820774
LLY,2023-10-20,2023-11-01,-1133.1728000000026,-0.0593283388411164,12,False,1.3964690124619343,0.13233566629792168,1.0,66.65688504144967,30.866217790871733,1,-0.0718549405678495,0.01643683928231569,-2.2888748917408073,0.03139312717664534
JBL,2023-09-29,2023-11-07,-175.03850000000145,-0.0056246534104413,39,False,1.2800563733760746,0.06679415145597682,1.0,77.76811594202898,20.076813110195395,1,-0.06076210092687952,0.1136021547967994,-2.2204301075268815,0.027365013976754456
FTI,2023-10-27,2023-11-07,-157.92192000000048,-0.0065237651444548,11,False,1.179336903523441,0.041835647155174356,0.86,67.8571428571429,15.548735492050572,1,-0.040540540540540584,0.0424044734389562,-1.2998932764140894,0.03118759153241911
AVGO,2023-10-25,2023-11-30,1264.9728000000007,0.0728897249000705,36,True,1.120163817204974,0.12868117237427038,0.86,55.44425087108014,15.4735553878161,1,-0.06701152127909714,0.14001881025158708,-2.0498330336501414,0.03269120956635654
DELL,2023-10-26,2023-12-08,663.6452200000016,0.0345425867507887,43,True,0.9725637892498274,0.016245821139259355,0.83,43.970467596390506,14.849713851388273,1,-0.0339116719242902,0.15031545741324934,-1.2083500602167798,0.02806444344299234
PLTR,2023-11-07,2023-12-12,-699.7989999999988,-0.06203605514316,35,False,1.0025577035780957,0.004586935153878317,0.74,59.54653937947495,20.81135343219004,1,-0.09597030752916218,0.15853658536585377,-1.7549934897636918,0.054684138766853484
CBOE,2023-11-07,2023-12-26,344.2632599999998,0.0131922985500356,49,True,1.186007709815701,0.14906980911233259,1.0,66.69170108899742,39.69286536243758,1,-0.029890658426432144,0.05859282148799611,-1.5459934138309568,0.019334272810621733
CRWD,2023-12-26,2024-01-09,1093.8648800000003,0.0425364934861089,14,True,1.905087764601364,0.15634397265339386,0.6,77.40440324449597,58.620941928116096,1,-0.0637262596138754,0.0852299482027939,-2.58481127785357,0.02465412471690922
GPS,2023-11-01,2024-01-10,9229.607579999998,0.6786858974358974,70,True,0.6238511864546017,0.14248056567474535,0.97,71.97802197802196,28.220382465411177,1,-0.01762820512820518,0.7339743589743589,-0.41066666666666785,0.042925824175824176
COIN,2023-11-30,2024-01-16,308.830995,0.0267729652546406,47,True,1.5852452630450937,0.15667769498425954,0.8,85.95936794582391,48.3072499785678,1,-0.060764715214976964,0.4865143582421068,-1.165362100085957,0.05214234718161416
FICO,2023-12-08,2024-01-17,2692.192880000003,0.0950346461781496,40,True,1.5781885250322452,0.1642734522577374,0.68,78.99773356837065,57.099653591376914,1,-0.0010770832585357216,0.12592898431048738,-0.04892707012471582,0.022014055936523905
AMD,2024-01-09,2024-02-15,4436.76285,0.2274066461116821,37,True,1.0369077027257265,0.12234361771202336,0.89,60.969927996611595,38.789797210940925,1,-0.015484755053100315,0.2670092497430627,-0.45793284712945126,0.03381446679391179
CRWD,2024-01-17,2024-03-06,6387.232000000002,0.2878809557876663,49,True,2.1137648937878097,0.05593577147771366,0.99,63.57733175914995,43.519703297112876,1,-0.024180855630276117,0.30562312204893405,-0.8047619047619037,0.03004721705537273
LLY,2024-03-06,2024-03-12,-2116.777920000001,-0.0552479022656827,6,False,1.9483320675629892,0.07319781647136768,0.86,56.982922201138535,43.104384493244964,1,-0.0722632186442217,0.011088487426563027,-2.573077811129072,0.02808435031838872
SMCI,2024-01-10,2024-03-27,27887.178179999995,2.0031700288184435,77,True,1.336678824107863,0.11309715308660444,0.56,61.33447390932421,22.661830916898282,1,-0.1187319884726226,2.54178674351585,-2.4576054537707734,0.04831206257719226
DELL,2024-01-17,2024-04-01,14383.100160000002,0.4619883040935673,75,True,1.2882476687221605,0.10907305658908635,0.46,52.0361990950226,23.47918080349327,1,-0.020334928229665088,0.6771664008506114,-0.9456953642384098,0.02150262018683075
COIN,2024-02-20,2024-04-02,3931.2180399999993,0.3237338077500416,42,True,1.4234147338773604,0.1391087948990911,0.95,71.36391068195533,24.664044617593166,1,-0.1067993550897871,0.5760271307055096,-1.5793754496204842,0.06762125821029474
CRWD,2024-03-12,2024-04-04,313.50968999999816,0.0179535467671059,23,True,1.6369678250796857,0.013104799709162155,0.96,66.01874349184308,18.425528789672377,1,-0.03050847457627127,0.06026365348399243,-0.56652789342215,0.05385167249574027
GPS,2024-03-27,2024-04-10,-4391.138429999999,-0.1737704918032786,14,False,2.0923009845757785,0.16333479096559345,0.96,88.45401174168298,45.349604325254894,1,-0.180327868852459,0.0018214936247723393,-4.405594405594403,0.04093156388238357
JPM,2024-04-01,2024-04-15,-5221.336199999995,-0.0720383642495783,14,False,2.039118186161948,0.16378572176753844,0.93,68.59139389481433,45.90202155544653,1,-0.08363195615514336,0.004795531197301838,-5.6969230769230785,0.01468019754276078
NVDA,2024-01-09,2024-04-17,17421.434080000003,0.6859330143540671,99,True,1.451569787642331,0.1256326003547623,0.38,63.66071428571428,17.726208626197337,1,-0.013588516746411499,0.8587559808612442,-0.5193312434691748,0.026165413533834603
AVGO,2024-04-15,2024-04-17,-589.808380000003,-0.0196941439761284,2,False,1.4143073645897317,0.07455089984242015,0.82,43.540051679586576,28.593977993137482,1,-0.06467735919433058,0.0,-1.8483325719506647,0.034992273671870855
DELL,2024-04-05,2024-04-18,-1597.1327999999996,-0.065563128854268,13,False,1.7025872042674282,0.1116317007740418,0.86,81.16817724068481,33.769069467060206,1,-0.09761441090555016,0.04251866277182729,-2.3140972794723824,0.042182501043260545
MU,2024-04-02,2024-04-19,-2427.092480000001,-0.1063690085357847,17,False,1.606012692070183,0.14904787369556047,0.99,79.5736706488639,38.9612569038595,1,-0.13846027577150363,0.0637721602101117,-3.058138029263239,0.04527600600318921
WDC,2024-04-10,2024-04-19,-1208.81475,-0.0566893424036281,9,False,1.392901961127435,0.15015915036900443,1.0,78.11375089992794,42.12311102082379,1,-0.08307565450422597,0.03669346526489386,-1.7370689655172427,0.04782519068233352
KKR,2024-04-15,2024-04-19,-1771.2231999999983,-0.0516195372750642,4,False,1.6604255849491532,0.09657615349194741,1.0,36.610537751222125,23.91052979638803,1,-0.06971722365038562,0.004215938303341867,-2.423901940755875,0.028762394417921396
FTI,2024-04-18,2024-04-19,-756.2847499999964,-0.0218687872763418,1,False,1.058014821296555,0.01893864543129994,0.93,50.40128410914928,41.99199343595519,1,-0.025049701789264377,0.012723658051689873,-0.8513513513513506,0.029423459244532782
HIG,2024-04-17,2024-04-23,1907.149079999996,0.0386029411764705,6,True,1.5372617409139175,0.0656371778505362,1.0,26.696495152871037,44.410798662790825,1,-0.010596885813148832,0.04411764705882351,-0.5944540727902967,0.01782624814631736
GDDY,2024-04-19,2024-05-01,278.21214000000043,0.0084752735949971,12,True,1.3338289954009266,0.11327372486091894,0.83,47.37121614445036,25.08091634045426,1,-0.014564305109849388,0.042376367974985646,-0.6774749159307747,0.02149792526242785
NKTR,2024-04-17,2024-05-07,757.7304000000006,0.1081081081081082,20,True,1.149817506874568,0.15213451479216786,1.0,67.80786918753194,53.004810903692295,1,-0.18918918918918917,0.20945945945945957,-1.4568880079286417,0.12985842985842988
PGR,2024-04-19,2024-05-13,1227.2724599999942,0.0265477601938243,24,True,1.3135164203505711,0.14948344334160407,1.0,58.62068965517237,36.48798016879094,1,-0.02964070312902727,0.03257899891746994,-1.6007158480811325,0.018517154787065573
SMCI,2024-05-10,2024-05-23,1776.3607400000012,0.1432591142647419,13,True,1.6223520914699996,0.012277688866339212,0.45,58.660998937300725,13.989091028011655,0,-0.06704183998042562,0.18950330315634953,-0.8665988930306093,0.07736201894508722
APH,2024-05-01,2024-06-04,3451.41615,0.0879456706281833,34,True,1.8281778175501335,0.02927277992524308,0.97,58.08966861598443,27.424711884015757,1,-0.012224108658743614,0.15585738539898134,-0.5206611570247928,0.023478049963618717
DELL,2024-05-23,2024-06-07,-4242.421659999998,-0.1729029739051213,15,False,1.7962659004353203,0.15721109367237654,0.89,78.80628272251309,31.718536930974743,1,-0.19750113880393047,0.13027916964924846,-4.751202057475123,0.0415686675529195
QCOM,2024-06-07,2024-06-17,1030.0976399999986,0.0350675337668833,10,True,1.419629066763683,0.1137408476209329,1.0,64.76778769160374,42.76267744672285,1,-0.024662331165582824,0.06168084042021002,-0.7722949535638366,0.031933824054884596
GDDY,2024-05-13,2024-06-24,828.4224000000044,0.0213178294573644,42,True,1.7726636201818837,0.12383466359152899,0.93,78.74505370265689,22.838121016747966,1,-0.01729278473464515,0.0655187835420393,-0.7699693007929622,0.022459057415452753
COIN,2024-06-05,2024-06-25,-1849.755460000001,-0.12095924815685,20,False,1.44216453974785,0.12304659903033582,0.52,61.540716851132444,15.442044282601842,1,-0.15859191444543466,0.06862148586243201,-2.389721190474426,0.06636419138667375
NVDA,2024-05-01,2024-06-26,8879.00484,0.4825553983969825,56,True,1.6383907806046167,0.015445365375187698,0.88,40.592334494773525,20.36881719326738,1,-0.04502593116454511,1.3030410183875527,-0.8820715817252205,0.05104566579106889
CRWD,2024-06-24,2024-06-26,639.0426600000012,0.0279377265941565,2,True,1.3603835965994149,0.05536637299632407,0.64,80.63716814159295,32.1912384609271,1,-0.0029857112390701762,0.03380251652804438,-0.07523992322456843,0.03968253968253969
BNY,2024-04-23,2024-06-27,2386.852440000001,0.0585696670776819,65,True,1.2050113985430373,0.028129972925361523,1.0,50.14925373134331,19.720489270131953,1,-0.011302918207973637,0.07727085902178392,-0.5059132720105094,0.02234161235394283
GPS,2024-06-04,2024-06-27,-3821.8820800000008,-0.1755059316120028,23,False,1.4610071551817527,0.07301444410160578,1.0,68.76325088339223,22.117284014620452,1,-0.18597348220516405,0.0020935101186321955,-3.979733333333334,0.04673013657661251
SMCI,2024-06-27,2024-07-02,-548.3015999999994,-0.0380264741275571,5,False,1.007420221636088,0.016336469106052194,0.26,63.02988186240445,20.620270028950667,1,-0.06883273164861611,0.08291215403128761,-0.9560649474689585,0.07199587416193916
MU,2024-06-17,2024-07-03,-2724.0220799999984,-0.0886951708869516,16,False,1.4322340820840365,0.025018752874467722,0.75,67.05962366810246,31.40376903199731,1,-0.12577833125778326,0.082122595821226,-3.7341549295774636,0.033683211765403544
APH,2024-06-27,2024-07-09,517.3660799999968,0.0132770066385032,12,True,1.6818530647562664,0.032759104604760676,0.9,59.85130111524166,32.88434060119675,1,-0.012070006035002974,0.023838261919130934,-0.5594405594405577,0.02157513578756788
LLY,2024-06-26,2024-07-12,1657.09584,0.0365057791456524,16,True,1.7394292557102962,0.1590914893801385,0.47,84.36433018678463,44.653640586681135,1,-0.028204926595302566,0.051759578554820496,-1.374868004223866,0.02051464323022389
ANET,2024-06-25,2024-07-24,907.203399999996,0.0286093674553354,29,True,1.0788109521620577,0.0817258868361392,0.41,78.71039466370202,22.509319949227617,1,-0.021849348140994714,0.13628681796233694,-0.7512600059294405,0.029083603504173283
KLAC,2024-07-09,2024-08-02,-7062.950159999999,-0.1848269432467078,24,False,1.347504098170188,0.04104180889434909,0.79,57.46791131855309,31.670196889391814,1,-0.21197995571611697,0.02715301246940914,-7.943231441048037,0.026686866332595257
FICO,2024-07-03,2024-08-06,1972.773300000003,0.0449967341606793,34,True,1.3934707107107664,0.15730506745082687,0.29,94.6754623630581,31.34296505203328,1,-0.02274330502939251,0.0953690398432397,-1.0643145260331088,0.021368969860968534
KKR,2024-07-24,2024-09-11,-45.18634999999891,0.0007773363275177,49,False,1.328250516380551,0.07379359124790338,0.72,70.88996054362121,22.130171048842765,1,-0.16332699948177576,0.09673518742442566,-6.248288883644088,0.026139476346766027
LUMN,2024-08-01,2024-09-12,6306.644220000001,0.6636085626911316,42,True,1.2345330783711996,0.14676059059526664,1.0,,50.92220219038552,0,-0.23241590214067284,1.3944954128440368,-2.2423603793466813,0.10364788117081694
GDDY,2024-08-06,2024-09-16,1009.8261499999952,0.0304035752979413,41,True,1.5778262087888675,0.16089207767948646,1.0,61.543044384867464,18.543869609913127,1,-0.001286565547128912,0.13522481040086673,-0.04622075798567796,0.027835232549141005
ERIE,2024-09-11,2024-09-23,1453.7128000000014,0.0391456167936125,12,True,1.5948350447981,0.15761961449635967,0.96,65.07159904534603,53.89932918693223,1,-0.011864164505523682,0.06399705948418447,-0.45254256147768973,0.02621668217633179
JEF,2024-07-12,2024-10-01,6953.786210000001,0.1489025113703777,81,True,1.5599359905715073,0.1476127968849847,0.92,92.61744966442963,38.95586361330573,1,-0.055962032825786004,0.1793553490211588,-2.622104566512242,0.02134241080256504
UHS,2024-08-05,2024-10-04,979.9346900000028,0.0376074152746935,60,True,1.1517010269982597,0.13358099102581833,1.0,76.9895498392283,31.557652515123443,1,-0.01892439895722694,0.1642367480930772,-0.5601143090426599,0.03378667291962649
LUMN,2024-10-01,2024-10-04,-876.4720000000017,-0.0531468531468532,3,False,2.0165351548575243,0.08679139482777092,0.69,70.03154574132492,28.541209314766903,1,-0.09510489510489518,0.01255944055944048,-1.442227575027649,0.06594305694305694
FICO,2024-09-23,2024-10-21,268.7008799999976,0.0077506655518565,28,True,1.8032186127304994,0.15597825839360827,0.74,89.68402341475372,37.954702214388206,1,-0.03247482700781219,0.07909166918866783,-1.445811040062637,0.022461321782689725
PGR,2024-09-16,2024-10-23,-2220.862319999995,-0.0358545546686937,37,False,1.6552399204548023,0.15450008459932296,0.73,73.984962406015,40.653575128951296,1,-0.05452088348325519,0.012247138814983766,-3.0396905482677434,0.017936326944308693
FICO,2024-10-22,2024-10-25,678.2187299999993,0.0183394902945739,3,True,1.8659380916274928,0.002862397521741885,0.85,60.905950469517826,37.99104754026851,1,0.0,0.03391213822588553,0.0,0.024797441149100513
KKR,2024-10-25,2024-11-06,874.0480000000033,0.0211499404720219,12,True,1.915085325266488,0.09283230231201826,0.6,67.25193956717024,37.66741306087711,1,-0.05945794523425997,0.06295959100777372,-2.5688350983358483,0.02314587856292458
BNY,2024-10-04,2024-11-12,8152.670850000005,0.1095608054542572,39,True,1.8938027562511044,0.14795228324670703,0.38,63.16872427983536,30.058677727446437,1,-0.006025051530046021,0.13461233550023785,-0.4407622203811134,0.013669618790912583
LUMN,2024-11-12,2024-12-03,-4787.48313,-0.2936991869918698,21,False,2.8445911711673153,0.10942053301011745,0.84,77.9783393501805,38.82652581485135,1,-0.3170731707317073,0.019308943089430843,-4.576457645764577,0.06928353658536585
IBKR,2024-11-06,2024-12-13,4800.176590000001,0.0986536107711138,37,True,1.6573493023981483,0.08458024119377978,0.95,83.47509113001215,21.938769153492288,1,-0.005385556915544648,0.17405140758873927,-0.241948153967006,0.022259136212624566
FISV,2024-10-23,2024-12-16,1729.8995999999966,0.0297872340425531,54,True,2.312339387562672,0.1615203890990691,0.92,88.87070376432088,49.09423010567418,1,-0.009311639549436864,0.1175469336670838,-0.5455711107107138,0.017067691757554057
FI,2024-11-12,2024-12-16,-2683.529640000003,-0.0408914999766867,34,False,2.3041763214220587,0.12640404776952302,0.92,66.71428571428572,35.78465147259711,1,-0.06504406210658828,0.04084487340886833,-3.6378876781223775,0.01787962352376956
JEF,2024-12-16,2024-12-20,-4283.227060000007,-0.0798444588464032,4,False,2.1988624243247665,0.08762980080638441,0.68,62.00000000000004,46.24668100868261,1,-0.08373298768632544,0.011795204147764051,-4.037500000000004,0.020738820479585227
HOOD,2024-12-06,2025-01-02,-492.9928100000018,-0.0265218489517556,27,False,1.764437951504835,0.16096354114526915,0.99,78.21363910681958,43.93491218084679,1,-0.140692093963122,0.10709775195756491,-2.233424029786625,0.0629939017789485
ALK,2024-12-18,2025-01-06,517.0540500000006,0.0213776722090261,19,True,1.1562546954711845,0.10313231153338721,1.0,74.97441146366425,51.74631422687794,1,-0.014251781472684064,0.07252573238321465,-0.3679917289478057,0.03872853749575842
GDDY,2024-12-16,2025-01-10,-3183.066950000001,-0.0607185917530745,25,False,1.9403816271463707,0.159654612305017,0.9,69.02887139107611,55.80374145979487,1,-0.07349891487822513,0.018133590547383744,-3.4462596065940208,0.021327155603017667
PLTR,2024-12-13,2025-01-13,-2474.511699999997,-0.125187100285753,31,False,2.453717009003095,0.12278089157037088,0.99,72.34935163996948,62.59671851763238,1,-0.1372975915090488,0.15385494625119078,-2.4939971751412426,0.055051221740567216
HOOD,2025-01-10,2025-01-13,-494.360720000001,-0.0264537060144747,3,False,1.4400646357681128,0.018751054349952515,0.7,58.8547815820543,16.4745201813239,1,-0.04117793860743695,0.011479910157224878,-0.7333775688057363,0.05614834753467151
APO,2024-12-20,2025-01-23,64.25692000000124,0.0041684546067553,34,True,1.260777150989985,0.10576424285640104,1.0,48.13736903376018,49.74800384211169,1,-0.08821185557530796,0.04523999264390361,-2.448171102199536,0.03603173630145984
JEF,2025-01-06,2025-02-13,-4999.852799999998,-0.1297366730892741,38,False,1.7005663548571697,0.09026745318903862,0.96,51.19896305897604,26.780048544751985,1,-0.1526011560693641,0.010533076429030282,-5.579335793357929,0.02735113313147997
ALK,2025-02-14,2025-02-25,-273.59872,-0.0068596515297022,11,False,1.7336146488773163,0.1317463824130759,0.96,64.23948220064725,35.56157931645284,1,-0.04527370009603508,0.07120318287830975,-1.2887963980651298,0.035128667463692864
AVGO,2024-12-27,2025-02-26,-2786.1732,-0.1576994434137291,61,False,1.0117431501872158,0.1471309886740684,0.99,70.4121332014507,37.23809607498848,1,-0.20115440115440122,0.0160791589363017,-3.314055601377907,0.06069735253408722
IBKR,2025-01-10,2025-02-26,2612.88786,0.0753833049403747,47,True,1.8848300774074271,0.13424230717026517,0.96,67.66541822721598,22.77351114814919,1,-0.04663543441226571,0.24893526405451444,-1.7023875624652935,0.027394134825991755
FLEX,2025-01-13,2025-02-26,-374.97822999999977,-0.0108558444837162,44,False,0.9018492363353598,0.14886772024818673,0.92,62.51673360107099,27.208224251653544,1,-0.03988891694016658,0.13853824791719255,-1.2037047114264865,0.033138457099578036
PLTR,2025-02-13,2025-02-27,-3918.2106600000006,-0.2165203307475919,14,False,2.9698679984889704,0.15763286329169313,0.99,82.00953790494984,42.22702622585764,1,-0.2824993606683147,0.06904782201005877,-4.693827792486598,0.06018528441126685
CIEN,2024-12-13,2025-02-28,-3197.30874,-0.1134694814134924,77,False,1.3594093671525458,0.11157491192776299,1.0,81.99934661875203,28.989522957310065,1,-0.1407755851307939,0.1638366223038091,-3.6352862750907304,0.038724759063790755
HOOD,2025-01-23,2025-03-03,2268.0362599999994,0.1079165823041101,39,True,2.4031671819176372,0.1359998614633311,0.75,83.01411290322582,24.948527211528486,1,-0.10872646284673006,0.35472767766754393,-2.2022250733782074,0.04937118560726582
SATS,2025-02-27,2025-03-11,-3846.16096,-0.1394476645073303,12,False,0.9631504614695284,0.057228073838653575,0.53,58.20189274447949,31.444321491578343,1,-0.14353903852710526,0.10739856801909303,-4.100173913043478,0.035008036627538826
BNY,2025-02-26,2025-03-14,-3963.9963600000074,-0.0737951807228916,16,False,1.3812981499714836,0.05174930862432571,0.86,54.6546546546547,30.07287629865527,1,-0.09123995983935755,0.03601907630522076,-4.933591856519639,0.018493617326448646
BK,2025-03-03,2025-03-14,-5120.090820000003,-0.1030892448512586,11,False,1.3327654310756443,0.11785512676132279,0.89,64.23550087873465,27.672446837767694,1,-0.11556064073226553,0.008352402745995306,-5.797457974579751,0.019932984635501798
UNM,2025-03-11,2025-03-21,1110.3974000000003,0.0440741736092448,10,True,1.1230184223152204,0.05739836659696755,1.0,58.30985915492956,19.734277683106065,1,-0.010749798441279188,0.06785810266057507,-0.30930682132007614,0.03475448228202865
GILD,2025-02-26,2025-03-24,-1117.6198199999974,-0.0266540642722116,26,False,1.4605887323381417,0.15152056779700557,1.0,71.42264620489418,50.00245505332256,1,-0.04773156899810962,0.08355387523629493,-1.9274809160305344,0.02476370510396974
BRO,2025-03-14,2025-03-26,1391.3381999999988,0.0303756310430392,12,True,1.103712159821621,0.1274386008968078,0.98,70.61894108873976,38.05321778613897,1,-0.009326602207581101,0.035937366304440735,-0.49869281045751823,0.01870209879108654
CME,2025-03-14,2025-03-26,392.4764800000002,0.0112237070531713,12,True,0.9721335648792102,0.14030893814594061,1.0,64.51289757074878,36.71549971132204,1,-0.013605716823448685,0.031612095764867426,-0.6319314224484339,0.021530369182676496
PODD,2025-03-25,2025-03-28,-1329.75063,-0.0537105818949821,3,False,0.6448484787083645,0.006900229991042366,0.89,51.149286232760694,29.31971987155098,0,-0.068676716917923,0.005480300050979519,-1.7941388113320755,0.03827837427302144
BSX,2025-03-26,2025-04-08,-3103.802240000002,-0.0835919317300233,13,False,1.1521023126736023,0.017256954189080843,0.86,53.83084577114429,24.430736127624954,1,-0.16621411947245926,0.0034910783553141916,-6.61174331138236,0.025139227529646462
HOOD,2025-03-28,2025-04-08,-1527.037575,-0.1301241508550011,11,False,0.7257157334409573,0.05539238477116181,0.7,60.9163484901076,14.418332394876265,0,-0.3052237057858983,0.021283672991332863,-3.9330336448799605,0.07760516012448553
PLTR,2025-03-21,2025-04-09,-1048.4213599999996,-0.089225393127548,19,False,1.374865946611419,0.12434798930402538,0.73,56.39850644942293,20.888593691662553,1,-0.22981945253348854,0.1435061153174142,-2.9215717383256647,0.07866295032864629
UNM,2025-03-24,2025-04-14,-2091.350140000004,-0.0613613360323887,21,False,1.2574385801854868,0.025900185713163416,0.87,64.78873239436619,20.798940243732552,1,-0.18370445344129566,0.032135627530364266,-6.623655913978499,0.027734600925390398
GILD,2025-04-08,2025-04-22,-193.10788000000116,-0.0047327943206468,14,False,0.9322557422847342,0.09078512694224658,0.99,38.97136797454931,25.90551995938269,1,-0.07661210806547028,0.019719976336028396,-2.6499390986601687,0.028910893878355923
COR,2025-04-14,2025-04-23,112.18629000000146,0.0057508215459351,9,True,0.9152953619965712,0.06402274075830124,1.0,66.29143214509067,45.71836482401604,1,-0.02825403629089859,0.021788826975282265,-0.9716592085636543,0.029078133610923977
BRO,2025-04-23,2025-04-25,-397.4505600000014,-0.0144516129032258,2,False,0.7721488035999966,0.02879092396230971,0.99,40.84766584766583,26.52901128385461,1,-0.05694623655913982,0.011354838709677361,-1.5737816267617608,0.036184331797235014
FTNT,2025-04-14,2025-05-16,520.7220800000005,0.0334367804585043,32,True,0.44037372383769313,0.042684557130452834,1.0,43.78262933080209,19.08519871055936,0,-0.08659525478025834,0.09450395434978474,-1.6459439916928087,0.05261130100253136
VRSN,2025-03-26,2025-05-27,8159.007780000008,0.1481665219727977,62,True,1.2038117168048856,0.06794311146084056,0.37,68.62563627950024,37.526803665111295,1,-0.06879159948737024,0.1732605729877218,-4.226415094339621,0.016276583807279574
WRB,2025-04-08,2025-05-27,2450.681839999999,0.1094558569860435,49,True,0.35230215849497293,0.06618628743476335,1.0,54.6203649205415,33.9653112768964,1,-0.03653755684491148,0.12325544927081687,-1.0052388289676442,0.03634714039292997
PODD,2025-05-16,2025-06-10,-1343.01978,-0.0489100055897149,25,False,0.7519749292693885,0.14309231327617727,0.81,81.10634239389604,28.151544461993026,1,-0.08216880939072102,0.02270045338798833,-2.2853744425991205,0.035954199827872284
MCK,2025-04-22,2025-06-27,1223.259510000001,0.0564465247311197,66,True,0.7816648541585398,0.11482135189877206,1.0,55.92843649294365,19.673028810022387,1,-0.03145862984754881,0.07493433891391436,-0.8267731717394277,0.038049891944804855
CAH,2025-05-27,2025-07-17,2294.9119899999946,0.0498382731533433,51,True,1.2971899315716713,0.1537112710837667,0.54,56.960830580462535,23.94979426211063,1,-0.012410060069971585,0.10046867780051487,-0.633758728629905,0.019581679130164165
AVGO,2025-05-29,2025-07-23,3869.672939999999,0.1282335550628233,55,True,0.7311946260643436,0.15333644649132397,0.16,83.92070484581501,33.14879497042151,1,-0.044756508171142344,0.18432290383509903,-1.4536102114688514,0.030789896643555196
JBL,2025-07-17,2025-07-23,735.8422500000019,0.017023033862531,6,True,1.3497761825242929,0.09812669013020532,0.39,62.178357419809664,50.84001433767619,1,-0.0072497017527759205,0.049876112691566506,-0.33238166791885476,0.021811376656746935
STX,2025-06-10,2025-07-25,5549.404350000002,0.1788332553423803,45,True,0.8769068065303536,0.16321271877801558,0.81,82.54865034526054,57.27958647746824,1,-0.04102324130400878,0.19029792544064894,-1.3594240354439728,0.030176928047775053
PLTR,2025-04-25,2025-08-04,5372.835940000001,0.4671911152244332,101,True,1.8945168392558565,0.05764991557493962,0.85,80.25597003277662,14.70628885343185,1,-0.025265155020823698,0.4937528921795466,-0.32571125176731675,0.07756918093475244
HOOD,2025-04-25,2025-08-14,13235.2245,1.2061349693251533,111,True,0.7830801236154439,0.03624659736978551,0.68,74.54007884362682,13.609660358714931,0,-0.0683026584867075,1.406952965235174,-0.8344829186200685,0.08185027753432661
APH,2025-07-25,2025-08-25,1691.513760000002,0.0457340507302075,31,True,1.379023501596529,0.11132881505290984,0.8,69.83930778739185,32.2682527239865,1,-0.019408147578785513,0.07205995388162952,-0.6962087641555877,0.027876907873064648
ORCL,2025-07-09,2025-09-05,-370.20544000000086,-0.0104592605345844,58,False,1.1251324590057554,0.15073784028625054,0.93,71.78954102031024,58.91047477869195,1,-0.06903972797314174,0.11001592562303608,-1.9840961300583166,0.03479656400071327
HOOD,2025-08-25,2025-09-08,338.0748800000001,0.0197253203060189,14,True,2.2482709320866956,0.06213968583967532,0.94,53.3013844515442,22.410142508413383,1,-0.11825974744216056,0.08120564107290996,-2.0524035929060562,0.05762012298697705
LITE,2025-08-14,2025-10-02,11592.60424,0.5066916716392464,49,True,1.30093503353759,0.15607531339054814,0.87,63.81291028446392,40.21057642862397,1,-0.052084221294007325,0.5215505924473617,-1.0863629320877124,0.047943665745217155
STX,2025-10-02,2025-10-10,-5482.748750000003,-0.1629575905638051,8,False,3.1070508005115207,0.1513736189570164,1.0,84.06783571758191,58.291487637699824,1,-0.19246478604420358,0.005802191090582821,-4.64303098072749,0.041452401856264885
BNY,2025-07-23,2025-10-20,6009.0534,0.0928647497337593,89,True,1.5053189505337208,0.15583354206070787,0.32,91.73098125689084,37.125132490273295,1,-0.011395101171459077,0.13184238551650687,-0.6977177456916672,0.01633196409554238
SATS,2025-08-28,2025-10-21,4936.856039999999,0.261795264861182,54,True,0.9932959488564135,0.09012941541296438,1.0,91.89340813464236,27.614300345043425,1,-0.06762050757962866,0.454096406063703,-1.1375730682953182,0.05944278171156046
HOOD,2025-09-09,2025-10-24,4219.890520000002,0.1841585857719043,45,True,2.5480308729769297,0.006695443128342941,0.89,63.895907023749366,18.700126742912005,1,-0.035230412769244,0.32034583369089514,-0.6718182912674476,0.05244038935405964
WDC,2025-08-04,2025-10-29,23678.91704,0.6921191796723848,86,True,1.4516915227917098,0.14749822490128006,0.86,73.93015248401375,44.433964153276534,1,-0.05946085386302076,0.875532052108861,-1.8620888632429289,0.03193233955519526
SNDK,2025-10-10,2025-10-29,6641.916269999997,0.4199756579948271,19,True,2.746694369070489,0.14586676914244492,1.0,58.165051943504146,57.223477669477795,1,-0.11630914346569303,0.5642781074090977,-1.4196861913863807,0.08192595248962199
GLW,2025-10-20,2025-11-17,-1856.007779999993,-0.039176233873831,28,False,1.9095467741444963,0.15128247319278884,0.99,58.25641025641028,45.24682685007836,1,-0.0632027458870871,0.08616404308202157,-2.0917739227755985,0.030214902862553458
LRCX,2025-10-21,2025-11-19,565.2935600000003,0.0193768732139123,29,True,1.5165415938452402,0.1204826340105811,0.95,52.20804710500491,30.687833441784754,1,-0.04941799679375482,0.16093956924792643,-1.196768748492887,0.04129285365780801
PLTR,2025-10-24,2025-11-19,-2870.1064799999967,-0.082458442694663,26,False,1.4338311299344495,0.13902308051307735,0.74,56.28078817733989,11.723514689920611,1,-0.11187664041994755,0.1347331583552057,-2.674287570874128,0.04183418478940136
LUMN,2025-10-29,2025-11-19,-5724.592719999998,-0.2330677290836652,21,False,1.414892793526223,0.12914222373659912,1.0,86.46748681898069,50.03699661305899,1,-0.2549800796812748,0.19023904382470122,-4.106747946053097,0.06208807626636313
CIEN,2025-09-05,2025-11-20,19418.839110000004,0.7099085102710169,76,True,1.1684802165387946,0.06483815254069135,0.93,78.39859216893971,25.879577264244098,1,-0.018987571206628685,0.8485240807871568,-0.44749211404593386,0.042431074449458706
MU,2025-10-20,2025-11-21,-719.3913999999969,-0.0244449749343517,32,False,1.7128281254220612,0.14452448562717493,1.0,71.5720524017467,43.10520914885116,1,-0.08231081403676287,0.24292193841012175,-1.651906098145231,0.049827780240766645
APH,2025-10-29,2025-11-21,-3003.9692000000005,-0.0634209765963594,23,False,1.7720541438675514,0.15715010559666387,1.0,67.77777777777777,26.903533946817383,1,-0.08624674949436578,0.03727246460560529,-2.619241617047948,0.032928138027820186
WDC,2025-11-17,2025-11-26,135.49652999999986,0.009470429068419,9,True,2.888649245447841,0.12007623425794178,1.0,70.58694218509564,44.099049214131945,1,-0.1484344800927715,0.0770519262981575,-1.938228578295877,0.07658254643179267
STX,2025-11-19,2025-11-26,767.9024800000003,0.0420261179263949,7,True,1.635706843563292,0.10485029772851845,0.9,46.530828662323884,19.986412326314436,1,-0.0999208547685002,0.0854768500197864,-1.386818360141232,0.07205042681892701
SNDK,2025-11-17,2025-12-04,-3137.556975000001,-0.2410220994475138,17,False,3.789445678274879,0.13808861519539653,1.0,69.72793571771692,55.054114250784636,1,-0.27782162588792425,0.11602170481452238,-2.62072735820259,0.1060093584395084
COR,2025-11-20,2025-12-08,-3634.2124499999977,-0.059509527662305,18,False,1.3063752977508793,0.14405526606957045,0.76,79.17652626597263,40.03795736745832,1,-0.07538431492899585,0.047066372792456,-3.4202531645569607,0.022040565800853715
LLY,2025-11-21,2025-12-10,-2367.596250000001,-0.0537939555401114,19,False,1.1051992137030244,0.16429955250653416,0.93,89.09907327792111,47.77184985488629,1,-0.061361596154403085,0.06819563895404404,-1.9357069839267467,0.031699837146800934
CAH,2025-11-19,2025-12-11,-2491.299000000001,-0.040708742129155,22,False,1.3875952597290941,0.1591368672723472,0.86,89.51395139513947,53.41650178860953,1,-0.043442182847659515,0.04168497095719233,-1.8350515463917543,0.02367354907990432
NKTR,2025-11-21,2025-12-17,-1853.23224,-0.0943942133815551,26,False,0.9168415633239297,0.10699279491406152,0.58,40.362269309637725,16.924168430604638,1,-0.19819168173598542,0.20904159132007238,-2.821475132808289,0.07024399380005167
HOOD,2025-11-28,2025-12-19,-1434.1122899999984,-0.0671871950029279,21,False,1.1476869838669244,0.06486348541015766,0.88,48.64942943810487,22.044695056081512,0,-0.1091118485262541,0.09115752488776117,-1.5914280252652804,0.06856222637405539
LITE,2025-11-17,2026-01-13,6291.278595,0.4246723044397463,57,True,1.7723261355664526,0.1589133210737337,1.0,63.06845380564864,34.630472863423215,1,-0.02923890063424944,0.7031496828752642,-0.31668105432121907,0.0923291754756871
GLW,2025-12-11,2026-01-15,-876.9818200000028,-0.0177095631641086,35,False,1.5259049256446553,0.11614983769872415,0.72,92.9672447013487,18.8543395567376,1,-0.10368144252441769,0.031769883009552365,-3.3204026516081497,0.031225563102776802
CIEN,2025-11-28,2026-01-26,3195.0087999999982,0.12855740922473,59,True,2.0360222711651756,0.03247575933761526,0.95,53.19726133574474,21.27600989838153,1,-0.08542688910696773,0.28130520117762503,-1.5236492568662379,0.05606729286415253
SATS,2025-12-10,2026-02-05,3025.9964400000017,0.1182740596494825,57,True,1.5421739205410536,0.12728751401479155,0.91,94.15189873417721,30.048412893933662,1,-0.014758634826278547,0.355437122066209,-0.27770890156211214,0.05314426272712631
APH,2026-01-15,2026-02-09,-4450.663409999999,-0.086474204758086,25,False,1.2846688961743673,0.13845113703943415,0.89,72.26798462383306,13.896791135081793,1,-0.15944934509489433,0.11240310077519396,-5.062746286753562,0.03149463474242943
KLAC,2026-01-26,2026-02-12,-992.6899800000042,-0.0226971064507566,17,False,1.2335602239455554,0.15317411607873613,0.97,67.34917733089578,24.828045005759357,1,-0.15031855588001064,0.11965755242898858,-3.641060971408887,0.04128427319959044
MU,2025-12-11,2026-02-25,18401.87664,0.6314923259463391,76,True,1.4878963621997512,0.03420842135018614,0.78,79.98317914213625,17.43598938303702,1,-0.15233283576376921,0.7424120641481994,-3.2137501441919483,0.047400335722760784
STX,2025-12-19,2026-02-25,9552.858449999998,0.383135142460277,68,True,1.6593584041665095,0.07832677719614631,0.77,60.96701082850666,15.004490685083727,1,-0.07402513805603558,0.5540535962326794,-1.3662349263063873,0.054181851620615756
WDC,2025-12-08,2026-03-06,10619.0217,0.4631332357247438,88,True,2.342999341929045,0.010136579814471892,0.81,55.175767680978176,28.109588432150915,1,-0.031976573938506635,0.8130014641288433,-0.5417050527956923,0.05902949173813008
LRCX,2025-12-08,2026-03-06,9000.788160000002,0.2699325787097174,88,True,1.1970672977630543,0.07250048196047158,0.77,65.49309861972395,12.753770997203953,1,-0.05171027401496867,0.5846477392218719,-1.281927710843371,0.040337901722203084
SNDK,2025-12-29,2026-03-09,19502.737595,1.140299310715986,70,True,1.8273198383812612,0.060401650289817414,0.66,57.39952718676123,26.95777474713415,1,-0.026143114404586935,2.001386847715841,-0.3262023384291147,0.08014385957649398
AMAT,2026-02-26,2026-03-16,-4742.2068,-0.1125607572269122,18,False,1.9542639580518135,0.1380258701998174,0.93,75.71857571857572,38.76465284974989,1,-0.19178818112049112,0.004246610386288117,-4.262600008122483,0.044993239045426334
GLW,2026-02-09,2026-03-18,1877.4012400000015,0.0665585731657884,37,True,1.6849744488556955,0.15792336781884542,1.0,82.10841370136347,40.496795033768564,1,-0.03040129712201054,0.3072557762464532,-0.5070014485755674,0.059962939371127455
FTI,2026-02-25,2026-03-19,-946.4672000000068,-0.0146163215590744,22,False,2.076001649018633,0.15106801866765496,0.99,87.0642912470953,46.60192099654363,1,-0.07993300852618768,0.03760657734470156,-2.3740310077519418,0.03366974073429614
COHR,2026-03-06,2026-03-23,997.2452000000006,0.061557736479432,17,True,1.6699631215510407,0.1370549953583022,1.0,55.125006929430675,20.304953318511398,1,-0.03906869910210896,0.17419085404050966,-0.41098852200720015,0.09506031679742265
MRNA,2026-03-09,2026-03-23,-838.0189309999992,-0.0387711069418386,14,False,0.9502866839159869,0.15582467848565204,1.0,69.78224455611391,40.31963005115986,1,-0.05834896810506566,0.08592870544090067,-0.7063617987079776,0.08260493165371215
KEYS,2026-03-06,2026-03-24,554.4335499999987,0.0212045616535993,18,True,1.1136565863409644,0.15385123911054516,1.0,66.05875557022611,49.46930426351468,1,-0.05666429080541708,0.07622950819672125,-1.0229309314829305,0.05539405355870073
MU,2026-03-18,2026-03-27,-7396.489800000002,-0.2257099184051325,9,False,2.479432072780381,0.006181057833364511,0.8,61.19982526816483,22.85045279449141,1,-0.2469159723567784,0.014166074619475088,-4.667480596494287,0.05290133879554535
STX,2026-03-26,2026-03-31,-1879.3314000000007,-0.0761143084934101,5,False,1.8121352641134647,0.01214160008836261,0.86,55.758153233141314,11.533154005529578,1,-0.12509654433565034,0.012432418965044744,-1.8041681638519584,0.06933751899743376
LRCX,2026-03-27,2026-04-01,771.1459200000002,0.0275868652157312,5,True,1.1018959968863296,0.05473713690672186,0.72,50.14669374858948,16.036960463419426,1,-0.05278732340588012,0.07550591828942341,-0.9457032920051305,0.05581806032836961
SEDG,2026-03-31,2026-04-15,-3279.6670400000007,-0.1613704585446641,15,False,0.7221604992825646,0.1547626270570615,0.92,69.91480298189563,30.077531293990585,1,-0.23651795880343643,0.11272125038815858,-2.816581467792006,0.08397341298593762
CTRA,2026-03-23,2026-04-17,-4847.481779999999,-0.0811875189336564,25,False,0.9380010139523332,0.14824577726850327,0.75,76.44067796610165,38.59425452213342,1,-0.11132687064525894,0.11723720084822796,-3.7705369771856123,0.029525468472757173
LITE,2026-02-05,2026-04-30,16931.88857,1.052106735133648,84,True,2.440535488697209,0.11101806046921986,1.0,80.25836494047843,24.03095945970371,1,-0.02569804227224803,1.200724405116684,-0.2583938485997116,0.09945299553960323
SATS,2026-03-06,2026-04-30,3650.70712,0.1245107176141658,55,True,1.0184590933901532,0.1405299772379834,0.65,39.95347484733933,17.173553209267265,1,-0.02954333643988818,0.28089468779123955,-0.5485459453580012,0.05385754227133539
TER,2026-02-09,2026-05-07,8094.57632,0.2717278014995125,87,True,1.8093400020156605,0.15234081817191247,1.0,80.50703025138476,52.11810500525038,1,-0.116363514104159,0.41811518676663423,-2.0019832252200143,0.058124120441304335
KLAC,2026-03-18,2026-05-07,8612.331539999996,0.2284184848895512,50,True,0.8742517766190034,0.10837378512506109,0.79,45.96369254538431,14.005304588768183,1,-0.07094457243528932,0.31094999322401395,-1.5626865671641794,0.0453991055698604
JBL,2026-04-01,2026-05-21,9368.086200000002,0.2891655550615088,50,True,0.7996372527600597,0.07512707016270657,1.0,57.92717086834733,15.078659685768773,1,-0.03279235215651409,0.3791685193419297,-0.6164485795313216,0.05319560016091807
FTI,2026-04-30,2026-05-22,-2936.8668999999995,-0.0417281631557761,22,False,2.554510280500912,0.13541027376488768,0.63,55.534825870646756,21.112507668602053,1,-0.0630618542868644,0.042264859788004906,-2.0842572062084255,0.030256272641889195
LITE,2026-05-07,2026-05-26,1309.524434999999,0.0513496547394852,19,True,4.948635170770772,0.09032005358476038,0.8,49.86523398636059,24.575328313727997,1,-0.0774857392396081,0.1852725238134229,-0.978160823362062,0.07921574590697657
INTC,2026-05-07,2026-06-01,-579.3439999999965,-0.0143217438299404,25,False,2.8506857227473557,0.159223326059332,1.0,81.8069306930693,59.17893556764241,1,-0.07764366780760215,0.19573049900918757,-1.2781880826013678,0.06074510384229353
COHR,2026-05-22,2026-06-02,-72.30879999999891,-0.0003664921465968,11,False,1.9879236417852724,0.13944495800385917,0.97,61.16732246580476,22.18229850214861,1,-0.10075916230366494,0.1353138743455498,-1.334285486482083,0.07551544502617802
GLW,2026-05-21,2026-06-05,1126.7880000000025,0.0421215128459588,15,True,1.864485280685152,0.13175103065279417,1.0,64.39367914805908,27.105737583954436,1,-0.05110817069136609,0.14775609218215907,-0.618323883939205,0.08265598664209316
CIEN,2026-02-12,2026-06-08,15496.788449999998,0.6325833333333333,116,True,2.1347424797049963,0.08785072210946766,1.0,73.92771445710858,17.506302312735453,1,-0.1,1.1250333333333333,-1.3839507840740215,0.07225690476190477
AMD,2026-05-21,2026-06-12,4313.2527,0.1305346274802597,22,True,2.0758793246121985,0.12852996039892114,1.0,67.7538976833207,47.05222711225378,1,-0.02350731917011694,0.2363175637457862,-0.342061715496176,0.06872245008775248
FLEX,2026-06-08,2026-06-17,-2564.14512,-0.0549464398235664,9,False,1.8174375076419265,0.026600713731785977,0.93,68.028024606972,45.20021516948227,1,-0.1318210459987397,0.0,-2.4573768291045774,0.053642992168511996
TER,2026-06-10,2026-06-17,5452.063999999999,0.1914308721850443,7,True,1.5888573159624402,0.052761630072950025,0.98,50.78994110498271,16.319915033893754,1,-0.040707522283619714,0.22339155305028738,-0.5199635184434526,0.0782891892213526
MU,2026-04-17,2026-06-25,55796.11992999999,1.6410943056686234,69,True,2.922565451925714,0.03048339492857654,0.71,74.8528814935065,20.615620871967806,1,-0.06630532584943655,1.68822571661168,-1.1632527047705978,0.056999932669412924
DELL,2026-06-01,2026-06-29,-3177.4675199999974,-0.0758726054765541,28,False,2.429121279089006,0.11355050372005018,1.0,92.0404708778949,53.825539773909,1,-0.1621107063109648,0.10165706898577977,-2.6412998878463756,0.06137535046925104
HPE,2026-06-02,2026-06-29,-15068.2168,-0.3035714285714285,27,False,2.2686015099444083,0.126008921184547,1.0,92.26736566186105,51.66618641864932,1,-0.3252551020408163,0.018813775510204078,-5.9824046920821115,0.05436862244897959
LITE,2026-06-18,2026-07-06,-4792.165225000001,-0.1734459593525893,18,False,2.892007444952859,0.007358977086778319,0.93,49.646693449582585,11.181831948891345,1,-0.19497718189291083,0.027444088551262708,-1.9278562743673617,0.10113678311257608
SNDK,2026-03-19,2026-07-07,30933.32138,1.2898677791133424,110,True,5.172121057873433,0.004588356777803022,0.8,63.85842573635241,27.116647499155405,1,-0.21009333239058192,2.32940663225624,-2.9216005681539654,0.07191035444086422
GLW,2026-06-29,2026-07-07,-5869.6599,-0.1756965602508058,8,False,2.0708432908832113,0.06068741127554162,1.0,69.21686066222172,19.24936490228631,1,-0.213758996776615,0.1978186956329756,-2.6172620196949223,0.08167275388099336
WDC,2026-03-20,2026-07-08,18115.00572000001,0.6998448309303682,110,True,3.2741423845263955,0.019931976619696125,0.78,56.62809349220898,19.834499893107903,1,-0.19531906639943103,1.5848904118445726,-2.975517095821022,0.0656420582068736
MU,2026-07-06,2026-07-14,-453.5383600000001,-0.0184905660377358,8,False,3.2119430418701276,0.024422510873698042,0.96,50.167305716871944,21.63056698964772,1,-0.11453823237338633,0.02830188679245283,-1.0878566375854755,0.10528798411122144
STX,2026-04-17,2026-07-15,22329.2498,0.6340477153255157,89,True,3.377407018769104,0.13714854607935206,0.79,86.35022561610555,27.025233957686687,1,-0.023581957872293367,1.1030401058706762,-0.43096043571102727,0.05471954248743572
LRCX,2026-06-17,2026-07-15,-2727.34975,-0.0647905759162303,28,False,2.191564852073569,0.1362831277968479,1.0,64.90643831271805,26.951325433805348,1,-0.1803664921465968,0.14790575916230367,-2.78119765071548,0.06485209424083772
INTC,2026-06-25,2026-07-15,-7516.3623499999985,-0.2177771416302869,20,False,2.8924163694966696,0.03400126445907769,1.0,61.342368505969674,27.66598890841889,1,-0.290059400271953,0.018750447291204498,-3.5593220338983045,0.0814928791240249
AMAT,2026-06-17,2026-07-16,-2172.125719999996,-0.0497818661435962,29,False,2.0777506606570975,0.1657101059428211,1.0,75.56913619956399,28.460932716201025,1,-0.10874564577767247,0.24941661875612972,-1.7165681601525247,0.0633506133353947
MRVL,2026-05-22,2026-07-17,-2307.941099999998,-0.0639286998510299,56,False,1.9058496109290792,0.1439442556866711,1.0,66.85242518059854,44.1991316205095,1,-0.08588894025787229,0.6941490727898496,-1.3031956352299294,0.06590640571223098
TER,2026-06-29,2026-07-17,-10021.54028,-0.3057781814053809,18,False,1.8915066280495734,0.10533097032947489,1.0,63.23599808520822,17.5010596574643,1,-0.3263480531274833,0.1073220569871723,-3.9582997305218446,0.08244652384736388
AMD,2026-06-25,2026-07-20,-2043.702524999996,-0.0495192396080377,25,False,1.950767592933317,0.03674089743668006,0.99,51.36752386234274,24.848887687150864,1,-0.15391686430239182,0.07500965197727662,-2.193223663417784,0.07017837116645792
COHR,2026-06-29,2026-07-20,-6194.98598,-0.2385612725378213,21,False,1.5590383483932593,0.11402189133726723,0.96,48.18775593082676,16.10852887170303,1,-0.32695807008982153,0.053721460886080985,-3.106723280955089,0.10524209609981934
FTNT,2026-07-14,2026-07-23,-1249.8923850000049,-0.0219492993229413,9,False,1.4120612734383284,0.13805210974895651,1.0,66.50306748466261,50.97712389775126,1,-0.04947252401196673,0.0729019052117776,-1.1229782154276016,0.04405474953325684
CRWD,2026-07-17,2026-07-27,-2422.0613400000007,-0.0623502994011976,10,False,1.2116402167108895,0.14746623056754116,1.0,66.94285366150848,39.14899399163314,1,-0.10429141716566868,0.04540918163672652,-1.80439072520967,0.05779868833761049
PANW,2026-07-07,2026-07-28,-6326.494860000002,-0.1177091727568288,21,False,1.5954846162844407,0.16307435675073303,1.0,71.03533937014183,51.36441669790777,1,-0.1426348403590185,0.024814516353127536,-3.3778832364165687,0.042226101489029805
DELL,2026-07-07,2026-07-30,-908.7385999999992,-0.0307235135611573,23,False,1.8941010072045834,0.040938869599850596,0.93,52.26280598994309,31.209925356933994,1,-0.09622478531315307,0.16527739303432484,-1.1952065598677288,0.08050891665437485
HUM,2026-07-16,2026-07-31,-7349.533510000004,-0.1244876807839073,15,False,1.2965203944303243,0.14563585130053103,1.0,55.786471067644676,60.56319375726953,1,-0.1618898101474537,0.010227069298534832,-4.285854657150085,0.0377730518409842
HPE,2026-07-27,2026-08-03,-444.2199300000015,-0.010233918128655,7,False,1.382185261537297,0.03366569967503248,0.76,61.338468945594606,16.410999084259274,1,-0.0979532163742691,0.053258145363408456,-1.696202531645571,0.05774853801169592
DVA,2026-07-20,2026-08-07,-17460.861660000002,-0.2304699065262445,18,False,1.3868958354909382,0.13578201967191122,0.84,67.76023680315737,39.25447619845999,1,-0.2531193164995982,0.04677917353973693,-8.810693599067859,0.028728648165267864
WDC,2026-07-24,2026-08-07,-3691.1533500000014,-0.150521055857931,14,False,2.7331170502005593,0.02580077380229403,0.75,41.928075285682276,20.0715454601001,1,-0.24332658406553612,0.07705310868797931,-2.7681741335587513,0.08790147307413665
TRV,2026-07-30,2026-08-14,-3116.2254,-0.04156383945967,15,False,1.3609338261102617,0.1388405074784999,1.0,67.62740981103262,42.732428619390596,1,-0.04725288998571243,0.0017664631770359966,-1.6172996316524815,0.02921715250589133
FTNT,2026-08-07,2026-08-26,-3817.498139999996,-0.0819016453049722,19,False,1.3939501397388465,0.0906908589483565,1.0,49.077396207073264,33.940482946822094,1,-0.10159682453110316,0.013180013938126886,-2.286886284138628,0.04442583141792304
PANW,2026-08-14,2026-08-26,-9451.542315,-0.1671161407399939,12,False,1.9658752550402103,0.03792373566662903,0.72,78.78579413535127,33.64098427380974,1,-0.17330376045972373,0.0013763988305273314,-4.651661742662558,0.03725631184019125
HPE,2026-08-05,2026-08-31,698.4855300000024,0.0210140736456526,26,True,1.6020721227937067,0.03046182284926978,0.795,71.20336311087758,16.107685612773746,1,-0.05533063427800265,0.21997300944669373,-0.9957868649318453,0.05556473601586385
NTAP,2026-07-31,2026-09-01,1500.1677600000023,0.0319186915679318,32,True,1.0523858981644985,0.04215496011769147,0.72,62.97879921610545,28.274462600132026,1,-0.029163040810406812,0.16618693799227974,-0.7005205666414326,0.04163052763779049
MRVL,2026-08-10,2026-09-03,-2719.141680000002,-0.1028230232251833,24,False,1.0864995745507722,0.033449142990984004,0.65,50.2269288956127,19.766640563083772,0,-0.11919919216753745,0.11779426614567319,-1.5252362190032163,0.07815129924297064
STX,2026-07-23,2026-09-08,-784.0695000000006,-0.0269060773480663,47,False,2.2532200888553904,0.03874826845799034,0.79,58.63858816550498,20.93712843366893,1,-0.2276353591160221,0.12043093922651935,-2.885467603644437,0.07889028413575373
MU,2026-08-26,2026-09-09,2774.4777449999974,0.0789260483505087,14,True,2.518130969640903,0.11824774780385294,0.29,57.5914764241519,11.118480424899595,1,-0.020362088707412473,0.1260181044353707,-0.3682802290175518,0.05528966016376089
CRL,2026-08-31,2026-09-09,-1658.3000500000007,-0.0257773425203735,9,False,1.2472477813993197,0.14621870653513952,0.79,55.87792012057274,48.98852218223758,1,-0.03815886118009172,0.034486376831870016,-1.164358760324596,0.03277242588826654
MRNA,2026-08-20,2026-09-16,-703.8543999999994,-0.0325029972026108,27,False,1.2075684367146062,0.08044271733768946,1.0,73.00973150427951,25.203241009899113,1,-0.1433994938057811,0.07479685626748381,-1.4792719363336888,0.09693923766389466
STT,2026-07-15,2026-09-17,180.4351250000022,0.004036518299786,64,True,1.7308526054651239,0.045715593342702976,0.91,79.32996207332486,27.817162360865236,1,-0.04911548776853682,0.061577222116869446,-1.9470367944081917,0.025225762507208108
